type,id,eqn,val,std
Net flux,CO2.t,CO2.t -> CO2,63.3819357304845,1.51911772853519
Net flux,CO2_sink,dummy -> Sink,63.3819357304845,1.51911772853519
Net flux,RUBICSO_CO2,RUBP.p + CO2 -> 3PGA.p + 3PGA.p + dummy,64.6889271096797,1.53736545540592
Net flux,GAPDH.p net,3PGA.p <-> TP.p,132.189815433853,3.10055040829336
Exch flux,GAPDH.p exch,3PGA.p <-> TP.p,8022.85516748183,19.1863365676473
Net flux,ALD,TP.p + E4P.p -> SBP,22.3735025696361,0.513707734259485
Net flux,SBP,SBP -> S7P.p,22.3735025696361,0.513707734259485
Net flux,FBA.p net,TP.p + TP.p <-> FBP.p,29.1953671394476,0.802202146927065
Exch flux,FBA.p exch,TP.p + TP.p <-> FBP.p,21648.9688755176,33.2927971451574
Net flux,PFK.p net,FBP.p <-> F6P.p,29.1953671394508,0.802202146927065
Exch flux,PFK.p exch,FBP.p <-> F6P.p,1.00012499615332e-07,5.14520824619805e-16
Net flux,TK1 net,TP.p + EC2 <-> X5P.p,44.7470051392722,1.02741546851897
Exch flux,TK1 exch,TP.p + EC2 <-> X5P.p,1757.72601775574,79.6938013273672
Net flux,TK2 net,S7P.p <-> R5P.p + EC2,22.3735025696361,0.513707734259485
Exch flux,TK2 exch,S7P.p <-> R5P.p + EC2,37.8470879850242,60.0493024358538
Net flux,TK3 net,F6P.p <-> E4P.p + EC2,22.3735025696369,0.513707734259485
Exch flux,TK3 exch,F6P.p <-> E4P.p + EC2,10111.8045180875,60.8500861406684
Net flux,PPE net,X5P.p <-> RU5P.p,44.747005139272,1.02741546851897
Exch flux,PPE exch,X5P.p <-> RU5P.p,1897.4049222335,70.1825956068574
Net flux,PPI net,R5P.p <-> RU5P.p,22.3735025696362,0.513707734259485
Exch flux,PPI exch,R5P.p <-> RU5P.p,243.223534899224,82.1982830629744
Net flux,PRK,RU5P.p -> RUBP.p,67.1205077089084,1.54112320277847
Net flux,RUBISCO_O2,RUBP.p -> 3PGA.p + 2PG.p,2.43158059922877,0.0849561939578481
Net flux,GLYdil net,GLY.p <-> GLY.x + dummyGLY,0.0170136658538169,0.00175444336139103
Exch flux,GLYdil exch,GLY.p <-> GLY.x + dummyGLY,1.0000000116861e-07,0
Net flux,SERdil net,SER.p <-> SER.x + dummySER,0.0581758275871991,0.00599906098687747
Exch flux,SERdil exch,SER.p <-> SER.x + dummySER,1.00004015735067e-07,3.64674585019615e-14
Net flux,GK,GA.p -> 3PGA.p,1.09238333034725,0.21802730884609
Net flux,PGI.p net,F6P.p <-> G6P.p,6.82186456981319,0.429321474278284
Exch flux,PGI.p exch,F6P.p <-> G6P.p,2.38254721780808,33.4432359437001
Net flux,PGM.p,G6P.p -> ADPG.p,6.8218645698132,0.429321474278284
Net flux,Starch,ADPG.p -> Starch,6.82186456981318,0.429321474278284
Net flux,FBA.c net,TP.c + TP.c <-> FBP.c,3.33928672302137,0.344346096445686
Exch flux,FBA.c exch,TP.c + TP.c <-> FBP.c,19.4641267020634,91.2101333284377
Net flux,PFK.c net,FBP.c <-> F6P.c,3.33928672302139,0.344346096445686
Exch flux,PFK.c exch,FBP.c <-> F6P.c,4.15270490810185,49.2382220118885
Net flux,PGI.c net,F6P.c <-> G6P.c,1.66964336151074,0.172173048222843
Exch flux,PGI.c exch,F6P.c <-> G6P.c,222.742039276356,78.6454735061712
Net flux,PGM.c net,G6P.c <-> UDPG.c,1.66964336150704,0.172173048222843
Exch flux,PGM.c exch,G6P.c <-> UDPG.c,48480.6227322129,65.2878554176858
Net flux,SPS,F6P.c + UDPG.c -> S6P,1.66964336151065,0.172173048222843
Net flux,PGAM.c net,3PGA.c <-> PEP.c,0.7120027150825,0.0734214746841673
Exch flux,PGAM.c exch,3PGA.c <-> PEP.c,9.99983276184224e-08,2.85771287924532e-15
Net flux,PK.c,PEP.c -> PYR.c,0.323192865487649,0.0333275369445079
Net flux,PDH,PYR.c + dummy -> ACA + CO2,0.268979545539383,0.0277370780687073
Net flux,CS,OAA + ACA -> CIT,0.268979545539379,0.0277370780687073
Net flux,ACO net,CIT <-> ICI,0.268979545539423,0.0277370780687073
Exch flux,ACO exch,CIT <-> ICI,1196.91590203488,86.0468404478491
Net flux,IDH,ICI + dummy -> AKG + CO2,0.268979545539396,0.0277370780687073
Net flux,MDH net,MAL <-> OAA,7.105427357601e-15,0
Exch flux,MDH exch,MAL <-> OAA,6.73349621322927e-05,1.18485887903646
Net flux,PPC,PEP.c + CO2 -> OAA + dummy,0.388809849595282,0.0400939377396685
Net flux,T_3PGA net,3PGA.p <-> 3PGA.c,0.712002715082477,0.0734214746841673
Exch flux,T_3PGA exch,3PGA.p <-> 3PGA.c,1.0000000116861e-07,0
Net flux,T_DHAP net,TP.p <-> TP.c,6.67857344604279,0.688692192891371
Exch flux,T_DHAP exch,TP.p <-> TP.c,1.09254261861056,6.80107199720803
Net flux,ALT,PYR.c -> ALA.c,0.05421331994829,0.00559045887579719
Net flux,ASPT,OAA -> ASP,0.119830304055656,0.0123568596709536
Net flux,GLUDH,AKG -> GLU,0.268979545539373,0.0277370780687073
Net flux,PCR net,GLU <-> PRO,-2.48689957516035e-14,0
Exch flux,PCR exch,GLU <-> PRO,1.0000000116861e-07,0
Net flux,GS net,GLU <-> GLN,0,0
Exch flux,GS exch,GLU <-> GLN,1.000425413622e-07,0
Net flux,TS net,ASP <-> THR,0,0
Exch flux,TS exch,ASP <-> THR,0.0584228835900262,46.1636561141689
Net flux,AS net,ASP <-> ASN,1.06581410364015e-14,0
Exch flux,AS exch,ASP <-> ASN,0.0408989183759871,46.1623148473709
Net flux,G_3PGA.p,0*3PGA.p -> 3PGA,2.46866312636485e-06,109.177363177311
Net flux,G_3PGA.c,0*3PGA.c -> 3PGA,92.911908139051,78.886902147838
Net flux,G_DHAP.p,0*TP.p -> TP,40.6853798422419,111.011985147538
Net flux,G_DHAP.c,0*TP.c -> TP,51.8471856996948,83.3472769411316
Net flux,G_F6P.p,0*F6P.p -> F6P,48.6686345030748,113.480197694087
Net flux,G_F6P.c,0*F6P.c -> F6P,36.546576817712,82.2579299391421
Net flux,G_FBP.p,0*FBP.p -> FBP,2.46866143527313e-06,112.235730708285
Net flux,G_FBP.c,0*FBP.c -> FBP,83.4512310493018,81.2195329415229
Net flux,G_G6P.p,0*G6P.p -> G6P,19.0549768397257,102.964297604798
Net flux,G_G6P.c,0*G6P.c -> G6P,58.8549499993083,72.1216998327027
Net flux,G_RU5P.p,0*RU5P.p -> P5P,2.46865385733486e-06,115.336701613877
Net flux,G_X5P.p,0*X5P.p -> P5P,92.8477691489523,80.4204778983131
Net flux,G_R5P.p,0*R5P.p -> R5P,82.2810779884949,78.9790468703857
Net flux,G_GA.p,0*GA.p -> GA,33.1958892217461,4.63335686554255
Net flux,G_SER.p,0*SER.p -> SER,83.7198272197517,114.061459305627
Net flux,G_GLY.p,0*GLY.p -> GLY,9.99999940631824e-08,3.28937994604568e-14
Net flux,G_RUBP.p,0*RUBP.p -> RUBP,92.5302752673063,79.6830151066652
Net flux,G_S7P.p,0*S7P.p -> S7P,98.4567310636212,78.1839343658532
Net flux,G_2PG.p,0*2PG.p -> 2PG,87.0427532706349,77.1394576902684
Net flux,G_ADPG.p,0*ADPG.p -> ADPG,95.0805622183481,79.1223073015064
Net flux,G_PEP.c,0*PEP.c -> PEP,89.2305410445615,85.0417455114665
Net flux,G_UDPG.c,0*UDPG.c -> UDPG,72.4268033045549,84.9742011829705
Net flux,G_ALA.c,0*ALA.c -> ALA,67.6100990160035,5.22094030087737
Net flux,(1-G)_GA,0*GA.x -> GA,66.8041107782559,4.63335686554255
Net flux,(1-G)_SER,0*SER.x -> SER,16.2801500665442,6.1918269164488
Net flux,(1-G)_GLY,0*GLY.x -> GLY,53.089404195658,7.58593349339731
Net flux,(1-G)_R5P,0*R5P.x -> R5P,17.718922011502,78.9790468703857
Net flux,(1-G)_RUBP,0*RUBP.x -> RUBP,7.46972473269241,79.6830151066652
Net flux,(1-G)_3PGA,0*3PGA.x -> 3PGA,7.0880893922861,74.4935084546133
Net flux,(1-G)_TP,0*TP.x -> TP,7.46743445806384,74.835447510167
Net flux,(1-G)_F6P,0*F6P.x -> F6P,14.7847886792169,80.6293147054263
Net flux,(1-G)_FBP,0*FBP.x -> FBP,16.5487664820316,77.7210089102714
Net flux,(1-G)_G6P,0*G6P.x -> G6P,22.0900731609643,74.0291922304475
Net flux,(1-G)_RU5P,0*RU5P.x -> P5P,7.15222838239526,80.2953139295975
Net flux,(1-G)_S7P,0*S7P.x -> S7P,1.5432689363768,78.1839343658532
Net flux,(1-G)_2PG,0*2PG.x -> 2PG,12.9572467293675,77.1394576902684
Net flux,(1-G)_ADPG,0*ADPG.x -> ADPG,4.91943778165087,79.1223073015064
Net flux,(1-G)_PEP,0*PEP.x -> PEP,10.7694589554367,85.0417455114665
Net flux,(1-G)_UDPG,0*UDPG.x -> UDPG,27.5731966954463,84.9742011829705
Net flux,(1-G)_ALA,0*ALA.x -> ALA,32.3899009839962,5.22094030087737
Net flux,PGASink,3PGA -> Sink,100,0
Net flux,DHAPSink,TP -> Sink,100.000000000001,0
Net flux,F6PSink,F6P -> Sink,100.000000000004,0
Net flux,FBPSink,FBP -> Sink,99.9999999999948,0
Net flux,G6PSink,G6P -> Sink,99.9999999999983,0
Net flux,P5PSink,P5P -> Sink,100.000000000001,0
Net flux,R5PSink,R5P -> Sink,99.9999999999968,0
Net flux,GASink,GA -> Sink,100.000000000002,0
Net flux,SERSink,SER -> Sink,99.9999999999996,0
Net flux,GLYSink,GLY -> Sink,100.000000000001,0
Net flux,RUBPSink,RUBP -> Sink,99.9999999999987,0
Net flux,S7PSink,S7P -> Sink,99.9999999999979,0
Net flux,2PGSink,2PG -> Sink,100.000000000002,0
Net flux,ADPGSink,ADPG -> Sink,99.9999999999989,0
Net flux,PEPSink,PEP -> Sink,99.9999999999983,0
Net flux,UDPGSink,UDPG -> Sink,100.000000000001,0
Net flux,ALASink,ALA -> Sink,99.9999999999998,0
Net flux,S6Pout-LL,S6P + 0.1611*GLU + 0.07177*ASP + 0.03247*ALA.c + 0.01019*dummyGLY + 0.03484*dummySER -> Sink,1.66964336151069,0.172173048222843
Net flux,PGP.p,2PG.p -> Glyc.p,2.43158059922878,0.0849561939578481
Net flux,GOX,Glyc.p -> Glyx.p,2.4315805992288,0.0849561939578481
Net flux,GGT,Glyx.p -> GLY.p,2.43158059922879,0.0849561939578481
Net flux,SGAT,SER.p -> HPA.p,1.09238333034724,0.21802730884609
Net flux,HPR.p,HPA.p -> GA.p,1.09238333034723,0.21802730884609
Net flux,T_GLY-m net,GLY.p <-> GLY.m,0.730489663277694,80.3022842280402
Exch flux,T_GLY-m exch,GLY.p <-> GLY.m,25011.5925585189,79.9469992379358
Net flux,GDC.m,GLY.m + dummy -> myTHF.m + CO2,1.15784213771134,0.221572317443374
Net flux,T_SER-m net,SER.p <-> SER.m,-1.15784213771133,0.221572317443374
Exch flux,T_SER-m exch,SER.p <-> SER.m,591.413219028327,80.6588650850388
Net flux,mSHMT,GLY.m + myTHF.m -> SER.m,1.15784213771134,0.221572317443374
Net flux,T_SER-c net,SER.p <-> SER.c,0.00728297977689074,0.152667795622749
Exch flux,T_SER-c exch,SER.p <-> SER.c,0.0155793905244463,0.0782005159028381
Net flux,T_Gly-c net,GLY.p <-> GLY.c,1.68407727009503,80.3023073040116
Exch flux,T_Gly-c exch,GLY.p <-> GLY.c,0.0293948949075649,80.2993775206206
Net flux,cSHMT,SER.c -> GLY.c + meTHF.c,0.00728287977689057,79.1478826696227
Net flux,FmTHF-reductase net,meTHF.c <-> FmTHF.c,0.00728287977689135,79.1478826696227
Exch flux,FmTHF-reductase exch,meTHF.c <-> FmTHF.c,8.55254164892102,113.609103399975
Net flux,Met-synthase,FmTHF.c + Hcy.c -> Met.c,0.00728287977687092,79.1478826696227
Net flux,SAM-synthase,Met.c -> SAM.c,0.00728287977688025,79.1478826696227
Net flux,Methylation,SAM.c -> SAH.c + Acceptor.c,0.00728287977687536,79.1478826696227
Net flux,hydrolysis,SAH.c -> Hcy.c,0.00728287977686759,79.1478826696227
Net flux,G_SER.m,0*SER.m -> SER,2.09906118548986e-05,79.3726713404909
Net flux,G_SER.c,0*SER.c -> SER,1.723091784811e-06,77.8323078109679
Net flux,G_Gly.m,0*GLY.m -> GLY,1.0000000116861e-07,6.59511576068168e-15
Net flux,G_Gly.c,0*GLY.c -> GLY,46.9105956043432,7.5859334933973
Net flux,T_GLY-c-m,GLY.c -> GLY.m,1.58519461214275,80.3004266374309
Net flux,G_Glyc,0*Glyc.p -> Glyc,10.3144267281594,2.0210530519033
Net flux,G_Glyx,0*Glyx.p -> Glyx,3.76690951535429,1.83143602574738
Net flux,G_HPA,0*HPA.p -> HPA,7.26433524821958,2.06225336336774
Net flux,(1-G)_Glyc,0*Glyc.x -> Glyc,89.6855732718412,2.0210530519033
Net flux,(1-G)_Glyx,0*Glyx.x -> Glyx,96.2330904846466,1.83143602574738
Net flux,(1-G)_HPA,0*HPA.x -> HPA,92.7356647517803,2.06225336336774
Net flux,GlycSink,Glyc -> Sink,100.000000000001,0
Net flux,GlyxSink,Glyx -> Sink,100.000000000001,0
Net flux,HPASink,HPA -> Sink,99.9999999999998,0
Net flux,SERex,dummySER -> outSER,9.99957188163592e-08,4.278800427438e-14
Net flux,G_PYR,0*PYR.c -> PYR,40.9171475917601,3.18213343594252
Net flux,(1-G)_PYR,0*PYR.x -> PYR,59.0828524082401,3.18213343594252
Net flux,PYRSink,PYR -> Sink,100,0
Net flux,G_meTHF,0*meTHF.c -> meTHF,99.9999998999999,0
Net flux,G_FmTHF,0*FmTHF.c -> FmTHF,73.8987376250821,9.21106151890841
Net flux,G_Met,0*Met.c -> Met,64.5612017850457,6.35484507269262
Net flux,G_SAM,0*SAM.c -> SAM,56.4410014846322,5.91230433165673
Net flux,(1-G)_meTHF,0*meTHF.x -> meTHF,1.0000000116861e-07,0
Net flux,(1-G)_FmTHF,0*FmTHF.x -> FmTHF,26.101262374918,9.21106151890841
Net flux,(1-G)_Met,0*Met.x -> Met,35.4387982149543,6.35484507269262
Net flux,(1-G)_SAM,0*SAM.x -> SAM,43.5589985153678,5.91230433165673
Net flux,meTHFSink,meTHF -> Sink,99.9999999999999,0
Net flux,FmTHFSink,FmTHF -> Sink,100,0
Net flux,MetSink,Met -> Sink,100,0
Net flux,SAMsink,SAM -> Sink,100,0
Net flux,Met-protein,Met.c -> Protein,6.51983996113883e-15,0
Net flux,GLY-protein,GLY.c -> Protein,0.106165537729191,79.1490891026442
Net flux,SER-protein,SER.c -> Protein,1.0000000116861e-07,79.1480299091775
Pool,2PG pool,,0,0
Pool,2PG.p pool,,2.41981108179839e-06,82.6480438309697
Pool,2PG.x pool,,1,Inf
Pool,3PGA pool,,0,0
Pool,3PGA.c pool,,0.00306417427906545,0.0184013554094895
Pool,3PGA.p pool,,3.96728292290896e-06,80.1735741701387
Pool,3PGA.x pool,,1,Inf
Pool,ACA pool,,2.50055686727767e-06,77.8329644890968
Pool,ADPG pool,,0,0
Pool,ADPG.p pool,,9.9999999999999e-08,Inf
Pool,ADPG.x pool,,1,Inf
Pool,AKG pool,,1.99077686623424e-06,82.9902547333028
Pool,ALA pool,,0,0
Pool,ALA.c pool,,0.00731949894643495,0.00294935406401247
Pool,ALA.x pool,,1,Inf
Pool,ASN pool,,7552.81976515833,84.9491461293223
Pool,ASP pool,,0.00660758721198462,0.00641999244755991
Pool,Acceptor.c pool,,1,Inf
Pool,CIT pool,,6.94022318735399,3.52951823317885
Pool,CO2 pool,,8.52952350073862e-05,83.2797542572852
Pool,CO2.t pool,,1,Inf
Pool,E4P.p pool,,0,0
Pool,EC2 pool,,0,0
Pool,F6P pool,,0,0
Pool,F6P.c pool,,3.82975336901904e-06,81.7651481832134
Pool,F6P.p pool,,3.66929466081431e-06,81.9304372295121
Pool,F6P.x pool,,1,Inf
Pool,FBP pool,,0,0
Pool,FBP.c pool,,3.82093728554722e-06,83.3144446424414
Pool,FBP.p pool,,3.6641339491332e-06,79.00606337805
Pool,FBP.x pool,,1,Inf
Pool,FmTHF pool,,6.18661921261967,3.44062299730244
Pool,FmTHF.c pool,,1e-07,0
Pool,FmTHF.x pool,,1,Inf
Pool,G6P pool,,0,0
Pool,G6P.c pool,,9.87569754771838e-06,78.9892699896033
Pool,G6P.p pool,,3.76460550351302e-06,83.7933950983034
Pool,G6P.x pool,,1,Inf
Pool,GA pool,,0,0
Pool,GA.p pool,,2.16999868064981e-06,88.0657257834401
Pool,GA.x pool,,1,Inf
Pool,GLN pool,,8.83867754980029,81.6400669509388
Pool,GLU pool,,1.99078532675254e-06,83.840368344322
Pool,GLY pool,,0,0
Pool,GLY.c pool,,0.401569729936148,0.128121407775073
Pool,GLY.m pool,,1.00000000002876e-07,0
Pool,GLY.p pool,,2.13866447578713e-05,78.0031931209237
Pool,GLY.x pool,,1,Inf
Pool,Glyc pool,,10.8700758668439,5.17357950288616
Pool,Glyc.p pool,,4.69803170338055e-06,81.1644996827166
Pool,Glyc.x pool,,1,Inf
Pool,Glyx pool,,15.0382763895815,18.3491243700496
Pool,Glyx.p pool,,5.64442106878594e-06,85.1872028868762
Pool,Glyx.x pool,,1,Inf
Pool,HPA pool,,0.000182383955804915,85.8678676152325
Pool,HPA.p pool,,1.90282538352943e-06,77.1435730418015
Pool,HPA.x pool,,1,Inf
Pool,Hcy.c pool,,1,Inf
Pool,ICI pool,,0.00373620233741511,75.9204954261423
Pool,MAL pool,,0.000448120826321917,7.88465101056574
Pool,Met pool,,0.000505596466048442,79.468185210177
Pool,Met.c pool,,1e-07,0
Pool,Met.x pool,,1,Inf
Pool,OAA pool,,0.151535456931519,0.05969979048587
Pool,P5P pool,,0,0
Pool,PEP pool,,0,0
Pool,PEP.c pool,,0.00360076646017296,0.0212782141390395
Pool,PEP.x pool,,1,Inf
Pool,PRO pool,,5.39499638362788,84.1953242054723
Pool,PYR pool,,1e-07,0
Pool,PYR.c pool,,0.0263567685386488,0.0115760162999332
Pool,PYR.x pool,,1,Inf
Pool,Protein pool,,1,Inf
Pool,R5P pool,,0,0
Pool,R5P.p pool,,2.34311926071286e-05,76.453429393725
Pool,R5P.x pool,,1,Inf
Pool,RU5P.p pool,,3.66117498883994e-06,81.8279729980393
Pool,RU5P.x pool,,1,Inf
Pool,RUBP pool,,0,0
Pool,RUBP.p pool,,3.66708334733632e-06,82.6043836620262
Pool,RUBP.x pool,,1,Inf
Pool,S6P pool,,1,Inf
Pool,S7P pool,,0,0
Pool,S7P.p pool,,3.75741929483493e-06,82.8794182005514
Pool,S7P.x pool,,1,Inf
Pool,SAH.c pool,,1,Inf
Pool,SAM pool,,0.00045411714990016,80.5339940815935
Pool,SAM.c pool,,1.01864924768892e-07,87.1134832083199
Pool,SAM.x pool,,1,Inf
Pool,SBP pool,,0,0
Pool,SER pool,,0,0
Pool,SER.c pool,,1.00000000002876e-07,0
Pool,SER.m pool,,0.403333392041673,0.0936890515880496
Pool,SER.p pool,,0.000626339858279271,82.2457913792169
Pool,SER.x pool,,1,Inf
Pool,Sink pool,,1,Inf
Pool,Starch pool,,1,Inf
Pool,THR pool,,2557.60532035229,84.4003516166908
Pool,TP pool,,0,0
Pool,TP.c pool,,4.17932592871351e-06,84.8632245023504
Pool,TP.p pool,,4.09854776738863e-06,80.6071908535152
Pool,TP.x pool,,1,Inf
Pool,UDPG pool,,0,0
Pool,UDPG.c pool,,4.92397079238541,80.8770725042344
Pool,UDPG.x pool,,1,Inf
Pool,X5P.p pool,,3.7643965765107e-06,81.4603244314062
Pool,dummy pool,,1,Inf
Pool,dummyGLY pool,,1,Inf
Pool,dummySER pool,,1,Inf
Pool,meTHF pool,,1.00000000002876e-07,0
Pool,meTHF.c pool,,1e-07,0
Pool,meTHF.x pool,,1,Inf
Pool,myTHF.m pool,,3.89612099410433e-06,78.7655287435537
Pool,outSER pool,,1,Inf
Norm,Experiment2 Glyc205 #1 norm,,0.944619120493756,0.0368890318978772
Norm,Experiment2 Glyc205 #2 norm,,0.989688246876609,0.0155111977513207
Norm,Experiment2 Glyc205 #3 norm,,0.976208619624653,0.0220523069621659
Norm,Experiment2 Glyc205 #4 norm,,0.986286804816564,0.0213391123051571
Norm,Experiment2 Glyc205 #5 norm,,1.0145479329384,0.0244160019448591
Norm,Experiment2 Glyc205 #6 norm,,0.979883938136172,0.0254060860559108
Norm,Experiment2 Glyc205 #7 norm,,0.998125692477182,0.035178945953503
Norm,Experiment2 Glyc205 #8 norm,,0.94531708234975,0.111621766954749
Norm,Experiment2 Glyx160 #1 norm,,0.99997231241723,0.0114853985132379
Norm,Experiment2 Glyx160 #2 norm,,0.979977272132742,0.0116551895599019
Norm,Experiment2 Glyx160 #3 norm,,1.00007550448776,0.0133131401755712
Norm,Experiment2 Glyx160 #4 norm,,1.0005004554829,0.0183999770530865
Norm,Experiment2 Glyx160 #5 norm,,0.997601906181605,0.017372445631677
Norm,Experiment2 Glyx160 #6 norm,,0.996219332522733,0.0212568275963992
Norm,Experiment2 Glyx160 #7 norm,,1.00287534176474,0.031138801753568
Norm,Experiment2 Glyx160 #8 norm,,0.903215028701102,0.118210064709653
Norm,Experiment2 GLY276 #1 norm,,0.989058611902504,0.0105389421112958
Norm,Experiment2 GLY276 #2 norm,,0.956428046947375,0.0200401051607062
Norm,Experiment2 GLY276 #3 norm,,0.999029616898174,0.01729857679897
Norm,Experiment2 GLY276 #4 norm,,1.00605553084611,0.0165718811816379
Norm,Experiment2 GLY276 #5 norm,,1.02169277597482,0.0349519712777529
Norm,Experiment2 GLY276 #6 norm,,1.00923040012425,0.0809740154884204
Norm,Experiment2 GLY276 #7 norm,,0.982404036024186,0.112846842424153
Norm,Experiment2 GLY276 #8 norm,,0.977247980621036,0.220502760318194
Norm,Experiment2 HPA262 #1 norm,,0.98601680972447,0.0196055320871269
Norm,Experiment2 HPA262 #2 norm,,1.01369573640384,0.025265413665474
Norm,Experiment2 HPA262 #3 norm,,0.982593414364989,0.0239308146725603
Norm,Experiment2 HPA262 #4 norm,,0.933009178764362,0.0286509454857708
Norm,Experiment2 HPA262 #5 norm,,1.05786008632285,0.0234223956876517
Norm,Experiment2 HPA262 #6 norm,,0.973701221079204,0.028554595067734
Norm,Experiment2 HPA262 #7 norm,,0.999898723488828,0.0244841616161937
Norm,Experiment2 HPA262 #8 norm,,1.0269024601157,0.0421998794777436
Norm,Experiment2 GA307 #1 norm,,1.00913589569911,0.010890501508866
Norm,Experiment2 GA307 #2 norm,,0.928301683733716,0.0290337924227542
Norm,Experiment2 GA307 #3 norm,,0.916559356784121,0.022368018779581
Norm,Experiment2 GA307 #4 norm,,0.970499836803526,0.0263221544826869
Norm,Experiment2 GA307 #5 norm,,0.971014450017619,0.069638853246085
Norm,Experiment2 GA307 #6 norm,,0.854679302692184,0.0881023694651068
Norm,Experiment2 GA307 #7 norm,,0.901802028251395,0.0649329053651716
Norm,Experiment2 GA307 #8 norm,,0.878813733801425,0.132789684091246
Norm,Experiment2 SER306 #1 norm,,1.02227536374798,0.0131646107457797
Norm,Experiment2 SER306 #2 norm,,0.990423682223133,0.0353295667733518
Norm,Experiment2 SER306 #3 norm,,0.979323258174086,0.0196996786779716
Norm,Experiment2 SER306 #4 norm,,1.02361962787495,0.0264452187736951
Norm,Experiment2 SER306 #5 norm,,0.98113215962178,0.0516990900394276
Norm,Experiment2 SER306 #6 norm,,1.01890278228351,0.105128418589453
Norm,Experiment2 SER306 #7 norm,,1.01513484610796,0.0987377718612904
Norm,Experiment2 SER306 #8 norm,,1.03268576320114,0.134155493973358
Norm,Experiment2 meTHF #1 norm,,1.00585825285208,0.0100923064167469
Norm,Experiment2 meTHF #2 norm,,1.00397392836206,0.014059528897797
Norm,Experiment2 meTHF #3 norm,,0.971326440805267,0.0278076268541188
Norm,Experiment2 meTHF #4 norm,,0.989889454375469,0.0243676579651276
Norm,Experiment2 meTHF #5 norm,,1.00815158934349,0.0873242652734279
Norm,Experiment2 meTHF #6 norm,,1.0542761154842,0.144271982973641
Norm,Experiment2 meTHF #7 norm,,0.953965151665112,0.223121748047884
Norm,Experiment2 meTHF #8 norm,,1.08435873991618,0.0811732677839398
Norm,Experiment2 FmTHF #1 norm,,0.995681034647912,0.00989452450412773
Norm,Experiment2 FmTHF #2 norm,,0.987845456991709,0.0118294374943297
Norm,Experiment2 FmTHF #3 norm,,1.02224251109477,0.0104044242214389
Norm,Experiment2 FmTHF #4 norm,,1.01215056209504,0.0224194980594946
Norm,Experiment2 FmTHF #5 norm,,0.939709999669773,0.0368625209533126
Norm,Experiment2 FmTHF #6 norm,,1.04501903443923,0.0765646123165763
Norm,Experiment2 FmTHF #7 norm,,1.00166344667203,0.104904272630165
Norm,Experiment2 FmTHF #8 norm,,1.00045062707742,0.0724819079797837
Norm,Experiment2 Met176 #1 norm,,1.00656830379284,0.0234889920494899
Norm,Experiment2 Met176 #2 norm,,0.922147106694993,0.0350237126113363
Norm,Experiment2 Met176 #3 norm,,0.914065006555046,0.0328883558414712
Norm,Experiment2 Met176 #4 norm,,0.895574820407884,0.0744189203014556
Norm,Experiment2 Met176 #5 norm,,0.958237118407722,0.0682850153299598
Norm,Experiment2 Met176 #6 norm,,1.01730034546478,0.03455825468043
Norm,Experiment2 Met176 #7 norm,,1.00922019980427,0.0643433291590223
Norm,Experiment2 Met176 #8 norm,,1.02641525552,0.207675890891576
Norm,Experiment2 SAM #1 norm,,0.977139290422093,0.0140790155158473
Norm,Experiment2 SAM #2 norm,,0.97770352706725,0.02221600840989
Norm,Experiment2 SAM #3 norm,,0.92134757298227,0.033612367380298
Norm,Experiment2 SAM #4 norm,,0.948750895947051,0.0429274272165448
Norm,Experiment2 SAM #5 norm,,0.997988163575549,0.0232437362330682
Norm,Experiment2 SAM #6 norm,,1.00705827896347,0.0589905240313513
Norm,Experiment2 SAM #7 norm,,0.992178800045902,0.0779156059409887
Norm,Experiment2 SAM #8 norm,,1.00258346201494,0.0763319708064589
Norm,Experiment2 CIT465 #1 norm,,0.992656925627694,0.0127663910842456
Norm,Experiment2 CIT465 #2 norm,,1.0049706509505,0.0106231551464005
Norm,Experiment2 CIT465 #3 norm,,1.01048833026925,0.0133189974071997
Norm,Experiment2 CIT465 #4 norm,,0.99838071968233,0.013025721899359
Norm,Experiment2 CIT465 #5 norm,,0.951617192545964,0.0148862347110623
Norm,Experiment2 CIT465 #6 norm,,0.985383228704712,0.0112598926670175
Norm,Experiment2 CIT465 #7 norm,,1.03056763537299,0.0158573575415982
Norm,Experiment2 CIT465 #8 norm,,1.00239886240425,0.0224681734849038
Norm,Experiment2 MAL335 #1 norm,,0.975136854305044,0.0113596186299239
Norm,Experiment2 MAL335 #2 norm,,0.968453780350233,0.0133536931577458
Norm,Experiment2 MAL335 #3 norm,,0.996877899536964,0.0131597074515216
Norm,Experiment2 MAL335 #4 norm,,0.95696724418633,0.0114535584553478
Norm,Experiment2 MAL335 #5 norm,,0.952186596824594,0.0144630944032568
Norm,Experiment2 MAL335 #6 norm,,1.00850977228673,0.0152922122242247
Norm,Experiment2 MAL335 #7 norm,,0.98342407752852,0.0246371530080688
Norm,Experiment2 MAL335 #8 norm,,1.01223889842368,0.0479444606977976
Norm,Experiment2 ASP334 #1 norm,,0.973236668064083,0.0153788908446159
Norm,Experiment2 ASP334 #2 norm,,0.951308108964345,0.0222031435358349
Norm,Experiment2 ASP334 #3 norm,,0.948036859223288,0.0179812591340846
Norm,Experiment2 ASP334 #4 norm,,0.973495771778916,0.0226891974470362
Norm,Experiment2 ASP334 #5 norm,,1.0207882524027,0.0247092222323283
Norm,Experiment2 ASP334 #6 norm,,0.922623902892816,0.0552018000692907
Norm,Experiment2 ASP334 #7 norm,,1.01059394676184,0.0616723429718973
Norm,Experiment2 ASP334 #8 norm,,1.00187039643125,0.0814077111722252
Norm,Experiment2 GLU348 #1 norm,,0.990294928775701,0.0115153411671625
Norm,Experiment2 GLU348 #2 norm,,1.01260068406745,0.0125772343568404
Norm,Experiment2 GLU348 #3 norm,,0.993867523637363,0.0119171320286238
Norm,Experiment2 GLU348 #4 norm,,1.02738236628161,0.0162002470259034
Norm,Experiment2 GLU348 #5 norm,,0.965432199575589,0.0299441486877616
Norm,Experiment2 GLU348 #6 norm,,0.926334163510587,0.0142190401148089
Norm,Experiment2 GLU348 #7 norm,,0.946408358860361,0.0221987452704385
Norm,Experiment2 GLU348 #8 norm,,0.904313903963244,0.054025766055359
Norm,Experiment2 THR320 #1 norm,,1.00311419011854,0.0102066538634287
Norm,Experiment2 THR320 #2 norm,,1.00901478715714,0.0117493490878522
Norm,Experiment2 THR320 #3 norm,,0.988454505372148,0.010191715099604
Norm,Experiment2 THR320 #4 norm,,1.01542715560762,0.0111048855905404
Norm,Experiment2 THR320 #5 norm,,1.02895200294816,0.0219343264781142
Norm,Experiment2 THR320 #6 norm,,0.997225301795618,0.0107325921527806
Norm,Experiment2 THR320 #7 norm,,0.982119001319934,0.0141395006174619
Norm,Experiment2 THR320 #8 norm,,0.913781535219548,0.0359923387513774
Norm,Experiment2 ALA116 #1 norm,,1.02011184159975,0.0101754024531907
Norm,Experiment2 ALA116 #2 norm,,1.01959093009398,0.0101787003071299
Norm,Experiment2 ALA116 #3 norm,,1.01384754042195,0.0108138298447563
Norm,Experiment2 ALA116 #4 norm,,0.984913058647667,0.024854744532851
Norm,Experiment2 ALA116 #5 norm,,1.07899330038671,0.115794811179272
Norm,Experiment2 ALA116 #6 norm,,1.01050506489839,0.0706631876950042
Norm,Experiment2 ALA116 #7 norm,,0.985195468921537,0.0760655093682721
Norm,Experiment2 ALA116 #8 norm,,1.01590883460476,0.197468661394669
Norm,Experiment2 PYR #1 norm,,0.973630424832344,0.0122444664630545
Norm,Experiment2 PYR #2 norm,,0.949914827005772,0.0537525409776899
Norm,Experiment2 PYR #3 norm,,0.876320183802139,0.0547324889147311
Norm,Experiment2 PYR #4 norm,,1.02645323523103,0.0633272099115813
Norm,Experiment2 PYR #5 norm,,1.03506525993065,0.12075989769762
Norm,Experiment2 PYR #6 norm,,0.983518835256711,0.157992311510913
Norm,Experiment2 PYR #7 norm,,1.00740205686353,0.076330242570716
Norm,Experiment2 PYR #8 norm,,0.964605551102106,0.121390892477405
