type,id,eqn,val,std
Net flux,CO2.t,CO2.t -> CO2,64.0287345857017,1.52176838765139
Net flux,CO2_sink,dummy -> Sink,64.0287345857016,1.52176838765139
Net flux,RUBICSO_CO2,RUBP.p + CO2 -> 3PGA.p + 3PGA.p + dummy,66.3039237023329,1.53010799496455
Net flux,GAPDH.p net,3PGA.p <-> TP.p,134.346719947833,3.03929693231877
Exch flux,GAPDH.p exch,3PGA.p <-> TP.p,72546.6092692963,1454.98380349125
Net flux,ALD,TP.p + E4P.p -> SBP,22.8782877204252,0.511499226356139
Net flux,SBP,SBP -> S7P.p,22.8782877204252,0.511499226356139
Net flux,FBA.p net,TP.p + TP.p <-> FBP.p,29.4654974364748,0.786218364008217
Exch flux,FBA.p exch,TP.p + TP.p <-> FBP.p,22275.4329904738,2147.93103789437
Net flux,PFK.p net,FBP.p <-> F6P.p,29.465497436478,0.786218364008217
Exch flux,PFK.p exch,FBP.p <-> F6P.p,1.0000287886669e-07,1.33826190291568e-13
Net flux,TK1 net,TP.p + EC2 <-> X5P.p,45.7565754408504,1.02299845271228
Exch flux,TK1 exch,TP.p + EC2 <-> X5P.p,1.0000000116861e-07,0
Net flux,TK2 net,S7P.p <-> R5P.p + EC2,22.8782877204252,0.511499226356139
Exch flux,TK2 exch,S7P.p <-> R5P.p + EC2,38.1214066016691,2692.86755669248
Net flux,TK3 net,F6P.p <-> E4P.p + EC2,22.8782877204267,0.511499226356139
Exch flux,TK3 exch,F6P.p <-> E4P.p + EC2,10940.761620565,5296.70079989258
Net flux,PPE net,X5P.p <-> RU5P.p,45.7565754408504,1.02299845271228
Exch flux,PPE exch,X5P.p <-> RU5P.p,78.2109549409479,5359.22553732272
Net flux,PPI net,R5P.p <-> RU5P.p,22.8782877204252,0.511499226356139
Exch flux,PPI exch,R5P.p <-> RU5P.p,241.5217309844,2873.04887991689
Net flux,PRK,RU5P.p -> RUBP.p,68.6348631612758,1.5344976790797
Net flux,RUBISCO_O2,RUBP.p -> 3PGA.p + 2PG.p,2.33093945894283,0.0848561320872686
Net flux,GLYdil net,GLY.p <-> GLY.x + dummyGLY,0.0172742457249413,0.00175205333806027
Exch flux,GLYdil exch,GLY.p <-> GLY.x + dummyGLY,1.0000000116861e-07,0
Net flux,SERdil net,SER.p <-> SER.x + dummySER,0.0590668421158824,0.00599088865502203
Exch flux,SERdil exch,SER.p <-> SER.x + dummySER,9.99947360469378e-08,2.4970968892201e-12
Net flux,GK,GA.p -> 3PGA.p,0.130840772828783,0.18679171334507
Net flux,PGI.p net,F6P.p <-> G6P.p,6.58720971605246,0.422381703737718
Exch flux,PGI.p exch,F6P.p <-> G6P.p,1.00006360526095e-07,4.19684247403973e-13
Net flux,PGM.p,G6P.p -> ADPG.p,6.58720971605247,0.422381703737718
Net flux,Starch,ADPG.p -> Starch,6.58720971605245,0.422381703737718
Net flux,FBA.c net,TP.c + TP.c <-> FBP.c,3.39043095680246,0.343877004552584
Exch flux,FBA.c exch,TP.c + TP.c <-> FBP.c,21.2817987171809,4248.06793658972
Net flux,PFK.c net,FBP.c <-> F6P.c,3.39043095680248,0.343877004552584
Exch flux,PFK.c exch,FBP.c <-> F6P.c,8.82850481173156,15.2599849609264
Net flux,PGI.c net,F6P.c <-> G6P.c,1.69521547840125,0.171938502276292
Exch flux,PGI.c exch,F6P.c <-> G6P.c,227.832105661005,5187.78931657835
Net flux,PGM.c net,G6P.c <-> UDPG.c,1.69521547839395,0.171938502276292
Exch flux,PGM.c exch,G6P.c <-> UDPG.c,48481.806850503,3022.22652072552
Net flux,SPS,F6P.c + UDPG.c -> S6P,1.6952154784012,0.171938502276292
Net flux,PGAM.c net,3PGA.c <-> PEP.c,0.722907688609022,0.0733214548897697
Exch flux,PGAM.c exch,3PGA.c <-> PEP.c,9.99993152728251e-08,4888.81500230586
Net flux,PK.c,PEP.c -> PYR.c,0.328142860153925,0.0332821358940395
Net flux,PDH,PYR.c + dummy -> ACA + CO2,0.273099213570009,0.0276992927103583
Net flux,CS,OAA + ACA -> CIT,0.273099213570005,0.0276992927103583
Net flux,ACO net,CIT <-> ICI,0.273099213570049,0.0276992927103583
Exch flux,ACO exch,CIT <-> ICI,1970.26719386154,4866.4790555449
Net flux,IDH,ICI + dummy -> AKG + CO2,0.273099213570021,0.0276992927103583
Net flux,MDH net,MAL <-> OAA,7.105427357601e-15,0
Exch flux,MDH exch,MAL <-> OAA,0.128068725035781,0.0955047864015564
Net flux,PPC,PEP.c + CO2 -> OAA + dummy,0.394764828455073,0.0400393190197699
Net flux,T_3PGA net,3PGA.p <-> 3PGA.c,0.722907688608998,0.0733214548897697
Exch flux,T_3PGA exch,3PGA.p <-> 3PGA.c,1.0000000116861e-07,0
Net flux,T_DHAP net,TP.p <-> TP.c,6.78086191360497,0.687754009105169
Exch flux,T_DHAP exch,TP.p <-> TP.c,2.84121089243472,1.31015033486185
Net flux,ALT,PYR.c -> ALA.c,0.0550436465837133,0.0055828431704942
Net flux,ASPT,OAA -> ASP,0.121665614884821,0.0123400263125836
Net flux,GLUDH,AKG -> GLU,0.273099213569998,0.0276992927103583
Net flux,PCR net,GLU <-> PRO,-2.48689957516035e-14,0
Exch flux,PCR exch,GLU <-> PRO,1.0000000116861e-07,0
Net flux,GS net,GLU <-> GLN,0,0
Exch flux,GS exch,GLU <-> GLN,1.00042335304806e-07,0
Net flux,TS net,ASP <-> THR,0,0
Exch flux,TS exch,ASP <-> THR,1.0000000116861e-07,0
Net flux,AS net,ASP <-> ASN,1.06581410364015e-14,0
Exch flux,AS exch,ASP <-> ASN,1.0000000116861e-07,0
Net flux,G_3PGA.p,0*3PGA.p -> 3PGA,2.46866313347027e-06,7616.43677899147
Net flux,G_3PGA.c,0*3PGA.c -> 3PGA,92.9119081394547,5646.08480428491
Net flux,G_DHAP.p,0*TP.p -> TP,40.6853798422419,7277.66342018844
Net flux,G_DHAP.c,0*TP.c -> TP,51.8471856996948,4942.08331081695
Net flux,G_F6P.p,0*F6P.p -> F6P,48.6686345030749,7416.4573559754
Net flux,G_F6P.c,0*F6P.c -> F6P,36.546576817712,5422.61338324005
Net flux,G_FBP.p,0*FBP.p -> FBP,2.46866144948399e-06,7104.43823109858
Net flux,G_FBP.c,0*FBP.c -> FBP,83.4512310511277,4816.8659480435
Net flux,G_G6P.p,0*G6P.p -> G6P,19.0549768397257,7919.03579334317
Net flux,G_G6P.c,0*G6P.c -> G6P,58.8549499993083,5777.72515199888
Net flux,G_RU5P.p,0*RU5P.p -> P5P,2.46865385733486e-06,7678.29634964701
Net flux,G_X5P.p,0*X5P.p -> P5P,92.8477691489449,5057.18524096341
Net flux,G_R5P.p,0*R5P.p -> R5P,82.2810779884949,5531.53506832318
Net flux,G_GA.p,0*GA.p -> GA,23.3477629873699,3.46263510042126
Net flux,G_SER.p,0*SER.p -> SER,68.4275105874686,4.43837111153222
Net flux,G_GLY.p,0*GLY.p -> GLY,0.812559208188887,4981.65912156883
Net flux,G_RUBP.p,0*RUBP.p -> RUBP,92.5302752673063,5553.70966651015
Net flux,G_S7P.p,0*S7P.p -> S7P,98.4567310636212,4865.79314591181
Net flux,G_2PG.p,0*2PG.p -> 2PG,87.0427532706349,4797.33328675854
Net flux,G_ADPG.p,0*ADPG.p -> ADPG,95.0805622183481,5262.65336462211
Net flux,G_PEP.c,0*PEP.c -> PEP,89.2305410445615,4908.44197412073
Net flux,G_UDPG.c,0*UDPG.c -> UDPG,72.4268033045549,5323.11772366948
Net flux,G_ALA.c,0*ALA.c -> ALA,57.2567603919688,4.15351855443813
Net flux,(1-G)_GA,0*GA.x -> GA,76.652237012632,3.46263510042126
Net flux,(1-G)_SER,0*SER.x -> SER,31.5724892125309,4.43837111153222
Net flux,(1-G)_GLY,0*GLY.x -> GLY,54.6517685437014,6.07439220575595
Net flux,(1-G)_R5P,0*R5P.x -> R5P,17.718922011502,5531.53506832318
Net flux,(1-G)_RUBP,0*RUBP.x -> RUBP,7.46972473269241,5553.70966651015
Net flux,(1-G)_3PGA,0*3PGA.x -> 3PGA,7.08808939188247,5115.85751492605
Net flux,(1-G)_TP,0*TP.x -> TP,7.46743445806384,5412.47035334106
Net flux,(1-G)_F6P,0*F6P.x -> F6P,14.7847886792169,5194.87620856724
Net flux,(1-G)_FBP,0*FBP.x -> FBP,16.5487664802056,5512.71398967744
Net flux,(1-G)_G6P,0*G6P.x -> G6P,22.0900731609643,5241.36461797733
Net flux,(1-G)_RU5P,0*RU5P.x -> P5P,7.15222838240266,5579.31004113312
Net flux,(1-G)_S7P,0*S7P.x -> S7P,1.5432689363768,4865.79314591181
Net flux,(1-G)_2PG,0*2PG.x -> 2PG,12.9572467293675,4797.33328675854
Net flux,(1-G)_ADPG,0*ADPG.x -> ADPG,4.91943778165087,5262.65336462211
Net flux,(1-G)_PEP,0*PEP.x -> PEP,10.7694589554367,4908.44197412073
Net flux,(1-G)_UDPG,0*UDPG.x -> UDPG,27.5731966954463,5323.11772366948
Net flux,(1-G)_ALA,0*ALA.x -> ALA,42.743239608031,4.15351855443813
Net flux,PGASink,3PGA -> Sink,100,0
Net flux,DHAPSink,TP -> Sink,100.000000000001,0
Net flux,F6PSink,F6P -> Sink,100.000000000004,0
Net flux,FBPSink,FBP -> Sink,99.9999999999948,0
Net flux,G6PSink,G6P -> Sink,99.9999999999983,0
Net flux,P5PSink,P5P -> Sink,100.000000000001,0
Net flux,R5PSink,R5P -> Sink,99.9999999999968,0
Net flux,GASink,GA -> Sink,100.000000000002,0
Net flux,SERSink,SER -> Sink,99.9999999999996,0
Net flux,GLYSink,GLY -> Sink,100.000000000001,0
Net flux,RUBPSink,RUBP -> Sink,99.9999999999987,0
Net flux,S7PSink,S7P -> Sink,99.9999999999979,0
Net flux,2PGSink,2PG -> Sink,100.000000000002,0
Net flux,ADPGSink,ADPG -> Sink,99.9999999999989,0
Net flux,PEPSink,PEP -> Sink,99.9999999999983,0
Net flux,UDPGSink,UDPG -> Sink,100.000000000001,0
Net flux,ALASink,ALA -> Sink,99.9999999999998,0
Net flux,S6Pout-LL,S6P + 0.1611*GLU + 0.07177*ASP + 0.03247*ALA.c + 0.01019*dummyGLY + 0.03484*dummySER -> Sink,1.69521547840123,0.171938502276292
Net flux,PGP.p,2PG.p -> Glyc.p,2.33093945894285,0.0848561320872686
Net flux,GOX,Glyc.p -> Glyx.p,2.33093945894286,0.0848561320872686
Net flux,GGT,Glyx.p -> GLY.p,2.33093945894285,0.0848561320872686
Net flux,SGAT,SER.p -> HPA.p,0.130840772828772,0.18679171334507
Net flux,HPR.p,HPA.p -> GA.p,0.130840772828766,0.18679171334507
Net flux,T_GLY-m net,GLY.p <-> GLY.m,2.31371595223209,5169.06683179856
Exch flux,T_GLY-m exch,GLY.p <-> GLY.m,15641.2624256048,5147.58325814939
Net flux,GDC.m,GLY.m + dummy -> myTHF.m + CO2,2.12375551794601,0.197667197186426
Net flux,T_SER-m net,SER.p <-> SER.m,-2.12375551794594,0.197667197186426
Exch flux,T_SER-m exch,SER.p <-> SER.m,2019.53926483376,5292.23023662194
Net flux,mSHMT,GLY.m + myTHF.m -> SER.m,2.12375551794601,0.197667197186426
Net flux,T_SER-c net,SER.p <-> SER.c,1.93384790300135,0.375165312620775
Exch flux,T_SER-c exch,SER.p <-> SER.c,1.0000000649768e-07,4.50286533344313e-13
Net flux,T_Gly-c net,GLY.p <-> GLY.c,-5.07390130000118e-05,5169.0668311016
Exch flux,T_Gly-c exch,GLY.p <-> GLY.c,9.99999998363421e-08,0
Net flux,cSHMT,SER.c -> GLY.c + meTHF.c,1.93384780300136,0.375165312736307
Net flux,FmTHF-reductase net,meTHF.c <-> FmTHF.c,1.93384780300136,0.375165312736307
Exch flux,FmTHF-reductase exch,meTHF.c <-> FmTHF.c,7.34051572717486,4609.00027519867
Net flux,Met-synthase,FmTHF.c + Hcy.c -> Met.c,1.93384780300134,0.375165312736307
Net flux,SAM-synthase,Met.c -> SAM.c,1.93384780300134,0.375165312736307
Net flux,Methylation,SAM.c -> SAH.c + Acceptor.c,1.93384780300134,0.375165312736307
Net flux,hydrolysis,SAH.c -> Hcy.c,1.93384780300133,0.375165312736307
Net flux,G_SER.m,0*SER.m -> SER,1.0000000116861e-07,0
Net flux,G_SER.c,0*SER.c -> SER,1.0000000116861e-07,0
Net flux,G_Gly.m,0*GLY.m -> GLY,5.89566971314071e-05,4981.65858645157
Net flux,G_Gly.c,0*GLY.c -> GLY,44.5356132914138,7.53564206715416
Net flux,T_GLY-c-m,GLY.c -> GLY.m,1.93379508366114,5169.06684472016
Net flux,G_Glyc,0*Glyc.p -> Glyc,14.0268853322185,3.7012087887169
Net flux,G_Glyx,0*Glyx.p -> Glyx,99.7862623284805,4852.18770830484
Net flux,G_HPA,0*HPA.p -> HPA,6.22300998501593,1.71765849793601
Net flux,(1-G)_Glyc,0*Glyc.x -> Glyc,85.9731146677821,3.7012087887169
Net flux,(1-G)_Glyx,0*Glyx.x -> Glyx,0.213737671520384,4852.18770830484
Net flux,(1-G)_HPA,0*HPA.x -> HPA,93.776990014984,1.71765849793601
Net flux,GlycSink,Glyc -> Sink,100.000000000001,0
Net flux,GlyxSink,Glyx -> Sink,100.000000000001,0
Net flux,HPASink,HPA -> Sink,99.9999999999998,0
Net flux,SERex,dummySER -> outSER,9.99937177503796e-08,2.12334871997524e-12
Net flux,G_PYR,0*PYR.c -> PYR,38.1232997654795,3.02703612601788
Net flux,(1-G)_PYR,0*PYR.x -> PYR,61.8767002345208,3.02703612601788
Net flux,PYRSink,PYR -> Sink,100,0
Net flux,G_meTHF,0*meTHF.c -> meTHF,99.9999998999999,0
Net flux,G_FmTHF,0*FmTHF.c -> FmTHF,76.5102637581498,5.52365280723927
Net flux,G_Met,0*Met.c -> Met,54.4019646873012,4.11996288063311
Net flux,G_SAM,0*SAM.c -> SAM,54.3505205514251,4.27906165849091
Net flux,(1-G)_meTHF,0*meTHF.x -> meTHF,1.0000000116861e-07,0
Net flux,(1-G)_FmTHF,0*FmTHF.x -> FmTHF,23.4897362418503,5.52365280723927
Net flux,(1-G)_Met,0*Met.x -> Met,45.5980353126989,4.11996288063311
Net flux,(1-G)_SAM,0*SAM.x -> SAM,45.6494794485749,4.27906165849091
Net flux,meTHFSink,meTHF -> Sink,99.9999999999999,0
Net flux,FmTHFSink,FmTHF -> Sink,100,0
Net flux,MetSink,Met -> Sink,100,0
Net flux,SAMsink,SAM -> Sink,100,0
Net flux,Met-protein,Met.c -> Protein,6.51983996113883e-15,0
Net flux,GLY-protein,GLY.c -> Protein,1.98032724085806e-06,1.32438987821748e-13
Net flux,SER-protein,SER.c -> Protein,9.99999967277176e-08,2.10131762212002e-13
Pool,2PG pool,,0,0
Pool,2PG.p pool,,2.9154113335808e-07,5313.80099043001
Pool,2PG.x pool,,1,Inf
Pool,3PGA pool,,0,0
Pool,3PGA.c pool,,9.99999999994061e-08,0
Pool,3PGA.p pool,,1.70869237212688e-06,4845.96182803836
Pool,3PGA.x pool,,1,Inf
Pool,ACA pool,,5.8998974717345e-07,5064.36902745301
Pool,ADPG pool,,0,0
Pool,ADPG.p pool,,9.9999999999999e-08,Inf
Pool,ADPG.x pool,,1,Inf
Pool,AKG pool,,6.27947795939183e-07,5035.34960714396
Pool,ALA pool,,0,0
Pool,ALA.c pool,,0.00582891517145079,0.0019810722359586
Pool,ALA.x pool,,1,Inf
Pool,ASN pool,,7566.06819374116,4952.15233696738
Pool,ASP pool,,0.000768585311295314,4954.79718627088
Pool,Acceptor.c pool,,1,Inf
Pool,CIT pool,,4.19112304682958,1.16121544520745
Pool,CO2 pool,,8.77413417583464e-06,5171.90929863776
Pool,CO2.t pool,,1,Inf
Pool,E4P.p pool,,0,0
Pool,EC2 pool,,0,0
Pool,F6P pool,,0,0
Pool,F6P.c pool,,3.83348376392687e-06,5061.57177188858
Pool,F6P.p pool,,9.17166297453634e-07,5004.03247508358
Pool,F6P.x pool,,1,Inf
Pool,FBP pool,,0,0
Pool,FBP.c pool,,3.49548046197349e-06,4983.16720275754
Pool,FBP.p pool,,9.94040394995295e-07,5170.78740539943
Pool,FBP.x pool,,1,Inf
Pool,FmTHF pool,,10.31984147169,3.98005329273206
Pool,FmTHF.c pool,,5.71549333410361e-07,5330.68897730229
Pool,FmTHF.x pool,,1,Inf
Pool,G6P pool,,0,0
Pool,G6P.c pool,,9.87632000296035e-06,5074.04111481083
Pool,G6P.p pool,,3.87012010701811e-06,4919.62444066619
Pool,G6P.x pool,,1,Inf
Pool,GA pool,,0,0
Pool,GA.p pool,,1e-07,0
Pool,GA.x pool,,1,Inf
Pool,GLN pool,,8.83867754874852,5081.45650008368
Pool,GLU pool,,6.27957112108767e-07,4969.23343711853
Pool,GLY pool,,0,0
Pool,GLY.c pool,,1.00203550496746e-07,5083.90467656131
Pool,GLY.m pool,,9.99999999999482e-08,0
Pool,GLY.p pool,,1.0000000000003e-07,0
Pool,GLY.x pool,,1,Inf
Pool,Glyc pool,,21.5031063454609,11.4082282536196
Pool,Glyc.p pool,,2.82926298096111e-07,5114.6466067551
Pool,Glyc.x pool,,1,Inf
Pool,Glyx pool,,739.867538277426,201.773131584837
Pool,Glyx.p pool,,2.97561356295141e-07,4843.59730916384
Pool,Glyx.x pool,,1,Inf
Pool,HPA pool,,0.00018846551853396,4893.67983764549
Pool,HPA.p pool,,1e-07,0
Pool,HPA.x pool,,1,Inf
Pool,Hcy.c pool,,1,Inf
Pool,ICI pool,,0.00246030933080454,5043.51469849541
Pool,MAL pool,,0.293463049661385,0.230213518110715
Pool,Met pool,,3.21975651419452e-05,4949.9710386467
Pool,Met.c pool,,3.89509876401393e-07,4985.40148285237
Pool,Met.x pool,,1,Inf
Pool,OAA pool,,0.392718196289037,0.0626964087024314
Pool,P5P pool,,0,0
Pool,PEP pool,,0,0
Pool,PEP.c pool,,0.0146271850000682,0.00620443541774133
Pool,PEP.x pool,,1,Inf
Pool,PRO pool,,5.39499638257699,4995.94069316128
Pool,PYR pool,,9.99999998363421e-08,0
Pool,PYR.c pool,,0.0214995575818259,0.00753171578199882
Pool,PYR.x pool,,1,Inf
Pool,Protein pool,,1,Inf
Pool,R5P pool,,0,0
Pool,R5P.p pool,,1.02268404083009e-06,5157.9606886263
Pool,R5P.x pool,,1,Inf
Pool,RU5P.p pool,,9.76517568456788e-07,5064.56023163357
Pool,RU5P.x pool,,1,Inf
Pool,RUBP pool,,0,0
Pool,RUBP.p pool,,9.69853070043275e-07,4974.05919262222
Pool,RUBP.x pool,,1,Inf
Pool,S6P pool,,1,Inf
Pool,S7P pool,,0,0
Pool,S7P.p pool,,6.94310045898462e-07,5032.89618923966
Pool,S7P.x pool,,1,Inf
Pool,SAH.c pool,,1,Inf
Pool,SAM pool,,7.22176873275927,3.11201726533553
Pool,SAM.c pool,,1.4347484929142e-06,5293.17071827651
Pool,SAM.x pool,,1,Inf
Pool,SBP pool,,0,0
Pool,SER pool,,0,0
Pool,SER.c pool,,1.00000000002876e-07,0
Pool,SER.m pool,,0.478289216318932,0.0452381707841478
Pool,SER.p pool,,0.000165881677020156,5428.18031446499
Pool,SER.x pool,,1,Inf
Pool,Sink pool,,1,Inf
Pool,Starch pool,,1,Inf
Pool,THR pool,,3889.74352499148,4908.61984900873
Pool,TP pool,,0,0
Pool,TP.c pool,,3.80099091928746e-06,5164.06425399134
Pool,TP.p pool,,1.71560269500917e-06,5148.3316594472
Pool,TP.x pool,,1,Inf
Pool,UDPG pool,,0,0
Pool,UDPG.c pool,,7.13245860849208,14.8093283587287
Pool,UDPG.x pool,,1,Inf
Pool,X5P.p pool,,9.88080746326753e-07,5357.54784802792
Pool,dummy pool,,1,Inf
Pool,dummyGLY pool,,1,Inf
Pool,dummySER pool,,1,Inf
Pool,meTHF pool,,1.35191628920599,0.874313121384065
Pool,meTHF.c pool,,5.86590700004172e-07,5291.14958350287
Pool,meTHF.x pool,,1,Inf
Pool,myTHF.m pool,,1.00000000002876e-07,0
Pool,outSER pool,,1,Inf
Norm,Experiment2 Glyc205 #1 norm,,1.03000472537013,0.0401221990156803
Norm,Experiment2 Glyc205 #2 norm,,0.975149145344075,0.0148226947817905
Norm,Experiment2 Glyc205 #3 norm,,0.99481372557325,0.0216898079904653
Norm,Experiment2 Glyc205 #4 norm,,0.995796785225047,0.0208893194383893
Norm,Experiment2 Glyc205 #5 norm,,1.00086219986547,0.0245099919481317
Norm,Experiment2 Glyc205 #6 norm,,0.983543145705912,0.0250890251180123
Norm,Experiment2 Glyc205 #7 norm,,1.00022851547421,0.0344819943396313
Norm,Experiment2 Glyc205 #8 norm,,0.934381437789574,0.126001070602731
Norm,Experiment2 Glyx160 #1 norm,,1.00948855143046,0.0116086125355931
Norm,Experiment2 Glyx160 #2 norm,,1.00565058098554,0.011732537557913
Norm,Experiment2 Glyx160 #3 norm,,0.997215120525926,0.012686568835866
Norm,Experiment2 Glyx160 #4 norm,,0.988919101865526,0.0163775471131165
Norm,Experiment2 Glyx160 #5 norm,,0.998130127332027,0.014233067016755
Norm,Experiment2 Glyx160 #6 norm,,0.978452199596566,0.0200253685991956
Norm,Experiment2 Glyx160 #7 norm,,1.01845478735539,0.03128210062952
Norm,Experiment2 Glyx160 #8 norm,,0.967358911700525,0.117803217679875
Norm,Experiment2 GLY276 #1 norm,,1.00832725691788,0.0106346273557691
Norm,Experiment2 GLY276 #2 norm,,0.964761486469068,0.0227258630328616
Norm,Experiment2 GLY276 #3 norm,,0.979577460593333,0.0189729794151309
Norm,Experiment2 GLY276 #4 norm,,1.04018424472104,0.0183670072689808
Norm,Experiment2 GLY276 #5 norm,,0.989586536439811,0.0371759011240122
Norm,Experiment2 GLY276 #6 norm,,1.00261969230896,0.0731324803304723
Norm,Experiment2 GLY276 #7 norm,,1.01073095870824,0.134400910882523
Norm,Experiment2 GLY276 #8 norm,,0.97569126771498,0.205822692282895
Norm,Experiment2 HPA262 #1 norm,,0.969119702828147,0.0201608865549214
Norm,Experiment2 HPA262 #2 norm,,1.00247688304092,0.0251155526420514
Norm,Experiment2 HPA262 #3 norm,,0.968662039865726,0.02424996212106
Norm,Experiment2 HPA262 #4 norm,,0.939812475926956,0.0293701843300889
Norm,Experiment2 HPA262 #5 norm,,0.962783022024409,0.0216648274825746
Norm,Experiment2 HPA262 #6 norm,,1.01107627702172,0.0296888950544062
Norm,Experiment2 HPA262 #7 norm,,0.962273178647856,0.023012103502449
Norm,Experiment2 HPA262 #8 norm,,0.996336692868815,0.0371011964659883
Norm,Experiment2 GA307 #1 norm,,0.988426118503463,0.0106360986069208
Norm,Experiment2 GA307 #2 norm,,0.927230485047325,0.0316352464306061
Norm,Experiment2 GA307 #3 norm,,0.896407074637266,0.0221435319605827
Norm,Experiment2 GA307 #4 norm,,1.00148836830489,0.028004792944961
Norm,Experiment2 GA307 #5 norm,,0.946725977751415,0.0829716276235222
Norm,Experiment2 GA307 #6 norm,,0.812868008784863,0.0914414322906778
Norm,Experiment2 GA307 #7 norm,,0.902731503783269,0.0704241078617119
Norm,Experiment2 GA307 #8 norm,,0.956306519272346,0.153548287078247
Norm,Experiment2 SER306 #1 norm,,0.988231430312855,0.0124549221074111
Norm,Experiment2 SER306 #2 norm,,0.949454325854628,0.0335976189035381
Norm,Experiment2 SER306 #3 norm,,0.98980601795486,0.0198697961944961
Norm,Experiment2 SER306 #4 norm,,1.0224579655251,0.0245690457620241
Norm,Experiment2 SER306 #5 norm,,1.01710248573009,0.0569663949069743
Norm,Experiment2 SER306 #6 norm,,0.964462606350283,0.108302191386713
Norm,Experiment2 SER306 #7 norm,,0.985216485183393,0.0958973252700382
Norm,Experiment2 SER306 #8 norm,,1.00183779947252,0.120404719802191
Norm,Experiment2 meTHF #1 norm,,0.990238610501075,0.00994859282552747
Norm,Experiment2 meTHF #2 norm,,1.00404312918184,0.0157978449487402
Norm,Experiment2 meTHF #3 norm,,0.985238227209418,0.0289630887705692
Norm,Experiment2 meTHF #4 norm,,0.990309410197649,0.0288742325650134
Norm,Experiment2 meTHF #5 norm,,1.03856211266097,0.0739728819462118
Norm,Experiment2 meTHF #6 norm,,1.09254151440595,0.191496652479404
Norm,Experiment2 meTHF #7 norm,,1.04988882887551,0.221524609035598
Norm,Experiment2 meTHF #8 norm,,1.00393208493199,0.0731011505739072
Norm,Experiment2 FmTHF #1 norm,,1.00789650635568,0.0101320923350728
Norm,Experiment2 FmTHF #2 norm,,1.00305194072572,0.0115417878779692
Norm,Experiment2 FmTHF #3 norm,,1.00550560986959,0.0101653012734532
Norm,Experiment2 FmTHF #4 norm,,1.04835846969426,0.022040223920818
Norm,Experiment2 FmTHF #5 norm,,0.93554441211722,0.0400083182801787
Norm,Experiment2 FmTHF #6 norm,,1.04650088923328,0.0771744248894747
Norm,Experiment2 FmTHF #7 norm,,0.976893481394174,0.10247619986972
Norm,Experiment2 FmTHF #8 norm,,0.988612773424591,0.0746059131598278
Norm,Experiment2 Met176 #1 norm,,0.954161842119101,0.0232446021362104
Norm,Experiment2 Met176 #2 norm,,0.891806307098797,0.0366005642239029
Norm,Experiment2 Met176 #3 norm,,0.968933407021228,0.03436601115199
Norm,Experiment2 Met176 #4 norm,,0.834167373894936,0.0809503696327681
Norm,Experiment2 Met176 #5 norm,,0.910783230571043,0.0567428211279109
Norm,Experiment2 Met176 #6 norm,,1.00775552155412,0.0331135827395724
Norm,Experiment2 Met176 #7 norm,,1.02467668083096,0.060143322661813
Norm,Experiment2 Met176 #8 norm,,0.985710423711647,0.141894237405611
Norm,Experiment2 SAM #1 norm,,0.98255072945724,0.0141163705466313
Norm,Experiment2 SAM #2 norm,,0.949554169732931,0.0208994638348834
Norm,Experiment2 SAM #3 norm,,0.925247426291883,0.0312095944770637
Norm,Experiment2 SAM #4 norm,,1.01561428964736,0.0500181581757876
Norm,Experiment2 SAM #5 norm,,1.01136142823935,0.0253191415333781
Norm,Experiment2 SAM #6 norm,,0.968683443172154,0.0513678604663313
Norm,Experiment2 SAM #7 norm,,1.01964674212093,0.0810516722483066
Norm,Experiment2 SAM #8 norm,,0.99891793275317,0.0673118126829233
Norm,Experiment2 CIT465 #1 norm,,1.00044683642037,0.0123127993420267
Norm,Experiment2 CIT465 #2 norm,,1.0063597821958,0.0105338537180299
Norm,Experiment2 CIT465 #3 norm,,0.958201974675085,0.01250172175916
Norm,Experiment2 CIT465 #4 norm,,0.949895575750285,0.0125033586082954
Norm,Experiment2 CIT465 #5 norm,,0.975352903736943,0.015503642741578
Norm,Experiment2 CIT465 #6 norm,,0.980977332970209,0.0113098443122663
Norm,Experiment2 CIT465 #7 norm,,0.975808799970995,0.01474993130593
Norm,Experiment2 CIT465 #8 norm,,1.05456985705989,0.0212355585030816
Norm,Experiment2 MAL335 #1 norm,,1.00658875041453,0.0120588053883794
Norm,Experiment2 MAL335 #2 norm,,1.01566752030513,0.0134916191557315
Norm,Experiment2 MAL335 #3 norm,,0.98233250457108,0.0126570069013831
Norm,Experiment2 MAL335 #4 norm,,0.990026678125664,0.0119385607379817
Norm,Experiment2 MAL335 #5 norm,,0.992729604685927,0.0149083359505042
Norm,Experiment2 MAL335 #6 norm,,0.982817262841016,0.0151774300265281
Norm,Experiment2 MAL335 #7 norm,,0.996066146536134,0.0206688462396369
Norm,Experiment2 MAL335 #8 norm,,0.981532057526973,0.0405182549901442
Norm,Experiment2 ASP334 #1 norm,,0.966489607874415,0.0153608763135703
Norm,Experiment2 ASP334 #2 norm,,1.05072104938024,0.0246663356065729
Norm,Experiment2 ASP334 #3 norm,,0.967388558656077,0.0172994984143872
Norm,Experiment2 ASP334 #4 norm,,0.989576696573392,0.0205967765725403
Norm,Experiment2 ASP334 #5 norm,,1.0179803470158,0.0246911375712924
Norm,Experiment2 ASP334 #6 norm,,0.982393439467785,0.0595748428415651
Norm,Experiment2 ASP334 #7 norm,,0.979115364273023,0.0638068504105861
Norm,Experiment2 ASP334 #8 norm,,0.974215346768444,0.0451823807844791
Norm,Experiment2 GLU348 #1 norm,,1.01938164984283,0.0119902788212164
Norm,Experiment2 GLU348 #2 norm,,0.992760415104622,0.0123788831821832
Norm,Experiment2 GLU348 #3 norm,,1.00864803456882,0.0119812249114919
Norm,Experiment2 GLU348 #4 norm,,0.967772078369747,0.0151605970181514
Norm,Experiment2 GLU348 #5 norm,,0.999389400498838,0.0314367921770437
Norm,Experiment2 GLU348 #6 norm,,0.973012663534549,0.0149612347207746
Norm,Experiment2 GLU348 #7 norm,,0.921968787778082,0.0213923951364539
Norm,Experiment2 GLU348 #8 norm,,0.901417947510531,0.0544373474487493
Norm,Experiment2 THR320 #1 norm,,1.01138485390015,0.0102938470192119
Norm,Experiment2 THR320 #2 norm,,0.983743824441027,0.0117390108750567
Norm,Experiment2 THR320 #3 norm,,1.01995696612837,0.0103305096723046
Norm,Experiment2 THR320 #4 norm,,0.963538234741074,0.0106189558044868
Norm,Experiment2 THR320 #5 norm,,0.982894705987997,0.0199709190211516
Norm,Experiment2 THR320 #6 norm,,1.03287682789822,0.0112861514074884
Norm,Experiment2 THR320 #7 norm,,0.960136461193868,0.0139047905838364
Norm,Experiment2 THR320 #8 norm,,0.929323266317618,0.0368631262165697
Norm,Experiment2 ALA116 #1 norm,,0.992037517238373,0.00983713506902337
Norm,Experiment2 ALA116 #2 norm,,1.01471370526143,0.0102091557107699
Norm,Experiment2 ALA116 #3 norm,,1.02662301230106,0.0109524840750258
Norm,Experiment2 ALA116 #4 norm,,1.00168630195211,0.0262883609603233
Norm,Experiment2 ALA116 #5 norm,,0.994617020669929,0.0751233842044611
Norm,Experiment2 ALA116 #6 norm,,0.998989775752994,0.0813256963457873
Norm,Experiment2 ALA116 #7 norm,,1.00714576445727,0.0744774110716913
Norm,Experiment2 ALA116 #8 norm,,0.990995598374774,0.187515325777686
Norm,Experiment2 PYR #1 norm,,0.976719601858176,0.0122476322599201
Norm,Experiment2 PYR #2 norm,,0.945807746623248,0.0511222122422391
Norm,Experiment2 PYR #3 norm,,0.955787850757268,0.0605625767449525
Norm,Experiment2 PYR #4 norm,,0.996526137787408,0.0509479538391515
Norm,Experiment2 PYR #5 norm,,1.04708746600513,0.117695560339016
Norm,Experiment2 PYR #6 norm,,1.0050541414314,0.138118436954945
Norm,Experiment2 PYR #7 norm,,1.02359814237018,0.0748253305721051
Norm,Experiment2 PYR #8 norm,,0.919477392205256,0.106949481868934
