type,id,eqn,val,std
Net flux,CO2.t,CO2.t -> CO2,64.2105090927386,1.51812613305325
Net flux,CO2_sink,dummy -> Sink,64.2105090927386,1.51812613305325
Net flux,RUBICSO_CO2,RUBP.p + CO2 -> 3PGA.p + 3PGA.p + dummy,65.9833125093991,1.52529993069309
Net flux,GAPDH.p net,3PGA.p <-> TP.p,133.720703928268,3.08844791197873
Exch flux,GAPDH.p exch,3PGA.p <-> TP.p,500.833555765919,404.287509467147
Net flux,ALD,TP.p + E4P.p -> SBP,22.755556884898,0.50983770916319
Net flux,SBP,SBP -> S7P.p,22.755556884898,0.50983770916319
Net flux,FBA.p net,TP.p + TP.p <-> FBP.p,30.1653932369627,0.802720702164565
Exch flux,FBA.p exch,TP.p + TP.p <-> FBP.p,22130.9087147316,1947.11901957789
Net flux,PFK.p net,FBP.p <-> F6P.p,30.1653932369658,0.802720702164565
Exch flux,PFK.p exch,FBP.p <-> F6P.p,1.00008719527978e-07,1.02579044109031e-12
Net flux,TK1 net,TP.p + EC2 <-> X5P.p,45.511113769796,1.01967541832638
Exch flux,TK1 exch,TP.p + EC2 <-> X5P.p,1.0000000116861e-07,0
Net flux,TK2 net,S7P.p <-> R5P.p + EC2,22.755556884898,0.50983770916319
Exch flux,TK2 exch,S7P.p <-> R5P.p + EC2,37.7964606300471,4959.27372529349
Net flux,TK3 net,F6P.p <-> E4P.p + EC2,22.7555568848975,0.50983770916319
Exch flux,TK3 exch,F6P.p <-> E4P.p + EC2,7972.74142885018,4945.57747316959
Net flux,PPE net,X5P.p <-> RU5P.p,45.5111137697959,1.01967541832638
Exch flux,PPE exch,X5P.p <-> RU5P.p,81.5027105715352,5012.68044820675
Net flux,PPI net,R5P.p <-> RU5P.p,22.7555568848981,0.50983770916319
Exch flux,PPI exch,R5P.p <-> RU5P.p,241.834989560938,4757.72785630853
Net flux,PRK,RU5P.p -> RUBP.p,68.2666706546941,1.52951312748649
Net flux,RUBISCO_O2,RUBP.p -> 3PGA.p + 2PG.p,2.28335814529501,0.0847973931716506
Net flux,GLYdil net,GLY.p <-> GLY.x + dummyGLY,0.0130514712220915,0.00173517749299833
Exch flux,GLYdil exch,GLY.p <-> GLY.x + dummyGLY,1.0000000116861e-07,0
Net flux,SERdil net,SER.p <-> SER.x + dummySER,0.550501866411267,0.562598865113807
Exch flux,SERdil exch,SER.p <-> SER.x + dummySER,1.00001173564124e-07,1.06258699042542e-12
Net flux,GK,GA.p -> 3PGA.p,0.016910105484214,0.479341166164042
Net flux,PGI.p net,F6P.p <-> G6P.p,7.40983635206678,0.434631402569353
Exch flux,PGI.p exch,F6P.p <-> G6P.p,0.0387315068846945,2938.45844021413
Net flux,PGM.p,G6P.p -> ADPG.p,7.40983635206679,0.434631402569353
Net flux,Starch,ADPG.p -> Starch,7.40983635206677,0.434631402569353
Net flux,FBA.c net,TP.c + TP.c <-> FBP.c,2.56162339982258,0.340564767803533
Exch flux,FBA.c exch,TP.c + TP.c <-> FBP.c,23.2482971491272,2527.15880907223
Net flux,PFK.c net,FBP.c <-> F6P.c,2.5616233998226,0.340564767803533
Exch flux,PFK.c exch,FBP.c <-> F6P.c,9.29668846569279,14.0715266965472
Net flux,PGI.c net,F6P.c <-> G6P.c,1.28081169991131,0.170282383901767
Exch flux,PGI.c exch,F6P.c <-> G6P.c,229.643917113487,5848.94215945662
Net flux,PGM.c net,G6P.c <-> UDPG.c,1.28081169990764,0.170282383901767
Exch flux,PGM.c exch,G6P.c <-> UDPG.c,48482.0501535041,4170.23303207268
Net flux,SPS,F6P.c + UDPG.c -> S6P,1.28081169991126,0.170282383901767
Net flux,PGAM.c net,3PGA.c <-> PEP.c,0.546189341309665,0.0726152197858155
Exch flux,PGAM.c exch,3PGA.c <-> PEP.c,0.0160871249344525,4212.66316344104
Net flux,PK.c,PEP.c -> PYR.c,0.247926720751743,0.0329615610697352
Net flux,PDH,PYR.c + dummy -> ACA + CO2,0.206338764855633,0.0274324920539026
Net flux,CS,OAA + ACA -> CIT,0.206338764855629,0.0274324920539026
Net flux,ACO net,CIT <-> ICI,0.206338764855673,0.0274324920539026
Exch flux,ACO exch,CIT <-> ICI,1225.73565936015,5114.66599628102
Net flux,IDH,ICI + dummy -> AKG + CO2,0.206338764855645,0.0274324920539026
Net flux,MDH net,MAL <-> OAA,7.105427357601e-15,0
Exch flux,MDH exch,MAL <-> OAA,0.152422802025356,0.0666665206004082
Net flux,PPC,PEP.c + CO2 -> OAA + dummy,0.298262620557899,0.0396536587489837
Net flux,T_3PGA net,3PGA.p <-> 3PGA.c,0.546189341309642,0.0726152197858155
Exch flux,T_3PGA exch,3PGA.p <-> 3PGA.c,1.0000000116861e-07,0
Net flux,T_DHAP net,TP.p <-> TP.c,5.12324679964521,0.681129535607067
Exch flux,T_DHAP exch,TP.p <-> TP.c,5.14538279946614,2.40433511699217
Net flux,ALT,PYR.c -> ALA.c,0.0415879558960778,0.00552906900689472
Net flux,ASPT,OAA -> ASP,0.0919238557025914,0.0122211666908585
Net flux,GLUDH,AKG -> GLU,0.206338764855622,0.0274324920539026
Net flux,PCR net,GLU <-> PRO,-2.48689957516035e-14,0
Exch flux,PCR exch,GLU <-> PRO,1.0000000116861e-07,0
Net flux,GS net,GLU <-> GLN,0,0
Exch flux,GS exch,GLU <-> GLN,1.00042768735875e-07,0
Net flux,TS net,ASP <-> THR,0,0
Exch flux,TS exch,ASP <-> THR,1.0000000116861e-07,0
Net flux,AS net,ASP <-> ASN,1.06581410364015e-14,0
Exch flux,AS exch,ASP <-> ASN,1.0000000116861e-07,0
Net flux,G_3PGA.p,0*3PGA.p -> 3PGA,2.46866312636485e-06,6553.35135315791
Net flux,G_3PGA.c,0*3PGA.c -> 3PGA,92.9119081397756,4787.83825284765
Net flux,G_DHAP.p,0*TP.p -> TP,40.6853798422419,7407.63383256107
Net flux,G_DHAP.c,0*TP.c -> TP,51.8471856996948,5227.83799976723
Net flux,G_F6P.p,0*F6P.p -> F6P,48.6686345030749,7293.92924544232
Net flux,G_F6P.c,0*F6P.c -> F6P,36.546576817712,5129.84524236261
Net flux,G_FBP.p,0*FBP.p -> FBP,2.46866146369484e-06,6980.50967845924
Net flux,G_FBP.c,0*FBP.c -> FBP,83.4512310511254,4747.40696362675
Net flux,G_G6P.p,0*G6P.p -> G6P,19.0549768397257,6767.06731697436
Net flux,G_G6P.c,0*G6P.c -> G6P,58.8549499993083,4894.17086086278
Net flux,G_RU5P.p,0*RU5P.p -> P5P,2.46865387154571e-06,6902.16820302458
Net flux,G_X5P.p,0*X5P.p -> P5P,92.8477691492419,5071.90032596261
Net flux,G_R5P.p,0*R5P.p -> R5P,82.2810779884949,5236.26088585064
Net flux,G_GA.p,0*GA.p -> GA,37.3066399339279,4.3292747139419
Net flux,G_SER.p,0*SER.p -> SER,86.1061985083856,7012.71620714157
Net flux,G_GLY.p,0*GLY.p -> GLY,9.99999940631824e-08,1.04044466004711e-13
Net flux,G_RUBP.p,0*RUBP.p -> RUBP,92.5302752673063,5185.53060502773
Net flux,G_S7P.p,0*S7P.p -> S7P,98.4567310636212,4902.00325651085
Net flux,G_2PG.p,0*2PG.p -> 2PG,87.0427532706349,4951.65007503059
Net flux,G_ADPG.p,0*ADPG.p -> ADPG,95.0805622183481,4925.33165285193
Net flux,G_PEP.c,0*PEP.c -> PEP,89.2305410445615,5054.84231006089
Net flux,G_UDPG.c,0*UDPG.c -> UDPG,72.4268033045549,4933.62726210333
Net flux,G_ALA.c,0*ALA.c -> ALA,77.0741682049627,8.99110483924704
Net flux,(1-G)_GA,0*GA.x -> GA,62.6933600660741,4.3292747139419
Net flux,(1-G)_SER,0*SER.x -> SER,13.8937883969266,5.27822111670275
Net flux,(1-G)_GLY,0*GLY.x -> GLY,54.0916404538382,5.36243098875962
Net flux,(1-G)_R5P,0*R5P.x -> R5P,17.718922011502,5236.26088585064
Net flux,(1-G)_RUBP,0*RUBP.x -> RUBP,7.46972473269241,5185.53060502773
Net flux,(1-G)_3PGA,0*3PGA.x -> 3PGA,7.0880893915615,4763.10022587358
Net flux,(1-G)_TP,0*TP.x -> TP,7.46743445806384,5199.90151970643
Net flux,(1-G)_F6P,0*F6P.x -> F6P,14.7847886792169,5028.85413382413
Net flux,(1-G)_FBP,0*FBP.x -> FBP,16.5487664802079,5203.68247371735
Net flux,(1-G)_G6P,0*G6P.x -> G6P,22.0900731609643,4804.06950967478
Net flux,(1-G)_RU5P,0*RU5P.x -> P5P,7.15222838210561,4896.81753657187
Net flux,(1-G)_S7P,0*S7P.x -> S7P,1.5432689363768,4902.00325651085
Net flux,(1-G)_2PG,0*2PG.x -> 2PG,12.9572467293675,4951.65007503059
Net flux,(1-G)_ADPG,0*ADPG.x -> ADPG,4.91943778165087,4925.33165285193
Net flux,(1-G)_PEP,0*PEP.x -> PEP,10.7694589554367,5054.84231006089
Net flux,(1-G)_UDPG,0*UDPG.x -> UDPG,27.5731966954463,4933.62726210333
Net flux,(1-G)_ALA,0*ALA.x -> ALA,22.9258317950371,8.99110483924704
Net flux,PGASink,3PGA -> Sink,100,0
Net flux,DHAPSink,TP -> Sink,100.000000000001,0
Net flux,F6PSink,F6P -> Sink,100.000000000004,0
Net flux,FBPSink,FBP -> Sink,99.9999999999948,0
Net flux,G6PSink,G6P -> Sink,99.9999999999983,0
Net flux,P5PSink,P5P -> Sink,100.000000000001,0
Net flux,R5PSink,R5P -> Sink,99.9999999999968,0
Net flux,GASink,GA -> Sink,100.000000000002,0
Net flux,SERSink,SER -> Sink,99.9999999999996,0
Net flux,GLYSink,GLY -> Sink,100.000000000001,0
Net flux,RUBPSink,RUBP -> Sink,99.9999999999987,0
Net flux,S7PSink,S7P -> Sink,99.9999999999979,0
Net flux,2PGSink,2PG -> Sink,100.000000000002,0
Net flux,ADPGSink,ADPG -> Sink,99.9999999999989,0
Net flux,PEPSink,PEP -> Sink,99.9999999999983,0
Net flux,UDPGSink,UDPG -> Sink,100.000000000001,0
Net flux,ALASink,ALA -> Sink,99.9999999999998,0
Net flux,S6Pout-LL,S6P + 0.1611*GLU + 0.07177*ASP + 0.03247*ALA.c + 0.01019*dummyGLY + 0.03484*dummySER -> Sink,1.28081169991129,0.170282383901767
Net flux,PGP.p,2PG.p -> Glyc.p,2.28335814529503,0.0847973931716506
Net flux,GOX,Glyc.p -> Glyx.p,2.28335814529504,0.0847973931716506
Net flux,GGT,Glyx.p -> GLY.p,2.28335814529503,0.0847973931716506
Net flux,SGAT,SER.p -> HPA.p,0.0169101054842031,0.479341166164042
Net flux,HPR.p,HPA.p -> GA.p,0.0169101054841976,0.479341166164042
Net flux,T_GLY-m net,GLY.p <-> GLY.m,2.25440508765678,7498.37905578199
Exch flux,T_GLY-m exch,GLY.p <-> GLY.m,22795.0381824432,4726.2417627916
Net flux,GDC.m,GLY.m + dummy -> myTHF.m + CO2,1.65838850750742,0.110040742479765
Net flux,T_SER-m net,SER.p <-> SER.m,-1.65838850750731,0.110040742479765
Exch flux,T_SER-m exch,SER.p <-> SER.m,864.753059400998,5092.40123180103
Net flux,mSHMT,GLY.m + myTHF.m -> SER.m,1.65838850750742,0.110040742479765
Net flux,T_SER-c net,SER.p <-> SER.c,1.09097653561195,0.695064265537771
Exch flux,T_SER-c exch,SER.p <-> SER.c,1.00000000280431e-07,2.68804310419563e-13
Net flux,T_Gly-c net,GLY.p <-> GLY.c,0.015901586414389,7498.37905530231
Exch flux,T_Gly-c exch,GLY.p <-> GLY.c,3.85330540373374e-05,5276.3430310978
Net flux,cSHMT,SER.c -> GLY.c + meTHF.c,1.05922640048982,5164.10707400691
Net flux,FmTHF-reductase net,meTHF.c <-> FmTHF.c,1.05922640048982,5164.10707400691
Exch flux,FmTHF-reductase exch,meTHF.c <-> FmTHF.c,7.77163103029661,7081.82466475739
Net flux,Met-synthase,FmTHF.c + Hcy.c -> Met.c,1.0592264004898,5164.10707400691
Net flux,SAM-synthase,Met.c -> SAM.c,1.05922640048981,5164.10707400691
Net flux,Methylation,SAM.c -> SAH.c + Acceptor.c,1.0592264004898,5164.10707400691
Net flux,hydrolysis,SAH.c -> Hcy.c,1.05922640048979,5164.10707400691
Net flux,G_SER.m,0*SER.m -> SER,1.28903061522578e-05,5200.89786525875
Net flux,G_SER.c,0*SER.c -> SER,2.04381137791643e-07,5018.61008178406
Net flux,G_Gly.m,0*GLY.m -> GLY,1.0000000116861e-07,1.38199445280187e-13
Net flux,G_Gly.c,0*GLY.c -> GLY,45.908359346163,5.36243098875961
Net flux,T_GLY-c-m,GLY.c -> GLY.m,1.06237192735631,7498.37905774949
Net flux,G_Glyc,0*Glyc.p -> Glyc,7.80635474477805,1.14575784014521
Net flux,G_Glyx,0*Glyx.p -> Glyx,99.5339827747187,5062.14932901915
Net flux,G_HPA,0*HPA.p -> HPA,9.21690150444934,2.13204737834009
Net flux,(1-G)_Glyc,0*Glyc.x -> Glyc,92.1936452552226,1.14575784014521
Net flux,(1-G)_Glyx,0*Glyx.x -> Glyx,0.466017225282151,5062.14932901915
Net flux,(1-G)_HPA,0*HPA.x -> HPA,90.7830984955506,2.13204737834009
Net flux,GlycSink,Glyc -> Sink,100.000000000001,0
Net flux,GlyxSink,Glyx -> Sink,100.000000000001,0
Net flux,HPASink,HPA -> Sink,99.9999999999998,0
Net flux,SERex,dummySER -> outSER,0.505874280504399,0.562814689786975
Net flux,G_PYR,0*PYR.c -> PYR,37.7634965575729,2.86358357615674
Net flux,(1-G)_PYR,0*PYR.x -> PYR,62.2365034424273,2.86358357615674
Net flux,PYRSink,PYR -> Sink,100,0
Net flux,G_meTHF,0*meTHF.c -> meTHF,99.9999998999999,0
Net flux,G_FmTHF,0*FmTHF.c -> FmTHF,70.2623899977913,4.89732585560356
Net flux,G_Met,0*Met.c -> Met,64.6080261018233,5.0003460334912
Net flux,G_SAM,0*SAM.c -> SAM,58.2325711368546,3.62817092577554
Net flux,(1-G)_meTHF,0*meTHF.x -> meTHF,1.0000000116861e-07,0
Net flux,(1-G)_FmTHF,0*FmTHF.x -> FmTHF,29.7376100022088,4.89732585560356
Net flux,(1-G)_Met,0*Met.x -> Met,35.3919738981767,5.0003460334912
Net flux,(1-G)_SAM,0*SAM.x -> SAM,41.7674288631454,3.62817092577554
Net flux,meTHFSink,meTHF -> Sink,99.9999999999999,0
Net flux,FmTHFSink,FmTHF -> Sink,100,0
Net flux,MetSink,Met -> Sink,100,0
Net flux,SAMsink,SAM -> Sink,100,0
Net flux,Met-protein,Met.c -> Protein,6.51983996113883e-15,0
Net flux,GLY-protein,GLY.c -> Protein,0.0127560595479226,5164.10707756065
Net flux,SER-protein,SER.c -> Protein,0.0317501351221328,5164.10712078296
Pool,2PG pool,,0,0
Pool,2PG.p pool,,1.67960052676903e-06,4896.17108517079
Pool,2PG.x pool,,1,Inf
Pool,3PGA pool,,0,0
Pool,3PGA.c pool,,1.00000018690924e-07,5125.31346498092
Pool,3PGA.p pool,,2.91364529467334e-06,5043.04279385131
Pool,3PGA.x pool,,1,Inf
Pool,ACA pool,,1.95049944417304e-06,5372.62843342465
Pool,ADPG pool,,0,0
Pool,ADPG.p pool,,9.9999999999999e-08,Inf
Pool,ADPG.x pool,,1,Inf
Pool,AKG pool,,1.98123320001468e-06,5033.01942935387
Pool,ALA pool,,0,0
Pool,ALA.c pool,,0.0101849533717898,0.00347122421024418
Pool,ALA.x pool,,1,Inf
Pool,ASN pool,,7566.06819373986,4945.38363197054
Pool,ASP pool,,0.00040331269067191,4883.97926325103
Pool,Acceptor.c pool,,1,Inf
Pool,CIT pool,,6.62068294552177,4.54878039574643
Pool,CO2 pool,,2.37306976610291e-05,5171.37933925624
Pool,CO2.t pool,,1,Inf
Pool,E4P.p pool,,0,0
Pool,EC2 pool,,0,0
Pool,F6P pool,,0,0
Pool,F6P.c pool,,3.82956691652127e-06,4704.35374843541
Pool,F6P.p pool,,2.00575126740872e-06,5027.7712041919
Pool,F6P.x pool,,1,Inf
Pool,FBP pool,,0,0
Pool,FBP.c pool,,3.66350411664365e-06,4874.87171506984
Pool,FBP.p pool,,2.16264170963529e-06,5032.26430013337
Pool,FBP.x pool,,1,Inf
Pool,FmTHF pool,,5.49496320832818,3.05484909113235
Pool,FmTHF.c pool,,2.52861052389255e-06,4902.03690520304
Pool,FmTHF.x pool,,1,Inf
Pool,G6P pool,,0,0
Pool,G6P.c pool,,9.87561675010672e-06,4928.79087438286
Pool,G6P.p pool,,3.6851559990317e-06,5261.98215887674
Pool,G6P.x pool,,1,Inf
Pool,GA pool,,0,0
Pool,GA.p pool,,9.99999999999999e-08,0
Pool,GA.x pool,,1,Inf
Pool,GLN pool,,8.838677549893,4901.10438414562
Pool,GLU pool,,1.9812358217153e-06,4893.61289479769
Pool,GLY pool,,0,0
Pool,GLY.c pool,,1.00000000002876e-07,0
Pool,GLY.m pool,,5.39682648383723e-06,5125.782006565
Pool,GLY.p pool,,5.4010226141436e-06,5091.35563070099
Pool,GLY.x pool,,1,Inf
Pool,Glyc pool,,2.35812949824063,1.17460081487284
Pool,Glyc.p pool,,2.57209442036561e-06,5182.48530913614
Pool,Glyc.x pool,,1,Inf
Pool,Glyx pool,,1374.96782798699,768.663067625097
Pool,Glyx.p pool,,2.95234409862032e-06,5230.58480104711
Pool,Glyx.x pool,,1,Inf
Pool,HPA pool,,0.000169379761100897,4960.18474182784
Pool,HPA.p pool,,1e-07,0
Pool,HPA.x pool,,1,Inf
Pool,Hcy.c pool,,1,Inf
Pool,ICI pool,,0.00371439390388147,4680.6440190439
Pool,MAL pool,,0.334091833322177,0.163717538745764
Pool,Met pool,,0.00026594437367878,5088.85665176295
Pool,Met.c pool,,1.48886314035515e-06,5334.14203990493
Pool,Met.x pool,,1,Inf
Pool,OAA pool,,0.299976633577719,0.0582963228016066
Pool,P5P pool,,0,0
Pool,PEP pool,,0,0
Pool,PEP.c pool,,0.00362259224825877,0.00493877324520867
Pool,PEP.x pool,,1,Inf
Pool,PRO pool,,5.39499638372051,5031.87971279274
Pool,PYR pool,,1e-07,5122.38120746602
Pool,PYR.c pool,,0.0148519768790625,0.00596437333458257
Pool,PYR.x pool,,1,Inf
Pool,Protein pool,,1,Inf
Pool,R5P pool,,0,0
Pool,R5P.p pool,,3.7415022448703e-06,4860.44500050932
Pool,R5P.x pool,,1,Inf
Pool,RU5P.p pool,,2.16049245204573e-06,4855.82283924265
Pool,RU5P.x pool,,1,Inf
Pool,RUBP pool,,0,0
Pool,RUBP.p pool,,2.17598070313351e-06,5008.51281753865
Pool,RUBP.x pool,,1,Inf
Pool,S6P pool,,1,Inf
Pool,S7P pool,,0,0
Pool,S7P.p pool,,1.84642565552637e-06,5100.71573718587
Pool,S7P.x pool,,1,Inf
Pool,SAH.c pool,,1,Inf
Pool,SAM pool,,0.022160254279592,4871.93223815096
Pool,SAM.c pool,,2.72126022512531e-06,4740.45898024135
Pool,SAM.x pool,,1,Inf
Pool,SBP pool,,0,0
Pool,SER pool,,0,0
Pool,SER.c pool,,1.00000005121464e-07,5011.1046604703
Pool,SER.m pool,,0.586349428380674,0.0479167517665038
Pool,SER.p pool,,0.000601252583345382,4866.54661563873
Pool,SER.x pool,,1,Inf
Pool,Sink pool,,1,Inf
Pool,Starch pool,,1,Inf
Pool,THR pool,,3889.76738463752,5145.66822542213
Pool,TP pool,,0,0
Pool,TP.c pool,,4.00428507337894e-06,4992.51343220442
Pool,TP.p pool,,2.97789356940944e-06,4987.17651981451
Pool,TP.x pool,,1,Inf
Pool,UDPG pool,,0,0
Pool,UDPG.c pool,,1.61143406287728,0.695713108631982
Pool,UDPG.x pool,,1,Inf
Pool,X5P.p pool,,2.19996090348029e-06,4889.62990464633
Pool,dummy pool,,1,Inf
Pool,dummyGLY pool,,1,Inf
Pool,dummySER pool,,1,Inf
Pool,meTHF pool,,0.038978187281075,5078.81298076772
Pool,meTHF.c pool,,2.55135071992405e-06,4940.44120455326
Pool,meTHF.x pool,,1,Inf
Pool,myTHF.m pool,,1.0000000482344e-07,4920.55677228904
Pool,outSER pool,,1,Inf
Norm,Experiment2 Glyc205 #1 norm,,1.01305913730085,0.0379797927503265
Norm,Experiment2 Glyc205 #2 norm,,0.987249826273416,0.0177368335683829
Norm,Experiment2 Glyc205 #3 norm,,0.998522387516015,0.0237816032369199
Norm,Experiment2 Glyc205 #4 norm,,1.00840120015028,0.0212068303249364
Norm,Experiment2 Glyc205 #5 norm,,1.01231681385989,0.0239139409567191
Norm,Experiment2 Glyc205 #6 norm,,0.967253931983768,0.0241485775739231
Norm,Experiment2 Glyc205 #7 norm,,0.9646105917653,0.0326731642990565
Norm,Experiment2 Glyc205 #8 norm,,0.842921004517074,0.132793924123378
Norm,Experiment2 Glyx160 #1 norm,,1.01274147853792,0.0114252469010202
Norm,Experiment2 Glyx160 #2 norm,,0.988018840942601,0.0114688038590203
Norm,Experiment2 Glyx160 #3 norm,,1.00077846010898,0.0128056492969566
Norm,Experiment2 Glyx160 #4 norm,,0.996163640574732,0.0163508265188321
Norm,Experiment2 Glyx160 #5 norm,,1.00095882851318,0.0139654011851034
Norm,Experiment2 Glyx160 #6 norm,,0.978236644039092,0.0205440376972295
Norm,Experiment2 Glyx160 #7 norm,,1.00020748559054,0.0325864842388208
Norm,Experiment2 Glyx160 #8 norm,,0.836141452284131,0.100035823033706
Norm,Experiment2 GLY276 #1 norm,,1.0111848519623,0.0104609972505174
Norm,Experiment2 GLY276 #2 norm,,0.980710591425646,0.0214790116634754
Norm,Experiment2 GLY276 #3 norm,,0.98311533479904,0.0167455049480617
Norm,Experiment2 GLY276 #4 norm,,1.04664738048752,0.0173725465077831
Norm,Experiment2 GLY276 #5 norm,,0.991820571904609,0.0357368719764855
Norm,Experiment2 GLY276 #6 norm,,1.04423752228193,0.0826748294758087
Norm,Experiment2 GLY276 #7 norm,,0.917284421587797,0.106918054928532
Norm,Experiment2 GLY276 #8 norm,,0.987554781970994,0.166002458692727
Norm,Experiment2 HPA262 #1 norm,,0.95381868098872,0.0194574934028901
Norm,Experiment2 HPA262 #2 norm,,0.991861809242224,0.023782006503257
Norm,Experiment2 HPA262 #3 norm,,0.958947270049638,0.0241334775480847
Norm,Experiment2 HPA262 #4 norm,,1.01361333396636,0.033305973329694
Norm,Experiment2 HPA262 #5 norm,,0.934846821230016,0.0219608426658753
Norm,Experiment2 HPA262 #6 norm,,0.947588097651986,0.0298236943087439
Norm,Experiment2 HPA262 #7 norm,,0.973772611589214,0.0244977406535322
Norm,Experiment2 HPA262 #8 norm,,0.987435343451189,0.0394391594560818
Norm,Experiment2 GA307 #1 norm,,1.00585120523208,0.0111546537613365
Norm,Experiment2 GA307 #2 norm,,0.925516032139039,0.0281704409204554
Norm,Experiment2 GA307 #3 norm,,0.898527395212795,0.0212682956594957
Norm,Experiment2 GA307 #4 norm,,0.981593985845047,0.0258364962010495
Norm,Experiment2 GA307 #5 norm,,0.956485413787209,0.0694877065885976
Norm,Experiment2 GA307 #6 norm,,0.790606804447743,0.0985150849800814
Norm,Experiment2 GA307 #7 norm,,0.866288719896618,0.0657633385292743
Norm,Experiment2 GA307 #8 norm,,1.03219843187345,0.148373925099668
Norm,Experiment2 SER306 #1 norm,,1.01058216985467,0.0129371526649538
Norm,Experiment2 SER306 #2 norm,,0.926390056819999,0.0338577817868683
Norm,Experiment2 SER306 #3 norm,,0.988470029661467,0.0203878337145086
Norm,Experiment2 SER306 #4 norm,,1.05141408989326,0.025923353589622
Norm,Experiment2 SER306 #5 norm,,1.00685206865835,0.0562185260479637
Norm,Experiment2 SER306 #6 norm,,0.985497356736917,0.114753679120834
Norm,Experiment2 SER306 #7 norm,,1.14466090789363,0.111416958606042
Norm,Experiment2 SER306 #8 norm,,1.05447633036661,0.120951769531894
Norm,Experiment2 meTHF #1 norm,,1.0131120783803,0.010022177825402
Norm,Experiment2 meTHF #2 norm,,1.02137385576098,0.0148599907905508
Norm,Experiment2 meTHF #3 norm,,0.95976996306345,0.0259225269515381
Norm,Experiment2 meTHF #4 norm,,0.992609836265791,0.0263256313765266
Norm,Experiment2 meTHF #5 norm,,0.96210619168778,0.0734341103310648
Norm,Experiment2 meTHF #6 norm,,1.06879613691722,0.214327173672628
Norm,Experiment2 meTHF #7 norm,,0.998811873659808,0.22248460329287
Norm,Experiment2 meTHF #8 norm,,1.06857799511253,0.0778834005609455
Norm,Experiment2 FmTHF #1 norm,,0.998368403652234,0.00991736690156446
Norm,Experiment2 FmTHF #2 norm,,1.0028463850391,0.0117196928507088
Norm,Experiment2 FmTHF #3 norm,,1.00799835597128,0.0103885143128561
Norm,Experiment2 FmTHF #4 norm,,1.04359759167218,0.0231628972107611
Norm,Experiment2 FmTHF #5 norm,,0.949630149771324,0.0414248628635079
Norm,Experiment2 FmTHF #6 norm,,0.952660039837732,0.0653686546666009
Norm,Experiment2 FmTHF #7 norm,,0.99315360096206,0.103888879352154
Norm,Experiment2 FmTHF #8 norm,,0.996109027232854,0.0686578860151957
Norm,Experiment2 Met176 #1 norm,,0.941669765239562,0.0224420453132385
Norm,Experiment2 Met176 #2 norm,,0.973960014323844,0.0397372723815531
Norm,Experiment2 Met176 #3 norm,,0.928923796850144,0.0326527238087217
Norm,Experiment2 Met176 #4 norm,,0.86602299193827,0.0794259272052023
Norm,Experiment2 Met176 #5 norm,,0.99565830987111,0.0684502584605441
Norm,Experiment2 Met176 #6 norm,,1.01888925323238,0.0342468202063546
Norm,Experiment2 Met176 #7 norm,,0.992338540953952,0.0702046863941445
Norm,Experiment2 Met176 #8 norm,,1.00877752754586,0.235981151211013
Norm,Experiment2 SAM #1 norm,,1.00947393176158,0.0144662653041554
Norm,Experiment2 SAM #2 norm,,0.98387136443131,0.021740373255983
Norm,Experiment2 SAM #3 norm,,0.990956582654345,0.0320378197616476
Norm,Experiment2 SAM #4 norm,,0.97671255443224,0.0470217454162154
Norm,Experiment2 SAM #5 norm,,1.00950576491709,0.0226753400300013
Norm,Experiment2 SAM #6 norm,,1.05918366854437,0.0569472013443552
Norm,Experiment2 SAM #7 norm,,1.00390361175622,0.0706664271063566
Norm,Experiment2 SAM #8 norm,,0.997046187248753,0.0677067804510782
Norm,Experiment2 CIT465 #1 norm,,1.00643969264284,0.0128224801569758
Norm,Experiment2 CIT465 #2 norm,,1.01779520054685,0.0107613634397824
Norm,Experiment2 CIT465 #3 norm,,1.03222228297277,0.0137814110970973
Norm,Experiment2 CIT465 #4 norm,,1.01590785406975,0.0131973193633302
Norm,Experiment2 CIT465 #5 norm,,1.00209440226063,0.0158886444956104
Norm,Experiment2 CIT465 #6 norm,,0.996603755090062,0.0115083575191157
Norm,Experiment2 CIT465 #7 norm,,0.965390080486982,0.0154157020448136
Norm,Experiment2 CIT465 #8 norm,,1.01064421550525,0.0242980508656336
Norm,Experiment2 MAL335 #1 norm,,1.02509013883051,0.012187478612051
Norm,Experiment2 MAL335 #2 norm,,0.997241555430991,0.0137308340614989
Norm,Experiment2 MAL335 #3 norm,,0.96675091640471,0.0131297280764256
Norm,Experiment2 MAL335 #4 norm,,1.0484336342825,0.0124389875842547
Norm,Experiment2 MAL335 #5 norm,,0.983858971369623,0.0145777337996498
Norm,Experiment2 MAL335 #6 norm,,0.961869068093525,0.0144960640273879
Norm,Experiment2 MAL335 #7 norm,,0.979079145507358,0.0197905239163785
Norm,Experiment2 MAL335 #8 norm,,0.995557147297672,0.0404848778279894
Norm,Experiment2 ASP334 #1 norm,,1.03320879258583,0.0166968142578095
Norm,Experiment2 ASP334 #2 norm,,0.98863684747987,0.0232662683645669
Norm,Experiment2 ASP334 #3 norm,,0.975199777071752,0.0176232224681579
Norm,Experiment2 ASP334 #4 norm,,0.959836067193034,0.0206253079814969
Norm,Experiment2 ASP334 #5 norm,,1.00637258141206,0.024964846777411
Norm,Experiment2 ASP334 #6 norm,,0.91251951453586,0.0568951198400466
Norm,Experiment2 ASP334 #7 norm,,1.0092501213317,0.0655454221647652
Norm,Experiment2 ASP334 #8 norm,,0.931866250896588,0.0350333479871715
Norm,Experiment2 GLU348 #1 norm,,1.0043691501542,0.011840070907306
Norm,Experiment2 GLU348 #2 norm,,0.972033952673523,0.0120592932671403
Norm,Experiment2 GLU348 #3 norm,,0.986260339672777,0.0118445853165033
Norm,Experiment2 GLU348 #4 norm,,1.00227498337193,0.0159374594044599
Norm,Experiment2 GLU348 #5 norm,,1.00584986179907,0.0311928725275372
Norm,Experiment2 GLU348 #6 norm,,0.945853215087087,0.0146257561927002
Norm,Experiment2 GLU348 #7 norm,,0.91128541652555,0.0224404064674847
Norm,Experiment2 GLU348 #8 norm,,1.03636757282387,0.0598178328473963
Norm,Experiment2 THR320 #1 norm,,0.968170875494936,0.0100424830497599
Norm,Experiment2 THR320 #2 norm,,0.971857678375109,0.0114337906022772
Norm,Experiment2 THR320 #3 norm,,1.01794893842155,0.0104030610303654
Norm,Experiment2 THR320 #4 norm,,0.99725249465294,0.0111889966596587
Norm,Experiment2 THR320 #5 norm,,1.00296888423391,0.0204943643345929
Norm,Experiment2 THR320 #6 norm,,1.00636669520979,0.0109362597349096
Norm,Experiment2 THR320 #7 norm,,0.980896929581873,0.0138831613141599
Norm,Experiment2 THR320 #8 norm,,0.934014504820034,0.0356659398310438
Norm,Experiment2 ALA116 #1 norm,,1.01195852603465,0.0100733571365536
Norm,Experiment2 ALA116 #2 norm,,0.997031283717704,0.0100456306877666
Norm,Experiment2 ALA116 #3 norm,,1.02815435796557,0.0110387399267644
Norm,Experiment2 ALA116 #4 norm,,1.04489409112707,0.0278161510084799
Norm,Experiment2 ALA116 #5 norm,,0.997625431362955,0.086782485434375
Norm,Experiment2 ALA116 #6 norm,,0.969911932605518,0.0743444262735861
Norm,Experiment2 ALA116 #7 norm,,0.982587077353558,0.0687385158168187
Norm,Experiment2 ALA116 #8 norm,,1.06291411805699,0.187587982947911
Norm,Experiment2 PYR #1 norm,,0.975676463080591,0.0125442442117146
Norm,Experiment2 PYR #2 norm,,0.952328746000098,0.0530652690499731
Norm,Experiment2 PYR #3 norm,,0.932806926666691,0.0576045927341596
Norm,Experiment2 PYR #4 norm,,1.01512468234703,0.0524322095592987
Norm,Experiment2 PYR #5 norm,,1.13601099061917,0.125233739643968
Norm,Experiment2 PYR #6 norm,,0.976558297884719,0.12025819958621
Norm,Experiment2 PYR #7 norm,,1.01185382442636,0.069470983275356
Norm,Experiment2 PYR #8 norm,,0.965710172497459,0.12935593324394
