type,id,eqn,val,std
Net flux,CO2.t,CO2.t -> CO2,64.336908528716,1.52745461991653
Net flux,CO2_sink,dummy -> Sink,64.336908528716,1.52745461991653
Net flux,RUBICSO_CO2,RUBP.p + CO2 -> 3PGA.p + 3PGA.p + dummy,65.4782759049836,1.537023286062
Net flux,GAPDH.p net,3PGA.p <-> TP.p,132.315707771231,3.11196768037256
Exch flux,GAPDH.p exch,3PGA.p <-> TP.p,41757.3001942358,2152.03246656345
Net flux,ALD,TP.p + E4P.p -> SBP,22.490849784587,0.51345753102376
Net flux,SBP,SBP -> S7P.p,22.490849784587,0.51345753102376
Net flux,FBA.p net,TP.p + TP.p <-> FBP.p,29.1426622775762,0.810317855050581
Exch flux,FBA.p exch,TP.p + TP.p <-> FBP.p,21516.1088651915,1052.32792822452
Net flux,PFK.p net,FBP.p <-> F6P.p,29.1426622775793,0.810317855050581
Exch flux,PFK.p exch,FBP.p <-> F6P.p,9.99969103077092e-08,7.50833814277822e-14
Net flux,TK1 net,TP.p + EC2 <-> X5P.p,44.9816995691739,1.02691506204752
Exch flux,TK1 exch,TP.p + EC2 <-> X5P.p,1.0000000116861e-07,0
Net flux,TK2 net,S7P.p <-> R5P.p + EC2,22.4908497845869,0.51345753102376
Exch flux,TK2 exch,S7P.p <-> R5P.p + EC2,37.8682464481177,5317.77186324998
Net flux,TK3 net,F6P.p <-> E4P.p + EC2,22.4908497845881,0.51345753102376
Exch flux,TK3 exch,F6P.p <-> E4P.p + EC2,11139.3785099525,2857.39338998324
Net flux,PPE net,X5P.p <-> RU5P.p,44.9816995691739,1.02691506204752
Exch flux,PPE exch,X5P.p <-> RU5P.p,72.6329973448989,4104.02351405564
Net flux,PPI net,R5P.p <-> RU5P.p,22.490849784587,0.51345753102376
Exch flux,PPI exch,R5P.p <-> RU5P.p,238.629763345884,4104.02354617517
Net flux,PRK,RU5P.p -> RUBP.p,67.472549353761,1.54037259307127
Net flux,RUBISCO_O2,RUBP.p -> 3PGA.p + 2PG.p,1.99427344877739,0.0848792368752047
Net flux,GLYdil net,GLY.p <-> GLY.x + dummyGLY,0.0167060817642621,0.00180778811079497
Exch flux,GLYdil exch,GLY.p <-> GLY.x + dummyGLY,1.0000000116861e-07,0
Net flux,SERdil net,SER.p <-> SER.x + dummySER,0.27207627580745,5118.8662157955
Exch flux,SERdil exch,SER.p <-> SER.x + dummySER,0.125093980288554,5118.86618258788
Net flux,GK,GA.p -> 3PGA.p,0.0640131805517643,0.440817918227574
Net flux,PGI.p net,F6P.p <-> G6P.p,6.65181249299233,0.449916396453586
Exch flux,PGI.p exch,F6P.p <-> G6P.p,3.61758081568837,4991.68656436551
Net flux,PGM.p,G6P.p -> ADPG.p,6.65181249299233,0.449916396453586
Net flux,Starch,ADPG.p -> Starch,6.65181249299231,0.449916396453586
Net flux,FBA.c net,TP.c + TP.c <-> FBP.c,3.27891693115454,0.354816115645328
Exch flux,FBA.c exch,TP.c + TP.c <-> FBP.c,20.1126165782101,51.9875317501513
Net flux,PFK.c net,FBP.c <-> F6P.c,3.27891693115456,0.354816115645328
Exch flux,PFK.c exch,FBP.c <-> F6P.c,4.91521937482435,28.6621955194994
Net flux,PGI.c net,F6P.c <-> G6P.c,1.63945846557729,0.177408057822664
Exch flux,PGI.c exch,F6P.c <-> G6P.c,215.066335942795,5134.4424502873
Net flux,PGM.c net,G6P.c <-> UDPG.c,1.63945846557181,0.177408057822664
Exch flux,PGM.c exch,G6P.c <-> UDPG.c,48478.9988103817,5018.9194139967
Net flux,SPS,F6P.c + UDPG.c -> S6P,1.63945846557724,0.177408057822664
Net flux,PGAM.c net,3PGA.c <-> PEP.c,0.699130668061381,0.0756538922003988
Exch flux,PGAM.c exch,3PGA.c <-> PEP.c,0.0534176278096703,5102.354547277
Net flux,PK.c,PEP.c -> PYR.c,0.317349975181891,0.0343408777712919
Net flux,PDH,PYR.c + dummy -> ACA + CO2,0.264116758804636,0.0285804381281861
Net flux,CS,OAA + ACA -> CIT,0.264116758804632,0.0285804381281861
Net flux,ACO net,CIT <-> ICI,0.264116758804676,0.0285804381281861
Exch flux,ACO exch,CIT <-> ICI,1185.87173996396,5234.39278301277
Net flux,IDH,ICI + dummy -> AKG + CO2,0.264116758804648,0.0285804381281861
Net flux,MDH net,MAL <-> OAA,7.105427357601e-15,0
Exch flux,MDH exch,MAL <-> OAA,0.135347193098745,0.232342709285897
Net flux,PPC,PEP.c + CO2 -> OAA + dummy,0.381780692878556,0.0413130144478824
Net flux,T_3PGA net,3PGA.p <-> 3PGA.c,0.699130668061358,0.0756538922003988
Exch flux,T_3PGA exch,3PGA.p <-> 3PGA.c,1.0000000116861e-07,0
Net flux,T_DHAP net,TP.p <-> TP.c,6.55783386230913,0.709632231290655
Exch flux,T_DHAP exch,TP.p <-> TP.c,3.4278102062949,12.2031510037392
Net flux,ALT,PYR.c -> ALA.c,0.0532332163772803,0.00576043964193339
Net flux,ASPT,OAA -> ASP,0.117663934074474,0.0127325763268661
Net flux,GLUDH,AKG -> GLU,0.264116758804625,0.0285804381281861
Net flux,PCR net,GLU <-> PRO,-2.48689957516035e-14,0
Exch flux,PCR exch,GLU <-> PRO,1.0000000116861e-07,0
Net flux,GS net,GLU <-> GLN,0,0
Exch flux,GS exch,GLU <-> GLN,1.00042335304806e-07,0
Net flux,TS net,ASP <-> THR,0,0
Exch flux,TS exch,ASP <-> THR,0.0151026470665698,0.0338434362405034
Net flux,AS net,ASP <-> ASN,1.06581410364015e-14,0
Exch flux,AS exch,ASP <-> ASN,0.0105772397346762,0.0325714295742596
Net flux,G_3PGA.p,0*3PGA.p -> 3PGA,2.46866319741912e-06,7612.19294382728
Net flux,G_3PGA.c,0*3PGA.c -> 3PGA,92.9119081393461,5230.74104403049
Net flux,G_DHAP.p,0*TP.p -> TP,40.6853798422419,7347.55758824962
Net flux,G_DHAP.c,0*TP.c -> TP,51.8471856996948,4987.03986024188
Net flux,G_F6P.p,0*F6P.p -> F6P,48.6686345030749,7697.05643413854
Net flux,G_F6P.c,0*F6P.c -> F6P,36.546576817712,5439.36634279344
Net flux,G_FBP.p,0*FBP.p -> FBP,2.46866152053826e-06,7125.12161902104
Net flux,G_FBP.c,0*FBP.c -> FBP,83.4512310488484,4907.92474547717
Net flux,G_G6P.p,0*G6P.p -> G6P,19.0549768397257,7194.81680284854
Net flux,G_G6P.c,0*G6P.c -> G6P,58.8549499993083,5154.87693605785
Net flux,G_RU5P.p,0*RU5P.p -> P5P,2.46865392838913e-06,7304.23709405511
Net flux,G_X5P.p,0*X5P.p -> P5P,92.8477691494925,5170.47795548275
Net flux,G_R5P.p,0*R5P.p -> R5P,82.2810779884949,5189.08683608934
Net flux,G_GA.p,0*GA.p -> GA,42.3099243019345,4.5128250971773
Net flux,G_SER.p,0*SER.p -> SER,99.9860586527537,8690.8597016182
Net flux,G_GLY.p,0*GLY.p -> GLY,0.698727678270949,5274.11527422792
Net flux,G_RUBP.p,0*RUBP.p -> RUBP,92.5302752673063,5091.23436706596
Net flux,G_S7P.p,0*S7P.p -> S7P,98.4567310636212,5272.99001987254
Net flux,G_2PG.p,0*2PG.p -> 2PG,87.0427532706349,5000.24230026514
Net flux,G_ADPG.p,0*ADPG.p -> ADPG,95.0805622183481,5225.75337999089
Net flux,G_PEP.c,0*PEP.c -> PEP,89.2305410445615,5221.70907576694
Net flux,G_UDPG.c,0*UDPG.c -> UDPG,72.4268033045549,5210.70161504652
Net flux,G_ALA.c,0*ALA.c -> ALA,66.3416197004611,5.78665705743021
Net flux,(1-G)_GA,0*GA.x -> GA,57.6900756980675,4.5128250971773
Net flux,(1-G)_SER,0*SER.x -> SER,0.0139320038541761,5196.17471351122
Net flux,(1-G)_GLY,0*GLY.x -> GLY,73.2970567200314,4.90175873036617
Net flux,(1-G)_R5P,0*R5P.x -> R5P,17.718922011502,5189.08683608934
Net flux,(1-G)_RUBP,0*RUBP.x -> RUBP,7.46972473269241,5091.23436706596
Net flux,(1-G)_3PGA,0*3PGA.x -> 3PGA,7.08808939199095,5363.01803458746
Net flux,(1-G)_TP,0*TP.x -> TP,7.46743445806384,5054.9107770294
Net flux,(1-G)_F6P,0*F6P.x -> F6P,14.7847886792169,5105.51190039435
Net flux,(1-G)_FBP,0*FBP.x -> FBP,16.5487664824848,5344.07492596421
Net flux,(1-G)_G6P,0*G6P.x -> G6P,22.0900731609643,5098.31761369976
Net flux,(1-G)_RU5P,0*RU5P.x -> P5P,7.15222838185498,5113.68374922431
Net flux,(1-G)_S7P,0*S7P.x -> S7P,1.5432689363768,5272.99001987254
Net flux,(1-G)_2PG,0*2PG.x -> 2PG,12.9572467293675,5000.24230026514
Net flux,(1-G)_ADPG,0*ADPG.x -> ADPG,4.91943778165088,5225.75337999089
Net flux,(1-G)_PEP,0*PEP.x -> PEP,10.7694589554367,5221.70907576694
Net flux,(1-G)_UDPG,0*UDPG.x -> UDPG,27.5731966954463,5210.70161504652
Net flux,(1-G)_ALA,0*ALA.x -> ALA,33.6583802995387,5.78665705743021
Net flux,PGASink,3PGA -> Sink,100,0
Net flux,DHAPSink,TP -> Sink,100.000000000001,0
Net flux,F6PSink,F6P -> Sink,100.000000000004,0
Net flux,FBPSink,FBP -> Sink,99.9999999999948,0
Net flux,G6PSink,G6P -> Sink,99.9999999999983,0
Net flux,P5PSink,P5P -> Sink,100.000000000001,0
Net flux,R5PSink,R5P -> Sink,99.9999999999968,0
Net flux,GASink,GA -> Sink,100.000000000002,0
Net flux,SERSink,SER -> Sink,99.9999999999996,0
Net flux,GLYSink,GLY -> Sink,100.000000000001,0
Net flux,RUBPSink,RUBP -> Sink,99.9999999999987,0
Net flux,S7PSink,S7P -> Sink,99.9999999999979,0
Net flux,2PGSink,2PG -> Sink,100.000000000002,0
Net flux,ADPGSink,ADPG -> Sink,99.9999999999989,0
Net flux,PEPSink,PEP -> Sink,99.9999999999983,0
Net flux,UDPGSink,UDPG -> Sink,100.000000000001,0
Net flux,ALASink,ALA -> Sink,99.9999999999998,0
Net flux,S6Pout-LL,S6P + 0.1611*GLU + 0.07177*ASP + 0.03247*ALA.c + 0.01019*dummyGLY + 0.03484*dummySER -> Sink,1.63945846557727,0.177408057822664
Net flux,PGP.p,2PG.p -> Glyc.p,1.99427344877741,0.0848792368752047
Net flux,GOX,Glyc.p -> Glyx.p,1.99427344877742,0.0848792368752047
Net flux,GGT,Glyx.p -> GLY.p,1.99427344877741,0.0848792368752047
Net flux,SGAT,SER.p -> HPA.p,0.0640131805517534,0.440817918227574
Net flux,HPR.p,HPA.p -> GA.p,0.0640131805517479,0.440817918227574
Net flux,T_GLY-m net,GLY.p <-> GLY.m,0.627615231944219,5124.47988057623
Exch flux,T_GLY-m exch,GLY.p <-> GLY.m,25844.6513426472,5374.35718620094
Net flux,GDC.m,GLY.m + dummy -> myTHF.m + CO2,0.994914551537562,0.295944773834157
Net flux,T_SER-m net,SER.p <-> SER.m,-0.99491455153759,0.295944773834157
Exch flux,T_SER-m exch,SER.p <-> SER.m,351.968371909079,5172.33740535304
Net flux,mSHMT,GLY.m + myTHF.m -> SER.m,0.994914551537562,0.295944773834157
Net flux,T_SER-c net,SER.p <-> SER.c,0.658825095178341,5118.86623361497
Exch flux,T_SER-c exch,SER.p <-> SER.c,1.00000000280431e-07,5118.86618213496
Net flux,T_Gly-c net,GLY.p <-> GLY.c,1.34995213506847,5124.47988113843
Exch flux,T_Gly-c exch,GLY.p <-> GLY.c,0.354361677220006,5124.47980484564
Net flux,cSHMT,SER.c -> GLY.c + meTHF.c,0.0122618360615998,0.586588891354741
Net flux,FmTHF-reductase net,meTHF.c <-> FmTHF.c,0.0122618360616009,0.586588891354741
Exch flux,FmTHF-reductase exch,meTHF.c <-> FmTHF.c,8.64733534271406,5321.63179820246
Net flux,Met-synthase,FmTHF.c + Hcy.c -> Met.c,0.0122618360615802,0.586588891354741
Net flux,SAM-synthase,Met.c -> SAM.c,0.0122618360615895,0.586588891354741
Net flux,Methylation,SAM.c -> SAH.c + Acceptor.c,0.0122618360615846,0.586588891354741
Net flux,hydrolysis,SAH.c -> Hcy.c,0.0122618360615768,0.586588891354741
Net flux,G_SER.m,0*SER.m -> SER,9.00996309383117e-06,5215.34355703894
Net flux,G_SER.c,0*SER.c -> SER,3.33428541665626e-07,5253.75989206954
Net flux,G_Gly.m,0*GLY.m -> GLY,0.00520361402497471,5274.11456426928
Net flux,G_Gly.c,0*GLY.c -> GLY,25.9990119876739,6.23482852779977
Net flux,T_GLY-c-m,GLY.c -> GLY.m,1.36221387113047,5124.47983762707
Net flux,G_Glyc,0*Glyc.p -> Glyc,14.0410852563835,2.03339449228287
Net flux,G_Glyx,0*Glyx.p -> Glyx,3.87614116906299,1.51018001914169
Net flux,G_HPA,0*HPA.p -> HPA,7.14015223528737,2.24374741424058
Net flux,(1-G)_Glyc,0*Glyc.x -> Glyc,85.9589147436172,2.03339449228287
Net flux,(1-G)_Glyx,0*Glyx.x -> Glyx,96.1238588309379,1.51018001914169
Net flux,(1-G)_HPA,0*HPA.x -> HPA,92.8598477647125,2.24374741424058
Net flux,GlycSink,Glyc -> Sink,100.000000000001,0
Net flux,GlyxSink,Glyx -> Sink,100.000000000001,0
Net flux,HPASink,HPA -> Sink,99.9999999999998,0
Net flux,SERex,dummySER -> outSER,0.214952286771335,5118.86621577897
Net flux,G_PYR,0*PYR.c -> PYR,39.1627108310726,3.19221859904492
Net flux,(1-G)_PYR,0*PYR.x -> PYR,60.8372891689276,3.19221859904492
Net flux,PYRSink,PYR -> Sink,100,0
Net flux,G_meTHF,0*meTHF.c -> meTHF,99.9999998999999,0
Net flux,G_FmTHF,0*FmTHF.c -> FmTHF,85.880592219842,5.758613907453
Net flux,G_Met,0*Met.c -> Met,62.444476375627,4.71575517476285
Net flux,G_SAM,0*SAM.c -> SAM,65.2101919916003,5.70505506676681
Net flux,(1-G)_meTHF,0*meTHF.x -> meTHF,1.0000000116861e-07,0
Net flux,(1-G)_FmTHF,0*FmTHF.x -> FmTHF,14.119407780158,5.758613907453
Net flux,(1-G)_Met,0*Met.x -> Met,37.5555236243731,4.71575517476285
Net flux,(1-G)_SAM,0*SAM.x -> SAM,34.7898080083997,5.70505506676681
Net flux,meTHFSink,meTHF -> Sink,99.9999999999999,0
Net flux,FmTHFSink,FmTHF -> Sink,100,0
Net flux,MetSink,Met -> Sink,100,0
Net flux,SAMsink,SAM -> Sink,100,0
Net flux,Met-protein,Met.c -> Protein,6.51983996113883e-15,0
Net flux,GLY-protein,GLY.c -> Protein,9.99996281336735e-08,1.83543716663867e-14
Net flux,SER-protein,SER.c -> Protein,0.646563259116742,5118.86625491387
Pool,2PG pool,,0,0
Pool,2PG.p pool,,3.08321297334883e-06,5259.10059487026
Pool,2PG.x pool,,1,Inf
Pool,3PGA pool,,0,0
Pool,3PGA.c pool,,0.000710822491230366,5065.12485438068
Pool,3PGA.p pool,,4.27764928510636e-06,5139.8351627092
Pool,3PGA.x pool,,1,Inf
Pool,ACA pool,,2.993428070107e-06,5375.4398891743
Pool,ADPG pool,,0,0
Pool,ADPG.p pool,,9.9999999999999e-08,Inf
Pool,ADPG.x pool,,1,Inf
Pool,AKG pool,,2.1956925432192e-06,5216.10187885316
Pool,ALA pool,,0,0
Pool,ALA.c pool,,0.00931508648685098,0.00259823897282775
Pool,ALA.x pool,,1,Inf
Pool,ASN pool,,7565.598582003,5398.96740156493
Pool,ASP pool,,0.000379209098702745,5352.57657868489
Pool,Acceptor.c pool,,1,Inf
Pool,CIT pool,,4.85730557154937,1.62439865575824
Pool,CO2 pool,,0.190520338146421,0.157547141021402
Pool,CO2.t pool,,1,Inf
Pool,E4P.p pool,,0,0
Pool,EC2 pool,,0,0
Pool,F6P pool,,0,0
Pool,F6P.c pool,,3.82988752540492e-06,5219.01408382197
Pool,F6P.p pool,,4.36607810694952e-06,5230.04888843776
Pool,F6P.x pool,,1,Inf
Pool,FBP pool,,0,0
Pool,FBP.c pool,,3.84964805333442e-06,5376.70088622065
Pool,FBP.p pool,,4.26251023565816e-06,4990.67312620777
Pool,FBP.x pool,,1,Inf
Pool,FmTHF pool,,4.51239780632147,2.27778090171258
Pool,FmTHF.c pool,,1.22892379059267e-06,5118.19125333954
Pool,FmTHF.x pool,,1,Inf
Pool,G6P pool,,0,0
Pool,G6P.c pool,,9.87592391918717e-06,5287.00004073742
Pool,G6P.p pool,,3.96643877068686e-06,5206.27107641316
Pool,G6P.x pool,,1,Inf
Pool,GA pool,,0,0
Pool,GA.p pool,,1.03030666007673e-06,5176.78293905913
Pool,GA.x pool,,1,Inf
Pool,GLN pool,,8.83867754976743,5113.67072910128
Pool,GLU pool,,2.1956885247067e-06,5065.30203423871
Pool,GLY pool,,0,0
Pool,GLY.c pool,,0.171324904928131,0.0714327406845458
Pool,GLY.m pool,,1.00000256473965e-07,5271.56685850485
Pool,GLY.p pool,,0.000491759567995481,5237.12071907796
Pool,GLY.x pool,,1,Inf
Pool,Glyc pool,,11.1751642704586,3.9461491281471
Pool,Glyc.p pool,,8.90248257590985e-06,5218.69635522114
Pool,Glyc.x pool,,1,Inf
Pool,Glyx pool,,12.8470403303907,11.9471968525252
Pool,Glyx.p pool,,1.39143162797692e-05,5178.38064538194
Pool,Glyx.x pool,,1,Inf
Pool,HPA pool,,0.000178574293176778,5497.77789854532
Pool,HPA.p pool,,9.57910539320339e-07,5354.93632903843
Pool,HPA.x pool,,1,Inf
Pool,Hcy.c pool,,1,Inf
Pool,ICI pool,,0.00398598015925503,4915.98119814262
Pool,MAL pool,,0.413041550331331,0.600139904146819
Pool,Met pool,,0.000915425791459746,5051.99357333062
Pool,Met.c pool,,8.6829190001898e-07,5281.63870383248
Pool,Met.x pool,,1,Inf
Pool,OAA pool,,0.272245754018291,0.0692865659439205
Pool,P5P pool,,0,0
Pool,PEP pool,,0,0
Pool,PEP.c pool,,4.66575862711845e-05,5191.30316677906
Pool,PEP.x pool,,1,Inf
Pool,PRO pool,,5.39499638359505,5508.4310015283
Pool,PYR pool,,1.00007703617246e-07,5263.24737548263
Pool,PYR.c pool,,0.0190823298400382,0.0050791575958041
Pool,PYR.x pool,,1,Inf
Pool,Protein pool,,1,Inf
Pool,R5P pool,,0,0
Pool,R5P.p pool,,0.000161003923714618,5197.71821890733
Pool,R5P.x pool,,1,Inf
Pool,RU5P.p pool,,4.22842296428175e-06,5352.47396536444
Pool,RU5P.x pool,,1,Inf
Pool,RUBP pool,,0,0
Pool,RUBP.p pool,,4.23532645938218e-06,5124.60275066377
Pool,RUBP.x pool,,1,Inf
Pool,S6P pool,,1,Inf
Pool,S7P pool,,0,0
Pool,S7P.p pool,,4.65880782415324e-06,5215.17993845399
Pool,S7P.x pool,,1,Inf
Pool,SAH.c pool,,1,Inf
Pool,SAM pool,,8.4351486040582,4.01879799214497
Pool,SAM.c pool,,1.92774161840476e-06,5375.59965972874
Pool,SAM.x pool,,1,Inf
Pool,SBP pool,,0,0
Pool,SER pool,,0,0
Pool,SER.c pool,,1.00000000002876e-07,0
Pool,SER.m pool,,0.359750216147217,0.121055543588524
Pool,SER.p pool,,0.00124600522602622,4943.04744562777
Pool,SER.x pool,,1,Inf
Pool,Sink pool,,1,Inf
Pool,Starch pool,,1,Inf
Pool,THR pool,,3481.58547678559,4978.08650159205
Pool,TP pool,,0,0
Pool,TP.c pool,,4.20731231932171e-06,5386.57548545325
Pool,TP.p pool,,4.44840637351906e-06,5169.18162337002
Pool,TP.x pool,,1,Inf
Pool,UDPG pool,,0,0
Pool,UDPG.c pool,,2241.06912023557,5197.98887820995
Pool,UDPG.x pool,,1,Inf
Pool,X5P.p pool,,4.35887352209205e-06,5210.37714675755
Pool,dummy pool,,1,Inf
Pool,dummyGLY pool,,1,Inf
Pool,dummySER pool,,1,Inf
Pool,meTHF pool,,0.00135674327749372,5170.36579374585
Pool,meTHF.c pool,,1.22145160667751e-06,5389.23169612378
Pool,meTHF.x pool,,1,Inf
Pool,myTHF.m pool,,1.0000043748258e-07,5314.06562957955
Pool,outSER pool,,1,Inf
Norm,Experiment2 Glyc205 #1 norm,,0.978982995272141,0.0377891703973241
Norm,Experiment2 Glyc205 #2 norm,,0.985862833637949,0.0148963028591128
Norm,Experiment2 Glyc205 #3 norm,,0.967836083836713,0.0215226638976739
Norm,Experiment2 Glyc205 #4 norm,,0.998741007008889,0.0218307163820475
Norm,Experiment2 Glyc205 #5 norm,,1.005201053108,0.0240246605307121
Norm,Experiment2 Glyc205 #6 norm,,1.01874757883047,0.0258765409529184
Norm,Experiment2 Glyc205 #7 norm,,0.992969161419767,0.0364679939536212
Norm,Experiment2 Glyc205 #8 norm,,0.93877866546042,0.0981772540500849
Norm,Experiment2 Glyx160 #1 norm,,1.00398042740198,0.0113021117676554
Norm,Experiment2 Glyx160 #2 norm,,0.993005098742233,0.0116576292622826
Norm,Experiment2 Glyx160 #3 norm,,0.998748834276937,0.0131119314616459
Norm,Experiment2 Glyx160 #4 norm,,0.990113664359252,0.017537440158005
Norm,Experiment2 Glyx160 #5 norm,,0.991989239726919,0.0165369436537423
Norm,Experiment2 Glyx160 #6 norm,,0.976947795010428,0.0201810184332801
Norm,Experiment2 Glyx160 #7 norm,,1.00492425829004,0.0302580290468067
Norm,Experiment2 Glyx160 #8 norm,,0.804412592251028,0.13852868488214
Norm,Experiment2 GLY276 #1 norm,,1.00718954095964,0.0106619679280602
Norm,Experiment2 GLY276 #2 norm,,0.954094258326722,0.0225168870127684
Norm,Experiment2 GLY276 #3 norm,,0.987421863345325,0.0184087481337972
Norm,Experiment2 GLY276 #4 norm,,0.996991298086015,0.0177853704510136
Norm,Experiment2 GLY276 #5 norm,,0.973746229559289,0.0373852669800042
Norm,Experiment2 GLY276 #6 norm,,1.02610548060818,0.0906855204764803
Norm,Experiment2 GLY276 #7 norm,,1.010528140115,0.142425590121482
Norm,Experiment2 GLY276 #8 norm,,0.867574957910832,0.199540799530176
Norm,Experiment2 HPA262 #1 norm,,1.01029556399052,0.0207465311400957
Norm,Experiment2 HPA262 #2 norm,,1.01789463212389,0.024928739403038
Norm,Experiment2 HPA262 #3 norm,,1.0236010049731,0.0251965129328173
Norm,Experiment2 HPA262 #4 norm,,0.984350463415483,0.0297347843885092
Norm,Experiment2 HPA262 #5 norm,,0.898169787009134,0.0211138670910427
Norm,Experiment2 HPA262 #6 norm,,0.9755848799786,0.0287452852211904
Norm,Experiment2 HPA262 #7 norm,,0.992418244305736,0.0283815419407706
Norm,Experiment2 HPA262 #8 norm,,0.959132848269296,0.0387037015025873
Norm,Experiment2 GA307 #1 norm,,0.997040521881987,0.0108869803280732
Norm,Experiment2 GA307 #2 norm,,0.880204817291907,0.0277475917819011
Norm,Experiment2 GA307 #3 norm,,0.869452904677144,0.0215681288500579
Norm,Experiment2 GA307 #4 norm,,0.943557289948372,0.0248623894726569
Norm,Experiment2 GA307 #5 norm,,1.00914803700333,0.0739954703848186
Norm,Experiment2 GA307 #6 norm,,0.890746322546569,0.120450537021079
Norm,Experiment2 GA307 #7 norm,,0.956578568231652,0.0685210380937684
Norm,Experiment2 GA307 #8 norm,,1.01093830950903,0.162093736684451
Norm,Experiment2 SER306 #1 norm,,1.00892865465494,0.0130442371732179
Norm,Experiment2 SER306 #2 norm,,1.01304141189135,0.0356090888032251
Norm,Experiment2 SER306 #3 norm,,1.02639798805659,0.020103269454601
Norm,Experiment2 SER306 #4 norm,,1.0382374845951,0.0261109840081292
Norm,Experiment2 SER306 #5 norm,,0.949980143111586,0.0538509789294019
Norm,Experiment2 SER306 #6 norm,,0.942799127681436,0.109207920145151
Norm,Experiment2 SER306 #7 norm,,1.28544371094681,0.130870390723821
Norm,Experiment2 SER306 #8 norm,,1.05322210629687,0.120444827730715
Norm,Experiment2 meTHF #1 norm,,0.991399701039289,0.00997666648770468
Norm,Experiment2 meTHF #2 norm,,1.00784322946268,0.0156513943174083
Norm,Experiment2 meTHF #3 norm,,0.958575065083009,0.025245858702756
Norm,Experiment2 meTHF #4 norm,,1.02113044607451,0.027307785332602
Norm,Experiment2 meTHF #5 norm,,1.04518228582685,0.0834172475000579
Norm,Experiment2 meTHF #6 norm,,0.929846015514541,0.171627618326251
Norm,Experiment2 meTHF #7 norm,,1.0285980848041,0.217796276134248
Norm,Experiment2 meTHF #8 norm,,1.00502468517692,0.0746213207306634
Norm,Experiment2 FmTHF #1 norm,,1.01213862221265,0.00985128094140824
Norm,Experiment2 FmTHF #2 norm,,0.997216305126437,0.0114976094582455
Norm,Experiment2 FmTHF #3 norm,,1.01299605057938,0.0103035508425695
Norm,Experiment2 FmTHF #4 norm,,1.03012891514211,0.0235629053786989
Norm,Experiment2 FmTHF #5 norm,,0.977893388981103,0.0392082839480893
Norm,Experiment2 FmTHF #6 norm,,0.953024384310445,0.0735500410347822
Norm,Experiment2 FmTHF #7 norm,,0.99423512161067,0.10653471786175
Norm,Experiment2 FmTHF #8 norm,,0.985347807488692,0.0743601817599338
Norm,Experiment2 Met176 #1 norm,,0.919737966961745,0.0227997404543162
Norm,Experiment2 Met176 #2 norm,,0.955985626820054,0.0365094648845091
Norm,Experiment2 Met176 #3 norm,,0.958294958893117,0.0377198130969459
Norm,Experiment2 Met176 #4 norm,,0.894598079201097,0.0894606075096283
Norm,Experiment2 Met176 #5 norm,,0.879639563657213,0.0687697649965074
Norm,Experiment2 Met176 #6 norm,,0.988410580641365,0.0327070578556826
Norm,Experiment2 Met176 #7 norm,,1.02294422349141,0.0644131464340613
Norm,Experiment2 Met176 #8 norm,,0.999263455377975,0.179818783863949
Norm,Experiment2 SAM #1 norm,,1.00556559657598,0.0149563770941189
Norm,Experiment2 SAM #2 norm,,0.999811666379324,0.0228991330029621
Norm,Experiment2 SAM #3 norm,,0.964867378377493,0.0349783473449289
Norm,Experiment2 SAM #4 norm,,0.98717474087786,0.0463996546517167
Norm,Experiment2 SAM #5 norm,,0.986464558711969,0.0245795951371505
Norm,Experiment2 SAM #6 norm,,1.00213593833344,0.0572234885055741
Norm,Experiment2 SAM #7 norm,,1.0362414138469,0.075446681809529
Norm,Experiment2 SAM #8 norm,,0.998947720121677,0.0716030885336218
Norm,Experiment2 CIT465 #1 norm,,0.97886503419467,0.0126602884861017
Norm,Experiment2 CIT465 #2 norm,,0.986275335015324,0.0105031369815339
Norm,Experiment2 CIT465 #3 norm,,0.944642341950561,0.0125862421762624
Norm,Experiment2 CIT465 #4 norm,,1.0188950680081,0.0131013393904973
Norm,Experiment2 CIT465 #5 norm,,1.01239963224313,0.0161394005875078
Norm,Experiment2 CIT465 #6 norm,,1.02196713051196,0.0115839249053063
Norm,Experiment2 CIT465 #7 norm,,1.02446412778319,0.0156344491638951
Norm,Experiment2 CIT465 #8 norm,,0.996783583451831,0.0204695479032097
Norm,Experiment2 MAL335 #1 norm,,0.979645411000325,0.011740841168828
Norm,Experiment2 MAL335 #2 norm,,0.986578202601637,0.0134577368563259
Norm,Experiment2 MAL335 #3 norm,,0.991622315127448,0.0132456795273605
Norm,Experiment2 MAL335 #4 norm,,0.962032682994317,0.0114861076086005
Norm,Experiment2 MAL335 #5 norm,,0.964580291093966,0.0143827398340313
Norm,Experiment2 MAL335 #6 norm,,0.984313723276303,0.015170196325024
Norm,Experiment2 MAL335 #7 norm,,1.0230501938437,0.0212684771630429
Norm,Experiment2 MAL335 #8 norm,,1.00787270790993,0.0425932262111484
Norm,Experiment2 ASP334 #1 norm,,1.00852679506031,0.0159585691503049
Norm,Experiment2 ASP334 #2 norm,,0.95859022019159,0.0228419040131035
Norm,Experiment2 ASP334 #3 norm,,0.934052490611124,0.0174397498017581
Norm,Experiment2 ASP334 #4 norm,,1.00284711700766,0.024355629261873
Norm,Experiment2 ASP334 #5 norm,,0.924478106951253,0.0256115479940356
Norm,Experiment2 ASP334 #6 norm,,0.965795878171596,0.0578441776507787
Norm,Experiment2 ASP334 #7 norm,,0.985134222440916,0.0563644285535446
Norm,Experiment2 ASP334 #8 norm,,0.973328553004442,0.0364843835726708
Norm,Experiment2 GLU348 #1 norm,,1.01033375356887,0.0118978261114958
Norm,Experiment2 GLU348 #2 norm,,0.977605027178948,0.011807771874253
Norm,Experiment2 GLU348 #3 norm,,0.998633107608406,0.012030662478848
Norm,Experiment2 GLU348 #4 norm,,1.01821909815589,0.0158788040609883
Norm,Experiment2 GLU348 #5 norm,,0.968349328294506,0.0313933187352083
Norm,Experiment2 GLU348 #6 norm,,1.00616050045047,0.0152040130044646
Norm,Experiment2 GLU348 #7 norm,,0.926583900620114,0.0216897881289419
Norm,Experiment2 GLU348 #8 norm,,0.858821987133521,0.0481767182580513
Norm,Experiment2 THR320 #1 norm,,0.992259195202564,0.0100251990563996
Norm,Experiment2 THR320 #2 norm,,1.02342262966749,0.012309705162404
Norm,Experiment2 THR320 #3 norm,,1.02609229571256,0.0104536514777733
Norm,Experiment2 THR320 #4 norm,,1.00942724154343,0.0115300077140993
Norm,Experiment2 THR320 #5 norm,,1.01335435980922,0.020876196743387
Norm,Experiment2 THR320 #6 norm,,1.01740257830407,0.0109869686283347
Norm,Experiment2 THR320 #7 norm,,0.978893962894725,0.0142299519749969
Norm,Experiment2 THR320 #8 norm,,0.892775419207973,0.0354526514498001
Norm,Experiment2 ALA116 #1 norm,,1.01002135224477,0.0100984235140937
Norm,Experiment2 ALA116 #2 norm,,1.02140844097712,0.0102672001520007
Norm,Experiment2 ALA116 #3 norm,,1.00282318063696,0.0108211155799562
Norm,Experiment2 ALA116 #4 norm,,1.01336634477412,0.0258212053856035
Norm,Experiment2 ALA116 #5 norm,,1.0692617465889,0.0732287704129372
Norm,Experiment2 ALA116 #6 norm,,0.996180266198353,0.0687506553695657
Norm,Experiment2 ALA116 #7 norm,,1.00333157964813,0.0756342026168673
Norm,Experiment2 ALA116 #8 norm,,0.925354000481916,0.144769816172233
Norm,Experiment2 PYR #1 norm,,1.00300425294222,0.0129059000708225
Norm,Experiment2 PYR #2 norm,,0.987633209701517,0.0576429551431383
Norm,Experiment2 PYR #3 norm,,1.00425355577035,0.0781829102134577
Norm,Experiment2 PYR #4 norm,,1.0218435371593,0.0546242391095009
Norm,Experiment2 PYR #5 norm,,0.974739964787178,0.110193780900735
Norm,Experiment2 PYR #6 norm,,0.972023107486821,0.134705253340426
Norm,Experiment2 PYR #7 norm,,1.03682481236924,0.0887311875916622
Norm,Experiment2 PYR #8 norm,,0.930006352221053,0.123843357876973
