type,id,eqn,val,std
Net flux,CO2.t,CO2.t -> CO2,66.8356807560429,1.52123731559773
Net flux,CO2_sink,dummy -> Sink,66.8356807560429,1.52123731559773
Net flux,RUBICSO_CO2,RUBP.p + CO2 -> 3PGA.p + 3PGA.p + dummy,68.5799493289727,1.52849526627888
Net flux,GAPDH.p net,3PGA.p <-> TP.p,138.708958213033,3.08840445312035
Exch flux,GAPDH.p exch,3PGA.p <-> TP.p,467.835834773815,367.258622579815
Net flux,ALD,TP.p + E4P.p -> SBP,23.5551501862043,0.510912728954027
Net flux,SBP,SBP -> S7P.p,23.5551501862043,0.510912728954027
Net flux,FBA.p net,TP.p + TP.p <-> FBP.p,31.1502709370725,0.799732415366567
Exch flux,FBA.p exch,TP.p + TP.p <-> FBP.p,22646.1470988734,2217.15333100742
Net flux,PFK.p net,FBP.p <-> F6P.p,31.1502709370756,0.799732415366567
Exch flux,PFK.p exch,FBP.p <-> F6P.p,9.99994256289938e-08,5.6910775128122e-13
Net flux,TK1 net,TP.p + EC2 <-> X5P.p,47.1103003724129,1.02182545790805
Exch flux,TK1 exch,TP.p + EC2 <-> X5P.p,23523.7795404495,4913.34091703338
Net flux,TK2 net,S7P.p <-> R5P.p + EC2,23.5551501862043,0.510912728954027
Exch flux,TK2 exch,S7P.p <-> R5P.p + EC2,38.0464824723319,5124.31098133002
Net flux,TK3 net,F6P.p <-> E4P.p + EC2,23.5551501862028,0.510912728954027
Exch flux,TK3 exch,F6P.p <-> E4P.p + EC2,22572.6796461908,4954.78352134025
Net flux,PPE net,X5P.p <-> RU5P.p,47.1103003724093,1.02182545790805
Exch flux,PPE exch,X5P.p <-> RU5P.p,23644.8802961505,4849.86360270415
Net flux,PPI net,R5P.p <-> RU5P.p,23.5551501862043,0.510912728954027
Exch flux,PPI exch,R5P.p <-> RU5P.p,258.571435328067,4937.5527954232
Net flux,PRK,RU5P.p -> RUBP.p,70.6654505586131,1.5327381868631
Net flux,RUBISCO_O2,RUBP.p -> 3PGA.p + 2PG.p,2.08550122964037,0.0846534382981722
Net flux,GLYdil net,GLY.p <-> GLY.x + dummyGLY,0.0146302053252398,0.00169217054417213
Exch flux,GLYdil exch,GLY.p <-> GLY.x + dummyGLY,1.0000000116861e-07,0
Net flux,SERdil net,SER.p <-> SER.x + dummySER,0.0847118560969591,0.239084244949423
Exch flux,SERdil exch,SER.p <-> SER.x + dummySER,1.00000342229123e-07,7.86942023127569e-14
Net flux,GK,GA.p -> 3PGA.p,0.0758159072826312,0.433482435011962
Net flux,PGI.p net,F6P.p <-> G6P.p,7.59512075087216,0.426519965420582
Exch flux,PGI.p exch,F6P.p <-> G6P.p,2.83355516442946,4533.54278267358
Net flux,PGM.p,G6P.p -> ADPG.p,7.59512075087217,0.426519965420582
Net flux,Starch,ADPG.p -> Starch,7.59512075087214,0.426519965420582
Net flux,FBA.c net,TP.c + TP.c <-> FBP.c,2.87148289013568,0.332123757638911
Exch flux,FBA.c exch,TP.c + TP.c <-> FBP.c,21.8393835113131,2959.52294123382
Net flux,PFK.c net,FBP.c <-> F6P.c,2.8714828901357,0.332123757638911
Exch flux,PFK.c exch,FBP.c <-> F6P.c,7.29848582756752,10.0560468445874
Net flux,PGI.c net,F6P.c <-> G6P.c,1.43574144506786,0.166061878819456
Exch flux,PGI.c exch,F6P.c <-> G6P.c,226.83653861041,5830.20532954296
Net flux,PGM.c net,G6P.c <-> UDPG.c,1.4357414450642,0.166061878819456
Exch flux,PGM.c exch,G6P.c <-> UDPG.c,48481.458721605,4956.21927977474
Net flux,SPS,F6P.c + UDPG.c -> S6P,1.43574144506781,0.166061878819456
Net flux,PGAM.c net,3PGA.c <-> PEP.c,0.612257581834721,0.0708154275101929
Exch flux,PGAM.c exch,3PGA.c <-> PEP.c,9.99999316686484e-08,5210.09216531255
Net flux,PK.c,PEP.c -> PYR.c,0.277916471521543,0.0321445978582842
Net flux,PDH,PYR.c + dummy -> ACA + CO2,0.231297946800129,0.0267525686417345
Net flux,CS,OAA + ACA -> CIT,0.231297946800125,0.0267525686417345
Net flux,ACO net,CIT <-> ICI,0.231297946800169,0.0267525686417345
Exch flux,ACO exch,CIT <-> ICI,1325.18488705069,4261.48993433774
Net flux,IDH,ICI + dummy -> AKG + CO2,0.231297946800141,0.0267525686417345
Net flux,MDH net,MAL <-> OAA,7.105427357601e-15,0
Exch flux,MDH exch,MAL <-> OAA,0.423338490820235,0.0715932708575217
Net flux,PPC,PEP.c + CO2 -> OAA + dummy,0.334341110312699,0.0386708297150187
Net flux,T_3PGA net,3PGA.p <-> 3PGA.c,0.612257581834697,0.0708154275101929
Exch flux,T_3PGA exch,3PGA.p <-> 3PGA.c,1.0000000116861e-07,0
Net flux,T_DHAP net,TP.p <-> TP.c,5.74296578027141,0.664247515277822
Exch flux,T_DHAP exch,TP.p <-> TP.c,5.47786094521625,3.7315125722703
Net flux,ALT,PYR.c -> ALA.c,0.0466185247213257,0.00539202919781378
Net flux,ASPT,OAA -> ASP,0.103043163512555,0.011918261024046
Net flux,GLUDH,AKG -> GLU,0.231297946800118,0.0267525686417345
Net flux,PCR net,GLU <-> PRO,-2.48689957516035e-14,0
Exch flux,PCR exch,GLU <-> PRO,1.0000000116861e-07,0
Net flux,GS net,GLU <-> GLN,0,0
Exch flux,GS exch,GLU <-> GLN,1.00042306883097e-07,0
Net flux,TS net,ASP <-> THR,0,0
Exch flux,TS exch,ASP <-> THR,1.0000000116861e-07,0
Net flux,AS net,ASP <-> ASN,1.06581410364015e-14,0
Exch flux,AS exch,ASP <-> ASN,1.0000000116861e-07,0
Net flux,G_3PGA.p,0*3PGA.p -> 3PGA,2.46866315478655e-06,6516.2945047833
Net flux,G_3PGA.c,0*3PGA.c -> 3PGA,92.9119081393577,4763.46890363851
Net flux,G_DHAP.p,0*TP.p -> TP,40.6853798422419,7008.84960032844
Net flux,G_DHAP.c,0*TP.c -> TP,51.8471856996948,4879.48556412355
Net flux,G_F6P.p,0*F6P.p -> F6P,48.6686345030749,6614.1844649686
Net flux,G_F6P.c,0*F6P.c -> F6P,36.546576817712,4707.86755022118
Net flux,G_FBP.p,0*FBP.p -> FBP,2.4686614779057e-06,7201.33203057443
Net flux,G_FBP.c,0*FBP.c -> FBP,83.4512310495041,5051.40352112795
Net flux,G_G6P.p,0*G6P.p -> G6P,19.0549768397257,6878.76760735582
Net flux,G_G6P.c,0*G6P.c -> G6P,58.8549499993083,4827.48949113014
Net flux,G_RU5P.p,0*RU5P.p -> P5P,2.46865387865114e-06,7176.98686024021
Net flux,G_X5P.p,0*X5P.p -> P5P,92.8477691488417,4840.65183180203
Net flux,G_R5P.p,0*R5P.p -> R5P,82.2810779884949,4815.68385767107
Net flux,G_GA.p,0*GA.p -> GA,34.1692464494374,4.47998854333482
Net flux,G_SER.p,0*SER.p -> SER,79.9880774813589,4992.65383425337
Net flux,G_GLY.p,0*GLY.p -> GLY,1.4380168499963,5040.6328492386
Net flux,G_RUBP.p,0*RUBP.p -> RUBP,92.5302752673063,4798.50511834168
Net flux,G_S7P.p,0*S7P.p -> S7P,98.4567310636212,4954.4060640216
Net flux,G_2PG.p,0*2PG.p -> 2PG,87.0427532706349,4835.14566766301
Net flux,G_ADPG.p,0*ADPG.p -> ADPG,95.0805622183481,4987.25096442763
Net flux,G_PEP.c,0*PEP.c -> PEP,89.2305410445615,5123.04095071612
Net flux,G_UDPG.c,0*UDPG.c -> UDPG,72.4268033045549,5171.72077650625
Net flux,G_ALA.c,0*ALA.c -> ALA,71.401931180152,6.81426793764624
Net flux,(1-G)_GA,0*GA.x -> GA,65.8307535505646,4.47998854333482
Net flux,(1-G)_SER,0*SER.x -> SER,20.0119220682031,4.84524484932754
Net flux,(1-G)_GLY,0*GLY.x -> GLY,48.4044045631295,6.12224073627817
Net flux,(1-G)_R5P,0*R5P.x -> R5P,17.718922011502,4815.68385767107
Net flux,(1-G)_RUBP,0*RUBP.x -> RUBP,7.46972473269241,4798.50511834168
Net flux,(1-G)_3PGA,0*3PGA.x -> 3PGA,7.08808939197941,4473.36169922242
Net flux,(1-G)_TP,0*TP.x -> TP,7.46743445806384,4967.8010376364
Net flux,(1-G)_F6P,0*F6P.x -> F6P,14.7847886792169,4926.32783282273
Net flux,(1-G)_FBP,0*FBP.x -> FBP,16.5487664818292,5087.61653695549
Net flux,(1-G)_G6P,0*G6P.x -> G6P,22.0900731609643,4991.72983913087
Net flux,(1-G)_RU5P,0*RU5P.x -> P5P,7.15222838250585,4991.92006217037
Net flux,(1-G)_S7P,0*S7P.x -> S7P,1.5432689363768,4954.4060640216
Net flux,(1-G)_2PG,0*2PG.x -> 2PG,12.9572467293675,4835.14566766301
Net flux,(1-G)_ADPG,0*ADPG.x -> ADPG,4.91943778165087,4987.25096442763
Net flux,(1-G)_PEP,0*PEP.x -> PEP,10.7694589554367,5123.04095071612
Net flux,(1-G)_UDPG,0*UDPG.x -> UDPG,27.5731966954463,5171.72077650625
Net flux,(1-G)_ALA,0*ALA.x -> ALA,28.5980688198478,6.81426793764624
Net flux,PGASink,3PGA -> Sink,100,0
Net flux,DHAPSink,TP -> Sink,100.000000000001,0
Net flux,F6PSink,F6P -> Sink,100.000000000004,0
Net flux,FBPSink,FBP -> Sink,99.9999999999948,0
Net flux,G6PSink,G6P -> Sink,99.9999999999983,0
Net flux,P5PSink,P5P -> Sink,100.000000000001,0
Net flux,R5PSink,R5P -> Sink,99.9999999999968,0
Net flux,GASink,GA -> Sink,100.000000000002,0
Net flux,SERSink,SER -> Sink,99.9999999999996,0
Net flux,GLYSink,GLY -> Sink,100.000000000001,0
Net flux,RUBPSink,RUBP -> Sink,99.9999999999987,0
Net flux,S7PSink,S7P -> Sink,99.9999999999979,0
Net flux,2PGSink,2PG -> Sink,100.000000000002,0
Net flux,ADPGSink,ADPG -> Sink,99.9999999999989,0
Net flux,PEPSink,PEP -> Sink,99.9999999999983,0
Net flux,UDPGSink,UDPG -> Sink,100.000000000001,0
Net flux,ALASink,ALA -> Sink,99.9999999999998,0
Net flux,S6Pout-LL,S6P + 0.1611*GLU + 0.07177*ASP + 0.03247*ALA.c + 0.01019*dummyGLY + 0.03484*dummySER -> Sink,1.43574144506784,0.166061878819456
Net flux,PGP.p,2PG.p -> Glyc.p,2.08550122964039,0.0846534382981722
Net flux,GOX,Glyc.p -> Glyx.p,2.0855012296404,0.0846534382981722
Net flux,GGT,Glyx.p -> GLY.p,2.08550122964039,0.0846534382981722
Net flux,SGAT,SER.p -> HPA.p,0.0758159072826203,0.433482435011962
Net flux,HPR.p,HPA.p -> GA.p,0.0758159072826148,0.433482435011962
Net flux,T_GLY-m net,GLY.p <-> GLY.m,2.07066522254172,7040.33759147101
Exch flux,T_GLY-m exch,GLY.p <-> GLY.m,27079.8093519238,5071.54971587553
Net flux,GDC.m,GLY.m + dummy -> myTHF.m + CO2,1.61601378964202,0.126653600886138
Net flux,T_SER-m net,SER.p <-> SER.m,-1.6160137896419,0.126653600886138
Exch flux,T_SER-m exch,SER.p <-> SER.m,1004.77455027163,4618.42946013474
Net flux,mSHMT,GLY.m + myTHF.m -> SER.m,1.61601378964202,0.126653600886138
Net flux,T_SER-c net,SER.p <-> SER.c,1.45548602626243,0.498187292122236
Exch flux,T_SER-c exch,SER.p <-> SER.c,9.99999842932198e-08,0
Net flux,T_Gly-c net,GLY.p <-> GLY.c,0.000205801769161518,7040.33759096182
Exch flux,T_Gly-c exch,GLY.p <-> GLY.c,7.18347729438129e-05,5049.09621230203
Net flux,cSHMT,SER.c -> GLY.c + meTHF.c,1.27380914920106,5303.23746531388
Net flux,FmTHF-reductase net,meTHF.c <-> FmTHF.c,1.27380914920106,5303.23746531388
Exch flux,FmTHF-reductase exch,meTHF.c <-> FmTHF.c,7.24406425984021,7002.24331364251
Net flux,Met-synthase,FmTHF.c + Hcy.c -> Met.c,1.27380914920104,5303.23746531388
Net flux,SAM-synthase,Met.c -> SAM.c,1.27380914920105,5303.23746531388
Net flux,Methylation,SAM.c -> SAH.c + Acceptor.c,1.27380914920104,5303.23746531388
Net flux,hydrolysis,SAH.c -> Hcy.c,1.27380914920104,5303.23746531388
Net flux,G_SER.m,0*SER.m -> SER,1.0000000116861e-07,0
Net flux,G_SER.c,0*SER.c -> SER,3.50437545648674e-07,4992.6514831638
Net flux,G_Gly.m,0*GLY.m -> GLY,0.000100021195045485,5040.63250020127
Net flux,G_Gly.c,0*GLY.c -> GLY,50.1574785656804,7.23456097101017
Net flux,T_GLY-c-m,GLY.c -> GLY.m,1.16136235673806,7040.33759460429
Net flux,G_Glyc,0*Glyc.p -> Glyc,14.0746624595564,3.01020437090745
Net flux,G_Glyx,0*Glyx.p -> Glyx,96.9075944242609,4951.85838531589
Net flux,G_HPA,0*HPA.p -> HPA,8.55704553414164,1.99445011582288
Net flux,(1-G)_Glyc,0*Glyc.x -> Glyc,85.9253375404442,3.01020437090745
Net flux,(1-G)_Glyx,0*Glyx.x -> Glyx,3.09240557573998,4951.85838531589
Net flux,(1-G)_HPA,0*HPA.x -> HPA,91.4429544658583,1.99445011582288
Net flux,GlycSink,Glyc -> Sink,100.000000000001,0
Net flux,GlyxSink,Glyx -> Sink,100.000000000001,0
Net flux,HPASink,HPA -> Sink,99.9999999999998,0
Net flux,SERex,dummySER -> outSER,0.0346860211647484,0.239364511058334
Net flux,G_PYR,0*PYR.c -> PYR,46.5001531384943,3.00738482688644
Net flux,(1-G)_PYR,0*PYR.x -> PYR,53.4998468615059,3.00738482688644
Net flux,PYRSink,PYR -> Sink,100,0
Net flux,G_meTHF,0*meTHF.c -> meTHF,99.9999998999999,0
Net flux,G_FmTHF,0*FmTHF.c -> FmTHF,81.3132266713987,4.89570703187421
Net flux,G_Met,0*Met.c -> Met,65.9819593071737,4.64656158154882
Net flux,G_SAM,0*SAM.c -> SAM,45.7685875508987,3.6119900412919
Net flux,(1-G)_meTHF,0*meTHF.x -> meTHF,1.0000000116861e-07,0
Net flux,(1-G)_FmTHF,0*FmTHF.x -> FmTHF,18.6867733286014,4.89570703187421
Net flux,(1-G)_Met,0*Met.x -> Met,34.0180406928264,4.64656158154882
Net flux,(1-G)_SAM,0*SAM.x -> SAM,54.2314124491013,3.6119900412919
Net flux,meTHFSink,meTHF -> Sink,99.9999999999999,0
Net flux,FmTHFSink,FmTHF -> Sink,100,0
Net flux,MetSink,Met -> Sink,100,0
Net flux,SAMsink,SAM -> Sink,100,0
Net flux,Met-protein,Met.c -> Protein,6.51983996113883e-15,0
Net flux,GLY-protein,GLY.c -> Protein,0.112652594232185,5303.237470149
Net flux,SER-protein,SER.c -> Protein,0.181676877061372,5303.23748871332
Pool,2PG pool,,0,0
Pool,2PG.p pool,,1.03734286953535e-06,4872.04154299353
Pool,2PG.x pool,,1,Inf
Pool,3PGA pool,,0,0
Pool,3PGA.c pool,,0.00175602622679073,0.00728909226439682
Pool,3PGA.p pool,,4.09797874704607e-06,5020.74999607026
Pool,3PGA.x pool,,1,Inf
Pool,ACA pool,,1.2262504698295e-06,4899.47429156659
Pool,ADPG pool,,0,0
Pool,ADPG.p pool,,9.9999999999999e-08,Inf
Pool,ADPG.x pool,,1,Inf
Pool,AKG pool,,1.23296961202939e-06,5034.01884514899
Pool,ALA pool,,0,0
Pool,ALA.c pool,,0.00967369621512754,0.00281207433436198
Pool,ALA.x pool,,1,Inf
Pool,ASN pool,,7566.06819593049,4791.86209338105
Pool,ASP pool,,0.0198483556013926,0.0137327799661649
Pool,Acceptor.c pool,,1,Inf
Pool,CIT pool,,3.56629399006113,1.03525251324721
Pool,CO2 pool,,2.60706241016532e-05,4755.4164486576
Pool,CO2.t pool,,1,Inf
Pool,E4P.p pool,,0,0
Pool,EC2 pool,,0,0
Pool,F6P pool,,0,0
Pool,F6P.c pool,,3.8297606680575e-06,5023.49471031205
Pool,F6P.p pool,,3.94299672569622e-06,5086.53417242812
Pool,F6P.x pool,,1,Inf
Pool,FBP pool,,0,0
Pool,FBP.c pool,,3.80353117876011e-06,5271.42134771116
Pool,FBP.p pool,,3.73538865886401e-06,5102.7355209711
Pool,FBP.x pool,,1,Inf
Pool,FmTHF pool,,6.42072672377029,2.76175332872404
Pool,FmTHF.c pool,,5.21899678985747e-07,5000.01466436498
Pool,FmTHF.x pool,,1,Inf
Pool,G6P pool,,0,0
Pool,G6P.c pool,,9.87598005963316e-06,4951.59354745397
Pool,G6P.p pool,,3.81143319713965e-06,5072.22105466816
Pool,G6P.x pool,,1,Inf
Pool,GA pool,,0,0
Pool,GA.p pool,,5.00411941068826e-07,4805.74199437417
Pool,GA.x pool,,1,Inf
Pool,GLN pool,,8.83867754929644,4993.77103300958
Pool,GLU pool,,1.23302128931092e-06,5136.43820777328
Pool,GLY pool,,0,0
Pool,GLY.c pool,,1.00000000002876e-07,5140.63060343459
Pool,GLY.m pool,,1.00000000002876e-07,0
Pool,GLY.p pool,,1.00000000000002e-07,0
Pool,GLY.x pool,,1,Inf
Pool,Glyc pool,,16.4167840787667,7.61988950328102
Pool,Glyc.p pool,,1.17977005545047e-06,5174.78858367235
Pool,Glyc.x pool,,1,Inf
Pool,Glyx pool,,1850.82538491376,1361.70576903813
Pool,Glyx.p pool,,1.44793603139662e-06,5047.20996483536
Pool,Glyx.x pool,,1,Inf
Pool,HPA pool,,0.000163647318078256,4936.86331057622
Pool,HPA.p pool,,4.54706890307835e-07,4951.58604660195
Pool,HPA.x pool,,1,Inf
Pool,Hcy.c pool,,1,Inf
Pool,ICI pool,,0.00383226891468767,5086.18864195046
Pool,MAL pool,,0.987643524110757,0.223781680185143
Pool,Met pool,,0.000162621118136117,5141.22597396386
Pool,Met.c pool,,8.08086470409305e-07,5117.48367202709
Pool,Met.x pool,,1,Inf
Pool,OAA pool,,0.0744051320783851,0.0670428315013515
Pool,P5P pool,,0,0
Pool,PEP pool,,0,0
Pool,PEP.c pool,,0.00210051470321624,0.00604075722557699
Pool,PEP.x pool,,1,Inf
Pool,PRO pool,,5.39499638312445,4911.61845145869
Pool,PYR pool,,1e-07,0
Pool,PYR.c pool,,0.0216855749843048,0.00563620504292281
Pool,PYR.x pool,,1,Inf
Pool,Protein pool,,1,Inf
Pool,R5P pool,,0,0
Pool,R5P.p pool,,2.97436648137804e-05,5191.74247668888
Pool,R5P.x pool,,1,Inf
Pool,RU5P.p pool,,3.83449860569128e-06,5091.96556345018
Pool,RU5P.x pool,,1,Inf
Pool,RUBP pool,,0,0
Pool,RUBP.p pool,,3.85881477010181e-06,5095.42834145808
Pool,RUBP.x pool,,1,Inf
Pool,S6P pool,,1,Inf
Pool,S7P pool,,0,0
Pool,S7P.p pool,,4.02188908678494e-06,4916.53009317563
Pool,S7P.x pool,,1,Inf
Pool,SAH.c pool,,1,Inf
Pool,SAM pool,,0.000677589327276694,5304.64943746343
Pool,SAM.c pool,,1.73013680161499e-06,5038.46288538784
Pool,SAM.x pool,,1,Inf
Pool,SBP pool,,0,0
Pool,SER pool,,0,0
Pool,SER.c pool,,1.00000000002876e-07,0
Pool,SER.m pool,,0.517443111769986,0.0442450543121213
Pool,SER.p pool,,0.000403322476047387,4754.79225196516
Pool,SER.x pool,,1,Inf
Pool,Sink pool,,1,Inf
Pool,Starch pool,,1,Inf
Pool,THR pool,,3889.77784562618,4959.76270709644
Pool,TP pool,,0,0
Pool,TP.c pool,,4.16275763920253e-06,5089.0058324491
Pool,TP.p pool,,4.1433232916047e-06,5077.50268362936
Pool,TP.x pool,,1,Inf
Pool,UDPG pool,,0,0
Pool,UDPG.c pool,,1.6148432692127,0.676037269026591
Pool,UDPG.x pool,,1,Inf
Pool,X5P.p pool,,3.94730038825653e-06,5051.26225815641
Pool,dummy pool,,1,Inf
Pool,dummyGLY pool,,1,Inf
Pool,dummySER pool,,1,Inf
Pool,meTHF pool,,0.000224493662549002,5036.64964490716
Pool,meTHF.c pool,,5.10794387345268e-07,5089.99077590599
Pool,meTHF.x pool,,1,Inf
Pool,myTHF.m pool,,1.00000000002876e-07,0
Pool,outSER pool,,1,Inf
Norm,Experiment2 Glyc205 #1 norm,,0.951149436158397,0.0380629714411757
Norm,Experiment2 Glyc205 #2 norm,,0.976232834637342,0.0148558696406858
Norm,Experiment2 Glyc205 #3 norm,,0.973423695658845,0.0217877049743462
Norm,Experiment2 Glyc205 #4 norm,,0.947061967449396,0.0204453976122513
Norm,Experiment2 Glyc205 #5 norm,,1.03783153880041,0.0254068074193838
Norm,Experiment2 Glyc205 #6 norm,,1.02446088402477,0.02629030190114
Norm,Experiment2 Glyc205 #7 norm,,0.981969035659848,0.0363448208604414
Norm,Experiment2 Glyc205 #8 norm,,0.976152880591904,0.108017311465842
Norm,Experiment2 Glyx160 #1 norm,,0.996615580717035,0.011078397186256
Norm,Experiment2 Glyx160 #2 norm,,0.991119353115884,0.0138431202504562
Norm,Experiment2 Glyx160 #3 norm,,0.996310409417371,0.0123085018929843
Norm,Experiment2 Glyx160 #4 norm,,0.993404754548552,0.0163172372751957
Norm,Experiment2 Glyx160 #5 norm,,0.995251307019608,0.0134495655899172
Norm,Experiment2 Glyx160 #6 norm,,1.01660370024283,0.0208290535664811
Norm,Experiment2 Glyx160 #7 norm,,0.96597150542818,0.0306280798372996
Norm,Experiment2 Glyx160 #8 norm,,1.04112359918474,0.125322293344016
Norm,Experiment2 GLY276 #1 norm,,1.00469122791156,0.0107299008137872
Norm,Experiment2 GLY276 #2 norm,,0.967394392643695,0.0218741680693534
Norm,Experiment2 GLY276 #3 norm,,0.99141447994701,0.0191409659946112
Norm,Experiment2 GLY276 #4 norm,,1.00979290196505,0.0174186532212456
Norm,Experiment2 GLY276 #5 norm,,1.00869410157555,0.0383720893334542
Norm,Experiment2 GLY276 #6 norm,,1.02552954429868,0.0981265397078911
Norm,Experiment2 GLY276 #7 norm,,0.949726569727432,0.136225888743223
Norm,Experiment2 GLY276 #8 norm,,0.997156343104212,0.134786377993248
Norm,Experiment2 HPA262 #1 norm,,1.03152861939646,0.0212119703162475
Norm,Experiment2 HPA262 #2 norm,,0.968614434375972,0.0240606660402565
Norm,Experiment2 HPA262 #3 norm,,0.998591584309428,0.0250011711069887
Norm,Experiment2 HPA262 #4 norm,,0.915934248460318,0.0266160674066217
Norm,Experiment2 HPA262 #5 norm,,0.953881053908095,0.021965493315542
Norm,Experiment2 HPA262 #6 norm,,0.983536353274495,0.028816282534516
Norm,Experiment2 HPA262 #7 norm,,0.983404567641018,0.0236753644509137
Norm,Experiment2 HPA262 #8 norm,,0.985767815189706,0.0376347328655789
Norm,Experiment2 GA307 #1 norm,,0.981378996703083,0.0106917112195123
Norm,Experiment2 GA307 #2 norm,,0.910063452496647,0.0292173788761294
Norm,Experiment2 GA307 #3 norm,,0.851614771098096,0.0205283165890505
Norm,Experiment2 GA307 #4 norm,,0.986209598968441,0.0251621515590242
Norm,Experiment2 GA307 #5 norm,,0.951643660556381,0.0741641992488457
Norm,Experiment2 GA307 #6 norm,,0.792746216231207,0.0902994596763422
Norm,Experiment2 GA307 #7 norm,,0.905357570149477,0.0765972957450655
Norm,Experiment2 GA307 #8 norm,,0.801436957818173,0.160021043128734
Norm,Experiment2 SER306 #1 norm,,1.01524838024686,0.0128721206001543
Norm,Experiment2 SER306 #2 norm,,0.955868895276152,0.0334299943129083
Norm,Experiment2 SER306 #3 norm,,1.00959276141323,0.0203210022172647
Norm,Experiment2 SER306 #4 norm,,1.02004769041721,0.0247304323077657
Norm,Experiment2 SER306 #5 norm,,0.986728313399243,0.0626507185139332
Norm,Experiment2 SER306 #6 norm,,0.957738056077193,0.127415083458648
Norm,Experiment2 SER306 #7 norm,,1.28739617558645,0.139723229046036
Norm,Experiment2 SER306 #8 norm,,1.02111653669128,0.118198986550138
Norm,Experiment2 meTHF #1 norm,,0.995777302204164,0.010023945323308
Norm,Experiment2 meTHF #2 norm,,0.977404778604607,0.0136758730659066
Norm,Experiment2 meTHF #3 norm,,0.979075107293354,0.0268072165828586
Norm,Experiment2 meTHF #4 norm,,1.04058399880001,0.0273952914923978
Norm,Experiment2 meTHF #5 norm,,1.01584630680877,0.0832936296421125
Norm,Experiment2 meTHF #6 norm,,1.02671177093001,0.164653850455693
Norm,Experiment2 meTHF #7 norm,,1.03347136698661,0.184194469874067
Norm,Experiment2 meTHF #8 norm,,1.02194537330751,0.0667064922757096
Norm,Experiment2 FmTHF #1 norm,,1.01419906750035,0.0100500356646539
Norm,Experiment2 FmTHF #2 norm,,0.988710194718752,0.0114838648463123
Norm,Experiment2 FmTHF #3 norm,,1.00416596929624,0.0102024757735967
Norm,Experiment2 FmTHF #4 norm,,1.0259705000267,0.023215264789915
Norm,Experiment2 FmTHF #5 norm,,0.972080979866692,0.039576451895443
Norm,Experiment2 FmTHF #6 norm,,0.982572722820898,0.071197169616153
Norm,Experiment2 FmTHF #7 norm,,1.00569299572097,0.0948761362396104
Norm,Experiment2 FmTHF #8 norm,,1.00128004205689,0.0649055026393129
Norm,Experiment2 Met176 #1 norm,,0.930757017997554,0.0230208097377547
Norm,Experiment2 Met176 #2 norm,,0.894575594155968,0.0361044844767629
Norm,Experiment2 Met176 #3 norm,,0.923356187719898,0.0321210149321957
Norm,Experiment2 Met176 #4 norm,,0.972284171252853,0.101558012135883
Norm,Experiment2 Met176 #5 norm,,0.926655213842255,0.0674842793783094
Norm,Experiment2 Met176 #6 norm,,0.990431515697572,0.0351867774773862
Norm,Experiment2 Met176 #7 norm,,1.01806781992272,0.0612362752361853
Norm,Experiment2 Met176 #8 norm,,1.00591009276378,0.19303133383353
Norm,Experiment2 SAM #1 norm,,0.98962709932019,0.0142336660863495
Norm,Experiment2 SAM #2 norm,,0.978235770122698,0.0214240630065709
Norm,Experiment2 SAM #3 norm,,0.96315608158089,0.0337123781522691
Norm,Experiment2 SAM #4 norm,,1.00866792077246,0.0460448196502493
Norm,Experiment2 SAM #5 norm,,1.00328506919929,0.0217743296585525
Norm,Experiment2 SAM #6 norm,,1.02463763432838,0.0626055129314229
Norm,Experiment2 SAM #7 norm,,0.991403000832607,0.0722539787805957
Norm,Experiment2 SAM #8 norm,,0.999457629418022,0.069149703652715
Norm,Experiment2 CIT465 #1 norm,,0.98212703052107,0.0120603950304497
Norm,Experiment2 CIT465 #2 norm,,0.967265511238954,0.0103263386616419
Norm,Experiment2 CIT465 #3 norm,,1.00478356739697,0.0134968516096832
Norm,Experiment2 CIT465 #4 norm,,0.982708236070242,0.0127347862333369
Norm,Experiment2 CIT465 #5 norm,,0.952420131232745,0.0154747238896067
Norm,Experiment2 CIT465 #6 norm,,0.996506577741759,0.0117834754973339
Norm,Experiment2 CIT465 #7 norm,,0.994189207511879,0.0151096147876578
Norm,Experiment2 CIT465 #8 norm,,1.04675564574677,0.0218753963248594
Norm,Experiment2 MAL335 #1 norm,,1.00465342909039,0.0117103189485129
Norm,Experiment2 MAL335 #2 norm,,1.0200599553477,0.0139530747351219
Norm,Experiment2 MAL335 #3 norm,,0.973374310586313,0.0127426492551561
Norm,Experiment2 MAL335 #4 norm,,0.9655791692438,0.0115741367216425
Norm,Experiment2 MAL335 #5 norm,,0.959361903987444,0.014566787120735
Norm,Experiment2 MAL335 #6 norm,,1.00584892788894,0.0165452803641426
Norm,Experiment2 MAL335 #7 norm,,0.959876646059316,0.0200218052197939
Norm,Experiment2 MAL335 #8 norm,,0.986819464885366,0.0394712207283287
Norm,Experiment2 ASP334 #1 norm,,0.96669889469564,0.0156446778497079
Norm,Experiment2 ASP334 #2 norm,,0.966688677362422,0.0231541549988751
Norm,Experiment2 ASP334 #3 norm,,0.936387893340214,0.0175944885918197
Norm,Experiment2 ASP334 #4 norm,,0.989614066798627,0.0211694466225467
Norm,Experiment2 ASP334 #5 norm,,0.959403465011576,0.0238789951655556
Norm,Experiment2 ASP334 #6 norm,,0.99506449609041,0.0560911337122481
Norm,Experiment2 ASP334 #7 norm,,0.976122494158294,0.0565843534051683
Norm,Experiment2 ASP334 #8 norm,,0.972776302871296,0.0363518222345543
Norm,Experiment2 GLU348 #1 norm,,1.00913463923975,0.0119496452736543
Norm,Experiment2 GLU348 #2 norm,,1.0051817993195,0.0126041620220549
Norm,Experiment2 GLU348 #3 norm,,0.983209688761705,0.0117890300318572
Norm,Experiment2 GLU348 #4 norm,,0.966857353831452,0.0146806504522522
Norm,Experiment2 GLU348 #5 norm,,1.00758384854069,0.0313947374199582
Norm,Experiment2 GLU348 #6 norm,,0.947654545304495,0.014658428104331
Norm,Experiment2 GLU348 #7 norm,,0.916296545993524,0.0218104212951364
Norm,Experiment2 GLU348 #8 norm,,0.873428271518489,0.0487983983555051
Norm,Experiment2 THR320 #1 norm,,0.981157010266868,0.00987482823519654
Norm,Experiment2 THR320 #2 norm,,0.999208492997103,0.0117679517929948
Norm,Experiment2 THR320 #3 norm,,0.996578735759165,0.0102013984795073
Norm,Experiment2 THR320 #4 norm,,1.01892029031646,0.0114698408556266
Norm,Experiment2 THR320 #5 norm,,0.986905621487807,0.0202601795153184
Norm,Experiment2 THR320 #6 norm,,1.00272299631676,0.0109625580557231
Norm,Experiment2 THR320 #7 norm,,0.982168600491189,0.0140983710709265
Norm,Experiment2 THR320 #8 norm,,0.983895053688522,0.0385033205970066
Norm,Experiment2 ALA116 #1 norm,,1.02725773744622,0.0103352775796001
Norm,Experiment2 ALA116 #2 norm,,1.00164096610236,0.0102120053491127
Norm,Experiment2 ALA116 #3 norm,,1.01821173561609,0.0107108873357383
Norm,Experiment2 ALA116 #4 norm,,1.03106640092359,0.0259661734966757
Norm,Experiment2 ALA116 #5 norm,,0.961125986948209,0.0703084680442472
Norm,Experiment2 ALA116 #6 norm,,0.983374313145968,0.0674019586358499
Norm,Experiment2 ALA116 #7 norm,,0.993763171420913,0.0664893896260792
Norm,Experiment2 ALA116 #8 norm,,1.0596153499039,0.169784752167372
Norm,Experiment2 PYR #1 norm,,0.995840989111836,0.012597727146987
Norm,Experiment2 PYR #2 norm,,0.899820786691073,0.055161053611519
Norm,Experiment2 PYR #3 norm,,0.969221233825574,0.0716309967264421
Norm,Experiment2 PYR #4 norm,,1.02895985107006,0.0542777642179889
Norm,Experiment2 PYR #5 norm,,1.02721659419258,0.141832114386659
Norm,Experiment2 PYR #6 norm,,0.968470962306141,0.132986878114544
Norm,Experiment2 PYR #7 norm,,1.00316260869785,0.0726245262745544
Norm,Experiment2 PYR #8 norm,,0.988411223518465,0.119854432029772
