type,id,eqn,val,std
Net flux,CO2.t,CO2.t -> CO2,65.686584255105,1.53221711983825
Net flux,CO2_sink,dummy -> Sink,65.6865842551049,1.53221711983825
Net flux,RUBICSO_CO2,RUBP.p + CO2 -> 3PGA.p + 3PGA.p + dummy,67.6604305125514,1.53937545293639
Net flux,GAPDH.p net,3PGA.p <-> TP.p,137.025916043254,3.06113469785261
Exch flux,GAPDH.p exch,3PGA.p <-> TP.p,9.99991769390363e-08,0.149595727794276
Net flux,ALD,TP.p + E4P.p -> SBP,23.2687910157771,0.514560662851326
Net flux,SBP,SBP -> S7P.p,23.2687910157771,0.514560662851326
Net flux,FBA.p net,TP.p + TP.p <-> FBP.p,30.4016473206684,0.783546982089934
Exch flux,FBA.p exch,TP.p + TP.p <-> FBP.p,20099.2105723894,4379.878028411
Net flux,PFK.p net,FBP.p <-> F6P.p,30.4016473206716,0.783546982089934
Exch flux,PFK.p exch,FBP.p <-> F6P.p,9.99985303451467e-08,6.49017575807236e-13
Net flux,TK1 net,TP.p + EC2 <-> X5P.p,46.5375820315541,1.02912132570265
Exch flux,TK1 exch,TP.p + EC2 <-> X5P.p,1.0000000116861e-07,0
Net flux,TK2 net,S7P.p <-> R5P.p + EC2,23.268791015777,0.514560662851326
Exch flux,TK2 exch,S7P.p <-> R5P.p + EC2,38.0422041887088,6513.4349378023
Net flux,TK3 net,F6P.p <-> E4P.p + EC2,23.2687910157783,0.514560662851326
Exch flux,TK3 exch,F6P.p <-> E4P.p + EC2,8611.48146305792,7904.77500206805
Net flux,PPE net,X5P.p <-> RU5P.p,46.5375820315541,1.02912132570265
Exch flux,PPE exch,X5P.p <-> RU5P.p,104.172489063716,6971.89050880066
Net flux,PPI net,R5P.p <-> RU5P.p,23.2687910157771,0.514560662851326
Exch flux,PPI exch,R5P.p <-> RU5P.p,240.180137094652,7506.68538982189
Net flux,PRK,RU5P.p -> RUBP.p,69.8063730473313,1.5436819885137
Net flux,RUBISCO_O2,RUBP.p -> 3PGA.p + 2PG.p,2.14594253477985,0.0846306046262954
Net flux,GLYdil net,GLY.p <-> GLY.x + dummyGLY,0.0163453926833128,0.00170941932468302
Exch flux,GLYdil exch,GLY.p <-> GLY.x + dummyGLY,1.0000000116861e-07,0
Net flux,SERdil net,SER.p <-> SER.x + dummySER,0.0558907658004202,0.00584510790684027
Exch flux,SERdil exch,SER.p <-> SER.x + dummySER,9.999637029523e-08,1.33136089971919e-12
Net flux,GK,GA.p -> 3PGA.p,0.24314872045257,0.135506579340554
Net flux,PGI.p net,F6P.p <-> G6P.p,7.13285630489438,0.411885930269926
Exch flux,PGI.p exch,F6P.p <-> G6P.p,9.99959937075801e-08,7.60446424334387e-13
Net flux,PGM.p,G6P.p -> ADPG.p,7.13285630489439,0.411885930269926
Net flux,Starch,ADPG.p -> Starch,7.13285630489436,0.411885930269926
Net flux,FBA.c net,TP.c + TP.c <-> FBP.c,3.20812417729032,0.335509189531149
Exch flux,FBA.c exch,TP.c + TP.c <-> FBP.c,23.4542634092586,7566.78487851248
Net flux,PFK.c net,FBP.c <-> F6P.c,3.20812417729033,0.335509189531149
Exch flux,PFK.c exch,FBP.c <-> F6P.c,15.0259268250945,339.029350128995
Net flux,PGI.c net,F6P.c <-> G6P.c,1.60406208864518,0.167754594765574
Exch flux,PGI.c exch,F6P.c <-> G6P.c,211.595908254099,5042.43037733371
Net flux,PGM.c net,G6P.c <-> UDPG.c,1.60406208864151,0.167754594765574
Exch flux,PGM.c exch,G6P.c <-> UDPG.c,48478.1456839166,7737.78560343228
Net flux,SPS,F6P.c + UDPG.c -> S6P,1.60406208864513,0.167754594765574
Net flux,PGAM.c net,3PGA.c <-> PEP.c,0.684036237082447,0.0715372694623081
Exch flux,PGAM.c exch,3PGA.c <-> PEP.c,1.70417265664902,7689.46956614682
Net flux,PK.c,PEP.c -> PYR.c,0.310498298499092,0.0324722568887977
Net flux,PDH,PYR.c + dummy -> ACA + CO2,0.258414402480827,0.0270252652400645
Net flux,CS,OAA + ACA -> CIT,0.258414402480823,0.0270252652400645
Net flux,ACO net,CIT <-> ICI,0.258414402480867,0.0270252652400645
Exch flux,ACO exch,CIT <-> ICI,2911.45749634521,4748.66689339509
Net flux,IDH,ICI + dummy -> AKG + CO2,0.258414402480839,0.0270252652400645
Net flux,MDH net,MAL <-> OAA,7.105427357601e-15,0
Exch flux,MDH exch,MAL <-> OAA,0.423899605750123,0.0966849091359951
Net flux,PPC,PEP.c + CO2 -> OAA + dummy,0.373537938582422,0.0390650124824312
Net flux,T_3PGA net,3PGA.p <-> 3PGA.c,0.684036237082424,0.0715372694623081
Exch flux,T_3PGA exch,3PGA.p <-> 3PGA.c,1.0000000116861e-07,0
Net flux,T_DHAP net,TP.p <-> TP.c,6.41624835458068,0.671018379062298
Exch flux,T_DHAP exch,TP.p <-> TP.c,1.0502824117645,0.667526364688178
Net flux,ALT,PYR.c -> ALA.c,0.0520838960182896,0.00544699170137845
Net flux,ASPT,OAA -> ASP,0.115123536102149,0.0120397472781506
Net flux,GLUDH,AKG -> GLU,0.258414402480816,0.0270252652400645
Net flux,PCR net,GLU <-> PRO,-2.48689957516035e-14,0
Exch flux,PCR exch,GLU <-> PRO,1.0000000116861e-07,0
Net flux,GS net,GLU <-> GLN,0,0
Exch flux,GS exch,GLU <-> GLN,1.00042036876857e-07,0
Net flux,TS net,ASP <-> THR,0,0
Exch flux,TS exch,ASP <-> THR,1.0000000116861e-07,0
Net flux,AS net,ASP <-> ASN,1.06581410364015e-14,0
Exch flux,AS exch,ASP <-> ASN,1.0000000116861e-07,0
Net flux,G_3PGA.p,0*3PGA.p -> 3PGA,2.46866314768113e-06,11267.2523001885
Net flux,G_3PGA.c,0*3PGA.c -> 3PGA,92.9119081393357,7894.10333345676
Net flux,G_DHAP.p,0*TP.p -> TP,40.6853798422419,9440.99412674604
Net flux,G_DHAP.c,0*TP.c -> TP,51.8471856996948,6045.9005249381
Net flux,G_F6P.p,0*F6P.p -> F6P,48.6686345030748,10180.206343741
Net flux,G_F6P.c,0*F6P.c -> F6P,36.546576817712,6045.9005249381
Net flux,G_FBP.p,0*FBP.p -> FBP,2.46866146369484e-06,9406.42348393015
Net flux,G_FBP.c,0*FBP.c -> FBP,83.451231053014,6045.9005249381
Net flux,G_G6P.p,0*G6P.p -> G6P,19.0549768397257,10288.8794781828
Net flux,G_G6P.c,0*G6P.c -> G6P,58.8549499993083,6045.9005249381
Net flux,G_RU5P.p,0*RU5P.p -> P5P,2.46865388575657e-06,9564.66577012245
Net flux,G_X5P.p,0*X5P.p -> P5P,92.8477691489745,6045.9005249381
Net flux,G_R5P.p,0*R5P.p -> R5P,82.2810779884949,8247.00034168903
Net flux,G_GA.p,0*GA.p -> GA,29.1742144193223,3.92682906815895
Net flux,G_SER.p,0*SER.p -> SER,78.9663284347162,7822.15544466463
Net flux,G_GLY.p,0*GLY.p -> GLY,0.901171548686008,7797.5210645193
Net flux,G_RUBP.p,0*RUBP.p -> RUBP,92.5302752673063,7959.03532960798
Net flux,G_S7P.p,0*S7P.p -> S7P,98.4567310636212,8058.89495870577
Net flux,G_2PG.p,0*2PG.p -> 2PG,87.0427532706349,7950.06133868259
Net flux,G_ADPG.p,0*ADPG.p -> ADPG,95.0805622183481,7621.98609624197
Net flux,G_PEP.c,0*PEP.c -> PEP,89.2305410445615,7533.62179550402
Net flux,G_UDPG.c,0*UDPG.c -> UDPG,72.4268033045549,6831.60854052485
Net flux,G_ALA.c,0*ALA.c -> ALA,75.3171182468989,8.51187293093914
Net flux,(1-G)_GA,0*GA.x -> GA,70.8257855806797,3.92682906815895
Net flux,(1-G)_SER,0*SER.x -> SER,21.0336693023105,6.08421733587284
Net flux,(1-G)_GLY,0*GLY.x -> GLY,51.606584229203,7.03255572257518
Net flux,(1-G)_R5P,0*R5P.x -> R5P,17.718922011502,8247.00034168903
Net flux,(1-G)_RUBP,0*RUBP.x -> RUBP,7.46972473269241,7959.03532960798
Net flux,(1-G)_3PGA,0*3PGA.x -> 3PGA,7.08808939200145,7972.03507930793
Net flux,(1-G)_TP,0*TP.x -> TP,7.46743445806384,7251.1693500984
Net flux,(1-G)_F6P,0*F6P.x -> F6P,14.7847886792169,8190.46323743032
Net flux,(1-G)_FBP,0*FBP.x -> FBP,16.5487664783193,7206.1008597983
Net flux,(1-G)_G6P,0*G6P.x -> G6P,22.0900731609643,8325.15031450624
Net flux,(1-G)_RU5P,0*RU5P.x -> P5P,7.15222838237306,7411.47206273526
Net flux,(1-G)_S7P,0*S7P.x -> S7P,1.5432689363768,8058.89495870577
Net flux,(1-G)_2PG,0*2PG.x -> 2PG,12.9572467293675,7950.06133868259
Net flux,(1-G)_ADPG,0*ADPG.x -> ADPG,4.91943778165087,7621.98609624197
Net flux,(1-G)_PEP,0*PEP.x -> PEP,10.7694589554367,7533.62179550402
Net flux,(1-G)_UDPG,0*UDPG.x -> UDPG,27.5731966954463,6831.60854052485
Net flux,(1-G)_ALA,0*ALA.x -> ALA,24.6828817531009,8.51187293093914
Net flux,PGASink,3PGA -> Sink,100,0
Net flux,DHAPSink,TP -> Sink,100.000000000001,0
Net flux,F6PSink,F6P -> Sink,100.000000000004,0
Net flux,FBPSink,FBP -> Sink,99.9999999999948,0
Net flux,G6PSink,G6P -> Sink,99.9999999999983,0
Net flux,P5PSink,P5P -> Sink,100.000000000001,0
Net flux,R5PSink,R5P -> Sink,99.9999999999968,0
Net flux,GASink,GA -> Sink,100.000000000002,0
Net flux,SERSink,SER -> Sink,99.9999999999996,0
Net flux,GLYSink,GLY -> Sink,100.000000000001,0
Net flux,RUBPSink,RUBP -> Sink,99.9999999999987,0
Net flux,S7PSink,S7P -> Sink,99.9999999999979,0
Net flux,2PGSink,2PG -> Sink,100.000000000002,0
Net flux,ADPGSink,ADPG -> Sink,99.9999999999989,0
Net flux,PEPSink,PEP -> Sink,99.9999999999983,0
Net flux,UDPGSink,UDPG -> Sink,100.000000000001,0
Net flux,ALASink,ALA -> Sink,99.9999999999998,0
Net flux,S6Pout-LL,S6P + 0.1611*GLU + 0.07177*ASP + 0.03247*ALA.c + 0.01019*dummyGLY + 0.03484*dummySER -> Sink,1.60406208864516,0.167754594765574
Net flux,PGP.p,2PG.p -> Glyc.p,2.14594253477987,0.0846306046262954
Net flux,GOX,Glyc.p -> Glyx.p,2.14594253477988,0.0846306046262954
Net flux,GGT,Glyx.p -> GLY.p,2.14594253477987,0.0846306046262954
Net flux,SGAT,SER.p -> HPA.p,0.243148720452559,0.135506579340554
Net flux,HPR.p,HPA.p -> GA.p,0.243148720452553,0.135506579340554
Net flux,T_GLY-m net,GLY.p <-> GLY.m,2.13108256892156,7457.78827760829
Exch flux,T_GLY-m exch,GLY.p <-> GLY.m,24219.2716981301,7140.73199005276
Net flux,GDC.m,GLY.m + dummy -> myTHF.m + CO2,1.83055539106799,0.148054279884638
Net flux,T_SER-m net,SER.p <-> SER.m,-1.83055539106772,0.148054279884638
Exch flux,T_SER-m exch,SER.p <-> SER.m,4358.3602283499,7748.31599327923
Net flux,mSHMT,GLY.m + myTHF.m -> SER.m,1.83055539106799,0.148054279884638
Net flux,T_SER-c net,SER.p <-> SER.c,1.53151590481501,0.270695173885096
Exch flux,T_SER-c exch,SER.p <-> SER.c,1.00000000280431e-07,2.53976583466409e-13
Net flux,T_Gly-c net,GLY.p <-> GLY.c,-0.00148542682635,7457.78827712779
Exch flux,T_Gly-c exch,GLY.p <-> GLY.c,9.99999998363421e-08,0
Net flux,cSHMT,SER.c -> GLY.c + meTHF.c,1.53151561997509,0.270695173946077
Net flux,FmTHF-reductase net,meTHF.c <-> FmTHF.c,1.53151561997509,0.270695173946077
Exch flux,FmTHF-reductase exch,meTHF.c <-> FmTHF.c,2.44108188708884,7907.09890351334
Net flux,Met-synthase,FmTHF.c + Hcy.c -> Met.c,1.53151561997507,0.270695173946077
Net flux,SAM-synthase,Met.c -> SAM.c,1.53151561997507,0.270695173946077
Net flux,Methylation,SAM.c -> SAH.c + Acceptor.c,1.53151561997507,0.270695173946077
Net flux,hydrolysis,SAH.c -> Hcy.c,1.53151561997506,0.270695173946077
Net flux,G_SER.m,0*SER.m -> SER,1.0000000116861e-07,0
Net flux,G_SER.c,0*SER.c -> SER,2.16297290833722e-06,7822.15307846045
Net flux,G_Gly.m,0*GLY.m -> GLY,9.98864228378693e-05,7797.52080936014
Net flux,G_Gly.c,0*GLY.c -> GLY,47.4921443356894,8.2674648793193
Net flux,T_GLY-c-m,GLY.c -> GLY.m,1.5300282132131,7457.78828203998
Net flux,G_Glyc,0*Glyc.p -> Glyc,8.28791645612093,1.16171661511305
Net flux,G_Glyx,0*Glyx.p -> Glyx,99.8917034659516,7805.43437142785
Net flux,G_HPA,0*HPA.p -> HPA,6.29855404384147,1.90583440012764
Net flux,(1-G)_Glyc,0*Glyc.x -> Glyc,91.7120835438797,1.16171661511305
Net flux,(1-G)_Glyx,0*Glyx.x -> Glyx,0.108296534049281,7805.43437142785
Net flux,(1-G)_HPA,0*HPA.x -> HPA,93.7014459561584,1.90583440012764
Net flux,GlycSink,Glyc -> Sink,100.000000000001,0
Net flux,GlyxSink,Glyx -> Sink,100.000000000001,0
Net flux,HPASink,HPA -> Sink,99.9999999999998,0
Net flux,SERex,dummySER -> outSER,1.00007756298481e-07,1.53785624819244e-12
Net flux,G_PYR,0*PYR.c -> PYR,40.735683697791,2.96167597651995
Net flux,(1-G)_PYR,0*PYR.x -> PYR,59.2643163022093,2.96167597651995
Net flux,PYRSink,PYR -> Sink,100,0
Net flux,G_meTHF,0*meTHF.c -> meTHF,96.1812547747866,11.2508494404456
Net flux,G_FmTHF,0*FmTHF.c -> FmTHF,78.1036252952411,9.56983110381018
Net flux,G_Met,0*Met.c -> Met,51.7409384790466,5.43016792987496
Net flux,G_SAM,0*SAM.c -> SAM,58.4927527343113,7.66361469929319
Net flux,(1-G)_meTHF,0*meTHF.x -> meTHF,3.81874522521329,11.2508494404456
Net flux,(1-G)_FmTHF,0*FmTHF.x -> FmTHF,21.896374704759,9.56983110381018
Net flux,(1-G)_Met,0*Met.x -> Met,48.2590615209535,5.43016792987496
Net flux,(1-G)_SAM,0*SAM.x -> SAM,41.5072472656887,7.66361469929319
Net flux,meTHFSink,meTHF -> Sink,99.9999999999999,0
Net flux,FmTHFSink,FmTHF -> Sink,100,0
Net flux,MetSink,Met -> Sink,100,0
Net flux,SAMsink,SAM -> Sink,100,0
Net flux,Met-protein,Met.c -> Protein,6.51983996113883e-15,0
Net flux,GLY-protein,GLY.c -> Protein,1.97993566608545e-06,3.79208309711267e-13
Net flux,SER-protein,SER.c -> Protein,2.84839928532676e-07,2.44806626029331e-13
Pool,2PG pool,,0,0
Pool,2PG.p pool,,1e-07,0
Pool,2PG.x pool,,1,Inf
Pool,3PGA pool,,0,0
Pool,3PGA.c pool,,9.99999999999482e-08,0
Pool,3PGA.p pool,,2.67710272189759e-07,7882.04809389649
Pool,3PGA.x pool,,1,Inf
Pool,ACA pool,,1.84983867817418e-07,7656.14793246668
Pool,ADPG pool,,0,0
Pool,ADPG.p pool,,9.9999999999999e-08,Inf
Pool,ADPG.x pool,,1,Inf
Pool,AKG pool,,2.64728939543274e-07,7396.38252777878
Pool,ALA pool,,0,0
Pool,ALA.c pool,,0.0105472057231887,0.00317266114655171
Pool,ALA.x pool,,1,Inf
Pool,ASN pool,,7566.06821428108,7201.16587413925
Pool,ASP pool,,0.00284932942022399,0.0030080795339889
Pool,Acceptor.c pool,,1,Inf
Pool,CIT pool,,4.57745494119074,1.35163253448976
Pool,CO2 pool,,1.22501535041311e-06,7514.99279599349
Pool,CO2.t pool,,1,Inf
Pool,E4P.p pool,,0,0
Pool,EC2 pool,,0,0
Pool,F6P pool,,0,0
Pool,F6P.c pool,,3.82786485591122e-06,7619.61112718198
Pool,F6P.p pool,,1.42541207700194e-07,8025.10461171833
Pool,F6P.x pool,,1,Inf
Pool,FBP pool,,0,0
Pool,FBP.c pool,,3.04703127779712e-06,7479.73667547952
Pool,FBP.p pool,,1.40102066770038e-07,7971.28925974516
Pool,FBP.x pool,,1,Inf
Pool,FmTHF pool,,6.17936324044093,2.56714177780082
Pool,FmTHF.c pool,,1.14326017107863e-07,7739.73946854484
Pool,FmTHF.x pool,,1,Inf
Pool,G6P pool,,0,0
Pool,G6P.c pool,,9.87575964867366e-06,7696.09753667393
Pool,G6P.p pool,,3.73073705475053e-06,7865.92834450678
Pool,G6P.x pool,,1,Inf
Pool,GA pool,,0,0
Pool,GA.p pool,,1e-07,0
Pool,GA.x pool,,1,Inf
Pool,GLN pool,,8.83867754519815,7851.64039679202
Pool,GLU pool,,2.64729898664119e-07,7513.55692135234
Pool,GLY pool,,0,0
Pool,GLY.c pool,,1.00080492018643e-07,7455.6296938937
Pool,GLY.m pool,,9.99999999994061e-08,0
Pool,GLY.p pool,,1.00000000000057e-07,0
Pool,GLY.x pool,,1,Inf
Pool,Glyc pool,,3.50934493074266,1.55999547267192
Pool,Glyc.p pool,,1e-07,0
Pool,Glyc.x pool,,1,Inf
Pool,Glyx pool,,1471.09201008424,837.975303272453
Pool,Glyx.p pool,,1e-07,0
Pool,Glyx.x pool,,1,Inf
Pool,HPA pool,,3.13785788189279e-05,7929.69993571328
Pool,HPA.p pool,,1e-07,0
Pool,HPA.x pool,,1,Inf
Pool,Hcy.c pool,,1,Inf
Pool,ICI pool,,0.00166187324568813,8074.56389196006
Pool,MAL pool,,0.714633881289759,0.211722785722466
Pool,Met pool,,2.01851738980726e-05,7581.07998698788
Pool,Met.c pool,,2.20790332942503e-07,7359.76247971236
Pool,Met.x pool,,1,Inf
Pool,OAA pool,,0.258232701164692,0.0695440853494084
Pool,P5P pool,,0,0
Pool,PEP pool,,0,0
Pool,PEP.c pool,,0.0246343517240491,0.0078232279313104
Pool,PEP.x pool,,1,Inf
Pool,PRO pool,,5.3949963790296,7289.46225681113
Pool,PYR pool,,1.00000000058387e-07,0
Pool,PYR.c pool,,0.013986131649198,0.00533265231965734
Pool,PYR.x pool,,1,Inf
Pool,Protein pool,,1,Inf
Pool,R5P pool,,0,0
Pool,R5P.p pool,,1.40743188210818e-07,7840.42843689515
Pool,R5P.x pool,,1,Inf
Pool,RU5P.p pool,,1.42428674251722e-07,7573.00850729959
Pool,RU5P.x pool,,1,Inf
Pool,RUBP pool,,0,0
Pool,RUBP.p pool,,1.42103404844762e-07,7410.29217505268
Pool,RUBP.x pool,,1,Inf
Pool,S6P pool,,1,Inf
Pool,S7P pool,,0,0
Pool,S7P.p pool,,1e-07,0
Pool,S7P.x pool,,1,Inf
Pool,SAH.c pool,,1,Inf
Pool,SAM pool,,6.74632972501302,3.10835152003066
Pool,SAM.c pool,,6.85642718115231e-07,8091.01762640757
Pool,SAM.x pool,,1,Inf
Pool,SBP pool,,0,0
Pool,SER pool,,0,0
Pool,SER.c pool,,1.00000000002876e-07,0
Pool,SER.m pool,,0.502039319020337,0.0415762160256609
Pool,SER.p pool,,8.24553572806571e-05,7795.48825109911
Pool,SER.x pool,,1,Inf
Pool,Sink pool,,1,Inf
Pool,Starch pool,,1,Inf
Pool,THR pool,,3889.49398891563,7453.34615033557
Pool,TP pool,,0,0
Pool,TP.c pool,,3.26027904340132e-06,7626.61583699173
Pool,TP.p pool,,2.81198721509397e-07,7729.29734920871
Pool,TP.x pool,,1,Inf
Pool,UDPG pool,,0,0
Pool,UDPG.c pool,,47371.1870614842,7530.44197865135
Pool,UDPG.x pool,,1,Inf
Pool,X5P.p pool,,1.4280164241555e-07,7861.71612322813
Pool,dummy pool,,1,Inf
Pool,dummyGLY pool,,1,Inf
Pool,dummySER pool,,1,Inf
Pool,meTHF pool,,5.89063198409217e-06,7776.42848543419
Pool,meTHF.c pool,,1e-07,0
Pool,meTHF.x pool,,1,Inf
Pool,myTHF.m pool,,1e-07,0
Pool,outSER pool,,1,Inf
Norm,Experiment2 Glyc205 #1 norm,,0.948873990370464,0.0368342059087008
Norm,Experiment2 Glyc205 #2 norm,,0.977632969857567,0.0167344997828927
Norm,Experiment2 Glyc205 #3 norm,,0.99314090482126,0.0234877548651967
Norm,Experiment2 Glyc205 #4 norm,,1.00066528079133,0.0207318198604084
Norm,Experiment2 Glyc205 #5 norm,,1.03577640946869,0.0252442204094428
Norm,Experiment2 Glyc205 #6 norm,,0.990579230368442,0.0249742040163812
Norm,Experiment2 Glyc205 #7 norm,,0.97158920598006,0.0317354990477932
Norm,Experiment2 Glyc205 #8 norm,,0.944153250874612,0.118174327000295
Norm,Experiment2 Glyx160 #1 norm,,0.985399791716384,0.0111654294389816
Norm,Experiment2 Glyx160 #2 norm,,0.999102204164939,0.0116967073505409
Norm,Experiment2 Glyx160 #3 norm,,1.01152374967996,0.0127982109244207
Norm,Experiment2 Glyx160 #4 norm,,0.989038485561397,0.0164046881880109
Norm,Experiment2 Glyx160 #5 norm,,1.00126605005674,0.0139242995689687
Norm,Experiment2 Glyx160 #6 norm,,0.978325606449824,0.0204650516507123
Norm,Experiment2 Glyx160 #7 norm,,1.00436310291419,0.0320680701518587
Norm,Experiment2 Glyx160 #8 norm,,0.918014097040895,0.109888474943016
Norm,Experiment2 GLY276 #1 norm,,1.00066406934785,0.0105656911189062
Norm,Experiment2 GLY276 #2 norm,,0.994818042454893,0.0223762673397015
Norm,Experiment2 GLY276 #3 norm,,0.952513306552017,0.0179839001510931
Norm,Experiment2 GLY276 #4 norm,,1.03102794960472,0.0181241577168695
Norm,Experiment2 GLY276 #5 norm,,0.978385654301548,0.0368753615553431
Norm,Experiment2 GLY276 #6 norm,,0.97679137340628,0.0710894805297692
Norm,Experiment2 GLY276 #7 norm,,1.05113757010375,0.126858030630719
Norm,Experiment2 GLY276 #8 norm,,0.988133809493605,0.205046962183841
Norm,Experiment2 HPA262 #1 norm,,0.979560705091568,0.0198439685481353
Norm,Experiment2 HPA262 #2 norm,,0.958861600000149,0.0240000680330816
Norm,Experiment2 HPA262 #3 norm,,0.942073308702485,0.0237208734372734
Norm,Experiment2 HPA262 #4 norm,,0.97132366057712,0.0307698969773172
Norm,Experiment2 HPA262 #5 norm,,0.935519224326893,0.0222361861314532
Norm,Experiment2 HPA262 #6 norm,,0.962676658224838,0.0297911214294889
Norm,Experiment2 HPA262 #7 norm,,0.964393732570514,0.0232950087266634
Norm,Experiment2 HPA262 #8 norm,,1.01137647911895,0.0393222677048984
Norm,Experiment2 GA307 #1 norm,,1.01679232257806,0.0110069263579608
Norm,Experiment2 GA307 #2 norm,,0.881058109553984,0.0297830297915648
Norm,Experiment2 GA307 #3 norm,,0.887347667660759,0.0226815645975263
Norm,Experiment2 GA307 #4 norm,,1.00630097326401,0.0266668346233321
Norm,Experiment2 GA307 #5 norm,,0.909414998718606,0.0753954302828367
Norm,Experiment2 GA307 #6 norm,,0.867107399775231,0.0921003362805075
Norm,Experiment2 GA307 #7 norm,,0.89185501459725,0.0662318102867093
Norm,Experiment2 GA307 #8 norm,,0.974961410129791,0.185413549788493
Norm,Experiment2 SER306 #1 norm,,0.993785241623802,0.0125836661213249
Norm,Experiment2 SER306 #2 norm,,0.976431102131024,0.0339980232086079
Norm,Experiment2 SER306 #3 norm,,0.980867648797359,0.0189137088323471
Norm,Experiment2 SER306 #4 norm,,1.03570004149772,0.0261067270035594
Norm,Experiment2 SER306 #5 norm,,0.979325411780424,0.052367553247136
Norm,Experiment2 SER306 #6 norm,,0.996953896759895,0.110381719735743
Norm,Experiment2 SER306 #7 norm,,1.02757374756742,0.0999534208095664
Norm,Experiment2 SER306 #8 norm,,1.02981473682074,0.211466621726485
Norm,Experiment2 meTHF #1 norm,,1.00708982340205,0.0100501564722274
Norm,Experiment2 meTHF #2 norm,,0.968360642974901,0.0139443075892932
Norm,Experiment2 meTHF #3 norm,,0.991493178027858,0.0267655154513015
Norm,Experiment2 meTHF #4 norm,,1.03636274276533,0.0279956300042125
Norm,Experiment2 meTHF #5 norm,,0.966817803839435,0.0753124528834117
Norm,Experiment2 meTHF #6 norm,,1.0467290144929,0.139980568225431
Norm,Experiment2 meTHF #7 norm,,0.938436513883287,0.178849004565229
Norm,Experiment2 meTHF #8 norm,,1.03906993797031,0.0756625601871611
Norm,Experiment2 FmTHF #1 norm,,1.00852596341984,0.010003252628001
Norm,Experiment2 FmTHF #2 norm,,0.978441175152314,0.0113330527606457
Norm,Experiment2 FmTHF #3 norm,,1.020249709496,0.0113801306724498
Norm,Experiment2 FmTHF #4 norm,,1.02541570594036,0.0224156074012414
Norm,Experiment2 FmTHF #5 norm,,0.976523065724055,0.0407600442430493
Norm,Experiment2 FmTHF #6 norm,,0.965671399912347,0.0629903492573529
Norm,Experiment2 FmTHF #7 norm,,0.992879434413495,0.107507912656873
Norm,Experiment2 FmTHF #8 norm,,0.98598165564922,0.077329081885371
Norm,Experiment2 Met176 #1 norm,,0.930518578470991,0.0226481959546751
Norm,Experiment2 Met176 #2 norm,,1.02528262167836,0.0388146970446085
Norm,Experiment2 Met176 #3 norm,,0.938347742605676,0.0368183540901566
Norm,Experiment2 Met176 #4 norm,,0.894945220679793,0.088763237602834
Norm,Experiment2 Met176 #5 norm,,0.930226883361535,0.0672048010293909
Norm,Experiment2 Met176 #6 norm,,0.996041398739693,0.032200819122803
Norm,Experiment2 Met176 #7 norm,,1.01225950269383,0.0589327822824908
Norm,Experiment2 Met176 #8 norm,,1.00632089924302,0.16718249347847
Norm,Experiment2 SAM #1 norm,,0.997512523812536,0.0147962203923416
Norm,Experiment2 SAM #2 norm,,0.940802879481439,0.0208290060273447
Norm,Experiment2 SAM #3 norm,,0.976928155367346,0.0341476570069068
Norm,Experiment2 SAM #4 norm,,1.03217009438759,0.0441768855516095
Norm,Experiment2 SAM #5 norm,,1.00537203281189,0.0247028537049489
Norm,Experiment2 SAM #6 norm,,0.956557508543308,0.0557932252012055
Norm,Experiment2 SAM #7 norm,,1.03037779660123,0.0779088838231431
Norm,Experiment2 SAM #8 norm,,0.999000379576678,0.0707290227530668
Norm,Experiment2 CIT465 #1 norm,,0.983922009724041,0.0122286927062119
Norm,Experiment2 CIT465 #2 norm,,0.94312854065748,0.0101069306793513
Norm,Experiment2 CIT465 #3 norm,,0.95174668494814,0.0123379818956985
Norm,Experiment2 CIT465 #4 norm,,0.963625779701473,0.012613413442551
Norm,Experiment2 CIT465 #5 norm,,0.953526206831869,0.0155323916877065
Norm,Experiment2 CIT465 #6 norm,,1.00476652319057,0.0113027410039077
Norm,Experiment2 CIT465 #7 norm,,0.96774106599423,0.0145413630098943
Norm,Experiment2 CIT465 #8 norm,,1.04793383315079,0.0209376452827136
Norm,Experiment2 MAL335 #1 norm,,0.976575539074305,0.0114851085071169
Norm,Experiment2 MAL335 #2 norm,,0.992954763600499,0.0132592463507587
Norm,Experiment2 MAL335 #3 norm,,1.02442147695662,0.01336534647296
Norm,Experiment2 MAL335 #4 norm,,0.974863366063142,0.0116406263265991
Norm,Experiment2 MAL335 #5 norm,,0.970076777493737,0.0143721449138867
Norm,Experiment2 MAL335 #6 norm,,0.97697283280088,0.0150487378758562
Norm,Experiment2 MAL335 #7 norm,,0.973510989432456,0.0198588072388982
Norm,Experiment2 MAL335 #8 norm,,1.00664960424106,0.0395574963078073
Norm,Experiment2 ASP334 #1 norm,,0.993094768546065,0.0163307422573979
Norm,Experiment2 ASP334 #2 norm,,0.933574611491883,0.0216535950946351
Norm,Experiment2 ASP334 #3 norm,,0.953447697271261,0.0198075770074964
Norm,Experiment2 ASP334 #4 norm,,0.948614120521315,0.0245405467041934
Norm,Experiment2 ASP334 #5 norm,,1.00148123799916,0.0256304623719543
Norm,Experiment2 ASP334 #6 norm,,0.988983053065286,0.0584998221972441
Norm,Experiment2 ASP334 #7 norm,,0.972245589075509,0.0628611897846625
Norm,Experiment2 ASP334 #8 norm,,0.960745012290099,0.0351663745136987
Norm,Experiment2 GLU348 #1 norm,,0.989372175847117,0.0115004353012828
Norm,Experiment2 GLU348 #2 norm,,1.02115056798576,0.0125573097223844
Norm,Experiment2 GLU348 #3 norm,,1.0400810129723,0.0123675535601818
Norm,Experiment2 GLU348 #4 norm,,0.969014172016212,0.0148786604710479
Norm,Experiment2 GLU348 #5 norm,,1.00373623401976,0.0317703940954591
Norm,Experiment2 GLU348 #6 norm,,0.951720866649029,0.0144285606588307
Norm,Experiment2 GLU348 #7 norm,,0.959829939207156,0.0215899443668291
Norm,Experiment2 GLU348 #8 norm,,0.863853008004818,0.0487304270446667
Norm,Experiment2 THR320 #1 norm,,0.971969602250192,0.00992208997383663
Norm,Experiment2 THR320 #2 norm,,1.03116564936225,0.0122575766523915
Norm,Experiment2 THR320 #3 norm,,1.00105650693684,0.0104764145397825
Norm,Experiment2 THR320 #4 norm,,1.01283664341472,0.0113159475529008
Norm,Experiment2 THR320 #5 norm,,0.987331252326815,0.0202749740695191
Norm,Experiment2 THR320 #6 norm,,1.00616916524549,0.011103514659911
Norm,Experiment2 THR320 #7 norm,,0.978274629401847,0.0135676465813811
Norm,Experiment2 THR320 #8 norm,,0.856733785575313,0.0338157221940662
Norm,Experiment2 ALA116 #1 norm,,0.997043013875437,0.00993723385552836
Norm,Experiment2 ALA116 #2 norm,,1.01551423212629,0.0102179806973237
Norm,Experiment2 ALA116 #3 norm,,1.02288283936022,0.0107287740650254
Norm,Experiment2 ALA116 #4 norm,,0.984636818064338,0.0247560609665233
Norm,Experiment2 ALA116 #5 norm,,1.15432265324781,0.0838400840206867
Norm,Experiment2 ALA116 #6 norm,,1.00434384694488,0.0730441166639986
Norm,Experiment2 ALA116 #7 norm,,0.993244849888858,0.0749751284026326
Norm,Experiment2 ALA116 #8 norm,,0.99216052526558,0.290975961818809
Norm,Experiment2 PYR #1 norm,,0.973588419994612,0.0125110663329456
Norm,Experiment2 PYR #2 norm,,0.935333582539105,0.0487835270203745
Norm,Experiment2 PYR #3 norm,,0.928399351854938,0.0629371453398362
Norm,Experiment2 PYR #4 norm,,1.02538170509393,0.0500262399710982
Norm,Experiment2 PYR #5 norm,,1.05985069233403,0.104912663561052
Norm,Experiment2 PYR #6 norm,,1.00512870206089,0.160236127112127
Norm,Experiment2 PYR #7 norm,,1.01002531054391,0.0730768807946087
Norm,Experiment2 PYR #8 norm,,0.969809198358944,0.127668391029519
