type,id,eqn,val,std
Net flux,CO2.t,CO2.t -> CO2,64.1131845368976,1.52111887735065
Net flux,CO2_sink,dummy -> Sink,64.1131845368975,1.52111887735065
Net flux,RUBICSO_CO2,RUBP.p + CO2 -> 3PGA.p + 3PGA.p + dummy,65.5674150270673,1.52857437582559
Net flux,GAPDH.p net,3PGA.p <-> TP.p,133.148402078063,3.04087738164155
Exch flux,GAPDH.p exch,3PGA.p <-> TP.p,107318.569625696,3973.23781429248
Net flux,ALD,TP.p + E4P.p -> SBP,22.5302400605601,0.510759413250542
Net flux,SBP,SBP -> S7P.p,22.5302400605602,0.510759413250542
Net flux,FBA.p net,TP.p + TP.p <-> FBP.p,29.749580679254,0.784950113407229
Exch flux,FBA.p exch,TP.p + TP.p <-> FBP.p,19428.1330067376,5693.51811834094
Net flux,PFK.p net,FBP.p <-> F6P.p,29.7495806792571,0.784950113407229
Exch flux,PFK.p exch,FBP.p <-> F6P.p,9.99976634830091e-08,1.02683017727099e-12
Net flux,TK1 net,TP.p + EC2 <-> X5P.p,45.0604801211203,1.02151882650108
Exch flux,TK1 exch,TP.p + EC2 <-> X5P.p,1.0000000116861e-07,1.4231843123818e-13
Net flux,TK2 net,S7P.p <-> R5P.p + EC2,22.5302400605601,0.510759413250542
Exch flux,TK2 exch,S7P.p <-> R5P.p + EC2,38.0177922187792,10497.1197636249
Net flux,TK3 net,F6P.p <-> E4P.p + EC2,22.5302400605615,0.510759413250542
Exch flux,TK3 exch,F6P.p <-> E4P.p + EC2,10495.2159455513,10182.2491173648
Net flux,PPE net,X5P.p <-> RU5P.p,45.0604801211202,1.02151882650108
Exch flux,PPE exch,X5P.p <-> RU5P.p,84.2202387183478,7914.42396688291
Net flux,PPI net,R5P.p <-> RU5P.p,22.5302400605602,0.510759413250542
Exch flux,PPI exch,R5P.p <-> RU5P.p,239.536592432238,5303.7296305454
Net flux,PRK,RU5P.p -> RUBP.p,67.5907201816805,1.53227823973491
Net flux,RUBISCO_O2,RUBP.p -> 3PGA.p + 2PG.p,2.02330515461318,0.0846424427067489
Net flux,GLYdil net,GLY.p <-> GLY.x + dummyGLY,0.0154340810702607,0.00177847184404643
Exch flux,GLYdil exch,GLY.p <-> GLY.x + dummyGLY,1.0000000116861e-07,0
Net flux,SERdil net,SER.p <-> SER.x + dummySER,0.052774669749752,0.00608122287491735
Exch flux,SERdil exch,SER.p <-> SER.x + dummySER,1.00027996552399e-07,2.22948581861307e-12
Net flux,GK,GA.p -> 3PGA.p,0.636165743854885,0.0803405419479823
Net flux,PGI.p net,F6P.p <-> G6P.p,7.21934061869863,0.421937353138648
Exch flux,PGI.p exch,F6P.p <-> G6P.p,9.99964875347814e-08,5.11029509248961e-12
Net flux,PGM.p,G6P.p -> ADPG.p,7.21934061869863,0.421937353138648
Net flux,Starch,ADPG.p -> Starch,7.21934061869861,0.421937353138648
Net flux,FBA.c net,TP.c + TP.c <-> FBP.c,3.0292602689333,0.349062187767219
Exch flux,FBA.c exch,TP.c + TP.c <-> FBP.c,22.5882711187533,10819.6439999292
Net flux,PFK.c net,FBP.c <-> F6P.c,3.02926026893332,0.349062187767219
Exch flux,PFK.c exch,FBP.c <-> F6P.c,10.843624672482,105.147233347153
Net flux,PGI.c net,F6P.c <-> G6P.c,1.5146301344667,0.17453109388361
Exch flux,PGI.c exch,F6P.c <-> G6P.c,226.685045499705,10636.6051005903
Net flux,PGM.c net,G6P.c <-> UDPG.c,1.51463013446482,0.17453109388361
Exch flux,PGM.c exch,G6P.c <-> UDPG.c,48481.3998892275,10960.5294411889
Net flux,SPS,F6P.c + UDPG.c -> S6P,1.51463013446662,0.17453109388361
Net flux,PGAM.c net,3PGA.c <-> PEP.c,0.645898874543756,0.0744270397274992
Exch flux,PGAM.c exch,3PGA.c <-> PEP.c,0.571179520630381,10709.0630460565
Net flux,PK.c,PEP.c -> PYR.c,0.293186955128626,0.0337839838515176
Net flux,PDH,PYR.c + dummy -> ACA + CO2,0.244006914662537,0.0281169592801546
Net flux,CS,OAA + ACA -> CIT,0.244006914662533,0.0281169592801546
Net flux,ACO net,CIT <-> ICI,0.244006914662805,0.0281169592801546
Exch flux,ACO exch,CIT <-> ICI,2085.17447122397,10541.9295358393
Net flux,IDH,ICI + dummy -> AKG + CO2,0.24400691466255,0.0281169592801546
Net flux,MDH net,MAL <-> OAA,7.105427357601e-15,0
Exch flux,MDH exch,MAL <-> OAA,0.345297820414018,0.0660275478189155
Net flux,PPC,PEP.c + CO2 -> OAA + dummy,0.35271191941306,0.0406430559977515
Net flux,T_3PGA net,3PGA.p <-> 3PGA.c,0.645898874543736,0.0744270397274992
Exch flux,T_3PGA exch,3PGA.p <-> 3PGA.c,4.19744889809651,1.86937493563902
Net flux,T_DHAP net,TP.p <-> TP.c,6.05852053786665,0.698124375534439
Exch flux,T_DHAP exch,TP.p <-> TP.c,1.38387444592417,0.615954119213191
Net flux,ALT,PYR.c -> ALA.c,0.049180040466113,0.00566702462053743
Net flux,ASPT,OAA -> ASP,0.10870500475062,0.0125260966267481
Net flux,GLUDH,AKG -> GLU,0.244006914662527,0.0281169592801546
Net flux,PCR net,GLU <-> PRO,-2.48689957516035e-14,0
Exch flux,PCR exch,GLU <-> PRO,1.0000000116861e-07,0
Net flux,GS net,GLU <-> GLN,0,0
Exch flux,GS exch,GLU <-> GLN,1.00042285566815e-07,0
Net flux,TS net,ASP <-> THR,0,0
Exch flux,TS exch,ASP <-> THR,1.0000000116861e-07,0
Net flux,AS net,ASP <-> ASN,1.06581410364015e-14,0
Exch flux,AS exch,ASP <-> ASN,1.0000000116861e-07,0
Net flux,G_3PGA.p,0*3PGA.p -> 3PGA,2.46866318320826e-06,14894.0142751979
Net flux,G_3PGA.c,0*3PGA.c -> 3PGA,92.9119081394133,10845.0945251997
Net flux,G_DHAP.p,0*TP.p -> TP,40.6853798422419,14169.8647906704
Net flux,G_DHAP.c,0*TP.c -> TP,51.8471856996948,10175.3450483272
Net flux,G_F6P.p,0*F6P.p -> F6P,48.6686345030749,14746.4650222181
Net flux,G_F6P.c,0*F6P.c -> F6P,36.546576817712,10951.2554691109
Net flux,G_FBP.p,0*FBP.p -> FBP,2.46866149211655e-06,14916.4856265184
Net flux,G_FBP.c,0*FBP.c -> FBP,83.4512310510618,9934.72252615957
Net flux,G_G6P.p,0*G6P.p -> G6P,19.0549768397257,14858.5090587618
Net flux,G_G6P.c,0*G6P.c -> G6P,58.8549499993083,10486.6320911252
Net flux,G_RU5P.p,0*RU5P.p -> P5P,2.46865390707285e-06,14890.7149919308
Net flux,G_X5P.p,0*X5P.p -> P5P,92.8477691494974,10592.6996820781
Net flux,G_R5P.p,0*R5P.p -> R5P,82.2810779884949,10875.0969996843
Net flux,G_GA.p,0*GA.p -> GA,32.7218649199709,4.52211697726433
Net flux,G_SER.p,0*SER.p -> SER,76.4690144852763,10621.8409570149
Net flux,G_GLY.p,0*GLY.p -> GLY,0.831915926552725,10465.6054677738
Net flux,G_RUBP.p,0*RUBP.p -> RUBP,92.5302752673063,9798.21227035411
Net flux,G_S7P.p,0*S7P.p -> S7P,98.4567310636212,10527.8152049832
Net flux,G_2PG.p,0*2PG.p -> 2PG,87.0427532706349,10546.766861021
Net flux,G_ADPG.p,0*ADPG.p -> ADPG,95.0805622183481,10255.3835474302
Net flux,G_PEP.c,0*PEP.c -> PEP,89.2305410445615,10446.870748033
Net flux,G_UDPG.c,0*UDPG.c -> UDPG,72.4268033045549,10264.8139100117
Net flux,G_ALA.c,0*ALA.c -> ALA,87.9522263831943,10.4062023644441
Net flux,(1-G)_GA,0*GA.x -> GA,67.2781350800311,4.52211697726433
Net flux,(1-G)_SER,0*SER.x -> SER,23.5309749118878,5.60426036095079
Net flux,(1-G)_GLY,0*GLY.x -> GLY,61.8353572340364,6.43062481009796
Net flux,(1-G)_R5P,0*R5P.x -> R5P,17.718922011502,10875.0969996843
Net flux,(1-G)_RUBP,0*RUBP.x -> RUBP,7.46972473269241,9798.21227035411
Net flux,(1-G)_3PGA,0*3PGA.x -> 3PGA,7.08808939192377,10191.516664953
Net flux,(1-G)_TP,0*TP.x -> TP,7.46743445806384,10380.551271
Net flux,(1-G)_F6P,0*F6P.x -> F6P,14.7847886792169,10412.4988028678
Net flux,(1-G)_FBP,0*FBP.x -> FBP,16.5487664802715,10848.1620212034
Net flux,(1-G)_G6P,0*G6P.x -> G6P,22.0900731609643,10483.1743769773
Net flux,(1-G)_RU5P,0*RU5P.x -> P5P,7.15222838185009,9995.61424038419
Net flux,(1-G)_S7P,0*S7P.x -> S7P,1.5432689363768,10527.8152049832
Net flux,(1-G)_2PG,0*2PG.x -> 2PG,12.9572467293675,10546.766861021
Net flux,(1-G)_ADPG,0*ADPG.x -> ADPG,4.91943778165087,10255.3835474302
Net flux,(1-G)_PEP,0*PEP.x -> PEP,10.7694589554367,10446.870748033
Net flux,(1-G)_UDPG,0*UDPG.x -> UDPG,27.5731966954463,10264.8139100117
Net flux,(1-G)_ALA,0*ALA.x -> ALA,12.0477736168055,10.4062023644441
Net flux,PGASink,3PGA -> Sink,100,0
Net flux,DHAPSink,TP -> Sink,100.000000000001,0
Net flux,F6PSink,F6P -> Sink,100.000000000004,0
Net flux,FBPSink,FBP -> Sink,99.9999999999948,0
Net flux,G6PSink,G6P -> Sink,99.9999999999983,0
Net flux,P5PSink,P5P -> Sink,100.000000000001,0
Net flux,R5PSink,R5P -> Sink,99.9999999999968,0
Net flux,GASink,GA -> Sink,100.000000000002,0
Net flux,SERSink,SER -> Sink,99.9999999999996,0
Net flux,GLYSink,GLY -> Sink,100.000000000001,0
Net flux,RUBPSink,RUBP -> Sink,99.9999999999987,0
Net flux,S7PSink,S7P -> Sink,99.9999999999979,0
Net flux,2PGSink,2PG -> Sink,100.000000000002,0
Net flux,ADPGSink,ADPG -> Sink,99.9999999999989,0
Net flux,PEPSink,PEP -> Sink,99.9999999999983,0
Net flux,UDPGSink,UDPG -> Sink,100.000000000001,0
Net flux,ALASink,ALA -> Sink,99.9999999999998,0
Net flux,S6Pout-LL,S6P + 0.1611*GLU + 0.07177*ASP + 0.03247*ALA.c + 0.01019*dummyGLY + 0.03484*dummySER -> Sink,1.51463013446665,0.17453109388361
Net flux,PGP.p,2PG.p -> Glyc.p,2.0233051546132,0.0846424427067489
Net flux,GOX,Glyc.p -> Glyx.p,2.02330515461321,0.0846424427067489
Net flux,GGT,Glyx.p -> GLY.p,2.0233051546132,0.0846424427067489
Net flux,SGAT,SER.p -> HPA.p,0.636165743854874,0.0803405419479823
Net flux,HPR.p,HPA.p -> GA.p,0.636165743854868,0.0803405419479823
Net flux,T_GLY-m net,GLY.p <-> GLY.m,2.00792727436783,10996.9127662216
Exch flux,T_GLY-m exch,GLY.p <-> GLY.m,24287.6958397085,9891.46476283762
Net flux,GDC.m,GLY.m + dummy -> myTHF.m + CO2,1.31892858025837,0.0880573591853115
Net flux,T_SER-m net,SER.p <-> SER.m,-1.31892858025822,0.0880573591853115
Exch flux,T_SER-m exch,SER.p <-> SER.m,1509.04792384517,10657.61511561
Net flux,mSHMT,GLY.m + myTHF.m -> SER.m,1.31892858025837,0.0880573591853115
Net flux,T_SER-c net,SER.p <-> SER.c,0.629988166653739,0.145248328708239
Exch flux,T_SER-c exch,SER.p <-> SER.c,9.99956375480338e-08,3.46396193969241e-13
Net flux,T_Gly-c net,GLY.p <-> GLY.c,-5.62008280371451e-05,10996.9127658971
Exch flux,T_Gly-c exch,GLY.p <-> GLY.c,9.99999998363421e-08,0
Net flux,cSHMT,SER.c -> GLY.c + meTHF.c,0.629988066655355,0.145248326873209
Net flux,FmTHF-reductase net,meTHF.c <-> FmTHF.c,0.629988066655356,0.145248326873209
Exch flux,FmTHF-reductase exch,meTHF.c <-> FmTHF.c,8.10354766611092,10467.3298039037
Net flux,Met-synthase,FmTHF.c + Hcy.c -> Met.c,0.629988066655335,0.145248326873209
Net flux,SAM-synthase,Met.c -> SAM.c,0.629988066655344,0.145248326873209
Net flux,Methylation,SAM.c -> SAH.c + Acceptor.c,0.629988066655339,0.145248326873209
Net flux,hydrolysis,SAH.c -> Hcy.c,0.629988066655332,0.145248326873209
Net flux,G_SER.m,0*SER.m -> SER,1.0000000116861e-07,0
Net flux,G_SER.c,0*SER.c -> SER,1.05028353800662e-05,10621.8394786387
Net flux,G_Gly.m,0*GLY.m -> GLY,6.42063440281504e-05,10465.6053364895
Net flux,G_Gly.c,0*GLY.c -> GLY,37.3326626330681,7.43186191187589
Net flux,T_GLY-c-m,GLY.c -> GLY.m,0.629929886145777,10996.9127668625
Net flux,G_Glyc,0*Glyc.p -> Glyc,69.3155495668921,38.9798140999487
Net flux,G_Glyx,0*Glyx.p -> Glyx,99.9586601128265,10362.9661004991
Net flux,G_HPA,0*HPA.p -> HPA,7.04418514478427,1.919750039096
Net flux,(1-G)_Glyc,0*Glyc.x -> Glyc,30.6844504331085,38.9798140999487
Net flux,(1-G)_Glyx,0*Glyx.x -> Glyx,0.0413398871742956,10362.9661004991
Net flux,(1-G)_HPA,0*HPA.x -> HPA,92.9558148552156,1.919750039096
Net flux,GlycSink,Glyc -> Sink,100.000000000001,0
Net flux,GlyxSink,Glyx -> Sink,100.000000000001,0
Net flux,HPASink,HPA -> Sink,99.9999999999998,0
Net flux,SERex,dummySER -> outSER,9.99623046560316e-08,4.48857636072671e-13
Net flux,G_PYR,0*PYR.c -> PYR,32.031835622369,2.57760975919005
Net flux,(1-G)_PYR,0*PYR.x -> PYR,67.9681643776313,2.57760975919005
Net flux,PYRSink,PYR -> Sink,100,0
Net flux,G_meTHF,0*meTHF.c -> meTHF,99.9999998999999,0
Net flux,G_FmTHF,0*FmTHF.c -> FmTHF,75.6777012057607,4.75125399467039
Net flux,G_Met,0*Met.c -> Met,60.8201241345047,4.85896001271681
Net flux,G_SAM,0*SAM.c -> SAM,60.7895690311285,5.01649268672406
Net flux,(1-G)_meTHF,0*meTHF.x -> meTHF,1.0000000116861e-07,0
Net flux,(1-G)_FmTHF,0*FmTHF.x -> FmTHF,24.3222987942394,4.75125399467039
Net flux,(1-G)_Met,0*Met.x -> Met,39.1798758654954,4.85896001271681
Net flux,(1-G)_SAM,0*SAM.x -> SAM,39.2104309688715,5.01649268672406
Net flux,meTHFSink,meTHF -> Sink,99.9999999999999,0
Net flux,FmTHFSink,FmTHF -> Sink,100,0
Net flux,MetSink,Met -> Sink,100,0
Net flux,SAMsink,SAM -> Sink,100,0
Net flux,Met-protein,Met.c -> Protein,6.51983996113883e-15,0
Net flux,GLY-protein,GLY.c -> Protein,1.97968156712136e-06,1.11842096574321e-12
Net flux,SER-protein,SER.c -> Protein,9.99983855720643e-08,2.82561875095088e-12
Pool,2PG pool,,0,0
Pool,2PG.p pool,,2.91769892417795e-07,10791.3776510603
Pool,2PG.x pool,,1,Inf
Pool,3PGA pool,,0,0
Pool,3PGA.c pool,,0.22447104912526,0.0727689419948416
Pool,3PGA.p pool,,1.0919563948716e-06,10548.71933982
Pool,3PGA.x pool,,1,Inf
Pool,ACA pool,,7.23360810476659e-07,9907.31373746239
Pool,ADPG pool,,0,0
Pool,ADPG.p pool,,9.9999999999999e-08,Inf
Pool,ADPG.x pool,,1,Inf
Pool,AKG pool,,5.18515924869545e-07,10801.7359749529
Pool,ALA pool,,0,0
Pool,ALA.c pool,,0.0182877452477815,0.00422536612483162
Pool,ALA.x pool,,1,Inf
Pool,ASN pool,,7566.06820155868,10985.1448834565
Pool,ASP pool,,9.99999999999482e-08,0
Pool,Acceptor.c pool,,1,Inf
Pool,CIT pool,,4.21340883887053,1.22450308863679
Pool,CO2 pool,,4.67358984284985e-06,10705.429580659
Pool,CO2.t pool,,1,Inf
Pool,E4P.p pool,,0,0
Pool,EC2 pool,,0,0
Pool,F6P pool,,0,0
Pool,F6P.c pool,,3.82486490706906e-06,10641.7402254705
Pool,F6P.p pool,,4.91978918888869e-07,10834.4883261931
Pool,F6P.x pool,,1,Inf
Pool,FBP pool,,0,0
Pool,FBP.c pool,,3.4074435385513e-06,10561.1181127969
Pool,FBP.p pool,,5.43778953161819e-07,10990.4106325226
Pool,FBP.x pool,,1,Inf
Pool,FmTHF pool,,5.90837450803466,2.86659138269167
Pool,FmTHF.c pool,,1.66658468035387e-07,10459.989805809
Pool,FmTHF.x pool,,1,Inf
Pool,G6P pool,,0,0
Pool,G6P.c pool,,9.87494588990721e-06,10381.0102229135
Pool,G6P.p pool,,3.62574413014758e-06,10390.2321500864
Pool,G6P.x pool,,1,Inf
Pool,GA pool,,0,0
Pool,GA.p pool,,1e-07,0
Pool,GA.x pool,,1,Inf
Pool,GLN pool,,8.83867754688181,10530.5053522892
Pool,GLU pool,,5.18516128744398e-07,10025.3476456929
Pool,GLY pool,,0,0
Pool,GLY.c pool,,1e-07,10789.3332445262
Pool,GLY.m pool,,1.00000000001141e-07,0
Pool,GLY.p pool,,1.00000000000002e-07,0
Pool,GLY.x pool,,1,Inf
Pool,Glyc pool,,173.798984800778,111.885329478594
Pool,Glyc.p pool,,2.86334824350849e-07,9801.52048214964
Pool,Glyc.x pool,,1,Inf
Pool,Glyx pool,,611.850303865841,139.39871228071
Pool,Glyx.p pool,,6.50015437337795e-07,10174.7679556857
Pool,Glyx.x pool,,1,Inf
Pool,HPA pool,,0.000184581361512252,10786.9211401923
Pool,HPA.p pool,,1e-07,0
Pool,HPA.x pool,,1,Inf
Pool,Hcy.c pool,,1,Inf
Pool,ICI pool,,0.0022840112488882,10737.6225298297
Pool,MAL pool,,0.60996048590213,0.137027396472381
Pool,Met pool,,1.26299720127006e-05,10466.4189887781
Pool,Met.c pool,,1e-07,0
Pool,Met.x pool,,1,Inf
Pool,OAA pool,,0.242042030062177,0.0392639128160237
Pool,P5P pool,,0,0
Pool,PEP pool,,0,0
Pool,PEP.c pool,,9.99999999999482e-08,0
Pool,PEP.x pool,,1,Inf
Pool,PRO pool,,5.39499638071186,10096.6034369164
Pool,PYR pool,,1.00000000058387e-07,0
Pool,PYR.c pool,,1.00000000000273e-07,0
Pool,PYR.x pool,,1,Inf
Pool,Protein pool,,1,Inf
Pool,R5P pool,,0,0
Pool,R5P.p pool,,5.04808067565278e-07,10895.032366365
Pool,R5P.x pool,,1,Inf
Pool,RU5P.p pool,,5.82124645517544e-07,9991.75176818737
Pool,RU5P.x pool,,1,Inf
Pool,RUBP pool,,0,0
Pool,RUBP.p pool,,5.73946884783467e-07,10437.0304138552
Pool,RUBP.x pool,,1,Inf
Pool,S6P pool,,1,Inf
Pool,S7P pool,,0,0
Pool,S7P.p pool,,3.80682714637306e-07,11113.7027705729
Pool,S7P.x pool,,1,Inf
Pool,SAH.c pool,,1,Inf
Pool,SAM pool,,9.40097248188305,4.21730699378953
Pool,SAM.c pool,,3.17027287705456e-06,10580.8941860975
Pool,SAM.x pool,,1,Inf
Pool,SBP pool,,0,0
Pool,SER pool,,0,0
Pool,SER.c pool,,9.99999999994061e-08,0
Pool,SER.m pool,,0.488682366735395,0.0451513144833866
Pool,SER.p pool,,0.000339518515748196,10469.3861615351
Pool,SER.x pool,,1,Inf
Pool,Sink pool,,1,Inf
Pool,Starch pool,,1,Inf
Pool,THR pool,,3889.68393504165,10811.6700273861
Pool,TP pool,,0,0
Pool,TP.c pool,,3.66234574552244e-06,11250.5855206118
Pool,TP.p pool,,1.08882317361103e-06,10359.5941919167
Pool,TP.x pool,,1,Inf
Pool,UDPG pool,,0,0
Pool,UDPG.c pool,,31.4712007599728,11144.334713099
Pool,UDPG.x pool,,1,Inf
Pool,X5P.p pool,,5.82733519322579e-07,10899.0949426415
Pool,dummy pool,,1,Inf
Pool,dummyGLY pool,,1,Inf
Pool,dummySER pool,,1,Inf
Pool,meTHF pool,,0.752620192505661,1.05960580669491
Pool,meTHF.c pool,,1.69568714997787e-07,10685.634523881
Pool,meTHF.x pool,,1,Inf
Pool,myTHF.m pool,,4.72916067160738e-07,10508.8689098995
Pool,outSER pool,,1,Inf
Norm,Experiment2 Glyc205 #1 norm,,0.984958689098637,0.0369570505920165
Norm,Experiment2 Glyc205 #2 norm,,0.975045505649705,0.0145176010138611
Norm,Experiment2 Glyc205 #3 norm,,0.967251698627499,0.0208861978841032
Norm,Experiment2 Glyc205 #4 norm,,0.955207067368527,0.018809352337893
Norm,Experiment2 Glyc205 #5 norm,,0.998274902827258,0.0224108690705131
Norm,Experiment2 Glyc205 #6 norm,,0.990468640250868,0.0240015367444488
Norm,Experiment2 Glyc205 #7 norm,,1.03183294520755,0.034941464519895
Norm,Experiment2 Glyc205 #8 norm,,0.970939298589289,0.107321984491364
Norm,Experiment2 Glyx160 #1 norm,,1.03571386869807,0.0115573720824265
Norm,Experiment2 Glyx160 #2 norm,,0.962889465966739,0.0112455937704657
Norm,Experiment2 Glyx160 #3 norm,,0.995187719850626,0.0125415502133994
Norm,Experiment2 Glyx160 #4 norm,,1.02501703464771,0.0164140921651073
Norm,Experiment2 Glyx160 #5 norm,,1.00125678873187,0.014260386609675
Norm,Experiment2 Glyx160 #6 norm,,1.02783452786392,0.0211046896163135
Norm,Experiment2 Glyx160 #7 norm,,0.99942524501084,0.0306529211151296
Norm,Experiment2 Glyx160 #8 norm,,0.996596180831579,0.124653493825486
Norm,Experiment2 GLY276 #1 norm,,0.996507434698522,0.0106419159729303
Norm,Experiment2 GLY276 #2 norm,,0.967338242926415,0.0221448755134169
Norm,Experiment2 GLY276 #3 norm,,0.985835297764715,0.0189820927115126
Norm,Experiment2 GLY276 #4 norm,,0.993630048458993,0.0171549839754074
Norm,Experiment2 GLY276 #5 norm,,0.998671657486517,0.0367938971498766
Norm,Experiment2 GLY276 #6 norm,,1.09508773429467,0.0834710611178602
Norm,Experiment2 GLY276 #7 norm,,0.991594964287615,0.120282603000572
Norm,Experiment2 GLY276 #8 norm,,0.962728526155313,0.154802379735088
Norm,Experiment2 HPA262 #1 norm,,0.990371363727009,0.0196420297844135
Norm,Experiment2 HPA262 #2 norm,,0.991669153884042,0.0247708930287365
Norm,Experiment2 HPA262 #3 norm,,0.969704124040417,0.0246728765382425
Norm,Experiment2 HPA262 #4 norm,,0.946046645539555,0.0288826164397897
Norm,Experiment2 HPA262 #5 norm,,1.00428238453477,0.022442088698251
Norm,Experiment2 HPA262 #6 norm,,0.952699685471851,0.0282267710121438
Norm,Experiment2 HPA262 #7 norm,,1.00612733527796,0.0240326712661786
Norm,Experiment2 HPA262 #8 norm,,0.973240945064385,0.038369621605568
Norm,Experiment2 GA307 #1 norm,,0.990777986780709,0.0109234725044357
Norm,Experiment2 GA307 #2 norm,,0.876768774899829,0.0293112258003814
Norm,Experiment2 GA307 #3 norm,,0.899149821498882,0.0221313691680078
Norm,Experiment2 GA307 #4 norm,,0.961370307230943,0.0240513390462134
Norm,Experiment2 GA307 #5 norm,,0.905619272254687,0.0716267823935823
Norm,Experiment2 GA307 #6 norm,,0.96250221478096,0.0877066852431278
Norm,Experiment2 GA307 #7 norm,,0.940260960210566,0.0696562332363315
Norm,Experiment2 GA307 #8 norm,,0.934760138051347,0.152296401884363
Norm,Experiment2 SER306 #1 norm,,1.01051899068112,0.0130003533730901
Norm,Experiment2 SER306 #2 norm,,1.0006652642463,0.0357644586379082
Norm,Experiment2 SER306 #3 norm,,1.02683451758743,0.020885197758581
Norm,Experiment2 SER306 #4 norm,,1.04704302963079,0.0260704510056925
Norm,Experiment2 SER306 #5 norm,,0.963633815422743,0.0540679981058718
Norm,Experiment2 SER306 #6 norm,,1.03049441847437,0.113509671744688
Norm,Experiment2 SER306 #7 norm,,1.00472582616448,0.0941199471304868
Norm,Experiment2 SER306 #8 norm,,1.02008965504602,0.151469962501906
Norm,Experiment2 meTHF #1 norm,,0.993191476316998,0.00973883288028042
Norm,Experiment2 meTHF #2 norm,,0.997012306478448,0.0142124250098155
Norm,Experiment2 meTHF #3 norm,,0.961331637062246,0.0305443569209811
Norm,Experiment2 meTHF #4 norm,,1.026756526326,0.0298193240222775
Norm,Experiment2 meTHF #5 norm,,1.03891073625256,0.0881832868482604
Norm,Experiment2 meTHF #6 norm,,0.99326642482265,0.111770240762821
Norm,Experiment2 meTHF #7 norm,,1.03331485616142,0.17974923531421
Norm,Experiment2 meTHF #8 norm,,0.997790912678237,0.0645953633178845
Norm,Experiment2 FmTHF #1 norm,,0.985907641460656,0.00986624375896892
Norm,Experiment2 FmTHF #2 norm,,1.021464576157,0.0117543522035979
Norm,Experiment2 FmTHF #3 norm,,1.00668036640315,0.0103492879683209
Norm,Experiment2 FmTHF #4 norm,,1.01171703333093,0.0228608837252598
Norm,Experiment2 FmTHF #5 norm,,0.980664920255001,0.0408618938099668
Norm,Experiment2 FmTHF #6 norm,,0.978993320426719,0.0679212889840743
Norm,Experiment2 FmTHF #7 norm,,1.00037712417883,0.100743485364743
Norm,Experiment2 FmTHF #8 norm,,0.997987901281841,0.064889622409042
Norm,Experiment2 Met176 #1 norm,,0.980866643043732,0.0231837330817814
Norm,Experiment2 Met176 #2 norm,,0.889198750232028,0.0345533827626371
Norm,Experiment2 Met176 #3 norm,,0.898756907590976,0.032414083402755
Norm,Experiment2 Met176 #4 norm,,0.969607282976106,0.101966618004341
Norm,Experiment2 Met176 #5 norm,,0.898204357783549,0.0547705121262664
Norm,Experiment2 Met176 #6 norm,,1.03832968488838,0.0365301907551128
Norm,Experiment2 Met176 #7 norm,,0.987968176011493,0.0616999749421416
Norm,Experiment2 Met176 #8 norm,,1.00007956861082,0.185507148300906
Norm,Experiment2 SAM #1 norm,,0.991253693094484,0.0137901715784745
Norm,Experiment2 SAM #2 norm,,0.945541900085603,0.0217099235221244
Norm,Experiment2 SAM #3 norm,,1.03422550731706,0.0341094178572762
Norm,Experiment2 SAM #4 norm,,0.982974307942164,0.049795108740772
Norm,Experiment2 SAM #5 norm,,1.01174785930068,0.0257001132919933
Norm,Experiment2 SAM #6 norm,,0.9829394882782,0.0545738307162691
Norm,Experiment2 SAM #7 norm,,0.985920167307457,0.0871876073482075
Norm,Experiment2 SAM #8 norm,,1.00044334073335,0.068110558665662
Norm,Experiment2 CIT465 #1 norm,,0.960453461197323,0.0122279822935025
Norm,Experiment2 CIT465 #2 norm,,0.990893400194921,0.0104600811110551
Norm,Experiment2 CIT465 #3 norm,,0.969892391357526,0.0125917502309787
Norm,Experiment2 CIT465 #4 norm,,1.00492607826028,0.0127031159129322
Norm,Experiment2 CIT465 #5 norm,,0.990319491082997,0.0162083151736569
Norm,Experiment2 CIT465 #6 norm,,0.965175672559107,0.0112137633860476
Norm,Experiment2 CIT465 #7 norm,,0.995516104997197,0.0148817312505623
Norm,Experiment2 CIT465 #8 norm,,1.0310441338897,0.0208521538382001
Norm,Experiment2 MAL335 #1 norm,,1.02512854419629,0.0122461086350748
Norm,Experiment2 MAL335 #2 norm,,1.02205250748178,0.0140823980098587
Norm,Experiment2 MAL335 #3 norm,,0.974435573519706,0.0127460638897249
Norm,Experiment2 MAL335 #4 norm,,1.02597887610682,0.0123002012127586
Norm,Experiment2 MAL335 #5 norm,,0.985809634808976,0.01450513646449
Norm,Experiment2 MAL335 #6 norm,,0.956624895514373,0.0143933480882843
Norm,Experiment2 MAL335 #7 norm,,0.978983713212523,0.0206753231697392
Norm,Experiment2 MAL335 #8 norm,,1.02717164505365,0.0408777343224543
Norm,Experiment2 ASP334 #1 norm,,0.981387632343781,0.0160598630488804
Norm,Experiment2 ASP334 #2 norm,,0.934206319253546,0.022723755812902
Norm,Experiment2 ASP334 #3 norm,,0.954647671968917,0.0171566355609376
Norm,Experiment2 ASP334 #4 norm,,1.02588648397664,0.0225155533386789
Norm,Experiment2 ASP334 #5 norm,,0.953966626946535,0.0237647010213326
Norm,Experiment2 ASP334 #6 norm,,0.971200080050778,0.0594938283628097
Norm,Experiment2 ASP334 #7 norm,,0.984987371976855,0.0662283580528288
Norm,Experiment2 ASP334 #8 norm,,0.932643968549566,0.0351127416960004
Norm,Experiment2 GLU348 #1 norm,,0.976947754250165,0.0114761436938562
Norm,Experiment2 GLU348 #2 norm,,0.995003231512642,0.0123535350855137
Norm,Experiment2 GLU348 #3 norm,,0.970701617782118,0.0116211180497474
Norm,Experiment2 GLU348 #4 norm,,0.977123237227461,0.0153649898852385
Norm,Experiment2 GLU348 #5 norm,,1.02069845923655,0.031648127832686
Norm,Experiment2 GLU348 #6 norm,,1.00070786093229,0.0156348797322426
Norm,Experiment2 GLU348 #7 norm,,0.91102009846924,0.0204597413647551
Norm,Experiment2 GLU348 #8 norm,,0.865046977057069,0.0503947680787211
Norm,Experiment2 THR320 #1 norm,,0.992682407036118,0.0099858559448848
Norm,Experiment2 THR320 #2 norm,,0.981367674219504,0.0116805501705487
Norm,Experiment2 THR320 #3 norm,,1.01477669948206,0.0106593421223541
Norm,Experiment2 THR320 #4 norm,,1.01482211231616,0.0113875378931241
Norm,Experiment2 THR320 #5 norm,,0.97894682963195,0.0196329253085745
Norm,Experiment2 THR320 #6 norm,,0.978430662281858,0.0105363811935653
Norm,Experiment2 THR320 #7 norm,,0.979584884155317,0.0141967833398325
Norm,Experiment2 THR320 #8 norm,,0.872371327496049,0.0361176247179957
Norm,Experiment2 ALA116 #1 norm,,0.999451606148861,0.0101669067238583
Norm,Experiment2 ALA116 #2 norm,,0.993954421502737,0.010000233139247
Norm,Experiment2 ALA116 #3 norm,,1.03260103478943,0.0112806737589066
Norm,Experiment2 ALA116 #4 norm,,1.03606566349092,0.0276725141275833
Norm,Experiment2 ALA116 #5 norm,,1.04409414479797,0.0763784165055415
Norm,Experiment2 ALA116 #6 norm,,0.961565455091248,0.07299932754363
Norm,Experiment2 ALA116 #7 norm,,1.00142008939513,0.0688613542352696
Norm,Experiment2 ALA116 #8 norm,,0.939488365887715,0.193390227243818
Norm,Experiment2 PYR #1 norm,,0.978647138968086,0.012437941778326
Norm,Experiment2 PYR #2 norm,,0.935551656468022,0.0505844978302312
Norm,Experiment2 PYR #3 norm,,0.904487897370584,0.0528361330662619
Norm,Experiment2 PYR #4 norm,,1.07461089835889,0.04965019017294
Norm,Experiment2 PYR #5 norm,,1.02986619787558,0.105242390426133
Norm,Experiment2 PYR #6 norm,,0.934427874697814,0.151954970805282
Norm,Experiment2 PYR #7 norm,,1.02402087936594,0.0773590933624062
Norm,Experiment2 PYR #8 norm,,0.892308310542035,0.115082200924073
