type,id,eqn,val,std
Net flux,CO2.t,CO2.t -> CO2,60.9771416822811,1.49198687734856
Net flux,CO2_sink,dummy -> Sink,60.9771416822811,1.49198687734856
Net flux,RUBICSO_CO2,RUBP.p + CO2 -> 3PGA.p + 3PGA.p + dummy,62.4337369596651,1.49346554758793
Net flux,GAPDH.p net,3PGA.p <-> TP.p,127.012794873101,2.99074875390974
Exch flux,GAPDH.p exch,3PGA.p <-> TP.p,188.264557396475,11.3715554284449
Net flux,ALD,TP.p + E4P.p -> SBP,21.5237136797214,0.499314598921813
Net flux,SBP,SBP -> S7P.p,21.5237136797214,0.499314598921813
Net flux,FBA.p net,TP.p + TP.p <-> FBP.p,31.2117253252327,0.751166588131895
Exch flux,FBA.p exch,TP.p + TP.p <-> FBP.p,32628.7913508524,10.5553046310079
Net flux,PFK.p net,FBP.p <-> F6P.p,31.2117253252363,0.751166588131895
Exch flux,PFK.p exch,FBP.p <-> F6P.p,29868.8497374263,18.5090585177786
Net flux,TK1 net,TP.p + EC2 <-> X5P.p,43.0474273594428,0.998629197843625
Exch flux,TK1 exch,TP.p + EC2 <-> X5P.p,169.968929824288,18.8284153134096
Net flux,TK2 net,S7P.p <-> R5P.p + EC2,21.5237136797214,0.499314598921813
Exch flux,TK2 exch,S7P.p <-> R5P.p + EC2,37.8003380265568,15.9688412557262
Net flux,TK3 net,F6P.p <-> E4P.p + EC2,21.5237136797223,0.499314598921813
Exch flux,TK3 exch,F6P.p <-> E4P.p + EC2,33764.1652693445,15.9766456466706
Net flux,PPE net,X5P.p <-> RU5P.p,43.0474273594428,0.998629197843625
Exch flux,PPE exch,X5P.p <-> RU5P.p,259.651837880672,15.9688412557262
Net flux,PPI net,R5P.p <-> RU5P.p,21.5237136797215,0.499314598921813
Exch flux,PPI exch,R5P.p <-> RU5P.p,241.501163721856,15.9766456466706
Net flux,PRK,RU5P.p -> RUBP.p,64.5711410391644,1.49794379676544
Net flux,RUBISCO_O2,RUBP.p -> 3PGA.p + 2PG.p,2.13740407949922,0.0844415387149683
Net flux,GLYdil net,GLY.p <-> GLY.x + dummyGLY,4.63726098800521e-05,1.66964042334414e-05
Exch flux,GLYdil exch,GLY.p <-> GLY.x + dummyGLY,1.0000000116861e-07,0
Net flux,SERdil net,SER.p <-> SER.x + dummySER,0.247048799116591,0.593548116764942
Exch flux,SERdil exch,SER.p <-> SER.x + dummySER,0.243905616148162,0.0743493799566174
Net flux,GK,GA.p -> 3PGA.p,0.00985751566091109,0.226135828621124
Net flux,PGI.p net,F6P.p <-> G6P.p,9.6880116455129,0.270433095133865
Exch flux,PGI.p exch,F6P.p <-> G6P.p,1.00001084746282e-07,1.85573812551954e-15
Net flux,PGM.p,G6P.p -> ADPG.p,9.6880116455129,0.270433095133865
Net flux,Starch,ADPG.p -> Starch,9.68801164551288,0.270433095133865
Net flux,FBA.c net,TP.c + TP.c <-> FBP.c,0.00910159173146496,0.00327701751497684
Exch flux,FBA.c exch,TP.c + TP.c <-> FBP.c,23.9662233950239,17.4690300161786
Net flux,PFK.c net,FBP.c <-> F6P.c,0.00910159173148095,0.00327701751497684
Exch flux,PFK.c exch,FBP.c <-> F6P.c,8.62098600475098,19.6223123079463
Net flux,PGI.c net,F6P.c <-> G6P.c,0.00455079586578222,0.00163850875748842
Exch flux,PGI.c exch,F6P.c <-> G6P.c,229.842093400895,18.5974386053867
Net flux,PGM.c net,G6P.c <-> UDPG.c,0.00455079586390639,0.00163850875748842
Exch flux,PGM.c exch,G6P.c <-> UDPG.c,48481.7831229189,19.3623008490807
Net flux,SPS,F6P.c + UDPG.c -> S6P,0.00455079586570051,0.00163850875748842
Net flux,PGAM.c net,3PGA.c <-> PEP.c,0.00194064138967498,0.000698725674263
Exch flux,PGAM.c exch,3PGA.c <-> PEP.c,3.15546859339377,18.3973782382604
Net flux,PK.c,PEP.c -> PYR.c,0.000880897556193805,0.000317166140174736
Net flux,PDH,PYR.c + dummy -> ACA + CO2,0.000733133213958403,0.000263963760771273
Net flux,CS,OAA + ACA -> CIT,0.000733133213954407,0.000263963760771273
Net flux,ACO net,CIT <-> ICI,0.000733133213998372,0.000263963760771273
Exch flux,ACO exch,CIT <-> ICI,1154.95930344445,18.3920858464581
Net flux,IDH,ICI + dummy -> AKG + CO2,0.000733133213970838,0.000263963760771273
Net flux,MDH net,MAL <-> OAA,7.105427357601e-15,0
Exch flux,MDH exch,MAL <-> OAA,3.18777867391873e-05,3.67053842751185e-05
Net flux,PPC,PEP.c + CO2 -> OAA + dummy,0.00105974383345764,0.00038155953453575
Net flux,T_3PGA net,3PGA.p <-> 3PGA.c,0.00194064138965544,0.000698725674263
Exch flux,T_3PGA exch,3PGA.p <-> 3PGA.c,7.9495358709889,22.2181149237379
Net flux,T_DHAP net,TP.p <-> TP.c,0.0182031834629766,0.00655403502995368
Exch flux,T_DHAP exch,TP.p <-> TP.c,3.36062232350713,1.30155054046737
Net flux,ALT,PYR.c -> ALA.c,0.000147764341862033,5.32023793435569e-05
Net flux,ASPT,OAA -> ASP,0.000326610619256318,0.00011759577350756
Net flux,GLUDH,AKG -> GLU,0.000733133213947745,0.000263963760771273
Net flux,PCR net,GLU <-> PRO,-2.48689957516035e-14,0
Exch flux,PCR exch,GLU <-> PRO,1.0000000116861e-07,0
Net flux,GS net,GLU <-> GLN,0,0
Exch flux,GS exch,GLU <-> GLN,1.00042619521901e-07,0
Net flux,TS net,ASP <-> THR,0,0
Exch flux,TS exch,ASP <-> THR,0.000114797198342842,0.000263919729853553
Net flux,AS net,ASP <-> ASN,1.06581410364015e-14,0
Exch flux,AS exch,ASP <-> ASN,4.60912715567474e-05,0.000245902870633759
Net flux,G_3PGA.p,0*3PGA.p -> 3PGA,2.4686631405757e-06,26.7676873230265
Net flux,G_3PGA.c,0*3PGA.c -> 3PGA,92.9119081391417,18.7162761082414
Net flux,G_DHAP.p,0*TP.p -> TP,40.6853798422419,26.267869685977
Net flux,G_DHAP.c,0*TP.c -> TP,51.8471856996948,17.0948819595827
Net flux,G_F6P.p,0*F6P.p -> F6P,48.6686345030749,25.5690271328586
Net flux,G_F6P.c,0*F6P.c -> F6P,36.546576817712,18.8215236427739
Net flux,G_FBP.p,0*FBP.p -> FBP,2.46866144948399e-06,27.8122659972451
Net flux,G_FBP.c,0*FBP.c -> FBP,83.4512310509491,18.6078493321565
Net flux,G_G6P.p,0*G6P.p -> G6P,19.0549768397257,26.892785514082
Net flux,G_G6P.c,0*G6P.c -> G6P,58.8549499993083,18.5442678556531
Net flux,G_RU5P.p,0*RU5P.p -> P5P,2.46865387865114e-06,26.3456003926321
Net flux,G_X5P.p,0*X5P.p -> P5P,92.8477691490793,19.0730310193558
Net flux,G_R5P.p,0*R5P.p -> R5P,82.2810779884949,18.9166690540101
Net flux,G_GA.p,0*GA.p -> GA,42.7879205993677,5.18910655889738
Net flux,G_SER.p,0*SER.p -> SER,99.997391282145,26.3918287554721
Net flux,G_GLY.p,0*GLY.p -> GLY,8.0423321598091,27.862563013443
Net flux,G_RUBP.p,0*RUBP.p -> RUBP,92.5302752673063,19.230611949378
Net flux,G_S7P.p,0*S7P.p -> S7P,98.4567310636212,18.2495266692828
Net flux,G_2PG.p,0*2PG.p -> 2PG,87.0427532706349,19.6765707998743
Net flux,G_ADPG.p,0*ADPG.p -> ADPG,95.0805622183481,17.9957245258835
Net flux,G_PEP.c,0*PEP.c -> PEP,89.2305410445615,18.6496814012453
Net flux,G_UDPG.c,0*UDPG.c -> UDPG,72.4268033045549,19.8958250971608
Net flux,G_ALA.c,0*ALA.c -> ALA,81.9844703406052,8.24479126926242
Net flux,(1-G)_GA,0*GA.x -> GA,57.2120794006343,5.18910655889738
Net flux,(1-G)_SER,0*SER.x -> SER,0.00259522661509948,18.9403260431849
Net flux,(1-G)_GLY,0*GLY.x -> GLY,91.9562481691222,1.30675259190008
Net flux,(1-G)_R5P,0*R5P.x -> R5P,17.718922011502,18.9166690540101
Net flux,(1-G)_RUBP,0*RUBP.x -> RUBP,7.46972473269241,19.230611949378
Net flux,(1-G)_3PGA,0*3PGA.x -> 3PGA,7.08808939219539,18.8655091084805
Net flux,(1-G)_TP,0*TP.x -> TP,7.46743445806384,19.5892298459979
Net flux,(1-G)_F6P,0*F6P.x -> F6P,14.7847886792169,19.5095085063137
Net flux,(1-G)_FBP,0*FBP.x -> FBP,16.5487664803842,19.8009143010605
Net flux,(1-G)_G6P,0*G6P.x -> G6P,22.0900731609643,18.8736131724657
Net flux,(1-G)_RU5P,0*RU5P.x -> P5P,7.15222838226825,17.7519582572037
Net flux,(1-G)_S7P,0*S7P.x -> S7P,1.5432689363768,18.2495266692828
Net flux,(1-G)_2PG,0*2PG.x -> 2PG,12.9572467293675,19.6765707998743
Net flux,(1-G)_ADPG,0*ADPG.x -> ADPG,4.91943778165087,17.9957245258835
Net flux,(1-G)_PEP,0*PEP.x -> PEP,10.7694589554367,18.6496814012453
Net flux,(1-G)_UDPG,0*UDPG.x -> UDPG,27.5731966954463,19.8958250971608
Net flux,(1-G)_ALA,0*ALA.x -> ALA,18.0155296593946,8.24479126926242
Net flux,PGASink,3PGA -> Sink,100,0
Net flux,DHAPSink,TP -> Sink,100.000000000001,0
Net flux,F6PSink,F6P -> Sink,100.000000000004,0
Net flux,FBPSink,FBP -> Sink,99.9999999999948,0
Net flux,G6PSink,G6P -> Sink,99.9999999999983,0
Net flux,P5PSink,P5P -> Sink,100.000000000001,0
Net flux,R5PSink,R5P -> Sink,99.9999999999968,0
Net flux,GASink,GA -> Sink,100.000000000002,0
Net flux,SERSink,SER -> Sink,99.9999999999996,0
Net flux,GLYSink,GLY -> Sink,100.000000000001,0
Net flux,RUBPSink,RUBP -> Sink,99.9999999999987,0
Net flux,S7PSink,S7P -> Sink,99.9999999999979,0
Net flux,2PGSink,2PG -> Sink,100.000000000002,0
Net flux,ADPGSink,ADPG -> Sink,99.9999999999989,0
Net flux,PEPSink,PEP -> Sink,99.9999999999983,0
Net flux,UDPGSink,UDPG -> Sink,100.000000000001,0
Net flux,ALASink,ALA -> Sink,99.9999999999998,0
Net flux,S6Pout-LL,S6P + 0.1611*GLU + 0.07177*ASP + 0.03247*ALA.c + 0.01019*dummyGLY + 0.03484*dummySER -> Sink,0.00455079586573603,0.00163850875748842
Net flux,PGP.p,2PG.p -> Glyc.p,2.13740407949924,0.0844415387149683
Net flux,GOX,Glyc.p -> Glyx.p,2.13740407949925,0.0844415387149683
Net flux,GGT,Glyx.p -> GLY.p,2.13740407949924,0.0844415387149683
Net flux,SGAT,SER.p -> HPA.p,0.00985751566090021,0.226135828621124
Net flux,HPR.p,HPA.p -> GA.p,0.00985751566089466,0.226135828621124
Net flux,T_GLY-m net,GLY.p <-> GLY.m,2.11363355884896,27.2024435604384
Exch flux,T_GLY-m exch,GLY.p <-> GLY.m,21065.4418841885,19.7098834080839
Net flux,GDC.m,GLY.m + dummy -> myTHF.m + CO2,1.45618875478934,0.0874902452617045
Net flux,T_SER-m net,SER.p <-> SER.m,-1.45618875478932,0.0874902452617045
Exch flux,T_SER-m exch,SER.p <-> SER.m,111.562054594852,18.7906937457241
Net flux,mSHMT,GLY.m + myTHF.m -> SER.m,1.45618875478934,0.0874902452617045
Net flux,T_SER-c net,SER.p <-> SER.c,1.19928244001184,0.672714938453643
Exch flux,T_SER-c exch,SER.p <-> SER.c,1.00000000280431e-07,0
Net flux,T_Gly-c net,GLY.p <-> GLY.c,0.0237241480400789,27.2023125003257
Exch flux,T_Gly-c exch,GLY.p <-> GLY.c,5.02535311763808e-06,19.5495112377124
Net flux,cSHMT,SER.c -> GLY.c + meTHF.c,0.937034040199411,18.5741362979638
Net flux,FmTHF-reductase net,meTHF.c <-> FmTHF.c,0.937034040199412,18.5741362979638
Exch flux,FmTHF-reductase exch,meTHF.c <-> FmTHF.c,7.80163068641232,26.8662937733455
Net flux,Met-synthase,FmTHF.c + Hcy.c -> Met.c,0.937034040199392,18.5741362979638
Net flux,SAM-synthase,Met.c -> SAM.c,0.937034040199401,18.5741362979638
Net flux,Methylation,SAM.c -> SAH.c + Acceptor.c,0.937034040199396,18.5741362979638
Net flux,hydrolysis,SAH.c -> Hcy.c,0.937034040199388,18.5741362979638
Net flux,G_SER.m,0*SER.m -> SER,1.0000000116861e-07,0
Net flux,G_SER.c,0*SER.c -> SER,1.33912394311153e-05,18.1572575588703
Net flux,G_Gly.m,0*GLY.m -> GLY,9.24401156758847e-05,19.6778023701068
Net flux,G_Gly.c,0*GLY.c -> GLY,0.00132723095430975,19.2382984619317
Net flux,T_GLY-c-m,GLY.c -> GLY.m,0.798743950729417,27.2026571324233
Net flux,G_Glyc,0*Glyc.p -> Glyc,8.28447122494995,1.0374055921185
Net flux,G_Glyx,0*Glyx.p -> Glyx,5.07043324677478,1.88973292585539
Net flux,G_HPA,0*HPA.p -> HPA,8.23731274016916,2.26304661324074
Net flux,(1-G)_Glyc,0*Glyc.x -> Glyc,91.7155287750507,1.0374055921185
Net flux,(1-G)_Glyx,0*Glyx.x -> Glyx,94.9295667532261,1.88973292585539
Net flux,(1-G)_HPA,0*HPA.x -> HPA,91.7626872598307,2.26304661324074
Net flux,GlycSink,Glyc -> Sink,100.000000000001,0
Net flux,GlyxSink,Glyx -> Sink,100.000000000001,0
Net flux,HPASink,HPA -> Sink,99.9999999999998,0
Net flux,SERex,dummySER -> outSER,0.246890234798789,0.593548523524978
Net flux,G_PYR,0*PYR.c -> PYR,44.9577605842803,2.99651803749643
Net flux,(1-G)_PYR,0*PYR.x -> PYR,55.0422394157199,2.99651803749643
Net flux,PYRSink,PYR -> Sink,100,0
Net flux,G_meTHF,0*meTHF.c -> meTHF,99.9449696045097,20.119121491269
Net flux,G_FmTHF,0*FmTHF.c -> FmTHF,98.2245070825196,6.40517130718203
Net flux,G_Met,0*Met.c -> Met,64.2471093986682,4.51020227489022
Net flux,G_SAM,0*SAM.c -> SAM,62.4366615199782,4.43335266247303
Net flux,(1-G)_meTHF,0*meTHF.x -> meTHF,0.0550303954902773,20.119121491269
Net flux,(1-G)_FmTHF,0*FmTHF.x -> FmTHF,1.77549291748054,6.40517130718203
Net flux,(1-G)_Met,0*Met.x -> Met,35.7528906013319,4.51020227489022
Net flux,(1-G)_SAM,0*SAM.x -> SAM,37.5633384800218,4.43335266247303
Net flux,meTHFSink,meTHF -> Sink,99.9999999999999,0
Net flux,FmTHFSink,FmTHF -> Sink,100,0
Net flux,MetSink,Met -> Sink,100,0
Net flux,SAMsink,SAM -> Sink,100,0
Net flux,Met-protein,Met.c -> Protein,6.51983996113883e-15,0
Net flux,GLY-protein,GLY.c -> Protein,0.1620142375101,18.5746410170991
Net flux,SER-protein,SER.c -> Protein,0.262248399812436,18.5863144437905
Pool,2PG pool,,0,0
Pool,2PG.p pool,,3.7774811388352e-06,19.2339737293348
Pool,2PG.x pool,,1,Inf
Pool,3PGA pool,,0,0
Pool,3PGA.c pool,,1.442845256096e-05,19.6804551337769
Pool,3PGA.p pool,,4.07302054035145e-06,18.3273654516413
Pool,3PGA.x pool,,1,Inf
Pool,ACA pool,,2.90953261441279e-06,19.8948830955557
Pool,ADPG pool,,0,0
Pool,ADPG.p pool,,9.9999999999999e-08,Inf
Pool,ADPG.x pool,,1,Inf
Pool,AKG pool,,2.70288863057148e-06,19.596432634893
Pool,ALA pool,,0,0
Pool,ALA.c pool,,3.7916776482077e-05,1.66027323225057e-05
Pool,ALA.x pool,,1,Inf
Pool,ASN pool,,7566.06822457575,19.5311215576779
Pool,ASP pool,,0.000318822773302243,0.000129882930888736
Pool,Acceptor.c pool,,1,Inf
Pool,CIT pool,,0.0664829129986205,19.8460308957813
Pool,CO2 pool,,0.000256896764112967,19.3144502375857
Pool,CO2.t pool,,1,Inf
Pool,E4P.p pool,,0,0
Pool,EC2 pool,,0,0
Pool,F6P pool,,0,0
Pool,F6P.c pool,,3.82978341390416e-06,19.9033052505961
Pool,F6P.p pool,,4.01809834237509e-06,18.6570230398584
Pool,F6P.x pool,,1,Inf
Pool,FBP pool,,0,0
Pool,FBP.c pool,,3.82969814331501e-06,19.4225722091403
Pool,FBP.p pool,,3.90596556406446e-06,20.1430121691617
Pool,FBP.x pool,,1,Inf
Pool,FmTHF pool,,8.28042513018307,2.65572449159118
Pool,FmTHF.c pool,,2.51100399443502e-06,19.6864034156027
Pool,FmTHF.x pool,,1,Inf
Pool,G6P pool,,0,0
Pool,G6P.c pool,,9.87536165496181e-06,19.5646305916225
Pool,G6P.p pool,,3.87011904248565e-06,19.1555243360266
Pool,G6P.x pool,,1,Inf
Pool,GA pool,,0,0
Pool,GA.p pool,,3.93807987829832e-06,17.742917920402
Pool,GA.x pool,,1,Inf
Pool,GLN pool,,8.83867754990341,17.8212545788116
Pool,GLU pool,,2.70325145001034e-06,19.26368339209
Pool,GLY pool,,0,0
Pool,GLY.c pool,,1.00000356027125e-07,19.2993066272159
Pool,GLY.m pool,,0.0246625204570593,0.0154740024294499
Pool,GLY.p pool,,0.000419001854925368,18.4292404987614
Pool,GLY.x pool,,1,Inf
Pool,Glyc pool,,2.11475441760812,0.972203271493955
Pool,Glyc.p pool,,2.15610427990071e-05,18.6179849697055
Pool,Glyc.x pool,,1,Inf
Pool,Glyx pool,,18.7230880150015,11.5780572459698
Pool,Glyx.p pool,,3.22230829837674e-05,18.7551201731076
Pool,Glyx.x pool,,1,Inf
Pool,HPA pool,,0.000179507930472678,18.9744089931709
Pool,HPA.p pool,,2.9896053072324e-06,19.0137943401825
Pool,HPA.x pool,,1,Inf
Pool,Hcy.c pool,,1,Inf
Pool,ICI pool,,0.0034833567301044,19.3680767053919
Pool,MAL pool,,0.000323714225311078,0.000354804828920185
Pool,Met pool,,0.0277737674686029,17.4056191088445
Pool,Met.c pool,,2.65087182440874e-06,20.1496077614356
Pool,Met.x pool,,1,Inf
Pool,OAA pool,,1.10820536145206e-07,18.4139278499123
Pool,P5P pool,,0,0
Pool,PEP pool,,0,0
Pool,PEP.c pool,,5.05245516422824e-06,18.1154896673933
Pool,PEP.x pool,,1,Inf
Pool,PRO pool,,5.39499638373091,18.7117484971171
Pool,PYR pool,,1e-07,0
Pool,PYR.c pool,,7.50897316944679e-05,2.99085656288248e-05
Pool,PYR.x pool,,1,Inf
Pool,Protein pool,,1,Inf
Pool,R5P pool,,0,0
Pool,R5P.p pool,,4.28921950780481e-05,18.6948571322817
Pool,R5P.x pool,,1,Inf
Pool,RU5P.p pool,,3.91052598827152e-06,19.8793270154907
Pool,RU5P.x pool,,1,Inf
Pool,RUBP pool,,0,0
Pool,RUBP.p pool,,3.92948933651163e-06,18.7805813552694
Pool,RUBP.x pool,,1,Inf
Pool,S6P pool,,1,Inf
Pool,S7P pool,,0,0
Pool,S7P.p pool,,4.18344351006919e-06,19.1479943683408
Pool,S7P.x pool,,1,Inf
Pool,SAH.c pool,,1,Inf
Pool,SAM pool,,4.53774897690997,2.43412018780113
Pool,SAM.c pool,,2.72554276414429e-06,19.0388895636983
Pool,SAM.x pool,,1,Inf
Pool,SBP pool,,0,0
Pool,SER pool,,0,0
Pool,SER.c pool,,3.47584530543225e-05,19.6630482389613
Pool,SER.m pool,,0.494334505336063,0.0471582877927038
Pool,SER.p pool,,0.00768228406428679,18.2214769683162
Pool,SER.x pool,,1,Inf
Pool,Sink pool,,1,Inf
Pool,Starch pool,,1,Inf
Pool,THR pool,,3889.76128159367,19.1321363424631
Pool,TP pool,,0,0
Pool,TP.c pool,,4.18761828198256e-06,20.1149737050244
Pool,TP.p pool,,4.24509446560504e-06,18.6880433274716
Pool,TP.x pool,,1,Inf
Pool,UDPG pool,,0,0
Pool,UDPG.c pool,,0.355590884349379,0.108783367926105
Pool,UDPG.x pool,,1,Inf
Pool,X5P.p pool,,4.02607597112669e-06,19.4675616638621
Pool,dummy pool,,1,Inf
Pool,dummyGLY pool,,1,Inf
Pool,dummySER pool,,1,Inf
Pool,meTHF pool,,0.0148117451077281,18.580089491498
Pool,meTHF.c pool,,2.50726745696352e-06,18.6669513514053
Pool,meTHF.x pool,,1,Inf
Pool,myTHF.m pool,,0.000178346496149062,18.2807714352821
Pool,outSER pool,,1,Inf
Norm,Experiment2 Glyc205 #1 norm,,0.922630423983087,0.0334869191315358
Norm,Experiment2 Glyc205 #2 norm,,0.993914160459313,0.01821803064506
Norm,Experiment2 Glyc205 #3 norm,,1.00918758197836,0.0233438005909763
Norm,Experiment2 Glyc205 #4 norm,,0.96997658258038,0.0203656065183737
Norm,Experiment2 Glyc205 #5 norm,,1.01971582798084,0.0245032009367756
Norm,Experiment2 Glyc205 #6 norm,,0.955327046331495,0.0237624303150983
Norm,Experiment2 Glyc205 #7 norm,,1.00420181362878,0.0323676807458071
Norm,Experiment2 Glyc205 #8 norm,,0.887610641885266,0.113061056632794
Norm,Experiment2 Glyx160 #1 norm,,1.02536311818321,0.0115375892624737
Norm,Experiment2 Glyx160 #2 norm,,0.97042701114125,0.011400975995114
Norm,Experiment2 Glyx160 #3 norm,,0.9937164767624,0.0127682909444511
Norm,Experiment2 Glyx160 #4 norm,,0.990468358119597,0.0170138715438581
Norm,Experiment2 Glyx160 #5 norm,,0.993864481605162,0.0154227778247341
Norm,Experiment2 Glyx160 #6 norm,,1.02009108758947,0.0216285086336874
Norm,Experiment2 Glyx160 #7 norm,,1.00963225172107,0.0318893844985624
Norm,Experiment2 Glyx160 #8 norm,,0.889878844607538,0.137531025620895
Norm,Experiment2 GLY276 #1 norm,,0.984358526144159,0.0105199257632635
Norm,Experiment2 GLY276 #2 norm,,0.963657257572265,0.0214709933514776
Norm,Experiment2 GLY276 #3 norm,,1.03843353485558,0.0198522179149562
Norm,Experiment2 GLY276 #4 norm,,1.01475036439327,0.0180346212458856
Norm,Experiment2 GLY276 #5 norm,,0.947707241385457,0.0341419761345741
Norm,Experiment2 GLY276 #6 norm,,1.02666249283022,0.0848274655143272
Norm,Experiment2 GLY276 #7 norm,,0.798226342396089,0.121150197765485
Norm,Experiment2 GLY276 #8 norm,,0.554659797255326,0.177548654156457
Norm,Experiment2 HPA262 #1 norm,,0.995108913750179,0.0199794538692523
Norm,Experiment2 HPA262 #2 norm,,0.946512135690109,0.0233682547762205
Norm,Experiment2 HPA262 #3 norm,,0.97959435183884,0.0234301702360679
Norm,Experiment2 HPA262 #4 norm,,0.960420008061888,0.0291905500573237
Norm,Experiment2 HPA262 #5 norm,,0.90361617730237,0.021409106505103
Norm,Experiment2 HPA262 #6 norm,,0.924521716370558,0.0298120272705176
Norm,Experiment2 HPA262 #7 norm,,0.983104833376792,0.0236091522766981
Norm,Experiment2 HPA262 #8 norm,,0.996916281230019,0.039844131341372
Norm,Experiment2 GA307 #1 norm,,0.993542235559568,0.010789179391905
Norm,Experiment2 GA307 #2 norm,,0.908371375192444,0.03330202547077
Norm,Experiment2 GA307 #3 norm,,0.88938452450794,0.0246309449629938
Norm,Experiment2 GA307 #4 norm,,0.957142177720667,0.0281263158769261
Norm,Experiment2 GA307 #5 norm,,0.964527612154236,0.0842763810387996
Norm,Experiment2 GA307 #6 norm,,0.830642590458677,0.0908051404707435
Norm,Experiment2 GA307 #7 norm,,0.936873709460084,0.0742457143016054
Norm,Experiment2 GA307 #8 norm,,0.953684239095368,0.178325482761843
Norm,Experiment2 SER306 #1 norm,,0.992580874569415,0.0124433976116062
Norm,Experiment2 SER306 #2 norm,,0.969326269981867,0.0358834161956267
Norm,Experiment2 SER306 #3 norm,,1.05082168608005,0.0216448357247728
Norm,Experiment2 SER306 #4 norm,,1.01949971208675,0.0258529248815899
Norm,Experiment2 SER306 #5 norm,,0.99416757088469,0.0552277621312139
Norm,Experiment2 SER306 #6 norm,,0.987639292950578,0.129028316051964
Norm,Experiment2 SER306 #7 norm,,1.02827541803755,0.0970845152749345
Norm,Experiment2 SER306 #8 norm,,0.939568687193458,0.0957899623487239
Norm,Experiment2 meTHF #1 norm,,0.996266368042966,0.0100438195900626
Norm,Experiment2 meTHF #2 norm,,0.987408434134752,0.0143790880678281
Norm,Experiment2 meTHF #3 norm,,0.961371328725577,0.0275195155037927
Norm,Experiment2 meTHF #4 norm,,1.03605808315318,0.0282383526568392
Norm,Experiment2 meTHF #5 norm,,0.902603250228524,0.0789693312709957
Norm,Experiment2 meTHF #6 norm,,0.871387696966362,0.131069384556295
Norm,Experiment2 meTHF #7 norm,,1.05917937299902,0.262164604412323
Norm,Experiment2 meTHF #8 norm,,1.06494377040666,0.0714435577203607
Norm,Experiment2 FmTHF #1 norm,,0.989794909318772,0.0098881098945064
Norm,Experiment2 FmTHF #2 norm,,1.00011370794288,0.0115149269614167
Norm,Experiment2 FmTHF #3 norm,,1.00714060940027,0.0101732432583235
Norm,Experiment2 FmTHF #4 norm,,0.976502823124597,0.0201619501710792
Norm,Experiment2 FmTHF #5 norm,,1.03741524166903,0.0416291661609814
Norm,Experiment2 FmTHF #6 norm,,0.995821656304881,0.0741369540647691
Norm,Experiment2 FmTHF #7 norm,,0.995797202703843,0.118510502594784
Norm,Experiment2 FmTHF #8 norm,,0.996657729735123,0.0783243956250078
Norm,Experiment2 Met176 #1 norm,,0.982493003901944,0.0245180158866886
Norm,Experiment2 Met176 #2 norm,,0.887968304293062,0.0355950839084282
Norm,Experiment2 Met176 #3 norm,,0.947839452830075,0.0350140959801995
Norm,Experiment2 Met176 #4 norm,,0.774050362414494,0.0746948880657605
Norm,Experiment2 Met176 #5 norm,,0.957480381279734,0.070100290312174
Norm,Experiment2 Met176 #6 norm,,0.995242043093926,0.0344034168277365
Norm,Experiment2 Met176 #7 norm,,1.00527216223415,0.0630374176410096
Norm,Experiment2 Met176 #8 norm,,1.00907276605602,0.151046276967506
Norm,Experiment2 SAM #1 norm,,0.982125254882732,0.0147061173198471
Norm,Experiment2 SAM #2 norm,,0.981177216755242,0.0223471073781381
Norm,Experiment2 SAM #3 norm,,0.938343025625907,0.0329083264523995
Norm,Experiment2 SAM #4 norm,,0.98921672947982,0.0432236583429076
Norm,Experiment2 SAM #5 norm,,0.994951168862143,0.025573470357089
Norm,Experiment2 SAM #6 norm,,1.0298168972577,0.0557585014612385
Norm,Experiment2 SAM #7 norm,,1.01290166110939,0.0765927882944983
Norm,Experiment2 SAM #8 norm,,0.997159309063755,0.0648214258341087
Norm,Experiment2 CIT465 #1 norm,,0.949468844012351,0.0118967187740757
Norm,Experiment2 CIT465 #2 norm,,0.979593469608749,0.0104424280545
Norm,Experiment2 CIT465 #3 norm,,0.96509178973,0.0125838879006015
Norm,Experiment2 CIT465 #4 norm,,0.949219087958239,0.0126480619109132
Norm,Experiment2 CIT465 #5 norm,,0.988454196564869,0.0155209811024892
Norm,Experiment2 CIT465 #6 norm,,0.993740169461653,0.0114695039878191
Norm,Experiment2 CIT465 #7 norm,,0.997739886048159,0.0136648757161498
Norm,Experiment2 CIT465 #8 norm,,0.967511908734058,0.0148339002738572
Norm,Experiment2 MAL335 #1 norm,,1.00753569562838,0.0121415059493504
Norm,Experiment2 MAL335 #2 norm,,0.991135104584314,0.0134573964893555
Norm,Experiment2 MAL335 #3 norm,,0.993737530494807,0.013015043738361
Norm,Experiment2 MAL335 #4 norm,,0.994013048949768,0.0120991814757116
Norm,Experiment2 MAL335 #5 norm,,1.01750834540711,0.0154491166830384
Norm,Experiment2 MAL335 #6 norm,,1.01865457397804,0.0161213286257576
Norm,Experiment2 MAL335 #7 norm,,0.989738594939183,0.0199552402929789
Norm,Experiment2 MAL335 #8 norm,,1.00020990377425,0.0392690173193009
Norm,Experiment2 ASP334 #1 norm,,0.977991337025877,0.0153202003456528
Norm,Experiment2 ASP334 #2 norm,,0.995643453481418,0.0250422490096853
Norm,Experiment2 ASP334 #3 norm,,0.978064511269602,0.0176831518476762
Norm,Experiment2 ASP334 #4 norm,,1.01088555645087,0.0220227481051109
Norm,Experiment2 ASP334 #5 norm,,0.955015824158614,0.023064050254693
Norm,Experiment2 ASP334 #6 norm,,0.893257265527337,0.0540541355719821
Norm,Experiment2 ASP334 #7 norm,,0.933040969807569,0.0622559592747631
Norm,Experiment2 ASP334 #8 norm,,0.937206984873106,0.0350099935689254
Norm,Experiment2 GLU348 #1 norm,,1.018416830157,0.0120241341751809
Norm,Experiment2 GLU348 #2 norm,,1.01885343047292,0.0127858832835346
Norm,Experiment2 GLU348 #3 norm,,1.04662457615777,0.012542069182314
Norm,Experiment2 GLU348 #4 norm,,0.972961653992856,0.0153212131966108
Norm,Experiment2 GLU348 #5 norm,,0.99149064001993,0.0313984608428807
Norm,Experiment2 GLU348 #6 norm,,1.00612424162492,0.0154630893081241
Norm,Experiment2 GLU348 #7 norm,,0.925202816625837,0.0211386444317296
Norm,Experiment2 GLU348 #8 norm,,0.963807105226926,0.0594189792987033
Norm,Experiment2 THR320 #1 norm,,0.999448888709988,0.0100972686779635
Norm,Experiment2 THR320 #2 norm,,0.992353823798697,0.0117682773217782
Norm,Experiment2 THR320 #3 norm,,0.981413811732685,0.0100963095012283
Norm,Experiment2 THR320 #4 norm,,0.986310814106206,0.0108283157919537
Norm,Experiment2 THR320 #5 norm,,1.01739024231137,0.0215048307579986
Norm,Experiment2 THR320 #6 norm,,1.01988296892477,0.0111700224145154
Norm,Experiment2 THR320 #7 norm,,0.995357843234862,0.0138076039403755
Norm,Experiment2 THR320 #8 norm,,0.89826823344122,0.036297353240697
Norm,Experiment2 ALA116 #1 norm,,1.0285875907882,0.0102503989388032
Norm,Experiment2 ALA116 #2 norm,,1.00253813773934,0.010453567788792
Norm,Experiment2 ALA116 #3 norm,,1.0067219249293,0.0107875413750681
Norm,Experiment2 ALA116 #4 norm,,1.00923445489721,0.0250893799885046
Norm,Experiment2 ALA116 #5 norm,,1.01617567673686,0.0694151406149699
Norm,Experiment2 ALA116 #6 norm,,0.99769095608151,0.0818527309168688
Norm,Experiment2 ALA116 #7 norm,,1.02814973614115,0.0731355621425123
Norm,Experiment2 ALA116 #8 norm,,0.841833092199895,0.163853384682462
Norm,Experiment2 PYR #1 norm,,0.972329611429655,0.0125513217369432
Norm,Experiment2 PYR #2 norm,,0.966511689787852,0.0555122723245988
Norm,Experiment2 PYR #3 norm,,0.962637963231241,0.0612799566937258
Norm,Experiment2 PYR #4 norm,,1.01855887136166,0.0492487209377471
Norm,Experiment2 PYR #5 norm,,1.01826701111781,0.119973430236318
Norm,Experiment2 PYR #6 norm,,0.992550886339517,0.102827124432869
Norm,Experiment2 PYR #7 norm,,1.02732591119245,0.0885439220773759
Norm,Experiment2 PYR #8 norm,,0.993578938284036,0.110110453315043
