type,id,eqn,val,std
Net flux,CO2.t,CO2.t -> CO2,64.3766434516209,1.51606809787248
Net flux,CO2_sink,dummy -> Sink,64.3766434516208,1.51606809787248
Net flux,RUBICSO_CO2,RUBP.p + CO2 -> 3PGA.p + 3PGA.p + dummy,65.6389759916313,1.52472168098912
Net flux,GAPDH.p net,3PGA.p <-> TP.p,133.627905912974,3.09052605317965
Exch flux,GAPDH.p exch,3PGA.p <-> TP.p,108192.096615362,844.207373871887
Net flux,ALD,TP.p + E4P.p -> SBP,22.6441254095954,0.509431170541231
Net flux,SBP,SBP -> S7P.p,22.6441254095954,0.509431170541231
Net flux,FBA.p net,TP.p + TP.p <-> FBP.p,30.2442888920705,0.800443609721953
Exch flux,FBA.p exch,TP.p + TP.p <-> FBP.p,22568.8725723904,1205.01621074638
Net flux,PFK.p net,FBP.p <-> F6P.p,30.2442888920736,0.800443609721953
Exch flux,PFK.p exch,FBP.p <-> F6P.p,1.00007923720113e-07,1.43843854030492e-13
Net flux,TK1 net,TP.p + EC2 <-> X5P.p,45.2882508191907,1.01886234108246
Exch flux,TK1 exch,TP.p + EC2 <-> X5P.p,1.0000000116861e-07,0
Net flux,TK2 net,S7P.p <-> R5P.p + EC2,22.6441254095953,0.509431170541231
Exch flux,TK2 exch,S7P.p <-> R5P.p + EC2,37.784335330778,2206.9122348998
Net flux,TK3 net,F6P.p <-> E4P.p + EC2,22.6441254095971,0.509431170541231
Exch flux,TK3 exch,F6P.p <-> E4P.p + EC2,9415.67315456702,3570.80277139374
Net flux,PPE net,X5P.p <-> RU5P.p,45.2882508191906,1.01886234108246
Exch flux,PPE exch,X5P.p <-> RU5P.p,74.7955023628178,3062.39730216442
Net flux,PPI net,R5P.p <-> RU5P.p,22.6441254095954,0.509431170541231
Exch flux,PPI exch,R5P.p <-> RU5P.p,239.483924429713,3843.10996984597
Net flux,PRK,RU5P.p -> RUBP.p,67.9323762287862,1.52829351162372
Net flux,RUBISCO_O2,RUBP.p -> 3PGA.p + 2PG.p,2.29340023715485,0.0850887871374358
Net flux,GLYdil net,GLY.p <-> GLY.x + dummyGLY,0.0132647099653624,0.00158645559634997
Exch flux,GLYdil exch,GLY.p <-> GLY.x + dummyGLY,1.0000000116861e-07,0
Net flux,SERdil net,SER.p <-> SER.x + dummySER,0.237070064423442,0.682754112765284
Exch flux,SERdil exch,SER.p <-> SER.x + dummySER,0.0910558442428666,0.0683923032043769
Net flux,GK,GA.p -> 3PGA.p,0.611666834622067,0.47276835672205
Net flux,PGI.p net,F6P.p <-> G6P.p,7.60016348247766,0.419318642044582
Exch flux,PGI.p exch,F6P.p <-> G6P.p,9.99922491473626e-08,3637.03784949328
Net flux,PGM.p,G6P.p -> ADPG.p,7.60016348247767,0.419318642044582
Net flux,Starch,ADPG.p -> Starch,7.60016348247764,0.419318642044582
Net flux,FBA.c net,TP.c + TP.c <-> FBP.c,2.60347595002169,0.311374994431683
Exch flux,FBA.c exch,TP.c + TP.c <-> FBP.c,23.348981223807,4153.17525990954
Net flux,PFK.c net,FBP.c <-> F6P.c,2.60347595002171,0.311374994431683
Exch flux,PFK.c exch,FBP.c <-> F6P.c,9.87206962815933,14.0917594521813
Net flux,PGI.c net,F6P.c <-> G6P.c,1.30173797501087,0.155687497215842
Exch flux,PGI.c exch,F6P.c <-> G6P.c,229.71371339218,3551.39047124227
Net flux,PGM.c net,G6P.c <-> UDPG.c,1.30173797500902,0.155687497215842
Exch flux,PGM.c exch,G6P.c <-> UDPG.c,48482.0521063796,4000.27026679847
Net flux,SPS,F6P.c + UDPG.c -> S6P,1.30173797501081,0.155687497215842
Net flux,PGAM.c net,3PGA.c <-> PEP.c,0.555113142063684,0.0663913762998938
Exch flux,PGAM.c exch,3PGA.c <-> PEP.c,0.0108025888995369,3508.81172747639
Net flux,PK.c,PEP.c -> PYR.c,0.251977419822574,0.0301364288300639
Net flux,PDH,PYR.c + dummy -> ACA + CO2,0.209709987773709,0.0250812557975877
Net flux,CS,OAA + ACA -> CIT,0.209709987773705,0.0250812557975877
Net flux,ACO net,CIT <-> ICI,0.209709987773749,0.0250812557975877
Exch flux,ACO exch,CIT <-> ICI,1134.68374065388,4036.53721370914
Net flux,IDH,ICI + dummy -> AKG + CO2,0.209709987773722,0.0250812557975877
Net flux,MDH net,MAL <-> OAA,7.105427357601e-15,0
Exch flux,MDH exch,MAL <-> OAA,0.111358816307053,0.129185242474007
Net flux,PPC,PEP.c + CO2 -> OAA + dummy,0.303135722240632,0.0362549474647837
Net flux,T_3PGA net,3PGA.p <-> 3PGA.c,0.555113142063661,0.0663913762998938
Exch flux,T_3PGA exch,3PGA.p <-> 3PGA.c,1.0000000116861e-07,0
Net flux,T_DHAP net,TP.p <-> TP.c,5.20695190004342,0.622749988863367
Exch flux,T_DHAP exch,TP.p <-> TP.c,4.63138291663583,2.05586959130189
Net flux,ALT,PYR.c -> ALA.c,0.042267432048548,0.00505517303408039
Net flux,ASPT,OAA -> ASP,0.0934257344663387,0.0111736916742924
Net flux,GLUDH,AKG -> GLU,0.209709987773699,0.0250812557975877
Net flux,PCR net,GLU <-> PRO,-2.48689957516035e-14,0
Exch flux,PCR exch,GLU <-> PRO,1.0000000116861e-07,0
Net flux,GS net,GLU <-> GLN,0,0
Exch flux,GS exch,GLU <-> GLN,1.0004213635284e-07,0
Net flux,TS net,ASP <-> THR,0,0
Exch flux,TS exch,ASP <-> THR,0.0355600588664942,0.0385296718595055
Net flux,AS net,ASP <-> ASN,1.06581410364015e-14,0
Exch flux,AS exch,ASP <-> ASN,1.0000000116861e-07,0
Net flux,G_3PGA.p,0*3PGA.p -> 3PGA,2.46866312636485e-06,4730.78915105383
Net flux,G_3PGA.c,0*3PGA.c -> 3PGA,92.9119081399991,3235.7921738843
Net flux,G_DHAP.p,0*TP.p -> TP,40.6853798422419,5084.00110285273
Net flux,G_DHAP.c,0*TP.c -> TP,51.8471856996948,3419.62352956674
Net flux,G_F6P.p,0*F6P.p -> F6P,48.6686345030749,4575.88265632766
Net flux,G_F6P.c,0*F6P.c -> F6P,36.546576817712,3479.38897235645
Net flux,G_FBP.p,0*FBP.p -> FBP,2.46866146369484e-06,4786.15144498047
Net flux,G_FBP.c,0*FBP.c -> FBP,83.4512310501738,3586.45238004143
Net flux,G_G6P.p,0*G6P.p -> G6P,19.0549768397257,5113.60009496277
Net flux,G_G6P.c,0*G6P.c -> G6P,58.8549499993082,3651.51938987731
Net flux,G_RU5P.p,0*RU5P.p -> P5P,2.46865387154571e-06,4727.31911068625
Net flux,G_X5P.p,0*X5P.p -> P5P,92.8477691487973,3325.29818402815
Net flux,G_R5P.p,0*R5P.p -> R5P,82.2810779884949,3315.16149313061
Net flux,G_GA.p,0*GA.p -> GA,33.661122165677,5.31540919354352
Net flux,G_SER.p,0*SER.p -> SER,82.8866634157441,3523.98740459722
Net flux,G_GLY.p,0*GLY.p -> GLY,1.12546530411905,3605.42772239192
Net flux,G_RUBP.p,0*RUBP.p -> RUBP,92.5302752673063,3108.21574262686
Net flux,G_S7P.p,0*S7P.p -> S7P,98.4567310636212,3375.40496764918
Net flux,G_2PG.p,0*2PG.p -> 2PG,87.0427532706349,3325.93517856318
Net flux,G_ADPG.p,0*ADPG.p -> ADPG,95.0805622183481,3536.67826961268
Net flux,G_PEP.c,0*PEP.c -> PEP,89.2305410445615,3367.70716926107
Net flux,G_UDPG.c,0*UDPG.c -> UDPG,72.4268033045549,3360.66743385818
Net flux,G_ALA.c,0*ALA.c -> ALA,62.1682850840227,4.08828113106093
Net flux,(1-G)_GA,0*GA.x -> GA,66.338877834325,5.31540919354352
Net flux,(1-G)_SER,0*SER.x -> SER,17.1133345555198,5.59067267147106
Net flux,(1-G)_GLY,0*GLY.x -> GLY,62.0193389921033,8.46631632069571
Net flux,(1-G)_R5P,0*R5P.x -> R5P,17.718922011502,3315.16149313061
Net flux,(1-G)_RUBP,0*RUBP.x -> RUBP,7.46972473269241,3108.21574262686
Net flux,(1-G)_3PGA,0*3PGA.x -> 3PGA,7.08808939133808,3337.94751257446
Net flux,(1-G)_TP,0*TP.x -> TP,7.46743445806384,3607.0609500327
Net flux,(1-G)_F6P,0*F6P.x -> F6P,14.7847886792169,3444.8316191239
Net flux,(1-G)_FBP,0*FBP.x -> FBP,16.5487664811595,3219.2249666044
Net flux,(1-G)_G6P,0*G6P.x -> G6P,22.0900731609643,3541.89949649737
Net flux,(1-G)_RU5P,0*RU5P.x -> P5P,7.15222838255024,3496.60160054457
Net flux,(1-G)_S7P,0*S7P.x -> S7P,1.5432689363768,3375.40496764918
Net flux,(1-G)_2PG,0*2PG.x -> 2PG,12.9572467293675,3325.93517856318
Net flux,(1-G)_ADPG,0*ADPG.x -> ADPG,4.91943778165087,3536.67826961268
Net flux,(1-G)_PEP,0*PEP.x -> PEP,10.7694589554367,3367.70716926107
Net flux,(1-G)_UDPG,0*UDPG.x -> UDPG,27.5731966954463,3360.66743385818
Net flux,(1-G)_ALA,0*ALA.x -> ALA,37.8317149159771,4.08828113106093
Net flux,PGASink,3PGA -> Sink,100,0
Net flux,DHAPSink,TP -> Sink,100.000000000001,0
Net flux,F6PSink,F6P -> Sink,100.000000000004,0
Net flux,FBPSink,FBP -> Sink,99.9999999999948,0
Net flux,G6PSink,G6P -> Sink,99.9999999999983,0
Net flux,P5PSink,P5P -> Sink,100.000000000001,0
Net flux,R5PSink,R5P -> Sink,99.9999999999968,0
Net flux,GASink,GA -> Sink,100.000000000002,0
Net flux,SERSink,SER -> Sink,99.9999999999996,0
Net flux,GLYSink,GLY -> Sink,100.000000000001,0
Net flux,RUBPSink,RUBP -> Sink,99.9999999999987,0
Net flux,S7PSink,S7P -> Sink,99.9999999999979,0
Net flux,2PGSink,2PG -> Sink,100.000000000002,0
Net flux,ADPGSink,ADPG -> Sink,99.9999999999989,0
Net flux,PEPSink,PEP -> Sink,99.9999999999983,0
Net flux,UDPGSink,UDPG -> Sink,100.000000000001,0
Net flux,ALASink,ALA -> Sink,99.9999999999998,0
Net flux,S6Pout-LL,S6P + 0.1611*GLU + 0.07177*ASP + 0.03247*ALA.c + 0.01019*dummyGLY + 0.03484*dummySER -> Sink,1.30173797501085,0.155687497215842
Net flux,PGP.p,2PG.p -> Glyc.p,2.29340023715487,0.0850887871374358
Net flux,GOX,Glyc.p -> Glyx.p,2.29340023715488,0.0850887871374358
Net flux,GGT,Glyx.p -> GLY.p,2.29340023715487,0.0850887871374358
Net flux,SGAT,SER.p -> HPA.p,0.611666834622056,0.47276835672205
Net flux,HPR.p,HPA.p -> GA.p,0.61166683462205,0.47276835672205
Net flux,T_GLY-m net,GLY.p <-> GLY.m,1.21664157104533,3451.53847189564
Exch flux,T_GLY-m exch,GLY.p <-> GLY.m,22913.6543581428,3350.68013938142
Net flux,GDC.m,GLY.m + dummy -> myTHF.m + CO2,1.14604828670279,0.215256902274375
Net flux,T_SER-m net,SER.p <-> SER.m,-1.14604828670269,0.215256902274375
Exch flux,T_SER-m exch,SER.p <-> SER.m,875.461257013926,3473.60669096479
Net flux,mSHMT,GLY.m + myTHF.m -> SER.m,1.14604828670279,0.215256902274375
Net flux,T_SER-c net,SER.p <-> SER.c,0.297311387657281,0.807542329787276
Exch flux,T_SER-c exch,SER.p <-> SER.c,0.250844254451463,0.643860212265347
Net flux,T_Gly-c net,GLY.p <-> GLY.c,1.06349395613813,3451.53847174864
Exch flux,T_Gly-c exch,GLY.p <-> GLY.c,0.0933785122142901,3451.53842686972
Net flux,cSHMT,SER.c -> GLY.c + meTHF.c,0.0119611462160032,0.420873494696077
Net flux,FmTHF-reductase net,meTHF.c <-> FmTHF.c,0.0119611462160041,0.420873494696077
Exch flux,FmTHF-reductase exch,meTHF.c <-> FmTHF.c,8.18415074459723,3481.26154898352
Net flux,Met-synthase,FmTHF.c + Hcy.c -> Met.c,0.0119611462159835,0.420873494696077
Net flux,SAM-synthase,Met.c -> SAM.c,0.0119611462159929,0.420873494696077
Net flux,Methylation,SAM.c -> SAH.c + Acceptor.c,0.011961146215988,0.420873494696077
Net flux,hydrolysis,SAH.c -> Hcy.c,0.0119611462159802,0.420873494696077
Net flux,G_SER.m,0*SER.m -> SER,1.0000000116861e-07,0
Net flux,G_SER.c,0*SER.c -> SER,1.92873564230922e-06,3523.98296988224
Net flux,G_Gly.m,0*GLY.m -> GLY,9.77425158836809e-05,3605.42708946868
Net flux,G_Gly.c,0*GLY.c -> GLY,36.855097961263,9.22112747967247
Net flux,T_GLY-c-m,GLY.c -> GLY.m,1.07545500235423,3451.53844115806
Net flux,G_Glyc,0*Glyc.p -> Glyc,9.00725203289552,1.27523598500791
Net flux,G_Glyx,0*Glyx.p -> Glyx,99.6490212234671,3362.23784610346
Net flux,G_HPA,0*HPA.p -> HPA,6.84778836823951,2.35345436685799
Net flux,(1-G)_Glyc,0*Glyc.x -> Glyc,90.9927479671051,1.27523598500791
Net flux,(1-G)_Glyx,0*Glyx.x -> Glyx,0.350978776533701,3362.23784610346
Net flux,(1-G)_HPA,0*HPA.x -> HPA,93.1522116317604,2.35345436685799
Net flux,GlycSink,Glyc -> Sink,100.000000000001,0
Net flux,GlyxSink,Glyx -> Sink,100.000000000001,0
Net flux,HPASink,HPA -> Sink,99.9999999999998,0
Net flux,SERex,dummySER -> outSER,0.191713340001133,0.682819178048926
Net flux,G_PYR,0*PYR.c -> PYR,41.3322438793735,2.81220386833672
Net flux,(1-G)_PYR,0*PYR.x -> PYR,58.6677561206268,2.81220386833672
Net flux,PYRSink,PYR -> Sink,100,0
Net flux,G_meTHF,0*meTHF.c -> meTHF,99.9999998999999,0
Net flux,G_FmTHF,0*FmTHF.c -> FmTHF,83.4275511078302,5.75444052520205
Net flux,G_Met,0*Met.c -> Met,64.5025340098274,4.980930192087
Net flux,G_SAM,0*SAM.c -> SAM,54.9605669006326,4.0905755422115
Net flux,(1-G)_meTHF,0*meTHF.x -> meTHF,1.0000000116861e-07,0
Net flux,(1-G)_FmTHF,0*FmTHF.x -> FmTHF,16.5724488921699,5.75444052520205
Net flux,(1-G)_Met,0*Met.x -> Met,35.4974659901726,4.980930192087
Net flux,(1-G)_SAM,0*SAM.x -> SAM,45.0394330993674,4.0905755422115
Net flux,meTHFSink,meTHF -> Sink,99.9999999999999,0
Net flux,FmTHFSink,FmTHF -> Sink,100,0
Net flux,MetSink,Met -> Sink,100,0
Net flux,SAMsink,SAM -> Sink,100,0
Net flux,Met-protein,Met.c -> Protein,6.51983996113883e-15,0
Net flux,GLY-protein,GLY.c -> Protein,9.99999327788714e-08,5.75383597014373e-13
Net flux,SER-protein,SER.c -> Protein,0.285350241441279,0.858662380833769
Pool,2PG pool,,0,0
Pool,2PG.p pool,,1.72975891812241e-06,3707.94554092598
Pool,2PG.x pool,,1,Inf
Pool,3PGA pool,,0,0
Pool,3PGA.c pool,,0.0164420604803813,0.00457990207989113
Pool,3PGA.p pool,,2.48578096922772e-06,3593.78870935719
Pool,3PGA.x pool,,1,Inf
Pool,ACA pool,,3.38672977502696e-06,3770.49637012569
Pool,ADPG pool,,0,0
Pool,ADPG.p pool,,9.9999999999999e-08,Inf
Pool,ADPG.x pool,,1,Inf
Pool,AKG pool,,3.10622174010379e-06,3668.52589272222
Pool,ALA pool,,0,0
Pool,ALA.c pool,,0.00403878219900907,0.00137290452600267
Pool,ALA.x pool,,1,Inf
Pool,ASN pool,,7566.05713137875,3690.68337258203
Pool,ASP pool,,0.000562619818233923,3639.51376299252
Pool,Acceptor.c pool,,1,Inf
Pool,CIT pool,,3.08536827313211,0.995150107572198
Pool,CO2 pool,,2.17822645547463e-05,3586.60065731279
Pool,CO2.t pool,,1,Inf
Pool,E4P.p pool,,0,0
Pool,EC2 pool,,0,0
Pool,F6P pool,,0,0
Pool,F6P.c pool,,3.82869716099035e-06,3520.6302708015
Pool,F6P.p pool,,1.62743186157057e-06,3558.43742430622
Pool,F6P.x pool,,1,Inf
Pool,FBP pool,,0,0
Pool,FBP.c pool,,3.61462600909871e-06,3731.79944908986
Pool,FBP.p pool,,1.70945763247554e-06,3603.59113077633
Pool,FBP.x pool,,1,Inf
Pool,FmTHF pool,,3.77887593710331,1.64541904216407
Pool,FmTHF.c pool,,3.22888774300811e-06,3685.9869837102
Pool,FmTHF.x pool,,1,Inf
Pool,G6P pool,,0,0
Pool,G6P.c pool,,9.87546368868823e-06,3795.03165905741
Pool,G6P.p pool,,3.64908025589805e-06,3766.53973921241
Pool,G6P.x pool,,1,Inf
Pool,GA pool,,0,0
Pool,GA.p pool,,2.57681589964892e-07,3752.29855195945
Pool,GA.x pool,,1,Inf
Pool,GLN pool,,8.83867754969519,3706.11991716636
Pool,GLU pool,,3.10622761405787e-06,3646.05051613343
Pool,GLY pool,,0,0
Pool,GLY.c pool,,0.331156465134954,0.146654017147436
Pool,GLY.m pool,,1.00000000000273e-07,0
Pool,GLY.p pool,,8.23566584671132e-06,3642.31109917695
Pool,GLY.x pool,,1,Inf
Pool,Glyc pool,,4.1093164187293,1.81590552443317
Pool,Glyc.p pool,,2.85870042366598e-06,3674.94247370587
Pool,Glyc.x pool,,1,Inf
Pool,Glyx pool,,694.806469330427,183.467111000169
Pool,Glyx.p pool,,3.3717817664952e-06,3635.28737643919
Pool,Glyx.x pool,,1,Inf
Pool,HPA pool,,0.000148272184363517,3750.39452298284
Pool,HPA.p pool,,2.32911376174468e-07,3583.13194156755
Pool,HPA.x pool,,1,Inf
Pool,Hcy.c pool,,1,Inf
Pool,ICI pool,,0.00386466285991694,3609.83826318479
Pool,MAL pool,,0.462614975762623,0.416154082668623
Pool,Met pool,,0.000371073651582611,3804.74448977921
Pool,Met.c pool,,1e-07,0
Pool,Met.x pool,,1,Inf
Pool,OAA pool,,0.140517221001755,0.0487830173458457
Pool,P5P pool,,0,0
Pool,PEP pool,,0,0
Pool,PEP.c pool,,1.00000000000057e-07,0
Pool,PEP.x pool,,1,Inf
Pool,PRO pool,,5.39499638352287,3905.23408834098
Pool,PYR pool,,1e-07,0
Pool,PYR.c pool,,0.0163305936203306,0.00536559382015918
Pool,PYR.x pool,,1,Inf
Pool,Protein pool,,1,Inf
Pool,R5P pool,,0,0
Pool,R5P.p pool,,2.45629817245364e-06,3891.35490706481
Pool,R5P.x pool,,1,Inf
Pool,RU5P.p pool,,1.72217292755108e-06,3849.99801093534
Pool,RU5P.x pool,,1,Inf
Pool,RUBP pool,,0,0
Pool,RUBP.p pool,,1.72328596673988e-06,3620.24036077239
Pool,RUBP.x pool,,1,Inf
Pool,S6P pool,,1,Inf
Pool,S7P pool,,0,0
Pool,S7P.p pool,,1.38344998233871e-06,3696.48125381582
Pool,S7P.x pool,,1,Inf
Pool,SAH.c pool,,1,Inf
Pool,SAM pool,,0.00134534145052894,3587.34830762763
Pool,SAM.c pool,,1.45584414201496e-07,3455.27676017755
Pool,SAM.x pool,,1,Inf
Pool,SBP pool,,0,0
Pool,SER pool,,0,0
Pool,SER.c pool,,1.00199292623903e-07,3771.38354403567
Pool,SER.m pool,,0.366275177312428,0.0856852740847973
Pool,SER.p pool,,0.000630046134911346,3747.61332409979
Pool,SER.x pool,,1,Inf
Pool,Sink pool,,1,Inf
Pool,Starch pool,,1,Inf
Pool,THR pool,,0.145229203821597,0.143915344507112
Pool,TP pool,,0,0
Pool,TP.c pool,,3.92685816327397e-06,3765.21368426401
Pool,TP.p pool,,2.53958361029227e-06,3695.37956499718
Pool,TP.x pool,,1,Inf
Pool,UDPG pool,,0,0
Pool,UDPG.c pool,,2.27959166125443,1.23449595324983
Pool,UDPG.x pool,,1,Inf
Pool,X5P.p pool,,1.74236709346591e-06,3854.22130014084
Pool,dummy pool,,1,Inf
Pool,dummyGLY pool,,1,Inf
Pool,dummySER pool,,1,Inf
Pool,meTHF pool,,0.000417729375246552,3568.38549032459
Pool,meTHF.c pool,,3.0241124319775e-06,3785.56613514114
Pool,meTHF.x pool,,1,Inf
Pool,myTHF.m pool,,1.00000000002876e-07,0
Pool,outSER pool,,1,Inf
Norm,Experiment2 Glyc205 #1 norm,,0.947787355999673,0.0343414660513427
Norm,Experiment2 Glyc205 #2 norm,,0.985760054139524,0.0165114509147811
Norm,Experiment2 Glyc205 #3 norm,,0.978303823503176,0.0231295309941024
Norm,Experiment2 Glyc205 #4 norm,,0.987793945618414,0.0206629883155177
Norm,Experiment2 Glyc205 #5 norm,,1.02637693149311,0.0239806690240125
Norm,Experiment2 Glyc205 #6 norm,,0.989717179399796,0.0261913894812717
Norm,Experiment2 Glyc205 #7 norm,,0.989746684045743,0.0323182913713702
Norm,Experiment2 Glyc205 #8 norm,,0.985434149491159,0.10652577062951
Norm,Experiment2 Glyx160 #1 norm,,1.03693282006113,0.0116861562760551
Norm,Experiment2 Glyx160 #2 norm,,0.972309769250851,0.011596218834764
Norm,Experiment2 Glyx160 #3 norm,,1.03661816973837,0.0128411188097832
Norm,Experiment2 Glyx160 #4 norm,,0.983312916579145,0.015814351951994
Norm,Experiment2 Glyx160 #5 norm,,1.01081774891833,0.0144496954374628
Norm,Experiment2 Glyx160 #6 norm,,1.00566642373584,0.0204604095773765
Norm,Experiment2 Glyx160 #7 norm,,1.04566173788875,0.0322427350442949
Norm,Experiment2 Glyx160 #8 norm,,0.926171693392794,0.106342973983294
Norm,Experiment2 GLY276 #1 norm,,1.0054360841562,0.0105797520820681
Norm,Experiment2 GLY276 #2 norm,,0.959458589563434,0.0230631485679819
Norm,Experiment2 GLY276 #3 norm,,0.997975677425692,0.0190588875208271
Norm,Experiment2 GLY276 #4 norm,,1.01917506632485,0.0181770505642565
Norm,Experiment2 GLY276 #5 norm,,0.979543366515224,0.0386908098710394
Norm,Experiment2 GLY276 #6 norm,,1.03871443313247,0.0875682196549731
Norm,Experiment2 GLY276 #7 norm,,0.983831542346336,0.150021585355721
Norm,Experiment2 GLY276 #8 norm,,0.950468208219225,0.186842609761062
Norm,Experiment2 HPA262 #1 norm,,0.976982860314356,0.0197686055967538
Norm,Experiment2 HPA262 #2 norm,,0.976956019607971,0.024256682847945
Norm,Experiment2 HPA262 #3 norm,,0.955641039804341,0.0234356541666482
Norm,Experiment2 HPA262 #4 norm,,0.962532022716938,0.0297232452905341
Norm,Experiment2 HPA262 #5 norm,,0.945349047828299,0.0226488038015526
Norm,Experiment2 HPA262 #6 norm,,0.898990919689872,0.0271075718144678
Norm,Experiment2 HPA262 #7 norm,,0.957081513142298,0.0249825715540821
Norm,Experiment2 HPA262 #8 norm,,1.06456054298198,0.0431263511226415
Norm,Experiment2 GA307 #1 norm,,1.03161838722621,0.0112999675347373
Norm,Experiment2 GA307 #2 norm,,0.852465114990168,0.0269453004753399
Norm,Experiment2 GA307 #3 norm,,0.917087627750923,0.0219484673573841
Norm,Experiment2 GA307 #4 norm,,0.977851686459652,0.026830305814743
Norm,Experiment2 GA307 #5 norm,,0.896092181587849,0.0682911633202443
Norm,Experiment2 GA307 #6 norm,,0.875254058150601,0.0964471303616349
Norm,Experiment2 GA307 #7 norm,,0.954816654684329,0.0841096472591626
Norm,Experiment2 GA307 #8 norm,,1.03104841475112,0.198180385940111
Norm,Experiment2 SER306 #1 norm,,0.981031027948012,0.0124909695077507
Norm,Experiment2 SER306 #2 norm,,0.996808010359839,0.0354911613321602
Norm,Experiment2 SER306 #3 norm,,1.00919745815468,0.0201666496581091
Norm,Experiment2 SER306 #4 norm,,1.01574418537186,0.025851234083928
Norm,Experiment2 SER306 #5 norm,,0.944578522530792,0.0540782739375544
Norm,Experiment2 SER306 #6 norm,,1.04087998186171,0.113764552629384
Norm,Experiment2 SER306 #7 norm,,0.86682329615367,0.0843185054192882
Norm,Experiment2 SER306 #8 norm,,1.03922496542511,0.113450405883205
Norm,Experiment2 meTHF #1 norm,,1.00330395837241,0.0100286439085844
Norm,Experiment2 meTHF #2 norm,,0.992871065017474,0.015465153806243
Norm,Experiment2 meTHF #3 norm,,1.00127876563064,0.0270940910266522
Norm,Experiment2 meTHF #4 norm,,1.01634138679178,0.027740151286184
Norm,Experiment2 meTHF #5 norm,,0.93715962325437,0.0882583182934545
Norm,Experiment2 meTHF #6 norm,,1.00960525472995,0.176812323464262
Norm,Experiment2 meTHF #7 norm,,1.03959121317324,0.29810396838468
Norm,Experiment2 meTHF #8 norm,,0.994172251514272,0.0615713073455817
Norm,Experiment2 FmTHF #1 norm,,1.01634335841687,0.0101217511865997
Norm,Experiment2 FmTHF #2 norm,,0.99543557942311,0.0114057907661434
Norm,Experiment2 FmTHF #3 norm,,1.01731915789415,0.0116891067155122
Norm,Experiment2 FmTHF #4 norm,,1.01603598384314,0.0226580885264705
Norm,Experiment2 FmTHF #5 norm,,0.97000635988227,0.0367905680860839
Norm,Experiment2 FmTHF #6 norm,,0.946572523913682,0.0669017567371882
Norm,Experiment2 FmTHF #7 norm,,0.995541577848373,0.110808937346282
Norm,Experiment2 FmTHF #8 norm,,0.981362578481375,0.0748878342747951
Norm,Experiment2 Met176 #1 norm,,0.932257967797364,0.0230247906639295
Norm,Experiment2 Met176 #2 norm,,0.993131807982973,0.0391162176293776
Norm,Experiment2 Met176 #3 norm,,0.964573506729816,0.0340787901520232
Norm,Experiment2 Met176 #4 norm,,0.990366498752655,0.0940013309212993
Norm,Experiment2 Met176 #5 norm,,0.963552442028043,0.0571026211001509
Norm,Experiment2 Met176 #6 norm,,1.00371883237684,0.033805332670592
Norm,Experiment2 Met176 #7 norm,,1.01105230298458,0.0638131670360147
Norm,Experiment2 Met176 #8 norm,,1.00236523745163,0.198624197444179
Norm,Experiment2 SAM #1 norm,,0.99748345465814,0.014683358026388
Norm,Experiment2 SAM #2 norm,,0.975872798099303,0.0228745205943496
Norm,Experiment2 SAM #3 norm,,1.01249686692187,0.0350810576536192
Norm,Experiment2 SAM #4 norm,,0.939694880879021,0.0428549773445584
Norm,Experiment2 SAM #5 norm,,1.01747500000567,0.0227242701733704
Norm,Experiment2 SAM #6 norm,,1.00858214966539,0.0580030404794601
Norm,Experiment2 SAM #7 norm,,1.01938614990436,0.0808435082202678
Norm,Experiment2 SAM #8 norm,,0.991072976913062,0.0699916530456195
Norm,Experiment2 CIT465 #1 norm,,0.991751622733437,0.0124865478902259
Norm,Experiment2 CIT465 #2 norm,,1.00482414938838,0.0107662269522681
Norm,Experiment2 CIT465 #3 norm,,1.00440020142519,0.0130548570684012
Norm,Experiment2 CIT465 #4 norm,,0.982823279724598,0.0127604798613422
Norm,Experiment2 CIT465 #5 norm,,1.04335932204898,0.0169114436928349
Norm,Experiment2 CIT465 #6 norm,,0.968740236492094,0.0113899582837939
Norm,Experiment2 CIT465 #7 norm,,0.999768883847287,0.0154398870139864
Norm,Experiment2 CIT465 #8 norm,,0.992310401470835,0.0218518266230838
Norm,Experiment2 MAL335 #1 norm,,0.981222399094547,0.0117892131153812
Norm,Experiment2 MAL335 #2 norm,,0.960435512705827,0.013277326911711
Norm,Experiment2 MAL335 #3 norm,,1.00967114163525,0.0132984626970148
Norm,Experiment2 MAL335 #4 norm,,0.962822249667781,0.0116258792022912
Norm,Experiment2 MAL335 #5 norm,,0.983560543208257,0.0144021727078473
Norm,Experiment2 MAL335 #6 norm,,0.958572666098098,0.0152351302240083
Norm,Experiment2 MAL335 #7 norm,,0.984733528565713,0.0210430939156312
Norm,Experiment2 MAL335 #8 norm,,1.00550549332216,0.044855417644565
Norm,Experiment2 ASP334 #1 norm,,1.00194370209025,0.0157559255732409
Norm,Experiment2 ASP334 #2 norm,,1.0382423469638,0.0254331375596464
Norm,Experiment2 ASP334 #3 norm,,0.971011880179846,0.0182801613242586
Norm,Experiment2 ASP334 #4 norm,,0.982095048614609,0.0220143707290376
Norm,Experiment2 ASP334 #5 norm,,0.976950002352108,0.0274058254085984
Norm,Experiment2 ASP334 #6 norm,,0.965348503554094,0.0608559810257833
Norm,Experiment2 ASP334 #7 norm,,0.986253550419024,0.0598482250568821
Norm,Experiment2 ASP334 #8 norm,,0.96565555460207,0.0380657132578574
Norm,Experiment2 GLU348 #1 norm,,1.01724502758054,0.0120035439837211
Norm,Experiment2 GLU348 #2 norm,,1.00662445262145,0.0127768236633206
Norm,Experiment2 GLU348 #3 norm,,1.00877046739893,0.011968576358327
Norm,Experiment2 GLU348 #4 norm,,1.02452801835076,0.015627261387252
Norm,Experiment2 GLU348 #5 norm,,0.937243485285332,0.0290540259758976
Norm,Experiment2 GLU348 #6 norm,,0.974289682011503,0.0151763391605709
Norm,Experiment2 GLU348 #7 norm,,0.973709698200819,0.022777167723571
Norm,Experiment2 GLU348 #8 norm,,0.934296030425422,0.0564108486115388
Norm,Experiment2 THR320 #1 norm,,0.988122314641192,0.00995850997928412
Norm,Experiment2 THR320 #2 norm,,1.00765286597496,0.0120742061377663
Norm,Experiment2 THR320 #3 norm,,0.996862043777171,0.0103644375199133
Norm,Experiment2 THR320 #4 norm,,0.994986836530976,0.0112262504552491
Norm,Experiment2 THR320 #5 norm,,1.00287955056166,0.0208272330356056
Norm,Experiment2 THR320 #6 norm,,1.00293882484808,0.0110761683511379
Norm,Experiment2 THR320 #7 norm,,1.03566251301038,0.0179417543298002
Norm,Experiment2 THR320 #8 norm,,1.00947194850423,0.0490748868939063
Norm,Experiment2 ALA116 #1 norm,,1.01115361954381,0.0100080651812367
Norm,Experiment2 ALA116 #2 norm,,1.00982563333349,0.00995260185439765
Norm,Experiment2 ALA116 #3 norm,,0.98722524351403,0.010350486840406
Norm,Experiment2 ALA116 #4 norm,,0.979036502298294,0.0255197560783019
Norm,Experiment2 ALA116 #5 norm,,1.06066401857996,0.0851198418768859
Norm,Experiment2 ALA116 #6 norm,,0.999466393127146,0.0699788059762672
Norm,Experiment2 ALA116 #7 norm,,0.998581891255732,0.070665382663744
Norm,Experiment2 ALA116 #8 norm,,0.995850385381166,0.208222340187345
Norm,Experiment2 PYR #1 norm,,0.995720360815942,0.0126172772169139
Norm,Experiment2 PYR #2 norm,,0.920930545315047,0.048569210433061
Norm,Experiment2 PYR #3 norm,,0.956139808532051,0.0599700378047759
Norm,Experiment2 PYR #4 norm,,1.06640591619145,0.0539799981763236
Norm,Experiment2 PYR #5 norm,,1.03950709886057,0.111053716068083
Norm,Experiment2 PYR #6 norm,,0.979947664016527,0.120195980950681
Norm,Experiment2 PYR #7 norm,,1.01380485136839,0.0712686978761338
Norm,Experiment2 PYR #8 norm,,0.97427975701757,0.0948977322577072
