type,id,eqn,val,std
Net flux,CO2.t,CO2.t -> CO2,65.4975984521732,1.52571125989252
Net flux,CO2_sink,dummy -> Sink,65.4975984521732,1.52571125989252
Net flux,RUBICSO_CO2,RUBP.p + CO2 -> 3PGA.p + 3PGA.p + dummy,67.5169230441132,1.53480375448925
Net flux,GAPDH.p net,3PGA.p <-> TP.p,136.888930604655,3.05071992367699
Exch flux,GAPDH.p exch,3PGA.p <-> TP.p,3197.21417388951,1629.79168827936
Net flux,ALD,TP.p + E4P.p -> SBP,23.2271457394646,0.513168032072669
Net flux,SBP,SBP -> S7P.p,23.2271457394646,0.513168032072669
Net flux,FBA.p net,TP.p + TP.p <-> FBP.p,31.2244446267614,0.78120855883021
Exch flux,FBA.p exch,TP.p + TP.p <-> FBP.p,22195.4926957692,1729.42426921124
Net flux,PFK.p net,FBP.p <-> F6P.p,31.2244446267645,0.78120855883021
Exch flux,PFK.p exch,FBP.p <-> F6P.p,9.99975497961714e-08,9.04260169565839e-13
Net flux,TK1 net,TP.p + EC2 <-> X5P.p,46.4542914789291,1.02633606414534
Exch flux,TK1 exch,TP.p + EC2 <-> X5P.p,9.99997809003617e-08,0
Net flux,TK2 net,S7P.p <-> R5P.p + EC2,23.2271457394645,0.513168032072669
Exch flux,TK2 exch,S7P.p <-> R5P.p + EC2,40.6049780652175,3968.34097181747
Net flux,TK3 net,F6P.p <-> E4P.p + EC2,23.2271457394654,0.513168032072669
Exch flux,TK3 exch,F6P.p <-> E4P.p + EC2,9657.73741049846,3316.17399773574
Net flux,PPE net,X5P.p <-> RU5P.p,46.4542914789291,1.02633606414534
Exch flux,PPE exch,X5P.p <-> RU5P.p,119.160297363111,4145.69319121128
Net flux,PPI net,R5P.p <-> RU5P.p,23.2271457394646,0.513168032072669
Exch flux,PPI exch,R5P.p <-> RU5P.p,259.989357543664,2350.02011091259
Net flux,PRK,RU5P.p -> RUBP.p,69.6814372183938,1.53950409622818
Net flux,RUBISCO_O2,RUBP.p -> 3PGA.p + 2PG.p,2.16451417428061,0.0850072492118173
Net flux,GLYdil net,GLY.p <-> GLY.x + dummyGLY,0.0121225440281378,0.00162600408788842
Exch flux,GLYdil exch,GLY.p <-> GLY.x + dummyGLY,1.0000000116861e-07,0
Net flux,SERdil net,SER.p <-> SER.x + dummySER,0.0414513560181931,0.00555988178512559
Exch flux,SERdil exch,SER.p <-> SER.x + dummySER,1.00000654867927e-07,2.72585224461553e-12
Net flux,GK,GA.p -> 3PGA.p,0.197885128738931,0.161304952224591
Net flux,PGI.p net,F6P.p <-> G6P.p,7.99729888730028,0.401826873387967
Exch flux,PGI.p exch,F6P.p <-> G6P.p,9.99988820638009e-08,2.66574411137233e-13
Net flux,PGM.p,G6P.p -> ADPG.p,7.99729888730029,0.401826873387967
Net flux,Starch,ADPG.p -> Starch,7.99729888730026,0.401826873387967
Net flux,FBA.c net,TP.c + TP.c <-> FBP.c,2.37930206636521,0.319137210555931
Exch flux,FBA.c exch,TP.c + TP.c <-> FBP.c,33.4336929381856,2484.11737018899
Net flux,PFK.c net,FBP.c <-> F6P.c,2.37930206636523,0.319137210555931
Exch flux,PFK.c exch,FBP.c <-> F6P.c,34.1655987454617,3783.9308351612
Net flux,PGI.c net,F6P.c <-> G6P.c,1.18965103318266,0.159568605277966
Exch flux,PGI.c exch,F6P.c <-> G6P.c,254.427176195245,4207.4417528122
Net flux,PGM.c net,G6P.c <-> UDPG.c,1.18965103317896,0.159568605277966
Exch flux,PGM.c exch,G6P.c <-> UDPG.c,48489.5646131839,4038.36415299544
Net flux,SPS,F6P.c + UDPG.c -> S6P,1.18965103318257,0.159568605277966
Net flux,PGAM.c net,3PGA.c <-> PEP.c,0.507314786589896,0.0680464360380769
Exch flux,PGAM.c exch,3PGA.c <-> PEP.c,5.5157237515331,3984.20352235833
Net flux,PK.c,PEP.c -> PYR.c,0.230280750493343,0.0308876949230267
Net flux,PDH,PYR.c + dummy -> ACA + CO2,0.191652781445515,0.0257065023074613
Net flux,CS,OAA + ACA -> CIT,0.191652781445511,0.0257065023074613
Net flux,ACO net,CIT <-> ICI,0.191652781445555,0.0257065023074613
Exch flux,ACO exch,CIT <-> ICI,2354.87913191275,4048.74257205057
Net flux,IDH,ICI + dummy -> AKG + CO2,0.191652781445527,0.0257065023074613
Net flux,MDH net,MAL <-> OAA,7.105427357601e-15,0
Exch flux,MDH exch,MAL <-> OAA,0.233059937594149,0.0623288079003816
Net flux,PPC,PEP.c + CO2 -> OAA + dummy,0.277034036097439,0.0371587411137365
Net flux,T_3PGA net,3PGA.p <-> 3PGA.c,0.507314786589873,0.0680464360380769
Exch flux,T_3PGA exch,3PGA.p <-> 3PGA.c,1.0000000116861e-07,3.68788286740754e-15
Net flux,T_DHAP net,TP.p <-> TP.c,4.75860413273047,0.638274421111862
Exch flux,T_DHAP exch,TP.p <-> TP.c,3.51494275580625,1.92868550778307
Net flux,ALT,PYR.c -> ALA.c,0.0386279690474548,0.00518119261420411
Net flux,ASPT,OAA -> ASP,0.0853812546515678,0.0114522388023287
Net flux,GLUDH,AKG -> GLU,0.191652781445504,0.0257065023074613
Net flux,PCR net,GLU <-> PRO,-2.48689957516035e-14,0
Exch flux,PCR exch,GLU <-> PRO,1.0000000116861e-07,2.12192241115161e-13
Net flux,GS net,GLU <-> GLN,0,0
Exch flux,GS exch,GLU <-> GLN,1.00042292672242e-07,2.73860730598943e-13
Net flux,TS net,ASP <-> THR,0,0
Exch flux,TS exch,ASP <-> THR,1.0000000116861e-07,0
Net flux,AS net,ASP <-> ASN,1.06581410364015e-14,0
Exch flux,AS exch,ASP <-> ASN,1.0000000116861e-07,0
Net flux,G_3PGA.p,0*3PGA.p -> 3PGA,2.46866311215399e-06,5846.2702449774
Net flux,G_3PGA.c,0*3PGA.c -> 3PGA,92.9119081396635,3906.18931978184
Net flux,G_DHAP.p,0*TP.p -> TP,40.6853798422419,5812.14187040351
Net flux,G_DHAP.c,0*TP.c -> TP,51.8471856996948,3854.92313105816
Net flux,G_F6P.p,0*F6P.p -> F6P,48.6686345030749,5919.18265738717
Net flux,G_F6P.c,0*F6P.c -> F6P,36.546576817712,4014.49405980164
Net flux,G_FBP.p,0*FBP.p -> FBP,2.46866143527313e-06,5929.26695008778
Net flux,G_FBP.c,0*FBP.c -> FBP,83.4512310482303,4029.34806017957
Net flux,G_G6P.p,0*G6P.p -> G6P,19.0549768397257,5929.44061823871
Net flux,G_G6P.c,0*G6P.c -> G6P,58.8549499993083,4029.6036120056
Net flux,G_RU5P.p,0*RU5P.p -> P5P,2.46865386444028e-06,5661.96683234092
Net flux,G_X5P.p,0*X5P.p -> P5P,92.847769148689,3624.54240355914
Net flux,G_R5P.p,0*R5P.p -> R5P,82.2810779884949,4349.77709490158
Net flux,G_GA.p,0*GA.p -> GA,24.8767811001185,4.06171492895246
Net flux,G_SER.p,0*SER.p -> SER,78.6409784072965,3873.37656952651
Net flux,G_GLY.p,0*GLY.p -> GLY,3.91982013237481,3908.79438027189
Net flux,G_RUBP.p,0*RUBP.p -> RUBP,92.5302752673063,4349.77709490158
Net flux,G_S7P.p,0*S7P.p -> S7P,98.4567310636212,4349.77709490158
Net flux,G_2PG.p,0*2PG.p -> 2PG,87.0427532706349,4349.77709490158
Net flux,G_ADPG.p,0*ADPG.p -> ADPG,95.0805622183481,4349.77709490158
Net flux,G_PEP.c,0*PEP.c -> PEP,89.2305410445615,4349.77709490158
Net flux,G_UDPG.c,0*UDPG.c -> UDPG,72.4268033045549,4349.77709490158
Net flux,G_ALA.c,0*ALA.c -> ALA,65.6393579035159,4.44475414790162
Net flux,(1-G)_GA,0*GA.x -> GA,75.1232188998835,4.06171492895246
Net flux,(1-G)_SER,0*SER.x -> SER,21.359015572334,4.70041933614116
Net flux,(1-G)_GLY,0*GLY.x -> GLY,55.4738378940038,7.99669828858334
Net flux,(1-G)_R5P,0*R5P.x -> R5P,17.718922011502,4349.77709490158
Net flux,(1-G)_RUBP,0*RUBP.x -> RUBP,7.46972473269241,4349.77709490158
Net flux,(1-G)_3PGA,0*3PGA.x -> 3PGA,7.08808939167366,4349.77709490158
Net flux,(1-G)_TP,0*TP.x -> TP,7.46743445806384,4349.77709490158
Net flux,(1-G)_F6P,0*F6P.x -> F6P,14.7847886792169,4349.77709490158
Net flux,(1-G)_FBP,0*FBP.x -> FBP,16.548766483103,4349.77709490158
Net flux,(1-G)_G6P,0*G6P.x -> G6P,22.0900731609643,4349.77709490158
Net flux,(1-G)_RU5P,0*RU5P.x -> P5P,7.15222838265855,4349.77709490158
Net flux,(1-G)_S7P,0*S7P.x -> S7P,1.5432689363768,4349.77709490158
Net flux,(1-G)_2PG,0*2PG.x -> 2PG,12.9572467293675,4349.77709490158
Net flux,(1-G)_ADPG,0*ADPG.x -> ADPG,4.91943778165087,4349.77709490158
Net flux,(1-G)_PEP,0*PEP.x -> PEP,10.7694589554367,4349.77709490158
Net flux,(1-G)_UDPG,0*UDPG.x -> UDPG,27.5731966954463,4349.77709490158
Net flux,(1-G)_ALA,0*ALA.x -> ALA,34.3606420964839,4.44475414790162
Net flux,PGASink,3PGA -> Sink,100,0
Net flux,DHAPSink,TP -> Sink,100.000000000001,0
Net flux,F6PSink,F6P -> Sink,100.000000000004,0
Net flux,FBPSink,FBP -> Sink,99.9999999999948,0
Net flux,G6PSink,G6P -> Sink,99.9999999999983,0
Net flux,P5PSink,P5P -> Sink,100.000000000001,0
Net flux,R5PSink,R5P -> Sink,99.9999999999968,0
Net flux,GASink,GA -> Sink,100.000000000002,0
Net flux,SERSink,SER -> Sink,99.9999999999996,0
Net flux,GLYSink,GLY -> Sink,100.000000000001,0
Net flux,RUBPSink,RUBP -> Sink,99.9999999999987,0
Net flux,S7PSink,S7P -> Sink,99.9999999999979,0
Net flux,2PGSink,2PG -> Sink,100.000000000002,0
Net flux,ADPGSink,ADPG -> Sink,99.9999999999989,0
Net flux,PEPSink,PEP -> Sink,99.9999999999983,0
Net flux,UDPGSink,UDPG -> Sink,100.000000000001,0
Net flux,ALASink,ALA -> Sink,99.9999999999998,0
Net flux,S6Pout-LL,S6P + 0.1611*GLU + 0.07177*ASP + 0.03247*ALA.c + 0.01019*dummyGLY + 0.03484*dummySER -> Sink,1.18965103318261,0.159568605277966
Net flux,PGP.p,2PG.p -> Glyc.p,2.16451417428063,0.0850072492118173
Net flux,GOX,Glyc.p -> Glyx.p,2.16451417428064,0.0850072492118173
Net flux,GGT,Glyx.p -> GLY.p,2.16451417428063,0.0850072492118173
Net flux,SGAT,SER.p -> HPA.p,0.197885128738921,0.161304952224591
Net flux,HPR.p,HPA.p -> GA.p,0.197885128738915,0.161304952224591
Net flux,T_GLY-m net,GLY.p <-> GLY.m,2.15670278515609,3991.09667188552
Exch flux,T_GLY-m exch,GLY.p <-> GLY.m,8056.33456593694,3075.82145333223
Net flux,GDC.m,GLY.m + dummy -> myTHF.m + CO2,1.91305306514572,0.174324566678637
Net flux,T_SER-m net,SER.p <-> SER.m,-1.9130530651455,0.174324566678637
Exch flux,T_SER-m exch,SER.p <-> SER.m,6450.06701073528,3277.45507213094
Net flux,mSHMT,GLY.m + myTHF.m -> SER.m,1.91305306514572,0.174324566678637
Net flux,T_SER-c net,SER.p <-> SER.c,1.67371658038861,0.324810894522846
Exch flux,T_SER-c exch,SER.p <-> SER.c,0.856016430237745,0.678657226587155
Net flux,T_Gly-c net,GLY.p <-> GLY.c,-0.00431115490337053,3991.09667097978
Exch flux,T_Gly-c exch,GLY.p <-> GLY.c,9.99999998363421e-08,7.00784704749755e-16
Net flux,cSHMT,SER.c -> GLY.c + meTHF.c,1.67371648038851,0.32481089451405
Net flux,FmTHF-reductase net,meTHF.c <-> FmTHF.c,1.67371648038852,0.32481089451405
Exch flux,FmTHF-reductase exch,meTHF.c <-> FmTHF.c,7.12449112069457,3871.75510859037
Net flux,Met-synthase,FmTHF.c + Hcy.c -> Met.c,1.6737164803885,0.32481089451405
Net flux,SAM-synthase,Met.c -> SAM.c,1.6737164803885,0.32481089451405
Net flux,Methylation,SAM.c -> SAH.c + Acceptor.c,1.6737164803885,0.32481089451405
Net flux,hydrolysis,SAH.c -> Hcy.c,1.67371648038849,0.32481089451405
Net flux,G_SER.m,0*SER.m -> SER,1.0000000116861e-07,0
Net flux,G_SER.c,0*SER.c -> SER,5.92036905899818e-06,3873.37371749947
Net flux,G_Gly.m,0*GLY.m -> GLY,4.66165381567407e-05,3908.79374934036
Net flux,G_Gly.c,0*GLY.c -> GLY,40.6062953570845,9.46951564868469
Net flux,T_GLY-c-m,GLY.c -> GLY.m,1.6694033451356,3991.09668419675
Net flux,G_Glyc,0*Glyc.p -> Glyc,7.58603973130738,1.20080618865204
Net flux,G_Glyx,0*Glyx.p -> Glyx,8.56918028367613,5.65802853744482
Net flux,G_HPA,0*HPA.p -> HPA,5.31860046366226,2.04435342022842
Net flux,(1-G)_Glyc,0*Glyc.x -> Glyc,92.4139602686932,1.20080618865204
Net flux,(1-G)_Glyx,0*Glyx.x -> Glyx,91.4308197163247,5.65802853744482
Net flux,(1-G)_HPA,0*HPA.x -> HPA,94.6813995363376,2.04435342022842
Net flux,GlycSink,Glyc -> Sink,100.000000000001,0
Net flux,GlyxSink,Glyx -> Sink,100.000000000001,0
Net flux,HPASink,HPA -> Sink,99.9999999999998,0
Net flux,SERex,dummySER -> outSER,1.00001587899357e-07,1.32272167283384e-12
Net flux,G_PYR,0*PYR.c -> PYR,41.6632828647475,2.83422210163548
Net flux,(1-G)_PYR,0*PYR.x -> PYR,58.3367171352528,2.83422210163548
Net flux,PYRSink,PYR -> Sink,100,0
Net flux,G_meTHF,0*meTHF.c -> meTHF,96.5876868355415,5.89302366038314
Net flux,G_FmTHF,0*FmTHF.c -> FmTHF,77.3675190548509,5.13904805770045
Net flux,G_Met,0*Met.c -> Met,57.5467114873927,4.84150546287434
Net flux,G_SAM,0*SAM.c -> SAM,53.9155363699828,4.51077372126969
Net flux,(1-G)_meTHF,0*meTHF.x -> meTHF,3.41231316445845,5.89302366038314
Net flux,(1-G)_FmTHF,0*FmTHF.x -> FmTHF,22.6324809451492,5.13904805770045
Net flux,(1-G)_Met,0*Met.x -> Met,42.4532885126073,4.84150546287434
Net flux,(1-G)_SAM,0*SAM.x -> SAM,46.0844636300172,4.51077372126969
Net flux,meTHFSink,meTHF -> Sink,99.9999999999999,0
Net flux,FmTHFSink,FmTHF -> Sink,100,0
Net flux,MetSink,Met -> Sink,100,0
Net flux,SAMsink,SAM -> Sink,100,0
Net flux,Met-protein,Met.c -> Protein,6.51983996113883e-15,0
Net flux,GLY-protein,GLY.c -> Protein,1.98034957232807e-06,3.95002980529568e-13
Net flux,SER-protein,SER.c -> Protein,1.00000095315522e-07,8.22435245708105e-13
Pool,2PG pool,,0,0
Pool,2PG.p pool,,1e-07,0
Pool,2PG.x pool,,1,Inf
Pool,3PGA pool,,0,0
Pool,3PGA.c pool,,0.0181871119346039,0.00559945994193781
Pool,3PGA.p pool,,1.84210887739788e-07,4074.39368733194
Pool,3PGA.x pool,,1,Inf
Pool,ACA pool,,3.68563298617146e-07,3726.22703586022
Pool,ADPG pool,,0,0
Pool,ADPG.p pool,,9.9999999999999e-08,Inf
Pool,ADPG.x pool,,1,Inf
Pool,AKG pool,,3.00517733164264e-07,3832.31809174301
Pool,ALA pool,,0,0
Pool,ALA.c pool,,0.00553008351298627,0.00150064942801727
Pool,ALA.x pool,,1,Inf
Pool,ASN pool,,7566.06819679891,3787.17528170352
Pool,ASP pool,,1.00000000000057e-07,3.10958367748947e-14
Pool,Acceptor.c pool,,1,Inf
Pool,CIT pool,,22.6100744811282,3763.23395578002
Pool,CO2 pool,,3.43184516411065e-07,3979.04427333245
Pool,CO2.t pool,,1,Inf
Pool,E4P.p pool,,0,0
Pool,EC2 pool,,0,0
Pool,F6P pool,,0,0
Pool,F6P.c pool,,3.81192451257784e-06,3443.07306040376
Pool,F6P.p pool,,1e-07,0
Pool,F6P.x pool,,1,Inf
Pool,FBP pool,,0,0
Pool,FBP.c pool,,2.53905100024671e-06,4033.33509148055
Pool,FBP.p pool,,1e-07,0
Pool,FBP.x pool,,1,Inf
Pool,FmTHF pool,,4.71044309088183,2.38526036355315
Pool,FmTHF.c pool,,1e-07,0
Pool,FmTHF.x pool,,1,Inf
Pool,G6P pool,,0,0
Pool,G6P.c pool,,9.87163848327368e-06,4004.6366420744
Pool,G6P.p pool,,3.67115949469555e-06,3896.46403285081
Pool,G6P.x pool,,1,Inf
Pool,GA pool,,0,0
Pool,GA.p pool,,1e-07,0
Pool,GA.x pool,,1,Inf
Pool,GLN pool,,8.83867754766475,3709.00343195476
Pool,GLU pool,,3.0051942689119e-07,4093.45039551006
Pool,GLY pool,,0,0
Pool,GLY.c pool,,1.01464359085478e-07,4209.69977890496
Pool,GLY.m pool,,9.99999999994061e-08,0
Pool,GLY.p pool,,1.00000000000002e-07,0
Pool,GLY.x pool,,1,Inf
Pool,Glyc pool,,3.64843652168173,1.84639313933
Pool,Glyc.p pool,,1e-07,0
Pool,Glyc.x pool,,1,Inf
Pool,Glyx pool,,32.7815062593299,34.4140553913625
Pool,Glyx.p pool,,1e-07,0
Pool,Glyx.x pool,,1,Inf
Pool,HPA pool,,8.37531000529463e-05,3904.51523954485
Pool,HPA.p pool,,1e-07,0
Pool,HPA.x pool,,1,Inf
Pool,Hcy.c pool,,1,Inf
Pool,ICI pool,,0.00180696244673159,3851.04760984898
Pool,MAL pool,,0.48733111503781,0.161638232529952
Pool,Met pool,,2.39169086658625e-06,3572.42292156895
Pool,Met.c pool,,1e-07,0
Pool,Met.x pool,,1,Inf
Pool,OAA pool,,0.244943295752432,0.0454096584499904
Pool,P5P pool,,0,0
Pool,PEP pool,,0,0
Pool,PEP.c pool,,1.00000000000002e-07,0
Pool,PEP.x pool,,1,Inf
Pool,PRO pool,,5.39499638149415,3897.61922370359
Pool,PYR pool,,1e-07,0
Pool,PYR.c pool,,0.00835499631145215,0.0036283090667828
Pool,PYR.x pool,,1,Inf
Pool,Protein pool,,1,Inf
Pool,R5P pool,,0,0
Pool,R5P.p pool,,1e-07,0
Pool,R5P.x pool,,1,Inf
Pool,RU5P.p pool,,1e-07,0
Pool,RU5P.x pool,,1,Inf
Pool,RUBP pool,,0,0
Pool,RUBP.p pool,,1e-07,0
Pool,RUBP.x pool,,1,Inf
Pool,S6P pool,,1,Inf
Pool,S7P pool,,0,0
Pool,S7P.p pool,,1e-07,0
Pool,S7P.x pool,,1,Inf
Pool,SAH.c pool,,1,Inf
Pool,SAM pool,,5.08085373617886,2.82417409676173
Pool,SAM.c pool,,1.24262687262275e-06,3844.28325226481
Pool,SAM.x pool,,1,Inf
Pool,SBP pool,,0,0
Pool,SER pool,,0,0
Pool,SER.c pool,,1.00000000002876e-07,1.53636962382783e-13
Pool,SER.m pool,,0.570221309980549,0.049508300809498
Pool,SER.p pool,,4.31793693145491e-05,4150.87296784266
Pool,SER.x pool,,1,Inf
Pool,Sink pool,,1,Inf
Pool,Starch pool,,1,Inf
Pool,THR pool,,3889.2005118057,4006.77846365092
Pool,TP pool,,0,0
Pool,TP.c pool,,2.39700005500572e-06,3729.79823492085
Pool,TP.p pool,,1.80007198828606e-07,3859.97425544016
Pool,TP.x pool,,1,Inf
Pool,UDPG pool,,0,0
Pool,UDPG.c pool,,0.46427603627693,0.350349435388565
Pool,UDPG.x pool,,1,Inf
Pool,X5P.p pool,,1e-07,0
Pool,dummy pool,,1,Inf
Pool,dummyGLY pool,,1,Inf
Pool,dummySER pool,,1,Inf
Pool,meTHF pool,,0.58460628434872,3844.35009650571
Pool,meTHF.c pool,,1e-07,0
Pool,meTHF.x pool,,1,Inf
Pool,myTHF.m pool,,1e-07,0
Pool,outSER pool,,1,Inf
Norm,Experiment2 Glyc205 #1 norm,,0.929151519588369,0.0339387591727762
Norm,Experiment2 Glyc205 #2 norm,,0.951207470224446,0.0163988818653957
Norm,Experiment2 Glyc205 #3 norm,,0.999586038376921,0.0231836684731321
Norm,Experiment2 Glyc205 #4 norm,,1.01124416975896,0.0211915590684367
Norm,Experiment2 Glyc205 #5 norm,,1.00153343060851,0.0246453555132597
Norm,Experiment2 Glyc205 #6 norm,,0.978369566698088,0.0251376113579652
Norm,Experiment2 Glyc205 #7 norm,,1.00548387559481,0.0337937942866726
Norm,Experiment2 Glyc205 #8 norm,,0.928934219603617,0.10102879838308
Norm,Experiment2 Glyx160 #1 norm,,0.985924329588365,0.0111912584261326
Norm,Experiment2 Glyx160 #2 norm,,0.985189851685121,0.0119054166797812
Norm,Experiment2 Glyx160 #3 norm,,0.976789927912404,0.0131913845584683
Norm,Experiment2 Glyx160 #4 norm,,0.983404788286301,0.0170915034834133
Norm,Experiment2 Glyx160 #5 norm,,0.994030464814997,0.0160422591006572
Norm,Experiment2 Glyx160 #6 norm,,0.964854440724088,0.0207624833743181
Norm,Experiment2 Glyx160 #7 norm,,0.997037633920158,0.0322113257577035
Norm,Experiment2 Glyx160 #8 norm,,0.972588932325378,0.122663870164838
Norm,Experiment2 GLY276 #1 norm,,0.973307493370661,0.0103951892226088
Norm,Experiment2 GLY276 #2 norm,,0.945792103078174,0.0214697684945568
Norm,Experiment2 GLY276 #3 norm,,1.03012784123682,0.0201266419422074
Norm,Experiment2 GLY276 #4 norm,,1.00664165841229,0.018093858487091
Norm,Experiment2 GLY276 #5 norm,,0.958215390383744,0.0368837006651137
Norm,Experiment2 GLY276 #6 norm,,1.03418543716106,0.0884471366704596
Norm,Experiment2 GLY276 #7 norm,,1.07980791658678,0.173732449946493
Norm,Experiment2 GLY276 #8 norm,,0.923295335170981,0.225817659053874
Norm,Experiment2 HPA262 #1 norm,,1.01006933957,0.0190231629891713
Norm,Experiment2 HPA262 #2 norm,,0.983886064097028,0.0235169861586559
Norm,Experiment2 HPA262 #3 norm,,0.993021942592736,0.0252606894986755
Norm,Experiment2 HPA262 #4 norm,,0.975634944907786,0.0295948195295727
Norm,Experiment2 HPA262 #5 norm,,0.956746561460779,0.0223779821367316
Norm,Experiment2 HPA262 #6 norm,,0.991800160920985,0.0287219426123266
Norm,Experiment2 HPA262 #7 norm,,0.98168160019144,0.0243917949142192
Norm,Experiment2 HPA262 #8 norm,,0.991445438383167,0.0378674979710689
Norm,Experiment2 GA307 #1 norm,,0.9847684239945,0.010763106626668
Norm,Experiment2 GA307 #2 norm,,0.908091037659617,0.0291919078164201
Norm,Experiment2 GA307 #3 norm,,0.846703254239536,0.01999635872635
Norm,Experiment2 GA307 #4 norm,,0.949461290807717,0.0242601195718768
Norm,Experiment2 GA307 #5 norm,,0.848826722541825,0.0675968878723487
Norm,Experiment2 GA307 #6 norm,,0.846395200031475,0.0883325429136721
Norm,Experiment2 GA307 #7 norm,,0.912648026214833,0.0704615284372952
Norm,Experiment2 GA307 #8 norm,,0.910325407691405,0.131564404863006
Norm,Experiment2 SER306 #1 norm,,1.00217006659361,0.0130335356411554
Norm,Experiment2 SER306 #2 norm,,0.928364981350409,0.0316912042368246
Norm,Experiment2 SER306 #3 norm,,1.03100785058592,0.0207926777508635
Norm,Experiment2 SER306 #4 norm,,1.02504177998139,0.0262728693950311
Norm,Experiment2 SER306 #5 norm,,1.03262400942162,0.0577426990138414
Norm,Experiment2 SER306 #6 norm,,1.04631448740836,0.129402104622832
Norm,Experiment2 SER306 #7 norm,,0.987202317152774,0.085947380396949
Norm,Experiment2 SER306 #8 norm,,1.00341397602083,0.104493121697244
Norm,Experiment2 meTHF #1 norm,,0.990129301396953,0.00985074260342428
Norm,Experiment2 meTHF #2 norm,,0.995687688289126,0.014152909344713
Norm,Experiment2 meTHF #3 norm,,0.980165414404881,0.0259958183304584
Norm,Experiment2 meTHF #4 norm,,1.02017213942434,0.0268071986353364
Norm,Experiment2 meTHF #5 norm,,0.996109986235502,0.0858666346953569
Norm,Experiment2 meTHF #6 norm,,1.00663525631757,0.144973050519063
Norm,Experiment2 meTHF #7 norm,,0.940013748455572,0.185432923294048
Norm,Experiment2 meTHF #8 norm,,1.03985125258477,0.080345733719681
Norm,Experiment2 FmTHF #1 norm,,0.999474019693035,0.0100986632340491
Norm,Experiment2 FmTHF #2 norm,,1.00881734684916,0.0114083567443038
Norm,Experiment2 FmTHF #3 norm,,1.01234651075074,0.0101352485186757
Norm,Experiment2 FmTHF #4 norm,,0.99893485753199,0.0223936296927166
Norm,Experiment2 FmTHF #5 norm,,0.972469850450425,0.0384414569900267
Norm,Experiment2 FmTHF #6 norm,,1.01146129086267,0.0733322937421502
Norm,Experiment2 FmTHF #7 norm,,0.995223934844925,0.114745493942181
Norm,Experiment2 FmTHF #8 norm,,0.996894609199836,0.07259748820782
Norm,Experiment2 Met176 #1 norm,,1.01512748525568,0.0243854968902865
Norm,Experiment2 Met176 #2 norm,,0.870036114328781,0.033060992457768
Norm,Experiment2 Met176 #3 norm,,0.946763801105113,0.0324364335923833
Norm,Experiment2 Met176 #4 norm,,0.935911393671714,0.0925506026026496
Norm,Experiment2 Met176 #5 norm,,0.859328960880322,0.0625381532996147
Norm,Experiment2 Met176 #6 norm,,1.02516590381037,0.034981837398102
Norm,Experiment2 Met176 #7 norm,,0.994075975697338,0.0634143850416691
Norm,Experiment2 Met176 #8 norm,,1.00080031486454,0.175332536410549
Norm,Experiment2 SAM #1 norm,,1.00570472661762,0.0145395539466223
Norm,Experiment2 SAM #2 norm,,0.987948173326355,0.0235163825528807
Norm,Experiment2 SAM #3 norm,,0.986683754295144,0.0354764414382231
Norm,Experiment2 SAM #4 norm,,0.985251952207257,0.0431331180291051
Norm,Experiment2 SAM #5 norm,,1.01712993356311,0.0251328532829483
Norm,Experiment2 SAM #6 norm,,0.926134737070682,0.0499035710365627
Norm,Experiment2 SAM #7 norm,,1.0331908781978,0.0770928108115028
Norm,Experiment2 SAM #8 norm,,0.998638855548181,0.0746431098109622
Norm,Experiment2 CIT465 #1 norm,,0.973808177083325,0.0122346429995864
Norm,Experiment2 CIT465 #2 norm,,0.977652915353726,0.0104033139851882
Norm,Experiment2 CIT465 #3 norm,,0.978002774117417,0.0129668930913421
Norm,Experiment2 CIT465 #4 norm,,1.01303423741934,0.0129825550385173
Norm,Experiment2 CIT465 #5 norm,,1.0214152560386,0.0163857860317431
Norm,Experiment2 CIT465 #6 norm,,0.966851234027886,0.0109555402050886
Norm,Experiment2 CIT465 #7 norm,,0.970173970003048,0.0129131214019239
Norm,Experiment2 CIT465 #8 norm,,0.986597644554156,0.0149765299017377
Norm,Experiment2 MAL335 #1 norm,,0.976397567548591,0.011847321279898
Norm,Experiment2 MAL335 #2 norm,,0.986880097281147,0.0136750713735937
Norm,Experiment2 MAL335 #3 norm,,0.967072669983999,0.0128790694235439
Norm,Experiment2 MAL335 #4 norm,,1.01772387256063,0.0122558132223879
Norm,Experiment2 MAL335 #5 norm,,0.996322247891636,0.015013829822096
Norm,Experiment2 MAL335 #6 norm,,1.03398690596078,0.0156866636647788
Norm,Experiment2 MAL335 #7 norm,,0.986635277026622,0.020701451157923
Norm,Experiment2 MAL335 #8 norm,,0.985164838732749,0.0417350700168887
Norm,Experiment2 ASP334 #1 norm,,0.976506976376207,0.0152867524554717
Norm,Experiment2 ASP334 #2 norm,,0.941195310062592,0.0227268460464654
Norm,Experiment2 ASP334 #3 norm,,0.987861329145558,0.0170481997510042
Norm,Experiment2 ASP334 #4 norm,,0.985279897058469,0.0218615537056243
Norm,Experiment2 ASP334 #5 norm,,0.961031737572578,0.0243808467949807
Norm,Experiment2 ASP334 #6 norm,,0.953377902869082,0.0602281076995315
Norm,Experiment2 ASP334 #7 norm,,0.989320686716328,0.0605562294807537
Norm,Experiment2 ASP334 #8 norm,,0.998227108046981,0.0369394970126811
Norm,Experiment2 GLU348 #1 norm,,1.0423511069309,0.0121573633801555
Norm,Experiment2 GLU348 #2 norm,,1.04132805509679,0.0129360033350434
Norm,Experiment2 GLU348 #3 norm,,1.00513852657859,0.0119044803971842
Norm,Experiment2 GLU348 #4 norm,,1.00108471508597,0.0150724222970563
Norm,Experiment2 GLU348 #5 norm,,0.916689457639255,0.028485612999133
Norm,Experiment2 GLU348 #6 norm,,0.980871707002437,0.0149841194161522
Norm,Experiment2 GLU348 #7 norm,,0.943825974072203,0.0208286056051232
Norm,Experiment2 GLU348 #8 norm,,0.940592234683426,0.0531256454412742
Norm,Experiment2 THR320 #1 norm,,0.97019966120041,0.00997167722981305
Norm,Experiment2 THR320 #2 norm,,0.988718796671674,0.0117734064691898
Norm,Experiment2 THR320 #3 norm,,1.04116756611538,0.0106367474841146
Norm,Experiment2 THR320 #4 norm,,0.983858398214083,0.0110494050135199
Norm,Experiment2 THR320 #5 norm,,1.0555763556198,0.0224455933372804
Norm,Experiment2 THR320 #6 norm,,0.952465014461648,0.0104216594537731
Norm,Experiment2 THR320 #7 norm,,0.939938504447458,0.0130715990134895
Norm,Experiment2 THR320 #8 norm,,0.968185002194355,0.0369769945416571
Norm,Experiment2 ALA116 #1 norm,,0.97580503292942,0.00966389755501951
Norm,Experiment2 ALA116 #2 norm,,0.991706714725142,0.00994156507686596
Norm,Experiment2 ALA116 #3 norm,,1.01555336559849,0.0109698275549441
Norm,Experiment2 ALA116 #4 norm,,1.02806961861147,0.0266464297314324
Norm,Experiment2 ALA116 #5 norm,,1.02928991011446,0.0649561096159764
Norm,Experiment2 ALA116 #6 norm,,1.00513288507337,0.0701446924396118
Norm,Experiment2 ALA116 #7 norm,,1.02627533831268,0.0721262525645136
Norm,Experiment2 ALA116 #8 norm,,0.909615575741783,0.114642928994987
Norm,Experiment2 PYR #1 norm,,0.974860313653929,0.0122117539115684
Norm,Experiment2 PYR #2 norm,,0.900022867834996,0.0456904265786636
Norm,Experiment2 PYR #3 norm,,0.917437968389125,0.0592606060548475
Norm,Experiment2 PYR #4 norm,,1.03144484478568,0.0561117737858108
Norm,Experiment2 PYR #5 norm,,1.00292432428347,0.12541511148743
Norm,Experiment2 PYR #6 norm,,1.00423487761264,0.130200753252053
Norm,Experiment2 PYR #7 norm,,1.02690092003919,0.0783641222535847
Norm,Experiment2 PYR #8 norm,,0.968055699915364,0.112072845852456
