type,id,eqn,val,std
Net flux,CO2.t,CO2.t -> CO2,62.6676929479632,1.53767421968412
Net flux,CO2_sink,dummy -> Sink,62.6676929479632,1.53767421968412
Net flux,RUBICSO_CO2,RUBP.p + CO2 -> 3PGA.p + 3PGA.p + dummy,64.5523941889682,1.54450438121242
Net flux,GAPDH.p net,3PGA.p <-> TP.p,131.202401372061,3.0715074929716
Exch flux,GAPDH.p exch,3PGA.p <-> TP.p,1.0000000116861e-07,7.88295702178587e-13
Net flux,ALD,TP.p + E4P.p -> SBP,22.282825013016,0.516335968129897
Net flux,SBP,SBP -> S7P.p,22.2828250130161,0.516335968129897
Net flux,FBA.p net,TP.p + TP.p <-> FBP.p,28.9852532320656,0.783950721944582
Exch flux,FBA.p exch,TP.p + TP.p <-> FBP.p,22833.527299904,3662.19078423594
Net flux,PFK.p net,FBP.p <-> F6P.p,28.9852532320687,0.783950721944582
Exch flux,PFK.p exch,FBP.p <-> F6P.p,1.00005948411308e-07,6885.82433375068
Net flux,TK1 net,TP.p + EC2 <-> X5P.p,44.5656500260302,1.03267193625979
Exch flux,TK1 exch,TP.p + EC2 <-> X5P.p,36385.0456736407,7369.83244885634
Net flux,TK2 net,S7P.p <-> R5P.p + EC2,22.282825013016,0.516335968129897
Exch flux,TK2 exch,S7P.p <-> R5P.p + EC2,38.2738620435411,7783.50076795899
Net flux,TK3 net,F6P.p <-> E4P.p + EC2,22.2828250130151,0.516335968129897
Exch flux,TK3 exch,F6P.p <-> E4P.p + EC2,30122.0940827667,7991.39109850548
Net flux,PPE net,X5P.p <-> RU5P.p,44.5656500260302,1.03267193625979
Exch flux,PPE exch,X5P.p <-> RU5P.p,36436.2571182153,4446.1698700659
Net flux,PPI net,R5P.p <-> RU5P.p,22.2828250130161,0.516335968129897
Exch flux,PPI exch,R5P.p <-> RU5P.p,1.00000008274037e-07,5.36229971788492e-13
Net flux,PRK,RU5P.p -> RUBP.p,66.8484750390482,1.54900790438772
Net flux,RUBISCO_O2,RUBP.p -> 3PGA.p + 2PG.p,2.29608085008002,0.0849827551499509
Net flux,GLYdil net,GLY.p <-> GLY.x + dummyGLY,0.0162617621159669,0.00177000230002825
Exch flux,GLYdil exch,GLY.p <-> GLY.x + dummyGLY,1.0000000116861e-07,0
Net flux,SERdil net,SER.p <-> SER.x + dummySER,0.0556048033694125,0.00605226246738476
Exch flux,SERdil exch,SER.p <-> SER.x + dummySER,0.131529749298338,0.0776842097279763
Net flux,GK,GA.p -> 3PGA.p,0.482068536265337,0.117960033639498
Net flux,PGI.p net,F6P.p <-> G6P.p,6.70242821905297,0.417896451918055
Exch flux,PGI.p exch,F6P.p <-> G6P.p,4.95438169502676,7283.63833621947
Net flux,PGM.p,G6P.p -> ADPG.p,6.70242821905297,0.417896451918055
Net flux,Starch,ADPG.p -> Starch,6.70242821905295,0.417896451918055
Net flux,FBA.c net,TP.c + TP.c <-> FBP.c,3.19170993443915,0.347399861978472
Exch flux,FBA.c exch,TP.c + TP.c <-> FBP.c,20.0153376763648,6994.923204643
Net flux,PFK.c net,FBP.c <-> F6P.c,3.19170993443916,0.347399861978472
Exch flux,PFK.c exch,FBP.c <-> F6P.c,4.69994661311965,4526.90915070459
Net flux,PGI.c net,F6P.c <-> G6P.c,1.59585496721962,0.173699930989236
Exch flux,PGI.c exch,F6P.c <-> G6P.c,224.29874724377,5580.39706293004
Net flux,PGM.c net,G6P.c <-> UDPG.c,1.59585496721411,0.173699930989236
Exch flux,PGM.c exch,G6P.c <-> UDPG.c,48480.9395279003,6791.32555559738
Net flux,SPS,F6P.c + UDPG.c -> S6P,1.59585496721954,0.173699930989236
Net flux,PGAM.c net,3PGA.c <-> PEP.c,0.680536392220612,0.0740725984062137
Exch flux,PGAM.c exch,3PGA.c <-> PEP.c,1.55173016761332,7125.45231720258
Net flux,PK.c,PEP.c -> PYR.c,0.308909646004317,0.0336230956240974
Net flux,PDH,PYR.c + dummy -> ACA + CO2,0.257092235218994,0.0279830588131277
Net flux,CS,OAA + ACA -> CIT,0.25709223521899,0.0279830588131277
Net flux,ACO net,CIT <-> ICI,0.257092235219034,0.0279830588131277
Exch flux,ACO exch,CIT <-> ICI,1155.04442826928,7343.21673374104
Net flux,IDH,ICI + dummy -> AKG + CO2,0.257092235219006,0.0279830588131277
Net flux,MDH net,MAL <-> OAA,7.105427357601e-15,0
Exch flux,MDH exch,MAL <-> OAA,0.307921835763004,0.0674066619596018
Net flux,PPC,PEP.c + CO2 -> OAA + dummy,0.371626746216271,0.04044950289836
Net flux,T_3PGA net,3PGA.p <-> 3PGA.c,0.680536392220588,0.0740725984062137
Exch flux,T_3PGA exch,3PGA.p <-> 3PGA.c,1.0000000116861e-07,0
Net flux,T_DHAP net,TP.p <-> TP.c,6.38341986887834,0.694799723956945
Exch flux,T_DHAP exch,TP.p <-> TP.c,3.31327529347283,7531.82956057689
Net flux,ALT,PYR.c -> ALA.c,0.0518174107855752,0.00564003675434106
Net flux,ASPT,OAA -> ASP,0.114534510997375,0.0124664440052241
Net flux,GLUDH,AKG -> GLU,0.257092235218983,0.0279830588131277
Net flux,PCR net,GLU <-> PRO,-2.48689957516035e-14,0
Exch flux,PCR exch,GLU <-> PRO,1.0000000116861e-07,0
Net flux,GS net,GLU <-> GLN,0,0
Exch flux,GS exch,GLU <-> GLN,1.00042207407114e-07,0
Net flux,TS net,ASP <-> THR,0,0
Exch flux,TS exch,ASP <-> THR,1.0000000116861e-07,0
Net flux,AS net,ASP <-> ASN,1.06581410364015e-14,0
Exch flux,AS exch,ASP <-> ASN,1.0000000116861e-07,0
Net flux,G_3PGA.p,0*3PGA.p -> 3PGA,2.46866316899741e-06,9438.63674113021
Net flux,G_3PGA.c,0*3PGA.c -> 3PGA,92.9119081395143,6809.58197518078
Net flux,G_DHAP.p,0*TP.p -> TP,40.6853798422419,10431.5751499404
Net flux,G_DHAP.c,0*TP.c -> TP,51.8471856996948,7861.4225113872
Net flux,G_F6P.p,0*F6P.p -> F6P,48.6686345030748,10158.9828983679
Net flux,G_F6P.c,0*F6P.c -> F6P,36.546576817712,7101.32290436934
Net flux,G_FBP.p,0*FBP.p -> FBP,2.46866150632741e-06,10296.6863090818
Net flux,G_FBP.c,0*FBP.c -> FBP,83.4512310491389,7172.80195811806
Net flux,G_G6P.p,0*G6P.p -> G6P,19.0549768397257,9928.41914686141
Net flux,G_G6P.c,0*G6P.c -> G6P,58.8549499993083,6921.34690936727
Net flux,G_RU5P.p,0*RU5P.p -> P5P,2.46865391417828e-06,9968.01778174956
Net flux,G_X5P.p,0*X5P.p -> P5P,92.8477691487253,6901.52234906394
Net flux,G_R5P.p,0*R5P.p -> R5P,82.2810779884949,7202.62198018204
Net flux,G_GA.p,0*GA.p -> GA,33.5430440757618,3.76854275557728
Net flux,G_SER.p,0*SER.p -> SER,88.5169950082815,7317.16032679177
Net flux,G_GLY.p,0*GLY.p -> GLY,9.99999940631824e-08,2.42543717153105e-12
Net flux,G_RUBP.p,0*RUBP.p -> RUBP,92.5302752673063,6816.35215232398
Net flux,G_S7P.p,0*S7P.p -> S7P,98.4567310636212,7242.19284396357
Net flux,G_2PG.p,0*2PG.p -> 2PG,87.0427532706349,7345.68198222943
Net flux,G_ADPG.p,0*ADPG.p -> ADPG,95.0805622183481,6987.93228496475
Net flux,G_PEP.c,0*PEP.c -> PEP,89.2305410445615,7440.22462987187
Net flux,G_UDPG.c,0*UDPG.c -> UDPG,72.4268033045549,7041.7196003171
Net flux,G_ALA.c,0*ALA.c -> ALA,74.9071215489333,8.49875956583656
Net flux,(1-G)_GA,0*GA.x -> GA,66.4569559242402,3.76854275557728
Net flux,(1-G)_SER,0*SER.x -> SER,11.4830042838235,5.10561468175166
Net flux,(1-G)_GLY,0*GLY.x -> GLY,63.5241264644031,6.46748859073676
Net flux,(1-G)_R5P,0*R5P.x -> R5P,17.718922011502,7202.62198018204
Net flux,(1-G)_RUBP,0*RUBP.x -> RUBP,7.46972473269241,6816.35215232398
Net flux,(1-G)_3PGA,0*3PGA.x -> 3PGA,7.08808939182277,6631.79010786817
Net flux,(1-G)_TP,0*TP.x -> TP,7.46743445806384,6679.63171870442
Net flux,(1-G)_F6P,0*F6P.x -> F6P,14.7847886792169,7135.55036860991
Net flux,(1-G)_FBP,0*FBP.x -> FBP,16.5487664821944,7489.95604810972
Net flux,(1-G)_G6P,0*G6P.x -> G6P,22.0900731609643,7070.04303781516
Net flux,(1-G)_RU5P,0*RU5P.x -> P5P,7.15222838262221,7127.03935426542
Net flux,(1-G)_S7P,0*S7P.x -> S7P,1.5432689363768,7242.19284396357
Net flux,(1-G)_2PG,0*2PG.x -> 2PG,12.9572467293675,7345.68198222943
Net flux,(1-G)_ADPG,0*ADPG.x -> ADPG,4.91943778165087,6987.93228496475
Net flux,(1-G)_PEP,0*PEP.x -> PEP,10.7694589554367,7440.22462987187
Net flux,(1-G)_UDPG,0*UDPG.x -> UDPG,27.5731966954463,7041.7196003171
Net flux,(1-G)_ALA,0*ALA.x -> ALA,25.0928784510665,8.49875956583656
Net flux,PGASink,3PGA -> Sink,100,0
Net flux,DHAPSink,TP -> Sink,100.000000000001,0
Net flux,F6PSink,F6P -> Sink,100.000000000004,0
Net flux,FBPSink,FBP -> Sink,99.9999999999948,0
Net flux,G6PSink,G6P -> Sink,99.9999999999983,0
Net flux,P5PSink,P5P -> Sink,100.000000000001,0
Net flux,R5PSink,R5P -> Sink,99.9999999999968,0
Net flux,GASink,GA -> Sink,100.000000000002,0
Net flux,SERSink,SER -> Sink,99.9999999999996,0
Net flux,GLYSink,GLY -> Sink,100.000000000001,0
Net flux,RUBPSink,RUBP -> Sink,99.9999999999987,0
Net flux,S7PSink,S7P -> Sink,99.9999999999979,0
Net flux,2PGSink,2PG -> Sink,100.000000000002,0
Net flux,ADPGSink,ADPG -> Sink,99.9999999999989,0
Net flux,PEPSink,PEP -> Sink,99.9999999999983,0
Net flux,UDPGSink,UDPG -> Sink,100.000000000001,0
Net flux,ALASink,ALA -> Sink,99.9999999999998,0
Net flux,S6Pout-LL,S6P + 0.1611*GLU + 0.07177*ASP + 0.03247*ALA.c + 0.01019*dummyGLY + 0.03484*dummySER -> Sink,1.59585496721958,0.173699930989236
Net flux,PGP.p,2PG.p -> Glyc.p,2.29608085008004,0.0849827551499509
Net flux,GOX,Glyc.p -> Glyx.p,2.29608085008006,0.0849827551499509
Net flux,GGT,Glyx.p -> GLY.p,2.29608085008005,0.0849827551499509
Net flux,SGAT,SER.p -> HPA.p,0.482068536265327,0.117960033639498
Net flux,HPR.p,HPA.p -> GA.p,0.482068536265321,0.117960033639498
Net flux,T_GLY-m net,GLY.p <-> GLY.m,2.21681165077949,0.0936241815334698
Exch flux,T_GLY-m exch,GLY.p <-> GLY.m,1.00000000280431e-07,0
Net flux,GDC.m,GLY.m + dummy -> myTHF.m + CO2,1.74214351678354,0.131431112276319
Net flux,T_SER-m net,SER.p <-> SER.m,-1.74214351678347,0.131431112276319
Exch flux,T_SER-m exch,SER.p <-> SER.m,1503.21083871086,7313.32215867292
Net flux,mSHMT,GLY.m + myTHF.m -> SER.m,1.74214351678354,0.131431112276319
Net flux,T_SER-c net,SER.p <-> SER.c,1.20447017714879,0.234639175125347
Exch flux,T_SER-c exch,SER.p <-> SER.c,1.0000003491939e-07,3.54068203112464e-13
Net flux,T_Gly-c net,GLY.p <-> GLY.c,0.063007437184571,0.0441834192824646
Exch flux,T_Gly-c exch,GLY.p <-> GLY.c,9.99999998363421e-08,0
Net flux,cSHMT,SER.c -> GLY.c + meTHF.c,1.20446992491465,0.234639175117013
Net flux,FmTHF-reductase net,meTHF.c <-> FmTHF.c,1.20446992491465,0.234639175117013
Exch flux,FmTHF-reductase exch,meTHF.c <-> FmTHF.c,6.35811298637231,6732.15742205625
Net flux,Met-synthase,FmTHF.c + Hcy.c -> Met.c,1.20446992491463,0.234639175117013
Net flux,SAM-synthase,Met.c -> SAM.c,1.20446992491464,0.234639175117013
Net flux,Methylation,SAM.c -> SAH.c + Acceptor.c,1.20446992491463,0.234639175117013
Net flux,hydrolysis,SAH.c -> Hcy.c,1.20446992491462,0.234639175117013
Net flux,G_SER.m,0*SER.m -> SER,1.0000000116861e-07,0
Net flux,G_SER.c,0*SER.c -> SER,6.07894499182748e-07,7317.15854555017
Net flux,G_Gly.m,0*GLY.m -> GLY,1.0000000116861e-07,4.93589444674552e-13
Net flux,G_Gly.c,0*GLY.c -> GLY,36.4758733355981,6.46748859073676
Net flux,T_GLY-c-m,GLY.c -> GLY.m,1.26747538278759,0.249681615285703
Net flux,G_Glyc,0*Glyc.p -> Glyc,6.70687620027977,0.988901900303809
Net flux,G_Glyx,0*Glyx.p -> Glyx,99.7529416478863,6753.0291979066
Net flux,G_HPA,0*HPA.p -> HPA,6.57580611911751,1.92686805746346
Net flux,(1-G)_Glyc,0*Glyc.x -> Glyc,93.2931237997209,0.988901900303809
Net flux,(1-G)_Glyx,0*Glyx.x -> Glyx,0.247058352114522,6753.0291979066
Net flux,(1-G)_HPA,0*HPA.x -> HPA,93.4241938808824,1.92686805746346
Net flux,GlycSink,Glyc -> Sink,100.000000000001,0
Net flux,GlyxSink,Glyx -> Sink,100.000000000001,0
Net flux,HPASink,HPA -> Sink,99.9999999999998,0
Net flux,SERex,dummySER -> outSER,9.99995797279496e-08,2.10135486999263e-12
Net flux,G_PYR,0*PYR.c -> PYR,38.9801147296837,2.79382811244569
Net flux,(1-G)_PYR,0*PYR.x -> PYR,61.0198852703165,2.79382811244569
Net flux,PYRSink,PYR -> Sink,100,0
Net flux,G_meTHF,0*meTHF.c -> meTHF,99.9999998999999,0
Net flux,G_FmTHF,0*FmTHF.c -> FmTHF,80.020812876199,5.54257109075593
Net flux,G_Met,0*Met.c -> Met,53.95684777139,4.30540109317522
Net flux,G_SAM,0*SAM.c -> SAM,63.5955415324139,5.2120329452812
Net flux,(1-G)_meTHF,0*meTHF.x -> meTHF,1.0000000116861e-07,0
Net flux,(1-G)_FmTHF,0*FmTHF.x -> FmTHF,19.979187123801,5.54257109075593
Net flux,(1-G)_Met,0*Met.x -> Met,46.0431522286101,4.30540109317522
Net flux,(1-G)_SAM,0*SAM.x -> SAM,36.4044584675861,5.2120329452812
Net flux,meTHFSink,meTHF -> Sink,99.9999999999999,0
Net flux,FmTHFSink,FmTHF -> Sink,100,0
Net flux,MetSink,Met -> Sink,100,0
Net flux,SAMsink,SAM -> Sink,100,0
Net flux,Met-protein,Met.c -> Protein,6.51983996113883e-15,0
Net flux,GLY-protein,GLY.c -> Protein,1.97931165235588e-06,1.17902002481746e-12
Net flux,SER-protein,SER.c -> Protein,2.52234146458363e-07,2.6931681441196e-13
Pool,2PG pool,,0,0
Pool,2PG.p pool,,7.72352021839378e-07,7412.69324211528
Pool,2PG.x pool,,1,Inf
Pool,3PGA pool,,0,0
Pool,3PGA.c pool,,0.0242032684041072,0.00728052570795446
Pool,3PGA.p pool,,4.41484395078761e-06,7065.4143487073
Pool,3PGA.x pool,,1,Inf
Pool,ACA pool,,2.74433943118564e-06,7114.7487662254
Pool,ADPG pool,,0,0
Pool,ADPG.p pool,,9.9999999999999e-08,Inf
Pool,ADPG.x pool,,1,Inf
Pool,AKG pool,,2.74098440871984e-06,7143.86320879031
Pool,ALA pool,,0,0
Pool,ALA.c pool,,0.0117275545626652,0.00338739628572774
Pool,ALA.x pool,,1,Inf
Pool,ASN pool,,7566.06816704957,7161.53561186541
Pool,ASP pool,,0.0001449588187807,7202.70872021855
Pool,Acceptor.c pool,,1,Inf
Pool,CIT pool,,71011.9178403041,7397.64273042071
Pool,CO2 pool,,9.99999999998398e-08,0
Pool,CO2.t pool,,1,Inf
Pool,E4P.p pool,,0,0
Pool,EC2 pool,,0,0
Pool,F6P pool,,0,0
Pool,F6P.c pool,,3.9415670149573e-06,7281.18535329112
Pool,F6P.p pool,,5.24241018183799e-06,7576.21518090193
Pool,F6P.x pool,,1,Inf
Pool,FBP pool,,0,0
Pool,FBP.c pool,,4.00249483591371e-06,7090.55354641077
Pool,FBP.p pool,,4.78418957029183e-06,7858.92403581791
Pool,FBP.x pool,,1,Inf
Pool,FmTHF pool,,5.90718498301724,2.74121202919229
Pool,FmTHF.c pool,,7.43180690505498e-07,6832.92914579271
Pool,FmTHF.x pool,,1,Inf
Pool,G6P pool,,0,0
Pool,G6P.c pool,,1.06393935515528e-05,7143.91753890384
Pool,G6P.p pool,,4.25752024366589e-06,7575.65209084465
Pool,G6P.x pool,,1,Inf
Pool,GA pool,,0,0
Pool,GA.p pool,,1.57675972755356e-07,7423.75881305474
Pool,GA.x pool,,1,Inf
Pool,GLN pool,,8.83867754990946,7388.99727691364
Pool,GLU pool,,2.74099136901698e-06,7487.11853327556
Pool,GLY pool,,0,0
Pool,GLY.c pool,,1.00000000002876e-07,0
Pool,GLY.m pool,,0.0870564185775479,0.0286988298839098
Pool,GLY.p pool,,3.43820615961849e-06,7166.20319024748
Pool,GLY.x pool,,1,Inf
Pool,Glyc pool,,2.34922495767619,1.24545622727195
Pool,Glyc.p pool,,8.55459429756717e-07,7205.5769909133
Pool,Glyc.x pool,,1,Inf
Pool,Glyx pool,,1177.28670236145,497.442508237403
Pool,Glyx.p pool,,7.36624037554576e-07,7210.02984331151
Pool,Glyx.x pool,,1,Inf
Pool,HPA pool,,0.000155248828796192,7567.35108147134
Pool,HPA.p pool,,1.52087171054584e-07,7573.47208780242
Pool,HPA.x pool,,1,Inf
Pool,Hcy.c pool,,1,Inf
Pool,ICI pool,,0.00367757566161358,7084.34168071749
Pool,MAL pool,,0.890906398037469,0.283979086790175
Pool,Met pool,,0.000116522821015767,7371.89989696663
Pool,Met.c pool,,8.76589430880314e-07,7230.55665278237
Pool,Met.x pool,,1,Inf
Pool,OAA pool,,0.312947573166211,0.0511123133261147
Pool,P5P pool,,0,0
Pool,PEP pool,,0,0
Pool,PEP.c pool,,1.00000000000002e-07,0
Pool,PEP.x pool,,1,Inf
Pool,PRO pool,,5.39499638373696,7377.78594140677
Pool,PYR pool,,1.00000000058387e-07,0
Pool,PYR.c pool,,0.0100673951712993,0.00413287830388173
Pool,PYR.x pool,,1,Inf
Pool,Protein pool,,1,Inf
Pool,R5P pool,,0,0
Pool,R5P.p pool,,0.00352108033536258,7114.81769822425
Pool,R5P.x pool,,1,Inf
Pool,RU5P.p pool,,4.63786671440353e-06,7238.71488118394
Pool,RU5P.x pool,,1,Inf
Pool,RUBP pool,,0,0
Pool,RUBP.p pool,,4.58450035449238e-06,7176.47551284407
Pool,RUBP.x pool,,1,Inf
Pool,S6P pool,,1,Inf
Pool,S7P pool,,0,0
Pool,S7P.p pool,,5.52359347855738e-06,7319.29197952062
Pool,S7P.x pool,,1,Inf
Pool,SAH.c pool,,1,Inf
Pool,SAM pool,,6.98142453545459,3.11512392537077
Pool,SAM.c pool,,2.06287924811366e-06,6996.55513648678
Pool,SAM.x pool,,1,Inf
Pool,SBP pool,,0,0
Pool,SER pool,,0,0
Pool,SER.c pool,,1.00000000002876e-07,0
Pool,SER.m pool,,0.48054757003887,0.0481019738397393
Pool,SER.p pool,,0.000281180560511593,7449.58339423227
Pool,SER.x pool,,1,Inf
Pool,Sink pool,,1,Inf
Pool,Starch pool,,1,Inf
Pool,THR pool,,3889.75545309083,7151.08992436804
Pool,TP pool,,0,0
Pool,TP.c pool,,4.30109805179685e-06,7486.85080307673
Pool,TP.p pool,,4.72749362203406e-06,7647.47514403686
Pool,TP.x pool,,1,Inf
Pool,UDPG pool,,0,0
Pool,UDPG.c pool,,9.99999993922529e-08,0
Pool,UDPG.x pool,,1,Inf
Pool,X5P.p pool,,4.79287114199918e-06,7736.22770542077
Pool,dummy pool,,1,Inf
Pool,dummyGLY pool,,1,Inf
Pool,dummySER pool,,1,Inf
Pool,meTHF pool,,9.99999999473644e-08,0
Pool,meTHF.c pool,,6.76310902855187e-07,7628.99812418152
Pool,meTHF.x pool,,1,Inf
Pool,myTHF.m pool,,1.91711366786441e-06,7112.27126677396
Pool,outSER pool,,1,Inf
Norm,Experiment2 Glyc205 #1 norm,,0.946879848534888,0.0354866056050817
Norm,Experiment2 Glyc205 #2 norm,,1.0079624703991,0.0182191152090179
Norm,Experiment2 Glyc205 #3 norm,,0.955338596973933,0.0222833011189406
Norm,Experiment2 Glyc205 #4 norm,,0.992767184476184,0.0209687210951443
Norm,Experiment2 Glyc205 #5 norm,,1.01083527569909,0.0233167330850278
Norm,Experiment2 Glyc205 #6 norm,,1.002236414955,0.0248402125693291
Norm,Experiment2 Glyc205 #7 norm,,1.00672282838998,0.036123023257634
Norm,Experiment2 Glyc205 #8 norm,,0.739023497702922,0.083651115591643
Norm,Experiment2 Glyx160 #1 norm,,1.00812557631818,0.0113520295527184
Norm,Experiment2 Glyx160 #2 norm,,0.996016600835567,0.0115980405684485
Norm,Experiment2 Glyx160 #3 norm,,1.02677079378209,0.0129370495458283
Norm,Experiment2 Glyx160 #4 norm,,1.00064016689705,0.0161028080578046
Norm,Experiment2 Glyx160 #5 norm,,1.00976952500879,0.0148220510901002
Norm,Experiment2 Glyx160 #6 norm,,0.970888742166814,0.020225407715067
Norm,Experiment2 Glyx160 #7 norm,,0.97604737078102,0.0312356841539549
Norm,Experiment2 Glyx160 #8 norm,,0.951286599150377,0.110766302486251
Norm,Experiment2 GLY276 #1 norm,,0.992776234732455,0.0103228857267299
Norm,Experiment2 GLY276 #2 norm,,0.936637190909301,0.0212208041804738
Norm,Experiment2 GLY276 #3 norm,,1.00972873145778,0.0190492830138499
Norm,Experiment2 GLY276 #4 norm,,1.03720373948007,0.0177515653862235
Norm,Experiment2 GLY276 #5 norm,,0.983108348912722,0.0359789624309577
Norm,Experiment2 GLY276 #6 norm,,0.95800381989816,0.0801708608592999
Norm,Experiment2 GLY276 #7 norm,,0.996088234708772,0.126905794468364
Norm,Experiment2 GLY276 #8 norm,,0.99411002654747,0.184274075791202
Norm,Experiment2 HPA262 #1 norm,,0.964875974442723,0.0192706811599266
Norm,Experiment2 HPA262 #2 norm,,0.904897882039466,0.0235929003492894
Norm,Experiment2 HPA262 #3 norm,,0.954053688882002,0.0237815767410765
Norm,Experiment2 HPA262 #4 norm,,0.946807965812652,0.028689894722067
Norm,Experiment2 HPA262 #5 norm,,0.961221516462245,0.02161535675625
Norm,Experiment2 HPA262 #6 norm,,0.931637784892259,0.0283855622934465
Norm,Experiment2 HPA262 #7 norm,,0.972052037779061,0.0243763820671869
Norm,Experiment2 HPA262 #8 norm,,0.967344706757831,0.0376020556614062
Norm,Experiment2 GA307 #1 norm,,1.00039751886061,0.0109723701233246
Norm,Experiment2 GA307 #2 norm,,0.845145180458879,0.0270097052565166
Norm,Experiment2 GA307 #3 norm,,0.886411217271927,0.0213144333265369
Norm,Experiment2 GA307 #4 norm,,0.933898225902953,0.0253374000444767
Norm,Experiment2 GA307 #5 norm,,0.833120551198151,0.0619176420560527
Norm,Experiment2 GA307 #6 norm,,0.903735492484029,0.0931566301593397
Norm,Experiment2 GA307 #7 norm,,0.88041696332147,0.0665306486833995
Norm,Experiment2 GA307 #8 norm,,1.10611864068922,0.131822630962207
Norm,Experiment2 SER306 #1 norm,,0.967103380048098,0.0122802157511128
Norm,Experiment2 SER306 #2 norm,,0.989105605252687,0.0355756791211691
Norm,Experiment2 SER306 #3 norm,,0.979475522842648,0.0202233155479223
Norm,Experiment2 SER306 #4 norm,,1.02160470998534,0.0263421338463878
Norm,Experiment2 SER306 #5 norm,,0.993678286603611,0.0560755775704093
Norm,Experiment2 SER306 #6 norm,,1.00807831339585,0.119712990698261
Norm,Experiment2 SER306 #7 norm,,1.09687862648164,0.0966956806357608
Norm,Experiment2 SER306 #8 norm,,0.999661728964038,0.105230914317956
Norm,Experiment2 meTHF #1 norm,,0.985420466545935,0.0100748828923248
Norm,Experiment2 meTHF #2 norm,,0.989094532856576,0.0142705794467845
Norm,Experiment2 meTHF #3 norm,,0.911115571493675,0.0261511737482917
Norm,Experiment2 meTHF #4 norm,,1.04086672965392,0.0285067883898849
Norm,Experiment2 meTHF #5 norm,,0.956921103029441,0.0839082426824137
Norm,Experiment2 meTHF #6 norm,,1.03653961835966,0.144247967876872
Norm,Experiment2 meTHF #7 norm,,0.994364184031419,0.169957957021057
Norm,Experiment2 meTHF #8 norm,,1.00505232586552,0.0734015668542625
Norm,Experiment2 FmTHF #1 norm,,1.00591760453342,0.0100215584995821
Norm,Experiment2 FmTHF #2 norm,,0.996297264281077,0.0114908754181012
Norm,Experiment2 FmTHF #3 norm,,1.01409264818888,0.0102204951650364
Norm,Experiment2 FmTHF #4 norm,,1.05261131866921,0.0229989491095915
Norm,Experiment2 FmTHF #5 norm,,0.951482773185128,0.0404156775557602
Norm,Experiment2 FmTHF #6 norm,,1.00093163522367,0.0685363559808805
Norm,Experiment2 FmTHF #7 norm,,0.991335157337322,0.106802640566674
Norm,Experiment2 FmTHF #8 norm,,0.99214893167056,0.0659104570009955
Norm,Experiment2 Met176 #1 norm,,1.00539470876944,0.0240538286211533
Norm,Experiment2 Met176 #2 norm,,0.936908620924399,0.0379621252834128
Norm,Experiment2 Met176 #3 norm,,0.945511385876069,0.0328088130399412
Norm,Experiment2 Met176 #4 norm,,0.829856450661329,0.0718621910279558
Norm,Experiment2 Met176 #5 norm,,0.984997755259413,0.0698086925653874
Norm,Experiment2 Met176 #6 norm,,1.00541700001196,0.033740455307397
Norm,Experiment2 Met176 #7 norm,,1.00977700292667,0.0687700577144785
Norm,Experiment2 Met176 #8 norm,,0.985898502553161,0.170136132480194
Norm,Experiment2 SAM #1 norm,,0.965944669353034,0.0141337532241764
Norm,Experiment2 SAM #2 norm,,0.996997034449187,0.0226341836104988
Norm,Experiment2 SAM #3 norm,,0.969693126184325,0.0310235367702511
Norm,Experiment2 SAM #4 norm,,1.01224062878822,0.0455879612691693
Norm,Experiment2 SAM #5 norm,,0.986528620960392,0.0253119912192383
Norm,Experiment2 SAM #6 norm,,1.03521560029553,0.0597406909569843
Norm,Experiment2 SAM #7 norm,,1.00498333413633,0.0739745542043947
Norm,Experiment2 SAM #8 norm,,1.00017102174682,0.0717958877228374
Norm,Experiment2 CIT465 #1 norm,,1.04099899929393,0.0130655105204886
Norm,Experiment2 CIT465 #2 norm,,1.00563563145501,0.0108398113708947
Norm,Experiment2 CIT465 #3 norm,,0.999479195412116,0.0132763979363431
Norm,Experiment2 CIT465 #4 norm,,0.984156326567119,0.0126762114563243
Norm,Experiment2 CIT465 #5 norm,,0.99336080905389,0.0158987355286778
Norm,Experiment2 CIT465 #6 norm,,1.00704528423909,0.0114534737190655
Norm,Experiment2 CIT465 #7 norm,,0.984213794849817,0.0133324408874232
Norm,Experiment2 CIT465 #8 norm,,1.00136021388173,0.0144107040242379
Norm,Experiment2 MAL335 #1 norm,,0.971302002189809,0.0113941600586707
Norm,Experiment2 MAL335 #2 norm,,0.957341809627983,0.0130331195710852
Norm,Experiment2 MAL335 #3 norm,,0.972773788169474,0.0126803372089976
Norm,Experiment2 MAL335 #4 norm,,0.969460568125994,0.0115009850453896
Norm,Experiment2 MAL335 #5 norm,,0.936016995637978,0.014284405591095
Norm,Experiment2 MAL335 #6 norm,,0.937850227143547,0.0142564603177604
Norm,Experiment2 MAL335 #7 norm,,0.972620287215669,0.0198983380600459
Norm,Experiment2 MAL335 #8 norm,,1.0204326134036,0.0412154851121216
Norm,Experiment2 ASP334 #1 norm,,1.00048856178238,0.0163784853000119
Norm,Experiment2 ASP334 #2 norm,,0.97813859207591,0.0237609914496238
Norm,Experiment2 ASP334 #3 norm,,0.986733291237416,0.0176355179920574
Norm,Experiment2 ASP334 #4 norm,,0.946953740645848,0.0205788672943906
Norm,Experiment2 ASP334 #5 norm,,0.971015409841513,0.0245641690373824
Norm,Experiment2 ASP334 #6 norm,,0.948733650429528,0.0631115263507752
Norm,Experiment2 ASP334 #7 norm,,0.978369339770415,0.0593463942008423
Norm,Experiment2 ASP334 #8 norm,,0.932823928524576,0.0319607880828232
Norm,Experiment2 GLU348 #1 norm,,0.996841038671083,0.0117887999892314
Norm,Experiment2 GLU348 #2 norm,,0.984807216517131,0.0122469049459538
Norm,Experiment2 GLU348 #3 norm,,1.00629646954108,0.0119018021016824
Norm,Experiment2 GLU348 #4 norm,,1.03797410849802,0.0158000394711421
Norm,Experiment2 GLU348 #5 norm,,0.980076457401268,0.0286528999278893
Norm,Experiment2 GLU348 #6 norm,,0.935413765088602,0.0142973661784078
Norm,Experiment2 GLU348 #7 norm,,0.982937065103243,0.0226694274075585
Norm,Experiment2 GLU348 #8 norm,,0.846617725034023,0.052046550251457
Norm,Experiment2 THR320 #1 norm,,1.00708717767656,0.0102485168691952
Norm,Experiment2 THR320 #2 norm,,0.999658903941797,0.0116823585069502
Norm,Experiment2 THR320 #3 norm,,0.974243517537737,0.009967488139657
Norm,Experiment2 THR320 #4 norm,,1.01978410024814,0.0113258756285229
Norm,Experiment2 THR320 #5 norm,,0.990606609887506,0.0201365445246417
Norm,Experiment2 THR320 #6 norm,,1.01375766890852,0.0111417043096781
Norm,Experiment2 THR320 #7 norm,,0.940492169084488,0.0134418597389288
Norm,Experiment2 THR320 #8 norm,,0.926209088728987,0.0346638819220852
Norm,Experiment2 ALA116 #1 norm,,1.00634576972757,0.0100211929109749
Norm,Experiment2 ALA116 #2 norm,,0.980548333724399,0.0097817784913959
Norm,Experiment2 ALA116 #3 norm,,0.99677048273669,0.0105806967891812
Norm,Experiment2 ALA116 #4 norm,,1.03014829140884,0.0261644778801022
Norm,Experiment2 ALA116 #5 norm,,1.05466681730065,0.0756583836501108
Norm,Experiment2 ALA116 #6 norm,,1.00233365731264,0.0851919108974537
Norm,Experiment2 ALA116 #7 norm,,1.01336945438072,0.0857244935832322
Norm,Experiment2 ALA116 #8 norm,,0.877573425261571,0.158152981151327
Norm,Experiment2 PYR #1 norm,,1.00231414873727,0.0130648877226179
Norm,Experiment2 PYR #2 norm,,0.919930860703496,0.0489207451472086
Norm,Experiment2 PYR #3 norm,,0.850664851196905,0.0589638136905865
Norm,Experiment2 PYR #4 norm,,1.02454253015945,0.0496313878178394
Norm,Experiment2 PYR #5 norm,,1.07266312692003,0.141585245380404
Norm,Experiment2 PYR #6 norm,,1.01131066603808,0.137791187983311
Norm,Experiment2 PYR #7 norm,,1.00076390868838,0.074737167860289
Norm,Experiment2 PYR #8 norm,,0.977887439414918,0.117721201297058
