type,id,eqn,val,std
Net flux,CO2.t,CO2.t -> CO2,67.7625323577764,1.52972368849328
Net flux,CO2_sink,dummy -> Sink,67.7625323577763,1.52972368849328
Net flux,RUBICSO_CO2,RUBP.p + CO2 -> 3PGA.p + 3PGA.p + dummy,69.8926557692579,1.53849276285988
Net flux,GAPDH.p net,3PGA.p <-> TP.p,141.163508850083,3.05558365874093
Exch flux,GAPDH.p exch,3PGA.p <-> TP.p,28.9410826173227,9.77123529101008
Net flux,ALD,TP.p + E4P.p -> SBP,23.9852800947604,0.514267307084825
Net flux,SBP,SBP -> S7P.p,23.9852800947604,0.514267307084825
Net flux,FBA.p net,TP.p + TP.p <-> FBP.p,31.3692033006519,0.789493663784707
Exch flux,FBA.p exch,TP.p + TP.p <-> FBP.p,22568.9485829179,2169.11439887963
Net flux,PFK.p net,FBP.p <-> F6P.p,31.369203300655,0.789493663784707
Exch flux,PFK.p exch,FBP.p <-> F6P.p,1.00005053127461e-07,2.95483742298704e-14
Net flux,TK1 net,TP.p + EC2 <-> X5P.p,47.9705601895208,1.02853461416965
Exch flux,TK1 exch,TP.p + EC2 <-> X5P.p,9.99999976158961e-08,0
Net flux,TK2 net,S7P.p <-> R5P.p + EC2,23.9852800947604,0.514267307084825
Exch flux,TK2 exch,S7P.p <-> R5P.p + EC2,37.7630958127412,4813.4350681219
Net flux,TK3 net,F6P.p <-> E4P.p + EC2,23.985280094761,0.514267307084825
Exch flux,TK3 exch,F6P.p <-> E4P.p + EC2,8460.46045748179,1612.64288164164
Net flux,PPE net,X5P.p <-> RU5P.p,47.9705601895208,1.02853461416965
Exch flux,PPE exch,X5P.p <-> RU5P.p,69.292371545992,4987.0211543951
Net flux,PPI net,R5P.p <-> RU5P.p,23.9852800947605,0.514267307084825
Exch flux,PPI exch,R5P.p <-> RU5P.p,237.90937338952,5339.66359952785
Net flux,PRK,RU5P.p -> RUBP.p,71.9558402842814,1.54280192125743
Net flux,RUBISCO_O2,RUBP.p -> 3PGA.p + 2PG.p,2.06318451502349,0.0842478816060736
Net flux,GLYdil net,GLY.p <-> GLY.x + dummyGLY,0.0164804448545439,0.00179662131755348
Exch flux,GLYdil exch,GLY.p <-> GLY.x + dummyGLY,1.0000000116861e-07,0
Net flux,SERdil net,SER.p <-> SER.x + dummySER,0.0563525568230929,0.00614328230391712
Exch flux,SERdil exch,SER.p <-> SER.x + dummySER,1.00001408043227e-07,5.73884521678078e-13
Net flux,GK,GA.p -> 3PGA.p,0.00470081457898841,0.168204010261368
Net flux,PGI.p net,F6P.p <-> G6P.p,7.38392320589512,0.428704619033813
Exch flux,PGI.p exch,F6P.p <-> G6P.p,2.05916846767157,4785.0888444469
Net flux,PGM.p,G6P.p -> ADPG.p,7.38392320589513,0.428704619033813
Net flux,Starch,ADPG.p -> Starch,7.3839232058951,0.428704619033813
Net flux,FBA.c net,TP.c + TP.c <-> FBP.c,3.23463098224603,0.352624399779861
Exch flux,FBA.c exch,TP.c + TP.c <-> FBP.c,19.7159750160745,5783.64007368898
Net flux,PFK.c net,FBP.c <-> F6P.c,3.23463098224605,0.352624399779861
Exch flux,PFK.c exch,FBP.c <-> F6P.c,4.59696881842817,32.1168079975183
Net flux,PGI.c net,F6P.c <-> G6P.c,1.61731549112304,0.176312199889931
Exch flux,PGI.c exch,F6P.c <-> G6P.c,212.60274483444,4169.95582636543
Net flux,PGM.c net,G6P.c <-> UDPG.c,1.61731549111573,0.176312199889931
Exch flux,PGM.c exch,G6P.c <-> UDPG.c,48478.363027305,4169.95582263806
Net flux,SPS,F6P.c + UDPG.c -> S6P,1.61731549112298,0.176312199889931
Net flux,PGAM.c net,3PGA.c <-> PEP.c,0.689688018034113,0.0751865745474034
Exch flux,PGAM.c exch,3PGA.c <-> PEP.c,0.000168923093416984,4169.95582331588
Net flux,PK.c,PEP.c -> PYR.c,0.31306375961632,0.0341287525352903
Net flux,PDH,PYR.c + dummy -> ACA + CO2,0.260549525619996,0.028403895412065
Net flux,CS,OAA + ACA -> CIT,0.260549525619992,0.028403895412065
Net flux,ACO net,CIT <-> ICI,0.260549525620036,0.028403895412065
Exch flux,ACO exch,CIT <-> ICI,1170.2917340421,4169.95582263806
Net flux,IDH,ICI + dummy -> AKG + CO2,0.260549525620008,0.028403895412065
Net flux,MDH net,MAL <-> OAA,7.105427357601e-15,0
Exch flux,MDH exch,MAL <-> OAA,0.242656219355176,0.0825090972228919
Net flux,PPC,PEP.c + CO2 -> OAA + dummy,0.376624258417769,0.0410578220112348
Net flux,T_3PGA net,3PGA.p <-> 3PGA.c,0.68968801803409,0.0751865745474034
Exch flux,T_3PGA exch,3PGA.p <-> 3PGA.c,1.0000000116861e-07,0
Net flux,T_DHAP net,TP.p <-> TP.c,6.46926196449211,0.705248799559722
Exch flux,T_DHAP exch,TP.p <-> TP.c,1.92152817051903,7.23297837336055
Net flux,ALT,PYR.c -> ALA.c,0.0525142339967469,0.00572485713120053
Net flux,ASPT,OAA -> ASP,0.116074732797872,0.0126539265897302
Net flux,GLUDH,AKG -> GLU,0.260549525619985,0.028403895412065
Net flux,PCR net,GLU <-> PRO,-2.48689957516035e-14,0
Exch flux,PCR exch,GLU <-> PRO,1.0000000116861e-07,0
Net flux,GS net,GLU <-> GLN,0,0
Exch flux,GS exch,GLU <-> GLN,1.00042065298567e-07,0
Net flux,TS net,ASP <-> THR,0,0
Exch flux,TS exch,ASP <-> THR,1.0000000116861e-07,0
Net flux,AS net,ASP <-> ASN,1.06581410364015e-14,0
Exch flux,AS exch,ASP <-> ASN,1.0000000116861e-07,0
Net flux,G_3PGA.p,0*3PGA.p -> 3PGA,2.4686631405757e-06,6964.9674283196
Net flux,G_3PGA.c,0*3PGA.c -> 3PGA,92.9119081390533,5057.13990400265
Net flux,G_DHAP.p,0*TP.p -> TP,40.6853798422419,6840.89607688948
Net flux,G_DHAP.c,0*TP.c -> TP,51.8471856996948,4843.78000108586
Net flux,G_F6P.p,0*F6P.p -> F6P,48.6686345030749,7290.50659353082
Net flux,G_F6P.c,0*F6P.c -> F6P,36.546576817712,5395.05883130906
Net flux,G_FBP.p,0*FBP.p -> FBP,2.46866146369484e-06,7006.67834078054
Net flux,G_FBP.c,0*FBP.c -> FBP,83.4512310498229,4724.96245312196
Net flux,G_G6P.p,0*G6P.p -> G6P,19.0549768397257,7320.64064469903
Net flux,G_G6P.c,0*G6P.c -> G6P,58.8549499993083,5175.28087434741
Net flux,G_RU5P.p,0*RU5P.p -> P5P,2.46865386444028e-06,6947.18574674191
Net flux,G_X5P.p,0*X5P.p -> P5P,92.8477691495324,4954.27991051666
Net flux,G_R5P.p,0*R5P.p -> R5P,82.2810779884949,4963.36830874992
Net flux,G_GA.p,0*GA.p -> GA,22.096302791886,3.65266102988947
Net flux,G_SER.p,0*SER.p -> SER,83.8608457341254,7507.10244609483
Net flux,G_GLY.p,0*GLY.p -> GLY,5.10790010436926,4928.06155214519
Net flux,G_RUBP.p,0*RUBP.p -> RUBP,92.5302752673063,5126.82298241128
Net flux,G_S7P.p,0*S7P.p -> S7P,98.4567310636212,4693.81929807063
Net flux,G_2PG.p,0*2PG.p -> 2PG,87.0427532706349,5099.79142155052
Net flux,G_ADPG.p,0*ADPG.p -> ADPG,95.0805622183481,5091.91792298232
Net flux,G_PEP.c,0*PEP.c -> PEP,89.2305410445615,5230.35576048522
Net flux,G_UDPG.c,0*UDPG.c -> UDPG,72.4268033045549,5102.15996800585
Net flux,G_ALA.c,0*ALA.c -> ALA,69.6228084267732,5.89250254749659
Net flux,(1-G)_GA,0*GA.x -> GA,77.903697208116,3.65266102988947
Net flux,(1-G)_SER,0*SER.x -> SER,16.1391395786285,5.21932947277903
Net flux,(1-G)_GLY,0*GLY.x -> GLY,49.2268537488917,7.43846059062659
Net flux,(1-G)_R5P,0*R5P.x -> R5P,17.718922011502,4963.36830874992
Net flux,(1-G)_RUBP,0*RUBP.x -> RUBP,7.46972473269241,5126.82298241128
Net flux,(1-G)_3PGA,0*3PGA.x -> 3PGA,7.08808939228386,4997.78608798917
Net flux,(1-G)_TP,0*TP.x -> TP,7.46743445806384,4914.72398000354
Net flux,(1-G)_F6P,0*F6P.x -> F6P,14.7847886792169,4918.9263021303
Net flux,(1-G)_FBP,0*FBP.x -> FBP,16.5487664815104,5173.12063147571
Net flux,(1-G)_G6P,0*G6P.x -> G6P,22.0900731609643,5035.78470949316
Net flux,(1-G)_RU5P,0*RU5P.x -> P5P,7.15222838181511,4855.81887274657
Net flux,(1-G)_S7P,0*S7P.x -> S7P,1.5432689363768,4693.81929807063
Net flux,(1-G)_2PG,0*2PG.x -> 2PG,12.9572467293675,5099.79142155052
Net flux,(1-G)_ADPG,0*ADPG.x -> ADPG,4.91943778165087,5091.91792298232
Net flux,(1-G)_PEP,0*PEP.x -> PEP,10.7694589554367,5230.35576048522
Net flux,(1-G)_UDPG,0*UDPG.x -> UDPG,27.5731966954463,5102.15996800585
Net flux,(1-G)_ALA,0*ALA.x -> ALA,30.3771915732266,5.89250254749659
Net flux,PGASink,3PGA -> Sink,100,0
Net flux,DHAPSink,TP -> Sink,100.000000000001,0
Net flux,F6PSink,F6P -> Sink,100.000000000004,0
Net flux,FBPSink,FBP -> Sink,99.9999999999948,0
Net flux,G6PSink,G6P -> Sink,99.9999999999983,0
Net flux,P5PSink,P5P -> Sink,100.000000000001,0
Net flux,R5PSink,R5P -> Sink,99.9999999999968,0
Net flux,GASink,GA -> Sink,100.000000000002,0
Net flux,SERSink,SER -> Sink,99.9999999999996,0
Net flux,GLYSink,GLY -> Sink,100.000000000001,0
Net flux,RUBPSink,RUBP -> Sink,99.9999999999987,0
Net flux,S7PSink,S7P -> Sink,99.9999999999979,0
Net flux,2PGSink,2PG -> Sink,100.000000000002,0
Net flux,ADPGSink,ADPG -> Sink,99.9999999999989,0
Net flux,PEPSink,PEP -> Sink,99.9999999999983,0
Net flux,UDPGSink,UDPG -> Sink,100.000000000001,0
Net flux,ALASink,ALA -> Sink,99.9999999999998,0
Net flux,S6Pout-LL,S6P + 0.1611*GLU + 0.07177*ASP + 0.03247*ALA.c + 0.01019*dummyGLY + 0.03484*dummySER -> Sink,1.61731549112302,0.176312199889931
Net flux,PGP.p,2PG.p -> Glyc.p,2.0631845150235,0.0842478816060736
Net flux,GOX,Glyc.p -> Glyx.p,2.06318451502352,0.0842478816060736
Net flux,GGT,Glyx.p -> GLY.p,2.06318451502351,0.0842478816060736
Net flux,SGAT,SER.p -> HPA.p,0.00470081457897753,0.168204010261368
Net flux,HPR.p,HPA.p -> GA.p,0.00470081457897198,0.168204010261368
Net flux,T_GLY-m net,GLY.p <-> GLY.m,2.04677809289569,4913.558116222
Exch flux,T_GLY-m exch,GLY.p <-> GLY.m,31197.7806247421,5187.20221888549
Net flux,GDC.m,GLY.m + dummy -> myTHF.m + CO2,1.98564861865968,0.180615050974201
Net flux,T_SER-m net,SER.p <-> SER.m,-1.98564861865952,0.180615050974201
Exch flux,T_SER-m exch,SER.p <-> SER.m,2192.25764964138,4988.95616775003
Net flux,mSHMT,GLY.m + myTHF.m -> SER.m,1.98564861865968,0.180615050974201
Net flux,T_SER-c net,SER.p <-> SER.c,1.92459524725759,0.338605213573568
Exch flux,T_SER-c exch,SER.p <-> SER.c,1.00000000280431e-07,0.0875456702986681
Net flux,T_Gly-c net,GLY.p <-> GLY.c,-7.40227275590755e-05,4913.5581154991
Exch flux,T_Gly-c exch,GLY.p <-> GLY.c,9.99999998363421e-08,0
Net flux,cSHMT,SER.c -> GLY.c + meTHF.c,1.9245951472576,0.338605213574643
Net flux,FmTHF-reductase net,meTHF.c <-> FmTHF.c,1.9245951472576,0.338605213574643
Exch flux,FmTHF-reductase exch,meTHF.c <-> FmTHF.c,6.12937808576651,5495.53539261856
Net flux,Met-synthase,FmTHF.c + Hcy.c -> Met.c,1.92459514725758,0.338605213574643
Net flux,SAM-synthase,Met.c -> SAM.c,1.92459514725758,0.338605213574643
Net flux,Methylation,SAM.c -> SAH.c + Acceptor.c,1.92459514725758,0.338605213574643
Net flux,hydrolysis,SAH.c -> Hcy.c,1.92459514725757,0.338605213574643
Net flux,G_SER.m,0*SER.m -> SER,1.45227335082154e-05,5239.66801807328
Net flux,G_SER.c,0*SER.c -> SER,1.64512101719083e-07,5315.54451413568
Net flux,G_Gly.m,0*GLY.m -> GLY,0.000106932987705477,4928.06106459784
Net flux,G_Gly.c,0*GLY.c -> GLY,45.6651392137526,8.05474950745529
Net flux,T_GLY-c-m,GLY.c -> GLY.m,1.92451914442285,4913.55812716772
Net flux,G_Glyc,0*Glyc.p -> Glyc,10.7778341980637,1.89986258046651
Net flux,G_Glyx,0*Glyx.p -> Glyx,97.7654025546544,5117.39545300822
Net flux,G_HPA,0*HPA.p -> HPA,9.20281935932168,1.94100369793094
Net flux,(1-G)_Glyc,0*Glyc.x -> Glyc,89.2221658019369,1.89986258046651
Net flux,(1-G)_Glyx,0*Glyx.x -> Glyx,2.23459744534646,5117.39545300822
Net flux,(1-G)_HPA,0*HPA.x -> HPA,90.7971806406782,1.94100369793094
Net flux,GlycSink,Glyc -> Sink,100.000000000001,0
Net flux,GlyxSink,Glyx -> Sink,100.000000000001,0
Net flux,HPASink,HPA -> Sink,99.9999999999998,0
Net flux,SERex,dummySER -> outSER,9.99987022076709e-08,1.86225269612329e-12
Net flux,G_PYR,0*PYR.c -> PYR,38.5017096720086,3.1695361353571
Net flux,(1-G)_PYR,0*PYR.x -> PYR,61.4982903279917,3.1695361353571
Net flux,PYRSink,PYR -> Sink,100,0
Net flux,G_meTHF,0*meTHF.c -> meTHF,99.9999998999999,0
Net flux,G_FmTHF,0*FmTHF.c -> FmTHF,77.9624408421351,5.72592122602257
Net flux,G_Met,0*Met.c -> Met,64.2060514106527,4.51687496314666
Net flux,G_SAM,0*SAM.c -> SAM,60.757942045417,4.95929442330653
Net flux,(1-G)_meTHF,0*meTHF.x -> meTHF,1.0000000116861e-07,0
Net flux,(1-G)_FmTHF,0*FmTHF.x -> FmTHF,22.037559157865,5.72592122602257
Net flux,(1-G)_Met,0*Met.x -> Met,35.7939485893473,4.51687496314666
Net flux,(1-G)_SAM,0*SAM.x -> SAM,39.242057954583,4.95929442330653
Net flux,meTHFSink,meTHF -> Sink,99.9999999999999,0
Net flux,FmTHFSink,FmTHF -> Sink,100,0
Net flux,MetSink,Met -> Sink,100,0
Net flux,SAMsink,SAM -> Sink,100,0
Net flux,Met-protein,Met.c -> Protein,6.51983996113883e-15,0
Net flux,GLY-protein,GLY.c -> Protein,1.98010720886543e-06,4.10754931824507e-14
Net flux,SER-protein,SER.c -> Protein,1.00000002056788e-07,1.28848783103809e-13
Pool,2PG pool,,0,0
Pool,2PG.p pool,,1.77309758059057e-06,5127.52280920088
Pool,2PG.x pool,,1,Inf
Pool,3PGA pool,,0,0
Pool,3PGA.c pool,,9.61557382549531e-05,5093.15028866801
Pool,3PGA.p pool,,3.76019640961525e-06,5114.13971331781
Pool,3PGA.x pool,,1,Inf
Pool,ACA pool,,2.34652105720374e-06,5022.12870205511
Pool,ADPG pool,,0,0
Pool,ADPG.p pool,,9.9999999999999e-08,Inf
Pool,ADPG.x pool,,1,Inf
Pool,AKG pool,,2.91185581090866e-06,4841.00461123093
Pool,ALA pool,,0,0
Pool,ALA.c pool,,0.00837163308866225,0.00252977661920176
Pool,ALA.x pool,,1,Inf
Pool,ASN pool,,7566.0682008978,5158.95486322797
Pool,ASP pool,,1.0668658134831e-06,5011.38256795032
Pool,Acceptor.c pool,,1,Inf
Pool,CIT pool,,4.50662555148622,1.30466729421677
Pool,CO2 pool,,8.6765624726517e-05,4749.4525087872
Pool,CO2.t pool,,1,Inf
Pool,E4P.p pool,,0,0
Pool,EC2 pool,,0,0
Pool,F6P pool,,0,0
Pool,F6P.c pool,,3.82985712623789e-06,5007.01836357486
Pool,F6P.p pool,,3.3536221275678e-06,5237.42737450179
Pool,F6P.x pool,,1,Inf
Pool,FBP pool,,0,0
Pool,FBP.c pool,,3.80892048883155e-06,5379.70364435253
Pool,FBP.p pool,,3.29592172706872e-06,5133.55876047019
Pool,FBP.x pool,,1,Inf
Pool,FmTHF pool,,4.53053096790204,2.28768615053305
Pool,FmTHF.c pool,,1.58229374505985e-06,5042.47585471391
Pool,FmTHF.x pool,,1,Inf
Pool,G6P pool,,0,0
Pool,G6P.c pool,,9.87595046721272e-06,5081.43471354956
Pool,G6P.p pool,,3.69057375846714e-06,4968.37821322506
Pool,G6P.x pool,,1,Inf
Pool,GA pool,,0,0
Pool,GA.p pool,,2.13400145669226e-07,4747.86741534187
Pool,GA.x pool,,1,Inf
Pool,GLN pool,,8.83867754959599,5039.63331753807
Pool,GLU pool,,2.91194246996118e-06,5158.32523938719
Pool,GLY pool,,0,0
Pool,GLY.c pool,,0.0409198987550547,0.0463173946325381
Pool,GLY.m pool,,0.00961593173604381,5119.71987195968
Pool,GLY.p pool,,0.000410047188392557,5162.61826026265
Pool,GLY.x pool,,1,Inf
Pool,Glyc pool,,9.42087440907567,4.08550908030136
Pool,Glyc.p pool,,2.54660165042633e-06,4887.94741320216
Pool,Glyc.x pool,,1,Inf
Pool,Glyx pool,,1043.98099681664,402.979973282364
Pool,Glyx.p pool,,3.67058070432881e-06,4914.11098892558
Pool,Glyx.x pool,,1,Inf
Pool,HPA pool,,0.000173546360919463,4913.38255435042
Pool,HPA.p pool,,1.98773310994287e-07,4860.78948362706
Pool,HPA.x pool,,1,Inf
Pool,Hcy.c pool,,1,Inf
Pool,ICI pool,,0.00443734135585912,5225.97926857439
Pool,MAL pool,,0.512610195243692,0.197563599546
Pool,Met pool,,0.000490225285117308,5015.90947734516
Pool,Met.c pool,,2.04508529387949e-06,5176.36850842898
Pool,Met.x pool,,1,Inf
Pool,OAA pool,,0.396089366487242,0.0613865209795882
Pool,P5P pool,,0,0
Pool,PEP pool,,0,0
Pool,PEP.c pool,,8.26376548499468e-05,5044.8570706088
Pool,PEP.x pool,,1,Inf
Pool,PRO pool,,5.39499638342375,5069.11529282161
Pool,PYR pool,,0.000329780660198351,4694.20062540409
Pool,PYR.c pool,,0.0306372258130661,0.00722669159916622
Pool,PYR.x pool,,1,Inf
Pool,Protein pool,,1,Inf
Pool,R5P pool,,0,0
Pool,R5P.p pool,,1.3152675450166e-05,5137.35240043075
Pool,R5P.x pool,,1,Inf
Pool,RU5P.p pool,,3.3085672156917e-06,4970.76845539769
Pool,RU5P.x pool,,1,Inf
Pool,RUBP pool,,0,0
Pool,RUBP.p pool,,3.31896616708372e-06,5181.54965895378
Pool,RUBP.x pool,,1,Inf
Pool,S6P pool,,1,Inf
Pool,S7P pool,,0,0
Pool,S7P.p pool,,3.24350177386241e-06,4892.49456503097
Pool,S7P.x pool,,1,Inf
Pool,SAH.c pool,,1,Inf
Pool,SAM pool,,4.079813803009,2.31662274935138
Pool,SAM.c pool,,2.59648484008015e-06,4965.77460308092
Pool,SAM.x pool,,1,Inf
Pool,SBP pool,,0,0
Pool,SER pool,,0,0
Pool,SER.c pool,,1.00000000002876e-07,0
Pool,SER.m pool,,0.526687879034678,0.0442129154598043
Pool,SER.p pool,,0.00193520230779581,5115.1557044556
Pool,SER.x pool,,1,Inf
Pool,Sink pool,,1,Inf
Pool,Starch pool,,1,Inf
Pool,THR pool,,3886.44477750062,4873.3594253339
Pool,TP pool,,0,0
Pool,TP.c pool,,4.1669189868588e-06,4906.98155170897
Pool,TP.p pool,,3.86060325239484e-06,5325.88840437528
Pool,TP.x pool,,1,Inf
Pool,UDPG pool,,0,0
Pool,UDPG.c pool,,5226.34759920336,4859.96358211337
Pool,UDPG.x pool,,1,Inf
Pool,X5P.p pool,,3.386641727948e-06,4647.3575479961
Pool,dummy pool,,1,Inf
Pool,dummyGLY pool,,1,Inf
Pool,dummySER pool,,1,Inf
Pool,meTHF pool,,1.00000000002876e-07,0
Pool,meTHF.c pool,,1.47518638144114e-06,4915.27784982092
Pool,meTHF.x pool,,1,Inf
Pool,myTHF.m pool,,1.00000000002876e-07,0
Pool,outSER pool,,1,Inf
Norm,Experiment2 Glyc205 #1 norm,,1.03686409917337,0.0373859408578684
Norm,Experiment2 Glyc205 #2 norm,,0.970766201537439,0.0153739824228815
Norm,Experiment2 Glyc205 #3 norm,,0.992269990175873,0.0218697886863547
Norm,Experiment2 Glyc205 #4 norm,,0.9927591235997,0.0220055650731129
Norm,Experiment2 Glyc205 #5 norm,,1.05803193440843,0.0254098696697032
Norm,Experiment2 Glyc205 #6 norm,,0.985414852574867,0.0257248073697162
Norm,Experiment2 Glyc205 #7 norm,,0.998995450310966,0.0355861961845433
Norm,Experiment2 Glyc205 #8 norm,,0.951332612932932,0.120220076012581
Norm,Experiment2 Glyx160 #1 norm,,1.00508665697614,0.011547046126698
Norm,Experiment2 Glyx160 #2 norm,,0.951701937631655,0.0110500337743823
Norm,Experiment2 Glyx160 #3 norm,,1.00718521507654,0.0125707726216266
Norm,Experiment2 Glyx160 #4 norm,,0.984231288401033,0.0166633999486595
Norm,Experiment2 Glyx160 #5 norm,,1.00389355372784,0.01492328613705
Norm,Experiment2 Glyx160 #6 norm,,0.99394229059127,0.020802976242394
Norm,Experiment2 Glyx160 #7 norm,,0.992142710316479,0.0301939472277287
Norm,Experiment2 Glyx160 #8 norm,,0.949328754026575,0.129032700534476
Norm,Experiment2 GLY276 #1 norm,,0.999112420796502,0.0106846291997998
Norm,Experiment2 GLY276 #2 norm,,0.983006578766972,0.0229524418693053
Norm,Experiment2 GLY276 #3 norm,,0.995883684923395,0.0198785019477701
Norm,Experiment2 GLY276 #4 norm,,1.02968966227041,0.0201668392977961
Norm,Experiment2 GLY276 #5 norm,,0.964357906664108,0.0382788840040388
Norm,Experiment2 GLY276 #6 norm,,0.944086469417955,0.0810452145254398
Norm,Experiment2 GLY276 #7 norm,,0.999078646405223,0.178209399003492
Norm,Experiment2 GLY276 #8 norm,,1.0027271472541,0.146596423833216
Norm,Experiment2 HPA262 #1 norm,,1.00294260200103,0.0204786046913557
Norm,Experiment2 HPA262 #2 norm,,0.980739846232999,0.0245603909765085
Norm,Experiment2 HPA262 #3 norm,,1.00301355304176,0.0253662409477428
Norm,Experiment2 HPA262 #4 norm,,0.932055283415101,0.0288082029317159
Norm,Experiment2 HPA262 #5 norm,,0.997276325984758,0.0228489393238095
Norm,Experiment2 HPA262 #6 norm,,0.978772063103512,0.0285549190443554
Norm,Experiment2 HPA262 #7 norm,,0.974984497629315,0.023672766947466
Norm,Experiment2 HPA262 #8 norm,,0.993133508467197,0.0394471301746239
Norm,Experiment2 GA307 #1 norm,,1.00251562926325,0.0110737145235653
Norm,Experiment2 GA307 #2 norm,,0.899672964936974,0.0289381251306124
Norm,Experiment2 GA307 #3 norm,,0.859550493007688,0.020608361177827
Norm,Experiment2 GA307 #4 norm,,0.946601596510353,0.0255337845317812
Norm,Experiment2 GA307 #5 norm,,0.984833547665338,0.0723219337939041
Norm,Experiment2 GA307 #6 norm,,0.806797282297115,0.118842960313187
Norm,Experiment2 GA307 #7 norm,,0.927589678719223,0.0687703187452395
Norm,Experiment2 GA307 #8 norm,,0.849402794156494,0.144374505190229
Norm,Experiment2 SER306 #1 norm,,1.01244097187538,0.0127274782027279
Norm,Experiment2 SER306 #2 norm,,0.948769120372336,0.0337486877995349
Norm,Experiment2 SER306 #3 norm,,1.01237455639405,0.0206279674241597
Norm,Experiment2 SER306 #4 norm,,1.04547082725983,0.0267682679436476
Norm,Experiment2 SER306 #5 norm,,0.978921893867407,0.0566190084461843
Norm,Experiment2 SER306 #6 norm,,0.986771444229557,0.10511231875857
Norm,Experiment2 SER306 #7 norm,,1.08127118220507,0.103715051126785
Norm,Experiment2 SER306 #8 norm,,1.00976253000385,0.110038832200711
Norm,Experiment2 meTHF #1 norm,,1.00284649564791,0.010046389758358
Norm,Experiment2 meTHF #2 norm,,0.9578733341164,0.013976063351349
Norm,Experiment2 meTHF #3 norm,,1.03928354446819,0.0279235576741332
Norm,Experiment2 meTHF #4 norm,,1.00856635301119,0.0271850765403314
Norm,Experiment2 meTHF #5 norm,,1.06949324669567,0.102615780848432
Norm,Experiment2 meTHF #6 norm,,1.00927018395061,0.12305345813955
Norm,Experiment2 meTHF #7 norm,,1.00120057820277,0.151851708901459
Norm,Experiment2 meTHF #8 norm,,1.02891989136404,0.0786048240567676
Norm,Experiment2 FmTHF #1 norm,,0.985502155255527,0.00993338045910046
Norm,Experiment2 FmTHF #2 norm,,0.994006030843363,0.0117786090621197
Norm,Experiment2 FmTHF #3 norm,,1.0278530696169,0.0105107964186126
Norm,Experiment2 FmTHF #4 norm,,1.01728635023476,0.0224028359303231
Norm,Experiment2 FmTHF #5 norm,,0.967041993682264,0.0368567669310572
Norm,Experiment2 FmTHF #6 norm,,0.958860228096247,0.0639990897872773
Norm,Experiment2 FmTHF #7 norm,,0.977094738079581,0.109898425445721
Norm,Experiment2 FmTHF #8 norm,,0.98572853186311,0.0665679885946334
Norm,Experiment2 Met176 #1 norm,,0.961386421127516,0.0229944279882333
Norm,Experiment2 Met176 #2 norm,,0.923466822260703,0.0344261162461431
Norm,Experiment2 Met176 #3 norm,,0.948018765560894,0.0332829330657944
Norm,Experiment2 Met176 #4 norm,,0.937774365807963,0.0765268632145201
Norm,Experiment2 Met176 #5 norm,,0.984037848773827,0.0707379377674657
Norm,Experiment2 Met176 #6 norm,,0.996342180368938,0.0332778503276643
Norm,Experiment2 Met176 #7 norm,,1.0359170647721,0.0611059391172164
Norm,Experiment2 Met176 #8 norm,,1.01473140798698,0.14579716516653
Norm,Experiment2 SAM #1 norm,,0.981741057407374,0.0138255292651564
Norm,Experiment2 SAM #2 norm,,0.97598102303724,0.0219442742730917
Norm,Experiment2 SAM #3 norm,,0.976044123537474,0.0319587231278414
Norm,Experiment2 SAM #4 norm,,0.915758696200056,0.0447775137985118
Norm,Experiment2 SAM #5 norm,,1.00686882575826,0.0255405718504857
Norm,Experiment2 SAM #6 norm,,1.01570340073197,0.0556599673944468
Norm,Experiment2 SAM #7 norm,,1.01706436360679,0.0840322088987734
Norm,Experiment2 SAM #8 norm,,0.99873206958123,0.069134336285992
Norm,Experiment2 CIT465 #1 norm,,0.974390577015554,0.0125243773174333
Norm,Experiment2 CIT465 #2 norm,,0.977084456207705,0.0103710114585513
Norm,Experiment2 CIT465 #3 norm,,1.04905765704975,0.0136854184592058
Norm,Experiment2 CIT465 #4 norm,,0.968139755866225,0.0129077862343957
Norm,Experiment2 CIT465 #5 norm,,0.976647013876313,0.0151281498838733
Norm,Experiment2 CIT465 #6 norm,,0.981227358448856,0.0113295736353648
Norm,Experiment2 CIT465 #7 norm,,0.977812889083948,0.0145487807528416
Norm,Experiment2 CIT465 #8 norm,,1.02257174184183,0.0198062927201632
Norm,Experiment2 MAL335 #1 norm,,0.980660618793128,0.011586317285145
Norm,Experiment2 MAL335 #2 norm,,0.973545177747173,0.0133266353495382
Norm,Experiment2 MAL335 #3 norm,,0.996499073579947,0.0130168879092549
Norm,Experiment2 MAL335 #4 norm,,0.998940957788376,0.011910137244378
Norm,Experiment2 MAL335 #5 norm,,0.968620383196295,0.0147071424618774
Norm,Experiment2 MAL335 #6 norm,,0.95866526336729,0.0142844775481652
Norm,Experiment2 MAL335 #7 norm,,1.00987220295976,0.020841629066267
Norm,Experiment2 MAL335 #8 norm,,1.00396806856515,0.0416417326731842
Norm,Experiment2 ASP334 #1 norm,,0.991659403599374,0.0159376305586306
Norm,Experiment2 ASP334 #2 norm,,0.927678042182504,0.021483741526627
Norm,Experiment2 ASP334 #3 norm,,0.987174380521518,0.017249713789024
Norm,Experiment2 ASP334 #4 norm,,0.940601048245866,0.0198014430286917
Norm,Experiment2 ASP334 #5 norm,,0.949989323517005,0.021765400319506
Norm,Experiment2 ASP334 #6 norm,,0.932279860275378,0.051546482691152
Norm,Experiment2 ASP334 #7 norm,,0.940968455923294,0.0568086527675413
Norm,Experiment2 ASP334 #8 norm,,0.933777726848138,0.0352189711635752
Norm,Experiment2 GLU348 #1 norm,,1.04915874001299,0.0124491283930534
Norm,Experiment2 GLU348 #2 norm,,1.00996777646796,0.012700522739695
Norm,Experiment2 GLU348 #3 norm,,1.01628276268865,0.0121964333822721
Norm,Experiment2 GLU348 #4 norm,,0.974743148648238,0.0151541977224491
Norm,Experiment2 GLU348 #5 norm,,1.02508008968623,0.0310958050990244
Norm,Experiment2 GLU348 #6 norm,,1.02297617967973,0.0159856157339917
Norm,Experiment2 GLU348 #7 norm,,0.947626191139035,0.0226703163046317
Norm,Experiment2 GLU348 #8 norm,,0.868217390890468,0.0479953754995403
Norm,Experiment2 THR320 #1 norm,,1.04111528440525,0.0107781964887491
Norm,Experiment2 THR320 #2 norm,,1.01699784411125,0.0121443948568188
Norm,Experiment2 THR320 #3 norm,,1.04910676576125,0.0106335542038517
Norm,Experiment2 THR320 #4 norm,,0.990562299512375,0.010862422382816
Norm,Experiment2 THR320 #5 norm,,0.956655875361334,0.0201130615166333
Norm,Experiment2 THR320 #6 norm,,0.969531434575303,0.0105710952855788
Norm,Experiment2 THR320 #7 norm,,0.967479527789426,0.0134710449697399
Norm,Experiment2 THR320 #8 norm,,1.00480815105765,0.0388475166361494
Norm,Experiment2 ALA116 #1 norm,,0.992436389680126,0.0100729132216746
Norm,Experiment2 ALA116 #2 norm,,0.999622370784581,0.0100630261419187
Norm,Experiment2 ALA116 #3 norm,,1.02025346365022,0.011154522130481
Norm,Experiment2 ALA116 #4 norm,,0.998546923098516,0.0251586790690879
Norm,Experiment2 ALA116 #5 norm,,1.03884758950601,0.0790270031105748
Norm,Experiment2 ALA116 #6 norm,,1.00626802557009,0.0711428030658201
Norm,Experiment2 ALA116 #7 norm,,1.00553402762776,0.0693305780568385
Norm,Experiment2 ALA116 #8 norm,,0.984870838224743,0.226930880456469
Norm,Experiment2 PYR #1 norm,,0.972866857751833,0.0124229789738117
Norm,Experiment2 PYR #2 norm,,0.91573993176789,0.0478519703826506
Norm,Experiment2 PYR #3 norm,,0.903831178578546,0.0557429539471633
Norm,Experiment2 PYR #4 norm,,1.04092985043455,0.0508818574187537
Norm,Experiment2 PYR #5 norm,,1.20328456865691,0.157034722484469
Norm,Experiment2 PYR #6 norm,,0.955069395830376,0.111888408702006
Norm,Experiment2 PYR #7 norm,,1.03631984590255,0.0759532949968768
Norm,Experiment2 PYR #8 norm,,0.96677516877558,0.118469074514126
