type,id,eqn,val,std
Net flux,CO2.t,CO2.t -> CO2,66.4781194489338,1.52815190318865
Net flux,CO2_sink,dummy -> Sink,66.4781194489337,1.52815190318865
Net flux,RUBICSO_CO2,RUBP.p + CO2 -> 3PGA.p + 3PGA.p + dummy,68.3724203212864,1.53619840112202
Net flux,GAPDH.p net,3PGA.p <-> TP.p,138.819445716581,3.05339567821025
Exch flux,GAPDH.p exch,3PGA.p <-> TP.p,48211.7076395318,2075.37151522578
Net flux,ALD,TP.p + E4P.p -> SBP,23.5456045518799,0.513505865954529
Net flux,SBP,SBP -> S7P.p,23.5456045518799,0.513505865954529
Net flux,FBA.p net,TP.p + TP.p <-> FBP.p,31.1611132463368,0.786891417391063
Exch flux,FBA.p exch,TP.p + TP.p <-> FBP.p,17962.448094254,1761.47911110785
Net flux,PFK.p net,FBP.p <-> F6P.p,31.1611132463399,0.786891417391063
Exch flux,PFK.p exch,FBP.p <-> F6P.p,1.00012016446271e-07,2.87771207965396e-14
Net flux,TK1 net,TP.p + EC2 <-> X5P.p,47.0912091037598,1.02701173190906
Exch flux,TK1 exch,TP.p + EC2 <-> X5P.p,1.0000000116861e-07,0
Net flux,TK2 net,S7P.p <-> R5P.p + EC2,23.5456045518799,0.513505865954529
Exch flux,TK2 exch,S7P.p <-> R5P.p + EC2,37.9787184228811,3495.32190965094
Net flux,TK3 net,F6P.p <-> E4P.p + EC2,23.5456045518795,0.513505865954529
Exch flux,TK3 exch,F6P.p <-> E4P.p + EC2,5382.60176724026,3352.63381496831
Net flux,PPE net,X5P.p <-> RU5P.p,47.0912091037598,1.02701173190906
Exch flux,PPE exch,X5P.p <-> RU5P.p,94.9602799467764,2644.32781118445
Net flux,PPI net,R5P.p <-> RU5P.p,23.5456045518799,0.513505865954529
Exch flux,PPI exch,R5P.p <-> RU5P.p,242.331166173518,2679.67335033192
Net flux,PRK,RU5P.p -> RUBP.p,70.6368136556398,1.54051759787417
Net flux,RUBISCO_O2,RUBP.p -> 3PGA.p + 2PG.p,2.26439333435333,0.0847480080403071
Net flux,GLYdil net,GLY.p <-> GLY.x + dummyGLY,0.0149293831851551,0.00181115914979105
Exch flux,GLYdil exch,GLY.p <-> GLY.x + dummyGLY,1.0000000116861e-07,0
Net flux,SERdil net,SER.p <-> SER.x + dummySER,0.0510489295842049,0.00619299228746881
Exch flux,SERdil exch,SER.p <-> SER.x + dummySER,1.00020223214869e-07,2.3843736977932e-12
Net flux,GK,GA.p -> 3PGA.p,0.434989577289218,0.133672873329287
Net flux,PGI.p net,F6P.p <-> G6P.p,7.61550869445885,0.427137939875818
Exch flux,PGI.p exch,F6P.p <-> G6P.p,1.14109185872547,3340.52321715361
Net flux,PGM.p,G6P.p -> ADPG.p,7.61550869445885,0.427137939875818
Net flux,Starch,ADPG.p -> Starch,7.61550869445883,0.427137939875818
Net flux,FBA.c net,TP.c + TP.c <-> FBP.c,2.93020278412952,0.355477753047769
Exch flux,FBA.c exch,TP.c + TP.c <-> FBP.c,22.0371197794597,2936.73840299908
Net flux,PFK.c net,FBP.c <-> F6P.c,2.93020278412954,0.355477753047769
Exch flux,PFK.c exch,FBP.c <-> F6P.c,8.53954299994896,2936.73840299908
Net flux,PGI.c net,F6P.c <-> G6P.c,1.46510139206478,0.177738876523885
Exch flux,PGI.c exch,F6P.c <-> G6P.c,224.293625904799,2936.73838686326
Net flux,PGM.c net,G6P.c <-> UDPG.c,1.4651013920593,0.177738876523885
Exch flux,PGM.c exch,G6P.c <-> UDPG.c,48478.883789946,2936.73838148466
Net flux,SPS,F6P.c + UDPG.c -> S6P,1.46510139206473,0.177738876523885
Net flux,PGAM.c net,3PGA.c <-> PEP.c,0.624777837632147,0.0757949664705342
Exch flux,PGAM.c exch,3PGA.c <-> PEP.c,0.0474073322664308,2936.73838246277
Net flux,PK.c,PEP.c -> PYR.c,0.283599676461713,0.0344049143285159
Net flux,PDH,PYR.c + dummy -> ACA + CO2,0.236027834261637,0.0286337329953053
Net flux,CS,OAA + ACA -> CIT,0.236027834261633,0.0286337329953053
Net flux,ACO net,CIT <-> ICI,0.236027834261677,0.0286337329953053
Exch flux,ACO exch,CIT <-> ICI,1155.27197236364,2936.73838148466
Net flux,IDH,ICI + dummy -> AKG + CO2,0.236027834261649,0.0286337329953053
Net flux,MDH net,MAL <-> OAA,7.105427357601e-15,0
Exch flux,MDH exch,MAL <-> OAA,0.00362709818057994,0.802063096830336
Net flux,PPC,PEP.c + CO2 -> OAA + dummy,0.341178161169728,0.0413900521741528
Net flux,T_3PGA net,3PGA.p <-> 3PGA.c,0.624777837632124,0.0757949664705342
Exch flux,T_3PGA exch,3PGA.p <-> 3PGA.c,4.75916686970475,2.07882288033159
Net flux,T_DHAP net,TP.p <-> TP.c,5.86040556825909,0.710955506095538
Exch flux,T_DHAP exch,TP.p <-> TP.c,0.803584486463593,5.42112691104133
Net flux,ALT,PYR.c -> ALA.c,0.0475718422003278,0.00577118131985443
Net flux,ASPT,OAA -> ASP,0.105150326908531,0.0127563191641063
Net flux,GLUDH,AKG -> GLU,0.236027834261626,0.0286337329953053
Net flux,PCR net,GLU <-> PRO,-2.48689957516035e-14,0
Exch flux,PCR exch,GLU <-> PRO,1.0000000116861e-07,0
Net flux,GS net,GLU <-> GLN,0,0
Exch flux,GS exch,GLU <-> GLN,1.00042591100191e-07,0
Net flux,TS net,ASP <-> THR,0,0
Exch flux,TS exch,ASP <-> THR,0.0890361322906514,0.0178474443001836
Net flux,AS net,ASP <-> ASN,1.06581410364015e-14,0
Exch flux,AS exch,ASP <-> ASN,1.0000000116861e-07,0
Net flux,G_3PGA.p,0*3PGA.p -> 3PGA,2.46866319741912e-06,4718.86226692953
Net flux,G_3PGA.c,0*3PGA.c -> 3PGA,92.9119081388697,3204.64620780058
Net flux,G_DHAP.p,0*TP.p -> TP,40.6853798422419,4575.17789822014
Net flux,G_DHAP.c,0*TP.c -> TP,51.8471856996948,3152.1568759314
Net flux,G_F6P.p,0*F6P.p -> F6P,48.6686345030748,4806.71116970368
Net flux,G_F6P.c,0*F6P.c -> F6P,36.546576817712,3271.46707653025
Net flux,G_FBP.p,0*FBP.p -> FBP,2.46866150632741e-06,4819.52367562337
Net flux,G_FBP.c,0*FBP.c -> FBP,83.4512310492946,3274.07000031056
Net flux,G_G6P.p,0*G6P.p -> G6P,19.0549768397257,4562.87479854934
Net flux,G_G6P.c,0*G6P.c -> G6P,58.8549499993083,3120.21468635878
Net flux,G_RU5P.p,0*RU5P.p -> P5P,2.4686539212837e-06,4769.92073573526
Net flux,G_X5P.p,0*X5P.p -> P5P,92.8477691489335,3541.41534946717
Net flux,G_R5P.p,0*R5P.p -> R5P,82.2810779884949,3265.08515016671
Net flux,G_GA.p,0*GA.p -> GA,32.3511822426614,4.31281478626904
Net flux,G_SER.p,0*SER.p -> SER,83.3144279891025,3320.54779756656
Net flux,G_GLY.p,0*GLY.p -> GLY,1.00000008274037e-07,1.2638405580219e-12
Net flux,G_RUBP.p,0*RUBP.p -> RUBP,92.5302752673063,3324.03632589104
Net flux,G_S7P.p,0*S7P.p -> S7P,98.4567310636212,3238.94289187588
Net flux,G_2PG.p,0*2PG.p -> 2PG,87.0427532706349,3273.44553900988
Net flux,G_ADPG.p,0*ADPG.p -> ADPG,95.0805622183481,3413.93098459786
Net flux,G_PEP.c,0*PEP.c -> PEP,89.2305410445615,3261.94573312341
Net flux,G_UDPG.c,0*UDPG.c -> UDPG,72.4268033045549,3499.31583046389
Net flux,G_ALA.c,0*ALA.c -> ALA,83.6211822365654,11.5251762720073
Net flux,(1-G)_GA,0*GA.x -> GA,67.6488177573405,4.31281478626904
Net flux,(1-G)_SER,0*SER.x -> SER,16.6855714808878,6.78623467410588
Net flux,(1-G)_GLY,0*GLY.x -> GLY,65.21058342179,6.19073645952363
Net flux,(1-G)_R5P,0*R5P.x -> R5P,17.718922011502,3265.08515016671
Net flux,(1-G)_RUBP,0*RUBP.x -> RUBP,7.46972473269241,3324.03632589104
Net flux,(1-G)_3PGA,0*3PGA.x -> 3PGA,7.08808939246733,3415.37424015009
Net flux,(1-G)_TP,0*TP.x -> TP,7.46743445806384,3297.42932875788
Net flux,(1-G)_F6P,0*F6P.x -> F6P,14.7847886792169,3552.71403998948
Net flux,(1-G)_FBP,0*FBP.x -> FBP,16.5487664820387,3523.55732797421
Net flux,(1-G)_G6P,0*G6P.x -> G6P,22.0900731609643,3338.11190552974
Net flux,(1-G)_RU5P,0*RU5P.x -> P5P,7.15222838241402,3370.44553778124
Net flux,(1-G)_S7P,0*S7P.x -> S7P,1.5432689363768,3238.94289187588
Net flux,(1-G)_2PG,0*2PG.x -> 2PG,12.9572467293675,3273.44553900988
Net flux,(1-G)_ADPG,0*ADPG.x -> ADPG,4.91943778165087,3413.93098459786
Net flux,(1-G)_PEP,0*PEP.x -> PEP,10.7694589554367,3261.94573312341
Net flux,(1-G)_UDPG,0*UDPG.x -> UDPG,27.5731966954463,3499.31583046389
Net flux,(1-G)_ALA,0*ALA.x -> ALA,16.3788177634344,11.5251762720073
Net flux,PGASink,3PGA -> Sink,100,0
Net flux,DHAPSink,TP -> Sink,100.000000000001,0
Net flux,F6PSink,F6P -> Sink,100.000000000004,0
Net flux,FBPSink,FBP -> Sink,99.9999999999948,0
Net flux,G6PSink,G6P -> Sink,99.9999999999983,0
Net flux,P5PSink,P5P -> Sink,100.000000000001,0
Net flux,R5PSink,R5P -> Sink,99.9999999999968,0
Net flux,GASink,GA -> Sink,100.000000000002,0
Net flux,SERSink,SER -> Sink,99.9999999999996,0
Net flux,GLYSink,GLY -> Sink,100.000000000001,0
Net flux,RUBPSink,RUBP -> Sink,99.9999999999987,0
Net flux,S7PSink,S7P -> Sink,99.9999999999979,0
Net flux,2PGSink,2PG -> Sink,100.000000000002,0
Net flux,ADPGSink,ADPG -> Sink,99.9999999999989,0
Net flux,PEPSink,PEP -> Sink,99.9999999999983,0
Net flux,UDPGSink,UDPG -> Sink,100.000000000001,0
Net flux,ALASink,ALA -> Sink,99.9999999999998,0
Net flux,S6Pout-LL,S6P + 0.1611*GLU + 0.07177*ASP + 0.03247*ALA.c + 0.01019*dummyGLY + 0.03484*dummySER -> Sink,1.46510139206476,0.177738876523885
Net flux,PGP.p,2PG.p -> Glyc.p,2.26439333435335,0.0847480080403071
Net flux,GOX,Glyc.p -> Glyx.p,2.26439333435336,0.0847480080403071
Net flux,GGT,Glyx.p -> GLY.p,2.26439333435335,0.0847480080403071
Net flux,SGAT,SER.p -> HPA.p,0.434989577289208,0.133672873329287
Net flux,HPR.p,HPA.p -> GA.p,0.434989577289202,0.133672873329287
Net flux,T_GLY-m net,GLY.p <-> GLY.m,2.15608412145593,3550.53220779969
Exch flux,T_GLY-m exch,GLY.p <-> GLY.m,20364.2260503322,3342.77450399459
Net flux,GDC.m,GLY.m + dummy -> myTHF.m + CO2,1.76342336499938,0.144564068429722
Net flux,T_SER-m net,SER.p <-> SER.m,-1.76342336499931,0.144564068429722
Exch flux,T_SER-m exch,SER.p <-> SER.m,542.181288439067,3927.29658870538
Net flux,mSHMT,GLY.m + myTHF.m -> SER.m,1.76342336499938,0.144564068429722
Net flux,T_SER-c net,SER.p <-> SER.c,1.27738485812596,0.265135151979516
Exch flux,T_SER-c exch,SER.p <-> SER.c,0.0153262974668467,0.188605350103573
Net flux,T_Gly-c net,GLY.p <-> GLY.c,0.0933798297078816,3550.53220674653
Exch flux,T_Gly-c exch,GLY.p <-> GLY.c,5.80238682084122e-05,3550.53220564166
Net flux,cSHMT,SER.c -> GLY.c + meTHF.c,1.27738475812576,0.265135152017366
Net flux,FmTHF-reductase net,meTHF.c <-> FmTHF.c,1.27738475812576,0.265135152017366
Exch flux,FmTHF-reductase exch,meTHF.c <-> FmTHF.c,7.29263105312242,3217.81576562699
Net flux,Met-synthase,FmTHF.c + Hcy.c -> Met.c,1.27738475812574,0.265135152017366
Net flux,SAM-synthase,Met.c -> SAM.c,1.27738475812575,0.265135152017366
Net flux,Methylation,SAM.c -> SAH.c + Acceptor.c,1.27738475812574,0.265135152017366
Net flux,hydrolysis,SAH.c -> Hcy.c,1.27738475812574,0.265135152017366
Net flux,G_SER.m,0*SER.m -> SER,1.0000000116861e-07,0
Net flux,G_SER.c,0*SER.c -> SER,4.30009269081211e-07,3320.54086299014
Net flux,G_Gly.m,0*GLY.m -> GLY,1.0000000116861e-07,1.8345175218209e-13
Net flux,G_Gly.c,0*GLY.c -> GLY,34.7894163782112,6.19073645952362
Net flux,T_GLY-c-m,GLY.c -> GLY.m,1.37076260853846,3550.53221790152
Net flux,G_Glyc,0*Glyc.p -> Glyc,15.3301217305382,3.03713185430283
Net flux,G_Glyx,0*Glyx.p -> Glyx,99.4548205791468,3440.80218606277
Net flux,G_HPA,0*HPA.p -> HPA,6.48286480683656,1.95430461882154
Net flux,(1-G)_Glyc,0*Glyc.x -> Glyc,84.6698782694625,3.03713185430283
Net flux,(1-G)_Glyx,0*Glyx.x -> Glyx,0.545179420854069,3440.80218606277
Net flux,(1-G)_HPA,0*HPA.x -> HPA,93.5171351931633,1.95430461882154
Net flux,GlycSink,Glyc -> Sink,100.000000000001,0
Net flux,GlyxSink,Glyx -> Sink,100.000000000001,0
Net flux,HPASink,HPA -> Sink,99.9999999999998,0
Net flux,SERex,dummySER -> outSER,9.99745464191903e-08,9.34140570982945e-13
Net flux,G_PYR,0*PYR.c -> PYR,35.9715407179044,2.55806372799976
Net flux,(1-G)_PYR,0*PYR.x -> PYR,64.0284592820958,2.55806372799976
Net flux,PYRSink,PYR -> Sink,100,0
Net flux,G_meTHF,0*meTHF.c -> meTHF,93.3067149102901,12.0347008606348
Net flux,G_FmTHF,0*FmTHF.c -> FmTHF,76.8963573171624,10.4804664560878
Net flux,G_Met,0*Met.c -> Met,53.2023598033492,6.03609158091683
Net flux,G_SAM,0*SAM.c -> SAM,61.0498449531104,8.82935422258483
Net flux,(1-G)_meTHF,0*meTHF.x -> meTHF,6.69328508970983,12.0347008606348
Net flux,(1-G)_FmTHF,0*FmTHF.x -> FmTHF,23.1036426828377,10.4804664560878
Net flux,(1-G)_Met,0*Met.x -> Met,46.7976401966509,6.03609158091683
Net flux,(1-G)_SAM,0*SAM.x -> SAM,38.9501550468896,8.82935422258483
Net flux,meTHFSink,meTHF -> Sink,99.9999999999999,0
Net flux,FmTHFSink,FmTHF -> Sink,100,0
Net flux,MetSink,Met -> Sink,100,0
Net flux,SAMsink,SAM -> Sink,100,0
Net flux,Met-protein,Met.c -> Protein,6.51983996113883e-15,0
Net flux,GLY-protein,GLY.c -> Protein,1.97929520773243e-06,6.16390806250636e-14
Net flux,SER-protein,SER.c -> Protein,1.00000206337825e-07,1.27647677756862e-12
Pool,2PG pool,,0,0
Pool,2PG.p pool,,1.71397662127677e-06,3344.2018494398
Pool,2PG.x pool,,1,Inf
Pool,3PGA pool,,0,0
Pool,3PGA.c pool,,0.242940539016885,0.079832001515164
Pool,3PGA.p pool,,3.67335579582625e-06,3443.92749369399
Pool,3PGA.x pool,,1,Inf
Pool,ACA pool,,2.72070878473417e-06,3229.41672639195
Pool,ADPG pool,,0,0
Pool,ADPG.p pool,,9.9999999999999e-08,Inf
Pool,ADPG.x pool,,1,Inf
Pool,AKG pool,,2.71236522159171e-06,3194.08508913414
Pool,ALA pool,,0,0
Pool,ALA.c pool,,0.0155309574818589,0.00409481832411528
Pool,ALA.x pool,,1,Inf
Pool,ASN pool,,7562.1751333114,3383.28996228524
Pool,ASP pool,,3.41172071389959e-07,3357.29040821848
Pool,Acceptor.c pool,,1,Inf
Pool,CIT pool,,22883.7529549255,3289.42972336596
Pool,CO2 pool,,3.46838532022728e-05,3571.32164392953
Pool,CO2.t pool,,1,Inf
Pool,E4P.p pool,,0,0
Pool,EC2 pool,,0,0
Pool,F6P pool,,0,0
Pool,F6P.c pool,,3.82981193540229e-06,3424.06489989381
Pool,F6P.p pool,,3.16008678410695e-06,3471.49429218318
Pool,F6P.x pool,,1,Inf
Pool,FBP pool,,0,0
Pool,FBP.c pool,,3.79263764203967e-06,3424.69116149255
Pool,FBP.p pool,,3.1794231828642e-06,3300.40650350605
Pool,FBP.x pool,,1,Inf
Pool,FmTHF pool,,7.22183925110367,3.2877439683011
Pool,FmTHF.c pool,,2.0283442797572e-06,3331.99459815606
Pool,FmTHF.x pool,,1,Inf
Pool,G6P pool,,0,0
Pool,G6P.c pool,,9.87628691924958e-06,3170.60348190269
Pool,G6P.p pool,,3.66875223061127e-06,3373.61256486016
Pool,G6P.x pool,,1,Inf
Pool,GA pool,,0,0
Pool,GA.p pool,,4.69512077654308e-07,3460.88212868008
Pool,GA.x pool,,1,Inf
Pool,GLN pool,,8.83867754991821,3152.00722818537
Pool,GLU pool,,2.71236750231268e-06,3288.04495143434
Pool,GLY pool,,0,0
Pool,GLY.c pool,,1.00054707793751e-07,3190.78157523388
Pool,GLY.m pool,,0.000845506479346417,3249.27384454295
Pool,GLY.p pool,,0.00742721139926155,3421.21448261141
Pool,GLY.x pool,,1,Inf
Pool,Glyc pool,,17.3208536842615,7.38361973401764
Pool,Glyc.p pool,,2.52094308495237e-06,3122.44181130534
Pool,Glyc.x pool,,1,Inf
Pool,Glyx pool,,1040.6317749428,405.249108775107
Pool,Glyx.p pool,,5.13354996432665e-06,3270.54466902893
Pool,Glyx.x pool,,1,Inf
Pool,HPA pool,,0.000165906534443,3217.92549277869
Pool,HPA.p pool,,4.34730585047894e-07,3312.24130863263
Pool,HPA.x pool,,1,Inf
Pool,Hcy.c pool,,1,Inf
Pool,ICI pool,,0.00370188208066825,3524.12073489069
Pool,MAL pool,,0.0177376750817712,3.90085285641114
Pool,Met pool,,0.000309438823767143,3144.8754083769
Pool,Met.c pool,,1.5642938755784e-06,3427.11421692976
Pool,Met.x pool,,1,Inf
Pool,OAA pool,,0.131143075184432,0.0265789522554747
Pool,P5P pool,,0,0
Pool,PEP pool,,0,0
Pool,PEP.c pool,,1.00000000000002e-07,0
Pool,PEP.x pool,,1,Inf
Pool,PRO pool,,5.39499638374569,3534.32074832375
Pool,PYR pool,,1.00000000058387e-07,0
Pool,PYR.c pool,,0.000860903119050429,0.00136132420930577
Pool,PYR.x pool,,1,Inf
Pool,Protein pool,,1,Inf
Pool,R5P pool,,0,0
Pool,R5P.p pool,,1.11495981640498e-05,3173.71838480526
Pool,R5P.x pool,,1,Inf
Pool,RU5P.p pool,,3.23360824065303e-06,3223.3647075003
Pool,RU5P.x pool,,1,Inf
Pool,RUBP pool,,0,0
Pool,RUBP.p pool,,3.24173884686439e-06,3320.58831015432
Pool,RUBP.x pool,,1,Inf
Pool,S6P pool,,1,Inf
Pool,S7P pool,,0,0
Pool,S7P.p pool,,3.14414803743858e-06,3381.61613248799
Pool,S7P.x pool,,1,Inf
Pool,SAH.c pool,,1,Inf
Pool,SAM pool,,7.21293212720182,3.5036981736934
Pool,SAM.c pool,,2.53123249659212e-06,3281.04326188586
Pool,SAM.x pool,,1,Inf
Pool,SBP pool,,0,0
Pool,SER pool,,0,0
Pool,SER.c pool,,1.00128541992664e-07,3390.33565237215
Pool,SER.m pool,,0.523251186245739,0.0460552933522066
Pool,SER.p pool,,0.00072650688380534,3592.77717095115
Pool,SER.x pool,,1,Inf
Pool,Sink pool,,1,Inf
Pool,Starch pool,,1,Inf
Pool,THR pool,,0.411903466138757,0.143580366347325
Pool,TP pool,,0,0
Pool,TP.c pool,,4.13658510049893e-06,3526.5837310256
Pool,TP.p pool,,3.78426102789399e-06,3386.37452448457
Pool,TP.x pool,,1,Inf
Pool,UDPG pool,,0,0
Pool,UDPG.c pool,,2.79018470958419,60.430244560102
Pool,UDPG.x pool,,1,Inf
Pool,X5P.p pool,,3.31561307178442e-06,3397.25033999422
Pool,dummy pool,,1,Inf
Pool,dummyGLY pool,,1,Inf
Pool,dummySER pool,,1,Inf
Pool,meTHF pool,,0.000769872575574986,3480.17211402535
Pool,meTHF.c pool,,1.98733547847139e-06,3597.77615178365
Pool,meTHF.x pool,,1,Inf
Pool,myTHF.m pool,,1.00864412618857e-07,3296.38529919857
Pool,outSER pool,,1,Inf
Norm,Experiment2 Glyc205 #1 norm,,0.947079338486394,0.0352927512863475
Norm,Experiment2 Glyc205 #2 norm,,0.943503576467779,0.0142564493531991
Norm,Experiment2 Glyc205 #3 norm,,0.968786520542989,0.0209999473070068
Norm,Experiment2 Glyc205 #4 norm,,0.962343325766863,0.0200505834151088
Norm,Experiment2 Glyc205 #5 norm,,1.01545322795521,0.0236719434176975
Norm,Experiment2 Glyc205 #6 norm,,0.992273146053003,0.0246751263357322
Norm,Experiment2 Glyc205 #7 norm,,0.994450852608554,0.0367817880584609
Norm,Experiment2 Glyc205 #8 norm,,0.930711105868973,0.103141766077247
Norm,Experiment2 Glyx160 #1 norm,,1.00812557631818,0.011352029552654
Norm,Experiment2 Glyx160 #2 norm,,0.996048807014663,0.0115988857501058
Norm,Experiment2 Glyx160 #3 norm,,1.02685749716188,0.0129381032966323
Norm,Experiment2 Glyx160 #4 norm,,1.00090469725824,0.0161070633430451
Norm,Experiment2 Glyx160 #5 norm,,1.01057328485964,0.0148176877766379
Norm,Experiment2 Glyx160 #6 norm,,0.972742711460106,0.0202811041663497
Norm,Experiment2 Glyx160 #7 norm,,0.980244991614753,0.0314976866692276
Norm,Experiment2 Glyx160 #8 norm,,0.961329255356323,0.111837215109563
Norm,Experiment2 GLY276 #1 norm,,0.992776234732455,0.0103228857266814
Norm,Experiment2 GLY276 #2 norm,,0.937622455447313,0.0213538507285139
Norm,Experiment2 GLY276 #3 norm,,1.01337080294164,0.0193403723711579
Norm,Experiment2 GLY276 #4 norm,,1.04073293140892,0.0183677292358705
Norm,Experiment2 GLY276 #5 norm,,0.982259907051893,0.0360274706743986
Norm,Experiment2 GLY276 #6 norm,,0.953918333886155,0.0799748432838518
Norm,Experiment2 GLY276 #7 norm,,0.989192625404578,0.125401281270931
Norm,Experiment2 GLY276 #8 norm,,0.998636950211736,0.184551410134886
Norm,Experiment2 HPA262 #1 norm,,0.964875974442723,0.0192706811596112
Norm,Experiment2 HPA262 #2 norm,,0.906219421345915,0.0236322788449027
Norm,Experiment2 HPA262 #3 norm,,0.955750492935976,0.0238508670971059
Norm,Experiment2 HPA262 #4 norm,,0.948072250516449,0.0287623497043283
Norm,Experiment2 HPA262 #5 norm,,0.961789701297953,0.0216775147032202
Norm,Experiment2 HPA262 #6 norm,,0.931605155074469,0.0284145656659739
Norm,Experiment2 HPA262 #7 norm,,0.972616163589798,0.0243995859825105
Norm,Experiment2 HPA262 #8 norm,,0.969979315915069,0.0379860654058847
Norm,Experiment2 GA307 #1 norm,,1.03102842120635,0.0114641122533024
Norm,Experiment2 GA307 #2 norm,,0.885419674688819,0.0280989071909501
Norm,Experiment2 GA307 #3 norm,,0.882211573570796,0.020631087568187
Norm,Experiment2 GA307 #4 norm,,0.985015021981711,0.0255395699686228
Norm,Experiment2 GA307 #5 norm,,0.941914119362731,0.0691614780471659
Norm,Experiment2 GA307 #6 norm,,0.84909117851966,0.082961687355511
Norm,Experiment2 GA307 #7 norm,,0.921151843977882,0.0776566924669378
Norm,Experiment2 GA307 #8 norm,,0.942572237014239,0.147542974678681
Norm,Experiment2 SER306 #1 norm,,0.967103380048098,0.0122802157510312
Norm,Experiment2 SER306 #2 norm,,1.00560131598049,0.0361290148740544
Norm,Experiment2 SER306 #3 norm,,0.999790553751684,0.0201897778924326
Norm,Experiment2 SER306 #4 norm,,1.03410319020887,0.0263687860800394
Norm,Experiment2 SER306 #5 norm,,0.993129252069124,0.0557271079893701
Norm,Experiment2 SER306 #6 norm,,1.01646846389966,0.120170864444827
Norm,Experiment2 SER306 #7 norm,,1.09001962964297,0.105254905257313
Norm,Experiment2 SER306 #8 norm,,1.00207700685989,0.253580431065496
Norm,Experiment2 meTHF #1 norm,,0.985420466545935,0.0100748828922798
Norm,Experiment2 meTHF #2 norm,,1.00222220806813,0.0145339136463458
Norm,Experiment2 meTHF #3 norm,,0.929084970940323,0.0263720444718186
Norm,Experiment2 meTHF #4 norm,,1.05356747218579,0.0281232136942294
Norm,Experiment2 meTHF #5 norm,,0.953300758128174,0.0846234828235707
Norm,Experiment2 meTHF #6 norm,,1.03024235438124,0.143271964337322
Norm,Experiment2 meTHF #7 norm,,1.00590037482047,0.171995459128094
Norm,Experiment2 meTHF #8 norm,,1.01209359474065,0.0750708602689027
Norm,Experiment2 FmTHF #1 norm,,1.00591760453342,0.0100215584995377
Norm,Experiment2 FmTHF #2 norm,,0.997374017782934,0.0115032809973201
Norm,Experiment2 FmTHF #3 norm,,1.01716530305974,0.0102522046261106
Norm,Experiment2 FmTHF #4 norm,,1.05705319697855,0.0236431131362532
Norm,Experiment2 FmTHF #5 norm,,0.948554498053975,0.0398550047025264
Norm,Experiment2 FmTHF #6 norm,,0.985382136925626,0.0677001351072136
Norm,Experiment2 FmTHF #7 norm,,0.981663545653457,0.106397330212666
Norm,Experiment2 FmTHF #8 norm,,0.988598422786596,0.0659450580702438
Norm,Experiment2 Met176 #1 norm,,1.00539470876944,0.0240538286205401
Norm,Experiment2 Met176 #2 norm,,0.944704308385965,0.0382770345382722
Norm,Experiment2 Met176 #3 norm,,0.956662044032877,0.0331450672112421
Norm,Experiment2 Met176 #4 norm,,0.84054807687061,0.0725735472526198
Norm,Experiment2 Met176 #5 norm,,0.98908528859419,0.0701347248397059
Norm,Experiment2 Met176 #6 norm,,1.00423041475354,0.0336667884833904
Norm,Experiment2 Met176 #7 norm,,1.01036349641109,0.0687535902306336
Norm,Experiment2 Met176 #8 norm,,0.993757654733045,0.170772781027449
Norm,Experiment2 SAM #1 norm,,0.965944669353034,0.014133753224052
Norm,Experiment2 SAM #2 norm,,0.997932512620715,0.0226553925614675
Norm,Experiment2 SAM #3 norm,,0.972626749753853,0.0311147807555764
Norm,Experiment2 SAM #4 norm,,1.01805509752202,0.0460110929358238
Norm,Experiment2 SAM #5 norm,,0.990740938040079,0.0254320957721382
Norm,Experiment2 SAM #6 norm,,1.03081091150881,0.0591375947846821
Norm,Experiment2 SAM #7 norm,,0.99894288964765,0.07362929813278
Norm,Experiment2 SAM #8 norm,,1.00014100890658,0.0717936983128356
Norm,Experiment2 CIT465 #1 norm,,1.04099899929393,0.0130655105203903
Norm,Experiment2 CIT465 #2 norm,,1.00563564870915,0.0108398115549182
Norm,Experiment2 CIT465 #3 norm,,0.999479262795071,0.0132763988267559
Norm,Experiment2 CIT465 #4 norm,,0.984156546074454,0.0126762142440424
Norm,Experiment2 CIT465 #5 norm,,0.993361415442996,0.0158987451703124
Norm,Experiment2 CIT465 #6 norm,,1.00704664901288,0.0114534892373208
Norm,Experiment2 CIT465 #7 norm,,0.984216719933663,0.0133324810515474
Norm,Experiment2 CIT465 #8 norm,,1.00136644912665,0.0144107957726806
Norm,Experiment2 MAL335 #1 norm,,1.00613175799924,0.0121547324746788
Norm,Experiment2 MAL335 #2 norm,,0.996995516381922,0.0139269920810874
Norm,Experiment2 MAL335 #3 norm,,1.00141205765649,0.0131676411489523
Norm,Experiment2 MAL335 #4 norm,,0.946660250670708,0.0112498768704626
Norm,Experiment2 MAL335 #5 norm,,0.987160234931681,0.014848253510838
Norm,Experiment2 MAL335 #6 norm,,0.997232380025526,0.0185225033662246
Norm,Experiment2 MAL335 #7 norm,,1.01273695817501,0.0261658701199628
Norm,Experiment2 MAL335 #8 norm,,0.983677429043263,0.0441618986784628
Norm,Experiment2 ASP334 #1 norm,,0.956960761140228,0.0154538598981474
Norm,Experiment2 ASP334 #2 norm,,1.00920629625968,0.0234931261733064
Norm,Experiment2 ASP334 #3 norm,,0.967514304623544,0.0176676480282782
Norm,Experiment2 ASP334 #4 norm,,0.943145449401132,0.0211458549574636
Norm,Experiment2 ASP334 #5 norm,,0.9708265150209,0.0239894270480784
Norm,Experiment2 ASP334 #6 norm,,0.9675316854907,0.059595978571353
Norm,Experiment2 ASP334 #7 norm,,0.978366303353167,0.0590983070244612
Norm,Experiment2 ASP334 #8 norm,,0.973437379869084,0.0333977860185819
Norm,Experiment2 GLU348 #1 norm,,0.98644025925485,0.0116480114434889
Norm,Experiment2 GLU348 #2 norm,,1.00852270067951,0.0125067141291402
Norm,Experiment2 GLU348 #3 norm,,1.00887267177552,0.0119631377678924
Norm,Experiment2 GLU348 #4 norm,,0.99507211617439,0.015285763138865
Norm,Experiment2 GLU348 #5 norm,,0.943098972283447,0.0298860354057677
Norm,Experiment2 GLU348 #6 norm,,0.968381094246581,0.0145621121748246
Norm,Experiment2 GLU348 #7 norm,,0.897237256386009,0.0203067814936531
Norm,Experiment2 GLU348 #8 norm,,0.92763321474118,0.0497233151148687
Norm,Experiment2 THR320 #1 norm,,1.00708717767656,0.0102485168691478
Norm,Experiment2 THR320 #2 norm,,0.99969938784948,0.0116828498888621
Norm,Experiment2 THR320 #3 norm,,0.974402942132348,0.00996934552700836
Norm,Experiment2 THR320 #4 norm,,1.02042477134682,0.0113335382069388
Norm,Experiment2 THR320 #5 norm,,0.992977023619195,0.0201883504653532
Norm,Experiment2 THR320 #6 norm,,1.02147201600962,0.0112905887471093
Norm,Experiment2 THR320 #7 norm,,0.964924357693157,0.0164323917568494
Norm,Experiment2 THR320 #8 norm,,0.996466030266677,0.0441159890125993
Norm,Experiment2 ALA116 #1 norm,,1.00634576972757,0.0100211929109306
Norm,Experiment2 ALA116 #2 norm,,0.983369953622672,0.00982883123225259
Norm,Experiment2 ALA116 #3 norm,,1.00541668813817,0.0110642185629451
Norm,Experiment2 ALA116 #4 norm,,1.04409714358632,0.0262001382770993
Norm,Experiment2 ALA116 #5 norm,,1.02759866546454,0.0729218636782393
Norm,Experiment2 ALA116 #6 norm,,0.986297206649929,0.0855958835520285
Norm,Experiment2 ALA116 #7 norm,,1.03005582905963,0.125320603068766
Norm,Experiment2 ALA116 #8 norm,,0.822285097715312,0.157064288959981
Norm,Experiment2 PYR #1 norm,,1.00231414873727,0.0130648877225196
Norm,Experiment2 PYR #2 norm,,0.972405927186868,0.0544995300368736
Norm,Experiment2 PYR #3 norm,,0.907314442084873,0.0618093050497224
Norm,Experiment2 PYR #4 norm,,1.06052932996204,0.0501142395041295
Norm,Experiment2 PYR #5 norm,,1.03633170060017,0.139099456090474
Norm,Experiment2 PYR #6 norm,,0.990735545581508,0.136880390452852
Norm,Experiment2 PYR #7 norm,,0.987592179948407,0.0740842934487918
Norm,Experiment2 PYR #8 norm,,0.948532999912629,0.116537111587818
