type,id,eqn,val,std
Net flux,CO2.t,CO2.t -> CO2,66.6360170447874,1.5152936410657
Net flux,CO2_sink,dummy -> Sink,66.6360170447873,1.5152936410657
Net flux,RUBICSO_CO2,RUBP.p + CO2 -> 3PGA.p + 3PGA.p + dummy,68.5948313404434,1.52411687621151
Net flux,GAPDH.p net,3PGA.p <-> TP.p,139.132648949628,3.02949836279661
Exch flux,GAPDH.p exch,3PGA.p <-> TP.p,132109.140824437,863.798061660501
Net flux,ALD,TP.p + E4P.p -> SBP,23.5862683410767,0.509392490781707
Net flux,SBP,SBP -> S7P.p,23.5862683410767,0.509392490781707
Net flux,FBA.p net,TP.p + TP.p <-> FBP.p,31.9566343932565,0.777723394375928
Exch flux,FBA.p exch,TP.p + TP.p <-> FBP.p,27424.2870216657,1595.5936962315
Net flux,PFK.p net,FBP.p <-> F6P.p,31.9566343932597,0.777723394375928
Exch flux,PFK.p exch,FBP.p <-> F6P.p,1.00009771131226e-07,3.01325254676169e-13
Net flux,TK1 net,TP.p + EC2 <-> X5P.p,47.1725366821533,1.01878498156341
Exch flux,TK1 exch,TP.p + EC2 <-> X5P.p,9.99999976158961e-08,0
Net flux,TK2 net,S7P.p <-> R5P.p + EC2,23.5862683410766,0.509392490781707
Exch flux,TK2 exch,S7P.p <-> R5P.p + EC2,40.6321092445183,2852.63932920849
Net flux,TK3 net,F6P.p <-> E4P.p + EC2,23.5862683410778,0.509392490781707
Exch flux,TK3 exch,F6P.p <-> E4P.p + EC2,9258.24056414794,5069.75018655305
Net flux,PPE net,X5P.p <-> RU5P.p,47.1725366821533,1.01878498156341
Exch flux,PPE exch,X5P.p <-> RU5P.p,50.5185281727658,5159.02264861353
Net flux,PPI net,R5P.p <-> RU5P.p,23.5862683410767,0.509392490781707
Exch flux,PPI exch,R5P.p <-> RU5P.p,1.00000889347029e-07,5.81141387717382e-13
Net flux,PRK,RU5P.p -> RUBP.p,70.7588050232301,1.52817747233538
Net flux,RUBISCO_O2,RUBP.p -> 3PGA.p + 2PG.p,2.1639736827866,0.0846445997869242
Net flux,GLYdil net,GLY.p <-> GLY.x + dummyGLY,0.0113633151688859,0.00157146887582791
Exch flux,GLYdil exch,GLY.p <-> GLY.x + dummyGLY,1.0000000116861e-07,0
Net flux,SERdil net,SER.p <-> SER.x + dummySER,0.0388552845975312,0.00537340664842947
Exch flux,SERdil exch,SER.p <-> SER.x + dummySER,1.00004911018914e-07,2.34435606832447e-12
Net flux,GK,GA.p -> 3PGA.p,0.25455450160555,0.166847905615313
Net flux,PGI.p net,F6P.p <-> G6P.p,8.37036605218121,0.395654087118199
Exch flux,PGI.p exch,F6P.p <-> G6P.p,1.00036714911766e-07,4257.0206757989
Net flux,PGM.p,G6P.p -> ADPG.p,8.37036605218121,0.395654087118199
Net flux,Starch,ADPG.p -> Starch,8.37036605218119,0.395654087118199
Net flux,FBA.c net,TP.c + TP.c <-> FBP.c,2.23028756993882,0.308433538065898
Exch flux,FBA.c exch,TP.c + TP.c <-> FBP.c,22.6221339917017,4857.98043280728
Net flux,PFK.c net,FBP.c <-> F6P.c,2.23028756993884,0.308433538065898
Exch flux,PFK.c exch,FBP.c <-> F6P.c,7.48005635717754,10.6480104224977
Net flux,PGI.c net,F6P.c <-> G6P.c,1.11514378496946,0.154216769032949
Exch flux,PGI.c exch,F6P.c <-> G6P.c,229.079579314611,5052.53109323338
Net flux,PGM.c net,G6P.c <-> UDPG.c,1.11514378496213,0.154216769032949
Exch flux,PGM.c exch,G6P.c <-> UDPG.c,48481.8654343551,4845.53972141409
Net flux,SPS,F6P.c + UDPG.c -> S6P,1.11514378496938,0.154216769032949
Net flux,PGAM.c net,3PGA.c <-> PEP.c,0.475541915660225,0.0657641989524437
Exch flux,PGAM.c exch,3PGA.c <-> PEP.c,0.773106536654913,4986.15040479134
Net flux,PK.c,PEP.c -> PYR.c,0.215858382457022,0.0298517399673615
Net flux,PDH,PYR.c + dummy -> ACA + CO2,0.179649663758442,0.0248443214777145
Net flux,CS,OAA + ACA -> CIT,0.179649663758438,0.0248443214777145
Net flux,ACO net,CIT <-> ICI,0.179649663758482,0.0248443214777145
Exch flux,ACO exch,CIT <-> ICI,1964.12206183837,1978.70769281685
Net flux,IDH,ICI + dummy -> AKG + CO2,0.179649663758455,0.0248443214777145
Net flux,MDH net,MAL <-> OAA,7.105427357601e-15,0
Exch flux,MDH exch,MAL <-> OAA,0.296902850346562,0.0506640759539615
Net flux,PPC,PEP.c + CO2 -> OAA + dummy,0.259683533206363,0.0359124589899241
Net flux,T_3PGA net,3PGA.p <-> 3PGA.c,0.475541915660202,0.0657641989524437
Exch flux,T_3PGA exch,3PGA.p <-> 3PGA.c,1.0000000116861e-07,0
Net flux,T_DHAP net,TP.p <-> TP.c,4.4605751398777,0.616867076131797
Exch flux,T_DHAP exch,TP.p <-> TP.c,4.45241162781338,2.33280042124402
Net flux,ALT,PYR.c -> ALA.c,0.036208718697922,0.00500741849044892
Net flux,ASPT,OAA -> ASP,0.0800338694473361,0.0110681375112478
Net flux,GLUDH,AKG -> GLU,0.179649663758432,0.0248443214777145
Net flux,PCR net,GLU <-> PRO,-2.48689957516035e-14,0
Exch flux,PCR exch,GLU <-> PRO,1.0000000116861e-07,0
Net flux,GS net,GLU <-> GLN,0,0
Exch flux,GS exch,GLU <-> GLN,1.00042932160704e-07,0
Net flux,TS net,ASP <-> THR,0,0
Exch flux,TS exch,ASP <-> THR,1.0000000116861e-07,0
Net flux,AS net,ASP <-> ASN,1.06581410364015e-14,0
Exch flux,AS exch,ASP <-> ASN,1.0000000116861e-07,0
Net flux,G_3PGA.p,0*3PGA.p -> 3PGA,2.46866315478655e-06,6851.95243655519
Net flux,G_3PGA.c,0*3PGA.c -> 3PGA,92.9119081389947,4257.02065741254
Net flux,G_DHAP.p,0*TP.p -> TP,40.6853798422419,6047.60162151004
Net flux,G_DHAP.c,0*TP.c -> TP,51.8471856996948,4257.02065741254
Net flux,G_F6P.p,0*F6P.p -> F6P,48.6686345030749,6220.89979109247
Net flux,G_F6P.c,0*F6P.c -> F6P,36.546576817712,4257.02065741254
Net flux,G_FBP.p,0*FBP.p -> FBP,2.4686614779057e-06,6331.42624607266
Net flux,G_FBP.c,0*FBP.c -> FBP,83.4512310497654,4257.02065741254
Net flux,G_G6P.p,0*G6P.p -> G6P,19.0549768397257,6362.24785893925
Net flux,G_G6P.c,0*G6P.c -> G6P,58.8549499993083,4257.02065741254
Net flux,G_RU5P.p,0*RU5P.p -> P5P,2.46865388575657e-06,6245.92756067478
Net flux,G_X5P.p,0*X5P.p -> P5P,92.8477691488448,4257.02065741254
Net flux,G_R5P.p,0*R5P.p -> R5P,82.2810779884949,4780.54795543211
Net flux,G_GA.p,0*GA.p -> GA,25.0660841325345,3.62206112759494
Net flux,G_SER.p,0*SER.p -> SER,77.7069003622229,4739.6132330768
Net flux,G_GLY.p,0*GLY.p -> GLY,1.00000008274037e-07,1.09741271529704e-12
Net flux,G_RUBP.p,0*RUBP.p -> RUBP,92.5302752673063,5887.21103520657
Net flux,G_S7P.p,0*S7P.p -> S7P,98.4567310636212,5047.64960616552
Net flux,G_2PG.p,0*2PG.p -> 2PG,87.0427532706349,4637.65386802516
Net flux,G_ADPG.p,0*ADPG.p -> ADPG,95.0805622183481,4628.83269842175
Net flux,G_PEP.c,0*PEP.c -> PEP,89.2305410445615,4625.39841313585
Net flux,G_UDPG.c,0*UDPG.c -> UDPG,72.4268033045549,5035.64087055068
Net flux,G_ALA.c,0*ALA.c -> ALA,99.9999998999998,0
Net flux,(1-G)_GA,0*GA.x -> GA,74.9339158674675,3.62206112759494
Net flux,(1-G)_SER,0*SER.x -> SER,22.293097110485,4.76362506991403
Net flux,(1-G)_GLY,0*GLY.x -> GLY,51.4567440891476,5.31647389555959
Net flux,(1-G)_R5P,0*R5P.x -> R5P,17.718922011502,4780.54795543211
Net flux,(1-G)_RUBP,0*RUBP.x -> RUBP,7.46972473269241,5887.21103520657
Net flux,(1-G)_3PGA,0*3PGA.x -> 3PGA,7.08808939234245,5369.08067691085
Net flux,(1-G)_TP,0*TP.x -> TP,7.46743445806384,4295.49304444248
Net flux,(1-G)_F6P,0*F6P.x -> F6P,14.7847886792169,4536.22853625974
Net flux,(1-G)_FBP,0*FBP.x -> FBP,16.5487664815679,4686.65482319965
Net flux,(1-G)_G6P,0*G6P.x -> G6P,22.0900731609643,4728.21033171536
Net flux,(1-G)_RU5P,0*RU5P.x -> P5P,7.15222838250273,4570.49080685649
Net flux,(1-G)_S7P,0*S7P.x -> S7P,1.5432689363768,5047.64960616552
Net flux,(1-G)_2PG,0*2PG.x -> 2PG,12.9572467293675,4637.65386802516
Net flux,(1-G)_ADPG,0*ADPG.x -> ADPG,4.91943778165087,4628.83269842175
Net flux,(1-G)_PEP,0*PEP.x -> PEP,10.7694589554367,4625.39841313585
Net flux,(1-G)_UDPG,0*UDPG.x -> UDPG,27.5731966954463,5035.64087055068
Net flux,(1-G)_ALA,0*ALA.x -> ALA,1.0000000116861e-07,0
Net flux,PGASink,3PGA -> Sink,100,0
Net flux,DHAPSink,TP -> Sink,100.000000000001,0
Net flux,F6PSink,F6P -> Sink,100.000000000004,0
Net flux,FBPSink,FBP -> Sink,99.9999999999948,0
Net flux,G6PSink,G6P -> Sink,99.9999999999983,0
Net flux,P5PSink,P5P -> Sink,100.000000000001,0
Net flux,R5PSink,R5P -> Sink,99.9999999999968,0
Net flux,GASink,GA -> Sink,100.000000000002,0
Net flux,SERSink,SER -> Sink,99.9999999999996,0
Net flux,GLYSink,GLY -> Sink,100.000000000001,0
Net flux,RUBPSink,RUBP -> Sink,99.9999999999987,0
Net flux,S7PSink,S7P -> Sink,99.9999999999979,0
Net flux,2PGSink,2PG -> Sink,100.000000000002,0
Net flux,ADPGSink,ADPG -> Sink,99.9999999999989,0
Net flux,PEPSink,PEP -> Sink,99.9999999999983,0
Net flux,UDPGSink,UDPG -> Sink,100.000000000001,0
Net flux,ALASink,ALA -> Sink,99.9999999999998,0
Net flux,S6Pout-LL,S6P + 0.1611*GLU + 0.07177*ASP + 0.03247*ALA.c + 0.01019*dummyGLY + 0.03484*dummySER -> Sink,1.11514378496942,0.154216769032949
Net flux,PGP.p,2PG.p -> Glyc.p,2.16397368278662,0.0846445997869242
Net flux,GOX,Glyc.p -> Glyx.p,2.16397368278663,0.0846445997869242
Net flux,GGT,Glyx.p -> GLY.p,2.16397368278662,0.0846445997869242
Net flux,SGAT,SER.p -> HPA.p,0.254554501605539,0.166847905615313
Net flux,HPR.p,HPA.p -> GA.p,0.254554501605534,0.166847905615313
Net flux,T_GLY-m net,GLY.p <-> GLY.m,2.07794613441729,5114.60642122862
Exch flux,T_GLY-m exch,GLY.p <-> GLY.m,32043.8420694653,4723.18130742954
Net flux,GDC.m,GLY.m + dummy -> myTHF.m + CO2,1.85919850134486,0.177185438742265
Net flux,T_SER-m net,SER.p <-> SER.m,-1.85919850134496,0.177185438742265
Exch flux,T_SER-m exch,SER.p <-> SER.m,2631.05415166745,4651.71983615289
Net flux,mSHMT,GLY.m + myTHF.m -> SER.m,1.85919850134486,0.177185438742265
Net flux,T_SER-c net,SER.p <-> SER.c,1.56578871514178,0.333408516601295
Exch flux,T_SER-c exch,SER.p <-> SER.c,9.9994235114309e-08,1.54906290651995e-13
Net flux,T_Gly-c net,GLY.p <-> GLY.c,0.0746642331973071,5114.60642081034
Exch flux,T_Gly-c exch,GLY.p <-> GLY.c,5.69286565186289e-05,5114.60583719035
Net flux,cSHMT,SER.c -> GLY.c + meTHF.c,1.56578861513802,0.333408516611952
Net flux,FmTHF-reductase net,meTHF.c <-> FmTHF.c,1.56578861513802,0.333408516611952
Exch flux,FmTHF-reductase exch,meTHF.c <-> FmTHF.c,7.77923492353356,4840.25807057051
Net flux,Met-synthase,FmTHF.c + Hcy.c -> Met.c,1.565788615138,0.333408516611952
Net flux,SAM-synthase,Met.c -> SAM.c,1.56578861513801,0.333408516611952
Net flux,Methylation,SAM.c -> SAH.c + Acceptor.c,1.565788615138,0.333408516611952
Net flux,hydrolysis,SAH.c -> Hcy.c,1.565788615138,0.333408516611952
Net flux,G_SER.m,0*SER.m -> SER,1.0000000116861e-07,0
Net flux,G_SER.c,0*SER.c -> SER,2.42729168320466e-06,4739.61083914973
Net flux,G_Gly.m,0*GLY.m -> GLY,1.0000000116861e-07,1.16736157983975e-13
Net flux,G_Gly.c,0*GLY.c -> GLY,48.5432557108537,5.31647389555959
Net flux,T_GLY-c-m,GLY.c -> GLY.m,1.64045086826932,5114.60646249894
Net flux,G_Glyc,0*Glyc.p -> Glyc,7.31271125183967,1.17775417589553
Net flux,G_Glyx,0*Glyx.p -> Glyx,99.9342524986893,4827.28622843521
Net flux,G_HPA,0*HPA.p -> HPA,8.72968947818931,1.93233182866556
Net flux,(1-G)_Glyc,0*Glyc.x -> Glyc,92.687288748161,1.17775417589553
Net flux,(1-G)_Glyx,0*Glyx.x -> Glyx,0.0657475013115985,4827.28622843521
Net flux,(1-G)_HPA,0*HPA.x -> HPA,91.2703105218106,1.93233182866556
Net flux,GlycSink,Glyc -> Sink,100.000000000001,0
Net flux,GlyxSink,Glyx -> Sink,100.000000000001,0
Net flux,HPASink,HPA -> Sink,99.9999999999998,0
Net flux,SERex,dummySER -> outSER,9.99583495975287e-08,5.27068025236904e-12
Net flux,G_PYR,0*PYR.c -> PYR,32.192109243443,2.88918919939717
Net flux,(1-G)_PYR,0*PYR.x -> PYR,67.8078907565573,2.88918919939717
Net flux,PYRSink,PYR -> Sink,100,0
Net flux,G_meTHF,0*meTHF.c -> meTHF,99.9999998999999,0
Net flux,G_FmTHF,0*FmTHF.c -> FmTHF,82.034003537189,5.41323211813159
Net flux,G_Met,0*Met.c -> Met,61.3119287950879,4.46118460979378
Net flux,G_SAM,0*SAM.c -> SAM,59.0167493489181,4.85599276019363
Net flux,(1-G)_meTHF,0*meTHF.x -> meTHF,1.0000000116861e-07,0
Net flux,(1-G)_FmTHF,0*FmTHF.x -> FmTHF,17.9659964628111,5.41323211813159
Net flux,(1-G)_Met,0*Met.x -> Met,38.6880712049121,4.46118460979378
Net flux,(1-G)_SAM,0*SAM.x -> SAM,40.9832506510819,4.85599276019363
Net flux,meTHFSink,meTHF -> Sink,99.9999999999999,0
Net flux,FmTHFSink,FmTHF -> Sink,100,0
Net flux,MetSink,Met -> Sink,100,0
Net flux,SAMsink,SAM -> Sink,100,0
Net flux,Met-protein,Met.c -> Protein,6.51983996113883e-15,0
Net flux,GLY-protein,GLY.c -> Protein,1.98006603824297e-06,2.04495090232199e-13
Net flux,SER-protein,SER.c -> Protein,1.0000376082786e-07,4.03275562282036e-13
Pool,2PG pool,,0,0
Pool,2PG.p pool,,2.57105633023538e-07,5028.91714387493
Pool,2PG.x pool,,1,Inf
Pool,3PGA pool,,0,0
Pool,3PGA.c pool,,0.00304899976832841,0.00610899515682335
Pool,3PGA.p pool,,4.13678324963193e-06,5316.9473946237
Pool,3PGA.x pool,,1,Inf
Pool,ACA pool,,6.70385977072811e-07,4996.18311744067
Pool,ADPG pool,,0,0
Pool,ADPG.p pool,,9.9999999999999e-08,Inf
Pool,ADPG.x pool,,1,Inf
Pool,AKG pool,,4.4884204998143e-07,5166.31955377387
Pool,ALA pool,,0,0
Pool,ALA.c pool,,0.017565740385608,0.0030119180476139
Pool,ALA.x pool,,1,Inf
Pool,ASN pool,,7566.06821604196,4976.91184186045
Pool,ASP pool,,0.00753297705826301,0.00628333327375548
Pool,Acceptor.c pool,,1,Inf
Pool,CIT pool,,5.35662694690053,3.05733421393054
Pool,CO2 pool,,4.93832989409643e-06,5306.71812588586
Pool,CO2.t pool,,1,Inf
Pool,E4P.p pool,,0,0
Pool,EC2 pool,,0,0
Pool,F6P pool,,0,0
Pool,F6P.c pool,,3.83108284827001e-06,5181.47015621837
Pool,F6P.p pool,,1.99124519258991e-06,5175.64355728406
Pool,F6P.x pool,,1,Inf
Pool,FBP pool,,0,0
Pool,FBP.c pool,,3.85014633045405e-06,4821.55146483457
Pool,FBP.p pool,,3.91062606942063e-06,5190.38288016738
Pool,FBP.x pool,,1,Inf
Pool,FmTHF pool,,9.40207225499184,3.97621924183076
Pool,FmTHF.c pool,,3.05693061024477e-07,4918.69262257123
Pool,FmTHF.x pool,,1,Inf
Pool,G6P pool,,0,0
Pool,G6P.c pool,,9.87613226253374e-06,4765.29885951634
Pool,G6P.p pool,,3.87012349858859e-06,4941.24633633268
Pool,G6P.x pool,,1,Inf
Pool,GA pool,,0,0
Pool,GA.p pool,,1e-07,0
Pool,GA.x pool,,1,Inf
Pool,GLN pool,,8.83867754838414,4826.0506952778
Pool,GLU pool,,4.48846104575776e-07,5039.8160434198
Pool,GLY pool,,0,0
Pool,GLY.c pool,,1e-07,0
Pool,GLY.m pool,,9.99999999994061e-08,0
Pool,GLY.p pool,,1.00000000000002e-07,0
Pool,GLY.x pool,,1,Inf
Pool,Glyc pool,,2.45853270235,1.36638719454481
Pool,Glyc.p pool,,2.63921610907779e-07,5198.1826339067
Pool,Glyc.x pool,,1,Inf
Pool,Glyx pool,,959.520205828997,365.396034206195
Pool,Glyx.p pool,,3.05456780970193e-07,4894.71482736269
Pool,Glyx.x pool,,1,Inf
Pool,HPA pool,,5.89178817645813e-05,5145.36904446649
Pool,HPA.p pool,,1e-07,0
Pool,HPA.x pool,,1,Inf
Pool,Hcy.c pool,,1,Inf
Pool,ICI pool,,0.00237895951051872,4982.70550584338
Pool,MAL pool,,0.973838092711252,0.293549804182426
Pool,Met pool,,2.09471169979051e-05,4870.01753756503
Pool,Met.c pool,,2.80815652225731e-07,5017.82463857124
Pool,Met.x pool,,1,Inf
Pool,OAA pool,,0.0830315737751673,0.058241539349354
Pool,P5P pool,,0,0
Pool,PEP pool,,0,0
Pool,PEP.c pool,,1.00000000000002e-07,0
Pool,PEP.x pool,,1,Inf
Pool,PRO pool,,5.39499638221294,5353.74110390021
Pool,PYR pool,,9.99999998363421e-08,0
Pool,PYR.c pool,,0.0064789323682146,0.00336281397969187
Pool,PYR.x pool,,1,Inf
Pool,Protein pool,,1,Inf
Pool,R5P pool,,0,0
Pool,R5P.p pool,,0.0340052613473823,0.063946853558349
Pool,R5P.x pool,,1,Inf
Pool,RU5P.p pool,,3.75764976251045e-06,4758.14323032849
Pool,RU5P.x pool,,1,Inf
Pool,RUBP pool,,0,0
Pool,RUBP.p pool,,3.72272970501798e-06,4699.60346027723
Pool,RUBP.x pool,,1,Inf
Pool,S6P pool,,1,Inf
Pool,S7P pool,,0,0
Pool,S7P.p pool,,4.41266297125433e-06,4941.02584458263
Pool,S7P.x pool,,1,Inf
Pool,SAH.c pool,,1,Inf
Pool,SAM pool,,5.69020093038789,2.84899292019322
Pool,SAM.c pool,,1.67564044639054e-06,5268.00187301466
Pool,SAM.x pool,,1,Inf
Pool,SBP pool,,0,0
Pool,SER pool,,0,0
Pool,SER.c pool,,1.00000000030631e-07,0
Pool,SER.m pool,,0.505700657690159,0.0444304383576048
Pool,SER.p pool,,0.000216073932575322,5333.36746742847
Pool,SER.x pool,,1,Inf
Pool,Sink pool,,1,Inf
Pool,Starch pool,,1,Inf
Pool,THR pool,,3889.72116734024,4953.92758532024
Pool,TP pool,,0,0
Pool,TP.c pool,,4.21796556214169e-06,5072.197323222
Pool,TP.p pool,,4.29288096024725e-06,5028.77657920264
Pool,TP.x pool,,1,Inf
Pool,UDPG pool,,0,0
Pool,UDPG.c pool,,2.66772357673356,1.66794114073533
Pool,UDPG.x pool,,1,Inf
Pool,X5P.p pool,,3.8332656132159e-06,4986.54782883262
Pool,dummy pool,,1,Inf
Pool,dummyGLY pool,,1,Inf
Pool,dummySER pool,,1,Inf
Pool,meTHF pool,,0.799258692489047,1.03084888347081
Pool,meTHF.c pool,,3.13466679473284e-07,4939.09906297125
Pool,meTHF.x pool,,1,Inf
Pool,myTHF.m pool,,0.00800387974082943,5078.82126713535
Pool,outSER pool,,1,Inf
Norm,Experiment2 Glyc205 #1 norm,,0.978538425934593,0.0344887951253339
Norm,Experiment2 Glyc205 #2 norm,,0.978861252823938,0.0174238703459183
Norm,Experiment2 Glyc205 #3 norm,,1.03479313311158,0.0247485630128947
Norm,Experiment2 Glyc205 #4 norm,,0.976508591380966,0.0201372768070473
Norm,Experiment2 Glyc205 #5 norm,,1.05338592807622,0.0257021913205474
Norm,Experiment2 Glyc205 #6 norm,,0.944792325136538,0.0236725016564077
Norm,Experiment2 Glyc205 #7 norm,,0.973272449597132,0.0321059040387301
Norm,Experiment2 Glyc205 #8 norm,,0.822377825410625,0.0958761316235643
Norm,Experiment2 Glyx160 #1 norm,,1.02505319055931,0.0114519795346322
Norm,Experiment2 Glyx160 #2 norm,,0.980344444143093,0.011521241486325
Norm,Experiment2 Glyx160 #3 norm,,0.969530418383494,0.0121505859594229
Norm,Experiment2 Glyx160 #4 norm,,1.02635545367573,0.017328826591195
Norm,Experiment2 Glyx160 #5 norm,,0.996104884003711,0.0146180274806071
Norm,Experiment2 Glyx160 #6 norm,,0.988820842613817,0.0206825071662603
Norm,Experiment2 Glyx160 #7 norm,,1.01783026033552,0.033149139559012
Norm,Experiment2 Glyx160 #8 norm,,0.888915848296469,0.11107008048072
Norm,Experiment2 GLY276 #1 norm,,1.02064835550506,0.0106730135207458
Norm,Experiment2 GLY276 #2 norm,,0.963735207322976,0.355043993858513
Norm,Experiment2 GLY276 #3 norm,,1.00174059857539,0.361905682229193
Norm,Experiment2 GLY276 #4 norm,,1.02926698660539,0.0170053965308887
Norm,Experiment2 GLY276 #5 norm,,0.970683382218293,0.0352626883907673
Norm,Experiment2 GLY276 #6 norm,,0.980972673758424,0.071379565901146
Norm,Experiment2 GLY276 #7 norm,,1.0262272665254,0.121321728217965
Norm,Experiment2 GLY276 #8 norm,,0.983423918807989,0.229494454397424
Norm,Experiment2 HPA262 #1 norm,,1.01481241050276,0.0206949593806996
Norm,Experiment2 HPA262 #2 norm,,0.986456387211025,0.0256322403213631
Norm,Experiment2 HPA262 #3 norm,,0.93313852414127,0.0227733928267131
Norm,Experiment2 HPA262 #4 norm,,0.929874151057275,0.0295293473155383
Norm,Experiment2 HPA262 #5 norm,,0.954654362229824,0.0222805947314325
Norm,Experiment2 HPA262 #6 norm,,0.993559123892134,0.0289020243044696
Norm,Experiment2 HPA262 #7 norm,,0.993718432587253,0.0251514619155638
Norm,Experiment2 HPA262 #8 norm,,0.980069601126327,0.0393503154089762
Norm,Experiment2 GA307 #1 norm,,1.02460827567154,0.0112435198171516
Norm,Experiment2 GA307 #2 norm,,0.859919168015283,0.0285611831757388
Norm,Experiment2 GA307 #3 norm,,0.896987731520687,0.0218329290944821
Norm,Experiment2 GA307 #4 norm,,0.944120400522164,0.0250616383850487
Norm,Experiment2 GA307 #5 norm,,0.924298807159714,0.0761154564605308
Norm,Experiment2 GA307 #6 norm,,0.828877775043241,0.0891521899546899
Norm,Experiment2 GA307 #7 norm,,0.973725684709346,0.0780161560698314
Norm,Experiment2 GA307 #8 norm,,0.873109626018481,0.128876557332596
Norm,Experiment2 SER306 #1 norm,,0.976445094179175,0.0124929686597819
Norm,Experiment2 SER306 #2 norm,,0.986086925179207,0.031901324118707
Norm,Experiment2 SER306 #3 norm,,1.00831868928624,0.0200428015508757
Norm,Experiment2 SER306 #4 norm,,1.03092999521132,0.0253405294972278
Norm,Experiment2 SER306 #5 norm,,0.976990737197581,0.0549064608391188
Norm,Experiment2 SER306 #6 norm,,0.974893746731193,0.113178456414757
Norm,Experiment2 SER306 #7 norm,,1.05770670846018,0.102994894419289
Norm,Experiment2 SER306 #8 norm,,1.01949795430093,0.11412572043383
Norm,Experiment2 meTHF #1 norm,,1.00092358913926,0.00993023066830139
Norm,Experiment2 meTHF #2 norm,,1.00427764196197,0.014349319385039
Norm,Experiment2 meTHF #3 norm,,1.00497044045262,0.0306866638054439
Norm,Experiment2 meTHF #4 norm,,0.996911865578588,0.0303298126751505
Norm,Experiment2 meTHF #5 norm,,1.00127605462174,0.0818491802752931
Norm,Experiment2 meTHF #6 norm,,0.952598344076499,0.163736103282221
Norm,Experiment2 meTHF #7 norm,,1.00634358836091,0.152760728804324
Norm,Experiment2 meTHF #8 norm,,1.00355625784435,0.0617384357515286
Norm,Experiment2 FmTHF #1 norm,,1.01724057140189,0.0102347823002867
Norm,Experiment2 FmTHF #2 norm,,1.01710571100903,0.0118393926364818
Norm,Experiment2 FmTHF #3 norm,,1.00294192255139,0.0102302686303532
Norm,Experiment2 FmTHF #4 norm,,0.993201951729105,0.0209895674680574
Norm,Experiment2 FmTHF #5 norm,,0.958334136445167,0.040771992578679
Norm,Experiment2 FmTHF #6 norm,,1.05130143975388,0.0755839482933418
Norm,Experiment2 FmTHF #7 norm,,1.00181639314238,0.113462899323012
Norm,Experiment2 FmTHF #8 norm,,1.0028527012109,0.0683790690387246
Norm,Experiment2 Met176 #1 norm,,0.968296472192464,0.0236575497421333
Norm,Experiment2 Met176 #2 norm,,0.967283000236276,0.0395204337792075
Norm,Experiment2 Met176 #3 norm,,0.924385870869979,0.0342370060129238
Norm,Experiment2 Met176 #4 norm,,0.778171258102334,0.083494401157419
Norm,Experiment2 Met176 #5 norm,,0.870375994602129,0.0621450314443034
Norm,Experiment2 Met176 #6 norm,,1.01652713170733,0.033570279924128
Norm,Experiment2 Met176 #7 norm,,1.00139331603851,0.0653055514454879
Norm,Experiment2 Met176 #8 norm,,0.999987903863657,0.129887325979499
Norm,Experiment2 SAM #1 norm,,1.00573189625321,0.0149690316466775
Norm,Experiment2 SAM #2 norm,,0.964735444855062,0.0219121704659073
Norm,Experiment2 SAM #3 norm,,0.991203113754846,0.035201285559334
Norm,Experiment2 SAM #4 norm,,1.03656145555373,0.0471675494004979
Norm,Experiment2 SAM #5 norm,,0.991472507334952,0.0250809459748874
Norm,Experiment2 SAM #6 norm,,1.02706173584671,0.0602739642764349
Norm,Experiment2 SAM #7 norm,,1.0053230993282,0.0862077771327452
Norm,Experiment2 SAM #8 norm,,0.999427802319043,0.0743939803508087
Norm,Experiment2 CIT465 #1 norm,,0.956494991519676,0.0118819282107929
Norm,Experiment2 CIT465 #2 norm,,0.965538536924955,0.0103867106347358
Norm,Experiment2 CIT465 #3 norm,,0.980947158717193,0.0130077268625028
Norm,Experiment2 CIT465 #4 norm,,0.991483150718932,0.0128372548889361
Norm,Experiment2 CIT465 #5 norm,,1.00964799609623,0.0161074793963196
Norm,Experiment2 CIT465 #6 norm,,1.01698669238675,0.0116730653622532
Norm,Experiment2 CIT465 #7 norm,,0.978418023437956,0.0155255999901097
Norm,Experiment2 CIT465 #8 norm,,1.00640437490973,0.0224590428471174
Norm,Experiment2 MAL335 #1 norm,,0.995934139694768,0.0121509359262988
Norm,Experiment2 MAL335 #2 norm,,1.05159886863213,0.0148035723190723
Norm,Experiment2 MAL335 #3 norm,,0.963167046195631,0.0127336252152616
Norm,Experiment2 MAL335 #4 norm,,0.974251354688841,0.0114946277296737
Norm,Experiment2 MAL335 #5 norm,,0.939432373956169,0.0140106359519293
Norm,Experiment2 MAL335 #6 norm,,0.990738915838645,0.0162019241485745
Norm,Experiment2 MAL335 #7 norm,,0.96340202344247,0.0212413644010069
Norm,Experiment2 MAL335 #8 norm,,0.981078846807365,0.0396333537381642
Norm,Experiment2 ASP334 #1 norm,,0.986597946264239,0.0160033461063174
Norm,Experiment2 ASP334 #2 norm,,0.940883813356364,0.0229680830415379
Norm,Experiment2 ASP334 #3 norm,,0.962416568995781,0.0168717138816948
Norm,Experiment2 ASP334 #4 norm,,0.975592020908488,0.0217295895359834
Norm,Experiment2 ASP334 #5 norm,,0.921272129100076,0.0245647633296012
Norm,Experiment2 ASP334 #6 norm,,0.986827670577763,0.0588810718489135
Norm,Experiment2 ASP334 #7 norm,,1.00445033238435,0.0617961294323032
Norm,Experiment2 ASP334 #8 norm,,0.979972862503899,0.0365068968826051
Norm,Experiment2 GLU348 #1 norm,,0.971110063069769,0.0113062229297059
Norm,Experiment2 GLU348 #2 norm,,0.987599172430209,0.0120902143074
Norm,Experiment2 GLU348 #3 norm,,0.980358403442706,0.011669621213792
Norm,Experiment2 GLU348 #4 norm,,0.984842374843153,0.015372505157809
Norm,Experiment2 GLU348 #5 norm,,0.942259621584148,0.0295349138761159
Norm,Experiment2 GLU348 #6 norm,,0.976498393573888,0.014790935310699
Norm,Experiment2 GLU348 #7 norm,,0.886084503110874,0.0217242348500565
Norm,Experiment2 GLU348 #8 norm,,0.936520416052324,0.0491278415910726
Norm,Experiment2 THR320 #1 norm,,1.03097170196809,0.0105143424050484
Norm,Experiment2 THR320 #2 norm,,1.05489967649648,0.0123533931472296
Norm,Experiment2 THR320 #3 norm,,0.99100457915432,0.0100094455255155
Norm,Experiment2 THR320 #4 norm,,0.997633714472052,0.0111908178856575
Norm,Experiment2 THR320 #5 norm,,0.975959425212788,0.0202788112187969
Norm,Experiment2 THR320 #6 norm,,1.02937366781505,0.0113053199943182
Norm,Experiment2 THR320 #7 norm,,0.97807406619024,0.0140024215504234
Norm,Experiment2 THR320 #8 norm,,0.952576383222934,0.0355865139309576
Norm,Experiment2 ALA116 #1 norm,,0.979741144282547,0.00960881272159538
Norm,Experiment2 ALA116 #2 norm,,1.00774303304709,0.0101845235829791
Norm,Experiment2 ALA116 #3 norm,,1.00489241857361,0.0115647662684497
Norm,Experiment2 ALA116 #4 norm,,1.04708476825977,0.0283855815189935
Norm,Experiment2 ALA116 #5 norm,,1.00513609920767,0.07627204536335
Norm,Experiment2 ALA116 #6 norm,,0.98222677721715,0.0617682237402072
Norm,Experiment2 ALA116 #7 norm,,1.00354582303054,0.0711241886214026
Norm,Experiment2 ALA116 #8 norm,,0.934029124323851,0.17837787756526
Norm,Experiment2 PYR #1 norm,,0.985767342670752,0.0122515927111295
Norm,Experiment2 PYR #2 norm,,0.920418332383339,0.0641639604515818
Norm,Experiment2 PYR #3 norm,,0.933776146348779,0.0623075169439795
Norm,Experiment2 PYR #4 norm,,1.05223709031266,0.0534706250939902
Norm,Experiment2 PYR #5 norm,,1.02821993067414,0.145403620707279
Norm,Experiment2 PYR #6 norm,,0.929440182354875,0.120772631366305
Norm,Experiment2 PYR #7 norm,,1.00886699975228,0.0839321511006193
Norm,Experiment2 PYR #8 norm,,0.962327235892025,0.116759963964145
