type,id,eqn,val,std
Net flux,CO2.t,CO2.t -> CO2,65.8173557224334,1.52346732973771
Net flux,CO2_sink,dummy -> Sink,65.8173557224334,1.52346732973771
Net flux,RUBICSO_CO2,RUBP.p + CO2 -> 3PGA.p + 3PGA.p + dummy,67.3487356081967,1.5294020176749
Net flux,GAPDH.p net,3PGA.p <-> TP.p,137.088713632562,3.04704006165996
Exch flux,GAPDH.p exch,3PGA.p <-> TP.p,107180.162958469,2503.10424172599
Net flux,ALD,TP.p + E4P.p -> SBP,23.1991411405048,0.511181284799552
Net flux,SBP,SBP -> S7P.p,23.1991411405048,0.511181284799552
Net flux,FBA.p net,TP.p + TP.p <-> FBP.p,30.7376044781122,0.778579767397178
Exch flux,FBA.p exch,TP.p + TP.p <-> FBP.p,6455.26265306232,3424.91787939955
Net flux,PFK.p net,FBP.p <-> F6P.p,30.7376044781117,0.778579767397178
Exch flux,PFK.p exch,FBP.p <-> F6P.p,9.99903875253949e-08,5.93731645654931e-15
Net flux,TK1 net,TP.p + EC2 <-> X5P.p,46.3982822810067,1.0223625695991
Exch flux,TK1 exch,TP.p + EC2 <-> X5P.p,109895.451884096,5307.4918202902
Net flux,TK2 net,S7P.p <-> R5P.p + EC2,23.1991411405048,0.511181284799552
Exch flux,TK2 exch,S7P.p <-> R5P.p + EC2,37.8106269228913,5041.425365756
Net flux,TK3 net,F6P.p <-> E4P.p + EC2,23.1991411405179,0.511181284799552
Exch flux,TK3 exch,F6P.p <-> E4P.p + EC2,90950.0870459886,4733.21474345918
Net flux,PPE net,X5P.p <-> RU5P.p,46.3982822810067,1.0223625695991
Exch flux,PPE exch,X5P.p <-> RU5P.p,109898.691901175,4842.28991101248
Net flux,PPI net,R5P.p <-> RU5P.p,23.1991411405048,0.511181284799552
Exch flux,PPI exch,R5P.p <-> RU5P.p,244.905005721427,5061.32042688237
Net flux,PRK,RU5P.p -> RUBP.p,69.5974234215145,1.53354385443533
Net flux,RUBISCO_O2,RUBP.p -> 3PGA.p + 2PG.p,2.24868781331784,0.084855110283529
Net flux,GLYdil net,GLY.p <-> GLY.x + dummyGLY,0.0153259669966914,0.00158813522422011
Exch flux,GLYdil exch,GLY.p <-> GLY.x + dummyGLY,1.0000000116861e-07,0
Net flux,SERdil net,SER.p <-> SER.x + dummySER,0.0524049896174645,0.0054303947770558
Exch flux,SERdil exch,SER.p <-> SER.x + dummySER,1.00053014762125e-07,1.28245939589907e-12
Net flux,GK,GA.p -> 3PGA.p,0.783929025428559,0.0715148721216427
Net flux,PGI.p net,F6P.p <-> G6P.p,7.53846333760678,0.392484579912272
Exch flux,PGI.p exch,F6P.p <-> G6P.p,9.9996459113072e-08,4951.22903862232
Net flux,PGM.p,G6P.p -> ADPG.p,7.53846333760678,0.392484579912272
Net flux,Starch,ADPG.p -> Starch,7.53846333760676,0.392484579912272
Net flux,FBA.c net,TP.c + TP.c <-> FBP.c,3.00804062741283,0.311704656092699
Exch flux,FBA.c exch,TP.c + TP.c <-> FBP.c,36.4374191688503,5294.77959796281
Net flux,PFK.c net,FBP.c <-> F6P.c,3.00804062741284,0.311704656092699
Exch flux,PFK.c exch,FBP.c <-> F6P.c,44.208670390867,5183.6331129866
Net flux,PGI.c net,F6P.c <-> G6P.c,1.50402031370641,0.15585232804635
Exch flux,PGI.c exch,F6P.c <-> G6P.c,263.318532854397,5094.16016421765
Net flux,PGM.c net,G6P.c <-> UDPG.c,1.50402031370322,0.15585232804635
Exch flux,PGM.c exch,G6P.c <-> UDPG.c,48494.4127549234,5444.42391929798
Net flux,SPS,F6P.c + UDPG.c -> S6P,1.50402031370638,0.15585232804635
Net flux,PGAM.c net,3PGA.c <-> PEP.c,0.641374422577465,0.0664616669224693
Exch flux,PGAM.c exch,3PGA.c <-> PEP.c,7.17002274917792,5305.87610497186
Net flux,PK.c,PEP.c -> PYR.c,0.291133212124045,0.0301683351212982
Net flux,PDH,PYR.c + dummy -> ACA + CO2,0.242297672538558,0.0251078101394272
Net flux,CS,OAA + ACA -> CIT,0.242297672538554,0.0251078101394272
Net flux,ACO net,CIT <-> ICI,0.24229767253928,0.0251078101394272
Exch flux,ACO exch,CIT <-> ICI,11368.1062307548,5640.87105077234
Net flux,IDH,ICI + dummy -> AKG + CO2,0.24229767253857,0.0251078101394272
Net flux,MDH net,MAL <-> OAA,7.105427357601e-15,0
Exch flux,MDH exch,MAL <-> OAA,0.338508511872362,0.0576208062755417
Net flux,PPC,PEP.c + CO2 -> OAA + dummy,0.350241210452487,0.0362933317582239
Net flux,T_3PGA net,3PGA.p <-> 3PGA.c,0.641374422577442,0.0664616669224693
Exch flux,T_3PGA exch,3PGA.p <-> 3PGA.c,1.0000000116861e-07,0
Net flux,T_DHAP net,TP.p <-> TP.c,6.0160812548257,0.623409312185399
Exch flux,T_DHAP exch,TP.p <-> TP.c,3.63068784550879,1.58968431862684
Net flux,ALT,PYR.c -> ALA.c,0.0488355395860235,0.00506052508650733
Net flux,ASPT,OAA -> ASP,0.107943537914738,0.0111855216082303
Net flux,GLUDH,AKG -> GLU,0.242297672538547,0.0251078101394272
Net flux,PCR net,GLU <-> PRO,-2.48689957516035e-14,0
Exch flux,PCR exch,GLU <-> PRO,1.0000000116861e-07,1.00112567635411e-14
Net flux,GS net,GLU <-> GLN,0,0
Exch flux,GS exch,GLU <-> GLN,1.00041930295447e-07,1.98440002649756e-13
Net flux,TS net,ASP <-> THR,0,0
Exch flux,TS exch,ASP <-> THR,1.0000000116861e-07,0
Net flux,AS net,ASP <-> ASN,1.06581410364015e-14,0
Exch flux,AS exch,ASP <-> ASN,1.0000000116861e-07,0
Net flux,G_3PGA.p,0*3PGA.p -> 3PGA,2.46866311925942e-06,6926.10394053709
Net flux,G_3PGA.c,0*3PGA.c -> 3PGA,92.9119081399998,4943.80491881783
Net flux,G_DHAP.p,0*TP.p -> TP,40.6853798422419,8388.16163527819
Net flux,G_DHAP.c,0*TP.c -> TP,51.8471856996948,6147.22984914116
Net flux,G_F6P.p,0*F6P.p -> F6P,48.6686345030749,7476.50422131462
Net flux,G_F6P.c,0*F6P.c -> F6P,36.546576817712,4926.66684904115
Net flux,G_FBP.p,0*FBP.p -> FBP,2.46866143527313e-06,7168.10028442637
Net flux,G_FBP.c,0*FBP.c -> FBP,83.4512310519541,4907.25125605208
Net flux,G_G6P.p,0*G6P.p -> G6P,19.0549768397257,7637.54829570425
Net flux,G_G6P.c,0*G6P.c -> G6P,58.8549499993083,5267.00315155016
Net flux,G_RU5P.p,0*RU5P.p -> P5P,2.46865385733486e-06,7477.96382850438
Net flux,G_X5P.p,0*X5P.p -> P5P,92.8477691486768,5489.61871569895
Net flux,G_R5P.p,0*R5P.p -> R5P,82.2810779884949,5619.01987424609
Net flux,G_GA.p,0*GA.p -> GA,37.527234386799,4.04323626990711
Net flux,G_SER.p,0*SER.p -> SER,71.2227467117549,4780.29911959824
Net flux,G_GLY.p,0*GLY.p -> GLY,5.03570703153877,4897.0404648843
Net flux,G_RUBP.p,0*RUBP.p -> RUBP,92.5302752673063,6105.59152748924
Net flux,G_S7P.p,0*S7P.p -> S7P,98.4567310636212,5040.09850991029
Net flux,G_2PG.p,0*2PG.p -> 2PG,87.0427532706349,5199.84929611132
Net flux,G_ADPG.p,0*ADPG.p -> ADPG,95.0805622183481,5073.61572543183
Net flux,G_PEP.c,0*PEP.c -> PEP,89.2305410445615,5014.48332266066
Net flux,G_UDPG.c,0*UDPG.c -> UDPG,72.4268033045549,4636.20368203246
Net flux,G_ALA.c,0*ALA.c -> ALA,55.7353598498184,4.62977391839057
Net flux,(1-G)_GA,0*GA.x -> GA,62.4727656132029,4.04323626990711
Net flux,(1-G)_SER,0*SER.x -> SER,28.7771246202023,4.42782368355846
Net flux,(1-G)_GLY,0*GLY.x -> GLY,35.3089711592929,17.5475032750886
Net flux,(1-G)_R5P,0*R5P.x -> R5P,17.718922011502,5619.01987424609
Net flux,(1-G)_RUBP,0*RUBP.x -> RUBP,7.46972473269241,6105.59152748924
Net flux,(1-G)_3PGA,0*3PGA.x -> 3PGA,7.08808939133732,4862.19885490415
Net flux,(1-G)_TP,0*TP.x -> TP,7.46743445806384,5419.22377322761
Net flux,(1-G)_F6P,0*F6P.x -> F6P,14.7847886792169,5652.90987505779
Net flux,(1-G)_FBP,0*FBP.x -> FBP,16.5487664793792,5184.88835034148
Net flux,(1-G)_G6P,0*G6P.x -> G6P,22.0900731609643,5490.72054811597
Net flux,(1-G)_RU5P,0*RU5P.x -> P5P,7.15222838267079,5192.89036209807
Net flux,(1-G)_S7P,0*S7P.x -> S7P,1.5432689363768,5040.09850991029
Net flux,(1-G)_2PG,0*2PG.x -> 2PG,12.9572467293675,5199.84929611132
Net flux,(1-G)_ADPG,0*ADPG.x -> ADPG,4.91943778165087,5073.61572543183
Net flux,(1-G)_PEP,0*PEP.x -> PEP,10.7694589554367,5014.48332266066
Net flux,(1-G)_UDPG,0*UDPG.x -> UDPG,27.5731966954463,4636.20368203246
Net flux,(1-G)_ALA,0*ALA.x -> ALA,44.2646401501814,4.62977391839057
Net flux,PGASink,3PGA -> Sink,100,0
Net flux,DHAPSink,TP -> Sink,100.000000000001,0
Net flux,F6PSink,F6P -> Sink,100.000000000004,0
Net flux,FBPSink,FBP -> Sink,99.9999999999948,0
Net flux,G6PSink,G6P -> Sink,99.9999999999983,0
Net flux,P5PSink,P5P -> Sink,100.000000000001,0
Net flux,R5PSink,R5P -> Sink,99.9999999999968,0
Net flux,GASink,GA -> Sink,100.000000000002,0
Net flux,SERSink,SER -> Sink,99.9999999999996,0
Net flux,GLYSink,GLY -> Sink,100.000000000001,0
Net flux,RUBPSink,RUBP -> Sink,99.9999999999987,0
Net flux,S7PSink,S7P -> Sink,99.9999999999979,0
Net flux,2PGSink,2PG -> Sink,100.000000000002,0
Net flux,ADPGSink,ADPG -> Sink,99.9999999999989,0
Net flux,PEPSink,PEP -> Sink,99.9999999999983,0
Net flux,UDPGSink,UDPG -> Sink,100.000000000001,0
Net flux,ALASink,ALA -> Sink,99.9999999999998,0
Net flux,S6Pout-LL,S6P + 0.1611*GLU + 0.07177*ASP + 0.03247*ALA.c + 0.01019*dummyGLY + 0.03484*dummySER -> Sink,1.50402031370642,0.15585232804635
Net flux,PGP.p,2PG.p -> Glyc.p,2.24868781331786,0.084855110283529
Net flux,GOX,Glyc.p -> Glyx.p,2.24868781331787,0.084855110283529
Net flux,GGT,Glyx.p -> GLY.p,2.24868781331786,0.084855110283529
Net flux,SGAT,SER.p -> HPA.p,0.783929025428548,0.0715148721216427
Net flux,HPR.p,HPA.p -> GA.p,0.783929025428542,0.0715148721216427
Net flux,T_GLY-m net,GLY.p <-> GLY.m,2.16871639557939,5035.35468186106
Exch flux,T_GLY-m exch,GLY.p <-> GLY.m,19508.938374235,4953.5446939814
Net flux,GDC.m,GLY.m + dummy -> myTHF.m + CO2,1.39702575113985,0.0803189536556924
Net flux,T_SER-m net,SER.p <-> SER.m,-1.39702575113989,0.0803189536556924
Exch flux,T_SER-m exch,SER.p <-> SER.m,509.125523725082,5101.56282492051
Net flux,mSHMT,GLY.m + myTHF.m -> SER.m,1.39702575113985,0.0803189536556924
Net flux,T_SER-c net,SER.p <-> SER.c,0.560691736093837,0.125549939716919
Exch flux,T_SER-c exch,SER.p <-> SER.c,1.98227969423086,1.39171947565075
Net flux,T_Gly-c net,GLY.p <-> GLY.c,0.0646454507390901,5035.35468119046
Exch flux,T_Gly-c exch,GLY.p <-> GLY.c,0.0187043322275966,5035.35467849366
Net flux,cSHMT,SER.c -> GLY.c + meTHF.c,0.560691636093975,0.125549939918085
Net flux,FmTHF-reductase net,meTHF.c <-> FmTHF.c,0.560691636093976,0.125549939918085
Exch flux,FmTHF-reductase exch,meTHF.c <-> FmTHF.c,6.5261589113609,4992.24134619252
Net flux,Met-synthase,FmTHF.c + Hcy.c -> Met.c,0.560691636093955,0.125549939918085
Net flux,SAM-synthase,Met.c -> SAM.c,0.560691636093964,0.125549939918085
Net flux,Methylation,SAM.c -> SAH.c + Acceptor.c,0.56069163609396,0.125549939918085
Net flux,hydrolysis,SAH.c -> Hcy.c,0.560691636093952,0.125549939918085
Net flux,G_SER.m,0*SER.m -> SER,1.0000000116861e-07,7.29112063037991e-14
Net flux,G_SER.c,0*SER.c -> SER,0.000128568042324417,4780.29706894275
Net flux,G_Gly.m,0*GLY.m -> GLY,9.53283173394937e-05,4897.04028692309
Net flux,G_Gly.c,0*GLY.c -> GLY,59.6552264808522,17.8301925074891
Net flux,T_GLY-c-m,GLY.c -> GLY.m,0.625335106697651,5035.35468188201
Net flux,G_Glyc,0*Glyc.p -> Glyc,7.85462935213785,1.11399361731536
Net flux,G_Glyx,0*Glyx.p -> Glyx,6.82125917544805,4.26619409489261
Net flux,G_HPA,0*HPA.p -> HPA,6.0784673045735,1.81267224397021
Net flux,(1-G)_Glyc,0*Glyc.x -> Glyc,92.1453706478628,1.11399361731536
Net flux,(1-G)_Glyx,0*Glyx.x -> Glyx,93.1787408245528,4.26619409489261
Net flux,(1-G)_HPA,0*HPA.x -> HPA,93.9215326954264,1.81267224397021
Net flux,GlycSink,Glyc -> Sink,100.000000000001,0
Net flux,GlyxSink,Glyx -> Sink,100.000000000001,0
Net flux,HPASink,HPA -> Sink,99.9999999999998,0
Net flux,SERex,dummySER -> outSER,1.00000726810379e-07,7.47898854842556e-12
Net flux,G_PYR,0*PYR.c -> PYR,45.6556038737404,2.98425448430022
Net flux,(1-G)_PYR,0*PYR.x -> PYR,54.3443961262598,2.98425448430022
Net flux,PYRSink,PYR -> Sink,100,0
Net flux,G_meTHF,0*meTHF.c -> meTHF,99.9999998999999,0
Net flux,G_FmTHF,0*FmTHF.c -> FmTHF,72.3418407219008,4.52308210491051
Net flux,G_Met,0*Met.c -> Met,59.3964534980761,4.49716844143255
Net flux,G_SAM,0*SAM.c -> SAM,59.5219961764007,4.44752641917509
Net flux,(1-G)_meTHF,0*meTHF.x -> meTHF,1.0000000116861e-07,0
Net flux,(1-G)_FmTHF,0*FmTHF.x -> FmTHF,27.6581592780993,4.52308210491051
Net flux,(1-G)_Met,0*Met.x -> Met,40.6035465019239,4.49716844143255
Net flux,(1-G)_SAM,0*SAM.x -> SAM,40.4780038235993,4.44752641917509
Net flux,meTHFSink,meTHF -> Sink,99.9999999999999,0
Net flux,FmTHFSink,FmTHF -> Sink,100,0
Net flux,MetSink,Met -> Sink,100,0
Net flux,SAMsink,SAM -> Sink,100,0
Net flux,Met-protein,Met.c -> Protein,6.51983996113883e-15,0
Net flux,GLY-protein,GLY.c -> Protein,1.98013544050468e-06,2.38792117715841e-13
Net flux,SER-protein,SER.c -> Protein,9.99998635009547e-08,1.03954801754035e-12
Pool,2PG pool,,0,0
Pool,2PG.p pool,,1e-07,0
Pool,2PG.x pool,,1,Inf
Pool,3PGA pool,,0,0
Pool,3PGA.c pool,,0.0200898208024763,0.00572875999465669
Pool,3PGA.p pool,,1.88535361387698e-07,5066.60060494597
Pool,3PGA.x pool,,1,Inf
Pool,ACA pool,,0.0558012565880829,4922.27652570569
Pool,ADPG pool,,0,0
Pool,ADPG.p pool,,9.9999999999999e-08,Inf
Pool,ADPG.x pool,,1,Inf
Pool,AKG pool,,1e-07,0
Pool,ALA pool,,0,0
Pool,ALA.c pool,,0.00607793646220846,0.00207563512234592
Pool,ALA.x pool,,1,Inf
Pool,ASN pool,,7566.06820145799,5055.75670570768
Pool,ASP pool,,0.0386383674752424,0.00775841301123582
Pool,Acceptor.c pool,,1,Inf
Pool,CIT pool,,3.44819839258404,1.25233411399194
Pool,CO2 pool,,1.00131176194612e-07,4989.50836033347
Pool,CO2.t pool,,1,Inf
Pool,E4P.p pool,,0,0
Pool,EC2 pool,,0,0
Pool,F6P pool,,0,0
Pool,F6P.c pool,,3.79426892176856e-06,4908.90027397437
Pool,F6P.p pool,,1.09685886383231e-07,5116.41155663768
Pool,F6P.x pool,,1,Inf
Pool,FBP pool,,0,0
Pool,FBP.c pool,,2.21948804165434e-06,5450.24374594287
Pool,FBP.p pool,,1e-07,0
Pool,FBP.x pool,,1,Inf
Pool,FmTHF pool,,7.68735870632536,3.16810047965723
Pool,FmTHF.c pool,,1e-07,0
Pool,FmTHF.x pool,,1,Inf
Pool,G6P pool,,0,0
Pool,G6P.c pool,,9.87347303315497e-06,4935.2678285381
Pool,G6P.p pool,,3.56734968529863e-06,5250.89232650986
Pool,G6P.x pool,,1,Inf
Pool,GA pool,,0,0
Pool,GA.p pool,,1e-07,0
Pool,GA.x pool,,1,Inf
Pool,GLN pool,,8.83867750216402,4880.00491187495
Pool,GLU pool,,1e-07,0
Pool,GLY pool,,0,0
Pool,GLY.c pool,,0.204990620815582,0.0827247036290532
Pool,GLY.m pool,,1.01802592595397e-07,5195.81804370241
Pool,GLY.p pool,,1e-07,0
Pool,GLY.x pool,,1,Inf
Pool,Glyc pool,,2.30354841399114,1.18569229154289
Pool,Glyc.p pool,,1e-07,0
Pool,Glyc.x pool,,1,Inf
Pool,Glyx pool,,29.675478057854,32.9172939085604
Pool,Glyx.p pool,,1e-07,2.08102440946595e-15
Pool,Glyx.x pool,,1,Inf
Pool,HPA pool,,0.500624369733344,4962.79158148705
Pool,HPA.p pool,,1e-07,0
Pool,HPA.x pool,,1,Inf
Pool,Hcy.c pool,,1,Inf
Pool,ICI pool,,0.00137747865635112,5022.64940265092
Pool,MAL pool,,1.6830099364409,0.396789287451166
Pool,Met pool,,1.0051289698459e-07,5244.48821412478
Pool,Met.c pool,,9.99999999999999e-08,0
Pool,Met.x pool,,1,Inf
Pool,OAA pool,,0.00477001737836755,5118.74724280434
Pool,P5P pool,,0,0
Pool,PEP pool,,0,0
Pool,PEP.c pool,,1.00000000000002e-07,6.4721267048935e-14
Pool,PEP.x pool,,1,Inf
Pool,PRO pool,,5.39499633603151,4816.55812480361
Pool,PYR pool,,9.99999999999999e-08,3.78561592710462e-14
Pool,PYR.c pool,,0.0166335218640468,0.00541471564651742
Pool,PYR.x pool,,1,Inf
Pool,Protein pool,,1,Inf
Pool,R5P pool,,0,0
Pool,R5P.p pool,,1e-07,0
Pool,R5P.x pool,,1,Inf
Pool,RU5P.p pool,,1e-07,0
Pool,RU5P.x pool,,1,Inf
Pool,RUBP pool,,0,0
Pool,RUBP.p pool,,1e-07,0
Pool,RUBP.x pool,,1,Inf
Pool,S6P pool,,1,Inf
Pool,S7P pool,,0,0
Pool,S7P.p pool,,1e-07,0
Pool,S7P.x pool,,1,Inf
Pool,SAH.c pool,,1,Inf
Pool,SAM pool,,8.12398581271132,3.3167247809449
Pool,SAM.c pool,,1e-07,0
Pool,SAM.x pool,,1,Inf
Pool,SBP pool,,0,0
Pool,SER pool,,0,0
Pool,SER.c pool,,1.00000000000273e-07,2.03241631952003e-13
Pool,SER.m pool,,0.409826381556342,0.046608342780267
Pool,SER.p pool,,9.99999999998398e-08,0
Pool,SER.x pool,,1,Inf
Pool,Sink pool,,1,Inf
Pool,Starch pool,,1,Inf
Pool,THR pool,,3887.98910808909,4920.67767801256
Pool,TP pool,,0,0
Pool,TP.c pool,,1.98877910868546e-06,5484.79307656806
Pool,TP.p pool,,1.69105852425328e-07,5201.01553778638
Pool,TP.x pool,,1,Inf
Pool,UDPG pool,,0,0
Pool,UDPG.c pool,,0.630565242336842,0.328340202947614
Pool,UDPG.x pool,,1,Inf
Pool,X5P.p pool,,1e-07,0
Pool,dummy pool,,1,Inf
Pool,dummyGLY pool,,1,Inf
Pool,dummySER pool,,1,Inf
Pool,meTHF pool,,1.08913887210028,0.830528728149883
Pool,meTHF.c pool,,1e-07,0
Pool,meTHF.x pool,,1,Inf
Pool,myTHF.m pool,,1e-07,0
Pool,outSER pool,,1,Inf
Norm,Experiment2 Glyc205 #1 norm,,0.951377169624066,0.0373942907485759
Norm,Experiment2 Glyc205 #2 norm,,0.989923227507064,0.0180318358464349
Norm,Experiment2 Glyc205 #3 norm,,1.00645056756635,0.0238785344118212
Norm,Experiment2 Glyc205 #4 norm,,1.02320733860759,0.0212055524845367
Norm,Experiment2 Glyc205 #5 norm,,1.00220660879446,0.0239297154578913
Norm,Experiment2 Glyc205 #6 norm,,0.977162505669032,0.0244571957846247
Norm,Experiment2 Glyc205 #7 norm,,1.02448296656849,0.0321466881552561
Norm,Experiment2 Glyc205 #8 norm,,0.815359304801723,0.0922400065887173
Norm,Experiment2 Glyx160 #1 norm,,0.985568736288304,0.0110145708574091
Norm,Experiment2 Glyx160 #2 norm,,0.9745889322152,0.011681718725776
Norm,Experiment2 Glyx160 #3 norm,,0.994127996684757,0.013156414365523
Norm,Experiment2 Glyx160 #4 norm,,0.9875878059826,0.0169885890284509
Norm,Experiment2 Glyx160 #5 norm,,0.988995380760763,0.0164255957696322
Norm,Experiment2 Glyx160 #6 norm,,1.01149677769622,0.0223239856429032
Norm,Experiment2 Glyx160 #7 norm,,0.986160610088779,0.0303034069391617
Norm,Experiment2 Glyx160 #8 norm,,1.09889995227389,0.172272706403112
Norm,Experiment2 GLY276 #1 norm,,0.984358526144159,0.0105199280459984
Norm,Experiment2 GLY276 #2 norm,,0.956921182405486,0.0209416957711365
Norm,Experiment2 GLY276 #3 norm,,1.02828835537227,0.0198983694620588
Norm,Experiment2 GLY276 #4 norm,,1.01293822346092,0.0185374464981634
Norm,Experiment2 GLY276 #5 norm,,0.971720407480026,0.0401858316654981
Norm,Experiment2 GLY276 #6 norm,,1.10095681647809,0.0966648554773131
Norm,Experiment2 GLY276 #7 norm,,1.01612487975331,0.149087889533933
Norm,Experiment2 GLY276 #8 norm,,1.00737072408165,0.222250486217094
Norm,Experiment2 HPA262 #1 norm,,1.00554151803489,0.0195545358584434
Norm,Experiment2 HPA262 #2 norm,,0.996365529448463,0.025217648581732
Norm,Experiment2 HPA262 #3 norm,,0.973283345942225,0.0246122272168698
Norm,Experiment2 HPA262 #4 norm,,0.93214570129418,0.0292960736167499
Norm,Experiment2 HPA262 #5 norm,,0.958577315612784,0.0215503126436512
Norm,Experiment2 HPA262 #6 norm,,0.926782865005211,0.0275712306834833
Norm,Experiment2 HPA262 #7 norm,,0.983375993238786,0.0235442820306141
Norm,Experiment2 HPA262 #8 norm,,0.933774726049801,0.0377240735000098
Norm,Experiment2 GA307 #1 norm,,1.00964729516679,0.0110479670907101
Norm,Experiment2 GA307 #2 norm,,0.890548955894535,0.0296104883793259
Norm,Experiment2 GA307 #3 norm,,0.91331759140958,0.0222604847243503
Norm,Experiment2 GA307 #4 norm,,0.974101012036108,0.0257387097032446
Norm,Experiment2 GA307 #5 norm,,0.963914249027538,0.0800353318582023
Norm,Experiment2 GA307 #6 norm,,0.862214701474783,0.105657460414425
Norm,Experiment2 GA307 #7 norm,,0.874045947686158,0.0676660613082004
Norm,Experiment2 GA307 #8 norm,,0.937582419700642,0.154545661267915
Norm,Experiment2 SER306 #1 norm,,0.992580874569415,0.012443401389367
Norm,Experiment2 SER306 #2 norm,,0.979098881600055,0.035821509002569
Norm,Experiment2 SER306 #3 norm,,1.05546502945795,0.020773065776921
Norm,Experiment2 SER306 #4 norm,,1.01036138629809,0.0254989012881333
Norm,Experiment2 SER306 #5 norm,,0.97767918747357,0.0523047214066755
Norm,Experiment2 SER306 #6 norm,,1.0093511434412,0.131625859279372
Norm,Experiment2 SER306 #7 norm,,1.13976792703682,0.107280283747402
Norm,Experiment2 SER306 #8 norm,,1.00584055767393,0.0993567872113489
Norm,Experiment2 meTHF #1 norm,,0.996266368042966,0.0100438215766796
Norm,Experiment2 meTHF #2 norm,,0.989416516479257,0.0161990837196802
Norm,Experiment2 meTHF #3 norm,,0.96785141950216,0.0294639700947328
Norm,Experiment2 meTHF #4 norm,,1.05238101971786,0.0308670864540757
Norm,Experiment2 meTHF #5 norm,,0.939389292608918,0.082060244519316
Norm,Experiment2 meTHF #6 norm,,0.937965263043799,0.134988335702826
Norm,Experiment2 meTHF #7 norm,,1.09999912819092,0.254363289727369
Norm,Experiment2 meTHF #8 norm,,0.96538435769102,0.0637992050902334
Norm,Experiment2 FmTHF #1 norm,,0.992215878608153,0.0101271227354581
Norm,Experiment2 FmTHF #2 norm,,1.00154495250817,0.0117030714475606
Norm,Experiment2 FmTHF #3 norm,,1.00380058617858,0.0101815696715355
Norm,Experiment2 FmTHF #4 norm,,1.01595902830185,0.0214464511654874
Norm,Experiment2 FmTHF #5 norm,,0.952973500001638,0.0389921823581532
Norm,Experiment2 FmTHF #6 norm,,1.02562264438532,0.0671650123023251
Norm,Experiment2 FmTHF #7 norm,,1.00494795791649,0.115068358605873
Norm,Experiment2 FmTHF #8 norm,,1.00183243186279,0.0652881980420917
Norm,Experiment2 Met176 #1 norm,,0.991412150367418,0.0243383833883038
Norm,Experiment2 Met176 #2 norm,,0.945660814890418,0.0373406818072366
Norm,Experiment2 Met176 #3 norm,,0.959385375110178,0.0341569832431958
Norm,Experiment2 Met176 #4 norm,,0.875237588818024,0.0817161841905237
Norm,Experiment2 Met176 #5 norm,,0.946930442144095,0.0709178601579708
Norm,Experiment2 Met176 #6 norm,,1.00950741807081,0.0356347475221808
Norm,Experiment2 Met176 #7 norm,,0.995799617414268,0.0577604339288341
Norm,Experiment2 Met176 #8 norm,,0.993679122890516,0.266108045570335
Norm,Experiment2 SAM #1 norm,,1.00197495369097,0.0143988338346723
Norm,Experiment2 SAM #2 norm,,0.960465396977072,0.021404388436602
Norm,Experiment2 SAM #3 norm,,0.916387881098303,0.0297033428131348
Norm,Experiment2 SAM #4 norm,,0.929983842126083,0.0429493141202685
Norm,Experiment2 SAM #5 norm,,1.02195387439613,0.0250798006718524
Norm,Experiment2 SAM #6 norm,,0.946848013905999,0.0616829570127445
Norm,Experiment2 SAM #7 norm,,1.00264980361252,0.068933398373282
Norm,Experiment2 SAM #8 norm,,1.00002044112483,0.0711330383845652
Norm,Experiment2 CIT465 #1 norm,,1.01119812058914,0.0129082180371521
Norm,Experiment2 CIT465 #2 norm,,0.965794641603602,0.0101544466288135
Norm,Experiment2 CIT465 #3 norm,,1.00399696051461,0.01333689582032
Norm,Experiment2 CIT465 #4 norm,,1.04588900583034,0.0135729468646149
Norm,Experiment2 CIT465 #5 norm,,1.04873468826805,0.017401421788534
Norm,Experiment2 CIT465 #6 norm,,0.992985164417668,0.0116070898858875
Norm,Experiment2 CIT465 #7 norm,,0.992779453470382,0.0154996409297752
Norm,Experiment2 CIT465 #8 norm,,1.04828870453005,0.0247493313137284
Norm,Experiment2 MAL335 #1 norm,,1.00753569562838,0.0121415094587691
Norm,Experiment2 MAL335 #2 norm,,0.990595449322872,0.0134518896889218
Norm,Experiment2 MAL335 #3 norm,,0.9932513606725,0.0130096520280958
Norm,Experiment2 MAL335 #4 norm,,0.993739840698001,0.0121003467733076
Norm,Experiment2 MAL335 #5 norm,,1.01769427226388,0.0154540114171214
Norm,Experiment2 MAL335 #6 norm,,1.0195178642599,0.0162330959470296
Norm,Experiment2 MAL335 #7 norm,,0.992287718812826,0.0203419418815305
Norm,Experiment2 MAL335 #8 norm,,1.00616185309093,0.0401049629523153
Norm,Experiment2 ASP334 #1 norm,,0.977991337025877,0.0153202073960073
Norm,Experiment2 ASP334 #2 norm,,0.994247758637173,0.0250414543343474
Norm,Experiment2 ASP334 #3 norm,,0.982436025752848,0.0178508185126763
Norm,Experiment2 ASP334 #4 norm,,1.02921990723353,0.022836504613741
Norm,Experiment2 ASP334 #5 norm,,0.989967023000033,0.0246074741662779
Norm,Experiment2 ASP334 #6 norm,,0.944939733422184,0.0560625309006837
Norm,Experiment2 ASP334 #7 norm,,0.970937430860493,0.0535753504073405
Norm,Experiment2 ASP334 #8 norm,,0.949987413693658,0.0342528206093403
Norm,Experiment2 GLU348 #1 norm,,1.00361541389107,0.0117625112465594
Norm,Experiment2 GLU348 #2 norm,,0.969767858029804,0.0121841205646174
Norm,Experiment2 GLU348 #3 norm,,0.956986918563009,0.011337275423876
Norm,Experiment2 GLU348 #4 norm,,1.03281363188225,0.0160779568587655
Norm,Experiment2 GLU348 #5 norm,,1.00437429285625,0.030738284023286
Norm,Experiment2 GLU348 #6 norm,,1.00584105622779,0.0153338892432643
Norm,Experiment2 GLU348 #7 norm,,0.93921420848851,0.0219784092808444
Norm,Experiment2 GLU348 #8 norm,,0.895186880197376,0.0490157504766816
Norm,Experiment2 THR320 #1 norm,,1.00881961496278,0.010231363406415
Norm,Experiment2 THR320 #2 norm,,0.996667738161903,0.0117974358188111
Norm,Experiment2 THR320 #3 norm,,0.987955983667736,0.010266867583207
Norm,Experiment2 THR320 #4 norm,,1.0292042525798,0.0115480407491181
Norm,Experiment2 THR320 #5 norm,,1.00539982075295,0.0204778169128146
Norm,Experiment2 THR320 #6 norm,,0.994402940225544,0.0110135982368176
Norm,Experiment2 THR320 #7 norm,,0.96685063934676,0.0136438641692671
Norm,Experiment2 THR320 #8 norm,,0.865992468289318,0.0353601055603513
Norm,Experiment2 ALA116 #1 norm,,0.988478909186212,0.00964496362094242
Norm,Experiment2 ALA116 #2 norm,,1.00309087281239,0.00999298413502977
Norm,Experiment2 ALA116 #3 norm,,1.02696306042357,0.0106349894614417
Norm,Experiment2 ALA116 #4 norm,,0.992001125839761,0.024669664528243
Norm,Experiment2 ALA116 #5 norm,,1.0279727882405,0.0732767969510264
Norm,Experiment2 ALA116 #6 norm,,0.989906112159355,0.074512373719464
Norm,Experiment2 ALA116 #7 norm,,0.999964641458073,0.0648114366801933
Norm,Experiment2 ALA116 #8 norm,,0.953623551543579,0.227166826290298
Norm,Experiment2 PYR #1 norm,,0.991577798477607,0.0123690949115181
Norm,Experiment2 PYR #2 norm,,0.902905229376511,0.0509647521530529
Norm,Experiment2 PYR #3 norm,,0.899487604335894,0.0558255063550892
Norm,Experiment2 PYR #4 norm,,1.01585021068041,0.0549509010890083
Norm,Experiment2 PYR #5 norm,,1.02137793713883,0.106804523547217
Norm,Experiment2 PYR #6 norm,,0.976147300032596,0.119418580158692
Norm,Experiment2 PYR #7 norm,,1.0306620588148,0.0808608654125038
Norm,Experiment2 PYR #8 norm,,0.994606433323461,0.125657820666852
