type,id,eqn,val,std
Net flux,CO2.t,CO2.t -> CO2,67.952233103314,1.52629267553914
Net flux,CO2_sink,dummy -> Sink,67.9522331033139,1.52629267553914
Net flux,RUBICSO_CO2,RUBP.p + CO2 -> 3PGA.p + 3PGA.p + dummy,69.362349123622,1.52881926715972
Net flux,GAPDH.p net,3PGA.p <-> TP.p,140.522151787998,3.07559987381478
Exch flux,GAPDH.p exch,3PGA.p <-> TP.p,64631.7082592448,3059.73188790333
Net flux,ALD,TP.p + E4P.p -> SBP,23.8117510548004,0.510824765142908
Net flux,SBP,SBP -> S7P.p,23.8117510548004,0.510824765142908
Net flux,FBA.p net,TP.p + TP.p <-> FBP.p,31.2198728870608,0.801023236743832
Exch flux,FBA.p exch,TP.p + TP.p <-> FBP.p,21967.9845635497,2959.43788350209
Net flux,PFK.p net,FBP.p <-> F6P.p,31.2198728870639,0.801023236743832
Exch flux,PFK.p exch,FBP.p <-> F6P.p,9.99865648054765e-08,7.45185662838717e-13
Net flux,TK1 net,TP.p + EC2 <-> X5P.p,47.6235021096008,1.02164953028582
Exch flux,TK1 exch,TP.p + EC2 <-> X5P.p,1.0000000116861e-07,0
Net flux,TK2 net,S7P.p <-> R5P.p + EC2,23.8117510548004,0.510824765142908
Exch flux,TK2 exch,S7P.p <-> R5P.p + EC2,37.8559941494701,2144.05335833898
Net flux,TK3 net,F6P.p <-> E4P.p + EC2,23.8117510548,0.510824765142908
Exch flux,TK3 exch,F6P.p <-> E4P.p + EC2,7550.06245787438,7454.3705960524
Net flux,PPE net,X5P.p <-> RU5P.p,47.6235021096008,1.02164953028582
Exch flux,PPE exch,X5P.p <-> RU5P.p,76.9865358679455,7060.9984359208
Net flux,PPI net,R5P.p <-> RU5P.p,23.8117510548005,0.510824765142908
Exch flux,PPI exch,R5P.p <-> RU5P.p,242.819703293532,3109.46358346517
Net flux,PRK,RU5P.p -> RUBP.p,71.4352531644014,1.53247429552521
Net flux,RUBISCO_O2,RUBP.p -> 3PGA.p + 2PG.p,2.07290404077939,0.0848171038895095
Net flux,GLYdil net,GLY.p <-> GLY.x + dummyGLY,0.0169336218840428,0.00170522761950177
Exch flux,GLYdil exch,GLY.p <-> GLY.x + dummyGLY,1.0000000116861e-07,0
Net flux,SERdil net,SER.p <-> SER.x + dummySER,0.313428949419631,0.507420756501286
Exch flux,SERdil exch,SER.p <-> SER.x + dummySER,9.99830476189345e-08,7.25557217366944e-13
Net flux,GK,GA.p -> 3PGA.p,0.433202465270099,0.493786427333985
Net flux,PGI.p net,F6P.p <-> G6P.p,7.40812183226329,0.44012467780613
Exch flux,PGI.p exch,F6P.p <-> G6P.p,9.99976599302954e-08,2982.05129606728
Net flux,PGM.p,G6P.p -> ADPG.p,7.40812183226329,0.44012467780613
Net flux,Starch,ADPG.p -> Starch,7.40812183226327,0.44012467780613
Net flux,FBA.c net,TP.c + TP.c <-> FBP.c,3.32357642473654,0.334686480866681
Exch flux,FBA.c exch,TP.c + TP.c <-> FBP.c,21.8623451401934,196.807329216707
Net flux,PFK.c net,FBP.c <-> F6P.c,3.32357642473656,0.334686480866681
Exch flux,PFK.c exch,FBP.c <-> F6P.c,8.41693380528449,9.52972737927304
Net flux,PGI.c net,F6P.c <-> G6P.c,1.66178821236829,0.16734324043334
Exch flux,PGI.c exch,F6P.c <-> G6P.c,229.178185273709,5897.20808124572
Net flux,PGM.c net,G6P.c <-> UDPG.c,1.66178821236099,0.16734324043334
Exch flux,PGM.c exch,G6P.c <-> UDPG.c,48482.0433711104,5897.2080788714
Net flux,SPS,F6P.c + UDPG.c -> S6P,1.66178821236824,0.16734324043334
Net flux,PGAM.c net,3PGA.c <-> PEP.c,0.708652965281809,0.0713618515379198
Exch flux,PGAM.c exch,3PGA.c <-> PEP.c,0.0365958227702696,5897.20807930317
Net flux,PK.c,PEP.c -> PYR.c,0.321672344268258,0.032392631069109
Net flux,PDH,PYR.c + dummy -> ACA + CO2,0.267714081012133,0.0269589960589345
Net flux,CS,OAA + ACA -> CIT,0.267714081012129,0.0269589960589345
Net flux,ACO net,CIT <-> ICI,0.267714081012173,0.0269589960589345
Exch flux,ACO exch,CIT <-> ICI,1294.10294530058,5897.2080788714
Net flux,IDH,ICI + dummy -> AKG + CO2,0.267714081012145,0.0269589960589345
Net flux,MDH net,MAL <-> OAA,7.105427357601e-15,0
Exch flux,MDH exch,MAL <-> OAA,0.194426492262231,0.218693763279033
Net flux,PPC,PEP.c + CO2 -> OAA + dummy,0.386980621013982,0.0389692204453684
Net flux,T_3PGA net,3PGA.p <-> 3PGA.c,0.708652965281786,0.0713618515379198
Exch flux,T_3PGA exch,3PGA.p <-> 3PGA.c,1.0000000116861e-07,0
Net flux,T_DHAP net,TP.p <-> TP.c,6.64715284947314,0.669372961733361
Exch flux,T_DHAP exch,TP.p <-> TP.c,4.61014428168096,2.04002380093434
Net flux,ALT,PYR.c -> ALA.c,0.0539582632555248,0.00543363502572106
Net flux,ASPT,OAA -> ASP,0.11926654000172,0.012010224379649
Net flux,GLUDH,AKG -> GLU,0.267714081012122,0.0269589960589345
Net flux,PCR net,GLU <-> PRO,-2.48689957516035e-14,0
Exch flux,PCR exch,GLU <-> PRO,1.0000000116861e-07,0
Net flux,GS net,GLU <-> GLN,0,0
Exch flux,GS exch,GLU <-> GLN,1.00042399253653e-07,0
Net flux,TS net,ASP <-> THR,0,0
Exch flux,TS exch,ASP <-> THR,0.0115996488638928,0.0314699148242069
Net flux,AS net,ASP <-> ASN,1.06581410364015e-14,0
Exch flux,AS exch,ASP <-> ASN,1.0000000116861e-07,0
Net flux,G_3PGA.p,0*3PGA.p -> 3PGA,2.46866313347027e-06,9681.11281858643
Net flux,G_3PGA.c,0*3PGA.c -> 3PGA,92.911908139397,6273.62862863418
Net flux,G_DHAP.p,0*TP.p -> TP,40.6853798422419,10096.426120502
Net flux,G_DHAP.c,0*TP.c -> TP,51.8471856996948,7069.87280202235
Net flux,G_F6P.p,0*F6P.p -> F6P,48.6686345030749,9867.07439544493
Net flux,G_F6P.c,0*F6P.c -> F6P,36.546576817712,6720.82530237407
Net flux,G_FBP.p,0*FBP.p -> FBP,2.46866146369484e-06,9788.66291042757
Net flux,G_FBP.c,0*FBP.c -> FBP,83.4512310500828,6844.03846183526
Net flux,G_G6P.p,0*G6P.p -> G6P,19.0549768397257,9415.83732868351
Net flux,G_G6P.c,0*G6P.c -> G6P,58.8549499993083,6545.47277393153
Net flux,G_RU5P.p,0*RU5P.p -> P5P,2.46865387154571e-06,10108.1332895814
Net flux,G_X5P.p,0*X5P.p -> P5P,92.8477691489829,7223.79580274963
Net flux,G_R5P.p,0*R5P.p -> R5P,82.2810779884949,7018.2112802895
Net flux,G_GA.p,0*GA.p -> GA,35.9669183004187,4.45797447271209
Net flux,G_SER.p,0*SER.p -> SER,85.8622387308528,10570.7384223396
Net flux,G_GLY.p,0*GLY.p -> GLY,2.29269516510448,7.38366422758243
Net flux,G_RUBP.p,0*RUBP.p -> RUBP,92.5302752673063,6898.17250092413
Net flux,G_S7P.p,0*S7P.p -> S7P,98.4567310636212,6864.57978244924
Net flux,G_2PG.p,0*2PG.p -> 2PG,87.0427532706349,7021.79259529961
Net flux,G_ADPG.p,0*ADPG.p -> ADPG,95.0805622183481,6879.13379102242
Net flux,G_PEP.c,0*PEP.c -> PEP,89.2305410445615,6906.20603698625
Net flux,G_UDPG.c,0*UDPG.c -> UDPG,72.4268033045549,6954.47915374563
Net flux,G_ALA.c,0*ALA.c -> ALA,77.0365953592172,8.40536301403237
Net flux,(1-G)_GA,0*GA.x -> GA,64.0330816995833,4.45797447271209
Net flux,(1-G)_SER,0*SER.x -> SER,14.137746016422,5.57182612883761
Net flux,(1-G)_GLY,0*GLY.x -> GLY,54.6101048638482,7.2632825274245
Net flux,(1-G)_R5P,0*R5P.x -> R5P,17.718922011502,7018.2112802895
Net flux,(1-G)_RUBP,0*RUBP.x -> RUBP,7.46972473269241,6898.17250092413
Net flux,(1-G)_3PGA,0*3PGA.x -> 3PGA,7.08808939194016,7218.78307228482
Net flux,(1-G)_TP,0*TP.x -> TP,7.46743445806384,7153.85000185114
Net flux,(1-G)_F6P,0*F6P.x -> F6P,14.7847886792169,6996.14946923711
Net flux,(1-G)_FBP,0*FBP.x -> FBP,16.5487664812506,7055.3580944583
Net flux,(1-G)_G6P,0*G6P.x -> G6P,22.0900731609643,6896.09874941931
Net flux,(1-G)_RU5P,0*RU5P.x -> P5P,7.15222838236462,7175.23966718183
Net flux,(1-G)_S7P,0*S7P.x -> S7P,1.5432689363768,6864.57978244924
Net flux,(1-G)_2PG,0*2PG.x -> 2PG,12.9572467293675,7021.79259529961
Net flux,(1-G)_ADPG,0*ADPG.x -> ADPG,4.91943778165087,6879.13379102242
Net flux,(1-G)_PEP,0*PEP.x -> PEP,10.7694589554367,6906.20603698625
Net flux,(1-G)_UDPG,0*UDPG.x -> UDPG,27.5731966954463,6954.47915374563
Net flux,(1-G)_ALA,0*ALA.x -> ALA,22.9634046407826,8.40536301403237
Net flux,PGASink,3PGA -> Sink,100,0
Net flux,DHAPSink,TP -> Sink,100.000000000001,0
Net flux,F6PSink,F6P -> Sink,100.000000000004,0
Net flux,FBPSink,FBP -> Sink,99.9999999999948,0
Net flux,G6PSink,G6P -> Sink,99.9999999999983,0
Net flux,P5PSink,P5P -> Sink,100.000000000001,0
Net flux,R5PSink,R5P -> Sink,99.9999999999968,0
Net flux,GASink,GA -> Sink,100.000000000002,0
Net flux,SERSink,SER -> Sink,99.9999999999996,0
Net flux,GLYSink,GLY -> Sink,100.000000000001,0
Net flux,RUBPSink,RUBP -> Sink,99.9999999999987,0
Net flux,S7PSink,S7P -> Sink,99.9999999999979,0
Net flux,2PGSink,2PG -> Sink,100.000000000002,0
Net flux,ADPGSink,ADPG -> Sink,99.9999999999989,0
Net flux,PEPSink,PEP -> Sink,99.9999999999983,0
Net flux,UDPGSink,UDPG -> Sink,100.000000000001,0
Net flux,ALASink,ALA -> Sink,99.9999999999998,0
Net flux,S6Pout-LL,S6P + 0.1611*GLU + 0.07177*ASP + 0.03247*ALA.c + 0.01019*dummyGLY + 0.03484*dummySER -> Sink,1.66178821236828,0.16734324043334
Net flux,PGP.p,2PG.p -> Glyc.p,2.07290404077941,0.0848171038895095
Net flux,GOX,Glyc.p -> Glyx.p,2.07290404077942,0.0848171038895095
Net flux,GGT,Glyx.p -> GLY.p,2.07290404077941,0.0848171038895095
Net flux,SGAT,SER.p -> HPA.p,0.433202465270088,0.493786427333985
Net flux,HPR.p,HPA.p -> GA.p,0.433202465270083,0.493786427333985
Net flux,T_GLY-m net,GLY.p <-> GLY.m,2.04090318678698,7066.93850241012
Exch flux,T_GLY-m exch,GLY.p <-> GLY.m,1.00000000280431e-07,0
Net flux,GDC.m,GLY.m + dummy -> myTHF.m + CO2,1.26166847929719,0.108852152222543
Net flux,T_SER-m net,SER.p <-> SER.m,-1.26166847929721,0.108852152222543
Exch flux,T_SER-m exch,SER.p <-> SER.m,1109.85868735906,6949.24979529253
Net flux,mSHMT,GLY.m + myTHF.m -> SER.m,1.26166847929719,0.108852152222543
Net flux,T_SER-c net,SER.p <-> SER.c,0.515037064607458,0.61781539893193
Exch flux,T_SER-c exch,SER.p <-> SER.c,1.00000160152547e-07,1.56602713838666e-13
Net flux,T_Gly-c net,GLY.p <-> GLY.c,0.0150672321083705,7066.93850189929
Exch flux,T_Gly-c exch,GLY.p <-> GLY.c,0.00502663552643234,7066.93850132947
Net flux,cSHMT,SER.c -> GLY.c + meTHF.c,0.515036964607625,0.617815399110323
Net flux,FmTHF-reductase net,meTHF.c <-> FmTHF.c,0.515036964607626,0.617815399110323
Exch flux,FmTHF-reductase exch,meTHF.c <-> FmTHF.c,8.07874487793533,6881.89194321247
Net flux,Met-synthase,FmTHF.c + Hcy.c -> Met.c,0.515036964607605,0.617815399110323
Net flux,SAM-synthase,Met.c -> SAM.c,0.515036964607615,0.617815399110323
Net flux,Methylation,SAM.c -> SAH.c + Acceptor.c,0.51503696460761,0.617815399110323
Net flux,hydrolysis,SAH.c -> Hcy.c,0.515036964607602,0.617815399110323
Net flux,G_SER.m,0*SER.m -> SER,1.34521480426031e-05,7656.67844440057
Net flux,G_SER.c,0*SER.c -> SER,1.80057665133404e-06,6900.14934331084
Net flux,G_Gly.m,0*GLY.m -> GLY,1.0000000116861e-07,0
Net flux,G_Gly.c,0*GLY.c -> GLY,43.0971998710486,12.864951200485
Net flux,T_GLY-c-m,GLY.c -> GLY.m,0.482433771807393,7066.93850461907
Net flux,G_Glyc,0*Glyc.p -> Glyc,8.65503492206807,1.18116818068089
Net flux,G_Glyx,0*Glyx.p -> Glyx,3.7760672724585,1.47064003499558
Net flux,G_HPA,0*HPA.p -> HPA,6.56934583198873,2.13702313746979
Net flux,(1-G)_Glyc,0*Glyc.x -> Glyc,91.3449650779326,1.18116818068089
Net flux,(1-G)_Glyx,0*Glyx.x -> Glyx,96.2239327275423,1.47064003499558
Net flux,(1-G)_HPA,0*HPA.x -> HPA,93.4306541680112,2.13702313746979
Net flux,GlycSink,Glyc -> Sink,100.000000000001,0
Net flux,GlyxSink,Glyx -> Sink,100.000000000001,0
Net flux,HPASink,HPA -> Sink,99.9999999999998,0
Net flux,SERex,dummySER -> outSER,0.255526920423411,0.50769215277611
Net flux,G_PYR,0*PYR.c -> PYR,42.0344470791343,2.78160426421415
Net flux,(1-G)_PYR,0*PYR.x -> PYR,57.965552920866,2.78160426421415
Net flux,PYRSink,PYR -> Sink,100,0
Net flux,G_meTHF,0*meTHF.c -> meTHF,99.9999998999999,0
Net flux,G_FmTHF,0*FmTHF.c -> FmTHF,76.3761773138733,4.9867590863477
Net flux,G_Met,0*Met.c -> Met,55.9688504459903,4.62946358527324
Net flux,G_SAM,0*SAM.c -> SAM,55.7131865376643,4.36604448198393
Net flux,(1-G)_meTHF,0*meTHF.x -> meTHF,1.0000000116861e-07,0
Net flux,(1-G)_FmTHF,0*FmTHF.x -> FmTHF,23.6238226861268,4.9867590863477
Net flux,(1-G)_Met,0*Met.x -> Met,44.0311495540097,4.62946358527324
Net flux,(1-G)_SAM,0*SAM.x -> SAM,44.2868134623357,4.36604448198393
Net flux,meTHFSink,meTHF -> Sink,99.9999999999999,0
Net flux,FmTHFSink,FmTHF -> Sink,100,0
Net flux,MetSink,Met -> Sink,100,0
Net flux,SAMsink,SAM -> Sink,100,0
Net flux,Met-protein,Met.c -> Protein,6.51983996113883e-15,0
Net flux,GLY-protein,GLY.c -> Protein,0.0476704249086293,0.62899698087693
Net flux,SER-protein,SER.c -> Protein,9.99998350792453e-08,6.0779747319631e-13
Pool,2PG pool,,0,0
Pool,2PG.p pool,,1.31259496139233e-06,7119.23400561466
Pool,2PG.x pool,,1,Inf
Pool,3PGA pool,,0,0
Pool,3PGA.c pool,,0.0239874573297001,0.00638835710659422
Pool,3PGA.p pool,,2.99879434153986e-06,7160.6034906242
Pool,3PGA.x pool,,1,Inf
Pool,ACA pool,,1.78517798056625e-06,6870.09325662287
Pool,ADPG pool,,0,0
Pool,ADPG.p pool,,9.9999999999999e-08,Inf
Pool,ADPG.x pool,,1,Inf
Pool,AKG pool,,1.69154406606181e-06,7207.10161659844
Pool,ALA pool,,0,0
Pool,ALA.c pool,,0.0115558978397023,0.00314422058112761
Pool,ALA.x pool,,1,Inf
Pool,ASN pool,,7566.07024845105,7204.39669026889
Pool,ASP pool,,9.03828124496347e-06,6984.19014421094
Pool,Acceptor.c pool,,1,Inf
Pool,CIT pool,,5.01024818464961,1.68309823133702
Pool,CO2 pool,,1.71621223673672e-05,7401.76363177248
Pool,CO2.t pool,,1,Inf
Pool,E4P.p pool,,0,0
Pool,EC2 pool,,0,0
Pool,F6P pool,,0,0
Pool,F6P.c pool,,3.82956954023152e-06,7373.22067622797
Pool,F6P.p pool,,2.29237425120111e-06,7082.50631292212
Pool,F6P.x pool,,1,Inf
Pool,FBP pool,,0,0
Pool,FBP.c pool,,3.64313021085606e-06,7245.0310777783
Pool,FBP.p pool,,2.28465815336275e-06,7448.24015509986
Pool,FBP.x pool,,1,Inf
Pool,FmTHF pool,,6.66969565011198,3.33380150494089
Pool,FmTHF.c pool,,2.76544604195027e-07,7225.73606304704
Pool,FmTHF.x pool,,1,Inf
Pool,G6P pool,,0,0
Pool,G6P.c pool,,9.87570415876567e-06,7128.19951503666
Pool,G6P.p pool,,3.8701188324673e-06,7238.78167832274
Pool,G6P.x pool,,1,Inf
Pool,GA pool,,0,0
Pool,GA.p pool,,2.4948426275757e-07,7008.99304118601
Pool,GA.x pool,,1,Inf
Pool,GLN pool,,8.83867754957818,7080.30769349242
Pool,GLU pool,,1.69157923366345e-06,6845.32454995542
Pool,GLY pool,,0,0
Pool,GLY.c pool,,1.00214025558432e-07,7141.7307666615
Pool,GLY.m pool,,0.0864283207940797,0.0263475341836438
Pool,GLY.p pool,,1.06107026040957e-05,7460.06630225706
Pool,GLY.x pool,,1,Inf
Pool,Glyc pool,,2.79095623211892,1.26958050068437
Pool,Glyc.p pool,,1.69284398513962e-06,7316.61516449609
Pool,Glyc.x pool,,1,Inf
Pool,Glyx pool,,11.1372192850908,11.0283732974349
Pool,Glyx.p pool,,1.55036190596389e-06,6843.31509190556
Pool,Glyx.x pool,,1,Inf
Pool,HPA pool,,0.000167307419414054,7446.6889291263
Pool,HPA.p pool,,2.38237768587809e-07,7112.2026537402
Pool,HPA.x pool,,1,Inf
Pool,Hcy.c pool,,1,Inf
Pool,ICI pool,,0.00362002168501785,7269.8366829853
Pool,MAL pool,,0.562895012993433,0.517173306459979
Pool,Met pool,,0.000158959651017111,6978.35346362416
Pool,Met.c pool,,4.39683588690688e-07,7005.96535322703
Pool,Met.x pool,,1,Inf
Pool,OAA pool,,0.273846599146287,0.0514742268312464
Pool,P5P pool,,0,0
Pool,PEP pool,,0,0
Pool,PEP.c pool,,1.00000000000002e-07,0
Pool,PEP.x pool,,1,Inf
Pool,PRO pool,,5.39499638340595,6908.30224021021
Pool,PYR pool,,1.00000000002876e-07,0
Pool,PYR.c pool,,0.0121191981974584,0.00432820707076943
Pool,PYR.x pool,,1,Inf
Pool,Protein pool,,1,Inf
Pool,R5P pool,,0,0
Pool,R5P.p pool,,4.09201210960772e-06,6736.31015330084
Pool,R5P.x pool,,1,Inf
Pool,RU5P.p pool,,2.29648539238318e-06,6853.03197106307
Pool,RU5P.x pool,,1,Inf
Pool,RUBP pool,,0,0
Pool,RUBP.p pool,,2.31999875256928e-06,7359.77354746451
Pool,RUBP.x pool,,1,Inf
Pool,S6P pool,,1,Inf
Pool,S7P pool,,0,0
Pool,S7P.p pool,,2.02732774216576e-06,6506.78209307835
Pool,S7P.x pool,,1,Inf
Pool,SAH.c pool,,1,Inf
Pool,SAM pool,,4.6897755533566,2.6174793598387
Pool,SAM.c pool,,2.84022402174853e-06,6888.76979648148
Pool,SAM.x pool,,1,Inf
Pool,SBP pool,,0,0
Pool,SER pool,,0,0
Pool,SER.c pool,,1.00000000002876e-07,0
Pool,SER.m pool,,0.380884015291184,0.0492983103810962
Pool,SER.p pool,,0.000605851861377746,7120.9783888122
Pool,SER.x pool,,1,Inf
Pool,Sink pool,,1,Inf
Pool,Starch pool,,1,Inf
Pool,THR pool,,2986.25435139665,7126.76535579392
Pool,TP pool,,0,0
Pool,TP.c pool,,3.97732402005258e-06,7190.37520806077
Pool,TP.p pool,,3.08446218788315e-06,7394.50654065135
Pool,TP.x pool,,1,Inf
Pool,UDPG pool,,0,0
Pool,UDPG.c pool,,4.53813597397123,3.20459364647149
Pool,UDPG.x pool,,1,Inf
Pool,X5P.p pool,,2.34738946369057e-06,6720.94006454304
Pool,dummy pool,,1,Inf
Pool,dummyGLY pool,,1,Inf
Pool,dummySER pool,,1,Inf
Pool,meTHF pool,,0.000406343061118277,6899.78679608623
Pool,meTHF.c pool,,2.74437115069418e-07,7354.75864277147
Pool,meTHF.x pool,,1,Inf
Pool,myTHF.m pool,,1.00000000002876e-07,0
Pool,outSER pool,,1,Inf
Norm,Experiment2 Glyc205 #1 norm,,0.944139172821643,0.0319874739106248
Norm,Experiment2 Glyc205 #2 norm,,0.997171593095123,0.0177433802147643
Norm,Experiment2 Glyc205 #3 norm,,0.96622573439083,0.0230481632293691
Norm,Experiment2 Glyc205 #4 norm,,0.997284866813857,0.020949637301556
Norm,Experiment2 Glyc205 #5 norm,,1.02368002837758,0.0246901054949534
Norm,Experiment2 Glyc205 #6 norm,,0.972398243653759,0.0245510879630086
Norm,Experiment2 Glyc205 #7 norm,,0.966113324423999,0.0322193373646102
Norm,Experiment2 Glyc205 #8 norm,,0.965183920330283,0.0972213426206411
Norm,Experiment2 Glyx160 #1 norm,,1.00042998027651,0.011407683495889
Norm,Experiment2 Glyx160 #2 norm,,0.987587716073417,0.0114896411313186
Norm,Experiment2 Glyx160 #3 norm,,1.00522883640317,0.0131120692254201
Norm,Experiment2 Glyx160 #4 norm,,0.991959919065872,0.0181565158663713
Norm,Experiment2 Glyx160 #5 norm,,0.98745193014065,0.0167560409363185
Norm,Experiment2 Glyx160 #6 norm,,0.987046845088212,0.0221889237062266
Norm,Experiment2 Glyx160 #7 norm,,0.994600631961016,0.0296529509535752
Norm,Experiment2 Glyx160 #8 norm,,0.917936292638619,0.125185103389614
Norm,Experiment2 GLY276 #1 norm,,1.022536297619,0.0109010603397903
Norm,Experiment2 GLY276 #2 norm,,0.962100467484312,0.0220332884348877
Norm,Experiment2 GLY276 #3 norm,,1.00328549890792,0.019317422427085
Norm,Experiment2 GLY276 #4 norm,,1.01961076438736,0.0178992472881024
Norm,Experiment2 GLY276 #5 norm,,0.966665237776281,0.0374552905834882
Norm,Experiment2 GLY276 #6 norm,,1.0074085263947,0.0788621091509434
Norm,Experiment2 GLY276 #7 norm,,1.02822117732903,0.148535068635677
Norm,Experiment2 GLY276 #8 norm,,0.999225766683816,0.210464611030519
Norm,Experiment2 HPA262 #1 norm,,0.973324545101147,0.0198226147837437
Norm,Experiment2 HPA262 #2 norm,,0.992094795319786,0.0243387881358402
Norm,Experiment2 HPA262 #3 norm,,0.978853365114376,0.0241212263368778
Norm,Experiment2 HPA262 #4 norm,,0.981598827518878,0.0287713806808398
Norm,Experiment2 HPA262 #5 norm,,0.949443184194024,0.0220757498036055
Norm,Experiment2 HPA262 #6 norm,,0.974645963026179,0.0286805854686596
Norm,Experiment2 HPA262 #7 norm,,0.989535607651879,0.0271539172008813
Norm,Experiment2 HPA262 #8 norm,,1.03070981711176,0.0425823118580367
Norm,Experiment2 GA307 #1 norm,,1.00783029971957,0.01127683069512
Norm,Experiment2 GA307 #2 norm,,0.924807582104295,0.0288727709153011
Norm,Experiment2 GA307 #3 norm,,0.887964651943406,0.0203057455551228
Norm,Experiment2 GA307 #4 norm,,0.940572647216374,0.0241968413995715
Norm,Experiment2 GA307 #5 norm,,0.918268825543299,0.0649252986137154
Norm,Experiment2 GA307 #6 norm,,1.00394818694399,0.102785178568448
Norm,Experiment2 GA307 #7 norm,,0.929563471992025,0.0776206782174654
Norm,Experiment2 GA307 #8 norm,,0.939867822905501,0.159098861335474
Norm,Experiment2 SER306 #1 norm,,0.999338194082704,0.0128180726211301
Norm,Experiment2 SER306 #2 norm,,0.947327709705827,0.03511389648104
Norm,Experiment2 SER306 #3 norm,,1.02242960325679,0.0199603685282148
Norm,Experiment2 SER306 #4 norm,,1.01137316654556,0.0259642034577675
Norm,Experiment2 SER306 #5 norm,,1.03187955747813,0.0576942840070801
Norm,Experiment2 SER306 #6 norm,,0.973037072336961,0.103317145859998
Norm,Experiment2 SER306 #7 norm,,1.14913282118936,0.144754702729233
Norm,Experiment2 SER306 #8 norm,,1.06237174049125,0.168906813540894
Norm,Experiment2 meTHF #1 norm,,0.999058091675109,0.0100448611912467
Norm,Experiment2 meTHF #2 norm,,0.976612645323295,0.0143423071605739
Norm,Experiment2 meTHF #3 norm,,1.00765506855733,0.0268493980985847
Norm,Experiment2 meTHF #4 norm,,1.02306742605702,0.028110243397911
Norm,Experiment2 meTHF #5 norm,,0.953711083316666,0.0740095298327273
Norm,Experiment2 meTHF #6 norm,,1.00526314288034,0.179395458073408
Norm,Experiment2 meTHF #7 norm,,1.07191237413468,0.219769537954432
Norm,Experiment2 meTHF #8 norm,,1.06060223934616,0.0827865217893069
Norm,Experiment2 FmTHF #1 norm,,1.0025248891243,0.00984851820239361
Norm,Experiment2 FmTHF #2 norm,,0.980721809568859,0.0113300114685804
Norm,Experiment2 FmTHF #3 norm,,1.01076767566634,0.0102486311119451
Norm,Experiment2 FmTHF #4 norm,,0.980473914084201,0.0202745854175514
Norm,Experiment2 FmTHF #5 norm,,0.980373086670583,0.0408515553379152
Norm,Experiment2 FmTHF #6 norm,,1.02175997854315,0.0822807267501305
Norm,Experiment2 FmTHF #7 norm,,1.01330808013058,0.111326577623116
Norm,Experiment2 FmTHF #8 norm,,1.01007165161088,0.0706173705419067
Norm,Experiment2 Met176 #1 norm,,0.989002089017159,0.0241897595961894
Norm,Experiment2 Met176 #2 norm,,1.0120733104936,0.0420591010094989
Norm,Experiment2 Met176 #3 norm,,0.827286230709161,0.0321168229642052
Norm,Experiment2 Met176 #4 norm,,0.800512933871563,0.0649096961381543
Norm,Experiment2 Met176 #5 norm,,0.942968738486905,0.0687805822750359
Norm,Experiment2 Met176 #6 norm,,1.01613226494002,0.0343803980169754
Norm,Experiment2 Met176 #7 norm,,0.995426112517569,0.0688092855000877
Norm,Experiment2 Met176 #8 norm,,0.99959299304131,0.179934807353085
Norm,Experiment2 SAM #1 norm,,1.01703312819122,0.0146483592839185
Norm,Experiment2 SAM #2 norm,,1.00457314977097,0.0224684150764254
Norm,Experiment2 SAM #3 norm,,0.921671716187634,0.0333030790028739
Norm,Experiment2 SAM #4 norm,,1.03823010317913,0.0449022386507433
Norm,Experiment2 SAM #5 norm,,1.01077907916159,0.0261232344672616
Norm,Experiment2 SAM #6 norm,,0.946936868220295,0.0546557239610993
Norm,Experiment2 SAM #7 norm,,1.01800532471124,0.069933771675291
Norm,Experiment2 SAM #8 norm,,0.99921057130344,0.0768172330619539
Norm,Experiment2 CIT465 #1 norm,,0.974083289237607,0.0123380267965187
Norm,Experiment2 CIT465 #2 norm,,0.972122535154409,0.0102107996131159
Norm,Experiment2 CIT465 #3 norm,,0.959076331936541,0.0127653137215221
Norm,Experiment2 CIT465 #4 norm,,0.973845702311559,0.0126153122582082
Norm,Experiment2 CIT465 #5 norm,,0.978452189552349,0.0160731960188545
Norm,Experiment2 CIT465 #6 norm,,0.986572215541748,0.0111319053786722
Norm,Experiment2 CIT465 #7 norm,,1.00163237907376,0.0152995180045788
Norm,Experiment2 CIT465 #8 norm,,0.999959481393998,0.0206679916751266
Norm,Experiment2 MAL335 #1 norm,,1.00259682645197,0.0118670012672602
Norm,Experiment2 MAL335 #2 norm,,0.983806546713231,0.0134566671695
Norm,Experiment2 MAL335 #3 norm,,0.992926107123313,0.0129563374220056
Norm,Experiment2 MAL335 #4 norm,,1.01571955505478,0.0120574777817617
Norm,Experiment2 MAL335 #5 norm,,0.9920622845291,0.0152181715245379
Norm,Experiment2 MAL335 #6 norm,,0.992730733482545,0.0150421025735902
Norm,Experiment2 MAL335 #7 norm,,0.9849857824291,0.0209970174519261
Norm,Experiment2 MAL335 #8 norm,,0.97814775634864,0.0412305126958726
Norm,Experiment2 ASP334 #1 norm,,0.993533331232592,0.0162833119887585
Norm,Experiment2 ASP334 #2 norm,,1.01940577439412,0.0246541699284575
Norm,Experiment2 ASP334 #3 norm,,0.977993705689714,0.0179660013234894
Norm,Experiment2 ASP334 #4 norm,,1.01914145654507,0.0234350848167501
Norm,Experiment2 ASP334 #5 norm,,0.975196228704037,0.0363984385241703
Norm,Experiment2 ASP334 #6 norm,,0.969528620921092,0.0596645558645879
Norm,Experiment2 ASP334 #7 norm,,0.992006225674579,0.0589158810409592
Norm,Experiment2 ASP334 #8 norm,,1.00604327847435,0.0398765174515361
Norm,Experiment2 GLU348 #1 norm,,0.993295513031098,0.0115607463671919
Norm,Experiment2 GLU348 #2 norm,,0.963457338755496,0.0122702219985711
Norm,Experiment2 GLU348 #3 norm,,0.988563373721627,0.0116956073630005
Norm,Experiment2 GLU348 #4 norm,,1.0248502385122,0.0158040445412946
Norm,Experiment2 GLU348 #5 norm,,0.960587327781457,0.0289428046435579
Norm,Experiment2 GLU348 #6 norm,,0.972670260750162,0.01496646175575
Norm,Experiment2 GLU348 #7 norm,,0.96104419770037,0.0222720324797657
Norm,Experiment2 GLU348 #8 norm,,0.877933203738861,0.0507847634905891
Norm,Experiment2 THR320 #1 norm,,1.02669503672363,0.0104543784026812
Norm,Experiment2 THR320 #2 norm,,0.998693319163748,0.011731028930526
Norm,Experiment2 THR320 #3 norm,,1.00849655603061,0.010455277543142
Norm,Experiment2 THR320 #4 norm,,0.970365929068119,0.0106811888044096
Norm,Experiment2 THR320 #5 norm,,0.96995170942851,0.0202458953273846
Norm,Experiment2 THR320 #6 norm,,0.954765600974028,0.0104209638785708
Norm,Experiment2 THR320 #7 norm,,0.989855084461594,0.0143498088497062
Norm,Experiment2 THR320 #8 norm,,0.904887207798703,0.0345562004126098
Norm,Experiment2 ALA116 #1 norm,,1.00002826940308,0.00992356871984621
Norm,Experiment2 ALA116 #2 norm,,1.02811889303796,0.0104412737792362
Norm,Experiment2 ALA116 #3 norm,,0.99219837229781,0.010341918759518
Norm,Experiment2 ALA116 #4 norm,,0.982628617899219,0.0246954659772266
Norm,Experiment2 ALA116 #5 norm,,1.07122947851354,0.0886389822516826
Norm,Experiment2 ALA116 #6 norm,,1.00423704395015,0.0711001939207303
Norm,Experiment2 ALA116 #7 norm,,1.01155893639722,0.107411907762285
Norm,Experiment2 ALA116 #8 norm,,0.928172419907931,0.165007074302444
Norm,Experiment2 PYR #1 norm,,0.99236837708268,0.0123754055798973
Norm,Experiment2 PYR #2 norm,,0.916782571675968,0.052901493471981
Norm,Experiment2 PYR #3 norm,,0.947011236847071,0.0581283081691629
Norm,Experiment2 PYR #4 norm,,1.04508257559307,0.0509473378224725
Norm,Experiment2 PYR #5 norm,,0.993650486262792,0.129157843372195
Norm,Experiment2 PYR #6 norm,,0.982147188261781,0.126152794177739
Norm,Experiment2 PYR #7 norm,,1.0131473952369,0.0701275754628382
Norm,Experiment2 PYR #8 norm,,0.968614532892694,0.10885211182122
