type,id,eqn,val,std
Net flux,CO2.t,CO2.t -> CO2,66.0591639881912,1.51907155654351
Net flux,CO2_sink,dummy -> Sink,66.0591639881911,1.51907155654351
Net flux,RUBICSO_CO2,RUBP.p + CO2 -> 3PGA.p + 3PGA.p + dummy,67.6179266620195,1.52392350739292
Net flux,GAPDH.p net,3PGA.p <-> TP.p,137.359724442897,3.07961022936538
Exch flux,GAPDH.p exch,3PGA.p <-> TP.p,94263.7677471876,1405.26029077981
Net flux,ALD,TP.p + E4P.p -> SBP,23.2577405957706,0.50935759556691
Net flux,SBP,SBP -> S7P.p,23.2577405957706,0.50935759556691
Net flux,FBA.p net,TP.p + TP.p <-> FBP.p,31.5617615230731,0.795991092661269
Exch flux,FBA.p exch,TP.p + TP.p <-> FBP.p,22893.5668815509,1215.6531113508
Net flux,PFK.p net,FBP.p <-> F6P.p,31.5617615230762,0.795991092661269
Exch flux,PFK.p exch,FBP.p <-> F6P.p,1.00023697768847e-07,1.02419417018189e-16
Net flux,TK1 net,TP.p + EC2 <-> X5P.p,46.5154811915411,1.01871519113382
Exch flux,TK1 exch,TP.p + EC2 <-> X5P.p,1.00000008274037e-07,0
Net flux,TK2 net,S7P.p <-> R5P.p + EC2,23.2577405957705,0.50935759556691
Exch flux,TK2 exch,S7P.p <-> R5P.p + EC2,37.7875023670586,3710.39776832687
Net flux,TK3 net,F6P.p <-> E4P.p + EC2,23.2577405957709,0.50935759556691
Exch flux,TK3 exch,F6P.p <-> E4P.p + EC2,8245.82906018016,3671.10664427893
Net flux,PPE net,X5P.p <-> RU5P.p,46.515481191541,1.01871519113382
Exch flux,PPE exch,X5P.p <-> RU5P.p,61.9619452150199,3603.38663612966
Net flux,PPI net,R5P.p <-> RU5P.p,23.2577405957706,0.50935759556691
Exch flux,PPI exch,R5P.p <-> RU5P.p,240.528657856408,3341.19104187525
Net flux,PRK,RU5P.p -> RUBP.p,69.7732217873117,1.52807278669203
Net flux,RUBISCO_O2,RUBP.p -> 3PGA.p + 2PG.p,2.15529512529223,0.0847047330383452
Net flux,GLYdil net,GLY.p <-> GLY.x + dummyGLY,0.011369440555022,0.00161778356035396
Exch flux,GLYdil exch,GLY.p <-> GLY.x + dummyGLY,1.0000000116861e-07,0
Net flux,SERdil net,SER.p <-> SER.x + dummySER,0.0752844002107551,0.198541058671507
Exch flux,SERdil exch,SER.p <-> SER.x + dummySER,9.99787985733747e-08,5.06135065118224e-14
Net flux,GK,GA.p -> 3PGA.p,0.444374249729339,0.356607913367951
Net flux,PGI.p net,F6P.p <-> G6P.p,8.30402092730467,0.41328749028546
Exch flux,PGI.p exch,F6P.p <-> G6P.p,1.00009621917252e-07,6.74823074220932e-14
Net flux,PGM.p,G6P.p -> ADPG.p,8.30402092730467,0.41328749028546
Net flux,Starch,ADPG.p -> Starch,8.30402092730465,0.41328749028546
Net flux,FBA.c net,TP.c + TP.c <-> FBP.c,2.23148980471525,0.317523760616441
Exch flux,FBA.c exch,TP.c + TP.c <-> FBP.c,22.0209820698372,2936.73839865019
Net flux,PFK.c net,FBP.c <-> F6P.c,2.23148980471527,0.317523760616441
Exch flux,PFK.c exch,FBP.c <-> F6P.c,7.86347597699574,14.591134878946
Net flux,PGI.c net,F6P.c <-> G6P.c,1.11574490235765,0.15876188030822
Exch flux,PGI.c exch,F6P.c <-> G6P.c,228.336243916456,3552.40782920491
Net flux,PGM.c net,G6P.c <-> UDPG.c,1.11574490235216,0.15876188030822
Exch flux,PGM.c exch,G6P.c <-> UDPG.c,48481.7295611372,3284.31741080487
Net flux,SPS,F6P.c + UDPG.c -> S6P,1.11574490235759,0.15876188030822
Net flux,PGAM.c net,3PGA.c <-> PEP.c,0.475798256160753,0.0677024162532404
Exch flux,PGAM.c exch,3PGA.c <-> PEP.c,0.0123621004882055,3510.29134770615
Net flux,PK.c,PEP.c -> PYR.c,0.215974740749893,0.0307315371753955
Net flux,PDH,PYR.c + dummy -> ACA + CO2,0.179746503770008,0.0255765389203667
Net flux,CS,OAA + ACA -> CIT,0.179746503770004,0.0255765389203667
Net flux,ACO net,CIT <-> ICI,0.179746503770048,0.0255765389203667
Exch flux,ACO exch,CIT <-> ICI,1629.3617687492,3947.88035711612
Net flux,IDH,ICI + dummy -> AKG + CO2,0.17974650377002,0.0255765389203667
Net flux,MDH net,MAL <-> OAA,7.105427357601e-15,0
Exch flux,MDH exch,MAL <-> OAA,0.230768848990103,0.0538995314139962
Net flux,PPC,PEP.c + CO2 -> OAA + dummy,0.259823515412655,0.0369708790851756
Net flux,T_3PGA net,3PGA.p <-> 3PGA.c,0.475798256160729,0.0677024162532404
Exch flux,T_3PGA exch,3PGA.p <-> 3PGA.c,1.0000000116861e-07,0
Net flux,T_DHAP net,TP.p <-> TP.c,4.46297960943056,0.635047521232881
Exch flux,T_DHAP exch,TP.p <-> TP.c,2.97539712784697,1.39333465418902
Net flux,ALT,PYR.c -> ALA.c,0.0362282369796257,0.00515499825245326
Net flux,ASPT,OAA -> ASP,0.0800770116422904,0.0113943401526248
Net flux,GLUDH,AKG -> GLU,0.179746503769997,0.0255765389203667
Net flux,PCR net,GLU <-> PRO,-2.48689957516035e-14,0
Exch flux,PCR exch,GLU <-> PRO,1.0000000116861e-07,0
Net flux,GS net,GLU <-> GLN,0,0
Exch flux,GS exch,GLU <-> GLN,1.00042491624208e-07,0
Net flux,TS net,ASP <-> THR,0,0
Exch flux,TS exch,ASP <-> THR,1.0000000116861e-07,0
Net flux,AS net,ASP <-> ASN,1.06581410364015e-14,0
Exch flux,AS exch,ASP <-> ASN,1.0000000116861e-07,0
Net flux,G_3PGA.p,0*3PGA.p -> 3PGA,2.46866316899741e-06,5477.08055084957
Net flux,G_3PGA.c,0*3PGA.c -> 3PGA,92.9119081395492,3736.61310527295
Net flux,G_DHAP.p,0*TP.p -> TP,40.6853798422419,5052.2093635116
Net flux,G_DHAP.c,0*TP.c -> TP,51.8471856996948,3393.05196066687
Net flux,G_F6P.p,0*F6P.p -> F6P,48.6686345030748,4966.58405479726
Net flux,G_F6P.c,0*F6P.c -> F6P,36.546576817712,3739.61364014301
Net flux,G_FBP.p,0*FBP.p -> FBP,2.4686614779057e-06,5369.66335980322
Net flux,G_FBP.c,0*FBP.c -> FBP,83.4512310515566,3708.93298276229
Net flux,G_G6P.p,0*G6P.p -> G6P,19.0549768397257,5185.76310389755
Net flux,G_G6P.c,0*G6P.c -> G6P,58.8549499993082,3678.78776226721
Net flux,G_RU5P.p,0*RU5P.p -> P5P,2.46865389286199e-06,5440.01026758147
Net flux,G_X5P.p,0*X5P.p -> P5P,92.8477691492677,3733.22734924929
Net flux,G_R5P.p,0*R5P.p -> R5P,82.2810779884949,3792.64156674737
Net flux,G_GA.p,0*GA.p -> GA,28.7047138576873,3.9711040780252
Net flux,G_SER.p,0*SER.p -> SER,78.165637060424,3695.52618658204
Net flux,G_GLY.p,0*GLY.p -> GLY,4.71545891205996,3685.21771075248
Net flux,G_RUBP.p,0*RUBP.p -> RUBP,92.5302752673063,3874.5982142626
Net flux,G_S7P.p,0*S7P.p -> S7P,98.4567310636212,3850.02100767623
Net flux,G_2PG.p,0*2PG.p -> 2PG,87.0427532706349,3826.45830784174
Net flux,G_ADPG.p,0*ADPG.p -> ADPG,95.0805622183481,3622.2739494011
Net flux,G_PEP.c,0*PEP.c -> PEP,89.2305410445615,3483.7658081753
Net flux,G_UDPG.c,0*UDPG.c -> UDPG,72.4268033045549,3814.72229465855
Net flux,G_ALA.c,0*ALA.c -> ALA,69.921280527012,5.75662825919202
Net flux,(1-G)_GA,0*GA.x -> GA,71.2952861423147,3.9711040780252
Net flux,(1-G)_SER,0*SER.x -> SER,21.8343610432387,4.96193325071874
Net flux,(1-G)_GLY,0*GLY.x -> GLY,40.6677011396547,10.9421054201864
Net flux,(1-G)_R5P,0*R5P.x -> R5P,17.718922011502,3792.64156674737
Net flux,(1-G)_RUBP,0*RUBP.x -> RUBP,7.46972473269241,3874.5982142626
Net flux,(1-G)_3PGA,0*3PGA.x -> 3PGA,7.08808939178787,3959.18510345312
Net flux,(1-G)_TP,0*TP.x -> TP,7.46743445806384,3891.0792640798
Net flux,(1-G)_F6P,0*F6P.x -> F6P,14.7847886792169,3636.73538690682
Net flux,(1-G)_FBP,0*FBP.x -> FBP,16.5487664797767,3873.01000296761
Net flux,(1-G)_G6P,0*G6P.x -> G6P,22.0900731609643,3801.3038157122
Net flux,(1-G)_RU5P,0*RU5P.x -> P5P,7.1522283820798,3765.08100165465
Net flux,(1-G)_S7P,0*S7P.x -> S7P,1.5432689363768,3850.02100767623
Net flux,(1-G)_2PG,0*2PG.x -> 2PG,12.9572467293675,3826.45830784174
Net flux,(1-G)_ADPG,0*ADPG.x -> ADPG,4.91943778165087,3622.2739494011
Net flux,(1-G)_PEP,0*PEP.x -> PEP,10.7694589554367,3483.7658081753
Net flux,(1-G)_UDPG,0*UDPG.x -> UDPG,27.5731966954463,3814.72229465855
Net flux,(1-G)_ALA,0*ALA.x -> ALA,30.0787194729878,5.75662825919202
Net flux,PGASink,3PGA -> Sink,100,0
Net flux,DHAPSink,TP -> Sink,100.000000000001,0
Net flux,F6PSink,F6P -> Sink,100.000000000004,0
Net flux,FBPSink,FBP -> Sink,99.9999999999948,0
Net flux,G6PSink,G6P -> Sink,99.9999999999983,0
Net flux,P5PSink,P5P -> Sink,100.000000000001,0
Net flux,R5PSink,R5P -> Sink,99.9999999999968,0
Net flux,GASink,GA -> Sink,100.000000000002,0
Net flux,SERSink,SER -> Sink,99.9999999999996,0
Net flux,GLYSink,GLY -> Sink,100.000000000001,0
Net flux,RUBPSink,RUBP -> Sink,99.9999999999987,0
Net flux,S7PSink,S7P -> Sink,99.9999999999979,0
Net flux,2PGSink,2PG -> Sink,100.000000000002,0
Net flux,ADPGSink,ADPG -> Sink,99.9999999999989,0
Net flux,PEPSink,PEP -> Sink,99.9999999999983,0
Net flux,UDPGSink,UDPG -> Sink,100.000000000001,0
Net flux,ALASink,ALA -> Sink,99.9999999999998,0
Net flux,S6Pout-LL,S6P + 0.1611*GLU + 0.07177*ASP + 0.03247*ALA.c + 0.01019*dummyGLY + 0.03484*dummySER -> Sink,1.11574490235763,0.15876188030822
Net flux,PGP.p,2PG.p -> Glyc.p,2.15529512529225,0.0847047330383452
Net flux,GOX,Glyc.p -> Glyx.p,2.15529512529226,0.0847047330383452
Net flux,GGT,Glyx.p -> GLY.p,2.15529512529225,0.0847047330383452
Net flux,SGAT,SER.p -> HPA.p,0.444374249729328,0.356607913367951
Net flux,HPR.p,HPA.p -> GA.p,0.444374249729322,0.356607913367951
Net flux,T_GLY-m net,GLY.p <-> GLY.m,2.16742587745466,3669.23627907267
Exch flux,T_GLY-m exch,GLY.p <-> GLY.m,20047.1188968912,3399.25531778845
Net flux,GDC.m,GLY.m + dummy -> myTHF.m + CO2,1.45909318170122,0.109890242597531
Net flux,T_SER-m net,SER.p <-> SER.m,-1.45909318170122,0.109890242597531
Exch flux,T_SER-m exch,SER.p <-> SER.m,0.337801967139123,7.04417022737383
Net flux,mSHMT,GLY.m + myTHF.m -> SER.m,1.45909318170122,0.109890242597531
Net flux,T_SER-c net,SER.p <-> SER.c,0.939434531761134,0.405656652456901
Exch flux,T_SER-c exch,SER.p <-> SER.c,0.0370643690023513,0.150268365648946
Net flux,T_Gly-c net,GLY.p <-> GLY.c,-0.0235001927225076,3669.23627809362
Exch flux,T_Gly-c exch,GLY.p <-> GLY.c,9.99999998363421e-08,0
Net flux,cSHMT,SER.c -> GLY.c + meTHF.c,0.939434431761344,2890.35265871553
Net flux,FmTHF-reductase net,meTHF.c <-> FmTHF.c,0.939434431761345,2890.35265871553
Exch flux,FmTHF-reductase exch,meTHF.c <-> FmTHF.c,8.00805750938477,4654.39764008646
Net flux,Met-synthase,FmTHF.c + Hcy.c -> Met.c,0.939434431761324,2890.35265871553
Net flux,SAM-synthase,Met.c -> SAM.c,0.939434431761333,2890.35265871553
Net flux,Methylation,SAM.c -> SAH.c + Acceptor.c,0.939434431761328,2890.35265871553
Net flux,hydrolysis,SAH.c -> Hcy.c,0.939434431761321,2890.35265871553
Net flux,G_SER.m,0*SER.m -> SER,1.0000000116861e-07,0
Net flux,G_SER.c,0*SER.c -> SER,1.79633681796076e-06,3695.52285518654
Net flux,G_Gly.m,0*GLY.m -> GLY,8.84121890187828e-05,3685.2174545926
Net flux,G_Gly.c,0*GLY.c -> GLY,54.6167515360976,11.0336613936183
Net flux,T_GLY-c-m,GLY.c -> GLY.m,0.750760485942733,3669.23628323174
Net flux,G_Glyc,0*Glyc.p -> Glyc,12.7830126401967,1.84712027624413
Net flux,G_Glyx,0*Glyx.p -> Glyx,99.5790546611664,3868.36675426919
Net flux,G_HPA,0*HPA.p -> HPA,4.78593899819993,1.90137725396749
Net flux,(1-G)_Glyc,0*Glyc.x -> Glyc,87.2169873598039,1.84712027624413
Net flux,(1-G)_Glyx,0*Glyx.x -> Glyx,0.42094533883445,3868.36675426919
Net flux,(1-G)_HPA,0*HPA.x -> HPA,95.2140610018,1.90137725396749
Net flux,GlycSink,Glyc -> Sink,100.000000000001,0
Net flux,GlyxSink,Glyx -> Sink,100.000000000001,0
Net flux,HPASink,HPA -> Sink,99.9999999999998,0
Net flux,SERex,dummySER -> outSER,0.036408270728042,0.198739435231459
Net flux,G_PYR,0*PYR.c -> PYR,44.8684791364471,2.94003989324957
Net flux,(1-G)_PYR,0*PYR.x -> PYR,55.1315208635532,2.94003989324957
Net flux,PYRSink,PYR -> Sink,100,0
Net flux,G_meTHF,0*meTHF.c -> meTHF,94.0386877165179,5.69576842931976
Net flux,G_FmTHF,0*FmTHF.c -> FmTHF,67.4241851209332,4.43305711251111
Net flux,G_Met,0*Met.c -> Met,57.337730694573,5.78958801386649
Net flux,G_SAM,0*SAM.c -> SAM,61.8978405415643,6.43164089477065
Net flux,(1-G)_meTHF,0*meTHF.x -> meTHF,5.96131228348199,5.69576842931976
Net flux,(1-G)_FmTHF,0*FmTHF.x -> FmTHF,32.5758148790669,4.43305711251111
Net flux,(1-G)_Met,0*Met.x -> Met,42.662269305427,5.78958801386649
Net flux,(1-G)_SAM,0*SAM.x -> SAM,38.1021594584357,6.43164089477065
Net flux,meTHFSink,meTHF -> Sink,99.9999999999999,0
Net flux,FmTHFSink,FmTHF -> Sink,100,0
Net flux,MetSink,Met -> Sink,100,0
Net flux,SAMsink,SAM -> Sink,100,0
Net flux,Met-protein,Met.c -> Protein,6.51983996113883e-15,0
Net flux,GLY-protein,GLY.c -> Protein,0.165173753096131,2890.35434717616
Net flux,SER-protein,SER.c -> Protein,9.99997906703243e-08,2890.36348011655
Pool,2PG pool,,0,0
Pool,2PG.p pool,,1.2281040429821e-06,3863.83681607796
Pool,2PG.x pool,,1,Inf
Pool,3PGA pool,,0,0
Pool,3PGA.c pool,,1.00000000000057e-07,0
Pool,3PGA.p pool,,2.63503038050228e-06,3664.54616160162
Pool,3PGA.x pool,,1,Inf
Pool,ACA pool,,6.84601773443706e-07,3837.34479736939
Pool,ADPG pool,,0,0
Pool,ADPG.p pool,,9.9999999999999e-08,Inf
Pool,ADPG.x pool,,1,Inf
Pool,AKG pool,,7.72937625090869e-07,3699.58433949924
Pool,ALA pool,,0,0
Pool,ALA.c pool,,0.00598860211941288,0.00196300064713688
Pool,ALA.x pool,,1,Inf
Pool,ASN pool,,7566.06819373698,3641.43592317837
Pool,ASP pool,,1.36069569991095e-07,3799.24637166565
Pool,Acceptor.c pool,,1,Inf
Pool,CIT pool,,2.70311144006965,0.759366067781116
Pool,CO2 pool,,1.55741362957221e-05,3744.882925656
Pool,CO2.t pool,,1,Inf
Pool,E4P.p pool,,0,0
Pool,EC2 pool,,0,0
Pool,F6P pool,,0,0
Pool,F6P.c pool,,3.82963371805829e-06,3626.28720868497
Pool,F6P.p pool,,1.77359329883276e-06,3579.19863808995
Pool,F6P.x pool,,1,Inf
Pool,FBP pool,,0,0
Pool,FBP.c pool,,3.66407989239773e-06,3870.63585788455
Pool,FBP.p pool,,1.88851287675549e-06,3811.29355923695
Pool,FBP.x pool,,1,Inf
Pool,FmTHF pool,,2.61939656468451,2.56516115795717
Pool,FmTHF.c pool,,8.95925550096866e-07,3745.62368278323
Pool,FmTHF.x pool,,1,Inf
Pool,G6P pool,,0,0
Pool,G6P.c pool,,9.87561152071831e-06,3583.70067650407
Pool,G6P.p pool,,3.74133785726189e-06,3524.79887014418
Pool,G6P.x pool,,1,Inf
Pool,GA pool,,0,0
Pool,GA.p pool,,1.96689876930432e-07,3610.49549517568
Pool,GA.x pool,,1,Inf
Pool,GLN pool,,8.83867754930811,3794.01550536687
Pool,GLU pool,,7.72941377261767e-07,3821.99633648887
Pool,GLY pool,,0,0
Pool,GLY.c pool,,0.109775081041247,337.74638187851
Pool,GLY.m pool,,6.13353750146489e-06,3646.36006567697
Pool,GLY.p pool,,1.2112906736939e-05,3911.20549917565
Pool,GLY.x pool,,1,Inf
Pool,Glyc pool,,9.23525916851786,3.40026126694446
Pool,Glyc.p pool,,1.59802224310685e-06,3726.89030750337
Pool,Glyc.x pool,,1,Inf
Pool,Glyx pool,,1066.87880321865,424.244739636129
Pool,Glyx.p pool,,9.78407803964274e-06,3518.09786402791
Pool,Glyx.x pool,,1,Inf
Pool,HPA pool,,0.00018210347084605,3768.00592651638
Pool,HPA.p pool,,1.95588208164619e-07,3736.69317360228
Pool,HPA.x pool,,1,Inf
Pool,Hcy.c pool,,1,Inf
Pool,ICI pool,,0.00292120787117125,3705.1333922197
Pool,MAL pool,,0.567697880347667,0.174176803673298
Pool,Met pool,,0.000134998675002181,3807.40914478244
Pool,Met.c pool,,6.34163813364016e-07,3555.88538336868
Pool,Met.x pool,,1,Inf
Pool,OAA pool,,0.220779203999625,0.0425601969468437
Pool,P5P pool,,0,0
Pool,PEP pool,,0,0
Pool,PEP.c pool,,0.00268894323503977,0.00344666889593804
Pool,PEP.x pool,,1,Inf
Pool,PRO pool,,5.39499638313611,3719.46454361882
Pool,PYR pool,,1e-07,0
Pool,PYR.c pool,,0.0161662516445652,0.0051493640827951
Pool,PYR.x pool,,1,Inf
Pool,Protein pool,,1,Inf
Pool,R5P pool,,0,0
Pool,R5P.p pool,,3.02992259608316e-06,3669.7706979981
Pool,R5P.x pool,,1,Inf
Pool,RU5P.p pool,,1.87548561882143e-06,3776.64057537793
Pool,RU5P.x pool,,1,Inf
Pool,RUBP pool,,0,0
Pool,RUBP.p pool,,1.88357735302668e-06,3821.93060722605
Pool,RUBP.x pool,,1,Inf
Pool,S6P pool,,1,Inf
Pool,S7P pool,,0,0
Pool,S7P.p pool,,1.56119809305499e-06,3600.26210578096
Pool,S7P.x pool,,1,Inf
Pool,SAH.c pool,,1,Inf
Pool,SAM pool,,14.4742210051299,6.58474130507875
Pool,SAM.c pool,,1.73018624840765e-06,3678.78236920119
Pool,SAM.x pool,,1,Inf
Pool,SBP pool,,0,0
Pool,SER pool,,0,0
Pool,SER.c pool,,1e-07,0
Pool,SER.m pool,,0.40045771054305,0.0708496516450097
Pool,SER.p pool,,0.0173963410577808,0.0246237560358993
Pool,SER.x pool,,1,Inf
Pool,Sink pool,,1,Inf
Pool,Starch pool,,1,Inf
Pool,THR pool,,3889.73817108864,3679.66594818977
Pool,TP pool,,0,0
Pool,TP.c pool,,4.00752595085378e-06,3756.48714728651
Pool,TP.p pool,,2.70587204339133e-06,3594.77150730771
Pool,TP.x pool,,1,Inf
Pool,UDPG pool,,0,0
Pool,UDPG.c pool,,2.9931993139391,3.06269514390597
Pool,UDPG.x pool,,1,Inf
Pool,X5P.p pool,,1.90507481466407e-06,3846.3535484905
Pool,dummy pool,,1,Inf
Pool,dummyGLY pool,,1,Inf
Pool,dummySER pool,,1,Inf
Pool,meTHF pool,,0.200392221138043,3723.05675746592
Pool,meTHF.c pool,,9.10679266314174e-07,3864.47168439222
Pool,meTHF.x pool,,1,Inf
Pool,myTHF.m pool,,0.0124784298460661,0.0385548166276889
Pool,outSER pool,,1,Inf
Norm,Experiment2 Glyc205 #1 norm,,0.935408545665744,0.0320236293472837
Norm,Experiment2 Glyc205 #2 norm,,0.978796000211567,0.0153027513382012
Norm,Experiment2 Glyc205 #3 norm,,0.962520190008567,0.0215406374918539
Norm,Experiment2 Glyc205 #4 norm,,0.980117023836126,0.0213638523496239
Norm,Experiment2 Glyc205 #5 norm,,1.02883676143164,0.0244407974149078
Norm,Experiment2 Glyc205 #6 norm,,0.967918933295246,0.0240732544794074
Norm,Experiment2 Glyc205 #7 norm,,1.01147887245954,0.0360114941658647
Norm,Experiment2 Glyc205 #8 norm,,0.896050024847601,0.108326867969915
Norm,Experiment2 Glyx160 #1 norm,,1.01048466716985,0.0114395531508331
Norm,Experiment2 Glyx160 #2 norm,,0.963420219332431,0.0109921238386867
Norm,Experiment2 Glyx160 #3 norm,,1.01262209586952,0.012552696972444
Norm,Experiment2 Glyx160 #4 norm,,1.06551977509258,0.0170861624542201
Norm,Experiment2 Glyx160 #5 norm,,0.993435297061263,0.0142881711202344
Norm,Experiment2 Glyx160 #6 norm,,1.0015729066667,0.0205911190533965
Norm,Experiment2 Glyx160 #7 norm,,0.999711002137856,0.0305895058677618
Norm,Experiment2 Glyx160 #8 norm,,0.911471710024734,0.12194123956089
Norm,Experiment2 GLY276 #1 norm,,0.997158945297652,0.0103755521095551
Norm,Experiment2 GLY276 #2 norm,,0.935641875187542,0.0217623935344821
Norm,Experiment2 GLY276 #3 norm,,1.00277139675885,0.0194247308244999
Norm,Experiment2 GLY276 #4 norm,,1.02905618905716,0.0178991332698985
Norm,Experiment2 GLY276 #5 norm,,1.00593687243051,0.0369459668255885
Norm,Experiment2 GLY276 #6 norm,,0.977576372643884,0.0857346889259801
Norm,Experiment2 GLY276 #7 norm,,1.01734008343339,0.158860905319159
Norm,Experiment2 GLY276 #8 norm,,1.01933681562642,0.202700412150233
Norm,Experiment2 HPA262 #1 norm,,1.00042356057838,0.0199597256298693
Norm,Experiment2 HPA262 #2 norm,,0.979920212173038,0.0255046352368152
Norm,Experiment2 HPA262 #3 norm,,0.991292694489406,0.0235795601707733
Norm,Experiment2 HPA262 #4 norm,,0.889723837680819,0.0266121656676852
Norm,Experiment2 HPA262 #5 norm,,0.9666791899216,0.0224142989506376
Norm,Experiment2 HPA262 #6 norm,,0.957556638463325,0.0278975149220291
Norm,Experiment2 HPA262 #7 norm,,0.956230042564465,0.0235341200153689
Norm,Experiment2 HPA262 #8 norm,,1.01625111217577,0.0386330007332303
Norm,Experiment2 GA307 #1 norm,,0.990027766223822,0.0109012763546274
Norm,Experiment2 GA307 #2 norm,,0.905675226338261,0.0288985555709022
Norm,Experiment2 GA307 #3 norm,,0.850665594542344,0.0196865165857755
Norm,Experiment2 GA307 #4 norm,,0.965352930606085,0.0267369719648814
Norm,Experiment2 GA307 #5 norm,,0.946655638766506,0.0686760479686747
Norm,Experiment2 GA307 #6 norm,,0.835272588270131,0.10070384050474
Norm,Experiment2 GA307 #7 norm,,0.873975363160748,0.0731228680292255
Norm,Experiment2 GA307 #8 norm,,1.04255523872828,0.133424798729301
Norm,Experiment2 SER306 #1 norm,,0.987321049792438,0.0124973442114483
Norm,Experiment2 SER306 #2 norm,,0.995737609822063,0.0496344544718001
Norm,Experiment2 SER306 #3 norm,,1.04582351766491,0.0667321342074427
Norm,Experiment2 SER306 #4 norm,,1.00179953386663,0.0666479681770024
Norm,Experiment2 SER306 #5 norm,,1.01080914542498,0.0724288101283518
Norm,Experiment2 SER306 #6 norm,,0.990744661319013,0.115796554204471
Norm,Experiment2 SER306 #7 norm,,1.03379660626023,0.108783903643586
Norm,Experiment2 SER306 #8 norm,,1.00920720533277,0.112931947057614
Norm,Experiment2 meTHF #1 norm,,0.994120909218297,0.0100019392336413
Norm,Experiment2 meTHF #2 norm,,1.03016763769496,0.0150302063460642
Norm,Experiment2 meTHF #3 norm,,0.983957854248657,0.0294281913164699
Norm,Experiment2 meTHF #4 norm,,0.987194496916762,0.0302660195446086
Norm,Experiment2 meTHF #5 norm,,0.966266699743722,0.0787445972422837
Norm,Experiment2 meTHF #6 norm,,1.00986480008923,0.143405486910802
Norm,Experiment2 meTHF #7 norm,,1.01682168671348,0.232457846901857
Norm,Experiment2 meTHF #8 norm,,0.988583442260416,0.0671087976515405
Norm,Experiment2 FmTHF #1 norm,,1.01015775694828,0.00988568421721539
Norm,Experiment2 FmTHF #2 norm,,0.994185799138919,0.0115226066885542
Norm,Experiment2 FmTHF #3 norm,,0.999717657784093,0.0100697685647936
Norm,Experiment2 FmTHF #4 norm,,1.01238762415667,0.0254659507209994
Norm,Experiment2 FmTHF #5 norm,,0.975223262788333,0.0425886301549148
Norm,Experiment2 FmTHF #6 norm,,1.01139949023498,0.0727347328253556
Norm,Experiment2 FmTHF #7 norm,,1.01907269495723,0.130370566317984
Norm,Experiment2 FmTHF #8 norm,,1.00202820731044,0.0595493178306412
Norm,Experiment2 Met176 #1 norm,,0.996684422827501,0.0245238180651778
Norm,Experiment2 Met176 #2 norm,,0.973636934202833,0.0368183263145196
Norm,Experiment2 Met176 #3 norm,,0.924799986543692,0.033125524696165
Norm,Experiment2 Met176 #4 norm,,0.867726558515981,0.0831020860713336
Norm,Experiment2 Met176 #5 norm,,0.926432777423988,0.0701822670677562
Norm,Experiment2 Met176 #6 norm,,1.02664734167783,0.035312295608553
Norm,Experiment2 Met176 #7 norm,,0.990178095559232,0.063936314814674
Norm,Experiment2 Met176 #8 norm,,0.996933563824613,0.18768618224678
Norm,Experiment2 SAM #1 norm,,1.01326670762607,0.0149980996956297
Norm,Experiment2 SAM #2 norm,,0.956441947916273,0.0214548501144755
Norm,Experiment2 SAM #3 norm,,0.932804676152001,0.0320860034323288
Norm,Experiment2 SAM #4 norm,,0.958422120162773,0.0410109552192509
Norm,Experiment2 SAM #5 norm,,0.997598927265026,0.0245396933260085
Norm,Experiment2 SAM #6 norm,,1.0042649576062,0.0589311824381556
Norm,Experiment2 SAM #7 norm,,1.00502184964785,0.0674343438356205
Norm,Experiment2 SAM #8 norm,,0.999957011372293,0.0706767948266255
Norm,Experiment2 CIT465 #1 norm,,1.00229176206499,0.012645624070593
Norm,Experiment2 CIT465 #2 norm,,0.999815326624978,0.0106234052453671
Norm,Experiment2 CIT465 #3 norm,,0.957974335901885,0.0129383039391929
Norm,Experiment2 CIT465 #4 norm,,0.947607836986479,0.0121716389944982
Norm,Experiment2 CIT465 #5 norm,,0.97510113687388,0.0157174309625505
Norm,Experiment2 CIT465 #6 norm,,0.983688272256736,0.0114303117963816
Norm,Experiment2 CIT465 #7 norm,,0.975902705942692,0.0145482819757159
Norm,Experiment2 CIT465 #8 norm,,1.03928655931927,0.020770948439905
Norm,Experiment2 MAL335 #1 norm,,0.972682290539948,0.0118200680644969
Norm,Experiment2 MAL335 #2 norm,,1.01209227572528,0.0136131637469287
Norm,Experiment2 MAL335 #3 norm,,0.978509967481557,0.0126669262331102
Norm,Experiment2 MAL335 #4 norm,,0.963192777658734,0.0111225577458713
Norm,Experiment2 MAL335 #5 norm,,0.942399305015297,0.0138433293332964
Norm,Experiment2 MAL335 #6 norm,,0.988677825244481,0.0154325885730835
Norm,Experiment2 MAL335 #7 norm,,0.966739220748895,0.0197378143349225
Norm,Experiment2 MAL335 #8 norm,,0.993136174513711,0.0422288395146286
Norm,Experiment2 ASP334 #1 norm,,0.968123982416561,0.0155976121077898
Norm,Experiment2 ASP334 #2 norm,,0.977718789862765,0.0229929478975663
Norm,Experiment2 ASP334 #3 norm,,0.961997074960316,0.0169011658854282
Norm,Experiment2 ASP334 #4 norm,,0.970429360577164,0.0206962574199225
Norm,Experiment2 ASP334 #5 norm,,0.959210309366892,0.0242480740802096
Norm,Experiment2 ASP334 #6 norm,,0.946204573226773,0.0560950476214984
Norm,Experiment2 ASP334 #7 norm,,0.96657500306605,0.0567529494998319
Norm,Experiment2 ASP334 #8 norm,,0.967761065410655,0.0389431631135696
Norm,Experiment2 GLU348 #1 norm,,0.988481820575061,0.0116673437771865
Norm,Experiment2 GLU348 #2 norm,,0.974512715637,0.0121874869914017
Norm,Experiment2 GLU348 #3 norm,,0.966320369936431,0.0112093848485503
Norm,Experiment2 GLU348 #4 norm,,0.984608192997981,0.015196507945187
Norm,Experiment2 GLU348 #5 norm,,0.924376992640887,0.0278915833781831
Norm,Experiment2 GLU348 #6 norm,,0.960525844862765,0.014652554783437
Norm,Experiment2 GLU348 #7 norm,,0.945699481541631,0.0223170179223285
Norm,Experiment2 GLU348 #8 norm,,0.937080478344821,0.0511096618494897
Norm,Experiment2 THR320 #1 norm,,1.01736947540061,0.0102690729983656
Norm,Experiment2 THR320 #2 norm,,1.04603217679525,0.012360303153706
Norm,Experiment2 THR320 #3 norm,,1.0386056105413,0.0107756369173364
Norm,Experiment2 THR320 #4 norm,,1.00255551197009,0.0110864180294257
Norm,Experiment2 THR320 #5 norm,,0.975523123003875,0.0197775861929456
Norm,Experiment2 THR320 #6 norm,,0.994422669093001,0.0107209703792878
Norm,Experiment2 THR320 #7 norm,,0.988600117946727,0.0142489896468922
Norm,Experiment2 THR320 #8 norm,,0.896493726134294,0.036517109570407
Norm,Experiment2 ALA116 #1 norm,,0.989503825660624,0.00974308040212593
Norm,Experiment2 ALA116 #2 norm,,0.97879329909552,0.00980031923640312
Norm,Experiment2 ALA116 #3 norm,,1.01803145780911,0.0108664907198559
Norm,Experiment2 ALA116 #4 norm,,0.992835485609842,0.0248661665652073
Norm,Experiment2 ALA116 #5 norm,,1.05810011314494,0.0704668767293727
Norm,Experiment2 ALA116 #6 norm,,0.992266774129324,0.0738499604925528
Norm,Experiment2 ALA116 #7 norm,,0.986702328727166,0.0677296158692415
Norm,Experiment2 ALA116 #8 norm,,0.964614431929878,0.224251784013733
Norm,Experiment2 PYR #1 norm,,0.948792695263246,0.0121078985430421
Norm,Experiment2 PYR #2 norm,,0.978299148321391,0.0534533672855135
Norm,Experiment2 PYR #3 norm,,0.91509990703617,0.0627835219934051
Norm,Experiment2 PYR #4 norm,,1.06485006283072,0.0550150130369602
Norm,Experiment2 PYR #5 norm,,1.00651729714311,0.103461878005772
Norm,Experiment2 PYR #6 norm,,0.957620852620769,0.135815156656829
Norm,Experiment2 PYR #7 norm,,1.01843189811465,0.0715472733770795
Norm,Experiment2 PYR #8 norm,,0.994538071065726,0.112058670451929
