type,id,eqn,val,std
Net flux,CO2.t,CO2.t -> CO2,66.4650018440167,1.52533214359743
Net flux,CO2_sink,dummy -> Sink,66.4650018440167,1.52533214359743
Net flux,RUBICSO_CO2,RUBP.p + CO2 -> 3PGA.p + 3PGA.p + dummy,68.3628023796146,1.53396354730146
Net flux,GAPDH.p net,3PGA.p <-> TP.p,138.706257423124,3.04950449446363
Exch flux,GAPDH.p exch,3PGA.p <-> TP.p,126676.949428227,1528.99015565404
Net flux,ALD,TP.p + E4P.p -> SBP,23.5452876651789,0.512754686845046
Net flux,SBP,SBP -> S7P.p,23.5452876651789,0.512754686845046
Net flux,FBA.p net,TP.p + TP.p <-> FBP.p,30.5408707831375,0.782662829342596
Exch flux,FBA.p exch,TP.p + TP.p <-> FBP.p,46795.4330407066,2911.94964441053
Net flux,PFK.p net,FBP.p <-> F6P.p,30.5408707831334,0.782662829342596
Exch flux,PFK.p exch,FBP.p <-> F6P.p,1.0000209726968e-07,2.58278417240971e-13
Net flux,TK1 net,TP.p + EC2 <-> X5P.p,47.0905753303577,1.02550937369009
Exch flux,TK1 exch,TP.p + EC2 <-> X5P.p,1.0000000116861e-07,8.2195271600209e-13
Net flux,TK2 net,S7P.p <-> R5P.p + EC2,23.5452876651788,0.512754686845046
Exch flux,TK2 exch,S7P.p <-> R5P.p + EC2,39.4419961667788,7768.10421531794
Net flux,TK3 net,F6P.p <-> E4P.p + EC2,23.5452876651798,0.512754686845046
Exch flux,TK3 exch,F6P.p <-> E4P.p + EC2,9762.85581137423,7516.89733112683
Net flux,PPE net,X5P.p <-> RU5P.p,47.0905753303577,1.02550937369009
Exch flux,PPE exch,X5P.p <-> RU5P.p,63.2895454762476,3701.74594550318
Net flux,PPI net,R5P.p <-> RU5P.p,23.5452876651789,0.512754686845046
Exch flux,PPI exch,R5P.p <-> RU5P.p,248.85400569421,8132.31360242256
Net flux,PRK,RU5P.p -> RUBP.p,70.6358629955367,1.53826406057873
Net flux,RUBISCO_O2,RUBP.p -> 3PGA.p + 2PG.p,2.27306061592212,0.084635011472277
Net flux,GLYdil net,GLY.p <-> GLY.x + dummyGLY,0.0178035931642384,0.00172695575978723
Exch flux,GLYdil exch,GLY.p <-> GLY.x + dummyGLY,1.0000000116861e-07,0
Net flux,SERdil net,SER.p <-> SER.x + dummySER,0.0608768678831666,0.00590507118120467
Exch flux,SERdil exch,SER.p <-> SER.x + dummySER,0.0047079892853219,0.112367737121951
Net flux,GK,GA.p -> 3PGA.p,0.452652329530749,0.129780726337994
Net flux,PGI.p net,F6P.p <-> G6P.p,6.99558311795656,0.414846889482396
Exch flux,PGI.p exch,F6P.p <-> G6P.p,1.00005951964022e-07,1.41082730220221e-12
Net flux,PGM.p,G6P.p -> ADPG.p,6.99558311795657,0.414846889482396
Net flux,Starch,ADPG.p -> Starch,6.99558311795655,0.414846889482396
Net flux,FBA.c net,TP.c + TP.c <-> FBP.c,3.49432643066395,0.338951081514164
Exch flux,FBA.c exch,TP.c + TP.c <-> FBP.c,45.5846990723022,8038.00068344853
Net flux,PFK.c net,FBP.c <-> F6P.c,3.49432643066396,0.338951081514164
Exch flux,PFK.c exch,FBP.c <-> F6P.c,56.3431973930748,4359.86546770228
Net flux,PGI.c net,F6P.c <-> G6P.c,1.74716321533197,0.169475540757082
Exch flux,PGI.c exch,F6P.c <-> G6P.c,272.881263153473,7833.7884330469
Net flux,PGM.c net,G6P.c <-> UDPG.c,1.74716321532469,0.169475540757082
Exch flux,PGM.c exch,G6P.c <-> UDPG.c,48496.4991711095,7683.36600709633
Net flux,SPS,F6P.c + UDPG.c -> S6P,1.74716321533194,0.169475540757082
Net flux,PGAM.c net,3PGA.c <-> PEP.c,0.745060281546367,0.0722711495684754
Exch flux,PGAM.c exch,3PGA.c <-> PEP.c,5.27201743729317,7831.63771907779
Net flux,PK.c,PEP.c -> PYR.c,0.338198383591511,0.0328053804243982
Net flux,PDH,PYR.c + dummy -> ACA + CO2,0.281467993990151,0.0273025096060252
Net flux,CS,OAA + ACA -> CIT,0.281467993990147,0.0273025096060252
Net flux,ACO net,CIT <-> ICI,0.281467993989281,0.0273025096060252
Exch flux,ACO exch,CIT <-> ICI,5780.35433506216,7131.44238385241
Net flux,IDH,ICI + dummy -> AKG + CO2,0.281467993990163,0.0273025096060252
Net flux,MDH net,MAL <-> OAA,7.105427357601e-15,0
Exch flux,MDH exch,MAL <-> OAA,0.102780333724418,0.0987828680978977
Net flux,PPC,PEP.c + CO2 -> OAA + dummy,0.406861897954832,0.039465769180527
Net flux,T_3PGA net,3PGA.p <-> 3PGA.c,0.745060281546344,0.0722711495684754
Exch flux,T_3PGA exch,3PGA.p <-> 3PGA.c,1.0000000116861e-07,1.9080760911927e-14
Net flux,T_DHAP net,TP.p <-> TP.c,6.98865286132794,0.677902163028328
Exch flux,T_DHAP exch,TP.p <-> TP.c,4.05110315597719,1.91733983853771
Net flux,ALT,PYR.c -> ALA.c,0.0567303896017829,0.00550287080977722
Net flux,ASPT,OAA -> ASP,0.125393903964439,0.0121632595594288
Net flux,GLUDH,AKG -> GLU,0.28146799399014,0.0273025096060252
Net flux,PCR net,GLU <-> PRO,-2.48689957516035e-14,0
Exch flux,PCR exch,GLU <-> PRO,1.0000000116861e-07,4.43406583484946e-14
Net flux,GS net,GLU <-> GLN,0,0
Exch flux,GS exch,GLU <-> GLN,1.00063985541965e-07,3.01882829657638e-13
Net flux,TS net,ASP <-> THR,0,0
Exch flux,TS exch,ASP <-> THR,0.0554214433262104,0.0358194426869921
Net flux,AS net,ASP <-> ASN,1.06581410364015e-14,0
Exch flux,AS exch,ASP <-> ASN,1.0000000116861e-07,0
Net flux,G_3PGA.p,0*3PGA.p -> 3PGA,2.1022374170343e-06,11223.5438903803
Net flux,G_3PGA.c,0*3PGA.c -> 3PGA,92.9119084889662,7327.13628445981
Net flux,G_DHAP.p,0*TP.p -> TP,40.6853798422514,11594.1368941027
Net flux,G_DHAP.c,0*TP.c -> TP,51.8471856998323,8068.59376092816
Net flux,G_F6P.p,0*F6P.p -> F6P,48.6686345032613,10618.4522084147
Net flux,G_F6P.c,0*F6P.c -> F6P,36.5465768177337,6944.75044080534
Net flux,G_FBP.p,0*FBP.p -> FBP,2.10223446117652e-06,10248.2537051429
Net flux,G_FBP.c,0*FBP.c -> FBP,83.4512313387802,8144.52607227165
Net flux,G_G6P.p,0*G6P.p -> G6P,19.0549768395407,9868.86429935462
Net flux,G_G6P.c,0*G6P.c -> G6P,58.8549499996569,7661.66323300712
Net flux,G_RU5P.p,0*RU5P.p -> P5P,2.10222547636363e-06,9792.69431721728
Net flux,G_X5P.p,0*X5P.p -> P5P,92.8477694980079,7563.29709368847
Net flux,G_R5P.p,0*R5P.p -> R5P,82.2810779887508,7297.38155861623
Net flux,G_GA.p,0*GA.p -> GA,27.7253391472145,4.02845205328251
Net flux,G_SER.p,0*SER.p -> SER,77.8754850389962,7327.98880396859
Net flux,G_GLY.p,0*GLY.p -> GLY,1.67006814523211,7482.95868639773
Net flux,G_RUBP.p,0*RUBP.p -> RUBP,92.5302752674636,7348.00246422818
Net flux,G_S7P.p,0*S7P.p -> S7P,98.4567310636578,6220.40184096358
Net flux,G_2PG.p,0*2PG.p -> 2PG,87.0427532708633,6220.40184096358
Net flux,G_ADPG.p,0*ADPG.p -> ADPG,95.0805622184582,6220.40184096358
Net flux,G_PEP.c,0*PEP.c -> PEP,89.2305410447667,6220.40184096358
Net flux,G_UDPG.c,0*UDPG.c -> UDPG,72.4268033047895,6220.40184096358
Net flux,G_ALA.c,0*ALA.c -> ALA,74.2024803508936,7.55100492783072
Net flux,(1-G)_GA,0*GA.x -> GA,72.2746608527875,4.02845205328251
Net flux,(1-G)_SER,0*SER.x -> SER,22.1244953839701,6.61007222181189
Net flux,(1-G)_GLY,0*GLY.x -> GLY,47.4635667799899,8.14606822660339
Net flux,(1-G)_R5P,0*R5P.x -> R5P,17.7189220112461,7297.38155861623
Net flux,(1-G)_RUBP,0*RUBP.x -> RUBP,7.46972473253513,7348.00246422818
Net flux,(1-G)_3PGA,0*3PGA.x -> 3PGA,7.08808940879664,8135.17944930662
Net flux,(1-G)_TP,0*TP.x -> TP,7.46743445791693,7314.29675987223
Net flux,(1-G)_F6P,0*F6P.x -> F6P,14.7847886790088,7254.42729115143
Net flux,(1-G)_FBP,0*FBP.x -> FBP,16.5487665589801,6220.40184096358
Net flux,(1-G)_G6P,0*G6P.x -> G6P,22.0900731608007,6220.40184096358
Net flux,(1-G)_RU5P,0*RU5P.x -> P5P,7.15222839976807,6220.40184096358
Net flux,(1-G)_S7P,0*S7P.x -> S7P,1.54326893634015,6220.40184096358
Net flux,(1-G)_2PG,0*2PG.x -> 2PG,12.9572467291391,6220.40184096358
Net flux,(1-G)_ADPG,0*ADPG.x -> ADPG,4.91943778154073,6220.40184096358
Net flux,(1-G)_PEP,0*PEP.x -> PEP,10.7694589552315,6220.40184096358
Net flux,(1-G)_UDPG,0*UDPG.x -> UDPG,27.5731966952117,6220.40184096358
Net flux,(1-G)_ALA,0*ALA.x -> ALA,25.7975196491062,7.55100492783072
Net flux,PGASink,3PGA -> Sink,100,0
Net flux,DHAPSink,TP -> Sink,100.000000000001,0
Net flux,F6PSink,F6P -> Sink,100.000000000004,0
Net flux,FBPSink,FBP -> Sink,99.9999999999948,0
Net flux,G6PSink,G6P -> Sink,99.9999999999983,0
Net flux,P5PSink,P5P -> Sink,100.000000000001,0
Net flux,R5PSink,R5P -> Sink,99.9999999999968,0
Net flux,GASink,GA -> Sink,100.000000000002,0
Net flux,SERSink,SER -> Sink,99.9999999999996,0
Net flux,GLYSink,GLY -> Sink,100.000000000001,0
Net flux,RUBPSink,RUBP -> Sink,99.9999999999987,0
Net flux,S7PSink,S7P -> Sink,99.9999999999979,0
Net flux,2PGSink,2PG -> Sink,100.000000000002,0
Net flux,ADPGSink,ADPG -> Sink,99.9999999999989,0
Net flux,PEPSink,PEP -> Sink,99.9999999999983,0
Net flux,UDPGSink,UDPG -> Sink,100.000000000001,0
Net flux,ALASink,ALA -> Sink,99.9999999999998,0
Net flux,S6Pout-LL,S6P + 0.1611*GLU + 0.07177*ASP + 0.03247*ALA.c + 0.01019*dummyGLY + 0.03484*dummySER -> Sink,1.74716321533198,0.169475540757082
Net flux,PGP.p,2PG.p -> Glyc.p,2.27306061592214,0.084635011472277
Net flux,GOX,Glyc.p -> Glyx.p,2.27306061592215,0.084635011472277
Net flux,GGT,Glyx.p -> GLY.p,2.27306061592214,0.084635011472277
Net flux,SGAT,SER.p -> HPA.p,0.452652329530739,0.129780726337994
Net flux,HPR.p,HPA.p -> GA.p,0.452652329530733,0.129780726337994
Net flux,T_GLY-m net,GLY.p <-> GLY.m,2.25532199914596,6993.25785000996
Exch flux,T_GLY-m exch,GLY.p <-> GLY.m,22893.7693944096,6889.48101968735
Net flux,GDC.m,GLY.m + dummy -> myTHF.m + CO2,1.74172644557232,0.139596337471283
Net flux,T_SER-m net,SER.p <-> SER.m,-1.74172644557257,0.139596337471283
Exch flux,T_SER-m exch,SER.p <-> SER.m,11160.6846986561,7711.10841434556
Net flux,mSHMT,GLY.m + myTHF.m -> SER.m,1.74172644557232,0.139596337471283
Net flux,T_SER-c net,SER.p <-> SER.c,1.22819724815841,0.255618624469096
Exch flux,T_SER-c exch,SER.p <-> SER.c,2.51076772643419,1.91178729767993
Net flux,T_Gly-c net,GLY.p <-> GLY.c,-6.49763906714895e-05,6993.25784949722
Exch flux,T_Gly-c exch,GLY.p <-> GLY.c,9.99999998363421e-08,0
Net flux,cSHMT,SER.c -> GLY.c + meTHF.c,1.2281971481548,0.255618624445456
Net flux,FmTHF-reductase net,meTHF.c <-> FmTHF.c,1.22819714815481,0.255618624445456
Exch flux,FmTHF-reductase exch,meTHF.c <-> FmTHF.c,2.33898995585642,7494.82836296052
Net flux,Met-synthase,FmTHF.c + Hcy.c -> Met.c,1.22819714815478,0.255618624445456
Net flux,SAM-synthase,Met.c -> SAM.c,1.22819714815479,0.255618624445456
Net flux,Methylation,SAM.c -> SAH.c + Acceptor.c,1.22819714815479,0.255618624445456
Net flux,hydrolysis,SAH.c -> Hcy.c,1.22819714815478,0.255618624445456
Net flux,G_SER.m,0*SER.m -> SER,1.0000000116861e-07,3.03754363874655e-13
Net flux,G_SER.c,0*SER.c -> SER,1.94770332271332e-05,7327.98582274145
Net flux,G_Gly.m,0*GLY.m -> GLY,9.54993380624103e-05,7482.95843506688
Net flux,G_Gly.c,0*GLY.c -> GLY,50.8662695754412,9.26833712686243
Net flux,T_GLY-c-m,GLY.c -> GLY.m,1.22813089199608,6993.25785416658
Net flux,G_Glyc,0*Glyc.p -> Glyc,6.0449263448377,1.0337877972737
Net flux,G_Glyx,0*Glyx.p -> Glyx,2.69932265294318,0.759678296486928
Net flux,G_HPA,0*HPA.p -> HPA,8.54179844575529,2.05124450533843
Net flux,(1-G)_Glyc,0*Glyc.x -> Glyc,93.9550736551629,1.0337877972737
Net flux,(1-G)_Glyx,0*Glyx.x -> Glyx,97.3006773470577,0.759678296486928
Net flux,(1-G)_HPA,0*HPA.x -> HPA,91.4582015542446,2.05124450533843
Net flux,GlycSink,Glyc -> Sink,100.000000000001,0
Net flux,GlyxSink,Glyx -> Sink,100.000000000001,0
Net flux,HPASink,HPA -> Sink,99.9999999999998,0
Net flux,SERex,dummySER -> outSER,1.00069840858197e-07,1.50774356198227e-12
Net flux,G_PYR,0*PYR.c -> PYR,35.075792446897,2.46398278516673
Net flux,(1-G)_PYR,0*PYR.x -> PYR,64.9242075531033,2.46398278516673
Net flux,PYRSink,PYR -> Sink,100,0
Net flux,G_meTHF,0*meTHF.c -> meTHF,87.6318709000709,8.43277666480391
Net flux,G_FmTHF,0*FmTHF.c -> FmTHF,84.6225418210048,8.03507172921196
Net flux,G_Met,0*Met.c -> Met,65.4686224259587,5.7202417580242
Net flux,G_SAM,0*SAM.c -> SAM,57.7192221590471,5.21128431246198
Net flux,(1-G)_meTHF,0*meTHF.x -> meTHF,12.368129099929,8.43277666480391
Net flux,(1-G)_FmTHF,0*FmTHF.x -> FmTHF,15.3774581789953,8.03507172921196
Net flux,(1-G)_Met,0*Met.x -> Met,34.5313775740414,5.7202417580242
Net flux,(1-G)_SAM,0*SAM.x -> SAM,42.2807778409529,5.21128431246198
Net flux,meTHFSink,meTHF -> Sink,99.9999999999999,0
Net flux,FmTHFSink,FmTHF -> Sink,100,0
Net flux,MetSink,Met -> Sink,100,0
Net flux,SAMsink,SAM -> Sink,100,0
Net flux,Met-protein,Met.c -> Protein,6.51983996113883e-15,0
Net flux,GLY-protein,GLY.c -> Protein,1.27976807817731e-06,1.57568009275101e-13
Net flux,SER-protein,SER.c -> Protein,1.00003604508458e-07,1.2713366977939e-12
Pool,2PG pool,,0,0
Pool,2PG.p pool,,1e-07,0
Pool,2PG.x pool,,1,Inf
Pool,3PGA pool,,0,0
Pool,3PGA.c pool,,0.0375525260159916,0.0071960379281905
Pool,3PGA.p pool,,1e-07,0
Pool,3PGA.x pool,,1,Inf
Pool,ACA pool,,0.0379781131796759,8045.7610487142
Pool,ADPG pool,,0,0
Pool,ADPG.p pool,,9.9999999999999e-08,Inf
Pool,ADPG.x pool,,1,Inf
Pool,AKG pool,,1e-07,0
Pool,ALA pool,,0,0
Pool,ALA.c pool,,0.0152807156973831,0.00376554243338857
Pool,ALA.x pool,,1,Inf
Pool,ASN pool,,7566.06819366743,8202.14114198908
Pool,ASP pool,,1.00000000000002e-07,0
Pool,Acceptor.c pool,,1,Inf
Pool,CIT pool,,3.62821450507328,1.00645419035673
Pool,CO2 pool,,9.96910166346165e-07,7455.0068348722
Pool,CO2.t pool,,1,Inf
Pool,E4P.p pool,,0,0
Pool,EC2 pool,,0,0
Pool,F6P pool,,0,0
Pool,F6P.c pool,,3.24468398550892e-06,7508.11686119082
Pool,F6P.p pool,,1e-07,0
Pool,F6P.x pool,,1,Inf
Pool,FBP pool,,0,0
Pool,FBP.c pool,,2.16027613083576e-06,6989.63595830635
Pool,FBP.p pool,,1e-07,0
Pool,FBP.x pool,,1,Inf
Pool,FmTHF pool,,5.43323529942777,2.50549844431476
Pool,FmTHF.c pool,,1e-07,0
Pool,FmTHF.x pool,,1,Inf
Pool,G6P pool,,0,0
Pool,G6P.c pool,,9.83251688926008e-06,7694.73045737957
Pool,G6P.p pool,,3.02081161149396e-06,8172.39274561824
Pool,G6P.x pool,,1,Inf
Pool,GA pool,,0,0
Pool,GA.p pool,,1e-07,0
Pool,GA.x pool,,1,Inf
Pool,GLN pool,,8.83867752667298,8251.80464107124
Pool,GLU pool,,1.0000006344062e-07,0
Pool,GLY pool,,0,0
Pool,GLY.c pool,,1e-07,0
Pool,GLY.m pool,,1.00000000002876e-07,0
Pool,GLY.p pool,,1e-07,0
Pool,GLY.x pool,,1,Inf
Pool,Glyc pool,,1.85162458337122,1.26654643681241
Pool,Glyc.p pool,,1e-07,0
Pool,Glyc.x pool,,1,Inf
Pool,Glyx pool,,3.30615527294169,7774.88883225367
Pool,Glyx.p pool,,1e-07,0
Pool,Glyx.x pool,,1,Inf
Pool,HPA pool,,9.99999999999482e-08,7649.64091034185
Pool,HPA.p pool,,1e-07,0
Pool,HPA.x pool,,1,Inf
Pool,Hcy.c pool,,1,Inf
Pool,ICI pool,,0.0006993637365497,7376.81223762643
Pool,MAL pool,,0.249340308116517,0.195970545346491
Pool,Met pool,,1.34671347294757e-06,7780.36807287813
Pool,Met.c pool,,1e-07,0
Pool,Met.x pool,,1,Inf
Pool,OAA pool,,0.261301514950826,0.0663562050522213
Pool,P5P pool,,0,0
Pool,PEP pool,,0,0
Pool,PEP.c pool,,1.00000000000002e-07,0
Pool,PEP.x pool,,1,Inf
Pool,PRO pool,,5.39499636061318,7285.40961034823
Pool,PYR pool,,1e-07,0
Pool,PYR.c pool,,0.000890269553621055,0.00176673130070265
Pool,PYR.x pool,,1,Inf
Pool,Protein pool,,1,Inf
Pool,R5P pool,,0,0
Pool,R5P.p pool,,1e-07,0
Pool,R5P.x pool,,1,Inf
Pool,RU5P.p pool,,1e-07,0
Pool,RU5P.x pool,,1,Inf
Pool,RUBP pool,,0,0
Pool,RUBP.p pool,,1e-07,0
Pool,RUBP.x pool,,1,Inf
Pool,S6P pool,,1,Inf
Pool,S7P pool,,0,0
Pool,S7P.p pool,,1e-07,0
Pool,S7P.x pool,,1,Inf
Pool,SAH.c pool,,1,Inf
Pool,SAM pool,,1.00000000000001e-07,0
Pool,SAM.c pool,,1e-07,0
Pool,SAM.x pool,,1,Inf
Pool,SBP pool,,0,0
Pool,SER pool,,0,0
Pool,SER.c pool,,1.00000000030631e-07,3.59823536250093e-13
Pool,SER.m pool,,0.604744321969477,0.0611393574100184
Pool,SER.p pool,,2.99231954336641e-05,7678.75144081457
Pool,SER.x pool,,1,Inf
Pool,Sink pool,,1,Inf
Pool,Starch pool,,1,Inf
Pool,THR pool,,0.152966515636728,0.095408236479739
Pool,TP pool,,0,0
Pool,TP.c pool,,1.78056715836774e-06,7822.19992179596
Pool,TP.p pool,,1e-07,0
Pool,TP.x pool,,1,Inf
Pool,UDPG pool,,0,0
Pool,UDPG.c pool,,0.774844608421218,0.460481051099421
Pool,UDPG.x pool,,1,Inf
Pool,X5P.p pool,,1e-07,0
Pool,dummy pool,,1,Inf
Pool,dummyGLY pool,,1,Inf
Pool,dummySER pool,,1,Inf
Pool,meTHF pool,,2.55346983079288e-06,7654.30967370923
Pool,meTHF.c pool,,1e-07,0
Pool,meTHF.x pool,,1,Inf
Pool,myTHF.m pool,,1.00000000002876e-07,0
Pool,outSER pool,,1,Inf
Norm,Experiment2 Glyc205 #1 norm,,1.02663917376786,0.036136565753734
Norm,Experiment2 Glyc205 #2 norm,,0.989833422647008,0.0191648603517251
Norm,Experiment2 Glyc205 #3 norm,,1.00736727104745,0.0237157395751537
Norm,Experiment2 Glyc205 #4 norm,,1.01226184912362,0.0211745812399896
Norm,Experiment2 Glyc205 #5 norm,,0.996807140716135,0.0234662672501525
Norm,Experiment2 Glyc205 #6 norm,,0.976489315997564,0.0246609335192676
Norm,Experiment2 Glyc205 #7 norm,,1.00542525329714,0.0307842384209482
Norm,Experiment2 Glyc205 #8 norm,,0.741762729558404,0.094689012288695
Norm,Experiment2 Glyx160 #1 norm,,1.00995451740958,0.0114966937114176
Norm,Experiment2 Glyx160 #2 norm,,1.00027669012406,0.011999519868474
Norm,Experiment2 Glyx160 #3 norm,,1.0176160121804,0.0135674338219214
Norm,Experiment2 Glyx160 #4 norm,,0.976435589605129,0.0168690281004415
Norm,Experiment2 Glyx160 #5 norm,,0.978264848261335,0.014986953563423
Norm,Experiment2 Glyx160 #6 norm,,0.983360481248739,0.0199065479325451
Norm,Experiment2 Glyx160 #7 norm,,1.00928600206421,0.0265936997090424
Norm,Experiment2 Glyx160 #8 norm,,1.04991928507806,0.122825970826667
Norm,Experiment2 GLY276 #1 norm,,1.0120080080455,0.0105323939786318
Norm,Experiment2 GLY276 #2 norm,,0.961424215729186,0.0220313046972049
Norm,Experiment2 GLY276 #3 norm,,0.98298265787191,0.0188599523223891
Norm,Experiment2 GLY276 #4 norm,,1.01860915465317,0.0181741461107232
Norm,Experiment2 GLY276 #5 norm,,1.03919494587778,0.0416351121299583
Norm,Experiment2 GLY276 #6 norm,,1.00995144516176,0.0831838939107148
Norm,Experiment2 GLY276 #7 norm,,0.969253930303565,0.159977132188832
Norm,Experiment2 GLY276 #8 norm,,0.990383808794381,0.192695536574322
Norm,Experiment2 HPA262 #1 norm,,0.989430681609353,0.0204153721146334
Norm,Experiment2 HPA262 #2 norm,,0.983377596510148,0.0241543610591823
Norm,Experiment2 HPA262 #3 norm,,0.981729361681003,0.0239207554836268
Norm,Experiment2 HPA262 #4 norm,,0.966683304507602,0.0292046944209283
Norm,Experiment2 HPA262 #5 norm,,0.921764920454876,0.0211153616271048
Norm,Experiment2 HPA262 #6 norm,,0.977014938752045,0.0288106616452688
Norm,Experiment2 HPA262 #7 norm,,0.975088707542761,0.0237104081469213
Norm,Experiment2 HPA262 #8 norm,,1.03217131443375,0.0410850131104286
Norm,Experiment2 GA307 #1 norm,,1.02129721314763,0.0111019648346276
Norm,Experiment2 GA307 #2 norm,,0.917413134642978,0.0288400363938495
Norm,Experiment2 GA307 #3 norm,,0.884620937107,0.0219311340368866
Norm,Experiment2 GA307 #4 norm,,0.936082871949364,0.0245748896698052
Norm,Experiment2 GA307 #5 norm,,0.881845700117867,0.0676372480969321
Norm,Experiment2 GA307 #6 norm,,0.932172126179496,0.109123596081481
Norm,Experiment2 GA307 #7 norm,,0.878002710796352,0.0715609492024384
Norm,Experiment2 GA307 #8 norm,,1.03313527550147,0.119223316793335
Norm,Experiment2 SER306 #1 norm,,0.982516731773794,0.012486308134283
Norm,Experiment2 SER306 #2 norm,,0.932021434272774,0.0346676958571246
Norm,Experiment2 SER306 #3 norm,,0.998056831251148,0.0199485201524283
Norm,Experiment2 SER306 #4 norm,,1.01620281051926,0.0242801293470551
Norm,Experiment2 SER306 #5 norm,,0.996775316545315,0.054087120151159
Norm,Experiment2 SER306 #6 norm,,0.999082893865688,0.115565487034112
Norm,Experiment2 SER306 #7 norm,,1.05482348386952,0.101493741066102
Norm,Experiment2 SER306 #8 norm,,0.987743299118947,0.106355957446578
Norm,Experiment2 meTHF #1 norm,,1.00315872797813,0.00983955765735625
Norm,Experiment2 meTHF #2 norm,,1.00184447856171,0.0143370996627903
Norm,Experiment2 meTHF #3 norm,,0.969735890365216,0.0257701205298004
Norm,Experiment2 meTHF #4 norm,,0.9835391422168,0.0257146292812988
Norm,Experiment2 meTHF #5 norm,,0.986548660842985,0.0876124468072216
Norm,Experiment2 meTHF #6 norm,,0.992938347837295,0.177876523862455
Norm,Experiment2 meTHF #7 norm,,0.999429549486006,0.148224576253084
Norm,Experiment2 meTHF #8 norm,,0.99981065334513,0.0691857714747148
Norm,Experiment2 FmTHF #1 norm,,0.994114792218738,0.00999527970978041
Norm,Experiment2 FmTHF #2 norm,,1.01248368289693,0.011695012748465
Norm,Experiment2 FmTHF #3 norm,,1.00179328862094,0.0101008301406287
Norm,Experiment2 FmTHF #4 norm,,1.02487533330751,0.0237781169306894
Norm,Experiment2 FmTHF #5 norm,,0.998305650051058,0.0401697602333831
Norm,Experiment2 FmTHF #6 norm,,0.966462201835884,0.063030830594313
Norm,Experiment2 FmTHF #7 norm,,0.98830902772362,0.0978343511232151
Norm,Experiment2 FmTHF #8 norm,,0.983758170234398,0.0671437543086599
Norm,Experiment2 Met176 #1 norm,,0.977413856719166,0.0230619066368902
Norm,Experiment2 Met176 #2 norm,,0.989689256818687,0.0397651141929351
Norm,Experiment2 Met176 #3 norm,,0.943564021213345,0.0327896430264441
Norm,Experiment2 Met176 #4 norm,,0.795378563558615,0.0905379311945913
Norm,Experiment2 Met176 #5 norm,,0.879724277222253,0.0618667031918238
Norm,Experiment2 Met176 #6 norm,,0.994073626324676,0.0332034737167789
Norm,Experiment2 Met176 #7 norm,,1.02173554737562,0.064891138703015
Norm,Experiment2 Met176 #8 norm,,1.00221880764418,0.147505464798979
Norm,Experiment2 SAM #1 norm,,0.989076499294164,0.0143121179485618
Norm,Experiment2 SAM #2 norm,,0.952433118146598,0.0222884418631531
Norm,Experiment2 SAM #3 norm,,0.955195430104537,0.0335051239581682
Norm,Experiment2 SAM #4 norm,,0.977868345203221,0.0460817338618567
Norm,Experiment2 SAM #5 norm,,1.02333415802148,0.0220140957958822
Norm,Experiment2 SAM #6 norm,,0.992197164237823,0.0551102576997688
Norm,Experiment2 SAM #7 norm,,1.0200805639428,0.0689207883400781
Norm,Experiment2 SAM #8 norm,,0.996679872923799,0.0684157394271088
Norm,Experiment2 CIT465 #1 norm,,1.0017595267616,0.0131575670034964
Norm,Experiment2 CIT465 #2 norm,,1.0018765948551,0.0106749041258745
Norm,Experiment2 CIT465 #3 norm,,0.975030304847629,0.0131591937113921
Norm,Experiment2 CIT465 #4 norm,,0.979955296501021,0.0127444914169774
Norm,Experiment2 CIT465 #5 norm,,0.99260743120507,0.0161066960834084
Norm,Experiment2 CIT465 #6 norm,,0.976209238235352,0.0110990728373162
Norm,Experiment2 CIT465 #7 norm,,0.992138548277104,0.0146520405979328
Norm,Experiment2 CIT465 #8 norm,,1.0110956463099,0.0214230672648684
Norm,Experiment2 MAL335 #1 norm,,0.991130218098255,0.011846213553228
Norm,Experiment2 MAL335 #2 norm,,0.984005621852249,0.0134099719960289
Norm,Experiment2 MAL335 #3 norm,,0.947868293599049,0.0125868669305616
Norm,Experiment2 MAL335 #4 norm,,0.937231750933185,0.0113938423944198
Norm,Experiment2 MAL335 #5 norm,,0.966314319191754,0.0146234581020551
Norm,Experiment2 MAL335 #6 norm,,0.954307561070671,0.0150154689843078
Norm,Experiment2 MAL335 #7 norm,,0.984597536034725,0.0202436972030134
Norm,Experiment2 MAL335 #8 norm,,1.00318561139309,0.0402804103729914
Norm,Experiment2 ASP334 #1 norm,,0.99937458608166,0.0164566209831843
Norm,Experiment2 ASP334 #2 norm,,0.943450712801144,0.0228879454921317
Norm,Experiment2 ASP334 #3 norm,,0.958096708248151,0.0168654488737516
Norm,Experiment2 ASP334 #4 norm,,0.9630481558385,0.0205659828110362
Norm,Experiment2 ASP334 #5 norm,,0.957428694724473,0.0233239175738959
Norm,Experiment2 ASP334 #6 norm,,1.00249075854291,0.0566508847233265
Norm,Experiment2 ASP334 #7 norm,,0.974733497012807,0.0563574015429444
Norm,Experiment2 ASP334 #8 norm,,0.975191190684693,0.0338997459926916
Norm,Experiment2 GLU348 #1 norm,,1.00593251260097,0.0119510456901097
Norm,Experiment2 GLU348 #2 norm,,0.977742946296128,0.0121373603464378
Norm,Experiment2 GLU348 #3 norm,,0.990470076334077,0.0118312746955156
Norm,Experiment2 GLU348 #4 norm,,0.969570784666534,0.0149173242520098
Norm,Experiment2 GLU348 #5 norm,,1.00137150358469,0.030950131227421
Norm,Experiment2 GLU348 #6 norm,,0.947947397012681,0.0145742699689094
Norm,Experiment2 GLU348 #7 norm,,0.972418135105102,0.0220041369529678
Norm,Experiment2 GLU348 #8 norm,,0.899307957715604,0.0567573566189436
Norm,Experiment2 THR320 #1 norm,,1.00485865949502,0.0101307213954554
Norm,Experiment2 THR320 #2 norm,,1.01852230695734,0.0117560202755843
Norm,Experiment2 THR320 #3 norm,,0.990624887155934,0.0103476898815668
Norm,Experiment2 THR320 #4 norm,,0.96637041117022,0.0109739855770664
Norm,Experiment2 THR320 #5 norm,,1.00893328312776,0.0208078258038523
Norm,Experiment2 THR320 #6 norm,,0.987740736045091,0.0123708173727206
Norm,Experiment2 THR320 #7 norm,,0.980342465303507,0.0162334040842234
Norm,Experiment2 THR320 #8 norm,,0.989755761536673,0.0443630668721119
Norm,Experiment2 ALA116 #1 norm,,1.01176357062901,0.0103017128421596
Norm,Experiment2 ALA116 #2 norm,,1.02152219551809,0.0102089037623123
Norm,Experiment2 ALA116 #3 norm,,1.02262096635871,0.0109876514083227
Norm,Experiment2 ALA116 #4 norm,,1.03315905260155,0.027457927924884
Norm,Experiment2 ALA116 #5 norm,,1.02720699383627,0.0766163110277947
Norm,Experiment2 ALA116 #6 norm,,0.98436714971168,0.0673006402397158
Norm,Experiment2 ALA116 #7 norm,,1.01566819139461,0.0695245671492349
Norm,Experiment2 ALA116 #8 norm,,0.95090586872197,0.140299702718166
Norm,Experiment2 PYR #1 norm,,0.98126125780443,0.0124513085977795
Norm,Experiment2 PYR #2 norm,,0.891826033595187,0.0480847257181113
Norm,Experiment2 PYR #3 norm,,0.956858810187536,0.0621459327705013
Norm,Experiment2 PYR #4 norm,,1.06241338204279,0.0529980014980347
Norm,Experiment2 PYR #5 norm,,1.00904590226393,0.104093038214852
Norm,Experiment2 PYR #6 norm,,0.99296042641547,0.127394377790983
Norm,Experiment2 PYR #7 norm,,1.00860055628891,0.081439402144529
Norm,Experiment2 PYR #8 norm,,0.961265035006774,0.0898056431700038
