type,id,eqn,val,std
Net flux,CO2.t,CO2.t -> CO2,63.6742817467862,1.52119976708934
Net flux,CO2_sink,dummy -> Sink,63.6742817467861,1.52119976708934
Net flux,RUBICSO_CO2,RUBP.p + CO2 -> 3PGA.p + 3PGA.p + dummy,65.7543947532045,1.53098010675592
Net flux,GAPDH.p net,3PGA.p <-> TP.p,133.415442901054,3.03985231065494
Exch flux,GAPDH.p exch,3PGA.p <-> TP.p,9.99973579496327e-08,6.34657699849338e-13
Net flux,ALD,TP.p + E4P.p -> SBP,22.665353549626,0.511766626599609
Net flux,SBP,SBP -> S7P.p,22.665353549626,0.511766626599609
Net flux,FBA.p net,TP.p + TP.p <-> FBP.p,30.1108580036525,0.783933910175896
Exch flux,FBA.p exch,TP.p + TP.p <-> FBP.p,39943.9649762292,2568.72214847816
Net flux,PFK.p net,FBP.p <-> F6P.p,30.1108580036484,0.783933910175896
Exch flux,PFK.p exch,FBP.p <-> F6P.p,9.99700375814427e-08,1.90843195818536e-13
Net flux,TK1 net,TP.p + EC2 <-> X5P.p,45.330707099252,1.02353325319922
Exch flux,TK1 exch,TP.p + EC2 <-> X5P.p,1.00000008274037e-07,0
Net flux,TK2 net,S7P.p <-> R5P.p + EC2,22.665353549626,0.511766626599609
Exch flux,TK2 exch,S7P.p <-> R5P.p + EC2,38.9005463296402,1072.72002438348
Net flux,TK3 net,F6P.p <-> E4P.p + EC2,22.6653535496253,0.511766626599609
Exch flux,TK3 exch,F6P.p <-> E4P.p + EC2,7315.56911127984,5213.52493288703
Net flux,PPE net,X5P.p <-> RU5P.p,45.330707099252,1.02353325319922
Exch flux,PPE exch,X5P.p <-> RU5P.p,95.1823540994222,5381.80386241816
Net flux,PPI net,R5P.p <-> RU5P.p,22.665353549626,0.511766626599609
Exch flux,PPI exch,R5P.p <-> RU5P.p,243.724230797641,5105.86289797782
Net flux,PRK,RU5P.p -> RUBP.p,67.9960606488781,1.53529987979869
Net flux,RUBISCO_O2,RUBP.p -> 3PGA.p + 2PG.p,2.24166589567362,0.0846764343919637
Net flux,GLYdil net,GLY.p <-> GLY.x + dummyGLY,0.0132410547588435,0.00176785908048079
Exch flux,GLYdil exch,GLY.p <-> GLY.x + dummyGLY,1.0000000116861e-07,8.45187453541073e-13
Net flux,SERdil net,SER.p <-> SER.x + dummySER,0.0452759389362924,0.00604493405927698
Exch flux,SERdil exch,SER.p <-> SER.x + dummySER,0.115153955760888,0.141211910893219
Net flux,GK,GA.p -> 3PGA.p,0.219110697337736,0.171681932131474
Net flux,PGI.p net,F6P.p <-> G6P.p,7.44550445402522,0.42209940782197
Exch flux,PGI.p exch,F6P.p <-> G6P.p,9.99788660749346e-08,3806.38592422807
Net flux,PGM.p,G6P.p -> ADPG.p,7.44550445402522,0.42209940782197
Net flux,Starch,ADPG.p -> Starch,7.4455044540252,0.42209940782197
Net flux,FBA.c net,TP.c + TP.c <-> FBP.c,2.5988331224362,0.346979210868179
Exch flux,FBA.c exch,TP.c + TP.c <-> FBP.c,31.8094203420746,5206.2529811443
Net flux,PFK.c net,FBP.c <-> F6P.c,2.59883312243622,0.346979210868179
Exch flux,PFK.c exch,FBP.c <-> F6P.c,29.3561869238952,5787.3388938514
Net flux,PGI.c net,F6P.c <-> G6P.c,1.29941656121815,0.17348960543409
Exch flux,PGI.c exch,F6P.c <-> G6P.c,246.499777720029,5718.0492455438
Net flux,PGM.c net,G6P.c <-> UDPG.c,1.2994165612181,0.17348960543409
Exch flux,PGM.c exch,G6P.c <-> UDPG.c,48487.1396162507,1400.09145448514
Net flux,SPS,F6P.c + UDPG.c -> S6P,1.29941656121807,0.17348960543409
Net flux,PGAM.c net,3PGA.c <-> PEP.c,0.554123198366407,0.0739829073013846
Exch flux,PGAM.c exch,3PGA.c <-> PEP.c,1.79986179289359,5617.25061442678
Net flux,PK.c,PEP.c -> PYR.c,0.251528063754826,0.0335823829222957
Net flux,PDH,PYR.c + dummy -> ACA + CO2,0.209336008012957,0.0279491754412314
Net flux,CS,OAA + ACA -> CIT,0.209336008012953,0.0279491754412314
Net flux,ACO net,CIT <-> ICI,0.209336008013452,0.0279491754412314
Exch flux,ACO exch,CIT <-> ICI,4112.24229771155,5336.06099650873
Net flux,IDH,ICI + dummy -> AKG + CO2,0.209336008012969,0.0279491754412314
Net flux,MDH net,MAL <-> OAA,7.105427357601e-15,0
Exch flux,MDH exch,MAL <-> OAA,0.202760685039237,0.0517149502994435
Net flux,PPC,PEP.c + CO2 -> OAA + dummy,0.302595134611102,0.040400524408742
Net flux,T_3PGA net,3PGA.p <-> 3PGA.c,0.554123198366383,0.0739829073013846
Exch flux,T_3PGA exch,3PGA.p <-> 3PGA.c,2.91254661847848,2.14916946156666
Net flux,T_DHAP net,TP.p <-> TP.c,5.19766624487246,0.693958421736359
Exch flux,T_DHAP exch,TP.p <-> TP.c,1.25051277107747,0.9524556415683
Net flux,ALT,PYR.c -> ALA.c,0.0421920557428602,0.00563320749104726
Net flux,ASPT,OAA -> ASP,0.0932591265985843,0.0124513489822251
Net flux,GLUDH,AKG -> GLU,0.209336008012946,0.0279491754412314
Net flux,PCR net,GLU <-> PRO,-2.48689957516035e-14,0
Exch flux,PCR exch,GLU <-> PRO,1.0000000116861e-07,3.25515168167101e-13
Net flux,GS net,GLU <-> GLN,0,0
Exch flux,GS exch,GLU <-> GLN,1.00042591100191e-07,3.43225050333996e-13
Net flux,TS net,ASP <-> THR,0,0
Exch flux,TS exch,ASP <-> THR,1.0000000116861e-07,1.56267804550164e-13
Net flux,AS net,ASP <-> ASN,1.06581410364015e-14,0
Exch flux,AS exch,ASP <-> ASN,1.0000000116861e-07,1.95612974995974e-14
Net flux,G_3PGA.p,0*3PGA.p -> 3PGA,2.46866314768113e-06,7998.3898007518
Net flux,G_3PGA.c,0*3PGA.c -> 3PGA,92.9119081392427,5804.26661177391
Net flux,G_DHAP.p,0*TP.p -> TP,40.6853798422419,6820.57452814686
Net flux,G_DHAP.c,0*TP.c -> TP,51.8471856996948,5229.36666826382
Net flux,G_F6P.p,0*F6P.p -> F6P,48.6686345030749,7014.22664841203
Net flux,G_F6P.c,0*F6P.c -> F6P,36.546576817712,5479.54508444235
Net flux,G_FBP.p,0*FBP.p -> FBP,2.4686614779057e-06,6966.25864116436
Net flux,G_FBP.c,0*FBP.c -> FBP,83.4512310505385,5418.00685794508
Net flux,G_G6P.p,0*G6P.p -> G6P,19.0549768397257,6899.0326883007
Net flux,G_G6P.c,0*G6P.c -> G6P,58.8549499993083,5331.29354766594
Net flux,G_RU5P.p,0*RU5P.p -> P5P,2.46865389286199e-06,6856.27248064798
Net flux,G_X5P.p,0*X5P.p -> P5P,92.8477691486198,5275.8422252787
Net flux,G_R5P.p,0*R5P.p -> R5P,82.2810779884949,5839.31383637602
Net flux,G_GA.p,0*GA.p -> GA,30.9256222677688,3.74150861991866
Net flux,G_SER.p,0*SER.p -> SER,72.02876142037,4958.20900918605
Net flux,G_GLY.p,0*GLY.p -> GLY,2.51995405340513,5032.51741012021
Net flux,G_RUBP.p,0*RUBP.p -> RUBP,92.5302752673063,5586.29725027259
Net flux,G_S7P.p,0*S7P.p -> S7P,98.4567310636212,4378.80818749316
Net flux,G_2PG.p,0*2PG.p -> 2PG,87.0427532706349,4378.80818749316
Net flux,G_ADPG.p,0*ADPG.p -> ADPG,95.0805622183481,4378.80818749316
Net flux,G_PEP.c,0*PEP.c -> PEP,89.2305410445615,4378.80818749316
Net flux,G_UDPG.c,0*UDPG.c -> UDPG,72.4268033045549,4378.80818749316
Net flux,G_ALA.c,0*ALA.c -> ALA,67.9612406192119,6.49570214228306
Net flux,(1-G)_GA,0*GA.x -> GA,69.0743777322332,3.74150861991866
Net flux,(1-G)_SER,0*SER.x -> SER,27.9712126149777,5.97399139288135
Net flux,(1-G)_GLY,0*GLY.x -> GLY,58.6646480911182,7.57422269461945
Net flux,(1-G)_R5P,0*R5P.x -> R5P,17.718922011502,5839.31383637602
Net flux,(1-G)_RUBP,0*RUBP.x -> RUBP,7.46972473269241,5586.29725027259
Net flux,(1-G)_3PGA,0*3PGA.x -> 3PGA,7.08808939209446,5652.54732377452
Net flux,(1-G)_TP,0*TP.x -> TP,7.46743445806384,4378.80818749316
Net flux,(1-G)_F6P,0*F6P.x -> F6P,14.7847886792169,4378.80818749316
Net flux,(1-G)_FBP,0*FBP.x -> FBP,16.5487664807948,4378.80818749316
Net flux,(1-G)_G6P,0*G6P.x -> G6P,22.0900731609643,4378.80818749316
Net flux,(1-G)_RU5P,0*RU5P.x -> P5P,7.15222838272774,4378.80818749316
Net flux,(1-G)_S7P,0*S7P.x -> S7P,1.5432689363768,4378.80818749316
Net flux,(1-G)_2PG,0*2PG.x -> 2PG,12.9572467293675,4378.80818749316
Net flux,(1-G)_ADPG,0*ADPG.x -> ADPG,4.91943778165087,4378.80818749316
Net flux,(1-G)_PEP,0*PEP.x -> PEP,10.7694589554367,4378.80818749316
Net flux,(1-G)_UDPG,0*UDPG.x -> UDPG,27.5731966954463,4378.80818749316
Net flux,(1-G)_ALA,0*ALA.x -> ALA,32.0387593807879,6.49570214228306
Net flux,PGASink,3PGA -> Sink,100,0
Net flux,DHAPSink,TP -> Sink,100.000000000001,0
Net flux,F6PSink,F6P -> Sink,100.000000000004,0
Net flux,FBPSink,FBP -> Sink,99.9999999999948,0
Net flux,G6PSink,G6P -> Sink,99.9999999999983,0
Net flux,P5PSink,P5P -> Sink,100.000000000001,0
Net flux,R5PSink,R5P -> Sink,99.9999999999968,0
Net flux,GASink,GA -> Sink,100.000000000002,0
Net flux,SERSink,SER -> Sink,99.9999999999996,0
Net flux,GLYSink,GLY -> Sink,100.000000000001,0
Net flux,RUBPSink,RUBP -> Sink,99.9999999999987,0
Net flux,S7PSink,S7P -> Sink,99.9999999999979,0
Net flux,2PGSink,2PG -> Sink,100.000000000002,0
Net flux,ADPGSink,ADPG -> Sink,99.9999999999989,0
Net flux,PEPSink,PEP -> Sink,99.9999999999983,0
Net flux,UDPGSink,UDPG -> Sink,100.000000000001,0
Net flux,ALASink,ALA -> Sink,99.9999999999998,0
Net flux,S6Pout-LL,S6P + 0.1611*GLU + 0.07177*ASP + 0.03247*ALA.c + 0.01019*dummyGLY + 0.03484*dummySER -> Sink,1.29941656121811,0.17348960543409
Net flux,PGP.p,2PG.p -> Glyc.p,2.24166589567363,0.0846764343919637
Net flux,GOX,Glyc.p -> Glyx.p,2.24166589567365,0.0846764343919637
Net flux,GGT,Glyx.p -> GLY.p,2.24166589567364,0.0846764343919637
Net flux,SGAT,SER.p -> HPA.p,0.219110697337725,0.171681932131474
Net flux,HPR.p,HPA.p -> GA.p,0.21911069733772,0.171681932131474
Net flux,T_GLY-m net,GLY.p <-> GLY.m,2.22858043945962,5754.91942572489
Exch flux,T_GLY-m exch,GLY.p <-> GLY.m,30375.0276677464,6189.96343196954
Net flux,GDC.m,GLY.m + dummy -> myTHF.m + CO2,1.96403612500457,0.182500629733628
Net flux,T_SER-m net,SER.p <-> SER.m,-1.9640361250058,0.182500629733628
Exch flux,T_SER-m exch,SER.p <-> SER.m,19397.2637486889,4408.90833098968
Net flux,mSHMT,GLY.m + myTHF.m -> SER.m,1.96403612500457,0.182500629733628
Net flux,T_SER-c net,SER.p <-> SER.c,1.69964948873055,0.344088916398194
Exch flux,T_SER-c exch,SER.p <-> SER.c,1.00000000280431e-07,3.57706100688248e-13
Net flux,T_Gly-c net,GLY.p <-> GLY.c,-0.000155598546272451,5754.9194251014
Exch flux,T_Gly-c exch,GLY.p <-> GLY.c,9.99999998363421e-08,0
Net flux,cSHMT,SER.c -> GLY.c + meTHF.c,1.69964938873065,0.344088916416743
Net flux,FmTHF-reductase net,meTHF.c <-> FmTHF.c,1.69964938873065,0.344088916416743
Exch flux,FmTHF-reductase exch,meTHF.c <-> FmTHF.c,6.90954306270157,5617.49869630644
Net flux,Met-synthase,FmTHF.c + Hcy.c -> Met.c,1.69964938873063,0.344088916416743
Net flux,SAM-synthase,Met.c -> SAM.c,1.69964938873064,0.344088916416743
Net flux,Methylation,SAM.c -> SAH.c + Acceptor.c,1.69964938873063,0.344088916416743
Net flux,hydrolysis,SAH.c -> Hcy.c,1.69964938873063,0.344088916416743
Net flux,G_SER.m,0*SER.m -> SER,1.0000000116861e-07,0
Net flux,G_SER.c,0*SER.c -> SER,2.58646518567218e-05,4958.20541019747
Net flux,G_Gly.m,0*GLY.m -> GLY,0.000100665588689708,5032.51690383568
Net flux,G_Gly.c,0*GLY.c -> GLY,38.8152971898892,9.06774660127386
Net flux,T_GLY-c-m,GLY.c -> GLY.m,1.69949181054809,5754.9194353881
Net flux,G_Glyc,0*Glyc.p -> Glyc,6.23060783054519,1.00808838003029
Net flux,G_Glyx,0*Glyx.p -> Glyx,99.9850156887042,5411.46280042048
Net flux,G_HPA,0*HPA.p -> HPA,7.98357533374995,1.86780217035325
Net flux,(1-G)_Glyc,0*Glyc.x -> Glyc,93.7693921694554,1.00808838003029
Net flux,(1-G)_Glyx,0*Glyx.x -> Glyx,0.0149843112966934,5411.46280042048
Net flux,(1-G)_HPA,0*HPA.x -> HPA,92.0164246662499,1.86780217035325
Net flux,GlycSink,Glyc -> Sink,100.000000000001,0
Net flux,GlyxSink,Glyx -> Sink,100.000000000001,0
Net flux,HPASink,HPA -> Sink,99.9999999999998,0
Net flux,SERex,dummySER -> outSER,1.00014183157526e-07,2.12016209976728e-12
Net flux,G_PYR,0*PYR.c -> PYR,34.0827611181362,2.56043699257834
Net flux,(1-G)_PYR,0*PYR.x -> PYR,65.9172388818641,2.56043699257834
Net flux,PYRSink,PYR -> Sink,100,0
Net flux,G_meTHF,0*meTHF.c -> meTHF,94.4888463805511,9.74600735013877
Net flux,G_FmTHF,0*FmTHF.c -> FmTHF,74.1232426830932,8.07554636232899
Net flux,G_Met,0*Met.c -> Met,63.8348567116382,5.56475354033619
Net flux,G_SAM,0*SAM.c -> SAM,52.1080519650192,6.35806756734791
Net flux,(1-G)_meTHF,0*meTHF.x -> meTHF,5.51115361944878,9.74600735013877
Net flux,(1-G)_FmTHF,0*FmTHF.x -> FmTHF,25.8767573169069,8.07554636232899
Net flux,(1-G)_Met,0*Met.x -> Met,36.1651432883618,5.56475354033619
Net flux,(1-G)_SAM,0*SAM.x -> SAM,47.8919480349808,6.35806756734791
Net flux,meTHFSink,meTHF -> Sink,99.9999999999999,0
Net flux,FmTHFSink,FmTHF -> Sink,100,0
Net flux,MetSink,Met -> Sink,100,0
Net flux,SAMsink,SAM -> Sink,100,0
Net flux,Met-protein,Met.c -> Protein,6.51983996113883e-15,0
Net flux,GLY-protein,GLY.c -> Protein,1.97963631443088e-06,2.26285947680808e-13
Net flux,SER-protein,SER.c -> Protein,9.99998990280915e-08,6.78996980931522e-13
Pool,2PG pool,,0,0
Pool,2PG.p pool,,1e-07,0
Pool,2PG.x pool,,1,Inf
Pool,3PGA pool,,0,0
Pool,3PGA.c pool,,0.149918571628922,0.0846702142235662
Pool,3PGA.p pool,,1.90440910356785e-07,5665.76836307644
Pool,3PGA.x pool,,1,Inf
Pool,ACA pool,,1e-07,0
Pool,ADPG pool,,0,0
Pool,ADPG.p pool,,9.9999999999999e-08,Inf
Pool,ADPG.x pool,,1,Inf
Pool,AKG pool,,1e-07,0
Pool,ALA pool,,0,0
Pool,ALA.c pool,,0.00920654295910533,0.00241359016354131
Pool,ALA.x pool,,1,Inf
Pool,ASN pool,,7566.06819373207,5438.31323045309
Pool,ASP pool,,1.00000000000057e-07,0
Pool,Acceptor.c pool,,1,Inf
Pool,CIT pool,,6.17390479589306,3.1811889091256
Pool,CO2 pool,,0.146495045769618,0.331398375532854
Pool,CO2.t pool,,1,Inf
Pool,E4P.p pool,,0,0
Pool,EC2 pool,,0,0
Pool,F6P pool,,0,0
Pool,F6P.c pool,,3.81141885694161e-06,5459.99696544275
Pool,F6P.p pool,,1.1660602490945e-07,5850.6867985487
Pool,F6P.x pool,,1,Inf
Pool,FBP pool,,0,0
Pool,FBP.c pool,,2.82469544844923e-06,5570.77450125733
Pool,FBP.p pool,,1e-07,0
Pool,FBP.x pool,,1,Inf
Pool,FmTHF pool,,4.89047946348672,2.29245086373142
Pool,FmTHF.c pool,,1e-07,0
Pool,FmTHF.x pool,,1,Inf
Pool,G6P pool,,0,0
Pool,G6P.c pool,,9.87699159392055e-06,5513.90158217707
Pool,G6P.p pool,,3.67117337878614e-06,5384.7660143759
Pool,G6P.x pool,,1,Inf
Pool,GA pool,,0,0
Pool,GA.p pool,,1e-07,0
Pool,GA.x pool,,1,Inf
Pool,GLN pool,,8.83867754354977,5397.53613328229
Pool,GLU pool,,1.00000062882285e-07,0
Pool,GLY pool,,0,0
Pool,GLY.c pool,,1.00000000002876e-07,0
Pool,GLY.m pool,,9.99999999994061e-08,0
Pool,GLY.p pool,,1e-07,0
Pool,GLY.x pool,,1,Inf
Pool,Glyc pool,,1.34921261032466,0.938900008779858
Pool,Glyc.p pool,,1e-07,0
Pool,Glyc.x pool,,1,Inf
Pool,Glyx pool,,1015.2826247804,392.308352566575
Pool,Glyx.p pool,,1e-07,0
Pool,Glyx.x pool,,1,Inf
Pool,HPA pool,,3.70018678464753e-06,5460.56837107242
Pool,HPA.p pool,,1e-07,0
Pool,HPA.x pool,,1,Inf
Pool,Hcy.c pool,,1,Inf
Pool,ICI pool,,0.000899404598824669,5735.52788231311
Pool,MAL pool,,0.766754045619553,0.308946744934969
Pool,Met pool,,1.41752264257329e-06,5300.24723823869
Pool,Met.c pool,,1e-07,0
Pool,Met.x pool,,1,Inf
Pool,OAA pool,,0.237846191504129,0.041652776668706
Pool,P5P pool,,0,0
Pool,PEP pool,,0,0
Pool,PEP.c pool,,1.00000000000002e-07,0
Pool,PEP.x pool,,1,Inf
Pool,PRO pool,,5.39499637738267,5006.30576399377
Pool,PYR pool,,1e-07,4.61627162574846e-14
Pool,PYR.c pool,,0.000581839533188746,0.00228806771920527
Pool,PYR.x pool,,1,Inf
Pool,Protein pool,,1,Inf
Pool,R5P pool,,0,0
Pool,R5P.p pool,,1e-07,0
Pool,R5P.x pool,,1,Inf
Pool,RU5P.p pool,,1e-07,0
Pool,RU5P.x pool,,1,Inf
Pool,RUBP pool,,0,0
Pool,RUBP.p pool,,1e-07,0
Pool,RUBP.x pool,,1,Inf
Pool,S6P pool,,1,Inf
Pool,S7P pool,,0,0
Pool,S7P.p pool,,1e-07,0
Pool,S7P.x pool,,1,Inf
Pool,SAH.c pool,,1,Inf
Pool,SAM pool,,4.62902460756746,2.61083200424128
Pool,SAM.c pool,,1.83513581784562e-07,5274.22917901342
Pool,SAM.x pool,,1,Inf
Pool,SBP pool,,0,0
Pool,SER pool,,0,0
Pool,SER.c pool,,1.00000000002876e-07,0
Pool,SER.m pool,,0.483467379925921,0.0445059858153409
Pool,SER.p pool,,5.15127685976522e-05,5813.0314170186
Pool,SER.x pool,,1,Inf
Pool,Sink pool,,1,Inf
Pool,Starch pool,,1,Inf
Pool,THR pool,,3888.84197003839,5910.68725426391
Pool,TP pool,,0,0
Pool,TP.c pool,,2.66091120406981e-06,5768.90167178621
Pool,TP.p pool,,1.71807387551932e-07,5710.73677015697
Pool,TP.x pool,,1,Inf
Pool,UDPG pool,,0,0
Pool,UDPG.c pool,,1.98396822834633,2.73549285409496
Pool,UDPG.x pool,,1,Inf
Pool,X5P.p pool,,1e-07,0
Pool,dummy pool,,1,Inf
Pool,dummyGLY pool,,1,Inf
Pool,dummySER pool,,1,Inf
Pool,meTHF pool,,1.00000000000273e-07,0
Pool,meTHF.c pool,,1e-07,0
Pool,meTHF.x pool,,1,Inf
Pool,myTHF.m pool,,1.00000000002876e-07,0
Pool,outSER pool,,1,Inf
Norm,Experiment2 Glyc205 #1 norm,,0.934591805735631,0.0338677694783977
Norm,Experiment2 Glyc205 #2 norm,,0.988390172509333,0.0189126153990163
Norm,Experiment2 Glyc205 #3 norm,,0.985161987671728,0.0229922741718496
Norm,Experiment2 Glyc205 #4 norm,,1.02304527231042,0.0215680324221971
Norm,Experiment2 Glyc205 #5 norm,,1.01590563732014,0.0236306594615412
Norm,Experiment2 Glyc205 #6 norm,,0.982886215967655,0.0252438494438912
Norm,Experiment2 Glyc205 #7 norm,,0.95211538585217,0.0319952732202195
Norm,Experiment2 Glyc205 #8 norm,,0.930231271514588,0.0910973153395482
Norm,Experiment2 Glyx160 #1 norm,,0.992855143345911,0.0113610874496909
Norm,Experiment2 Glyx160 #2 norm,,0.980385536701592,0.0112319583454371
Norm,Experiment2 Glyx160 #3 norm,,0.991403049130793,0.0125316483787805
Norm,Experiment2 Glyx160 #4 norm,,1.00380165125705,0.0163451774863151
Norm,Experiment2 Glyx160 #5 norm,,1.01095575734072,0.0145320116703713
Norm,Experiment2 Glyx160 #6 norm,,0.988812893841106,0.0208499814651071
Norm,Experiment2 Glyx160 #7 norm,,0.990734874515914,0.0318485719990023
Norm,Experiment2 Glyx160 #8 norm,,0.994804047748551,0.122529930405782
Norm,Experiment2 GLY276 #1 norm,,0.996003519752997,0.0106070516122428
Norm,Experiment2 GLY276 #2 norm,,0.950951434295013,0.0214700596358592
Norm,Experiment2 GLY276 #3 norm,,0.980081267261834,0.0187305275347405
Norm,Experiment2 GLY276 #4 norm,,1.0195391462987,0.018651739871824
Norm,Experiment2 GLY276 #5 norm,,0.957708417241131,0.037856164374523
Norm,Experiment2 GLY276 #6 norm,,1.01588428039922,0.08592414687622
Norm,Experiment2 GLY276 #7 norm,,0.886861354617947,0.167879169160215
Norm,Experiment2 GLY276 #8 norm,,1.04751181581545,0.211497024148866
Norm,Experiment2 HPA262 #1 norm,,1.0160405777331,0.0203031951790593
Norm,Experiment2 HPA262 #2 norm,,0.976041428975784,0.0252975494544301
Norm,Experiment2 HPA262 #3 norm,,0.959965077703792,0.0235853122356846
Norm,Experiment2 HPA262 #4 norm,,0.973812283155653,0.0308266938356126
Norm,Experiment2 HPA262 #5 norm,,0.941094976446093,0.0212677447512072
Norm,Experiment2 HPA262 #6 norm,,0.941670699398498,0.0274188472782894
Norm,Experiment2 HPA262 #7 norm,,1.02879677557733,0.0251853095123955
Norm,Experiment2 HPA262 #8 norm,,0.98229328227432,0.0389923281608273
Norm,Experiment2 GA307 #1 norm,,0.995344424591978,0.0107761473164763
Norm,Experiment2 GA307 #2 norm,,0.926911336465007,0.0295679554499412
Norm,Experiment2 GA307 #3 norm,,0.903911960366266,0.0211723305884834
Norm,Experiment2 GA307 #4 norm,,0.948974885545888,0.0240385078541847
Norm,Experiment2 GA307 #5 norm,,0.936115854389499,0.0748242093159046
Norm,Experiment2 GA307 #6 norm,,0.796616062116652,0.0920429263272633
Norm,Experiment2 GA307 #7 norm,,0.943501682663697,0.0640178030088555
Norm,Experiment2 GA307 #8 norm,,0.954660318371067,0.13735683593801
Norm,Experiment2 SER306 #1 norm,,0.974194954145312,0.0122934434842622
Norm,Experiment2 SER306 #2 norm,,0.934737448129892,0.0336882971180045
Norm,Experiment2 SER306 #3 norm,,0.986457007371753,0.0192962041239912
Norm,Experiment2 SER306 #4 norm,,1.03943847900359,0.0249843934016285
Norm,Experiment2 SER306 #5 norm,,1.01526556630265,0.0560749911597337
Norm,Experiment2 SER306 #6 norm,,1.02724370449666,0.111442069543824
Norm,Experiment2 SER306 #7 norm,,0.955123534878626,0.0949081793102888
Norm,Experiment2 SER306 #8 norm,,1.01710411469428,0.102138418906753
Norm,Experiment2 meTHF #1 norm,,1.00803464962837,0.0100616353386951
Norm,Experiment2 meTHF #2 norm,,0.99937342523437,0.0147969418693942
Norm,Experiment2 meTHF #3 norm,,0.994267716904655,0.0269931480301968
Norm,Experiment2 meTHF #4 norm,,1.00485744483002,0.0267032557904556
Norm,Experiment2 meTHF #5 norm,,0.961156295482195,0.084999286802803
Norm,Experiment2 meTHF #6 norm,,1.02982254495116,0.160061218315929
Norm,Experiment2 meTHF #7 norm,,0.984077700199566,0.167417586467905
Norm,Experiment2 meTHF #8 norm,,1.01129223735525,0.082356672008797
Norm,Experiment2 FmTHF #1 norm,,0.968038127161052,0.00985766339230758
Norm,Experiment2 FmTHF #2 norm,,0.993003409168687,0.0114525225012969
Norm,Experiment2 FmTHF #3 norm,,1.02045131645905,0.0103936573631777
Norm,Experiment2 FmTHF #4 norm,,0.985169218834051,0.0221279604747913
Norm,Experiment2 FmTHF #5 norm,,1.01208770155728,0.0423544364663068
Norm,Experiment2 FmTHF #6 norm,,0.971362661379528,0.0626135595916126
Norm,Experiment2 FmTHF #7 norm,,0.993746542877543,0.125377415120962
Norm,Experiment2 FmTHF #8 norm,,0.996108806953596,0.0629409313671012
Norm,Experiment2 Met176 #1 norm,,1.02239637060681,0.0255189209385874
Norm,Experiment2 Met176 #2 norm,,0.961580249515637,0.0370202909602244
Norm,Experiment2 Met176 #3 norm,,0.9009321918299,0.0324119583404694
Norm,Experiment2 Met176 #4 norm,,1.00030834498022,0.100764267366024
Norm,Experiment2 Met176 #5 norm,,0.993000803491118,0.0706187965997546
Norm,Experiment2 Met176 #6 norm,,0.985156623327866,0.0327428535357392
Norm,Experiment2 Met176 #7 norm,,1.0144884468562,0.0661838926921621
Norm,Experiment2 Met176 #8 norm,,0.990709182817091,0.222102493931398
Norm,Experiment2 SAM #1 norm,,0.96850787270766,0.0139822065547617
Norm,Experiment2 SAM #2 norm,,0.980704461621756,0.0220363563174171
Norm,Experiment2 SAM #3 norm,,0.964050946612303,0.0340519240145721
Norm,Experiment2 SAM #4 norm,,0.933408082344275,0.0424869857880394
Norm,Experiment2 SAM #5 norm,,1.00680893848923,0.0255016062674827
Norm,Experiment2 SAM #6 norm,,1.00789790768941,0.064112541977926
Norm,Experiment2 SAM #7 norm,,1.0162526680568,0.087732390684191
Norm,Experiment2 SAM #8 norm,,0.99634736690334,0.0669899973271762
Norm,Experiment2 CIT465 #1 norm,,0.979354034747754,0.0125092346557575
Norm,Experiment2 CIT465 #2 norm,,0.992049864845035,0.0105176019556509
Norm,Experiment2 CIT465 #3 norm,,0.970657932091789,0.0128392302506739
Norm,Experiment2 CIT465 #4 norm,,1.02330361077471,0.0134739041749659
Norm,Experiment2 CIT465 #5 norm,,0.952208787068262,0.0151552555821776
Norm,Experiment2 CIT465 #6 norm,,1.01668154975774,0.0117243138515928
Norm,Experiment2 CIT465 #7 norm,,1.0132933380825,0.015683125297819
Norm,Experiment2 CIT465 #8 norm,,1.05806398931966,0.0228563042547361
Norm,Experiment2 MAL335 #1 norm,,0.986964854800912,0.0116863927570015
Norm,Experiment2 MAL335 #2 norm,,0.975497893116079,0.0133391365781391
Norm,Experiment2 MAL335 #3 norm,,0.972715862077721,0.0127611094659831
Norm,Experiment2 MAL335 #4 norm,,0.980736082159207,0.011864211798745
Norm,Experiment2 MAL335 #5 norm,,0.962157090813841,0.0144096888132412
Norm,Experiment2 MAL335 #6 norm,,0.998046636436015,0.0148938180280224
Norm,Experiment2 MAL335 #7 norm,,1.01343187327667,0.0212175066002296
Norm,Experiment2 MAL335 #8 norm,,0.982611965039475,0.0440730163212016
Norm,Experiment2 ASP334 #1 norm,,0.960679661732615,0.0152716997699918
Norm,Experiment2 ASP334 #2 norm,,0.942211441221171,0.0214131937131061
Norm,Experiment2 ASP334 #3 norm,,0.937904455667144,0.0171266123090405
Norm,Experiment2 ASP334 #4 norm,,0.951330081569919,0.0202328384678952
Norm,Experiment2 ASP334 #5 norm,,1.03570886513651,0.0261651716314054
Norm,Experiment2 ASP334 #6 norm,,0.949590636203066,0.0514004210947165
Norm,Experiment2 ASP334 #7 norm,,0.989253801047836,0.0597172637559929
Norm,Experiment2 ASP334 #8 norm,,0.975739078257388,0.0408014215102314
Norm,Experiment2 GLU348 #1 norm,,1.0143896371584,0.0118952902686497
Norm,Experiment2 GLU348 #2 norm,,0.966955361829539,0.0121504177281835
Norm,Experiment2 GLU348 #3 norm,,0.975861879453449,0.0117678979999715
Norm,Experiment2 GLU348 #4 norm,,0.963636939273504,0.0147712922008935
Norm,Experiment2 GLU348 #5 norm,,0.965925269229641,0.0302274154482754
Norm,Experiment2 GLU348 #6 norm,,1.0332392138192,0.0160309067320207
Norm,Experiment2 GLU348 #7 norm,,0.975640019613654,0.022598709873552
Norm,Experiment2 GLU348 #8 norm,,0.91152721389604,0.0526388321417447
Norm,Experiment2 THR320 #1 norm,,0.977088373368641,0.0100325972174911
Norm,Experiment2 THR320 #2 norm,,0.962144859667175,0.0113625618333054
Norm,Experiment2 THR320 #3 norm,,1.00008514314434,0.0104093844330132
Norm,Experiment2 THR320 #4 norm,,0.991651896951502,0.0109037373366883
Norm,Experiment2 THR320 #5 norm,,0.99352010812077,0.0211213629801893
Norm,Experiment2 THR320 #6 norm,,0.987963457074632,0.0107106973336591
Norm,Experiment2 THR320 #7 norm,,0.997002149918096,0.0140687145265584
Norm,Experiment2 THR320 #8 norm,,0.942067959353492,0.037409235832033
Norm,Experiment2 ALA116 #1 norm,,0.990957931766543,0.00991899763824825
Norm,Experiment2 ALA116 #2 norm,,0.998465554709575,0.0100410879009263
Norm,Experiment2 ALA116 #3 norm,,1.0310867390459,0.0109171017765357
Norm,Experiment2 ALA116 #4 norm,,1.03073470009377,0.0266602352769216
Norm,Experiment2 ALA116 #5 norm,,0.971692174733818,0.0703456325063384
Norm,Experiment2 ALA116 #6 norm,,0.997759214140707,0.0738850238583789
Norm,Experiment2 ALA116 #7 norm,,0.994144071895785,0.0726696811412442
Norm,Experiment2 ALA116 #8 norm,,0.932482830211478,0.159807220215889
Norm,Experiment2 PYR #1 norm,,0.980756824675258,0.0123911013262252
Norm,Experiment2 PYR #2 norm,,0.944837041445979,0.0761933649519543
Norm,Experiment2 PYR #3 norm,,0.945117751572016,0.0632710447911514
Norm,Experiment2 PYR #4 norm,,1.12012819553834,0.0588811766084663
Norm,Experiment2 PYR #5 norm,,1.00272390483245,0.101743795551961
Norm,Experiment2 PYR #6 norm,,0.922881520748575,0.139901785298215
Norm,Experiment2 PYR #7 norm,,1.01525089250702,0.074969978873832
Norm,Experiment2 PYR #8 norm,,0.915570746211804,0.112742504499402
