type,id,eqn,val,std
Net flux,CO2.t,CO2.t -> CO2,66.1986335557603,1.51565240536024
Net flux,CO2_sink,dummy -> Sink,66.1986335557603,1.51565240536024
Net flux,RUBICSO_CO2,RUBP.p + CO2 -> 3PGA.p + 3PGA.p + dummy,68.0298205740415,1.52237424622063
Net flux,GAPDH.p net,3PGA.p <-> TP.p,138.063454124713,3.04795474018418
Exch flux,GAPDH.p exch,3PGA.p <-> TP.p,83354.9912048067,2902.40399635478
Net flux,ALD,TP.p + E4P.p -> SBP,23.4223425668814,0.508832953491912
Net flux,SBP,SBP -> S7P.p,23.4223425668814,0.508832953491912
Net flux,FBA.p net,TP.p + TP.p <-> FBP.p,30.9939340066703,0.786795589449095
Exch flux,FBA.p exch,TP.p + TP.p <-> FBP.p,33300.9730709629,2892.54878768388
Net flux,PFK.p net,FBP.p <-> F6P.p,30.9939340066662,0.786795589449095
Exch flux,PFK.p exch,FBP.p <-> F6P.p,1.00008520576012e-07,7.79260462490022e-13
Net flux,TK1 net,TP.p + EC2 <-> X5P.p,46.8446851337627,1.01766590698382
Exch flux,TK1 exch,TP.p + EC2 <-> X5P.p,1.0000000116861e-07,0
Net flux,TK2 net,S7P.p <-> R5P.p + EC2,23.4223425668813,0.508832953491912
Exch flux,TK2 exch,S7P.p <-> R5P.p + EC2,38.0229175542894,4322.2166569205
Net flux,TK3 net,F6P.p <-> E4P.p + EC2,23.4223425668824,0.508832953491912
Exch flux,TK3 exch,F6P.p <-> E4P.p + EC2,9755.54063258575,4764.56261831605
Net flux,PPE net,X5P.p <-> RU5P.p,46.8446851337627,1.01766590698382
Exch flux,PPE exch,X5P.p <-> RU5P.p,85.8664377717496,2731.72734782088
Net flux,PPI net,R5P.p <-> RU5P.p,23.4223425668814,0.508832953491912
Exch flux,PPI exch,R5P.p <-> RU5P.p,245.307336352957,2346.1860660557
Net flux,PRK,RU5P.p -> RUBP.p,70.2670277006442,1.52649886043535
Net flux,RUBISCO_O2,RUBP.p -> 3PGA.p + 2PG.p,2.23720712660272,0.0847953696927328
Net flux,GLYdil net,GLY.p <-> GLY.x + dummyGLY,0.0147973025513792,0.00163337154961093
Exch flux,GLYdil exch,GLY.p <-> GLY.x + dummyGLY,1.0000000116861e-07,0
Net flux,SERdil net,SER.p <-> SER.x + dummySER,0.135084094037836,0.257435866182106
Exch flux,SERdil exch,SER.p <-> SER.x + dummySER,1.00001138036987e-07,2.42560443627202e-13
Net flux,GK,GA.p -> 3PGA.p,0.385856262192582,0.268803371399773
Net flux,PGI.p net,F6P.p <-> G6P.p,7.57159143978309,0.410459947516294
Exch flux,PGI.p exch,F6P.p <-> G6P.p,1.00004729830516e-07,4.55269594027739e-13
Net flux,PGM.p,G6P.p -> ADPG.p,7.57159143978309,0.410459947516294
Net flux,Starch,ADPG.p -> Starch,7.57159143978307,0.410459947516294
Net flux,FBA.c net,TP.c + TP.c <-> FBP.c,2.90427920536605,0.320583228939106
Exch flux,FBA.c exch,TP.c + TP.c <-> FBP.c,22.4523476175547,4939.41273952815
Net flux,PFK.c net,FBP.c <-> F6P.c,2.90427920536607,0.320583228939106
Exch flux,PFK.c exch,FBP.c <-> F6P.c,8.93086033043038,16.1637125983377
Net flux,PGI.c net,F6P.c <-> G6P.c,1.45213960268305,0.160291614469553
Exch flux,PGI.c exch,F6P.c <-> G6P.c,230.012503472739,5077.78741834633
Net flux,PGM.c net,G6P.c <-> UDPG.c,1.45213960268302,0.160291614469553
Exch flux,PGM.c exch,G6P.c <-> UDPG.c,48482.2177914649,5007.13630590083
Net flux,SPS,F6P.c + UDPG.c -> S6P,1.45213960268299,0.160291614469553
Net flux,PGAM.c net,3PGA.c <-> PEP.c,0.61925041216754,0.0683547560204315
Exch flux,PGAM.c exch,3PGA.c <-> PEP.c,0.0225049744564012,5179.81294450386
Net flux,PK.c,PEP.c -> PYR.c,0.281090662891451,0.0310276477878758
Net flux,PDH,PYR.c + dummy -> ACA + CO2,0.233939689991945,0.0258229790709631
Net flux,CS,OAA + ACA -> CIT,0.233939689991941,0.0258229790709631
Net flux,ACO net,CIT <-> ICI,0.233939689991985,0.0258229790709631
Exch flux,ACO exch,CIT <-> ICI,1343.90903973612,4023.38120489925
Net flux,IDH,ICI + dummy -> AKG + CO2,0.233939689991957,0.0258229790709631
Net flux,MDH net,MAL <-> OAA,7.105427357601e-15,0
Exch flux,MDH exch,MAL <-> OAA,0.315629812512945,0.0639613461534508
Net flux,PPC,PEP.c + CO2 -> OAA + dummy,0.338159749276975,0.0373271082083993
Net flux,T_3PGA net,3PGA.p <-> 3PGA.c,0.619250412167517,0.0683547560204315
Exch flux,T_3PGA exch,3PGA.p <-> 3PGA.c,1.0000000116861e-07,0
Net flux,T_DHAP net,TP.p <-> TP.c,5.80855841073215,0.641166457878211
Exch flux,T_DHAP exch,TP.p <-> TP.c,3.78284887001248,2.28235739918171
Net flux,ALT,PYR.c -> ALA.c,0.0471509728992469,0.0052046687196591
Net flux,ASPT,OAA -> ASP,0.104220059284787,0.0115041291567815
Net flux,GLUDH,AKG -> GLU,0.233939689991934,0.0258229790709631
Net flux,PCR net,GLU <-> PRO,-2.48689957516035e-14,0
Exch flux,PCR exch,GLU <-> PRO,1.0000000116861e-07,0
Net flux,GS net,GLU <-> GLN,0,0
Exch flux,GS exch,GLU <-> GLN,1.00042235828823e-07,0
Net flux,TS net,ASP <-> THR,0,0
Exch flux,TS exch,ASP <-> THR,1.0000000116861e-07,0
Net flux,AS net,ASP <-> ASN,1.06581410364015e-14,0
Exch flux,AS exch,ASP <-> ASN,1.0000000116861e-07,0
Net flux,G_3PGA.p,0*3PGA.p -> 3PGA,2.46866312636485e-06,6861.51640986094
Net flux,G_3PGA.c,0*3PGA.c -> 3PGA,92.9119081403101,4990.44008609185
Net flux,G_DHAP.p,0*TP.p -> TP,40.6853798422419,7364.16498809889
Net flux,G_DHAP.c,0*TP.c -> TP,51.8471856996948,5131.81039194318
Net flux,G_F6P.p,0*F6P.p -> F6P,48.6686345030749,6857.99587110046
Net flux,G_F6P.c,0*F6P.c -> F6P,36.546576817712,4553.74418545996
Net flux,G_FBP.p,0*FBP.p -> FBP,2.46866142106228e-06,7281.71055759914
Net flux,G_FBP.c,0*FBP.c -> FBP,83.4512310524027,5087.53214773509
Net flux,G_G6P.p,0*G6P.p -> G6P,19.0549768397257,7059.09678895467
Net flux,G_G6P.c,0*G6P.c -> G6P,58.8549499993083,5130.30408387816
Net flux,G_RU5P.p,0*RU5P.p -> P5P,2.46865385022943e-06,7080.86301832101
Net flux,G_X5P.p,0*X5P.p -> P5P,92.8477691488358,5102.12337793936
Net flux,G_R5P.p,0*R5P.p -> R5P,82.2810779884949,5660.71766298813
Net flux,G_GA.p,0*GA.p -> GA,29.3975713411946,4.30812556570837
Net flux,G_SER.p,0*SER.p -> SER,67.1876792592127,5022.95006064697
Net flux,G_GLY.p,0*GLY.p -> GLY,3.60961921197438,4960.87183317187
Net flux,G_RUBP.p,0*RUBP.p -> RUBP,92.5302752673063,4923.87817632951
Net flux,G_S7P.p,0*S7P.p -> S7P,98.4567310636212,4800.4116347533
Net flux,G_2PG.p,0*2PG.p -> 2PG,87.0427532706349,4729.84589865931
Net flux,G_ADPG.p,0*ADPG.p -> ADPG,95.0805622183481,4858.9887005591
Net flux,G_PEP.c,0*PEP.c -> PEP,89.2305410445615,4816.32054119157
Net flux,G_UDPG.c,0*UDPG.c -> UDPG,72.4268033045549,4845.12209984384
Net flux,G_ALA.c,0*ALA.c -> ALA,67.2232083525428,5.58661385875616
Net flux,(1-G)_GA,0*GA.x -> GA,70.6024286588074,4.30812556570837
Net flux,(1-G)_SER,0*SER.x -> SER,32.8123039078153,7.09993931558181
Net flux,(1-G)_GLY,0*GLY.x -> GLY,40.1701457608784,9.74592311876977
Net flux,(1-G)_R5P,0*R5P.x -> R5P,17.718922011502,5660.71766298813
Net flux,(1-G)_RUBP,0*RUBP.x -> RUBP,7.46972473269241,4923.87817632951
Net flux,(1-G)_3PGA,0*3PGA.x -> 3PGA,7.08808939102707,4750.9992610174
Net flux,(1-G)_TP,0*TP.x -> TP,7.46743445806384,5017.21243666746
Net flux,(1-G)_F6P,0*F6P.x -> F6P,14.7847886792169,5131.96222306314
Net flux,(1-G)_FBP,0*FBP.x -> FBP,16.5487664789307,5402.68021534652
Net flux,(1-G)_G6P,0*G6P.x -> G6P,22.0900731609643,4991.6877066735
Net flux,(1-G)_RU5P,0*RU5P.x -> P5P,7.15222838251177,4833.55797717778
Net flux,(1-G)_S7P,0*S7P.x -> S7P,1.5432689363768,4800.4116347533
Net flux,(1-G)_2PG,0*2PG.x -> 2PG,12.9572467293675,4729.84589865931
Net flux,(1-G)_ADPG,0*ADPG.x -> ADPG,4.91943778165087,4858.9887005591
Net flux,(1-G)_PEP,0*PEP.x -> PEP,10.7694589554367,4816.32054119157
Net flux,(1-G)_UDPG,0*UDPG.x -> UDPG,27.5731966954463,4845.12209984384
Net flux,(1-G)_ALA,0*ALA.x -> ALA,32.776791647457,5.58661385875616
Net flux,PGASink,3PGA -> Sink,100,0
Net flux,DHAPSink,TP -> Sink,100.000000000001,0
Net flux,F6PSink,F6P -> Sink,100.000000000004,0
Net flux,FBPSink,FBP -> Sink,99.9999999999948,0
Net flux,G6PSink,G6P -> Sink,99.9999999999983,0
Net flux,P5PSink,P5P -> Sink,100.000000000001,0
Net flux,R5PSink,R5P -> Sink,99.9999999999968,0
Net flux,GASink,GA -> Sink,100.000000000002,0
Net flux,SERSink,SER -> Sink,99.9999999999996,0
Net flux,GLYSink,GLY -> Sink,100.000000000001,0
Net flux,RUBPSink,RUBP -> Sink,99.9999999999987,0
Net flux,S7PSink,S7P -> Sink,99.9999999999979,0
Net flux,2PGSink,2PG -> Sink,100.000000000002,0
Net flux,ADPGSink,ADPG -> Sink,99.9999999999989,0
Net flux,PEPSink,PEP -> Sink,99.9999999999983,0
Net flux,UDPGSink,UDPG -> Sink,100.000000000001,0
Net flux,ALASink,ALA -> Sink,99.9999999999998,0
Net flux,S6Pout-LL,S6P + 0.1611*GLU + 0.07177*ASP + 0.03247*ALA.c + 0.01019*dummyGLY + 0.03484*dummySER -> Sink,1.45213960268303,0.160291614469553
Net flux,PGP.p,2PG.p -> Glyc.p,2.23720712660274,0.0847953696927328
Net flux,GOX,Glyc.p -> Glyx.p,2.23720712660275,0.0847953696927328
Net flux,GGT,Glyx.p -> GLY.p,2.23720712660274,0.0847953696927328
Net flux,SGAT,SER.p -> HPA.p,0.385856262192571,0.268803371399773
Net flux,HPR.p,HPA.p -> GA.p,0.385856262192566,0.268803371399773
Net flux,T_GLY-m net,GLY.p <-> GLY.m,2.31799469638645,5090.10323569879
Exch flux,T_GLY-m exch,GLY.p <-> GLY.m,27484.7009567318,5090.35423764856
Net flux,GDC.m,GLY.m + dummy -> myTHF.m + CO2,1.70146738757351,0.132272534655121
Net flux,T_SER-m net,SER.p <-> SER.m,-1.70146738757353,0.132272534655121
Exch flux,T_SER-m exch,SER.p <-> SER.m,1108.93154412194,4823.31221562073
Net flux,mSHMT,GLY.m + myTHF.m -> SER.m,1.70146738757351,0.132272534655121
Net flux,T_SER-c net,SER.p <-> SER.c,1.1805270313431,0.237868820430208
Exch flux,T_SER-c exch,SER.p <-> SER.c,1.00000764113872e-07,0.173894789505723
Net flux,T_Gly-c net,GLY.p <-> GLY.c,-0.0955848723385149,5090.10323499197
Exch flux,T_Gly-c exch,GLY.p <-> GLY.c,9.99999998363421e-08,0
Net flux,cSHMT,SER.c -> GLY.c + meTHF.c,1.18052693134371,0.237868820528601
Net flux,FmTHF-reductase net,meTHF.c <-> FmTHF.c,1.18052693134371,0.237868820528601
Exch flux,FmTHF-reductase exch,meTHF.c <-> FmTHF.c,7.68851939959617,4957.77440378549
Net flux,Met-synthase,FmTHF.c + Hcy.c -> Met.c,1.18052693134369,0.237868820528601
Net flux,SAM-synthase,Met.c -> SAM.c,1.1805269313437,0.237868820528601
Net flux,Methylation,SAM.c -> SAH.c + Acceptor.c,1.18052693134369,0.237868820528601
Net flux,hydrolysis,SAH.c -> Hcy.c,1.18052693134368,0.237868820528601
Net flux,G_SER.m,0*SER.m -> SER,1.0000000116861e-07,0
Net flux,G_SER.c,0*SER.c -> SER,1.67329715949904e-05,5022.94504271703
Net flux,G_Gly.m,0*GLY.m -> GLY,9.99992408878825e-08,4960.8715217117
Net flux,G_Gly.c,0*GLY.c -> GLY,56.2202349271492,10.086216863249
Net flux,T_GLY-c-m,GLY.c -> GLY.m,1.08494007875717,5090.10324054963
Net flux,G_Glyc,0*Glyc.p -> Glyc,12.0390479500266,2.07019863820293
Net flux,G_Glyx,0*Glyx.p -> Glyx,99.7734726351178,4993.3028587646
Net flux,G_HPA,0*HPA.p -> HPA,5.65266454702616,1.90762547334826
Net flux,(1-G)_Glyc,0*Glyc.x -> Glyc,87.960952049974,2.07019863820293
Net flux,(1-G)_Glyx,0*Glyx.x -> Glyx,0.226527364883033,4993.3028587646
Net flux,(1-G)_HPA,0*HPA.x -> HPA,94.3473354529737,1.90762547334826
Net flux,GlycSink,Glyc -> Sink,100.000000000001,0
Net flux,GlyxSink,Glyx -> Sink,100.000000000001,0
Net flux,HPASink,HPA -> Sink,99.9999999999998,0
Net flux,SERex,dummySER -> outSER,0.0844868947106243,0.258027473183182
Net flux,G_PYR,0*PYR.c -> PYR,44.6628471728368,2.94525836573307
Net flux,(1-G)_PYR,0*PYR.x -> PYR,55.3371528271634,2.94525836573307
Net flux,PYRSink,PYR -> Sink,100,0
Net flux,G_meTHF,0*meTHF.c -> meTHF,91.4943782578802,11.2548936313766
Net flux,G_FmTHF,0*FmTHF.c -> FmTHF,71.6039819645687,9.53621316948558
Net flux,G_Met,0*Met.c -> Met,50.8773997174791,6.42178973927538
Net flux,G_SAM,0*SAM.c -> SAM,49.5910225247055,6.95322826275414
Net flux,(1-G)_meTHF,0*meTHF.x -> meTHF,8.50562174211968,11.2548936313766
Net flux,(1-G)_FmTHF,0*FmTHF.x -> FmTHF,28.3960180354314,9.53621316948558
Net flux,(1-G)_Met,0*Met.x -> Met,49.122600282521,6.42178973927538
Net flux,(1-G)_SAM,0*SAM.x -> SAM,50.4089774752945,6.95322826275414
Net flux,meTHFSink,meTHF -> Sink,99.9999999999999,0
Net flux,FmTHFSink,FmTHF -> Sink,100,0
Net flux,MetSink,Met -> Sink,100,0
Net flux,SAMsink,SAM -> Sink,100,0
Net flux,Met-protein,Met.c -> Protein,6.51983996113883e-15,0
Net flux,GLY-protein,GLY.c -> Protein,1.98024805264652e-06,3.0323225670563e-13
Net flux,SER-protein,SER.c -> Protein,9.99993909900354e-08,2.03720866020068e-13
Pool,2PG pool,,0,0
Pool,2PG.p pool,,1.36299719876755e-06,4990.52291271933
Pool,2PG.x pool,,1,Inf
Pool,3PGA pool,,0,0
Pool,3PGA.c pool,,0.0261280748464602,0.0063554771282262
Pool,3PGA.p pool,,2.64327694066908e-06,4838.08296561777
Pool,3PGA.x pool,,1,Inf
Pool,ACA pool,,1.95173961311541e-07,5085.78366699768
Pool,ADPG pool,,0,0
Pool,ADPG.p pool,,9.9999999999999e-08,Inf
Pool,ADPG.x pool,,1,Inf
Pool,AKG pool,,2.90095987613748e-07,4636.13768896264
Pool,ALA pool,,0,0
Pool,ALA.c pool,,0.00650073459159127,0.00214975401244365
Pool,ALA.x pool,,1,Inf
Pool,ASN pool,,7566.06819372822,5147.87516274262
Pool,ASP pool,,0.0411976015277926,0.00889035462250908
Pool,Acceptor.c pool,,1,Inf
Pool,CIT pool,,5.81248618782454,2.91616206329121
Pool,CO2 pool,,1.38443028623707e-05,5173.78222361757
Pool,CO2.t pool,,1,Inf
Pool,E4P.p pool,,0,0
Pool,EC2 pool,,0,0
Pool,F6P pool,,0,0
Pool,F6P.c pool,,3.8308256339676e-06,4796.94844819048
Pool,F6P.p pool,,1.78419283102011e-06,4781.1267686601
Pool,F6P.x pool,,1,Inf
Pool,FBP pool,,0,0
Pool,FBP.c pool,,3.60365436825327e-06,4756.994701322
Pool,FBP.p pool,,1.87606240449548e-06,4798.70941891542
Pool,FBP.x pool,,1,Inf
Pool,FmTHF pool,,7.26742044797039,3.30013866630132
Pool,FmTHF.c pool,,1e-07,0
Pool,FmTHF.x pool,,1,Inf
Pool,G6P pool,,0,0
Pool,G6P.c pool,,9.88216852427151e-06,4706.08857191926
Pool,G6P.p pool,,3.86795105367791e-06,4933.1079472472
Pool,G6P.x pool,,1,Inf
Pool,GA pool,,0,0
Pool,GA.p pool,,2.01200351909505e-07,5424.43743323042
Pool,GA.x pool,,1,Inf
Pool,GLN pool,,8.83867754496469,5048.62535215121
Pool,GLU pool,,2.90182045421673e-07,4748.53796417555
Pool,GLY pool,,0,0
Pool,GLY.c pool,,0.0714419156886249,0.0436830991492796
Pool,GLY.m pool,,1e-07,0
Pool,GLY.p pool,,9.99999999999482e-08,0
Pool,GLY.x pool,,1,Inf
Pool,Glyc pool,,11.6123179902293,4.84179038561863
Pool,Glyc.p pool,,1.8801804635728e-06,4775.3909631339
Pool,Glyc.x pool,,1,Inf
Pool,Glyx pool,,675.681765786769,170.567427891825
Pool,Glyx.p pool,,2.74658939642158e-06,4809.64722516137
Pool,Glyx.x pool,,1,Inf
Pool,HPA pool,,0.000233226327204525,5210.32454199094
Pool,HPA.p pool,,2.15997816324137e-07,4997.56996108456
Pool,HPA.x pool,,1,Inf
Pool,Hcy.c pool,,1,Inf
Pool,ICI pool,,0.0130118288764562,4927.24643236255
Pool,MAL pool,,1.27909022864721,0.27983552437657
Pool,Met pool,,9.95727613145332e-05,5090.8045064182
Pool,Met.c pool,,1e-07,0
Pool,Met.x pool,,1,Inf
Pool,OAA pool,,9.99999999998398e-08,0
Pool,P5P pool,,0,0
Pool,PEP pool,,0,0
Pool,PEP.c pool,,1.00000000000057e-07,0
Pool,PEP.x pool,,1,Inf
Pool,PRO pool,,5.39499637879636,4833.18965168137
Pool,PYR pool,,1e-07,0
Pool,PYR.c pool,,0.0157619435374582,0.00586024315701061
Pool,PYR.x pool,,1,Inf
Pool,Protein pool,,1,Inf
Pool,R5P pool,,0,0
Pool,R5P.p pool,,2.94076543335847e-06,5146.02765500918
Pool,R5P.x pool,,1,Inf
Pool,RU5P.p pool,,1.94007596376762e-06,4995.37534913694
Pool,RU5P.x pool,,1,Inf
Pool,RUBP pool,,0,0
Pool,RUBP.p pool,,1.95888851520195e-06,5013.53654218307
Pool,RUBP.x pool,,1,Inf
Pool,S6P pool,,1,Inf
Pool,S7P pool,,0,0
Pool,S7P.p pool,,1.66426777469151e-06,5086.33649956003
Pool,S7P.x pool,,1,Inf
Pool,SAH.c pool,,1,Inf
Pool,SAM pool,,5.28397085716309,2.9266474985907
Pool,SAM.c pool,,2.91208443267913e-07,4722.93099266972
Pool,SAM.x pool,,1,Inf
Pool,SBP pool,,0,0
Pool,SER pool,,0,0
Pool,SER.c pool,,1.00000000002876e-07,0
Pool,SER.m pool,,0.444002509672909,0.0597186545138364
Pool,SER.p pool,,0.000665949930103247,4748.20291822643
Pool,SER.x pool,,1,Inf
Pool,Sink pool,,1,Inf
Pool,Starch pool,,1,Inf
Pool,THR pool,,3889.68876139448,4775.46216346928
Pool,TP pool,,0,0
Pool,TP.c pool,,3.93206001583375e-06,4983.03067606159
Pool,TP.p pool,,2.70495851054778e-06,5140.67316887336
Pool,TP.x pool,,1,Inf
Pool,UDPG pool,,0,0
Pool,UDPG.c pool,,2.53297671555307,2.23140485297503
Pool,UDPG.x pool,,1,Inf
Pool,X5P.p pool,,1.98248276680236e-06,5248.36720302061
Pool,dummy pool,,1,Inf
Pool,dummyGLY pool,,1,Inf
Pool,dummySER pool,,1,Inf
Pool,meTHF pool,,1.243117673771,1.12626293256495
Pool,meTHF.c pool,,1e-07,0
Pool,meTHF.x pool,,1,Inf
Pool,myTHF.m pool,,1.3270187818519e-06,4744.13955248145
Pool,outSER pool,,1,Inf
Norm,Experiment2 Glyc205 #1 norm,,0.948120516609764,0.0333681459279211
Norm,Experiment2 Glyc205 #2 norm,,0.973158809189693,0.0150472208210836
Norm,Experiment2 Glyc205 #3 norm,,0.988889056692314,0.0219598123220139
Norm,Experiment2 Glyc205 #4 norm,,0.967836840439771,0.0209323583864077
Norm,Experiment2 Glyc205 #5 norm,,1.0147759683403,0.0244050173149005
Norm,Experiment2 Glyc205 #6 norm,,0.994610840518732,0.0244004513264945
Norm,Experiment2 Glyc205 #7 norm,,1.00753177027998,0.0365807428773041
Norm,Experiment2 Glyc205 #8 norm,,0.952998079059772,0.10546019360022
Norm,Experiment2 Glyx160 #1 norm,,0.985168247570503,0.0115099160473608
Norm,Experiment2 Glyx160 #2 norm,,1.00599126206365,0.0116829080019629
Norm,Experiment2 Glyx160 #3 norm,,0.967757721513036,0.0123206193732149
Norm,Experiment2 Glyx160 #4 norm,,1.00888215239664,0.016673867654371
Norm,Experiment2 Glyx160 #5 norm,,1.01799064782709,0.0145966759178534
Norm,Experiment2 Glyx160 #6 norm,,0.960380460651422,0.0200516520672852
Norm,Experiment2 Glyx160 #7 norm,,1.03129868888928,0.0321986254684765
Norm,Experiment2 Glyx160 #8 norm,,0.912367047978097,0.102384639380096
Norm,Experiment2 GLY276 #1 norm,,0.988409074941127,0.0105982335658921
Norm,Experiment2 GLY276 #2 norm,,0.992192117435081,0.0231941916804448
Norm,Experiment2 GLY276 #3 norm,,0.994731581033247,0.0200375106795593
Norm,Experiment2 GLY276 #4 norm,,1.04209145983589,0.0192759539260061
Norm,Experiment2 GLY276 #5 norm,,0.965593525263254,0.0379453912739002
Norm,Experiment2 GLY276 #6 norm,,1.02574949868191,0.0766547021536199
Norm,Experiment2 GLY276 #7 norm,,0.973168776032381,0.162807155488089
Norm,Experiment2 GLY276 #8 norm,,1.00328798543439,0.15801815406751
Norm,Experiment2 HPA262 #1 norm,,1.00941838452866,0.0204048660362624
Norm,Experiment2 HPA262 #2 norm,,0.970433140997303,0.0234851820707745
Norm,Experiment2 HPA262 #3 norm,,0.997589758645917,0.0243519066276025
Norm,Experiment2 HPA262 #4 norm,,0.996725842546134,0.0301238630333851
Norm,Experiment2 HPA262 #5 norm,,0.974943072134678,0.0227252091210316
Norm,Experiment2 HPA262 #6 norm,,1.01677778771717,0.0297158840458162
Norm,Experiment2 HPA262 #7 norm,,0.937661710825824,0.0226463799904535
Norm,Experiment2 HPA262 #8 norm,,1.04098165318233,0.0408680481798637
Norm,Experiment2 GA307 #1 norm,,1.01457700380422,0.0111425451625819
Norm,Experiment2 GA307 #2 norm,,0.894069556863954,0.0298445712577563
Norm,Experiment2 GA307 #3 norm,,0.872256077324071,0.0205511695873737
Norm,Experiment2 GA307 #4 norm,,0.952516847076193,0.0248077740704646
Norm,Experiment2 GA307 #5 norm,,0.999534871532552,0.0787657548760838
Norm,Experiment2 GA307 #6 norm,,0.866071478756236,0.0886155914057689
Norm,Experiment2 GA307 #7 norm,,0.904882811306513,0.0710239673787818
Norm,Experiment2 GA307 #8 norm,,0.985721065293236,0.186606486833596
Norm,Experiment2 SER306 #1 norm,,0.975339185945328,0.0126533245636767
Norm,Experiment2 SER306 #2 norm,,1.02495835684532,0.0366327775450186
Norm,Experiment2 SER306 #3 norm,,0.99345878013221,0.0204355451754928
Norm,Experiment2 SER306 #4 norm,,1.06078227709169,0.0262205792556896
Norm,Experiment2 SER306 #5 norm,,0.960464065421836,0.053576873901855
Norm,Experiment2 SER306 #6 norm,,0.986078096455766,0.11236263230331
Norm,Experiment2 SER306 #7 norm,,1.05650528808921,0.113470054425732
Norm,Experiment2 SER306 #8 norm,,0.985209316585678,0.098550637416905
Norm,Experiment2 meTHF #1 norm,,0.995769808731303,0.00996893776808328
Norm,Experiment2 meTHF #2 norm,,0.995277391234483,0.0147749666292199
Norm,Experiment2 meTHF #3 norm,,0.981257098022186,0.0308262875862504
Norm,Experiment2 meTHF #4 norm,,1.0256209911442,0.0316038327194735
Norm,Experiment2 meTHF #5 norm,,0.982657226064281,0.0918935563381434
Norm,Experiment2 meTHF #6 norm,,0.956072983356853,0.121826426622789
Norm,Experiment2 meTHF #7 norm,,1.05111278689269,0.201914838204035
Norm,Experiment2 meTHF #8 norm,,0.973756088002955,0.070644763326857
Norm,Experiment2 FmTHF #1 norm,,1.01894512219388,0.0102762283751406
Norm,Experiment2 FmTHF #2 norm,,1.00896985297904,0.0115831052522
Norm,Experiment2 FmTHF #3 norm,,1.00589796583356,0.0100108312995136
Norm,Experiment2 FmTHF #4 norm,,1.01510555388791,0.0218082259296487
Norm,Experiment2 FmTHF #5 norm,,0.95452303170576,0.0374541011813251
Norm,Experiment2 FmTHF #6 norm,,0.993903533988441,0.0787081019774147
Norm,Experiment2 FmTHF #7 norm,,1.03145214843279,0.0966041090263144
Norm,Experiment2 FmTHF #8 norm,,1.00935464262556,0.0697236059963141
Norm,Experiment2 Met176 #1 norm,,0.960377478963346,0.0230741270239266
Norm,Experiment2 Met176 #2 norm,,0.992576135673652,0.0380214774860306
Norm,Experiment2 Met176 #3 norm,,0.891081486315624,0.0330593490935908
Norm,Experiment2 Met176 #4 norm,,0.73846150632938,0.0672289927034254
Norm,Experiment2 Met176 #5 norm,,0.949399441966902,0.0694114486924547
Norm,Experiment2 Met176 #6 norm,,1.02175807144693,0.0349783373971606
Norm,Experiment2 Met176 #7 norm,,0.99662189468861,0.0607929152356872
Norm,Experiment2 Met176 #8 norm,,1.00218396441646,0.415556053226429
Norm,Experiment2 SAM #1 norm,,0.965768354506127,0.013967783277934
Norm,Experiment2 SAM #2 norm,,0.992651521930996,0.0225551527254214
Norm,Experiment2 SAM #3 norm,,0.918559660279131,0.0323880253247343
Norm,Experiment2 SAM #4 norm,,1.00124052583144,0.0462369953573826
Norm,Experiment2 SAM #5 norm,,0.998457248903268,0.0248538519868329
Norm,Experiment2 SAM #6 norm,,1.04945569707316,0.0620165208355432
Norm,Experiment2 SAM #7 norm,,0.980980127588647,0.0729517540876989
Norm,Experiment2 SAM #8 norm,,1.00064272832618,0.0729513354437862
Norm,Experiment2 CIT465 #1 norm,,0.975053960932674,0.0122476039049047
Norm,Experiment2 CIT465 #2 norm,,0.990427659112323,0.0106287529993462
Norm,Experiment2 CIT465 #3 norm,,0.965484206540528,0.0127141825661288
Norm,Experiment2 CIT465 #4 norm,,0.991907829218516,0.0124709119911055
Norm,Experiment2 CIT465 #5 norm,,0.981883686724335,0.0154350083752263
Norm,Experiment2 CIT465 #6 norm,,0.996580799312844,0.011278599297735
Norm,Experiment2 CIT465 #7 norm,,1.05788339761211,0.0169376235053405
Norm,Experiment2 CIT465 #8 norm,,0.998864868579861,0.0229385202771709
Norm,Experiment2 MAL335 #1 norm,,0.99116733805122,0.0118030986760106
Norm,Experiment2 MAL335 #2 norm,,0.958162721846289,0.0138078353309622
Norm,Experiment2 MAL335 #3 norm,,1.01609421137303,0.0136973508880858
Norm,Experiment2 MAL335 #4 norm,,0.987685514116896,0.0120531673512743
Norm,Experiment2 MAL335 #5 norm,,0.967871382173204,0.0148865772902236
Norm,Experiment2 MAL335 #6 norm,,0.986261025736776,0.0159498312413771
Norm,Experiment2 MAL335 #7 norm,,1.02455207350693,0.0224291405217407
Norm,Experiment2 MAL335 #8 norm,,0.973226869918554,0.0391673267432683
Norm,Experiment2 ASP334 #1 norm,,0.98228698974087,0.0158910009991506
Norm,Experiment2 ASP334 #2 norm,,1.0226489067827,0.0242437559413814
Norm,Experiment2 ASP334 #3 norm,,0.958495571109523,0.0175516863690262
Norm,Experiment2 ASP334 #4 norm,,0.977093040744616,0.0217004005814297
Norm,Experiment2 ASP334 #5 norm,,0.968604701000505,0.0237911427915275
Norm,Experiment2 ASP334 #6 norm,,0.954993436233438,0.0541031770808287
Norm,Experiment2 ASP334 #7 norm,,0.977027368523788,0.0612545742402996
Norm,Experiment2 ASP334 #8 norm,,0.955407251861618,0.0368065939401886
Norm,Experiment2 GLU348 #1 norm,,1.00451319679381,0.0121802031801187
Norm,Experiment2 GLU348 #2 norm,,0.999986406485782,0.0124350569769571
Norm,Experiment2 GLU348 #3 norm,,1.02983132303921,0.0120584166983272
Norm,Experiment2 GLU348 #4 norm,,1.02837972694058,0.0160801983900121
Norm,Experiment2 GLU348 #5 norm,,0.989752041598112,0.0301483744588965
Norm,Experiment2 GLU348 #6 norm,,0.978623602890909,0.0150577653299207
Norm,Experiment2 GLU348 #7 norm,,0.967303826633657,0.0242208710999288
Norm,Experiment2 GLU348 #8 norm,,0.893595087473618,0.0553320164177808
Norm,Experiment2 THR320 #1 norm,,0.998400298247498,0.0101800156832732
Norm,Experiment2 THR320 #2 norm,,0.994579737638897,0.0118077794775951
Norm,Experiment2 THR320 #3 norm,,1.04020504050641,0.0106826103824883
Norm,Experiment2 THR320 #4 norm,,1.00873606209523,0.0114747200058769
Norm,Experiment2 THR320 #5 norm,,1.02736379706977,0.0210460852034373
Norm,Experiment2 THR320 #6 norm,,1.00215609792681,0.0109957143646279
Norm,Experiment2 THR320 #7 norm,,0.979448767179656,0.0137452776409175
Norm,Experiment2 THR320 #8 norm,,0.929693752734764,0.0364047966335553
Norm,Experiment2 ALA116 #1 norm,,0.987320228872939,0.00978572112532812
Norm,Experiment2 ALA116 #2 norm,,1.01362364935993,0.0101701410888715
Norm,Experiment2 ALA116 #3 norm,,1.02240048209272,0.0105935610476577
Norm,Experiment2 ALA116 #4 norm,,1.00695567284648,0.0250613362691454
Norm,Experiment2 ALA116 #5 norm,,0.969329253102587,0.0827075538421643
Norm,Experiment2 ALA116 #6 norm,,0.994426084049358,0.0751768925593353
Norm,Experiment2 ALA116 #7 norm,,0.977926661940027,0.071806937231232
Norm,Experiment2 ALA116 #8 norm,,1.07352121327883,0.193048672613606
Norm,Experiment2 PYR #1 norm,,0.9747875054025,0.012252673242917
Norm,Experiment2 PYR #2 norm,,0.877911030400065,0.045452310881103
Norm,Experiment2 PYR #3 norm,,0.895758598192102,0.0529159002849007
Norm,Experiment2 PYR #4 norm,,0.98157043793322,0.0568283128820035
Norm,Experiment2 PYR #5 norm,,1.08418305860486,0.145676058597947
Norm,Experiment2 PYR #6 norm,,1.03589787292731,0.139921759441723
Norm,Experiment2 PYR #7 norm,,0.998062563040841,0.0751333648658351
Norm,Experiment2 PYR #8 norm,,0.989323574428636,0.102149231450583
