type,id,eqn,val,std
Net flux,CO2.t,CO2.t -> CO2,63.9142108968503,1.50930746381675
Net flux,CO2_sink,dummy -> Sink,63.9142108968502,1.50930746381675
Net flux,RUBICSO_CO2,RUBP.p + CO2 -> 3PGA.p + 3PGA.p + dummy,65.5265943109631,1.51432750997957
Net flux,GAPDH.p net,3PGA.p <-> TP.p,133.647191081691,3.01824947008124
Exch flux,GAPDH.p exch,3PGA.p <-> TP.p,192525.205135627,18.4876494093429
Net flux,ALD,TP.p + E4P.p -> SBP,22.6148405822751,0.506111277087389
Net flux,SBP,SBP -> S7P.p,22.6148405822751,0.506111277087389
Net flux,FBA.p net,TP.p + TP.p <-> FBP.p,30.6536599120809,0.772387411176961
Exch flux,FBA.p exch,TP.p + TP.p <-> FBP.p,21283.4147367244,12.4832746845369
Net flux,PFK.p net,FBP.p <-> F6P.p,30.6536599120841,0.772387411176961
Exch flux,PFK.p exch,FBP.p <-> F6P.p,1.00014219128752e-07,8.46832281501129e-15
Net flux,TK1 net,TP.p + EC2 <-> X5P.p,45.2296811645501,1.01222255417478
Exch flux,TK1 exch,TP.p + EC2 <-> X5P.p,1.0000000116861e-07,0
Net flux,TK2 net,S7P.p <-> R5P.p + EC2,22.614840582275,0.506111277087389
Exch flux,TK2 exch,S7P.p <-> R5P.p + EC2,40.2785979440051,42.9850173277538
Net flux,TK3 net,F6P.p <-> E4P.p + EC2,22.6148405822769,0.506111277087389
Exch flux,TK3 exch,F6P.p <-> E4P.p + EC2,8505.12145193671,41.358154683293
Net flux,PPE net,X5P.p <-> RU5P.p,45.22968116455,1.01222255417478
Exch flux,PPE exch,X5P.p <-> RU5P.p,59.1116570031558,41.3533881491459
Net flux,PPI net,R5P.p <-> RU5P.p,22.6148405822751,0.506111277087389
Exch flux,PPI exch,R5P.p <-> RU5P.p,252.973346636881,25.9226332422082
Net flux,PRK,RU5P.p -> RUBP.p,67.8445217468253,1.51833383126217
Net flux,RUBISCO_O2,RUBP.p -> 3PGA.p + 2PG.p,2.31792743586211,0.0849569110294315
Net flux,GLYdil net,GLY.p <-> GLY.x + dummyGLY,0.0114519028785551,0.00153177218055908
Exch flux,GLYdil exch,GLY.p <-> GLY.x + dummyGLY,1.0000000116861e-07,0
Net flux,SERdil net,SER.p <-> SER.x + dummySER,0.0391581972073354,0.00523766964006798
Exch flux,SERdil exch,SER.p <-> SER.x + dummySER,1.00064667662991e-07,1.23661765138296e-14
Net flux,GK,GA.p -> 3PGA.p,0.755324235238095,0.0757037595896051
Net flux,PGI.p net,F6P.p <-> G6P.p,8.03881932980833,0.384555754284649
Exch flux,PGI.p exch,F6P.p <-> G6P.p,1.00015309811852e-07,5.6272342438684e-15
Net flux,PGM.p,G6P.p -> ADPG.p,8.03881932980833,0.384555754284649
Net flux,Starch,ADPG.p -> Starch,8.03881932980831,0.384555754284649
Net flux,FBA.c net,TP.c + TP.c <-> FBP.c,2.24767475534829,0.300642233672046
Exch flux,FBA.c exch,TP.c + TP.c <-> FBP.c,23.1361546993005,43.3640874156143
Net flux,PFK.c net,FBP.c <-> F6P.c,2.2476747553483,0.300642233672046
Exch flux,PFK.c exch,FBP.c <-> F6P.c,9.90052896043546,28.0516545451218
Net flux,PGI.c net,F6P.c <-> G6P.c,1.12383737767416,0.150321116836023
Exch flux,PGI.c exch,F6P.c <-> G6P.c,230.442870521363,46.3392128213892
Net flux,PGM.c net,G6P.c <-> UDPG.c,1.12383737767232,0.150321116836023
Exch flux,PGM.c exch,G6P.c <-> UDPG.c,48482.2563724048,43.1522350363406
Net flux,SPS,F6P.c + UDPG.c -> S6P,1.12383737767411,0.150321116836023
Net flux,PGAM.c net,3PGA.c <-> PEP.c,0.479249211334983,0.0641029370635487
Exch flux,PGAM.c exch,3PGA.c <-> PEP.c,0.141566655287693,25.8519189197525
Net flux,PK.c,PEP.c -> PYR.c,0.217541201197414,0.0290976585859494
Net flux,PDH,PYR.c + dummy -> ACA + CO2,0.181050201543445,0.0242167319222829
Net flux,CS,OAA + ACA -> CIT,0.181050201543441,0.0242167319222829
Net flux,ACO net,CIT <-> ICI,0.181050201543712,0.0242167319222829
Exch flux,ACO exch,CIT <-> ICI,2979.83703678354,32.7774412628214
Net flux,IDH,ICI + dummy -> AKG + CO2,0.181050201543457,0.0242167319222829
Net flux,MDH net,MAL <-> OAA,7.105427357601e-15,0
Exch flux,MDH exch,MAL <-> OAA,0.213697734628582,0.188415062888215
Net flux,PPC,PEP.c + CO2 -> OAA + dummy,0.261708010137546,0.0350052784776018
Net flux,T_3PGA net,3PGA.p <-> 3PGA.c,0.47924921133496,0.0641029370635487
Exch flux,T_3PGA exch,3PGA.p <-> 3PGA.c,1.0000000116861e-07,0
Net flux,T_DHAP net,TP.p <-> TP.c,4.49534951069662,0.601284467344091
Exch flux,T_DHAP exch,TP.p <-> TP.c,2.79335692659196,1.06030193529919
Net flux,ALT,PYR.c -> ALA.c,0.0364909996531405,0.00488092666366581
Net flux,ASPT,OAA -> ASP,0.0806578085956766,0.0107885465553219
Net flux,GLUDH,AKG -> GLU,0.181050201543434,0.0242167319222829
Net flux,PCR net,GLU <-> PRO,-2.48689957516035e-14,0
Exch flux,PCR exch,GLU <-> PRO,1.0000000116861e-07,0
Net flux,GS net,GLU <-> GLN,0,0
Exch flux,GS exch,GLU <-> GLN,1.00042193196259e-07,0
Net flux,TS net,ASP <-> THR,0,0
Exch flux,TS exch,ASP <-> THR,1.52048727599663e-05,1.58606050718599
Net flux,AS net,ASP <-> ASN,1.06581410364015e-14,0
Exch flux,AS exch,ASP <-> ASN,0.00408799865805065,0.0236879875467167
Net flux,G_3PGA.p,0*3PGA.p -> 3PGA,2.46866319741912e-06,57.1871498365218
Net flux,G_3PGA.c,0*3PGA.c -> 3PGA,92.9119081392791,36.8526818220996
Net flux,G_DHAP.p,0*TP.p -> TP,40.6853798422419,61.5486940639837
Net flux,G_DHAP.c,0*TP.c -> TP,51.8471856996948,44.2204486818991
Net flux,G_F6P.p,0*F6P.p -> F6P,48.6686345030748,58.4301527436709
Net flux,G_F6P.c,0*F6P.c -> F6P,36.546576817712,41.6421030064961
Net flux,G_FBP.p,0*FBP.p -> FBP,2.46866150632741e-06,55.9362484252419
Net flux,G_FBP.c,0*FBP.c -> FBP,83.4512310488749,37.2933683166116
Net flux,G_G6P.p,0*G6P.p -> G6P,19.0549768397257,56.1242982544934
Net flux,G_G6P.c,0*G6P.c -> G6P,58.8549499993083,38.9026360339331
Net flux,G_RU5P.p,0*RU5P.p -> P5P,2.46865392838913e-06,56.8320526924533
Net flux,G_X5P.p,0*X5P.p -> P5P,92.8477691492306,38.4204167971751
Net flux,G_R5P.p,0*R5P.p -> R5P,82.2810779884949,44.3752390997165
Net flux,G_GA.p,0*GA.p -> GA,37.4075233298618,4.17961911447817
Net flux,G_SER.p,0*SER.p -> SER,90.8277393663304,40.3735719726808
Net flux,G_GLY.p,0*GLY.p -> GLY,3.32129321662601,41.1181955260804
Net flux,G_RUBP.p,0*RUBP.p -> RUBP,92.5302752673063,42.4849249493409
Net flux,G_S7P.p,0*S7P.p -> S7P,98.4567310636212,36.9408999049584
Net flux,G_2PG.p,0*2PG.p -> 2PG,87.0427532706349,42.7467822345007
Net flux,G_ADPG.p,0*ADPG.p -> ADPG,95.0805622183481,39.7719404871979
Net flux,G_PEP.c,0*PEP.c -> PEP,89.2305410445615,40.5598892264843
Net flux,G_UDPG.c,0*UDPG.c -> UDPG,72.4268033045549,43.1076186830185
Net flux,G_ALA.c,0*ALA.c -> ALA,68.9226913514146,5.43023206570131
Net flux,(1-G)_GA,0*GA.x -> GA,62.5924766701402,4.17961911447817
Net flux,(1-G)_SER,0*SER.x -> SER,9.17224671677207,4.85593712034452
Net flux,(1-G)_GLY,0*GLY.x -> GLY,62.5373482391729,8.48659317794147
Net flux,(1-G)_R5P,0*R5P.x -> R5P,17.718922011502,44.3752390997165
Net flux,(1-G)_RUBP,0*RUBP.x -> RUBP,7.46972473269241,42.4849249493409
Net flux,(1-G)_3PGA,0*3PGA.x -> 3PGA,7.088089392058,43.6521428092886
Net flux,(1-G)_TP,0*TP.x -> TP,7.46743445806384,43.2038272384431
Net flux,(1-G)_F6P,0*F6P.x -> F6P,14.7847886792169,42.2912322574312
Net flux,(1-G)_FBP,0*FBP.x -> FBP,16.5487664824584,42.2900750987459
Net flux,(1-G)_G6P,0*G6P.x -> G6P,22.0900731609643,41.1482350391909
Net flux,(1-G)_RU5P,0*RU5P.x -> P5P,7.15222838211684,43.5763478049914
Net flux,(1-G)_S7P,0*S7P.x -> S7P,1.5432689363768,36.9408999049584
Net flux,(1-G)_2PG,0*2PG.x -> 2PG,12.9572467293675,42.7467822345007
Net flux,(1-G)_ADPG,0*ADPG.x -> ADPG,4.91943778165087,39.7719404871979
Net flux,(1-G)_PEP,0*PEP.x -> PEP,10.7694589554367,40.5598892264843
Net flux,(1-G)_UDPG,0*UDPG.x -> UDPG,27.5731966954463,43.1076186830185
Net flux,(1-G)_ALA,0*ALA.x -> ALA,31.0773086485852,5.43023206570131
Net flux,PGASink,3PGA -> Sink,100,0
Net flux,DHAPSink,TP -> Sink,100.000000000001,0
Net flux,F6PSink,F6P -> Sink,100.000000000004,0
Net flux,FBPSink,FBP -> Sink,99.9999999999948,0
Net flux,G6PSink,G6P -> Sink,99.9999999999983,0
Net flux,P5PSink,P5P -> Sink,100.000000000001,0
Net flux,R5PSink,R5P -> Sink,99.9999999999968,0
Net flux,GASink,GA -> Sink,100.000000000002,0
Net flux,SERSink,SER -> Sink,99.9999999999996,0
Net flux,GLYSink,GLY -> Sink,100.000000000001,0
Net flux,RUBPSink,RUBP -> Sink,99.9999999999987,0
Net flux,S7PSink,S7P -> Sink,99.9999999999979,0
Net flux,2PGSink,2PG -> Sink,100.000000000002,0
Net flux,ADPGSink,ADPG -> Sink,99.9999999999989,0
Net flux,PEPSink,PEP -> Sink,99.9999999999983,0
Net flux,UDPGSink,UDPG -> Sink,100.000000000001,0
Net flux,ALASink,ALA -> Sink,99.9999999999998,0
Net flux,S6Pout-LL,S6P + 0.1611*GLU + 0.07177*ASP + 0.03247*ALA.c + 0.01019*dummyGLY + 0.03484*dummySER -> Sink,1.12383737767415,0.150321116836023
Net flux,PGP.p,2PG.p -> Glyc.p,2.31792743586212,0.0849569110294315
Net flux,GOX,Glyc.p -> Glyx.p,2.31792743586214,0.0849569110294315
Net flux,GGT,Glyx.p -> GLY.p,2.31792743586213,0.0849569110294315
Net flux,SGAT,SER.p -> HPA.p,0.755324235238084,0.0757037595896051
Net flux,HPR.p,HPA.p -> GA.p,0.755324235238079,0.0757037595896051
Net flux,T_GLY-m net,GLY.p <-> GLY.m,2.2637251027154,42.3702945535926
Exch flux,T_GLY-m exch,GLY.p <-> GLY.m,22135.0749055812,42.5666130510345
Net flux,GDC.m,GLY.m + dummy -> myTHF.m + CO2,1.51199102116461,0.0854075912460564
Net flux,T_SER-m net,SER.p <-> SER.m,-1.5119910211647,0.0854075912460564
Exch flux,T_SER-m exch,SER.p <-> SER.m,2807.40757322892,41.7392010806167
Net flux,mSHMT,GLY.m + myTHF.m -> SER.m,1.51199102116461,0.0854075912460564
Net flux,T_SER-c net,SER.p <-> SER.c,0.717508588719179,0.13667960926032
Exch flux,T_SER-c exch,SER.p <-> SER.c,0.0443557676802548,0.185460091894118
Net flux,T_Gly-c net,GLY.p <-> GLY.c,0.0427504302613473,42.3702088397611
Exch flux,T_Gly-c exch,GLY.p <-> GLY.c,0.000923800391845475,42.3699940031103
Net flux,cSHMT,SER.c -> GLY.c + meTHF.c,0.71750848871927,0.136679609260298
Net flux,FmTHF-reductase net,meTHF.c <-> FmTHF.c,0.717508488719272,0.136679609260298
Exch flux,FmTHF-reductase exch,meTHF.c <-> FmTHF.c,7.97437971459792,42.4373198848821
Net flux,Met-synthase,FmTHF.c + Hcy.c -> Met.c,0.717508488719251,0.136679609260298
Net flux,SAM-synthase,Met.c -> SAM.c,0.71750848871926,0.136679609260298
Net flux,Methylation,SAM.c -> SAH.c + Acceptor.c,0.717508488719255,0.136679609260298
Net flux,hydrolysis,SAH.c -> Hcy.c,0.717508488719247,0.136679609260298
Net flux,G_SER.m,0*SER.m -> SER,1.0000000116861e-07,0
Net flux,G_SER.c,0*SER.c -> SER,1.38168970558183e-05,40.0804838917962
Net flux,G_Gly.m,0*GLY.m -> GLY,9.55365638972694e-05,40.5485075672067
Net flux,G_Gly.c,0*GLY.c -> GLY,34.1412630076384,14.0578834394459
Net flux,T_GLY-c-m,GLY.c -> GLY.m,0.760256939607018,42.3704425849712
Net flux,G_Glyc,0*Glyc.p -> Glyc,10.0695139561787,1.43559023893268
Net flux,G_Glyx,0*Glyx.p -> Glyx,99.9158355398218,42.2503343941911
Net flux,G_HPA,0*HPA.p -> HPA,4.05309811920682,1.94955669937366
Net flux,(1-G)_Glyc,0*Glyc.x -> Glyc,89.9304860438219,1.43559023893268
Net flux,(1-G)_Glyx,0*Glyx.x -> Glyx,0.0841644601790108,42.2503343941911
Net flux,(1-G)_HPA,0*HPA.x -> HPA,95.9469018807931,1.94955669937366
Net flux,GlycSink,Glyc -> Sink,100.000000000001,0
Net flux,GlyxSink,Glyx -> Sink,100.000000000001,0
Net flux,HPASink,HPA -> Sink,99.9999999999998,0
Net flux,SERex,dummySER -> outSER,9.99498737108695e-08,4.96781503326606e-15
Net flux,G_PYR,0*PYR.c -> PYR,39.4214335331051,3.19245214942967
Net flux,(1-G)_PYR,0*PYR.x -> PYR,60.5785664668951,3.19245214942967
Net flux,PYRSink,PYR -> Sink,100,0
Net flux,G_meTHF,0*meTHF.c -> meTHF,97.6607371917411,5.42038892480692
Net flux,G_FmTHF,0*FmTHF.c -> FmTHF,73.5735819081795,4.3029903615527
Net flux,G_Met,0*Met.c -> Met,58.6818176843299,4.83957778162737
Net flux,G_SAM,0*SAM.c -> SAM,63.2906183634173,4.2793699810256
Net flux,(1-G)_meTHF,0*meTHF.x -> meTHF,2.33926280825887,5.42038892480692
Net flux,(1-G)_FmTHF,0*FmTHF.x -> FmTHF,26.4264180918206,4.3029903615527
Net flux,(1-G)_Met,0*Met.x -> Met,41.3181823156701,4.83957778162737
Net flux,(1-G)_SAM,0*SAM.x -> SAM,36.7093816365827,4.2793699810256
Net flux,meTHFSink,meTHF -> Sink,99.9999999999999,0
Net flux,FmTHFSink,FmTHF -> Sink,100,0
Net flux,MetSink,Met -> Sink,100,0
Net flux,SAMsink,SAM -> Sink,100,0
Net flux,Met-protein,Met.c -> Protein,6.51983996113883e-15,0
Net flux,GLY-protein,GLY.c -> Protein,1.97937362678147e-06,1.22675613225606e-15
Net flux,SER-protein,SER.c -> Protein,9.99999096862325e-08,9.53310469029636e-15
Pool,2PG pool,,0,0
Pool,2PG.p pool,,1e-07,0
Pool,2PG.x pool,,1,Inf
Pool,3PGA pool,,0,0
Pool,3PGA.c pool,,0.00380023972462537,0.00475623085709646
Pool,3PGA.p pool,,1.26289758132643e-06,38.9502392768724
Pool,3PGA.x pool,,1,Inf
Pool,ACA pool,,4.74549951132694e-07,40.7755865123139
Pool,ADPG pool,,0,0
Pool,ADPG.p pool,,9.9999999999999e-08,Inf
Pool,ADPG.x pool,,1,Inf
Pool,AKG pool,,1.57625600375637e-07,40.1711545167445
Pool,ALA pool,,0,0
Pool,ALA.c pool,,0.00532083123925529,0.00169743103218391
Pool,ALA.x pool,,1,Inf
Pool,ASN pool,,7571.26666652135,41.1716713819876
Pool,ASP pool,,0.00299284701428576,0.00221081424239043
Pool,Acceptor.c pool,,1,Inf
Pool,CIT pool,,2.76322638037565,0.816425968267547
Pool,CO2 pool,,1.50956524342555e-06,41.9510265014537
Pool,CO2.t pool,,1,Inf
Pool,E4P.p pool,,0,0
Pool,EC2 pool,,0,0
Pool,F6P pool,,0,0
Pool,F6P.c pool,,3.83243548079633e-06,44.820452683176
Pool,F6P.p pool,,4.14832139421066e-07,42.9480566638703
Pool,F6P.x pool,,1,Inf
Pool,FBP pool,,0,0
Pool,FBP.c pool,,3.57499583603724e-06,39.6445141398731
Pool,FBP.p pool,,7.05921085008098e-07,39.9846968760454
Pool,FBP.x pool,,1,Inf
Pool,FmTHF pool,,2.41373465509105,1.22441763458221
Pool,FmTHF.c pool,,1.12877110832013e-07,42.30577319236
Pool,FmTHF.x pool,,1,Inf
Pool,G6P pool,,0,0
Pool,G6P.c pool,,9.87622629871614e-06,42.3339358750467
Pool,G6P.p pool,,3.72869402503989e-06,42.4096405969125
Pool,G6P.x pool,,1,Inf
Pool,GA pool,,0,0
Pool,GA.p pool,,1e-07,0
Pool,GA.x pool,,1,Inf
Pool,GLN pool,,8.83867754077774,42.1487849025917
Pool,GLU pool,,1.57625804250921e-07,43.6318245660583
Pool,GLY pool,,0,0
Pool,GLY.c pool,,1.00383729562391e-07,40.3587913965646
Pool,GLY.m pool,,1.00000000000002e-07,0
Pool,GLY.p pool,,1.91770672508383e-07,39.0725492297936
Pool,GLY.x pool,,1,Inf
Pool,Glyc pool,,5.47157689972292,2.21973138089284
Pool,Glyc.p pool,,1e-07,0
Pool,Glyc.x pool,,1,Inf
Pool,Glyx pool,,614.005109287402,31.9626162372057
Pool,Glyx.p pool,,1.32068025042678e-07,41.8517623268249
Pool,Glyx.x pool,,1,Inf
Pool,HPA pool,,0.000115653101513908,42.3968046367426
Pool,HPA.p pool,,1e-07,0
Pool,HPA.x pool,,1,Inf
Pool,Hcy.c pool,,1,Inf
Pool,ICI pool,,0.0014009674839685,42.400544022272
Pool,MAL pool,,0.54537551188318,0.350484829797238
Pool,Met pool,,1.00804544838059e-05,41.1278429676815
Pool,Met.c pool,,1e-07,0
Pool,Met.x pool,,1,Inf
Pool,OAA pool,,0.140288359402586,0.0391982168784457
Pool,P5P pool,,0,0
Pool,PEP pool,,0,0
Pool,PEP.c pool,,1.00000000000273e-07,0
Pool,PEP.x pool,,1,Inf
Pool,PRO pool,,5.39499637461293,42.9227924813258
Pool,PYR pool,,1e-07,41.8719146427569
Pool,PYR.c pool,,0.0147854074610971,0.0060962167589311
Pool,PYR.x pool,,1,Inf
Pool,Protein pool,,1,Inf
Pool,R5P pool,,0,0
Pool,R5P.p pool,,7.61399593101691e-07,42.6545693576756
Pool,R5P.x pool,,1,Inf
Pool,RU5P.p pool,,7.30912441420079e-07,40.1987496613406
Pool,RU5P.x pool,,1,Inf
Pool,RUBP pool,,0,0
Pool,RUBP.p pool,,7.12024293780131e-07,41.8383911508807
Pool,RUBP.x pool,,1,Inf
Pool,S6P pool,,1,Inf
Pool,S7P pool,,0,0
Pool,S7P.p pool,,5.25802029217208e-07,42.4387381770313
Pool,S7P.x pool,,1,Inf
Pool,SAH.c pool,,1,Inf
Pool,SAM pool,,6.55339951295732,2.86788829724678
Pool,SAM.c pool,,2.57680678390015e-07,39.8859599055628
Pool,SAM.x pool,,1,Inf
Pool,SBP pool,,0,0
Pool,SER pool,,0,0
Pool,SER.c pool,,1.00000000002876e-07,0
Pool,SER.m pool,,0.559672802027906,0.0465728934951019
Pool,SER.p pool,,9.4946400193376e-05,41.8543604022024
Pool,SER.x pool,,1,Inf
Pool,Sink pool,,1,Inf
Pool,Starch pool,,1,Inf
Pool,THR pool,,0.00013608869584881,14.1934120415276
Pool,TP pool,,0,0
Pool,TP.c pool,,3.82740327550207e-06,41.9686309051877
Pool,TP.p pool,,1.24857548478043e-06,42.7490009850254
Pool,TP.x pool,,1,Inf
Pool,UDPG pool,,0,0
Pool,UDPG.c pool,,2.44804867112327,1.70418559989743
Pool,UDPG.x pool,,1,Inf
Pool,X5P.p pool,,7.57031718661144e-07,40.5548357397932
Pool,dummy pool,,1,Inf
Pool,dummyGLY pool,,1,Inf
Pool,dummySER pool,,1,Inf
Pool,meTHF pool,,0.418163185957737,42.3274205308846
Pool,meTHF.c pool,,1.12368812152611e-07,41.9712903151405
Pool,meTHF.x pool,,1,Inf
Pool,myTHF.m pool,,1.05013564823297e-07,42.082628050635
Pool,outSER pool,,1,Inf
Norm,Experiment2 Glyc205 #1 norm,,0.971230662610827,0.0372405392191018
Norm,Experiment2 Glyc205 #2 norm,,0.970348436097909,0.0158883158764907
Norm,Experiment2 Glyc205 #3 norm,,1.01130723662139,0.0229132185237429
Norm,Experiment2 Glyc205 #4 norm,,0.975038536011362,0.0209190195141352
Norm,Experiment2 Glyc205 #5 norm,,1.0316417931983,0.0245156894302611
Norm,Experiment2 Glyc205 #6 norm,,0.996821813346882,0.0268448658620169
Norm,Experiment2 Glyc205 #7 norm,,0.964502773579028,0.0313885550635136
Norm,Experiment2 Glyc205 #8 norm,,0.824175236300541,0.0933117408038186
Norm,Experiment2 Glyx160 #1 norm,,1.00713498954802,0.0114769620518245
Norm,Experiment2 Glyx160 #2 norm,,0.98078898491025,0.0112715656403991
Norm,Experiment2 Glyx160 #3 norm,,0.997519908919093,0.0124227658258879
Norm,Experiment2 Glyx160 #4 norm,,0.956801671733462,0.0153674251006373
Norm,Experiment2 Glyx160 #5 norm,,0.985770101552316,0.0136657590788195
Norm,Experiment2 Glyx160 #6 norm,,0.962950211054063,0.0179986431051657
Norm,Experiment2 Glyx160 #7 norm,,1.01312104132794,0.0270024892250232
Norm,Experiment2 Glyx160 #8 norm,,0.929199456933259,0.136940630418858
Norm,Experiment2 GLY276 #1 norm,,1.02051103362757,0.0108675141241806
Norm,Experiment2 GLY276 #2 norm,,0.968270638241619,0.021850982909778
Norm,Experiment2 GLY276 #3 norm,,1.00399515651276,0.0192977799610015
Norm,Experiment2 GLY276 #4 norm,,1.02278636870187,0.0179792118871105
Norm,Experiment2 GLY276 #5 norm,,0.987873622911752,0.0401075661828363
Norm,Experiment2 GLY276 #6 norm,,1.02881521415794,0.0778311321222507
Norm,Experiment2 GLY276 #7 norm,,0.992228250206646,0.17703036341433
Norm,Experiment2 GLY276 #8 norm,,0.90258016329373,0.246714036607111
Norm,Experiment2 HPA262 #1 norm,,0.998323859576082,0.0202387731470569
Norm,Experiment2 HPA262 #2 norm,,1.02451213498947,0.0246480198130316
Norm,Experiment2 HPA262 #3 norm,,0.97121754660657,0.024134469184986
Norm,Experiment2 HPA262 #4 norm,,0.91561594964241,0.0289438873874532
Norm,Experiment2 HPA262 #5 norm,,0.933077262446265,0.0216459956031422
Norm,Experiment2 HPA262 #6 norm,,0.970694623527552,0.02913005577068
Norm,Experiment2 HPA262 #7 norm,,0.990696219672293,0.024011161032068
Norm,Experiment2 HPA262 #8 norm,,0.99865029130729,0.0399547105135176
Norm,Experiment2 GA307 #1 norm,,1.03416633008896,0.0115115326181543
Norm,Experiment2 GA307 #2 norm,,0.889622340128313,0.0287097525851393
Norm,Experiment2 GA307 #3 norm,,0.914263591612986,0.0222972731722173
Norm,Experiment2 GA307 #4 norm,,0.937636381833507,0.0234397946659946
Norm,Experiment2 GA307 #5 norm,,0.928845116029633,0.0698439299007794
Norm,Experiment2 GA307 #6 norm,,0.809868691387011,0.0936744029565737
Norm,Experiment2 GA307 #7 norm,,0.949462493069966,0.068990366578296
Norm,Experiment2 GA307 #8 norm,,0.967566972447606,0.120003218773875
Norm,Experiment2 SER306 #1 norm,,0.961085938316384,0.0124591951520003
Norm,Experiment2 SER306 #2 norm,,0.95967425152723,0.0355243727090974
Norm,Experiment2 SER306 #3 norm,,1.01780096119071,0.0207780163624127
Norm,Experiment2 SER306 #4 norm,,1.00681699080705,0.0243698741875301
Norm,Experiment2 SER306 #5 norm,,0.982197180223693,0.053961182087096
Norm,Experiment2 SER306 #6 norm,,1.00861500022652,0.124498736422347
Norm,Experiment2 SER306 #7 norm,,1.07390326509301,0.121773506379486
Norm,Experiment2 SER306 #8 norm,,1.06887739513981,0.110385000952556
Norm,Experiment2 meTHF #1 norm,,0.97988858076991,0.00976394029790497
Norm,Experiment2 meTHF #2 norm,,0.99340190088708,0.0142999510841163
Norm,Experiment2 meTHF #3 norm,,1.00721406907126,0.0293397603840768
Norm,Experiment2 meTHF #4 norm,,1.01662670617319,0.0270388674424707
Norm,Experiment2 meTHF #5 norm,,0.94609520541694,0.0740759368019707
Norm,Experiment2 meTHF #6 norm,,1.00752631734031,0.13005866067211
Norm,Experiment2 meTHF #7 norm,,0.967698335113054,0.169048539404773
Norm,Experiment2 meTHF #8 norm,,1.01704136172274,0.073708545919482
Norm,Experiment2 FmTHF #1 norm,,0.998516311998371,0.00984974136253048
Norm,Experiment2 FmTHF #2 norm,,1.01328319295761,0.0116234769847666
Norm,Experiment2 FmTHF #3 norm,,1.01114646929316,0.0120093721315898
Norm,Experiment2 FmTHF #4 norm,,0.992938490085376,0.0222313182421282
Norm,Experiment2 FmTHF #5 norm,,0.968034398759898,0.0390610369640355
Norm,Experiment2 FmTHF #6 norm,,0.976284472455832,0.0666247767502054
Norm,Experiment2 FmTHF #7 norm,,0.988856159161769,0.112123793830319
Norm,Experiment2 FmTHF #8 norm,,0.989180911635655,0.070158925708309
Norm,Experiment2 Met176 #1 norm,,0.960580209370489,0.0229614686043691
Norm,Experiment2 Met176 #2 norm,,0.934602414940326,0.0342893971568935
Norm,Experiment2 Met176 #3 norm,,0.934728851633681,0.0344325594737767
Norm,Experiment2 Met176 #4 norm,,0.983849390877083,0.0873319624437887
Norm,Experiment2 Met176 #5 norm,,0.912323936567518,0.0574193125745786
Norm,Experiment2 Met176 #6 norm,,1.01428294334966,0.0351531407986691
Norm,Experiment2 Met176 #7 norm,,0.996891997054823,0.058663317302834
Norm,Experiment2 Met176 #8 norm,,1.00454522391877,0.223380732123328
Norm,Experiment2 SAM #1 norm,,1.01404985301006,0.014544122633939
Norm,Experiment2 SAM #2 norm,,0.958452754201438,0.0215748076463647
Norm,Experiment2 SAM #3 norm,,0.939425021909676,0.0330879127841656
Norm,Experiment2 SAM #4 norm,,1.00787525258153,0.0483553724254743
Norm,Experiment2 SAM #5 norm,,1.00281802169615,0.0256325271241856
Norm,Experiment2 SAM #6 norm,,0.990681852794962,0.0589690698130668
Norm,Experiment2 SAM #7 norm,,1.01130170235317,0.0678073361972035
Norm,Experiment2 SAM #8 norm,,1.00035690383725,0.064823128036093
Norm,Experiment2 CIT465 #1 norm,,0.93747379290053,0.0120097653530183
Norm,Experiment2 CIT465 #2 norm,,1.01298522670445,0.0108281813863304
Norm,Experiment2 CIT465 #3 norm,,1.02216662921156,0.0133603147858496
Norm,Experiment2 CIT465 #4 norm,,0.9983779293343,0.0130084436371208
Norm,Experiment2 CIT465 #5 norm,,0.965238959200689,0.0153097619371396
Norm,Experiment2 CIT465 #6 norm,,0.967727934453367,0.0113408713456902
Norm,Experiment2 CIT465 #7 norm,,1.02404487614217,0.0153418471999296
Norm,Experiment2 CIT465 #8 norm,,1.03896778209572,0.0215568141153029
Norm,Experiment2 MAL335 #1 norm,,0.974922809309716,0.0112725007943916
Norm,Experiment2 MAL335 #2 norm,,0.972190889285882,0.013451768845127
Norm,Experiment2 MAL335 #3 norm,,1.02333035595368,0.013338645028324
Norm,Experiment2 MAL335 #4 norm,,0.986569105001881,0.0117439584096044
Norm,Experiment2 MAL335 #5 norm,,1.00090957398234,0.014742420088201
Norm,Experiment2 MAL335 #6 norm,,0.964803328596905,0.014634766110165
Norm,Experiment2 MAL335 #7 norm,,1.02018969098159,0.0215073121980317
Norm,Experiment2 MAL335 #8 norm,,0.968886402617854,0.0370820570059441
Norm,Experiment2 ASP334 #1 norm,,0.989115752669357,0.0158296785308883
Norm,Experiment2 ASP334 #2 norm,,0.950782273832238,0.0215184228710549
Norm,Experiment2 ASP334 #3 norm,,0.972556005427859,0.0178129801007731
Norm,Experiment2 ASP334 #4 norm,,0.965867689457641,0.0227372584623793
Norm,Experiment2 ASP334 #5 norm,,0.918618684324037,0.0265399400567996
Norm,Experiment2 ASP334 #6 norm,,0.976827478203071,0.0751160928794234
Norm,Experiment2 ASP334 #7 norm,,0.979487340937713,0.0566878752283666
Norm,Experiment2 ASP334 #8 norm,,0.956402888629388,0.0355673002847991
Norm,Experiment2 GLU348 #1 norm,,1.00884014621461,0.0116891377013278
Norm,Experiment2 GLU348 #2 norm,,1.02442794035966,0.0126927626590275
Norm,Experiment2 GLU348 #3 norm,,0.978786997361815,0.0117108240610506
Norm,Experiment2 GLU348 #4 norm,,0.973205383977477,0.0148218875621355
Norm,Experiment2 GLU348 #5 norm,,0.981063830515665,0.0291448449899016
Norm,Experiment2 GLU348 #6 norm,,0.928183498977236,0.0143132812122779
Norm,Experiment2 GLU348 #7 norm,,0.93268131185536,0.0215302381395109
Norm,Experiment2 GLU348 #8 norm,,0.85216991640732,0.0494104041824708
Norm,Experiment2 THR320 #1 norm,,0.987515569269321,0.0101123078017291
Norm,Experiment2 THR320 #2 norm,,1.00974742092522,0.0119693087310674
Norm,Experiment2 THR320 #3 norm,,0.990990616543067,0.0101472818918896
Norm,Experiment2 THR320 #4 norm,,1.025597179344,0.0113741979823952
Norm,Experiment2 THR320 #5 norm,,1.00080285304827,0.0199871924830037
Norm,Experiment2 THR320 #6 norm,,1.01776704646086,0.0109507257837833
Norm,Experiment2 THR320 #7 norm,,0.976394064603195,0.0191874872506083
Norm,Experiment2 THR320 #8 norm,,1.03367454859571,0.0509532108501075
Norm,Experiment2 ALA116 #1 norm,,0.998643539414833,0.00987731229726349
Norm,Experiment2 ALA116 #2 norm,,0.993889997754599,0.0099511964531423
Norm,Experiment2 ALA116 #3 norm,,1.02132188526287,0.0115500212710771
Norm,Experiment2 ALA116 #4 norm,,0.974602114885309,0.0260481700901301
Norm,Experiment2 ALA116 #5 norm,,1.0130869625926,0.0832402641443543
Norm,Experiment2 ALA116 #6 norm,,1.01037465670769,0.0776767789302111
Norm,Experiment2 ALA116 #7 norm,,1.01398300401683,0.0780316429507571
Norm,Experiment2 ALA116 #8 norm,,0.959896235649396,0.212537702052675
Norm,Experiment2 PYR #1 norm,,0.956006747346352,0.0121269943584498
Norm,Experiment2 PYR #2 norm,,0.891826040821717,0.0527921825238734
Norm,Experiment2 PYR #3 norm,,0.936213011789777,0.0592116123597547
Norm,Experiment2 PYR #4 norm,,1.06171693881693,0.0576781775550439
Norm,Experiment2 PYR #5 norm,,0.959270452058744,0.143437018461452
Norm,Experiment2 PYR #6 norm,,0.961782180912513,0.121127200005889
Norm,Experiment2 PYR #7 norm,,1.03896739577345,0.0814108585260468
Norm,Experiment2 PYR #8 norm,,0.949666853331592,0.123380223451343
