type,id,eqn,val,std
Net flux,CO2.t,CO2.t -> CO2,66.1964786870077,1.50613707633498
Net flux,CO2_sink,dummy -> Sink,66.1964786870076,1.50613707633498
Net flux,RUBICSO_CO2,RUBP.p + CO2 -> 3PGA.p + 3PGA.p + dummy,68.3580352807391,1.51383531921552
Net flux,GAPDH.p net,3PGA.p <-> TP.p,138.619177762244,3.00848165453036
Exch flux,GAPDH.p exch,3PGA.p <-> TP.p,115465.370596403,6.31766436487995
Net flux,ALD,TP.p + E4P.p -> SBP,23.5675418409974,0.505924912367404
Net flux,SBP,SBP -> S7P.p,23.5675418409974,0.505924912367404
Net flux,FBA.p net,TP.p + TP.p <-> FBP.p,30.6897919493204,0.774682109896326
Exch flux,FBA.p exch,TP.p + TP.p <-> FBP.p,28189.1281398936,6.63415426526455
Net flux,PFK.p net,FBP.p <-> F6P.p,30.6897919493235,0.774682109896326
Exch flux,PFK.p exch,FBP.p <-> F6P.p,1.00008634262849e-07,1.74475933629649e-15
Net flux,TK1 net,TP.p + EC2 <-> X5P.p,47.1350836819948,1.01184982473481
Exch flux,TK1 exch,TP.p + EC2 <-> X5P.p,1.0000000116861e-07,0
Net flux,TK2 net,S7P.p <-> R5P.p + EC2,23.5675418409974,0.505924912367404
Exch flux,TK2 exch,S7P.p <-> R5P.p + EC2,38.0347389123718,3.25218948755084
Net flux,TK3 net,F6P.p <-> E4P.p + EC2,23.5675418409992,0.505924912367404
Exch flux,TK3 exch,F6P.p <-> E4P.p + EC2,9035.79690473651,18.2509508102551
Net flux,PPE net,X5P.p <-> RU5P.p,47.1350836819947,1.01184982473481
Exch flux,PPE exch,X5P.p <-> RU5P.p,77.6992167180691,18.9973318552545
Net flux,PPI net,R5P.p <-> RU5P.p,23.5675418409974,0.505924912367404
Exch flux,PPI exch,R5P.p <-> RU5P.p,241.246686815069,19.4430528053368
Net flux,PRK,RU5P.p -> RUBP.p,70.7026255229923,1.51777473710221
Net flux,RUBISCO_O2,RUBP.p -> 3PGA.p + 2PG.p,2.34459024225322,0.0848047660023777
Net flux,GLYdil net,GLY.p <-> GLY.x + dummyGLY,0.0166529268477333,0.00168385912878598
Exch flux,GLYdil exch,GLY.p <-> GLY.x + dummyGLY,1.0000000116861e-07,0
Net flux,SERdil net,SER.p <-> SER.x + dummySER,0.0569423336427448,0.00575770858677812
Exch flux,SERdil exch,SER.p <-> SER.x + dummySER,1.00010176140586e-07,5.27488334623241e-15
Net flux,GK,GA.p -> 3PGA.p,0.255423153307191,0.160246630635725
Net flux,PGI.p net,F6P.p <-> G6P.p,7.12225010832729,0.408667559571592
Exch flux,PGI.p exch,F6P.p <-> G6P.p,9.99874565366099e-08,1.83577922594935e-15
Net flux,PGM.p,G6P.p -> ADPG.p,7.12225010832729,0.408667559571592
Net flux,Starch,ADPG.p -> Starch,7.12225010832727,0.408667559571592
Net flux,FBA.c net,TP.c + TP.c <-> FBP.c,3.26848417030125,0.330492468849072
Exch flux,FBA.c exch,TP.c + TP.c <-> FBP.c,25.6357539754451,18.8370504802142
Net flux,PFK.c net,FBP.c <-> F6P.c,3.26848417030126,0.330492468849072
Exch flux,PFK.c exch,FBP.c <-> F6P.c,19.131455425064,17.7504082945349
Net flux,PGI.c net,F6P.c <-> G6P.c,1.63424208515065,0.165246234424536
Exch flux,PGI.c exch,F6P.c <-> G6P.c,237.692811006056,10.4683930854077
Net flux,PGM.c net,G6P.c <-> UDPG.c,1.63424208514334,0.165246234424536
Exch flux,PGM.c exch,G6P.c <-> UDPG.c,48484.0665536994,17.9523903274577
Net flux,SPS,F6P.c + UDPG.c -> S6P,1.63424208515059,0.165246234424536
Net flux,PGAM.c net,3PGA.c <-> PEP.c,0.696906194791419,0.0704676042079974
Exch flux,PGAM.c exch,3PGA.c <-> PEP.c,0.977578421469919,8.78778765434999
Net flux,PK.c,PEP.c -> PYR.c,0.316340240422428,0.0319867135975565
Net flux,PDH,PYR.c + dummy -> ACA + CO2,0.263276399918101,0.0266211683657919
Net flux,CS,OAA + ACA -> CIT,0.263276399918097,0.0266211683657919
Net flux,ACO net,CIT <-> ICI,0.263276399918141,0.0266211683657919
Exch flux,ACO exch,CIT <-> ICI,3175.91215481166,8.85284366911754
Net flux,IDH,ICI + dummy -> AKG + CO2,0.263276399918113,0.0266211683657919
Net flux,MDH net,MAL <-> OAA,7.105427357601e-15,0
Exch flux,MDH exch,MAL <-> OAA,0.298303475598544,0.282881301576045
Net flux,PPC,PEP.c + CO2 -> OAA + dummy,0.380565954369422,0.0384808906104412
Net flux,T_3PGA net,3PGA.p <-> 3PGA.c,0.696906194791396,0.0704676042079974
Exch flux,T_3PGA exch,3PGA.p <-> 3PGA.c,1.0000000116861e-07,0
Net flux,T_DHAP net,TP.p <-> TP.c,6.53696834060255,0.660984937698143
Exch flux,T_DHAP exch,TP.p <-> TP.c,3.27290482603854,0.959545874456607
Net flux,ALT,PYR.c -> ALA.c,0.053063840504863,0.00536554523176457
Net flux,ASPT,OAA -> ASP,0.11728955445142,0.0118597222446486
Net flux,GLUDH,AKG -> GLU,0.26327639991809,0.0266211683657919
Net flux,PCR net,GLU <-> PRO,-2.48689957516035e-14,0
Exch flux,PCR exch,GLU <-> PRO,1.0000000116861e-07,0
Net flux,GS net,GLU <-> GLN,0,0
Exch flux,GS exch,GLU <-> GLN,1.00042491624208e-07,0
Net flux,TS net,ASP <-> THR,0,0
Exch flux,TS exch,ASP <-> THR,1.96216103560687e-05,3.04299170441102
Net flux,AS net,ASP <-> ASN,1.06581410364015e-14,0
Exch flux,AS exch,ASP <-> ASN,0.00592751153349269,0.0304124639937957
Net flux,G_3PGA.p,0*3PGA.p -> 3PGA,2.46866312636485e-06,26.5948994967185
Net flux,G_3PGA.c,0*3PGA.c -> 3PGA,92.9119081404671,17.6304601075908
Net flux,G_DHAP.p,0*TP.p -> TP,40.6853798422419,27.606941520766
Net flux,G_DHAP.c,0*TP.c -> TP,51.8471856996948,22.1282180951361
Net flux,G_F6P.p,0*F6P.p -> F6P,48.6686345030749,27.6716472304174
Net flux,G_F6P.c,0*F6P.c -> F6P,36.546576817712,18.1381164907597
Net flux,G_FBP.p,0*FBP.p -> FBP,2.46866146369484e-06,27.2717106068008
Net flux,G_FBP.c,0*FBP.c -> FBP,83.4512310495706,19.0937754629947
Net flux,G_G6P.p,0*G6P.p -> G6P,19.0549768397257,27.6505901406942
Net flux,G_G6P.c,0*G6P.c -> G6P,58.8549499993083,16.8654828303277
Net flux,G_RU5P.p,0*RU5P.p -> P5P,2.46865387154571e-06,28.9075753186067
Net flux,G_X5P.p,0*X5P.p -> P5P,92.8477691489117,19.8619151485552
Net flux,G_R5P.p,0*R5P.p -> R5P,82.2810779884949,18.72605071489
Net flux,G_GA.p,0*GA.p -> GA,22.1348964778753,3.39132476600505
Net flux,G_SER.p,0*SER.p -> SER,68.3077924051076,20.1039529747787
Net flux,G_GLY.p,0*GLY.p -> GLY,1.37861703130818,1.2182648481803
Net flux,G_RUBP.p,0*RUBP.p -> RUBP,92.5302752673063,18.8034472518834
Net flux,G_S7P.p,0*S7P.p -> S7P,98.4567310636212,20.0597862447168
Net flux,G_2PG.p,0*2PG.p -> 2PG,87.0427532706349,20.5815143276721
Net flux,G_ADPG.p,0*ADPG.p -> ADPG,95.0805622183481,18.5317027316792
Net flux,G_PEP.c,0*PEP.c -> PEP,89.2305410445615,18.2701586612445
Net flux,G_UDPG.c,0*UDPG.c -> UDPG,72.4268033045549,18.5291329633661
Net flux,G_ALA.c,0*ALA.c -> ALA,67.1615258468648,5.17485043786215
Net flux,(1-G)_GA,0*GA.x -> GA,77.8651035221267,3.39132476600505
Net flux,(1-G)_SER,0*SER.x -> SER,31.6922020015809,3.69012473075952
Net flux,(1-G)_GLY,0*GLY.x -> GLY,57.3341848661069,5.31636422722533
Net flux,(1-G)_R5P,0*R5P.x -> R5P,17.718922011502,18.72605071489
Net flux,(1-G)_RUBP,0*RUBP.x -> RUBP,7.46972473269241,18.8034472518834
Net flux,(1-G)_3PGA,0*3PGA.x -> 3PGA,7.08808939087007,19.788486136387
Net flux,(1-G)_TP,0*TP.x -> TP,7.46743445806384,17.3772089938575
Net flux,(1-G)_F6P,0*F6P.x -> F6P,14.7847886792169,20.880442117096
Net flux,(1-G)_FBP,0*FBP.x -> FBP,16.5487664817628,19.6161911008342
Net flux,(1-G)_G6P,0*G6P.x -> G6P,22.0900731609643,22.0787000313947
Net flux,(1-G)_RU5P,0*RU5P.x -> P5P,7.15222838243584,21.0251337261252
Net flux,(1-G)_S7P,0*S7P.x -> S7P,1.5432689363768,20.0597862447168
Net flux,(1-G)_2PG,0*2PG.x -> 2PG,12.9572467293675,20.5815143276721
Net flux,(1-G)_ADPG,0*ADPG.x -> ADPG,4.91943778165087,18.5317027316792
Net flux,(1-G)_PEP,0*PEP.x -> PEP,10.7694589554367,18.2701586612445
Net flux,(1-G)_UDPG,0*UDPG.x -> UDPG,27.5731966954463,18.5291329633661
Net flux,(1-G)_ALA,0*ALA.x -> ALA,32.838474153135,5.17485043786215
Net flux,PGASink,3PGA -> Sink,100,0
Net flux,DHAPSink,TP -> Sink,100.000000000001,0
Net flux,F6PSink,F6P -> Sink,100.000000000004,0
Net flux,FBPSink,FBP -> Sink,99.9999999999948,0
Net flux,G6PSink,G6P -> Sink,99.9999999999983,0
Net flux,P5PSink,P5P -> Sink,100.000000000001,0
Net flux,R5PSink,R5P -> Sink,99.9999999999968,0
Net flux,GASink,GA -> Sink,100.000000000002,0
Net flux,SERSink,SER -> Sink,99.9999999999996,0
Net flux,GLYSink,GLY -> Sink,100.000000000001,0
Net flux,RUBPSink,RUBP -> Sink,99.9999999999987,0
Net flux,S7PSink,S7P -> Sink,99.9999999999979,0
Net flux,2PGSink,2PG -> Sink,100.000000000002,0
Net flux,ADPGSink,ADPG -> Sink,99.9999999999989,0
Net flux,PEPSink,PEP -> Sink,99.9999999999983,0
Net flux,UDPGSink,UDPG -> Sink,100.000000000001,0
Net flux,ALASink,ALA -> Sink,99.9999999999998,0
Net flux,S6Pout-LL,S6P + 0.1611*GLU + 0.07177*ASP + 0.03247*ALA.c + 0.01019*dummyGLY + 0.03484*dummySER -> Sink,1.63424208515063,0.165246234424536
Net flux,PGP.p,2PG.p -> Glyc.p,2.34459024225324,0.0848047660023777
Net flux,GOX,Glyc.p -> Glyx.p,2.34459024225325,0.0848047660023777
Net flux,GGT,Glyx.p -> GLY.p,2.34459024225324,0.0848047660023777
Net flux,SGAT,SER.p -> HPA.p,0.25542315330718,0.160246630635725
Net flux,HPR.p,HPA.p -> GA.p,0.255423153307174,0.160246630635725
Net flux,T_GLY-m net,GLY.p <-> GLY.m,2.32793731540549,0.0848452794069644
Exch flux,T_GLY-m exch,GLY.p <-> GLY.m,1.00000000280431e-07,0
Net flux,GDC.m,GLY.m + dummy -> myTHF.m + CO2,2.01556974826488,0.171269146604947
Net flux,T_SER-m net,SER.p <-> SER.m,-2.01556974826462,0.171269146604947
Exch flux,T_SER-m exch,SER.p <-> SER.m,2250.9186775803,17.5079025471928
Net flux,mSHMT,GLY.m + myTHF.m -> SER.m,2.01556974826488,0.171269146604947
Net flux,T_SER-c net,SER.p <-> SER.c,1.70320426131494,0.320593961673374
Exch flux,T_SER-c exch,SER.p <-> SER.c,1.00000000280431e-07,1.9704450334773e-15
Net flux,T_Gly-c net,GLY.p <-> GLY.c,0,0
Exch flux,T_Gly-c exch,GLY.p <-> GLY.c,9.99999998363421e-08,0
Net flux,cSHMT,SER.c -> GLY.c + meTHF.c,1.70320416131799,0.320593961673374
Net flux,FmTHF-reductase net,meTHF.c <-> FmTHF.c,1.70320416131799,0.320593961673374
Exch flux,FmTHF-reductase exch,meTHF.c <-> FmTHF.c,7.26850267034603,18.42996103053
Net flux,Met-synthase,FmTHF.c + Hcy.c -> Met.c,1.70320416131797,0.320593961673374
Net flux,SAM-synthase,Met.c -> SAM.c,1.70320416131798,0.320593961673374
Net flux,Methylation,SAM.c -> SAH.c + Acceptor.c,1.70320416131797,0.320593961673374
Net flux,hydrolysis,SAH.c -> Hcy.c,1.70320416131797,0.320593961673374
Net flux,G_SER.m,0*SER.m -> SER,1.0000000116861e-07,0
Net flux,G_SER.c,0*SER.c -> SER,5.49331097587924e-06,19.762386108115
Net flux,G_Gly.m,0*GLY.m -> GLY,1.0000000116861e-07,0
Net flux,G_Gly.c,0*GLY.c -> GLY,41.2871980025861,6.00107058064145
Net flux,T_GLY-c-m,GLY.c -> GLY.m,1.70320218112428,0.320593961673376
Net flux,G_Glyc,0*Glyc.p -> Glyc,17.6162967161792,4.24639857658027
Net flux,G_Glyx,0*Glyx.p -> Glyx,99.982661947517,18.4746282998613
Net flux,G_HPA,0*HPA.p -> HPA,7.78505155479168,1.70722013549889
Net flux,(1-G)_Glyc,0*Glyc.x -> Glyc,82.3837032838214,4.24639857658027
Net flux,(1-G)_Glyx,0*Glyx.x -> Glyx,0.0173380524838507,18.4746282998613
Net flux,(1-G)_HPA,0*HPA.x -> HPA,92.2149484452082,1.70722013549889
Net flux,GlycSink,Glyc -> Sink,100.000000000001,0
Net flux,GlyxSink,Glyx -> Sink,100.000000000001,0
Net flux,HPASink,HPA -> Sink,99.9999999999998,0
Net flux,SERex,dummySER -> outSER,1.0001780070823e-07,5.63244291271722e-15
Net flux,G_PYR,0*PYR.c -> PYR,42.4158560861546,2.83222046846829
Net flux,(1-G)_PYR,0*PYR.x -> PYR,57.5841439138456,2.83222046846829
Net flux,PYRSink,PYR -> Sink,100,0
Net flux,G_meTHF,0*meTHF.c -> meTHF,87.6152559921777,4.65638030957448
Net flux,G_FmTHF,0*FmTHF.c -> FmTHF,71.2893985921902,4.26052106344688
Net flux,G_Met,0*Met.c -> Met,58.2065235921922,4.16070786245405
Net flux,G_SAM,0*SAM.c -> SAM,53.3572230639186,3.88049004001107
Net flux,(1-G)_meTHF,0*meTHF.x -> meTHF,12.3847440078222,4.65638030957448
Net flux,(1-G)_FmTHF,0*FmTHF.x -> FmTHF,28.7106014078099,4.26052106344688
Net flux,(1-G)_Met,0*Met.x -> Met,41.7934764078079,4.16070786245405
Net flux,(1-G)_SAM,0*SAM.x -> SAM,46.6427769360814,3.88049004001107
Net flux,meTHFSink,meTHF -> Sink,99.9999999999999,0
Net flux,FmTHFSink,FmTHF -> Sink,100,0
Net flux,MetSink,Met -> Sink,100,0
Net flux,SAMsink,SAM -> Sink,100,0
Net flux,Met-protein,Met.c -> Protein,6.51983996113883e-15,0
Net flux,GLY-protein,GLY.c -> Protein,1.98019373875979e-06,2.56380004157039e-15
Net flux,SER-protein,SER.c -> Protein,9.99969573811654e-08,2.80916192670581e-15
Pool,2PG pool,,0,0
Pool,2PG.p pool,,2.65852609708399e-07,18.6213056943444
Pool,2PG.x pool,,1,Inf
Pool,3PGA pool,,0,0
Pool,3PGA.c pool,,0.0174164082050392,0.00552371758124025
Pool,3PGA.p pool,,5.67841691692983e-07,17.8761990804471
Pool,3PGA.x pool,,1,Inf
Pool,ACA pool,,6.21705756689788e-07,19.4358930810226
Pool,ADPG pool,,0,0
Pool,ADPG.p pool,,9.9999999999999e-08,Inf
Pool,ADPG.x pool,,1,Inf
Pool,AKG pool,,3.81308362787195e-07,18.4764291713694
Pool,ALA pool,,0,0
Pool,ALA.c pool,,0.00770507127868321,0.00196642011466087
Pool,ALA.x pool,,1,Inf
Pool,ASN pool,,7569.73700895522,18.9846580761157
Pool,ASP pool,,9.99999999999482e-08,0
Pool,Acceptor.c pool,,1,Inf
Pool,CIT pool,,3.58558813077296,0.895353550919129
Pool,CO2 pool,,2.95108702944917e-06,18.6272358528438
Pool,CO2.t pool,,1,Inf
Pool,E4P.p pool,,0,0
Pool,EC2 pool,,0,0
Pool,F6P pool,,0,0
Pool,F6P.c pool,,3.83557593474494e-06,18.3065685244713
Pool,F6P.p pool,,2.75730972656482e-07,19.5297277361402
Pool,F6P.x pool,,1,Inf
Pool,FBP pool,,0,0
Pool,FBP.c pool,,3.00292293320254e-06,18.3150940835665
Pool,FBP.p pool,,2.92128014172538e-07,17.8091211052579
Pool,FBP.x pool,,1,Inf
Pool,FmTHF pool,,6.06160475589766,2.57981358579688
Pool,FmTHF.c pool,,2.80911859520909e-07,17.702978845317
Pool,FmTHF.x pool,,1,Inf
Pool,G6P pool,,0,0
Pool,G6P.c pool,,9.87742530665519e-06,18.8871662031339
Pool,G6P.p pool,,3.87011976149304e-06,19.1543416492607
Pool,G6P.x pool,,1,Inf
Pool,GA pool,,0,0
Pool,GA.p pool,,1e-07,0
Pool,GA.x pool,,1,Inf
Pool,GLN pool,,8.83867754688465,19.1402794714431
Pool,GLU pool,,3.81305406297427e-07,18.2973172877537
Pool,GLY pool,,0,0
Pool,GLY.c pool,,1.00132017105461e-07,18.4288992674966
Pool,GLY.m pool,,9.99999999994061e-08,0
Pool,GLY.p pool,,8.22063353877937e-07,19.478753842637
Pool,GLY.x pool,,1,Inf
Pool,Glyc pool,,39.8079780192417,13.8810966334814
Pool,Glyc.p pool,,2.7190615062328e-07,17.3022503533332
Pool,Glyc.x pool,,1,Inf
Pool,Glyx pool,,654.51539217707,16.4408440280144
Pool,Glyx.p pool,,5.39547882095798e-07,18.022874703214
Pool,Glyx.x pool,,1,Inf
Pool,HPA pool,,9.85114522634742e-05,20.506524818454
Pool,HPA.p pool,,1e-07,0
Pool,HPA.x pool,,1,Inf
Pool,Hcy.c pool,,1,Inf
Pool,ICI pool,,0.00289749500773962,17.9230612477022
Pool,MAL pool,,0.683237405499106,0.506894278292266
Pool,Met pool,,1.64297141670541e-05,17.6928893646113
Pool,Met.c pool,,2.03880433557046e-07,17.6620938839052
Pool,Met.x pool,,1,Inf
Pool,OAA pool,,0.286017971163018,0.0471643574605904
Pool,P5P pool,,0,0
Pool,PEP pool,,0,0
Pool,PEP.c pool,,1.00000000000057e-07,0
Pool,PEP.x pool,,1,Inf
Pool,PRO pool,,5.39499638071471,19.3232295832142
Pool,PYR pool,,1e-07,0
Pool,PYR.c pool,,0.0134838555565543,0.00444171688368118
Pool,PYR.x pool,,1,Inf
Pool,Protein pool,,1,Inf
Pool,R5P pool,,0,0
Pool,R5P.p pool,,3.10202673751521e-07,18.3166196091401
Pool,R5P.x pool,,1,Inf
Pool,RU5P.p pool,,3.0590325035456e-07,17.8696804427523
Pool,RU5P.x pool,,1,Inf
Pool,RUBP pool,,0,0
Pool,RUBP.p pool,,3.05344787754247e-07,18.1171905457888
Pool,RUBP.x pool,,1,Inf
Pool,S6P pool,,1,Inf
Pool,S7P pool,,0,0
Pool,S7P.p pool,,2.16696387879256e-07,18.5536222644579
Pool,S7P.x pool,,1,Inf
Pool,SAH.c pool,,1,Inf
Pool,SAM pool,,4.71500781244414,2.31027808218888
Pool,SAM.c pool,,9.63287439142914e-07,18.2455113688027
Pool,SAM.x pool,,1,Inf
Pool,SBP pool,,0,0
Pool,SER pool,,0,0
Pool,SER.c pool,,1.00000000002876e-07,0
Pool,SER.m pool,,0.477029055447856,0.0405237447387102
Pool,SER.p pool,,0.000344550196938942,18.0346061590551
Pool,SER.x pool,,1,Inf
Pool,Sink pool,,1,Inf
Pool,Starch pool,,1,Inf
Pool,THR pool,,6.04429986143891e-05,9.37223068573715
Pool,TP pool,,0,0
Pool,TP.c pool,,3.117349276222e-06,17.579963361224
Pool,TP.p pool,,5.69189407841955e-07,18.7685058720808
Pool,TP.x pool,,1,Inf
Pool,UDPG pool,,0,0
Pool,UDPG.c pool,,2.48187519147646,1.51823289016099
Pool,UDPG.x pool,,1,Inf
Pool,X5P.p pool,,3.07121100262035e-07,19.875920419693
Pool,dummy pool,,1,Inf
Pool,dummyGLY pool,,1,Inf
Pool,dummySER pool,,1,Inf
Pool,meTHF pool,,0.272729919266698,17.7259736524428
Pool,meTHF.c pool,,2.93071884287193e-07,19.2959041744428
Pool,meTHF.x pool,,1,Inf
Pool,myTHF.m pool,,2.37705228640076e-07,18.0735200565725
Pool,outSER pool,,1,Inf
Norm,Experiment2 Glyc205 #1 norm,,0.960316476879692,0.0349918605201815
Norm,Experiment2 Glyc205 #2 norm,,0.961481584476313,0.0147834385821041
Norm,Experiment2 Glyc205 #3 norm,,0.967423007839129,0.0202470291722076
Norm,Experiment2 Glyc205 #4 norm,,0.969584617310526,0.0190770750311707
Norm,Experiment2 Glyc205 #5 norm,,1.02016131871771,0.0236416006135216
Norm,Experiment2 Glyc205 #6 norm,,1.01350841247453,0.0248307537489959
Norm,Experiment2 Glyc205 #7 norm,,1.00193770658568,0.0344723612972916
Norm,Experiment2 Glyc205 #8 norm,,0.961344409351096,0.10755979601485
Norm,Experiment2 Glyx160 #1 norm,,1.01225242585525,0.0115155607563057
Norm,Experiment2 Glyx160 #2 norm,,0.992593173675741,0.0117031451948475
Norm,Experiment2 Glyx160 #3 norm,,1.03064929097104,0.0130724555572802
Norm,Experiment2 Glyx160 #4 norm,,0.959513988228464,0.0160222816565419
Norm,Experiment2 Glyx160 #5 norm,,0.994810073644334,0.0136045436268412
Norm,Experiment2 Glyx160 #6 norm,,1.00331620911171,0.0191374022430986
Norm,Experiment2 Glyx160 #7 norm,,1.00014428309183,0.02702902914287
Norm,Experiment2 Glyx160 #8 norm,,0.869210610433035,0.107007277598546
Norm,Experiment2 GLY276 #1 norm,,0.972721479114332,0.0103268040865476
Norm,Experiment2 GLY276 #2 norm,,0.939112400960882,0.0224129943028521
Norm,Experiment2 GLY276 #3 norm,,1.00338891515407,0.0191846943078177
Norm,Experiment2 GLY276 #4 norm,,1.01550510210329,0.0176609910261944
Norm,Experiment2 GLY276 #5 norm,,0.971653590752439,0.0379081078444281
Norm,Experiment2 GLY276 #6 norm,,1.04740946842589,0.0875141109424124
Norm,Experiment2 GLY276 #7 norm,,1.02011480433027,0.168521955094806
Norm,Experiment2 GLY276 #8 norm,,0.975391109414952,0.154111707570825
Norm,Experiment2 HPA262 #1 norm,,1.04172788445287,0.0216982372557061
Norm,Experiment2 HPA262 #2 norm,,0.967963646267284,0.0236622174599696
Norm,Experiment2 HPA262 #3 norm,,0.972984650059587,0.0236472280177727
Norm,Experiment2 HPA262 #4 norm,,1.02551155220761,0.0298288593679375
Norm,Experiment2 HPA262 #5 norm,,0.994342310253878,0.0235758757821625
Norm,Experiment2 HPA262 #6 norm,,1.0333401202876,0.0314672501273896
Norm,Experiment2 HPA262 #7 norm,,0.975187083434633,0.0231773132524671
Norm,Experiment2 HPA262 #8 norm,,1.00102114375792,0.0390479569320763
Norm,Experiment2 GA307 #1 norm,,1.0265875619242,0.0114023598077285
Norm,Experiment2 GA307 #2 norm,,0.933114697759419,0.0294815770475055
Norm,Experiment2 GA307 #3 norm,,0.887239741147375,0.0219559835026951
Norm,Experiment2 GA307 #4 norm,,0.955525264184512,0.0236929426501875
Norm,Experiment2 GA307 #5 norm,,0.904487010395004,0.0654733737863234
Norm,Experiment2 GA307 #6 norm,,0.788249597576401,0.0956034195853056
Norm,Experiment2 GA307 #7 norm,,0.847113745392019,0.0632371389734601
Norm,Experiment2 GA307 #8 norm,,0.890802436777596,0.132957434577727
Norm,Experiment2 SER306 #1 norm,,0.967906590745027,0.0125946954353012
Norm,Experiment2 SER306 #2 norm,,0.956725015028121,0.0340302116291833
Norm,Experiment2 SER306 #3 norm,,1.00317784856643,0.0200392651835295
Norm,Experiment2 SER306 #4 norm,,1.06594283242236,0.0265799468791707
Norm,Experiment2 SER306 #5 norm,,1.00022528109619,0.053733757050662
Norm,Experiment2 SER306 #6 norm,,1.00986901484569,0.104012985880715
Norm,Experiment2 SER306 #7 norm,,1.04233570903086,0.0916553617534176
Norm,Experiment2 SER306 #8 norm,,0.997130409551236,0.0958219178794611
Norm,Experiment2 meTHF #1 norm,,1.0038691015359,0.010267388888924
Norm,Experiment2 meTHF #2 norm,,1.0060225027025,0.0149249438688626
Norm,Experiment2 meTHF #3 norm,,0.967239222212148,0.0267872086436214
Norm,Experiment2 meTHF #4 norm,,1.01139803022558,0.0256763110428851
Norm,Experiment2 meTHF #5 norm,,0.980385012493986,0.0811528026138253
Norm,Experiment2 meTHF #6 norm,,1.01479294542685,0.12872626380692
Norm,Experiment2 meTHF #7 norm,,1.01842140713074,0.347824108912263
Norm,Experiment2 meTHF #8 norm,,1.00061739690296,0.0719362351907091
Norm,Experiment2 FmTHF #1 norm,,1.01861723952613,0.0103236581833278
Norm,Experiment2 FmTHF #2 norm,,0.998562274468596,0.0116969495929428
Norm,Experiment2 FmTHF #3 norm,,1.00961976809019,0.0103490831959104
Norm,Experiment2 FmTHF #4 norm,,1.00252003529336,0.0227227366702277
Norm,Experiment2 FmTHF #5 norm,,0.997122003591442,0.0405229724726161
Norm,Experiment2 FmTHF #6 norm,,0.988774976605019,0.0687844171776028
Norm,Experiment2 FmTHF #7 norm,,0.986823481418522,0.108801583818302
Norm,Experiment2 FmTHF #8 norm,,0.993645445606954,0.0680166818527846
Norm,Experiment2 Met176 #1 norm,,0.944940583066035,0.0228117768701516
Norm,Experiment2 Met176 #2 norm,,0.964309137558119,0.0387531840925694
Norm,Experiment2 Met176 #3 norm,,0.981108324911989,0.0358283585657602
Norm,Experiment2 Met176 #4 norm,,0.813697257642673,0.0745216448473769
Norm,Experiment2 Met176 #5 norm,,0.903192654681295,0.0641228890349838
Norm,Experiment2 Met176 #6 norm,,0.997688527713033,0.0343762082275029
Norm,Experiment2 Met176 #7 norm,,1.01476371811233,0.0600602353498041
Norm,Experiment2 Met176 #8 norm,,1.00225148825241,0.316995006203406
Norm,Experiment2 SAM #1 norm,,0.986670807878498,0.0142542715671672
Norm,Experiment2 SAM #2 norm,,0.970080104900418,0.0225478182481181
Norm,Experiment2 SAM #3 norm,,0.978771622574422,0.0341781470761387
Norm,Experiment2 SAM #4 norm,,0.984443637992123,0.0409902620811984
Norm,Experiment2 SAM #5 norm,,1.00300816316959,0.0251302190671724
Norm,Experiment2 SAM #6 norm,,0.99805001591217,0.0641971331534578
Norm,Experiment2 SAM #7 norm,,1.01380664860747,0.0777163102342393
Norm,Experiment2 SAM #8 norm,,0.998007385083476,0.0738249585845519
Norm,Experiment2 CIT465 #1 norm,,0.997180429453328,0.0127409177067779
Norm,Experiment2 CIT465 #2 norm,,1.01826570960375,0.0107808195339392
Norm,Experiment2 CIT465 #3 norm,,0.993983910227292,0.0127777751492389
Norm,Experiment2 CIT465 #4 norm,,0.981488605077714,0.0125942133328274
Norm,Experiment2 CIT465 #5 norm,,0.995607648652838,0.0157455525079356
Norm,Experiment2 CIT465 #6 norm,,0.970677478474225,0.011311841082478
Norm,Experiment2 CIT465 #7 norm,,1.04867708479337,0.0158338204344626
Norm,Experiment2 CIT465 #8 norm,,1.02122899434112,0.0205172570422183
Norm,Experiment2 MAL335 #1 norm,,0.97557341216937,0.0116168106524964
Norm,Experiment2 MAL335 #2 norm,,0.971008478680422,0.0131675533420746
Norm,Experiment2 MAL335 #3 norm,,0.96669304934945,0.0127228091928194
Norm,Experiment2 MAL335 #4 norm,,0.964857030540865,0.0115232172835922
Norm,Experiment2 MAL335 #5 norm,,0.986256605678646,0.0147459880673274
Norm,Experiment2 MAL335 #6 norm,,0.97697897050925,0.0147599707847425
Norm,Experiment2 MAL335 #7 norm,,0.986439175328337,0.0203659861559958
Norm,Experiment2 MAL335 #8 norm,,0.984830720377975,0.0403650794099387
Norm,Experiment2 ASP334 #1 norm,,0.948307743593722,0.0153978125078903
Norm,Experiment2 ASP334 #2 norm,,0.956517677918565,0.0233626493959833
Norm,Experiment2 ASP334 #3 norm,,0.96917777978504,0.0179483082967668
Norm,Experiment2 ASP334 #4 norm,,1.0280464563879,0.0230688815267074
Norm,Experiment2 ASP334 #5 norm,,0.963119278681596,0.0245739583969576
Norm,Experiment2 ASP334 #6 norm,,0.977821575156612,0.0739983320818703
Norm,Experiment2 ASP334 #7 norm,,0.960726554495951,0.0560006583864272
Norm,Experiment2 ASP334 #8 norm,,1.00833405717085,0.0378651931598381
Norm,Experiment2 GLU348 #1 norm,,1.02283213627068,0.0123094163861764
Norm,Experiment2 GLU348 #2 norm,,0.975594437453902,0.0119902297105987
Norm,Experiment2 GLU348 #3 norm,,1.01903964306129,0.0121396643373171
Norm,Experiment2 GLU348 #4 norm,,1.00000953293655,0.0151773872697871
Norm,Experiment2 GLU348 #5 norm,,0.9249633563268,0.0290980678410634
Norm,Experiment2 GLU348 #6 norm,,0.979049349963326,0.0153039799597636
Norm,Experiment2 GLU348 #7 norm,,0.941586526203321,0.0222846053454716
Norm,Experiment2 GLU348 #8 norm,,0.941283560428195,0.049331788532693
Norm,Experiment2 THR320 #1 norm,,1.00819384926234,0.0103556967392158
Norm,Experiment2 THR320 #2 norm,,0.991550293219501,0.0116670639882392
Norm,Experiment2 THR320 #3 norm,,1.01020784448639,0.0103536454524911
Norm,Experiment2 THR320 #4 norm,,1.01702616819404,0.0115845300234455
Norm,Experiment2 THR320 #5 norm,,0.953415876288529,0.0198285563537525
Norm,Experiment2 THR320 #6 norm,,1.04504703918699,0.0121008865086908
Norm,Experiment2 THR320 #7 norm,,0.994417810218942,0.0171316106930388
Norm,Experiment2 THR320 #8 norm,,1.02796330947953,0.0464611913437256
Norm,Experiment2 ALA116 #1 norm,,0.994939962066191,0.00990700409451718
Norm,Experiment2 ALA116 #2 norm,,0.993192835775522,0.00995143807603033
Norm,Experiment2 ALA116 #3 norm,,1.00851463756831,0.0106775561730349
Norm,Experiment2 ALA116 #4 norm,,1.04538919305215,0.0265161126359594
Norm,Experiment2 ALA116 #5 norm,,1.0185037979006,0.077254634677924
Norm,Experiment2 ALA116 #6 norm,,1.00504881429068,0.0659347024524416
Norm,Experiment2 ALA116 #7 norm,,0.999521268117219,0.0763448926495811
Norm,Experiment2 ALA116 #8 norm,,0.907934164451626,0.191778150536953
Norm,Experiment2 PYR #1 norm,,0.960551168693939,0.0119579613163779
Norm,Experiment2 PYR #2 norm,,0.905988002539934,0.0491488093114509
Norm,Experiment2 PYR #3 norm,,0.919862519437275,0.0535878851439585
Norm,Experiment2 PYR #4 norm,,1.01989562917134,0.0503295630013319
Norm,Experiment2 PYR #5 norm,,0.971585261649033,0.119489287288993
Norm,Experiment2 PYR #6 norm,,0.987895778724299,0.122910689962919
Norm,Experiment2 PYR #7 norm,,0.996292747604285,0.078253198280656
Norm,Experiment2 PYR #8 norm,,0.97445704920533,0.111471519362845
