type,id,eqn,val,std
Net flux,CO2.t,CO2.t -> CO2,67.805972013118,1.52431399620881
Net flux,CO2_sink,dummy -> Sink,67.805972013118,1.52431399620881
Net flux,RUBICSO_CO2,RUBP.p + CO2 -> 3PGA.p + 3PGA.p + dummy,69.7389938648522,1.53176863949662
Net flux,GAPDH.p net,3PGA.p <-> TP.p,141.181620202726,3.04583806169334
Exch flux,GAPDH.p exch,3PGA.p <-> TP.p,416077.067546035,2937.12687716886
Net flux,ALD,TP.p + E4P.p -> SBP,23.9417445672667,0.512017618813531
Net flux,SBP,SBP -> S7P.p,23.9417445672667,0.512017618813531
Net flux,FBA.p net,TP.p + TP.p <-> FBP.p,31.8738876358257,0.778785740524111
Exch flux,FBA.p exch,TP.p + TP.p <-> FBP.p,106846.130189053,1494.49022027588
Net flux,PFK.p net,FBP.p <-> F6P.p,31.8738876358215,0.778785740524111
Exch flux,PFK.p exch,FBP.p <-> F6P.p,1.00033375360908e-07,2.1658253216816e-14
Net flux,TK1 net,TP.p + EC2 <-> X5P.p,47.8834891345334,1.02403523762706
Exch flux,TK1 exch,TP.p + EC2 <-> X5P.p,1.0000000116861e-07,6.32018265785658e-13
Net flux,TK2 net,S7P.p <-> R5P.p + EC2,23.9417445672667,0.512017618813531
Exch flux,TK2 exch,S7P.p <-> R5P.p + EC2,38.5232865813718,5007.63463281868
Net flux,TK3 net,F6P.p <-> E4P.p + EC2,23.9417445672661,0.512017618813531
Exch flux,TK3 exch,F6P.p <-> E4P.p + EC2,7803.8601087852,5039.72449592143
Net flux,PPE net,X5P.p <-> RU5P.p,47.8834891345334,1.02403523762706
Exch flux,PPE exch,X5P.p <-> RU5P.p,78.1006649871081,2846.35722628364
Net flux,PPI net,R5P.p <-> RU5P.p,23.9417445672668,0.512017618813531
Exch flux,PPI exch,R5P.p <-> RU5P.p,239.580116164308,4841.74317824993
Net flux,PRK,RU5P.p -> RUBP.p,71.8252337018003,1.53605285643651
Net flux,RUBISCO_O2,RUBP.p -> 3PGA.p + 2PG.p,2.08623983694808,0.0847540915051605
Net flux,GLYdil net,GLY.p <-> GLY.x + dummyGLY,0.014287937106495,0.00157769064834824
Exch flux,GLYdil exch,GLY.p <-> GLY.x + dummyGLY,1.0000000116861e-07,0
Net flux,SERdil net,SER.p <-> SER.x + dummySER,0.048855599235651,0.0053946810837647
Exch flux,SERdil exch,SER.p <-> SER.x + dummySER,0.00674426781617399,0.105735233945417
Net flux,GK,GA.p -> 3PGA.p,0.215326679247326,0.169811035244335
Net flux,PGI.p net,F6P.p <-> G6P.p,7.93214306855473,0.394509492552107
Exch flux,PGI.p exch,F6P.p <-> G6P.p,1.00003713754404e-07,1.75943682858741e-13
Net flux,PGM.p,G6P.p -> ADPG.p,7.93214306855473,0.394509492552107
Net flux,Starch,ADPG.p -> Starch,7.93214306855471,0.394509492552107
Net flux,FBA.c net,TP.c + TP.c <-> FBP.c,2.80430561463437,0.309654690391362
Exch flux,FBA.c exch,TP.c + TP.c <-> FBP.c,44.9204600300797,5244.38084862171
Net flux,PFK.c net,FBP.c <-> F6P.c,2.80430561463439,0.309654690391362
Exch flux,PFK.c exch,FBP.c <-> F6P.c,50.5337336149162,4975.44315303941
Net flux,PGI.c net,F6P.c <-> G6P.c,1.40215280731718,0.154827345195681
Exch flux,PGI.c exch,F6P.c <-> G6P.c,269.462676805598,2280.20190174206
Net flux,PGM.c net,G6P.c <-> UDPG.c,1.40215280731354,0.154827345195681
Exch flux,PGM.c exch,G6P.c <-> UDPG.c,48496.8793760278,5496.83666454916
Net flux,SPS,F6P.c + UDPG.c -> S6P,1.40215280731715,0.154827345195681
Net flux,PGAM.c net,3PGA.c <-> PEP.c,0.597934043158867,0.0660245730935896
Exch flux,PGAM.c exch,3PGA.c <-> PEP.c,4.35888969061857,5038.56344278297
Net flux,PK.c,PEP.c -> PYR.c,0.27141471891347,0.0299699292045973
Net flux,PDH,PYR.c + dummy -> ACA + CO2,0.225886817260704,0.0249426853137797
Net flux,CS,OAA + ACA -> CIT,0.2258868172607,0.0249426853137797
Net flux,ACO net,CIT <-> ICI,0.225886817260744,0.0249426853137797
Exch flux,ACO exch,CIT <-> ICI,3162.86773686655,5134.49122084829
Net flux,IDH,ICI + dummy -> AKG + CO2,0.225886817260716,0.0249426853137797
Net flux,MDH net,MAL <-> OAA,7.105427357601e-15,0
Exch flux,MDH exch,MAL <-> OAA,0.183197588821677,0.132811033241811
Net flux,PPC,PEP.c + CO2 -> OAA + dummy,0.326519324241736,0.0360546438683721
Net flux,T_3PGA net,3PGA.p <-> 3PGA.c,0.597934043158844,0.0660245730935896
Exch flux,T_3PGA exch,3PGA.p <-> 3PGA.c,1.0000000116861e-07,4925.5721382981
Net flux,T_DHAP net,TP.p <-> TP.c,5.6086112292688,0.619309380782725
Exch flux,T_DHAP exch,TP.p <-> TP.c,7.36513151195091,2.3862815859874
Net flux,ALT,PYR.c -> ALA.c,0.0455279016534159,0.00502724389925457
Net flux,ASPT,OAA -> ASP,0.100632506981017,0.0111119585604401
Net flux,GLUDH,AKG -> GLU,0.225886817260693,0.0249426853137797
Net flux,PCR net,GLU <-> PRO,-2.48689957516035e-14,0
Exch flux,PCR exch,GLU <-> PRO,1.0000000116861e-07,3.20224366336724e-13
Net flux,GS net,GLU <-> GLN,0,0
Exch flux,GS exch,GLU <-> GLN,1.00042420569935e-07,3.0473846949159e-13
Net flux,TS net,ASP <-> THR,0,0
Exch flux,TS exch,ASP <-> THR,0.0315528336195925,0.0305010146092782
Net flux,AS net,ASP <-> ASN,1.06581410364015e-14,0
Exch flux,AS exch,ASP <-> ASN,1.0000000116861e-07,0
Net flux,G_3PGA.p,0*3PGA.p -> 3PGA,2.46866316899741e-06,6564.20583339029
Net flux,G_3PGA.c,0*3PGA.c -> 3PGA,92.9119081395474,4916.12016205714
Net flux,G_DHAP.p,0*TP.p -> TP,40.6853798422419,7016.97409543973
Net flux,G_DHAP.c,0*TP.c -> TP,51.8471856996948,5506.12065620995
Net flux,G_F6P.p,0*F6P.p -> F6P,48.6686345030749,6847.84224270371
Net flux,G_F6P.c,0*F6P.c -> F6P,36.546576817712,5288.8923798492
Net flux,G_FBP.p,0*FBP.p -> FBP,2.4686614779057e-06,6644.36559470919
Net flux,G_FBP.c,0*FBP.c -> FBP,83.4512310525951,5022.65202665134
Net flux,G_G6P.p,0*G6P.p -> G6P,19.0549768397257,6452.99863022317
Net flux,G_G6P.c,0*G6P.c -> G6P,58.8549499993083,4766.61625750717
Net flux,G_RU5P.p,0*RU5P.p -> P5P,2.46865390707285e-06,6472.69907314996
Net flux,G_X5P.p,0*X5P.p -> P5P,92.8477691493638,4793.25281163282
Net flux,G_R5P.p,0*R5P.p -> R5P,82.2810779884949,4349.77709490158
Net flux,G_GA.p,0*GA.p -> GA,29.0636552223375,3.9062207541205
Net flux,G_SER.p,0*SER.p -> SER,77.432667688212,5589.17490549297
Net flux,G_GLY.p,0*GLY.p -> GLY,3.14342822603923,5040.05114183294
Net flux,G_RUBP.p,0*RUBP.p -> RUBP,92.5302752673063,4349.77709490158
Net flux,G_S7P.p,0*S7P.p -> S7P,98.4567310636212,4349.77709490158
Net flux,G_2PG.p,0*2PG.p -> 2PG,87.0427532706349,4349.77709490158
Net flux,G_ADPG.p,0*ADPG.p -> ADPG,95.0805622183481,4349.77709490158
Net flux,G_PEP.c,0*PEP.c -> PEP,89.2305410445615,4349.77709490158
Net flux,G_UDPG.c,0*UDPG.c -> UDPG,72.4268033045549,4349.77709490158
Net flux,G_ALA.c,0*ALA.c -> ALA,66.7600086772363,6.78321733520973
Net flux,(1-G)_GA,0*GA.x -> GA,70.9363447776644,3.9062207541205
Net flux,(1-G)_SER,0*SER.x -> SER,22.567306779411,6.05030754203676
Net flux,(1-G)_GLY,0*GLY.x -> GLY,53.5447358064038,7.13568235230889
Net flux,(1-G)_R5P,0*R5P.x -> R5P,17.718922011502,4349.77709490158
Net flux,(1-G)_RUBP,0*RUBP.x -> RUBP,7.46972473269241,4349.77709490158
Net flux,(1-G)_3PGA,0*3PGA.x -> 3PGA,7.08808939178964,4349.77709490158
Net flux,(1-G)_TP,0*TP.x -> TP,7.46743445806384,4349.77709490158
Net flux,(1-G)_F6P,0*F6P.x -> F6P,14.7847886792169,4349.77709490158
Net flux,(1-G)_FBP,0*FBP.x -> FBP,16.5487664787382,4349.77709490158
Net flux,(1-G)_G6P,0*G6P.x -> G6P,22.0900731609643,4349.77709490158
Net flux,(1-G)_RU5P,0*RU5P.x -> P5P,7.15222838198373,4349.77709490158
Net flux,(1-G)_S7P,0*S7P.x -> S7P,1.5432689363768,4349.77709490158
Net flux,(1-G)_2PG,0*2PG.x -> 2PG,12.9572467293675,4349.77709490158
Net flux,(1-G)_ADPG,0*ADPG.x -> ADPG,4.91943778165087,4349.77709490158
Net flux,(1-G)_PEP,0*PEP.x -> PEP,10.7694589554367,4349.77709490158
Net flux,(1-G)_UDPG,0*UDPG.x -> UDPG,27.5731966954463,4349.77709490158
Net flux,(1-G)_ALA,0*ALA.x -> ALA,33.2399913227635,6.78321733520973
Net flux,PGASink,3PGA -> Sink,100,0
Net flux,DHAPSink,TP -> Sink,100.000000000001,0
Net flux,F6PSink,F6P -> Sink,100.000000000004,0
Net flux,FBPSink,FBP -> Sink,99.9999999999948,0
Net flux,G6PSink,G6P -> Sink,99.9999999999983,0
Net flux,P5PSink,P5P -> Sink,100.000000000001,0
Net flux,R5PSink,R5P -> Sink,99.9999999999968,0
Net flux,GASink,GA -> Sink,100.000000000002,0
Net flux,SERSink,SER -> Sink,99.9999999999996,0
Net flux,GLYSink,GLY -> Sink,100.000000000001,0
Net flux,RUBPSink,RUBP -> Sink,99.9999999999987,0
Net flux,S7PSink,S7P -> Sink,99.9999999999979,0
Net flux,2PGSink,2PG -> Sink,100.000000000002,0
Net flux,ADPGSink,ADPG -> Sink,99.9999999999989,0
Net flux,PEPSink,PEP -> Sink,99.9999999999983,0
Net flux,UDPGSink,UDPG -> Sink,100.000000000001,0
Net flux,ALASink,ALA -> Sink,99.9999999999998,0
Net flux,S6Pout-LL,S6P + 0.1611*GLU + 0.07177*ASP + 0.03247*ALA.c + 0.01019*dummyGLY + 0.03484*dummySER -> Sink,1.40215280731719,0.154827345195681
Net flux,PGP.p,2PG.p -> Glyc.p,2.0862398369481,0.0847540915051605
Net flux,GOX,Glyc.p -> Glyx.p,2.08623983694811,0.0847540915051605
Net flux,GGT,Glyx.p -> GLY.p,2.0862398369481,0.0847540915051605
Net flux,SGAT,SER.p -> HPA.p,0.215326679247315,0.169811035244335
Net flux,HPR.p,HPA.p -> GA.p,0.215326679247309,0.169811035244335
Net flux,T_GLY-m net,GLY.p <-> GLY.m,2.07206336904346,5159.9615346254
Exch flux,T_GLY-m exch,GLY.p <-> GLY.m,28762.8185111662,6149.50048624616
Net flux,GDC.m,GLY.m + dummy -> myTHF.m + CO2,1.80776754145538,0.180579899422138
Net flux,T_SER-m net,SER.p <-> SER.m,-1.80776754145538,0.180579899422138
Exch flux,T_SER-m exch,SER.p <-> SER.m,34.8832258045252,6139.3626338088
Net flux,mSHMT,GLY.m + myTHF.m -> SER.m,1.80776754145538,0.180579899422138
Net flux,T_SER-c net,SER.p <-> SER.c,1.54358526297242,0.340094239063212
Exch flux,T_SER-c exch,SER.p <-> SER.c,1.00000173475223e-07,1.18607747990665e-13
Net flux,T_Gly-c net,GLY.p <-> GLY.c,-0.000111469201718783,5159.96153392899
Exch flux,T_Gly-c exch,GLY.p <-> GLY.c,9.99999998363421e-08,2.30107932645025e-13
Net flux,cSHMT,SER.c -> GLY.c + meTHF.c,1.54358516296692,0.340094239295114
Net flux,FmTHF-reductase net,meTHF.c <-> FmTHF.c,1.54358516296692,0.340094239295114
Exch flux,FmTHF-reductase exch,meTHF.c <-> FmTHF.c,7.26452066734803,5136.12183214034
Net flux,Met-synthase,FmTHF.c + Hcy.c -> Met.c,1.5435851629669,0.340094239295114
Net flux,SAM-synthase,Met.c -> SAM.c,1.54358516296691,0.340094239295114
Net flux,Methylation,SAM.c -> SAH.c + Acceptor.c,1.54358516296691,0.340094239295114
Net flux,hydrolysis,SAH.c -> Hcy.c,1.5435851629669,0.340094239295114
Net flux,G_SER.m,0*SER.m -> SER,1.0000000116861e-07,0
Net flux,G_SER.c,0*SER.c -> SER,2.54323764821152e-05,5589.1716307141
Net flux,G_Gly.m,0*GLY.m -> GLY,0.000101263603148993,5040.05060900825
Net flux,G_Gly.c,0*GLY.c -> GLY,43.311734703955,8.59204536745816
Net flux,T_GLY-c-m,GLY.c -> GLY.m,1.54347171386746,5159.96154513775
Net flux,G_Glyc,0*Glyc.p -> Glyc,6.87742760267894,1.26678805530183
Net flux,G_Glyx,0*Glyx.p -> Glyx,99.9999999000009,0
Net flux,G_HPA,0*HPA.p -> HPA,5.44840532559653,2.01797192863841
Net flux,(1-G)_Glyc,0*Glyc.x -> Glyc,93.1225723973217,1.26678805530183
Net flux,(1-G)_Glyx,0*Glyx.x -> Glyx,1.0000000116861e-07,0
Net flux,(1-G)_HPA,0*HPA.x -> HPA,94.5515946744034,2.01797192863841
Net flux,GlycSink,Glyc -> Sink,100.000000000001,0
Net flux,GlyxSink,Glyx -> Sink,100.000000000001,0
Net flux,HPASink,HPA -> Sink,99.9999999999998,0
Net flux,SERex,dummySER -> outSER,1.00145725046019e-07,1.4490855469191e-12
Net flux,G_PYR,0*PYR.c -> PYR,37.7365248462759,2.44909695173845
Net flux,(1-G)_PYR,0*PYR.x -> PYR,62.2634751537243,2.44909695173845
Net flux,PYRSink,PYR -> Sink,100,0
Net flux,G_meTHF,0*meTHF.c -> meTHF,95.1043761867398,8.83466984892108
Net flux,G_FmTHF,0*FmTHF.c -> FmTHF,81.3740783915426,8.14159295403607
Net flux,G_Met,0*Met.c -> Met,59.1867362814932,5.010443180958
Net flux,G_SAM,0*SAM.c -> SAM,57.0538338974483,4.83763183868326
Net flux,(1-G)_meTHF,0*meTHF.x -> meTHF,4.89562381326016,8.83466984892108
Net flux,(1-G)_FmTHF,0*FmTHF.x -> FmTHF,18.6259216084575,8.14159295403607
Net flux,(1-G)_Met,0*Met.x -> Met,40.8132637185069,5.010443180958
Net flux,(1-G)_SAM,0*SAM.x -> SAM,42.9461661025517,4.83763183868326
Net flux,meTHFSink,meTHF -> Sink,99.9999999999999,0
Net flux,FmTHFSink,FmTHF -> Sink,100,0
Net flux,MetSink,Met -> Sink,100,0
Net flux,SAMsink,SAM -> Sink,100,0
Net flux,Met-protein,Met.c -> Protein,6.51983996113883e-15,0
Net flux,GLY-protein,GLY.c -> Protein,1.97989776840046e-06,6.66721447938538e-13
Net flux,SER-protein,SER.c -> Protein,1.00005493663957e-07,1.49771369986781e-12
Pool,2PG pool,,0,0
Pool,2PG.p pool,,1e-07,0
Pool,2PG.x pool,,1,Inf
Pool,3PGA pool,,0,0
Pool,3PGA.c pool,,0.0105070426867563,0.00464194815963341
Pool,3PGA.p pool,,1.87358427159729e-07,4906.96071703182
Pool,3PGA.x pool,,1,Inf
Pool,ACA pool,,1e-07,0
Pool,ADPG pool,,0,0
Pool,ADPG.p pool,,9.9999999999999e-08,Inf
Pool,ADPG.x pool,,1,Inf
Pool,AKG pool,,2.04651373253876e-07,4758.95797242508
Pool,ALA pool,,0,0
Pool,ALA.c pool,,0.0097169967809267,0.00265044042451141
Pool,ALA.x pool,,1,Inf
Pool,ASN pool,,7561.40159916863,4811.13452087588
Pool,ASP pool,,0.00156133126736214,0.00314519070386835
Pool,Acceptor.c pool,,1,Inf
Pool,CIT pool,,3.58985617498112,1.01220770364941
Pool,CO2 pool,,1.67360398351306e-06,4827.64391553
Pool,CO2.t pool,,1,Inf
Pool,E4P.p pool,,0,0
Pool,EC2 pool,,0,0
Pool,F6P pool,,0,0
Pool,F6P.c pool,,3.80998881103525e-06,4772.73062380618
Pool,F6P.p pool,,1e-07,0
Pool,F6P.x pool,,1,Inf
Pool,FBP pool,,0,0
Pool,FBP.c pool,,2.78527199006971e-06,5040.99838332548
Pool,FBP.p pool,,1e-07,0
Pool,FBP.x pool,,1,Inf
Pool,FmTHF pool,,8.64248520559829,3.88207312056623
Pool,FmTHF.c pool,,1e-07,0
Pool,FmTHF.x pool,,1,Inf
Pool,G6P pool,,0,0
Pool,G6P.c pool,,9.87291912171842e-06,5377.18615324012
Pool,G6P.p pool,,3.66718721582067e-06,5252.62591749367
Pool,G6P.x pool,,1,Inf
Pool,GA pool,,0,0
Pool,GA.p pool,,1e-07,0
Pool,GA.x pool,,1,Inf
Pool,GLN pool,,8.83867754349687,5052.53393080985
Pool,GLU pool,,2.04651734469185e-07,5006.57949702055
Pool,GLY pool,,0,0
Pool,GLY.c pool,,1e-07,0
Pool,GLY.m pool,,1.00801174329149e-07,5577.19941517335
Pool,GLY.p pool,,1.00000000000002e-07,0
Pool,GLY.x pool,,1,Inf
Pool,Glyc pool,,4.16906407613387,2.58647479379848
Pool,Glyc.p pool,,1e-07,0
Pool,Glyc.x pool,,1,Inf
Pool,Glyx pool,,673.046687133628,175.498175174193
Pool,Glyx.p pool,,1e-07,0
Pool,Glyx.x pool,,1,Inf
Pool,HPA pool,,2.98193627303106e-05,5095.76020925203
Pool,HPA.p pool,,1e-07,0
Pool,HPA.x pool,,1,Inf
Pool,Hcy.c pool,,1,Inf
Pool,ICI pool,,0.00152282866928076,5212.87022005908
Pool,MAL pool,,0.702790589352758,0.396544441973264
Pool,Met pool,,1.07761940167488e-06,5262.32256128665
Pool,Met.c pool,,1e-07,0
Pool,Met.x pool,,1,Inf
Pool,OAA pool,,0.156780158073534,0.0389768671911167
Pool,P5P pool,,0,0
Pool,PEP pool,,0,0
Pool,PEP.c pool,,1.00000000000057e-07,9.51497276345691e-15
Pool,PEP.x pool,,1,Inf
Pool,PRO pool,,5.3949963773298,5137.09591139627
Pool,PYR pool,,1e-07,0
Pool,PYR.c pool,,0.00890953926079368,0.00341719840492786
Pool,PYR.x pool,,1,Inf
Pool,Protein pool,,1,Inf
Pool,R5P pool,,0,0
Pool,R5P.p pool,,1e-07,0
Pool,R5P.x pool,,1,Inf
Pool,RU5P.p pool,,1e-07,0
Pool,RU5P.x pool,,1,Inf
Pool,RUBP pool,,0,0
Pool,RUBP.p pool,,1e-07,0
Pool,RUBP.x pool,,1,Inf
Pool,S6P pool,,1,Inf
Pool,S7P pool,,0,0
Pool,S7P.p pool,,1e-07,0
Pool,S7P.x pool,,1,Inf
Pool,SAH.c pool,,1,Inf
Pool,SAM pool,,3.05102036460749e-05,4878.23249534142
Pool,SAM.c pool,,4.42217762072796e-07,5162.00585422029
Pool,SAM.x pool,,1,Inf
Pool,SBP pool,,0,0
Pool,SER pool,,0,0
Pool,SER.c pool,,1.00000000002876e-07,3.22753509028663e-13
Pool,SER.m pool,,1e-07,0
Pool,SER.p pool,,0.508656572777513,0.0460792302589859
Pool,SER.x pool,,1,Inf
Pool,Sink pool,,1,Inf
Pool,Starch pool,,1,Inf
Pool,THR pool,,0.217770312261836,0.172278433450234
Pool,TP pool,,0,0
Pool,TP.c pool,,2.53137461913135e-06,4744.99798796486
Pool,TP.p pool,,2.15497025493466e-07,4726.18799878325
Pool,TP.x pool,,1,Inf
Pool,UDPG pool,,0,0
Pool,UDPG.c pool,,0.804313328566229,0.22213912154807
Pool,UDPG.x pool,,1,Inf
Pool,X5P.p pool,,1e-07,0
Pool,dummy pool,,1,Inf
Pool,dummyGLY pool,,1,Inf
Pool,dummySER pool,,1,Inf
Pool,meTHF pool,,0.180746988297793,5312.66897500728
Pool,meTHF.c pool,,1e-07,0
Pool,meTHF.x pool,,1,Inf
Pool,myTHF.m pool,,1e-07,0
Pool,outSER pool,,1,Inf
Norm,Experiment2 Glyc205 #1 norm,,0.939362116235931,0.0357649839213368
Norm,Experiment2 Glyc205 #2 norm,,0.992634309257044,0.0166617602970761
Norm,Experiment2 Glyc205 #3 norm,,0.988124162200379,0.0240034689606515
Norm,Experiment2 Glyc205 #4 norm,,0.985465127608271,0.0216788869130987
Norm,Experiment2 Glyc205 #5 norm,,1.01936629384422,0.0248568498336232
Norm,Experiment2 Glyc205 #6 norm,,0.977813941228147,0.0243714578973425
Norm,Experiment2 Glyc205 #7 norm,,1.00147747143292,0.0331715642870333
Norm,Experiment2 Glyc205 #8 norm,,0.951028926146044,0.0980161141949969
Norm,Experiment2 Glyx160 #1 norm,,1.0012213057019,0.0115445050852245
Norm,Experiment2 Glyx160 #2 norm,,0.980990269976402,0.0113133478531403
Norm,Experiment2 Glyx160 #3 norm,,0.991481134110998,0.0126275141711088
Norm,Experiment2 Glyx160 #4 norm,,0.98006446545645,0.0163391933114882
Norm,Experiment2 Glyx160 #5 norm,,1.0126324345526,0.0145258507390228
Norm,Experiment2 Glyx160 #6 norm,,1.00552274933915,0.0209559499979664
Norm,Experiment2 Glyx160 #7 norm,,1.01155277658724,0.0321427851473003
Norm,Experiment2 Glyx160 #8 norm,,0.880283443636182,0.11076708551894
Norm,Experiment2 GLY276 #1 norm,,0.990447243459496,0.0104497193933846
Norm,Experiment2 GLY276 #2 norm,,0.933325686528267,0.0220395569268718
Norm,Experiment2 GLY276 #3 norm,,0.992953252575495,0.0188215926022214
Norm,Experiment2 GLY276 #4 norm,,1.00812506397744,0.0181291095192309
Norm,Experiment2 GLY276 #5 norm,,0.96590478423087,0.0362859007523518
Norm,Experiment2 GLY276 #6 norm,,0.979440600926545,0.083156185446588
Norm,Experiment2 GLY276 #7 norm,,0.982621761872581,0.121364130614382
Norm,Experiment2 GLY276 #8 norm,,0.995128883216826,0.190597731095248
Norm,Experiment2 HPA262 #1 norm,,0.972695530802539,0.0189440240768309
Norm,Experiment2 HPA262 #2 norm,,0.973034691100148,0.0242815361728764
Norm,Experiment2 HPA262 #3 norm,,1.00100651941102,0.0251088200550636
Norm,Experiment2 HPA262 #4 norm,,0.929310669705834,0.0298497552214816
Norm,Experiment2 HPA262 #5 norm,,0.955141428632709,0.0213534230068819
Norm,Experiment2 HPA262 #6 norm,,1.0425654362387,0.0300139357469337
Norm,Experiment2 HPA262 #7 norm,,1.00694995600089,0.0257531382846496
Norm,Experiment2 HPA262 #8 norm,,0.926447409010426,0.0369001245760292
Norm,Experiment2 GA307 #1 norm,,0.986019629838117,0.0108092471480363
Norm,Experiment2 GA307 #2 norm,,0.90193066989753,0.0288944920931444
Norm,Experiment2 GA307 #3 norm,,0.877509324961796,0.0219385716782707
Norm,Experiment2 GA307 #4 norm,,0.991431121987732,0.0255229237109728
Norm,Experiment2 GA307 #5 norm,,0.86477377367203,0.0635969026521261
Norm,Experiment2 GA307 #6 norm,,0.897133451633402,0.12893699820165
Norm,Experiment2 GA307 #7 norm,,0.861612537067392,0.0631038619098491
Norm,Experiment2 GA307 #8 norm,,0.960411397849359,0.168159052230258
Norm,Experiment2 SER306 #1 norm,,0.965333406377481,0.0122897905683303
Norm,Experiment2 SER306 #2 norm,,1.0052172435666,0.0349530157186748
Norm,Experiment2 SER306 #3 norm,,1.00792039648268,0.0197940089649275
Norm,Experiment2 SER306 #4 norm,,1.05892227642643,0.0264527455681867
Norm,Experiment2 SER306 #5 norm,,1.00433116979388,0.0580785167042538
Norm,Experiment2 SER306 #6 norm,,0.997667499358431,0.105731859934271
Norm,Experiment2 SER306 #7 norm,,1.16570489011622,0.12251775615963
Norm,Experiment2 SER306 #8 norm,,1.01343147247921,0.114981182431367
Norm,Experiment2 meTHF #1 norm,,1.01345395181176,0.0102103140793144
Norm,Experiment2 meTHF #2 norm,,0.992548469316362,0.0141889115799311
Norm,Experiment2 meTHF #3 norm,,0.969618654922903,0.0255705309478958
Norm,Experiment2 meTHF #4 norm,,1.04738328168832,0.028167186641842
Norm,Experiment2 meTHF #5 norm,,1.00781838521185,0.076162718931513
Norm,Experiment2 meTHF #6 norm,,1.00232151977536,0.139681761113459
Norm,Experiment2 meTHF #7 norm,,1.01830227668735,0.155895969832894
Norm,Experiment2 meTHF #8 norm,,1.00090232463048,0.0734079830112248
Norm,Experiment2 FmTHF #1 norm,,1.00174691048042,0.0101458349901762
Norm,Experiment2 FmTHF #2 norm,,0.989846341552628,0.0115050601829503
Norm,Experiment2 FmTHF #3 norm,,1.00174907728963,0.0102422979741956
Norm,Experiment2 FmTHF #4 norm,,1.02914452671734,0.0222057606317486
Norm,Experiment2 FmTHF #5 norm,,0.932307778799932,0.0386300195637093
Norm,Experiment2 FmTHF #6 norm,,1.00686521834949,0.0731334701437532
Norm,Experiment2 FmTHF #7 norm,,1.03045692625876,0.113290199568854
Norm,Experiment2 FmTHF #8 norm,,1.01152964277934,0.070647430770809
Norm,Experiment2 Met176 #1 norm,,1.00573721273512,0.0242440628702617
Norm,Experiment2 Met176 #2 norm,,0.940824845667656,0.0373284309395563
Norm,Experiment2 Met176 #3 norm,,0.895893290171976,0.0313469910178821
Norm,Experiment2 Met176 #4 norm,,0.819351839117956,0.0694523520639568
Norm,Experiment2 Met176 #5 norm,,0.965540787666896,0.06388296047644
Norm,Experiment2 Met176 #6 norm,,0.997226402510345,0.0331415983089454
Norm,Experiment2 Met176 #7 norm,,1.02701436242598,0.0687703597089456
Norm,Experiment2 Met176 #8 norm,,0.99985016695615,0.161734367061338
Norm,Experiment2 SAM #1 norm,,0.992714123675617,0.0146534698789624
Norm,Experiment2 SAM #2 norm,,1.00378857708543,0.0223944489319093
Norm,Experiment2 SAM #3 norm,,0.98393722160434,0.0350184912108481
Norm,Experiment2 SAM #4 norm,,0.955194426654343,0.0436929094974053
Norm,Experiment2 SAM #5 norm,,1.01282195142823,0.0220942253758901
Norm,Experiment2 SAM #6 norm,,0.981564027379329,0.0523870348643745
Norm,Experiment2 SAM #7 norm,,0.95718939995835,0.0767888898763427
Norm,Experiment2 SAM #8 norm,,1.00242838599955,0.0682883634193933
Norm,Experiment2 CIT465 #1 norm,,0.960566153310533,0.0120415398478443
Norm,Experiment2 CIT465 #2 norm,,1.00338433084177,0.0107291628121857
Norm,Experiment2 CIT465 #3 norm,,0.977020726900401,0.0130603557390745
Norm,Experiment2 CIT465 #4 norm,,0.991467188442641,0.0127176587211937
Norm,Experiment2 CIT465 #5 norm,,0.945692183228645,0.0152276472589358
Norm,Experiment2 CIT465 #6 norm,,0.977903761002941,0.0115812391015852
Norm,Experiment2 CIT465 #7 norm,,0.985213045386631,0.0148187529745383
Norm,Experiment2 CIT465 #8 norm,,1.01308982407515,0.0207001994875704
Norm,Experiment2 MAL335 #1 norm,,0.996282228374937,0.0118835011149123
Norm,Experiment2 MAL335 #2 norm,,0.982229138548512,0.013415113765599
Norm,Experiment2 MAL335 #3 norm,,0.99826402061634,0.0130794624060612
Norm,Experiment2 MAL335 #4 norm,,0.959405234286288,0.011535773516978
Norm,Experiment2 MAL335 #5 norm,,0.99058387746013,0.0149319912186698
Norm,Experiment2 MAL335 #6 norm,,0.996956384240312,0.0155614597064757
Norm,Experiment2 MAL335 #7 norm,,0.976451333889065,0.0200547530458712
Norm,Experiment2 MAL335 #8 norm,,1.02242529415261,0.0426731990716531
Norm,Experiment2 ASP334 #1 norm,,0.993033021520511,0.0156366006576075
Norm,Experiment2 ASP334 #2 norm,,1.01696299052206,0.0237696211157629
Norm,Experiment2 ASP334 #3 norm,,0.986054990074221,0.0327552808089457
Norm,Experiment2 ASP334 #4 norm,,0.974342637122246,0.0341055696312921
Norm,Experiment2 ASP334 #5 norm,,0.993505927665875,0.0301582680153606
Norm,Experiment2 ASP334 #6 norm,,0.982719507926368,0.0590850678162509
Norm,Experiment2 ASP334 #7 norm,,0.984614424516507,0.0536795781864185
Norm,Experiment2 ASP334 #8 norm,,0.936896389834857,0.032779331180021
Norm,Experiment2 GLU348 #1 norm,,1.00222484789556,0.01191052321924
Norm,Experiment2 GLU348 #2 norm,,0.999006572630943,0.0122932967458213
Norm,Experiment2 GLU348 #3 norm,,1.00143288847485,0.0117898982574677
Norm,Experiment2 GLU348 #4 norm,,0.962719840836729,0.0148381480175001
Norm,Experiment2 GLU348 #5 norm,,0.981214091180143,0.0303789241130692
Norm,Experiment2 GLU348 #6 norm,,0.995907342743535,0.0157049664664576
Norm,Experiment2 GLU348 #7 norm,,0.945799776642357,0.0225747564148223
Norm,Experiment2 GLU348 #8 norm,,0.97610885337031,0.0564803673652791
Norm,Experiment2 THR320 #1 norm,,0.955997492697496,0.0098253419592652
Norm,Experiment2 THR320 #2 norm,,0.994811941634485,0.0114405665226758
Norm,Experiment2 THR320 #3 norm,,0.971026500012798,0.00995763785694629
Norm,Experiment2 THR320 #4 norm,,0.97273074280619,0.0110780052262353
Norm,Experiment2 THR320 #5 norm,,0.985568078703681,0.0203676473320764
Norm,Experiment2 THR320 #6 norm,,1.03552782442937,0.0113360052531956
Norm,Experiment2 THR320 #7 norm,,1.01345647950523,0.0177159139378656
Norm,Experiment2 THR320 #8 norm,,0.996565458903107,0.0457881042079087
Norm,Experiment2 ALA116 #1 norm,,1.01197106984545,0.0102046046761035
Norm,Experiment2 ALA116 #2 norm,,0.982610911971701,0.00979916437230177
Norm,Experiment2 ALA116 #3 norm,,0.999132551738406,0.0111700059336563
Norm,Experiment2 ALA116 #4 norm,,1.00509306229857,0.0252530945252115
Norm,Experiment2 ALA116 #5 norm,,0.959070685946853,0.0680973157152671
Norm,Experiment2 ALA116 #6 norm,,0.989106927358466,0.070460508726319
Norm,Experiment2 ALA116 #7 norm,,1.00548773314161,0.0680048153785284
Norm,Experiment2 ALA116 #8 norm,,1.00843755107599,0.231770820431872
Norm,Experiment2 PYR #1 norm,,1.00241283800596,0.0127384597963402
Norm,Experiment2 PYR #2 norm,,0.932888084983588,0.0466209475197628
Norm,Experiment2 PYR #3 norm,,0.900275414532225,0.0632119926746604
Norm,Experiment2 PYR #4 norm,,1.08217423033121,0.0534202372322376
Norm,Experiment2 PYR #5 norm,,0.969071305534776,0.135168855047471
Norm,Experiment2 PYR #6 norm,,1.00608509216957,0.107183687098363
Norm,Experiment2 PYR #7 norm,,0.999983772565472,0.0641291766153674
Norm,Experiment2 PYR #8 norm,,0.954075838903501,0.105616720090876
