type,id,eqn,val,std
Net flux,CO2.t,CO2.t -> CO2,63.1506413711076,1.51447953077375
Net flux,CO2_sink,dummy -> Sink,63.1506413711076,1.51447953077375
Net flux,RUBICSO_CO2,RUBP.p + CO2 -> 3PGA.p + 3PGA.p + dummy,64.3070438531316,1.51452808559071
Net flux,GAPDH.p net,3PGA.p <-> TP.p,130.882632379287,3.02719380151881
Exch flux,GAPDH.p exch,3PGA.p <-> TP.p,1.0000000116861e-07,0
Net flux,ALD,TP.p + E4P.p -> SBP,22.189543127629,0.506194166464177
Net flux,SBP,SBP -> S7P.p,22.189543127629,0.506194166464177
Net flux,FBA.p net,TP.p + TP.p <-> FBP.p,32.1141537408948,0.778655599022418
Exch flux,FBA.p exch,TP.p + TP.p <-> FBP.p,32507.9792360715,21.9963368797472
Net flux,PFK.p net,FBP.p <-> F6P.p,32.1141537408985,0.778655599022418
Exch flux,PFK.p exch,FBP.p <-> F6P.p,29881.0622153102,89.9873228496873
Net flux,TK1 net,TP.p + EC2 <-> X5P.p,44.379086255258,1.01238833292835
Exch flux,TK1 exch,TP.p + EC2 <-> X5P.p,75.7870599803151,89.9839539535353
Net flux,TK2 net,S7P.p <-> R5P.p + EC2,22.189543127629,0.506194166464177
Exch flux,TK2 exch,S7P.p <-> R5P.p + EC2,37.8029645970296,89.9839539535353
Net flux,TK3 net,F6P.p <-> E4P.p + EC2,22.189543127628,0.506194166464177
Exch flux,TK3 exch,F6P.p <-> E4P.p + EC2,33848.364970666,89.9853777101932
Net flux,PPE net,X5P.p <-> RU5P.p,44.379086255258,1.01238833292835
Exch flux,PPE exch,X5P.p <-> RU5P.p,157.292425122684,89.9839539535353
Net flux,PPI net,R5P.p <-> RU5P.p,22.1895431276291,0.506194166464177
Exch flux,PPI exch,R5P.p <-> RU5P.p,240.817268243111,89.9853777101932
Net flux,PRK,RU5P.p -> RUBP.p,66.5686293828872,1.51858249939253
Net flux,RUBISCO_O2,RUBP.p -> 3PGA.p + 2PG.p,2.26158552975556,0.0850226490721789
Net flux,GLYdil net,GLY.p <-> GLY.x + dummyGLY,0.000218309323450683,7.02927901456499e-05
Exch flux,GLYdil exch,GLY.p <-> GLY.x + dummyGLY,0.0112426201718776,95.2227917483902
Net flux,SERdil net,SER.p <-> SER.x + dummySER,1.03972260195378,0.616255599609412
Exch flux,SERdil exch,SER.p <-> SER.x + dummySER,0.209919894063333,0.0649824925759482
Net flux,GK,GA.p -> 3PGA.p,0.0160951420794713,0.539005895706392
Net flux,PGI.p net,F6P.p <-> G6P.p,9.92461061326933,0.352321147701271
Exch flux,PGI.p exch,F6P.p <-> G6P.p,0.342137688333505,96.4301528658289
Net flux,PGM.p,G6P.p -> ADPG.p,9.92461061326933,0.352321147701271
Net flux,Starch,ADPG.p -> Starch,9.92461061326931,0.352321147701271
Net flux,FBA.c net,TP.c + TP.c <-> FBP.c,0.0428477573004926,0.013796425934833
Exch flux,FBA.c exch,TP.c + TP.c <-> FBP.c,23.8053920852814,108.380152429302
Net flux,PFK.c net,FBP.c <-> F6P.c,0.0428477573005086,0.013796425934833
Exch flux,PFK.c exch,FBP.c <-> F6P.c,8.46633946910986,114.302208947949
Net flux,PGI.c net,F6P.c <-> G6P.c,0.0214238786502676,0.00689821296741652
Exch flux,PGI.c exch,F6P.c <-> G6P.c,229.636546029405,102.116304366225
Net flux,PGM.c net,G6P.c <-> UDPG.c,0.0214238786502392,0.00689821296741652
Exch flux,PGM.c exch,G6P.c <-> UDPG.c,48481.7395486757,120.885895550848
Net flux,SPS,F6P.c + UDPG.c -> S6P,0.0214238786502143,0.00689821296741652
Net flux,PGAM.c net,3PGA.c <-> PEP.c,0.00913599881213578,0.00294167393829255
Exch flux,PGAM.c exch,3PGA.c <-> PEP.c,3.16731270775092,116.723120575889
Net flux,PK.c,PEP.c -> PYR.c,0.00414702019035262,0.00133528708422443
Net flux,PDH,PYR.c + dummy -> ACA + CO2,0.0034513868508439,0.00111130210906612
Net flux,CS,OAA + ACA -> CIT,0.0034513868508399,0.00111130210906612
Net flux,ACO net,CIT <-> ICI,0.00345138685088386,0.00111130210906612
Exch flux,ACO exch,CIT <-> ICI,1155.05907272619,120.843225857246
Net flux,IDH,ICI + dummy -> AKG + CO2,0.00345138685085633,0.00111130210906612
Net flux,MDH net,MAL <-> OAA,7.105427357601e-15,0
Exch flux,MDH exch,MAL <-> OAA,0.00206837672853766,0.00305539605485941
Net flux,PPC,PEP.c + CO2 -> OAA + dummy,0.00498897862175962,0.00160638685381011
Net flux,T_3PGA net,3PGA.p <-> 3PGA.c,0.00913599881211624,0.00294167393829255
Exch flux,T_3PGA exch,3PGA.p <-> 3PGA.c,8.02090551709476,107.522995967264
Net flux,T_DHAP net,TP.p <-> TP.c,0.0856955146010345,0.0275928518696661
Exch flux,T_DHAP exch,TP.p <-> TP.c,2.65648708347126,0.969045725962372
Net flux,ALT,PYR.c -> ALA.c,0.000695633339817481,0.000223984975062412
Net flux,ASPT,OAA -> ASP,0.00153759177067281,0.000495084744744642
Net flux,GLUDH,AKG -> GLU,0.00345138685083324,0.00111130210906612
Net flux,PCR net,GLU <-> PRO,-2.48689957516035e-14,0
Exch flux,PCR exch,GLU <-> PRO,1.0000000116861e-07,0
Net flux,GS net,GLU <-> GLN,0,0
Exch flux,GS exch,GLU <-> GLN,1.00042178985404e-07,0
Net flux,TS net,ASP <-> THR,0,0
Exch flux,TS exch,ASP <-> THR,0.000189346942498503,0.000527772689383698
Net flux,AS net,ASP <-> ASN,1.06581410364015e-14,0
Exch flux,AS exch,ASP <-> ASN,1.94900821632871e-05,102.177533824994
Net flux,G_3PGA.p,0*3PGA.p -> 3PGA,2.46866314768113e-06,143.409854864758
Net flux,G_3PGA.c,0*3PGA.c -> 3PGA,92.9119081392947,108.756544948047
Net flux,G_DHAP.p,0*TP.p -> TP,40.6853798422419,147.806479606614
Net flux,G_DHAP.c,0*TP.c -> TP,51.8471856996948,103.932770611785
Net flux,G_F6P.p,0*F6P.p -> F6P,48.6686345030749,156.708779393898
Net flux,G_F6P.c,0*F6P.c -> F6P,36.546576817712,111.217817538731
Net flux,G_FBP.p,0*FBP.p -> FBP,2.4686614779057e-06,153.556419434825
Net flux,G_FBP.c,0*FBP.c -> FBP,83.4512310494688,101.139446154211
Net flux,G_G6P.p,0*G6P.p -> G6P,19.0549768397257,150.018553268233
Net flux,G_G6P.c,0*G6P.c -> G6P,58.8549499993083,104.029129657905
Net flux,G_RU5P.p,0*RU5P.p -> P5P,2.46865388575657e-06,144.174751293235
Net flux,G_X5P.p,0*X5P.p -> P5P,92.847769149374,100.361375085044
Net flux,G_R5P.p,0*R5P.p -> R5P,82.2810779884949,107.991403243619
Net flux,G_GA.p,0*GA.p -> GA,37.0387243472713,5.18522987399172
Net flux,G_SER.p,0*SER.p -> SER,99.9988045252118,176.657922877046
Net flux,G_GLY.p,0*GLY.p -> GLY,14.5402050373852,154.077495819647
Net flux,G_RUBP.p,0*RUBP.p -> RUBP,92.5302752673063,108.78797498031
Net flux,G_S7P.p,0*S7P.p -> S7P,98.4567310636212,99.6487181910095
Net flux,G_2PG.p,0*2PG.p -> 2PG,87.0427532706349,113.159901134719
Net flux,G_ADPG.p,0*ADPG.p -> ADPG,95.0805622183481,108.186309111925
Net flux,G_PEP.c,0*PEP.c -> PEP,89.2305410445615,104.638376328993
Net flux,G_UDPG.c,0*UDPG.c -> UDPG,72.4268033045549,103.211543391299
Net flux,G_ALA.c,0*ALA.c -> ALA,98.9723342685128,109.832224857237
Net flux,(1-G)_GA,0*GA.x -> GA,62.9612756527306,5.18522987399172
Net flux,(1-G)_SER,0*SER.x -> SER,0.0011790548780084,104.627881513075
Net flux,(1-G)_GLY,0*GLY.x -> GLY,85.4596214740541,2.31639020527056
Net flux,(1-G)_R5P,0*R5P.x -> R5P,17.718922011502,107.991403243619
Net flux,(1-G)_RUBP,0*RUBP.x -> RUBP,7.46972473269241,108.78797498031
Net flux,(1-G)_3PGA,0*3PGA.x -> 3PGA,7.08808939204245,103.322832364651
Net flux,(1-G)_TP,0*TP.x -> TP,7.46743445806384,105.600279562359
Net flux,(1-G)_F6P,0*F6P.x -> F6P,14.7847886792169,101.240963130216
Net flux,(1-G)_FBP,0*FBP.x -> FBP,16.5487664818645,108.71861874223
Net flux,(1-G)_G6P,0*G6P.x -> G6P,22.0900731609643,103.603089049058
Net flux,(1-G)_RU5P,0*RU5P.x -> P5P,7.15222838197349,102.281107840587
Net flux,(1-G)_S7P,0*S7P.x -> S7P,1.5432689363768,99.6487181910095
Net flux,(1-G)_2PG,0*2PG.x -> 2PG,12.9572467293675,113.159901134719
Net flux,(1-G)_ADPG,0*ADPG.x -> ADPG,4.91943778165087,108.186309111925
Net flux,(1-G)_PEP,0*PEP.x -> PEP,10.7694589554367,104.638376328993
Net flux,(1-G)_UDPG,0*UDPG.x -> UDPG,27.5731966954463,103.211543391299
Net flux,(1-G)_ALA,0*ALA.x -> ALA,1.02766573148703,109.832224857237
Net flux,PGASink,3PGA -> Sink,100,0
Net flux,DHAPSink,TP -> Sink,100.000000000001,0
Net flux,F6PSink,F6P -> Sink,100.000000000004,0
Net flux,FBPSink,FBP -> Sink,99.9999999999948,0
Net flux,G6PSink,G6P -> Sink,99.9999999999983,0
Net flux,P5PSink,P5P -> Sink,100.000000000001,0
Net flux,R5PSink,R5P -> Sink,99.9999999999968,0
Net flux,GASink,GA -> Sink,100.000000000002,0
Net flux,SERSink,SER -> Sink,99.9999999999996,0
Net flux,GLYSink,GLY -> Sink,100.000000000001,0
Net flux,RUBPSink,RUBP -> Sink,99.9999999999987,0
Net flux,S7PSink,S7P -> Sink,99.9999999999979,0
Net flux,2PGSink,2PG -> Sink,100.000000000002,0
Net flux,ADPGSink,ADPG -> Sink,99.9999999999989,0
Net flux,PEPSink,PEP -> Sink,99.9999999999983,0
Net flux,UDPGSink,UDPG -> Sink,100.000000000001,0
Net flux,ALASink,ALA -> Sink,99.9999999999998,0
Net flux,S6Pout-LL,S6P + 0.1611*GLU + 0.07177*ASP + 0.03247*ALA.c + 0.01019*dummyGLY + 0.03484*dummySER -> Sink,0.0214238786502499,0.00689821296741652
Net flux,PGP.p,2PG.p -> Glyc.p,2.26158552975557,0.0850226490721789
Net flux,GOX,Glyc.p -> Glyx.p,2.26158552975559,0.0850226490721789
Net flux,GGT,Glyx.p -> GLY.p,2.26158552975558,0.0850226490721789
Net flux,SGAT,SER.p -> HPA.p,0.0160951420794604,0.539005895706392
Net flux,HPR.p,HPA.p -> GA.p,0.0160951420794548,0.539005895706392
Net flux,T_GLY-m net,GLY.p <-> GLY.m,2.25008693596828,145.333793747827
Exch flux,T_GLY-m exch,GLY.p <-> GLY.m,21816.2387071036,100.19072549835
Net flux,GDC.m,GLY.m + dummy -> myTHF.m + CO2,1.15448868694401,0.057445564610618
Net flux,T_SER-m net,SER.p <-> SER.m,-1.15448868694401,0.057445564610618
Exch flux,T_SER-m exch,SER.p <-> SER.m,99.8253856457048,111.680674421635
Net flux,mSHMT,GLY.m + myTHF.m -> SER.m,1.15448868694401,0.057445564610618
Net flux,T_SER-c net,SER.p <-> SER.c,0.0986709429107711,0.319831085676576
Exch flux,T_SER-c exch,SER.p <-> SER.c,0.0416989527059615,0.164537963155761
Net flux,T_Gly-c net,GLY.p <-> GLY.c,0.0112802844631812,145.333768878302
Exch flux,T_Gly-c exch,GLY.p <-> GLY.c,4.33842014979646e-06,103.489317169972
Net flux,cSHMT,SER.c -> GLY.c + meTHF.c,0.098670842910773,108.316656533844
Net flux,FmTHF-reductase net,meTHF.c <-> FmTHF.c,0.0986708429107743,108.316656533844
Exch flux,FmTHF-reductase exch,meTHF.c <-> FmTHF.c,8.64972335090962,149.703848581642
Net flux,Met-synthase,FmTHF.c + Hcy.c -> Met.c,0.0986708429107533,108.316656533844
Net flux,SAM-synthase,Met.c -> SAM.c,0.0986708429107627,108.316656533844
Net flux,Methylation,SAM.c -> SAH.c + Acceptor.c,0.0986708429107578,108.316656533844
Net flux,hydrolysis,SAH.c -> Hcy.c,0.09867084291075,108.316656533844
Net flux,G_SER.m,0*SER.m -> SER,1.63198664857589e-05,99.4936544932069
Net flux,G_SER.c,0*SER.c -> SER,1.00043251904935e-07,107.366775841419
Net flux,G_Gly.m,0*GLY.m -> GLY,9.3266180666518e-05,111.056099160786
Net flux,G_Gly.c,0*GLY.c -> GLY,8.02223812534919e-05,109.684457531432
Net flux,T_GLY-c-m,GLY.c -> GLY.m,0.0588904379191026,145.333787994151
Net flux,G_Glyc,0*Glyc.p -> Glyc,9.78055430240218,1.49535224207347
Net flux,G_Glyx,0*Glyx.p -> Glyx,51.2840970065754,19.8621977034374
Net flux,G_HPA,0*HPA.p -> HPA,7.05388827266957,2.08075366813594
Net flux,(1-G)_Glyc,0*Glyc.x -> Glyc,90.2194456975984,1.49535224207347
Net flux,(1-G)_Glyx,0*Glyx.x -> Glyx,48.7159029934255,19.8621977034374
Net flux,(1-G)_HPA,0*HPA.x -> HPA,92.9461117273303,2.08075366813594
Net flux,GlycSink,Glyc -> Sink,100.000000000001,0
Net flux,GlyxSink,Glyx -> Sink,100.000000000001,0
Net flux,HPASink,HPA -> Sink,99.9999999999998,0
Net flux,SERex,dummySER -> outSER,1.03897612533594,0.616215521643678
Net flux,G_PYR,0*PYR.c -> PYR,40.776842168012,2.86499536142237
Net flux,(1-G)_PYR,0*PYR.x -> PYR,59.2231578319883,2.86499536142237
Net flux,PYRSink,PYR -> Sink,100,0
Net flux,G_meTHF,0*meTHF.c -> meTHF,99.9999998999999,0
Net flux,G_FmTHF,0*FmTHF.c -> FmTHF,79.937406951479,5.24940217881033
Net flux,G_Met,0*Met.c -> Met,61.1939278508036,5.02461192156759
Net flux,G_SAM,0*SAM.c -> SAM,65.6753303265066,4.56178735103789
Net flux,(1-G)_meTHF,0*meTHF.x -> meTHF,1.0000000116861e-07,0
Net flux,(1-G)_FmTHF,0*FmTHF.x -> FmTHF,20.0625930485211,5.24940217881033
Net flux,(1-G)_Met,0*Met.x -> Met,38.8060721491964,5.02461192156759
Net flux,(1-G)_SAM,0*SAM.x -> SAM,34.3246696734934,4.56178735103789
Net flux,meTHFSink,meTHF -> Sink,99.9999999999999,0
Net flux,FmTHFSink,FmTHF -> Sink,100,0
Net flux,MetSink,Met -> Sink,100,0
Net flux,SAMsink,SAM -> Sink,100,0
Net flux,Met-protein,Met.c -> Protein,6.51983996113883e-15,0
Net flux,GLY-protein,GLY.c -> Protein,0.0510606894548786,108.316682182853
Net flux,SER-protein,SER.c -> Protein,1.00000000280431e-07,108.317128719244
Pool,2PG pool,,0,0
Pool,2PG.p pool,,3.79649986700398e-06,115.760042557928
Pool,2PG.x pool,,1,Inf
Pool,3PGA pool,,0,0
Pool,3PGA.c pool,,1.44134245608418e-05,109.738294260197
Pool,3PGA.p pool,,4.07826531022784e-06,105.702121815731
Pool,3PGA.x pool,,1,Inf
Pool,ACA pool,,2.6538650023963e-06,108.428398906643
Pool,ADPG pool,,0,0
Pool,ADPG.p pool,,9.9999999999999e-08,Inf
Pool,ADPG.x pool,,1,Inf
Pool,AKG pool,,2.67410074252428e-06,108.583446077421
Pool,ALA pool,,0,0
Pool,ALA.c pool,,0.00027064748475511,9.6123832007739e-05
Pool,ALA.x pool,,1,Inf
Pool,ASN pool,,7566.0682694807,105.029232503151
Pool,ASP pool,,3.73638811793161e-05,5.19043888445279e-05
Pool,Acceptor.c pool,,1,Inf
Pool,CIT pool,,0.160216389937646,0.200526620031379
Pool,CO2 pool,,0.000264565571031979,109.368344964545
Pool,CO2.t pool,,1,Inf
Pool,E4P.p pool,,0,0
Pool,EC2 pool,,0,0
Pool,F6P pool,,0,0
Pool,F6P.c pool,,3.82981977049018e-06,112.938335486149
Pool,F6P.p pool,,4.02800382802734e-06,114.884468730915
Pool,F6P.x pool,,1,Inf
Pool,FBP pool,,0,0
Pool,FBP.c pool,,3.82980235979719e-06,108.554871671676
Pool,FBP.p pool,,3.91532462189592e-06,112.129652152434
Pool,FBP.x pool,,1,Inf
Pool,FmTHF pool,,1.11647594819375,1.55703376011595
Pool,FmTHF.c pool,,2.54237422914978e-06,108.807183168834
Pool,FmTHF.x pool,,1,Inf
Pool,G6P pool,,0,0
Pool,G6P.c pool,,9.87560599461967e-06,115.209282570701
Pool,G6P.p pool,,3.87012075662145e-06,107.364143009935
Pool,G6P.x pool,,1,Inf
Pool,GA pool,,0,0
Pool,GA.p pool,,4.24352908277236e-06,110.961048218188
Pool,GA.x pool,,1,Inf
Pool,GLN pool,,8.83867754990305,105.589976391639
Pool,GLU pool,,2.67411244832959e-06,111.980138776894
Pool,GLY pool,,0,0
Pool,GLY.c pool,,0.879864700702269,108.343301310698
Pool,GLY.m pool,,0.201709933863865,0.0334899403474776
Pool,GLY.p pool,,0.000424514839858051,110.7175678324
Pool,GLY.x pool,,1,Inf
Pool,Glyc pool,,6.78584542677758,2.91816911866344
Pool,Glyc.p pool,,2.21668504216718e-05,106.467740000646
Pool,Glyc.x pool,,1,Inf
Pool,Glyx pool,,479.466348848396,88.0524471506409
Pool,Glyx.p pool,,3.39147303323283e-05,107.781764487807
Pool,Glyx.x pool,,1,Inf
Pool,HPA pool,,0.000179654426144937,110.293808327258
Pool,HPA.p pool,,3.17884806911656e-06,115.323072305666
Pool,HPA.x pool,,1,Inf
Pool,Hcy.c pool,,1,Inf
Pool,ICI pool,,0.00358547341141979,113.348497191021
Pool,MAL pool,,0.00567485728774018,0.0068535242747992
Pool,Met pool,,0.0416453111196994,111.818520412041
Pool,Met.c pool,,2.62513333163334e-06,110.811091730859
Pool,Met.x pool,,1,Inf
Pool,OAA pool,,0.00405934406743558,0.00211337704624928
Pool,P5P pool,,0,0
Pool,PEP pool,,0,0
Pool,PEP.c pool,,5.01939757085743e-06,107.730536814587
Pool,PEP.x pool,,1,Inf
Pool,PRO pool,,5.39499638373054,103.266423749349
Pool,PYR pool,,1.13540792608421,1.08483127792131
Pool,PYR.c pool,,0.000297092443442014,0.000136990381952219
Pool,PYR.x pool,,1,Inf
Pool,Protein pool,,1,Inf
Pool,R5P pool,,0,0
Pool,R5P.p pool,,4.41358014169122e-05,110.477316782501
Pool,R5P.x pool,,1,Inf
Pool,RU5P.p pool,,3.92047182462795e-06,110.839380802604
Pool,RU5P.x pool,,1,Inf
Pool,RUBP pool,,0,0
Pool,RUBP.p pool,,3.93991153275552e-06,108.761036790901
Pool,RUBP.x pool,,1,Inf
Pool,S6P pool,,1,Inf
Pool,S7P pool,,0,0
Pool,S7P.p pool,,4.1994020385095e-06,107.514322290698
Pool,S7P.x pool,,1,Inf
Pool,SAH.c pool,,1,Inf
Pool,SAM pool,,1.76037892027264,1.65402244699953
Pool,SAM.c pool,,2.72793705282641e-06,114.297780911882
Pool,SAM.x pool,,1,Inf
Pool,SBP pool,,0,0
Pool,SER pool,,0,0
Pool,SER.c pool,,1.00000000002876e-07,0
Pool,SER.m pool,,0.296357386946814,0.040924690760537
Pool,SER.p pool,,0.00853901859727793,104.864810575215
Pool,SER.x pool,,1,Inf
Pool,Sink pool,,1,Inf
Pool,Starch pool,,1,Inf
Pool,THR pool,,3889.71491804851,109.284475320744
Pool,TP pool,,0,0
Pool,TP.c pool,,4.18771266792377e-06,111.064411290684
Pool,TP.p pool,,4.25061325915714e-06,113.667831575327
Pool,TP.x pool,,1,Inf
Pool,UDPG pool,,0,0
Pool,UDPG.c pool,,1.19605351899781,0.573274323350641
Pool,UDPG.x pool,,1,Inf
Pool,X5P.p pool,,4.03627663195377e-06,107.332214091578
Pool,dummy pool,,1,Inf
Pool,dummyGLY pool,,1,Inf
Pool,dummySER pool,,1,Inf
Pool,meTHF pool,,0.0464161356622313,107.795595818594
Pool,meTHF.c pool,,2.54136276166063e-06,110.654456013039
Pool,meTHF.x pool,,1,Inf
Pool,myTHF.m pool,,0.000310024665876766,108.547268598975
Pool,outSER pool,,1,Inf
Norm,Experiment2 Glyc205 #1 norm,,1.00093366535815,0.0355777975317531
Norm,Experiment2 Glyc205 #2 norm,,0.996755107926647,0.0161899897161786
Norm,Experiment2 Glyc205 #3 norm,,0.981863622319754,0.0226790466683007
Norm,Experiment2 Glyc205 #4 norm,,0.99025582670099,0.0219921799116145
Norm,Experiment2 Glyc205 #5 norm,,1.00306051874792,0.0235500319906963
Norm,Experiment2 Glyc205 #6 norm,,0.980272886887151,0.0255567205387536
Norm,Experiment2 Glyc205 #7 norm,,1.01760106401729,0.0324810937915303
Norm,Experiment2 Glyc205 #8 norm,,0.885721708280707,0.11132120661405
Norm,Experiment2 Glyx160 #1 norm,,0.979195131847808,0.0112571671080352
Norm,Experiment2 Glyx160 #2 norm,,0.998314275542181,0.0118689459333791
Norm,Experiment2 Glyx160 #3 norm,,1.00079678499441,0.0124526316826506
Norm,Experiment2 Glyx160 #4 norm,,1.001523155837,0.0163579836821955
Norm,Experiment2 Glyx160 #5 norm,,1.01670252630222,0.0147108566558885
Norm,Experiment2 Glyx160 #6 norm,,1.00718123455783,0.0211425253733876
Norm,Experiment2 Glyx160 #7 norm,,0.993992591776026,0.0306388221473962
Norm,Experiment2 Glyx160 #8 norm,,0.858988074340585,0.101484232257175
Norm,Experiment2 GLY276 #1 norm,,0.998980629499093,0.0106205617178602
Norm,Experiment2 GLY276 #2 norm,,1.00894361879109,0.0212904015921955
Norm,Experiment2 GLY276 #3 norm,,1.0062396059494,0.0177363498181678
Norm,Experiment2 GLY276 #4 norm,,1.00320682667276,0.0179788650761555
Norm,Experiment2 GLY276 #5 norm,,0.97788573084378,0.0362916207809969
Norm,Experiment2 GLY276 #6 norm,,0.895436075401955,0.066942492940788
Norm,Experiment2 GLY276 #7 norm,,0.873680383694597,0.125177813432892
Norm,Experiment2 GLY276 #8 norm,,0.626600419305566,0.219997326546774
Norm,Experiment2 HPA262 #1 norm,,1.00668427791613,0.0197851550698687
Norm,Experiment2 HPA262 #2 norm,,0.934921175622688,0.0233682901620848
Norm,Experiment2 HPA262 #3 norm,,0.964192847120538,0.0238389028375831
Norm,Experiment2 HPA262 #4 norm,,0.971509638575402,0.0295399953963784
Norm,Experiment2 HPA262 #5 norm,,0.93630057013353,0.0229041556259396
Norm,Experiment2 HPA262 #6 norm,,1.00975858135381,0.0285945658800625
Norm,Experiment2 HPA262 #7 norm,,0.998600369473599,0.0239191390286471
Norm,Experiment2 HPA262 #8 norm,,1.02222306493501,0.0397752009812626
Norm,Experiment2 GA307 #1 norm,,0.994768341232983,0.0108337636229417
Norm,Experiment2 GA307 #2 norm,,0.898890554818867,0.0306612624447846
Norm,Experiment2 GA307 #3 norm,,0.890794768955795,0.0231088942652344
Norm,Experiment2 GA307 #4 norm,,0.943177139989282,0.026888254096147
Norm,Experiment2 GA307 #5 norm,,0.834251694552158,0.0743182427551171
Norm,Experiment2 GA307 #6 norm,,0.850998331707083,0.120538157442631
Norm,Experiment2 GA307 #7 norm,,0.923236796321878,0.0732777462491883
Norm,Experiment2 GA307 #8 norm,,0.981135282099995,0.138744662005037
Norm,Experiment2 SER306 #1 norm,,0.992446929701293,0.0126316192694264
Norm,Experiment2 SER306 #2 norm,,0.991624939779223,0.036452620788985
Norm,Experiment2 SER306 #3 norm,,0.952637037042828,0.0191999550398624
Norm,Experiment2 SER306 #4 norm,,1.01280023282442,0.0256485077516719
Norm,Experiment2 SER306 #5 norm,,0.991831985568705,0.053999786016843
Norm,Experiment2 SER306 #6 norm,,0.98130435681109,0.0991336866658813
Norm,Experiment2 SER306 #7 norm,,1.21528552591081,0.149032159529581
Norm,Experiment2 SER306 #8 norm,,0.989022641324412,0.121204589248604
Norm,Experiment2 meTHF #1 norm,,1.00163078576631,0.00987724821122407
Norm,Experiment2 meTHF #2 norm,,0.957834414190615,0.0133018864176737
Norm,Experiment2 meTHF #3 norm,,0.937034708249809,0.0270279888665827
Norm,Experiment2 meTHF #4 norm,,1.02160969465588,0.0269388674735318
Norm,Experiment2 meTHF #5 norm,,0.983394299493782,0.0881720291153649
Norm,Experiment2 meTHF #6 norm,,1.00432012341991,0.125091230469921
Norm,Experiment2 meTHF #7 norm,,1.02402714841833,0.203862796943445
Norm,Experiment2 meTHF #8 norm,,1.06410754696686,0.0833141895172016
Norm,Experiment2 FmTHF #1 norm,,1.00110943610456,0.0100550282697804
Norm,Experiment2 FmTHF #2 norm,,0.979743065245432,0.0115003275026052
Norm,Experiment2 FmTHF #3 norm,,1.01667924572468,0.0101818603230773
Norm,Experiment2 FmTHF #4 norm,,0.999210036854039,0.0239378246450157
Norm,Experiment2 FmTHF #5 norm,,0.952015601698634,0.042628107856352
Norm,Experiment2 FmTHF #6 norm,,1.02301732437871,0.0765390717140972
Norm,Experiment2 FmTHF #7 norm,,1.00236881212095,0.112478103772242
Norm,Experiment2 FmTHF #8 norm,,1.00776943138184,0.0731312509881931
Norm,Experiment2 Met176 #1 norm,,0.973214064985129,0.0228587900180917
Norm,Experiment2 Met176 #2 norm,,0.974816615642757,0.0366318779848727
Norm,Experiment2 Met176 #3 norm,,0.892722530540777,0.0321460936024902
Norm,Experiment2 Met176 #4 norm,,0.734667168951068,0.0705388805417224
Norm,Experiment2 Met176 #5 norm,,0.831826102844915,0.062381219150643
Norm,Experiment2 Met176 #6 norm,,0.999150900101303,0.0340309156047334
Norm,Experiment2 Met176 #7 norm,,1.01437903107787,0.061848888615706
Norm,Experiment2 Met176 #8 norm,,0.994311923101114,0.177521794032504
Norm,Experiment2 SAM #1 norm,,1.03292732819351,0.0151960960488062
Norm,Experiment2 SAM #2 norm,,0.961548607746188,0.0221542466033069
Norm,Experiment2 SAM #3 norm,,0.978530857043985,0.0342066932009088
Norm,Experiment2 SAM #4 norm,,1.01973677468001,0.0463346953140646
Norm,Experiment2 SAM #5 norm,,0.999287237625406,0.0248085244001905
Norm,Experiment2 SAM #6 norm,,1.01213481309432,0.0582362134048183
Norm,Experiment2 SAM #7 norm,,0.988541822829401,0.0798506793472769
Norm,Experiment2 SAM #8 norm,,1.00013500041943,0.0657384952310686
Norm,Experiment2 CIT465 #1 norm,,1.03936988114359,0.012976609990918
Norm,Experiment2 CIT465 #2 norm,,0.962846216562708,0.0101286451248153
Norm,Experiment2 CIT465 #3 norm,,0.994365983700432,0.0128576689566992
Norm,Experiment2 CIT465 #4 norm,,0.987525958310301,0.0125586349788615
Norm,Experiment2 CIT465 #5 norm,,0.981774337893195,0.0156232938013217
Norm,Experiment2 CIT465 #6 norm,,1.01736874971221,0.0118652071634461
Norm,Experiment2 CIT465 #7 norm,,0.997694471147159,0.0138490179335525
Norm,Experiment2 CIT465 #8 norm,,1.01578470891717,0.0276207006253009
Norm,Experiment2 MAL335 #1 norm,,1.02320124447261,0.0123799018753158
Norm,Experiment2 MAL335 #2 norm,,1.00580021605957,0.0139793590478927
Norm,Experiment2 MAL335 #3 norm,,0.996131629833189,0.0128556520845355
Norm,Experiment2 MAL335 #4 norm,,0.930581536380565,0.0108230128982216
Norm,Experiment2 MAL335 #5 norm,,0.924312317325275,0.0140424256973426
Norm,Experiment2 MAL335 #6 norm,,1.00193805849336,0.0154262597177654
Norm,Experiment2 MAL335 #7 norm,,0.984732314700913,0.0196918309686176
Norm,Experiment2 MAL335 #8 norm,,0.967230121091051,0.0376103322969397
Norm,Experiment2 ASP334 #1 norm,,0.941202290797859,0.0148532077885058
Norm,Experiment2 ASP334 #2 norm,,0.974595743508507,0.0230105527174622
Norm,Experiment2 ASP334 #3 norm,,0.959094687869226,0.0195861522981243
Norm,Experiment2 ASP334 #4 norm,,0.961452815507191,0.0238318883933866
Norm,Experiment2 ASP334 #5 norm,,0.958515171143469,0.0249118010407303
Norm,Experiment2 ASP334 #6 norm,,0.914200714767244,0.0556404182331672
Norm,Experiment2 ASP334 #7 norm,,0.967473992936255,0.0622683982962726
Norm,Experiment2 ASP334 #8 norm,,0.947744663567119,0.0337892781952007
Norm,Experiment2 GLU348 #1 norm,,1.01108353404358,0.0120170324318731
Norm,Experiment2 GLU348 #2 norm,,1.01553531163522,0.012204642470455
Norm,Experiment2 GLU348 #3 norm,,0.977874676755006,0.011795861436118
Norm,Experiment2 GLU348 #4 norm,,1.02909503416828,0.0154850252065028
Norm,Experiment2 GLU348 #5 norm,,0.929123441454286,0.0290772028716561
Norm,Experiment2 GLU348 #6 norm,,0.976080302913512,0.0152512044485667
Norm,Experiment2 GLU348 #7 norm,,0.914435718009882,0.0204483781321194
Norm,Experiment2 GLU348 #8 norm,,0.913806978659352,0.055464129866328
Norm,Experiment2 THR320 #1 norm,,0.982186568892155,0.00983795968497788
Norm,Experiment2 THR320 #2 norm,,0.997469244940161,0.0117959634033578
Norm,Experiment2 THR320 #3 norm,,0.995828135065796,0.0101904370918251
Norm,Experiment2 THR320 #4 norm,,0.981551225776972,0.0110262655690249
Norm,Experiment2 THR320 #5 norm,,0.96367708721358,0.0200028935025966
Norm,Experiment2 THR320 #6 norm,,1.03571344357345,0.0112693956008135
Norm,Experiment2 THR320 #7 norm,,0.977376484151809,0.0139465436271995
Norm,Experiment2 THR320 #8 norm,,0.901943917678092,0.0353469563683249
Norm,Experiment2 ALA116 #1 norm,,0.98644982160234,0.00996089976962856
Norm,Experiment2 ALA116 #2 norm,,1.01052587878567,0.0104450848090897
Norm,Experiment2 ALA116 #3 norm,,1.01249075404474,0.0106798350226519
Norm,Experiment2 ALA116 #4 norm,,0.990580592465686,0.0247169036575187
Norm,Experiment2 ALA116 #5 norm,,1.0102221056739,0.0746583690442364
Norm,Experiment2 ALA116 #6 norm,,0.989930466866861,0.0834526891053304
Norm,Experiment2 ALA116 #7 norm,,1.006028441753,0.0796885216008349
Norm,Experiment2 ALA116 #8 norm,,0.743990154858885,0.127331252574643
Norm,Experiment2 PYR #1 norm,,0.979254952359502,0.0121285352652827
Norm,Experiment2 PYR #2 norm,,0.92214002133815,0.0506262592249087
Norm,Experiment2 PYR #3 norm,,0.918414919881673,0.0580700106420144
Norm,Experiment2 PYR #4 norm,,1.00316075554143,0.0522313110213663
Norm,Experiment2 PYR #5 norm,,1.01405927014282,0.131521569858473
Norm,Experiment2 PYR #6 norm,,0.989594512488304,0.129248796978067
Norm,Experiment2 PYR #7 norm,,1.01052368504084,0.07230196698246
Norm,Experiment2 PYR #8 norm,,0.939802591031309,0.122031202110481
