type,id,eqn,val,std
Net flux,CO2.t,CO2.t -> CO2,67.3988569757289,1.52351756284955
Net flux,CO2_sink,dummy -> Sink,67.3988569757289,1.52351756284955
Net flux,RUBICSO_CO2,RUBP.p + CO2 -> 3PGA.p + 3PGA.p + dummy,68.9945415953323,1.52934805439063
Net flux,GAPDH.p net,3PGA.p <-> TP.p,139.617272860947,3.08739777147648
Exch flux,GAPDH.p exch,3PGA.p <-> TP.p,12963.7274771526,2523.60913037438
Net flux,ALD,TP.p + E4P.p -> SBP,23.6843714483553,0.511111859649547
Net flux,SBP,SBP -> S7P.p,23.6843714483553,0.511111859649547
Net flux,FBA.p net,TP.p + TP.p <-> FBP.p,32.0720124895743,0.80262415467236
Exch flux,FBA.p exch,TP.p + TP.p <-> FBP.p,21396.5985875548,2740.55901114364
Net flux,PFK.p net,FBP.p <-> F6P.p,32.0720124895774,0.80262415467236
Exch flux,PFK.p exch,FBP.p <-> F6P.p,1.00002509384467e-07,1.08969088301167e-12
Net flux,TK1 net,TP.p + EC2 <-> X5P.p,47.3687428967105,1.02222371929909
Exch flux,TK1 exch,TP.p + EC2 <-> X5P.p,1.0000000116861e-07,0
Net flux,TK2 net,S7P.p <-> R5P.p + EC2,23.6843714483553,0.511111859649547
Exch flux,TK2 exch,S7P.p <-> R5P.p + EC2,37.8510121661208,5103.97923390021
Net flux,TK3 net,F6P.p <-> E4P.p + EC2,23.6843714483548,0.511111859649547
Exch flux,TK3 exch,F6P.p <-> E4P.p + EC2,7771.64067898568,5122.70759634786
Net flux,PPE net,X5P.p <-> RU5P.p,47.3687428967105,1.02222371929909
Exch flux,PPE exch,X5P.p <-> RU5P.p,88.9402349530021,3825.51116861759
Net flux,PPI net,R5P.p <-> RU5P.p,23.6843714483553,0.511111859649547
Exch flux,PPI exch,R5P.p <-> RU5P.p,237.451971512056,4197.91658000724
Net flux,PRK,RU5P.p -> RUBP.p,71.0531143450659,1.5333355789325
Net flux,RUBISCO_O2,RUBP.p -> 3PGA.p + 2PG.p,2.0585727497336,0.0848012152057517
Net flux,GLYdil net,GLY.p <-> GLY.x + dummyGLY,0.0112602901848149,0.00165492974632463
Exch flux,GLYdil exch,GLY.p <-> GLY.x + dummyGLY,1.0000000116861e-07,0
Net flux,SERdil net,SER.p <-> SER.x + dummySER,0.160530633573906,0.308116707843443
Exch flux,SERdil exch,SER.p <-> SER.x + dummySER,9.99987221916854e-08,6.22687018440927e-13
Net flux,GK,GA.p -> 3PGA.p,0.040847356900318,0.454785013920955
Net flux,PGI.p net,F6P.p <-> G6P.p,8.38764104122195,0.433879087312194
Exch flux,PGI.p exch,F6P.p <-> G6P.p,1.8357044304922,4482.83746946542
Net flux,PGM.p,G6P.p -> ADPG.p,8.38764104122195,0.433879087312194
Net flux,Starch,ADPG.p -> Starch,8.38764104122193,0.433879087312194
Net flux,FBA.c net,TP.c + TP.c <-> FBP.c,2.21006676836261,0.324814474812832
Exch flux,FBA.c exch,TP.c + TP.c <-> FBP.c,20.9106497063673,1162.47005436153
Net flux,PFK.c net,FBP.c <-> F6P.c,2.21006676836262,0.324814474812832
Exch flux,PFK.c exch,FBP.c <-> F6P.c,5.71134791813275,7.87413353138536
Net flux,PGI.c net,F6P.c <-> G6P.c,1.10503338418135,0.162407237406416
Exch flux,PGI.c exch,F6P.c <-> G6P.c,223.154363761421,5288.39640754188
Net flux,PGM.c net,G6P.c <-> UDPG.c,1.10503338417766,0.162407237406416
Exch flux,PGM.c exch,G6P.c <-> UDPG.c,48480.5329155185,4834.93113169779
Net flux,SPS,F6P.c + UDPG.c -> S6P,1.10503338418127,0.162407237406416
Net flux,PGAM.c net,3PGA.c <-> PEP.c,0.471230436351372,0.0692569423060357
Exch flux,PGAM.c exch,3PGA.c <-> PEP.c,1.18665272397077,4542.82007387224
Net flux,PK.c,PEP.c -> PYR.c,0.213901312175871,0.031437168906149
Net flux,PDH,PYR.c + dummy -> ACA + CO2,0.178020878191734,0.0261638059079442
Net flux,CS,OAA + ACA -> CIT,0.17802087819173,0.0261638059079442
Net flux,ACO net,CIT <-> ICI,0.178020878191774,0.0261638059079442
Exch flux,ACO exch,CIT <-> ICI,1172.7182230449,4377.50581068405
Net flux,IDH,ICI + dummy -> AKG + CO2,0.178020878191746,0.0261638059079442
Net flux,MDH net,MAL <-> OAA,7.105427357601e-15,0
Exch flux,MDH exch,MAL <-> OAA,0.144386955352246,0.0554089481710914
Net flux,PPC,PEP.c + CO2 -> OAA + dummy,0.257329124174567,0.0378197733262765
Net flux,T_3PGA net,3PGA.p <-> 3PGA.c,0.471230436351348,0.0692569423060357
Exch flux,T_3PGA exch,3PGA.p <-> 3PGA.c,1.0000000116861e-07,0
Net flux,T_DHAP net,TP.p <-> TP.c,4.42013353672527,0.649628949625664
Exch flux,T_DHAP exch,TP.p <-> TP.c,2.43863097998521,1.30700845206713
Net flux,ALT,PYR.c -> ALA.c,0.0358804339843896,0.00527336299378679
Net flux,ASPT,OAA -> ASP,0.0793082459827041,0.0116559674183417
Net flux,GLUDH,AKG -> GLU,0.178020878191723,0.0261638059079442
Net flux,PCR net,GLU <-> PRO,-2.48689957516035e-14,0
Exch flux,PCR exch,GLU <-> PRO,1.0000000116861e-07,0
Net flux,GS net,GLU <-> GLN,0,0
Exch flux,GS exch,GLU <-> GLN,1.000417881869e-07,0
Net flux,TS net,ASP <-> THR,0,0
Exch flux,TS exch,ASP <-> THR,1.0000000116861e-07,0
Net flux,AS net,ASP <-> ASN,1.06581410364015e-14,0
Exch flux,AS exch,ASP <-> ASN,1.0000000116861e-07,0
Net flux,G_3PGA.p,0*3PGA.p -> 3PGA,2.46866317610284e-06,6862.74505958947
Net flux,G_3PGA.c,0*3PGA.c -> 3PGA,92.9119081398741,4887.22673603344
Net flux,G_DHAP.p,0*TP.p -> TP,40.6853798422419,7249.16080674658
Net flux,G_DHAP.c,0*TP.c -> TP,51.8471856996948,5099.21502057678
Net flux,G_F6P.p,0*F6P.p -> F6P,48.6686345030749,6316.62784848699
Net flux,G_F6P.c,0*F6P.c -> F6P,36.546576817712,4784.5833934223
Net flux,G_FBP.p,0*FBP.p -> FBP,2.46866149211655e-06,7038.51037919957
Net flux,G_FBP.c,0*FBP.c -> FBP,83.4512310475724,5025.24171449556
Net flux,G_G6P.p,0*G6P.p -> G6P,19.0549768397257,7063.06858724325
Net flux,G_G6P.c,0*G6P.c -> G6P,58.8549499993083,4850.66267364341
Net flux,G_RU5P.p,0*RU5P.p -> P5P,2.46865390707285e-06,6620.08161947405
Net flux,G_X5P.p,0*X5P.p -> P5P,92.8477691487831,4643.98239157183
Net flux,G_R5P.p,0*R5P.p -> R5P,82.2810779884949,4817.64237820896
Net flux,G_GA.p,0*GA.p -> GA,28.6541578928821,4.40021928734521
Net flux,G_SER.p,0*SER.p -> SER,80.6112172581234,5129.54741031988
Net flux,G_GLY.p,0*GLY.p -> GLY,1.0000000116861e-07,1.82370784519824e-12
Net flux,G_RUBP.p,0*RUBP.p -> RUBP,92.5302752673063,4849.60896061866
Net flux,G_S7P.p,0*S7P.p -> S7P,98.4567310636212,5007.96477374525
Net flux,G_2PG.p,0*2PG.p -> 2PG,87.0427532706349,4965.37187189071
Net flux,G_ADPG.p,0*ADPG.p -> ADPG,95.0805622183481,4740.88056369869
Net flux,G_PEP.c,0*PEP.c -> PEP,89.2305410445615,5084.10112623277
Net flux,G_UDPG.c,0*UDPG.c -> UDPG,72.4268033045549,5003.08957693039
Net flux,G_ALA.c,0*ALA.c -> ALA,67.3412181434816,6.06464543482207
Net flux,(1-G)_GA,0*GA.x -> GA,71.3458421071199,4.40021928734521
Net flux,(1-G)_SER,0*SER.x -> SER,19.3887825397472,6.09608203808014
Net flux,(1-G)_GLY,0*GLY.x -> GLY,28.8357577710208,7.25633367156944
Net flux,(1-G)_R5P,0*R5P.x -> R5P,17.718922011502,4817.64237820896
Net flux,(1-G)_RUBP,0*RUBP.x -> RUBP,7.46972473269241,4849.60896061866
Net flux,(1-G)_3PGA,0*3PGA.x -> 3PGA,7.088089391463,5221.69358254371
Net flux,(1-G)_TP,0*TP.x -> TP,7.46743445806384,4931.43010036612
Net flux,(1-G)_F6P,0*F6P.x -> F6P,14.7847886792169,4867.30522462122
Net flux,(1-G)_FBP,0*FBP.x -> FBP,16.5487664837609,4846.23246178142
Net flux,(1-G)_G6P,0*G6P.x -> G6P,22.0900731609643,5171.69965670985
Net flux,(1-G)_RU5P,0*RU5P.x -> P5P,7.1522283825644,4921.3920878732
Net flux,(1-G)_S7P,0*S7P.x -> S7P,1.5432689363768,5007.96477374525
Net flux,(1-G)_2PG,0*2PG.x -> 2PG,12.9572467293675,4965.37187189071
Net flux,(1-G)_ADPG,0*ADPG.x -> ADPG,4.91943778165087,4740.88056369869
Net flux,(1-G)_PEP,0*PEP.x -> PEP,10.7694589554367,5084.10112623277
Net flux,(1-G)_UDPG,0*UDPG.x -> UDPG,27.5731966954463,5003.08957693039
Net flux,(1-G)_ALA,0*ALA.x -> ALA,32.6587818565182,6.06464543482207
Net flux,PGASink,3PGA -> Sink,100,0
Net flux,DHAPSink,TP -> Sink,100.000000000001,0
Net flux,F6PSink,F6P -> Sink,100.000000000004,0
Net flux,FBPSink,FBP -> Sink,99.9999999999948,0
Net flux,G6PSink,G6P -> Sink,99.9999999999983,0
Net flux,P5PSink,P5P -> Sink,100.000000000001,0
Net flux,R5PSink,R5P -> Sink,99.9999999999968,0
Net flux,GASink,GA -> Sink,100.000000000002,0
Net flux,SERSink,SER -> Sink,99.9999999999996,0
Net flux,GLYSink,GLY -> Sink,100.000000000001,0
Net flux,RUBPSink,RUBP -> Sink,99.9999999999987,0
Net flux,S7PSink,S7P -> Sink,99.9999999999979,0
Net flux,2PGSink,2PG -> Sink,100.000000000002,0
Net flux,ADPGSink,ADPG -> Sink,99.9999999999989,0
Net flux,PEPSink,PEP -> Sink,99.9999999999983,0
Net flux,UDPGSink,UDPG -> Sink,100.000000000001,0
Net flux,ALASink,ALA -> Sink,99.9999999999998,0
Net flux,S6Pout-LL,S6P + 0.1611*GLU + 0.07177*ASP + 0.03247*ALA.c + 0.01019*dummyGLY + 0.03484*dummySER -> Sink,1.10503338418131,0.162407237406416
Net flux,PGP.p,2PG.p -> Glyc.p,2.05857274973362,0.0848012152057517
Net flux,GOX,Glyc.p -> Glyx.p,2.05857274973364,0.0848012152057517
Net flux,GGT,Glyx.p -> GLY.p,2.05857274973362,0.0848012152057517
Net flux,SGAT,SER.p -> HPA.p,0.0408473569003072,0.454785013920955
Net flux,HPR.p,HPA.p -> GA.p,0.0408473569003016,0.454785013920955
Net flux,T_GLY-m net,GLY.p <-> GLY.m,2.0473772642581,5273.8178644944
Exch flux,T_GLY-m exch,GLY.p <-> GLY.m,45136.0449628874,4943.56095580943
Net flux,GDC.m,GLY.m + dummy -> myTHF.m + CO2,1.49697198739459,0.137119761560393
Net flux,T_SER-m net,SER.p <-> SER.m,-1.49697198739455,0.137119761560393
Exch flux,T_SER-m exch,SER.p <-> SER.m,802.688277682036,4940.63118062979
Net flux,mSHMT,GLY.m + myTHF.m -> SER.m,1.49697198739459,0.137119761560393
Net flux,T_SER-c net,SER.p <-> SER.c,1.29559399692037,0.528597235803979
Exch flux,T_SER-c exch,SER.p <-> SER.c,1.00000000280431e-07,0.0910005860208384
Net flux,T_Gly-c net,GLY.p <-> GLY.c,-6.48047029452314e-05,5273.81786381755
Exch flux,T_Gly-c exch,GLY.p <-> GLY.c,9.99999998363421e-08,0
Net flux,cSHMT,SER.c -> GLY.c + meTHF.c,0.951909217435905,4811.00372657609
Net flux,FmTHF-reductase net,meTHF.c <-> FmTHF.c,0.951909217435906,4811.00372657609
Exch flux,FmTHF-reductase exch,meTHF.c <-> FmTHF.c,7.69273739127181,6727.66011685112
Net flux,Met-synthase,FmTHF.c + Hcy.c -> Met.c,0.951909217435885,4811.00372657609
Net flux,SAM-synthase,Met.c -> SAM.c,0.951909217435895,4811.00372657609
Net flux,Methylation,SAM.c -> SAH.c + Acceptor.c,0.95190921743589,4811.00372657609
Net flux,hydrolysis,SAH.c -> Hcy.c,0.951909217435882,4811.00372657609
Net flux,G_SER.m,0*SER.m -> SER,1.0000000116861e-07,0
Net flux,G_SER.c,0*SER.c -> SER,1.02128911549926e-07,5129.54378788199
Net flux,G_Gly.m,0*GLY.m -> GLY,1.0000000116861e-07,2.9619886717816e-13
Net flux,G_Gly.c,0*GLY.c -> GLY,71.1642420289804,7.25633367156944
Net flux,T_GLY-c-m,GLY.c -> GLY.m,0.946566710537439,5273.81786984756
Net flux,G_Glyc,0*Glyc.p -> Glyc,10.1011804806104,2.9530007345569
Net flux,G_Glyx,0*Glyx.p -> Glyx,1.30013559899717,0.594423518978443
Net flux,G_HPA,0*HPA.p -> HPA,9.79968343850008,2.26193272103305
Net flux,(1-G)_Glyc,0*Glyc.x -> Glyc,89.8988195193902,2.9530007345569
Net flux,(1-G)_Glyx,0*Glyx.x -> Glyx,98.6998644010037,0.594423518978443
Net flux,(1-G)_HPA,0*HPA.x -> HPA,90.2003165614998,2.26193272103305
Net flux,GlycSink,Glyc -> Sink,100.000000000001,0
Net flux,GlyxSink,Glyx -> Sink,100.000000000001,0
Net flux,HPASink,HPA -> Sink,99.9999999999998,0
Net flux,SERex,dummySER -> outSER,0.122027727732152,0.308353502173086
Net flux,G_PYR,0*PYR.c -> PYR,39.5570752867305,2.69468819511359
Net flux,(1-G)_PYR,0*PYR.x -> PYR,60.4429247132697,2.69468819511359
Net flux,PYRSink,PYR -> Sink,100,0
Net flux,G_meTHF,0*meTHF.c -> meTHF,99.9964935755795,4910.92575859672
Net flux,G_FmTHF,0*FmTHF.c -> FmTHF,76.4776951273956,5.65526128847232
Net flux,G_Met,0*Met.c -> Met,61.1366791860606,5.16081387230799
Net flux,G_SAM,0*SAM.c -> SAM,63.4381583931661,4.4541812195696
Net flux,(1-G)_meTHF,0*meTHF.x -> meTHF,0.00350642442044347,4910.92575859672
Net flux,(1-G)_FmTHF,0*FmTHF.x -> FmTHF,23.5223048726044,5.65526128847232
Net flux,(1-G)_Met,0*Met.x -> Met,38.8633208139395,5.16081387230799
Net flux,(1-G)_SAM,0*SAM.x -> SAM,36.5618416068339,4.4541812195696
Net flux,meTHFSink,meTHF -> Sink,99.9999999999999,0
Net flux,FmTHFSink,FmTHF -> Sink,100,0
Net flux,MetSink,Met -> Sink,100,0
Net flux,SAMsink,SAM -> Sink,100,0
Net flux,Met-protein,Met.c -> Protein,6.51983996113883e-15,0
Net flux,GLY-protein,GLY.c -> Protein,0.00527770219554746,4811.00373315833
Net flux,SER-protein,SER.c -> Protein,0.343684779484467,4811.00375561969
Pool,2PG pool,,0,0
Pool,2PG.p pool,,1.95933151010768e-06,4798.57205838827
Pool,2PG.x pool,,1,Inf
Pool,3PGA pool,,0,0
Pool,3PGA.c pool,,0.0078776269046131,0.00442946263285173
Pool,3PGA.p pool,,3.93441465417282e-06,4980.37654260513
Pool,3PGA.x pool,,1,Inf
Pool,ACA pool,,2.23630377543836e-06,4949.85008403087
Pool,ADPG pool,,0,0
Pool,ADPG.p pool,,9.9999999999999e-08,Inf
Pool,ADPG.x pool,,1,Inf
Pool,AKG pool,,2.41163274566519e-06,4901.80470476626
Pool,ALA pool,,0,0
Pool,ALA.c pool,,0.00845296217049596,0.00234390476613112
Pool,ALA.x pool,,1,Inf
Pool,ASN pool,,7566.06819374039,4944.37579803325
Pool,ASP pool,,0.000103901334153214,5098.96238901435
Pool,Acceptor.c pool,,1,Inf
Pool,CIT pool,,4.13881798609318,1.61191687149863
Pool,CO2 pool,,0.000886697114166843,5053.86455602477
Pool,CO2.t pool,,1,Inf
Pool,E4P.p pool,,0,0
Pool,EC2 pool,,0,0
Pool,F6P pool,,0,0
Pool,F6P.c pool,,3.82984075198697e-06,5306.58363048431
Pool,F6P.p pool,,3.72479608385991e-06,5018.17303005778
Pool,F6P.x pool,,1,Inf
Pool,FBP pool,,0,0
Pool,FBP.c pool,,3.82089115924405e-06,5008.38734417059
Pool,FBP.p pool,,3.60084401569867e-06,5089.330463291
Pool,FBP.x pool,,1,Inf
Pool,FmTHF pool,,2.05825119371344,1.86788214145496
Pool,FmTHF.c pool,,7.86879559703797e-07,5055.42870600508
Pool,FmTHF.x pool,,1,Inf
Pool,G6P pool,,0,0
Pool,G6P.c pool,,9.87579260748249e-06,4791.55760103609
Pool,G6P.p pool,,3.8169760303093e-06,4780.64293784125
Pool,G6P.x pool,,1,Inf
Pool,GA pool,,0,0
Pool,GA.p pool,,1.42368485027728e-06,4920.78542582758
Pool,GA.x pool,,1,Inf
Pool,GLN pool,,8.83867754986502,5272.07379561719
Pool,GLU pool,,2.41161903525418e-06,5064.20652081811
Pool,GLY pool,,0,0
Pool,GLY.c pool,,1.00006097325805e-07,5183.85275961577
Pool,GLY.m pool,,0.101016611666629,0.0338954350954282
Pool,GLY.p pool,,0.000423391133093672,5268.20421721413
Pool,GLY.x pool,,1,Inf
Pool,Glyc pool,,16.0652498612832,10.1069998486487
Pool,Glyc.p pool,,1.99540096887648e-06,5317.52824211878
Pool,Glyc.x pool,,1,Inf
Pool,Glyx pool,,1.00000087198279e-07,5192.41417219236
Pool,Glyx.p pool,,1.90135347339088e-06,5056.58378210196
Pool,Glyx.x pool,,1,Inf
Pool,HPA pool,,0.000165476591993593,5037.53930335225
Pool,HPA.p pool,,1.0953126678121e-06,4905.70697250439
Pool,HPA.x pool,,1,Inf
Pool,Hcy.c pool,,1,Inf
Pool,ICI pool,,0.00371373572351885,5025.47152570482
Pool,MAL pool,,0.282719067142274,0.11875628062672
Pool,Met pool,,0.00036764145416887,5153.9761087903
Pool,Met.c pool,,1.06794429069579e-06,5061.7791776898
Pool,Met.x pool,,1,Inf
Pool,OAA pool,,0.247354723034773,0.0472942285842213
Pool,P5P pool,,0,0
Pool,PEP pool,,0,0
Pool,PEP.c pool,,2.75929938190477e-05,5431.99403409094
Pool,PEP.x pool,,1,Inf
Pool,PRO pool,,5.39499638369255,5086.23720675496
Pool,PYR pool,,9.99999998363421e-08,0
Pool,PYR.c pool,,0.00884240147912734,0.00351296050514994
Pool,PYR.x pool,,1,Inf
Pool,Protein pool,,1,Inf
Pool,R5P pool,,0,0
Pool,R5P.p pool,,1.83561260461491e-05,5164.87806557819
Pool,R5P.x pool,,1,Inf
Pool,RU5P.p pool,,3.61989897999619e-06,4675.82677377127
Pool,RU5P.x pool,,1,Inf
Pool,RUBP pool,,0,0
Pool,RUBP.p pool,,3.62298284544344e-06,5019.78673372044
Pool,RUBP.x pool,,1,Inf
Pool,S6P pool,,1,Inf
Pool,S7P pool,,0,0
Pool,S7P.p pool,,3.67711645527474e-06,4975.03739812361
Pool,S7P.x pool,,1,Inf
Pool,SAH.c pool,,1,Inf
Pool,SAM pool,,0.0088659574893645,4965.12642087586
Pool,SAM.c pool,,2.3462928175348e-06,5076.35736905483
Pool,SAM.x pool,,1,Inf
Pool,SBP pool,,0,0
Pool,SER pool,,0,0
Pool,SER.c pool,,1.00000000030631e-07,0
Pool,SER.m pool,,0.487042643838125,0.0618415217336848
Pool,SER.p pool,,0.000673864864794939,5197.16024500292
Pool,SER.x pool,,1,Inf
Pool,Sink pool,,1,Inf
Pool,Starch pool,,1,Inf
Pool,THR pool,,3889.77747304036,4972.27143293558
Pool,TP pool,,0,0
Pool,TP.c pool,,4.17841913917054e-06,4890.64580057884
Pool,TP.p pool,,4.06092943054095e-06,4701.33262378956
Pool,TP.x pool,,1,Inf
Pool,UDPG pool,,0,0
Pool,UDPG.c pool,,9.73987971940442,131.843440418223
Pool,UDPG.x pool,,1,Inf
Pool,X5P.p pool,,3.71394268413408e-06,4863.93776428637
Pool,dummy pool,,1,Inf
Pool,dummyGLY pool,,1,Inf
Pool,dummySER pool,,1,Inf
Pool,meTHF pool,,0.000854948382377619,5079.56765037521
Pool,meTHF.c pool,,7.79553759893952e-07,5132.10449861024
Pool,meTHF.x pool,,1,Inf
Pool,myTHF.m pool,,1.00000000002876e-07,0
Pool,outSER pool,,1,Inf
Norm,Experiment2 Glyc205 #1 norm,,0.983358495332973,0.0373791752268425
Norm,Experiment2 Glyc205 #2 norm,,0.962240012963782,0.0150534095990906
Norm,Experiment2 Glyc205 #3 norm,,0.978333160260872,0.0207794351864854
Norm,Experiment2 Glyc205 #4 norm,,0.990489877396379,0.0209436002974096
Norm,Experiment2 Glyc205 #5 norm,,1.01121726662293,0.024509001199994
Norm,Experiment2 Glyc205 #6 norm,,0.992875641172707,0.0255373723145941
Norm,Experiment2 Glyc205 #7 norm,,1.00712751197288,0.0369060018382309
Norm,Experiment2 Glyc205 #8 norm,,0.999820995730374,0.116055666600034
Norm,Experiment2 Glyx160 #1 norm,,1.02406830188478,0.0116384368795491
Norm,Experiment2 Glyx160 #2 norm,,0.982706846496613,0.0127718356942043
Norm,Experiment2 Glyx160 #3 norm,,1.00689219154505,0.0139503700229221
Norm,Experiment2 Glyx160 #4 norm,,0.975353956770613,0.0169824994005692
Norm,Experiment2 Glyx160 #5 norm,,0.993709325339884,0.0147928646057976
Norm,Experiment2 Glyx160 #6 norm,,0.963730923184129,0.0185765473888647
Norm,Experiment2 Glyx160 #7 norm,,0.985411032133805,0.0267502769546386
Norm,Experiment2 Glyx160 #8 norm,,1.10173537240959,0.131956034648568
Norm,Experiment2 GLY276 #1 norm,,0.991689457506402,0.0104951947843174
Norm,Experiment2 GLY276 #2 norm,,0.998108845554576,0.0210936331180922
Norm,Experiment2 GLY276 #3 norm,,0.980397784371489,0.0166508229890076
Norm,Experiment2 GLY276 #4 norm,,1.01220718883312,0.0170450173953824
Norm,Experiment2 GLY276 #5 norm,,0.980355900988587,0.0382621084225275
Norm,Experiment2 GLY276 #6 norm,,1.0332934314201,0.0915524410947427
Norm,Experiment2 GLY276 #7 norm,,1.01145289646526,0.177579636203511
Norm,Experiment2 GLY276 #8 norm,,1.02065608270947,0.16648286374238
Norm,Experiment2 HPA262 #1 norm,,0.967889406260104,0.0197798428889033
Norm,Experiment2 HPA262 #2 norm,,0.966459398678274,0.0241631194523236
Norm,Experiment2 HPA262 #3 norm,,0.98297084681493,0.0246987031312993
Norm,Experiment2 HPA262 #4 norm,,0.971261174946375,0.0302505839325269
Norm,Experiment2 HPA262 #5 norm,,0.957741115699625,0.0222947771969563
Norm,Experiment2 HPA262 #6 norm,,0.920169838479579,0.0273067287797263
Norm,Experiment2 HPA262 #7 norm,,0.994783095317186,0.0238002485577708
Norm,Experiment2 HPA262 #8 norm,,1.00018969428153,0.0403426976623949
Norm,Experiment2 GA307 #1 norm,,0.963320240601598,0.0105636850668311
Norm,Experiment2 GA307 #2 norm,,0.889356797961633,0.0277199174268619
Norm,Experiment2 GA307 #3 norm,,0.895393528745288,0.0209396458734141
Norm,Experiment2 GA307 #4 norm,,0.978154370516539,0.0252710378130173
Norm,Experiment2 GA307 #5 norm,,0.997710059587791,0.0792004478210823
Norm,Experiment2 GA307 #6 norm,,0.745987794894598,0.092504233202466
Norm,Experiment2 GA307 #7 norm,,0.89457128910522,0.0714864961867417
Norm,Experiment2 GA307 #8 norm,,0.937914842228099,0.131001598605592
Norm,Experiment2 SER306 #1 norm,,1.01249904737299,0.0131560687055258
Norm,Experiment2 SER306 #2 norm,,0.943829965392567,0.033955817307696
Norm,Experiment2 SER306 #3 norm,,1.02516556027452,0.0210480946074047
Norm,Experiment2 SER306 #4 norm,,1.0041935979746,0.0250204168554088
Norm,Experiment2 SER306 #5 norm,,0.956533816344906,0.0529109365287534
Norm,Experiment2 SER306 #6 norm,,1.02595712840742,0.104744268959252
Norm,Experiment2 SER306 #7 norm,,1.0406468647017,0.117839391438431
Norm,Experiment2 SER306 #8 norm,,0.99678364635034,0.169254287288665
Norm,Experiment2 meTHF #1 norm,,0.993430967644246,0.0101166979258293
Norm,Experiment2 meTHF #2 norm,,0.98712862453193,0.0141777397535249
Norm,Experiment2 meTHF #3 norm,,0.956808700005066,0.0267532652222802
Norm,Experiment2 meTHF #4 norm,,1.01813194451214,0.0271047277964937
Norm,Experiment2 meTHF #5 norm,,1.0306815991756,0.0836894410653665
Norm,Experiment2 meTHF #6 norm,,1.06636066025473,0.164173863055318
Norm,Experiment2 meTHF #7 norm,,0.973740676441704,0.14599588452766
Norm,Experiment2 meTHF #8 norm,,1.02667302350762,0.0868424204924032
Norm,Experiment2 FmTHF #1 norm,,1.0170643953245,0.00989017795940143
Norm,Experiment2 FmTHF #2 norm,,0.976748738159562,0.0112355565391536
Norm,Experiment2 FmTHF #3 norm,,1.01691845029005,0.0101567646630483
Norm,Experiment2 FmTHF #4 norm,,1.00919325119747,0.0230485815663601
Norm,Experiment2 FmTHF #5 norm,,0.963048451003079,0.0379851574352971
Norm,Experiment2 FmTHF #6 norm,,1.01204043184049,0.0634541259743105
Norm,Experiment2 FmTHF #7 norm,,0.990887802427421,0.109698357879463
Norm,Experiment2 FmTHF #8 norm,,0.995106873619343,0.0678759232766223
Norm,Experiment2 Met176 #1 norm,,0.96084327816526,0.0229645198573247
Norm,Experiment2 Met176 #2 norm,,0.937769756995178,0.0358681649616314
Norm,Experiment2 Met176 #3 norm,,0.917168180822557,0.0327200836756136
Norm,Experiment2 Met176 #4 norm,,0.8585189718524,0.0741469423021843
Norm,Experiment2 Met176 #5 norm,,0.947462697117198,0.0596034125149882
Norm,Experiment2 Met176 #6 norm,,1.00101980184978,0.032727575569574
Norm,Experiment2 Met176 #7 norm,,1.00561678487251,0.0612699296761353
Norm,Experiment2 Met176 #8 norm,,1.00011843147392,0.221969871384072
Norm,Experiment2 SAM #1 norm,,1.00212883102034,0.0145453605291546
Norm,Experiment2 SAM #2 norm,,0.963571376624016,0.0213753716409948
Norm,Experiment2 SAM #3 norm,,0.94819622542105,0.0326224343010104
Norm,Experiment2 SAM #4 norm,,0.955176746890618,0.043591766666118
Norm,Experiment2 SAM #5 norm,,1.02530328314634,0.022589163869609
Norm,Experiment2 SAM #6 norm,,1.03383100200371,0.0589494397620356
Norm,Experiment2 SAM #7 norm,,0.984743391047555,0.0690168218438841
Norm,Experiment2 SAM #8 norm,,1.00080659555392,0.0660655483598811
Norm,Experiment2 CIT465 #1 norm,,0.9654117112572,0.0122086077610747
Norm,Experiment2 CIT465 #2 norm,,1.00813672507661,0.0106226229385345
Norm,Experiment2 CIT465 #3 norm,,1.00176085878766,0.0131324186436265
Norm,Experiment2 CIT465 #4 norm,,0.983745945138045,0.0125342785204405
Norm,Experiment2 CIT465 #5 norm,,1.01015335629055,0.0158644097428563
Norm,Experiment2 CIT465 #6 norm,,0.953700216168432,0.0108519286747324
Norm,Experiment2 CIT465 #7 norm,,1.00784952786173,0.0149976429143389
Norm,Experiment2 CIT465 #8 norm,,1.04951527008853,0.0213421223577591
Norm,Experiment2 MAL335 #1 norm,,0.998165951466062,0.0117483562359949
Norm,Experiment2 MAL335 #2 norm,,0.968607016851666,0.0131026285534137
Norm,Experiment2 MAL335 #3 norm,,1.03888304507738,0.0135896989733397
Norm,Experiment2 MAL335 #4 norm,,0.977667369469448,0.0114946347690981
Norm,Experiment2 MAL335 #5 norm,,1.01115218475183,0.0149070585034282
Norm,Experiment2 MAL335 #6 norm,,0.974187437338795,0.0145578811192347
Norm,Experiment2 MAL335 #7 norm,,0.974173046936353,0.0200966479583708
Norm,Experiment2 MAL335 #8 norm,,0.985768767076465,0.0395228671956089
Norm,Experiment2 ASP334 #1 norm,,0.96877886503796,0.0158366125179264
Norm,Experiment2 ASP334 #2 norm,,0.982589696605883,0.023109745551328
Norm,Experiment2 ASP334 #3 norm,,0.945790481320876,0.0169769798034222
Norm,Experiment2 ASP334 #4 norm,,1.01016052260719,0.0222249997319813
Norm,Experiment2 ASP334 #5 norm,,0.971778854688493,0.0236640850463609
Norm,Experiment2 ASP334 #6 norm,,0.95619492115255,0.0577023833178668
Norm,Experiment2 ASP334 #7 norm,,0.98075421695295,0.0579508155974969
Norm,Experiment2 ASP334 #8 norm,,0.952899338142174,0.0358372538518338
Norm,Experiment2 GLU348 #1 norm,,0.960305591403927,0.0114201584343111
Norm,Experiment2 GLU348 #2 norm,,1.00327437606075,0.0120377960007827
Norm,Experiment2 GLU348 #3 norm,,0.991205342577113,0.0118868920457552
Norm,Experiment2 GLU348 #4 norm,,1.00167441694991,0.0154705337192627
Norm,Experiment2 GLU348 #5 norm,,1.03004193549963,0.0328957684881532
Norm,Experiment2 GLU348 #6 norm,,0.946795375356558,0.0143442242541752
Norm,Experiment2 GLU348 #7 norm,,1.00211796076943,0.023179079330192
Norm,Experiment2 GLU348 #8 norm,,0.925547997622183,0.0507734079890069
Norm,Experiment2 THR320 #1 norm,,1.01426283696814,0.0103147277402
Norm,Experiment2 THR320 #2 norm,,1.00853723360472,0.0118377375082824
Norm,Experiment2 THR320 #3 norm,,1.02972046731839,0.0106695655734021
Norm,Experiment2 THR320 #4 norm,,0.989652827989849,0.0108927993083472
Norm,Experiment2 THR320 #5 norm,,1.00253199170653,0.0203813827565596
Norm,Experiment2 THR320 #6 norm,,0.988868709301758,0.0109261998682939
Norm,Experiment2 THR320 #7 norm,,0.963601229410785,0.0137280130539795
Norm,Experiment2 THR320 #8 norm,,0.927579342942841,0.0366149011338283
Norm,Experiment2 ALA116 #1 norm,,0.99158146188757,0.0100486199924611
Norm,Experiment2 ALA116 #2 norm,,1.01233445674722,0.0102514364203438
Norm,Experiment2 ALA116 #3 norm,,1.01205003616133,0.0111395732592801
Norm,Experiment2 ALA116 #4 norm,,1.00788753827324,0.0249728236080976
Norm,Experiment2 ALA116 #5 norm,,0.976818000773761,0.0691632246664242
Norm,Experiment2 ALA116 #6 norm,,1.00021526871431,0.0678258042910045
Norm,Experiment2 ALA116 #7 norm,,1.0184336146195,0.0677657972222643
Norm,Experiment2 ALA116 #8 norm,,0.96533151520978,0.118824847743668
Norm,Experiment2 PYR #1 norm,,0.984621550640099,0.0124834392865938
Norm,Experiment2 PYR #2 norm,,0.897530446464336,0.0495843249310202
Norm,Experiment2 PYR #3 norm,,0.889273267933835,0.0524302017232072
Norm,Experiment2 PYR #4 norm,,1.03512360851063,0.051501960936147
Norm,Experiment2 PYR #5 norm,,0.99940183266091,0.129184267590761
Norm,Experiment2 PYR #6 norm,,0.988678616391434,0.117206613833007
Norm,Experiment2 PYR #7 norm,,0.993782588281636,0.0670683323841354
Norm,Experiment2 PYR #8 norm,,0.985912822410246,0.119066768091253
