type,id,eqn,val,std
Net flux,CO2.t,CO2.t -> CO2,64.4393107899695,1.52656566908179
Net flux,CO2_sink,dummy -> Sink,64.4393107899695,1.52656566908179
Net flux,RUBICSO_CO2,RUBP.p + CO2 -> 3PGA.p + 3PGA.p + dummy,65.6523888353033,1.52863679315215
Net flux,GAPDH.p net,3PGA.p <-> TP.p,133.585377277424,3.0442795689294
Exch flux,GAPDH.p exch,3PGA.p <-> TP.p,27560.7422331786,3.52647260589676
Net flux,ALD,TP.p + E4P.p -> SBP,22.5846679030579,0.510695541798107
Net flux,SBP,SBP -> S7P.p,22.5846679030579,0.510695541798107
Net flux,FBA.p net,TP.p + TP.p <-> FBP.p,29.2021480664807,0.784245184042953
Exch flux,FBA.p exch,TP.p + TP.p <-> FBP.p,20558.7725950885,53.6808375598385
Net flux,PFK.p net,FBP.p <-> F6P.p,29.2021480664839,0.784245184042953
Exch flux,PFK.p exch,FBP.p <-> F6P.p,1.00027151006543e-07,8.30604163069268e-15
Net flux,TK1 net,TP.p + EC2 <-> X5P.p,45.1693358061158,1.02139108359621
Exch flux,TK1 exch,TP.p + EC2 <-> X5P.p,1.0000000116861e-07,9.65525570743283e-16
Net flux,TK2 net,S7P.p <-> R5P.p + EC2,22.5846679030579,0.510695541798107
Exch flux,TK2 exch,S7P.p <-> R5P.p + EC2,37.7598128233192,117.942807940437
Net flux,TK3 net,F6P.p <-> E4P.p + EC2,22.5846679030574,0.510695541798107
Exch flux,TK3 exch,F6P.p <-> E4P.p + EC2,7870.00511639675,91.590958773892
Net flux,PPE net,X5P.p <-> RU5P.p,45.1693358061158,1.02139108359621
Exch flux,PPE exch,X5P.p <-> RU5P.p,78.2608557143399,69.4422929607652
Net flux,PPI net,R5P.p <-> RU5P.p,22.5846679030579,0.510695541798107
Exch flux,PPI exch,R5P.p <-> RU5P.p,240.294927111132,114.594517856807
Net flux,PRK,RU5P.p -> RUBP.p,67.7540037091738,1.53208662539432
Net flux,RUBISCO_O2,RUBP.p -> 3PGA.p + 2PG.p,2.10161487387055,0.08466323566946
Net flux,GLYdil net,GLY.p <-> GLY.x + dummyGLY,0.0189204797663862,0.00178514493670445
Exch flux,GLYdil exch,GLY.p <-> GLY.x + dummyGLY,0.0754934263071689,0.060993045156813
Net flux,SERdil net,SER.p <-> SER.x + dummySER,0.0646958972692673,0.00610404050730529
Exch flux,SERdil exch,SER.p <-> SER.x + dummySER,0.0645233882125495,0.0619323632118813
Net flux,GK,GA.p -> 3PGA.p,0.970785458324432,0.12091827988267
Net flux,PGI.p net,F6P.p <-> G6P.p,6.61748016342492,0.422855946385287
Exch flux,PGI.p exch,F6P.p <-> G6P.p,2.04436926230775,91.5903204883103
Net flux,PGM.p,G6P.p -> ADPG.p,6.61748016342493,0.422855946385287
Net flux,Starch,ADPG.p -> Starch,6.6174801634249,0.422855946385287
Net flux,FBA.c net,TP.c + TP.c <-> FBP.c,3.71353871764224,0.350371920844883
Exch flux,FBA.c exch,TP.c + TP.c <-> FBP.c,35.909758226461,91.5900145238711
Net flux,PFK.c net,FBP.c <-> F6P.c,3.71353871764225,0.350371920844883
Exch flux,PFK.c exch,FBP.c <-> F6P.c,24.2233860213939,91.5900145238711
Net flux,PGI.c net,F6P.c <-> G6P.c,1.85676935882114,0.175185960422441
Exch flux,PGI.c exch,F6P.c <-> G6P.c,241.505129188392,91.589511900221
Net flux,PGM.c net,G6P.c <-> UDPG.c,1.85676935881929,0.175185960422441
Exch flux,PGM.c exch,G6P.c <-> UDPG.c,48484.7200723148,91.5893443583914
Net flux,SPS,F6P.c + UDPG.c -> S6P,1.85676935882109,0.175185960422441
Net flux,PGAM.c net,3PGA.c <-> PEP.c,0.791800725375007,0.0747063009625202
Exch flux,PGAM.c exch,3PGA.c <-> PEP.c,5.39614050029045,91.5893748260758
Net flux,PK.c,PEP.c -> PYR.c,0.359414844787274,0.0339107463589642
Net flux,PDH,PYR.c + dummy -> ACA + CO2,0.299125543705901,0.0282224582240485
Net flux,CS,OAA + ACA -> CIT,0.299125543705897,0.0282224582240485
Net flux,ACO net,CIT <-> ICI,0.299125543705941,0.0282224582240485
Exch flux,ACO exch,CIT <-> ICI,1172.19771969867,91.5893443583914
Net flux,IDH,ICI + dummy -> AKG + CO2,0.299125543705913,0.0282224582240485
Net flux,MDH net,MAL <-> OAA,7.105427357601e-15,0
Exch flux,MDH exch,MAL <-> OAA,0.000128800722556832,1.19449074354349
Net flux,PPC,PEP.c + CO2 -> OAA + dummy,0.432385880588618,0.0407955546035652
Net flux,T_3PGA net,3PGA.p <-> 3PGA.c,0.791800725374983,0.0747063009625202
Exch flux,T_3PGA exch,3PGA.p <-> 3PGA.c,1.0000000116861e-07,0
Net flux,T_DHAP net,TP.p <-> TP.c,7.42707743528453,0.700743841689766
Exch flux,T_DHAP exch,TP.p <-> TP.c,16.0761664434123,50.4454805136705
Net flux,ALT,PYR.c -> ALA.c,0.0602893010809434,0.00568828813491595
Net flux,ASPT,OAA -> ASP,0.133260336882588,0.0125730963795167
Net flux,GLUDH,AKG -> GLU,0.29912554370589,0.0282224582240485
Net flux,PCR net,GLU <-> PRO,-2.48689957516035e-14,0
Exch flux,PCR exch,GLU <-> PRO,1.0000000116861e-07,0
Net flux,GS net,GLU <-> GLN,0,0
Exch flux,GS exch,GLU <-> GLN,1.00041816608609e-07,0
Net flux,TS net,ASP <-> THR,0,0
Exch flux,TS exch,ASP <-> THR,0.0433751145289776,0.0644672713722418
Net flux,AS net,ASP <-> ASN,1.06581410364015e-14,0
Exch flux,AS exch,ASP <-> ASN,0.0214262944707357,0.056295174446143
Net flux,G_3PGA.p,0*3PGA.p -> 3PGA,2.46866313347027e-06,149.960586171624
Net flux,G_3PGA.c,0*3PGA.c -> 3PGA,92.9119081402598,92.9987486757223
Net flux,G_DHAP.p,0*TP.p -> TP,40.6853798422419,150.21126325219
Net flux,G_DHAP.c,0*TP.c -> TP,51.8471856996948,93.3418671843941
Net flux,G_F6P.p,0*F6P.p -> F6P,48.6686345030749,161.46840247459
Net flux,G_F6P.c,0*F6P.c -> F6P,36.546576817712,114.922140615742
Net flux,G_FBP.p,0*FBP.p -> FBP,2.46866144948399e-06,165.328093101741
Net flux,G_FBP.c,0*FBP.c -> FBP,83.451231049456,121.051624108272
Net flux,G_G6P.p,0*G6P.p -> G6P,19.0549768397257,166.490647603471
Net flux,G_G6P.c,0*G6P.c -> G6P,58.8549499993083,116.395859674713
Net flux,G_RU5P.p,0*RU5P.p -> P5P,2.46865387154571e-06,162.416113315452
Net flux,G_X5P.p,0*X5P.p -> P5P,92.8477691491943,110.762456841319
Net flux,G_R5P.p,0*R5P.p -> R5P,82.2810779884949,119.711902847231
Net flux,G_GA.p,0*GA.p -> GA,36.3952664866617,4.29988620955289
Net flux,G_SER.p,0*SER.p -> SER,84.6125200319677,117.444907920587
Net flux,G_GLY.p,0*GLY.p -> GLY,1.00000008274037e-07,3.60330278393433e-15
Net flux,G_RUBP.p,0*RUBP.p -> RUBP,92.5302752673063,100.912148251896
Net flux,G_S7P.p,0*S7P.p -> S7P,98.4567310636212,120.031848016875
Net flux,G_2PG.p,0*2PG.p -> 2PG,87.0427532706349,116.986617543488
Net flux,G_ADPG.p,0*ADPG.p -> ADPG,95.0805622183481,118.89937041964
Net flux,G_PEP.c,0*PEP.c -> PEP,89.2305410445615,109.973015052693
Net flux,G_UDPG.c,0*UDPG.c -> UDPG,72.4268033045549,111.662529221682
Net flux,G_ALA.c,0*ALA.c -> ALA,64.2404567398096,5.94209976127805
Net flux,(1-G)_GA,0*GA.x -> GA,63.6047335133403,4.29988620955289
Net flux,(1-G)_SER,0*SER.x -> SER,15.3874753442877,5.29259143255115
Net flux,(1-G)_GLY,0*GLY.x -> GLY,63.7096531012627,7.33515546470721
Net flux,(1-G)_R5P,0*R5P.x -> R5P,17.718922011502,119.711902847231
Net flux,(1-G)_RUBP,0*RUBP.x -> RUBP,7.46972473269241,100.912148251896
Net flux,(1-G)_3PGA,0*3PGA.x -> 3PGA,7.08808939107732,118.429911823473
Net flux,(1-G)_TP,0*TP.x -> TP,7.46743445806384,115.708582755159
Net flux,(1-G)_F6P,0*F6P.x -> F6P,14.7847886792169,115.787669715894
Net flux,(1-G)_FBP,0*FBP.x -> FBP,16.5487664818773,112.450573234636
Net flux,(1-G)_G6P,0*G6P.x -> G6P,22.0900731609643,117.191800805881
Net flux,(1-G)_RU5P,0*RU5P.x -> P5P,7.15222838215323,116.966521113038
Net flux,(1-G)_S7P,0*S7P.x -> S7P,1.5432689363768,120.031848016875
Net flux,(1-G)_2PG,0*2PG.x -> 2PG,12.9572467293675,116.986617543488
Net flux,(1-G)_ADPG,0*ADPG.x -> ADPG,4.91943778165087,118.89937041964
Net flux,(1-G)_PEP,0*PEP.x -> PEP,10.7694589554367,109.973015052693
Net flux,(1-G)_UDPG,0*UDPG.x -> UDPG,27.5731966954463,111.662529221682
Net flux,(1-G)_ALA,0*ALA.x -> ALA,35.7595432601902,5.94209976127805
Net flux,PGASink,3PGA -> Sink,100,0
Net flux,DHAPSink,TP -> Sink,100.000000000001,0
Net flux,F6PSink,F6P -> Sink,100.000000000004,0
Net flux,FBPSink,FBP -> Sink,99.9999999999948,0
Net flux,G6PSink,G6P -> Sink,99.9999999999983,0
Net flux,P5PSink,P5P -> Sink,100.000000000001,0
Net flux,R5PSink,R5P -> Sink,99.9999999999968,0
Net flux,GASink,GA -> Sink,100.000000000002,0
Net flux,SERSink,SER -> Sink,99.9999999999996,0
Net flux,GLYSink,GLY -> Sink,100.000000000001,0
Net flux,RUBPSink,RUBP -> Sink,99.9999999999987,0
Net flux,S7PSink,S7P -> Sink,99.9999999999979,0
Net flux,2PGSink,2PG -> Sink,100.000000000002,0
Net flux,ADPGSink,ADPG -> Sink,99.9999999999989,0
Net flux,PEPSink,PEP -> Sink,99.9999999999983,0
Net flux,UDPGSink,UDPG -> Sink,100.000000000001,0
Net flux,ALASink,ALA -> Sink,99.9999999999998,0
Net flux,S6Pout-LL,S6P + 0.1611*GLU + 0.07177*ASP + 0.03247*ALA.c + 0.01019*dummyGLY + 0.03484*dummySER -> Sink,1.85676935882112,0.175185960422441
Net flux,PGP.p,2PG.p -> Glyc.p,2.10161487387057,0.08466323566946
Net flux,GOX,Glyc.p -> Glyx.p,2.10161487387058,0.08466323566946
Net flux,GGT,Glyx.p -> GLY.p,2.10161487387057,0.08466323566946
Net flux,SGAT,SER.p -> HPA.p,0.970785458324421,0.12091827988267
Net flux,HPR.p,HPA.p -> GA.p,0.970785458324415,0.12091827988267
Net flux,T_GLY-m net,GLY.p <-> GLY.m,0.816519213145511,114.489045362383
Exch flux,T_GLY-m exch,GLY.p <-> GLY.m,27958.8117286522,115.082390571598
Net flux,GDC.m,GLY.m + dummy -> myTHF.m + CO2,1.04721283851036,0.123284846739938
Net flux,T_SER-m net,SER.p <-> SER.m,-1.0472128385104,0.123284846739938
Exch flux,T_SER-m exch,SER.p <-> SER.m,394.144111613215,116.186516599705
Net flux,mSHMT,GLY.m + myTHF.m -> SER.m,1.04721283851036,0.123284846739938
Net flux,T_SER-c net,SER.p <-> SER.c,0.0117314829166579,0.228935798216374
Exch flux,T_SER-c exch,SER.p <-> SER.c,0.171300566414689,4.95297081038653
Net flux,T_Gly-c net,GLY.p <-> GLY.c,1.26617518095719,114.48905355973
Exch flux,T_Gly-c exch,GLY.p <-> GLY.c,0.0295919392310777,114.488040031868
Net flux,cSHMT,SER.c -> GLY.c + meTHF.c,0.0117313829165655,0.228935798216375
Net flux,FmTHF-reductase net,meTHF.c <-> FmTHF.c,0.0117313829165671,0.228935798216375
Exch flux,FmTHF-reductase exch,meTHF.c <-> FmTHF.c,8.69441570876432,118.475060245534
Net flux,Met-synthase,FmTHF.c + Hcy.c -> Met.c,0.0117313829165459,0.228935798216375
Net flux,SAM-synthase,Met.c -> SAM.c,0.0117313829165552,0.228935798216375
Net flux,Methylation,SAM.c -> SAH.c + Acceptor.c,0.0117313829165503,0.228935798216375
Net flux,hydrolysis,SAH.c -> Hcy.c,0.0117313829165425,0.228935798216375
Net flux,G_SER.m,0*SER.m -> SER,1.0000000116861e-07,0
Net flux,G_SER.c,0*SER.c -> SER,4.52374419168677e-06,117.325593424488
Net flux,G_Gly.m,0*GLY.m -> GLY,1.0000000116861e-07,4.48642538478069e-16
Net flux,G_Gly.c,0*GLY.c -> GLY,36.2903466987386,7.3351554647072
Net flux,T_GLY-c-m,GLY.c -> GLY.m,1.27790646387374,114.488820480554
Net flux,G_Glyc,0*Glyc.p -> Glyc,5.28425180729923,1.02608828911146
Net flux,G_Glyx,0*Glyx.p -> Glyx,3.36807094655443,0.635221848722418
Net flux,G_HPA,0*HPA.p -> HPA,8.06241115204498,2.02255867680192
Net flux,(1-G)_Glyc,0*Glyc.x -> Glyc,94.7157481927014,1.02608828911146
Net flux,(1-G)_Glyx,0*Glyx.x -> Glyx,96.6319290534464,0.635221848722418
Net flux,(1-G)_HPA,0*HPA.x -> HPA,91.9375888479549,2.02255867680192
Net flux,GlycSink,Glyc -> Sink,100.000000000001,0
Net flux,GlyxSink,Glyx -> Sink,100.000000000001,0
Net flux,HPASink,HPA -> Sink,99.9999999999998,0
Net flux,SERex,dummySER -> outSER,1.00006035008704e-07,3.25454939544194e-15
Net flux,G_PYR,0*PYR.c -> PYR,36.8145890025922,2.58071068069611
Net flux,(1-G)_PYR,0*PYR.x -> PYR,63.185410997408,2.58071068069611
Net flux,PYRSink,PYR -> Sink,100,0
Net flux,G_meTHF,0*meTHF.c -> meTHF,99.9999998999999,0
Net flux,G_FmTHF,0*FmTHF.c -> FmTHF,76.3662881528439,4.85604321953619
Net flux,G_Met,0*Met.c -> Met,62.5008492416784,4.53892457072542
Net flux,G_SAM,0*SAM.c -> SAM,55.4281531590542,4.25690756844818
Net flux,(1-G)_meTHF,0*meTHF.x -> meTHF,1.0000000116861e-07,0
Net flux,(1-G)_FmTHF,0*FmTHF.x -> FmTHF,23.6337118471562,4.85604321953619
Net flux,(1-G)_Met,0*Met.x -> Met,37.4991507583216,4.53892457072542
Net flux,(1-G)_SAM,0*SAM.x -> SAM,44.5718468409458,4.25690756844818
Net flux,meTHFSink,meTHF -> Sink,99.9999999999999,0
Net flux,FmTHFSink,FmTHF -> Sink,100,0
Net flux,MetSink,Met -> Sink,100,0
Net flux,SAMsink,SAM -> Sink,100,0
Net flux,Met-protein,Met.c -> Protein,6.51983996113883e-15,0
Net flux,GLY-protein,GLY.c -> Protein,1.00000038472103e-07,2.2161980954522e-15
Net flux,SER-protein,SER.c -> Protein,1.00000094427344e-07,1.87119607404669e-15
Pool,2PG pool,,0,0
Pool,2PG.p pool,,3.59306661417546e-06,113.218481357138
Pool,2PG.x pool,,1,Inf
Pool,3PGA pool,,0,0
Pool,3PGA.c pool,,3.76449240224442e-05,114.975603859243
Pool,3PGA.p pool,,3.87006969786233e-06,116.854105638063
Pool,3PGA.x pool,,1,Inf
Pool,ACA pool,,2.49778229803203e-06,114.592979024944
Pool,ADPG pool,,0,0
Pool,ADPG.p pool,,9.9999999999999e-08,Inf
Pool,ADPG.x pool,,1,Inf
Pool,AKG pool,,2.60537651255882e-06,116.319737180007
Pool,ALA pool,,0,0
Pool,ALA.c pool,,0.0110580085087829,0.00306855930088764
Pool,ALA.x pool,,1,Inf
Pool,ASN pool,,7565.55755302452,115.07710756429
Pool,ASP pool,,1.4621045153853e-05,117.087233794705
Pool,Acceptor.c pool,,1,Inf
Pool,CIT pool,,9.71368754303214,5.59335601354271
Pool,CO2 pool,,0.000111528636722778,115.699361306942
Pool,CO2.t pool,,1,Inf
Pool,E4P.p pool,,0,0
Pool,EC2 pool,,0,0
Pool,F6P pool,,0,0
Pool,F6P.c pool,,3.82969149381403e-06,114.414515006111
Pool,F6P.p pool,,3.26961187253495e-06,119.12601475972
Pool,F6P.x pool,,1,Inf
Pool,FBP pool,,0,0
Pool,FBP.c pool,,3.79872086073166e-06,117.131065755837
Pool,FBP.p pool,,3.50717181229815e-06,119.61918712917
Pool,FBP.x pool,,1,Inf
Pool,FmTHF pool,,2.90881838387615,1.59659374080527
Pool,FmTHF.c pool,,2.62948522588171e-07,116.582874916359
Pool,FmTHF.x pool,,1,Inf
Pool,G6P pool,,0,0
Pool,G6P.c pool,,9.87625589278749e-06,117.014466418842
Pool,G6P.p pool,,3.62673284115432e-06,114.311535133826
Pool,G6P.x pool,,1,Inf
Pool,GA pool,,0,0
Pool,GA.p pool,,1.41865514518146e-06,121.633708455491
Pool,GA.x pool,,1,Inf
Pool,GLN pool,,8.83867754984258,116.471236351048
Pool,GLU pool,,2.60537935913427e-06,112.619694633491
Pool,GLY pool,,0,0
Pool,GLY.c pool,,0.209986343472459,0.0652122316006847
Pool,GLY.m pool,,1.00017093779644e-07,112.157782178869
Pool,GLY.p pool,,1.0000016256837e-07,116.609133057598
Pool,GLY.x pool,,1,Inf
Pool,Glyc pool,,1.85172923464253,1.52440056494331
Pool,Glyc.p pool,,1.70794997531374e-05,112.090392230558
Pool,Glyc.x pool,,1,Inf
Pool,Glyx pool,,0.987846039446682,115.790995352864
Pool,Glyx.p pool,,1.91029232659322e-05,111.662128363897
Pool,Glyx.x pool,,1,Inf
Pool,HPA pool,,0.000174009933061131,119.054261407661
Pool,HPA.p pool,,1.24726427497486e-06,121.638053478252
Pool,HPA.x pool,,1,Inf
Pool,Hcy.c pool,,1,Inf
Pool,ICI pool,,0.00367532419867154,117.819833202745
Pool,MAL pool,,0.00045821760816612,4.24899255927521
Pool,Met pool,,0.00051822683940604,117.762000643947
Pool,Met.c pool,,1e-07,0
Pool,Met.x pool,,1,Inf
Pool,OAA pool,,0.261132085815911,0.055335018595096
Pool,P5P pool,,0,0
Pool,PEP pool,,0,0
Pool,PEP.c pool,,0.031261459645264,0.00768809998710578
Pool,PEP.x pool,,1,Inf
Pool,PRO pool,,5.39499638367013,118.475820791229
Pool,PYR pool,,0.000255453548906312,121.327822383679
Pool,PYR.c pool,,0.00287367791009561,0.00437535510098364
Pool,PYR.x pool,,1,Inf
Pool,Protein pool,,1,Inf
Pool,R5P pool,,0,0
Pool,R5P.p pool,,1.71666990444391e-05,112.334305259676
Pool,R5P.x pool,,1,Inf
Pool,RU5P.p pool,,3.45238751593049e-06,115.011290707613
Pool,RU5P.x pool,,1,Inf
Pool,RUBP pool,,0,0
Pool,RUBP.p pool,,3.47265230936852e-06,110.276302964746
Pool,RUBP.x pool,,1,Inf
Pool,S6P pool,,1,Inf
Pool,S7P pool,,0,0
Pool,S7P.p pool,,3.44593441208484e-06,118.264822886062
Pool,S7P.x pool,,1,Inf
Pool,SAH.c pool,,1,Inf
Pool,SAM pool,,3.80052130242342,2.39140430154463
Pool,SAM.c pool,,2.03447811166614e-07,121.489914337265
Pool,SAM.x pool,,1,Inf
Pool,SBP pool,,0,0
Pool,SER pool,,0,0
Pool,SER.c pool,,1.00000000002876e-07,0
Pool,SER.m pool,,0.333985893000615,0.0616143141423221
Pool,SER.p pool,,0.000996031456103237,120.450713054885
Pool,SER.x pool,,1,Inf
Pool,Sink pool,,1,Inf
Pool,Starch pool,,1,Inf
Pool,THR pool,,1710.78588267757,115.399763717136
Pool,TP pool,,0,0
Pool,TP.c pool,,4.14024995911439e-06,119.955914618878
Pool,TP.p pool,,3.99880625745883e-06,113.096087181026
Pool,TP.x pool,,1,Inf
Pool,UDPG pool,,0,0
Pool,UDPG.c pool,,0.186712568504303,0.0811048963477161
Pool,UDPG.x pool,,1,Inf
Pool,X5P.p pool,,3.54190027713848e-06,106.396575090224
Pool,dummy pool,,1,Inf
Pool,dummyGLY pool,,1,Inf
Pool,dummySER pool,,1,Inf
Pool,meTHF pool,,0.527325589884914,112.985885415553
Pool,meTHF.c pool,,2.63362709985667e-07,113.436505220283
Pool,meTHF.x pool,,1,Inf
Pool,myTHF.m pool,,1.03122286853181e-07,116.734691414282
Pool,outSER pool,,1,Inf
Norm,Experiment2 Glyc205 #1 norm,,1.02841806092332,0.0355474393699315
Norm,Experiment2 Glyc205 #2 norm,,0.986068400514883,0.018853597765842
Norm,Experiment2 Glyc205 #3 norm,,0.978279961011691,0.0232383965397719
Norm,Experiment2 Glyc205 #4 norm,,0.999950310442444,0.0206335526727224
Norm,Experiment2 Glyc205 #5 norm,,1.01827691527976,0.0244131412790125
Norm,Experiment2 Glyc205 #6 norm,,0.992265854357369,0.0250725915089004
Norm,Experiment2 Glyc205 #7 norm,,0.977263747526261,0.0306529569752611
Norm,Experiment2 Glyc205 #8 norm,,0.858418025603878,0.0988544132299548
Norm,Experiment2 Glyx160 #1 norm,,0.996447439657957,0.0112632427190668
Norm,Experiment2 Glyx160 #2 norm,,0.990523721542753,0.0121720505736933
Norm,Experiment2 Glyx160 #3 norm,,0.978041950339327,0.0136697831727083
Norm,Experiment2 Glyx160 #4 norm,,1.00298808177693,0.0173529564079189
Norm,Experiment2 Glyx160 #5 norm,,1.00441491602644,0.014953775328651
Norm,Experiment2 Glyx160 #6 norm,,0.982841442293633,0.0195212310907159
Norm,Experiment2 Glyx160 #7 norm,,0.950426695027711,0.0257055028414357
Norm,Experiment2 Glyx160 #8 norm,,0.803628484481604,0.0840700033178348
Norm,Experiment2 GLY276 #1 norm,,1.02045277606052,0.0110040596660047
Norm,Experiment2 GLY276 #2 norm,,0.949660513338466,0.0191501659903983
Norm,Experiment2 GLY276 #3 norm,,1.00524916296124,0.0174622247760203
Norm,Experiment2 GLY276 #4 norm,,0.99039965399163,0.0170657006717813
Norm,Experiment2 GLY276 #5 norm,,1.01565759198075,0.0381040400056827
Norm,Experiment2 GLY276 #6 norm,,0.989966067398995,0.0753277783144338
Norm,Experiment2 GLY276 #7 norm,,0.910041837508058,0.143800607447595
Norm,Experiment2 GLY276 #8 norm,,1.13656263867294,0.392625119312757
Norm,Experiment2 HPA262 #1 norm,,1.01751548094421,0.0204435120377396
Norm,Experiment2 HPA262 #2 norm,,0.982291893119362,0.0242918751488771
Norm,Experiment2 HPA262 #3 norm,,0.953420155531159,0.0230844614484696
Norm,Experiment2 HPA262 #4 norm,,0.925223813162096,0.0292689761289365
Norm,Experiment2 HPA262 #5 norm,,0.943683873455299,0.0224289299426659
Norm,Experiment2 HPA262 #6 norm,,0.905743753133673,0.0274434938213315
Norm,Experiment2 HPA262 #7 norm,,1.00187763588229,0.0238344017675676
Norm,Experiment2 HPA262 #8 norm,,0.91077113395014,0.275243182173709
Norm,Experiment2 GA307 #1 norm,,1.01394240971809,0.0111686150668005
Norm,Experiment2 GA307 #2 norm,,0.915803922868662,0.0289507083754437
Norm,Experiment2 GA307 #3 norm,,0.933891541174407,0.0220776664521226
Norm,Experiment2 GA307 #4 norm,,0.942353691646468,0.0253083151206937
Norm,Experiment2 GA307 #5 norm,,0.937957769540551,0.0730519172937671
Norm,Experiment2 GA307 #6 norm,,0.948498302637654,0.299146750416737
Norm,Experiment2 GA307 #7 norm,,0.953847413892789,0.0712131094891634
Norm,Experiment2 GA307 #8 norm,,1.03031361015642,0.115557653592473
Norm,Experiment2 SER306 #1 norm,,0.977157938146865,0.0126182155752651
Norm,Experiment2 SER306 #2 norm,,0.963397357375413,0.0344469562838735
Norm,Experiment2 SER306 #3 norm,,1.07546445916501,0.0220353316576401
Norm,Experiment2 SER306 #4 norm,,0.996669020064926,0.0251820281664597
Norm,Experiment2 SER306 #5 norm,,0.97763793918884,0.0567953779618368
Norm,Experiment2 SER306 #6 norm,,1.01256722266241,0.135518377830476
Norm,Experiment2 SER306 #7 norm,,1.06628631722018,0.10539286692596
Norm,Experiment2 SER306 #8 norm,,1.00891981106781,0.10235733507572
Norm,Experiment2 meTHF #1 norm,,1.00976429150803,0.0102328162082417
Norm,Experiment2 meTHF #2 norm,,1.02455559067359,0.0153227286026744
Norm,Experiment2 meTHF #3 norm,,0.938994689611053,0.0269503908621603
Norm,Experiment2 meTHF #4 norm,,0.998031626687908,0.0275442000434642
Norm,Experiment2 meTHF #5 norm,,1.02135115030486,0.0853334104766936
Norm,Experiment2 meTHF #6 norm,,0.986531869027044,0.134231734361802
Norm,Experiment2 meTHF #7 norm,,0.956177541109175,0.19502715736205
Norm,Experiment2 meTHF #8 norm,,1.00950198791665,0.0646485857392999
Norm,Experiment2 FmTHF #1 norm,,1.00067236999046,0.0100566997700363
Norm,Experiment2 FmTHF #2 norm,,0.988550795945169,0.0114843514304909
Norm,Experiment2 FmTHF #3 norm,,1.00991103833663,0.011685851757212
Norm,Experiment2 FmTHF #4 norm,,1.00181528097235,0.0232855358369251
Norm,Experiment2 FmTHF #5 norm,,0.96978857398127,0.0393991005319994
Norm,Experiment2 FmTHF #6 norm,,1.01039374679572,0.06543336112034
Norm,Experiment2 FmTHF #7 norm,,1.00589428540335,0.113240948267172
Norm,Experiment2 FmTHF #8 norm,,1.00287574389449,0.0681788571191256
Norm,Experiment2 Met176 #1 norm,,0.939308051936244,0.0226790757680557
Norm,Experiment2 Met176 #2 norm,,0.950595664448964,0.0369438328360343
Norm,Experiment2 Met176 #3 norm,,0.98036809659051,0.0366547391497112
Norm,Experiment2 Met176 #4 norm,,0.890420878537199,0.0958856033590207
Norm,Experiment2 Met176 #5 norm,,0.892445063081328,0.0590685335357552
Norm,Experiment2 Met176 #6 norm,,0.99989356314326,0.0344845483118898
Norm,Experiment2 Met176 #7 norm,,1.00913143976192,0.060207896389511
Norm,Experiment2 Met176 #8 norm,,0.999918112497535,0.203228947390077
Norm,Experiment2 SAM #1 norm,,0.988353382330009,0.0142568180365356
Norm,Experiment2 SAM #2 norm,,0.980642494139826,0.0225308762027593
Norm,Experiment2 SAM #3 norm,,0.966656785355496,0.0347262676443568
Norm,Experiment2 SAM #4 norm,,0.931466939669575,0.0428562598959539
Norm,Experiment2 SAM #5 norm,,1.01416399706327,0.0254098823063046
Norm,Experiment2 SAM #6 norm,,0.99229811046224,0.062781816135423
Norm,Experiment2 SAM #7 norm,,0.979140887107222,0.0706351184794711
Norm,Experiment2 SAM #8 norm,,1.00237921961417,0.0659088012832066
Norm,Experiment2 CIT465 #1 norm,,0.98037196030167,0.0125823238035796
Norm,Experiment2 CIT465 #2 norm,,0.947830688913294,0.0101765852036426
Norm,Experiment2 CIT465 #3 norm,,0.990070414302133,0.0129988146991659
Norm,Experiment2 CIT465 #4 norm,,0.969837696027431,0.0125312948906071
Norm,Experiment2 CIT465 #5 norm,,0.976816485726584,0.0154242009975899
Norm,Experiment2 CIT465 #6 norm,,0.986865332733273,0.0112710012826971
Norm,Experiment2 CIT465 #7 norm,,0.990093320566144,0.0155298306521487
Norm,Experiment2 CIT465 #8 norm,,1.0534667058457,0.0227587554841715
Norm,Experiment2 MAL335 #1 norm,,1.00571143390104,0.0118582042864497
Norm,Experiment2 MAL335 #2 norm,,0.982180149883328,0.0138019719226812
Norm,Experiment2 MAL335 #3 norm,,1.00929440162417,0.0132559542741159
Norm,Experiment2 MAL335 #4 norm,,1.01115308016522,0.0118319254154789
Norm,Experiment2 MAL335 #5 norm,,0.957237392525762,0.0143291581205375
Norm,Experiment2 MAL335 #6 norm,,0.948690376582452,0.016772783483731
Norm,Experiment2 MAL335 #7 norm,,0.996627966055026,0.0260186336787454
Norm,Experiment2 MAL335 #8 norm,,0.966313261010016,0.0441230306236632
Norm,Experiment2 ASP334 #1 norm,,1.00490098965671,0.0161187934486537
Norm,Experiment2 ASP334 #2 norm,,0.995613465776928,0.0234739670604324
Norm,Experiment2 ASP334 #3 norm,,0.95798277142339,0.0180043128879747
Norm,Experiment2 ASP334 #4 norm,,0.971954525042041,0.0270637287146013
Norm,Experiment2 ASP334 #5 norm,,1.00489542709425,0.0254101173582594
Norm,Experiment2 ASP334 #6 norm,,0.977599515821527,0.0608135042127108
Norm,Experiment2 ASP334 #7 norm,,0.968368836102367,0.0595539832907553
Norm,Experiment2 ASP334 #8 norm,,0.98224636579005,0.035382962698541
Norm,Experiment2 GLU348 #1 norm,,0.958975712636136,0.0112142221730587
Norm,Experiment2 GLU348 #2 norm,,0.990317884181831,0.0119428158885436
Norm,Experiment2 GLU348 #3 norm,,0.977416585723579,0.0117384515415729
Norm,Experiment2 GLU348 #4 norm,,1.00821980778063,0.0159671712123829
Norm,Experiment2 GLU348 #5 norm,,0.969147563525137,0.0296944311209785
Norm,Experiment2 GLU348 #6 norm,,1.00301530669862,0.0152372286324536
Norm,Experiment2 GLU348 #7 norm,,0.982199612460922,0.0225912300109052
Norm,Experiment2 GLU348 #8 norm,,0.853180192029476,0.0468059795022801
Norm,Experiment2 THR320 #1 norm,,0.983661038646171,0.0100073098098773
Norm,Experiment2 THR320 #2 norm,,0.977666801075934,0.0115337430250647
Norm,Experiment2 THR320 #3 norm,,1.01413158817875,0.0102605621405937
Norm,Experiment2 THR320 #4 norm,,0.961564320133034,0.0107378774813777
Norm,Experiment2 THR320 #5 norm,,0.986063077183618,0.0204591449551199
Norm,Experiment2 THR320 #6 norm,,0.999361522787061,0.010987248843143
Norm,Experiment2 THR320 #7 norm,,1.01884967797264,0.0146951403345974
Norm,Experiment2 THR320 #8 norm,,0.949257214937242,0.0361429040566817
Norm,Experiment2 ALA116 #1 norm,,1.01098164949583,0.0100892120656755
Norm,Experiment2 ALA116 #2 norm,,1.00311379455151,0.00987026406106628
Norm,Experiment2 ALA116 #3 norm,,1.02911248510218,0.0112482900410787
Norm,Experiment2 ALA116 #4 norm,,0.999148937711086,0.0298250217883615
Norm,Experiment2 ALA116 #5 norm,,0.94280074077128,0.0694698671179895
Norm,Experiment2 ALA116 #6 norm,,1.00967102532785,0.0784979823977691
Norm,Experiment2 ALA116 #7 norm,,1.00183203118984,0.0722005632402275
Norm,Experiment2 ALA116 #8 norm,,0.961480977833789,0.2153960666731
Norm,Experiment2 PYR #1 norm,,1.00213458074981,0.0126593089029099
Norm,Experiment2 PYR #2 norm,,0.985158143359786,0.0722909423381466
Norm,Experiment2 PYR #3 norm,,0.925128894088061,0.0864382318001383
Norm,Experiment2 PYR #4 norm,,1.0579999720212,0.0698480230236392
Norm,Experiment2 PYR #5 norm,,1.05438278824902,0.127020974904783
Norm,Experiment2 PYR #6 norm,,0.954930488044656,0.130193721485066
Norm,Experiment2 PYR #7 norm,,1.01776272794099,0.0734378595486232
Norm,Experiment2 PYR #8 norm,,0.917541524574614,0.117075918701697
