type,id,eqn,val,std
Net flux,CO2.t,CO2.t -> CO2,65.8176063537735,1.52340396865695
Net flux,CO2_sink,dummy -> Sink,65.8176063537734,1.52340396865695
Net flux,RUBICSO_CO2,RUBP.p + CO2 -> 3PGA.p + 3PGA.p + dummy,66.9625546544801,1.53431375404274
Net flux,GAPDH.p net,3PGA.p <-> TP.p,136.071250606619,3.11538014267474
Exch flux,GAPDH.p exch,3PGA.p <-> TP.p,61303.9096680525,2637.78007666367
Net flux,ALD,TP.p + E4P.p -> SBP,22.9946488208347,0.512642604820043
Net flux,SBP,SBP -> S7P.p,22.9946488208347,0.512642604820043
Net flux,FBA.p net,TP.p + TP.p <-> FBP.p,30.5524600088356,0.805442095821564
Exch flux,FBA.p exch,TP.p + TP.p <-> FBP.p,21578.9889325944,3139.08097951177
Net flux,PFK.p net,FBP.p <-> F6P.p,30.5524600088388,0.805442095821564
Exch flux,PFK.p exch,FBP.p <-> F6P.p,9.99946507818095e-08,1.41440943205951e-12
Net flux,TK1 net,TP.p + EC2 <-> X5P.p,45.9892976416694,1.02528520964009
Exch flux,TK1 exch,TP.p + EC2 <-> X5P.p,1.00000008274037e-07,0
Net flux,TK2 net,S7P.p <-> R5P.p + EC2,22.9946488208347,0.512642604820043
Exch flux,TK2 exch,S7P.p <-> R5P.p + EC2,38.0135231434971,5384.61430071034
Net flux,TK3 net,F6P.p <-> E4P.p + EC2,22.9946488208352,0.512642604820043
Exch flux,TK3 exch,F6P.p <-> E4P.p + EC2,10368.3577092012,4980.57193674878
Net flux,PPE net,X5P.p <-> RU5P.p,45.9892976416694,1.02528520964009
Exch flux,PPE exch,X5P.p <-> RU5P.p,82.0838611988925,5171.58604031503
Net flux,PPI net,R5P.p <-> RU5P.p,22.9946488208348,0.512642604820043
Exch flux,PPI exch,R5P.p <-> RU5P.p,236.211380522415,5549.44452117147
Net flux,PRK,RU5P.p -> RUBP.p,68.9839464625042,1.53792781455043
Net flux,RUBISCO_O2,RUBP.p -> 3PGA.p + 2PG.p,2.0213918080241,0.084845055143291
Net flux,GLYdil net,GLY.p <-> GLY.x + dummyGLY,0.0152401235620871,0.0017569037202891
Exch flux,GLYdil exch,GLY.p <-> GLY.x + dummyGLY,1.0000000116861e-07,6.41556518720875e-14
Net flux,SERdil net,SER.p <-> SER.x + dummySER,0.05399194843055,0.206923596071854
Exch flux,SERdil exch,SER.p <-> SER.x + dummySER,9.99989566707882e-08,2.16368381939958e-13
Net flux,GK,GA.p -> 3PGA.p,0.76253146135382,0.383512308339978
Net flux,PGI.p net,F6P.p <-> G6P.p,7.55781118800471,0.428990676368979
Exch flux,PGI.p exch,F6P.p <-> G6P.p,1.14040462357634,5311.60284119245
Net flux,PGM.p,G6P.p -> ADPG.p,7.55781118800472,0.428990676368979
Net flux,Starch,ADPG.p -> Starch,7.5578111880047,0.428990676368979
Net flux,FBA.c net,TP.c + TP.c <-> FBP.c,2.99119206321849,0.344828993127031
Exch flux,FBA.c exch,TP.c + TP.c <-> FBP.c,21.4219325442806,1921.18144707265
Net flux,PFK.c net,FBP.c <-> F6P.c,2.99119206321851,0.344828993127031
Exch flux,PFK.c exch,FBP.c <-> F6P.c,6.49875742012245,12.2963774890205
Net flux,PGI.c net,F6P.c <-> G6P.c,1.49559603160927,0.172414496563516
Exch flux,PGI.c exch,F6P.c <-> G6P.c,227.116263146905,5275.29375488396
Net flux,PGM.c net,G6P.c <-> UDPG.c,1.49559603160742,0.172414496563516
Exch flux,PGM.c exch,G6P.c <-> UDPG.c,48481.5145761803,5563.14805178508
Net flux,SPS,F6P.c + UDPG.c -> S6P,1.49559603160921,0.172414496563516
Net flux,PGAM.c net,3PGA.c <-> PEP.c,0.637781971719315,0.0735244379736184
Exch flux,PGAM.c exch,3PGA.c <-> PEP.c,0.0109903073825206,5228.78841855998
Net flux,PK.c,PEP.c -> PYR.c,0.289502523838487,0.0333742740704949
Net flux,PDH,PYR.c + dummy -> ACA + CO2,0.24094052069218,0.0277759754370705
Net flux,CS,OAA + ACA -> CIT,0.240940520692176,0.0277759754370705
Net flux,ACO net,CIT <-> ICI,0.24094052069222,0.0277759754370705
Exch flux,ACO exch,CIT <-> ICI,1384.89344755689,4195.51248164114
Net flux,IDH,ICI + dummy -> AKG + CO2,0.240940520692193,0.0277759754370705
Net flux,MDH net,MAL <-> OAA,7.105427357601e-15,0
Exch flux,MDH exch,MAL <-> OAA,0.329286055383847,0.0854244659144464
Net flux,PPC,PEP.c + CO2 -> OAA + dummy,0.34827944788126,0.0401501638430307
Net flux,T_3PGA net,3PGA.p <-> 3PGA.c,0.637781971719292,0.0735244379736184
Exch flux,T_3PGA exch,3PGA.p <-> 3PGA.c,2.870158974746,5.08651842001417
Net flux,T_DHAP net,TP.p <-> TP.c,5.98238412643703,0.689657986254063
Exch flux,T_DHAP exch,TP.p <-> TP.c,3.54399802494766,3.07629975677079
Net flux,ALT,PYR.c -> ALA.c,0.0485620031463877,0.00559829871449408
Net flux,ASPT,OAA -> ASP,0.107338927188723,0.0123741884384869
Net flux,GLUDH,AKG -> GLU,0.24094052069217,0.0277759754370705
Net flux,PCR net,GLU <-> PRO,-2.48689957516035e-14,0
Exch flux,PCR exch,GLU <-> PRO,1.0000000116861e-07,0
Net flux,GS net,GLU <-> GLN,0,0
Exch flux,GS exch,GLU <-> GLN,1.00042385042798e-07,0
Net flux,TS net,ASP <-> THR,0,0
Exch flux,TS exch,ASP <-> THR,1.0000000116861e-07,0
Net flux,AS net,ASP <-> ASN,1.06581410364015e-14,0
Exch flux,AS exch,ASP <-> ASN,1.0000000116861e-07,0
Net flux,G_3PGA.p,0*3PGA.p -> 3PGA,2.46866312636485e-06,6922.07943381443
Net flux,G_3PGA.c,0*3PGA.c -> 3PGA,92.911908140364,4866.62203922012
Net flux,G_DHAP.p,0*TP.p -> TP,40.6853798422419,7882.73341809499
Net flux,G_DHAP.c,0*TP.c -> TP,51.8471856996948,5598.85139829619
Net flux,G_F6P.p,0*F6P.p -> F6P,48.6686345030749,7628.90271869836
Net flux,G_F6P.c,0*F6P.c -> F6P,36.546576817712,5391.75076183334
Net flux,G_FBP.p,0*FBP.p -> FBP,2.46866144948399e-06,7496.32361294511
Net flux,G_FBP.c,0*FBP.c -> FBP,83.4512310492096,5337.64777221711
Net flux,G_G6P.p,0*G6P.p -> G6P,19.0549768397257,7176.64698900265
Net flux,G_G6P.c,0*G6P.c -> G6P,58.8549499993082,5216.51215004857
Net flux,G_RU5P.p,0*RU5P.p -> P5P,2.46865387154571e-06,7735.97888278437
Net flux,G_X5P.p,0*X5P.p -> P5P,92.8477691491602,5525.44336547663
Net flux,G_R5P.p,0*R5P.p -> R5P,82.2810779884949,5669.02149603047
Net flux,G_GA.p,0*GA.p -> GA,25.2255912614969,5.11521942047161
Net flux,G_SER.p,0*SER.p -> SER,77.9302226761396,5280.33247088547
Net flux,G_GLY.p,0*GLY.p -> GLY,3.05640437460462,5138.51457661107
Net flux,G_RUBP.p,0*RUBP.p -> RUBP,92.5302752673063,5513.16209499927
Net flux,G_S7P.p,0*S7P.p -> S7P,98.4567310636212,5108.78718960982
Net flux,G_2PG.p,0*2PG.p -> 2PG,87.0427532706349,5259.22652886076
Net flux,G_ADPG.p,0*ADPG.p -> ADPG,95.0805622183481,5512.85875836591
Net flux,G_PEP.c,0*PEP.c -> PEP,89.2305410445615,5207.15773508145
Net flux,G_UDPG.c,0*UDPG.c -> UDPG,72.4268033045549,5249.08388028476
Net flux,G_ALA.c,0*ALA.c -> ALA,65.0682786542441,6.03029343703012
Net flux,(1-G)_GA,0*GA.x -> GA,74.7744087385051,5.11521942047161
Net flux,(1-G)_SER,0*SER.x -> SER,22.0697764554115,4.93022401858059
Net flux,(1-G)_GLY,0*GLY.x -> GLY,60.4532677849683,6.97207786486939
Net flux,(1-G)_R5P,0*R5P.x -> R5P,17.718922011502,5669.02149603047
Net flux,(1-G)_RUBP,0*RUBP.x -> RUBP,7.46972473269241,5513.16209499927
Net flux,(1-G)_3PGA,0*3PGA.x -> 3PGA,7.08808939097317,5175.83241816995
Net flux,(1-G)_TP,0*TP.x -> TP,7.46743445806384,5324.9478884363
Net flux,(1-G)_F6P,0*F6P.x -> F6P,14.7847886792169,5143.19934906612
Net flux,(1-G)_FBP,0*FBP.x -> FBP,16.5487664821238,5417.30452727518
Net flux,(1-G)_G6P,0*G6P.x -> G6P,22.0900731609643,5397.43849750309
Net flux,(1-G)_RU5P,0*RU5P.x -> P5P,7.15222838218735,5178.59557727376
Net flux,(1-G)_S7P,0*S7P.x -> S7P,1.5432689363768,5108.78718960982
Net flux,(1-G)_2PG,0*2PG.x -> 2PG,12.9572467293675,5259.22652886076
Net flux,(1-G)_ADPG,0*ADPG.x -> ADPG,4.91943778165087,5512.85875836591
Net flux,(1-G)_PEP,0*PEP.x -> PEP,10.7694589554367,5207.15773508145
Net flux,(1-G)_UDPG,0*UDPG.x -> UDPG,27.5731966954463,5249.08388028476
Net flux,(1-G)_ALA,0*ALA.x -> ALA,34.9317213457557,6.03029343703012
Net flux,PGASink,3PGA -> Sink,100,0
Net flux,DHAPSink,TP -> Sink,100.000000000001,0
Net flux,F6PSink,F6P -> Sink,100.000000000004,0
Net flux,FBPSink,FBP -> Sink,99.9999999999948,0
Net flux,G6PSink,G6P -> Sink,99.9999999999983,0
Net flux,P5PSink,P5P -> Sink,100.000000000001,0
Net flux,R5PSink,R5P -> Sink,99.9999999999968,0
Net flux,GASink,GA -> Sink,100.000000000002,0
Net flux,SERSink,SER -> Sink,99.9999999999996,0
Net flux,GLYSink,GLY -> Sink,100.000000000001,0
Net flux,RUBPSink,RUBP -> Sink,99.9999999999987,0
Net flux,S7PSink,S7P -> Sink,99.9999999999979,0
Net flux,2PGSink,2PG -> Sink,100.000000000002,0
Net flux,ADPGSink,ADPG -> Sink,99.9999999999989,0
Net flux,PEPSink,PEP -> Sink,99.9999999999983,0
Net flux,UDPGSink,UDPG -> Sink,100.000000000001,0
Net flux,ALASink,ALA -> Sink,99.9999999999998,0
Net flux,S6Pout-LL,S6P + 0.1611*GLU + 0.07177*ASP + 0.03247*ALA.c + 0.01019*dummyGLY + 0.03484*dummySER -> Sink,1.49559603160925,0.172414496563516
Net flux,PGP.p,2PG.p -> Glyc.p,2.02139180802411,0.084845055143291
Net flux,GOX,Glyc.p -> Glyx.p,2.02139180802413,0.084845055143291
Net flux,GGT,Glyx.p -> GLY.p,2.02139180802412,0.084845055143291
Net flux,SGAT,SER.p -> HPA.p,0.762531461353809,0.383512308339978
Net flux,HPR.p,HPA.p -> GA.p,0.762531461353803,0.383512308339978
Net flux,T_GLY-m net,GLY.p <-> GLY.m,0.756351693209581,5297.47955713001
Exch flux,T_GLY-m exch,GLY.p <-> GLY.m,30846.2881855983,5221.41047621652
Net flux,GDC.m,GLY.m + dummy -> myTHF.m + CO2,1.01134670720291,0.32127193186873
Net flux,T_SER-m net,SER.p <-> SER.m,-1.01134670720285,0.32127193186873
Exch flux,T_SER-m exch,SER.p <-> SER.m,827.760933373493,5585.51645894129
Net flux,mSHMT,GLY.m + myTHF.m -> SER.m,1.01134670720291,0.32127193186873
Net flux,T_SER-c net,SER.p <-> SER.c,0.194823297418544,0.431285372040749
Exch flux,T_SER-c exch,SER.p <-> SER.c,0.226646775228082,0.404341667869142
Net flux,T_Gly-c net,GLY.p <-> GLY.c,1.24979999124999,5297.4795572533
Exch flux,T_Gly-c exch,GLY.p <-> GLY.c,0.319210214028932,5297.47948789989
Net flux,cSHMT,SER.c -> GLY.c + meTHF.c,0.0165437102038218,0.635296492848572
Net flux,FmTHF-reductase net,meTHF.c <-> FmTHF.c,0.0165437102038233,0.635296492848572
Exch flux,FmTHF-reductase exch,meTHF.c <-> FmTHF.c,8.20120799701755,5385.02489026899
Net flux,Met-synthase,FmTHF.c + Hcy.c -> Met.c,0.0165437102038022,0.635296492848572
Net flux,SAM-synthase,Met.c -> SAM.c,0.0165437102038115,0.635296492848572
Net flux,Methylation,SAM.c -> SAH.c + Acceptor.c,0.0165437102038066,0.635296492848572
Net flux,hydrolysis,SAH.c -> Hcy.c,0.0165437102037989,0.635296492848572
Net flux,G_SER.m,0*SER.m -> SER,1.0000000116861e-07,0
Net flux,G_SER.c,0*SER.c -> SER,7.68448479959716e-07,5280.33016922484
Net flux,G_Gly.m,0*GLY.m -> GLY,0.000110939024860812,5138.51397380226
Net flux,G_Gly.c,0*GLY.c -> GLY,36.4902169014035,7.93076285758238
Net flux,T_GLY-c-m,GLY.c -> GLY.m,1.2663417211938,5297.47950953151
Net flux,G_Glyc,0*Glyc.p -> Glyc,7.93969213050947,1.02356025240882
Net flux,G_Glyx,0*Glyx.p -> Glyx,99.8964381894499,5229.75949353796
Net flux,G_HPA,0*HPA.p -> HPA,6.59064263440035,2.45368961494473
Net flux,(1-G)_Glyc,0*Glyc.x -> Glyc,92.0603078694912,1.02356025240882
Net flux,(1-G)_Glyx,0*Glyx.x -> Glyx,0.103561810550922,5229.75949353796
Net flux,(1-G)_HPA,0*HPA.x -> HPA,93.4093573655996,2.45368961494473
Net flux,GlycSink,Glyc -> Sink,100.000000000001,0
Net flux,GlyxSink,Glyx -> Sink,100.000000000001,0
Net flux,HPASink,HPA -> Sink,99.9999999999998,0
Net flux,SERex,dummySER -> outSER,0.00188058780395561,0.207264923108518
Net flux,G_PYR,0*PYR.c -> PYR,46.1584298466914,3.28186476472997
Net flux,(1-G)_PYR,0*PYR.x -> PYR,53.8415701533089,3.28186476472997
Net flux,PYRSink,PYR -> Sink,100,0
Net flux,G_meTHF,0*meTHF.c -> meTHF,99.9999998999999,0
Net flux,G_FmTHF,0*FmTHF.c -> FmTHF,82.5182957516388,5.82118412817798
Net flux,G_Met,0*Met.c -> Met,64.2740676636952,5.34686808167787
Net flux,G_SAM,0*SAM.c -> SAM,65.8135396444187,5.00645569557713
Net flux,(1-G)_meTHF,0*meTHF.x -> meTHF,1.0000000116861e-07,0
Net flux,(1-G)_FmTHF,0*FmTHF.x -> FmTHF,17.4817042483613,5.82118412817798
Net flux,(1-G)_Met,0*Met.x -> Met,35.7259323363049,5.34686808167787
Net flux,(1-G)_SAM,0*SAM.x -> SAM,34.1864603555813,5.00645569557713
Net flux,meTHFSink,meTHF -> Sink,99.9999999999999,0
Net flux,FmTHFSink,FmTHF -> Sink,100,0
Net flux,MetSink,Met -> Sink,100,0
Net flux,SAMsink,SAM -> Sink,100,0
Net flux,Met-protein,Met.c -> Protein,6.51983996113883e-15,0
Net flux,GLY-protein,GLY.c -> Protein,1.98026003772611e-06,3.68395951718284e-13
Net flux,SER-protein,SER.c -> Protein,0.178279587214724,0.568121299104482
Pool,2PG pool,,0,0
Pool,2PG.p pool,,1.34067542016326e-06,5357.30237610707
Pool,2PG.x pool,,1,Inf
Pool,3PGA pool,,0,0
Pool,3PGA.c pool,,0.0380944025519298,0.031573452977805
Pool,3PGA.p pool,,3.75408806905497e-06,5170.37668981094
Pool,3PGA.x pool,,1,Inf
Pool,ACA pool,,8.98565723113487e-07,5314.58078474754
Pool,ADPG pool,,0,0
Pool,ADPG.p pool,,9.9999999999999e-08,Inf
Pool,ADPG.x pool,,1,Inf
Pool,AKG pool,,1.44335102526032e-06,5396.30300010901
Pool,ALA pool,,0,0
Pool,ALA.c pool,,0.0084924278931776,0.00272619817209708
Pool,ALA.x pool,,1,Inf
Pool,ASN pool,,7566.06819897955,5569.99816183906
Pool,ASP pool,,0.00333734495560076,0.00303131726468176
Pool,Acceptor.c pool,,1,Inf
Pool,CIT pool,,4.3592773669646,1.42029750028478
Pool,CO2 pool,,1.00007086540118e-07,5315.13907452446
Pool,CO2.t pool,,1,Inf
Pool,E4P.p pool,,0,0
Pool,EC2 pool,,0,0
Pool,F6P pool,,0,0
Pool,F6P.c pool,,3.82864051688534e-06,5423.61089234443
Pool,F6P.p pool,,3.25483081233733e-06,5371.51637551399
Pool,F6P.x pool,,1,Inf
Pool,FBP pool,,0,0
Pool,FBP.c pool,,3.78677699268981e-06,5061.21652434829
Pool,FBP.p pool,,3.27919249642819e-06,5546.41860041688
Pool,FBP.x pool,,1,Inf
Pool,FmTHF pool,,8.89587675361047,3.85155254647702
Pool,FmTHF.c pool,,1e-07,0
Pool,FmTHF.x pool,,1,Inf
Pool,G6P pool,,0,0
Pool,G6P.c pool,,9.87557100500705e-06,5270.72823785957
Pool,G6P.p pool,,3.70450706263041e-06,5643.66585242751
Pool,G6P.x pool,,1,Inf
Pool,GA pool,,0,0
Pool,GA.p pool,,4.8361959873527e-07,5442.93938658691
Pool,GA.x pool,,1,Inf
Pool,GLN pool,,8.83867754953781,5430.1135580446
Pool,GLU pool,,1.44336533330362e-06,5492.05149017336
Pool,GLY pool,,0,0
Pool,GLY.c pool,,0.322567291006993,0.168713242632553
Pool,GLY.m pool,,9.99999999994061e-08,0
Pool,GLY.p pool,,1.00000000000002e-07,0
Pool,GLY.x pool,,1,Inf
Pool,Glyc pool,,2.11088690382501,1.02601648344415
Pool,Glyc.p pool,,1.70112877318393e-06,5369.36068611972
Pool,Glyc.x pool,,1,Inf
Pool,Glyx pool,,580.203073046049,128.56125714919
Pool,Glyx.p pool,,2.59836766251131e-06,5273.58650527909
Pool,Glyx.x pool,,1,Inf
Pool,HPA pool,,0.000159113083669691,5332.06469667166
Pool,HPA.p pool,,4.5079674523325e-07,5169.05108389869
Pool,HPA.x pool,,1,Inf
Pool,Hcy.c pool,,1,Inf
Pool,ICI pool,,0.00371874413587467,5279.5020013896
Pool,MAL pool,,0.714044876823356,0.240671653786338
Pool,Met pool,,0.000106435906662178,5122.35951373997
Pool,Met.c pool,,1e-07,0
Pool,Met.x pool,,1,Inf
Pool,OAA pool,,0.229401569935693,0.0670738134610833
Pool,P5P pool,,0,0
Pool,PEP pool,,0,0
Pool,PEP.c pool,,1.00000000000002e-07,0
Pool,PEP.x pool,,1,Inf
Pool,PRO pool,,5.39499638336562,5213.60823262404
Pool,PYR pool,,1.00007320756013e-07,5335.82814568636
Pool,PYR.c pool,,0.0202491668809549,0.00808891574314597
Pool,PYR.x pool,,1,Inf
Pool,Protein pool,,1,Inf
Pool,R5P pool,,0,0
Pool,R5P.p pool,,1.00000000000002e-07,0
Pool,R5P.x pool,,1,Inf
Pool,RU5P.p pool,,3.29421117533917e-06,5600.28098131094
Pool,RU5P.x pool,,1,Inf
Pool,RUBP pool,,0,0
Pool,RUBP.p pool,,3.29069931309081e-06,5563.80846115444
Pool,RUBP.x pool,,1,Inf
Pool,S6P pool,,1,Inf
Pool,S7P pool,,0,0
Pool,S7P.p pool,,3.17779586352681e-06,5282.48652978676
Pool,S7P.x pool,,1,Inf
Pool,SAH.c pool,,1,Inf
Pool,SAM pool,,4.65881872031479,2.56544146012476
Pool,SAM.c pool,,1e-07,0
Pool,SAM.x pool,,1,Inf
Pool,SBP pool,,0,0
Pool,SER pool,,0,0
Pool,SER.c pool,,9.99999999994061e-08,0
Pool,SER.m pool,,0.3097534240352,0.118887417509564
Pool,SER.p pool,,0.000590578268052144,5121.73827814103
Pool,SER.x pool,,1,Inf
Pool,Sink pool,,1,Inf
Pool,Starch pool,,1,Inf
Pool,THR pool,,3889.7631308606,5169.53912885866
Pool,TP pool,,0,0
Pool,TP.c pool,,4.13833071067206e-06,5220.47441981688
Pool,TP.p pool,,3.84720907156151e-06,5293.25445489387
Pool,TP.x pool,,1,Inf
Pool,UDPG pool,,0,0
Pool,UDPG.c pool,,2.70397567836948,2.67383087688303
Pool,UDPG.x pool,,1,Inf
Pool,X5P.p pool,,3.37376272416255e-06,5190.55047623579
Pool,dummy pool,,1,Inf
Pool,dummyGLY pool,,1,Inf
Pool,dummySER pool,,1,Inf
Pool,meTHF pool,,0.000107018621120827,5376.2491912484
Pool,meTHF.c pool,,1e-07,0
Pool,meTHF.x pool,,1,Inf
Pool,myTHF.m pool,,2.66805058041928e-06,5515.43976078491
Pool,outSER pool,,1,Inf
Norm,Experiment2 Glyc205 #1 norm,,1.01516675315463,0.0375543458279293
Norm,Experiment2 Glyc205 #2 norm,,0.968487071098372,0.0179061145426345
Norm,Experiment2 Glyc205 #3 norm,,1.00408494994594,0.0236234048435142
Norm,Experiment2 Glyc205 #4 norm,,1.008722454465,0.0210910556628485
Norm,Experiment2 Glyc205 #5 norm,,0.996672976832859,0.0232778397064871
Norm,Experiment2 Glyc205 #6 norm,,0.964298275442859,0.0237276527007545
Norm,Experiment2 Glyc205 #7 norm,,1.01251546723061,0.0321884199116282
Norm,Experiment2 Glyc205 #8 norm,,0.874369670669227,0.0944607241336592
Norm,Experiment2 Glyx160 #1 norm,,0.994306280278221,0.0112849468304057
Norm,Experiment2 Glyx160 #2 norm,,1.01708106735874,0.0115637426070958
Norm,Experiment2 Glyx160 #3 norm,,0.978719684418275,0.0121283319438886
Norm,Experiment2 Glyx160 #4 norm,,1.00322989004792,0.0168325211708386
Norm,Experiment2 Glyx160 #5 norm,,0.994380893611123,0.0143922201230141
Norm,Experiment2 Glyx160 #6 norm,,0.988293260227769,0.0202341760046487
Norm,Experiment2 Glyx160 #7 norm,,1.02574227616933,0.0321238141510847
Norm,Experiment2 Glyx160 #8 norm,,0.903206209280438,0.127254032771751
Norm,Experiment2 GLY276 #1 norm,,1.00813638520994,0.0107443758059853
Norm,Experiment2 GLY276 #2 norm,,0.993997373199436,0.0230911916268116
Norm,Experiment2 GLY276 #3 norm,,0.954731240825594,0.0184449283659504
Norm,Experiment2 GLY276 #4 norm,,1.01155448342462,0.017932794258884
Norm,Experiment2 GLY276 #5 norm,,1.00518892913398,0.0372334188332508
Norm,Experiment2 GLY276 #6 norm,,1.02798711209502,0.0869678211939636
Norm,Experiment2 GLY276 #7 norm,,1.04641641050734,0.136920014314043
Norm,Experiment2 GLY276 #8 norm,,0.956818571464289,0.180864671371264
Norm,Experiment2 HPA262 #1 norm,,0.963764310688714,0.0196664843220649
Norm,Experiment2 HPA262 #2 norm,,0.955772499787192,0.0234003330758476
Norm,Experiment2 HPA262 #3 norm,,1.0123574999729,0.0259273419790531
Norm,Experiment2 HPA262 #4 norm,,0.965133898005419,0.0294785453708247
Norm,Experiment2 HPA262 #5 norm,,0.930384848177647,0.0225823843887924
Norm,Experiment2 HPA262 #6 norm,,0.972196150055803,0.0293080998315301
Norm,Experiment2 HPA262 #7 norm,,0.992382491683771,0.0267820390115399
Norm,Experiment2 HPA262 #8 norm,,0.986178696803344,0.0426779667804218
Norm,Experiment2 GA307 #1 norm,,0.985169749087989,0.0107806471714258
Norm,Experiment2 GA307 #2 norm,,0.886534606242111,0.0274200502205729
Norm,Experiment2 GA307 #3 norm,,0.880866365898605,0.0204534902064982
Norm,Experiment2 GA307 #4 norm,,0.952563262852573,0.0269505109502933
Norm,Experiment2 GA307 #5 norm,,0.967052937420576,0.075248350777208
Norm,Experiment2 GA307 #6 norm,,0.915679486320426,0.106046581053197
Norm,Experiment2 GA307 #7 norm,,0.936162175945077,0.0718090082720742
Norm,Experiment2 GA307 #8 norm,,0.903220526476156,0.186050470850086
Norm,Experiment2 SER306 #1 norm,,0.999765658686647,0.0129080257192734
Norm,Experiment2 SER306 #2 norm,,0.952896585610124,0.0360335133961584
Norm,Experiment2 SER306 #3 norm,,1.05644913725977,0.021099514559936
Norm,Experiment2 SER306 #4 norm,,1.0029000911673,0.0256735905921592
Norm,Experiment2 SER306 #5 norm,,1.02221507114645,0.0583972133795617
Norm,Experiment2 SER306 #6 norm,,1.00487545575909,0.129415079154154
Norm,Experiment2 SER306 #7 norm,,1.01288204879907,0.137010955105695
Norm,Experiment2 SER306 #8 norm,,1.05482538471055,0.116094966283494
Norm,Experiment2 meTHF #1 norm,,0.98745498918044,0.00989790080334031
Norm,Experiment2 meTHF #2 norm,,1.01419675983268,0.0146506982377294
Norm,Experiment2 meTHF #3 norm,,0.976175365004044,0.0288886042776136
Norm,Experiment2 meTHF #4 norm,,0.956298316353717,0.0255626870975938
Norm,Experiment2 meTHF #5 norm,,1.01489111658417,0.0811325247615345
Norm,Experiment2 meTHF #6 norm,,1.01149267480337,0.115639904111541
Norm,Experiment2 meTHF #7 norm,,1.00564389974055,0.183161238940245
Norm,Experiment2 meTHF #8 norm,,0.996424003470556,0.0713782707610573
Norm,Experiment2 FmTHF #1 norm,,0.99149186592682,0.00982556078960243
Norm,Experiment2 FmTHF #2 norm,,1.00665732772342,0.0115336431012107
Norm,Experiment2 FmTHF #3 norm,,1.01834606567082,0.0102752388790441
Norm,Experiment2 FmTHF #4 norm,,1.02903608305912,0.022146877147285
Norm,Experiment2 FmTHF #5 norm,,0.937678924715113,0.0377760853667283
Norm,Experiment2 FmTHF #6 norm,,0.999963627447065,0.0657320348336174
Norm,Experiment2 FmTHF #7 norm,,1.00921072271897,0.107898774271151
Norm,Experiment2 FmTHF #8 norm,,1.00258122680568,0.0721782065616762
Norm,Experiment2 Met176 #1 norm,,0.982207438097307,0.0230107935374934
Norm,Experiment2 Met176 #2 norm,,0.986994904310007,0.0380771491354453
Norm,Experiment2 Met176 #3 norm,,0.922029008002916,0.034056951285873
Norm,Experiment2 Met176 #4 norm,,0.853498210808373,0.0694068044058361
Norm,Experiment2 Met176 #5 norm,,0.823678918600612,0.0638571333622275
Norm,Experiment2 Met176 #6 norm,,1.04106388768669,0.0372155975144269
Norm,Experiment2 Met176 #7 norm,,0.981292406542655,0.0646743152327635
Norm,Experiment2 Met176 #8 norm,,0.984502027374574,0.21797127974992
Norm,Experiment2 SAM #1 norm,,0.996901643088915,0.0144497511427287
Norm,Experiment2 SAM #2 norm,,1.01156501809844,0.0233105303705629
Norm,Experiment2 SAM #3 norm,,0.932756390138353,0.0331352967744656
Norm,Experiment2 SAM #4 norm,,0.961336722810012,0.0431757174130281
Norm,Experiment2 SAM #5 norm,,1.00113777553624,0.0255529490300368
Norm,Experiment2 SAM #6 norm,,1.01738266906936,0.0577488066219269
Norm,Experiment2 SAM #7 norm,,1.00891487066282,0.0738564496538756
Norm,Experiment2 SAM #8 norm,,1.00302802119283,0.0774511615419974
Norm,Experiment2 CIT465 #1 norm,,0.943713842808599,0.0118631192995272
Norm,Experiment2 CIT465 #2 norm,,0.983461189246473,0.0102552907820944
Norm,Experiment2 CIT465 #3 norm,,0.971996038509307,0.012864854627015
Norm,Experiment2 CIT465 #4 norm,,0.997113190646045,0.013191086559033
Norm,Experiment2 CIT465 #5 norm,,0.964686983561785,0.0155719908160005
Norm,Experiment2 CIT465 #6 norm,,0.95390640395447,0.0107284793918991
Norm,Experiment2 CIT465 #7 norm,,0.977902439006446,0.0148781381573599
Norm,Experiment2 CIT465 #8 norm,,1.04660944598562,0.0216890850276839
Norm,Experiment2 MAL335 #1 norm,,0.968910006161529,0.0114930683388706
Norm,Experiment2 MAL335 #2 norm,,0.977216779237704,0.0135624990302755
Norm,Experiment2 MAL335 #3 norm,,0.981775227585717,0.0131617210570616
Norm,Experiment2 MAL335 #4 norm,,1.00377796859775,0.0117570022916171
Norm,Experiment2 MAL335 #5 norm,,1.01342852239512,0.0158741964489171
Norm,Experiment2 MAL335 #6 norm,,0.945171871062127,0.0146889034650536
Norm,Experiment2 MAL335 #7 norm,,1.01016798043885,0.0210356208862739
Norm,Experiment2 MAL335 #8 norm,,0.998830998333926,0.0397056265330774
Norm,Experiment2 ASP334 #1 norm,,0.97726724214458,0.0156832149592493
Norm,Experiment2 ASP334 #2 norm,,1.00916362020306,0.0232339418921489
Norm,Experiment2 ASP334 #3 norm,,0.977859493507907,0.0192693069337234
Norm,Experiment2 ASP334 #4 norm,,0.966315180080341,0.0240221831579263
Norm,Experiment2 ASP334 #5 norm,,0.913160972653488,0.0238945641980325
Norm,Experiment2 ASP334 #6 norm,,0.928135399036315,0.0605050078542851
Norm,Experiment2 ASP334 #7 norm,,1.01456362750074,0.0653942587129336
Norm,Experiment2 ASP334 #8 norm,,0.99020895929669,0.0407224836698297
Norm,Experiment2 GLU348 #1 norm,,0.996224920100453,0.0117083126942976
Norm,Experiment2 GLU348 #2 norm,,1.01109323089772,0.0127220113717912
Norm,Experiment2 GLU348 #3 norm,,0.993622280066822,0.0120657288056068
Norm,Experiment2 GLU348 #4 norm,,1.00163864433341,0.0154589187073869
Norm,Experiment2 GLU348 #5 norm,,0.938003413318502,0.0286180213452909
Norm,Experiment2 GLU348 #6 norm,,0.959756684383736,0.0144416248517385
Norm,Experiment2 GLU348 #7 norm,,0.988655934822172,0.0235483507739448
Norm,Experiment2 GLU348 #8 norm,,0.910105219666883,0.0510673660772431
Norm,Experiment2 THR320 #1 norm,,1.03302524530591,0.0105304210829709
Norm,Experiment2 THR320 #2 norm,,1.01229129713226,0.0117515418939044
Norm,Experiment2 THR320 #3 norm,,0.999665316142858,0.010416011133106
Norm,Experiment2 THR320 #4 norm,,1.03396966202069,0.0117385481244517
Norm,Experiment2 THR320 #5 norm,,0.959007614475442,0.0201319375054393
Norm,Experiment2 THR320 #6 norm,,0.967452377497301,0.0104644059392912
Norm,Experiment2 THR320 #7 norm,,0.963897725638414,0.0136600147424888
Norm,Experiment2 THR320 #8 norm,,0.981454742112129,0.0363101481699751
Norm,Experiment2 ALA116 #1 norm,,0.987637538066852,0.00997010547010435
Norm,Experiment2 ALA116 #2 norm,,0.999642091370167,0.0101995819096423
Norm,Experiment2 ALA116 #3 norm,,1.02840678978195,0.0112300587097857
Norm,Experiment2 ALA116 #4 norm,,0.997583109876512,0.0275733690097401
Norm,Experiment2 ALA116 #5 norm,,1.09442795890422,0.0800165970228314
Norm,Experiment2 ALA116 #6 norm,,0.984135611539209,0.0777951523731166
Norm,Experiment2 ALA116 #7 norm,,1.00957914439176,0.0682409345126339
Norm,Experiment2 ALA116 #8 norm,,0.917650467337875,0.179191188182655
Norm,Experiment2 PYR #1 norm,,0.987774142491989,0.0126736885043724
Norm,Experiment2 PYR #2 norm,,0.92801389959801,0.0501319091050967
Norm,Experiment2 PYR #3 norm,,0.8864920286153,0.0545756806494347
Norm,Experiment2 PYR #4 norm,,1.02844956351427,0.0524410575392716
Norm,Experiment2 PYR #5 norm,,1.00831434215501,0.129899520361949
Norm,Experiment2 PYR #6 norm,,0.977954752025107,0.140682274354819
Norm,Experiment2 PYR #7 norm,,1.01686320301643,0.0933532956786586
Norm,Experiment2 PYR #8 norm,,0.984499443951819,0.104677778283947
