type,id,eqn,val,std
Net flux,CO2.t,CO2.t -> CO2,63.7653433288254,1.53984269972776
Net flux,CO2_sink,dummy -> Sink,63.7653433288254,1.53984269972776
Net flux,RUBICSO_CO2,RUBP.p + CO2 -> 3PGA.p + 3PGA.p + dummy,65.0756964130256,1.54320344789002
Net flux,GAPDH.p net,3PGA.p <-> TP.p,131.941921777274,3.11927812472164
Exch flux,GAPDH.p exch,3PGA.p <-> TP.p,50139.039866966,2682.92732600605
Net flux,ALD,TP.p + E4P.p -> SBP,22.4807356366519,0.515543577297366
Net flux,SBP,SBP -> S7P.p,22.4807356366519,0.515543577297366
Net flux,FBA.p net,TP.p + TP.p <-> FBP.p,29.3959296750472,0.81124521883865
Exch flux,FBA.p exch,TP.p + TP.p <-> FBP.p,22586.9837365827,2272.46445218634
Net flux,PFK.p net,FBP.p <-> F6P.p,29.3959296750504,0.81124521883865
Exch flux,PFK.p exch,FBP.p <-> F6P.p,9.99913254418061e-08,4.7967146765621e-16
Net flux,TK1 net,TP.p + EC2 <-> X5P.p,44.9614712733038,1.03108715459473
Exch flux,TK1 exch,TP.p + EC2 <-> X5P.p,9.99999976158961e-08,0
Net flux,TK2 net,S7P.p <-> R5P.p + EC2,22.4807356366519,0.515543577297366
Exch flux,TK2 exch,S7P.p <-> R5P.p + EC2,37.9000546305062,5331.92771811516
Net flux,TK3 net,F6P.p <-> E4P.p + EC2,22.4807356366528,0.515543577297366
Exch flux,TK3 exch,F6P.p <-> E4P.p + EC2,8715.47604391361,5310.12512223639
Net flux,PPE net,X5P.p <-> RU5P.p,44.9614712733038,1.03108715459473
Exch flux,PPE exch,X5P.p <-> RU5P.p,77.0751377356474,5475.72202508885
Net flux,PPI net,R5P.p <-> RU5P.p,22.480735636652,0.515543577297366
Exch flux,PPI exch,R5P.p <-> RU5P.p,238.234511402349,4737.35943284391
Net flux,PRK,RU5P.p -> RUBP.p,67.4422069099558,1.54663073189214
Net flux,RUBISCO_O2,RUBP.p -> 3PGA.p + 2PG.p,2.36651049693021,0.0850666702407336
Net flux,GLYdil net,GLY.p <-> GLY.x + dummyGLY,0.0145407619301281,0.0018060395895959
Exch flux,GLYdil exch,GLY.p <-> GLY.x + dummyGLY,0.0195348668556221,3103.47593502228
Net flux,SERdil net,SER.p <-> SER.x + dummySER,0.959164873828627,5336.45440355995
Exch flux,SERdil exch,SER.p <-> SER.x + dummySER,0.0711846341463556,5336.45437007166
Net flux,GK,GA.p -> 3PGA.p,0.0325329309804441,0.433399533701322
Net flux,PGI.p net,F6P.p <-> G6P.p,6.91519403839878,0.448207055637495
Exch flux,PGI.p exch,F6P.p <-> G6P.p,0.873545986195047,4144.86059896947
Net flux,PGM.p,G6P.p -> ADPG.p,6.91519403839878,0.448207055637495
Net flux,Starch,ADPG.p -> Starch,6.91519403839876,0.448207055637495
Net flux,FBA.c net,TP.c + TP.c <-> FBP.c,2.85392775860966,0.354472932255055
Exch flux,FBA.c exch,TP.c + TP.c <-> FBP.c,19.8932566915368,4144.86058989335
Net flux,PFK.c net,FBP.c <-> F6P.c,2.85392775860967,0.354472932255055
Exch flux,PFK.c exch,FBP.c <-> F6P.c,4.72342035733815,11.8656342262181
Net flux,PGI.c net,F6P.c <-> G6P.c,1.42696387930485,0.177236466127527
Exch flux,PGI.c exch,F6P.c <-> G6P.c,209.494432229306,5842.04470491523
Net flux,PGM.c net,G6P.c <-> UDPG.c,1.42696387929755,0.177236466127527
Exch flux,PGM.c exch,G6P.c <-> UDPG.c,48477.7079516067,5842.4004401438
Net flux,SPS,F6P.c + UDPG.c -> S6P,1.4269638793048,0.177236466127527
Net flux,PGAM.c net,3PGA.c <-> PEP.c,0.608514476690553,0.0755807185706755
Exch flux,PGAM.c exch,3PGA.c <-> PEP.c,3.86561138726586,6.96944259563907
Net flux,PK.c,PEP.c -> PYR.c,0.276217398117219,0.0343076626924561
Net flux,PDH,PYR.c + dummy -> ACA + CO2,0.229883880955827,0.028552794662497
Net flux,CS,OAA + ACA -> CIT,0.229883880955823,0.028552794662497
Net flux,ACO net,CIT <-> ICI,0.229883880955867,0.028552794662497
Exch flux,ACO exch,CIT <-> ICI,1291.32650003551,4977.69776499143
Net flux,IDH,ICI + dummy -> AKG + CO2,0.22988388095584,0.028552794662497
Net flux,MDH net,MAL <-> OAA,7.105427357601e-15,0
Exch flux,MDH exch,MAL <-> OAA,0.345856651381517,0.0716526293380127
Net flux,PPC,PEP.c + CO2 -> OAA + dummy,0.332297078573766,0.0412730558508441
Net flux,T_3PGA net,3PGA.p <-> 3PGA.c,0.608514476690534,0.0755807185706755
Exch flux,T_3PGA exch,3PGA.p <-> 3PGA.c,1.93191584659434,2.43275599349059
Net flux,T_DHAP net,TP.p <-> TP.c,5.70785551721936,0.708945864510109
Exch flux,T_DHAP exch,TP.p <-> TP.c,1.7097826966831,2.03792773893851
Net flux,ALT,PYR.c -> ALA.c,0.0463335171610747,0.00575486804974901
Net flux,ASPT,OAA -> ASP,0.102413197617582,0.0127202611607785
Net flux,GLUDH,AKG -> GLU,0.229883880955817,0.028552794662497
Net flux,PCR net,GLU <-> PRO,-2.48689957516035e-14,0
Exch flux,PCR exch,GLU <-> PRO,1.0000000116861e-07,0
Net flux,GS net,GLU <-> GLN,0,0
Exch flux,GS exch,GLU <-> GLN,1.00042640838183e-07,0
Net flux,TS net,ASP <-> THR,0,0
Exch flux,TS exch,ASP <-> THR,1.0000000116861e-07,0
Net flux,AS net,ASP <-> ASN,1.06581410364015e-14,0
Exch flux,AS exch,ASP <-> ASN,1.0000000116861e-07,0
Net flux,G_3PGA.p,0*3PGA.p -> 3PGA,2.4686631405757e-06,7452.21111390791
Net flux,G_3PGA.c,0*3PGA.c -> 3PGA,92.9119081389763,5120.52984768982
Net flux,G_DHAP.p,0*TP.p -> TP,40.6853798422419,7532.47522119323
Net flux,G_DHAP.c,0*TP.c -> TP,51.8471856996948,5375.40362988715
Net flux,G_F6P.p,0*F6P.p -> F6P,48.6686345030749,7819.88982020173
Net flux,G_F6P.c,0*F6P.c -> F6P,36.546576817712,5476.86133064761
Net flux,G_FBP.p,0*FBP.p -> FBP,2.46866144948399e-06,7563.96621458917
Net flux,G_FBP.c,0*FBP.c -> FBP,83.4512310528568,5501.11193775304
Net flux,G_G6P.p,0*G6P.p -> G6P,19.0549768397257,8032.77381230677
Net flux,G_G6P.c,0*G6P.c -> G6P,58.8549499993082,5707.37684151657
Net flux,G_RU5P.p,0*RU5P.p -> P5P,2.46865386444028e-06,7630.22350955356
Net flux,G_X5P.p,0*X5P.p -> P5P,92.8477691493622,5392.49396061288
Net flux,G_R5P.p,0*R5P.p -> R5P,82.2810779884949,5188.49508002436
Net flux,G_GA.p,0*GA.p -> GA,33.5362863253328,4.9273763850955
Net flux,G_SER.p,0*SER.p -> SER,81.2948834181562,5351.74753353297
Net flux,G_GLY.p,0*GLY.p -> GLY,3.2541528487623,5497.60215573448
Net flux,G_RUBP.p,0*RUBP.p -> RUBP,92.5302752673063,5282.16676896109
Net flux,G_S7P.p,0*S7P.p -> S7P,98.4567310636212,5651.7511828763
Net flux,G_2PG.p,0*2PG.p -> 2PG,87.0427532706349,5128.00096349537
Net flux,G_ADPG.p,0*ADPG.p -> ADPG,95.0805622183481,5423.51357931124
Net flux,G_PEP.c,0*PEP.c -> PEP,89.2305410445615,5532.86356691797
Net flux,G_UDPG.c,0*UDPG.c -> UDPG,72.4268033045549,5142.56521059188
Net flux,G_ALA.c,0*ALA.c -> ALA,78.0670987152012,8.41390741744008
Net flux,(1-G)_GA,0*GA.x -> GA,66.4637136746692,4.9273763850955
Net flux,(1-G)_SER,0*SER.x -> SER,18.7051163338423,5.7207682013508
Net flux,(1-G)_GLY,0*GLY.x -> GLY,67.7211639853701,5.64320154301183
Net flux,(1-G)_R5P,0*R5P.x -> R5P,17.718922011502,5188.49508002436
Net flux,(1-G)_RUBP,0*RUBP.x -> RUBP,7.46972473269241,5282.16676896109
Net flux,(1-G)_3PGA,0*3PGA.x -> 3PGA,7.08808939236087,5479.80167736323
Net flux,(1-G)_TP,0*TP.x -> TP,7.46743445806384,5319.27503378919
Net flux,(1-G)_F6P,0*F6P.x -> F6P,14.7847886792169,5295.28735020779
Net flux,(1-G)_FBP,0*FBP.x -> FBP,16.5487664784766,5429.33172829167
Net flux,(1-G)_G6P,0*G6P.x -> G6P,22.0900731609643,5593.07062401388
Net flux,(1-G)_RU5P,0*RU5P.x -> P5P,7.15222838198537,5626.03705537998
Net flux,(1-G)_S7P,0*S7P.x -> S7P,1.5432689363768,5651.7511828763
Net flux,(1-G)_2PG,0*2PG.x -> 2PG,12.9572467293675,5128.00096349537
Net flux,(1-G)_ADPG,0*ADPG.x -> ADPG,4.91943778165087,5423.51357931124
Net flux,(1-G)_PEP,0*PEP.x -> PEP,10.7694589554367,5532.86356691797
Net flux,(1-G)_UDPG,0*UDPG.x -> UDPG,27.5731966954463,5142.56521059188
Net flux,(1-G)_ALA,0*ALA.x -> ALA,21.9329012847985,8.41390741744008
Net flux,PGASink,3PGA -> Sink,100,0
Net flux,DHAPSink,TP -> Sink,100.000000000001,0
Net flux,F6PSink,F6P -> Sink,100.000000000004,0
Net flux,FBPSink,FBP -> Sink,99.9999999999948,0
Net flux,G6PSink,G6P -> Sink,99.9999999999983,0
Net flux,P5PSink,P5P -> Sink,100.000000000001,0
Net flux,R5PSink,R5P -> Sink,99.9999999999968,0
Net flux,GASink,GA -> Sink,100.000000000002,0
Net flux,SERSink,SER -> Sink,99.9999999999996,0
Net flux,GLYSink,GLY -> Sink,100.000000000001,0
Net flux,RUBPSink,RUBP -> Sink,99.9999999999987,0
Net flux,S7PSink,S7P -> Sink,99.9999999999979,0
Net flux,2PGSink,2PG -> Sink,100.000000000002,0
Net flux,ADPGSink,ADPG -> Sink,99.9999999999989,0
Net flux,PEPSink,PEP -> Sink,99.9999999999983,0
Net flux,UDPGSink,UDPG -> Sink,100.000000000001,0
Net flux,ALASink,ALA -> Sink,99.9999999999998,0
Net flux,S6Pout-LL,S6P + 0.1611*GLU + 0.07177*ASP + 0.03247*ALA.c + 0.01019*dummyGLY + 0.03484*dummySER -> Sink,1.42696387930483,0.177236466127527
Net flux,PGP.p,2PG.p -> Glyc.p,2.36651049693023,0.0850666702407336
Net flux,GOX,Glyc.p -> Glyx.p,2.36651049693024,0.0850666702407336
Net flux,GGT,Glyx.p -> GLY.p,2.36651049693023,0.0850666702407336
Net flux,SGAT,SER.p -> HPA.p,0.0325329309804332,0.433399533701322
Net flux,HPR.p,HPA.p -> GA.p,0.0325329309804276,0.433399533701322
Net flux,T_GLY-m net,GLY.p <-> GLY.m,-0.418814520107844,5344.42441882024
Exch flux,T_GLY-m exch,GLY.p <-> GLY.m,24488.377335834,7362.45061868063
Net flux,GDC.m,GLY.m + dummy -> myTHF.m + CO2,1.18288240086204,0.417425772397181
Net flux,T_SER-m net,SER.p <-> SER.m,-1.18288240086201,0.417425772397181
Exch flux,T_SER-m exch,SER.p <-> SER.m,912.895163224745,5241.03787841179
Net flux,mSHMT,GLY.m + myTHF.m -> SER.m,1.18288240086204,0.417425772397181
Net flux,T_SER-c net,SER.p <-> SER.c,0.191184596052969,5336.4543801636
Exch flux,T_SER-c exch,SER.p <-> SER.c,1.00000000280431e-07,5336.45436961629
Net flux,T_Gly-c net,GLY.p <-> GLY.c,2.77078425510637,5344.4244198691
Exch flux,T_Gly-c exch,GLY.p <-> GLY.c,0.0980697140685289,5344.42426396512
Net flux,cSHMT,SER.c -> GLY.c + meTHF.c,0.0137951667239501,0.832386398315178
Net flux,FmTHF-reductase net,meTHF.c <-> FmTHF.c,0.013795166723952,0.832386398315178
Exch flux,FmTHF-reductase exch,meTHF.c <-> FmTHF.c,8.74204217594631,5124.90092320325
Net flux,Met-synthase,FmTHF.c + Hcy.c -> Met.c,0.0137951667239304,0.832386398315178
Net flux,SAM-synthase,Met.c -> SAM.c,0.0137951667239398,0.832386398315178
Net flux,Methylation,SAM.c -> SAH.c + Acceptor.c,0.0137951667239349,0.832386398315178
Net flux,hydrolysis,SAH.c -> Hcy.c,0.0137951667239271,0.832386398315178
Net flux,G_SER.m,0*SER.m -> SER,1.0000000116861e-07,0
Net flux,G_SER.c,0*SER.c -> SER,1.48001010558119e-07,5351.7444759156
Net flux,G_Gly.m,0*GLY.m -> GLY,9.75769414033323e-05,5497.60131287842
Net flux,G_Gly.c,0*GLY.c -> GLY,29.0245855889274,7.48645278426226
Net flux,T_GLY-c-m,GLY.c -> GLY.m,2.78457932183036,5344.42433065765
Net flux,G_Glyc,0*Glyc.p -> Glyc,37.1128948616044,20.0382723940546
Net flux,G_Glyx,0*Glyx.p -> Glyx,5.84588424053683,1.96485325666948
Net flux,G_HPA,0*HPA.p -> HPA,7.33755189793735,2.18932837129387
Net flux,(1-G)_Glyc,0*Glyc.x -> Glyc,62.8871051383963,20.0382723940546
Net flux,(1-G)_Glyx,0*Glyx.x -> Glyx,94.154115759464,1.96485325666948
Net flux,(1-G)_HPA,0*HPA.x -> HPA,92.6624481020625,2.18932837129387
Net flux,GlycSink,Glyc -> Sink,100.000000000001,0
Net flux,GlyxSink,Glyx -> Sink,100.000000000001,0
Net flux,HPASink,HPA -> Sink,99.9999999999998,0
Net flux,SERex,dummySER -> outSER,0.909444877423728,5336.4544036185
Net flux,G_PYR,0*PYR.c -> PYR,37.5609161481771,2.56954031411987
Net flux,(1-G)_PYR,0*PYR.x -> PYR,62.4390838518231,2.56954031411987
Net flux,PYRSink,PYR -> Sink,100,0
Net flux,G_meTHF,0*meTHF.c -> meTHF,99.9999816421211,5175.63837525659
Net flux,G_FmTHF,0*FmTHF.c -> FmTHF,84.0923499740064,5.99939064553119
Net flux,G_Met,0*Met.c -> Met,55.2251090046269,4.77967658310414
Net flux,G_SAM,0*SAM.c -> SAM,48.8218070618635,4.73151904807282
Net flux,(1-G)_meTHF,0*meTHF.x -> meTHF,1.83578788508498e-05,5175.63837525659
Net flux,(1-G)_FmTHF,0*FmTHF.x -> FmTHF,15.9076500259937,5.99939064553119
Net flux,(1-G)_Met,0*Met.x -> Met,44.7748909953732,4.77967658310414
Net flux,(1-G)_SAM,0*SAM.x -> SAM,51.1781929381365,4.73151904807282
Net flux,meTHFSink,meTHF -> Sink,99.9999999999999,0
Net flux,FmTHFSink,FmTHF -> Sink,100,0
Net flux,MetSink,Met -> Sink,100,0
Net flux,SAMsink,SAM -> Sink,100,0
Net flux,Met-protein,Met.c -> Protein,6.51983996113883e-15,0
Net flux,GLY-protein,GLY.c -> Protein,9.9999986957755e-08,1.40658965224526e-12
Net flux,SER-protein,SER.c -> Protein,0.177389429329019,5336.45444148035
Pool,2PG pool,,0,0
Pool,2PG.p pool,,1.4010069530401e-06,5262.8584213137
Pool,2PG.x pool,,1,Inf
Pool,3PGA pool,,0,0
Pool,3PGA.c pool,,1.00000000000273e-07,0
Pool,3PGA.p pool,,3.48629605795572e-06,5429.16365456306
Pool,3PGA.x pool,,1,Inf
Pool,ACA pool,,2.08205852194885e-06,5458.18194290953
Pool,ADPG pool,,0,0
Pool,ADPG.p pool,,9.9999999999999e-08,Inf
Pool,ADPG.x pool,,1,Inf
Pool,AKG pool,,1.81312394255378e-06,5480.78156091975
Pool,ALA pool,,0,0
Pool,ALA.c pool,,0.0114875937631764,0.00312637939677404
Pool,ALA.x pool,,1,Inf
Pool,ASN pool,,7566.61876490503,5394.90197768298
Pool,ASP pool,,5.08188626099281e-07,5183.20553780297
Pool,Acceptor.c pool,,1,Inf
Pool,CIT pool,,4.99297959174336,1.76752830418027
Pool,CO2 pool,,4.43182954545022e-05,5284.04363769681
Pool,CO2.t pool,,1,Inf
Pool,E4P.p pool,,0,0
Pool,EC2 pool,,0,0
Pool,F6P pool,,0,0
Pool,F6P.c pool,,3.82983728617747e-06,5217.67640182104
Pool,F6P.p pool,,2.89923018460036e-06,5329.50055402025
Pool,F6P.x pool,,1,Inf
Pool,FBP pool,,0,0
Pool,FBP.c pool,,3.81061578878607e-06,5486.71385031869
Pool,FBP.p pool,,2.89015466438344e-06,5165.86909125182
Pool,FBP.x pool,,1,Inf
Pool,FmTHF pool,,5.16000147754631,2.39792603755287
Pool,FmTHF.c pool,,1.23608339752132e-06,5182.55231591064
Pool,FmTHF.x pool,,1,Inf
Pool,G6P pool,,0,0
Pool,G6P.c pool,,9.87571996482008e-06,5337.33391222322
Pool,G6P.p pool,,3.645961299009e-06,5281.28355610759
Pool,G6P.x pool,,1,Inf
Pool,GA pool,,0,0
Pool,GA.p pool,,6.74524490652748e-07,5391.71850943792
Pool,GA.x pool,,1,Inf
Pool,GLN pool,,8.83867754961357,5422.63474495364
Pool,GLU pool,,1.81314298066079e-06,5220.68937019665
Pool,GLY pool,,0,0
Pool,GLY.c pool,,0.348373942660062,0.118990918494098
Pool,GLY.m pool,,1.00000000002876e-07,0
Pool,GLY.p pool,,1.00000000000002e-07,0
Pool,GLY.x pool,,1,Inf
Pool,Glyc pool,,81.6030518854041,58.2763394157921
Pool,Glyc.p pool,,1.85161631507633e-06,5583.04498723611
Pool,Glyc.x pool,,1,Inf
Pool,Glyx pool,,14.3571241929977,10.384404804376
Pool,Glyx.p pool,,2.62119831192392e-06,5210.16698266437
Pool,Glyx.x pool,,1,Inf
Pool,HPA pool,,0.000169175010168155,5504.67909112274
Pool,HPA.p pool,,6.28038306188254e-07,5493.13816295309
Pool,HPA.x pool,,1,Inf
Pool,Hcy.c pool,,1,Inf
Pool,ICI pool,,0.00343246260232559,5397.79893461383
Pool,MAL pool,,0.62957976310668,0.161288066346513
Pool,Met pool,,0.000229439020905436,5175.48499159532
Pool,Met.c pool,,2.92867570496582e-07,5191.17696786248
Pool,Met.x pool,,1,Inf
Pool,OAA pool,,0.258811704942051,0.0452895642075101
Pool,P5P pool,,0,0
Pool,PEP pool,,0,0
Pool,PEP.c pool,,0.102280581660538,0.0387178888284848
Pool,PEP.x pool,,1,Inf
Pool,PRO pool,,5.39499638344133,5312.3977123555
Pool,PYR pool,,9.99999999473644e-08,0
Pool,PYR.c pool,,0.00178200930965432,0.00164500089106257
Pool,PYR.x pool,,1,Inf
Pool,Protein pool,,1,Inf
Pool,R5P pool,,0,0
Pool,R5P.p pool,,7.0022762812774e-06,5362.45203458901
Pool,R5P.x pool,,1,Inf
Pool,RU5P.p pool,,2.91447981939084e-06,5330.73778803133
Pool,RU5P.x pool,,1,Inf
Pool,RUBP pool,,0,0
Pool,RUBP.p pool,,2.89677119907807e-06,5242.43833155671
Pool,RUBP.x pool,,1,Inf
Pool,S6P pool,,1,Inf
Pool,S7P pool,,0,0
Pool,S7P.p pool,,2.66615994944404e-06,5271.67317501532
Pool,S7P.x pool,,1,Inf
Pool,SAH.c pool,,1,Inf
Pool,SAM pool,,4.60448915524066,3.08676637316201
Pool,SAM.c pool,,1.64531936084965e-06,5442.45965225265
Pool,SAM.x pool,,1,Inf
Pool,SBP pool,,0,0
Pool,SER pool,,0,0
Pool,SER.c pool,,1.00000000002876e-07,0
Pool,SER.m pool,,0.319323899624097,0.122008120767405
Pool,SER.p pool,,0.000478109721708131,5462.35826594372
Pool,SER.x pool,,1,Inf
Pool,Sink pool,,1,Inf
Pool,Starch pool,,1,Inf
Pool,THR pool,,3186.37189207056,5322.16938563549
Pool,TP pool,,0,0
Pool,TP.c pool,,4.16773492253854e-06,5541.2402492474
Pool,TP.p pool,,3.584415178716e-06,5292.16952571443
Pool,TP.x pool,,1,Inf
Pool,UDPG pool,,0,0
Pool,UDPG.c pool,,4826.84478528562,5184.77312684772
Pool,UDPG.x pool,,1,Inf
Pool,X5P.p pool,,2.97229312263366e-06,5153.10204928468
Pool,dummy pool,,1,Inf
Pool,dummyGLY pool,,1,Inf
Pool,dummySER pool,,1,Inf
Pool,meTHF pool,,0.00279855158349702,5532.06467896068
Pool,meTHF.c pool,,1.24310854943054e-06,5091.18508760103
Pool,meTHF.x pool,,1,Inf
Pool,myTHF.m pool,,1.00000000002876e-07,0
Pool,outSER pool,,1,Inf
Norm,Experiment2 Glyc205 #1 norm,,1.00255391635392,0.0372939653511371
Norm,Experiment2 Glyc205 #2 norm,,0.97268249100133,0.0150290939452666
Norm,Experiment2 Glyc205 #3 norm,,0.962882184607556,0.0205834858687399
Norm,Experiment2 Glyc205 #4 norm,,0.963227848186758,0.0191858100076564
Norm,Experiment2 Glyc205 #5 norm,,0.996686225779307,0.0235241730384497
Norm,Experiment2 Glyc205 #6 norm,,0.979823816480749,0.0242493673690126
Norm,Experiment2 Glyc205 #7 norm,,1.01241560923705,0.034139451188009
Norm,Experiment2 Glyc205 #8 norm,,0.9739382915462,0.125440079638251
Norm,Experiment2 Glyx160 #1 norm,,0.993166703852483,0.0113296628732187
Norm,Experiment2 Glyx160 #2 norm,,1.00266618904725,0.011875234743706
Norm,Experiment2 Glyx160 #3 norm,,0.978713375404061,0.0131110775903576
Norm,Experiment2 Glyx160 #4 norm,,1.00516736190389,0.018081464318811
Norm,Experiment2 Glyx160 #5 norm,,0.985364742677306,0.0162208543926623
Norm,Experiment2 Glyx160 #6 norm,,0.986813137397044,0.0204242753611056
Norm,Experiment2 Glyx160 #7 norm,,1.00829576462737,0.0316000819513601
Norm,Experiment2 Glyx160 #8 norm,,1.03620413390045,0.135466367907688
Norm,Experiment2 GLY276 #1 norm,,1.00958745417824,0.0107968073009174
Norm,Experiment2 GLY276 #2 norm,,0.969082619594784,0.0217154978501344
Norm,Experiment2 GLY276 #3 norm,,0.990986607495222,0.0190807108257645
Norm,Experiment2 GLY276 #4 norm,,1.03156025413798,0.0182921292695238
Norm,Experiment2 GLY276 #5 norm,,0.993660898732047,0.038411910387602
Norm,Experiment2 GLY276 #6 norm,,0.975589839212866,0.0804391489193954
Norm,Experiment2 GLY276 #7 norm,,0.984189037710392,0.145508525089801
Norm,Experiment2 GLY276 #8 norm,,0.941502709860316,0.22160634033719
Norm,Experiment2 HPA262 #1 norm,,0.988519696565587,0.0200335924121962
Norm,Experiment2 HPA262 #2 norm,,1.03231773245433,0.0252585082956999
Norm,Experiment2 HPA262 #3 norm,,0.91408218724157,0.0225935360172828
Norm,Experiment2 HPA262 #4 norm,,0.961215282353793,0.0294594365734864
Norm,Experiment2 HPA262 #5 norm,,0.954493811171557,0.0221911765369724
Norm,Experiment2 HPA262 #6 norm,,0.982854393895491,0.0301554128822597
Norm,Experiment2 HPA262 #7 norm,,0.996455433245979,0.0245077977730665
Norm,Experiment2 HPA262 #8 norm,,1.00803124371865,0.0408673839265499
Norm,Experiment2 GA307 #1 norm,,1.01651217901085,0.0111642459494101
Norm,Experiment2 GA307 #2 norm,,0.873251717988622,0.0280317624894858
Norm,Experiment2 GA307 #3 norm,,0.88565855058413,0.0214137516964972
Norm,Experiment2 GA307 #4 norm,,0.967755981790484,0.0259414851634066
Norm,Experiment2 GA307 #5 norm,,0.866926312971454,0.0715862679615442
Norm,Experiment2 GA307 #6 norm,,0.854230771869456,0.0934007441382946
Norm,Experiment2 GA307 #7 norm,,0.946235938318762,0.0820374316139928
Norm,Experiment2 GA307 #8 norm,,0.968278157056947,0.158698384397236
Norm,Experiment2 SER306 #1 norm,,1.00562566126117,0.012985576306174
Norm,Experiment2 SER306 #2 norm,,0.996517117736366,0.035291730245413
Norm,Experiment2 SER306 #3 norm,,1.00910489842625,0.0206982765593017
Norm,Experiment2 SER306 #4 norm,,1.02870430040847,0.0259300519880195
Norm,Experiment2 SER306 #5 norm,,0.927730218964458,0.0503359938553126
Norm,Experiment2 SER306 #6 norm,,1.05583044926575,0.134315703612822
Norm,Experiment2 SER306 #7 norm,,1.02979564415155,0.0985944402074571
Norm,Experiment2 SER306 #8 norm,,0.996739155469828,0.11575092860845
Norm,Experiment2 meTHF #1 norm,,1.0071609532942,0.0101236565107969
Norm,Experiment2 meTHF #2 norm,,0.98803712159313,0.0148395779249865
Norm,Experiment2 meTHF #3 norm,,1.00547879830772,0.02700792667478
Norm,Experiment2 meTHF #4 norm,,1.03329228569363,0.0273716718020856
Norm,Experiment2 meTHF #5 norm,,0.985657624207759,0.0842739942799984
Norm,Experiment2 meTHF #6 norm,,1.01045719426264,0.193822339336865
Norm,Experiment2 meTHF #7 norm,,1.02328349270082,0.236559599106359
Norm,Experiment2 meTHF #8 norm,,1.0105231832838,0.0701442371102641
Norm,Experiment2 FmTHF #1 norm,,1.0058292205467,0.0101256557380376
Norm,Experiment2 FmTHF #2 norm,,0.994280124398207,0.011341636285874
Norm,Experiment2 FmTHF #3 norm,,1.01591479220642,0.0113073266368929
Norm,Experiment2 FmTHF #4 norm,,1.01818174393688,0.0231322945615936
Norm,Experiment2 FmTHF #5 norm,,0.959352566762962,0.0394563313133052
Norm,Experiment2 FmTHF #6 norm,,0.985657403394323,0.0723931215015063
Norm,Experiment2 FmTHF #7 norm,,1.0013643104754,0.097130631407296
Norm,Experiment2 FmTHF #8 norm,,1.00175007630527,0.0735977545228245
Norm,Experiment2 Met176 #1 norm,,1.00227892218261,0.0240666907673812
Norm,Experiment2 Met176 #2 norm,,0.984297744842219,0.0388067412794396
Norm,Experiment2 Met176 #3 norm,,0.880476620218906,0.032785676748636
Norm,Experiment2 Met176 #4 norm,,0.816198279275932,0.0864492718985307
Norm,Experiment2 Met176 #5 norm,,0.991759648588771,0.0705307096646526
Norm,Experiment2 Met176 #6 norm,,1.01145899103875,0.0328957136047551
Norm,Experiment2 Met176 #7 norm,,0.998680605854066,0.0567460921022215
Norm,Experiment2 Met176 #8 norm,,0.994933298901995,0.369231430740081
Norm,Experiment2 SAM #1 norm,,1.0013957406734,0.0146829036930289
Norm,Experiment2 SAM #2 norm,,0.988050642825038,0.0224072622908511
Norm,Experiment2 SAM #3 norm,,0.961989155256287,0.0330162561780575
Norm,Experiment2 SAM #4 norm,,1.00901999220139,0.0431574359045397
Norm,Experiment2 SAM #5 norm,,0.994069767788862,0.0253006317075181
Norm,Experiment2 SAM #6 norm,,1.03610596754643,0.0592950129994606
Norm,Experiment2 SAM #7 norm,,0.999721912294205,0.0724485802515229
Norm,Experiment2 SAM #8 norm,,0.997415723668052,0.0748676902487096
Norm,Experiment2 CIT465 #1 norm,,1.00763589715253,0.0127958095933346
Norm,Experiment2 CIT465 #2 norm,,0.942316106416969,0.0101087273447426
Norm,Experiment2 CIT465 #3 norm,,0.977879725477388,0.0128230775330465
Norm,Experiment2 CIT465 #4 norm,,0.97688514907321,0.0124945216739505
Norm,Experiment2 CIT465 #5 norm,,0.939350572622008,0.0150991711340976
Norm,Experiment2 CIT465 #6 norm,,0.989890809730456,0.0114483058607677
Norm,Experiment2 CIT465 #7 norm,,1.00464226264659,0.015034363264406
Norm,Experiment2 CIT465 #8 norm,,1.04545433972845,0.0209627297883578
Norm,Experiment2 MAL335 #1 norm,,0.975469742970461,0.0113760870881388
Norm,Experiment2 MAL335 #2 norm,,0.954847120621965,0.0132590813799987
Norm,Experiment2 MAL335 #3 norm,,0.959417191125174,0.0125265143154663
Norm,Experiment2 MAL335 #4 norm,,0.99849714091749,0.0119356861798984
Norm,Experiment2 MAL335 #5 norm,,0.942575410292239,0.0141712746080589
Norm,Experiment2 MAL335 #6 norm,,0.941295999897251,0.0145745030937154
Norm,Experiment2 MAL335 #7 norm,,0.982135469202492,0.0209650301112819
Norm,Experiment2 MAL335 #8 norm,,1.01530145160302,0.0420166204791446
Norm,Experiment2 ASP334 #1 norm,,0.961703412615261,0.0155737538925711
Norm,Experiment2 ASP334 #2 norm,,0.967355852599358,0.022530984559833
Norm,Experiment2 ASP334 #3 norm,,0.99381413158135,0.0177286335513423
Norm,Experiment2 ASP334 #4 norm,,0.953067880780994,0.0208408146018566
Norm,Experiment2 ASP334 #5 norm,,0.973038790456537,0.0241139362594278
Norm,Experiment2 ASP334 #6 norm,,0.976390909361321,0.062972951796764
Norm,Experiment2 ASP334 #7 norm,,0.997424935187414,0.0644372377031107
Norm,Experiment2 ASP334 #8 norm,,0.963958573124316,0.0351022395313558
Norm,Experiment2 GLU348 #1 norm,,0.984545914992544,0.011751008011455
Norm,Experiment2 GLU348 #2 norm,,0.99295980928826,0.0123741744113945
Norm,Experiment2 GLU348 #3 norm,,1.00064630305477,0.0116915436467213
Norm,Experiment2 GLU348 #4 norm,,0.956057021952196,0.0151491212984508
Norm,Experiment2 GLU348 #5 norm,,0.977644853234925,0.0297958472604851
Norm,Experiment2 GLU348 #6 norm,,1.00259784435224,0.0152645979629537
Norm,Experiment2 GLU348 #7 norm,,0.876944519012298,0.0207895333355588
Norm,Experiment2 GLU348 #8 norm,,0.886443895174829,0.0494381973955848
Norm,Experiment2 THR320 #1 norm,,0.997140978844985,0.0101431055519655
Norm,Experiment2 THR320 #2 norm,,0.997194482193634,0.0116501498898929
Norm,Experiment2 THR320 #3 norm,,1.00376623054652,0.0104767832970126
Norm,Experiment2 THR320 #4 norm,,1.01486490965404,0.0112600577316529
Norm,Experiment2 THR320 #5 norm,,1.00828144889401,0.020194464583112
Norm,Experiment2 THR320 #6 norm,,0.982393189936084,0.0106407195629618
Norm,Experiment2 THR320 #7 norm,,0.968261186156379,0.0135135850262277
Norm,Experiment2 THR320 #8 norm,,0.97028527235954,0.0368135710509307
Norm,Experiment2 ALA116 #1 norm,,0.994678460925356,0.0100157632818388
Norm,Experiment2 ALA116 #2 norm,,1.02920191980395,0.010400107399434
Norm,Experiment2 ALA116 #3 norm,,1.02382341858059,0.0119659009039607
Norm,Experiment2 ALA116 #4 norm,,0.979165090725476,0.0260231884921017
Norm,Experiment2 ALA116 #5 norm,,1.17962528349467,0.0858753674663069
Norm,Experiment2 ALA116 #6 norm,,0.988386943384013,0.0734673203748708
Norm,Experiment2 ALA116 #7 norm,,0.994095064888544,0.0733758966063946
Norm,Experiment2 ALA116 #8 norm,,0.936757868347321,0.156419894128558
Norm,Experiment2 PYR #1 norm,,0.995509548574132,0.0125104580967735
Norm,Experiment2 PYR #2 norm,,0.944506176108137,0.0549956165374788
Norm,Experiment2 PYR #3 norm,,0.898277726155705,0.0523010097278178
Norm,Experiment2 PYR #4 norm,,1.07802003688219,0.051195600645633
Norm,Experiment2 PYR #5 norm,,1.09513123582505,0.131944987198275
Norm,Experiment2 PYR #6 norm,,0.978064977461854,0.14096965075046
Norm,Experiment2 PYR #7 norm,,1.01035994303146,0.068334553516266
Norm,Experiment2 PYR #8 norm,,0.951417896484559,0.0978058248707629
