type,id,eqn,val,std
Net flux,CO2.t,CO2.t -> CO2,66.0426784276113,1.52331168339813
Net flux,CO2_sink,dummy -> Sink,66.0426784276112,1.52331168339813
Net flux,RUBICSO_CO2,RUBP.p + CO2 -> 3PGA.p + 3PGA.p + dummy,67.7523313137958,1.52864705213587
Net flux,GAPDH.p net,3PGA.p <-> TP.p,137.455540273484,3.04327204318939
Exch flux,GAPDH.p exch,3PGA.p <-> TP.p,157315.214317229,74.2514527439801
Net flux,ALD,TP.p + E4P.p -> SBP,23.2895224859476,0.510830561310283
Net flux,SBP,SBP -> S7P.p,23.2895224859476,0.510830561310283
Net flux,FBA.p net,TP.p + TP.p <-> FBP.p,30.8001605147583,0.78396250608723
Exch flux,FBA.p exch,TP.p + TP.p <-> FBP.p,24557.1666708742,67.3834624286831
Net flux,PFK.p net,FBP.p <-> F6P.p,30.8001605147615,0.78396250608723
Exch flux,PFK.p exch,FBP.p <-> F6P.p,9.99941960344586e-08,2.46482034717026e-14
Net flux,TK1 net,TP.p + EC2 <-> X5P.p,46.5790449718952,1.02166112262057
Exch flux,TK1 exch,TP.p + EC2 <-> X5P.p,9.99999976158961e-08,3.33801445325733e-14
Net flux,TK2 net,S7P.p <-> R5P.p + EC2,23.2895224859476,0.510830561310283
Exch flux,TK2 exch,S7P.p <-> R5P.p + EC2,39.0058184926359,161.826968559736
Net flux,TK3 net,F6P.p <-> E4P.p + EC2,23.2895224859494,0.510830561310283
Exch flux,TK3 exch,F6P.p <-> E4P.p + EC2,8755.65875938018,90.6307920367823
Net flux,PPE net,X5P.p <-> RU5P.p,46.5790449718951,1.02166112262057
Exch flux,PPE exch,X5P.p <-> RU5P.p,73.573797781881,129.899353283215
Net flux,PPI net,R5P.p <-> RU5P.p,23.2895224859476,0.510830561310283
Exch flux,PPI exch,R5P.p <-> RU5P.p,249.883693078608,220.914275345279
Net flux,PRK,RU5P.p -> RUBP.p,69.8685674578429,1.5324916839309
Net flux,RUBISCO_O2,RUBP.p -> 3PGA.p + 2PG.p,2.11623614404711,0.0843885900312754
Net flux,GLYdil net,GLY.p <-> GLY.x + dummyGLY,0.0152509954251556,0.00170102046876707
Exch flux,GLYdil exch,GLY.p <-> GLY.x + dummyGLY,1.0000000116861e-07,0
Net flux,SERdil net,SER.p <-> SER.x + dummySER,0.0521486354342144,0.00581638926432526
Exch flux,SERdil exch,SER.p <-> SER.x + dummySER,9.99859608441511e-08,3.27924052633521e-14
Net flux,GK,GA.p -> 3PGA.p,0.472878448752048,0.104329498056738
Net flux,PGI.p net,F6P.p <-> G6P.p,7.51063802881502,0.411869465684635
Exch flux,PGI.p exch,F6P.p <-> G6P.p,9.99940183987746e-08,2.98143144408983e-14
Net flux,PGM.p,G6P.p -> ADPG.p,7.51063802881502,0.411869465684635
Net flux,Starch,ADPG.p -> Starch,7.510638028815,0.411869465684635
Net flux,FBA.c net,TP.c + TP.c <-> FBP.c,2.99332589305779,0.333860739698771
Exch flux,FBA.c exch,TP.c + TP.c <-> FBP.c,34.2792702606905,229.295641559771
Net flux,PFK.c net,FBP.c <-> F6P.c,2.9933258930578,0.333860739698771
Exch flux,PFK.c exch,FBP.c <-> F6P.c,26.2111684180606,101.077936434985
Net flux,PGI.c net,F6P.c <-> G6P.c,1.49666294652894,0.166930369849386
Exch flux,PGI.c exch,F6P.c <-> G6P.c,245.094350088751,97.6175162613382
Net flux,PGM.c net,G6P.c <-> UDPG.c,1.49666294652707,0.166930369849386
Exch flux,PGM.c exch,G6P.c <-> UDPG.c,48486.2146317818,221.724745454477
Net flux,SPS,F6P.c + UDPG.c -> S6P,1.49666294652886,0.166930369849386
Net flux,PGAM.c net,3PGA.c <-> PEP.c,0.638236946917724,0.0711857869186115
Exch flux,PGAM.c exch,3PGA.c <-> PEP.c,1.0000166184021e-07,120.269703871035
Net flux,PK.c,PEP.c -> PYR.c,0.289709046560724,0.0323127116917669
Net flux,PDH,PYR.c + dummy -> ACA + CO2,0.241112400686421,0.0268924825827347
Net flux,CS,OAA + ACA -> CIT,0.241112400686417,0.0268924825827347
Net flux,ACO net,CIT <-> ICI,0.241112400686461,0.0268924825827347
Exch flux,ACO exch,CIT <-> ICI,1657.50686336735,217.101107640614
Net flux,IDH,ICI + dummy -> AKG + CO2,0.241112400686434,0.0268924825827347
Net flux,MDH net,MAL <-> OAA,7.105427357601e-15,0
Exch flux,MDH exch,MAL <-> OAA,0.257911655126328,0.204722959366895
Net flux,PPC,PEP.c + CO2 -> OAA + dummy,0.348527900358341,0.0388730752268674
Net flux,T_3PGA net,3PGA.p <-> 3PGA.c,0.638236946917701,0.0711857869186115
Exch flux,T_3PGA exch,3PGA.p <-> 3PGA.c,1.0000000116861e-07,0
Net flux,T_DHAP net,TP.p <-> TP.c,5.98665178611562,0.667721479397542
Exch flux,T_DHAP exch,TP.p <-> TP.c,11.5799151737155,5.5605783118622
Net flux,ALT,PYR.c -> ALA.c,0.0485966458739294,0.00542022910901448
Net flux,ASPT,OAA -> ASP,0.107415499672586,0.0119805926440981
Net flux,GLUDH,AKG -> GLU,0.24111240068641,0.0268924825827347
Net flux,PCR net,GLU <-> PRO,-2.48689957516035e-14,0
Exch flux,PCR exch,GLU <-> PRO,1.0000000116861e-07,0
Net flux,GS net,GLU <-> GLN,0,0
Exch flux,GS exch,GLU <-> GLN,1.00042015560575e-07,0
Net flux,TS net,ASP <-> THR,0,0
Exch flux,TS exch,ASP <-> THR,8.42784030297139e-05,0.64573141828931
Net flux,AS net,ASP <-> ASN,1.06581410364015e-14,0
Exch flux,AS exch,ASP <-> ASN,0.0257390450595842,0.0388492646567504
Net flux,G_3PGA.p,0*3PGA.p -> 3PGA,2.46866320452455e-06,289.873982271808
Net flux,G_3PGA.c,0*3PGA.c -> 3PGA,92.9119081390996,187.390806864263
Net flux,G_DHAP.p,0*TP.p -> TP,40.6853798422419,289.652579848782
Net flux,G_DHAP.c,0*TP.c -> TP,51.8471856996948,201.950019685055
Net flux,G_F6P.p,0*F6P.p -> F6P,48.6686345030749,296.567827471401
Net flux,G_F6P.c,0*F6P.c -> F6P,36.546576817712,207.806428292729
Net flux,G_FBP.p,0*FBP.p -> FBP,2.46866150632741e-06,287.264636556173
Net flux,G_FBP.c,0*FBP.c -> FBP,83.4512310484631,200.965880754913
Net flux,G_G6P.p,0*G6P.p -> G6P,19.0549768397257,324.920444770949
Net flux,G_G6P.c,0*G6P.c -> G6P,58.8549499993082,214.607201666365
Net flux,G_RU5P.p,0*RU5P.p -> P5P,2.4686539212837e-06,309.544320439423
Net flux,G_X5P.p,0*X5P.p -> P5P,92.8477691487056,198.522931372869
Net flux,G_R5P.p,0*R5P.p -> R5P,82.2810779884949,216.285283534254
Net flux,G_GA.p,0*GA.p -> GA,32.7795971061307,4.21365452056603
Net flux,G_SER.p,0*SER.p -> SER,82.7601258411553,215.95009900159
Net flux,G_GLY.p,0*GLY.p -> GLY,9.99999940631824e-08,1.8433728356023e-15
Net flux,G_RUBP.p,0*RUBP.p -> RUBP,92.5302752673063,209.844967668033
Net flux,G_S7P.p,0*S7P.p -> S7P,98.4567310636212,211.275917509454
Net flux,G_2PG.p,0*2PG.p -> 2PG,87.0427532706349,216.521690499671
Net flux,G_ADPG.p,0*ADPG.p -> ADPG,95.0805622183481,233.841973241775
Net flux,G_PEP.c,0*PEP.c -> PEP,89.2305410445615,227.945083767993
Net flux,G_UDPG.c,0*UDPG.c -> UDPG,72.4268033045549,226.6963299862
Net flux,G_ALA.c,0*ALA.c -> ALA,80.7805363776071,10.9173167891379
Net flux,(1-G)_GA,0*GA.x -> GA,67.2204028938713,4.21365452056603
Net flux,(1-G)_SER,0*SER.x -> SER,17.2398708632104,5.35103772010148
Net flux,(1-G)_GLY,0*GLY.x -> GLY,46.406912154624,5.99507157734343
Net flux,(1-G)_R5P,0*R5P.x -> R5P,17.718922011502,216.285283534254
Net flux,(1-G)_RUBP,0*RUBP.x -> RUBP,7.46972473269241,209.844967668033
Net flux,(1-G)_3PGA,0*3PGA.x -> 3PGA,7.08808939223748,218.527052851747
Net flux,(1-G)_TP,0*TP.x -> TP,7.46743445806384,211.098657492425
Net flux,(1-G)_F6P,0*F6P.x -> F6P,14.7847886792169,214.23013538551
Net flux,(1-G)_FBP,0*FBP.x -> FBP,16.5487664828702,214.916244810728
Net flux,(1-G)_G6P,0*G6P.x -> G6P,22.0900731609643,224.769198048617
Net flux,(1-G)_RU5P,0*RU5P.x -> P5P,7.15222838264189,224.008286041466
Net flux,(1-G)_S7P,0*S7P.x -> S7P,1.5432689363768,211.275917509454
Net flux,(1-G)_2PG,0*2PG.x -> 2PG,12.9572467293675,216.521690499671
Net flux,(1-G)_ADPG,0*ADPG.x -> ADPG,4.91943778165088,233.841973241775
Net flux,(1-G)_PEP,0*PEP.x -> PEP,10.7694589554367,227.945083767993
Net flux,(1-G)_UDPG,0*UDPG.x -> UDPG,27.5731966954463,226.6963299862
Net flux,(1-G)_ALA,0*ALA.x -> ALA,19.2194636223927,10.9173167891379
Net flux,PGASink,3PGA -> Sink,100,0
Net flux,DHAPSink,TP -> Sink,100.000000000001,0
Net flux,F6PSink,F6P -> Sink,100.000000000004,0
Net flux,FBPSink,FBP -> Sink,99.9999999999948,0
Net flux,G6PSink,G6P -> Sink,99.9999999999983,0
Net flux,P5PSink,P5P -> Sink,100.000000000001,0
Net flux,R5PSink,R5P -> Sink,99.9999999999968,0
Net flux,GASink,GA -> Sink,100.000000000002,0
Net flux,SERSink,SER -> Sink,99.9999999999996,0
Net flux,GLYSink,GLY -> Sink,100.000000000001,0
Net flux,RUBPSink,RUBP -> Sink,99.9999999999987,0
Net flux,S7PSink,S7P -> Sink,99.9999999999979,0
Net flux,2PGSink,2PG -> Sink,100.000000000002,0
Net flux,ADPGSink,ADPG -> Sink,99.9999999999989,0
Net flux,PEPSink,PEP -> Sink,99.9999999999983,0
Net flux,UDPGSink,UDPG -> Sink,100.000000000001,0
Net flux,ALASink,ALA -> Sink,99.9999999999998,0
Net flux,S6Pout-LL,S6P + 0.1611*GLU + 0.07177*ASP + 0.03247*ALA.c + 0.01019*dummyGLY + 0.03484*dummySER -> Sink,1.4966629465289,0.166930369849386
Net flux,PGP.p,2PG.p -> Glyc.p,2.11623614404713,0.0843885900312754
Net flux,GOX,Glyc.p -> Glyx.p,2.11623614404715,0.0843885900312754
Net flux,GGT,Glyx.p -> GLY.p,2.11623614404714,0.0843885900312754
Net flux,SGAT,SER.p -> HPA.p,0.472878448752037,0.104329498056738
Net flux,HPR.p,HPA.p -> GA.p,0.472878448752032,0.104329498056738
Net flux,T_GLY-m net,GLY.p <-> GLY.m,2.10149616436684,213.170148125873
Exch flux,T_GLY-m exch,GLY.p <-> GLY.m,27368.2787878801,222.65281534262
Net flux,GDC.m,GLY.m + dummy -> myTHF.m + CO2,1.57595598517126,0.114921939473022
Net flux,T_SER-m net,SER.p <-> SER.m,-1.57595598517128,0.114921939473022
Exch flux,T_SER-m exch,SER.p <-> SER.m,1737.57079353536,223.564052834412
Net flux,mSHMT,GLY.m + myTHF.m -> SER.m,1.57595598517126,0.114921939473022
Net flux,T_SER-c net,SER.p <-> SER.c,1.05092890098501,0.202273152376074
Exch flux,T_SER-c exch,SER.p <-> SER.c,1.00000000280431e-07,9.05372804974758e-15
Net flux,T_Gly-c net,GLY.p <-> GLY.c,-0.000511015748403842,213.17013140943
Exch flux,T_Gly-c exch,GLY.p <-> GLY.c,9.99999998363421e-08,0
Net flux,cSHMT,SER.c -> GLY.c + meTHF.c,1.05092880099886,0.20227315237652
Net flux,FmTHF-reductase net,meTHF.c <-> FmTHF.c,1.05092880099886,0.20227315237652
Exch flux,FmTHF-reductase exch,meTHF.c <-> FmTHF.c,6.35532731980813,218.242167674148
Net flux,Met-synthase,FmTHF.c + Hcy.c -> Met.c,1.05092880099884,0.20227315237652
Net flux,SAM-synthase,Met.c -> SAM.c,1.05092880099885,0.20227315237652
Net flux,Methylation,SAM.c -> SAH.c + Acceptor.c,1.05092880099884,0.20227315237652
Net flux,hydrolysis,SAH.c -> Hcy.c,1.05092880099884,0.20227315237652
Net flux,G_SER.m,0*SER.m -> SER,1.0000000116861e-07,0
Net flux,G_SER.c,0*SER.c -> SER,3.19563382333854e-06,215.883792012398
Net flux,G_Gly.m,0*GLY.m -> GLY,1.0000000116861e-07,0
Net flux,G_Gly.c,0*GLY.c -> GLY,53.5930876453772,5.99507157734343
Net flux,T_GLY-c-m,GLY.c -> GLY.m,1.05041580597216,213.170227375975
Net flux,G_Glyc,0*Glyc.p -> Glyc,12.4496001701303,2.6376040682981
Net flux,G_Glyx,0*Glyx.p -> Glyx,1.25742782348668,0.669228474612845
Net flux,G_HPA,0*HPA.p -> HPA,9.17695519651089,1.92504252197845
Net flux,(1-G)_Glyc,0*Glyc.x -> Glyc,87.5503998298703,2.6376040682981
Net flux,(1-G)_Glyx,0*Glyx.x -> Glyx,98.7425721765142,0.669228474612845
Net flux,(1-G)_HPA,0*HPA.x -> HPA,90.823044803489,1.92504252197845
Net flux,GlycSink,Glyc -> Sink,100.000000000001,0
Net flux,GlyxSink,Glyx -> Sink,100.000000000001,0
Net flux,HPASink,HPA -> Sink,99.9999999999998,0
Net flux,SERex,dummySER -> outSER,1.00085705501129e-07,1.35982376704611e-14
Net flux,G_PYR,0*PYR.c -> PYR,35.8079743650465,2.68540804464964
Net flux,(1-G)_PYR,0*PYR.x -> PYR,64.1920256349538,2.68540804464964
Net flux,PYRSink,PYR -> Sink,100,0
Net flux,G_meTHF,0*meTHF.c -> meTHF,86.1947057129734,5.28937087224865
Net flux,G_FmTHF,0*FmTHF.c -> FmTHF,87.4827798006541,5.68922216458144
Net flux,G_Met,0*Met.c -> Met,61.3348286107322,4.88018353228257
Net flux,G_SAM,0*SAM.c -> SAM,53.5670137330256,3.72261348030556
Net flux,(1-G)_meTHF,0*meTHF.x -> meTHF,13.8052942870266,5.28937087224865
Net flux,(1-G)_FmTHF,0*FmTHF.x -> FmTHF,12.517220199346,5.68922216458144
Net flux,(1-G)_Met,0*Met.x -> Met,38.6651713892678,4.88018353228257
Net flux,(1-G)_SAM,0*SAM.x -> SAM,46.4329862669744,3.72261348030556
Net flux,meTHFSink,meTHF -> Sink,99.9999999999999,0
Net flux,FmTHFSink,FmTHF -> Sink,100,0
Net flux,MetSink,Met -> Sink,100,0
Net flux,SAMsink,SAM -> Sink,100,0
Net flux,Met-protein,Met.c -> Protein,6.51983996113883e-15,0
Net flux,GLY-protein,GLY.c -> Protein,1.97927831901978e-06,1.07216565928439e-14
Net flux,SER-protein,SER.c -> Protein,9.99861509143329e-08,3.56329928840408e-14
Pool,2PG pool,,0,0
Pool,2PG.p pool,,3.94726063609299e-07,208.6702972776
Pool,2PG.x pool,,1,Inf
Pool,3PGA pool,,0,0
Pool,3PGA.c pool,,1.3519951834535e-05,224.939099134953
Pool,3PGA.p pool,,1.70342497802325e-06,217.967342472251
Pool,3PGA.x pool,,1,Inf
Pool,ACA pool,,1.79422297554653e-06,228.512346596334
Pool,ADPG pool,,0,0
Pool,ADPG.p pool,,9.9999999999999e-08,Inf
Pool,ADPG.x pool,,1,Inf
Pool,AKG pool,,9.12337642845765e-07,218.049936993244
Pool,ALA pool,,0,0
Pool,ALA.c pool,,0.0149568585316809,0.0045172282901085
Pool,ALA.x pool,,1,Inf
Pool,ASN pool,,7597.92232802007,223.66779585295
Pool,ASP pool,,0.0283891001022056,0.0135381647214086
Pool,Acceptor.c pool,,1,Inf
Pool,CIT pool,,4.89643948383103,1.82729036319006
Pool,CO2 pool,,6.13887482472215e-06,209.529537290679
Pool,CO2.t pool,,1,Inf
Pool,E4P.p pool,,0,0
Pool,EC2 pool,,0,0
Pool,F6P pool,,0,0
Pool,F6P.c pool,,3.82601424323999e-06,218.015977850762
Pool,F6P.p pool,,9.5366087583433e-07,221.428959844463
Pool,F6P.x pool,,1,Inf
Pool,FBP pool,,0,0
Pool,FBP.c pool,,3.40547575266904e-06,237.18546765569
Pool,FBP.p pool,,1.03905823621975e-06,226.264654478587
Pool,FBP.x pool,,1,Inf
Pool,FmTHF pool,,5.25216311128843,2.33392477536047
Pool,FmTHF.c pool,,3.23452815073216e-07,217.849048013221
Pool,FmTHF.x pool,,1,Inf
Pool,G6P pool,,0,0
Pool,G6P.c pool,,9.87553037891183e-06,228.761280667828
Pool,G6P.p pool,,3.61040387351709e-06,226.851476702728
Pool,G6P.x pool,,1,Inf
Pool,GA pool,,0,0
Pool,GA.p pool,,1e-07,0
Pool,GA.x pool,,1,Inf
Pool,GLN pool,,8.83867754873062,215.926213368244
Pool,GLU pool,,9.12337558084829e-07,222.02434528789
Pool,GLY pool,,0,0
Pool,GLY.c pool,,1.02332664012575e-07,218.890505957759
Pool,GLY.m pool,,9.99999999994061e-08,0
Pool,GLY.p pool,,1.00000000000002e-07,0
Pool,GLY.x pool,,1,Inf
Pool,Glyc pool,,13.8227972534683,7.07415572570623
Pool,Glyc.p pool,,4.2112502038372e-07,215.51631554601
Pool,Glyc.x pool,,1,Inf
Pool,Glyx pool,,0.0259859973094718,225.453342036563
Pool,Glyx.p pool,,7.23386205593404e-07,230.909400211673
Pool,Glyx.x pool,,1,Inf
Pool,HPA pool,,8.75639864338419e-05,222.926130493773
Pool,HPA.p pool,,1e-07,0
Pool,HPA.x pool,,1,Inf
Pool,Hcy.c pool,,1,Inf
Pool,ICI pool,,0.00262478967914666,222.639306488147
Pool,MAL pool,,1.19296753820345,0.623956822726262
Pool,Met pool,,5.67835640069363e-05,223.086686850365
Pool,Met.c pool,,4.19223173044604e-07,224.994766246614
Pool,Met.x pool,,1,Inf
Pool,OAA pool,,0.0251569316478347,0.0196321575752435
Pool,P5P pool,,0,0
Pool,PEP pool,,0,0
Pool,PEP.c pool,,0.00107032268507545,220.557705272127
Pool,PEP.x pool,,1,Inf
Pool,PRO pool,,5.39499638255911,212.123559743388
Pool,PYR pool,,1e-07,0
Pool,PYR.c pool,,0.0147814375226574,0.00403826495853955
Pool,PYR.x pool,,1,Inf
Pool,Protein pool,,1,Inf
Pool,R5P pool,,0,0
Pool,R5P.p pool,,1.1984828897003e-06,207.192954391245
Pool,R5P.x pool,,1,Inf
Pool,RU5P.p pool,,1.00204601669424e-06,221.010029100705
Pool,RU5P.x pool,,1,Inf
Pool,RUBP pool,,0,0
Pool,RUBP.p pool,,9.98486449376704e-07,236.557573619841
Pool,RUBP.x pool,,1,Inf
Pool,S6P pool,,1,Inf
Pool,S7P pool,,0,0
Pool,S7P.p pool,,7.43588161838833e-07,220.968696895833
Pool,S7P.x pool,,1,Inf
Pool,SAH.c pool,,1,Inf
Pool,SAM pool,,0.00123471607655729,219.588710641983
Pool,SAM.c pool,,1.86586957185169e-06,212.662034615168
Pool,SAM.x pool,,1,Inf
Pool,SBP pool,,0,0
Pool,SER pool,,0,0
Pool,SER.c pool,,1.00000000002876e-07,0
Pool,SER.m pool,,0.526160464736662,0.0473053426034658
Pool,SER.p pool,,0.000257507408012312,222.560716280585
Pool,SER.x pool,,1,Inf
Pool,Sink pool,,1,Inf
Pool,Starch pool,,1,Inf
Pool,THR pool,,0.000599316543324822,4.59001751613811
Pool,TP pool,,0,0
Pool,TP.c pool,,3.54839711724299e-06,218.994167892748
Pool,TP.p pool,,1.72722798032704e-06,224.625113211783
Pool,TP.x pool,,1,Inf
Pool,UDPG pool,,0,0
Pool,UDPG.c pool,,0.628773040324491,0.160255440029264
Pool,UDPG.x pool,,1,Inf
Pool,X5P.p pool,,1.02899552099742e-06,220.519102239955
Pool,dummy pool,,1,Inf
Pool,dummyGLY pool,,1,Inf
Pool,dummySER pool,,1,Inf
Pool,meTHF pool,,3.98645292709992e-05,219.917553964653
Pool,meTHF.c pool,,2.94372605239409e-07,235.712526983217
Pool,meTHF.x pool,,1,Inf
Pool,myTHF.m pool,,1.00000000002876e-07,0
Pool,outSER pool,,1,Inf
Norm,Experiment2 Glyc205 #1 norm,,0.952327974107795,0.0343432484760539
Norm,Experiment2 Glyc205 #2 norm,,0.962556826142733,0.0148998868389025
Norm,Experiment2 Glyc205 #3 norm,,0.988971442231128,0.0219469150940731
Norm,Experiment2 Glyc205 #4 norm,,1.00633385440871,0.0216031657081782
Norm,Experiment2 Glyc205 #5 norm,,1.00926636691162,0.0241715759859825
Norm,Experiment2 Glyc205 #6 norm,,0.997556371194285,0.025093849991351
Norm,Experiment2 Glyc205 #7 norm,,1.00765828547261,0.0360763778808252
Norm,Experiment2 Glyc205 #8 norm,,0.849133599627403,0.104145752570348
Norm,Experiment2 Glyx160 #1 norm,,0.992027781921765,0.0112834175744218
Norm,Experiment2 Glyx160 #2 norm,,1.01338203818208,0.01314814629967
Norm,Experiment2 Glyx160 #3 norm,,0.990201670200773,0.0135839038538004
Norm,Experiment2 Glyx160 #4 norm,,0.980329367832506,0.0166627180612661
Norm,Experiment2 Glyx160 #5 norm,,0.987779259793052,0.0148358633661013
Norm,Experiment2 Glyx160 #6 norm,,0.985106317663408,0.0199502103916774
Norm,Experiment2 Glyx160 #7 norm,,0.995427486978879,0.0270930092500767
Norm,Experiment2 Glyx160 #8 norm,,0.773254911884392,0.105098463597726
Norm,Experiment2 GLY276 #1 norm,,1.02218717726026,0.0107062525599573
Norm,Experiment2 GLY276 #2 norm,,0.957760467745488,0.0200135891179493
Norm,Experiment2 GLY276 #3 norm,,0.984697773471752,0.0165023550866325
Norm,Experiment2 GLY276 #4 norm,,0.999553862694615,0.0163601897078491
Norm,Experiment2 GLY276 #5 norm,,1.00058227100988,0.0369372218527936
Norm,Experiment2 GLY276 #6 norm,,1.0796007126633,0.0878993057787647
Norm,Experiment2 GLY276 #7 norm,,0.978144545316391,0.105231057184123
Norm,Experiment2 GLY276 #8 norm,,0.999824120577834,0.20369087623581
Norm,Experiment2 HPA262 #1 norm,,0.94811306990962,0.0194496929614942
Norm,Experiment2 HPA262 #2 norm,,0.964456116462599,0.024320289815468
Norm,Experiment2 HPA262 #3 norm,,0.994166964250632,0.0247837945799204
Norm,Experiment2 HPA262 #4 norm,,0.943331911493535,0.0279356011587582
Norm,Experiment2 HPA262 #5 norm,,0.966241319256698,0.0219983397671521
Norm,Experiment2 HPA262 #6 norm,,0.976887608548215,0.0289337463904323
Norm,Experiment2 HPA262 #7 norm,,1.01564621898184,0.0242381300449699
Norm,Experiment2 HPA262 #8 norm,,0.929668950058781,0.0391540488486106
Norm,Experiment2 GA307 #1 norm,,0.997678762084185,0.0108096570739353
Norm,Experiment2 GA307 #2 norm,,0.85972219380583,0.0273556163467143
Norm,Experiment2 GA307 #3 norm,,0.860303718999839,0.0214811274821332
Norm,Experiment2 GA307 #4 norm,,0.964444298901041,0.0254992532676118
Norm,Experiment2 GA307 #5 norm,,0.943842508246927,0.0755428378025071
Norm,Experiment2 GA307 #6 norm,,0.940978001831911,0.105868248671349
Norm,Experiment2 GA307 #7 norm,,0.895994494272961,0.0658928880678338
Norm,Experiment2 GA307 #8 norm,,1.0514116817969,0.193670536238379
Norm,Experiment2 SER306 #1 norm,,0.952192147161263,0.0121240657957152
Norm,Experiment2 SER306 #2 norm,,0.990120965227446,0.0363675475495227
Norm,Experiment2 SER306 #3 norm,,1.02093977043604,0.0197414452000639
Norm,Experiment2 SER306 #4 norm,,1.0343418111079,0.0252404532747984
Norm,Experiment2 SER306 #5 norm,,0.996828941134979,0.0605403884790252
Norm,Experiment2 SER306 #6 norm,,1.03613903751177,0.116818261079718
Norm,Experiment2 SER306 #7 norm,,0.943859203891928,0.0901934695803532
Norm,Experiment2 SER306 #8 norm,,1.02614553059037,0.123630949876173
Norm,Experiment2 meTHF #1 norm,,0.997208600443327,0.00990081225744958
Norm,Experiment2 meTHF #2 norm,,0.990221305191739,0.0140526774238425
Norm,Experiment2 meTHF #3 norm,,0.968334654507416,0.0263646481236379
Norm,Experiment2 meTHF #4 norm,,1.01439952718019,0.0267810908522661
Norm,Experiment2 meTHF #5 norm,,0.926401725135418,0.0741081669032973
Norm,Experiment2 meTHF #6 norm,,1.01819988752688,0.187103541268894
Norm,Experiment2 meTHF #7 norm,,0.99885825241039,0.19444253791926
Norm,Experiment2 meTHF #8 norm,,0.994682717101725,0.0752960186741108
Norm,Experiment2 FmTHF #1 norm,,0.998941731550518,0.0097548442339467
Norm,Experiment2 FmTHF #2 norm,,1.00923477809406,0.0117188673492941
Norm,Experiment2 FmTHF #3 norm,,1.0148053432278,0.0101248587543339
Norm,Experiment2 FmTHF #4 norm,,1.01712754069956,0.0228868939057838
Norm,Experiment2 FmTHF #5 norm,,0.939444366881142,0.0373336098175781
Norm,Experiment2 FmTHF #6 norm,,1.03913147282051,0.069453949748577
Norm,Experiment2 FmTHF #7 norm,,0.995153554898589,0.113723213330349
Norm,Experiment2 FmTHF #8 norm,,0.988017140206708,0.0782159060660794
Norm,Experiment2 Met176 #1 norm,,1.0038484236447,0.0232850823969267
Norm,Experiment2 Met176 #2 norm,,0.985180121749188,0.0372038630174621
Norm,Experiment2 Met176 #3 norm,,0.916714594482181,0.0341751527734796
Norm,Experiment2 Met176 #4 norm,,0.996054883472792,0.0974124106849936
Norm,Experiment2 Met176 #5 norm,,0.910382082963751,0.0704746681869865
Norm,Experiment2 Met176 #6 norm,,1.00624730653088,0.0333154790624584
Norm,Experiment2 Met176 #7 norm,,0.994075297020078,0.062812047402296
Norm,Experiment2 Met176 #8 norm,,0.994714119986984,0.16524208234845
Norm,Experiment2 SAM #1 norm,,1.0127216085994,0.0147496996156934
Norm,Experiment2 SAM #2 norm,,0.984660076171088,0.0218590791954862
Norm,Experiment2 SAM #3 norm,,0.972948596521792,0.0348266242029755
Norm,Experiment2 SAM #4 norm,,0.967273700891416,0.0454100765201812
Norm,Experiment2 SAM #5 norm,,1.03183008905658,0.0227318345090879
Norm,Experiment2 SAM #6 norm,,0.964960574926274,0.0598033452418312
Norm,Experiment2 SAM #7 norm,,0.966336095759932,0.0730903435038133
Norm,Experiment2 SAM #8 norm,,1.00209494578679,0.0669401315375739
Norm,Experiment2 CIT465 #1 norm,,0.971201264252029,0.0121196901490907
Norm,Experiment2 CIT465 #2 norm,,0.960103852801094,0.0102381782465891
Norm,Experiment2 CIT465 #3 norm,,0.99665931837712,0.0134161084842954
Norm,Experiment2 CIT465 #4 norm,,0.999989390677863,0.0130950738056385
Norm,Experiment2 CIT465 #5 norm,,0.995834386349573,0.0157832299131167
Norm,Experiment2 CIT465 #6 norm,,0.999430888244525,0.0115062522241632
Norm,Experiment2 CIT465 #7 norm,,1.01364063467543,0.0157929509768761
Norm,Experiment2 CIT465 #8 norm,,1.02272962135888,0.0220774470817095
Norm,Experiment2 MAL335 #1 norm,,0.972967231263724,0.0115371832052311
Norm,Experiment2 MAL335 #2 norm,,0.973072563687331,0.0133287978784303
Norm,Experiment2 MAL335 #3 norm,,0.997216560616054,0.0132000109253682
Norm,Experiment2 MAL335 #4 norm,,1.00936985802055,0.0122014785949939
Norm,Experiment2 MAL335 #5 norm,,0.974943785621088,0.0157063775270902
Norm,Experiment2 MAL335 #6 norm,,1.01121450976271,0.015992801615572
Norm,Experiment2 MAL335 #7 norm,,0.995290562928638,0.0209699311619088
Norm,Experiment2 MAL335 #8 norm,,1.01348174852793,0.0385879619864588
Norm,Experiment2 ASP334 #1 norm,,1.01999766907435,0.016509075879454
Norm,Experiment2 ASP334 #2 norm,,0.961455157093621,0.0234169374267092
Norm,Experiment2 ASP334 #3 norm,,0.956331016401095,0.0180729909677712
Norm,Experiment2 ASP334 #4 norm,,0.954916521928013,0.0230445973718472
Norm,Experiment2 ASP334 #5 norm,,0.955993634212744,0.0274464867997943
Norm,Experiment2 ASP334 #6 norm,,0.97635294254396,0.0587514499199492
Norm,Experiment2 ASP334 #7 norm,,0.969638946312992,0.0608643192903418
Norm,Experiment2 ASP334 #8 norm,,0.918076883423644,0.0305978432194227
Norm,Experiment2 GLU348 #1 norm,,1.00719527761617,0.0120958765121467
Norm,Experiment2 GLU348 #2 norm,,0.977972827700377,0.0119721762557843
Norm,Experiment2 GLU348 #3 norm,,1.01395658585458,0.0119520671539245
Norm,Experiment2 GLU348 #4 norm,,1.01974099361819,0.0157547796440585
Norm,Experiment2 GLU348 #5 norm,,1.00820764571628,0.0297228534979776
Norm,Experiment2 GLU348 #6 norm,,0.962415851754851,0.015090641114135
Norm,Experiment2 GLU348 #7 norm,,0.949231850853463,0.0228845990062942
Norm,Experiment2 GLU348 #8 norm,,0.86520323948505,0.0506182821519634
Norm,Experiment2 THR320 #1 norm,,0.993842147513049,0.0099877409567147
Norm,Experiment2 THR320 #2 norm,,0.973024518535926,0.0113799842499705
Norm,Experiment2 THR320 #3 norm,,1.00044572789921,0.0103191807127863
Norm,Experiment2 THR320 #4 norm,,0.989543139949483,0.0110967885870716
Norm,Experiment2 THR320 #5 norm,,0.949591036302527,0.0192960958412449
Norm,Experiment2 THR320 #6 norm,,1.01730576307231,0.0111903294554882
Norm,Experiment2 THR320 #7 norm,,1.00371194018265,0.0208223325557731
Norm,Experiment2 THR320 #8 norm,,1.02437955607278,0.0495933209494225
Norm,Experiment2 ALA116 #1 norm,,0.983383761797643,0.00982406402000268
Norm,Experiment2 ALA116 #2 norm,,1.00275242131455,0.0101179461450202
Norm,Experiment2 ALA116 #3 norm,,0.999504635071954,0.0109132954162782
Norm,Experiment2 ALA116 #4 norm,,1.00675546968639,0.026750253630175
Norm,Experiment2 ALA116 #5 norm,,1.09795090172673,0.0918827663075241
Norm,Experiment2 ALA116 #6 norm,,0.973238122764646,0.0729224959072414
Norm,Experiment2 ALA116 #7 norm,,1.00330493737667,0.0633561794620804
Norm,Experiment2 ALA116 #8 norm,,0.92731866221728,0.313846470379213
Norm,Experiment2 PYR #1 norm,,0.968437469145857,0.0125359300471767
Norm,Experiment2 PYR #2 norm,,0.953665493514388,0.0534412944175438
Norm,Experiment2 PYR #3 norm,,0.989624740904854,0.0654254368592807
Norm,Experiment2 PYR #4 norm,,1.04609436638352,0.0555108189999321
Norm,Experiment2 PYR #5 norm,,0.950465635222564,0.130353228234125
Norm,Experiment2 PYR #6 norm,,0.98659649935273,0.104950519751414
Norm,Experiment2 PYR #7 norm,,1.04988007016116,0.0761498577686741
Norm,Experiment2 PYR #8 norm,,0.915285190407977,0.0985662661035985
