type,id,eqn,val,std
Net flux,CO2.t,CO2.t -> CO2,67.8149083566549,1.53358997211135
Net flux,CO2_sink,dummy -> Sink,67.8149083566549,1.53358997211135
Net flux,RUBICSO_CO2,RUBP.p + CO2 -> 3PGA.p + 3PGA.p + dummy,69.4532153886721,1.53685626455979
Net flux,GAPDH.p net,3PGA.p <-> TP.p,140.542314192397,3.08519653934588
Exch flux,GAPDH.p exch,3PGA.p <-> TP.p,60009.5944760466,2954.26077928322
Net flux,ALD,TP.p + E4P.p -> SBP,23.879160484954,0.513638684978094
Net flux,SBP,SBP -> S7P.p,23.879160484954,0.513638684978094
Net flux,FBA.p net,TP.p + TP.p <-> FBP.p,31.5849015356107,0.806256377728259
Exch flux,FBA.p exch,TP.p + TP.p <-> FBP.p,22907.8936054721,2486.45015277778
Net flux,PFK.p net,FBP.p <-> F6P.p,31.5849015356138,0.806256377728259
Exch flux,PFK.p exch,FBP.p <-> F6P.p,1.00011249060117e-07,1.06193920348135e-12
Net flux,TK1 net,TP.p + EC2 <-> X5P.p,47.7583209699079,1.02727736995619
Exch flux,TK1 exch,TP.p + EC2 <-> X5P.p,1.0000000116861e-07,0
Net flux,TK2 net,S7P.p <-> R5P.p + EC2,23.8791604849539,0.513638684978094
Exch flux,TK2 exch,S7P.p <-> R5P.p + EC2,37.8704211019391,2984.15326341505
Net flux,TK3 net,F6P.p <-> E4P.p + EC2,23.8791604849557,0.513638684978094
Exch flux,TK3 exch,F6P.p <-> E4P.p + EC2,12775.6661815555,5349.55844050292
Net flux,PPE net,X5P.p <-> RU5P.p,47.7583209699079,1.02727736995619
Exch flux,PPE exch,X5P.p <-> RU5P.p,71.8686540915269,5388.45628260469
Net flux,PPI net,R5P.p <-> RU5P.p,23.879160484954,0.513638684978094
Exch flux,PPI exch,R5P.p <-> RU5P.p,242.528106578586,5297.43289248935
Net flux,PRK,RU5P.p -> RUBP.p,71.637481454862,1.54091605493428
Net flux,RUBISCO_O2,RUBP.p -> 3PGA.p + 2PG.p,2.1842660661899,0.0850546936935299
Net flux,GLYdil net,GLY.p <-> GLY.x + dummyGLY,0.0146099880749304,0.00166684194727176
Exch flux,GLYdil exch,GLY.p <-> GLY.x + dummyGLY,1.0000000116861e-07,0
Net flux,SERdil net,SER.p <-> SER.x + dummySER,0.596395654545091,0.510435050264833
Exch flux,SERdil exch,SER.p <-> SER.x + dummySER,0.056902704355636,0.746374114446592
Net flux,GK,GA.p -> 3PGA.p,0.0630288615895966,0.481766663582272
Net flux,PGI.p net,F6P.p <-> G6P.p,7.70574105065928,0.453694106775091
Exch flux,PGI.p exch,F6P.p <-> G6P.p,9.99960683145673e-08,5209.75658673363
Net flux,PGM.p,G6P.p -> ADPG.p,7.70574105065928,0.453694106775091
Net flux,Starch,ADPG.p -> Starch,7.70574105065926,0.453694106775091
Net flux,FBA.c net,TP.c + TP.c <-> FBP.c,2.86751483315312,0.327152490994602
Exch flux,FBA.c exch,TP.c + TP.c <-> FBP.c,20.7503484237609,288.611877891134
Net flux,PFK.c net,FBP.c <-> F6P.c,2.86751483315314,0.327152490994602
Exch flux,PFK.c exch,FBP.c <-> F6P.c,6.6346324159941,7.68307446991894
Net flux,PGI.c net,F6P.c <-> G6P.c,1.43375741657658,0.163576245497301
Exch flux,PGI.c exch,F6P.c <-> G6P.c,208.957777530719,3313.43284608993
Net flux,PGM.c net,G6P.c <-> UDPG.c,1.43375741656928,0.163576245497301
Exch flux,PGM.c exch,G6P.c <-> UDPG.c,48477.5489823785,4178.42274673189
Net flux,SPS,F6P.c + UDPG.c -> S6P,1.43375741657653,0.163576245497301
Net flux,PGAM.c net,3PGA.c <-> PEP.c,0.611411512725036,0.0697554543071567
Exch flux,PGAM.c exch,3PGA.c <-> PEP.c,0.0268872644670279,4178.42274731415
Net flux,PK.c,PEP.c -> PYR.c,0.277532423126481,0.0316634539047739
Net flux,PDH,PYR.c + dummy -> ACA + CO2,0.230978319809952,0.0263521331840858
Net flux,CS,OAA + ACA -> CIT,0.230978319809948,0.0263521331840858
Net flux,ACO net,CIT <-> ICI,0.230978319809992,0.0263521331840858
Exch flux,ACO exch,CIT <-> ICI,1319.55168476852,4178.42274673189
Net flux,IDH,ICI + dummy -> AKG + CO2,0.230978319809965,0.0263521331840858
Net flux,MDH net,MAL <-> OAA,7.105427357601e-15,0
Exch flux,MDH exch,MAL <-> OAA,0.185417548846509,0.177406422300227
Net flux,PPC,PEP.c + CO2 -> OAA + dummy,0.333879089598077,0.0380920003363215
Net flux,T_3PGA net,3PGA.p <-> 3PGA.c,0.611411512725013,0.0697554543071567
Exch flux,T_3PGA exch,3PGA.p <-> 3PGA.c,1.0000000116861e-07,0
Net flux,T_DHAP net,TP.p <-> TP.c,5.7350296663063,0.654304981989204
Exch flux,T_DHAP exch,TP.p <-> TP.c,2.37748219607066,1.00135119163273
Net flux,ALT,PYR.c -> ALA.c,0.046554103316269,0.00531132070812797
Net flux,ASPT,OAA -> ASP,0.102900769787768,0.0117398671567412
Net flux,GLUDH,AKG -> GLU,0.230978319809942,0.0263521331840858
Net flux,PCR net,GLU <-> PRO,-2.48689957516035e-14,0
Exch flux,PCR exch,GLU <-> PRO,1.0000000116861e-07,0
Net flux,GS net,GLU <-> GLN,0,0
Exch flux,GS exch,GLU <-> GLN,1.00042250039678e-07,0
Net flux,TS net,ASP <-> THR,0,0
Exch flux,TS exch,ASP <-> THR,0.0165464197944303,0.0284196562723831
Net flux,AS net,ASP <-> ASN,1.06581410364015e-14,0
Exch flux,AS exch,ASP <-> ASN,1.0000000116861e-07,0
Net flux,G_3PGA.p,0*3PGA.p -> 3PGA,2.4686631405757e-06,7476.67216304774
Net flux,G_3PGA.c,0*3PGA.c -> 3PGA,92.9119081394426,5161.78451628432
Net flux,G_DHAP.p,0*TP.p -> TP,40.6853798422419,7022.59418297763
Net flux,G_DHAP.c,0*TP.c -> TP,51.8471856996948,4564.75144334485
Net flux,G_F6P.p,0*F6P.p -> F6P,48.6686345030749,7730.62161887608
Net flux,G_F6P.c,0*F6P.c -> F6P,36.546576817712,5183.45396445109
Net flux,G_FBP.p,0*FBP.p -> FBP,2.46866146369484e-06,7516.84163931762
Net flux,G_FBP.c,0*FBP.c -> FBP,83.4512310507859,5059.75439669569
Net flux,G_G6P.p,0*G6P.p -> G6P,19.0549768397257,7596.87863303211
Net flux,G_G6P.c,0*G6P.c -> G6P,58.8549499993083,5117.62918225259
Net flux,G_RU5P.p,0*RU5P.p -> P5P,2.46865387154571e-06,7552.66966722948
Net flux,G_X5P.p,0*X5P.p -> P5P,92.8477691493217,5397.99145926608
Net flux,G_R5P.p,0*R5P.p -> R5P,82.2810779884949,5344.94182512524
Net flux,G_GA.p,0*GA.p -> GA,26.8909956416522,4.08396106166561
Net flux,G_SER.p,0*SER.p -> SER,79.0586952285404,7012.77804382089
Net flux,G_GLY.p,0*GLY.p -> GLY,1.00000008274037e-07,1.65504359261676e-12
Net flux,G_RUBP.p,0*RUBP.p -> RUBP,92.5302752673063,5410.52671843991
Net flux,G_S7P.p,0*S7P.p -> S7P,98.4567310636212,5249.43970672513
Net flux,G_2PG.p,0*2PG.p -> 2PG,87.0427532706349,4897.90707974859
Net flux,G_ADPG.p,0*ADPG.p -> ADPG,95.0805622183481,5387.21401892835
Net flux,G_PEP.c,0*PEP.c -> PEP,89.2305410445615,4904.44433348408
Net flux,G_UDPG.c,0*UDPG.c -> UDPG,72.4268033045549,5281.01461470382
Net flux,G_ALA.c,0*ALA.c -> ALA,63.0793720813383,4.93431371659826
Net flux,(1-G)_GA,0*GA.x -> GA,73.1090043583498,4.08396106166561
Net flux,(1-G)_SER,0*SER.x -> SER,20.9413046249187,5.18854984372535
Net flux,(1-G)_GLY,0*GLY.x -> GLY,55.533398605683,5.60568559715015
Net flux,(1-G)_R5P,0*R5P.x -> R5P,17.718922011502,5344.94182512524
Net flux,(1-G)_RUBP,0*RUBP.x -> RUBP,7.46972473269241,5410.52671843991
Net flux,(1-G)_3PGA,0*3PGA.x -> 3PGA,7.08808939189452,5211.40183497268
Net flux,(1-G)_TP,0*TP.x -> TP,7.46743445806384,5221.68381682345
Net flux,(1-G)_F6P,0*F6P.x -> F6P,14.7847886792169,5233.05473612016
Net flux,(1-G)_FBP,0*FBP.x -> FBP,16.5487664805475,5344.30324309881
Net flux,(1-G)_G6P,0*G6P.x -> G6P,22.0900731609643,5427.4733850876
Net flux,(1-G)_RU5P,0*RU5P.x -> P5P,7.15222838202583,5481.09224161596
Net flux,(1-G)_S7P,0*S7P.x -> S7P,1.5432689363768,5249.43970672513
Net flux,(1-G)_2PG,0*2PG.x -> 2PG,12.9572467293675,4897.90707974859
Net flux,(1-G)_ADPG,0*ADPG.x -> ADPG,4.91943778165087,5387.21401892835
Net flux,(1-G)_PEP,0*PEP.x -> PEP,10.7694589554367,4904.44433348408
Net flux,(1-G)_UDPG,0*UDPG.x -> UDPG,27.5731966954463,5281.01461470382
Net flux,(1-G)_ALA,0*ALA.x -> ALA,36.9206279186615,4.93431371659826
Net flux,PGASink,3PGA -> Sink,100,0
Net flux,DHAPSink,TP -> Sink,100.000000000001,0
Net flux,F6PSink,F6P -> Sink,100.000000000004,0
Net flux,FBPSink,FBP -> Sink,99.9999999999948,0
Net flux,G6PSink,G6P -> Sink,99.9999999999983,0
Net flux,P5PSink,P5P -> Sink,100.000000000001,0
Net flux,R5PSink,R5P -> Sink,99.9999999999968,0
Net flux,GASink,GA -> Sink,100.000000000002,0
Net flux,SERSink,SER -> Sink,99.9999999999996,0
Net flux,GLYSink,GLY -> Sink,100.000000000001,0
Net flux,RUBPSink,RUBP -> Sink,99.9999999999987,0
Net flux,S7PSink,S7P -> Sink,99.9999999999979,0
Net flux,2PGSink,2PG -> Sink,100.000000000002,0
Net flux,ADPGSink,ADPG -> Sink,99.9999999999989,0
Net flux,PEPSink,PEP -> Sink,99.9999999999983,0
Net flux,UDPGSink,UDPG -> Sink,100.000000000001,0
Net flux,ALASink,ALA -> Sink,99.9999999999998,0
Net flux,S6Pout-LL,S6P + 0.1611*GLU + 0.07177*ASP + 0.03247*ALA.c + 0.01019*dummyGLY + 0.03484*dummySER -> Sink,1.43375741657657,0.163576245497301
Net flux,PGP.p,2PG.p -> Glyc.p,2.18426606618992,0.0850546936935299
Net flux,GOX,Glyc.p -> Glyx.p,2.18426606618993,0.0850546936935299
Net flux,GGT,Glyx.p -> GLY.p,2.18426606618992,0.0850546936935299
Net flux,SGAT,SER.p -> HPA.p,0.0630288615895858,0.481766663582272
Net flux,HPR.p,HPA.p -> GA.p,0.0630288615895802,0.481766663582272
Net flux,T_GLY-m net,GLY.p <-> GLY.m,2.16969773042365,5369.33726268331
Exch flux,T_GLY-m exch,GLY.p <-> GLY.m,25887.6316225237,5100.65487619104
Net flux,GDC.m,GLY.m + dummy -> myTHF.m + CO2,1.51022948199439,0.123730173716555
Net flux,T_SER-m net,SER.p <-> SER.m,-1.51022948199443,0.123730173716555
Exch flux,T_SER-m exch,SER.p <-> SER.m,1109.51925669244,5364.24312338953
Net flux,mSHMT,GLY.m + myTHF.m -> SER.m,1.51022948199439,0.123730173716555
Net flux,T_SER-c net,SER.p <-> SER.c,0.850804965859699,0.223428249046837
Exch flux,T_SER-c exch,SER.p <-> SER.c,0.00680070580492842,0.74429038613952
Net flux,T_Gly-c net,GLY.p <-> GLY.c,-4.16523110833289e-05,5369.33726201068
Exch flux,T_Gly-c exch,GLY.p <-> GLY.c,9.99999998363421e-08,0
Net flux,cSHMT,SER.c -> GLY.c + meTHF.c,0.850804865859569,0.223428249598241
Net flux,FmTHF-reductase net,meTHF.c <-> FmTHF.c,0.850804865859571,0.223428249598241
Exch flux,FmTHF-reductase exch,meTHF.c <-> FmTHF.c,7.6090722785875,5174.02881063962
Net flux,Met-synthase,FmTHF.c + Hcy.c -> Met.c,0.85080486585955,0.223428249598241
Net flux,SAM-synthase,Met.c -> SAM.c,0.850804865859559,0.223428249598241
Net flux,Methylation,SAM.c -> SAH.c + Acceptor.c,0.850804865859554,0.223428249598241
Net flux,hydrolysis,SAH.c -> Hcy.c,0.850804865859546,0.223428249598241
Net flux,G_SER.m,0*SER.m -> SER,1.10056014079873e-07,5198.51164652925
Net flux,G_SER.c,0*SER.c -> SER,3.64844829903177e-08,5033.93732800656
Net flux,G_Gly.m,0*GLY.m -> GLY,1.0000000116861e-07,1.76053201091664e-13
Net flux,G_Gly.c,0*GLY.c -> GLY,44.4666011943182,5.60568559715015
Net flux,T_GLY-c-m,GLY.c -> GLY.m,0.850761233562731,5369.33726661791
Net flux,G_Glyc,0*Glyc.p -> Glyc,13.2189690657272,2.79989284430939
Net flux,G_Glyx,0*Glyx.p -> Glyx,1.94238968618605,0.587946891638496
Net flux,G_HPA,0*HPA.p -> HPA,5.34626219220136,1.98003773584426
Net flux,(1-G)_Glyc,0*Glyc.x -> Glyc,86.7810309342734,2.79989284430939
Net flux,(1-G)_Glyx,0*Glyx.x -> Glyx,98.0576103138148,0.587946891638496
Net flux,(1-G)_HPA,0*HPA.x -> HPA,94.6537378077985,1.98003773584426
Net flux,GlycSink,Glyc -> Sink,100.000000000001,0
Net flux,GlyxSink,Glyx -> Sink,100.000000000001,0
Net flux,HPASink,HPA -> Sink,99.9999999999998,0
Net flux,SERex,dummySER -> outSER,0.546438949524826,0.510766055203225
Net flux,G_PYR,0*PYR.c -> PYR,45.9150172164208,2.87676957689437
Net flux,(1-G)_PYR,0*PYR.x -> PYR,54.0849827835794,2.87676957689437
Net flux,PYRSink,PYR -> Sink,100,0
Net flux,G_meTHF,0*meTHF.c -> meTHF,99.9999998999999,0
Net flux,G_FmTHF,0*FmTHF.c -> FmTHF,74.4806879336017,5.30648672372371
Net flux,G_Met,0*Met.c -> Met,47.5212153817409,4.36959990661626
Net flux,G_SAM,0*SAM.c -> SAM,57.1879789886348,4.50081336450558
Net flux,(1-G)_meTHF,0*meTHF.x -> meTHF,1.0000000116861e-07,0
Net flux,(1-G)_FmTHF,0*FmTHF.x -> FmTHF,25.5193120663984,5.30648672372371
Net flux,(1-G)_Met,0*Met.x -> Met,52.4787846182591,4.36959990661626
Net flux,(1-G)_SAM,0*SAM.x -> SAM,42.8120210113652,4.50081336450558
Net flux,meTHFSink,meTHF -> Sink,99.9999999999999,0
Net flux,FmTHFSink,FmTHF -> Sink,100,0
Net flux,MetSink,Met -> Sink,100,0
Net flux,SAMsink,SAM -> Sink,100,0
Net flux,Met-protein,Met.c -> Protein,6.51983996113883e-15,0
Net flux,GLY-protein,GLY.c -> Protein,1.97998578244096e-06,1.04087191291903e-12
Net flux,SER-protein,SER.c -> Protein,1.00000129954481e-07,1.63602381746805e-12
Pool,2PG pool,,0,0
Pool,2PG.p pool,,7.87243579480454e-07,5538.8255252568
Pool,2PG.x pool,,1,Inf
Pool,3PGA pool,,0,0
Pool,3PGA.c pool,,1.00000000000057e-07,0
Pool,3PGA.p pool,,2.54569930405404e-06,5463.41771281321
Pool,3PGA.x pool,,1,Inf
Pool,ACA pool,,2.26562076817918e-06,5480.93674973437
Pool,ADPG pool,,0,0
Pool,ADPG.p pool,,9.9999999999999e-08,Inf
Pool,ADPG.x pool,,1,Inf
Pool,AKG pool,,1.74844367168735e-06,5381.96296563812
Pool,ALA pool,,0,0
Pool,ALA.c pool,,0.00614987619465484,0.00179092148660396
Pool,ALA.x pool,,1,Inf
Pool,ASN pool,,7567.75648704374,5438.34441617118
Pool,ASP pool,,4.37886700288654e-07,5338.39890256571
Pool,Acceptor.c pool,,1,Inf
Pool,CIT pool,,4.48019470137793,1.56290306639793
Pool,CO2 pool,,1.31948107310129e-05,5363.78263245724
Pool,CO2.t pool,,1,Inf
Pool,E4P.p pool,,0,0
Pool,EC2 pool,,0,0
Pool,F6P pool,,0,0
Pool,F6P.c pool,,3.82975346448268e-06,5591.21571981893
Pool,F6P.p pool,,1.72128527333718e-06,5279.44608772563
Pool,F6P.x pool,,1,Inf
Pool,FBP pool,,0,0
Pool,FBP.c pool,,3.65737343575916e-06,5517.08931758475
Pool,FBP.p pool,,1.76301433926554e-06,5529.7359669753
Pool,FBP.x pool,,1,Inf
Pool,FmTHF pool,,6.21246002630094,2.7841611745992
Pool,FmTHF.c pool,,5.19979573285667e-07,5361.80257011785
Pool,FmTHF.x pool,,1,Inf
Pool,G6P pool,,0,0
Pool,G6P.c pool,,9.87637018707476e-06,5510.64647619668
Pool,G6P.p pool,,3.62299708059091e-06,5305.46871324811
Pool,G6P.x pool,,1,Inf
Pool,GA pool,,0,0
Pool,GA.p pool,,6.53526877651457e-07,5472.91754924703
Pool,GA.x pool,,1,Inf
Pool,GLN pool,,8.83867754949708,5462.20219814415
Pool,GLU pool,,1.74844984764755e-06,5453.6544341695
Pool,GLY pool,,0,0
Pool,GLY.c pool,,1.00000000002876e-07,0
Pool,GLY.m pool,,0.0889985012496907,0.0275219641239032
Pool,GLY.p pool,,0.000414351179520413,5266.10175586268
Pool,GLY.x pool,,1,Inf
Pool,Glyc pool,,15.8861441559433,7.21694915135911
Pool,Glyc.p pool,,8.82453981239216e-07,5332.04471969537
Pool,Glyc.x pool,,1,Inf
Pool,Glyx pool,,0.149212204270074,5292.55056874292
Pool,Glyx.p pool,,1.23311219248104e-06,5396.1523043872
Pool,Glyx.x pool,,1,Inf
Pool,HPA pool,,0.000162745535556867,5323.53823772356
Pool,HPA.p pool,,5.89435360678693e-07,5427.02153318423
Pool,HPA.x pool,,1,Inf
Pool,Hcy.c pool,,1,Inf
Pool,ICI pool,,0.00339829164604734,5407.97371944533
Pool,MAL pool,,0.390986642662601,0.280257749245285
Pool,Met pool,,0.000205602230854139,5402.63884277752
Pool,Met.c pool,,8.81366001705864e-07,5488.45983794512
Pool,Met.x pool,,1,Inf
Pool,OAA pool,,0.266080258920241,0.0682416830783064
Pool,P5P pool,,0,0
Pool,PEP pool,,0,0
Pool,PEP.c pool,,0.0188770491215614,0.00629643853412456
Pool,PEP.x pool,,1,Inf
Pool,PRO pool,,5.39499638332491,5199.3188731252
Pool,PYR pool,,9.99999998363421e-08,0
Pool,PYR.c pool,,0.0159646008312984,0.00553783126365259
Pool,PYR.x pool,,1,Inf
Pool,Protein pool,,1,Inf
Pool,R5P pool,,0,0
Pool,R5P.p pool,,2.55534620334573e-06,5492.81053191908
Pool,R5P.x pool,,1,Inf
Pool,RU5P.p pool,,1.77470953291311e-06,5679.05316050013
Pool,RU5P.x pool,,1,Inf
Pool,RUBP pool,,0,0
Pool,RUBP.p pool,,1.78899115932989e-06,5454.79730942552
Pool,RUBP.x pool,,1,Inf
Pool,S6P pool,,1,Inf
Pool,S7P pool,,0,0
Pool,S7P.p pool,,1.46122668988034e-06,5599.33913046136
Pool,S7P.x pool,,1,Inf
Pool,SAH.c pool,,1,Inf
Pool,SAM pool,,3.95725014508158,2.17205413892302
Pool,SAM.c pool,,2.04760455875071e-06,5532.48806278614
Pool,SAM.x pool,,1,Inf
Pool,SBP pool,,0,0
Pool,SER pool,,0,0
Pool,SER.c pool,,1.00000000000273e-07,0
Pool,SER.m pool,,0.384085228507312,0.0470096639251138
Pool,SER.p pool,,0.000343644958051057,5082.42990183356
Pool,SER.x pool,,1,Inf
Pool,Sink pool,,1,Inf
Pool,Starch pool,,1,Inf
Pool,THR pool,,200.531855734101,5438.71641158165
Pool,TP pool,,0,0
Pool,TP.c pool,,4.01195851317879e-06,5268.02964624139
Pool,TP.p pool,,2.59957725110646e-06,5160.79446611784
Pool,TP.x pool,,1,Inf
Pool,UDPG pool,,0,0
Pool,UDPG.c pool,,20023.147330892,5273.97019995381
Pool,UDPG.x pool,,1,Inf
Pool,X5P.p pool,,1.80402812901569e-06,5459.99441793702
Pool,dummy pool,,1,Inf
Pool,dummyGLY pool,,1,Inf
Pool,dummySER pool,,1,Inf
Pool,meTHF pool,,0.000281605198846012,5371.87238829986
Pool,meTHF.c pool,,5.1048601989231e-07,5154.03133456859
Pool,meTHF.x pool,,1,Inf
Pool,myTHF.m pool,,1.00000000002876e-07,0
Pool,outSER pool,,1,Inf
Norm,Experiment2 Glyc205 #1 norm,,0.965914668309093,0.0356874422377881
Norm,Experiment2 Glyc205 #2 norm,,0.955182869004422,0.0147055786471428
Norm,Experiment2 Glyc205 #3 norm,,0.956389737717102,0.0209451891840164
Norm,Experiment2 Glyc205 #4 norm,,0.995265212428352,0.0205795981019953
Norm,Experiment2 Glyc205 #5 norm,,1.01064048433464,0.0244664936841147
Norm,Experiment2 Glyc205 #6 norm,,0.9891155287289,0.0247623713849949
Norm,Experiment2 Glyc205 #7 norm,,0.997833063204864,0.0351519607386001
Norm,Experiment2 Glyc205 #8 norm,,0.830713149348676,0.110497609259811
Norm,Experiment2 Glyx160 #1 norm,,1.02160178206898,0.0115588639177956
Norm,Experiment2 Glyx160 #2 norm,,1.00093100865304,0.0129917877574062
Norm,Experiment2 Glyx160 #3 norm,,1.01029040394545,0.0139238610791135
Norm,Experiment2 Glyx160 #4 norm,,0.974815216622716,0.0167736285399252
Norm,Experiment2 Glyx160 #5 norm,,1.02384848367144,0.0153359088091831
Norm,Experiment2 Glyx160 #6 norm,,0.963007694199181,0.0189566246026292
Norm,Experiment2 Glyx160 #7 norm,,1.00554815783942,0.0263883099194371
Norm,Experiment2 Glyx160 #8 norm,,0.970093306495391,0.154405671849268
Norm,Experiment2 GLY276 #1 norm,,1.00029608973431,0.0105118832471068
Norm,Experiment2 GLY276 #2 norm,,0.979579594626289,0.0201415339716256
Norm,Experiment2 GLY276 #3 norm,,1.00846915464611,0.0169573730302015
Norm,Experiment2 GLY276 #4 norm,,1.03018804882146,0.016748236024897
Norm,Experiment2 GLY276 #5 norm,,1.00820821397076,0.0388168429149622
Norm,Experiment2 GLY276 #6 norm,,1.01566228072311,0.0876199866118361
Norm,Experiment2 GLY276 #7 norm,,1.04303681337275,0.12829942937379
Norm,Experiment2 GLY276 #8 norm,,0.940469363927344,0.191165558772143
Norm,Experiment2 HPA262 #1 norm,,0.974305514971538,0.0199458942169163
Norm,Experiment2 HPA262 #2 norm,,0.996471159137999,0.0256434984294334
Norm,Experiment2 HPA262 #3 norm,,0.969044763993367,0.0226314122984701
Norm,Experiment2 HPA262 #4 norm,,0.961222925169238,0.0297461280004895
Norm,Experiment2 HPA262 #5 norm,,0.976113482537548,0.0230535043214094
Norm,Experiment2 HPA262 #6 norm,,0.921587323858797,0.0265581370533784
Norm,Experiment2 HPA262 #7 norm,,0.98613302942858,0.0250109732727704
Norm,Experiment2 HPA262 #8 norm,,1.06235887481699,0.0413854612031001
Norm,Experiment2 GA307 #1 norm,,0.98787105302153,0.0108472580176826
Norm,Experiment2 GA307 #2 norm,,0.909787887038329,0.0298656756871434
Norm,Experiment2 GA307 #3 norm,,0.902472010171544,0.0222444721311615
Norm,Experiment2 GA307 #4 norm,,0.961558581903076,0.0257860388753148
Norm,Experiment2 GA307 #5 norm,,0.901549893882577,0.0680535564898029
Norm,Experiment2 GA307 #6 norm,,0.830869195929704,0.111816254035058
Norm,Experiment2 GA307 #7 norm,,0.963716215350775,0.0737987844137327
Norm,Experiment2 GA307 #8 norm,,0.906068394046255,0.137172596784622
Norm,Experiment2 SER306 #1 norm,,0.987782630259757,0.0125979044442225
Norm,Experiment2 SER306 #2 norm,,0.969051124638805,0.0349364389009535
Norm,Experiment2 SER306 #3 norm,,0.997162054819179,0.0209231132173853
Norm,Experiment2 SER306 #4 norm,,0.983092379448171,0.0248644434275987
Norm,Experiment2 SER306 #5 norm,,1.02742328159697,0.0600339480997966
Norm,Experiment2 SER306 #6 norm,,1.01471046530608,0.116311810115666
Norm,Experiment2 SER306 #7 norm,,0.968336951535157,0.0875927188277867
Norm,Experiment2 SER306 #8 norm,,1.01623561833059,0.168450237193361
Norm,Experiment2 meTHF #1 norm,,1.01674858810398,0.0100537739994094
Norm,Experiment2 meTHF #2 norm,,0.994929825020107,0.0140811006842105
Norm,Experiment2 meTHF #3 norm,,0.942458938924502,0.0269623945388565
Norm,Experiment2 meTHF #4 norm,,1.02478376650128,0.0275743930386286
Norm,Experiment2 meTHF #5 norm,,0.981765319841926,0.0857325276433565
Norm,Experiment2 meTHF #6 norm,,1.01980957822952,0.119135287188939
Norm,Experiment2 meTHF #7 norm,,1.00424202725354,0.136074671916185
Norm,Experiment2 meTHF #8 norm,,0.994947197017202,0.0744612554075349
Norm,Experiment2 FmTHF #1 norm,,0.993873407990872,0.00992207750191457
Norm,Experiment2 FmTHF #2 norm,,0.983930776961938,0.0115110263008452
Norm,Experiment2 FmTHF #3 norm,,1.01092170950213,0.0103733771223204
Norm,Experiment2 FmTHF #4 norm,,0.963623687161532,0.0201078412610252
Norm,Experiment2 FmTHF #5 norm,,1.00441930941408,0.0390417866245591
Norm,Experiment2 FmTHF #6 norm,,1.02995629763065,0.0741188458924664
Norm,Experiment2 FmTHF #7 norm,,1.00047337870066,0.115065525556814
Norm,Experiment2 FmTHF #8 norm,,1.00270424046093,0.063647355024768
Norm,Experiment2 Met176 #1 norm,,0.946822368638902,0.0224952799222585
Norm,Experiment2 Met176 #2 norm,,0.960150256870238,0.0387722206534029
Norm,Experiment2 Met176 #3 norm,,0.907602870341589,0.0341100512741277
Norm,Experiment2 Met176 #4 norm,,0.685968888240053,0.0808929375845777
Norm,Experiment2 Met176 #5 norm,,0.993957715883817,0.0705031662365195
Norm,Experiment2 Met176 #6 norm,,1.00635154458497,0.0363968276130396
Norm,Experiment2 Met176 #7 norm,,0.996876448617462,0.0656222718050367
Norm,Experiment2 Met176 #8 norm,,1.02548327701641,0.236172729100225
Norm,Experiment2 SAM #1 norm,,0.995265175530568,0.0145383173762539
Norm,Experiment2 SAM #2 norm,,0.981137388154104,0.0214590688834435
Norm,Experiment2 SAM #3 norm,,0.943874847805546,0.0334193675294689
Norm,Experiment2 SAM #4 norm,,0.916725977805377,0.041107157252391
Norm,Experiment2 SAM #5 norm,,1.02428141856285,0.0266804568253263
Norm,Experiment2 SAM #6 norm,,0.946482566795686,0.0500875933475586
Norm,Experiment2 SAM #7 norm,,1.0173517136782,0.0799704491910981
Norm,Experiment2 SAM #8 norm,,0.999785950128877,0.0689353099875718
Norm,Experiment2 CIT465 #1 norm,,0.981610255522677,0.0128311488533726
Norm,Experiment2 CIT465 #2 norm,,0.953685956887232,0.0100626454204022
Norm,Experiment2 CIT465 #3 norm,,0.965464436129718,0.0127801228545856
Norm,Experiment2 CIT465 #4 norm,,1.03228005602665,0.0134798255593316
Norm,Experiment2 CIT465 #5 norm,,1.00511990638372,0.0162956955128874
Norm,Experiment2 CIT465 #6 norm,,0.986347824735948,0.0114158677852069
Norm,Experiment2 CIT465 #7 norm,,1.02122955705103,0.0152666146386824
Norm,Experiment2 CIT465 #8 norm,,1.02962277210576,0.0214439730534046
Norm,Experiment2 MAL335 #1 norm,,1.0224538524667,0.0120816675276393
Norm,Experiment2 MAL335 #2 norm,,0.972050652140305,0.0136865363457998
Norm,Experiment2 MAL335 #3 norm,,0.992245320335735,0.0130405791046066
Norm,Experiment2 MAL335 #4 norm,,0.99452624729319,0.0118643680806728
Norm,Experiment2 MAL335 #5 norm,,0.982824049481477,0.0148545776291278
Norm,Experiment2 MAL335 #6 norm,,0.962783702329226,0.0144648192077633
Norm,Experiment2 MAL335 #7 norm,,1.00882245168221,0.0208745908928769
Norm,Experiment2 MAL335 #8 norm,,0.996018378326623,0.0409013511989477
Norm,Experiment2 ASP334 #1 norm,,1.01219525242478,0.0167548736821379
Norm,Experiment2 ASP334 #2 norm,,0.954036907213958,0.0224640484189808
Norm,Experiment2 ASP334 #3 norm,,0.922200949688787,0.0174039723049729
Norm,Experiment2 ASP334 #4 norm,,0.987964965747201,0.0244811532986547
Norm,Experiment2 ASP334 #5 norm,,0.989086361635086,0.0263790328066375
Norm,Experiment2 ASP334 #6 norm,,0.948493290797849,0.0548226134115707
Norm,Experiment2 ASP334 #7 norm,,0.99004248094816,0.0591069546645212
Norm,Experiment2 ASP334 #8 norm,,0.957641033836825,0.0337972967645609
Norm,Experiment2 GLU348 #1 norm,,0.95912346457034,0.0113997219079293
Norm,Experiment2 GLU348 #2 norm,,0.991570347112994,0.0120543798312206
Norm,Experiment2 GLU348 #3 norm,,0.988604386085183,0.0116689729608251
Norm,Experiment2 GLU348 #4 norm,,0.988782285749435,0.0149582520983914
Norm,Experiment2 GLU348 #5 norm,,0.947935862196285,0.0293035261055237
Norm,Experiment2 GLU348 #6 norm,,0.954447942684553,0.0145269971787073
Norm,Experiment2 GLU348 #7 norm,,0.946234190743455,0.0221030518024458
Norm,Experiment2 GLU348 #8 norm,,0.857249328256899,0.0490873261168133
Norm,Experiment2 THR320 #1 norm,,1.03319647441337,0.0103618218723737
Norm,Experiment2 THR320 #2 norm,,1.00990143547552,0.0117036628553325
Norm,Experiment2 THR320 #3 norm,,1.02682253462495,0.0106620986489693
Norm,Experiment2 THR320 #4 norm,,0.997162027577346,0.0113443471858212
Norm,Experiment2 THR320 #5 norm,,0.972282503043856,0.0199465196824014
Norm,Experiment2 THR320 #6 norm,,1.0015860531807,0.0109339386914959
Norm,Experiment2 THR320 #7 norm,,0.969504468012303,0.0139759684487211
Norm,Experiment2 THR320 #8 norm,,0.907654573909233,0.0348133324858357
Norm,Experiment2 ALA116 #1 norm,,1.02180332361343,0.0101754072602129
Norm,Experiment2 ALA116 #2 norm,,0.995284636965608,0.00999528649125388
Norm,Experiment2 ALA116 #3 norm,,1.00053124710923,0.0105181133270073
Norm,Experiment2 ALA116 #4 norm,,0.976842265520327,0.0248943239216079
Norm,Experiment2 ALA116 #5 norm,,1.01094838814697,0.0683551845793275
Norm,Experiment2 ALA116 #6 norm,,0.992818582706532,0.0674887616691093
Norm,Experiment2 ALA116 #7 norm,,1.00693330979323,0.0768476328742662
Norm,Experiment2 ALA116 #8 norm,,0.924026332505207,0.155843484594386
Norm,Experiment2 PYR #1 norm,,0.988547363260699,0.0125506119989198
Norm,Experiment2 PYR #2 norm,,0.96587645482717,0.0515017893637565
Norm,Experiment2 PYR #3 norm,,0.832880143223705,0.0568966921200639
Norm,Experiment2 PYR #4 norm,,1.02281768949565,0.0537475987688026
Norm,Experiment2 PYR #5 norm,,1.02468508050759,0.128277439286185
Norm,Experiment2 PYR #6 norm,,0.998855327230472,0.115176171398602
Norm,Experiment2 PYR #7 norm,,1.00861646075421,0.0702491945817263
Norm,Experiment2 PYR #8 norm,,1.00036280039388,0.125724328625402
