type,id,eqn,val,std
Net flux,CO2.t,CO2.t -> CO2,64.2570036955252,1.52623418770096
Net flux,CO2_sink,dummy -> Sink,64.2570036955251,1.52623418770096
Net flux,RUBICSO_CO2,RUBP.p + CO2 -> 3PGA.p + 3PGA.p + dummy,65.8808034267205,1.53332627091255
Net flux,GAPDH.p net,3PGA.p <-> TP.p,133.852853065058,3.05146704582225
Exch flux,GAPDH.p exch,3PGA.p <-> TP.p,57703.3534976207,4060.00482642852
Net flux,ALD,TP.p + E4P.p -> SBP,22.6760215629329,0.51256421072827
Net flux,SBP,SBP -> S7P.p,22.6760215629329,0.51256421072827
Net flux,FBA.p net,TP.p + TP.p <-> FBP.p,29.8796300739414,0.784806007113185
Exch flux,FBA.p exch,TP.p + TP.p <-> FBP.p,20793.2710073719,2385.1584988088
Net flux,PFK.p net,FBP.p <-> F6P.p,29.8796300739445,0.784806007113185
Exch flux,PFK.p exch,FBP.p <-> F6P.p,1.00000931979594e-07,4.91898846148003e-13
Net flux,TK1 net,TP.p + EC2 <-> X5P.p,45.3520431258949,1.02512842145654
Exch flux,TK1 exch,TP.p + EC2 <-> X5P.p,439928.964621405,5891.5544503913
Net flux,TK2 net,S7P.p <-> R5P.p + EC2,22.6760215629328,0.51256421072827
Exch flux,TK2 exch,S7P.p <-> R5P.p + EC2,109.058350896173,5438.05544527196
Net flux,TK3 net,F6P.p <-> E4P.p + EC2,22.6760215629474,0.51256421072827
Exch flux,TK3 exch,F6P.p <-> E4P.p + EC2,364399.983214798,5544.77625744501
Net flux,PPE net,X5P.p <-> RU5P.p,45.3520431258366,1.02512842145654
Exch flux,PPE exch,X5P.p <-> RU5P.p,439926.840065008,5200.06129295522
Net flux,PPI net,R5P.p <-> RU5P.p,22.6760215629329,0.51256421072827
Exch flux,PPI exch,R5P.p <-> RU5P.p,636.011885847866,5768.88095210737
Net flux,PRK,RU5P.p -> RUBP.p,68.0280646887987,1.53769263223991
Net flux,RUBISCO_O2,RUBP.p -> 3PGA.p + 2PG.p,2.14726126207811,0.0848317029552516
Net flux,GLYdil net,GLY.p <-> GLY.x + dummyGLY,0.0154519331617777,0.00174978714288309
Exch flux,GLYdil exch,GLY.p <-> GLY.x + dummyGLY,0.00174250532418796,5500.62521925739
Net flux,SERdil net,SER.p <-> SER.x + dummySER,0.0528357124005083,0.00598313973562042
Exch flux,SERdil exch,SER.p <-> SER.x + dummySER,9.99941889290312e-08,1.49434713741931e-12
Net flux,GK,GA.p -> 3PGA.p,0.590630913971612,0.0880152484925277
Net flux,PGI.p net,F6P.p <-> G6P.p,7.20360851101098,0.417274569818155
Exch flux,PGI.p exch,F6P.p <-> G6P.p,9.9996558589055e-08,5234.32089521163
Net flux,PGM.p,G6P.p -> ADPG.p,7.20360851101098,0.417274569818155
Net flux,Starch,ADPG.p -> Starch,7.20360851101096,0.417274569818155
Net flux,FBA.c net,TP.c + TP.c <-> FBP.c,3.03276411418484,0.343432216501748
Exch flux,FBA.c exch,TP.c + TP.c <-> FBP.c,59.8441848922015,5967.28253861207
Net flux,PFK.c net,FBP.c <-> F6P.c,3.03276411418486,0.343432216501748
Exch flux,PFK.c exch,FBP.c <-> F6P.c,92.3270107770072,5494.46239393545
Net flux,PGI.c net,F6P.c <-> G6P.c,1.51638205709247,0.171716108250874
Exch flux,PGI.c exch,F6P.c <-> G6P.c,316.060441340709,5466.09033557427
Net flux,PGM.c net,G6P.c <-> UDPG.c,1.51638205708878,0.171716108250874
Exch flux,PGM.c exch,G6P.c <-> UDPG.c,48514.2242649862,5660.13689037196
Net flux,SPS,F6P.c + UDPG.c -> S6P,1.51638205709239,0.171716108250874
Net flux,PGAM.c net,3PGA.c <-> PEP.c,0.646645964425527,0.0732266172107384
Exch flux,PGAM.c exch,3PGA.c <-> PEP.c,31.5855434396542,5495.7803245064
Net flux,PK.c,PEP.c -> PYR.c,0.293526074791921,0.0332390870777442
Net flux,PDH,PYR.c + dummy -> ACA + CO2,0.244289149398088,0.02766346504538
Net flux,CS,OAA + ACA -> CIT,0.244289149398084,0.02766346504538
Net flux,ACO net,CIT <-> ICI,0.2442891493979,0.02766346504538
Exch flux,ACO exch,CIT <-> ICI,3814.18718469708,5617.96594966482
Net flux,IDH,ICI + dummy -> AKG + CO2,0.2442891493981,0.02766346504538
Net flux,MDH net,MAL <-> OAA,7.105427357601e-15,0
Exch flux,MDH exch,MAL <-> OAA,0.302717516883938,0.0651891205556457
Net flux,PPC,PEP.c + CO2 -> OAA + dummy,0.353119889634718,0.0399875301301621
Net flux,T_3PGA net,3PGA.p <-> 3PGA.c,0.646645964425502,0.0732266172107384
Exch flux,T_3PGA exch,3PGA.p <-> 3PGA.c,1.0000000116861e-07,0
Net flux,T_DHAP net,TP.p <-> TP.c,6.06552822836973,0.686864433003496
Exch flux,T_DHAP exch,TP.p <-> TP.c,4.38373176965813,2.26242239592948
Net flux,ALT,PYR.c -> ALA.c,0.0492369253938573,0.00557562203439575
Net flux,ASPT,OAA -> ASP,0.108830740237411,0.012324065087144
Net flux,GLUDH,AKG -> GLU,0.244289149398077,0.02766346504538
Net flux,PCR net,GLU <-> PRO,-2.48689957516035e-14,0
Exch flux,PCR exch,GLU <-> PRO,1.0000000116861e-07,2.39198669193872e-14
Net flux,GS net,GLU <-> GLN,0,0
Exch flux,GS exch,GLU <-> GLN,1.00064056596239e-07,5.0353326166011e-14
Net flux,TS net,ASP <-> THR,0,0
Exch flux,TS exch,ASP <-> THR,1.0000000116861e-07,0
Net flux,AS net,ASP <-> ASN,1.06581410364015e-14,0
Exch flux,AS exch,ASP <-> ASN,1.0000000116861e-07,0
Net flux,G_3PGA.p,0*3PGA.p -> 3PGA,2.1022374170343e-06,7249.28441389562
Net flux,G_3PGA.c,0*3PGA.c -> 3PGA,92.9119084889662,5792.05010706516
Net flux,G_DHAP.p,0*TP.p -> TP,40.6853798422514,6873.69136046761
Net flux,G_DHAP.c,0*TP.c -> TP,51.8471856998323,5314.44755813533
Net flux,G_F6P.p,0*F6P.p -> F6P,48.6686345032613,6783.86983613984
Net flux,G_F6P.c,0*F6P.c -> F6P,36.5465768177337,5197.7504636998
Net flux,G_FBP.p,0*FBP.p -> FBP,2.10223446117652e-06,7078.40864845175
Net flux,G_FBP.c,0*FBP.c -> FBP,83.4512313387802,5576.70054097223
Net flux,G_G6P.p,0*G6P.p -> G6P,19.0549768395407,7061.57623809892
Net flux,G_G6P.c,0*G6P.c -> G6P,58.8549499996569,5555.31987339044
Net flux,G_RU5P.p,0*RU5P.p -> P5P,2.10222547636363e-06,6837.45164784176
Net flux,G_X5P.p,0*X5P.p -> P5P,92.8477694980079,5267.49133514024
Net flux,G_R5P.p,0*R5P.p -> R5P,82.2810779887508,5657.32707924662
Net flux,G_GA.p,0*GA.p -> GA,33.7405424332005,3.7274552623769
Net flux,G_SER.p,0*SER.p -> SER,71.1442926341574,5273.1034790163
Net flux,G_GLY.p,0*GLY.p -> GLY,1.7842160676814,5382.35352146328
Net flux,G_RUBP.p,0*RUBP.p -> RUBP,92.5302752674636,4359.38987368605
Net flux,G_S7P.p,0*S7P.p -> S7P,98.4567310636578,4359.38987368605
Net flux,G_2PG.p,0*2PG.p -> 2PG,87.0427532708633,4359.38987368605
Net flux,G_ADPG.p,0*ADPG.p -> ADPG,95.0805622184582,4359.38987368605
Net flux,G_PEP.c,0*PEP.c -> PEP,89.2305410447667,4359.38987368605
Net flux,G_UDPG.c,0*UDPG.c -> UDPG,72.4268033047895,4359.38987368605
Net flux,G_ALA.c,0*ALA.c -> ALA,68.8203650951146,6.97042107303977
Net flux,(1-G)_GA,0*GA.x -> GA,66.2594575668014,3.7274552623769
Net flux,(1-G)_SER,0*SER.x -> SER,28.8555889649087,4.47286162258598
Net flux,(1-G)_GLY,0*GLY.x -> GLY,43.4682024418317,8.95313839663151
Net flux,(1-G)_R5P,0*R5P.x -> R5P,17.7189220112461,5657.32707924662
Net flux,(1-G)_RUBP,0*RUBP.x -> RUBP,7.46972473253513,4359.38987368605
Net flux,(1-G)_3PGA,0*3PGA.x -> 3PGA,7.08808940879664,4359.38987368605
Net flux,(1-G)_TP,0*TP.x -> TP,7.46743445791693,4359.38987368605
Net flux,(1-G)_F6P,0*F6P.x -> F6P,14.7847886790088,4359.38987368605
Net flux,(1-G)_FBP,0*FBP.x -> FBP,16.5487665589801,4359.38987368605
Net flux,(1-G)_G6P,0*G6P.x -> G6P,22.0900731608007,4359.38987368605
Net flux,(1-G)_RU5P,0*RU5P.x -> P5P,7.15222839976807,4359.38987368605
Net flux,(1-G)_S7P,0*S7P.x -> S7P,1.54326893634015,4359.38987368605
Net flux,(1-G)_2PG,0*2PG.x -> 2PG,12.9572467291391,4359.38987368605
Net flux,(1-G)_ADPG,0*ADPG.x -> ADPG,4.91943778154073,4359.38987368605
Net flux,(1-G)_PEP,0*PEP.x -> PEP,10.7694589552315,4359.38987368605
Net flux,(1-G)_UDPG,0*UDPG.x -> UDPG,27.5731966952117,4359.38987368605
Net flux,(1-G)_ALA,0*ALA.x -> ALA,31.1796349048852,6.97042107303977
Net flux,PGASink,3PGA -> Sink,100,0
Net flux,DHAPSink,TP -> Sink,100.000000000001,0
Net flux,F6PSink,F6P -> Sink,100.000000000004,0
Net flux,FBPSink,FBP -> Sink,99.9999999999948,0
Net flux,G6PSink,G6P -> Sink,99.9999999999983,0
Net flux,P5PSink,P5P -> Sink,100.000000000001,0
Net flux,R5PSink,R5P -> Sink,99.9999999999968,0
Net flux,GASink,GA -> Sink,100.000000000002,0
Net flux,SERSink,SER -> Sink,99.9999999999996,0
Net flux,GLYSink,GLY -> Sink,100.000000000001,0
Net flux,RUBPSink,RUBP -> Sink,99.9999999999987,0
Net flux,S7PSink,S7P -> Sink,99.9999999999979,0
Net flux,2PGSink,2PG -> Sink,100.000000000002,0
Net flux,ADPGSink,ADPG -> Sink,99.9999999999989,0
Net flux,PEPSink,PEP -> Sink,99.9999999999983,0
Net flux,UDPGSink,UDPG -> Sink,100.000000000001,0
Net flux,ALASink,ALA -> Sink,99.9999999999998,0
Net flux,S6Pout-LL,S6P + 0.1611*GLU + 0.07177*ASP + 0.03247*ALA.c + 0.01019*dummyGLY + 0.03484*dummySER -> Sink,1.51638205709243,0.171716108250874
Net flux,PGP.p,2PG.p -> Glyc.p,2.14726126207812,0.0848317029552516
Net flux,GOX,Glyc.p -> Glyx.p,2.14726126207814,0.0848317029552516
Net flux,GGT,Glyx.p -> GLY.p,2.14726126207813,0.0848317029552516
Net flux,SGAT,SER.p -> HPA.p,0.590630913971601,0.0880152484925277
Net flux,HPR.p,HPA.p -> GA.p,0.590630913971595,0.0880152484925277
Net flux,T_GLY-m net,GLY.p <-> GLY.m,2.13180932891646,0.0848509957682806
Exch flux,T_GLY-m exch,GLY.p <-> GLY.m,6795.62107703995,5167.2772176773
Net flux,GDC.m,GLY.m + dummy -> myTHF.m + CO2,1.48834132203548,0.0999781070623196
Net flux,T_SER-m net,SER.p <-> SER.m,-1.48834132203592,0.0999781070623196
Exch flux,T_SER-m exch,SER.p <-> SER.m,15649.283547401,5701.42956589803
Net flux,mSHMT,GLY.m + myTHF.m -> SER.m,1.48834132203548,0.0999781070623196
Net flux,T_SER-c net,SER.p <-> SER.c,0.844874695663362,0.167770274550271
Exch flux,T_SER-c exch,SER.p <-> SER.c,8.98229939968865,9.2891138878686
Net flux,T_Gly-c net,GLY.p <-> GLY.c,0,0
Exch flux,T_Gly-c exch,GLY.p <-> GLY.c,9.99999998363421e-08,0
Net flux,cSHMT,SER.c -> GLY.c + meTHF.c,0.844874595663366,0.167770274657475
Net flux,FmTHF-reductase net,meTHF.c <-> FmTHF.c,0.844874595663367,0.167770274657475
Exch flux,FmTHF-reductase exch,meTHF.c <-> FmTHF.c,5.12921872683021,5968.71731562031
Net flux,Met-synthase,FmTHF.c + Hcy.c -> Met.c,0.844874595663346,0.167770274657475
Net flux,SAM-synthase,Met.c -> SAM.c,0.844874595663355,0.167770274657475
Net flux,Methylation,SAM.c -> SAH.c + Acceptor.c,0.84487459566335,0.167770274657475
Net flux,hydrolysis,SAH.c -> Hcy.c,0.844874595663343,0.167770274657475
Net flux,G_SER.m,0*SER.m -> SER,1.0000000116861e-07,3.93559073721285e-14
Net flux,G_SER.c,0*SER.c -> SER,0.000118300933383608,5273.10158188599
Net flux,G_Gly.m,0*GLY.m -> GLY,1.00063253682947e-07,5382.35327184932
Net flux,G_Gly.c,0*GLY.c -> GLY,54.7475813904249,9.11846821275916
Net flux,T_GLY-c-m,GLY.c -> GLY.m,0.844873315154623,0.167770275115886
Net flux,G_Glyc,0*Glyc.p -> Glyc,6.27160669495682,0.920246617794265
Net flux,G_Glyx,0*Glyx.p -> Glyx,16.3041710531844,13.3185427133013
Net flux,G_HPA,0*HPA.p -> HPA,8.12244014992982,1.67146275781979
Net flux,(1-G)_Glyc,0*Glyc.x -> Glyc,93.7283933050438,0.920246617794265
Net flux,(1-G)_Glyx,0*Glyx.x -> Glyx,83.6958289468164,13.3185427133013
Net flux,(1-G)_HPA,0*HPA.x -> HPA,91.8775598500701,1.67146275781979
Net flux,GlycSink,Glyc -> Sink,100.000000000001,0
Net flux,GlyxSink,Glyx -> Sink,100.000000000001,0
Net flux,HPASink,HPA -> Sink,99.9999999999998,0
Net flux,SERex,dummySER -> outSER,1.00016238402389e-07,6.23292934124217e-12
Net flux,G_PYR,0*PYR.c -> PYR,39.1089125111223,2.59494316019986
Net flux,(1-G)_PYR,0*PYR.x -> PYR,60.891087488878,2.59494316019986
Net flux,PYRSink,PYR -> Sink,100,0
Net flux,G_meTHF,0*meTHF.c -> meTHF,84.0094720696716,4.77036873894818
Net flux,G_FmTHF,0*FmTHF.c -> FmTHF,77.6498928562028,4.96158541340084
Net flux,G_Met,0*Met.c -> Met,53.6113355551498,4.19306817425946
Net flux,G_SAM,0*SAM.c -> SAM,52.6678292689874,3.20934254837117
Net flux,(1-G)_meTHF,0*meTHF.x -> meTHF,15.9905279303283,4.77036873894818
Net flux,(1-G)_FmTHF,0*FmTHF.x -> FmTHF,22.3501071437973,4.96158541340084
Net flux,(1-G)_Met,0*Met.x -> Met,46.3886644448502,4.19306817425946
Net flux,(1-G)_SAM,0*SAM.x -> SAM,47.3321707310126,3.20934254837117
Net flux,meTHFSink,meTHF -> Sink,99.9999999999999,0
Net flux,FmTHFSink,FmTHF -> Sink,100,0
Net flux,MetSink,Met -> Sink,100,0
Net flux,SAMsink,SAM -> Sink,100,0
Net flux,Met-protein,Met.c -> Protein,6.51983996113883e-15,0
Net flux,GLY-protein,GLY.c -> Protein,1.28050876924135e-06,8.92839395993213e-13
Net flux,SER-protein,SER.c -> Protein,9.99999967277176e-08,2.18725420229411e-12
Pool,2PG pool,,0,0
Pool,2PG.p pool,,1e-07,0
Pool,2PG.x pool,,1,Inf
Pool,3PGA pool,,0,0
Pool,3PGA.c pool,,0.0308326188208022,0.00642103474116684
Pool,3PGA.p pool,,1.00549864664698e-07,5756.86233912241
Pool,3PGA.x pool,,1,Inf
Pool,ACA pool,,1e-07,0
Pool,ADPG pool,,0,0
Pool,ADPG.p pool,,9.9999999999999e-08,Inf
Pool,ADPG.x pool,,1,Inf
Pool,AKG pool,,1.38785735857743e-07,5778.78438037257
Pool,ALA pool,,0,0
Pool,ALA.c pool,,0.0111616636647177,0.0030163753069948
Pool,ALA.x pool,,1,Inf
Pool,ASN pool,,7564.9035279852,5224.68564625126
Pool,ASP pool,,1.00000000000002e-07,0
Pool,Acceptor.c pool,,1,Inf
Pool,CIT pool,,8.89825753616607,6.73168157280453
Pool,CO2 pool,,1.00429087445185e-07,5574.25881707236
Pool,CO2.t pool,,1,Inf
Pool,E4P.p pool,,0,0
Pool,EC2 pool,,0,0
Pool,F6P pool,,0,0
Pool,F6P.c pool,,3.13525619015871e-06,5193.61174189505
Pool,F6P.p pool,,1e-07,0
Pool,F6P.x pool,,1,Inf
Pool,FBP pool,,0,0
Pool,FBP.c pool,,1.6582590390882e-06,5798.2439060341
Pool,FBP.p pool,,1e-07,0
Pool,FBP.x pool,,1,Inf
Pool,FmTHF pool,,6.43456875180992,2.58011940853791
Pool,FmTHF.c pool,,1e-07,0
Pool,FmTHF.x pool,,1,Inf
Pool,G6P pool,,0,0
Pool,G6P.c pool,,1.00625062260276e-05,5679.77159452215
Pool,G6P.p pool,,3.16903708437212e-06,5781.68990426387
Pool,G6P.x pool,,1,Inf
Pool,GA pool,,0,0
Pool,GA.p pool,,1e-07,0
Pool,GA.x pool,,1,Inf
Pool,GLN pool,,8.83867751786587,5497.06810184444
Pool,GLU pool,,1.38785941750214e-07,5429.27371806532
Pool,GLY pool,,0,0
Pool,GLY.c pool,,0.0586177981460127,0.0349260908726316
Pool,GLY.m pool,,1e-07,0
Pool,GLY.p pool,,1e-07,0
Pool,GLY.x pool,,1,Inf
Pool,Glyc pool,,1.02250180382451,0.833900745738506
Pool,Glyc.p pool,,1e-07,0
Pool,Glyc.x pool,,1,Inf
Pool,Glyx pool,,82.7154710992788,87.82913587954
Pool,Glyx.p pool,,1e-07,0
Pool,Glyx.x pool,,1,Inf
Pool,HPA pool,,9.9999999999999e-08,0
Pool,HPA.p pool,,1e-07,0
Pool,HPA.x pool,,1,Inf
Pool,Hcy.c pool,,1,Inf
Pool,ICI pool,,0.00135399878541304,5395.52517299582
Pool,MAL pool,,0.60804795392283,0.166638371734104
Pool,Met pool,,1.04284881026941e-07,5394.2324475929
Pool,Met.c pool,,1e-07,0
Pool,Met.x pool,,1,Inf
Pool,OAA pool,,0.282420787119839,0.0463219772512176
Pool,P5P pool,,0,0
Pool,PEP pool,,0,0
Pool,PEP.c pool,,9.99999999999482e-08,0
Pool,PEP.x pool,,1,Inf
Pool,PRO pool,,5.39499635181737,5716.72665501331
Pool,PYR pool,,9.99999999999999e-08,0
Pool,PYR.c pool,,0.00203261656711,0.00173734528392313
Pool,PYR.x pool,,1,Inf
Pool,Protein pool,,1,Inf
Pool,R5P pool,,0,0
Pool,R5P.p pool,,1e-07,0
Pool,R5P.x pool,,1,Inf
Pool,RU5P.p pool,,1.24927676425465e-07,5216.52287733986
Pool,RU5P.x pool,,1,Inf
Pool,RUBP pool,,0,0
Pool,RUBP.p pool,,1e-07,0
Pool,RUBP.x pool,,1,Inf
Pool,S6P pool,,1,Inf
Pool,S7P pool,,0,0
Pool,S7P.p pool,,1.12154950866752e-07,5546.19277145583
Pool,S7P.x pool,,1,Inf
Pool,SAH.c pool,,1,Inf
Pool,SAM pool,,9.99999999999999e-08,0
Pool,SAM.c pool,,1e-07,0
Pool,SAM.x pool,,1,Inf
Pool,SBP pool,,0,0
Pool,SER pool,,0,0
Pool,SER.c pool,,1e-07,0
Pool,SER.m pool,,0.420235501759091,0.0407307941043577
Pool,SER.p pool,,1.44495498134727e-05,5371.07469522774
Pool,SER.x pool,,1,Inf
Pool,Sink pool,,1,Inf
Pool,Starch pool,,1,Inf
Pool,THR pool,,3388.67484914372,5500.34675556405
Pool,TP pool,,0,0
Pool,TP.c pool,,6.2025548405961e-07,5630.63642786074
Pool,TP.p pool,,1e-07,0
Pool,TP.x pool,,1,Inf
Pool,UDPG pool,,0,0
Pool,UDPG.c pool,,0.392443143456652,0.208672203085459
Pool,UDPG.x pool,,1,Inf
Pool,X5P.p pool,,1.25509304816308e-07,5264.18376073538
Pool,dummy pool,,1,Inf
Pool,dummyGLY pool,,1,Inf
Pool,dummySER pool,,1,Inf
Pool,meTHF pool,,1.00000000000002e-07,0
Pool,meTHF.c pool,,1e-07,0
Pool,meTHF.x pool,,1,Inf
Pool,myTHF.m pool,,1.00000000002876e-07,4.90460335370488e-14
Pool,outSER pool,,1,Inf
Norm,Experiment2 Glyc205 #1 norm,,0.950006050294207,0.0348845700317145
Norm,Experiment2 Glyc205 #2 norm,,1.00432544947981,0.0195677936346841
Norm,Experiment2 Glyc205 #3 norm,,0.992788487732419,0.0219075519348818
Norm,Experiment2 Glyc205 #4 norm,,1.00440136308811,0.0206458614971558
Norm,Experiment2 Glyc205 #5 norm,,1.01012242122463,0.0231009398786408
Norm,Experiment2 Glyc205 #6 norm,,0.985262848403261,0.0236484217715431
Norm,Experiment2 Glyc205 #7 norm,,0.96524889916005,0.0319035996438884
Norm,Experiment2 Glyc205 #8 norm,,0.888394430605912,0.0845887154562163
Norm,Experiment2 Glyx160 #1 norm,,0.999151151644896,0.0113166831263703
Norm,Experiment2 Glyx160 #2 norm,,0.985395840673256,0.0117416142307558
Norm,Experiment2 Glyx160 #3 norm,,0.989149166554707,0.0132288603255036
Norm,Experiment2 Glyx160 #4 norm,,0.986548066448583,0.0163651299995775
Norm,Experiment2 Glyx160 #5 norm,,1.0156425223059,0.0154473717814517
Norm,Experiment2 Glyx160 #6 norm,,0.997571943975753,0.0211265401796468
Norm,Experiment2 Glyx160 #7 norm,,0.986905477609393,0.0305171861916626
Norm,Experiment2 Glyx160 #8 norm,,1.06850121768201,0.142196605256376
Norm,Experiment2 GLY276 #1 norm,,0.99885504056974,0.0105310173118278
Norm,Experiment2 GLY276 #2 norm,,0.982129010661532,0.0228452505269481
Norm,Experiment2 GLY276 #3 norm,,0.988630766447531,0.0199444477847303
Norm,Experiment2 GLY276 #4 norm,,1.01913141538019,0.0188865649610402
Norm,Experiment2 GLY276 #5 norm,,1.00605430152713,0.0441443534497495
Norm,Experiment2 GLY276 #6 norm,,1.00773657722843,0.0832687109946318
Norm,Experiment2 GLY276 #7 norm,,1.02378879582761,0.157797856592465
Norm,Experiment2 GLY276 #8 norm,,1.01305428817519,0.191454786035718
Norm,Experiment2 HPA262 #1 norm,,1.01997509444282,0.0199655167052341
Norm,Experiment2 HPA262 #2 norm,,1.00887126357287,0.025001806431333
Norm,Experiment2 HPA262 #3 norm,,0.948534226579043,0.0231988273605977
Norm,Experiment2 HPA262 #4 norm,,0.95660202540294,0.0278543812506383
Norm,Experiment2 HPA262 #5 norm,,0.944121036974586,0.0217351488618784
Norm,Experiment2 HPA262 #6 norm,,0.967788394429467,0.0280661734777347
Norm,Experiment2 HPA262 #7 norm,,1.01708671166056,0.0243957038239232
Norm,Experiment2 HPA262 #8 norm,,0.992023401841912,0.0377141605151867
Norm,Experiment2 GA307 #1 norm,,0.994281313278076,0.0106581516654877
Norm,Experiment2 GA307 #2 norm,,0.913595626043379,0.0299655995781557
Norm,Experiment2 GA307 #3 norm,,0.842214979060537,0.0198550998372768
Norm,Experiment2 GA307 #4 norm,,1.00804180412047,0.0266095931148855
Norm,Experiment2 GA307 #5 norm,,0.958461474433625,0.0765811895400395
Norm,Experiment2 GA307 #6 norm,,0.896885503255059,0.0897731464418173
Norm,Experiment2 GA307 #7 norm,,0.922885444560718,0.0687792715837861
Norm,Experiment2 GA307 #8 norm,,1.0091141996361,0.138229230153205
Norm,Experiment2 SER306 #1 norm,,0.999624053516959,0.0125882540921537
Norm,Experiment2 SER306 #2 norm,,0.9671516040859,0.0341673412460352
Norm,Experiment2 SER306 #3 norm,,1.00472885835931,0.0194965389901205
Norm,Experiment2 SER306 #4 norm,,1.0409858373094,0.0274522923846963
Norm,Experiment2 SER306 #5 norm,,0.999307851804961,0.0618611690067027
Norm,Experiment2 SER306 #6 norm,,1.0300912481956,0.122675818382827
Norm,Experiment2 SER306 #7 norm,,0.944109867655311,0.0895042944932473
Norm,Experiment2 SER306 #8 norm,,1.01997603156315,0.118046800475806
Norm,Experiment2 meTHF #1 norm,,1.00123464838845,0.00991222875277265
Norm,Experiment2 meTHF #2 norm,,1.00586106537334,0.0147548649186249
Norm,Experiment2 meTHF #3 norm,,0.990050510011962,0.0273048155329977
Norm,Experiment2 meTHF #4 norm,,0.998427419866947,0.02655498198805
Norm,Experiment2 meTHF #5 norm,,0.9990207651535,0.0803961152174202
Norm,Experiment2 meTHF #6 norm,,0.93349635418387,0.139631279466767
Norm,Experiment2 meTHF #7 norm,,1.0280845428048,0.16157858110844
Norm,Experiment2 meTHF #8 norm,,0.966097825336102,0.0728778211745845
Norm,Experiment2 FmTHF #1 norm,,1.01097738708571,0.0102499641035875
Norm,Experiment2 FmTHF #2 norm,,0.997668569961343,0.0117320020933897
Norm,Experiment2 FmTHF #3 norm,,1.01409087036618,0.010261146281637
Norm,Experiment2 FmTHF #4 norm,,0.983637618949566,0.0215192508438143
Norm,Experiment2 FmTHF #5 norm,,0.971785630099197,0.0389703069984173
Norm,Experiment2 FmTHF #6 norm,,1.05133537875701,0.0793434516842506
Norm,Experiment2 FmTHF #7 norm,,1.000942484465,0.11203874651665
Norm,Experiment2 FmTHF #8 norm,,1.0065050379449,0.0773678144692979
Norm,Experiment2 Met176 #1 norm,,1.01291614762937,0.0247243252739932
Norm,Experiment2 Met176 #2 norm,,0.929283399801876,0.039494226213056
Norm,Experiment2 Met176 #3 norm,,0.917590846732544,0.032989677536193
Norm,Experiment2 Met176 #4 norm,,0.937582763931706,0.0798734435024177
Norm,Experiment2 Met176 #5 norm,,0.925707360248984,0.0719181131931253
Norm,Experiment2 Met176 #6 norm,,1.01541088693122,0.0341509493714629
Norm,Experiment2 Met176 #7 norm,,1.00095226606899,0.067251342657315
Norm,Experiment2 Met176 #8 norm,,0.996163722563856,0.181515550205382
Norm,Experiment2 SAM #1 norm,,1.01125376379816,0.0144681275191841
Norm,Experiment2 SAM #2 norm,,0.964000249594315,0.0220774341979995
Norm,Experiment2 SAM #3 norm,,0.976632204983985,0.0339806881282559
Norm,Experiment2 SAM #4 norm,,1.01907525021246,0.0443981830178602
Norm,Experiment2 SAM #5 norm,,1.02215048721496,0.0223925923973352
Norm,Experiment2 SAM #6 norm,,1.00215937197212,0.0600728839888358
Norm,Experiment2 SAM #7 norm,,0.996345542343487,0.0674675797090856
Norm,Experiment2 SAM #8 norm,,0.997485586416062,0.0636796504686537
Norm,Experiment2 CIT465 #1 norm,,0.991484740510132,0.0128151641939657
Norm,Experiment2 CIT465 #2 norm,,1.00097984448421,0.0106714802844159
Norm,Experiment2 CIT465 #3 norm,,1.03608780016702,0.0133466886659475
Norm,Experiment2 CIT465 #4 norm,,1.00221245201455,0.0132576937826005
Norm,Experiment2 CIT465 #5 norm,,0.925435097110158,0.0147340489992831
Norm,Experiment2 CIT465 #6 norm,,1.01434590370086,0.011361965446643
Norm,Experiment2 CIT465 #7 norm,,0.969716683501774,0.0153871311440491
Norm,Experiment2 CIT465 #8 norm,,1.02778754588157,0.0246754065506634
Norm,Experiment2 MAL335 #1 norm,,1.03096985897601,0.0123607965068051
Norm,Experiment2 MAL335 #2 norm,,0.980841618016162,0.0135294423701084
Norm,Experiment2 MAL335 #3 norm,,0.947988086839905,0.012424531590223
Norm,Experiment2 MAL335 #4 norm,,0.982733466333913,0.0115545299835475
Norm,Experiment2 MAL335 #5 norm,,1.01373621805937,0.0150162286027598
Norm,Experiment2 MAL335 #6 norm,,0.948644730427245,0.0145311045682344
Norm,Experiment2 MAL335 #7 norm,,0.982153952513467,0.0204586744345023
Norm,Experiment2 MAL335 #8 norm,,1.02614009441953,0.0415881947670075
Norm,Experiment2 ASP334 #1 norm,,0.989608829021564,0.0159198662260704
Norm,Experiment2 ASP334 #2 norm,,0.963506976109534,0.0232872252970786
Norm,Experiment2 ASP334 #3 norm,,0.959046368071145,0.017445870220596
Norm,Experiment2 ASP334 #4 norm,,1.02400022270751,0.0220804577274211
Norm,Experiment2 ASP334 #5 norm,,0.928835384960535,0.0229973088408645
Norm,Experiment2 ASP334 #6 norm,,0.958492680734712,0.0624056286006109
Norm,Experiment2 ASP334 #7 norm,,0.996673864375712,0.0611777061819888
Norm,Experiment2 ASP334 #8 norm,,0.976323132957423,0.0328906583530631
Norm,Experiment2 GLU348 #1 norm,,1.00501419531013,0.0118899920286539
Norm,Experiment2 GLU348 #2 norm,,1.01113632453916,0.0129164764418102
Norm,Experiment2 GLU348 #3 norm,,0.995008684474322,0.0120441069092296
Norm,Experiment2 GLU348 #4 norm,,0.976651251859288,0.0151544687979944
Norm,Experiment2 GLU348 #5 norm,,0.985430353091859,0.0289310832704399
Norm,Experiment2 GLU348 #6 norm,,0.975163927884658,0.0146908545351954
Norm,Experiment2 GLU348 #7 norm,,0.972631226744308,0.0237448737513953
Norm,Experiment2 GLU348 #8 norm,,0.916652700983314,0.0533450396897848
Norm,Experiment2 THR320 #1 norm,,1.00120775973393,0.0101970514558431
Norm,Experiment2 THR320 #2 norm,,0.998969748323255,0.0116984164320563
Norm,Experiment2 THR320 #3 norm,,0.999546527474386,0.0103009460540782
Norm,Experiment2 THR320 #4 norm,,1.0223807133666,0.0112453884544435
Norm,Experiment2 THR320 #5 norm,,0.994055114320524,0.0200667710230051
Norm,Experiment2 THR320 #6 norm,,1.02738977816799,0.0113615777129044
Norm,Experiment2 THR320 #7 norm,,0.965442281622894,0.0137709703623037
Norm,Experiment2 THR320 #8 norm,,0.944862290119763,0.0383341621061414
Norm,Experiment2 ALA116 #1 norm,,1.01037382934891,0.0100981410170151
Norm,Experiment2 ALA116 #2 norm,,0.979731073274683,0.0096552717947273
Norm,Experiment2 ALA116 #3 norm,,1.01846078109706,0.0109322370777577
Norm,Experiment2 ALA116 #4 norm,,1.01472361820913,0.0268959876252687
Norm,Experiment2 ALA116 #5 norm,,1.04242362679539,0.0763868860698443
Norm,Experiment2 ALA116 #6 norm,,0.985048577283401,0.0678663188025646
Norm,Experiment2 ALA116 #7 norm,,1.0180640164971,0.0696177686183518
Norm,Experiment2 ALA116 #8 norm,,0.993416836522455,0.177600123095065
Norm,Experiment2 PYR #1 norm,,1.00052348554808,0.0126046207336818
Norm,Experiment2 PYR #2 norm,,0.991342937262446,0.0548488966053172
Norm,Experiment2 PYR #3 norm,,0.973854206070986,0.0616389837654115
Norm,Experiment2 PYR #4 norm,,1.02094533779992,0.0473863581087989
Norm,Experiment2 PYR #5 norm,,1.07369085572171,0.150676372178652
Norm,Experiment2 PYR #6 norm,,0.981457265530654,0.121277997947558
Norm,Experiment2 PYR #7 norm,,1.01818165729669,0.075851349790408
Norm,Experiment2 PYR #8 norm,,0.947373362259311,0.124156332125948
