type,id,eqn,val,std
Net flux,CO2.t,CO2.t -> CO2,68.7969771688884,1.52430546924629
Net flux,CO2_sink,dummy -> Sink,68.7969771688884,1.52430546924629
Net flux,RUBICSO_CO2,RUBP.p + CO2 -> 3PGA.p + 3PGA.p + dummy,70.4970081648262,1.53031579948014
Net flux,GAPDH.p net,3PGA.p <-> TP.p,143.1345461866,3.04542866057024
Exch flux,GAPDH.p exch,3PGA.p <-> TP.p,49739.2130750041,10.7526844677503
Net flux,ALD,TP.p + E4P.p -> SBP,24.2421492217894,0.511433290793449
Net flux,SBP,SBP -> S7P.p,24.2421492217895,0.511433290793449
Net flux,FBA.p net,TP.p + TP.p <-> FBP.p,31.9679961867951,0.784058406384298
Exch flux,FBA.p exch,TP.p + TP.p <-> FBP.p,19672.9612212071,2685.00547805679
Net flux,PFK.p net,FBP.p <-> F6P.p,31.9679961867982,0.784058406384298
Exch flux,PFK.p exch,FBP.p <-> F6P.p,1.00001898317714e-07,4.21966122517454e-13
Net flux,TK1 net,TP.p + EC2 <-> X5P.p,48.4842984435789,1.0228665815869
Exch flux,TK1 exch,TP.p + EC2 <-> X5P.p,1.0000000116861e-07,0
Net flux,TK2 net,S7P.p <-> R5P.p + EC2,24.2421492217894,0.511433290793449
Exch flux,TK2 exch,S7P.p <-> R5P.p + EC2,38.208467939178,7224.134068402
Net flux,TK3 net,F6P.p <-> E4P.p + EC2,24.2421492217909,0.511433290793449
Exch flux,TK3 exch,F6P.p <-> E4P.p + EC2,9226.32723624684,4523.60086663505
Net flux,PPE net,X5P.p <-> RU5P.p,48.4842984435788,1.0228665815869
Exch flux,PPE exch,X5P.p <-> RU5P.p,77.6871755211334,7112.69811370466
Net flux,PPI net,R5P.p <-> RU5P.p,24.2421492217895,0.511433290793449
Exch flux,PPI exch,R5P.p <-> RU5P.p,239.381936154794,7517.64588671516
Net flux,PRK,RU5P.p -> RUBP.p,72.7264476653684,1.53429987241057
Net flux,RUBISCO_O2,RUBP.p -> 3PGA.p + 2PG.p,2.22943950054218,0.0848404085630658
Net flux,GLYdil net,GLY.p <-> GLY.x + dummyGLY,0.0164876904111182,0.00173494096431739
Exch flux,GLYdil exch,GLY.p <-> GLY.x + dummyGLY,1.0000000116861e-07,0
Net flux,SERdil net,SER.p <-> SER.x + dummySER,0.0563773319346481,0.00593237541452198
Exch flux,SERdil exch,SER.p <-> SER.x + dummySER,9.99994469452758e-08,3.0267747479032e-12
Net flux,GK,GA.p -> 3PGA.p,0.601081592803119,0.113719306178898
Net flux,PGI.p net,F6P.p <-> G6P.p,7.72584696501029,0.415753856015652
Exch flux,PGI.p exch,F6P.p <-> G6P.p,9.99960114711484e-08,1.03903432125295e-12
Net flux,PGM.p,G6P.p -> ADPG.p,7.72584696501029,0.415753856015652
Net flux,Starch,ADPG.p -> Starch,7.72584696501027,0.415753856015652
Net flux,FBA.c net,TP.c + TP.c <-> FBP.c,3.23605307381878,0.340518345586663
Exch flux,FBA.c exch,TP.c + TP.c <-> FBP.c,23.1064230276467,3359.68178921753
Net flux,PFK.c net,FBP.c <-> F6P.c,3.2360530738188,0.340518345586663
Exch flux,PFK.c exch,FBP.c <-> F6P.c,10.9840149545439,14.2340435597949
Net flux,PGI.c net,F6P.c <-> G6P.c,1.61802653690941,0.170259172793332
Exch flux,PGI.c exch,F6P.c <-> G6P.c,228.491060742412,3196.3716370422
Net flux,PGM.c net,G6P.c <-> UDPG.c,1.61802653690393,0.170259172793332
Exch flux,PGM.c exch,G6P.c <-> UDPG.c,48481.7829876008,8356.84549346379
Net flux,SPS,F6P.c + UDPG.c -> S6P,1.61802653690936,0.170259172793332
Net flux,PGAM.c net,3PGA.c <-> PEP.c,0.689991236399957,0.0726053214159216
Exch flux,PGAM.c exch,3PGA.c <-> PEP.c,0.496560846049307,8356.84549377919
Net flux,PK.c,PEP.c -> PYR.c,0.313201396749186,0.0329570680194093
Net flux,PDH,PYR.c + dummy -> ACA + CO2,0.260664075095934,0.027428752662516
Net flux,CS,OAA + ACA -> CIT,0.26066407509593,0.027428752662516
Net flux,ACO net,CIT <-> ICI,0.260664075095974,0.027428752662516
Exch flux,ACO exch,CIT <-> ICI,1834.37771835339,8356.84549346379
Net flux,IDH,ICI + dummy -> AKG + CO2,0.260664075095947,0.027428752662516
Net flux,MDH net,MAL <-> OAA,7.105427357601e-15,0
Exch flux,MDH exch,MAL <-> OAA,0.262881665916218,0.161980305967246
Net flux,PPC,PEP.c + CO2 -> OAA + dummy,0.376789839649383,0.0396482534441958
Net flux,T_3PGA net,3PGA.p <-> 3PGA.c,0.689991236399937,0.0726053214159216
Exch flux,T_3PGA exch,3PGA.p <-> 3PGA.c,3.71926313445327,1.65118521567119
Net flux,T_DHAP net,TP.p <-> TP.c,6.47210614763761,0.681036691173326
Exch flux,T_DHAP exch,TP.p <-> TP.c,2.86851989407926,0.931635732837415
Net flux,ALT,PYR.c -> ALA.c,0.0525373216533903,0.00552831532704676
Net flux,ASPT,OAA -> ASP,0.116125764554115,0.0122195008135332
Net flux,GLUDH,AKG -> GLU,0.260664075095923,0.027428752662516
Net flux,PCR net,GLU <-> PRO,-2.48689957516035e-14,0
Exch flux,PCR exch,GLU <-> PRO,1.0000000116861e-07,0
Net flux,GS net,GLU <-> GLN,0,0
Exch flux,GS exch,GLU <-> GLN,1.00042107931131e-07,0
Net flux,TS net,ASP <-> THR,0,0
Exch flux,TS exch,ASP <-> THR,0.0194659372287447,0.0326356378226197
Net flux,AS net,ASP <-> ASN,1.06581410364015e-14,0
Exch flux,AS exch,ASP <-> ASN,1.0000000116861e-07,0
Net flux,G_3PGA.p,0*3PGA.p -> 3PGA,2.46866316899741e-06,10440.1382920539
Net flux,G_3PGA.c,0*3PGA.c -> 3PGA,92.9119081393207,7250.53737104121
Net flux,G_DHAP.p,0*TP.p -> TP,40.6853798422419,9788.28209203723
Net flux,G_DHAP.c,0*TP.c -> TP,51.8471856996948,6773.31536360814
Net flux,G_F6P.p,0*F6P.p -> F6P,48.6686345030749,10563.3732231174
Net flux,G_F6P.c,0*F6P.c -> F6P,36.546576817712,7431.87050289332
Net flux,G_FBP.p,0*FBP.p -> FBP,2.46866149211655e-06,10204.0801256678
Net flux,G_FBP.c,0*FBP.c -> FBP,83.4512310509227,7273.98265799828
Net flux,G_G6P.p,0*G6P.p -> G6P,19.0549768397257,10065.7341597298
Net flux,G_G6P.c,0*G6P.c -> G6P,58.8549499993082,7069.71888665084
Net flux,G_RU5P.p,0*RU5P.p -> P5P,2.46865391417828e-06,9448.02486187295
Net flux,G_X5P.p,0*X5P.p -> P5P,92.8477691489395,6556.54774009482
Net flux,G_R5P.p,0*R5P.p -> R5P,82.2810779884949,7136.63480042232
Net flux,G_GA.p,0*GA.p -> GA,23.8014183064559,4.21156879965983
Net flux,G_SER.p,0*SER.p -> SER,76.4741287228187,7350.01069875719
Net flux,G_GLY.p,0*GLY.p -> GLY,5.29584060874359,7540.29218001428
Net flux,G_RUBP.p,0*RUBP.p -> RUBP,92.5302752673063,7586.39690973075
Net flux,G_S7P.p,0*S7P.p -> S7P,98.4567310636212,7765.11332554109
Net flux,G_2PG.p,0*2PG.p -> 2PG,87.0427532706349,7474.93134492352
Net flux,G_ADPG.p,0*ADPG.p -> ADPG,95.0805622183481,7336.74942110793
Net flux,G_PEP.c,0*PEP.c -> PEP,89.2305410445615,7652.89960218916
Net flux,G_UDPG.c,0*UDPG.c -> UDPG,72.4268033045549,7431.86741702775
Net flux,G_ALA.c,0*ALA.c -> ALA,69.7866004276007,7.95349435537625
Net flux,(1-G)_GA,0*GA.x -> GA,76.1985816935461,4.21156879965983
Net flux,(1-G)_SER,0*SER.x -> SER,23.5258613127068,8.53672973193541
Net flux,(1-G)_GLY,0*GLY.x -> GLY,49.300296054221,8.28355031591944
Net flux,(1-G)_R5P,0*R5P.x -> R5P,17.718922011502,7136.63480042232
Net flux,(1-G)_RUBP,0*RUBP.x -> RUBP,7.46972473269241,7586.39690973075
Net flux,(1-G)_3PGA,0*3PGA.x -> 3PGA,7.0880893920164,6960.99361769849
Net flux,(1-G)_TP,0*TP.x -> TP,7.46743445806384,7446.54658500431
Net flux,(1-G)_F6P,0*F6P.x -> F6P,14.7847886792169,7512.66625454843
Net flux,(1-G)_FBP,0*FBP.x -> FBP,16.5487664804106,7301.14023972384
Net flux,(1-G)_G6P,0*G6P.x -> G6P,22.0900731609643,7235.50112472591
Net flux,(1-G)_RU5P,0*RU5P.x -> P5P,7.15222838240798,7069.21129275774
Net flux,(1-G)_S7P,0*S7P.x -> S7P,1.5432689363768,7765.11332554109
Net flux,(1-G)_2PG,0*2PG.x -> 2PG,12.9572467293675,7474.93134492352
Net flux,(1-G)_ADPG,0*ADPG.x -> ADPG,4.91943778165087,7336.74942110793
Net flux,(1-G)_PEP,0*PEP.x -> PEP,10.7694589554367,7652.89960218916
Net flux,(1-G)_UDPG,0*UDPG.x -> UDPG,27.5731966954463,7431.86741702775
Net flux,(1-G)_ALA,0*ALA.x -> ALA,30.2133995723991,7.95349435537625
Net flux,PGASink,3PGA -> Sink,100,0
Net flux,DHAPSink,TP -> Sink,100.000000000001,0
Net flux,F6PSink,F6P -> Sink,100.000000000004,0
Net flux,FBPSink,FBP -> Sink,99.9999999999948,0
Net flux,G6PSink,G6P -> Sink,99.9999999999983,0
Net flux,P5PSink,P5P -> Sink,100.000000000001,0
Net flux,R5PSink,R5P -> Sink,99.9999999999968,0
Net flux,GASink,GA -> Sink,100.000000000002,0
Net flux,SERSink,SER -> Sink,99.9999999999996,0
Net flux,GLYSink,GLY -> Sink,100.000000000001,0
Net flux,RUBPSink,RUBP -> Sink,99.9999999999987,0
Net flux,S7PSink,S7P -> Sink,99.9999999999979,0
Net flux,2PGSink,2PG -> Sink,100.000000000002,0
Net flux,ADPGSink,ADPG -> Sink,99.9999999999989,0
Net flux,PEPSink,PEP -> Sink,99.9999999999983,0
Net flux,UDPGSink,UDPG -> Sink,100.000000000001,0
Net flux,ALASink,ALA -> Sink,99.9999999999998,0
Net flux,S6Pout-LL,S6P + 0.1611*GLU + 0.07177*ASP + 0.03247*ALA.c + 0.01019*dummyGLY + 0.03484*dummySER -> Sink,1.61802653690939,0.170259172793332
Net flux,PGP.p,2PG.p -> Glyc.p,2.2294395005422,0.0848404085630658
Net flux,GOX,Glyc.p -> Glyx.p,2.22943950054221,0.0848404085630658
Net flux,GGT,Glyx.p -> GLY.p,2.2294395005422,0.0848404085630658
Net flux,SGAT,SER.p -> HPA.p,0.601081592803108,0.113719306178898
Net flux,HPR.p,HPA.p -> GA.p,0.601081592803102,0.113719306178898
Net flux,T_GLY-m net,GLY.p <-> GLY.m,2.21304023427729,7273.7093823544
Exch flux,T_GLY-m exch,GLY.p <-> GLY.m,15940.4538159785,7162.78874898519
Net flux,GDC.m,GLY.m + dummy -> myTHF.m + CO2,1.55549268539595,0.121958409181629
Net flux,T_SER-m net,SER.p <-> SER.m,-1.55549268539595,0.121958409181629
Exch flux,T_SER-m exch,SER.p <-> SER.m,1.01094090447624,4.09776150658124
Net flux,mSHMT,GLY.m + myTHF.m -> SER.m,1.55549268539595,0.121958409181629
Net flux,T_SER-c net,SER.p <-> SER.c,0.898033760658187,0.219817548707083
Exch flux,T_SER-c exch,SER.p <-> SER.c,0.00254189354075951,0.188509248320762
Net flux,T_Gly-c net,GLY.p <-> GLY.c,-8.8424147260735e-05,7273.70938185933
Exch flux,T_Gly-c exch,GLY.p <-> GLY.c,9.99999998363421e-08,0
Net flux,cSHMT,SER.c -> GLY.c + meTHF.c,0.898033660658442,0.219817548731454
Net flux,FmTHF-reductase net,meTHF.c <-> FmTHF.c,0.898033660658443,0.219817548731454
Exch flux,FmTHF-reductase exch,meTHF.c <-> FmTHF.c,7.80965294113708,7737.92923191648
Net flux,Met-synthase,FmTHF.c + Hcy.c -> Met.c,0.898033660658422,0.219817548731454
Net flux,SAM-synthase,Met.c -> SAM.c,0.898033660658431,0.219817548731454
Net flux,Methylation,SAM.c -> SAH.c + Acceptor.c,0.898033660658426,0.219817548731454
Net flux,hydrolysis,SAH.c -> Hcy.c,0.898033660658419,0.219817548731454
Net flux,G_SER.m,0*SER.m -> SER,1.0000000116861e-07,0
Net flux,G_SER.c,0*SER.c -> SER,9.8644740020859e-06,7350.00574121193
Net flux,G_Gly.m,0*GLY.m -> GLY,4.17712205766918e-05,7540.29193624391
Net flux,G_Gly.c,0*GLY.c -> GLY,45.4038215658161,8.79066504018497
Net flux,T_GLY-c-m,GLY.c -> GLY.m,0.89794513651358,7273.70938518057
Net flux,G_Glyc,0*Glyc.p -> Glyc,10.461783625563,1.15012464604158
Net flux,G_Glyx,0*Glyx.p -> Glyx,99.8998192431334,7560.1349207031
Net flux,G_HPA,0*HPA.p -> HPA,5.34987329402433,1.79341353592382
Net flux,(1-G)_Glyc,0*Glyc.x -> Glyc,89.5382163744377,1.15012464604158
Net flux,(1-G)_Glyx,0*Glyx.x -> Glyx,0.100180756867502,7560.1349207031
Net flux,(1-G)_HPA,0*HPA.x -> HPA,94.6501267059756,1.79341353592382
Net flux,GlycSink,Glyc -> Sink,100.000000000001,0
Net flux,GlyxSink,Glyx -> Sink,100.000000000001,0
Net flux,HPASink,HPA -> Sink,99.9999999999998,0
Net flux,SERex,dummySER -> outSER,9.99961815573158e-08,2.54067151148509e-12
Net flux,G_PYR,0*PYR.c -> PYR,37.8850698509788,2.7931862189416
Net flux,(1-G)_PYR,0*PYR.x -> PYR,62.1149301490214,2.7931862189416
Net flux,PYRSink,PYR -> Sink,100,0
Net flux,G_meTHF,0*meTHF.c -> meTHF,91.6229931339894,13.9972663486245
Net flux,G_FmTHF,0*FmTHF.c -> FmTHF,67.3910329183282,9.98786362304467
Net flux,G_Met,0*Met.c -> Met,50.2754890966586,7.40848445319308
Net flux,G_SAM,0*SAM.c -> SAM,49.7157459031211,7.48266470379422
Net flux,(1-G)_meTHF,0*meTHF.x -> meTHF,8.37700686601048,13.9972663486245
Net flux,(1-G)_FmTHF,0*FmTHF.x -> FmTHF,32.6089670816719,9.98786362304467
Net flux,(1-G)_Met,0*Met.x -> Met,49.7245109033415,7.40848445319308
Net flux,(1-G)_SAM,0*SAM.x -> SAM,50.2842540968789,7.48266470379422
Net flux,meTHFSink,meTHF -> Sink,99.9999999999999,0
Net flux,FmTHFSink,FmTHF -> Sink,100,0
Net flux,MetSink,Met -> Sink,100,0
Net flux,SAMsink,SAM -> Sink,100,0
Net flux,Met-protein,Met.c -> Protein,6.51983996113883e-15,0
Net flux,GLY-protein,GLY.c -> Protein,9.99976279558723e-08,5.22518556765355e-13
Net flux,SER-protein,SER.c -> Protein,9.99997462614033e-08,1.27185956700802e-13
Pool,2PG pool,,0,0
Pool,2PG.p pool,,5.74150326796305e-07,7168.81855185263
Pool,2PG.x pool,,1,Inf
Pool,3PGA pool,,0,0
Pool,3PGA.c pool,,0.233741239853394,0.0822013834138411
Pool,3PGA.p pool,,1.62488639110938e-06,7122.80671446382
Pool,3PGA.x pool,,1,Inf
Pool,ACA pool,,4.40283593460448e-06,7659.25282671396
Pool,ADPG pool,,0,0
Pool,ADPG.p pool,,9.9999999999999e-08,Inf
Pool,ADPG.x pool,,1,Inf
Pool,AKG pool,,7.02204172477587e-07,7303.46817842498
Pool,ALA pool,,0,0
Pool,ALA.c pool,,0.0131702014091916,0.00366530689759303
Pool,ALA.x pool,,1,Inf
Pool,ASN pool,,7567.57442611404,6708.57334411589
Pool,ASP pool,,1.00000000000057e-07,0
Pool,Acceptor.c pool,,1,Inf
Pool,CIT pool,,3.55970753662616,0.942478531364732
Pool,CO2 pool,,1.16090803281231e-05,7342.59732661539
Pool,CO2.t pool,,1,Inf
Pool,E4P.p pool,,0,0
Pool,EC2 pool,,0,0
Pool,F6P pool,,0,0
Pool,F6P.c pool,,3.82877000702027e-06,7134.22757555624
Pool,F6P.p pool,,8.43917467152071e-07,6985.07744531082
Pool,F6P.x pool,,1,Inf
Pool,FBP pool,,0,0
Pool,FBP.c pool,,3.47179688593892e-06,7070.63762182776
Pool,FBP.p pool,,9.55634714212951e-07,7313.83667966735
Pool,FBP.x pool,,1,Inf
Pool,FmTHF pool,,5.35545737060145,2.94412861561887
Pool,FmTHF.c pool,,1.02066133212163e-07,7688.4870215541
Pool,FmTHF.x pool,,1,Inf
Pool,G6P pool,,0,0
Pool,G6P.c pool,,9.87583173527981e-06,7091.25937095725
Pool,G6P.p pool,,3.58055999163007e-06,7008.78820335546
Pool,G6P.x pool,,1,Inf
Pool,GA pool,,0,0
Pool,GA.p pool,,1.24193923507317e-07,7368.67718904995
Pool,GA.x pool,,1,Inf
Pool,GLN pool,,8.83867754808558,7256.84567381825
Pool,GLU pool,,7.02204867837544e-07,7161.97455684294
Pool,GLY pool,,0,0
Pool,GLY.c pool,,0.0138116936405647,0.0237624530134181
Pool,GLY.m pool,,0.00125799067218028,7384.77425851141
Pool,GLY.p pool,,0.000373079532402563,7340.06936875388
Pool,GLY.x pool,,1,Inf
Pool,Glyc pool,,2.80654111603777,1.08785570935121
Pool,Glyc.p pool,,5.99160739830169e-07,7461.71719534802
Pool,Glyc.x pool,,1,Inf
Pool,Glyx pool,,738.89829002663,210.869239602326
Pool,Glyx.p pool,,4.75591661055457e-06,7627.67568889421
Pool,Glyx.x pool,,1,Inf
Pool,HPA pool,,0.000367878073367074,7274.05492039267
Pool,HPA.p pool,,1.36162286364076e-07,7301.4258643137
Pool,HPA.x pool,,1,Inf
Pool,Hcy.c pool,,1,Inf
Pool,ICI pool,,0.00237781852091778,7310.75108254193
Pool,MAL pool,,0.551675611789566,0.22894454009044
Pool,Met pool,,1.6449399866454e-05,7114.00681199975
Pool,Met.c pool,,1e-07,0
Pool,Met.x pool,,1,Inf
Pool,OAA pool,,0.241496391344249,0.0543436490062168
Pool,P5P pool,,0,0
Pool,PEP pool,,0,0
Pool,PEP.c pool,,1.00000000000002e-07,0
Pool,PEP.x pool,,1,Inf
Pool,PRO pool,,5.3949963819146,6988.45148130868
Pool,PYR pool,,9.99999998363421e-08,0
Pool,PYR.c pool,,0.00175875199709802,0.00189057516555039
Pool,PYR.x pool,,1,Inf
Pool,Protein pool,,1,Inf
Pool,R5P pool,,0,0
Pool,R5P.p pool,,1.1500495463071e-06,7356.78274078223
Pool,R5P.x pool,,1,Inf
Pool,RU5P.p pool,,1.03028059574102e-06,7420.26951513997
Pool,RU5P.x pool,,1,Inf
Pool,RUBP pool,,0,0
Pool,RUBP.p pool,,1.02526833985355e-06,7191.07113132084
Pool,RUBP.x pool,,1,Inf
Pool,S6P pool,,1,Inf
Pool,S7P pool,,0,0
Pool,S7P.p pool,,7.75325145967649e-07,7600.206947946
Pool,S7P.x pool,,1,Inf
Pool,SAH.c pool,,1,Inf
Pool,SAM pool,,3.78709169799875,2.92119398308251
Pool,SAM.c pool,,6.23817324955538e-07,7514.12285435827
Pool,SAM.x pool,,1,Inf
Pool,SBP pool,,0,0
Pool,SER pool,,0,0
Pool,SER.c pool,,1.00000000002876e-07,0
Pool,SER.m pool,,0.0349406066947791,0.0532277559786092
Pool,SER.p pool,,0.367057613312521,0.0566226878376583
Pool,SER.x pool,,1,Inf
Pool,Sink pool,,1,Inf
Pool,Starch pool,,1,Inf
Pool,THR pool,,0.0618982077459614,0.101117618301343
Pool,TP pool,,0,0
Pool,TP.c pool,,3.75035243759581e-06,7242.50400241164
Pool,TP.p pool,,1.64514394919043e-06,7402.49633006334
Pool,TP.x pool,,1,Inf
Pool,UDPG pool,,0,0
Pool,UDPG.c pool,,14.7869054270871,1787.05367161662
Pool,UDPG.x pool,,1,Inf
Pool,X5P.p pool,,1.04248793049278e-06,7131.77032555824
Pool,dummy pool,,1,Inf
Pool,dummyGLY pool,,1,Inf
Pool,dummySER pool,,1,Inf
Pool,meTHF pool,,0.317978601304348,7105.89451616387
Pool,meTHF.c pool,,1.02680591518072e-07,6832.78649625162
Pool,meTHF.x pool,,1,Inf
Pool,myTHF.m pool,,0.0039545823007057,7302.40799359318
Pool,outSER pool,,1,Inf
Norm,Experiment2 Glyc205 #1 norm,,0.935219813975899,0.0346051047180041
Norm,Experiment2 Glyc205 #2 norm,,0.982624700854125,0.0171698134988304
Norm,Experiment2 Glyc205 #3 norm,,0.988084638451031,0.0235446940056752
Norm,Experiment2 Glyc205 #4 norm,,1.00440505165895,0.0206595768220177
Norm,Experiment2 Glyc205 #5 norm,,1.01294319432129,0.0240546999302435
Norm,Experiment2 Glyc205 #6 norm,,0.944216469093746,0.0234335136096147
Norm,Experiment2 Glyc205 #7 norm,,0.983495950530764,0.0332157181562294
Norm,Experiment2 Glyc205 #8 norm,,0.931090288536512,0.101176290268622
Norm,Experiment2 Glyx160 #1 norm,,1.00398043163911,0.0114126074742593
Norm,Experiment2 Glyx160 #2 norm,,0.996891581846979,0.0114885412913442
Norm,Experiment2 Glyx160 #3 norm,,0.984947418408633,0.0121562366113974
Norm,Experiment2 Glyx160 #4 norm,,0.99097999238197,0.0157765090308627
Norm,Experiment2 Glyx160 #5 norm,,1.00042048506001,0.0145338216127518
Norm,Experiment2 Glyx160 #6 norm,,0.982468899958555,0.0203069890900816
Norm,Experiment2 Glyx160 #7 norm,,1.04905592108346,0.0336850337127813
Norm,Experiment2 Glyx160 #8 norm,,0.931984529325626,0.0955386714115847
Norm,Experiment2 GLY276 #1 norm,,1.01201624634147,0.0107576557134512
Norm,Experiment2 GLY276 #2 norm,,0.9744187420018,0.0240372338615598
Norm,Experiment2 GLY276 #3 norm,,0.996767202039992,0.0206139626159966
Norm,Experiment2 GLY276 #4 norm,,0.992322471383181,0.025707107651207
Norm,Experiment2 GLY276 #5 norm,,1.00096310790306,0.0361520682035071
Norm,Experiment2 GLY276 #6 norm,,0.96657351102619,0.0855083696350516
Norm,Experiment2 GLY276 #7 norm,,1.03388877842292,0.171285816052153
Norm,Experiment2 GLY276 #8 norm,,1.00827878954237,0.149467717940308
Norm,Experiment2 HPA262 #1 norm,,0.985262347583523,0.0193374380714279
Norm,Experiment2 HPA262 #2 norm,,1.00395682262882,0.0238566998674771
Norm,Experiment2 HPA262 #3 norm,,0.982531346094538,0.0242563443560357
Norm,Experiment2 HPA262 #4 norm,,0.987007959292295,0.0303340952230124
Norm,Experiment2 HPA262 #5 norm,,1.0052062769783,0.0229488154464641
Norm,Experiment2 HPA262 #6 norm,,0.990109406292377,0.0290543741179922
Norm,Experiment2 HPA262 #7 norm,,0.99258320758643,0.0240673939203834
Norm,Experiment2 HPA262 #8 norm,,0.98458065382901,0.0384657973334806
Norm,Experiment2 GA307 #1 norm,,0.991636350836401,0.0108624040259887
Norm,Experiment2 GA307 #2 norm,,0.926580056319184,0.0288377539823301
Norm,Experiment2 GA307 #3 norm,,0.930612352228043,0.0209437470133632
Norm,Experiment2 GA307 #4 norm,,0.966849402865032,0.0266083084045673
Norm,Experiment2 GA307 #5 norm,,0.865314555895535,0.0753754711419719
Norm,Experiment2 GA307 #6 norm,,0.775421199898744,0.115391211167351
Norm,Experiment2 GA307 #7 norm,,0.998620109602141,0.0847929007402829
Norm,Experiment2 GA307 #8 norm,,0.908442330643385,0.115615106091924
Norm,Experiment2 SER306 #1 norm,,0.987321049792438,0.0124973442115335
Norm,Experiment2 SER306 #2 norm,,0.992615634665496,0.0354865343044112
Norm,Experiment2 SER306 #3 norm,,1.04214647430263,0.0254643003905941
Norm,Experiment2 SER306 #4 norm,,1.00208353404993,0.0286616281342171
Norm,Experiment2 SER306 #5 norm,,1.01504812594882,0.0591194712805569
Norm,Experiment2 SER306 #6 norm,,0.981088441198125,0.112028225332514
Norm,Experiment2 SER306 #7 norm,,1.05325801168123,0.0860251521597194
Norm,Experiment2 SER306 #8 norm,,1.00785470353353,0.213575598604634
Norm,Experiment2 meTHF #1 norm,,0.994120909218297,0.0100019392336849
Norm,Experiment2 meTHF #2 norm,,1.03063188441821,0.015026183655804
Norm,Experiment2 meTHF #3 norm,,0.984109531378887,0.0275683052443001
Norm,Experiment2 meTHF #4 norm,,0.985607671225772,0.029487126194781
Norm,Experiment2 meTHF #5 norm,,0.968424819791122,0.0786572269331211
Norm,Experiment2 meTHF #6 norm,,1.0152581313706,0.143276619215715
Norm,Experiment2 meTHF #7 norm,,1.01029657352621,0.23040679041642
Norm,Experiment2 meTHF #8 norm,,0.992366248767507,0.067074083642663
Norm,Experiment2 FmTHF #1 norm,,0.991939157456138,0.00994432499032869
Norm,Experiment2 FmTHF #2 norm,,0.983255826170222,0.01132668266874
Norm,Experiment2 FmTHF #3 norm,,0.997688118969126,0.00999486824850224
Norm,Experiment2 FmTHF #4 norm,,1.02130156124958,0.0231714819178747
Norm,Experiment2 FmTHF #5 norm,,0.991035741277097,0.0405830174314245
Norm,Experiment2 FmTHF #6 norm,,0.980243459821375,0.0683456728649856
Norm,Experiment2 FmTHF #7 norm,,1.00835867638779,0.106666667180009
Norm,Experiment2 FmTHF #8 norm,,1.00084457250751,0.0641034725234892
Norm,Experiment2 Met176 #1 norm,,1.00345392767298,0.0230228599465033
Norm,Experiment2 Met176 #2 norm,,0.931356587288925,0.0366118741463457
Norm,Experiment2 Met176 #3 norm,,0.903020681934216,0.0334632610012153
Norm,Experiment2 Met176 #4 norm,,0.839293029119591,0.0867329968406546
Norm,Experiment2 Met176 #5 norm,,0.877662884031621,0.0627543468760421
Norm,Experiment2 Met176 #6 norm,,1.00563797583632,0.0347078830064832
Norm,Experiment2 Met176 #7 norm,,1.02508571271745,0.0690986770760497
Norm,Experiment2 Met176 #8 norm,,0.990093542500385,0.123165444677312
Norm,Experiment2 SAM #1 norm,,0.986339326593759,0.0138959942755705
Norm,Experiment2 SAM #2 norm,,0.965746390343246,0.0219774332554655
Norm,Experiment2 SAM #3 norm,,0.949881401789506,0.0334903025678986
Norm,Experiment2 SAM #4 norm,,0.941514996032095,0.0443512492589331
Norm,Experiment2 SAM #5 norm,,1.00286457170148,0.0262414582909112
Norm,Experiment2 SAM #6 norm,,1.00389465342014,0.0544947065796264
Norm,Experiment2 SAM #7 norm,,1.03224775402311,0.0757255903227332
Norm,Experiment2 SAM #8 norm,,0.994742899934433,0.0572026957096625
Norm,Experiment2 CIT465 #1 norm,,0.985817829723992,0.0126741574410704
Norm,Experiment2 CIT465 #2 norm,,1.01915001201718,0.0106866260229287
Norm,Experiment2 CIT465 #3 norm,,0.997302367947655,0.012810950413295
Norm,Experiment2 CIT465 #4 norm,,1.00771906358123,0.0132051228936458
Norm,Experiment2 CIT465 #5 norm,,0.988860593233471,0.0157374597639857
Norm,Experiment2 CIT465 #6 norm,,0.982907164332922,0.0114073645379408
Norm,Experiment2 CIT465 #7 norm,,1.01004311884588,0.0153122332787219
Norm,Experiment2 CIT465 #8 norm,,1.01846503968358,0.0213557833209724
Norm,Experiment2 MAL335 #1 norm,,1.01366542002821,0.0120027603279674
Norm,Experiment2 MAL335 #2 norm,,0.988196237702396,0.0135244724837869
Norm,Experiment2 MAL335 #3 norm,,0.956640944979558,0.012568370971475
Norm,Experiment2 MAL335 #4 norm,,0.979967247781554,0.0117729381211456
Norm,Experiment2 MAL335 #5 norm,,0.977102543397224,0.014316156517098
Norm,Experiment2 MAL335 #6 norm,,0.981199951785262,0.0150091550024006
Norm,Experiment2 MAL335 #7 norm,,0.979593199074358,0.0208909525206582
Norm,Experiment2 MAL335 #8 norm,,1.01262816820686,0.0402997337189987
Norm,Experiment2 ASP334 #1 norm,,0.982348995405012,0.0156871381310977
Norm,Experiment2 ASP334 #2 norm,,0.984588135227404,0.0242776333169782
Norm,Experiment2 ASP334 #3 norm,,0.991455265640625,0.0189926280251313
Norm,Experiment2 ASP334 #4 norm,,0.957794936790178,0.0226382655112468
Norm,Experiment2 ASP334 #5 norm,,0.93748375941918,0.0286891352557429
Norm,Experiment2 ASP334 #6 norm,,0.976825442550114,0.0567084740030233
Norm,Experiment2 ASP334 #7 norm,,1.00455840498731,0.060753710618468
Norm,Experiment2 ASP334 #8 norm,,0.957072276145872,0.0392783113695481
Norm,Experiment2 GLU348 #1 norm,,0.969208220106927,0.0117047944814869
Norm,Experiment2 GLU348 #2 norm,,0.994434343666625,0.0123555964703979
Norm,Experiment2 GLU348 #3 norm,,0.961006824871815,0.0113238536097962
Norm,Experiment2 GLU348 #4 norm,,0.935616761783094,0.0145590679013864
Norm,Experiment2 GLU348 #5 norm,,1.00635712185655,0.0301818406728551
Norm,Experiment2 GLU348 #6 norm,,0.971232026908096,0.0149723764247513
Norm,Experiment2 GLU348 #7 norm,,0.951628154139376,0.0219409304487274
Norm,Experiment2 GLU348 #8 norm,,0.905285190146111,0.0572622368709399
Norm,Experiment2 THR320 #1 norm,,1.0648991109695,0.010835489174786
Norm,Experiment2 THR320 #2 norm,,1.015773262918,0.0118186489808011
Norm,Experiment2 THR320 #3 norm,,0.992221171830729,0.010103147962134
Norm,Experiment2 THR320 #4 norm,,1.01452765700622,0.0114385758500395
Norm,Experiment2 THR320 #5 norm,,1.03583310424644,0.0218310939872356
Norm,Experiment2 THR320 #6 norm,,0.9850158030582,0.0197232466409783
Norm,Experiment2 THR320 #7 norm,,0.97673519016358,0.0169032214824756
Norm,Experiment2 THR320 #8 norm,,0.964462891408936,0.044599664660262
Norm,Experiment2 ALA116 #1 norm,,1.01058914439393,0.0101827262221523
Norm,Experiment2 ALA116 #2 norm,,1.03256176012896,0.0105121045644651
Norm,Experiment2 ALA116 #3 norm,,1.00081484762337,0.0106771524547027
Norm,Experiment2 ALA116 #4 norm,,1.02131487954887,0.0261082046387932
Norm,Experiment2 ALA116 #5 norm,,1.03047240386972,0.069257668971677
Norm,Experiment2 ALA116 #6 norm,,0.971964930907256,0.0653774603091283
Norm,Experiment2 ALA116 #7 norm,,1.00559627483213,0.0713861334013806
Norm,Experiment2 ALA116 #8 norm,,0.902331378205427,0.157233302226491
Norm,Experiment2 PYR #1 norm,,0.974853581819787,0.0125123024187303
Norm,Experiment2 PYR #2 norm,,0.956167806868027,0.0538376929851037
Norm,Experiment2 PYR #3 norm,,0.953178918076697,0.0619474416298187
Norm,Experiment2 PYR #4 norm,,1.06318832858894,0.0533840112768667
Norm,Experiment2 PYR #5 norm,,0.98342114941133,0.105418770693223
Norm,Experiment2 PYR #6 norm,,0.945357297916999,0.129797227238783
Norm,Experiment2 PYR #7 norm,,0.993678807490094,0.079186381092672
Norm,Experiment2 PYR #8 norm,,0.98901626528568,0.115281614140094
