type,id,eqn,val,std
Net flux,CO2.t,CO2.t -> CO2,64.6214721568029,1.51242529155182
Net flux,CO2_sink,dummy -> Sink,64.6214721568028,1.51242529155182
Net flux,RUBICSO_CO2,RUBP.p + CO2 -> 3PGA.p + 3PGA.p + dummy,66.3242154585339,1.51811338494617
Net flux,GAPDH.p net,3PGA.p <-> TP.p,134.729045885193,3.0229873981606
Exch flux,GAPDH.p exch,3PGA.p <-> TP.p,70058.5085803818,2104.97321052797
Net flux,ALD,TP.p + E4P.p -> SBP,22.8157590715246,0.507303993512659
Net flux,SBP,SBP -> S7P.p,22.8157590715246,0.507303993512659
Net flux,FBA.p net,TP.p + TP.p <-> FBP.p,30.7189492462603,0.777221832764722
Exch flux,FBA.p exch,TP.p + TP.p <-> FBP.p,22814.9384801209,2972.96059502095
Net flux,PFK.p net,FBP.p <-> F6P.p,30.7189492462635,0.777221832764722
Exch flux,PFK.p exch,FBP.p <-> F6P.p,9.99973224224959e-08,1.25519036235041e-13
Net flux,TK1 net,TP.p + EC2 <-> X5P.p,45.6315181430491,1.01460798702532
Exch flux,TK1 exch,TP.p + EC2 <-> X5P.p,1.0000000116861e-07,0
Net flux,TK2 net,S7P.p <-> R5P.p + EC2,22.8157590715245,0.507303993512659
Exch flux,TK2 exch,S7P.p <-> R5P.p + EC2,37.9295142997143,5055.38346228665
Net flux,TK3 net,F6P.p <-> E4P.p + EC2,22.8157590715255,0.507303993512659
Exch flux,TK3 exch,F6P.p <-> E4P.p + EC2,10679.9246463844,5102.31672226203
Net flux,PPE net,X5P.p <-> RU5P.p,45.631518143049,1.01460798702532
Exch flux,PPE exch,X5P.p <-> RU5P.p,65.7051941699592,4961.29871892327
Net flux,PPI net,R5P.p <-> RU5P.p,22.8157590715246,0.507303993512659
Exch flux,PPI exch,R5P.p <-> RU5P.p,242.437381310829,5341.4959515704
Net flux,PRK,RU5P.p -> RUBP.p,68.4472772145738,1.52191198050082
Net flux,RUBISCO_O2,RUBP.p -> 3PGA.p + 2PG.p,2.12306175603988,0.0846487566843009
Net flux,GLYdil net,GLY.p <-> GLY.x + dummyGLY,0.0123397592786958,0.00159702766867625
Exch flux,GLYdil exch,GLY.p <-> GLY.x + dummyGLY,1.0000000116861e-07,0
Net flux,SERdil net,SER.p <-> SER.x + dummySER,0.0421940916278771,0.00546080118608536
Exch flux,SERdil exch,SER.p <-> SER.x + dummySER,9.99960931835631e-08,5.34946321432414e-13
Net flux,GK,GA.p -> 3PGA.p,0.473958211762045,0.106819189703924
Net flux,PGI.p net,F6P.p <-> G6P.p,7.90319017473914,0.39695626817959
Exch flux,PGI.p exch,F6P.p <-> G6P.p,9.99993723382886e-08,5015.26482551828
Net flux,PGM.p,G6P.p -> ADPG.p,7.90319017473915,0.39695626817959
Net flux,Starch,ADPG.p -> Starch,7.90319017473913,0.39695626817959
Net flux,FBA.c net,TP.c + TP.c <-> FBP.c,2.42193508904531,0.313449984468509
Exch flux,FBA.c exch,TP.c + TP.c <-> FBP.c,22.1361591873169,5135.91835010069
Net flux,PFK.c net,FBP.c <-> F6P.c,2.42193508904532,0.313449984468509
Exch flux,PFK.c exch,FBP.c <-> F6P.c,7.9290812465875,15.7238969700349
Net flux,PGI.c net,F6P.c <-> G6P.c,1.2109675445227,0.156724992234255
Exch flux,PGI.c exch,F6P.c <-> G6P.c,228.320887280495,3520.94548418543
Net flux,PGM.c net,G6P.c <-> UDPG.c,1.21096754451719,0.156724992234255
Exch flux,PGM.c exch,G6P.c <-> UDPG.c,48481.7266079853,3944.29994533765
Net flux,SPS,F6P.c + UDPG.c -> S6P,1.21096754452262,0.156724992234255
Net flux,PGAM.c net,3PGA.c <-> PEP.c,0.516404999685884,0.0668338057515444
Exch flux,PGAM.c exch,3PGA.c <-> PEP.c,0.0133895875015779,4575.17420768435
Net flux,PK.c,PEP.c -> PYR.c,0.234406987593424,0.0303372567153122
Net flux,PDH,PYR.c + dummy -> ACA + CO2,0.195086871422705,0.0252483962246393
Net flux,CS,OAA + ACA -> CIT,0.195086871422701,0.0252483962246393
Net flux,ACO net,CIT <-> ICI,0.195086871422745,0.0252483962246393
Exch flux,ACO exch,CIT <-> ICI,1476.61755364469,5305.98739523232
Net flux,IDH,ICI + dummy -> AKG + CO2,0.195086871422718,0.0252483962246393
Net flux,MDH net,MAL <-> OAA,7.105427357601e-15,0
Exch flux,MDH exch,MAL <-> OAA,0.0715960401646569,0.109290770379045
Net flux,PPC,PEP.c + CO2 -> OAA + dummy,0.281998012092891,0.0364965489676208
Net flux,T_3PGA net,3PGA.p <-> 3PGA.c,0.516404999685861,0.0668338057515444
Exch flux,T_3PGA exch,3PGA.p <-> 3PGA.c,1.0000000116861e-07,0
Net flux,T_DHAP net,TP.p <-> TP.c,4.84387017809066,0.626899968937018
Exch flux,T_DHAP exch,TP.p <-> TP.c,3.17266864641563,1.70053118154763
Net flux,ALT,PYR.c -> ALA.c,0.0393201161706865,0.00508886049984875
Net flux,ASPT,OAA -> ASP,0.086911140670511,0.0112481526863592
Net flux,GLUDH,AKG -> GLU,0.195086871422695,0.0252483962246393
Net flux,PCR net,GLU <-> PRO,-2.48689957516035e-14,0
Exch flux,PCR exch,GLU <-> PRO,1.0000000116861e-07,0
Net flux,GS net,GLU <-> GLN,0,0
Exch flux,GS exch,GLU <-> GLN,1.00042733208738e-07,0
Net flux,TS net,ASP <-> THR,0,0
Exch flux,TS exch,ASP <-> THR,0.00289617032790801,1083.96829442651
Net flux,AS net,ASP <-> ASN,1.06581410364015e-14,0
Exch flux,AS exch,ASP <-> ASN,0.027883294147518,0.0284332819224331
Net flux,G_3PGA.p,0*3PGA.p -> 3PGA,2.4686631405757e-06,6648.85591032232
Net flux,G_3PGA.c,0*3PGA.c -> 3PGA,92.9119081395362,4440.30989231938
Net flux,G_DHAP.p,0*TP.p -> TP,40.6853798422419,6894.0365643264
Net flux,G_DHAP.c,0*TP.c -> TP,51.8471856996948,4568.63476661571
Net flux,G_F6P.p,0*F6P.p -> F6P,48.6686345030748,7464.2946582745
Net flux,G_F6P.c,0*F6P.c -> F6P,36.546576817712,5591.08959366336
Net flux,G_FBP.p,0*FBP.p -> FBP,2.4686614779057e-06,6867.68894968518
Net flux,G_FBP.c,0*FBP.c -> FBP,83.4512310493674,5096.09843377422
Net flux,G_G6P.p,0*G6P.p -> G6P,19.0549768397257,6484.29925616236
Net flux,G_G6P.c,0*G6P.c -> G6P,58.8549499993083,4463.46122503355
Net flux,G_RU5P.p,0*RU5P.p -> P5P,2.46865388575657e-06,7073.55181670168
Net flux,G_X5P.p,0*X5P.p -> P5P,92.8477691491743,5043.06884286983
Net flux,G_R5P.p,0*R5P.p -> R5P,82.2810779884949,5008.24916683967
Net flux,G_GA.p,0*GA.p -> GA,34.6914841134078,3.76325181492691
Net flux,G_SER.p,0*SER.p -> SER,78.2169175149907,5124.94146455247
Net flux,G_GLY.p,0*GLY.p -> GLY,1.00000015379464e-07,1.70890399663962e-12
Net flux,G_RUBP.p,0*RUBP.p -> RUBP,92.5302752673063,5161.594960248
Net flux,G_S7P.p,0*S7P.p -> S7P,98.4567310636212,5121.52035112517
Net flux,G_2PG.p,0*2PG.p -> 2PG,87.0427532706349,4879.77664599945
Net flux,G_ADPG.p,0*ADPG.p -> ADPG,95.0805622183481,4954.45302924289
Net flux,G_PEP.c,0*PEP.c -> PEP,89.2305410445615,4932.54291984728
Net flux,G_UDPG.c,0*UDPG.c -> UDPG,72.4268033045549,5055.24270517335
Net flux,G_ALA.c,0*ALA.c -> ALA,66.3441237217047,6.26481989172515
Net flux,(1-G)_GA,0*GA.x -> GA,65.3085158865942,3.76325181492691
Net flux,(1-G)_SER,0*SER.x -> SER,21.7830797472971,4.56908276154004
Net flux,(1-G)_GLY,0*GLY.x -> GLY,53.7470516625812,5.18847491876161
Net flux,(1-G)_R5P,0*R5P.x -> R5P,17.718922011502,5008.24916683967
Net flux,(1-G)_RUBP,0*RUBP.x -> RUBP,7.46972473269241,5161.594960248
Net flux,(1-G)_3PGA,0*3PGA.x -> 3PGA,7.08808939180097,4891.23590831275
Net flux,(1-G)_TP,0*TP.x -> TP,7.46743445806384,4934.08528137245
Net flux,(1-G)_F6P,0*F6P.x -> F6P,14.7847886792169,4941.31898569669
Net flux,(1-G)_FBP,0*FBP.x -> FBP,16.5487664819659,4766.22747235612
Net flux,(1-G)_G6P,0*G6P.x -> G6P,22.0900731609643,4816.78638918422
Net flux,(1-G)_RU5P,0*RU5P.x -> P5P,7.1522283821732,4866.55948482924
Net flux,(1-G)_S7P,0*S7P.x -> S7P,1.5432689363768,5121.52035112517
Net flux,(1-G)_2PG,0*2PG.x -> 2PG,12.9572467293675,4879.77664599945
Net flux,(1-G)_ADPG,0*ADPG.x -> ADPG,4.91943778165087,4954.45302924289
Net flux,(1-G)_PEP,0*PEP.x -> PEP,10.7694589554367,4932.54291984728
Net flux,(1-G)_UDPG,0*UDPG.x -> UDPG,27.5731966954463,5055.24270517335
Net flux,(1-G)_ALA,0*ALA.x -> ALA,33.6558762782951,6.26481989172515
Net flux,PGASink,3PGA -> Sink,100,0
Net flux,DHAPSink,TP -> Sink,100.000000000001,0
Net flux,F6PSink,F6P -> Sink,100.000000000004,0
Net flux,FBPSink,FBP -> Sink,99.9999999999948,0
Net flux,G6PSink,G6P -> Sink,99.9999999999983,0
Net flux,P5PSink,P5P -> Sink,100.000000000001,0
Net flux,R5PSink,R5P -> Sink,99.9999999999968,0
Net flux,GASink,GA -> Sink,100.000000000002,0
Net flux,SERSink,SER -> Sink,99.9999999999996,0
Net flux,GLYSink,GLY -> Sink,100.000000000001,0
Net flux,RUBPSink,RUBP -> Sink,99.9999999999987,0
Net flux,S7PSink,S7P -> Sink,99.9999999999979,0
Net flux,2PGSink,2PG -> Sink,100.000000000002,0
Net flux,ADPGSink,ADPG -> Sink,99.9999999999989,0
Net flux,PEPSink,PEP -> Sink,99.9999999999983,0
Net flux,UDPGSink,UDPG -> Sink,100.000000000001,0
Net flux,ALASink,ALA -> Sink,99.9999999999998,0
Net flux,S6Pout-LL,S6P + 0.1611*GLU + 0.07177*ASP + 0.03247*ALA.c + 0.01019*dummyGLY + 0.03484*dummySER -> Sink,1.21096754452266,0.156724992234255
Net flux,PGP.p,2PG.p -> Glyc.p,2.1230617560399,0.0846487566843009
Net flux,GOX,Glyc.p -> Glyx.p,2.12306175603991,0.0846487566843009
Net flux,GGT,Glyx.p -> GLY.p,2.1230617560399,0.0846487566843009
Net flux,SGAT,SER.p -> HPA.p,0.473958211762034,0.106819189703924
Net flux,HPR.p,HPA.p -> GA.p,0.473958211762029,0.106819189703924
Net flux,T_GLY-m net,GLY.p <-> GLY.m,2.08459926435899,7241.87785409173
Exch flux,T_GLY-m exch,GLY.p <-> GLY.m,22327.8214633762,4620.40153324057
Net flux,GDC.m,GLY.m + dummy -> myTHF.m + CO2,1.59456757097872,0.11744313074513
Net flux,T_SER-m net,SER.p <-> SER.m,-1.59456757097871,0.11744313074513
Exch flux,T_SER-m exch,SER.p <-> SER.m,835.450228560804,4970.71751417775
Net flux,mSHMT,GLY.m + myTHF.m -> SER.m,1.59456757097872,0.11744313074513
Net flux,T_SER-c net,SER.p <-> SER.c,1.0784152675888,0.207489071199595
Exch flux,T_SER-c exch,SER.p <-> SER.c,9.99999993922529e-08,1.30616579714516e-13
Net flux,T_Gly-c net,GLY.p <-> GLY.c,0.0261227324013467,7241.87785359603
Exch flux,T_Gly-c exch,GLY.p <-> GLY.c,0.000279217439768775,4731.63122167866
Net flux,cSHMT,SER.c -> GLY.c + meTHF.c,1.07841512511193,0.207489071296959
Net flux,FmTHF-reductase net,meTHF.c <-> FmTHF.c,1.07841512511194,0.207489071296959
Exch flux,FmTHF-reductase exch,meTHF.c <-> FmTHF.c,7.54306720066789,5111.07208688361
Net flux,Met-synthase,FmTHF.c + Hcy.c -> Met.c,1.07841512511191,0.207489071296959
Net flux,SAM-synthase,Met.c -> SAM.c,1.07841512511192,0.207489071296959
Net flux,Methylation,SAM.c -> SAH.c + Acceptor.c,1.07841512511192,0.207489071296959
Net flux,hydrolysis,SAH.c -> Hcy.c,1.07841512511191,0.207489071296959
Net flux,G_SER.m,0*SER.m -> SER,1.0000000116861e-07,0
Net flux,G_SER.c,0*SER.c -> SER,2.63771168462767e-06,5124.93942776805
Net flux,G_Gly.m,0*GLY.m -> GLY,1.0000000116861e-07,2.60248316012515e-13
Net flux,G_Gly.c,0*GLY.c -> GLY,46.25294813742,5.18847491876161
Net flux,T_GLY-c-m,GLY.c -> GLY.m,1.10453587759761,7241.87785656434
Net flux,G_Glyc,0*Glyc.p -> Glyc,15.7604016246086,3.74358217709819
Net flux,G_Glyx,0*Glyx.p -> Glyx,2.24091654877931,0.613092588903837
Net flux,G_HPA,0*HPA.p -> HPA,7.28927768236012,1.89121561707384
Net flux,(1-G)_Glyc,0*Glyc.x -> Glyc,84.239598375392,3.74358217709819
Net flux,(1-G)_Glyx,0*Glyx.x -> Glyx,97.7590834512215,0.613092588903837
Net flux,(1-G)_HPA,0*HPA.x -> HPA,92.7107223176398,1.89121561707384
Net flux,GlycSink,Glyc -> Sink,100.000000000001,0
Net flux,GlyxSink,Glyx -> Sink,100.000000000001,0
Net flux,HPASink,HPA -> Sink,99.9999999999998,0
Net flux,SERex,dummySER -> outSER,1.00007244707712e-07,3.76604853507449e-13
Net flux,G_PYR,0*PYR.c -> PYR,39.547567764426,3.06484467737261
Net flux,(1-G)_PYR,0*PYR.x -> PYR,60.4524322355743,3.06484467737261
Net flux,PYRSink,PYR -> Sink,100,0
Net flux,G_meTHF,0*meTHF.c -> meTHF,99.9999998999999,0
Net flux,G_FmTHF,0*FmTHF.c -> FmTHF,78.3942488907422,5.29018127825639
Net flux,G_Met,0*Met.c -> Met,63.2350782264585,4.36010462443419
Net flux,G_SAM,0*SAM.c -> SAM,60.1782346786917,4.61147535552968
Net flux,(1-G)_meTHF,0*meTHF.x -> meTHF,1.0000000116861e-07,0
Net flux,(1-G)_FmTHF,0*FmTHF.x -> FmTHF,21.6057511092579,5.29018127825639
Net flux,(1-G)_Met,0*Met.x -> Met,36.7649217735416,4.36010462443419
Net flux,(1-G)_SAM,0*SAM.x -> SAM,39.8217653213083,4.61147535552968
Net flux,meTHFSink,meTHF -> Sink,99.9999999999999,0
Net flux,FmTHFSink,FmTHF -> Sink,100,0
Net flux,MetSink,Met -> Sink,100,0
Net flux,SAMsink,SAM -> Sink,100,0
Net flux,Met-protein,Met.c -> Protein,6.51983996113883e-15,0
Net flux,GLY-protein,GLY.c -> Protein,1.97991570072276e-06,2.22625346006493e-13
Net flux,SER-protein,SER.c -> Protein,1.42476871189956e-07,8.24479033031984e-13
Pool,2PG pool,,0,0
Pool,2PG.p pool,,1.04343407745064e-06,5083.35671600377
Pool,2PG.x pool,,1,Inf
Pool,3PGA pool,,0,0
Pool,3PGA.c pool,,1.00000000000057e-07,0
Pool,3PGA.p pool,,2.77965621549266e-06,4862.91549997574
Pool,3PGA.x pool,,1,Inf
Pool,ACA pool,,1.78425862317119e-06,4852.45014090783
Pool,ADPG pool,,0,0
Pool,ADPG.p pool,,9.9999999999999e-08,Inf
Pool,ADPG.x pool,,1,Inf
Pool,AKG pool,,1.1748534721904e-06,4654.58642090534
Pool,ALA pool,,0,0
Pool,ALA.c pool,,0.0068401478392536,0.00214610749279854
Pool,ALA.x pool,,1,Inf
Pool,ASN pool,,7566.14859374221,4701.37861787791
Pool,ASP pool,,1.00000000000002e-07,0
Pool,Acceptor.c pool,,1,Inf
Pool,CIT pool,,2.288706496887,0.539810218812055
Pool,CO2 pool,,1.74927863767012e-05,5070.37558273111
Pool,CO2.t pool,,1,Inf
Pool,E4P.p pool,,0,0
Pool,EC2 pool,,0,0
Pool,F6P pool,,0,0
Pool,F6P.c pool,,3.82931691517211e-06,4992.9782541282
Pool,F6P.p pool,,2.00461518172331e-06,5177.07350581618
Pool,F6P.x pool,,1,Inf
Pool,FBP pool,,0,0
Pool,FBP.c pool,,3.67958087277782e-06,5125.70525945008
Pool,FBP.p pool,,2.01880367622397e-06,5167.92314344325
Pool,FBP.x pool,,1,Inf
Pool,FmTHF pool,,6.85405006481793,3.07637097572872
Pool,FmTHF.c pool,,1.05446315040085e-06,4638.23506062938
Pool,FmTHF.x pool,,1,Inf
Pool,G6P pool,,0,0
Pool,G6P.c pool,,9.87573813999185e-06,5084.46980851629
Pool,G6P.p pool,,3.70115512930689e-06,5082.29782384976
Pool,G6P.x pool,,1,Inf
Pool,GA pool,,0,0
Pool,GA.p pool,,4.37062682170788e-07,4981.68622497861
Pool,GA.x pool,,1,Inf
Pool,GLN pool,,8.83867754940985,5225.9520412723
Pool,GLU pool,,1.17485626380169e-06,4673.06983639543
Pool,GLY pool,,0,0
Pool,GLY.c pool,,1.00002838579788e-07,5036.91115761745
Pool,GLY.m pool,,9.99999999998398e-08,0
Pool,GLY.p pool,,5.25795282583792e-06,4811.05905492099
Pool,GLY.x pool,,1,Inf
Pool,Glyc pool,,22.43759079107,10.6466480907468
Pool,Glyc.p pool,,1.27786153495805e-06,5186.65391607856
Pool,Glyc.x pool,,1,Inf
Pool,Glyx pool,,0.372273543241855,4830.52764109319
Pool,Glyx.p pool,,2.26436786229695e-06,4769.24194832548
Pool,Glyx.x pool,,1,Inf
Pool,HPA pool,,0.000158363853029901,5176.24583355982
Pool,HPA.p pool,,3.97056314694724e-07,4923.48154067547
Pool,HPA.x pool,,1,Inf
Pool,Hcy.c pool,,1,Inf
Pool,ICI pool,,0.00330026882215676,4728.65150892157
Pool,MAL pool,,0.413920941508964,0.554256018976873
Pool,Met pool,,0.000144735789307947,5064.85379150329
Pool,Met.c pool,,9.40053944729107e-07,5057.28829853904
Pool,Met.x pool,,1,Inf
Pool,OAA pool,,0.1780511750302,0.0525340569039721
Pool,P5P pool,,0,0
Pool,PEP pool,,0,0
Pool,PEP.c pool,,0.00672140461778181,0.00435811379293004
Pool,PEP.x pool,,1,Inf
Pool,PRO pool,,5.39499638323776,4982.42837765839
Pool,PYR pool,,1e-07,0
Pool,PYR.c pool,,0.0136911973300023,0.00506165535231367
Pool,PYR.x pool,,1,Inf
Pool,Protein pool,,1,Inf
Pool,R5P pool,,0,0
Pool,R5P.p pool,,3.33821852972205e-06,5171.27047821916
Pool,R5P.x pool,,1,Inf
Pool,RU5P.p pool,,2.01682637571769e-06,5271.26880483601
Pool,RU5P.x pool,,1,Inf
Pool,RUBP pool,,0,0
Pool,RUBP.p pool,,2.0251432990777e-06,5236.79187449286
Pool,RUBP.x pool,,1,Inf
Pool,S6P pool,,1,Inf
Pool,S7P pool,,0,0
Pool,S7P.p pool,,1.69908082818359e-06,5146.755851778
Pool,S7P.x pool,,1,Inf
Pool,SAH.c pool,,1,Inf
Pool,SAM pool,,5.10592911116128,2.56746009922785
Pool,SAM.c pool,,2.15672212861001e-06,5149.8209554553
Pool,SAM.x pool,,1,Inf
Pool,SBP pool,,0,0
Pool,SER pool,,0,0
Pool,SER.c pool,,1.00000000002876e-07,0
Pool,SER.m pool,,0.513550105657011,0.042079192658386
Pool,SER.p pool,,0.00049098933720881,5476.1821146193
Pool,SER.x pool,,1,Inf
Pool,Sink pool,,1,Inf
Pool,Starch pool,,1,Inf
Pool,THR pool,,0.0111229498029255,4060.61216587724
Pool,TP pool,,0,0
Pool,TP.c pool,,4.02394470760652e-06,4759.41800471515
Pool,TP.p pool,,2.83609403490941e-06,5454.89791438922
Pool,TP.x pool,,1,Inf
Pool,UDPG pool,,0,0
Pool,UDPG.c pool,,2.79334806252077,2.48369531198645
Pool,UDPG.x pool,,1,Inf
Pool,X5P.p pool,,2.05567138152594e-06,4842.16493428972
Pool,dummy pool,,1,Inf
Pool,dummyGLY pool,,1,Inf
Pool,dummySER pool,,1,Inf
Pool,meTHF pool,,0.000934770200914514,5355.64549191164
Pool,meTHF.c pool,,1.04617427698549e-06,4833.78129094645
Pool,meTHF.x pool,,1,Inf
Pool,myTHF.m pool,,1.00000000002876e-07,0
Pool,outSER pool,,1,Inf
Norm,Experiment2 Glyc205 #1 norm,,1.02281274735356,0.0374049996050522
Norm,Experiment2 Glyc205 #2 norm,,0.952594806075791,0.014418741599794
Norm,Experiment2 Glyc205 #3 norm,,0.972288552809333,0.0216513705387244
Norm,Experiment2 Glyc205 #4 norm,,0.98718631883529,0.0201228365314676
Norm,Experiment2 Glyc205 #5 norm,,1.03844678352678,0.0243494288299748
Norm,Experiment2 Glyc205 #6 norm,,0.972031815062195,0.0249951155061038
Norm,Experiment2 Glyc205 #7 norm,,1.00444691417497,0.0344038806813027
Norm,Experiment2 Glyc205 #8 norm,,0.944694534165252,0.113572983298111
Norm,Experiment2 Glyx160 #1 norm,,1.00073763573274,0.011540032292608
Norm,Experiment2 Glyx160 #2 norm,,0.992809792715963,0.0129993053124718
Norm,Experiment2 Glyx160 #3 norm,,1.00066386794891,0.013976766104677
Norm,Experiment2 Glyx160 #4 norm,,0.991125901144855,0.0174461177030698
Norm,Experiment2 Glyx160 #5 norm,,0.995483182416294,0.014786658768063
Norm,Experiment2 Glyx160 #6 norm,,0.983441344257605,0.0193977109631345
Norm,Experiment2 Glyx160 #7 norm,,0.984077568073214,0.0267917740978652
Norm,Experiment2 Glyx160 #8 norm,,0.821374113375814,0.117535898487294
Norm,Experiment2 GLY276 #1 norm,,0.996738280846937,0.0106691603681498
Norm,Experiment2 GLY276 #2 norm,,0.939584901636834,0.0195656042536952
Norm,Experiment2 GLY276 #3 norm,,0.996582245964972,0.016995485400906
Norm,Experiment2 GLY276 #4 norm,,1.02535765576486,0.0171368503265422
Norm,Experiment2 GLY276 #5 norm,,0.996187463299486,0.0363480954394058
Norm,Experiment2 GLY276 #6 norm,,1.01086859966685,0.0752742145974576
Norm,Experiment2 GLY276 #7 norm,,1.04049547850621,0.130810539773648
Norm,Experiment2 GLY276 #8 norm,,0.958706109890439,0.169977591311628
Norm,Experiment2 HPA262 #1 norm,,0.968430734593725,0.0190428466684276
Norm,Experiment2 HPA262 #2 norm,,0.931909416611831,0.0232215135433563
Norm,Experiment2 HPA262 #3 norm,,0.916546109936765,0.0228726611672221
Norm,Experiment2 HPA262 #4 norm,,0.977597900918601,0.029731743412232
Norm,Experiment2 HPA262 #5 norm,,0.9646196194918,0.0226919609701941
Norm,Experiment2 HPA262 #6 norm,,1.01425987880054,0.0304780295574212
Norm,Experiment2 HPA262 #7 norm,,0.985844327405674,0.0237827415466702
Norm,Experiment2 HPA262 #8 norm,,0.990132352207561,0.0383017903206537
Norm,Experiment2 GA307 #1 norm,,0.997141691351452,0.0108387523295827
Norm,Experiment2 GA307 #2 norm,,0.90422840272465,0.0299835207889451
Norm,Experiment2 GA307 #3 norm,,0.885501730667871,0.0215258141659539
Norm,Experiment2 GA307 #4 norm,,0.983081813552692,0.0258021174919335
Norm,Experiment2 GA307 #5 norm,,0.897203122014417,0.0751723880972717
Norm,Experiment2 GA307 #6 norm,,0.774143421804548,0.115976926329456
Norm,Experiment2 GA307 #7 norm,,0.896766162241762,0.0593316210184746
Norm,Experiment2 GA307 #8 norm,,1.03414952941076,0.161046602889668
Norm,Experiment2 SER306 #1 norm,,1.00664735323994,0.0129127322335625
Norm,Experiment2 SER306 #2 norm,,1.01004306609618,0.0353666229663594
Norm,Experiment2 SER306 #3 norm,,1.01463645200842,0.0197966949948754
Norm,Experiment2 SER306 #4 norm,,1.00521408218207,0.0255683430760299
Norm,Experiment2 SER306 #5 norm,,0.937821960950435,0.0599676141304656
Norm,Experiment2 SER306 #6 norm,,0.991944949897817,0.109874530163945
Norm,Experiment2 SER306 #7 norm,,1.10635781735195,0.123612806655805
Norm,Experiment2 SER306 #8 norm,,1.02666720942767,0.105508966160182
Norm,Experiment2 meTHF #1 norm,,0.986539329056998,0.00981972105402269
Norm,Experiment2 meTHF #2 norm,,0.991477835420171,0.0141774302498227
Norm,Experiment2 meTHF #3 norm,,0.988719160490184,0.0283750340536063
Norm,Experiment2 meTHF #4 norm,,1.03475792714181,0.0271852566026513
Norm,Experiment2 meTHF #5 norm,,0.980149142662039,0.0821629194543536
Norm,Experiment2 meTHF #6 norm,,0.968542396088062,0.157583831777017
Norm,Experiment2 meTHF #7 norm,,1.03314846561421,0.236354759240162
Norm,Experiment2 meTHF #8 norm,,1.00300867267667,0.0614995926400816
Norm,Experiment2 FmTHF #1 norm,,0.989539819675313,0.00988723314703015
Norm,Experiment2 FmTHF #2 norm,,1.00544756049073,0.0116053920337882
Norm,Experiment2 FmTHF #3 norm,,1.00105535576241,0.0100103059981657
Norm,Experiment2 FmTHF #4 norm,,1.04116035439694,0.0232655906063612
Norm,Experiment2 FmTHF #5 norm,,0.945507544797049,0.0410045606607712
Norm,Experiment2 FmTHF #6 norm,,1.0460342708006,0.0784503410373076
Norm,Experiment2 FmTHF #7 norm,,0.955815023317502,0.116033151004419
Norm,Experiment2 FmTHF #8 norm,,0.985545319547723,0.0715589896770694
Norm,Experiment2 Met176 #1 norm,,0.984283729572243,0.0237664021696962
Norm,Experiment2 Met176 #2 norm,,0.916485796324061,0.0384891943781416
Norm,Experiment2 Met176 #3 norm,,0.927619963970402,0.033649716241222
Norm,Experiment2 Met176 #4 norm,,0.864706290682535,0.0900504536694816
Norm,Experiment2 Met176 #5 norm,,0.906650032012629,0.0632857541582761
Norm,Experiment2 Met176 #6 norm,,1.01466401937802,0.032395312232147
Norm,Experiment2 Met176 #7 norm,,1.01352567689545,0.0614432629320456
Norm,Experiment2 Met176 #8 norm,,1.00923186146109,0.136913884238869
Norm,Experiment2 SAM #1 norm,,0.994269913562516,0.0146911474166388
Norm,Experiment2 SAM #2 norm,,0.984069624517765,0.0214547904928899
Norm,Experiment2 SAM #3 norm,,0.96014062116729,0.0319569771260095
Norm,Experiment2 SAM #4 norm,,0.977927600760751,0.0440295551783132
Norm,Experiment2 SAM #5 norm,,1.00179894099975,0.0248699199426544
Norm,Experiment2 SAM #6 norm,,1.01158180893909,0.0569510642699689
Norm,Experiment2 SAM #7 norm,,1.00470627016099,0.0716800984837366
Norm,Experiment2 SAM #8 norm,,0.999627548503798,0.0725586658112664
Norm,Experiment2 CIT465 #1 norm,,0.992691568308381,0.0127786078654473
Norm,Experiment2 CIT465 #2 norm,,0.985883222866501,0.0105747358640018
Norm,Experiment2 CIT465 #3 norm,,1.02497463827853,0.0136944150082025
Norm,Experiment2 CIT465 #4 norm,,1.00394606165952,0.0129073974323821
Norm,Experiment2 CIT465 #5 norm,,0.992589717565645,0.0162490418991254
Norm,Experiment2 CIT465 #6 norm,,0.986319804336073,0.0115086694033043
Norm,Experiment2 CIT465 #7 norm,,1.04274949517477,0.0153318801899673
Norm,Experiment2 CIT465 #8 norm,,1.01739106454817,0.0201853130130658
Norm,Experiment2 MAL335 #1 norm,,1.02322587584416,0.0121899427748769
Norm,Experiment2 MAL335 #2 norm,,0.978144540007844,0.0132813050589319
Norm,Experiment2 MAL335 #3 norm,,0.983728698050707,0.0130802432713319
Norm,Experiment2 MAL335 #4 norm,,0.972906673547506,0.0117518736985292
Norm,Experiment2 MAL335 #5 norm,,0.955281816716721,0.014338806245743
Norm,Experiment2 MAL335 #6 norm,,0.970136857888301,0.0145683451824972
Norm,Experiment2 MAL335 #7 norm,,0.97104767787078,0.019740350769601
Norm,Experiment2 MAL335 #8 norm,,1.0252888957213,0.0438260550256882
Norm,Experiment2 ASP334 #1 norm,,1.01838405948611,0.0161188889248578
Norm,Experiment2 ASP334 #2 norm,,0.96376314412053,0.023533217755252
Norm,Experiment2 ASP334 #3 norm,,0.944934059838546,0.0184102973066503
Norm,Experiment2 ASP334 #4 norm,,0.995924878837849,0.0227654879775226
Norm,Experiment2 ASP334 #5 norm,,1.00564152176952,0.0262589667645333
Norm,Experiment2 ASP334 #6 norm,,0.932059814900795,0.0547554619231971
Norm,Experiment2 ASP334 #7 norm,,0.951265780646853,0.0592034948294288
Norm,Experiment2 ASP334 #8 norm,,0.951356493916122,0.0372495471580362
Norm,Experiment2 GLU348 #1 norm,,1.04292661400216,0.0123262149959948
Norm,Experiment2 GLU348 #2 norm,,1.00758619954596,0.0124607930104801
Norm,Experiment2 GLU348 #3 norm,,1.02167947825971,0.0120847235320524
Norm,Experiment2 GLU348 #4 norm,,0.990224527516286,0.0154317089096968
Norm,Experiment2 GLU348 #5 norm,,0.964404648104894,0.028533128063935
Norm,Experiment2 GLU348 #6 norm,,0.93752513537787,0.0144158512979374
Norm,Experiment2 GLU348 #7 norm,,0.942200937898299,0.0223941071171709
Norm,Experiment2 GLU348 #8 norm,,0.901591888035464,0.0505402184561194
Norm,Experiment2 THR320 #1 norm,,1.02395173391669,0.0105220880668651
Norm,Experiment2 THR320 #2 norm,,0.961611432275925,0.0112791748474283
Norm,Experiment2 THR320 #3 norm,,0.977441430803293,0.0100236657720854
Norm,Experiment2 THR320 #4 norm,,0.969565711685457,0.0107375288113044
Norm,Experiment2 THR320 #5 norm,,0.956919572453358,0.0195208041562839
Norm,Experiment2 THR320 #6 norm,,1.00603353719489,0.0110600408026172
Norm,Experiment2 THR320 #7 norm,,1.02602777934747,0.0181930548899169
Norm,Experiment2 THR320 #8 norm,,0.988092533937185,0.0454070726646232
Norm,Experiment2 ALA116 #1 norm,,0.987528502889849,0.00982726678192596
Norm,Experiment2 ALA116 #2 norm,,1.0062556524445,0.0101722073021023
Norm,Experiment2 ALA116 #3 norm,,1.00927499111284,0.0109155244518909
Norm,Experiment2 ALA116 #4 norm,,1.01653275454777,0.0256497880322997
Norm,Experiment2 ALA116 #5 norm,,0.983541178528508,0.0755888991805458
Norm,Experiment2 ALA116 #6 norm,,1.00406021255058,0.0687513959045095
Norm,Experiment2 ALA116 #7 norm,,1.00129523830251,0.0723276693388835
Norm,Experiment2 ALA116 #8 norm,,1.06583035011496,0.236683673076186
Norm,Experiment2 PYR #1 norm,,0.967130022878823,0.0123289534607192
Norm,Experiment2 PYR #2 norm,,0.953108248152703,0.0497118516887177
Norm,Experiment2 PYR #3 norm,,0.919607190460286,0.0626125912532379
Norm,Experiment2 PYR #4 norm,,1.07412506567883,0.0538268205758049
Norm,Experiment2 PYR #5 norm,,0.969221647997598,0.124184818350367
Norm,Experiment2 PYR #6 norm,,1.01320016530355,0.152974718115688
Norm,Experiment2 PYR #7 norm,,1.02024133222883,0.0774201939431061
Norm,Experiment2 PYR #8 norm,,0.942322384587258,0.109484228870771
