type,id,eqn,val,std
Net flux,CO2.t,CO2.t -> CO2,66.2465453206041,1.52427218069548
Net flux,CO2_sink,dummy -> Sink,66.2465453206041,1.52427218069548
Net flux,RUBICSO_CO2,RUBP.p + CO2 -> 3PGA.p + 3PGA.p + dummy,67.4580181616185,1.52372854604073
Net flux,GAPDH.p net,3PGA.p <-> TP.p,137.309018955952,3.03814156182348
Exch flux,GAPDH.p exch,3PGA.p <-> TP.p,16095.7964416722,4.21463187088547
Net flux,ALD,TP.p + E4P.p -> SBP,23.195903125156,0.509128147915227
Net flux,SBP,SBP -> S7P.p,23.195903125156,0.509128147915227
Net flux,FBA.p net,TP.p + TP.p <-> FBP.p,30.4330044032213,0.781754429903028
Exch flux,FBA.p exch,TP.p + TP.p <-> FBP.p,27525.0694638684,1495.91071224235
Net flux,PFK.p net,FBP.p <-> F6P.p,30.4330044032244,0.781754429903028
Exch flux,PFK.p exch,FBP.p <-> F6P.p,9.9986692703169e-08,9.25681732248551e-14
Net flux,TK1 net,TP.p + EC2 <-> X5P.p,46.3918062503119,1.01825629583045
Exch flux,TK1 exch,TP.p + EC2 <-> X5P.p,1.00000008274037e-07,0
Net flux,TK2 net,S7P.p <-> R5P.p + EC2,23.1959031251559,0.509128147915227
Exch flux,TK2 exch,S7P.p <-> R5P.p + EC2,37.7279571893284,4794.20100270567
Net flux,TK3 net,F6P.p <-> E4P.p + EC2,23.1959031251554,0.509128147915227
Exch flux,TK3 exch,F6P.p <-> E4P.p + EC2,7256.77403520055,4843.21390093322
Net flux,PPE net,X5P.p <-> RU5P.p,46.3918062503118,1.01825629583045
Exch flux,PPE exch,X5P.p <-> RU5P.p,97.4057905186041,4942.10995069866
Net flux,PPI net,R5P.p <-> RU5P.p,23.195903125156,0.509128147915227
Exch flux,PPI exch,R5P.p <-> RU5P.p,239.869416064055,5876.73370862226
Net flux,PRK,RU5P.p -> RUBP.p,69.587709375468,1.52738444374634
Net flux,RUBISCO_O2,RUBP.p -> 3PGA.p + 2PG.p,2.1296912138495,0.0848557981764255
Net flux,GLYdil net,GLY.p <-> GLY.x + dummyGLY,0.0174638787218484,0.0016963175014158
Exch flux,GLYdil exch,GLY.p <-> GLY.x + dummyGLY,1.0000000116861e-07,0
Net flux,SERdil net,SER.p <-> SER.x + dummySER,0.0597152642659537,0.00580030815786395
Exch flux,SERdil exch,SER.p <-> SER.x + dummySER,0.0603054115634762,0.251876717346534
Net flux,GK,GA.p -> 3PGA.p,0.994135034384104,0.140700982205114
Net flux,PGI.p net,F6P.p <-> G6P.p,7.23710127807019,0.409137033183324
Exch flux,PGI.p exch,F6P.p <-> G6P.p,2.57424157358587,2254.56665494601
Net flux,PGM.p,G6P.p -> ADPG.p,7.2371012780702,0.409137033183324
Net flux,Starch,ADPG.p -> Starch,7.23710127807017,0.409137033183324
Net flux,FBA.c net,TP.c + TP.c <-> FBP.c,3.42765038701693,0.332937684280446
Exch flux,FBA.c exch,TP.c + TP.c <-> FBP.c,19.3881235431285,2420.38186219731
Net flux,PFK.c net,FBP.c <-> F6P.c,3.42765038701694,0.332937684280446
Exch flux,PFK.c exch,FBP.c <-> F6P.c,4.19076930919418,40.5319176283434
Net flux,PGI.c net,F6P.c <-> G6P.c,1.71382519350848,0.166468842140223
Exch flux,PGI.c exch,F6P.c <-> G6P.c,225.578075442122,4169.95582596086
Net flux,PGM.c net,G6P.c <-> UDPG.c,1.713825193503,0.166468842140223
Exch flux,PGM.c exch,G6P.c <-> UDPG.c,48481.2223637702,4169.95582263806
Net flux,SPS,F6P.c + UDPG.c -> S6P,1.71382519350843,0.166468842140223
Net flux,PGAM.c net,3PGA.c <-> PEP.c,0.730843615520181,0.070988973037587
Exch flux,PGAM.c exch,3PGA.c <-> PEP.c,2.94778186199392,4169.95582324231
Net flux,PK.c,PEP.c -> PYR.c,0.331745142707327,0.0322233737702529
Net flux,PDH,PYR.c + dummy -> ACA + CO2,0.276097238674498,0.0268181304621157
Net flux,CS,OAA + ACA -> CIT,0.276097238674494,0.0268181304621157
Net flux,ACO net,CIT <-> ICI,0.276097238674538,0.0268181304621157
Exch flux,ACO exch,CIT <-> ICI,1176.36181785713,4169.95582263806
Net flux,IDH,ICI + dummy -> AKG + CO2,0.27609723867451,0.0268181304621157
Net flux,MDH net,MAL <-> OAA,7.105427357601e-15,0
Exch flux,MDH exch,MAL <-> OAA,0.324702984601572,0.075011949580455
Net flux,PPC,PEP.c + CO2 -> OAA + dummy,0.399098472812375,0.0387655992690902
Net flux,T_3PGA net,3PGA.p <-> 3PGA.c,0.730843615520158,0.070988973037587
Exch flux,T_3PGA exch,3PGA.p <-> 3PGA.c,1.0000000116861e-07,0
Net flux,T_DHAP net,TP.p <-> TP.c,6.8553007740339,0.665875368560892
Exch flux,T_DHAP exch,TP.p <-> TP.c,2.63682723169478,16.0917568569379
Net flux,ALT,PYR.c -> ALA.c,0.0556479040332515,0.00540524330279347
Net flux,ASPT,OAA -> ASP,0.123001234138089,0.0119474688008978
Net flux,GLUDH,AKG -> GLU,0.276097238674487,0.0268181304621157
Net flux,PCR net,GLU <-> PRO,-2.48689957516035e-14,0
Exch flux,PCR exch,GLU <-> PRO,1.0000000116861e-07,0
Net flux,GS net,GLU <-> GLN,0,0
Exch flux,GS exch,GLU <-> GLN,1.00042399253653e-07,0
Net flux,TS net,ASP <-> THR,0,0
Exch flux,TS exch,ASP <-> THR,1.0000000116861e-07,0
Net flux,AS net,ASP <-> ASN,1.06581410364015e-14,0
Exch flux,AS exch,ASP <-> ASN,1.0000000116861e-07,0
Net flux,G_3PGA.p,0*3PGA.p -> 3PGA,2.46866313347027e-06,7023.09518949496
Net flux,G_3PGA.c,0*3PGA.c -> 3PGA,92.9119081398486,5108.52891709287
Net flux,G_DHAP.p,0*TP.p -> TP,40.6853798422419,7210.98651615567
Net flux,G_DHAP.c,0*TP.c -> TP,51.8471856996948,5260.67690867241
Net flux,G_F6P.p,0*F6P.p -> F6P,48.6686345030749,7616.99154484027
Net flux,G_F6P.c,0*F6P.c -> F6P,36.546576817712,5561.7339360146
Net flux,G_FBP.p,0*FBP.p -> FBP,2.46866146369484e-06,7291.50829142666
Net flux,G_FBP.c,0*FBP.c -> FBP,83.4512310514933,5077.44771117808
Net flux,G_G6P.p,0*G6P.p -> G6P,19.0549768397257,7186.08979311556
Net flux,G_G6P.c,0*G6P.c -> G6P,58.8549499993083,5155.03909619165
Net flux,G_RU5P.p,0*RU5P.p -> P5P,2.46865388575657e-06,6966.08003807528
Net flux,G_X5P.p,0*X5P.p -> P5P,92.8477691488303,4904.89374819284
Net flux,G_R5P.p,0*R5P.p -> R5P,82.2810779884949,4755.43226844179
Net flux,G_GA.p,0*GA.p -> GA,33.3523822867792,4.85834458251584
Net flux,G_SER.p,0*SER.p -> SER,86.2061383361224,4880.85771330877
Net flux,G_GLY.p,0*GLY.p -> GLY,3.33955319224868,4736.81779024368
Net flux,G_RUBP.p,0*RUBP.p -> RUBP,92.5302752673063,5173.15450289827
Net flux,G_S7P.p,0*S7P.p -> S7P,98.4567310636212,4909.93545289789
Net flux,G_2PG.p,0*2PG.p -> 2PG,87.0427532706349,4743.64632229809
Net flux,G_ADPG.p,0*ADPG.p -> ADPG,95.0805622183481,4780.00745360593
Net flux,G_PEP.c,0*PEP.c -> PEP,89.2305410445615,5021.90665157817
Net flux,G_UDPG.c,0*UDPG.c -> UDPG,72.4268033045549,5154.08152744467
Net flux,G_ALA.c,0*ALA.c -> ALA,70.0483999990894,6.2433914031304
Net flux,(1-G)_GA,0*GA.x -> GA,66.6476177132228,4.85834458251584
Net flux,(1-G)_SER,0*SER.x -> SER,13.7938585034707,6.37514659380342
Net flux,(1-G)_GLY,0*GLY.x -> GLY,61.1425943809708,7.33676932293814
Net flux,(1-G)_R5P,0*R5P.x -> R5P,17.718922011502,4755.43226844179
Net flux,(1-G)_RUBP,0*RUBP.x -> RUBP,7.46972473269241,5173.15450289827
Net flux,(1-G)_3PGA,0*3PGA.x -> 3PGA,7.08808939148857,4667.00490615069
Net flux,(1-G)_TP,0*TP.x -> TP,7.46743445806384,4948.32091992782
Net flux,(1-G)_F6P,0*F6P.x -> F6P,14.7847886792169,5189.76353303088
Net flux,(1-G)_FBP,0*FBP.x -> FBP,16.54876647984,4863.5676220905
Net flux,(1-G)_G6P,0*G6P.x -> G6P,22.0900731609643,4700.39671028468
Net flux,(1-G)_RU5P,0*RU5P.x -> P5P,7.15222838251726,5034.11999341346
Net flux,(1-G)_S7P,0*S7P.x -> S7P,1.5432689363768,4909.93545289789
Net flux,(1-G)_2PG,0*2PG.x -> 2PG,12.9572467293675,4743.64632229809
Net flux,(1-G)_ADPG,0*ADPG.x -> ADPG,4.91943778165087,4780.00745360593
Net flux,(1-G)_PEP,0*PEP.x -> PEP,10.7694589554367,5021.90665157817
Net flux,(1-G)_UDPG,0*UDPG.x -> UDPG,27.5731966954463,5154.08152744467
Net flux,(1-G)_ALA,0*ALA.x -> ALA,29.9516000009103,6.2433914031304
Net flux,PGASink,3PGA -> Sink,100,0
Net flux,DHAPSink,TP -> Sink,100.000000000001,0
Net flux,F6PSink,F6P -> Sink,100.000000000004,0
Net flux,FBPSink,FBP -> Sink,99.9999999999948,0
Net flux,G6PSink,G6P -> Sink,99.9999999999983,0
Net flux,P5PSink,P5P -> Sink,100.000000000001,0
Net flux,R5PSink,R5P -> Sink,99.9999999999968,0
Net flux,GASink,GA -> Sink,100.000000000002,0
Net flux,SERSink,SER -> Sink,99.9999999999996,0
Net flux,GLYSink,GLY -> Sink,100.000000000001,0
Net flux,RUBPSink,RUBP -> Sink,99.9999999999987,0
Net flux,S7PSink,S7P -> Sink,99.9999999999979,0
Net flux,2PGSink,2PG -> Sink,100.000000000002,0
Net flux,ADPGSink,ADPG -> Sink,99.9999999999989,0
Net flux,PEPSink,PEP -> Sink,99.9999999999983,0
Net flux,UDPGSink,UDPG -> Sink,100.000000000001,0
Net flux,ALASink,ALA -> Sink,99.9999999999998,0
Net flux,S6Pout-LL,S6P + 0.1611*GLU + 0.07177*ASP + 0.03247*ALA.c + 0.01019*dummyGLY + 0.03484*dummySER -> Sink,1.71382519350847,0.166468842140223
Net flux,PGP.p,2PG.p -> Glyc.p,2.12969121384952,0.0848557981764255
Net flux,GOX,Glyc.p -> Glyx.p,2.12969121384953,0.0848557981764255
Net flux,GGT,Glyx.p -> GLY.p,2.12969121384952,0.0848557981764255
Net flux,SGAT,SER.p -> HPA.p,0.994135034384093,0.140700982205114
Net flux,HPR.p,HPA.p -> GA.p,0.994135034384088,0.140700982205114
Net flux,T_GLY-m net,GLY.p <-> GLY.m,1.07732236708034,4916.02049523831
Exch flux,T_GLY-m exch,GLY.p <-> GLY.m,25952.4499937552,4897.57653904448
Net flux,GDC.m,GLY.m + dummy -> myTHF.m + CO2,1.05837683647818,0.142824472744053
Net flux,T_SER-m net,SER.p <-> SER.m,-1.0583768364782,0.142824472744053
Exch flux,T_SER-m exch,SER.p <-> SER.m,437.028661655878,5044.24487977566
Net flux,mSHMT,GLY.m + myTHF.m -> SER.m,1.05837683647818,0.142824472744053
Net flux,T_SER-c net,SER.p <-> SER.c,0.00452653782812984,0.270779279144074
Exch flux,T_SER-c exch,SER.p <-> SER.c,0.0136143188090943,0.245437235314109
Net flux,T_Gly-c net,GLY.p <-> GLY.c,1.03490496804408,4916.0204953364
Exch flux,T_Gly-c exch,GLY.p <-> GLY.c,0.374158870234773,4916.02047236317
Net flux,cSHMT,SER.c -> GLY.c + meTHF.c,0.00452643782813056,0.270779278952873
Net flux,FmTHF-reductase net,meTHF.c <-> FmTHF.c,0.00452643782813134,0.270779278952873
Exch flux,FmTHF-reductase exch,meTHF.c <-> FmTHF.c,8.5655760089707,4817.54237543334
Net flux,Met-synthase,FmTHF.c + Hcy.c -> Met.c,0.00452643782811091,0.270779278952873
Net flux,SAM-synthase,Met.c -> SAM.c,0.00452643782812023,0.270779278952873
Net flux,Methylation,SAM.c -> SAH.c + Acceptor.c,0.00452643782811535,0.270779278952873
Net flux,hydrolysis,SAH.c -> Hcy.c,0.00452643782810758,0.270779278952873
Net flux,G_SER.m,0*SER.m -> SER,1.0000000116861e-07,0
Net flux,G_SER.c,0*SER.c -> SER,3.06040648823114e-06,4880.85354984748
Net flux,G_Gly.m,0*GLY.m -> GLY,0.000101378225725313,4736.81724620546
Net flux,G_Gly.c,0*GLY.c -> GLY,35.517751048556,8.15625596925767
Net flux,T_GLY-c-m,GLY.c -> GLY.m,1.0394313058728,4916.02048690428
Net flux,G_Glyc,0*Glyc.p -> Glyc,13.8431021382665,1.89498889612768
Net flux,G_Glyx,0*Glyx.p -> Glyx,4.32661098001164,1.3051735122756
Net flux,G_HPA,0*HPA.p -> HPA,7.46385920791058,2.2407670009236
Net flux,(1-G)_Glyc,0*Glyc.x -> Glyc,86.1568978617342,1.89498889612768
Net flux,(1-G)_Glyx,0*Glyx.x -> Glyx,95.6733890199892,1.3051735122756
Net flux,(1-G)_HPA,0*HPA.x -> HPA,92.5361407920893,2.2407670009236
Net flux,GlycSink,Glyc -> Sink,100.000000000001,0
Net flux,GlyxSink,Glyx -> Sink,100.000000000001,0
Net flux,HPASink,HPA -> Sink,99.9999999999998,0
Net flux,SERex,dummySER -> outSER,9.99989109295996e-08,7.54657223622305e-13
Net flux,G_PYR,0*PYR.c -> PYR,41.581341132611,3.44463246574262
Net flux,(1-G)_PYR,0*PYR.x -> PYR,58.4186588673893,3.44463246574262
Net flux,PYRSink,PYR -> Sink,100,0
Net flux,G_meTHF,0*meTHF.c -> meTHF,99.9999998999999,4829.61959037868
Net flux,G_FmTHF,0*FmTHF.c -> FmTHF,86.813330269527,12.0138240791873
Net flux,G_Met,0*Met.c -> Met,60.5247876288894,6.41247786854836
Net flux,G_SAM,0*SAM.c -> SAM,64.1754076181754,9.71702758299729
Net flux,(1-G)_meTHF,0*meTHF.x -> meTHF,1.0000000116861e-07,4829.61959037868
Net flux,(1-G)_FmTHF,0*FmTHF.x -> FmTHF,13.1866697304731,12.0138240791873
Net flux,(1-G)_Met,0*Met.x -> Met,39.4752123711106,6.41247786854836
Net flux,(1-G)_SAM,0*SAM.x -> SAM,35.8245923818246,9.71702758299729
Net flux,meTHFSink,meTHF -> Sink,99.9999999999999,0
Net flux,FmTHFSink,FmTHF -> Sink,100,0
Net flux,MetSink,Met -> Sink,100,0
Net flux,SAMsink,SAM -> Sink,100,0
Net flux,Met-protein,Met.c -> Protein,6.51983996113883e-15,0
Net flux,GLY-protein,GLY.c -> Protein,9.99994407280269e-08,9.88303616684991e-13
Net flux,SER-protein,SER.c -> Protein,1.0000000116861e-07,1.27839914215257e-12
Pool,2PG pool,,0,0
Pool,2PG.p pool,,3.09492652354737e-06,4894.49218199878
Pool,2PG.x pool,,1,Inf
Pool,3PGA pool,,0,0
Pool,3PGA.c pool,,3.63634849711843e-05,4908.4723943679
Pool,3PGA.p pool,,3.94017882414779e-06,4947.13588366066
Pool,3PGA.x pool,,1,Inf
Pool,ACA pool,,1.04609019432414e-06,5196.03351441945
Pool,ADPG pool,,0,0
Pool,ADPG.p pool,,9.9999999999999e-08,Inf
Pool,ADPG.x pool,,1,Inf
Pool,AKG pool,,1.02924794395597e-06,4827.48113360547
Pool,ALA pool,,0,0
Pool,ALA.c pool,,0.00870248641641802,0.00246068812893679
Pool,ALA.x pool,,1,Inf
Pool,ASN pool,,7566.06819374279,5174.28357753693
Pool,ASP pool,,0.0557391984360558,0.0121791149768683
Pool,Acceptor.c pool,,1,Inf
Pool,CIT pool,,7.04785679696119,3.33426270097584
Pool,CO2 pool,,0.000121207264584761,4919.20650721553
Pool,CO2.t pool,,1,Inf
Pool,E4P.p pool,,0,0
Pool,EC2 pool,,0,0
Pool,F6P pool,,0,0
Pool,F6P.c pool,,3.82986909719636e-06,4736.70870354193
Pool,F6P.p pool,,3.67510428227532e-06,4835.11117261089
Pool,F6P.x pool,,1,Inf
Pool,FBP pool,,0,0
Pool,FBP.c pool,,3.81232740446855e-06,5147.76668592585
Pool,FBP.p pool,,3.63068059001142e-06,4954.60644275247
Pool,FBP.x pool,,1,Inf
Pool,FmTHF pool,,7.0205135085819,3.35242822793946
Pool,FmTHF.c pool,,1e-07,0
Pool,FmTHF.x pool,,1,Inf
Pool,G6P pool,,0,0
Pool,G6P.c pool,,9.87608062949456e-06,4734.5877080245
Pool,G6P.p pool,,3.79086973652481e-06,4747.60910248034
Pool,G6P.x pool,,1,Inf
Pool,GA pool,,0,0
Pool,GA.p pool,,2.33281862724359e-06,4760.6231020701
Pool,GA.x pool,,1,Inf
Pool,GLN pool,,8.83867754931227,4962.38853896251
Pool,GLU pool,,1.02944871928365e-06,4968.03440389047
Pool,GLY pool,,0,0
Pool,GLY.c pool,,0.301422140400764,0.114169659451486
Pool,GLY.m pool,,1.00000000000273e-07,0
Pool,GLY.p pool,,3.15590442163749e-05,5046.79665903675
Pool,GLY.x pool,,1,Inf
Pool,Glyc pool,,10.4845861356601,3.58341687501285
Pool,Glyc.p pool,,9.22520393734751e-06,4997.61431727141
Pool,Glyc.x pool,,1,Inf
Pool,Glyx pool,,8.60296741459444,7.33850117816853
Pool,Glyx.p pool,,1.07408597968543e-05,4899.9197630713
Pool,Glyx.x pool,,1,Inf
Pool,HPA pool,,0.000175239731626753,4854.55716047533
Pool,HPA.p pool,,1.912070942605e-06,4603.94135196243
Pool,HPA.x pool,,1,Inf
Pool,Hcy.c pool,,1,Inf
Pool,ICI pool,,0.00698001077589154,5060.66120684444
Pool,MAL pool,,1.59036973349589,0.378699867731625
Pool,Met pool,,0.00118010071804641,4672.428409973
Pool,Met.c pool,,1.60067998498923e-07,4736.93257357973
Pool,Met.x pool,,1,Inf
Pool,OAA pool,,1.00952259827563e-07,4757.25051852139
Pool,P5P pool,,0,0
Pool,PEP pool,,0,0
Pool,PEP.c pool,,0.029912391566564,0.00753888532045979
Pool,PEP.x pool,,1,Inf
Pool,PRO pool,,5.39499638314027,4827.43933068139
Pool,PYR pool,,0.000242120491229157,4911.32116710598
Pool,PYR.c pool,,0.0149543491920069,0.00561585327679846
Pool,PYR.x pool,,1,Inf
Pool,Protein pool,,1,Inf
Pool,R5P pool,,0,0
Pool,R5P.p pool,,2.19815442609164e-05,4807.75133314965
Pool,R5P.x pool,,1,Inf
Pool,RU5P.p pool,,3.60701927098899e-06,4633.80353455581
Pool,RU5P.x pool,,1,Inf
Pool,RUBP pool,,0,0
Pool,RUBP.p pool,,3.63570457758758e-06,5099.53810024084
Pool,RUBP.x pool,,1,Inf
Pool,S6P pool,,1,Inf
Pool,S7P pool,,0,0
Pool,S7P.p pool,,3.69693955070354e-06,4879.19646868363
Pool,S7P.x pool,,1,Inf
Pool,SAH.c pool,,1,Inf
Pool,SAM pool,,8.94327603347483,4.52419273159807
Pool,SAM.c pool,,5.88399419030138e-07,4874.01327735731
Pool,SAM.x pool,,1,Inf
Pool,SBP pool,,0,0
Pool,SER pool,,0,0
Pool,SER.c pool,,9.99999999994061e-08,0
Pool,SER.m pool,,0.359395619836203,0.0782172722861121
Pool,SER.p pool,,0.00116870604711947,4912.18918354234
Pool,SER.x pool,,1,Inf
Pool,Sink pool,,1,Inf
Pool,Starch pool,,1,Inf
Pool,THR pool,,3889.78117085338,4747.76237760404
Pool,TP pool,,0,0
Pool,TP.c pool,,4.17045244513836e-06,4892.59586842495
Pool,TP.p pool,,4.07744354478352e-06,4839.3127017535
Pool,TP.x pool,,1,Inf
Pool,UDPG pool,,0,0
Pool,UDPG.c pool,,1.73857829858057,3.29938256943251
Pool,UDPG.x pool,,1,Inf
Pool,X5P.p pool,,3.70524956486849e-06,4856.99850377211
Pool,dummy pool,,1,Inf
Pool,dummyGLY pool,,1,Inf
Pool,dummySER pool,,1,Inf
Pool,meTHF pool,,1.00000000002876e-07,0
Pool,meTHF.c pool,,1e-07,0
Pool,meTHF.x pool,,1,Inf
Pool,myTHF.m pool,,1.13407515110451e-05,4851.72871555371
Pool,outSER pool,,1,Inf
Norm,Experiment2 Glyc205 #1 norm,,0.966065257603994,0.0366736633620286
Norm,Experiment2 Glyc205 #2 norm,,1.00613900612939,0.0156236272151078
Norm,Experiment2 Glyc205 #3 norm,,0.97736893358966,0.0226621851246136
Norm,Experiment2 Glyc205 #4 norm,,0.986083639068704,0.020956479599523
Norm,Experiment2 Glyc205 #5 norm,,1.0056856775583,0.0245972024391051
Norm,Experiment2 Glyc205 #6 norm,,0.965786744117548,0.023919675729036
Norm,Experiment2 Glyc205 #7 norm,,1.01290968834758,0.0360804635974834
Norm,Experiment2 Glyc205 #8 norm,,0.980357353505287,0.106034475851832
Norm,Experiment2 Glyx160 #1 norm,,0.999781933092067,0.0111832880446265
Norm,Experiment2 Glyx160 #2 norm,,0.984398997013795,0.0114016843002184
Norm,Experiment2 Glyx160 #3 norm,,0.995407553514179,0.0142655522087831
Norm,Experiment2 Glyx160 #4 norm,,0.989127871289897,0.0188273885933555
Norm,Experiment2 Glyx160 #5 norm,,1.01740776382981,0.0165056965431337
Norm,Experiment2 Glyx160 #6 norm,,0.971123041435528,0.021677892955077
Norm,Experiment2 Glyx160 #7 norm,,1.00217630425298,0.029611818350724
Norm,Experiment2 Glyx160 #8 norm,,0.958725283611626,0.0967792735478396
Norm,Experiment2 GLY276 #1 norm,,0.98227172230039,0.0101874938046354
Norm,Experiment2 GLY276 #2 norm,,0.936704603623083,0.0222205952236299
Norm,Experiment2 GLY276 #3 norm,,0.99607491462959,0.0186002139111335
Norm,Experiment2 GLY276 #4 norm,,1.01596220887227,0.0174481732568473
Norm,Experiment2 GLY276 #5 norm,,0.991048660492944,0.0380061769485792
Norm,Experiment2 GLY276 #6 norm,,1.02145954147383,0.0808388686784609
Norm,Experiment2 GLY276 #7 norm,,0.985945836127821,0.140948852580871
Norm,Experiment2 GLY276 #8 norm,,0.956606400600399,0.19521192192817
Norm,Experiment2 HPA262 #1 norm,,0.976445047723914,0.0197799869982315
Norm,Experiment2 HPA262 #2 norm,,0.993216103205244,0.0238489825916547
Norm,Experiment2 HPA262 #3 norm,,0.953781534494044,0.0226436672747572
Norm,Experiment2 HPA262 #4 norm,,0.928588340976109,0.0301670448024593
Norm,Experiment2 HPA262 #5 norm,,0.9890862957813,0.0226759573211549
Norm,Experiment2 HPA262 #6 norm,,0.911041615019173,0.0271853818889941
Norm,Experiment2 HPA262 #7 norm,,1.00749380754232,0.0242962321086564
Norm,Experiment2 HPA262 #8 norm,,1.02761521717939,0.0391911615241806
Norm,Experiment2 GA307 #1 norm,,0.996320884732082,0.0107140542224169
Norm,Experiment2 GA307 #2 norm,,0.902095233858934,0.0313546090716295
Norm,Experiment2 GA307 #3 norm,,0.880958701148707,0.0215393024192254
Norm,Experiment2 GA307 #4 norm,,0.937696216761532,0.0261699437749905
Norm,Experiment2 GA307 #5 norm,,0.966168871482084,0.0788480925695077
Norm,Experiment2 GA307 #6 norm,,0.963307714068105,0.104022832012669
Norm,Experiment2 GA307 #7 norm,,0.950923061771538,0.0667491371053123
Norm,Experiment2 GA307 #8 norm,,0.857255801839535,0.134457599629597
Norm,Experiment2 SER306 #1 norm,,1.02016076752573,0.0131439042200477
Norm,Experiment2 SER306 #2 norm,,0.974166952564434,0.0340296274555585
Norm,Experiment2 SER306 #3 norm,,1.02497796139106,0.0214228158684147
Norm,Experiment2 SER306 #4 norm,,1.02590327982859,0.0273841617086754
Norm,Experiment2 SER306 #5 norm,,0.926569313429299,0.0520301851922797
Norm,Experiment2 SER306 #6 norm,,1.03540167507499,0.131196080964422
Norm,Experiment2 SER306 #7 norm,,1.0941200976824,0.118376786156166
Norm,Experiment2 SER306 #8 norm,,1.02486146573263,0.137342177260532
Norm,Experiment2 meTHF #1 norm,,1.00628404229331,0.010023594178033
Norm,Experiment2 meTHF #2 norm,,0.990585855328485,0.0147350677352605
Norm,Experiment2 meTHF #3 norm,,0.972586414357563,0.0269496102409408
Norm,Experiment2 meTHF #4 norm,,1.02568021625263,0.0279512166532124
Norm,Experiment2 meTHF #5 norm,,0.958174973014949,0.0871622384727062
Norm,Experiment2 meTHF #6 norm,,1.0266621801017,0.158075530454203
Norm,Experiment2 meTHF #7 norm,,1.04128525010592,0.217104718886722
Norm,Experiment2 meTHF #8 norm,,0.984522960538887,0.0784532258279515
Norm,Experiment2 FmTHF #1 norm,,1.00703380912304,0.0101661354240411
Norm,Experiment2 FmTHF #2 norm,,1.00001332174628,0.0115007187890541
Norm,Experiment2 FmTHF #3 norm,,1.00927215201244,0.0103839509094798
Norm,Experiment2 FmTHF #4 norm,,1.00601737493731,0.022758202721209
Norm,Experiment2 FmTHF #5 norm,,0.992588522663368,0.0408821885971258
Norm,Experiment2 FmTHF #6 norm,,0.980001841181518,0.0697502688603121
Norm,Experiment2 FmTHF #7 norm,,1.00213480414726,0.123053114376543
Norm,Experiment2 FmTHF #8 norm,,0.99858410508407,0.0723373226419213
Norm,Experiment2 Met176 #1 norm,,0.998405056203282,0.0246435602973803
Norm,Experiment2 Met176 #2 norm,,0.979371467407656,0.040235045061301
Norm,Experiment2 Met176 #3 norm,,0.963735322224045,0.0343032065305447
Norm,Experiment2 Met176 #4 norm,,0.899949997762262,0.0905856216747774
Norm,Experiment2 Met176 #5 norm,,0.915919688529401,0.072256468046046
Norm,Experiment2 Met176 #6 norm,,0.996618631061479,0.0342071966183188
Norm,Experiment2 Met176 #7 norm,,1.02226696726905,0.0570186035841336
Norm,Experiment2 Met176 #8 norm,,0.996371436628874,0.168567989433984
Norm,Experiment2 SAM #1 norm,,0.958158230673223,0.0139513051465771
Norm,Experiment2 SAM #2 norm,,0.964398565249046,0.0219821651986005
Norm,Experiment2 SAM #3 norm,,0.963967107739498,0.034207778548289
Norm,Experiment2 SAM #4 norm,,0.987952195059327,0.0443229884559098
Norm,Experiment2 SAM #5 norm,,1.00185787194551,0.024822514519411
Norm,Experiment2 SAM #6 norm,,0.972782689470956,0.0536901837413957
Norm,Experiment2 SAM #7 norm,,1.02852942625419,0.0715804710410615
Norm,Experiment2 SAM #8 norm,,1.00017649756132,0.0713153581768489
Norm,Experiment2 CIT465 #1 norm,,0.957129432350025,0.0123063013781572
Norm,Experiment2 CIT465 #2 norm,,0.965234832683799,0.0103544415303556
Norm,Experiment2 CIT465 #3 norm,,0.991409991299615,0.0131185841420176
Norm,Experiment2 CIT465 #4 norm,,0.953712005951133,0.0124855251500503
Norm,Experiment2 CIT465 #5 norm,,0.965252608723948,0.0152259084416718
Norm,Experiment2 CIT465 #6 norm,,0.997341777607819,0.0114483794041444
Norm,Experiment2 CIT465 #7 norm,,0.989246730665085,0.0153010001662843
Norm,Experiment2 CIT465 #8 norm,,1.02100186621092,0.0225766276691256
Norm,Experiment2 MAL335 #1 norm,,1.02068773794394,0.0124695070000997
Norm,Experiment2 MAL335 #2 norm,,0.945704039544221,0.0128436949557327
Norm,Experiment2 MAL335 #3 norm,,1.00588803115944,0.0131115351169235
Norm,Experiment2 MAL335 #4 norm,,0.978913992746717,0.011718266259826
Norm,Experiment2 MAL335 #5 norm,,1.00673918785129,0.0153030105556243
Norm,Experiment2 MAL335 #6 norm,,0.982482148503827,0.0156396965075761
Norm,Experiment2 MAL335 #7 norm,,1.02268091059449,0.0223433966911416
Norm,Experiment2 MAL335 #8 norm,,0.960385736007836,0.0385818676819954
Norm,Experiment2 ASP334 #1 norm,,0.958343957449486,0.0153177121362278
Norm,Experiment2 ASP334 #2 norm,,0.969042120515939,0.023547190636
Norm,Experiment2 ASP334 #3 norm,,1.05364678237179,0.0188459078567349
Norm,Experiment2 ASP334 #4 norm,,1.04676771074647,0.0225124453558136
Norm,Experiment2 ASP334 #5 norm,,0.953940107905315,0.0234088374864397
Norm,Experiment2 ASP334 #6 norm,,0.960795193898441,0.0583484793878496
Norm,Experiment2 ASP334 #7 norm,,0.952925009561803,0.0558033703652367
Norm,Experiment2 ASP334 #8 norm,,0.969025578279212,0.0403437567003425
Norm,Experiment2 GLU348 #1 norm,,1.01652816190667,0.011900804686549
Norm,Experiment2 GLU348 #2 norm,,1.00668267508607,0.012176912539614
Norm,Experiment2 GLU348 #3 norm,,1.04560391604404,0.0124332265423272
Norm,Experiment2 GLU348 #4 norm,,1.03613046102605,0.0156453013917584
Norm,Experiment2 GLU348 #5 norm,,0.930882464763431,0.0288248065016354
Norm,Experiment2 GLU348 #6 norm,,0.966609183546754,0.0149123029261373
Norm,Experiment2 GLU348 #7 norm,,0.947623178373326,0.0222060253049787
Norm,Experiment2 GLU348 #8 norm,,0.945791561032971,0.0550150696769818
Norm,Experiment2 THR320 #1 norm,,1.02535989263496,0.010425958573689
Norm,Experiment2 THR320 #2 norm,,1.02706217350269,0.0121859528872886
Norm,Experiment2 THR320 #3 norm,,1.01780847112038,0.0104142392446307
Norm,Experiment2 THR320 #4 norm,,1.02015630134345,0.0113735580323533
Norm,Experiment2 THR320 #5 norm,,0.989597903470379,0.0209170353570485
Norm,Experiment2 THR320 #6 norm,,1.03956153715886,0.0114200706076506
Norm,Experiment2 THR320 #7 norm,,1.00516729165273,0.0142147411900327
Norm,Experiment2 THR320 #8 norm,,0.901400284284628,0.0355746684824427
Norm,Experiment2 ALA116 #1 norm,,0.982889096026548,0.00985785427268846
Norm,Experiment2 ALA116 #2 norm,,1.00802871161888,0.0101553186129207
Norm,Experiment2 ALA116 #3 norm,,1.01796900362103,0.0103416080788093
Norm,Experiment2 ALA116 #4 norm,,0.986847013309415,0.0251471675854629
Norm,Experiment2 ALA116 #5 norm,,0.996080399147904,0.0694284428790942
Norm,Experiment2 ALA116 #6 norm,,0.995490397174539,0.070691241875732
Norm,Experiment2 ALA116 #7 norm,,1.00126455019836,0.0809922987915692
Norm,Experiment2 ALA116 #8 norm,,1.04123352058769,0.205484992931617
Norm,Experiment2 PYR #1 norm,,0.976962940125674,0.0124289172259798
Norm,Experiment2 PYR #2 norm,,0.912728812411715,0.0496087766630384
Norm,Experiment2 PYR #3 norm,,0.865308840438995,0.0561200949512155
Norm,Experiment2 PYR #4 norm,,1.0754160083435,0.0542145968095846
Norm,Experiment2 PYR #5 norm,,1.05691219163241,0.112256692708589
Norm,Experiment2 PYR #6 norm,,0.972115632868345,0.164379496062045
Norm,Experiment2 PYR #7 norm,,1.01216071131279,0.0934869519098691
Norm,Experiment2 PYR #8 norm,,0.989577231034002,0.111498760739932
