type,id,eqn,val,std
Net flux,CO2.t,CO2.t -> CO2,66.172936587129,1.51967989908208
Net flux,CO2_sink,dummy -> Sink,66.172936587129,1.51967989908208
Net flux,RUBICSO_CO2,RUBP.p + CO2 -> 3PGA.p + 3PGA.p + dummy,67.7006824097458,1.52426812938993
Net flux,GAPDH.p net,3PGA.p <-> TP.p,137.503702418748,3.03650010779898
Exch flux,GAPDH.p exch,3PGA.p <-> TP.p,102516.012605308,711.099171878949
Net flux,ALD,TP.p + E4P.p -> SBP,23.2797023634447,0.509351288613838
Net flux,SBP,SBP -> S7P.p,23.2797023634447,0.509351288613838
Net flux,FBA.p net,TP.p + TP.p <-> FBP.p,30.4473689276238,0.784888471158882
Exch flux,FBA.p exch,TP.p + TP.p <-> FBP.p,21927.5772083999,2972.75984114722
Net flux,PFK.p net,FBP.p <-> F6P.p,30.4473689276269,0.784888471158882
Exch flux,PFK.p exch,FBP.p <-> F6P.p,1.0000709949054e-07,1.59033492784607e-12
Net flux,TK1 net,TP.p + EC2 <-> X5P.p,46.5594047268894,1.01870257722768
Exch flux,TK1 exch,TP.p + EC2 <-> X5P.p,1.00000008274037e-07,0
Net flux,TK2 net,S7P.p <-> R5P.p + EC2,23.2797023634447,0.509351288613838
Exch flux,TK2 exch,S7P.p <-> R5P.p + EC2,37.9662470985878,4474.98319081456
Net flux,TK3 net,F6P.p <-> E4P.p + EC2,23.2797023634466,0.509351288613838
Exch flux,TK3 exch,F6P.p <-> E4P.p + EC2,8319.65964518812,6503.63896771093
Net flux,PPE net,X5P.p <-> RU5P.p,46.5594047268893,1.01870257722768
Exch flux,PPE exch,X5P.p <-> RU5P.p,107.650655745099,7257.71501949331
Net flux,PPI net,R5P.p <-> RU5P.p,23.2797023634448,0.509351288613838
Exch flux,PPI exch,R5P.p <-> RU5P.p,246.016795087599,3189.64676314176
Net flux,PRK,RU5P.p -> RUBP.p,69.8391070903342,1.52805386586476
Net flux,RUBISCO_O2,RUBP.p -> 3PGA.p + 2PG.p,2.13842468058843,0.0849471753850503
Net flux,GLYdil net,GLY.p <-> GLY.x + dummyGLY,0.017246211912898,0.00172037371895282
Exch flux,GLYdil exch,GLY.p <-> GLY.x + dummyGLY,1.0000000116861e-07,0
Net flux,SERdil net,SER.p <-> SER.x + dummySER,0.058970984600812,0.00588256486701431
Exch flux,SERdil exch,SER.p <-> SER.x + dummySER,1.00002218061945e-07,1.13681833841134e-12
Net flux,GK,GA.p -> 3PGA.p,0.685647423886678,0.0742444935200002
Net flux,PGI.p net,F6P.p <-> G6P.p,7.16766656418143,0.414779870138972
Exch flux,PGI.p exch,F6P.p <-> G6P.p,9.9996359637089e-08,4305.45552578099
Net flux,PGM.p,G6P.p -> ADPG.p,7.16766656418143,0.414779870138972
Net flux,Starch,ADPG.p -> Starch,7.16766656418141,0.414779870138972
Net flux,FBA.c net,TP.c + TP.c <-> FBP.c,3.38492873658107,0.337659218641935
Exch flux,FBA.c exch,TP.c + TP.c <-> FBP.c,24.589479534411,7584.80760322382
Net flux,PFK.c net,FBP.c <-> F6P.c,3.38492873658109,0.337659218641935
Exch flux,PFK.c exch,FBP.c <-> F6P.c,13.6395131171735,55.8820369234079
Net flux,PGI.c net,F6P.c <-> G6P.c,1.69246436829056,0.168829609320967
Exch flux,PGI.c exch,F6P.c <-> G6P.c,233.636303783157,7321.82294510569
Net flux,PGM.c net,G6P.c <-> UDPG.c,1.69246436828689,0.168829609320967
Exch flux,PGM.c exch,G6P.c <-> UDPG.c,48483.0434649998,6935.37312932787
Net flux,SPS,F6P.c + UDPG.c -> S6P,1.6924643682905,0.168829609320967
Net flux,PGAM.c net,3PGA.c <-> PEP.c,0.7217345052134,0.0719956985838623
Exch flux,PGAM.c exch,3PGA.c <-> PEP.c,0.929671094677741,5957.81818225319
Net flux,PK.c,PEP.c -> PYR.c,0.327610327770266,0.03268034751265
Net flux,PDH,PYR.c + dummy -> ACA + CO2,0.272656009731651,0.0271984500487754
Net flux,CS,OAA + ACA -> CIT,0.272656009731647,0.0271984500487754
Net flux,ACO net,CIT <-> ICI,0.272656009731691,0.0271984500487754
Exch flux,ACO exch,CIT <-> ICI,1556.71042450191,7305.10543397516
Net flux,IDH,ICI + dummy -> AKG + CO2,0.272656009731663,0.0271984500487754
Net flux,MDH net,MAL <-> OAA,7.105427357601e-15,0
Exch flux,MDH exch,MAL <-> OAA,0.390900535629612,0.0864728291151072
Net flux,PPC,PEP.c + CO2 -> OAA + dummy,0.394124177443564,0.0393153511425144
Net flux,T_3PGA net,3PGA.p <-> 3PGA.c,0.721734505213377,0.0719956985838623
Exch flux,T_3PGA exch,3PGA.p <-> 3PGA.c,1.0000000116861e-07,0
Net flux,T_DHAP net,TP.p <-> TP.c,6.7698574731622,0.67531843728387
Exch flux,T_DHAP exch,TP.p <-> TP.c,5.73631512055079,2.75110822126546
Net flux,ALT,PYR.c -> ALA.c,0.054954318038413,0.00548189741539115
Net flux,ASPT,OAA -> ASP,0.121468167712126,0.0121169010613471
Net flux,GLUDH,AKG -> GLU,0.27265600973164,0.0271984500487754
Net flux,PCR net,GLU <-> PRO,-2.48689957516035e-14,0
Exch flux,PCR exch,GLU <-> PRO,1.0000000116861e-07,0
Net flux,GS net,GLU <-> GLN,0,0
Exch flux,GS exch,GLU <-> GLN,1.00042399253653e-07,0
Net flux,TS net,ASP <-> THR,0,0
Exch flux,TS exch,ASP <-> THR,1.0000000116861e-07,0
Net flux,AS net,ASP <-> ASN,1.06581410364015e-14,0
Exch flux,AS exch,ASP <-> ASN,1.0000000116861e-07,0
Net flux,G_3PGA.p,0*3PGA.p -> 3PGA,2.46866316899741e-06,10231.6020129549
Net flux,G_3PGA.c,0*3PGA.c -> 3PGA,92.9119081396103,7331.17120427448
Net flux,G_DHAP.p,0*TP.p -> TP,40.6853798422419,10402.0054176593
Net flux,G_DHAP.c,0*TP.c -> TP,51.8471856996948,7343.47087257152
Net flux,G_F6P.p,0*F6P.p -> F6P,48.6686345030749,9290.47689951731
Net flux,G_F6P.c,0*F6P.c -> F6P,36.546576817712,7216.65286197309
Net flux,G_FBP.p,0*FBP.p -> FBP,2.4686614779057e-06,9960.05298930364
Net flux,G_FBP.c,0*FBP.c -> FBP,83.4512310475437,6935.89746304161
Net flux,G_G6P.p,0*G6P.p -> G6P,19.0549768397257,9870.926737835
Net flux,G_G6P.c,0*G6P.c -> G6P,58.8549499993082,7015.86927956811
Net flux,G_RU5P.p,0*RU5P.p -> P5P,2.46865389286199e-06,9611.71440310613
Net flux,G_X5P.p,0*X5P.p -> P5P,92.8477691492959,6935.22778948848
Net flux,G_R5P.p,0*R5P.p -> R5P,82.2810779884949,6611.22295124857
Net flux,G_GA.p,0*GA.p -> GA,36.5680692510938,4.56434995292378
Net flux,G_SER.p,0*SER.p -> SER,86.6341866517458,6807.5810508442
Net flux,G_GLY.p,0*GLY.p -> GLY,2.81359632146204,7145.63449909298
Net flux,G_RUBP.p,0*RUBP.p -> RUBP,92.5302752673063,6639.90576156081
Net flux,G_S7P.p,0*S7P.p -> S7P,98.4567310636212,6849.42257206525
Net flux,G_2PG.p,0*2PG.p -> 2PG,87.0427532706349,7123.19249146161
Net flux,G_ADPG.p,0*ADPG.p -> ADPG,95.0805622183481,7122.83518733357
Net flux,G_PEP.c,0*PEP.c -> PEP,89.2305410445615,7380.18333946664
Net flux,G_UDPG.c,0*UDPG.c -> UDPG,72.4268033045549,6845.38319382573
Net flux,G_ALA.c,0*ALA.c -> ALA,70.720809525735,7.92200909217917
Net flux,(1-G)_GA,0*GA.x -> GA,63.4319307489082,4.56434995292378
Net flux,(1-G)_SER,0*SER.x -> SER,13.3658104736274,5.05751003680345
Net flux,(1-G)_GLY,0*GLY.x -> GLY,72.8319760036529,8.57705470479037
Net flux,(1-G)_R5P,0*R5P.x -> R5P,17.718922011502,6611.22295124857
Net flux,(1-G)_RUBP,0*RUBP.x -> RUBP,7.46972473269241,6639.90576156081
Net flux,(1-G)_3PGA,0*3PGA.x -> 3PGA,7.08808939172676,7196.85416595346
Net flux,(1-G)_TP,0*TP.x -> TP,7.46743445806384,6944.65818440221
Net flux,(1-G)_F6P,0*F6P.x -> F6P,14.7847886792169,6723.98712040005
Net flux,(1-G)_FBP,0*FBP.x -> FBP,16.5487664837896,7035.40077645719
Net flux,(1-G)_G6P,0*G6P.x -> G6P,22.0900731609643,7294.54174119123
Net flux,(1-G)_RU5P,0*RU5P.x -> P5P,7.15222838205163,7335.29336281089
Net flux,(1-G)_S7P,0*S7P.x -> S7P,1.5432689363768,6849.42257206525
Net flux,(1-G)_2PG,0*2PG.x -> 2PG,12.9572467293675,7123.19249146161
Net flux,(1-G)_ADPG,0*ADPG.x -> ADPG,4.91943778165087,7122.83518733357
Net flux,(1-G)_PEP,0*PEP.x -> PEP,10.7694589554367,7380.18333946664
Net flux,(1-G)_UDPG,0*UDPG.x -> UDPG,27.5731966954463,6845.38319382573
Net flux,(1-G)_ALA,0*ALA.x -> ALA,29.2791904742647,7.92200909217917
Net flux,PGASink,3PGA -> Sink,100,0
Net flux,DHAPSink,TP -> Sink,100.000000000001,0
Net flux,F6PSink,F6P -> Sink,100.000000000004,0
Net flux,FBPSink,FBP -> Sink,99.9999999999948,0
Net flux,G6PSink,G6P -> Sink,99.9999999999983,0
Net flux,P5PSink,P5P -> Sink,100.000000000001,0
Net flux,R5PSink,R5P -> Sink,99.9999999999968,0
Net flux,GASink,GA -> Sink,100.000000000002,0
Net flux,SERSink,SER -> Sink,99.9999999999996,0
Net flux,GLYSink,GLY -> Sink,100.000000000001,0
Net flux,RUBPSink,RUBP -> Sink,99.9999999999987,0
Net flux,S7PSink,S7P -> Sink,99.9999999999979,0
Net flux,2PGSink,2PG -> Sink,100.000000000002,0
Net flux,ADPGSink,ADPG -> Sink,99.9999999999989,0
Net flux,PEPSink,PEP -> Sink,99.9999999999983,0
Net flux,UDPGSink,UDPG -> Sink,100.000000000001,0
Net flux,ALASink,ALA -> Sink,99.9999999999998,0
Net flux,S6Pout-LL,S6P + 0.1611*GLU + 0.07177*ASP + 0.03247*ALA.c + 0.01019*dummyGLY + 0.03484*dummySER -> Sink,1.69246436829054,0.168829609320967
Net flux,PGP.p,2PG.p -> Glyc.p,2.13842468058845,0.0849471753850503
Net flux,GOX,Glyc.p -> Glyx.p,2.13842468058846,0.0849471753850503
Net flux,GGT,Glyx.p -> GLY.p,2.13842468058845,0.0849471753850503
Net flux,SGAT,SER.p -> HPA.p,0.685647423886667,0.0742444935200002
Net flux,HPR.p,HPA.p -> GA.p,0.685647423886661,0.0742444935200002
Net flux,T_GLY-m net,GLY.p <-> GLY.m,2.10057511699415,9494.76397788201
Exch flux,T_GLY-m exch,GLY.p <-> GLY.m,21683.2715058575,6606.72560598771
Net flux,GDC.m,GLY.m + dummy -> myTHF.m + CO2,1.37655798059748,0.0833614185970518
Net flux,T_SER-m net,SER.p <-> SER.m,-1.37655798059745,0.0833614185970518
Exch flux,T_SER-m exch,SER.p <-> SER.m,1161.86633481939,6806.03596363739
Net flux,mSHMT,GLY.m + myTHF.m -> SER.m,1.37655798059748,0.0833614185970518
Net flux,T_SER-c net,SER.p <-> SER.c,0.631939572109992,0.132473284416117
Exch flux,T_SER-c exch,SER.p <-> SER.c,1.00000021596713e-07,3.46176250458189e-13
Net flux,T_Gly-c net,GLY.p <-> GLY.c,0.0206033516794308,9494.76397750222
Exch flux,T_Gly-c exch,GLY.p <-> GLY.c,4.22469310765727e-05,6597.35668872094
Net flux,cSHMT,SER.c -> GLY.c + meTHF.c,0.631939472109937,0.132473284466877
Net flux,FmTHF-reductase net,meTHF.c <-> FmTHF.c,0.631939472109938,0.132473284466877
Exch flux,FmTHF-reductase exch,meTHF.c <-> FmTHF.c,7.18086439448596,7019.29566894885
Net flux,Met-synthase,FmTHF.c + Hcy.c -> Met.c,0.631939472109917,0.132473284466877
Net flux,SAM-synthase,Met.c -> SAM.c,0.631939472109927,0.132473284466877
Net flux,Methylation,SAM.c -> SAH.c + Acceptor.c,0.631939472109922,0.132473284466877
Net flux,hydrolysis,SAH.c -> Hcy.c,0.631939472109914,0.132473284466877
Net flux,G_SER.m,0*SER.m -> SER,1.0000000116861e-07,0
Net flux,G_SER.c,0*SER.c -> SER,2.77462640951853e-06,6807.57917217606
Net flux,G_Gly.m,0*GLY.m -> GLY,9.4139245849334e-05,7145.63423987585
Net flux,G_Gly.c,0*GLY.c -> GLY,24.3543335356404,10.0067094239299
Net flux,T_GLY-c-m,GLY.c -> GLY.m,0.652540844198853,9494.76397842829
Net flux,G_Glyc,0*Glyc.p -> Glyc,14.0319995320275,1.85092688537722
Net flux,G_Glyx,0*Glyx.p -> Glyx,4.40832324628499,1.30861254249793
Net flux,G_HPA,0*HPA.p -> HPA,8.76924152056402,2.06357770216212
Net flux,(1-G)_Glyc,0*Glyc.x -> Glyc,85.9680004679732,1.85092688537722
Net flux,(1-G)_Glyx,0*Glyx.x -> Glyx,95.5916767537159,1.30861254249793
Net flux,(1-G)_HPA,0*HPA.x -> HPA,91.2307584794359,2.06357770216212
Net flux,GlycSink,Glyc -> Sink,100.000000000001,0
Net flux,GlyxSink,Glyx -> Sink,100.000000000001,0
Net flux,HPASink,HPA -> Sink,99.9999999999998,0
Net flux,SERex,dummySER -> outSER,9.99651290634063e-08,1.16570821284874e-12
Net flux,G_PYR,0*PYR.c -> PYR,42.1404002084174,3.31514989949014
Net flux,(1-G)_PYR,0*PYR.x -> PYR,57.8595997915828,3.31514989949014
Net flux,PYRSink,PYR -> Sink,100,0
Net flux,G_meTHF,0*meTHF.c -> meTHF,99.9999998999999,0
Net flux,G_FmTHF,0*FmTHF.c -> FmTHF,88.1754430399736,5.69975171276888
Net flux,G_Met,0*Met.c -> Met,63.1277632183377,4.75807179227814
Net flux,G_SAM,0*SAM.c -> SAM,58.77311414565,4.2779998161925
Net flux,(1-G)_meTHF,0*meTHF.x -> meTHF,1.0000000116861e-07,0
Net flux,(1-G)_FmTHF,0*FmTHF.x -> FmTHF,11.8245569600264,5.69975171276888
Net flux,(1-G)_Met,0*Met.x -> Met,36.8722367816623,4.75807179227814
Net flux,(1-G)_SAM,0*SAM.x -> SAM,41.22688585435,4.2779998161925
Net flux,meTHFSink,meTHF -> Sink,99.9999999999999,0
Net flux,FmTHFSink,FmTHF -> Sink,100,0
Net flux,MetSink,Met -> Sink,100,0
Net flux,SAMsink,SAM -> Sink,100,0
Net flux,Met-protein,Met.c -> Protein,6.51983996113883e-15,0
Net flux,GLY-protein,GLY.c -> Protein,1.97959054126784e-06,1.50199557795427e-13
Net flux,SER-protein,SER.c -> Protein,1.0000005712385e-07,5.21702634212827e-13
Pool,2PG pool,,0,0
Pool,2PG.p pool,,8.17394002997245e-07,7213.37197295284
Pool,2PG.x pool,,1,Inf
Pool,3PGA pool,,0,0
Pool,3PGA.c pool,,1.00000000000002e-07,0
Pool,3PGA.p pool,,2.00988162136972e-06,6702.3123507245
Pool,3PGA.x pool,,1,Inf
Pool,ACA pool,,9.30248774816827e-07,7200.96821902901
Pool,ADPG pool,,0,0
Pool,ADPG.p pool,,9.9999999999999e-08,Inf
Pool,ADPG.x pool,,1,Inf
Pool,AKG pool,,1.22511779575755e-06,7349.68796780698
Pool,ALA pool,,0,0
Pool,ALA.c pool,,0.0112579412159145,0.00403158586744819
Pool,ALA.x pool,,1,Inf
Pool,ASN pool,,7566.0682006193,7446.29614791751
Pool,ASP pool,,0.0062066485667581,0.00449904077457361
Pool,Acceptor.c pool,,1,Inf
Pool,CIT pool,,3.79495788993755,0.9861103223717
Pool,CO2 pool,,6.80867508699666e-06,7276.97444891643
Pool,CO2.t pool,,1,Inf
Pool,E4P.p pool,,0,0
Pool,EC2 pool,,0,0
Pool,F6P pool,,0,0
Pool,F6P.c pool,,3.82851422316507e-06,7403.57142127856
Pool,F6P.p pool,,1.20376728891379e-06,7166.08539239465
Pool,F6P.x pool,,1,Inf
Pool,FBP pool,,0,0
Pool,FBP.c pool,,3.42383329654533e-06,7514.87053296997
Pool,FBP.p pool,,1.25694768834921e-06,6909.70977398225
Pool,FBP.x pool,,1,Inf
Pool,FmTHF pool,,6.55150766724116,2.90102651451066
Pool,FmTHF.c pool,,3.19904981404534e-07,7234.76106212709
Pool,FmTHF.x pool,,1,Inf
Pool,G6P pool,,0,0
Pool,G6P.c pool,,9.87663570183102e-06,6707.65997768386
Pool,G6P.p pool,,3.59130180682953e-06,7364.40508777272
Pool,G6P.x pool,,1,Inf
Pool,GA pool,,0,0
Pool,GA.p pool,,1.86754649775196e-07,6729.98765447989
Pool,GA.x pool,,1,Inf
Pool,GLN pool,,8.8386775494802,7890.99795801428
Pool,GLU pool,,1.22512141281949e-06,7463.07349087843
Pool,GLY pool,,0,0
Pool,GLY.c pool,,1e-07,0
Pool,GLY.m pool,,9.99999999994061e-08,0
Pool,GLY.p pool,,1.00000000000002e-07,0
Pool,GLY.x pool,,1,Inf
Pool,Glyc pool,,9.53753895953538,3.31531884330716
Pool,Glyc.p pool,,9.15279278814672e-07,6827.61157906802
Pool,Glyc.x pool,,1,Inf
Pool,Glyx pool,,7.74001542289646,6.9698349315231
Pool,Glyx.p pool,,8.99012475035578e-07,7513.33508124352
Pool,Glyx.x pool,,1,Inf
Pool,HPA pool,,0.000211724935225361,7469.60082508524
Pool,HPA.p pool,,1.92060416216507e-07,7353.88399207833
Pool,HPA.x pool,,1,Inf
Pool,Hcy.c pool,,1,Inf
Pool,ICI pool,,0.0032488079355526,7575.30514454384
Pool,MAL pool,,1.09146715717105,0.357064311730266
Pool,Met pool,,0.000114098276926721,7589.58849596012
Pool,Met.c pool,,5.86335430928329e-07,7585.13856299264
Pool,Met.x pool,,1,Inf
Pool,OAA pool,,0.231122590485003,0.0737833141829002
Pool,P5P pool,,0,0
Pool,PEP pool,,0,0
Pool,PEP.c pool,,0.00446060526359381,0.00726243487127447
Pool,PEP.x pool,,1,Inf
Pool,PRO pool,,5.39499638330805,7231.74988173111
Pool,PYR pool,,9.99999999473644e-08,0
Pool,PYR.c pool,,0.0290741904083429,0.0109896413979447
Pool,PYR.x pool,,1,Inf
Pool,Protein pool,,1,Inf
Pool,R5P pool,,0,0
Pool,R5P.p pool,,1.50648152367516e-06,7354.32879558869
Pool,R5P.x pool,,1,Inf
Pool,RU5P.p pool,,1.25867415037892e-06,7633.47508978221
Pool,RU5P.x pool,,1,Inf
Pool,RUBP pool,,0,0
Pool,RUBP.p pool,,1.27392053230898e-06,7473.55494169406
Pool,RUBP.x pool,,1,Inf
Pool,S6P pool,,1,Inf
Pool,S7P pool,,0,0
Pool,S7P.p pool,,9.844820204184e-07,7488.80517163872
Pool,S7P.x pool,,1,Inf
Pool,SAH.c pool,,1,Inf
Pool,SAM pool,,3.37640048347863,2.36136458997738
Pool,SAM.c pool,,2.32021847585866e-06,7685.60751953663
Pool,SAM.x pool,,1,Inf
Pool,SBP pool,,0,0
Pool,SER pool,,0,0
Pool,SER.c pool,,1.00000000002876e-07,0
Pool,SER.m pool,,0.583464760116129,0.0488152930735908
Pool,SER.p pool,,0.000333243684211216,7303.55236885184
Pool,SER.x pool,,1,Inf
Pool,Sink pool,,1,Inf
Pool,Starch pool,,1,Inf
Pool,THR pool,,3889.73743278654,7384.64036396647
Pool,TP pool,,0,0
Pool,TP.c pool,,3.68811089238209e-06,7656.94805707721
Pool,TP.p pool,,2.03571903577692e-06,7272.03614686785
Pool,TP.x pool,,1,Inf
Pool,UDPG pool,,0,0
Pool,UDPG.c pool,,1.21179435922298,0.52430674673081
Pool,UDPG.x pool,,1,Inf
Pool,X5P.p pool,,1.27679052766247e-06,7314.80905927943
Pool,dummy pool,,1,Inf
Pool,dummyGLY pool,,1,Inf
Pool,dummySER pool,,1,Inf
Pool,meTHF pool,,6.42153767699693e-05,6959.03153545901
Pool,meTHF.c pool,,3.01988450486961e-07,7851.38706561249
Pool,meTHF.x pool,,1,Inf
Pool,myTHF.m pool,,1.00000000002876e-07,0
Pool,outSER pool,,1,Inf
Norm,Experiment2 Glyc205 #1 norm,,0.966065257603994,0.0366736633627522
Norm,Experiment2 Glyc205 #2 norm,,1.00722627406051,0.0157647582614186
Norm,Experiment2 Glyc205 #3 norm,,0.979163235589533,0.0228913626881811
Norm,Experiment2 Glyc205 #4 norm,,0.98878115550328,0.0212564160497875
Norm,Experiment2 Glyc205 #5 norm,,1.00848616213963,0.0246946111755073
Norm,Experiment2 Glyc205 #6 norm,,0.967730440943954,0.0240484434585222
Norm,Experiment2 Glyc205 #7 norm,,1.01437363089016,0.0359119702532979
Norm,Experiment2 Glyc205 #8 norm,,0.981967158655629,0.106176886198398
Norm,Experiment2 Glyx160 #1 norm,,0.999781933092067,0.011183288044647
Norm,Experiment2 Glyx160 #2 norm,,0.984904874802778,0.0114296080001604
Norm,Experiment2 Glyx160 #3 norm,,0.996224262652188,0.0146938066895684
Norm,Experiment2 Glyx160 #4 norm,,0.990192568311924,0.0191361132495982
Norm,Experiment2 Glyx160 #5 norm,,1.01837421903586,0.016522757143426
Norm,Experiment2 Glyx160 #6 norm,,0.971755853216022,0.0216919506705006
Norm,Experiment2 Glyx160 #7 norm,,1.00283188622923,0.0296287379276772
Norm,Experiment2 Glyx160 #8 norm,,0.959534759193687,0.0968707202337077
Norm,Experiment2 GLY276 #1 norm,,1.02610903373213,0.0109259765580052
Norm,Experiment2 GLY276 #2 norm,,0.965938990270881,0.022161889904002
Norm,Experiment2 GLY276 #3 norm,,1.02621977668681,0.019521575179652
Norm,Experiment2 GLY276 #4 norm,,1.00228871194481,0.0179774830065195
Norm,Experiment2 GLY276 #5 norm,,0.952284315512391,0.0363478231268923
Norm,Experiment2 GLY276 #6 norm,,1.02103323631425,0.0829950098044934
Norm,Experiment2 GLY276 #7 norm,,0.950764541505028,0.13656084880701
Norm,Experiment2 GLY276 #8 norm,,1.10654644990406,0.252085759390168
Norm,Experiment2 HPA262 #1 norm,,1.00536180555794,0.0207788615125707
Norm,Experiment2 HPA262 #2 norm,,1.0064232301158,0.0249230959629534
Norm,Experiment2 HPA262 #3 norm,,1.009123227332,0.0250454407037785
Norm,Experiment2 HPA262 #4 norm,,0.931818550730588,0.0277028534598454
Norm,Experiment2 HPA262 #5 norm,,0.914119718410522,0.0199166058292368
Norm,Experiment2 HPA262 #6 norm,,0.940714015041581,0.0274791386102349
Norm,Experiment2 HPA262 #7 norm,,0.977716775008737,0.0239370248556159
Norm,Experiment2 HPA262 #8 norm,,0.982633819946563,0.0388267060985684
Norm,Experiment2 GA307 #1 norm,,0.996320884732082,0.010714054222435
Norm,Experiment2 GA307 #2 norm,,0.90202279633983,0.031212836903284
Norm,Experiment2 GA307 #3 norm,,0.880712569724149,0.0212174251706458
Norm,Experiment2 GA307 #4 norm,,0.937291975588128,0.0252518059771117
Norm,Experiment2 GA307 #5 norm,,0.970306265791453,0.0788278221327659
Norm,Experiment2 GA307 #6 norm,,0.968643750235717,0.105353297288154
Norm,Experiment2 GA307 #7 norm,,0.961418827109905,0.064372573184817
Norm,Experiment2 GA307 #8 norm,,0.840570123974397,0.13248610808318
Norm,Experiment2 SER306 #1 norm,,0.973956713687665,0.0124574814243907
Norm,Experiment2 SER306 #2 norm,,0.972488013978894,0.0354595733699966
Norm,Experiment2 SER306 #3 norm,,1.01803448282804,0.0200734001393125
Norm,Experiment2 SER306 #4 norm,,1.00949170448174,0.0250098815222635
Norm,Experiment2 SER306 #5 norm,,0.995002474522559,0.057772022072094
Norm,Experiment2 SER306 #6 norm,,0.985709846031988,0.11327047267147
Norm,Experiment2 SER306 #7 norm,,1.05872921817147,0.102173964783481
Norm,Experiment2 SER306 #8 norm,,1.05266766001406,0.0993365283790831
Norm,Experiment2 meTHF #1 norm,,1.00628404229331,0.0100235941780478
Norm,Experiment2 meTHF #2 norm,,0.989587466612077,0.01425404887075
Norm,Experiment2 meTHF #3 norm,,0.970448329861783,0.0266748264173244
Norm,Experiment2 meTHF #4 norm,,1.02127797163301,0.0272139482088767
Norm,Experiment2 meTHF #5 norm,,0.949140852583057,0.0861984472414475
Norm,Experiment2 meTHF #6 norm,,1.01818220684815,0.156133915529216
Norm,Experiment2 meTHF #7 norm,,1.03399610727834,0.217834224439562
Norm,Experiment2 meTHF #8 norm,,0.991581115473992,0.0709366966473413
Norm,Experiment2 FmTHF #1 norm,,1.00703380912304,0.0101661354240566
Norm,Experiment2 FmTHF #2 norm,,1.00012652477088,0.0115020962165641
Norm,Experiment2 FmTHF #3 norm,,1.00959807281652,0.0103871924274362
Norm,Experiment2 FmTHF #4 norm,,1.00672306239649,0.0224454871328193
Norm,Experiment2 FmTHF #5 norm,,0.992988493624375,0.0407283947971767
Norm,Experiment2 FmTHF #6 norm,,0.977318789452172,0.0687389204556226
Norm,Experiment2 FmTHF #7 norm,,1.00026149874747,0.122478262825335
Norm,Experiment2 FmTHF #8 norm,,0.996814338554441,0.072038031296035
Norm,Experiment2 Met176 #1 norm,,0.998405056203282,0.0246435602975998
Norm,Experiment2 Met176 #2 norm,,0.979449620214307,0.0400726581901197
Norm,Experiment2 Met176 #3 norm,,0.963767791591735,0.0341510201540913
Norm,Experiment2 Met176 #4 norm,,0.89979562841129,0.0904176122768797
Norm,Experiment2 Met176 #5 norm,,0.915112780886845,0.0719616993937347
Norm,Experiment2 Met176 #6 norm,,0.994996228162418,0.0329711311972097
Norm,Experiment2 Met176 #7 norm,,1.02215890024768,0.056801380732044
Norm,Experiment2 Met176 #8 norm,,1.00389504291207,0.168557700832408
Norm,Experiment2 SAM #1 norm,,0.990236212255686,0.0145095116169844
Norm,Experiment2 SAM #2 norm,,1.0024647490813,0.0223292912744352
Norm,Experiment2 SAM #3 norm,,0.978645498568819,0.0346795997871317
Norm,Experiment2 SAM #4 norm,,0.98956641021864,0.0468232463953793
Norm,Experiment2 SAM #5 norm,,1.00863092453905,0.0258007025295766
Norm,Experiment2 SAM #6 norm,,0.978810059273869,0.0570006412357465
Norm,Experiment2 SAM #7 norm,,0.979517549385395,0.0837423937315531
Norm,Experiment2 SAM #8 norm,,1.0014213924968,0.0670840035649583
Norm,Experiment2 CIT465 #1 norm,,0.968542960983795,0.0122754509987384
Norm,Experiment2 CIT465 #2 norm,,0.982056153100605,0.0103924413950494
Norm,Experiment2 CIT465 #3 norm,,0.982578331408147,0.01271159323493
Norm,Experiment2 CIT465 #4 norm,,0.983688786650527,0.0126708750635342
Norm,Experiment2 CIT465 #5 norm,,0.97328046682399,0.0151364763295141
Norm,Experiment2 CIT465 #6 norm,,1.01567050717507,0.0117397555857907
Norm,Experiment2 CIT465 #7 norm,,1.02435302920424,0.015383175230638
Norm,Experiment2 CIT465 #8 norm,,1.03936719281845,0.0214044999607958
Norm,Experiment2 MAL335 #1 norm,,1.02068773794394,0.0124695070001281
Norm,Experiment2 MAL335 #2 norm,,0.943967682309459,0.0128194593790207
Norm,Experiment2 MAL335 #3 norm,,1.00243499493213,0.0130664924550619
Norm,Experiment2 MAL335 #4 norm,,0.97274815105318,0.0116422598343462
Norm,Experiment2 MAL335 #5 norm,,0.996420318334896,0.0147856487090225
Norm,Experiment2 MAL335 #6 norm,,0.969115125063139,0.0149067270139371
Norm,Experiment2 MAL335 #7 norm,,1.01219007996185,0.0216786880804301
Norm,Experiment2 MAL335 #8 norm,,0.969545038355179,0.0399463298724473
Norm,Experiment2 ASP334 #1 norm,,0.958343957449486,0.0153177121362805
Norm,Experiment2 ASP334 #2 norm,,0.953010785499658,0.0229280327628296
Norm,Experiment2 ASP334 #3 norm,,1.02941770323256,0.0186874344254003
Norm,Experiment2 ASP334 #4 norm,,1.01672721661454,0.0236029225272603
Norm,Experiment2 ASP334 #5 norm,,0.935816114208528,0.0256060344680008
Norm,Experiment2 ASP334 #6 norm,,0.956566897134118,0.0595927479943526
Norm,Experiment2 ASP334 #7 norm,,0.969244674812705,0.0575760332226811
Norm,Experiment2 ASP334 #8 norm,,0.961741879218311,0.0339119961526937
Norm,Experiment2 GLU348 #1 norm,,1.01652816190667,0.0119008046865737
Norm,Experiment2 GLU348 #2 norm,,1.00638109559892,0.0121725669850725
Norm,Experiment2 GLU348 #3 norm,,1.04514445561089,0.0124280206989219
Norm,Experiment2 GLU348 #4 norm,,1.03567872621467,0.0156385389705398
Norm,Experiment2 GLU348 #5 norm,,0.931374382693309,0.0288389646897395
Norm,Experiment2 GLU348 #6 norm,,0.969571620598386,0.0151457351847116
Norm,Experiment2 GLU348 #7 norm,,0.957926020452596,0.0219555143649288
Norm,Experiment2 GLU348 #8 norm,,0.971804497624744,0.0557861589369101
Norm,Experiment2 THR320 #1 norm,,1.03511600310769,0.0106797937720428
Norm,Experiment2 THR320 #2 norm,,1.01754361891666,0.0119542378465336
Norm,Experiment2 THR320 #3 norm,,0.987607288706775,0.0101721800103245
Norm,Experiment2 THR320 #4 norm,,0.987387648380909,0.0110484844860039
Norm,Experiment2 THR320 #5 norm,,0.959674325970699,0.0201312402459909
Norm,Experiment2 THR320 #6 norm,,1.00348085161441,0.0108631318384002
Norm,Experiment2 THR320 #7 norm,,0.948425287054968,0.0133321639602867
Norm,Experiment2 THR320 #8 norm,,0.928380670144005,0.0363901898733879
Norm,Experiment2 ALA116 #1 norm,,1.00685773566138,0.0100593024161815
Norm,Experiment2 ALA116 #2 norm,,1.01114709596339,0.0102973709688685
Norm,Experiment2 ALA116 #3 norm,,1.03062830953155,0.0109699296275681
Norm,Experiment2 ALA116 #4 norm,,0.965441933930314,0.0249358729107722
Norm,Experiment2 ALA116 #5 norm,,1.17647603866778,0.0897877839585133
Norm,Experiment2 ALA116 #6 norm,,0.982731804379827,0.083249341702364
Norm,Experiment2 ALA116 #7 norm,,1.01391097434498,0.0836172882397278
Norm,Experiment2 ALA116 #8 norm,,0.936492151709521,0.185942126972026
Norm,Experiment2 PYR #1 norm,,0.976962940125674,0.012428917226008
Norm,Experiment2 PYR #2 norm,,0.937654487759902,0.0534157820317934
Norm,Experiment2 PYR #3 norm,,0.897968501745986,0.0583941296146848
Norm,Experiment2 PYR #4 norm,,1.08880163517066,0.0602211704654344
Norm,Experiment2 PYR #5 norm,,1.02396719722467,0.115158302997485
Norm,Experiment2 PYR #6 norm,,0.947100750034893,0.165240705913619
Norm,Experiment2 PYR #7 norm,,1.01266920919316,0.0797641215029634
Norm,Experiment2 PYR #8 norm,,0.993297872585278,0.11164161992874
