type,id,eqn,val,std
Net flux,CO2.t,CO2.t -> CO2,66.0157249968176,1.52013901394214
Net flux,CO2_sink,dummy -> Sink,66.0157249968176,1.52013901394214
Net flux,RUBICSO_CO2,RUBP.p + CO2 -> 3PGA.p + 3PGA.p + dummy,67.8152359622495,1.52838815698552
Net flux,GAPDH.p net,3PGA.p <-> TP.p,137.855308742903,3.0386540157124
Exch flux,GAPDH.p exch,3PGA.p <-> TP.p,135653.759522003,4242.57257228014
Net flux,ALD,TP.p + E4P.p -> SBP,23.3686616127083,0.510753242299794
Net flux,SBP,SBP -> S7P.p,23.3686616127083,0.510753242299794
Net flux,FBA.p net,TP.p + TP.p <-> FBP.p,30.9587411189289,0.782444434291168
Exch flux,FBA.p exch,TP.p + TP.p <-> FBP.p,9.99993545747202e-08,2.26261118451127e-12
Net flux,PFK.p net,FBP.p <-> F6P.p,30.958741118929,0.782444434291168
Exch flux,PFK.p exch,FBP.p <-> F6P.p,9.99952476377075e-08,7.09951028444346e-13
Net flux,TK1 net,TP.p + EC2 <-> X5P.p,46.7373232254165,1.02150648459959
Exch flux,TK1 exch,TP.p + EC2 <-> X5P.p,1.0000000116861e-07,0
Net flux,TK2 net,S7P.p <-> R5P.p + EC2,23.3686616127082,0.510753242299794
Exch flux,TK2 exch,S7P.p <-> R5P.p + EC2,40.6864865882213,6206.97141973555
Net flux,TK3 net,F6P.p <-> E4P.p + EC2,23.3686616127088,0.510753242299794
Exch flux,TK3 exch,F6P.p <-> E4P.p + EC2,9159.62355309121,7812.11046557243
Net flux,PPE net,X5P.p <-> RU5P.p,46.7373232254164,1.02150648459959
Exch flux,PPE exch,X5P.p <-> RU5P.p,76.5288800993675,1410.65670045548
Net flux,PPI net,R5P.p <-> RU5P.p,23.3686616127083,0.510753242299794
Exch flux,PPI exch,R5P.p <-> RU5P.p,259.454146132063,7758.53298022349
Net flux,PRK,RU5P.p -> RUBP.p,70.1059848381248,1.53225972685864
Net flux,RUBISCO_O2,RUBP.p -> 3PGA.p + 2PG.p,2.2907488758753,0.084510445958346
Net flux,GLYdil net,GLY.p <-> GLY.x + dummyGLY,0.0148566166464903,0.00175868122719431
Exch flux,GLYdil exch,GLY.p <-> GLY.x + dummyGLY,1.0000000116861e-07,0
Net flux,SERdil net,SER.p <-> SER.x + dummySER,0.0508001151693946,0.00601355175303957
Exch flux,SERdil exch,SER.p <-> SER.x + dummySER,0.0461758646614143,0.0791945856436449
Net flux,GK,GA.p -> 3PGA.p,0.555820582650472,0.111184020643963
Net flux,PGI.p net,F6P.p <-> G6P.p,7.5900795062207,0.418821942242306
Exch flux,PGI.p exch,F6P.p <-> G6P.p,9.99900571230228e-08,2.10348791167736e-12
Net flux,PGM.p,G6P.p -> ADPG.p,7.5900795062207,0.418821942242306
Net flux,Starch,ADPG.p -> Starch,7.59007950622068,0.418821942242306
Net flux,FBA.c net,TP.c + TP.c <-> FBP.c,2.91592083346033,0.345177866446691
Exch flux,FBA.c exch,TP.c + TP.c <-> FBP.c,34.4881618257951,5908.10461208038
Net flux,PFK.c net,FBP.c <-> F6P.c,2.91592083346035,0.345177866446691
Exch flux,PFK.c exch,FBP.c <-> F6P.c,38.3430054517071,7066.81573743915
Net flux,PGI.c net,F6P.c <-> G6P.c,1.4579604167302,0.172588933223346
Exch flux,PGI.c exch,F6P.c <-> G6P.c,256.867210289761,7857.74828433072
Net flux,PGM.c net,G6P.c <-> UDPG.c,1.45796041672293,0.172588933223346
Exch flux,PGM.c exch,G6P.c <-> UDPG.c,48489.2842086039,7443.52633555897
Net flux,SPS,F6P.c + UDPG.c -> S6P,1.45796041673013,0.172588933223346
Net flux,PGAM.c net,3PGA.c <-> PEP.c,0.621732640110618,0.0735988244938491
Exch flux,PGAM.c exch,3PGA.c <-> PEP.c,12.5848623215752,7681.81384204432
Net flux,PK.c,PEP.c -> PYR.c,0.282217397866513,0.0334080397784607
Net flux,PDH,PYR.c + dummy -> ACA + CO2,0.234877423134792,0.0278040771440774
Net flux,CS,OAA + ACA -> CIT,0.234877423134788,0.0278040771440774
Net flux,ACO net,CIT <-> ICI,0.234877423134094,0.0278040771440774
Exch flux,ACO exch,CIT <-> ICI,6307.16953631313,8811.80943587014
Net flux,IDH,ICI + dummy -> AKG + CO2,0.234877423134805,0.0278040771440774
Net flux,MDH net,MAL <-> OAA,7.105427357601e-15,0
Exch flux,MDH exch,MAL <-> OAA,0.212515359948412,0.155897130360167
Net flux,PPC,PEP.c + CO2 -> OAA + dummy,0.339515242244082,0.0401907847989943
Net flux,T_3PGA net,3PGA.p <-> 3PGA.c,0.621732640110597,0.0735988244938491
Exch flux,T_3PGA exch,3PGA.p <-> 3PGA.c,2.56219794603318,2.43271309255993
Net flux,T_DHAP net,TP.p <-> TP.c,5.83184166692071,0.690355732893382
Exch flux,T_DHAP exch,TP.p <-> TP.c,2.24177056082459,0.708223926004727
Net flux,ALT,PYR.c -> ALA.c,0.0473399747312327,0.00560396265614807
Net flux,ASPT,OAA -> ASP,0.104637819108819,0.0123867077296599
Net flux,GLUDH,AKG -> GLU,0.234877423134781,0.0278040771440774
Net flux,PCR net,GLU <-> PRO,-2.48689957516035e-14,0
Exch flux,PCR exch,GLU <-> PRO,1.0000000116861e-07,9.50114817094955e-14
Net flux,GS net,GLU <-> GLN,0,0
Exch flux,GS exch,GLU <-> GLN,1.00042363726516e-07,4.53701616853259e-13
Net flux,TS net,ASP <-> THR,0,0
Exch flux,TS exch,ASP <-> THR,0.0190364585769132,0.0305995366273995
Net flux,AS net,ASP <-> ASN,1.06581410364015e-14,0
Exch flux,AS exch,ASP <-> ASN,1.0000000116861e-07,7789.63259386364
Net flux,G_3PGA.p,0*3PGA.p -> 3PGA,2.46866314768113e-06,10328.4955891754
Net flux,G_3PGA.c,0*3PGA.c -> 3PGA,92.9119081395353,7699.22720762108
Net flux,G_DHAP.p,0*TP.p -> TP,40.6853798422419,11330.5476828781
Net flux,G_DHAP.c,0*TP.c -> TP,51.8471856996948,8253.77640182703
Net flux,G_F6P.p,0*F6P.p -> F6P,48.6686345030749,11336.1423865298
Net flux,G_F6P.c,0*F6P.c -> F6P,36.546576817712,7990.90018515018
Net flux,G_FBP.p,0*FBP.p -> FBP,2.46866146369484e-06,11371.0392138875
Net flux,G_FBP.c,0*FBP.c -> FBP,83.4512310497342,7789.05946346955
Net flux,G_G6P.p,0*G6P.p -> G6P,19.0549768397257,11693.3773214132
Net flux,G_G6P.c,0*G6P.c -> G6P,58.8549499993083,7776.16791794019
Net flux,G_RU5P.p,0*RU5P.p -> P5P,2.46865388575657e-06,10749.9654863711
Net flux,G_X5P.p,0*X5P.p -> P5P,92.8477691492117,8213.30965708898
Net flux,G_R5P.p,0*R5P.p -> R5P,82.2810779884949,7657.28757042581
Net flux,G_GA.p,0*GA.p -> GA,39.4025153246347,4.22178537799651
Net flux,G_SER.p,0*SER.p -> SER,80.4222570920352,8087.42930816721
Net flux,G_GLY.p,0*GLY.p -> GLY,1.00000008274037e-07,3.1677954738991e-12
Net flux,G_RUBP.p,0*RUBP.p -> RUBP,92.5302752673063,7742.94874988971
Net flux,G_S7P.p,0*S7P.p -> S7P,98.4567310636212,8857.02496615774
Net flux,G_2PG.p,0*2PG.p -> 2PG,87.0427532706349,8857.02496615774
Net flux,G_ADPG.p,0*ADPG.p -> ADPG,95.0805622183481,8857.02496615774
Net flux,G_PEP.c,0*PEP.c -> PEP,89.2305410445615,8857.02496615774
Net flux,G_UDPG.c,0*UDPG.c -> UDPG,72.4268033045549,8857.02496615774
Net flux,G_ALA.c,0*ALA.c -> ALA,89.2280269752642,10.1664545834451
Net flux,(1-G)_GA,0*GA.x -> GA,60.5974846753673,4.22178537799651
Net flux,(1-G)_SER,0*SER.x -> SER,19.577733216588,5.34645248137567
Net flux,(1-G)_GLY,0*GLY.x -> GLY,49.6273567283292,5.52603940746667
Net flux,(1-G)_R5P,0*R5P.x -> R5P,17.718922011502,7657.28757042581
Net flux,(1-G)_RUBP,0*RUBP.x -> RUBP,7.46972473269241,7742.94874988971
Net flux,(1-G)_3PGA,0*3PGA.x -> 3PGA,7.08808939180183,7954.79889218965
Net flux,(1-G)_TP,0*TP.x -> TP,7.46743445806384,7587.53616838035
Net flux,(1-G)_F6P,0*F6P.x -> F6P,14.7847886792169,8108.08619607264
Net flux,(1-G)_FBP,0*FBP.x -> FBP,16.5487664815991,8063.70013081548
Net flux,(1-G)_G6P,0*G6P.x -> G6P,22.0900731609643,8090.57710131191
Net flux,(1-G)_RU5P,0*RU5P.x -> P5P,7.15222838213582,6890.80125441493
Net flux,(1-G)_S7P,0*S7P.x -> S7P,1.5432689363768,8857.02496615774
Net flux,(1-G)_2PG,0*2PG.x -> 2PG,12.9572467293675,8857.02496615774
Net flux,(1-G)_ADPG,0*ADPG.x -> ADPG,4.91943778165087,8857.02496615774
Net flux,(1-G)_PEP,0*PEP.x -> PEP,10.7694589554367,8857.02496615774
Net flux,(1-G)_UDPG,0*UDPG.x -> UDPG,27.5731966954463,8857.02496615774
Net flux,(1-G)_ALA,0*ALA.x -> ALA,10.7719730247356,10.1664545834451
Net flux,PGASink,3PGA -> Sink,100,0
Net flux,DHAPSink,TP -> Sink,100.000000000001,0
Net flux,F6PSink,F6P -> Sink,100.000000000004,0
Net flux,FBPSink,FBP -> Sink,99.9999999999948,0
Net flux,G6PSink,G6P -> Sink,99.9999999999983,0
Net flux,P5PSink,P5P -> Sink,100.000000000001,0
Net flux,R5PSink,R5P -> Sink,99.9999999999968,0
Net flux,GASink,GA -> Sink,100.000000000002,0
Net flux,SERSink,SER -> Sink,99.9999999999996,0
Net flux,GLYSink,GLY -> Sink,100.000000000001,0
Net flux,RUBPSink,RUBP -> Sink,99.9999999999987,0
Net flux,S7PSink,S7P -> Sink,99.9999999999979,0
Net flux,2PGSink,2PG -> Sink,100.000000000002,0
Net flux,ADPGSink,ADPG -> Sink,99.9999999999989,0
Net flux,PEPSink,PEP -> Sink,99.9999999999983,0
Net flux,UDPGSink,UDPG -> Sink,100.000000000001,0
Net flux,ALASink,ALA -> Sink,99.9999999999998,0
Net flux,S6Pout-LL,S6P + 0.1611*GLU + 0.07177*ASP + 0.03247*ALA.c + 0.01019*dummyGLY + 0.03484*dummySER -> Sink,1.45796041673017,0.172588933223346
Net flux,PGP.p,2PG.p -> Glyc.p,2.29074887587532,0.084510445958346
Net flux,GOX,Glyc.p -> Glyx.p,2.29074887587533,0.084510445958346
Net flux,GGT,Glyx.p -> GLY.p,2.29074887587532,0.084510445958346
Net flux,SGAT,SER.p -> HPA.p,0.555820582650461,0.111184020643963
Net flux,HPR.p,HPA.p -> GA.p,0.555820582650456,0.111184020643963
Net flux,T_GLY-m net,GLY.p <-> GLY.m,2.25122354886387,7789.30547080294
Exch flux,T_GLY-m exch,GLY.p <-> GLY.m,9.99999985040745e-08,0
Net flux,GDC.m,GLY.m + dummy -> myTHF.m + CO2,1.66927136140548,0.120850096168794
Net flux,T_SER-m net,SER.p <-> SER.m,-1.66927136140657,0.120850096168794
Exch flux,T_SER-m exch,SER.p <-> SER.m,24206.3902243924,8719.47956354921
Net flux,mSHMT,GLY.m + myTHF.m -> SER.m,1.66927136140548,0.120850096168794
Net flux,T_SER-c net,SER.p <-> SER.c,1.06265066358561,0.215992541780791
Exch flux,T_SER-c exch,SER.p <-> SER.c,1.00000320024662e-07,1.11849472427364e-12
Net flux,T_Gly-c net,GLY.p <-> GLY.c,0.024668710364943,7789.3054703448
Exch flux,T_Gly-c exch,GLY.p <-> GLY.c,9.99999998363421e-08,0
Net flux,cSHMT,SER.c -> GLY.c + meTHF.c,1.06265056358593,0.215992541695202
Net flux,FmTHF-reductase net,meTHF.c <-> FmTHF.c,1.06265056358593,0.215992541695202
Exch flux,FmTHF-reductase exch,meTHF.c <-> FmTHF.c,6.02379053867447,7786.73192569789
Net flux,Met-synthase,FmTHF.c + Hcy.c -> Met.c,1.06265056358591,0.215992541695202
Net flux,SAM-synthase,Met.c -> SAM.c,1.06265056358592,0.215992541695202
Net flux,Methylation,SAM.c -> SAH.c + Acceptor.c,1.06265056358592,0.215992541695202
Net flux,hydrolysis,SAH.c -> Hcy.c,1.06265056358591,0.215992541695202
Net flux,G_SER.m,0*SER.m -> SER,1.0000000116861e-07,7.44088415866877e-14
Net flux,G_SER.c,0*SER.c -> SER,9.59137632605689e-06,8087.42754091885
Net flux,G_Gly.m,0*GLY.m -> GLY,1.0000000116861e-07,5.88951072094089e-13
Net flux,G_Gly.c,0*GLY.c -> GLY,50.372643071672,5.52603940746667
Net flux,T_GLY-c-m,GLY.c -> GLY.m,1.0873191739471,7789.30547334196
Net flux,G_Glyc,0*Glyc.p -> Glyc,7.46256336474517,1.03476014564689
Net flux,G_Glyx,0*Glyx.p -> Glyx,10.8195189037181,9.46475528647455
Net flux,G_HPA,0*HPA.p -> HPA,5.72275052609926,1.89520741090102
Net flux,(1-G)_Glyc,0*Glyc.x -> Glyc,92.5374366352555,1.03476014564689
Net flux,(1-G)_Glyx,0*Glyx.x -> Glyx,89.1804810962827,9.46475528647455
Net flux,(1-G)_HPA,0*HPA.x -> HPA,94.2772494739006,1.89520741090102
Net flux,GlycSink,Glyc -> Sink,100.000000000001,0
Net flux,GlyxSink,Glyx -> Sink,100.000000000001,0
Net flux,HPASink,HPA -> Sink,99.9999999999998,0
Net flux,SERex,dummySER -> outSER,1.00036823713623e-07,5.22936074498891e-12
Net flux,G_PYR,0*PYR.c -> PYR,36.1478953161769,2.67287545762543
Net flux,(1-G)_PYR,0*PYR.x -> PYR,63.8521046838234,2.67287545762543
Net flux,PYRSink,PYR -> Sink,100,0
Net flux,G_meTHF,0*meTHF.c -> meTHF,99.9999998999999,4.12747673749243e-13
Net flux,G_FmTHF,0*FmTHF.c -> FmTHF,74.421126431386,5.55928143970195
Net flux,G_Met,0*Met.c -> Met,59.9265742730383,4.75449544151838
Net flux,G_SAM,0*SAM.c -> SAM,62.3485662819945,4.7888512952046
Net flux,(1-G)_meTHF,0*meTHF.x -> meTHF,1.0000000116861e-07,4.12747673749243e-13
Net flux,(1-G)_FmTHF,0*FmTHF.x -> FmTHF,25.5788735686141,5.55928143970195
Net flux,(1-G)_Met,0*Met.x -> Met,40.0734257269618,4.75449544151838
Net flux,(1-G)_SAM,0*SAM.x -> SAM,37.6514337180055,4.7888512952046
Net flux,meTHFSink,meTHF -> Sink,99.9999999999999,0
Net flux,FmTHFSink,FmTHF -> Sink,100,0
Net flux,MetSink,Met -> Sink,100,0
Net flux,SAMsink,SAM -> Sink,100,0
Net flux,Met-protein,Met.c -> Protein,6.51983996113883e-15,0
Net flux,GLY-protein,GLY.c -> Protein,1.00003802572246e-07,1.07956500819221e-12
Net flux,SER-protein,SER.c -> Protein,9.99996823125571e-08,4.05649741301016e-12
Pool,2PG pool,,0,0
Pool,2PG.p pool,,1e-07,0
Pool,2PG.x pool,,1,Inf
Pool,3PGA pool,,0,0
Pool,3PGA.c pool,,0.111295916864874,0.0811668643191386
Pool,3PGA.p pool,,1e-07,0
Pool,3PGA.x pool,,1,Inf
Pool,ACA pool,,4.2606310759847e-07,7783.00453104199
Pool,ADPG pool,,0,0
Pool,ADPG.p pool,,9.9999999999999e-08,Inf
Pool,ADPG.x pool,,1,Inf
Pool,AKG pool,,1e-07,0
Pool,ALA pool,,0,0
Pool,ALA.c pool,,0.0153969791482013,0.00362458038923267
Pool,ALA.x pool,,1,Inf
Pool,ASN pool,,7566.10047634104,7891.17380431617
Pool,ASP pool,,1.00000000000057e-07,0
Pool,Acceptor.c pool,,1,Inf
Pool,CIT pool,,6.19164139127064,3.26201581296161
Pool,CO2 pool,,2.11028984360856e-07,7653.03582588682
Pool,CO2.t pool,,1,Inf
Pool,E4P.p pool,,0,0
Pool,EC2 pool,,0,0
Pool,F6P pool,,0,0
Pool,F6P.c pool,,3.81870387329479e-06,7451.11093049402
Pool,F6P.p pool,,1e-07,0
Pool,F6P.x pool,,1,Inf
Pool,FBP pool,,0,0
Pool,FBP.c pool,,2.46347236168237e-06,7793.25899395939
Pool,FBP.p pool,,1e-07,0
Pool,FBP.x pool,,1,Inf
Pool,FmTHF pool,,3.58898812504343,2.05727320945984
Pool,FmTHF.c pool,,1e-07,0
Pool,FmTHF.x pool,,1,Inf
Pool,G6P pool,,0,0
Pool,G6P.c pool,,9.87228279801746e-06,7634.1672801021
Pool,G6P.p pool,,3.62675468628907e-06,7591.71702675219
Pool,G6P.x pool,,1,Inf
Pool,GA pool,,0,0
Pool,GA.p pool,,1e-07,0
Pool,GA.x pool,,1,Inf
Pool,GLN pool,,8.83867752067434,7601.29339719485
Pool,GLU pool,,1.00000128742404e-07,0
Pool,GLY pool,,0,0
Pool,GLY.c pool,,1.00000000002876e-07,2.41089334759129e-13
Pool,GLY.m pool,,1e-07,0
Pool,GLY.p pool,,1.00000000000002e-07,0
Pool,GLY.x pool,,1,Inf
Pool,Glyc pool,,2.21835930880279,1.23765057766788
Pool,Glyc.p pool,,1e-07,0
Pool,Glyc.x pool,,1,Inf
Pool,Glyx pool,,63.1028949307611,77.3497656862151
Pool,Glyx.p pool,,1e-07,0
Pool,Glyx.x pool,,1,Inf
Pool,HPA pool,,1.95315005951909e-07,8040.23647173108
Pool,HPA.p pool,,1e-07,0
Pool,HPA.x pool,,1,Inf
Pool,Hcy.c pool,,1,Inf
Pool,ICI pool,,0.000638114335862607,8042.97239752494
Pool,MAL pool,,0.554211455431327,0.29495535552929
Pool,Met pool,,9.99999999999999e-08,0
Pool,Met.c pool,,1e-07,0
Pool,Met.x pool,,1,Inf
Pool,OAA pool,,0.19284847725808,0.0478256269588455
Pool,P5P pool,,0,0
Pool,PEP pool,,0,0
Pool,PEP.c pool,,9.99999999999482e-08,0
Pool,PEP.x pool,,1,Inf
Pool,PRO pool,,5.39499635452658,7381.459499582
Pool,PYR pool,,1e-07,0
Pool,PYR.c pool,,0.0039701955955403,0.00230950972169542
Pool,PYR.x pool,,1,Inf
Pool,Protein pool,,1,Inf
Pool,R5P pool,,0,0
Pool,R5P.p pool,,1e-07,0
Pool,R5P.x pool,,1,Inf
Pool,RU5P.p pool,,1e-07,0
Pool,RU5P.x pool,,1,Inf
Pool,RUBP pool,,0,0
Pool,RUBP.p pool,,1e-07,0
Pool,RUBP.x pool,,1,Inf
Pool,S6P pool,,1,Inf
Pool,S7P pool,,0,0
Pool,S7P.p pool,,1e-07,0
Pool,S7P.x pool,,1,Inf
Pool,SAH.c pool,,1,Inf
Pool,SAM pool,,5.63899289765661,2.74119294434838
Pool,SAM.c pool,,2.13684943362068e-07,8286.59592521169
Pool,SAM.x pool,,1,Inf
Pool,SBP pool,,0,0
Pool,SER pool,,0,0
Pool,SER.c pool,,9.99999999994061e-08,2.40952986584425e-13
Pool,SER.m pool,,0.521483049513038,0.0467347902754065
Pool,SER.p pool,,3.19176266956027e-05,8158.98592100364
Pool,SER.x pool,,1,Inf
Pool,Sink pool,,1,Inf
Pool,Starch pool,,1,Inf
Pool,THR pool,,0.137199956746566,0.210154474540749
Pool,TP pool,,0,0
Pool,TP.c pool,,2.29061485772374e-06,7772.0953585838
Pool,TP.p pool,,1e-07,0
Pool,TP.x pool,,1,Inf
Pool,UDPG pool,,0,0
Pool,UDPG.c pool,,3.86454896840767,3.92743324188181
Pool,UDPG.x pool,,1,Inf
Pool,X5P.p pool,,1e-07,0
Pool,dummy pool,,1,Inf
Pool,dummyGLY pool,,1,Inf
Pool,dummySER pool,,1,Inf
Pool,meTHF pool,,1.00000000016753e-07,0
Pool,meTHF.c pool,,1e-07,0
Pool,meTHF.x pool,,1,Inf
Pool,myTHF.m pool,,0.0126737225727065,0.0185568413517427
Pool,outSER pool,,1,Inf
Norm,Experiment2 Glyc205 #1 norm,,0.978215315864843,0.0361983833143113
Norm,Experiment2 Glyc205 #2 norm,,0.980867384051041,0.018608749602233
Norm,Experiment2 Glyc205 #3 norm,,1.00080948101279,0.0243528936872757
Norm,Experiment2 Glyc205 #4 norm,,0.984482759082684,0.0205811225049589
Norm,Experiment2 Glyc205 #5 norm,,1.04134821040071,0.023493866980496
Norm,Experiment2 Glyc205 #6 norm,,1.0014448897544,0.0238313212960804
Norm,Experiment2 Glyc205 #7 norm,,0.974892287821248,0.0316877290458753
Norm,Experiment2 Glyc205 #8 norm,,0.83757302136091,0.0967510938006709
Norm,Experiment2 Glyx160 #1 norm,,0.98511056327351,0.0111518627829322
Norm,Experiment2 Glyx160 #2 norm,,0.997625980996214,0.011990008747096
Norm,Experiment2 Glyx160 #3 norm,,0.976231355658794,0.0130030309138254
Norm,Experiment2 Glyx160 #4 norm,,0.990687403861551,0.0182127285738485
Norm,Experiment2 Glyx160 #5 norm,,0.998671154933643,0.0157249229709356
Norm,Experiment2 Glyx160 #6 norm,,0.981589848418287,0.0213935712260798
Norm,Experiment2 Glyx160 #7 norm,,1.01310852802841,0.0322284695837816
Norm,Experiment2 Glyx160 #8 norm,,1.01127063449894,0.119410956585026
Norm,Experiment2 GLY276 #1 norm,,0.983804584748331,0.0104358685268234
Norm,Experiment2 GLY276 #2 norm,,0.958980521932032,0.0205240940263768
Norm,Experiment2 GLY276 #3 norm,,1.02882609082697,0.0181217799407412
Norm,Experiment2 GLY276 #4 norm,,1.01541678126862,0.0173256683187812
Norm,Experiment2 GLY276 #5 norm,,0.958299749057083,0.0348215543638728
Norm,Experiment2 GLY276 #6 norm,,1.03814724896856,0.080434965226594
Norm,Experiment2 GLY276 #7 norm,,1.00465142131816,0.134104546498494
Norm,Experiment2 GLY276 #8 norm,,1.0062384839332,0.262819348123378
Norm,Experiment2 HPA262 #1 norm,,0.970673974224194,0.0198464051794338
Norm,Experiment2 HPA262 #2 norm,,1.00194326390414,0.0247655172439527
Norm,Experiment2 HPA262 #3 norm,,0.965176122547492,0.0234309817454318
Norm,Experiment2 HPA262 #4 norm,,0.95267811461078,0.0293971804458374
Norm,Experiment2 HPA262 #5 norm,,0.922441995926141,0.0207016830850117
Norm,Experiment2 HPA262 #6 norm,,0.983042407870996,0.0284747160936637
Norm,Experiment2 HPA262 #7 norm,,0.970456409584495,0.0231485271051827
Norm,Experiment2 HPA262 #8 norm,,1.04192326065508,0.041826378536999
Norm,Experiment2 GA307 #1 norm,,1.01296751916057,0.011037798636177
Norm,Experiment2 GA307 #2 norm,,0.903950101718803,0.0306492237621814
Norm,Experiment2 GA307 #3 norm,,0.85042674031364,0.0205408805070145
Norm,Experiment2 GA307 #4 norm,,0.977302091669408,0.0259523407163215
Norm,Experiment2 GA307 #5 norm,,0.970069093264366,0.0689761856344733
Norm,Experiment2 GA307 #6 norm,,0.849910149794975,0.0928402349558224
Norm,Experiment2 GA307 #7 norm,,0.881576013408414,0.0691652115688188
Norm,Experiment2 GA307 #8 norm,,0.863244165000974,0.160232192466751
Norm,Experiment2 SER306 #1 norm,,1.01097615809223,0.0130338994920753
Norm,Experiment2 SER306 #2 norm,,0.971936344258125,0.0378961224845712
Norm,Experiment2 SER306 #3 norm,,0.984057499057076,0.019769068975988
Norm,Experiment2 SER306 #4 norm,,1.02435841934757,0.0261055416652524
Norm,Experiment2 SER306 #5 norm,,0.950333539196807,0.0518269257291696
Norm,Experiment2 SER306 #6 norm,,1.00999369726495,0.115326488467909
Norm,Experiment2 SER306 #7 norm,,0.985157765021111,0.106795029650194
Norm,Experiment2 SER306 #8 norm,,1.0478368089351,0.122090509612969
Norm,Experiment2 meTHF #1 norm,,1.0016300525545,0.00994785352608082
Norm,Experiment2 meTHF #2 norm,,0.987826747730899,0.0142657238505044
Norm,Experiment2 meTHF #3 norm,,0.948457236980012,0.0295254181090742
Norm,Experiment2 meTHF #4 norm,,1.02682293126354,0.0315263592735091
Norm,Experiment2 meTHF #5 norm,,1.13947684044543,0.0859467257009625
Norm,Experiment2 meTHF #6 norm,,1.04689958707629,0.133955274172631
Norm,Experiment2 meTHF #7 norm,,1.03243239721702,0.215993287383307
Norm,Experiment2 meTHF #8 norm,,1.01204618100559,0.0710052623644116
Norm,Experiment2 FmTHF #1 norm,,1.01272044032942,0.0100610755304187
Norm,Experiment2 FmTHF #2 norm,,0.979588516561297,0.0111683030085323
Norm,Experiment2 FmTHF #3 norm,,1.02633724487918,0.0103477256985665
Norm,Experiment2 FmTHF #4 norm,,1.00995848470459,0.0229036037003239
Norm,Experiment2 FmTHF #5 norm,,0.973097732749478,0.0393747307133744
Norm,Experiment2 FmTHF #6 norm,,0.941695076257108,0.0669929716980251
Norm,Experiment2 FmTHF #7 norm,,0.995732196797708,0.0931240638566966
Norm,Experiment2 FmTHF #8 norm,,0.98745540455174,0.080470491764249
Norm,Experiment2 Met176 #1 norm,,0.934206420897766,0.0219057918862256
Norm,Experiment2 Met176 #2 norm,,0.927093299790318,0.0349344533966955
Norm,Experiment2 Met176 #3 norm,,0.936684100466594,0.0351026350146484
Norm,Experiment2 Met176 #4 norm,,0.867035408316657,0.0845852632513036
Norm,Experiment2 Met176 #5 norm,,0.983637524129981,0.0652719861813566
Norm,Experiment2 Met176 #6 norm,,1.01167518499129,0.0351852252410573
Norm,Experiment2 Met176 #7 norm,,1.0026565646358,0.0625509009903666
Norm,Experiment2 Met176 #8 norm,,0.995984575047412,0.197536912389886
Norm,Experiment2 SAM #1 norm,,1.00601107577853,0.0144509980872136
Norm,Experiment2 SAM #2 norm,,0.964399323365578,0.0217398383593677
Norm,Experiment2 SAM #3 norm,,1.03535273366801,0.0348974784222322
Norm,Experiment2 SAM #4 norm,,0.955143276507228,0.0439942044937609
Norm,Experiment2 SAM #5 norm,,1.00576269742741,0.0260838555769019
Norm,Experiment2 SAM #6 norm,,1.00305081666676,0.0573373462470873
Norm,Experiment2 SAM #7 norm,,0.984833437698051,0.0715735551256596
Norm,Experiment2 SAM #8 norm,,1.00014630445967,0.0629983164014504
Norm,Experiment2 CIT465 #1 norm,,1.02477785035302,0.0132838432611931
Norm,Experiment2 CIT465 #2 norm,,0.998793896519769,0.0105326884303726
Norm,Experiment2 CIT465 #3 norm,,1.01216306931648,0.0131834891180886
Norm,Experiment2 CIT465 #4 norm,,0.999087182574259,0.0127639861646102
Norm,Experiment2 CIT465 #5 norm,,1.00325465897129,0.016028381370466
Norm,Experiment2 CIT465 #6 norm,,0.991782773260083,0.0115039465865747
Norm,Experiment2 CIT465 #7 norm,,1.00062450065385,0.0157058243490643
Norm,Experiment2 CIT465 #8 norm,,1.04654357997281,0.024060444990748
Norm,Experiment2 MAL335 #1 norm,,0.977218019060855,0.0113978859954207
Norm,Experiment2 MAL335 #2 norm,,0.995693371302187,0.013441865746436
Norm,Experiment2 MAL335 #3 norm,,0.983966077079792,0.0130432098200121
Norm,Experiment2 MAL335 #4 norm,,0.977669523417757,0.0117030946124469
Norm,Experiment2 MAL335 #5 norm,,1.02479196019689,0.0150723748807211
Norm,Experiment2 MAL335 #6 norm,,0.941340275355945,0.0144277678759883
Norm,Experiment2 MAL335 #7 norm,,1.00812439061468,0.0213677142770922
Norm,Experiment2 MAL335 #8 norm,,1.01377655247046,0.0432310003543648
Norm,Experiment2 ASP334 #1 norm,,1.00904223065244,0.0162396855072769
Norm,Experiment2 ASP334 #2 norm,,0.982825048679232,0.0232628632854989
Norm,Experiment2 ASP334 #3 norm,,0.935911794306182,0.0182000959671364
Norm,Experiment2 ASP334 #4 norm,,0.980922478193909,0.0239937322514128
Norm,Experiment2 ASP334 #5 norm,,1.01570396294949,0.0281448583690319
Norm,Experiment2 ASP334 #6 norm,,0.982467210142086,0.0606711133121015
Norm,Experiment2 ASP334 #7 norm,,0.973659716151632,0.0595810486909815
Norm,Experiment2 ASP334 #8 norm,,0.945570065313749,0.0369980223190079
Norm,Experiment2 GLU348 #1 norm,,0.99728978412216,0.0120494385754619
Norm,Experiment2 GLU348 #2 norm,,1.02495876589257,0.0126503859926061
Norm,Experiment2 GLU348 #3 norm,,1.03236523534319,0.0122510446560357
Norm,Experiment2 GLU348 #4 norm,,0.976143650271365,0.0149483678809178
Norm,Experiment2 GLU348 #5 norm,,0.999685962818963,0.0308030061390442
Norm,Experiment2 GLU348 #6 norm,,0.937469045454093,0.0145336471049881
Norm,Experiment2 GLU348 #7 norm,,0.973420832387897,0.0227618605637815
Norm,Experiment2 GLU348 #8 norm,,0.87355355763114,0.0494218739989745
Norm,Experiment2 THR320 #1 norm,,1.02258493776437,0.0103651430796247
Norm,Experiment2 THR320 #2 norm,,0.987192927873868,0.0116349001788238
Norm,Experiment2 THR320 #3 norm,,1.04630495644408,0.0108388990846441
Norm,Experiment2 THR320 #4 norm,,1.03328536695856,0.0115954322727838
Norm,Experiment2 THR320 #5 norm,,0.931946760753559,0.0191509333194593
Norm,Experiment2 THR320 #6 norm,,0.997266684781176,0.0107501362275686
Norm,Experiment2 THR320 #7 norm,,0.965259517499437,0.0168619253261741
Norm,Experiment2 THR320 #8 norm,,1.04540306763174,0.0486556287782197
Norm,Experiment2 ALA116 #1 norm,,1.01198903771984,0.00996598184641302
Norm,Experiment2 ALA116 #2 norm,,0.996719790613501,0.00996298868292038
Norm,Experiment2 ALA116 #3 norm,,1.00027309318305,0.0135352313409537
Norm,Experiment2 ALA116 #4 norm,,1.00939949041843,0.0272690395870448
Norm,Experiment2 ALA116 #5 norm,,1.03855823133135,0.0905154489746077
Norm,Experiment2 ALA116 #6 norm,,0.991067745258486,0.0727252095859773
Norm,Experiment2 ALA116 #7 norm,,1.01836583741177,0.0742870013207167
Norm,Experiment2 ALA116 #8 norm,,0.828852677309431,0.157810677962608
Norm,Experiment2 PYR #1 norm,,0.96962560838569,0.0123911487949938
Norm,Experiment2 PYR #2 norm,,0.903694291445067,0.0502868270057663
Norm,Experiment2 PYR #3 norm,,0.955761097345061,0.0590753940439313
Norm,Experiment2 PYR #4 norm,,1.02514333764623,0.0526220000268885
Norm,Experiment2 PYR #5 norm,,1.04985347351238,0.14062711542353
Norm,Experiment2 PYR #6 norm,,0.971970870566958,0.123574744616699
Norm,Experiment2 PYR #7 norm,,1.00806473944569,0.0738702401716459
Norm,Experiment2 PYR #8 norm,,0.95564002983633,0.119310841928105
