type,id,eqn,val,std
Net flux,CO2.t,CO2.t -> CO2,66.3240212040219,1.52048629056261
Net flux,CO2_sink,dummy -> Sink,66.3240212040218,1.52048629056261
Net flux,RUBICSO_CO2,RUBP.p + CO2 -> 3PGA.p + 3PGA.p + dummy,67.5577575735163,1.52984858589047
Net flux,GAPDH.p net,3PGA.p <-> TP.p,137.879386266883,3.08761292999735
Exch flux,GAPDH.p exch,3PGA.p <-> TP.p,45577.0838587725,1537.15715835959
Net flux,ALD,TP.p + E4P.p -> SBP,23.2724604462276,0.511183248229912
Net flux,SBP,SBP -> S7P.p,23.2724604462276,0.511183248229912
Net flux,FBA.p net,TP.p + TP.p <-> FBP.p,31.6146439132062,0.795626107460629
Exch flux,FBA.p exch,TP.p + TP.p <-> FBP.p,21832.9547569953,1458.37814431382
Net flux,PFK.p net,FBP.p <-> F6P.p,31.6146439132094,0.795626107460629
Exch flux,PFK.p exch,FBP.p <-> F6P.p,9.99963276626659e-08,5.27397905630015e-21
Net flux,TK1 net,TP.p + EC2 <-> X5P.p,46.5449208924551,1.02236649645982
Exch flux,TK1 exch,TP.p + EC2 <-> X5P.p,1.0000000116861e-07,0
Net flux,TK2 net,S7P.p <-> R5P.p + EC2,23.2724604462276,0.511183248229912
Exch flux,TK2 exch,S7P.p <-> R5P.p + EC2,37.7556119641612,3518.45174055722
Net flux,TK3 net,F6P.p <-> E4P.p + EC2,23.2724604462292,0.511183248229912
Exch flux,TK3 exch,F6P.p <-> E4P.p + EC2,8615.88589532171,3471.2344617663
Net flux,PPE net,X5P.p <-> RU5P.p,46.5449208924551,1.02236649645982
Exch flux,PPE exch,X5P.p <-> RU5P.p,56.6134272228589,3685.58030396768
Net flux,PPI net,R5P.p <-> RU5P.p,23.2724604462276,0.511183248229912
Exch flux,PPI exch,R5P.p <-> RU5P.p,242.39279792426,3824.83992535178
Net flux,PRK,RU5P.p -> RUBP.p,69.8173813386828,1.53354974468974
Net flux,RUBISCO_O2,RUBP.p -> 3PGA.p + 2PG.p,2.25962376516649,0.0849285681767322
Net flux,GLYdil net,GLY.p <-> GLY.x + dummyGLY,0.0123113468168086,0.00153615481518208
Exch flux,GLYdil exch,GLY.p <-> GLY.x + dummyGLY,1.0000000116861e-07,0
Net flux,SERdil net,SER.p <-> SER.x + dummySER,0.095700401807953,5015.52365724242
Exch flux,SERdil exch,SER.p <-> SER.x + dummySER,0.0421663669989272,5015.52365289051
Net flux,GK,GA.p -> 3PGA.p,1.01946332491156,0.266201265750454
Net flux,PGI.p net,F6P.p <-> G6P.p,8.34218346698138,0.405997198044041
Exch flux,PGI.p exch,F6P.p <-> G6P.p,1.42025143412624,3588.21687661204
Net flux,PGM.p,G6P.p -> ADPG.p,8.34218346698138,0.405997198044041
Net flux,Starch,ADPG.p -> Starch,8.34218346698136,0.405997198044041
Net flux,FBA.c net,TP.c + TP.c <-> FBP.c,2.41635855089045,0.301502417102525
Exch flux,FBA.c exch,TP.c + TP.c <-> FBP.c,20.7763047991267,1708.97679934718
Net flux,PFK.c net,FBP.c <-> F6P.c,2.41635855089047,0.301502417102525
Exch flux,PFK.c exch,FBP.c <-> F6P.c,5.54958994739236,9.23706918606198
Net flux,PGI.c net,F6P.c <-> G6P.c,1.20817927544527,0.150751208551263
Exch flux,PGI.c exch,F6P.c <-> G6P.c,217.649048304701,2948.60404328937
Net flux,PGM.c net,G6P.c <-> UDPG.c,1.20817927543976,0.150751208551263
Exch flux,PGM.c exch,G6P.c <-> UDPG.c,48479.3006814799,2948.6040394357
Net flux,SPS,F6P.c + UDPG.c -> S6P,1.20817927544519,0.150751208551263
Net flux,PGAM.c net,3PGA.c <-> PEP.c,0.515215970220462,0.0642863453725631
Exch flux,PGAM.c exch,3PGA.c <-> PEP.c,0.795342294133356,2948.60404013649
Net flux,PK.c,PEP.c -> PYR.c,0.233867262348135,0.029180911419926
Net flux,PDH,PYR.c + dummy -> ACA + CO2,0.194637681274304,0.0242860196991996
Net flux,CS,OAA + ACA -> CIT,0.1946376812743,0.0242860196991996
Net flux,ACO net,CIT <-> ICI,0.194637681274344,0.0242860196991996
Exch flux,ACO exch,CIT <-> ICI,1186.65321386708,2948.6040394357
Net flux,IDH,ICI + dummy -> AKG + CO2,0.194637681274316,0.0242860196991996
Net flux,MDH net,MAL <-> OAA,7.105427357601e-15,0
Exch flux,MDH exch,MAL <-> OAA,0.0371612847960563,0.089689516923044
Net flux,PPC,PEP.c + CO2 -> OAA + dummy,0.281348707872758,0.0351054339422758
Net flux,T_3PGA net,3PGA.p <-> 3PGA.c,0.515215970220439,0.0642863453725631
Exch flux,T_3PGA exch,3PGA.p <-> 3PGA.c,1.0000000116861e-07,0
Net flux,T_DHAP net,TP.p <-> TP.c,4.83271710178095,0.603004834205051
Exch flux,T_DHAP exch,TP.p <-> TP.c,2.04034894517154,1.25828737365071
Net flux,ALT,PYR.c -> ALA.c,0.039229581073685,0.00489489173807984
Net flux,ASPT,OAA -> ASP,0.0867110265987798,0.0108194142429586
Net flux,GLUDH,AKG -> GLU,0.194637681274293,0.0242860196991996
Net flux,PCR net,GLU <-> PRO,-2.48689957516035e-14,0
Exch flux,PCR exch,GLU <-> PRO,1.0000000116861e-07,0
Net flux,GS net,GLU <-> GLN,0,0
Exch flux,GS exch,GLU <-> GLN,1.00042242934251e-07,0
Net flux,TS net,ASP <-> THR,0,0
Exch flux,TS exch,ASP <-> THR,0.0251479607718181,2004.47088240271
Net flux,AS net,ASP <-> ASN,1.06581410364015e-14,0
Exch flux,AS exch,ASP <-> ASN,0.0225784418529145,2004.46927348336
Net flux,G_3PGA.p,0*3PGA.p -> 3PGA,2.46866312636485e-06,5067.79110408232
Net flux,G_3PGA.c,0*3PGA.c -> 3PGA,92.911908140103,3530.72636395934
Net flux,G_DHAP.p,0*TP.p -> TP,40.6853798422419,4429.89819947082
Net flux,G_DHAP.c,0*TP.c -> TP,51.8471856996948,3140.48963942611
Net flux,G_F6P.p,0*F6P.p -> F6P,48.6686345030749,4344.37563431119
Net flux,G_F6P.c,0*F6P.c -> F6P,36.546576817712,3067.8251229649
Net flux,G_FBP.p,0*FBP.p -> FBP,2.46866144948399e-06,4703.71468891244
Net flux,G_FBP.c,0*FBP.c -> FBP,83.451231048236,3196.19146042845
Net flux,G_G6P.p,0*G6P.p -> G6P,19.0549768397257,4801.25175264329
Net flux,G_G6P.c,0*G6P.c -> G6P,58.8549499993083,3296.08031978362
Net flux,G_RU5P.p,0*RU5P.p -> P5P,2.46865387154571e-06,5054.32349095081
Net flux,G_X5P.p,0*X5P.p -> P5P,92.8477691491549,3573.9884520508
Net flux,G_R5P.p,0*R5P.p -> R5P,82.2810779884949,3120.60179284198
Net flux,G_GA.p,0*GA.p -> GA,37.4149133756557,4.5912071240959
Net flux,G_SER.p,0*SER.p -> SER,85.7947043422048,3615.5343192558
Net flux,G_GLY.p,0*GLY.p -> GLY,1.0000000116861e-07,2.32092081171707e-13
Net flux,G_RUBP.p,0*RUBP.p -> RUBP,92.5302752673063,3246.8175486916
Net flux,G_S7P.p,0*S7P.p -> S7P,98.4567310636212,3310.76621479333
Net flux,G_2PG.p,0*2PG.p -> 2PG,87.0427532706349,3307.14615305417
Net flux,G_ADPG.p,0*ADPG.p -> ADPG,95.0805622183481,3515.1025686032
Net flux,G_PEP.c,0*PEP.c -> PEP,89.2305410445615,3685.43806230622
Net flux,G_UDPG.c,0*UDPG.c -> UDPG,72.4268033045549,3208.76345047603
Net flux,G_ALA.c,0*ALA.c -> ALA,69.9140619692901,5.52121086271907
Net flux,(1-G)_GA,0*GA.x -> GA,62.5850866243462,4.5912071240959
Net flux,(1-G)_SER,0*SER.x -> SER,14.2052947709527,5.83816522421567
Net flux,(1-G)_GLY,0*GLY.x -> GLY,61.8166044829334,6.77022340342059
Net flux,(1-G)_R5P,0*R5P.x -> R5P,17.718922011502,3120.60179284198
Net flux,(1-G)_RUBP,0*RUBP.x -> RUBP,7.46972473269241,3246.8175486916
Net flux,(1-G)_3PGA,0*3PGA.x -> 3PGA,7.08808939123413,3610.9440306978
Net flux,(1-G)_TP,0*TP.x -> TP,7.46743445806384,3380.64986569274
Net flux,(1-G)_F6P,0*F6P.x -> F6P,14.7847886792169,3095.94605289469
Net flux,(1-G)_FBP,0*FBP.x -> FBP,16.5487664830974,3349.33206266623
Net flux,(1-G)_G6P,0*G6P.x -> G6P,22.0900731609643,3451.06670708533
Net flux,(1-G)_RU5P,0*RU5P.x -> P5P,7.15222838219268,3538.32280097435
Net flux,(1-G)_S7P,0*S7P.x -> S7P,1.5432689363768,3310.76621479333
Net flux,(1-G)_2PG,0*2PG.x -> 2PG,12.9572467293675,3307.14615305417
Net flux,(1-G)_ADPG,0*ADPG.x -> ADPG,4.91943778165087,3515.1025686032
Net flux,(1-G)_PEP,0*PEP.x -> PEP,10.7694589554367,3685.43806230622
Net flux,(1-G)_UDPG,0*UDPG.x -> UDPG,27.5731966954463,3208.76345047603
Net flux,(1-G)_ALA,0*ALA.x -> ALA,30.0859380307097,5.52121086271907
Net flux,PGASink,3PGA -> Sink,100,0
Net flux,DHAPSink,TP -> Sink,100.000000000001,0
Net flux,F6PSink,F6P -> Sink,100.000000000004,0
Net flux,FBPSink,FBP -> Sink,99.9999999999948,0
Net flux,G6PSink,G6P -> Sink,99.9999999999983,0
Net flux,P5PSink,P5P -> Sink,100.000000000001,0
Net flux,R5PSink,R5P -> Sink,99.9999999999968,0
Net flux,GASink,GA -> Sink,100.000000000002,0
Net flux,SERSink,SER -> Sink,99.9999999999996,0
Net flux,GLYSink,GLY -> Sink,100.000000000001,0
Net flux,RUBPSink,RUBP -> Sink,99.9999999999987,0
Net flux,S7PSink,S7P -> Sink,99.9999999999979,0
Net flux,2PGSink,2PG -> Sink,100.000000000002,0
Net flux,ADPGSink,ADPG -> Sink,99.9999999999989,0
Net flux,PEPSink,PEP -> Sink,99.9999999999983,0
Net flux,UDPGSink,UDPG -> Sink,100.000000000001,0
Net flux,ALASink,ALA -> Sink,99.9999999999998,0
Net flux,S6Pout-LL,S6P + 0.1611*GLU + 0.07177*ASP + 0.03247*ALA.c + 0.01019*dummyGLY + 0.03484*dummySER -> Sink,1.20817927544523,0.150751208551263
Net flux,PGP.p,2PG.p -> Glyc.p,2.25962376516651,0.0849285681767322
Net flux,GOX,Glyc.p -> Glyx.p,2.25962376516652,0.0849285681767322
Net flux,GGT,Glyx.p -> GLY.p,2.25962376516651,0.0849285681767322
Net flux,SGAT,SER.p -> HPA.p,1.01946332491155,0.266201265750454
Net flux,HPR.p,HPA.p -> GA.p,1.01946332491155,0.266201265750454
Net flux,T_GLY-m net,GLY.p <-> GLY.m,0.469555232237326,3551.54265357739
Exch flux,T_GLY-m exch,GLY.p <-> GLY.m,35412.3784364375,3489.94499872368
Net flux,GDC.m,GLY.m + dummy -> myTHF.m + CO2,1.12580971481906,0.253726657742543
Net flux,T_SER-m net,SER.p <-> SER.m,-1.12580971481896,0.253726657742543
Exch flux,T_SER-m exch,SER.p <-> SER.m,721.754995088555,3382.93195008609
Net flux,mSHMT,GLY.m + myTHF.m -> SER.m,1.12580971481906,0.253726657742543
Net flux,T_SER-c net,SER.p <-> SER.c,0.0106459880995544,5015.52365239266
Exch flux,T_SER-c exch,SER.p <-> SER.c,0.00267300945050231,3350.23209460511
Net flux,T_Gly-c net,GLY.p <-> GLY.c,1.77775718612184,3551.542654374
Exch flux,T_Gly-c exch,GLY.p <-> GLY.c,0.00433452069097617,3551.54256133846
Net flux,cSHMT,SER.c -> GLY.c + meTHF.c,0.00430899164731935,0.501256896785549
Net flux,FmTHF-reductase net,meTHF.c <-> FmTHF.c,0.00430899164732068,0.501256896785549
Exch flux,FmTHF-reductase exch,meTHF.c <-> FmTHF.c,8.62939345365089,3555.03520365268
Net flux,Met-synthase,FmTHF.c + Hcy.c -> Met.c,0.0043089916472997,0.501256896785549
Net flux,SAM-synthase,Met.c -> SAM.c,0.00430899164730902,0.501256896785549
Net flux,Methylation,SAM.c -> SAH.c + Acceptor.c,0.00430899164730414,0.501256896785549
Net flux,hydrolysis,SAH.c -> Hcy.c,0.00430899164729637,0.501256896785549
Net flux,G_SER.m,0*SER.m -> SER,1.0000000116861e-07,0
Net flux,G_SER.c,0*SER.c -> SER,7.8684194448897e-07,3615.52960569771
Net flux,G_Gly.m,0*GLY.m -> GLY,1.0000000116861e-07,1.12664075668985e-13
Net flux,G_Gly.c,0*GLY.c -> GLY,38.1833953170678,6.77022340342059
Net flux,T_GLY-c-m,GLY.c -> GLY.m,1.78206419741029,3551.54259996303
Net flux,G_Glyc,0*Glyc.p -> Glyc,6.64091138980194,1.20812848107707
Net flux,G_Glyx,0*Glyx.p -> Glyx,99.3049439885054,3585.45060241299
Net flux,G_HPA,0*HPA.p -> HPA,6.91105544717922,2.15573888777008
Net flux,(1-G)_Glyc,0*Glyc.x -> Glyc,93.3590886101987,1.20812848107707
Net flux,(1-G)_Glyx,0*Glyx.x -> Glyx,0.695056011495474,3585.45060241299
Net flux,(1-G)_HPA,0*HPA.x -> HPA,93.0889445528207,2.15573888777008
Net flux,GlycSink,Glyc -> Sink,100.000000000001,0
Net flux,GlyxSink,Glyx -> Sink,100.000000000001,0
Net flux,HPASink,HPA -> Sink,99.9999999999998,0
Net flux,SERex,dummySER -> outSER,0.0536035624404669,5015.52365724509
Net flux,G_PYR,0*PYR.c -> PYR,40.0101245992845,2.95311292204057
Net flux,(1-G)_PYR,0*PYR.x -> PYR,59.9898754007157,2.95311292204057
Net flux,PYRSink,PYR -> Sink,100,0
Net flux,G_meTHF,0*meTHF.c -> meTHF,99.9999998999999,0
Net flux,G_FmTHF,0*FmTHF.c -> FmTHF,77.0141088249783,5.24675456216007
Net flux,G_Met,0*Met.c -> Met,54.8024696043426,5.16818204325571
Net flux,G_SAM,0*SAM.c -> SAM,56.6597159523384,5.13646863231344
Net flux,(1-G)_meTHF,0*meTHF.x -> meTHF,1.0000000116861e-07,0
Net flux,(1-G)_FmTHF,0*FmTHF.x -> FmTHF,22.9858911750218,5.24675456216007
Net flux,(1-G)_Met,0*Met.x -> Met,45.1975303956575,5.16818204325571
Net flux,(1-G)_SAM,0*SAM.x -> SAM,43.3402840476616,5.13646863231344
Net flux,meTHFSink,meTHF -> Sink,99.9999999999999,0
Net flux,FmTHFSink,FmTHF -> Sink,100,0
Net flux,MetSink,Met -> Sink,100,0
Net flux,SAMsink,SAM -> Sink,100,0
Net flux,Met-protein,Met.c -> Protein,6.51983996113883e-15,0
Net flux,GLY-protein,GLY.c -> Protein,1.98035889553694e-06,8.43291726229649e-13
Net flux,SER-protein,SER.c -> Protein,0.0063369964522364,5015.5236774446
Pool,2PG pool,,0,0
Pool,2PG.p pool,,2.42678755382766e-06,3483.03556721211
Pool,2PG.x pool,,1,Inf
Pool,3PGA pool,,0,0
Pool,3PGA.c pool,,0.0161402922674628,0.00466132979750451
Pool,3PGA.p pool,,4.00847395350398e-06,3480.93831120742
Pool,3PGA.x pool,,1,Inf
Pool,ACA pool,,2.20465014507792e-06,3323.62523527057
Pool,ADPG pool,,0,0
Pool,ADPG.p pool,,9.9999999999999e-08,Inf
Pool,ADPG.x pool,,1,Inf
Pool,AKG pool,,2.18971354756697e-06,3600.06053509711
Pool,ALA pool,,0,0
Pool,ALA.c pool,,0.00594708505652289,0.00163883461562423
Pool,ALA.x pool,,1,Inf
Pool,ASN pool,,7559.28700296978,3364.4775387901
Pool,ASP pool,,1.00000000000002e-07,0
Pool,Acceptor.c pool,,1,Inf
Pool,CIT pool,,2.90650228243189,0.855056712070646
Pool,CO2 pool,,7.64426764860274e-05,3625.0039575579
Pool,CO2.t pool,,1,Inf
Pool,E4P.p pool,,0,0
Pool,EC2 pool,,0,0
Pool,F6P pool,,0,0
Pool,F6P.c pool,,3.8298629559112e-06,3801.22458141404
Pool,F6P.p pool,,3.64461979266906e-06,3661.19839855158
Pool,F6P.x pool,,1,Inf
Pool,FBP pool,,0,0
Pool,FBP.c pool,,3.81758343536599e-06,3696.3804481229
Pool,FBP.p pool,,3.71948035500375e-06,3640.05815928595
Pool,FBP.x pool,,1,Inf
Pool,FmTHF pool,,4.12130279466143,2.26166631718407
Pool,FmTHF.c pool,,7.19453705005633e-07,3713.60603360753
Pool,FmTHF.x pool,,1,Inf
Pool,G6P pool,,0,0
Pool,G6P.c pool,,9.87600310274325e-06,3477.36311084586
Pool,G6P.p pool,,3.78855354503437e-06,3255.53713508075
Pool,G6P.x pool,,1,Inf
Pool,GA pool,,0,0
Pool,GA.p pool,,1.72580211347685e-06,3470.393925388
Pool,GA.x pool,,1,Inf
Pool,GLN pool,,8.83867754978078,3647.41816187851
Pool,GLU pool,,2.18974800802689e-06,3617.59443685535
Pool,GLY pool,,0,0
Pool,GLY.c pool,,0.30503100644098,0.116540663505645
Pool,GLY.m pool,,1.00000000002876e-07,0
Pool,GLY.p pool,,1.00000000000002e-07,0
Pool,GLY.x pool,,1,Inf
Pool,Glyc pool,,2.8939829186397,1.6781262865548
Pool,Glyc.p pool,,4.77610058559303e-06,3708.8186724475
Pool,Glyc.x pool,,1,Inf
Pool,Glyx pool,,607.856490848102,134.40939839826
Pool,Glyx.p pool,,5.29033013336693e-06,3620.60994480001
Pool,Glyx.x pool,,1,Inf
Pool,HPA pool,,0.000173667472627283,3483.04253260547
Pool,HPA.p pool,,1.47994484348977e-06,3501.38748495192
Pool,HPA.x pool,,1,Inf
Pool,Hcy.c pool,,1,Inf
Pool,ICI pool,,0.00419027758012363,3601.41072591171
Pool,MAL pool,,0.210916278604812,0.470264302942622
Pool,Met pool,,0.000821114628380488,3447.98422297319
Pool,Met.c pool,,1e-07,0
Pool,Met.x pool,,1,Inf
Pool,OAA pool,,0.130362935363083,0.0327176877074547
Pool,P5P pool,,0,0
Pool,PEP pool,,0,0
Pool,PEP.c pool,,0.000106734279295856,3693.68120125217
Pool,PEP.x pool,,1,Inf
Pool,PRO pool,,5.39499638360837,3700.21774750224
Pool,PYR pool,,1e-07,0
Pool,PYR.c pool,,0.00979811744624155,0.00358263184821706
Pool,PYR.x pool,,1,Inf
Pool,Protein pool,,1,Inf
Pool,R5P pool,,0,0
Pool,R5P.p pool,,2.32530027537667e-05,3532.84073303353
Pool,R5P.x pool,,1,Inf
Pool,RU5P.p pool,,3.66587785748815e-06,3687.1307597921
Pool,RU5P.x pool,,1,Inf
Pool,RUBP pool,,0,0
Pool,RUBP.p pool,,3.70091153261091e-06,3550.94081349129
Pool,RUBP.x pool,,1,Inf
Pool,S6P pool,,1,Inf
Pool,S7P pool,,0,0
Pool,S7P.p pool,,3.78389380668725e-06,3694.53443304998
Pool,S7P.x pool,,1,Inf
Pool,SAH.c pool,,1,Inf
Pool,SAM pool,,3.8517685225383,2.67500053780763
Pool,SAM.c pool,,3.30005629195622e-07,3871.21186605888
Pool,SAM.x pool,,1,Inf
Pool,SBP pool,,0,0
Pool,SER pool,,0,0
Pool,SER.c pool,,9.99999999889978e-08,0
Pool,SER.m pool,,0.373514756431127,0.104211826037082
Pool,SER.p pool,,0.000718900501245821,3448.70142126605
Pool,SER.x pool,,1,Inf
Pool,Sink pool,,1,Inf
Pool,Starch pool,,1,Inf
Pool,THR pool,,3454.13433777149,3403.89647724098
Pool,TP pool,,0,0
Pool,TP.c pool,,4.17583240021718e-06,3632.65493203102
Pool,TP.p pool,,4.13309641045371e-06,3646.69257818492
Pool,TP.x pool,,1,Inf
Pool,UDPG pool,,0,0
Pool,UDPG.c pool,,6785.67254243111,3463.56187849922
Pool,UDPG.x pool,,1,Inf
Pool,X5P.p pool,,3.77565934611169e-06,3485.25945579682
Pool,dummy pool,,1,Inf
Pool,dummyGLY pool,,1,Inf
Pool,dummySER pool,,1,Inf
Pool,meTHF pool,,0.00115538653584303,3738.23834504802
Pool,meTHF.c pool,,7.15842052950489e-07,3561.56881422613
Pool,meTHF.x pool,,1,Inf
Pool,myTHF.m pool,,3.88431095104902e-06,3715.44644748263
Pool,outSER pool,,1,Inf
Norm,Experiment2 Glyc205 #1 norm,,0.94532731438768,0.0359534412440333
Norm,Experiment2 Glyc205 #2 norm,,1.00105228171845,0.0176945750089602
Norm,Experiment2 Glyc205 #3 norm,,0.994874439956369,0.0236632309975876
Norm,Experiment2 Glyc205 #4 norm,,0.98876792253824,0.0208491429272043
Norm,Experiment2 Glyc205 #5 norm,,1.04149150000527,0.0256749693233983
Norm,Experiment2 Glyc205 #6 norm,,0.986487215231151,0.0247357874175624
Norm,Experiment2 Glyc205 #7 norm,,0.958839438330676,0.0315230628541411
Norm,Experiment2 Glyc205 #8 norm,,0.935323598168395,0.101931478454771
Norm,Experiment2 Glyx160 #1 norm,,1.02120476293152,0.0114899851075249
Norm,Experiment2 Glyx160 #2 norm,,0.992976876072321,0.011709865256165
Norm,Experiment2 Glyx160 #3 norm,,1.02890216551363,0.0126584671322466
Norm,Experiment2 Glyx160 #4 norm,,0.96342374809081,0.0158999270037121
Norm,Experiment2 Glyx160 #5 norm,,0.985116706458051,0.0144756631456331
Norm,Experiment2 Glyx160 #6 norm,,0.990566662054051,0.0205594992456287
Norm,Experiment2 Glyx160 #7 norm,,1.01914020459799,0.0308820618498469
Norm,Experiment2 Glyx160 #8 norm,,0.955124768598702,0.0962582863030865
Norm,Experiment2 GLY276 #1 norm,,0.996903658489507,0.0104577669576142
Norm,Experiment2 GLY276 #2 norm,,1.01932248587877,0.0213331034227316
Norm,Experiment2 GLY276 #3 norm,,0.988347356669904,0.0168898443539505
Norm,Experiment2 GLY276 #4 norm,,1.03107070826001,0.018361022995517
Norm,Experiment2 GLY276 #5 norm,,0.988137099987086,0.0384579583070483
Norm,Experiment2 GLY276 #6 norm,,1.04872749676621,0.0864927380773084
Norm,Experiment2 GLY276 #7 norm,,0.978580681204015,0.134532216950851
Norm,Experiment2 GLY276 #8 norm,,0.906862129297824,0.211400952430008
Norm,Experiment2 HPA262 #1 norm,,1.0210625273641,0.0210784214309931
Norm,Experiment2 HPA262 #2 norm,,0.990626656353838,0.0245781689146964
Norm,Experiment2 HPA262 #3 norm,,0.962518635317725,0.0228960069812568
Norm,Experiment2 HPA262 #4 norm,,0.995994933685825,0.0308683082624143
Norm,Experiment2 HPA262 #5 norm,,0.908008057343512,0.020398597964221
Norm,Experiment2 HPA262 #6 norm,,0.982028409240488,0.0292934707879485
Norm,Experiment2 HPA262 #7 norm,,1.02003480360535,0.0248333673289031
Norm,Experiment2 HPA262 #8 norm,,0.97915687758421,0.0404774409990544
Norm,Experiment2 GA307 #1 norm,,1.01067981054309,0.0111656161415577
Norm,Experiment2 GA307 #2 norm,,0.908803926759403,0.0277811075262095
Norm,Experiment2 GA307 #3 norm,,0.883178604147631,0.0218977245473797
Norm,Experiment2 GA307 #4 norm,,0.963853734028497,0.0258447264526914
Norm,Experiment2 GA307 #5 norm,,0.969689505416998,0.0679200088903371
Norm,Experiment2 GA307 #6 norm,,0.866760569495489,0.106334717048902
Norm,Experiment2 GA307 #7 norm,,0.890659399630291,0.0713941162490735
Norm,Experiment2 GA307 #8 norm,,1.10729607887476,0.160799475401683
Norm,Experiment2 SER306 #1 norm,,1.00004255113366,0.0126988462727486
Norm,Experiment2 SER306 #2 norm,,0.949380331067302,0.03496737665547
Norm,Experiment2 SER306 #3 norm,,1.00835934226927,0.0200052918165835
Norm,Experiment2 SER306 #4 norm,,1.00018626973061,0.0258479106247038
Norm,Experiment2 SER306 #5 norm,,0.999416047214161,0.0543762546380835
Norm,Experiment2 SER306 #6 norm,,1.05160497558219,0.158521293077791
Norm,Experiment2 SER306 #7 norm,,0.960335669139756,0.0861287572796928
Norm,Experiment2 SER306 #8 norm,,1.01175992350867,0.112478588391492
Norm,Experiment2 meTHF #1 norm,,0.990105772927821,0.0098979446790444
Norm,Experiment2 meTHF #2 norm,,1.00135633360343,0.0147974260128296
Norm,Experiment2 meTHF #3 norm,,0.972298454017152,0.0262576706069192
Norm,Experiment2 meTHF #4 norm,,1.0334636024908,0.0276197515658481
Norm,Experiment2 meTHF #5 norm,,1.06112436620118,0.0948503951424036
Norm,Experiment2 meTHF #6 norm,,0.978706718123864,0.176677621046155
Norm,Experiment2 meTHF #7 norm,,0.982648443107724,0.127997817295014
Norm,Experiment2 meTHF #8 norm,,1.0312289432413,0.0712277886264391
Norm,Experiment2 FmTHF #1 norm,,1.0117373365084,0.010195463930142
Norm,Experiment2 FmTHF #2 norm,,0.994773314942006,0.0118067545637807
Norm,Experiment2 FmTHF #3 norm,,1.01115983768505,0.0106813487106907
Norm,Experiment2 FmTHF #4 norm,,1.01123986664505,0.0227246029496491
Norm,Experiment2 FmTHF #5 norm,,0.958852595319489,0.0366111839428553
Norm,Experiment2 FmTHF #6 norm,,1.01625915953082,0.0788624979361261
Norm,Experiment2 FmTHF #7 norm,,1.01124210454916,0.132384270754805
Norm,Experiment2 FmTHF #8 norm,,1.00109048809617,0.0639280022213987
Norm,Experiment2 Met176 #1 norm,,1.01508081155317,0.0246823531562446
Norm,Experiment2 Met176 #2 norm,,0.952758316361823,0.0393488073820644
Norm,Experiment2 Met176 #3 norm,,0.928172950681488,0.0343051209202856
Norm,Experiment2 Met176 #4 norm,,0.932105698065307,0.0886837546503828
Norm,Experiment2 Met176 #5 norm,,0.973672230661326,0.0738677635416674
Norm,Experiment2 Met176 #6 norm,,1.00807193801499,0.0349532356386132
Norm,Experiment2 Met176 #7 norm,,0.984941602778237,0.0657618277869371
Norm,Experiment2 Met176 #8 norm,,1.02462418683861,0.187974329080567
Norm,Experiment2 SAM #1 norm,,0.999079012834063,0.0147879111889725
Norm,Experiment2 SAM #2 norm,,0.94359170208089,0.0208898310352479
Norm,Experiment2 SAM #3 norm,,0.976283821808508,0.032717129876418
Norm,Experiment2 SAM #4 norm,,0.922761337530915,0.041232821531767
Norm,Experiment2 SAM #5 norm,,1.0128326857042,0.0257135499755215
Norm,Experiment2 SAM #6 norm,,1.04990663275678,0.0659172762981906
Norm,Experiment2 SAM #7 norm,,0.95766354627814,0.0722034051197809
Norm,Experiment2 SAM #8 norm,,1.00373386303055,0.0799046706370107
Norm,Experiment2 CIT465 #1 norm,,1.02159090512726,0.0127933053906741
Norm,Experiment2 CIT465 #2 norm,,0.956313566995627,0.0102584444245537
Norm,Experiment2 CIT465 #3 norm,,1.03176799902987,0.0136749638100281
Norm,Experiment2 CIT465 #4 norm,,0.981838260552272,0.0126052514427348
Norm,Experiment2 CIT465 #5 norm,,0.993571508737937,0.0155732830203024
Norm,Experiment2 CIT465 #6 norm,,0.965907773672184,0.011296673213623
Norm,Experiment2 CIT465 #7 norm,,0.986599719166807,0.0149491017549941
Norm,Experiment2 CIT465 #8 norm,,0.990563526135031,0.0210547951357955
Norm,Experiment2 MAL335 #1 norm,,0.961850670370184,0.0113011188548007
Norm,Experiment2 MAL335 #2 norm,,0.971116787859491,0.01343680268915
Norm,Experiment2 MAL335 #3 norm,,0.975485226990303,0.0129486773360957
Norm,Experiment2 MAL335 #4 norm,,1.00463250968362,0.012363322990815
Norm,Experiment2 MAL335 #5 norm,,0.978167189554164,0.0145433024178092
Norm,Experiment2 MAL335 #6 norm,,0.970804881159041,0.0143996096655953
Norm,Experiment2 MAL335 #7 norm,,0.968081164234461,0.0199638377207182
Norm,Experiment2 MAL335 #8 norm,,1.01912187816951,0.0431484010418863
Norm,Experiment2 ASP334 #1 norm,,0.972732033884722,0.0156206255326794
Norm,Experiment2 ASP334 #2 norm,,0.924063512359292,0.0225754569473868
Norm,Experiment2 ASP334 #3 norm,,1.01519248160512,0.0194690003975333
Norm,Experiment2 ASP334 #4 norm,,0.935268900041122,0.0207964808611988
Norm,Experiment2 ASP334 #5 norm,,0.964609705780771,0.0260075611150601
Norm,Experiment2 ASP334 #6 norm,,0.941361434068376,0.0592066665263418
Norm,Experiment2 ASP334 #7 norm,,1.00982204368612,0.0624632348047385
Norm,Experiment2 ASP334 #8 norm,,0.927818399606886,0.0343727078625191
Norm,Experiment2 GLU348 #1 norm,,0.970085919460758,0.0113598123346249
Norm,Experiment2 GLU348 #2 norm,,0.961164202327548,0.0118447697396894
Norm,Experiment2 GLU348 #3 norm,,1.01345604465492,0.0121370060530112
Norm,Experiment2 GLU348 #4 norm,,0.983712099898389,0.0153945049739027
Norm,Experiment2 GLU348 #5 norm,,0.958617369554834,0.0284463061443671
Norm,Experiment2 GLU348 #6 norm,,1.00833354871275,0.0155622747875263
Norm,Experiment2 GLU348 #7 norm,,0.951227629174394,0.0228039716249184
Norm,Experiment2 GLU348 #8 norm,,0.945573717032795,0.0535935544722069
Norm,Experiment2 THR320 #1 norm,,1.07495881159435,0.0112186381628162
Norm,Experiment2 THR320 #2 norm,,0.984533182360863,0.0116195019128063
Norm,Experiment2 THR320 #3 norm,,0.995616946220807,0.0102414317418912
Norm,Experiment2 THR320 #4 norm,,1.0198899616266,0.0113822491247347
Norm,Experiment2 THR320 #5 norm,,1.0121874220779,0.0214688496844586
Norm,Experiment2 THR320 #6 norm,,0.974558796521139,0.010575165493512
Norm,Experiment2 THR320 #7 norm,,1.0195940769452,0.014489183934648
Norm,Experiment2 THR320 #8 norm,,0.9460614288851,0.0354924873300006
Norm,Experiment2 ALA116 #1 norm,,1.0033183133033,0.0101704412678734
Norm,Experiment2 ALA116 #2 norm,,1.02223940762977,0.0104411955370956
Norm,Experiment2 ALA116 #3 norm,,1.00388444620356,0.0107371663770578
Norm,Experiment2 ALA116 #4 norm,,1.01167655412252,0.0256993132958469
Norm,Experiment2 ALA116 #5 norm,,1.02228605630408,0.0768952111003127
Norm,Experiment2 ALA116 #6 norm,,1.01040741639251,0.0704309546935405
Norm,Experiment2 ALA116 #7 norm,,1.0050321107559,0.0756270234269177
Norm,Experiment2 ALA116 #8 norm,,0.890444031968522,0.175476693188948
Norm,Experiment2 PYR #1 norm,,1.0030591804599,0.0127780384107508
Norm,Experiment2 PYR #2 norm,,0.925408012280552,0.0485958993048504
Norm,Experiment2 PYR #3 norm,,0.897919072580341,0.053437246353784
Norm,Experiment2 PYR #4 norm,,0.973468874783226,0.0473674204385166
Norm,Experiment2 PYR #5 norm,,1.01170826817613,0.12654096555728
Norm,Experiment2 PYR #6 norm,,1.00352029360091,0.126557916017935
Norm,Experiment2 PYR #7 norm,,1.00488910919539,0.0727015187971441
Norm,Experiment2 PYR #8 norm,,0.961975594564813,0.133553548761172
