type,id,eqn,val,std
Net flux,CO2.t,CO2.t -> CO2,64.8612576570533,1.51907430252389
Net flux,CO2_sink,dummy -> Sink,64.8612576570533,1.51907430252389
Net flux,RUBICSO_CO2,RUBP.p + CO2 -> 3PGA.p + 3PGA.p + dummy,66.1246602129393,1.52023684222167
Net flux,GAPDH.p net,3PGA.p <-> TP.p,134.860801370574,3.02899039118848
Exch flux,GAPDH.p exch,3PGA.p <-> TP.p,42001.8186668153,4197.53047437474
Net flux,ALD,TP.p + E4P.p -> SBP,22.7905783579587,0.507923938881383
Net flux,SBP,SBP -> S7P.p,22.7905783579587,0.507923938881383
Net flux,FBA.p net,TP.p + TP.p <-> FBP.p,30.0035280413431,0.783350970617286
Exch flux,FBA.p exch,TP.p + TP.p <-> FBP.p,24620.1612465558,1913.36070755148
Net flux,PFK.p net,FBP.p <-> F6P.p,30.0035280413462,0.783350970617286
Exch flux,PFK.p exch,FBP.p <-> F6P.p,1.00005991043872e-07,2.30487207114273e-13
Net flux,TK1 net,TP.p + EC2 <-> X5P.p,45.5811567159174,1.01584787776277
Exch flux,TK1 exch,TP.p + EC2 <-> X5P.p,9.99999940631824e-08,0
Net flux,TK2 net,S7P.p <-> R5P.p + EC2,22.7905783579587,0.507923938881383
Exch flux,TK2 exch,S7P.p <-> R5P.p + EC2,38.0498144755627,6624.3705762857
Net flux,TK3 net,F6P.p <-> E4P.p + EC2,22.7905783579608,0.507923938881383
Exch flux,TK3 exch,F6P.p <-> E4P.p + EC2,10755.0091115553,7437.50661334125
Net flux,PPE net,X5P.p <-> RU5P.p,45.5811567159174,1.01584787776277
Exch flux,PPE exch,X5P.p <-> RU5P.p,75.0123992093158,6803.97033496459
Net flux,PPI net,R5P.p <-> RU5P.p,22.7905783579588,0.507923938881383
Exch flux,PPI exch,R5P.p <-> RU5P.p,241.024425950763,7599.26208928452
Net flux,PRK,RU5P.p -> RUBP.p,68.3717350738763,1.52377181668587
Net flux,RUBISCO_O2,RUBP.p -> 3PGA.p + 2PG.p,2.24707486093701,0.0848342774125904
Net flux,GLYdil net,GLY.p <-> GLY.x + dummyGLY,0.0165129210202011,0.00172677776497426
Exch flux,GLYdil exch,GLY.p <-> GLY.x + dummyGLY,1.0000000116861e-07,1.02974048858072e-13
Net flux,SERdil net,SER.p <-> SER.x + dummySER,0.0564636042605997,0.00590446255042429
Exch flux,SERdil exch,SER.p <-> SER.x + dummySER,1.00036807282322e-07,1.16555552065667e-12
Net flux,GK,GA.p -> 3PGA.p,1.05545319267484,0.152042744361092
Net flux,PGI.p net,F6P.p <-> G6P.p,7.21294968338655,0.41551018006393
Exch flux,PGI.p exch,F6P.p <-> G6P.p,2.75870084142278,7327.82437343746
Net flux,PGM.p,G6P.p -> ADPG.p,7.21294968338655,0.41551018006393
Net flux,Starch,ADPG.p -> Starch,7.21294968338653,0.41551018006393
Net flux,FBA.c net,TP.c + TP.c <-> FBP.c,3.24100510700374,0.338916146090861
Exch flux,FBA.c exch,TP.c + TP.c <-> FBP.c,20.8001439146284,6739.208845109
Net flux,PFK.c net,FBP.c <-> F6P.c,3.24100510700376,0.338916146090861
Exch flux,PFK.c exch,FBP.c <-> F6P.c,5.27957026937557,14.3072625815608
Net flux,PGI.c net,F6P.c <-> G6P.c,1.62050255350189,0.169458073045431
Exch flux,PGI.c exch,F6P.c <-> G6P.c,226.647777391682,3682.9170548816
Net flux,PGM.c net,G6P.c <-> UDPG.c,1.62050255350186,0.169458073045431
Exch flux,PGM.c exch,G6P.c <-> UDPG.c,48481.4164853543,1320.23082496099
Net flux,SPS,F6P.c + UDPG.c -> S6P,1.62050255350184,0.169458073045431
Net flux,PGAM.c net,3PGA.c <-> PEP.c,0.691047108916147,0.0722637006951889
Exch flux,PGAM.c exch,3PGA.c <-> PEP.c,3.57660018723371,7195.43316641468
Net flux,PK.c,PEP.c -> PYR.c,0.313680679280801,0.0328019992072439
Net flux,PDH,PYR.c + dummy -> ACA + CO2,0.261062961368867,0.0272996955771363
Net flux,CS,OAA + ACA -> CIT,0.261062961368863,0.0272996955771363
Net flux,ACO net,CIT <-> ICI,0.261062961368893,0.0272996955771363
Exch flux,ACO exch,CIT <-> ICI,103.844847756642,7157.53996058487
Net flux,IDH,ICI + dummy -> AKG + CO2,0.26106296136888,0.0272996955771363
Net flux,MDH net,MAL <-> OAA,7.105427357601e-15,0
Exch flux,MDH exch,MAL <-> OAA,0.316482308808915,0.0631066069117814
Net flux,PPC,PEP.c + CO2 -> OAA + dummy,0.377366429633503,0.039461701477138
Net flux,T_3PGA net,3PGA.p <-> 3PGA.c,0.691047108916127,0.0722637006951889
Exch flux,T_3PGA exch,3PGA.p <-> 3PGA.c,3.9141675830157,2.15655986320092
Net flux,T_DHAP net,TP.p <-> TP.c,6.48201021400753,0.677832292181723
Exch flux,T_DHAP exch,TP.p <-> TP.c,2.35558110267027,2.61678749669807
Net flux,ALT,PYR.c -> ALA.c,0.0526177179122992,0.00550230363303506
Net flux,ASPT,OAA -> ASP,0.116303468264962,0.0121620059073743
Net flux,GLUDH,AKG -> GLU,0.261062961368856,0.0272996955771363
Net flux,PCR net,GLU <-> PRO,-2.48689957516035e-14,0
Exch flux,PCR exch,GLU <-> PRO,1.0000000116861e-07,0
Net flux,GS net,GLU <-> GLN,0,0
Exch flux,GS exch,GLU <-> GLN,1.000425413622e-07,0
Net flux,TS net,ASP <-> THR,0,0
Exch flux,TS exch,ASP <-> THR,1.0000000116861e-07,0
Net flux,AS net,ASP <-> ASN,1.06581410364015e-14,0
Exch flux,AS exch,ASP <-> ASN,1.0000000116861e-07,0
Net flux,G_3PGA.p,0*3PGA.p -> 3PGA,2.46866315478655e-06,9794.39883834738
Net flux,G_3PGA.c,0*3PGA.c -> 3PGA,92.9119081388666,6400.50913915168
Net flux,G_DHAP.p,0*TP.p -> TP,40.6853798422419,9825.23925265957
Net flux,G_DHAP.c,0*TP.c -> TP,51.8471856996948,6687.38629342485
Net flux,G_F6P.p,0*F6P.p -> F6P,48.6686345030749,10045.4014010551
Net flux,G_F6P.c,0*F6P.c -> F6P,36.546576817712,7647.44769050545
Net flux,G_FBP.p,0*FBP.p -> FBP,2.46866146369484e-06,9541.64612033592
Net flux,G_FBP.c,0*FBP.c -> FBP,83.451231051164,7040.0017464942
Net flux,G_G6P.p,0*G6P.p -> G6P,19.0549768397257,9942.33711170376
Net flux,G_G6P.c,0*G6P.c -> G6P,58.8549499993083,6936.89349172376
Net flux,G_RU5P.p,0*RU5P.p -> P5P,2.46865387865114e-06,10013.1156867061
Net flux,G_X5P.p,0*X5P.p -> P5P,92.8477691491036,6954.39444539233
Net flux,G_R5P.p,0*R5P.p -> R5P,82.2810779884949,7042.19014655177
Net flux,G_GA.p,0*GA.p -> GA,37.7778293118751,4.99306988374411
Net flux,G_SER.p,0*SER.p -> SER,79.6259642725751,7080.82896458079
Net flux,G_GLY.p,0*GLY.p -> GLY,1.00000022484892e-07,1.15650405754705e-12
Net flux,G_RUBP.p,0*RUBP.p -> RUBP,92.5302752673063,7179.26971031412
Net flux,G_S7P.p,0*S7P.p -> S7P,98.4567310636212,7018.71914115508
Net flux,G_2PG.p,0*2PG.p -> 2PG,87.0427532706349,6941.49108882196
Net flux,G_ADPG.p,0*ADPG.p -> ADPG,95.0805622183481,7181.93606877638
Net flux,G_PEP.c,0*PEP.c -> PEP,89.2305410445615,7211.12138989992
Net flux,G_UDPG.c,0*UDPG.c -> UDPG,72.4268033045549,6866.90901070164
Net flux,G_ALA.c,0*ALA.c -> ALA,80.3102145749764,8.00288126740337
Net flux,(1-G)_GA,0*GA.x -> GA,62.2221706881269,4.99306988374411
Net flux,(1-G)_SER,0*SER.x -> SER,20.3740278635259,4.98795907840599
Net flux,(1-G)_GLY,0*GLY.x -> GLY,59.639456223041,7.48813833199559
Net flux,(1-G)_R5P,0*R5P.x -> R5P,17.718922011502,7042.19014655177
Net flux,(1-G)_RUBP,0*RUBP.x -> RUBP,7.46972473269241,7179.26971031412
Net flux,(1-G)_3PGA,0*3PGA.x -> 3PGA,7.08808939247056,7163.43234469544
Net flux,(1-G)_TP,0*TP.x -> TP,7.46743445806384,7247.11966992587
Net flux,(1-G)_F6P,0*F6P.x -> F6P,14.7847886792169,6887.36223909845
Net flux,(1-G)_FBP,0*FBP.x -> FBP,16.5487664801694,6508.06194284321
Net flux,(1-G)_G6P,0*G6P.x -> G6P,22.0900731609643,7631.80687368641
Net flux,(1-G)_RU5P,0*RU5P.x -> P5P,7.15222838224392,7081.79445002466
Net flux,(1-G)_S7P,0*S7P.x -> S7P,1.5432689363768,7018.71914115508
Net flux,(1-G)_2PG,0*2PG.x -> 2PG,12.9572467293675,6941.49108882196
Net flux,(1-G)_ADPG,0*ADPG.x -> ADPG,4.91943778165087,7181.93606877638
Net flux,(1-G)_PEP,0*PEP.x -> PEP,10.7694589554367,7211.12138989992
Net flux,(1-G)_UDPG,0*UDPG.x -> UDPG,27.5731966954463,6866.90901070164
Net flux,(1-G)_ALA,0*ALA.x -> ALA,19.6897854250234,8.00288126740337
Net flux,PGASink,3PGA -> Sink,100,0
Net flux,DHAPSink,TP -> Sink,100.000000000001,0
Net flux,F6PSink,F6P -> Sink,100.000000000004,0
Net flux,FBPSink,FBP -> Sink,99.9999999999948,0
Net flux,G6PSink,G6P -> Sink,99.9999999999983,0
Net flux,P5PSink,P5P -> Sink,100.000000000001,0
Net flux,R5PSink,R5P -> Sink,99.9999999999968,0
Net flux,GASink,GA -> Sink,100.000000000002,0
Net flux,SERSink,SER -> Sink,99.9999999999996,0
Net flux,GLYSink,GLY -> Sink,100.000000000001,0
Net flux,RUBPSink,RUBP -> Sink,99.9999999999987,0
Net flux,S7PSink,S7P -> Sink,99.9999999999979,0
Net flux,2PGSink,2PG -> Sink,100.000000000002,0
Net flux,ADPGSink,ADPG -> Sink,99.9999999999989,0
Net flux,PEPSink,PEP -> Sink,99.9999999999983,0
Net flux,UDPGSink,UDPG -> Sink,100.000000000001,0
Net flux,ALASink,ALA -> Sink,99.9999999999998,0
Net flux,S6Pout-LL,S6P + 0.1611*GLU + 0.07177*ASP + 0.03247*ALA.c + 0.01019*dummyGLY + 0.03484*dummySER -> Sink,1.62050255350188,0.169458073045431
Net flux,PGP.p,2PG.p -> Glyc.p,2.24707486093703,0.0848342774125904
Net flux,GOX,Glyc.p -> Glyx.p,2.24707486093704,0.0848342774125904
Net flux,GGT,Glyx.p -> GLY.p,2.24707486093703,0.0848342774125904
Net flux,SGAT,SER.p -> HPA.p,1.05545319267482,0.152042744361092
Net flux,HPR.p,HPA.p -> GA.p,1.05545319267482,0.152042744361092
Net flux,T_GLY-m net,GLY.p <-> GLY.m,1.06985384622749,6838.32134528677
Exch flux,T_GLY-m exch,GLY.p <-> GLY.m,25710.2373728353,7181.33707519447
Net flux,GDC.m,GLY.m + dummy -> myTHF.m + CO2,1.11864306278162,0.152898808274025
Net flux,T_SER-m net,SER.p <-> SER.m,-1.11864306278153,0.152898808274025
Exch flux,T_SER-m exch,SER.p <-> SER.m,711.301961742055,6946.2690385755
Net flux,mSHMT,GLY.m + myTHF.m -> SER.m,1.11864306278162,0.152898808274025
Net flux,T_SER-c net,SER.p <-> SER.c,0.00672626584617486,0.293123254121358
Exch flux,T_SER-c exch,SER.p <-> SER.c,0.18655328659701,4083.93758524833
Net flux,T_Gly-c net,GLY.p <-> GLY.c,1.1607080936843,6838.32134537977
Exch flux,T_Gly-c exch,GLY.p <-> GLY.c,0.0662823347410271,6838.3213323418
Net flux,cSHMT,SER.c -> GLY.c + meTHF.c,0.00672616584612029,0.29312325335833
Net flux,FmTHF-reductase net,meTHF.c <-> FmTHF.c,0.00672616584612129,0.29312325335833
Exch flux,FmTHF-reductase exch,meTHF.c <-> FmTHF.c,8.56669135287604,7005.36855156858
Net flux,Met-synthase,FmTHF.c + Hcy.c -> Met.c,0.00672616584610064,0.29312325335833
Net flux,SAM-synthase,Met.c -> SAM.c,0.00672616584610997,0.29312325335833
Net flux,Methylation,SAM.c -> SAH.c + Acceptor.c,0.00672616584610508,0.29312325335833
Net flux,hydrolysis,SAH.c -> Hcy.c,0.00672616584609731,0.29312325335833
Net flux,G_SER.m,0*SER.m -> SER,1.0000000116861e-07,0
Net flux,G_SER.c,0*SER.c -> SER,7.7638985089834e-06,7080.82720699094
Net flux,G_Gly.m,0*GLY.m -> GLY,1.0000000116861e-07,0
Net flux,G_Gly.c,0*GLY.c -> GLY,40.3605435769602,7.48813833199559
Net flux,T_GLY-c-m,GLY.c -> GLY.m,1.16743227933073,6838.32134050473
Net flux,G_Glyc,0*Glyc.p -> Glyc,9.17047933447327,1.16429318660336
Net flux,G_Glyx,0*Glyx.p -> Glyx,2.94381086026353,0.631618742011774
Net flux,G_HPA,0*HPA.p -> HPA,4.87251293379336,2.05652438582224
Net flux,(1-G)_Glyc,0*Glyc.x -> Glyc,90.8295206655274,1.16429318660336
Net flux,(1-G)_Glyx,0*Glyx.x -> Glyx,97.0561891397373,0.631618742011774
Net flux,(1-G)_HPA,0*HPA.x -> HPA,95.1274870662065,2.05652438582224
Net flux,GlycSink,Glyc -> Sink,100.000000000001,0
Net flux,GlyxSink,Glyx -> Sink,100.000000000001,0
Net flux,HPASink,HPA -> Sink,99.9999999999998,0
Net flux,SERex,dummySER -> outSER,9.99630294096221e-08,2.11236076080111e-12
Net flux,G_PYR,0*PYR.c -> PYR,36.6254197440106,2.75605130747736
Net flux,(1-G)_PYR,0*PYR.x -> PYR,63.3745802559897,2.75605130747736
Net flux,PYRSink,PYR -> Sink,100,0
Net flux,G_meTHF,0*meTHF.c -> meTHF,99.9999998999999,0
Net flux,G_FmTHF,0*FmTHF.c -> FmTHF,77.8227422471221,5.43916221688838
Net flux,G_Met,0*Met.c -> Met,57.2042524559611,4.91668601322221
Net flux,G_SAM,0*SAM.c -> SAM,53.5935838960965,3.91371003491108
Net flux,(1-G)_meTHF,0*meTHF.x -> meTHF,1.0000000116861e-07,0
Net flux,(1-G)_FmTHF,0*FmTHF.x -> FmTHF,22.177257752878,5.43916221688838
Net flux,(1-G)_Met,0*Met.x -> Met,42.795747544039,4.91668601322221
Net flux,(1-G)_SAM,0*SAM.x -> SAM,46.4064161039035,3.91371003491108
Net flux,meTHFSink,meTHF -> Sink,99.9999999999999,0
Net flux,FmTHFSink,FmTHF -> Sink,100,0
Net flux,MetSink,Met -> Sink,100,0
Net flux,SAMsink,SAM -> Sink,100,0
Net flux,Met-protein,Met.c -> Protein,6.51983996113883e-15,0
Net flux,GLY-protein,GLY.c -> Protein,1.98019972330599e-06,7.86733487553133e-13
Net flux,SER-protein,SER.c -> Protein,1.0000005712385e-07,1.27624769406124e-12
Pool,2PG pool,,0,0
Pool,2PG.p pool,,1.95158549111627e-06,6811.90203899898
Pool,2PG.x pool,,1,Inf
Pool,3PGA pool,,0,0
Pool,3PGA.c pool,,0.193072924339234,0.0863232983268921
Pool,3PGA.p pool,,4.03210993115192e-06,6715.65492030336
Pool,3PGA.x pool,,1,Inf
Pool,ACA pool,,1.17079749821593e-06,7117.27961485284
Pool,ADPG pool,,0,0
Pool,ADPG.p pool,,9.9999999999999e-08,Inf
Pool,ADPG.x pool,,1,Inf
Pool,AKG pool,,9.09102965838426e-07,7261.05391515456
Pool,ALA pool,,0,0
Pool,ALA.c pool,,0.012702885336152,0.00312191025334133
Pool,ALA.x pool,,1,Inf
Pool,ASN pool,,7566.0681937395,7227.41151884896
Pool,ASP pool,,0.0457224297885202,0.00929805641141809
Pool,Acceptor.c pool,,1,Inf
Pool,CIT pool,,0.00245532685749723,6937.35014510207
Pool,CO2 pool,,0.000203041149050082,7196.60251950105
Pool,CO2.t pool,,1,Inf
Pool,E4P.p pool,,0,0
Pool,EC2 pool,,0,0
Pool,F6P pool,,0,0
Pool,F6P.c pool,,3.82993792019049e-06,7222.12852355382
Pool,F6P.p pool,,3.87643054058276e-06,6689.81249246885
Pool,F6P.x pool,,1,Inf
Pool,FBP pool,,0,0
Pool,FBP.c pool,,3.82688252667655e-06,7106.09145455508
Pool,FBP.p pool,,3.78945034965614e-06,7215.12399168314
Pool,FBP.x pool,,1,Inf
Pool,FmTHF pool,,6.47786121048829,3.18796570228153
Pool,FmTHF.c pool,,1e-07,0
Pool,FmTHF.x pool,,1,Inf
Pool,G6P pool,,0,0
Pool,G6P.c pool,,9.87564210538202e-06,6986.19669688821
Pool,G6P.p pool,,3.83117013594914e-06,7068.68726103738
Pool,G6P.x pool,,1,Inf
Pool,GA pool,,0,0
Pool,GA.p pool,,1.93689937372452e-06,7136.21843083486
Pool,GA.x pool,,1,Inf
Pool,GLN pool,,8.83867754853111,6990.5294745445
Pool,GLU pool,,9.09438657572258e-07,7252.93574146108
Pool,GLY pool,,0,0
Pool,GLY.c pool,,0.309725899370069,0.107745399684834
Pool,GLY.m pool,,1.00000000002876e-07,0
Pool,GLY.p pool,,1.40509633552443e-05,7202.5032813079
Pool,GLY.x pool,,1,Inf
Pool,Glyc pool,,2.90125023864276,1.29354761754275
Pool,Glyc.p pool,,3.28818807313194e-06,7226.61529991616
Pool,Glyc.x pool,,1,Inf
Pool,Glyx pool,,0.33834226274812,7212.4990404111
Pool,Glyx.p pool,,4.37859944900834e-06,6913.75902428952
Pool,Glyx.x pool,,1,Inf
Pool,HPA pool,,0.000184992366242405,7075.78725673707
Pool,HPA.p pool,,1.73118998335776e-06,6915.23766904268
Pool,HPA.x pool,,1,Inf
Pool,Hcy.c pool,,1,Inf
Pool,ICI pool,,5.06896444144469,1.91875735233727
Pool,MAL pool,,1.32613386198723,0.278040884726271
Pool,Met pool,,0.000332026778922251,7159.38217731389
Pool,Met.c pool,,1e-07,0
Pool,Met.x pool,,1,Inf
Pool,OAA pool,,2.00885122140536e-07,7468.81707011609
Pool,P5P pool,,0,0
Pool,PEP pool,,0,0
Pool,PEP.c pool,,1.22764957242176e-05,7155.5835476726
Pool,PEP.x pool,,1,Inf
Pool,PRO pool,,5.39499638235977,7210.28220179212
Pool,PYR pool,,0.00043535043013987,6901.30589320177
Pool,PYR.c pool,,0.0048164093425423,0.00279505618831721
Pool,PYR.x pool,,1,Inf
Pool,Protein pool,,1,Inf
Pool,R5P pool,,0,0
Pool,R5P.p pool,,3.36108182246219e-05,7316.59699947459
Pool,R5P.x pool,,1,Inf
Pool,RU5P.p pool,,3.81194387794812e-06,7197.6592587328
Pool,RU5P.x pool,,1,Inf
Pool,RUBP pool,,0,0
Pool,RUBP.p pool,,3.80137127947829e-06,6971.90839497718
Pool,RUBP.x pool,,1,Inf
Pool,S6P pool,,1,Inf
Pool,S7P pool,,0,0
Pool,S7P.p pool,,3.96941193922687e-06,6966.50597858775
Pool,S7P.x pool,,1,Inf
Pool,SAH.c pool,,1,Inf
Pool,SAM pool,,0.0018240727058499,7062.01872923385
Pool,SAM.c pool,,8.52896441797032e-07,7197.83889973028
Pool,SAM.x pool,,1,Inf
Pool,SBP pool,,0,0
Pool,SER pool,,0,0
Pool,SER.c pool,,1.00000000002876e-07,0
Pool,SER.m pool,,0.386721560315146,0.0785167220138334
Pool,SER.p pool,,0.000602556408486661,7223.70756415262
Pool,SER.x pool,,1,Inf
Pool,Sink pool,,1,Inf
Pool,Starch pool,,1,Inf
Pool,THR pool,,3889.78033963152,7146.01896959387
Pool,TP pool,,0,0
Pool,TP.c pool,,4.18436164353687e-06,6659.88450215182
Pool,TP.p pool,,4.17595968340507e-06,6847.67503976725
Pool,TP.x pool,,1,Inf
Pool,UDPG pool,,0,0
Pool,UDPG.c pool,,3.46408674084319,5.53218284310545
Pool,UDPG.x pool,,1,Inf
Pool,X5P.p pool,,3.92417143710422e-06,6929.55154699703
Pool,dummy pool,,1,Inf
Pool,dummyGLY pool,,1,Inf
Pool,dummySER pool,,1,Inf
Pool,meTHF pool,,0.00042742826922254,7145.07143521988
Pool,meTHF.c pool,,1e-07,0
Pool,meTHF.x pool,,1,Inf
Pool,myTHF.m pool,,1.00000000000273e-07,0
Pool,outSER pool,,1,Inf
Norm,Experiment2 Glyc205 #1 norm,,0.961852333926737,0.0357655815868784
Norm,Experiment2 Glyc205 #2 norm,,0.975605407813386,0.0170265161013403
Norm,Experiment2 Glyc205 #3 norm,,0.991575892482639,0.0240218386821
Norm,Experiment2 Glyc205 #4 norm,,1.00632525068575,0.0212129827093688
Norm,Experiment2 Glyc205 #5 norm,,1.02035790003158,0.0242641177930813
Norm,Experiment2 Glyc205 #6 norm,,0.965220049493321,0.0251886445216101
Norm,Experiment2 Glyc205 #7 norm,,0.964647637662162,0.0298054791472327
Norm,Experiment2 Glyc205 #8 norm,,0.785405071046959,0.098349735702511
Norm,Experiment2 Glyx160 #1 norm,,1.02194265123488,0.0116974769211867
Norm,Experiment2 Glyx160 #2 norm,,0.993916083308015,0.0128608711507643
Norm,Experiment2 Glyx160 #3 norm,,1.0097092881322,0.0139510935417739
Norm,Experiment2 Glyx160 #4 norm,,1.00551575732671,0.0171323427308537
Norm,Experiment2 Glyx160 #5 norm,,0.988660413881766,0.0149499628496707
Norm,Experiment2 Glyx160 #6 norm,,0.979388048184381,0.0191008321800417
Norm,Experiment2 Glyx160 #7 norm,,0.973873544865627,0.0266007171981873
Norm,Experiment2 Glyx160 #8 norm,,0.950256685077374,0.113588384847346
Norm,Experiment2 GLY276 #1 norm,,0.992870477749773,0.0104832724978347
Norm,Experiment2 GLY276 #2 norm,,0.968500871592288,0.0203999847372662
Norm,Experiment2 GLY276 #3 norm,,0.98960322022772,0.0173599037810569
Norm,Experiment2 GLY276 #4 norm,,1.04947629832372,0.0182464488920972
Norm,Experiment2 GLY276 #5 norm,,0.980518051013007,0.0377903494154947
Norm,Experiment2 GLY276 #6 norm,,0.950256889751769,0.0774373550775197
Norm,Experiment2 GLY276 #7 norm,,1.07048901013159,0.120164740107951
Norm,Experiment2 GLY276 #8 norm,,0.893683974208451,0.223800072109047
Norm,Experiment2 HPA262 #1 norm,,0.996095921883459,0.0202573691380968
Norm,Experiment2 HPA262 #2 norm,,1.01972798917083,0.0245486875553057
Norm,Experiment2 HPA262 #3 norm,,0.963759887358109,0.0231386774840366
Norm,Experiment2 HPA262 #4 norm,,0.993470553867706,0.0321701688893231
Norm,Experiment2 HPA262 #5 norm,,0.967987683496605,0.0227450902322018
Norm,Experiment2 HPA262 #6 norm,,0.98845272187888,0.0295353799690508
Norm,Experiment2 HPA262 #7 norm,,0.982489732247096,0.0243359609130353
Norm,Experiment2 HPA262 #8 norm,,0.967872245277018,0.040190467500706
Norm,Experiment2 GA307 #1 norm,,1.02845576910625,0.0112347031929704
Norm,Experiment2 GA307 #2 norm,,0.898528626637055,0.0299569340369289
Norm,Experiment2 GA307 #3 norm,,0.888307036857087,0.02167063316776
Norm,Experiment2 GA307 #4 norm,,0.997868018909742,0.0262055504854968
Norm,Experiment2 GA307 #5 norm,,1.01880008405136,0.069002293429936
Norm,Experiment2 GA307 #6 norm,,0.742527106200052,0.114138026827556
Norm,Experiment2 GA307 #7 norm,,0.882311095330393,0.0743438243361134
Norm,Experiment2 GA307 #8 norm,,1.00495343072443,0.164714396003778
Norm,Experiment2 SER306 #1 norm,,0.990912113166997,0.012721790369864
Norm,Experiment2 SER306 #2 norm,,0.949350748690404,0.0353084120232711
Norm,Experiment2 SER306 #3 norm,,0.967980313842384,0.0196083424847134
Norm,Experiment2 SER306 #4 norm,,1.03913425814258,0.0248346926303991
Norm,Experiment2 SER306 #5 norm,,1.02741912786369,0.0528198796214976
Norm,Experiment2 SER306 #6 norm,,0.985539464343862,0.115393636100114
Norm,Experiment2 SER306 #7 norm,,1.02702055312632,0.0992772791551774
Norm,Experiment2 SER306 #8 norm,,1.02760885314159,0.1128243446967
Norm,Experiment2 meTHF #1 norm,,1.02207770424119,0.0101751901667937
Norm,Experiment2 meTHF #2 norm,,0.995225170624761,0.0148567402104586
Norm,Experiment2 meTHF #3 norm,,0.988791043213633,0.0265177959087368
Norm,Experiment2 meTHF #4 norm,,1.01231312333674,0.0276900049695082
Norm,Experiment2 meTHF #5 norm,,0.910820316371629,0.0731371353338504
Norm,Experiment2 meTHF #6 norm,,1.01055495552524,0.259593550244117
Norm,Experiment2 meTHF #7 norm,,1.03234561923413,0.255375881377761
Norm,Experiment2 meTHF #8 norm,,1.01636110624872,0.0756663755458395
Norm,Experiment2 FmTHF #1 norm,,1.00309224476262,0.00999392474925527
Norm,Experiment2 FmTHF #2 norm,,1.0037127116644,0.0114231917585832
Norm,Experiment2 FmTHF #3 norm,,1.01133472238041,0.0102386176552299
Norm,Experiment2 FmTHF #4 norm,,1.02795598885906,0.0227449412110895
Norm,Experiment2 FmTHF #5 norm,,0.965775373377521,0.0396256436033886
Norm,Experiment2 FmTHF #6 norm,,0.960584493195564,0.064916866280439
Norm,Experiment2 FmTHF #7 norm,,1.03007196298964,0.13703730373701
Norm,Experiment2 FmTHF #8 norm,,1.00229502263894,0.0731228435847489
Norm,Experiment2 Met176 #1 norm,,0.988269715811186,0.0231308820975283
Norm,Experiment2 Met176 #2 norm,,0.919571487902211,0.0357226565596922
Norm,Experiment2 Met176 #3 norm,,0.909577581175856,0.0343838104631715
Norm,Experiment2 Met176 #4 norm,,0.75135128500613,0.0915108501921905
Norm,Experiment2 Met176 #5 norm,,0.847637509921969,0.0593194111767558
Norm,Experiment2 Met176 #6 norm,,0.997980635396559,0.0334857432128514
Norm,Experiment2 Met176 #7 norm,,1.02133187765566,0.0654255235811888
Norm,Experiment2 Met176 #8 norm,,1.00383764597269,0.171528934388182
Norm,Experiment2 SAM #1 norm,,0.993489489544823,0.0148075702110121
Norm,Experiment2 SAM #2 norm,,0.966005000521683,0.021000773685994
Norm,Experiment2 SAM #3 norm,,0.964572328316997,0.0351685741960011
Norm,Experiment2 SAM #4 norm,,1.03921447001059,0.0488557910754402
Norm,Experiment2 SAM #5 norm,,1.02907324750707,0.0229200428998079
Norm,Experiment2 SAM #6 norm,,0.983194487863475,0.0575950858865456
Norm,Experiment2 SAM #7 norm,,0.991205769095143,0.0762953343976039
Norm,Experiment2 SAM #8 norm,,0.996422846734792,0.0741455460302992
Norm,Experiment2 CIT465 #1 norm,,0.993234095875811,0.0125296481980235
Norm,Experiment2 CIT465 #2 norm,,0.973903963520277,0.0103163062142411
Norm,Experiment2 CIT465 #3 norm,,0.987030316083576,0.0131519100698302
Norm,Experiment2 CIT465 #4 norm,,0.987308161953008,0.0127033799958703
Norm,Experiment2 CIT465 #5 norm,,1.03899093993555,0.015934517171925
Norm,Experiment2 CIT465 #6 norm,,0.992959060592791,0.0118002728521075
Norm,Experiment2 CIT465 #7 norm,,0.985387737594227,0.0155294708802577
Norm,Experiment2 CIT465 #8 norm,,1.00125007457237,0.0224250617565236
Norm,Experiment2 MAL335 #1 norm,,0.989671940383859,0.0116724339867202
Norm,Experiment2 MAL335 #2 norm,,0.99055274114614,0.0139871075708179
Norm,Experiment2 MAL335 #3 norm,,0.967675003733234,0.0130888727137735
Norm,Experiment2 MAL335 #4 norm,,0.995688482721351,0.0115599141847741
Norm,Experiment2 MAL335 #5 norm,,0.966453477704294,0.0146913225665102
Norm,Experiment2 MAL335 #6 norm,,0.993270194407243,0.0156896258474818
Norm,Experiment2 MAL335 #7 norm,,1.01417751890462,0.0214619477649027
Norm,Experiment2 MAL335 #8 norm,,0.967096430697637,0.0379937292837348
Norm,Experiment2 ASP334 #1 norm,,1.02275801277424,0.016192163268014
Norm,Experiment2 ASP334 #2 norm,,0.941079541994501,0.0226685924497929
Norm,Experiment2 ASP334 #3 norm,,0.995527049557947,0.0180780293236754
Norm,Experiment2 ASP334 #4 norm,,0.999777278215509,0.0216964167850706
Norm,Experiment2 ASP334 #5 norm,,0.990930327684728,0.0242650359291714
Norm,Experiment2 ASP334 #6 norm,,0.980746075249244,0.0583700905836546
Norm,Experiment2 ASP334 #7 norm,,0.970585996557574,0.0599182955204464
Norm,Experiment2 ASP334 #8 norm,,0.957677844275031,0.0372207336520679
Norm,Experiment2 GLU348 #1 norm,,0.999890919584333,0.0118337894454601
Norm,Experiment2 GLU348 #2 norm,,1.01702332034236,0.0129287146670495
Norm,Experiment2 GLU348 #3 norm,,0.985739426960607,0.0117994812032541
Norm,Experiment2 GLU348 #4 norm,,0.978083318048511,0.0157384666440354
Norm,Experiment2 GLU348 #5 norm,,0.950740424963525,0.0300350268367421
Norm,Experiment2 GLU348 #6 norm,,0.988608983780425,0.0156607467363231
Norm,Experiment2 GLU348 #7 norm,,0.953743895339503,0.0224760009683361
Norm,Experiment2 GLU348 #8 norm,,0.917900560270467,0.054430337610056
Norm,Experiment2 THR320 #1 norm,,0.969415330073433,0.0096522904079315
Norm,Experiment2 THR320 #2 norm,,0.994179022424543,0.0117048784726831
Norm,Experiment2 THR320 #3 norm,,1.03576431308373,0.0107514184460991
Norm,Experiment2 THR320 #4 norm,,0.981209542328722,0.0108920925227561
Norm,Experiment2 THR320 #5 norm,,0.964160704698057,0.0202577076806524
Norm,Experiment2 THR320 #6 norm,,0.973150327855069,0.010619080913815
Norm,Experiment2 THR320 #7 norm,,0.950007449283389,0.0133317172392622
Norm,Experiment2 THR320 #8 norm,,0.971876843888967,0.0362450020700881
Norm,Experiment2 ALA116 #1 norm,,1.0205660421002,0.0101173486794288
Norm,Experiment2 ALA116 #2 norm,,1.0137464065802,0.0102560411677716
Norm,Experiment2 ALA116 #3 norm,,1.00390242525613,0.0123609961289475
Norm,Experiment2 ALA116 #4 norm,,0.976868021020096,0.0251425272134986
Norm,Experiment2 ALA116 #5 norm,,1.02093607861358,0.0698127763759748
Norm,Experiment2 ALA116 #6 norm,,0.98967180879577,0.0752954577023777
Norm,Experiment2 ALA116 #7 norm,,0.991801575905787,0.0710764351287044
Norm,Experiment2 ALA116 #8 norm,,0.999088412198219,0.171253149879977
Norm,Experiment2 PYR #1 norm,,0.975654427416222,0.0122791451977472
Norm,Experiment2 PYR #2 norm,,0.942576678744415,0.0508137368837127
Norm,Experiment2 PYR #3 norm,,0.917003415054987,0.0632700009181626
Norm,Experiment2 PYR #4 norm,,1.03018133622542,0.0520373189157458
Norm,Experiment2 PYR #5 norm,,0.99844758671486,0.146862281357124
Norm,Experiment2 PYR #6 norm,,1.02938084315419,0.153853280625482
Norm,Experiment2 PYR #7 norm,,0.981852011896978,0.0757364009968937
Norm,Experiment2 PYR #8 norm,,0.956097689604573,0.0936897770882012
