type,id,eqn,val,std
Net flux,CO2.t,CO2.t -> CO2,65.3353737309981,1.52214284514027
Net flux,CO2_sink,dummy -> Sink,65.3353737309981,1.52214284514027
Net flux,RUBICSO_CO2,RUBP.p + CO2 -> 3PGA.p + 3PGA.p + dummy,67.3358679912599,1.5321803089075
Net flux,GAPDH.p net,3PGA.p <-> TP.p,136.605712662713,3.04278382292226
Exch flux,GAPDH.p exch,3PGA.p <-> TP.p,207512.005756674,237.439422729967
Net flux,ALD,TP.p + E4P.p -> SBP,23.185183432708,0.512186093207887
Net flux,SBP,SBP -> S7P.p,23.185183432708,0.512186093207887
Net flux,FBA.p net,TP.p + TP.p <-> FBP.p,30.8826571629441,0.778600455436158
Exch flux,FBA.p exch,TP.p + TP.p <-> FBP.p,9.99999940631824e-08,2.81800117738099e-13
Net flux,PFK.p net,FBP.p <-> F6P.p,30.8826571629443,0.778600455436158
Exch flux,PFK.p exch,FBP.p <-> F6P.p,9.99999940631824e-08,4.98822577353197e-13
Net flux,TK1 net,TP.p + EC2 <-> X5P.p,46.3703668654159,1.02437218641577
Exch flux,TK1 exch,TP.p + EC2 <-> X5P.p,1.0000000116861e-07,0
Net flux,TK2 net,S7P.p <-> R5P.p + EC2,23.1851834327079,0.512186093207887
Exch flux,TK2 exch,S7P.p <-> R5P.p + EC2,38.1290833308048,4927.29305205681
Net flux,TK3 net,F6P.p <-> E4P.p + EC2,23.1851834327072,0.512186093207887
Exch flux,TK3 exch,F6P.p <-> E4P.p + EC2,7796.65183582367,4848.32980569221
Net flux,PPE net,X5P.p <-> RU5P.p,46.3703668654159,1.02437218641577
Exch flux,PPE exch,X5P.p <-> RU5P.p,59.2384826082987,4591.18973564941
Net flux,PPI net,R5P.p <-> RU5P.p,23.185183432708,0.512186093207887
Exch flux,PPI exch,R5P.p <-> RU5P.p,238.593739703529,4866.04464110074
Net flux,PRK,RU5P.p -> RUBP.p,69.555550298124,1.53655827962311
Net flux,RUBISCO_O2,RUBP.p -> 3PGA.p + 2PG.p,2.2196823068641,0.084614665368122
Net flux,GLYdil net,GLY.p <-> GLY.x + dummyGLY,0.0134631503786053,0.00172625787250025
Exch flux,GLYdil exch,GLY.p <-> GLY.x + dummyGLY,1.0000000116861e-07,0
Net flux,SERdil net,SER.p <-> SER.x + dummySER,0.0460353621724821,0.00590268485344794
Exch flux,SERdil exch,SER.p <-> SER.x + dummySER,9.99804967705131e-08,4.42183484647761e-13
Net flux,GK,GA.p -> 3PGA.p,0.277712022716318,0.153315673953828
Net flux,PGI.p net,F6P.p <-> G6P.p,7.69747373023622,0.412949609046482
Exch flux,PGI.p exch,F6P.p <-> G6P.p,9.99954004043957e-08,4722.45098419253
Net flux,PGM.p,G6P.p -> ADPG.p,7.69747373023622,0.412949609046482
Net flux,Starch,ADPG.p -> Starch,7.6974737302362,0.412949609046482
Net flux,FBA.c net,TP.c + TP.c <-> FBP.c,2.64242401935061,0.3388141065423
Exch flux,FBA.c exch,TP.c + TP.c <-> FBP.c,25.7401819206168,1024.52080583897
Net flux,PFK.c net,FBP.c <-> F6P.c,2.64242401935063,0.3388141065423
Exch flux,PFK.c exch,FBP.c <-> F6P.c,17.8881127781439,4851.60249347514
Net flux,PGI.c net,F6P.c <-> G6P.c,1.32121200967535,0.16940705327115
Exch flux,PGI.c exch,F6P.c <-> G6P.c,230.477966179918,4933.62108198082
Net flux,PGM.c net,G6P.c <-> UDPG.c,1.32121200967231,0.16940705327115
Exch flux,PGM.c exch,G6P.c <-> UDPG.c,48482.2173199266,5109.81977591151
Net flux,SPS,F6P.c + UDPG.c -> S6P,1.32121200967527,0.16940705327115
Net flux,PGAM.c net,3PGA.c <-> PEP.c,0.563417649408569,0.0722419438075602
Exch flux,PGAM.c exch,3PGA.c <-> PEP.c,9.57352532781873,5005.22261422401
Net flux,PK.c,PEP.c -> PYR.c,0.255747008713485,0.0327921232888486
Net flux,PDH,PYR.c + dummy -> ACA + CO2,0.212847254760286,0.0272914762879689
Net flux,CS,OAA + ACA -> CIT,0.212847254760282,0.0272914762879689
Net flux,ACO net,CIT <-> ICI,0.212847254760163,0.0272914762879689
Exch flux,ACO exch,CIT <-> ICI,5182.52185290387,2213.79444021917
Net flux,IDH,ICI + dummy -> AKG + CO2,0.212847254760298,0.0272914762879689
Net flux,MDH net,MAL <-> OAA,7.105427357601e-15,0
Exch flux,MDH exch,MAL <-> OAA,0.297223410099363,0.0539659150999037
Net flux,PPC,PEP.c + CO2 -> OAA + dummy,0.307670640693243,0.0394498204764729
Net flux,T_3PGA net,3PGA.p <-> 3PGA.c,0.563417649408549,0.0722419438075602
Exch flux,T_3PGA exch,3PGA.p <-> 3PGA.c,5.92236316983055,5.39182801074882
Net flux,T_DHAP net,TP.p <-> TP.c,5.28484803870127,0.6776282130846
Exch flux,T_DHAP exch,TP.p <-> TP.c,1.02598579192305,0.474181061281368
Net flux,ALT,PYR.c -> ALA.c,0.0428997539543053,0.00550064701846136
Net flux,ASPT,OAA -> ASP,0.0948233859343066,0.0121583442142891
Net flux,GLUDH,AKG -> GLU,0.212847254760275,0.0272914762879689
Net flux,PCR net,GLU <-> PRO,-2.48689957516035e-14,0
Exch flux,PCR exch,GLU <-> PRO,1.0000000116861e-07,7.62980371655086e-15
Net flux,GS net,GLU <-> GLN,0,0
Exch flux,GS exch,GLU <-> GLN,1.00064312391623e-07,2.0048221719765e-15
Net flux,TS net,ASP <-> THR,0,0
Exch flux,TS exch,ASP <-> THR,1.0000000116861e-07,0
Net flux,AS net,ASP <-> ASN,1.06581410364015e-14,0
Exch flux,AS exch,ASP <-> ASN,1.0000000116861e-07,0
Net flux,G_3PGA.p,0*3PGA.p -> 3PGA,2.1022374170343e-06,5312.43276375801
Net flux,G_3PGA.c,0*3PGA.c -> 3PGA,92.9119084889662,4809.74009689951
Net flux,G_DHAP.p,0*TP.p -> TP,40.6853798422514,6628.55830783257
Net flux,G_DHAP.c,0*TP.c -> TP,51.8471856998323,4976.32636565158
Net flux,G_F6P.p,0*F6P.p -> F6P,48.6686345032613,6506.00203124884
Net flux,G_F6P.c,0*F6P.c -> F6P,36.5465768177337,4811.87087189139
Net flux,G_FBP.p,0*FBP.p -> FBP,2.10223446117652e-06,6873.77548822182
Net flux,G_FBP.c,0*FBP.c -> FBP,83.4512313387802,5298.56851608262
Net flux,G_G6P.p,0*G6P.p -> G6P,19.0549768395407,6540.77650556111
Net flux,G_G6P.c,0*G6P.c -> G6P,58.8549499996569,4858.78546067256
Net flux,G_RU5P.p,0*RU5P.p -> P5P,2.10222547636363e-06,6596.94271520764
Net flux,G_X5P.p,0*X5P.p -> P5P,92.8477694980079,4934.13538979972
Net flux,G_R5P.p,0*R5P.p -> R5P,82.2810779887508,4858.98186784757
Net flux,G_GA.p,0*GA.p -> GA,30.1183847012401,4.0741827237225
Net flux,G_SER.p,0*SER.p -> SER,78.1391336462229,4774.92312979026
Net flux,G_GLY.p,0*GLY.p -> GLY,1.00000008274037e-07,3.21718460610016e-13
Net flux,G_RUBP.p,0*RUBP.p -> RUBP,92.5302752674636,1586.10144497809
Net flux,G_S7P.p,0*S7P.p -> S7P,98.4567310636578,4378.80818749316
Net flux,G_2PG.p,0*2PG.p -> 2PG,87.0427532708633,4378.80818749316
Net flux,G_ADPG.p,0*ADPG.p -> ADPG,95.0805622184582,4378.80818749316
Net flux,G_PEP.c,0*PEP.c -> PEP,89.2305410447667,4378.80818749316
Net flux,G_UDPG.c,0*UDPG.c -> UDPG,72.4268033047895,4378.80818749316
Net flux,G_ALA.c,0*ALA.c -> ALA,71.8489860545479,6.94461590828743
Net flux,(1-G)_GA,0*GA.x -> GA,69.8816152987619,4.0741827237225
Net flux,(1-G)_SER,0*SER.x -> SER,21.8608530817895,5.73248467352232
Net flux,(1-G)_GLY,0*GLY.x -> GLY,50.4437216590255,5.82675053708435
Net flux,(1-G)_R5P,0*R5P.x -> R5P,17.7189220112461,4858.98186784757
Net flux,(1-G)_RUBP,0*RUBP.x -> RUBP,7.46972473253513,1586.10144497809
Net flux,(1-G)_3PGA,0*3PGA.x -> 3PGA,7.08808940879664,1890.48488428211
Net flux,(1-G)_TP,0*TP.x -> TP,7.46743445791693,4378.80818749316
Net flux,(1-G)_F6P,0*F6P.x -> F6P,14.7847886790088,4378.80818749316
Net flux,(1-G)_FBP,0*FBP.x -> FBP,16.5487665589801,4378.80818749316
Net flux,(1-G)_G6P,0*G6P.x -> G6P,22.0900731608007,4378.80818749316
Net flux,(1-G)_RU5P,0*RU5P.x -> P5P,7.15222839976807,4378.80818749316
Net flux,(1-G)_S7P,0*S7P.x -> S7P,1.54326893634015,4378.80818749316
Net flux,(1-G)_2PG,0*2PG.x -> 2PG,12.9572467291391,4378.80818749316
Net flux,(1-G)_ADPG,0*ADPG.x -> ADPG,4.91943778154073,4378.80818749316
Net flux,(1-G)_PEP,0*PEP.x -> PEP,10.7694589552315,4378.80818749316
Net flux,(1-G)_UDPG,0*UDPG.x -> UDPG,27.5731966952117,4378.80818749316
Net flux,(1-G)_ALA,0*ALA.x -> ALA,28.1510139454519,6.94461590828743
Net flux,PGASink,3PGA -> Sink,100,0
Net flux,DHAPSink,TP -> Sink,100.000000000001,0
Net flux,F6PSink,F6P -> Sink,100.000000000004,0
Net flux,FBPSink,FBP -> Sink,99.9999999999948,0
Net flux,G6PSink,G6P -> Sink,99.9999999999983,0
Net flux,P5PSink,P5P -> Sink,100.000000000001,0
Net flux,R5PSink,R5P -> Sink,99.9999999999968,0
Net flux,GASink,GA -> Sink,100.000000000002,0
Net flux,SERSink,SER -> Sink,99.9999999999996,0
Net flux,GLYSink,GLY -> Sink,100.000000000001,0
Net flux,RUBPSink,RUBP -> Sink,99.9999999999987,0
Net flux,S7PSink,S7P -> Sink,99.9999999999979,0
Net flux,2PGSink,2PG -> Sink,100.000000000002,0
Net flux,ADPGSink,ADPG -> Sink,99.9999999999989,0
Net flux,PEPSink,PEP -> Sink,99.9999999999983,0
Net flux,UDPGSink,UDPG -> Sink,100.000000000001,0
Net flux,ALASink,ALA -> Sink,99.9999999999998,0
Net flux,S6Pout-LL,S6P + 0.1611*GLU + 0.07177*ASP + 0.03247*ALA.c + 0.01019*dummyGLY + 0.03484*dummySER -> Sink,1.32121200967531,0.16940705327115
Net flux,PGP.p,2PG.p -> Glyc.p,2.21968230686412,0.084614665368122
Net flux,GOX,Glyc.p -> Glyx.p,2.21968230686413,0.084614665368122
Net flux,GGT,Glyx.p -> GLY.p,2.21968230686412,0.084614665368122
Net flux,SGAT,SER.p -> HPA.p,0.277712022716307,0.153315673953828
Net flux,HPR.p,HPA.p -> GA.p,0.277712022716302,0.153315673953828
Net flux,T_GLY-m net,GLY.p <-> GLY.m,2.19832040968686,6329.74887957955
Exch flux,T_GLY-m exch,GLY.p <-> GLY.m,24170.4260947994,4379.71705106938
Net flux,GDC.m,GLY.m + dummy -> myTHF.m + CO2,1.88247039143723,0.164762294425769
Net flux,T_SER-m net,SER.p <-> SER.m,-1.88247039143698,0.164762294425769
Exch flux,T_SER-m exch,SER.p <-> SER.m,4912.89616391391,4840.07260823441
Net flux,mSHMT,GLY.m + myTHF.m -> SER.m,1.88247039143723,0.164762294425769
Net flux,T_SER-c net,SER.p <-> SER.c,1.55872300654844,0.306719353958002
Exch flux,T_SER-c exch,SER.p <-> SER.c,0.00197163482151996,0.12062705138702
Net flux,T_Gly-c net,GLY.p <-> GLY.c,0.00789874679594682,6329.74887901361
Exch flux,T_Gly-c exch,GLY.p <-> GLY.c,0.00021765793980677,4503.59449764528
Net flux,cSHMT,SER.c -> GLY.c + meTHF.c,1.55872290654083,0.306719353955161
Net flux,FmTHF-reductase net,meTHF.c <-> FmTHF.c,1.55872290654083,0.306719353955161
Exch flux,FmTHF-reductase exch,meTHF.c <-> FmTHF.c,0.00378268595263764,4587.98269089609
Net flux,Met-synthase,FmTHF.c + Hcy.c -> Met.c,1.55872290654081,0.306719353955161
Net flux,SAM-synthase,Met.c -> SAM.c,1.55872290654082,0.306719353955161
Net flux,Methylation,SAM.c -> SAH.c + Acceptor.c,1.55872290654081,0.306719353955161
Net flux,hydrolysis,SAH.c -> Hcy.c,1.5587229065408,0.306719353955161
Net flux,G_SER.m,0*SER.m -> SER,1.0000000116861e-07,0
Net flux,G_SER.c,0*SER.c -> SER,1.3171987120586e-05,4774.9196887223
Net flux,G_Gly.m,0*GLY.m -> GLY,1.0000000116861e-07,0
Net flux,G_Gly.c,0*GLY.c -> GLY,49.5562781409757,5.82675053708435
Net flux,T_GLY-c-m,GLY.c -> GLY.m,1.56662037318492,6329.74888644452
Net flux,G_Glyc,0*Glyc.p -> Glyc,7.03660297207303,0.996116459259856
Net flux,G_Glyx,0*Glyx.p -> Glyx,99.9886190994472,4950.65641502967
Net flux,G_HPA,0*HPA.p -> HPA,6.70110654515223,1.82559472383977
Net flux,(1-G)_Glyc,0*Glyc.x -> Glyc,92.9633970279276,0.996116459259856
Net flux,(1-G)_Glyx,0*Glyx.x -> Glyx,0.011380900553597,4950.65641502967
Net flux,(1-G)_HPA,0*HPA.x -> HPA,93.2988934548477,1.82559472383977
Net flux,GlycSink,Glyc -> Sink,100.000000000001,0
Net flux,GlyxSink,Glyx -> Sink,100.000000000001,0
Net flux,HPASink,HPA -> Sink,99.9999999999998,0
Net flux,SERex,dummySER -> outSER,9.99542355550886e-08,1.27431768803889e-13
Net flux,G_PYR,0*PYR.c -> PYR,43.5762221826458,2.57462198561925
Net flux,(1-G)_PYR,0*PYR.x -> PYR,56.4237778173545,2.57462198561925
Net flux,PYRSink,PYR -> Sink,100,0
Net flux,G_meTHF,0*meTHF.c -> meTHF,95.6819008386471,8.55751403123252
Net flux,G_FmTHF,0*FmTHF.c -> FmTHF,85.6481953284104,7.76523800677827
Net flux,G_Met,0*Met.c -> Met,57.4757545854121,5.15009149980434
Net flux,G_SAM,0*SAM.c -> SAM,60.0361785207278,5.87357627795389
Net flux,(1-G)_meTHF,0*meTHF.x -> meTHF,4.31809916135282,8.55751403123252
Net flux,(1-G)_FmTHF,0*FmTHF.x -> FmTHF,14.3518046715897,7.76523800677827
Net flux,(1-G)_Met,0*Met.x -> Met,42.524245414588,5.15009149980434
Net flux,(1-G)_SAM,0*SAM.x -> SAM,39.9638214792722,5.87357627795389
Net flux,meTHFSink,meTHF -> Sink,99.9999999999999,0
Net flux,FmTHFSink,FmTHF -> Sink,100,0
Net flux,MetSink,Met -> Sink,100,0
Net flux,SAMsink,SAM -> Sink,100,0
Net flux,Met-protein,Met.c -> Protein,6.51983996113883e-15,0
Net flux,GLY-protein,GLY.c -> Protein,1.28015188050057e-06,1.02210485075098e-13
Net flux,SER-protein,SER.c -> Protein,1.00007612857667e-07,5.74517971675803e-14
Pool,2PG pool,,0,0
Pool,2PG.p pool,,1e-07,0
Pool,2PG.x pool,,1,Inf
Pool,3PGA pool,,0,0
Pool,3PGA.c pool,,0.136355826135281,0.0915092933461482
Pool,3PGA.p pool,,1.28713706594709e-07,4874.09592905255
Pool,3PGA.x pool,,1,Inf
Pool,ACA pool,,1e-07,0
Pool,ADPG pool,,0,0
Pool,ADPG.p pool,,9.9999999999999e-08,Inf
Pool,ADPG.x pool,,1,Inf
Pool,AKG pool,,1e-07,0
Pool,ALA pool,,0,0
Pool,ALA.c pool,,0.00942563317754834,0.00249397597361745
Pool,ALA.x pool,,1,Inf
Pool,ASN pool,,7566.06821175194,5127.32641170188
Pool,ASP pool,,1.00000000000002e-07,0
Pool,Acceptor.c pool,,1,Inf
Pool,CIT pool,,5.1331664396477,2.02395225688112
Pool,CO2 pool,,1.00000000002876e-07,0
Pool,CO2.t pool,,1,Inf
Pool,E4P.p pool,,0,0
Pool,EC2 pool,,0,0
Pool,F6P pool,,0,0
Pool,F6P.c pool,,3.27760678406249e-06,4797.29672573446
Pool,F6P.p pool,,1.04149890065127e-07,5030.98943264866
Pool,F6P.x pool,,1,Inf
Pool,FBP pool,,0,0
Pool,FBP.c pool,,2.51907833862453e-06,4568.86697440647
Pool,FBP.p pool,,1e-07,0
Pool,FBP.x pool,,1,Inf
Pool,FmTHF pool,,7.31408066720032,2.83463652462123
Pool,FmTHF.c pool,,2.37201243970768e-07,4857.07903220798
Pool,FmTHF.x pool,,1,Inf
Pool,G6P pool,,0,0
Pool,G6P.c pool,,9.85108292598386e-06,4981.07180303372
Pool,G6P.p pool,,3.1362729717846e-06,4995.61227541986
Pool,G6P.x pool,,1,Inf
Pool,GA pool,,0,0
Pool,GA.p pool,,1e-07,0
Pool,GA.x pool,,1,Inf
Pool,GLN pool,,8.83867753641314,4944.60996574906
Pool,GLU pool,,1.00000108794071e-07,0
Pool,GLY pool,,0,0
Pool,GLY.c pool,,1.00000000002876e-07,0
Pool,GLY.m pool,,9.99999999994061e-08,0
Pool,GLY.p pool,,1.00000000000002e-07,2.45474768677224e-13
Pool,GLY.x pool,,1,Inf
Pool,Glyc pool,,1.57056046503661,0.9427768506733
Pool,Glyc.p pool,,1e-07,0
Pool,Glyc.x pool,,1,Inf
Pool,Glyx pool,,1075.38184334214,422.8955472594
Pool,Glyx.p pool,,1e-07,0
Pool,Glyx.x pool,,1,Inf
Pool,HPA pool,,1.91994519894402e-05,4833.23960449505
Pool,HPA.p pool,,1e-07,0
Pool,HPA.x pool,,1,Inf
Pool,Hcy.c pool,,1,Inf
Pool,ICI pool,,0.000801440019658466,4868.76648660768
Pool,MAL pool,,0.700758723703015,0.169017334154886
Pool,Met pool,,9.99999999999999e-08,0
Pool,Met.c pool,,1e-07,0
Pool,Met.x pool,,1,Inf
Pool,OAA pool,,0.197237320195411,0.0343275650127824
Pool,P5P pool,,0,0
Pool,PEP pool,,0,0
Pool,PEP.c pool,,1.00000000000002e-07,4.43279669927351e-14
Pool,PEP.x pool,,1,Inf
Pool,PRO pool,,5.39499637034098,4568.07306798799
Pool,PYR pool,,1e-07,0
Pool,PYR.c pool,,0.0104258221215173,0.00343442003571928
Pool,PYR.x pool,,1,Inf
Pool,Protein pool,,1,Inf
Pool,R5P pool,,0,0
Pool,R5P.p pool,,1e-07,0
Pool,R5P.x pool,,1,Inf
Pool,RU5P.p pool,,1e-07,0
Pool,RU5P.x pool,,1,Inf
Pool,RUBP pool,,0,0
Pool,RUBP.p pool,,1.0435932510132e-07,4826.44732812713
Pool,RUBP.x pool,,1,Inf
Pool,S6P pool,,1,Inf
Pool,S7P pool,,0,0
Pool,S7P.p pool,,1e-07,0
Pool,S7P.x pool,,1,Inf
Pool,SAH.c pool,,1,Inf
Pool,SAM pool,,4.62256757207722,2067.40847496786
Pool,SAM.c pool,,0.0699742082264838,32.3252115315178
Pool,SAM.x pool,,1,Inf
Pool,SBP pool,,0,0
Pool,SER pool,,0,0
Pool,SER.c pool,,1.00000000000057e-07,0
Pool,SER.m pool,,0.509787667807384,0.0461239418745931
Pool,SER.p pool,,2.89646176123819e-05,5226.61732021268
Pool,SER.x pool,,1,Inf
Pool,Sink pool,,1,Inf
Pool,Starch pool,,1,Inf
Pool,THR pool,,3889.31613853588,4800.24970985942
Pool,TP pool,,0,0
Pool,TP.c pool,,2.56905416758756e-06,4620.89353684354
Pool,TP.p pool,,1.37984920556839e-07,4880.45665051914
Pool,TP.x pool,,1,Inf
Pool,UDPG pool,,0,0
Pool,UDPG.c pool,,81.6287620603981,4815.33586800808
Pool,UDPG.x pool,,1,Inf
Pool,X5P.p pool,,1e-07,0
Pool,dummy pool,,1,Inf
Pool,dummyGLY pool,,1,Inf
Pool,dummySER pool,,1,Inf
Pool,meTHF pool,,3.585134291132,1.89474991354585
Pool,meTHF.c pool,,1e-07,0
Pool,meTHF.x pool,,1,Inf
Pool,myTHF.m pool,,1e-07,0
Pool,outSER pool,,1,Inf
Norm,Experiment2 Glyc205 #1 norm,,0.97834342511024,0.0355423536490407
Norm,Experiment2 Glyc205 #2 norm,,0.990210981882223,0.0185530323831186
Norm,Experiment2 Glyc205 #3 norm,,0.983494185537927,0.0223680791722928
Norm,Experiment2 Glyc205 #4 norm,,0.982348902333818,0.0203256142074553
Norm,Experiment2 Glyc205 #5 norm,,1.01799631628096,0.0248444962951082
Norm,Experiment2 Glyc205 #6 norm,,0.987363299246449,0.0248797701157651
Norm,Experiment2 Glyc205 #7 norm,,0.99013675722742,0.0323313560611317
Norm,Experiment2 Glyc205 #8 norm,,1.06883395620942,0.112865288219139
Norm,Experiment2 Glyx160 #1 norm,,0.974747342352722,0.0110278084657429
Norm,Experiment2 Glyx160 #2 norm,,0.969121015017513,0.0112772805796405
Norm,Experiment2 Glyx160 #3 norm,,1.02918440516536,0.0132841244316625
Norm,Experiment2 Glyx160 #4 norm,,0.961748262691229,0.0159312837294607
Norm,Experiment2 Glyx160 #5 norm,,1.0059673187591,0.0143810451018821
Norm,Experiment2 Glyx160 #6 norm,,1.00015784405381,0.0204086275571523
Norm,Experiment2 Glyx160 #7 norm,,1.01440904700455,0.0312701775928661
Norm,Experiment2 Glyx160 #8 norm,,0.905519326403077,0.111970540885155
Norm,Experiment2 GLY276 #1 norm,,1.03026186306776,0.0109127092064272
Norm,Experiment2 GLY276 #2 norm,,0.973024601824836,0.0200944654509634
Norm,Experiment2 GLY276 #3 norm,,1.02207900157371,0.0174412605447252
Norm,Experiment2 GLY276 #4 norm,,1.022369133944,0.0169813770334733
Norm,Experiment2 GLY276 #5 norm,,0.981064389691111,0.0370942623615437
Norm,Experiment2 GLY276 #6 norm,,1.01942844077418,0.0816741983584381
Norm,Experiment2 GLY276 #7 norm,,0.954428351402504,0.120311958834525
Norm,Experiment2 GLY276 #8 norm,,1.00225871364013,0.19514218614348
Norm,Experiment2 HPA262 #1 norm,,0.9905296286527,0.019361183795799
Norm,Experiment2 HPA262 #2 norm,,1.00853663072077,0.025862473456223
Norm,Experiment2 HPA262 #3 norm,,0.94957281745684,0.0242472046475675
Norm,Experiment2 HPA262 #4 norm,,0.984124241113245,0.0297576014086581
Norm,Experiment2 HPA262 #5 norm,,0.94047618073801,0.0217438785292005
Norm,Experiment2 HPA262 #6 norm,,0.911052838027087,0.0266939060595358
Norm,Experiment2 HPA262 #7 norm,,0.994326118749743,0.0238054616989762
Norm,Experiment2 HPA262 #8 norm,,1.01556480926555,0.038602604875069
Norm,Experiment2 GA307 #1 norm,,1.00866561948317,0.0109356216546192
Norm,Experiment2 GA307 #2 norm,,0.925677758472779,0.0298941481842715
Norm,Experiment2 GA307 #3 norm,,0.916453796877501,0.0218781780435889
Norm,Experiment2 GA307 #4 norm,,0.959986774187302,0.0247008822754494
Norm,Experiment2 GA307 #5 norm,,0.909527117023112,0.0707635429662075
Norm,Experiment2 GA307 #6 norm,,0.822244178502295,0.110017953721308
Norm,Experiment2 GA307 #7 norm,,0.896910988303022,0.0762242979595188
Norm,Experiment2 GA307 #8 norm,,0.938236514405516,0.148303902734383
Norm,Experiment2 SER306 #1 norm,,0.972454326609178,0.012408157325654
Norm,Experiment2 SER306 #2 norm,,1.0086762218759,0.0362025404463506
Norm,Experiment2 SER306 #3 norm,,0.978772417969484,0.0203139216247946
Norm,Experiment2 SER306 #4 norm,,1.0025220921784,0.0257633090564461
Norm,Experiment2 SER306 #5 norm,,1.04829799853028,0.0578129712679474
Norm,Experiment2 SER306 #6 norm,,0.995938633338746,0.122100653014336
Norm,Experiment2 SER306 #7 norm,,1.23319605721819,0.108683885863539
Norm,Experiment2 SER306 #8 norm,,1.01637812673511,0.0913938663379567
Norm,Experiment2 meTHF #1 norm,,0.998059539432033,0.0100965525613901
Norm,Experiment2 meTHF #2 norm,,0.976728696474676,0.0136740547646395
Norm,Experiment2 meTHF #3 norm,,0.969195352365488,0.0273524093879153
Norm,Experiment2 meTHF #4 norm,,0.999594593644629,0.030049787109741
Norm,Experiment2 meTHF #5 norm,,1.09517930346519,0.0924053414283043
Norm,Experiment2 meTHF #6 norm,,1.01237999374743,0.160559243449883
Norm,Experiment2 meTHF #7 norm,,1.01539314414597,0.163518934777758
Norm,Experiment2 meTHF #8 norm,,0.997866988101479,0.0788248997076425
Norm,Experiment2 FmTHF #1 norm,,0.991081589765043,0.00995483537185672
Norm,Experiment2 FmTHF #2 norm,,1.00374191262449,0.0118488254343711
Norm,Experiment2 FmTHF #3 norm,,1.01867023533363,0.0103477923957275
Norm,Experiment2 FmTHF #4 norm,,1.03412789937105,0.0232310885081326
Norm,Experiment2 FmTHF #5 norm,,0.969308297011258,0.0387523072546124
Norm,Experiment2 FmTHF #6 norm,,0.965319704221876,0.0762975473812359
Norm,Experiment2 FmTHF #7 norm,,0.998816084678189,0.094605234719517
Norm,Experiment2 FmTHF #8 norm,,0.988837649889985,0.0696021186192184
Norm,Experiment2 Met176 #1 norm,,0.945689346484287,0.0230765145299697
Norm,Experiment2 Met176 #2 norm,,0.976714225651927,0.0390792841772889
Norm,Experiment2 Met176 #3 norm,,0.940839243800061,0.0333449126074937
Norm,Experiment2 Met176 #4 norm,,0.8747696899187,0.0901247000097714
Norm,Experiment2 Met176 #5 norm,,0.873542568322745,0.0589725818794238
Norm,Experiment2 Met176 #6 norm,,1.01704867147604,0.0347052120452006
Norm,Experiment2 Met176 #7 norm,,1.00435514865172,0.0691062000870443
Norm,Experiment2 Met176 #8 norm,,0.998444924608586,0.191149521851518
Norm,Experiment2 SAM #1 norm,,0.979837525037052,0.0146138485369593
Norm,Experiment2 SAM #2 norm,,0.970495948469085,0.022630302684995
Norm,Experiment2 SAM #3 norm,,0.965458971805223,0.0320372330410175
Norm,Experiment2 SAM #4 norm,,0.997069285220469,0.0441924102393635
Norm,Experiment2 SAM #5 norm,,1.01684729712754,0.0267645969258075
Norm,Experiment2 SAM #6 norm,,0.948411886626047,0.0646439701975045
Norm,Experiment2 SAM #7 norm,,0.995954576632729,0.0757699017505748
Norm,Experiment2 SAM #8 norm,,1.00029512223927,0.0709483536849164
Norm,Experiment2 CIT465 #1 norm,,1.01873186011599,0.0130060938027815
Norm,Experiment2 CIT465 #2 norm,,0.991867570962836,0.010665149619696
Norm,Experiment2 CIT465 #3 norm,,0.978960993507421,0.0130589586704497
Norm,Experiment2 CIT465 #4 norm,,0.985071024278764,0.0126733115750985
Norm,Experiment2 CIT465 #5 norm,,0.949698097523604,0.0154925957089129
Norm,Experiment2 CIT465 #6 norm,,0.975450426733039,0.0110339540318618
Norm,Experiment2 CIT465 #7 norm,,0.988590350108492,0.0147898738135255
Norm,Experiment2 CIT465 #8 norm,,1.03351923297001,0.0205193762751537
Norm,Experiment2 MAL335 #1 norm,,0.9806247709006,0.0115259776742883
Norm,Experiment2 MAL335 #2 norm,,0.973881994175423,0.0134158243881369
Norm,Experiment2 MAL335 #3 norm,,1.00282120459518,0.0134340205944157
Norm,Experiment2 MAL335 #4 norm,,0.995093690940494,0.0118602664544212
Norm,Experiment2 MAL335 #5 norm,,0.960788151421476,0.0144587103714907
Norm,Experiment2 MAL335 #6 norm,,0.95757999949213,0.0147172571653801
Norm,Experiment2 MAL335 #7 norm,,0.998115124793543,0.0205994207762376
Norm,Experiment2 MAL335 #8 norm,,1.01108367054586,0.0428592529738443
Norm,Experiment2 ASP334 #1 norm,,0.982492816919514,0.0157168004183589
Norm,Experiment2 ASP334 #2 norm,,0.93821827699195,0.0219106983147948
Norm,Experiment2 ASP334 #3 norm,,0.982839398567188,0.0181118525834849
Norm,Experiment2 ASP334 #4 norm,,0.9730505969026,0.0218743411006978
Norm,Experiment2 ASP334 #5 norm,,0.980158796290708,0.0246567675207777
Norm,Experiment2 ASP334 #6 norm,,0.943825036055804,0.0543490828318181
Norm,Experiment2 ASP334 #7 norm,,0.983587136539444,0.0532519429550092
Norm,Experiment2 ASP334 #8 norm,,0.929145670012289,0.0327778430984226
Norm,Experiment2 GLU348 #1 norm,,0.995708506556196,0.0119380328135972
Norm,Experiment2 GLU348 #2 norm,,0.979964807765884,0.0124483393424138
Norm,Experiment2 GLU348 #3 norm,,1.01673226653896,0.0119679907530495
Norm,Experiment2 GLU348 #4 norm,,0.959075064031329,0.0149878044575507
Norm,Experiment2 GLU348 #5 norm,,0.940932584814283,0.0303259711944126
Norm,Experiment2 GLU348 #6 norm,,0.96260235479637,0.0148592426890779
Norm,Experiment2 GLU348 #7 norm,,0.984192441046612,0.022622788707993
Norm,Experiment2 GLU348 #8 norm,,0.920588928541711,0.0552809109772137
Norm,Experiment2 THR320 #1 norm,,0.997280092779577,0.0101422958879007
Norm,Experiment2 THR320 #2 norm,,0.995417326398241,0.0116257371744795
Norm,Experiment2 THR320 #3 norm,,0.988062989550931,0.0101877815900106
Norm,Experiment2 THR320 #4 norm,,0.968189460068754,0.0106182857873752
Norm,Experiment2 THR320 #5 norm,,0.988233694516958,0.0210157708998633
Norm,Experiment2 THR320 #6 norm,,0.99061344405574,0.0108998203455376
Norm,Experiment2 THR320 #7 norm,,0.964766386740927,0.0135820552344455
Norm,Experiment2 THR320 #8 norm,,0.993953046340797,0.0364807220113374
Norm,Experiment2 ALA116 #1 norm,,0.999634628226442,0.00996006670911251
Norm,Experiment2 ALA116 #2 norm,,0.985415442289163,0.00989906836630519
Norm,Experiment2 ALA116 #3 norm,,1.02588947701396,0.0107929278673239
Norm,Experiment2 ALA116 #4 norm,,0.993860227347352,0.0251858915270851
Norm,Experiment2 ALA116 #5 norm,,1.02331573298798,0.0744228090316169
Norm,Experiment2 ALA116 #6 norm,,1.00430495731705,0.0680969416805274
Norm,Experiment2 ALA116 #7 norm,,1.00795471262244,0.0672222987523767
Norm,Experiment2 ALA116 #8 norm,,0.902775155649893,0.186283801479033
Norm,Experiment2 PYR #1 norm,,0.940088329865264,0.0122291014344664
Norm,Experiment2 PYR #2 norm,,0.974652995196647,0.051207598135627
Norm,Experiment2 PYR #3 norm,,0.914387445306419,0.0566918574744103
Norm,Experiment2 PYR #4 norm,,1.02076771832168,0.0553288239467925
Norm,Experiment2 PYR #5 norm,,1.01524289649013,0.147659187169845
Norm,Experiment2 PYR #6 norm,,1.00454105667556,0.102303924654862
Norm,Experiment2 PYR #7 norm,,0.99632681980893,0.0751927030142979
Norm,Experiment2 PYR #8 norm,,0.976045282876429,0.0928019754762978
