type,id,eqn,val,std
Net flux,CO2.t,CO2.t -> CO2,67.3641818174388,1.52405689885523
Net flux,CO2_sink,dummy -> Sink,67.3641818174388,1.52405689885523
Net flux,RUBICSO_CO2,RUBP.p + CO2 -> 3PGA.p + 3PGA.p + dummy,69.2641045853605,1.53162128275433
Net flux,GAPDH.p net,3PGA.p <-> TP.p,140.408415584866,3.04605395654088
Exch flux,GAPDH.p exch,3PGA.p <-> TP.p,1.00000086433738e-07,2.4455524618818e-13
Net flux,ALD,TP.p + E4P.p -> SBP,23.8405155214019,0.511929169429802
Net flux,SBP,SBP -> S7P.p,23.8405155214019,0.511929169429802
Net flux,FBA.p net,TP.p + TP.p <-> FBP.p,30.5979940362013,0.784678783834511
Exch flux,FBA.p exch,TP.p + TP.p <-> FBP.p,20221.966837849,2158.63906656475
Net flux,PFK.p net,FBP.p <-> F6P.p,30.5979940362044,0.784678783834511
Exch flux,PFK.p exch,FBP.p <-> F6P.p,9.99943807755699e-08,1.6348985147208e-13
Net flux,TK1 net,TP.p + EC2 <-> X5P.p,47.6810310428039,1.0238583388596
Exch flux,TK1 exch,TP.p + EC2 <-> X5P.p,1.0000000116861e-07,0
Net flux,TK2 net,S7P.p <-> R5P.p + EC2,23.8405155214019,0.511929169429802
Exch flux,TK2 exch,S7P.p <-> R5P.p + EC2,37.9777411124365,10553.8396863147
Net flux,TK3 net,F6P.p <-> E4P.p + EC2,23.8405155214041,0.511929169429802
Exch flux,TK3 exch,F6P.p <-> E4P.p + EC2,8404.87925097041,10984.8849910608
Net flux,PPE net,X5P.p <-> RU5P.p,47.6810310428038,1.0238583388596
Exch flux,PPE exch,X5P.p <-> RU5P.p,85.5577027591563,8538.16096688791
Net flux,PPI net,R5P.p <-> RU5P.p,23.840515521402,0.511929169429802
Exch flux,PPI exch,R5P.p <-> RU5P.p,237.345997490337,7835.23333771419
Net flux,PRK,RU5P.p -> RUBP.p,71.5215465642059,1.53578750830871
Net flux,RUBISCO_O2,RUBP.p -> 3PGA.p + 2PG.p,2.25744197884541,0.0848539946976941
Net flux,GLYdil net,GLY.p <-> GLY.x + dummyGLY,0.0195925192156849,0.0017778345834379
Exch flux,GLYdil exch,GLY.p <-> GLY.x + dummyGLY,1.0000000116861e-07,0
Net flux,SERdil net,SER.p <-> SER.x + dummySER,0.0669938372992078,0.0060790438234585
Exch flux,SERdil exch,SER.p <-> SER.x + dummySER,1.00004648118102e-07,7.1967558088122e-12
Net flux,GK,GA.p -> 3PGA.p,0.442689253192021,0.105943918672566
Net flux,PGI.p net,F6P.p <-> G6P.p,6.75747851480149,0.421658607101731
Exch flux,PGI.p exch,F6P.p <-> G6P.p,9.99956135672164e-08,10477.6859126019
Net flux,PGM.p,G6P.p -> ADPG.p,6.75747851480149,0.421658607101731
Net flux,Starch,ADPG.p -> Starch,6.75747851480147,0.421658607101731
Net flux,FBA.c net,TP.c + TP.c <-> FBP.c,3.8454404741242,0.348937111469312
Exch flux,FBA.c exch,TP.c + TP.c <-> FBP.c,21.2690210629433,6918.76661906866
Net flux,PFK.c net,FBP.c <-> F6P.c,3.84544047412422,0.348937111469312
Exch flux,PFK.c exch,FBP.c <-> F6P.c,10.4008800957945,30.3293623373855
Net flux,PGI.c net,F6P.c <-> G6P.c,1.92272023706215,0.174468555734656
Exch flux,PGI.c exch,F6P.c <-> G6P.c,210.928999516948,11013.3921110851
Net flux,PGM.c net,G6P.c <-> UDPG.c,1.92272023706028,0.174468555734656
Exch flux,PGM.c exch,G6P.c <-> UDPG.c,48477.9257682698,11141.9247805511
Net flux,SPS,F6P.c + UDPG.c -> S6P,1.92272023706207,0.174468555734656
Net flux,PGAM.c net,3PGA.c <-> PEP.c,0.819924817892835,0.0744003708758721
Exch flux,PGAM.c exch,3PGA.c <-> PEP.c,5.88318278907121,8.15997541143454
Net flux,PK.c,PEP.c -> PYR.c,0.372180956288198,0.0337718783104274
Net flux,PDH,PYR.c + dummy -> ACA + CO2,0.30975023019069,0.0281068843084254
Net flux,CS,OAA + ACA -> CIT,0.309750230190686,0.0281068843084254
Net flux,ACO net,CIT <-> ICI,0.30975023019073,0.0281068843084254
Exch flux,ACO exch,CIT <-> ICI,2623.56522147516,10487.8255236575
Net flux,IDH,ICI + dummy -> AKG + CO2,0.309750230190702,0.0281068843084254
Net flux,MDH net,MAL <-> OAA,7.105427357601e-15,0
Exch flux,MDH exch,MAL <-> OAA,0.351861921784234,0.073983824795086
Net flux,PPC,PEP.c + CO2 -> OAA + dummy,0.447743861604386,0.0406284925624162
Net flux,T_3PGA net,3PGA.p <-> 3PGA.c,0.819924817892815,0.0744003708758721
Exch flux,T_3PGA exch,3PGA.p <-> 3PGA.c,2.85000428135644,4.19327579368938
Net flux,T_DHAP net,TP.p <-> TP.c,7.69088094824846,0.697874222938625
Exch flux,T_DHAP exch,TP.p <-> TP.c,1.35831923656334,0.716749421925417
Net flux,ALT,PYR.c -> ALA.c,0.0624307260974756,0.00566499400468415
Net flux,ASPT,OAA -> ASP,0.137993631414022,0.0125216082380726
Net flux,GLUDH,AKG -> GLU,0.309750230190679,0.0281068843084254
Net flux,PCR net,GLU <-> PRO,-2.48689957516035e-14,0
Exch flux,PCR exch,GLU <-> PRO,1.0000000116861e-07,0
Net flux,GS net,GLU <-> GLN,0,0
Exch flux,GS exch,GLU <-> GLN,1.00042612416473e-07,0
Net flux,TS net,ASP <-> THR,0,0
Exch flux,TS exch,ASP <-> THR,1.0000000116861e-07,0
Net flux,AS net,ASP <-> ASN,1.06581410364015e-14,0
Exch flux,AS exch,ASP <-> ASN,1.0000000116861e-07,0
Net flux,G_3PGA.p,0*3PGA.p -> 3PGA,2.4686631405757e-06,14712.8772208615
Net flux,G_3PGA.c,0*3PGA.c -> 3PGA,92.9119081391106,8825.10095669587
Net flux,G_DHAP.p,0*TP.p -> TP,40.6853798422419,16020.9350279895
Net flux,G_DHAP.c,0*TP.c -> TP,51.8471856996948,11616.2098425214
Net flux,G_F6P.p,0*F6P.p -> F6P,48.6686345030749,15616.8882289748
Net flux,G_F6P.c,0*F6P.c -> F6P,36.546576817712,11269.2371912281
Net flux,G_FBP.p,0*FBP.p -> FBP,2.46866146369484e-06,15681.3484701499
Net flux,G_FBP.c,0*FBP.c -> FBP,83.4512310503321,10853.8908968085
Net flux,G_G6P.p,0*G6P.p -> G6P,19.0549768397257,15781.7653948004
Net flux,G_G6P.c,0*G6P.c -> G6P,58.8549499993083,11047.6055075042
Net flux,G_RU5P.p,0*RU5P.p -> P5P,2.46865387154571e-06,15750.7249412335
Net flux,G_X5P.p,0*X5P.p -> P5P,92.8477691496926,11017.3591513997
Net flux,G_R5P.p,0*R5P.p -> R5P,82.2810779884949,11067.401559825
Net flux,G_GA.p,0*GA.p -> GA,36.606596425291,3.78455494307512
Net flux,G_SER.p,0*SER.p -> SER,74.0931380593365,11228.9693523385
Net flux,G_GLY.p,0*GLY.p -> GLY,0.212823172753176,10347.9847373168
Net flux,G_RUBP.p,0*RUBP.p -> RUBP,92.5302752673063,10595.7959720535
Net flux,G_S7P.p,0*S7P.p -> S7P,98.4567310636212,10535.1153259865
Net flux,G_2PG.p,0*2PG.p -> 2PG,87.0427532706349,11034.1697460875
Net flux,G_ADPG.p,0*ADPG.p -> ADPG,95.0805622183481,10924.7647784724
Net flux,G_PEP.c,0*PEP.c -> PEP,89.2305410445615,11354.5834792351
Net flux,G_UDPG.c,0*UDPG.c -> UDPG,72.4268033045549,11296.8461815133
Net flux,G_ALA.c,0*ALA.c -> ALA,66.6464415985331,7.50387326498945
Net flux,(1-G)_GA,0*GA.x -> GA,63.393403574711,3.78455494307512
Net flux,(1-G)_SER,0*SER.x -> SER,25.9068551254591,4.23810994460011
Net flux,(1-G)_GLY,0*GLY.x -> GLY,57.5006370532788,6.65104101437679
Net flux,(1-G)_R5P,0*R5P.x -> R5P,17.718922011502,11067.401559825
Net flux,(1-G)_RUBP,0*RUBP.x -> RUBP,7.46972473269241,10595.7959720535
Net flux,(1-G)_3PGA,0*3PGA.x -> 3PGA,7.08808939222653,11788.3030637675
Net flux,(1-G)_TP,0*TP.x -> TP,7.46743445806384,11054.6448700165
Net flux,(1-G)_F6P,0*F6P.x -> F6P,14.7847886792169,10723.0371887409
Net flux,(1-G)_FBP,0*FBP.x -> FBP,16.5487664810012,11105.5002858613
Net flux,(1-G)_G6P,0*G6P.x -> G6P,22.0900731609643,10747.2986001236
Net flux,(1-G)_RU5P,0*RU5P.x -> P5P,7.15222838165493,10794.7117572193
Net flux,(1-G)_S7P,0*S7P.x -> S7P,1.5432689363768,10535.1153259865
Net flux,(1-G)_2PG,0*2PG.x -> 2PG,12.9572467293675,11034.1697460875
Net flux,(1-G)_ADPG,0*ADPG.x -> ADPG,4.91943778165087,10924.7647784724
Net flux,(1-G)_PEP,0*PEP.x -> PEP,10.7694589554367,11354.5834792351
Net flux,(1-G)_UDPG,0*UDPG.x -> UDPG,27.5731966954463,11296.8461815133
Net flux,(1-G)_ALA,0*ALA.x -> ALA,33.3535584014667,7.50387326498945
Net flux,PGASink,3PGA -> Sink,100,0
Net flux,DHAPSink,TP -> Sink,100.000000000001,0
Net flux,F6PSink,F6P -> Sink,100.000000000004,0
Net flux,FBPSink,FBP -> Sink,99.9999999999948,0
Net flux,G6PSink,G6P -> Sink,99.9999999999983,0
Net flux,P5PSink,P5P -> Sink,100.000000000001,0
Net flux,R5PSink,R5P -> Sink,99.9999999999968,0
Net flux,GASink,GA -> Sink,100.000000000002,0
Net flux,SERSink,SER -> Sink,99.9999999999996,0
Net flux,GLYSink,GLY -> Sink,100.000000000001,0
Net flux,RUBPSink,RUBP -> Sink,99.9999999999987,0
Net flux,S7PSink,S7P -> Sink,99.9999999999979,0
Net flux,2PGSink,2PG -> Sink,100.000000000002,0
Net flux,ADPGSink,ADPG -> Sink,99.9999999999989,0
Net flux,PEPSink,PEP -> Sink,99.9999999999983,0
Net flux,UDPGSink,UDPG -> Sink,100.000000000001,0
Net flux,ALASink,ALA -> Sink,99.9999999999998,0
Net flux,S6Pout-LL,S6P + 0.1611*GLU + 0.07177*ASP + 0.03247*ALA.c + 0.01019*dummyGLY + 0.03484*dummySER -> Sink,1.92272023706211,0.174468555734656
Net flux,PGP.p,2PG.p -> Glyc.p,2.25744197884543,0.0848539946976941
Net flux,GOX,Glyc.p -> Glyx.p,2.25744197884545,0.0848539946976941
Net flux,GGT,Glyx.p -> GLY.p,2.25744197884543,0.0848539946976941
Net flux,SGAT,SER.p -> HPA.p,0.44268925319201,0.105943918672566
Net flux,HPR.p,HPA.p -> GA.p,0.442689253192005,0.105943918672566
Net flux,T_GLY-m net,GLY.p <-> GLY.m,2.24509395717238,11238.7615672275
Exch flux,T_GLY-m exch,GLY.p <-> GLY.m,10.8904670334785,11432.2286754344
Net flux,GDC.m,GLY.m + dummy -> myTHF.m + CO2,1.72816616914488,0.118503596785445
Net flux,T_SER-m net,SER.p <-> SER.m,-1.72816616914497,0.118503596785445
Exch flux,T_SER-m exch,SER.p <-> SER.m,2656.0379257873,11238.2959468304
Net flux,mSHMT,GLY.m + myTHF.m -> SER.m,1.72816616914488,0.118503596785445
Net flux,T_SER-c net,SER.p <-> SER.c,1.21848307865365,0.207866991919347
Exch flux,T_SER-c exch,SER.p <-> SER.c,0.059666509745341,0.198973304537446
Net flux,T_Gly-c net,GLY.p <-> GLY.c,-0.00724449754264933,11238.7615669069
Exch flux,T_Gly-c exch,GLY.p <-> GLY.c,9.99999998363421e-08,0
Net flux,cSHMT,SER.c -> GLY.c + meTHF.c,1.21848297865484,0.207866991914778
Net flux,FmTHF-reductase net,meTHF.c <-> FmTHF.c,1.21848297865485,0.207866991914778
Exch flux,FmTHF-reductase exch,meTHF.c <-> FmTHF.c,7.50548472767734,11309.7829412061
Net flux,Met-synthase,FmTHF.c + Hcy.c -> Met.c,1.21848297865483,0.207866991914778
Net flux,SAM-synthase,Met.c -> SAM.c,1.21848297865483,0.207866991914778
Net flux,Methylation,SAM.c -> SAH.c + Acceptor.c,1.21848297865483,0.207866991914778
Net flux,hydrolysis,SAH.c -> Hcy.c,1.21848297865482,0.207866991914778
Net flux,G_SER.m,0*SER.m -> SER,1.0000000116861e-07,0
Net flux,G_SER.c,0*SER.c -> SER,6.71520390227442e-06,11228.9685525335
Net flux,G_Gly.m,0*GLY.m -> GLY,1.30513218010719e-07,10347.9845832223
Net flux,G_Gly.c,0*GLY.c -> GLY,42.286539643456,7.78387465257881
Net flux,T_GLY-c-m,GLY.c -> GLY.m,1.21123838111737,11238.7615688293
Net flux,G_Glyc,0*Glyc.p -> Glyc,16.654930914815,2.76326978178377
Net flux,G_Glyx,0*Glyx.p -> Glyx,99.9483661556165,10865.3092178943
Net flux,G_HPA,0*HPA.p -> HPA,5.46738320407286,1.81160152378376
Net flux,(1-G)_Glyc,0*Glyc.x -> Glyc,83.3450690851856,2.76326978178377
Net flux,(1-G)_Glyx,0*Glyx.x -> Glyx,0.0516338443843267,10865.3092178943
Net flux,(1-G)_HPA,0*HPA.x -> HPA,94.532616795927,1.81160152378376
Net flux,GlycSink,Glyc -> Sink,100.000000000001,0
Net flux,GlyxSink,Glyx -> Sink,100.000000000001,0
Net flux,HPASink,HPA -> Sink,99.9999999999998,0
Net flux,SERex,dummySER -> outSER,9.99995273254228e-08,6.58915741137676e-12
Net flux,G_PYR,0*PYR.c -> PYR,39.0903409861429,2.72665139745246
Net flux,(1-G)_PYR,0*PYR.x -> PYR,60.9096590138574,2.72665139745246
Net flux,PYRSink,PYR -> Sink,100,0
Net flux,G_meTHF,0*meTHF.c -> meTHF,99.9999998999999,0
Net flux,G_FmTHF,0*FmTHF.c -> FmTHF,83.855467916292,6.63539269988825
Net flux,G_Met,0*Met.c -> Met,53.1592196665673,4.73188270208268
Net flux,G_SAM,0*SAM.c -> SAM,45.2948512094223,3.58524283354172
Net flux,(1-G)_meTHF,0*meTHF.x -> meTHF,1.0000000116861e-07,0
Net flux,(1-G)_FmTHF,0*FmTHF.x -> FmTHF,16.1445320837081,6.63539269988825
Net flux,(1-G)_Met,0*Met.x -> Met,46.8407803334328,4.73188270208268
Net flux,(1-G)_SAM,0*SAM.x -> SAM,54.7051487905777,3.58524283354172
Net flux,meTHFSink,meTHF -> Sink,99.9999999999999,0
Net flux,FmTHFSink,FmTHF -> Sink,100,0
Net flux,MetSink,Met -> Sink,100,0
Net flux,SAMsink,SAM -> Sink,100,0
Net flux,Met-protein,Met.c -> Protein,6.51983996113883e-15,0
Net flux,GLY-protein,GLY.c -> Protein,9.99948479574186e-08,2.58132660666354e-13
Net flux,SER-protein,SER.c -> Protein,9.99988083449921e-08,1.25980179361493e-13
Pool,2PG pool,,0,0
Pool,2PG.p pool,,1.5708434265421e-07,10819.3978101576
Pool,2PG.x pool,,1,Inf
Pool,3PGA pool,,0,0
Pool,3PGA.c pool,,1.00000000000273e-07,0
Pool,3PGA.p pool,,7.68496092050921e-07,10662.6223200537
Pool,3PGA.x pool,,1,Inf
Pool,ACA pool,,4.0948401616267e-07,10761.9182377784
Pool,ADPG pool,,0,0
Pool,ADPG.p pool,,9.9999999999999e-08,Inf
Pool,ADPG.x pool,,1,Inf
Pool,AKG pool,,3.85600272988044e-07,10684.7035181827
Pool,ALA pool,,0,0
Pool,ALA.c pool,,0.0130915753029346,0.00384865075759058
Pool,ALA.x pool,,1,Inf
Pool,ASN pool,,7566.06819373904,10845.1816260225
Pool,ASP pool,,0.057591024109016,0.0116396522817978
Pool,Acceptor.c pool,,1,Inf
Pool,CIT pool,,5.83809535114355,2.00542601838523
Pool,CO2 pool,,3.36002200786621e-06,9858.86057381784
Pool,CO2.t pool,,1,Inf
Pool,E4P.p pool,,0,0
Pool,EC2 pool,,0,0
Pool,F6P pool,,0,0
Pool,F6P.c pool,,3.82905783487386e-06,10389.2788158974
Pool,F6P.p pool,,4.18600369983832e-07,11383.7958290985
Pool,F6P.x pool,,1,Inf
Pool,FBP pool,,0,0
Pool,FBP.c pool,,3.34438057525574e-06,10822.3532941736
Pool,FBP.p pool,,4.0704323507053e-07,11021.8794837567
Pool,FBP.x pool,,1,Inf
Pool,FmTHF pool,,13.7759723728814,5.30466054809074
Pool,FmTHF.c pool,,1.34620397034563e-07,10845.7137975264
Pool,FmTHF.x pool,,1,Inf
Pool,G6P pool,,0,0
Pool,G6P.c pool,,9.87604563634063e-06,11115.7340832738
Pool,G6P.p pool,,3.87012001491799e-06,10910.8786706042
Pool,G6P.x pool,,1,Inf
Pool,GA pool,,0,0
Pool,GA.p pool,,1e-07,0
Pool,GA.x pool,,1,Inf
Pool,GLN pool,,8.83867754810458,11024.4923662739
Pool,GLU pool,,3.85597005129526e-07,10941.8694689345
Pool,GLY pool,,0,0
Pool,GLY.c pool,,1e-07,0
Pool,GLY.m pool,,9.99999999994061e-08,0
Pool,GLY.p pool,,1.00000000000002e-07,0
Pool,GLY.x pool,,1,Inf
Pool,Glyc pool,,15.8349408519081,5.71412918009401
Pool,Glyc.p pool,,1.55084803381672e-07,10990.2006615839
Pool,Glyc.x pool,,1,Inf
Pool,Glyx pool,,1089.03359306632,442.857621203348
Pool,Glyx.p pool,,2.38071850548611e-07,10797.3196212251
Pool,Glyx.x pool,,1,Inf
Pool,HPA pool,,0.000138716599633288,10716.4614289766
Pool,HPA.p pool,,1e-07,0
Pool,HPA.x pool,,1,Inf
Pool,Hcy.c pool,,1,Inf
Pool,ICI pool,,0.00200996897811301,10975.2265275067
Pool,MAL pool,,1.7042705226962,0.378031342088997
Pool,Met pool,,2.27796062771585e-05,11495.8470394852
Pool,Met.c pool,,1.78181184398822e-07,10944.3323925258
Pool,Met.x pool,,1,Inf
Pool,OAA pool,,9.99999999994061e-08,0
Pool,P5P pool,,0,0
Pool,PEP pool,,0,0
Pool,PEP.c pool,,0.123720186826986,0.07587195389978
Pool,PEP.x pool,,1,Inf
Pool,PRO pool,,5.39499638193361,11191.082542979
Pool,PYR pool,,1.00000000058387e-07,0
Pool,PYR.c pool,,0.00995567109527431,0.00449964943303877
Pool,PYR.x pool,,1,Inf
Pool,Protein pool,,1,Inf
Pool,R5P pool,,0,0
Pool,R5P.p pool,,4.26497978166367e-07,10617.1889822699
Pool,R5P.x pool,,1,Inf
Pool,RU5P.p pool,,4.27305132633184e-07,10297.6923676261
Pool,RU5P.x pool,,1,Inf
Pool,RUBP pool,,0,0
Pool,RUBP.p pool,,4.2350014309987e-07,10698.8480053045
Pool,RUBP.x pool,,1,Inf
Pool,S6P pool,,1,Inf
Pool,S7P pool,,0,0
Pool,S7P.p pool,,2.95319190114904e-07,10897.9682686543
Pool,S7P.x pool,,1,Inf
Pool,SAH.c pool,,1,Inf
Pool,SAM pool,,7.0105939370077e-05,10534.1352017099
Pool,SAM.c pool,,5.66345971268874e-07,10612.8418294747
Pool,SAM.x pool,,1,Inf
Pool,SBP pool,,0,0
Pool,SER pool,,0,0
Pool,SER.c pool,,1.00000000002876e-07,0
Pool,SER.m pool,,0.501918047158642,0.0495367501791529
Pool,SER.p pool,,0.00016080144790269,11066.014335952
Pool,SER.x pool,,1,Inf
Pool,Sink pool,,1,Inf
Pool,Starch pool,,1,Inf
Pool,THR pool,,3889.67514631767,10568.5246789663
Pool,TP pool,,0,0
Pool,TP.c pool,,3.6201419518192e-06,10714.0265614977
Pool,TP.p pool,,7.82477465898539e-07,11221.4618299919
Pool,TP.x pool,,1,Inf
Pool,UDPG pool,,0,0
Pool,UDPG.c pool,,36861.9206320953,10509.7572015646
Pool,UDPG.x pool,,1,Inf
Pool,X5P.p pool,,4.28003667050207e-07,10221.8646417065
Pool,dummy pool,,1,Inf
Pool,dummyGLY pool,,1,Inf
Pool,dummySER pool,,1,Inf
Pool,meTHF pool,,3.54743283613618,1.81373694977529
Pool,meTHF.c pool,,1.33995572874333e-07,10675.1199037406
Pool,meTHF.x pool,,1,Inf
Pool,myTHF.m pool,,2.11917395225765e-07,11063.5046819881
Pool,outSER pool,,1,Inf
Norm,Experiment2 Glyc205 #1 norm,,1.00471541952597,0.0401157004360319
Norm,Experiment2 Glyc205 #2 norm,,0.984754514319911,0.0153619880781911
Norm,Experiment2 Glyc205 #3 norm,,0.955295991865981,0.0204063702085269
Norm,Experiment2 Glyc205 #4 norm,,0.989315239030883,0.0210852051471232
Norm,Experiment2 Glyc205 #5 norm,,0.996988804051969,0.0241322226156454
Norm,Experiment2 Glyc205 #6 norm,,1.0078939466602,0.0258765068295438
Norm,Experiment2 Glyc205 #7 norm,,1.02891303442451,0.0381596854323109
Norm,Experiment2 Glyc205 #8 norm,,0.851720704652196,0.0890409301878899
Norm,Experiment2 Glyx160 #1 norm,,0.99459286203224,0.0114509300046302
Norm,Experiment2 Glyx160 #2 norm,,0.97862010115096,0.0112019115383127
Norm,Experiment2 Glyx160 #3 norm,,0.966800026607136,0.0120479631535883
Norm,Experiment2 Glyx160 #4 norm,,1.02553683739918,0.0168380193436045
Norm,Experiment2 Glyx160 #5 norm,,0.988315341176895,0.0144307911304922
Norm,Experiment2 Glyx160 #6 norm,,0.999241603846623,0.0214367290122472
Norm,Experiment2 Glyx160 #7 norm,,0.982449789113281,0.0316084086640731
Norm,Experiment2 Glyx160 #8 norm,,0.924364605609783,0.0973217042702562
Norm,Experiment2 GLY276 #1 norm,,0.991723917987766,0.010543637454274
Norm,Experiment2 GLY276 #2 norm,,0.945245282615057,0.0214340011422351
Norm,Experiment2 GLY276 #3 norm,,0.991750346051598,0.0192319772226045
Norm,Experiment2 GLY276 #4 norm,,1.00429615150069,0.0174398668181171
Norm,Experiment2 GLY276 #5 norm,,0.99266328556444,0.0370976979884016
Norm,Experiment2 GLY276 #6 norm,,1.01603136189604,0.0808880603116073
Norm,Experiment2 GLY276 #7 norm,,1.06637843865276,0.150062812784017
Norm,Experiment2 GLY276 #8 norm,,0.934400419535627,0.190988259154939
Norm,Experiment2 HPA262 #1 norm,,1.01043785864801,0.0208928615144301
Norm,Experiment2 HPA262 #2 norm,,0.981676766470665,0.0252708154743341
Norm,Experiment2 HPA262 #3 norm,,0.972550956459485,0.0240466178985003
Norm,Experiment2 HPA262 #4 norm,,1.0187307594263,0.0317117727237937
Norm,Experiment2 HPA262 #5 norm,,0.904227832335759,0.020961171417088
Norm,Experiment2 HPA262 #6 norm,,0.943718127559552,0.0280252438170903
Norm,Experiment2 HPA262 #7 norm,,0.979358793474272,0.0234135357094536
Norm,Experiment2 HPA262 #8 norm,,1.0335522619367,0.0386514685230416
Norm,Experiment2 GA307 #1 norm,,0.979657862487871,0.0108425633561375
Norm,Experiment2 GA307 #2 norm,,0.893258054653946,0.0301462736925154
Norm,Experiment2 GA307 #3 norm,,0.896661239017239,0.0210082216216361
Norm,Experiment2 GA307 #4 norm,,0.933394647851086,0.0252239169042112
Norm,Experiment2 GA307 #5 norm,,0.962816050761289,0.0687126151432242
Norm,Experiment2 GA307 #6 norm,,0.849622337204261,0.100387791431283
Norm,Experiment2 GA307 #7 norm,,0.932086329919901,0.0685789093558646
Norm,Experiment2 GA307 #8 norm,,0.960001787716144,0.139565882076375
Norm,Experiment2 SER306 #1 norm,,0.958848655154973,0.0123243807991534
Norm,Experiment2 SER306 #2 norm,,1.01730355748946,0.0359756505959031
Norm,Experiment2 SER306 #3 norm,,1.01733631961436,0.0205824859159207
Norm,Experiment2 SER306 #4 norm,,1.03762838824581,0.024902973294752
Norm,Experiment2 SER306 #5 norm,,0.93712921094016,0.0469835889111669
Norm,Experiment2 SER306 #6 norm,,1.03123765809453,0.120905258439426
Norm,Experiment2 SER306 #7 norm,,0.992524104859136,0.111679022356479
Norm,Experiment2 SER306 #8 norm,,1.03326144235424,0.0990455543102809
Norm,Experiment2 meTHF #1 norm,,1.01141393924123,0.0100910451592649
Norm,Experiment2 meTHF #2 norm,,1.00570429872718,0.014550675602029
Norm,Experiment2 meTHF #3 norm,,0.973036064289596,0.0268215437404158
Norm,Experiment2 meTHF #4 norm,,1.01303211712209,0.0315854098411799
Norm,Experiment2 meTHF #5 norm,,1.05656529295167,0.0960411042745357
Norm,Experiment2 meTHF #6 norm,,0.918848184274516,0.144572682445378
Norm,Experiment2 meTHF #7 norm,,1.02844595749297,0.209548315714027
Norm,Experiment2 meTHF #8 norm,,0.990492728742151,0.0737043273549397
Norm,Experiment2 FmTHF #1 norm,,0.997430251917739,0.00993096971323833
Norm,Experiment2 FmTHF #2 norm,,0.998067763137993,0.0113829788508518
Norm,Experiment2 FmTHF #3 norm,,1.00186929893169,0.0101116305751076
Norm,Experiment2 FmTHF #4 norm,,0.98639605468481,0.0210257762123125
Norm,Experiment2 FmTHF #5 norm,,0.971998254688417,0.0394249725111514
Norm,Experiment2 FmTHF #6 norm,,1.01250383937517,0.0807118007862985
Norm,Experiment2 FmTHF #7 norm,,1.01256907117303,0.0975401731693293
Norm,Experiment2 FmTHF #8 norm,,1.00807883496628,0.0752544964701662
Norm,Experiment2 Met176 #1 norm,,1.01749203416391,0.0239600730209487
Norm,Experiment2 Met176 #2 norm,,0.919875257144938,0.0363607431859588
Norm,Experiment2 Met176 #3 norm,,0.91748920979352,0.0333758384724136
Norm,Experiment2 Met176 #4 norm,,0.867292276717208,0.100759745361597
Norm,Experiment2 Met176 #5 norm,,0.938689089348296,0.0719877409008303
Norm,Experiment2 Met176 #6 norm,,1.04303464463324,0.0359995883470315
Norm,Experiment2 Met176 #7 norm,,0.975912172230557,0.0678891408286173
Norm,Experiment2 Met176 #8 norm,,0.983818583842723,0.173315154022778
Norm,Experiment2 SAM #1 norm,,0.990568286412914,0.0144160633798235
Norm,Experiment2 SAM #2 norm,,0.971872619802708,0.0214466892000681
Norm,Experiment2 SAM #3 norm,,0.98041181279304,0.0333606948319137
Norm,Experiment2 SAM #4 norm,,1.01246361336364,0.0450154957354393
Norm,Experiment2 SAM #5 norm,,1.01495764490914,0.0227063314124132
Norm,Experiment2 SAM #6 norm,,1.00149960971565,0.0572493124180719
Norm,Experiment2 SAM #7 norm,,0.974105943125196,0.0741458793640715
Norm,Experiment2 SAM #8 norm,,1.00117545768141,0.0719240355633806
Norm,Experiment2 CIT465 #1 norm,,0.99319774864504,0.0126440527760173
Norm,Experiment2 CIT465 #2 norm,,0.977767295129791,0.0103113495579626
Norm,Experiment2 CIT465 #3 norm,,0.96193442204563,0.0123699854780595
Norm,Experiment2 CIT465 #4 norm,,0.992736172168908,0.0126552567288165
Norm,Experiment2 CIT465 #5 norm,,0.961554338710755,0.0155896730263696
Norm,Experiment2 CIT465 #6 norm,,1.00204763774818,0.0118036983666115
Norm,Experiment2 CIT465 #7 norm,,0.981013072073262,0.0152316714144791
Norm,Experiment2 CIT465 #8 norm,,1.02873998776672,0.0221010897278786
Norm,Experiment2 MAL335 #1 norm,,0.982120270607245,0.0114876832175484
Norm,Experiment2 MAL335 #2 norm,,0.964129447402005,0.0133561414086042
Norm,Experiment2 MAL335 #3 norm,,1.00706592124223,0.0130876682066356
Norm,Experiment2 MAL335 #4 norm,,1.02370980695904,0.0120490820870192
Norm,Experiment2 MAL335 #5 norm,,0.97864923332573,0.0148513050023974
Norm,Experiment2 MAL335 #6 norm,,0.99018211657203,0.015916789680741
Norm,Experiment2 MAL335 #7 norm,,0.958427074047676,0.0201939849497618
Norm,Experiment2 MAL335 #8 norm,,1.03278236807319,0.0400510268892333
Norm,Experiment2 ASP334 #1 norm,,0.99468603576029,0.0160210014428053
Norm,Experiment2 ASP334 #2 norm,,0.980924177362712,0.0236129850551974
Norm,Experiment2 ASP334 #3 norm,,0.94708626635104,0.0174180568863466
Norm,Experiment2 ASP334 #4 norm,,0.973309531682593,0.0218779061650616
Norm,Experiment2 ASP334 #5 norm,,1.0289288997326,0.0248337564442041
Norm,Experiment2 ASP334 #6 norm,,0.937386293804331,0.0549542233101818
Norm,Experiment2 ASP334 #7 norm,,0.994735500639082,0.0551259526068151
Norm,Experiment2 ASP334 #8 norm,,0.979513187085257,0.0410605479308851
Norm,Experiment2 GLU348 #1 norm,,1.02553652897635,0.0120161428270226
Norm,Experiment2 GLU348 #2 norm,,0.985269634485212,0.0122151149967996
Norm,Experiment2 GLU348 #3 norm,,0.97732237260798,0.0115165885353786
Norm,Experiment2 GLU348 #4 norm,,0.986162681087055,0.0153699243747084
Norm,Experiment2 GLU348 #5 norm,,0.945765961125359,0.0288487649401549
Norm,Experiment2 GLU348 #6 norm,,0.964559612780095,0.0148456035286462
Norm,Experiment2 GLU348 #7 norm,,0.98122367774651,0.0234462113914002
Norm,Experiment2 GLU348 #8 norm,,0.913393450041314,0.0505376275924969
Norm,Experiment2 THR320 #1 norm,,0.988549315529434,0.0100347624500597
Norm,Experiment2 THR320 #2 norm,,1.00024486216864,0.01174784176993
Norm,Experiment2 THR320 #3 norm,,1.05355148677943,0.0110020452812843
Norm,Experiment2 THR320 #4 norm,,1.00219139803239,0.0111993658982035
Norm,Experiment2 THR320 #5 norm,,0.97643487242683,0.0210604737010714
Norm,Experiment2 THR320 #6 norm,,0.959433218389599,0.0101044606185867
Norm,Experiment2 THR320 #7 norm,,0.965400250102349,0.0135949461999065
Norm,Experiment2 THR320 #8 norm,,0.915399401784684,0.0355169018685477
Norm,Experiment2 ALA116 #1 norm,,1.00998276250372,0.010106009175961
Norm,Experiment2 ALA116 #2 norm,,0.996715781755144,0.00985254930821501
Norm,Experiment2 ALA116 #3 norm,,1.00873140583143,0.0102197550402312
Norm,Experiment2 ALA116 #4 norm,,1.01895756154913,0.0280048404625629
Norm,Experiment2 ALA116 #5 norm,,1.05660650790286,0.0757612068361021
Norm,Experiment2 ALA116 #6 norm,,0.983413854778026,0.0776731088436153
Norm,Experiment2 ALA116 #7 norm,,0.990246749995962,0.0719973983385454
Norm,Experiment2 ALA116 #8 norm,,1.02708267421606,0.215571300010614
Norm,Experiment2 PYR #1 norm,,0.964917050474597,0.0122898659372876
Norm,Experiment2 PYR #2 norm,,0.881493150272515,0.0507846547894676
Norm,Experiment2 PYR #3 norm,,0.922005286920866,0.0583752406007313
Norm,Experiment2 PYR #4 norm,,1.08430179429387,0.0559527809178224
Norm,Experiment2 PYR #5 norm,,1.01881878721877,0.100097214324456
Norm,Experiment2 PYR #6 norm,,0.964841180650915,0.12083990981476
Norm,Experiment2 PYR #7 norm,,1.02308628686612,0.0695769936410034
Norm,Experiment2 PYR #8 norm,,0.956448596495165,0.149638553498211
