type,id,eqn,val,std
Net flux,CO2.t,CO2.t -> CO2,62.9849463449108,1.52701109751569
Net flux,CO2_sink,dummy -> Sink,62.9849463449108,1.52701109751569
Net flux,RUBICSO_CO2,RUBP.p + CO2 -> 3PGA.p + 3PGA.p + dummy,64.5190081016319,1.53245558299404
Net flux,GAPDH.p net,3PGA.p <-> TP.p,131.04335004027,3.05164214923521
Exch flux,GAPDH.p exch,3PGA.p <-> TP.p,1.76579853672365e-06,2.15788883418122e-13
Net flux,ALD,TP.p + E4P.p -> SBP,22.1877127507662,0.512329514832978
Net flux,SBP,SBP -> S7P.p,22.1877127507662,0.512329514832978
Net flux,FBA.p net,TP.p + TP.p <-> FBP.p,29.3675533097994,0.781853299959937
Exch flux,FBA.p exch,TP.p + TP.p <-> FBP.p,54800.0625006051,5957.1634556263
Net flux,PFK.p net,FBP.p <-> F6P.p,29.3675533097994,0.781853299959937
Exch flux,PFK.p exch,FBP.p <-> F6P.p,66296.7734681657,11373.6780936572
Net flux,TK1 net,TP.p + EC2 <-> X5P.p,44.3754255015374,1.02465902966596
Exch flux,TK1 exch,TP.p + EC2 <-> X5P.p,72265.8065009044,11418.8357434822
Net flux,TK2 net,S7P.p <-> R5P.p + EC2,22.1877127507662,0.512329514832978
Exch flux,TK2 exch,S7P.p <-> R5P.p + EC2,38.1949429250983,6755.61425250907
Net flux,TK3 net,F6P.p <-> E4P.p + EC2,22.187712750776,0.512329514832978
Exch flux,TK3 exch,F6P.p <-> E4P.p + EC2,81958.4091391319,11426.4609789415
Net flux,PPE net,X5P.p <-> RU5P.p,44.3754255015374,1.02465902966596
Exch flux,PPE exch,X5P.p <-> RU5P.p,72343.7227792544,10684.1692781443
Net flux,PPI net,R5P.p <-> RU5P.p,22.1877127507662,0.512329514832978
Exch flux,PPI exch,R5P.p <-> RU5P.p,236.85496196985,11472.8406468664
Net flux,PRK,RU5P.p -> RUBP.p,66.5631382522987,1.53698854453844
Net flux,RUBISCO_O2,RUBP.p -> 3PGA.p + 2PG.p,2.04413015066674,0.0847474987407379
Net flux,GLYdil net,GLY.p <-> GLY.x + dummyGLY,0.0146356554164058,0.00175119747067431
Exch flux,GLYdil exch,GLY.p <-> GLY.x + dummyGLY,1.0000000116861e-07,0
Net flux,SERdil net,SER.p <-> SER.x + dummySER,0.0500445707150874,0.0059879620550209
Exch flux,SERdil exch,SER.p <-> SER.x + dummySER,0.015598712974338,0.0655073339943403
Net flux,GK,GA.p -> 3PGA.p,0.573689348341293,0.0735752434710229
Net flux,PGI.p net,F6P.p <-> G6P.p,7.17984055902591,0.414410955177083
Exch flux,PGI.p exch,F6P.p <-> G6P.p,1.00010883130608e-07,10990.3055303849
Net flux,PGM.p,G6P.p -> ADPG.p,7.17984055902592,0.414410955177083
Net flux,Starch,ADPG.p -> Starch,7.17984055902589,0.414410955177083
Net flux,FBA.c net,TP.c + TP.c <-> FBP.c,2.87255258418737,0.343709025162804
Exch flux,FBA.c exch,TP.c + TP.c <-> FBP.c,18.5669740748717,6368.36848831146
Net flux,PFK.c net,FBP.c <-> F6P.c,2.87255258418739,0.343709025162804
Exch flux,PFK.c exch,FBP.c <-> F6P.c,3.37260208023949,11278.0263456774
Net flux,PGI.c net,F6P.c <-> G6P.c,1.43627629209371,0.171854512581402
Exch flux,PGI.c exch,F6P.c <-> G6P.c,227.876424257456,10643.1236327386
Net flux,PGM.c net,G6P.c <-> UDPG.c,1.43627629209368,0.171854512581402
Exch flux,PGM.c exch,G6P.c <-> UDPG.c,48481.7164167665,10923.1612780031
Net flux,SPS,F6P.c + UDPG.c -> S6P,1.43627629209366,0.171854512581402
Net flux,PGAM.c net,3PGA.c <-> PEP.c,0.612485662001101,0.0732856373820913
Exch flux,PGAM.c exch,3PGA.c <-> PEP.c,8.37380451979349,11291.7450249029
Net flux,PK.c,PEP.c -> PYR.c,0.278020001860491,0.0332658776359168
Net flux,PDH,PYR.c + dummy -> ACA + CO2,0.231384110656523,0.0276857611907074
Net flux,CS,OAA + ACA -> CIT,0.231384110656519,0.0276857611907074
Net flux,ACO net,CIT <-> ICI,0.231384110656563,0.0276857611907074
Exch flux,ACO exch,CIT <-> ICI,1455.49146745049,6482.46354451705
Net flux,IDH,ICI + dummy -> AKG + CO2,0.231384110656536,0.0276857611907074
Net flux,MDH net,MAL <-> OAA,7.105427357601e-15,0
Exch flux,MDH exch,MAL <-> OAA,0.178770002199464,0.116416787282077
Net flux,PPC,PEP.c + CO2 -> OAA + dummy,0.334465660140586,0.0400197597245135
Net flux,T_3PGA net,3PGA.p <-> 3PGA.c,0.612485662001077,0.0732856373820913
Exch flux,T_3PGA exch,3PGA.p <-> 3PGA.c,1.0000000116861e-07,0
Net flux,T_DHAP net,TP.p <-> TP.c,5.7451051683748,0.687418050325607
Exch flux,T_DHAP exch,TP.p <-> TP.c,9.99999998363421e-08,0
Net flux,ALT,PYR.c -> ALA.c,0.046635891204276,0.00558011597423117
Net flux,ASPT,OAA -> ASP,0.103081549483593,0.0123339978911622
Net flux,GLUDH,AKG -> GLU,0.231384110656513,0.0276857611907074
Net flux,PCR net,GLU <-> PRO,-2.48689957516035e-14,0
Exch flux,PCR exch,GLU <-> PRO,1.0000000116861e-07,0
Net flux,GS net,GLU <-> GLN,0,0
Exch flux,GS exch,GLU <-> GLN,1.00064333707905e-07,0
Net flux,TS net,ASP <-> THR,0,0
Exch flux,TS exch,ASP <-> THR,0.00933716476354363,0.02361419650477
Net flux,AS net,ASP <-> ASN,1.06581410364015e-14,0
Exch flux,AS exch,ASP <-> ASN,1.0000000116861e-07,0
Net flux,G_3PGA.p,0*3PGA.p -> 3PGA,2.1022374170343e-06,16189.4706692939
Net flux,G_3PGA.c,0*3PGA.c -> 3PGA,92.9119084889662,12066.1556317169
Net flux,G_DHAP.p,0*TP.p -> TP,40.6853798422514,15674.5111958613
Net flux,G_DHAP.c,0*TP.c -> TP,51.8471856998323,12066.1556317169
Net flux,G_F6P.p,0*F6P.p -> F6P,48.6686345032613,15465.2153466315
Net flux,G_F6P.c,0*F6P.c -> F6P,36.5465768177337,12066.1556317169
Net flux,G_FBP.p,0*FBP.p -> FBP,2.10223446117652e-06,15554.5784125145
Net flux,G_FBP.c,0*FBP.c -> FBP,83.4512313387802,12066.1556317169
Net flux,G_G6P.p,0*G6P.p -> G6P,19.0549768395407,15849.6513237239
Net flux,G_G6P.c,0*G6P.c -> G6P,58.8549499996569,12066.1556317169
Net flux,G_RU5P.p,0*RU5P.p -> P5P,2.10222547636363e-06,16108.1403329207
Net flux,G_X5P.p,0*X5P.p -> P5P,92.8477694980079,12066.1556317169
Net flux,G_R5P.p,0*R5P.p -> R5P,82.2810779887508,9884.34881172265
Net flux,G_GA.p,0*GA.p -> GA,41.7345498215667,4.34450532643333
Net flux,G_SER.p,0*SER.p -> SER,81.4544812682469,11501.4002460731
Net flux,G_GLY.p,0*GLY.p -> GLY,1.00000015379464e-07,3.59524403326409e-12
Net flux,G_RUBP.p,0*RUBP.p -> RUBP,92.5302752674636,11211.0981968084
Net flux,G_S7P.p,0*S7P.p -> S7P,98.4567310636578,10379.8383217953
Net flux,G_2PG.p,0*2PG.p -> 2PG,87.0427532708633,10992.0292735898
Net flux,G_ADPG.p,0*ADPG.p -> ADPG,95.0805622184582,10888.561070855
Net flux,G_PEP.c,0*PEP.c -> PEP,89.2305410447667,10694.8132370145
Net flux,G_UDPG.c,0*UDPG.c -> UDPG,72.4268033047895,10606.2886939185
Net flux,G_ALA.c,0*ALA.c -> ALA,99.9999998999998,0
Net flux,(1-G)_GA,0*GA.x -> GA,58.2654501784353,4.34450532643333
Net flux,(1-G)_SER,0*SER.x -> SER,18.5454958168024,5.01126367852018
Net flux,(1-G)_GLY,0*GLY.x -> GLY,56.1295703346055,6.42429209675067
Net flux,(1-G)_R5P,0*R5P.x -> R5P,17.7189220112461,9884.34881172265
Net flux,(1-G)_RUBP,0*RUBP.x -> RUBP,7.46972473253513,11211.0981968084
Net flux,(1-G)_3PGA,0*3PGA.x -> 3PGA,7.08808940879664,10793.833833403
Net flux,(1-G)_TP,0*TP.x -> TP,7.46743445791693,10004.9082704624
Net flux,(1-G)_F6P,0*F6P.x -> F6P,14.7847886790088,9673.71562476761
Net flux,(1-G)_FBP,0*FBP.x -> FBP,16.5487665589801,9815.94610122973
Net flux,(1-G)_G6P,0*G6P.x -> G6P,22.0900731608007,10277.1268044531
Net flux,(1-G)_RU5P,0*RU5P.x -> P5P,7.15222839976807,10671.4606899081
Net flux,(1-G)_S7P,0*S7P.x -> S7P,1.54326893634015,10379.8383217953
Net flux,(1-G)_2PG,0*2PG.x -> 2PG,12.9572467291391,10992.0292735898
Net flux,(1-G)_ADPG,0*ADPG.x -> ADPG,4.91943778154073,10888.561070855
Net flux,(1-G)_PEP,0*PEP.x -> PEP,10.7694589552315,10694.8132370145
Net flux,(1-G)_UDPG,0*UDPG.x -> UDPG,27.5731966952117,10606.2886939185
Net flux,(1-G)_ALA,0*ALA.x -> ALA,1.0000000116861e-07,0
Net flux,PGASink,3PGA -> Sink,100,0
Net flux,DHAPSink,TP -> Sink,100.000000000001,0
Net flux,F6PSink,F6P -> Sink,100.000000000004,0
Net flux,FBPSink,FBP -> Sink,99.9999999999948,0
Net flux,G6PSink,G6P -> Sink,99.9999999999983,0
Net flux,P5PSink,P5P -> Sink,100.000000000001,0
Net flux,R5PSink,R5P -> Sink,99.9999999999968,0
Net flux,GASink,GA -> Sink,100.000000000002,0
Net flux,SERSink,SER -> Sink,99.9999999999996,0
Net flux,GLYSink,GLY -> Sink,100.000000000001,0
Net flux,RUBPSink,RUBP -> Sink,99.9999999999987,0
Net flux,S7PSink,S7P -> Sink,99.9999999999979,0
Net flux,2PGSink,2PG -> Sink,100.000000000002,0
Net flux,ADPGSink,ADPG -> Sink,99.9999999999989,0
Net flux,PEPSink,PEP -> Sink,99.9999999999983,0
Net flux,UDPGSink,UDPG -> Sink,100.000000000001,0
Net flux,ALASink,ALA -> Sink,99.9999999999998,0
Net flux,S6Pout-LL,S6P + 0.1611*GLU + 0.07177*ASP + 0.03247*ALA.c + 0.01019*dummyGLY + 0.03484*dummySER -> Sink,1.43627629209369,0.171854512581402
Net flux,PGP.p,2PG.p -> Glyc.p,2.04413015066675,0.0847474987407379
Net flux,GOX,Glyc.p -> Glyx.p,2.04413015066677,0.0847474987407379
Net flux,GGT,Glyx.p -> GLY.p,2.04413015066676,0.0847474987407379
Net flux,SGAT,SER.p -> HPA.p,0.573689348341282,0.0735752434710229
Net flux,HPR.p,HPA.p -> GA.p,0.573689348341277,0.0735752434710229
Net flux,T_GLY-m net,GLY.p <-> GLY.m,2.02963341816212,10723.5900375894
Exch flux,T_GLY-m exch,GLY.p <-> GLY.m,24861.8263548959,10974.322344252
Net flux,GDC.m,GLY.m + dummy -> myTHF.m + CO2,1.40575919554882,0.0862232653039626
Net flux,T_SER-m net,SER.p <-> SER.m,-1.40575919554883,0.0862232653039626
Exch flux,T_SER-m exch,SER.p <-> SER.m,27.1669292654837,10670.3387184181
Net flux,mSHMT,GLY.m + myTHF.m -> SER.m,1.40575919554882,0.0862232653039626
Net flux,T_SER-c net,SER.p <-> SER.c,0.782025276492442,0.135732832755914
Exch flux,T_SER-c exch,SER.p <-> SER.c,1.00000530522948e-07,4.3229509792504e-13
Net flux,T_Gly-c net,GLY.p <-> GLY.c,-0.000138922914885597,10723.590037256
Exch flux,T_Gly-c exch,GLY.p <-> GLY.c,9.99999998363421e-08,0
Net flux,cSHMT,SER.c -> GLY.c + meTHF.c,0.782025176492445,0.135732831795392
Net flux,FmTHF-reductase net,meTHF.c <-> FmTHF.c,0.782025176492446,0.135732831795392
Exch flux,FmTHF-reductase exch,meTHF.c <-> FmTHF.c,7.83648742463968,10598.551060703
Net flux,Met-synthase,FmTHF.c + Hcy.c -> Met.c,0.782025176492425,0.135732831795392
Net flux,SAM-synthase,Met.c -> SAM.c,0.782025176492434,0.135732831795392
Net flux,Methylation,SAM.c -> SAH.c + Acceptor.c,0.782025176492429,0.135732831795392
Net flux,hydrolysis,SAH.c -> Hcy.c,0.782025176492422,0.135732831795392
Net flux,G_SER.m,0*SER.m -> SER,1.0000000116861e-07,0
Net flux,G_SER.c,0*SER.c -> SER,2.28149502063957e-05,11501.3991544004
Net flux,G_Gly.m,0*GLY.m -> GLY,1.0000000116861e-07,3.82439052929393e-13
Net flux,G_Gly.c,0*GLY.c -> GLY,43.8704294653957,6.42429209675067
Net flux,T_GLY-c-m,GLY.c -> GLY.m,0.781884972932436,10723.590038121
Net flux,G_Glyc,0*Glyc.p -> Glyc,19.1280559156121,9.35069931878515
Net flux,G_Glyx,0*Glyx.p -> Glyx,99.5684249637412,11608.1468420765
Net flux,G_HPA,0*HPA.p -> HPA,5.74458504742248,1.95095672707169
Net flux,(1-G)_Glyc,0*Glyc.x -> Glyc,80.8719440843885,9.35069931878515
Net flux,(1-G)_Glyx,0*Glyx.x -> Glyx,0.43157503625963,11608.1468420765
Net flux,(1-G)_HPA,0*HPA.x -> HPA,94.2554149525774,1.95095672707169
Net flux,GlycSink,Glyc -> Sink,100.000000000001,0
Net flux,GlyxSink,Glyx -> Sink,100.000000000001,0
Net flux,HPASink,HPA -> Sink,99.9999999999998,0
Net flux,SERex,dummySER -> outSER,9.9997246483241e-08,6.44381354349727e-12
Net flux,G_PYR,0*PYR.c -> PYR,44.2760914589468,2.72497688687038
Net flux,(1-G)_PYR,0*PYR.x -> PYR,55.7239085410535,2.72497688687038
Net flux,PYRSink,PYR -> Sink,100,0
Net flux,G_meTHF,0*meTHF.c -> meTHF,99.9999998999999,0
Net flux,G_FmTHF,0*FmTHF.c -> FmTHF,76.7934171594257,5.68690086314641
Net flux,G_Met,0*Met.c -> Met,69.4924878503167,4.64920560294391
Net flux,G_SAM,0*SAM.c -> SAM,61.448918673515,4.6256219049042
Net flux,(1-G)_meTHF,0*meTHF.x -> meTHF,1.0000000116861e-07,0
Net flux,(1-G)_FmTHF,0*FmTHF.x -> FmTHF,23.2065828405744,5.68690086314641
Net flux,(1-G)_Met,0*Met.x -> Met,30.5075121496833,4.64920560294391
Net flux,(1-G)_SAM,0*SAM.x -> SAM,38.551081326485,4.6256219049042
Net flux,meTHFSink,meTHF -> Sink,99.9999999999999,0
Net flux,FmTHFSink,FmTHF -> Sink,100,0
Net flux,MetSink,Met -> Sink,100,0
Net flux,SAMsink,SAM -> Sink,100,0
Net flux,Met-protein,Met.c -> Protein,6.51983996113883e-15,0
Net flux,GLY-protein,GLY.c -> Protein,1.28064515081405e-06,3.46802281201276e-13
Net flux,SER-protein,SER.c -> Protein,9.99999985040745e-08,4.18168560761656e-13
Pool,2PG pool,,0,0
Pool,2PG.p pool,,3.90062192430878e-07,11306.7769154184
Pool,2PG.x pool,,1,Inf
Pool,3PGA pool,,0,0
Pool,3PGA.c pool,,0.015469678106636,0.00556514866322642
Pool,3PGA.p pool,,1.94965467942809e-06,10805.5608534682
Pool,3PGA.x pool,,1,Inf
Pool,ACA pool,,9.73062296864686e-07,11174.3456953176
Pool,ADPG pool,,0,0
Pool,ADPG.p pool,,9.9999999999999e-08,Inf
Pool,ADPG.x pool,,1,Inf
Pool,AKG pool,,1.0499036269107e-06,11352.6967881844
Pool,ALA pool,,0,0
Pool,ALA.c pool,,0.0235151846280946,0.0034504831454925
Pool,ALA.x pool,,1,Inf
Pool,ASN pool,,7567.45051226077,11406.1695841849
Pool,ASP pool,,1.00000000000002e-07,0
Pool,Acceptor.c pool,,1,Inf
Pool,CIT pool,,3.90548468446477,0.991126540171679
Pool,CO2 pool,,0.398454495284512,0.205812724069185
Pool,CO2.t pool,,1,Inf
Pool,E4P.p pool,,0,0
Pool,EC2 pool,,0,0
Pool,F6P pool,,0,0
Pool,F6P.c pool,,3.13011071776826e-06,10894.7827805627
Pool,F6P.p pool,,1.2917425084559e-06,10701.466556254
Pool,F6P.x pool,,1,Inf
Pool,FBP pool,,0,0
Pool,FBP.c pool,,2.98450411752864e-06,10914.9599097044
Pool,FBP.p pool,,1.27593873779776e-06,10672.7575303504
Pool,FBP.x pool,,1,Inf
Pool,FmTHF pool,,5.87676164102931,2.77171904371719
Pool,FmTHF.c pool,,1e-07,0
Pool,FmTHF.x pool,,1,Inf
Pool,G6P pool,,0,0
Pool,G6P.c pool,,8.5422338897324e-06,10994.0223662516
Pool,G6P.p pool,,3.33454221766129e-06,10554.2208177787
Pool,G6P.x pool,,1,Inf
Pool,GA pool,,0,0
Pool,GA.p pool,,2.25702884752621e-07,10479.552223863
Pool,GA.x pool,,1,Inf
Pool,GLN pool,,8.83867754937131,11214.3401695225
Pool,GLU pool,,1.04990534186679e-06,10730.4356414284
Pool,GLY pool,,0,0
Pool,GLY.c pool,,1.00000000002876e-07,0
Pool,GLY.m pool,,1.00000000000057e-07,0
Pool,GLY.p pool,,9.99999999999753e-08,0
Pool,GLY.x pool,,1,Inf
Pool,Glyc pool,,47.1260955987429,35.437921669477
Pool,Glyc.p pool,,3.94623426819673e-07,11034.9710954212
Pool,Glyc.x pool,,1,Inf
Pool,Glyx pool,,975.963742432011,344.148531295054
Pool,Glyx.p pool,,4.38018846572417e-07,11615.0554255203
Pool,Glyx.x pool,,1,Inf
Pool,HPA pool,,0.000183956019730788,11100.7126306936
Pool,HPA.p pool,,2.24337354867931e-07,10908.0792131268
Pool,HPA.x pool,,1,Inf
Pool,Hcy.c pool,,1,Inf
Pool,ICI pool,,0.00323034355178208,11242.2589430901
Pool,MAL pool,,0.505279425841181,0.291136991002828
Pool,Met pool,,7.62363732517328e-05,10721.6602522843
Pool,Met.c pool,,2.14819266044556e-07,10975.4491010762
Pool,Met.x pool,,1,Inf
Pool,OAA pool,,0.298129089588402,0.0657569434463088
Pool,P5P pool,,0,0
Pool,PEP pool,,0,0
Pool,PEP.c pool,,5.12722264457548e-06,10814.9569858584
Pool,PEP.x pool,,1,Inf
Pool,PRO pool,,5.3949963832825,11438.2370799893
Pool,PYR pool,,7.22149282283979,2.22746699006228
Pool,PYR.c pool,,9.99999999998398e-08,0
Pool,PYR.x pool,,1,Inf
Pool,Protein pool,,1,Inf
Pool,R5P pool,,0,0
Pool,R5P.p pool,,1.80569541266444e-06,11508.2330735889
Pool,R5P.x pool,,1,Inf
Pool,RU5P.p pool,,1.40933738421386e-06,11008.2691809544
Pool,RU5P.x pool,,1,Inf
Pool,RUBP pool,,0,0
Pool,RUBP.p pool,,1.29637762013654e-06,10798.3122089906
Pool,RUBP.x pool,,1,Inf
Pool,S6P pool,,1,Inf
Pool,S7P pool,,0,0
Pool,S7P.p pool,,1.11990038397624e-06,11472.9674993323
Pool,S7P.x pool,,1,Inf
Pool,SAH.c pool,,1,Inf
Pool,SAM pool,,4.22036018351309,2.38482680148017
Pool,SAM.c pool,,8.38537877841141e-07,10829.021970419
Pool,SAM.x pool,,1,Inf
Pool,SBP pool,,0,0
Pool,SER pool,,0,0
Pool,SER.c pool,,1.00000000002876e-07,0
Pool,SER.m pool,,1.00000000058387e-07,0
Pool,SER.p pool,,0.551136712222975,0.0436049345635902
Pool,SER.x pool,,1,Inf
Pool,Sink pool,,1,Inf
Pool,Starch pool,,1,Inf
Pool,THR pool,,0.0289739062565301,0.0716262019424984
Pool,TP pool,,0,0
Pool,TP.c pool,,3.4958346433211e-06,11398.5244941056
Pool,TP.p pool,,2.02878304704521e-06,10898.8879697658
Pool,TP.x pool,,1,Inf
Pool,UDPG pool,,0,0
Pool,UDPG.c pool,,1.00000000002876e-07,0
Pool,UDPG.x pool,,1,Inf
Pool,X5P.p pool,,1.42985198027253e-06,11380.7646199613
Pool,dummy pool,,1,Inf
Pool,dummyGLY pool,,1,Inf
Pool,dummySER pool,,1,Inf
Pool,meTHF pool,,6.00508105125294e-05,10901.3678081243
Pool,meTHF.c pool,,1e-07,0
Pool,meTHF.x pool,,1,Inf
Pool,myTHF.m pool,,1.00000000002876e-07,0
Pool,outSER pool,,1,Inf
Norm,Experiment2 Glyc205 #1 norm,,0.943663263018552,0.0338088346207066
Norm,Experiment2 Glyc205 #2 norm,,0.993448539057974,0.0150578202391593
Norm,Experiment2 Glyc205 #3 norm,,0.962185202632457,0.0202701998157016
Norm,Experiment2 Glyc205 #4 norm,,0.981273816446008,0.0193275010702228
Norm,Experiment2 Glyc205 #5 norm,,1.01759669075937,0.0242871258549586
Norm,Experiment2 Glyc205 #6 norm,,0.985151493752012,0.0256100354716386
Norm,Experiment2 Glyc205 #7 norm,,1.02375700117902,0.0369318715545725
Norm,Experiment2 Glyc205 #8 norm,,0.942731168771657,0.104091478676353
Norm,Experiment2 Glyx160 #1 norm,,1.01617172842121,0.0115332127594325
Norm,Experiment2 Glyx160 #2 norm,,0.979875849162748,0.0113689680348853
Norm,Experiment2 Glyx160 #3 norm,,0.982291404847602,0.0122007841913528
Norm,Experiment2 Glyx160 #4 norm,,0.97918345823017,0.0162171952334172
Norm,Experiment2 Glyx160 #5 norm,,0.978998367163363,0.0142423972411774
Norm,Experiment2 Glyx160 #6 norm,,0.988014613780113,0.0207003527117538
Norm,Experiment2 Glyx160 #7 norm,,0.993699617170183,0.0306053252431042
Norm,Experiment2 Glyx160 #8 norm,,0.918793467923596,0.10960028581682
Norm,Experiment2 GLY276 #1 norm,,0.984776427002925,0.0103044275265959
Norm,Experiment2 GLY276 #2 norm,,0.945106583128473,0.0195921985635091
Norm,Experiment2 GLY276 #3 norm,,1.06382951020448,0.0192509996448676
Norm,Experiment2 GLY276 #4 norm,,1.03941565081521,0.0175920449109531
Norm,Experiment2 GLY276 #5 norm,,0.975528466860061,0.0352688698849749
Norm,Experiment2 GLY276 #6 norm,,1.04549533231766,0.0906687177884948
Norm,Experiment2 GLY276 #7 norm,,0.985993591982949,0.17226830450393
Norm,Experiment2 GLY276 #8 norm,,0.934731326146557,0.178990405848377
Norm,Experiment2 HPA262 #1 norm,,0.990339883751102,0.0202475800588305
Norm,Experiment2 HPA262 #2 norm,,1.05696567243484,0.026670456175444
Norm,Experiment2 HPA262 #3 norm,,0.949615664740183,0.0233056338186537
Norm,Experiment2 HPA262 #4 norm,,0.993973075959146,0.0309884109691333
Norm,Experiment2 HPA262 #5 norm,,0.944710854078664,0.0220195899639719
Norm,Experiment2 HPA262 #6 norm,,0.962275062925017,0.027419766991028
Norm,Experiment2 HPA262 #7 norm,,0.994060311864282,0.0232241424523537
Norm,Experiment2 HPA262 #8 norm,,1.02774815831842,0.0430038067699096
Norm,Experiment2 GA307 #1 norm,,1.02284183415348,0.0111916889595919
Norm,Experiment2 GA307 #2 norm,,0.910439860395239,0.0302052642365146
Norm,Experiment2 GA307 #3 norm,,0.891803915358214,0.0213968151761957
Norm,Experiment2 GA307 #4 norm,,0.946860434008349,0.0241611238862406
Norm,Experiment2 GA307 #5 norm,,0.954832494478358,0.0706564841409153
Norm,Experiment2 GA307 #6 norm,,0.839904356223412,0.0957867462503004
Norm,Experiment2 GA307 #7 norm,,0.926615411034133,0.0688267517992995
Norm,Experiment2 GA307 #8 norm,,0.997460380361178,0.130748291827189
Norm,Experiment2 SER306 #1 norm,,0.998144730849345,0.013150303917252
Norm,Experiment2 SER306 #2 norm,,1.02195130894167,0.0380931077359588
Norm,Experiment2 SER306 #3 norm,,0.994189811833548,0.0194061607154587
Norm,Experiment2 SER306 #4 norm,,0.959033750298733,0.0239079225438358
Norm,Experiment2 SER306 #5 norm,,0.989853250172031,0.0566789239593938
Norm,Experiment2 SER306 #6 norm,,0.995890717711761,0.122917573207698
Norm,Experiment2 SER306 #7 norm,,0.957843982080694,0.0836307797169074
Norm,Experiment2 SER306 #8 norm,,1.00592858969729,0.108071590165911
Norm,Experiment2 meTHF #1 norm,,1.0170643953245,0.00989017795942271
Norm,Experiment2 meTHF #2 norm,,0.970293648315909,0.0138094014353908
Norm,Experiment2 meTHF #3 norm,,1.0074439552782,0.0268521602448325
Norm,Experiment2 meTHF #4 norm,,1.02506190338378,0.0267622048313085
Norm,Experiment2 meTHF #5 norm,,0.969406894996568,0.0763375480220575
Norm,Experiment2 meTHF #6 norm,,1.03034973603409,0.120716720929992
Norm,Experiment2 meTHF #7 norm,,1.02212589475889,0.197925818907438
Norm,Experiment2 meTHF #8 norm,,0.977032605857289,0.0700441571941843
Norm,Experiment2 FmTHF #1 norm,,0.991827559633351,0.00987491236397601
Norm,Experiment2 FmTHF #2 norm,,0.996876295374527,0.0114592014961208
Norm,Experiment2 FmTHF #3 norm,,1.00703213760645,0.0101599190069563
Norm,Experiment2 FmTHF #4 norm,,1.00341256015251,0.0216193003006393
Norm,Experiment2 FmTHF #5 norm,,0.994028055132018,0.0380195980559914
Norm,Experiment2 FmTHF #6 norm,,0.995216619703922,0.062832337627111
Norm,Experiment2 FmTHF #7 norm,,0.995456182303171,0.103077517227005
Norm,Experiment2 FmTHF #8 norm,,0.997425591256679,0.0754591250728308
Norm,Experiment2 Met176 #1 norm,,0.993194006798457,0.0239377601645203
Norm,Experiment2 Met176 #2 norm,,0.923249429196544,0.0356272046838233
Norm,Experiment2 Met176 #3 norm,,0.920867895655645,0.0326814450709952
Norm,Experiment2 Met176 #4 norm,,0.822452088209932,0.080775999027703
Norm,Experiment2 Met176 #5 norm,,0.917917832254871,0.0628614314184081
Norm,Experiment2 Met176 #6 norm,,1.02992571834848,0.0343896245567821
Norm,Experiment2 Met176 #7 norm,,0.998934247411043,0.0591502466428408
Norm,Experiment2 Met176 #8 norm,,1.02946627206096,0.157249155503701
Norm,Experiment2 SAM #1 norm,,0.994713414968675,0.0146023010718074
Norm,Experiment2 SAM #2 norm,,0.992735813281485,0.0227547625124959
Norm,Experiment2 SAM #3 norm,,0.977803020010245,0.0331268324795226
Norm,Experiment2 SAM #4 norm,,0.935508446109047,0.0404841866488012
Norm,Experiment2 SAM #5 norm,,0.994239716704827,0.0263113808739159
Norm,Experiment2 SAM #6 norm,,1.05296355188585,0.0598737235209725
Norm,Experiment2 SAM #7 norm,,1.02461333346502,0.0756612188093602
Norm,Experiment2 SAM #8 norm,,0.999191861697057,0.0713391619148413
Norm,Experiment2 CIT465 #1 norm,,0.990528743233342,0.012395643136402
Norm,Experiment2 CIT465 #2 norm,,0.990659920899968,0.010389737008045
Norm,Experiment2 CIT465 #3 norm,,1.02914111542478,0.0134698299436562
Norm,Experiment2 CIT465 #4 norm,,0.980735657783873,0.0127542261617547
Norm,Experiment2 CIT465 #5 norm,,0.96982945336982,0.0157223513040383
Norm,Experiment2 CIT465 #6 norm,,0.975016865586315,0.0115268911360372
Norm,Experiment2 CIT465 #7 norm,,0.988731296890415,0.0147442695759826
Norm,Experiment2 CIT465 #8 norm,,0.991374121085817,0.0190618623568248
Norm,Experiment2 MAL335 #1 norm,,0.967728095898246,0.0116784000432712
Norm,Experiment2 MAL335 #2 norm,,0.999878826439874,0.0137126510051547
Norm,Experiment2 MAL335 #3 norm,,0.965626976331792,0.0128094402589
Norm,Experiment2 MAL335 #4 norm,,1.00789178059243,0.0121490126628305
Norm,Experiment2 MAL335 #5 norm,,0.998385299498727,0.014834422005176
Norm,Experiment2 MAL335 #6 norm,,0.989584832514722,0.0158359834412405
Norm,Experiment2 MAL335 #7 norm,,0.994954349853031,0.0200165566145456
Norm,Experiment2 MAL335 #8 norm,,0.969525983261166,0.0410468586678618
Norm,Experiment2 ASP334 #1 norm,,0.959049597135127,0.0154976387259788
Norm,Experiment2 ASP334 #2 norm,,0.924242863380915,0.0210699844799499
Norm,Experiment2 ASP334 #3 norm,,0.970129073731035,0.0176273053401471
Norm,Experiment2 ASP334 #4 norm,,0.987850331583693,0.0226083243585947
Norm,Experiment2 ASP334 #5 norm,,0.98512087583184,0.0275270629969798
Norm,Experiment2 ASP334 #6 norm,,0.983428050985549,0.0616386784530139
Norm,Experiment2 ASP334 #7 norm,,0.929714423605766,0.0523932976896086
Norm,Experiment2 ASP334 #8 norm,,0.981178524300666,0.0345304185245327
Norm,Experiment2 GLU348 #1 norm,,1.00981147529549,0.0119260627598738
Norm,Experiment2 GLU348 #2 norm,,1.01848229072643,0.0127395756213562
Norm,Experiment2 GLU348 #3 norm,,0.972701157918302,0.0117002600532869
Norm,Experiment2 GLU348 #4 norm,,0.9850982580236,0.0153512928487957
Norm,Experiment2 GLU348 #5 norm,,0.98957490514988,0.0313617181054174
Norm,Experiment2 GLU348 #6 norm,,0.970008032477039,0.0151066499275169
Norm,Experiment2 GLU348 #7 norm,,0.986418204246703,0.0227203401863818
Norm,Experiment2 GLU348 #8 norm,,0.933103345896662,0.0516766745661972
Norm,Experiment2 THR320 #1 norm,,1.00837119590035,0.010402765670952
Norm,Experiment2 THR320 #2 norm,,1.00138125955261,0.0118182436225693
Norm,Experiment2 THR320 #3 norm,,0.997329604138285,0.0103836492490044
Norm,Experiment2 THR320 #4 norm,,1.00627457690475,0.0109806980000105
Norm,Experiment2 THR320 #5 norm,,0.928454158244218,0.0190976679079639
Norm,Experiment2 THR320 #6 norm,,0.99474737872418,0.0108880160775847
Norm,Experiment2 THR320 #7 norm,,1.01390242720637,0.0163357184019442
Norm,Experiment2 THR320 #8 norm,,0.992758688922158,0.0424622669841074
Norm,Experiment2 ALA116 #1 norm,,1.01149434306291,0.0100854628063882
Norm,Experiment2 ALA116 #2 norm,,1.01403686670262,0.0101535602796939
Norm,Experiment2 ALA116 #3 norm,,1.00343879279909,0.0111417691570259
Norm,Experiment2 ALA116 #4 norm,,0.990870246322246,0.0249574923915978
Norm,Experiment2 ALA116 #5 norm,,0.96739943722821,0.0706068272716985
Norm,Experiment2 ALA116 #6 norm,,1.00748325142992,0.0791555204298455
Norm,Experiment2 ALA116 #7 norm,,0.999043365095569,0.065894218161116
Norm,Experiment2 ALA116 #8 norm,,0.733565369703819,0.140626920207283
Norm,Experiment2 PYR #1 norm,,0.99189052378122,0.0123420579126679
Norm,Experiment2 PYR #2 norm,,0.849308284667248,0.0484061848286822
Norm,Experiment2 PYR #3 norm,,0.950551976413922,0.0598735879350309
Norm,Experiment2 PYR #4 norm,,1.01261684380276,0.0525152233266786
Norm,Experiment2 PYR #5 norm,,1.03720140465255,0.165729829878847
Norm,Experiment2 PYR #6 norm,,0.994537414129596,0.121962667588786
Norm,Experiment2 PYR #7 norm,,1.01322182315908,0.0711730152431395
Norm,Experiment2 PYR #8 norm,,0.989858208021414,0.0983104928035917
