type,id,eqn,val,std
Net flux,CO2.t,CO2.t -> CO2,65.9525390326826,1.52549058424928
Net flux,CO2_sink,dummy -> Sink,65.9525390326826,1.52549058424928
Net flux,RUBICSO_CO2,RUBP.p + CO2 -> 3PGA.p + 3PGA.p + dummy,67.1454132834471,1.53280082348418
Net flux,GAPDH.p net,3PGA.p <-> TP.p,136.416699149762,3.0983110382058
Exch flux,GAPDH.p exch,3PGA.p <-> TP.p,90423.2470010622,2095.68589595409
Net flux,ALD,TP.p + E4P.p -> SBP,23.1581913045368,0.512258574330416
Net flux,SBP,SBP -> S7P.p,23.1581913045368,0.512258574330416
Net flux,FBA.p net,TP.p + TP.p <-> FBP.p,30.9273886410477,0.801298620565615
Exch flux,FBA.p exch,TP.p + TP.p <-> FBP.p,9.99993545747202e-08,0.761302527811178
Net flux,PFK.p net,FBP.p <-> F6P.p,30.9273886410478,0.801298620565615
Exch flux,PFK.p exch,FBP.p <-> F6P.p,9.9987090607101e-08,7.19830226651101e-14
Net flux,TK1 net,TP.p + EC2 <-> X5P.p,46.3163826090736,1.02451714866083
Exch flux,TK1 exch,TP.p + EC2 <-> X5P.p,303.229062832923,3672.61759520358
Net flux,TK2 net,S7P.p <-> R5P.p + EC2,23.1581913045368,0.512258574330416
Exch flux,TK2 exch,S7P.p <-> R5P.p + EC2,38.1787437244192,3621.7842211381
Net flux,TK3 net,F6P.p <-> E4P.p + EC2,23.1581913045375,0.512258574330416
Exch flux,TK3 exch,F6P.p <-> E4P.p + EC2,10704.839000534,3672.74762620382
Net flux,PPE net,X5P.p <-> RU5P.p,46.3163826090736,1.02451714866083
Exch flux,PPE exch,X5P.p <-> RU5P.p,396.458036800857,3687.79268815788
Net flux,PPI net,R5P.p <-> RU5P.p,23.1581913045368,0.512258574330416
Exch flux,PPI exch,R5P.p <-> RU5P.p,244.19681706486,3962.87222112051
Net flux,PRK,RU5P.p -> RUBP.p,69.4745739136105,1.53677572309603
Net flux,RUBISCO_O2,RUBP.p -> 3PGA.p + 2PG.p,2.32916063016334,0.0846465712386255
Net flux,GLYdil net,GLY.p <-> GLY.x + dummyGLY,0.0129600189129633,0.00200583664608204
Exch flux,GLYdil exch,GLY.p <-> GLY.x + dummyGLY,1.0000000116861e-07,0
Net flux,SERdil net,SER.p <-> SER.x + dummySER,0.331887278164054,1727.87306334206
Exch flux,SERdil exch,SER.p <-> SER.x + dummySER,0.0977550517829684,0.179251700657499
Net flux,GK,GA.p -> 3PGA.p,0.339074118079075,0.397422537373252
Net flux,PGI.p net,F6P.p <-> G6P.p,7.76919733651094,0.443077493598388
Exch flux,PGI.p exch,F6P.p <-> G6P.p,9.99714515614869e-08,9.16945034068525e-13
Net flux,PGM.p,G6P.p -> ADPG.p,7.76919733651094,0.443077493598388
Net flux,Starch,ADPG.p -> Starch,7.76919733651092,0.443077493598388
Net flux,FBA.c net,TP.c + TP.c <-> FBP.c,2.54367397702852,0.393687270899077
Exch flux,FBA.c exch,TP.c + TP.c <-> FBP.c,21.1408816345765,3760.85354815981
Net flux,PFK.c net,FBP.c <-> F6P.c,2.54367397702853,0.393687270899077
Exch flux,PFK.c exch,FBP.c <-> F6P.c,8.0356151043706,22.7731373261208
Net flux,PGI.c net,F6P.c <-> G6P.c,1.27183698851431,0.196843635449538
Exch flux,PGI.c exch,F6P.c <-> G6P.c,211.883125656931,2322.3219235203
Net flux,PGM.c net,G6P.c <-> UDPG.c,1.2718369885115,0.196843635449538
Exch flux,PGM.c exch,G6P.c <-> UDPG.c,48477.9904784481,3846.54430054978
Net flux,SPS,F6P.c + UDPG.c -> S6P,1.27183698851423,0.196843635449538
Net flux,PGAM.c net,3PGA.c <-> PEP.c,0.542362165381109,0.083941999808729
Exch flux,PGAM.c exch,3PGA.c <-> PEP.c,0.380668525619366,2995.62498257223
Net flux,PK.c,PEP.c -> PYR.c,0.246189485866579,0.0381030225201043
Net flux,PDH,PYR.c + dummy -> ACA + CO2,0.204892938849463,0.0317115096675998
Net flux,CS,OAA + ACA -> CIT,0.204892938849459,0.0317115096675998
Net flux,ACO net,CIT <-> ICI,0.204892938849298,0.0317115096675998
Exch flux,ACO exch,CIT <-> ICI,2059.55769966979,3986.31564712148
Net flux,IDH,ICI + dummy -> AKG + CO2,0.204892938849476,0.0317115096675998
Net flux,MDH net,MAL <-> OAA,7.105427357601e-15,0
Exch flux,MDH exch,MAL <-> OAA,0.230705647015405,0.0712754354109878
Net flux,PPC,PEP.c + CO2 -> OAA + dummy,0.296172679515421,0.0458389773601807
Net flux,T_3PGA net,3PGA.p <-> 3PGA.c,0.542362165381093,0.083941999808729
Exch flux,T_3PGA exch,3PGA.p <-> 3PGA.c,1.0000000116861e-07,0
Net flux,T_DHAP net,TP.p <-> TP.c,5.08734795405709,0.787374541798154
Exch flux,T_DHAP exch,TP.p <-> TP.c,1.49032546970431,0.757637207491951
Net flux,ALT,PYR.c -> ALA.c,0.0412965470170837,0.00639151284444207
Net flux,ASPT,OAA -> ASP,0.0912797406654855,0.0141274677226117
Net flux,GLUDH,AKG -> GLU,0.204892938849452,0.0317115096675998
Net flux,PCR net,GLU <-> PRO,-2.48689957516035e-14,0
Exch flux,PCR exch,GLU <-> PRO,1.0000000116861e-07,0
Net flux,GS net,GLU <-> GLN,0,0
Exch flux,GS exch,GLU <-> GLN,1.00042463202499e-07,0
Net flux,TS net,ASP <-> THR,0,0
Exch flux,TS exch,ASP <-> THR,1.0000000116861e-07,0
Net flux,AS net,ASP <-> ASN,1.06581410364015e-14,0
Exch flux,AS exch,ASP <-> ASN,1.0000000116861e-07,0
Net flux,G_3PGA.p,0*3PGA.p -> 3PGA,2.46866315478655e-06,5004.44297935627
Net flux,G_3PGA.c,0*3PGA.c -> 3PGA,92.9119081393268,3975.6730905298
Net flux,G_DHAP.p,0*TP.p -> TP,40.6853798422419,5499.52045920783
Net flux,G_DHAP.c,0*TP.c -> TP,51.8471856996948,3916.99343408848
Net flux,G_F6P.p,0*F6P.p -> F6P,48.6686345030749,5582.50779720327
Net flux,G_F6P.c,0*F6P.c -> F6P,36.546576817712,3992.28123548674
Net flux,G_FBP.p,0*FBP.p -> FBP,2.46866146369484e-06,5322.41058239082
Net flux,G_FBP.c,0*FBP.c -> FBP,83.4512310519323,3745.30191528116
Net flux,G_G6P.p,0*G6P.p -> G6P,19.0549768397257,5453.99541099653
Net flux,G_G6P.c,0*G6P.c -> G6P,58.8549499993083,4018.21729804019
Net flux,G_RU5P.p,0*RU5P.p -> P5P,2.46865389996742e-06,5260.10030283602
Net flux,G_X5P.p,0*X5P.p -> P5P,92.8477691491358,3862.15132654592
Net flux,G_R5P.p,0*R5P.p -> R5P,82.2810779884949,3291.56598835617
Net flux,G_GA.p,0*GA.p -> GA,16.4248516285613,3.87126900409
Net flux,G_SER.p,0*SER.p -> SER,71.0630617997307,3804.25006356722
Net flux,G_GLY.p,0*GLY.p -> GLY,44.5445551063893,3848.47851888156
Net flux,G_RUBP.p,0*RUBP.p -> RUBP,92.5302752673063,3646.43475825969
Net flux,G_S7P.p,0*S7P.p -> S7P,98.4567310636212,3710.48226014978
Net flux,G_2PG.p,0*2PG.p -> 2PG,87.0427532706349,3612.36911550382
Net flux,G_ADPG.p,0*ADPG.p -> ADPG,95.0805622183481,3810.26485739453
Net flux,G_PEP.c,0*PEP.c -> PEP,89.2305410445615,3594.73820992993
Net flux,G_UDPG.c,0*UDPG.c -> UDPG,72.4268033045549,3880.28008677664
Net flux,G_ALA.c,0*ALA.c -> ALA,65.9512474585362,6.14573634173759
Net flux,(1-G)_GA,0*GA.x -> GA,83.5751483714407,3.87126900409
Net flux,(1-G)_SER,0*SER.x -> SER,28.9369357425871,5.34964031288694
Net flux,(1-G)_GLY,0*GLY.x -> GLY,55.439453977267,5.24354351713963
Net flux,(1-G)_R5P,0*R5P.x -> R5P,17.718922011502,3291.56598835617
Net flux,(1-G)_RUBP,0*RUBP.x -> RUBP,7.46972473269241,3646.43475825969
Net flux,(1-G)_3PGA,0*3PGA.x -> 3PGA,7.08808939201034,3468.08196275886
Net flux,(1-G)_TP,0*TP.x -> TP,7.46743445806384,3552.02203847249
Net flux,(1-G)_F6P,0*F6P.x -> F6P,14.7847886792169,3904.05476838652
Net flux,(1-G)_FBP,0*FBP.x -> FBP,16.548766479401,3759.05496915099
Net flux,(1-G)_G6P,0*G6P.x -> G6P,22.0900731609643,3711.29672314544
Net flux,(1-G)_RU5P,0*RU5P.x -> P5P,7.15222838221167,3656.23134274123
Net flux,(1-G)_S7P,0*S7P.x -> S7P,1.5432689363768,3710.48226014978
Net flux,(1-G)_2PG,0*2PG.x -> 2PG,12.9572467293675,3612.36911550382
Net flux,(1-G)_ADPG,0*ADPG.x -> ADPG,4.91943778165087,3810.26485739453
Net flux,(1-G)_PEP,0*PEP.x -> PEP,10.7694589554367,3594.73820992993
Net flux,(1-G)_UDPG,0*UDPG.x -> UDPG,27.5731966954463,3880.28008677664
Net flux,(1-G)_ALA,0*ALA.x -> ALA,34.0487525414636,6.14573634173759
Net flux,PGASink,3PGA -> Sink,100,0
Net flux,DHAPSink,TP -> Sink,100.000000000001,0
Net flux,F6PSink,F6P -> Sink,100.000000000004,0
Net flux,FBPSink,FBP -> Sink,99.9999999999948,0
Net flux,G6PSink,G6P -> Sink,99.9999999999983,0
Net flux,P5PSink,P5P -> Sink,100.000000000001,0
Net flux,R5PSink,R5P -> Sink,99.9999999999968,0
Net flux,GASink,GA -> Sink,100.000000000002,0
Net flux,SERSink,SER -> Sink,99.9999999999996,0
Net flux,GLYSink,GLY -> Sink,100.000000000001,0
Net flux,RUBPSink,RUBP -> Sink,99.9999999999987,0
Net flux,S7PSink,S7P -> Sink,99.9999999999979,0
Net flux,2PGSink,2PG -> Sink,100.000000000002,0
Net flux,ADPGSink,ADPG -> Sink,99.9999999999989,0
Net flux,PEPSink,PEP -> Sink,99.9999999999983,0
Net flux,UDPGSink,UDPG -> Sink,100.000000000001,0
Net flux,ALASink,ALA -> Sink,99.9999999999998,0
Net flux,S6Pout-LL,S6P + 0.1611*GLU + 0.07177*ASP + 0.03247*ALA.c + 0.01019*dummyGLY + 0.03484*dummySER -> Sink,1.27183698851426,0.196843635449538
Net flux,PGP.p,2PG.p -> Glyc.p,2.32916063016336,0.0846465712386255
Net flux,GOX,Glyc.p -> Glyx.p,2.32916063016337,0.0846465712386255
Net flux,GGT,Glyx.p -> GLY.p,2.32916063016336,0.0846465712386255
Net flux,SGAT,SER.p -> HPA.p,0.339074118079064,0.397422537373252
Net flux,HPR.p,HPA.p -> GA.p,0.339074118079059,0.397422537373252
Net flux,T_GLY-m net,GLY.p <-> GLY.m,2.15852200516474,0.284939056918283
Exch flux,T_GLY-m exch,GLY.p <-> GLY.m,389.971502729456,3854.74058635368
Net flux,GDC.m,GLY.m + dummy -> myTHF.m + CO2,1.07926105258057,0.142469528459146
Net flux,T_SER-m net,SER.p <-> SER.m,-1.07926105258048,0.142469528459146
Exch flux,T_SER-m exch,SER.p <-> SER.m,3287.04520051924,3839.45274058431
Net flux,mSHMT,GLY.m + myTHF.m -> SER.m,1.07926105258057,0.142469528459146
Net flux,T_SER-c net,SER.p <-> SER.c,0.408299656337448,1727.87561270254
Exch flux,T_SER-c exch,SER.p <-> SER.c,0.066180701844794,0.174059282938992
Net flux,T_Gly-c net,GLY.p <-> GLY.c,0.157678606085566,0.274658160409732
Exch flux,T_Gly-c exch,GLY.p <-> GLY.c,9.99993101657992e-08,7.7250768157634e-13
Net flux,cSHMT,SER.c -> GLY.c + meTHF.c,0.408299556337092,1727.87561270254
Net flux,FmTHF-reductase net,meTHF.c <-> FmTHF.c,0.408299556337093,1727.87561270254
Exch flux,FmTHF-reductase exch,meTHF.c <-> FmTHF.c,8.20606154480114,4134.24596615368
Net flux,Met-synthase,FmTHF.c + Hcy.c -> Met.c,0.408299556337072,1727.87561270254
Net flux,SAM-synthase,Met.c -> SAM.c,0.408299556337081,1727.87561270254
Net flux,Methylation,SAM.c -> SAH.c + Acceptor.c,0.408299556337076,1727.87561270254
Net flux,hydrolysis,SAH.c -> Hcy.c,0.408299556337069,1727.87561270254
Net flux,G_SER.m,0*SER.m -> SER,1.0000000116861e-07,0
Net flux,G_SER.c,0*SER.c -> SER,2.35768167655692e-06,3804.24630633691
Net flux,G_Gly.m,0*GLY.m -> GLY,1.0000000116861e-07,0
Net flux,G_Gly.c,0*GLY.c -> GLY,0.0159908163449352,3848.47494646299
Net flux,T_GLY-c-m,GLY.c -> GLY.m,9.99963387648961e-08,6.54489880130611e-14
Net flux,G_Glyc,0*Glyc.p -> Glyc,16.6507644915211,3.55532609785237
Net flux,G_Glyx,0*Glyx.p -> Glyx,1.39654019559978,0.598582492678709
Net flux,G_HPA,0*HPA.p -> HPA,7.68791004445137,2.30344960359905
Net flux,(1-G)_Glyc,0*Glyc.x -> Glyc,83.3492355084796,3.55532609785237
Net flux,(1-G)_Glyx,0*Glyx.x -> Glyx,98.6034598044011,0.598582492678709
Net flux,(1-G)_HPA,0*HPA.x -> HPA,92.3120899555485,2.30344960359905
Net flux,GlycSink,Glyc -> Sink,100.000000000001,0
Net flux,GlyxSink,Glyx -> Sink,100.000000000001,0
Net flux,HPASink,HPA -> Sink,99.9999999999998,0
Net flux,SERex,dummySER -> outSER,0.287572399962645,1727.8730601344
Net flux,G_PYR,0*PYR.c -> PYR,33.1352326105992,2.85802524325239
Net flux,(1-G)_PYR,0*PYR.x -> PYR,66.864767389401,2.85802524325239
Net flux,PYRSink,PYR -> Sink,100,0
Net flux,G_meTHF,0*meTHF.c -> meTHF,99.9999998999999,0
Net flux,G_FmTHF,0*FmTHF.c -> FmTHF,76.6495651522222,6.79896485531104
Net flux,G_Met,0*Met.c -> Met,57.6646808033122,5.3346221809856
Net flux,G_SAM,0*SAM.c -> SAM,54.1166628170085,4.86340845268841
Net flux,(1-G)_meTHF,0*meTHF.x -> meTHF,1.0000000116861e-07,0
Net flux,(1-G)_FmTHF,0*FmTHF.x -> FmTHF,23.3504348477779,6.79896485531104
Net flux,(1-G)_Met,0*Met.x -> Met,42.3353191966879,5.3346221809856
Net flux,(1-G)_SAM,0*SAM.x -> SAM,45.8833371829915,4.86340845268841
Net flux,meTHFSink,meTHF -> Sink,99.9999999999999,0
Net flux,FmTHFSink,FmTHF -> Sink,100,0
Net flux,MetSink,Met -> Sink,100,0
Net flux,SAMsink,SAM -> Sink,100,0
Net flux,Met-protein,Met.c -> Protein,6.51983996113883e-15,0
Net flux,GLY-protein,GLY.c -> Protein,0.565978062426346,1727.87387099301
Net flux,SER-protein,SER.c -> Protein,1.00000357328156e-07,1.34331018353014e-12
Pool,2PG pool,,0,0
Pool,2PG.p pool,,1.57460485396588e-07,3758.84499217036
Pool,2PG.x pool,,1,Inf
Pool,3PGA pool,,0,0
Pool,3PGA.c pool,,0.015804961224932,0.00587813632155806
Pool,3PGA.p pool,,1.29911219757301e-06,3888.74896134616
Pool,3PGA.x pool,,1,Inf
Pool,ACA pool,,1.39042677276815e-06,3628.73170954417
Pool,ADPG pool,,0,0
Pool,ADPG.p pool,,9.9999999999999e-08,Inf
Pool,ADPG.x pool,,1,Inf
Pool,AKG pool,,4.48077560646253e-07,3800.48523221699
Pool,ALA pool,,0,0
Pool,ALA.c pool,,0.00741056867612338,0.00284233774560844
Pool,ALA.x pool,,1,Inf
Pool,ASN pool,,7566.06819373531,3775.83155727674
Pool,ASP pool,,9.9999999999999e-08,0
Pool,Acceptor.c pool,,1,Inf
Pool,CIT pool,,4.09087070990359,1.64527312378896
Pool,CO2 pool,,2.18693660588308e-06,3601.1113448427
Pool,CO2.t pool,,1,Inf
Pool,E4P.p pool,,0,0
Pool,EC2 pool,,0,0
Pool,F6P pool,,0,0
Pool,F6P.c pool,,3.82947794663139e-06,3710.7558727901
Pool,F6P.p pool,,6.62377322578325e-07,3884.07607423549
Pool,F6P.x pool,,1,Inf
Pool,FBP pool,,0,0
Pool,FBP.c pool,,3.48626527032391e-06,3708.63865778256
Pool,FBP.p pool,,7.4055929080348e-07,3758.34512093565
Pool,FBP.x pool,,1,Inf
Pool,FmTHF pool,,8.86253572229295,4.24171257880052
Pool,FmTHF.c pool,,1e-07,0
Pool,FmTHF.x pool,,1,Inf
Pool,G6P pool,,0,0
Pool,G6P.c pool,,9.87590609945009e-06,3771.49579816846
Pool,G6P.p pool,,3.67962053947328e-06,3689.24190900007
Pool,G6P.x pool,,1,Inf
Pool,GA pool,,0,0
Pool,GA.p pool,,1e-07,0
Pool,GA.x pool,,1,Inf
Pool,GLN pool,,8.83867754742361,3785.02890688566
Pool,GLU pool,,4.48077724251107e-07,3800.67988879628
Pool,GLY pool,,0,0
Pool,GLY.c pool,,38.8581882942414,3778.0049603049
Pool,GLY.m pool,,0.821668102282904,0.112710830922489
Pool,GLY.p pool,,4.18533761069e-05,3879.67168429462
Pool,GLY.x pool,,1,Inf
Pool,Glyc pool,,21.0091573812966,8.84121531854323
Pool,Glyc.p pool,,1.59163616057818e-07,3800.05279888658
Pool,Glyc.x pool,,1,Inf
Pool,Glyx pool,,0.0367370567896627,4033.61096233329
Pool,Glyx.p pool,,1.98033605288394e-07,3878.91138998949
Pool,Glyx.x pool,,1,Inf
Pool,HPA pool,,5.46372614665557e-05,3875.28585254858
Pool,HPA.p pool,,1e-07,0
Pool,HPA.x pool,,1,Inf
Pool,Hcy.c pool,,1,Inf
Pool,ICI pool,,0.00209846597567892,3829.95712518517
Pool,MAL pool,,0.538719176944739,0.1964631845193
Pool,Met pool,,2.14634916988078e-05,3709.21024842821
Pool,Met.c pool,,1e-07,0
Pool,Met.x pool,,1,Inf
Pool,OAA pool,,0.230620411414791,0.0667894522292691
Pool,P5P pool,,0,0
Pool,PEP pool,,0,0
Pool,PEP.c pool,,1.0000000000003e-07,0
Pool,PEP.x pool,,1,Inf
Pool,PRO pool,,5.39499638125322,3735.88395806272
Pool,PYR pool,,1.00000000058387e-07,0
Pool,PYR.c pool,,0.00900858326660727,0.00400053313815776
Pool,PYR.x pool,,1,Inf
Pool,Protein pool,,1,Inf
Pool,R5P pool,,0,0
Pool,R5P.p pool,,9.18068763285452e-07,3725.78472728449
Pool,R5P.x pool,,1,Inf
Pool,RU5P.p pool,,8.35272448543076e-07,3689.93971569945
Pool,RU5P.x pool,,1,Inf
Pool,RUBP pool,,0,0
Pool,RUBP.p pool,,8.20094059738067e-07,3730.07083619395
Pool,RUBP.x pool,,1,Inf
Pool,S6P pool,,1,Inf
Pool,S7P pool,,0,0
Pool,S7P.p pool,,6.34498929777292e-07,3803.66018746979
Pool,S7P.x pool,,1,Inf
Pool,SAH.c pool,,1,Inf
Pool,SAM pool,,9.99999999994061e-08,0
Pool,SAM.c pool,,0.00496463544095383,21.0111981728342
Pool,SAM.x pool,,1,Inf
Pool,SBP pool,,0,0
Pool,SER pool,,0,0
Pool,SER.c pool,,1.00000000002876e-07,0
Pool,SER.m pool,,0.0535444625796604,0.0224731705905718
Pool,SER.p pool,,0.000136991725136922,3677.0053308291
Pool,SER.x pool,,1,Inf
Pool,Sink pool,,1,Inf
Pool,Starch pool,,1,Inf
Pool,THR pool,,3889.6738929139,3697.82603843874
Pool,TP pool,,0,0
Pool,TP.c pool,,3.82679147749826e-06,3675.0360151293
Pool,TP.p pool,,1.31504781148161e-06,3677.73244618066
Pool,TP.x pool,,1,Inf
Pool,UDPG pool,,0,0
Pool,UDPG.c pool,,34155.1286227063,3946.56018680677
Pool,UDPG.x pool,,1,Inf
Pool,X5P.p pool,,8.47213739292432e-07,3747.73454154765
Pool,dummy pool,,1,Inf
Pool,dummyGLY pool,,1,Inf
Pool,dummySER pool,,1,Inf
Pool,meTHF pool,,0.000111835333611612,3823.87625978779
Pool,meTHF.c pool,,1e-07,0
Pool,meTHF.x pool,,1,Inf
Pool,myTHF.m pool,,1.00000000002876e-07,0
Pool,outSER pool,,1,Inf
Norm,Experiment2 Glyc205 #1 norm,,0.920234616678536,0.0324096534052818
Norm,Experiment2 Glyc205 #2 norm,,0.963285977813185,0.0145488403443962
Norm,Experiment2 Glyc205 #3 norm,,0.991994691916437,0.0214269676870713
Norm,Experiment2 Glyc205 #4 norm,,0.999186782435282,0.0204028103410676
Norm,Experiment2 Glyc205 #5 norm,,0.991590290960766,0.0237061664812016
Norm,Experiment2 Glyc205 #6 norm,,1.00085947181121,0.0264527862695056
Norm,Experiment2 Glyc205 #7 norm,,0.991978175327017,0.037074996326134
Norm,Experiment2 Glyc205 #8 norm,,0.964143914845496,0.101956096911214
Norm,Experiment2 Glyx160 #1 norm,,0.988650647929312,0.011007988542735
Norm,Experiment2 Glyx160 #2 norm,,0.970195500971844,0.0127022641562347
Norm,Experiment2 Glyx160 #3 norm,,0.989749360888833,0.0138110769262127
Norm,Experiment2 Glyx160 #4 norm,,1.01050943641466,0.0177942471486734
Norm,Experiment2 Glyx160 #5 norm,,1.01060162261465,0.0150484110760349
Norm,Experiment2 Glyx160 #6 norm,,0.990109280279836,0.018793452917339
Norm,Experiment2 Glyx160 #7 norm,,0.993285143404674,0.0264853165398191
Norm,Experiment2 Glyx160 #8 norm,,0.963721485552352,0.113890771005309
Norm,Experiment2 GLY276 #1 norm,,1.00538270576746,0.0106718531949868
Norm,Experiment2 GLY276 #2 norm,,0.966973781374178,0.0196749848705996
Norm,Experiment2 GLY276 #3 norm,,0.998590371294753,0.0172129938808339
Norm,Experiment2 GLY276 #4 norm,,0.999262879525432,0.0168032842396644
Norm,Experiment2 GLY276 #5 norm,,1.02093571812156,0.0374825464787562
Norm,Experiment2 GLY276 #6 norm,,0.988966953124827,0.0761698723139202
Norm,Experiment2 GLY276 #7 norm,,1.06674305055354,0.16999624823558
Norm,Experiment2 GLY276 #8 norm,,0.971510948664989,0.152622210475598
Norm,Experiment2 HPA262 #1 norm,,0.96964235128044,0.0189247837929791
Norm,Experiment2 HPA262 #2 norm,,0.985673995387634,0.0246043251523385
Norm,Experiment2 HPA262 #3 norm,,0.918009654631481,0.0219713208402799
Norm,Experiment2 HPA262 #4 norm,,0.999564518558868,0.0306117552613409
Norm,Experiment2 HPA262 #5 norm,,0.967779386085205,0.0229825978407638
Norm,Experiment2 HPA262 #6 norm,,0.96633390835649,0.0292332997641098
Norm,Experiment2 HPA262 #7 norm,,1.00484000678292,0.0260768542364354
Norm,Experiment2 HPA262 #8 norm,,0.979208648919752,0.0409965704670944
Norm,Experiment2 GA307 #1 norm,,1.02704100404421,0.0113804646805563
Norm,Experiment2 GA307 #2 norm,,0.877439780396049,0.0279143741243243
Norm,Experiment2 GA307 #3 norm,,0.878521778250295,0.0209117792180968
Norm,Experiment2 GA307 #4 norm,,0.921986427915162,0.0241228524584928
Norm,Experiment2 GA307 #5 norm,,0.855223301137069,0.0730963723853618
Norm,Experiment2 GA307 #6 norm,,0.842535948748939,0.0920765066412886
Norm,Experiment2 GA307 #7 norm,,0.865952923472071,0.0639082187718225
Norm,Experiment2 GA307 #8 norm,,0.887471172403023,0.17249016076074
Norm,Experiment2 SER306 #1 norm,,1.00050944088069,0.0130296417260013
Norm,Experiment2 SER306 #2 norm,,0.946778356900346,0.0325786884423418
Norm,Experiment2 SER306 #3 norm,,0.990509999763361,0.0199780315222498
Norm,Experiment2 SER306 #4 norm,,1.00250803332897,0.0261660949319429
Norm,Experiment2 SER306 #5 norm,,0.999639797117602,0.053969619155319
Norm,Experiment2 SER306 #6 norm,,0.906791964293007,0.116577387358166
Norm,Experiment2 SER306 #7 norm,,0.908818319009048,0.132240223474635
Norm,Experiment2 SER306 #8 norm,,0.986928512323877,0.0930534718073502
Norm,Experiment2 meTHF #1 norm,,1.01616207839694,0.0100892411580944
Norm,Experiment2 meTHF #2 norm,,0.986477951743442,0.0143978555237853
Norm,Experiment2 meTHF #3 norm,,0.983638927249977,0.0272143566937607
Norm,Experiment2 meTHF #4 norm,,1.0153227000515,0.0264621345399168
Norm,Experiment2 meTHF #5 norm,,1.01942061380739,0.0871211483050815
Norm,Experiment2 meTHF #6 norm,,1.00521903138598,0.110002606026654
Norm,Experiment2 meTHF #7 norm,,1.06762011665251,0.232611051482897
Norm,Experiment2 meTHF #8 norm,,0.993975481792492,0.0760367287242147
Norm,Experiment2 FmTHF #1 norm,,0.985447673238283,0.00988156060958102
Norm,Experiment2 FmTHF #2 norm,,0.995390144393806,0.0114704823472037
Norm,Experiment2 FmTHF #3 norm,,0.991954139208354,0.010059353448511
Norm,Experiment2 FmTHF #4 norm,,0.994007046729382,0.0204317302240857
Norm,Experiment2 FmTHF #5 norm,,1.00870556800019,0.0402671613553275
Norm,Experiment2 FmTHF #6 norm,,1.00032867400526,0.0707754350704332
Norm,Experiment2 FmTHF #7 norm,,0.999949746335537,0.0919248547183001
Norm,Experiment2 FmTHF #8 norm,,1.00011036710817,0.0724643659305659
Norm,Experiment2 Met176 #1 norm,,0.979216361757095,0.0232759815489476
Norm,Experiment2 Met176 #2 norm,,0.942116247106802,0.0370281482529591
Norm,Experiment2 Met176 #3 norm,,0.923609437536194,0.0353875799450818
Norm,Experiment2 Met176 #4 norm,,0.839203965004396,0.0763833620085438
Norm,Experiment2 Met176 #5 norm,,0.861779980718053,0.0576469496911895
Norm,Experiment2 Met176 #6 norm,,1.01271881555923,0.0366792011445256
Norm,Experiment2 Met176 #7 norm,,1.00388342813994,0.0702164846906846
Norm,Experiment2 Met176 #8 norm,,1.00081290789568,0.235850527127652
Norm,Experiment2 SAM #1 norm,,1.01018975277878,0.0145725147465549
Norm,Experiment2 SAM #2 norm,,0.988286116429281,0.0223192104206992
Norm,Experiment2 SAM #3 norm,,0.91771932536273,0.0313454897519167
Norm,Experiment2 SAM #4 norm,,1.02697970609339,0.0444921214679306
Norm,Experiment2 SAM #5 norm,,1.00263860449247,0.0265152112186631
Norm,Experiment2 SAM #6 norm,,1.01547598168915,0.0558056477001298
Norm,Experiment2 SAM #7 norm,,0.992314582572463,0.0711582282665391
Norm,Experiment2 SAM #8 norm,,0.999406559312071,0.082695292029572
Norm,Experiment2 CIT465 #1 norm,,0.998876650196138,0.0126912328799482
Norm,Experiment2 CIT465 #2 norm,,0.991304860463225,0.0104786817022474
Norm,Experiment2 CIT465 #3 norm,,1.0152016370795,0.0136656313288787
Norm,Experiment2 CIT465 #4 norm,,0.988795060115288,0.0126460522607586
Norm,Experiment2 CIT465 #5 norm,,0.974466329928955,0.0157372138720427
Norm,Experiment2 CIT465 #6 norm,,1.00775757599146,0.0119458811788658
Norm,Experiment2 CIT465 #7 norm,,0.99877887398807,0.014990747463959
Norm,Experiment2 CIT465 #8 norm,,1.00041955966136,0.0201641859539682
Norm,Experiment2 MAL335 #1 norm,,0.987147811417232,0.0116968231727565
Norm,Experiment2 MAL335 #2 norm,,0.974402294658543,0.0138226379902762
Norm,Experiment2 MAL335 #3 norm,,0.999187862262085,0.0136544945043346
Norm,Experiment2 MAL335 #4 norm,,0.969785373515235,0.0117417496117569
Norm,Experiment2 MAL335 #5 norm,,0.967135342488775,0.0142707507471616
Norm,Experiment2 MAL335 #6 norm,,0.937363515482624,0.014369362971389
Norm,Experiment2 MAL335 #7 norm,,1.0276016085035,0.0214612694561196
Norm,Experiment2 MAL335 #8 norm,,1.0029025502961,0.0428289627536899
Norm,Experiment2 ASP334 #1 norm,,0.970239150986281,0.015216321612764
Norm,Experiment2 ASP334 #2 norm,,0.973741299651957,0.0237114340552684
Norm,Experiment2 ASP334 #3 norm,,0.922045823542803,0.0167661843989416
Norm,Experiment2 ASP334 #4 norm,,0.951751752527551,0.0206932018275466
Norm,Experiment2 ASP334 #5 norm,,1.0001686305394,0.0246195968041631
Norm,Experiment2 ASP334 #6 norm,,0.965748774209115,0.0624410581354899
Norm,Experiment2 ASP334 #7 norm,,0.99603632481167,0.0603939998655977
Norm,Experiment2 ASP334 #8 norm,,0.921785558363592,0.0401012455115594
Norm,Experiment2 GLU348 #1 norm,,0.999800392088913,0.0117752338948277
Norm,Experiment2 GLU348 #2 norm,,0.983734085773078,0.0122115378681624
Norm,Experiment2 GLU348 #3 norm,,0.987598084861411,0.0116508470989547
Norm,Experiment2 GLU348 #4 norm,,0.975472483869539,0.0150585933093526
Norm,Experiment2 GLU348 #5 norm,,0.987833416991096,0.0303480369803277
Norm,Experiment2 GLU348 #6 norm,,0.991374822208833,0.0150999812430961
Norm,Experiment2 GLU348 #7 norm,,0.940923929823952,0.0220635954464572
Norm,Experiment2 GLU348 #8 norm,,0.889274784470329,0.0487631743050504
Norm,Experiment2 THR320 #1 norm,,0.989253230186178,0.00996821427634333
Norm,Experiment2 THR320 #2 norm,,0.963688435355741,0.0111445587211185
Norm,Experiment2 THR320 #3 norm,,0.961294106629157,0.00988705185187663
Norm,Experiment2 THR320 #4 norm,,0.972105822332371,0.0110704825865849
Norm,Experiment2 THR320 #5 norm,,1.01155669101352,0.0206207602976283
Norm,Experiment2 THR320 #6 norm,,1.01754186488022,0.0110539706877721
Norm,Experiment2 THR320 #7 norm,,0.961200971712484,0.0135540342662721
Norm,Experiment2 THR320 #8 norm,,0.943187810075499,0.0357955751091559
Norm,Experiment2 ALA116 #1 norm,,1.01504970159866,0.0100140543862335
Norm,Experiment2 ALA116 #2 norm,,0.997305840790302,0.0101509352194076
Norm,Experiment2 ALA116 #3 norm,,1.00627552412228,0.0111011029981852
Norm,Experiment2 ALA116 #4 norm,,1.00916617622759,0.0250950016744754
Norm,Experiment2 ALA116 #5 norm,,1.04468920891372,0.068213245617889
Norm,Experiment2 ALA116 #6 norm,,1.00323067483063,0.0608905587890463
Norm,Experiment2 ALA116 #7 norm,,1.01033619362961,0.0733379678541722
Norm,Experiment2 ALA116 #8 norm,,0.76603967381596,0.202210381241092
Norm,Experiment2 PYR #1 norm,,0.986710470008576,0.012440844574773
Norm,Experiment2 PYR #2 norm,,0.846041067167413,0.0434031990561453
Norm,Experiment2 PYR #3 norm,,0.957948404882227,0.0638109467698068
Norm,Experiment2 PYR #4 norm,,0.971265827684719,0.0440738402911038
Norm,Experiment2 PYR #5 norm,,1.10389306184689,0.125346755422291
Norm,Experiment2 PYR #6 norm,,0.988088482839633,0.111061834693798
Norm,Experiment2 PYR #7 norm,,1.01565734740426,0.0718564190881822
Norm,Experiment2 PYR #8 norm,,0.922477562227965,0.120180101787706
