type,id,eqn,val,std
Net flux,CO2.t,CO2.t -> CO2,69.3986135179773,1.55900474311738
Net flux,CO2_sink,dummy -> Sink,69.3986135179772,1.55900474311738
Net flux,RUBICSO_CO2,RUBP.p + CO2 -> 3PGA.p + 3PGA.p + dummy,70.5723410034855,1.55545229297726
Net flux,GAPDH.p net,3PGA.p <-> TP.p,142.88006001673,3.1374726731461
Exch flux,GAPDH.p exch,3PGA.p <-> TP.p,3676.50150579345,1841.79176380729
Net flux,ALD,TP.p + E4P.p -> SBP,24.2909221226052,0.519443169054747
Net flux,SBP,SBP -> S7P.p,24.2909221226052,0.519443169054747
Net flux,FBA.p net,TP.p + TP.p <-> FBP.p,32.089644308202,0.82431229601756
Exch flux,FBA.p exch,TP.p + TP.p <-> FBP.p,22363.8779494574,3071.66926815419
Net flux,PFK.p net,FBP.p <-> F6P.p,32.0896443082051,0.82431229601756
Exch flux,PFK.p exch,FBP.p <-> F6P.p,9.99961571324093e-08,2.1830692869684e-12
Net flux,TK1 net,TP.p + EC2 <-> X5P.p,48.5818442452103,1.03888633810949
Exch flux,TK1 exch,TP.p + EC2 <-> X5P.p,1.0000000116861e-07,0
Net flux,TK2 net,S7P.p <-> R5P.p + EC2,24.2909221226051,0.519443169054747
Exch flux,TK2 exch,S7P.p <-> R5P.p + EC2,37.8142722999954,6894.2972548774
Net flux,TK3 net,F6P.p <-> E4P.p + EC2,24.2909221226073,0.519443169054747
Exch flux,TK3 exch,F6P.p <-> E4P.p + EC2,9220.29471070293,5676.31736045366
Net flux,PPE net,X5P.p <-> RU5P.p,48.5818442452102,1.03888633810949
Exch flux,PPE exch,X5P.p <-> RU5P.p,88.135611411588,5803.96571387557
Net flux,PPI net,R5P.p <-> RU5P.p,24.2909221226052,0.519443169054747
Exch flux,PPI exch,R5P.p <-> RU5P.p,238.663406315198,5803.96573712012
Net flux,PRK,RU5P.p -> RUBP.p,72.8727663678156,1.55832950716424
Net flux,RUBISCO_O2,RUBP.p -> 3PGA.p + 2PG.p,2.30042536433008,0.085176980627075
Net flux,GLYdil net,GLY.p <-> GLY.x + dummyGLY,0.0148468428203259,0.00181413708369164
Exch flux,GLYdil exch,GLY.p <-> GLY.x + dummyGLY,1.0000000116861e-07,0
Net flux,SERdil net,SER.p <-> SER.x + dummySER,0.954716840539959,0.815637696985211
Exch flux,SERdil exch,SER.p <-> SER.x + dummySER,0.203084263456375,0.124824632537994
Net flux,GK,GA.p -> 3PGA.p,0.0562762619435229,0.652172271442704
Net flux,PGI.p net,F6P.p <-> G6P.p,7.79872218560079,0.480768245241227
Exch flux,PGI.p exch,F6P.p <-> G6P.p,3.16635129769839,8172.26625298403
Net flux,PGM.p,G6P.p -> ADPG.p,7.79872218560079,0.480768245241227
Net flux,Starch,ADPG.p -> Starch,7.79872218560077,0.480768245241227
Net flux,FBA.c net,TP.c + TP.c <-> FBP.c,2.91400251625238,0.356062235020002
Exch flux,FBA.c exch,TP.c + TP.c <-> FBP.c,22.0508713520415,221.932380844259
Net flux,PFK.c net,FBP.c <-> F6P.c,2.9140025162524,0.356062235020002
Exch flux,PFK.c exch,FBP.c <-> F6P.c,7.19570963794523,7.08175095774565
Net flux,PGI.c net,F6P.c <-> G6P.c,1.45700125812621,0.178031117510001
Exch flux,PGI.c exch,F6P.c <-> G6P.c,226.943887558739,7350.77115246928
Net flux,PGM.c net,G6P.c <-> UDPG.c,1.45700125812436,0.178031117510001
Exch flux,PGM.c exch,G6P.c <-> UDPG.c,48481.4775753196,7024.07488340728
Net flux,SPS,F6P.c + UDPG.c -> S6P,1.45700125812616,0.178031117510001
Net flux,PGAM.c net,3PGA.c <-> PEP.c,0.621323616514284,0.0759195894978278
Exch flux,PGAM.c exch,3PGA.c <-> PEP.c,1.52843573011149,6920.68146969202
Net flux,PK.c,PEP.c -> PYR.c,0.282031733535782,0.0344614835286966
Net flux,PDH,PYR.c + dummy -> ACA + CO2,0.234722902684058,0.0286808130078902
Net flux,CS,OAA + ACA -> CIT,0.234722902684054,0.0286808130078902
Net flux,ACO net,CIT <-> ICI,0.234722902684098,0.0286808130078902
Exch flux,ACO exch,CIT <-> ICI,1155.54770704221,6798.10437972024
Net flux,IDH,ICI + dummy -> AKG + CO2,0.23472290268407,0.0286808130078902
Net flux,MDH net,MAL <-> OAA,7.105427357601e-15,0
Exch flux,MDH exch,MAL <-> OAA,0.0409915204337565,0.154269871241658
Net flux,PPC,PEP.c + CO2 -> OAA + dummy,0.339291882979842,0.0414581063165079
Net flux,T_3PGA net,3PGA.p <-> 3PGA.c,0.62132361651426,0.0759195894978278
Exch flux,T_3PGA exch,3PGA.p <-> 3PGA.c,4.41729178011114,6735.46566019513
Net flux,T_DHAP net,TP.p <-> TP.c,5.82800503250481,0.712124470040004
Exch flux,T_DHAP exch,TP.p <-> TP.c,4.9578596366191,2.48749769565372
Net flux,ALT,PYR.c -> ALA.c,0.0473088308513506,0.0057806703858597
Net flux,ASPT,OAA -> ASP,0.104568980295769,0.0127772932839434
Net flux,GLUDH,AKG -> GLU,0.234722902684047,0.0286808130078902
Net flux,PCR net,GLU <-> PRO,-2.48689957516035e-14,0
Exch flux,PCR exch,GLU <-> PRO,1.0000000116861e-07,0
Net flux,GS net,GLU <-> GLN,0,0
Exch flux,GS exch,GLU <-> GLN,1.00064156072222e-07,0
Net flux,TS net,ASP <-> THR,0,0
Exch flux,TS exch,ASP <-> THR,0.0247339564537725,3795.09003153684
Net flux,AS net,ASP <-> ASN,1.06581410364015e-14,0
Exch flux,AS exch,ASP <-> ASN,0.0227536781415765,3795.07911424795
Net flux,G_3PGA.p,0*3PGA.p -> 3PGA,2.1022374170343e-06,9787.51601633363
Net flux,G_3PGA.c,0*3PGA.c -> 3PGA,92.9119084889662,6578.22393200307
Net flux,G_DHAP.p,0*TP.p -> TP,40.6853798422514,9632.73624583345
Net flux,G_DHAP.c,0*TP.c -> TP,51.8471856998323,6695.79733156813
Net flux,G_F6P.p,0*F6P.p -> F6P,48.6686345032613,9658.84943642594
Net flux,G_F6P.c,0*F6P.c -> F6P,36.5465768177337,6726.81668459465
Net flux,G_FBP.p,0*FBP.p -> FBP,2.10223446117652e-06,9914.78916595676
Net flux,G_FBP.c,0*FBP.c -> FBP,83.4512313387802,7230.95448993066
Net flux,G_G6P.p,0*G6P.p -> G6P,19.0549768395407,10527.2858671721
Net flux,G_G6P.c,0*G6P.c -> G6P,58.8549499996569,7473.38786157958
Net flux,G_RU5P.p,0*RU5P.p -> P5P,2.10222547636363e-06,10576.9189550754
Net flux,G_X5P.p,0*X5P.p -> P5P,92.8477694980079,7309.4215394174
Net flux,G_R5P.p,0*R5P.p -> R5P,82.2810779887508,7160.36369670321
Net flux,G_GA.p,0*GA.p -> GA,36.0712172641828,5.31024190810305
Net flux,G_SER.p,0*SER.p -> SER,99.7697781402108,9691.04960266504
Net flux,G_GLY.p,0*GLY.p -> GLY,10.8168213708594,10388.1101000862
Net flux,G_RUBP.p,0*RUBP.p -> RUBP,92.5302752674636,7074.69464200925
Net flux,G_S7P.p,0*S7P.p -> S7P,98.4567310636578,7071.41207482784
Net flux,G_2PG.p,0*2PG.p -> 2PG,87.0427532708633,6870.68351789333
Net flux,G_ADPG.p,0*ADPG.p -> ADPG,95.0805622184582,6871.61073033537
Net flux,G_PEP.c,0*PEP.c -> PEP,89.2305410447667,7323.03261273619
Net flux,G_UDPG.c,0*UDPG.c -> UDPG,72.4268033047895,7294.95719639612
Net flux,G_ALA.c,0*ALA.c -> ALA,99.9571790473038,6808.8670038333
Net flux,(1-G)_GA,0*GA.x -> GA,63.9287827358192,5.31024190810305
Net flux,(1-G)_SER,0*SER.x -> SER,0.230221311927608,6590.61098397832
Net flux,(1-G)_GLY,0*GLY.x -> GLY,88.964184770326,1.68721667166579
Net flux,(1-G)_R5P,0*R5P.x -> R5P,17.7189220112461,7160.36369670321
Net flux,(1-G)_RUBP,0*RUBP.x -> RUBP,7.46972473253513,7074.69464200925
Net flux,(1-G)_3PGA,0*3PGA.x -> 3PGA,7.08808940879664,7320.71668236322
Net flux,(1-G)_TP,0*TP.x -> TP,7.46743445791693,6841.37015197732
Net flux,(1-G)_F6P,0*F6P.x -> F6P,14.7847886790088,6938.35332155918
Net flux,(1-G)_FBP,0*FBP.x -> FBP,16.5487665589801,7068.94684360348
Net flux,(1-G)_G6P,0*G6P.x -> G6P,22.0900731608007,7188.82632996319
Net flux,(1-G)_RU5P,0*RU5P.x -> P5P,7.15222839976807,7420.39965817147
Net flux,(1-G)_S7P,0*S7P.x -> S7P,1.54326893634015,7071.41207482784
Net flux,(1-G)_2PG,0*2PG.x -> 2PG,12.9572467291391,6870.68351789333
Net flux,(1-G)_ADPG,0*ADPG.x -> ADPG,4.91943778154073,6871.61073033537
Net flux,(1-G)_PEP,0*PEP.x -> PEP,10.7694589552315,7323.03261273619
Net flux,(1-G)_UDPG,0*UDPG.x -> UDPG,27.5731966952117,7294.95719639612
Net flux,(1-G)_ALA,0*ALA.x -> ALA,0.0428209526959407,6808.8670038333
Net flux,PGASink,3PGA -> Sink,100,0
Net flux,DHAPSink,TP -> Sink,100.000000000001,0
Net flux,F6PSink,F6P -> Sink,100.000000000004,0
Net flux,FBPSink,FBP -> Sink,99.9999999999948,0
Net flux,G6PSink,G6P -> Sink,99.9999999999983,0
Net flux,P5PSink,P5P -> Sink,100.000000000001,0
Net flux,R5PSink,R5P -> Sink,99.9999999999968,0
Net flux,GASink,GA -> Sink,100.000000000002,0
Net flux,SERSink,SER -> Sink,99.9999999999996,0
Net flux,GLYSink,GLY -> Sink,100.000000000001,0
Net flux,RUBPSink,RUBP -> Sink,99.9999999999987,0
Net flux,S7PSink,S7P -> Sink,99.9999999999979,0
Net flux,2PGSink,2PG -> Sink,100.000000000002,0
Net flux,ADPGSink,ADPG -> Sink,99.9999999999989,0
Net flux,PEPSink,PEP -> Sink,99.9999999999983,0
Net flux,UDPGSink,UDPG -> Sink,100.000000000001,0
Net flux,ALASink,ALA -> Sink,99.9999999999998,0
Net flux,S6Pout-LL,S6P + 0.1611*GLU + 0.07177*ASP + 0.03247*ALA.c + 0.01019*dummyGLY + 0.03484*dummySER -> Sink,1.45700125812619,0.178031117510001
Net flux,PGP.p,2PG.p -> Glyc.p,2.3004253643301,0.085176980627075
Net flux,GOX,Glyc.p -> Glyx.p,2.30042536433011,0.085176980627075
Net flux,GGT,Glyx.p -> GLY.p,2.3004253643301,0.085176980627075
Net flux,SGAT,SER.p -> HPA.p,0.056276261943512,0.652172271442704
Net flux,HPR.p,HPA.p -> GA.p,0.0562762619435064,0.652172271442704
Net flux,T_GLY-m net,GLY.p <-> GLY.m,-1.50426583097214,6808.29195903125
Exch flux,T_GLY-m exch,GLY.p <-> GLY.m,29435.2679049522,10023.8325190308
Net flux,GDC.m,GLY.m + dummy -> myTHF.m + CO2,1.04357356311992,0.550176714040971
Net flux,T_SER-m net,SER.p <-> SER.m,-1.04357356311999,0.550176714040971
Exch flux,T_SER-m exch,SER.p <-> SER.m,357.774342941743,7350.02443721893
Net flux,mSHMT,GLY.m + myTHF.m -> SER.m,1.04357356311992,0.550176714040971
Net flux,T_SER-c net,SER.p <-> SER.c,0.0325804606364439,0.285883055497152
Exch flux,T_SER-c exch,SER.p <-> SER.c,0.0760309608224707,1.05452934504702
Net flux,T_Gly-c net,GLY.p <-> GLY.c,3.78984435247986,6808.29196035874
Exch flux,T_Gly-c exch,GLY.p <-> GLY.c,0.114576987712779,6808.29168733704
Net flux,cSHMT,SER.c -> GLY.c + meTHF.c,0.0233573294285272,6637.41610133254
Net flux,FmTHF-reductase net,meTHF.c <-> FmTHF.c,0.0233573294285279,6637.41610133254
Exch flux,FmTHF-reductase exch,meTHF.c <-> FmTHF.c,8.64686251073977,9847.39043702987
Net flux,Met-synthase,FmTHF.c + Hcy.c -> Met.c,0.0233573294285075,6637.41610133254
Net flux,SAM-synthase,Met.c -> SAM.c,0.0233573294285169,6637.41610133254
Net flux,Methylation,SAM.c -> SAH.c + Acceptor.c,0.023357329428512,6637.41610133254
Net flux,hydrolysis,SAH.c -> Hcy.c,0.0233573294285042,6637.41610133254
Net flux,G_SER.m,0*SER.m -> SER,1.0000000116861e-07,0
Net flux,G_SER.c,0*SER.c -> SER,4.47861097541136e-07,7014.09552431543
Net flux,G_Gly.m,0*GLY.m -> GLY,0.00010781245223157,7293.5330173444
Net flux,G_Gly.c,0*GLY.c -> GLY,0.218886046363693,7361.68961291231
Net flux,T_GLY-c-m,GLY.c -> GLY.m,3.59141295720994,6808.29188196318
Net flux,G_Glyc,0*Glyc.p -> Glyc,11.8761403470624,2.33293610809744
Net flux,G_Glyx,0*Glyx.p -> Glyx,2.10350294798631,0.6043119457461
Net flux,G_HPA,0*HPA.p -> HPA,6.9521012744686,2.16334020003568
Net flux,(1-G)_Glyc,0*Glyc.x -> Glyc,88.1238596529382,2.33293610809744
Net flux,(1-G)_Glyx,0*Glyx.x -> Glyx,97.8964970520145,0.6043119457461
Net flux,(1-G)_HPA,0*HPA.x -> HPA,93.0478987255313,2.16334020003568
Net flux,GlycSink,Glyc -> Sink,100.000000000001,0
Net flux,GlyxSink,Glyx -> Sink,100.000000000001,0
Net flux,HPASink,HPA -> Sink,99.9999999999998,0
Net flux,SERex,dummySER -> outSER,0.903950245559901,0.816419814844404
Net flux,G_PYR,0*PYR.c -> PYR,44.2782955532715,2.7579730293041
Net flux,(1-G)_PYR,0*PYR.x -> PYR,55.7217044467288,2.7579730293041
Net flux,PYRSink,PYR -> Sink,100,0
Net flux,G_meTHF,0*meTHF.c -> meTHF,99.9999998999999,0
Net flux,G_FmTHF,0*FmTHF.c -> FmTHF,95.1610078796723,5.99915623995807
Net flux,G_Met,0*Met.c -> Met,63.9378149503512,4.88794924030997
Net flux,G_SAM,0*SAM.c -> SAM,64.6228077654108,5.31941389972244
Net flux,(1-G)_meTHF,0*meTHF.x -> meTHF,1.0000000116861e-07,0
Net flux,(1-G)_FmTHF,0*FmTHF.x -> FmTHF,4.83899212032782,5.99915623995807
Net flux,(1-G)_Met,0*Met.x -> Met,36.0621850496488,4.88794924030997
Net flux,(1-G)_SAM,0*SAM.x -> SAM,35.3771922345892,5.31941389972244
Net flux,meTHFSink,meTHF -> Sink,99.9999999999999,0
Net flux,FmTHFSink,FmTHF -> Sink,100,0
Net flux,MetSink,Met -> Sink,100,0
Net flux,SAMsink,SAM -> Sink,100,0
Net flux,Met-protein,Met.c -> Protein,6.51983996113883e-15,0
Net flux,GLY-protein,GLY.c -> Protein,0.221788724698466,6637.41619248547
Net flux,SER-protein,SER.c -> Protein,0.00922313120791785,6637.41610752596
Pool,2PG pool,,0,0
Pool,2PG.p pool,,2.70827285236903e-06,7286.79759676771
Pool,2PG.x pool,,1,Inf
Pool,3PGA pool,,0,0
Pool,3PGA.c pool,,2.34808480872031e-05,6830.2311477822
Pool,3PGA.p pool,,3.61093874277854e-06,7054.08161376787
Pool,3PGA.x pool,,1,Inf
Pool,ACA pool,,1.74669298649676e-06,7230.69443292672
Pool,ADPG pool,,0,0
Pool,ADPG.p pool,,9.9999999999999e-08,Inf
Pool,ADPG.x pool,,1,Inf
Pool,AKG pool,,1.76170017171092e-06,7072.042908516
Pool,ALA pool,,0,0
Pool,ALA.c pool,,0.02257274748524,0.0038323115451463
Pool,ALA.x pool,,1,Inf
Pool,ASN pool,,7566.04573505287,6886.50820843061
Pool,ASP pool,,0.00484121614617833,0.00429035492083686
Pool,Acceptor.c pool,,1,Inf
Pool,CIT pool,,13.3872714882152,873.197433118974
Pool,CO2 pool,,0.00027650625058934,6833.45766955412
Pool,CO2.t pool,,1,Inf
Pool,E4P.p pool,,0,0
Pool,EC2 pool,,0,0
Pool,F6P pool,,0,0
Pool,F6P.c pool,,3.28309447748337e-06,7044.53376190907
Pool,F6P.p pool,,3.52996372561516e-06,7176.98362661629
Pool,F6P.x pool,,1,Inf
Pool,FBP pool,,0,0
Pool,FBP.c pool,,3.28334500393472e-06,7009.8770982299
Pool,FBP.p pool,,3.38717834462315e-06,6567.38696422518
Pool,FBP.x pool,,1,Inf
Pool,FmTHF pool,,4.0436276054081,1.9620025072988
Pool,FmTHF.c pool,,8.99254307204358e-07,7174.2222113717
Pool,FmTHF.x pool,,1,Inf
Pool,G6P pool,,0,0
Pool,G6P.c pool,,9.85120698445583e-06,6592.42992035452
Pool,G6P.p pool,,3.33623048976651e-06,6982.62336361323
Pool,G6P.x pool,,1,Inf
Pool,GA pool,,0,0
Pool,GA.p pool,,2.84153100290207e-06,6865.36182328546
Pool,GA.x pool,,1,Inf
Pool,GLN pool,,8.83867754969953,7010.07684850357
Pool,GLU pool,,1.76169897108326e-06,6870.57932887521
Pool,GLY pool,,0,0
Pool,GLY.c pool,,0.19294067640333,0.0696865201743463
Pool,GLY.m pool,,1.00000000002876e-07,0
Pool,GLY.p pool,,0.000315391750451555,7351.43318452539
Pool,GLY.x pool,,1,Inf
Pool,Glyc pool,,13.2263965807516,5.85418620156824
Pool,Glyc.p pool,,8.63674778202475e-06,7061.85342202871
Pool,Glyc.x pool,,1,Inf
Pool,Glyx pool,,0.0359567419254127,6596.98082894412
Pool,Glyx.p pool,,1.24409939348103e-05,7041.15128814563
Pool,Glyx.x pool,,1,Inf
Pool,HPA pool,,0.000180267047107574,7229.1190291846
Pool,HPA.p pool,,2.01729075097939e-06,6815.55437153133
Pool,HPA.x pool,,1,Inf
Pool,Hcy.c pool,,1,Inf
Pool,ICI pool,,0.00373729294107993,7095.04643987138
Pool,MAL pool,,0.145538998515417,0.505667206390275
Pool,Met pool,,0.00119442966372511,7189.18659618385
Pool,Met.c pool,,1.15071173588583e-06,7313.64772534121
Pool,Met.x pool,,1,Inf
Pool,OAA pool,,0.170966166530723,0.0748319821511331
Pool,P5P pool,,0,0
Pool,PEP pool,,0,0
Pool,PEP.c pool,,7.88199449561072e-06,6852.78925551818
Pool,PEP.x pool,,1,Inf
Pool,PRO pool,,5.39499638361029,6828.87795559069
Pool,PYR pool,,4.96180588572286,2.51893369145826
Pool,PYR.c pool,,0.0109611393953489,0.0057304318277286
Pool,PYR.x pool,,1,Inf
Pool,Protein pool,,1,Inf
Pool,R5P pool,,0,0
Pool,R5P.p pool,,4.36966461944043e-05,6765.81962458527
Pool,R5P.x pool,,1,Inf
Pool,RU5P.p pool,,3.3942766099615e-06,6624.65561246322
Pool,RU5P.x pool,,1,Inf
Pool,RUBP pool,,0,0
Pool,RUBP.p pool,,3.41736786896624e-06,7009.33341969747
Pool,RUBP.x pool,,1,Inf
Pool,S6P pool,,1,Inf
Pool,S7P pool,,0,0
Pool,S7P.p pool,,3.73017214546601e-06,6600.12268706528
Pool,S7P.x pool,,1,Inf
Pool,SAH.c pool,,1,Inf
Pool,SAM pool,,5.93120641341279,3.27354823839662
Pool,SAM.c pool,,1.66739643234961e-06,7082.86554433307
Pool,SAM.x pool,,1,Inf
Pool,SBP pool,,0,0
Pool,SER pool,,0,0
Pool,SER.c pool,,1.00000000002876e-07,0
Pool,SER.m pool,,0.374087937017312,0.202204135286278
Pool,SER.p pool,,0.000827888640359257,6914.34078025368
Pool,SER.x pool,,1,Inf
Pool,Sink pool,,1,Inf
Pool,Starch pool,,1,Inf
Pool,THR pool,,3591.17507044455,6828.28177897342
Pool,TP pool,,0,0
Pool,TP.c pool,,3.73217178768426e-06,6920.57354432661
Pool,TP.p pool,,3.80686234389615e-06,6916.10135730174
Pool,TP.x pool,,1,Inf
Pool,UDPG pool,,0,0
Pool,UDPG.c pool,,4.52327866656719,3.47771670541871
Pool,UDPG.x pool,,1,Inf
Pool,X5P.p pool,,3.53985298797031e-06,7151.08895258233
Pool,dummy pool,,1,Inf
Pool,dummyGLY pool,,1,Inf
Pool,dummySER pool,,1,Inf
Pool,meTHF pool,,0.000929751656697399,7027.24590141225
Pool,meTHF.c pool,,8.92397001571639e-07,7036.79930084829
Pool,meTHF.x pool,,1,Inf
Pool,myTHF.m pool,,7.2688320919353e-06,6724.88483159245
Pool,outSER pool,,1,Inf
Norm,Experiment2 Glyc205 #1 norm,,0.978636655748433,0.0353687337179419
Norm,Experiment2 Glyc205 #2 norm,,0.969662832209835,0.0146317847357218
Norm,Experiment2 Glyc205 #3 norm,,0.96933524722383,0.0208751541092003
Norm,Experiment2 Glyc205 #4 norm,,0.987190180546762,0.0205790426781012
Norm,Experiment2 Glyc205 #5 norm,,1.03182666853157,0.0248712434434004
Norm,Experiment2 Glyc205 #6 norm,,0.980475549060014,0.02508842534471
Norm,Experiment2 Glyc205 #7 norm,,1.00296801640266,0.0390591367653764
Norm,Experiment2 Glyc205 #8 norm,,0.980123160429371,0.119887355955283
Norm,Experiment2 Glyx160 #1 norm,,1.01571304398826,0.0115020461020216
Norm,Experiment2 Glyx160 #2 norm,,0.984215863416248,0.0126221210641806
Norm,Experiment2 Glyx160 #3 norm,,1.02926101376824,0.013923215394263
Norm,Experiment2 Glyx160 #4 norm,,0.989423717923151,0.0173288791708559
Norm,Experiment2 Glyx160 #5 norm,,0.982800255083728,0.0146105062257303
Norm,Experiment2 Glyx160 #6 norm,,1.01066956165638,0.0196597491431844
Norm,Experiment2 Glyx160 #7 norm,,1.01742834529595,0.0263592185391204
Norm,Experiment2 Glyx160 #8 norm,,0.839108186237104,0.102896514819856
Norm,Experiment2 GLY276 #1 norm,,1.02188093170654,0.0108711790692523
Norm,Experiment2 GLY276 #2 norm,,0.997659316430419,0.022278226115646
Norm,Experiment2 GLY276 #3 norm,,1.00668355962092,0.0186388891607413
Norm,Experiment2 GLY276 #4 norm,,1.01157447312007,0.0185214144520037
Norm,Experiment2 GLY276 #5 norm,,0.936815714507432,0.0339880663273838
Norm,Experiment2 GLY276 #6 norm,,0.911575766011195,0.0721872634275847
Norm,Experiment2 GLY276 #7 norm,,0.775175303091282,0.135816308942731
Norm,Experiment2 GLY276 #8 norm,,0.583412445250908,0.164917840103191
Norm,Experiment2 HPA262 #1 norm,,0.971661442493862,0.0190563337932247
Norm,Experiment2 HPA262 #2 norm,,0.990240314991855,0.0245017312195059
Norm,Experiment2 HPA262 #3 norm,,1.00529209496347,0.0261796453845488
Norm,Experiment2 HPA262 #4 norm,,0.98611634851002,0.0303140268878162
Norm,Experiment2 HPA262 #5 norm,,0.970339189916564,0.0224128192031077
Norm,Experiment2 HPA262 #6 norm,,0.944873496832303,0.0279542117593146
Norm,Experiment2 HPA262 #7 norm,,0.997727355892039,0.0233101189955498
Norm,Experiment2 HPA262 #8 norm,,0.950898248612678,0.0371200090784674
Norm,Experiment2 GA307 #1 norm,,0.988647091910396,0.0109402741554465
Norm,Experiment2 GA307 #2 norm,,0.858452512379171,0.0270006341086062
Norm,Experiment2 GA307 #3 norm,,0.870684291972223,0.0210194150000235
Norm,Experiment2 GA307 #4 norm,,0.956617293319034,0.0262138635380878
Norm,Experiment2 GA307 #5 norm,,1.01579272514833,0.0852327964179767
Norm,Experiment2 GA307 #6 norm,,0.836925648699053,0.107494681005282
Norm,Experiment2 GA307 #7 norm,,0.935477435728124,0.143366708924019
Norm,Experiment2 GA307 #8 norm,,1.09358235356235,0.16640457271891
Norm,Experiment2 SER306 #1 norm,,0.963288952822696,0.0122649513925306
Norm,Experiment2 SER306 #2 norm,,0.934880635700564,0.0357056658686631
Norm,Experiment2 SER306 #3 norm,,1.0024311207873,0.0208898248662438
Norm,Experiment2 SER306 #4 norm,,1.02424061229013,0.0255888128585163
Norm,Experiment2 SER306 #5 norm,,0.984066756424313,0.0546943578379927
Norm,Experiment2 SER306 #6 norm,,0.96662930717168,0.16040650152731
Norm,Experiment2 SER306 #7 norm,,1.06103359693253,0.17038745580797
Norm,Experiment2 SER306 #8 norm,,0.973200498797203,0.171972923986135
Norm,Experiment2 meTHF #1 norm,,0.981885115897083,0.00984196041860159
Norm,Experiment2 meTHF #2 norm,,1.00458604830509,0.0149425914517897
Norm,Experiment2 meTHF #3 norm,,0.923580664572296,0.0255003957870804
Norm,Experiment2 meTHF #4 norm,,1.014495100638,0.0272136198853836
Norm,Experiment2 meTHF #5 norm,,0.910992028111063,0.0793107925229647
Norm,Experiment2 meTHF #6 norm,,1.02969890773758,0.127246654208733
Norm,Experiment2 meTHF #7 norm,,1.01391320518212,0.221463687638822
Norm,Experiment2 meTHF #8 norm,,1.0529480924779,0.0710601653374796
Norm,Experiment2 FmTHF #1 norm,,1.00775149112597,0.0101089018803279
Norm,Experiment2 FmTHF #2 norm,,1.01091405871263,0.0117653239262662
Norm,Experiment2 FmTHF #3 norm,,1.02519895844977,0.0118819307660939
Norm,Experiment2 FmTHF #4 norm,,0.973045888562407,0.0212105414646274
Norm,Experiment2 FmTHF #5 norm,,0.974478787945711,0.0389903042196473
Norm,Experiment2 FmTHF #6 norm,,1.02440732823632,0.0698392655771435
Norm,Experiment2 FmTHF #7 norm,,0.999564014039102,0.110616891686785
Norm,Experiment2 FmTHF #8 norm,,1.0072905033739,0.0727153819625861
Norm,Experiment2 Met176 #1 norm,,0.95406949898184,0.0237221000155854
Norm,Experiment2 Met176 #2 norm,,0.920900824854167,0.0365270308691199
Norm,Experiment2 Met176 #3 norm,,0.920340531942528,0.0342477857200837
Norm,Experiment2 Met176 #4 norm,,0.792680830736534,0.0794263555391497
Norm,Experiment2 Met176 #5 norm,,0.788174881743681,0.0580977258366295
Norm,Experiment2 Met176 #6 norm,,1.00764428773093,0.0332363348983508
Norm,Experiment2 Met176 #7 norm,,1.00856788324494,0.0614241952982307
Norm,Experiment2 Met176 #8 norm,,1.00273189671517,0.14589039034669
Norm,Experiment2 SAM #1 norm,,1.01781354379368,0.0146444092894146
Norm,Experiment2 SAM #2 norm,,0.937385013014903,0.0225059408650478
Norm,Experiment2 SAM #3 norm,,0.952526253384458,0.0319628900119792
Norm,Experiment2 SAM #4 norm,,0.953048541400622,0.0407642436356448
Norm,Experiment2 SAM #5 norm,,1.00968124923394,0.0259570831701509
Norm,Experiment2 SAM #6 norm,,0.985978856925908,0.0640343264538805
Norm,Experiment2 SAM #7 norm,,1.00802017090921,0.0806893694105788
Norm,Experiment2 SAM #8 norm,,0.999418124120492,0.0727781927175599
Norm,Experiment2 CIT465 #1 norm,,1.0037940703328,0.0125631509009609
Norm,Experiment2 CIT465 #2 norm,,0.994356576657025,0.0106504948413138
Norm,Experiment2 CIT465 #3 norm,,0.994401569613748,0.0132576554012394
Norm,Experiment2 CIT465 #4 norm,,0.980000324776934,0.0127504617795355
Norm,Experiment2 CIT465 #5 norm,,0.988287279608928,0.0158171843581362
Norm,Experiment2 CIT465 #6 norm,,0.999402500400438,0.0114258996008273
Norm,Experiment2 CIT465 #7 norm,,1.00010055075631,0.0136611334364465
Norm,Experiment2 CIT465 #8 norm,,0.988652404186726,1.05628507233758
Norm,Experiment2 MAL335 #1 norm,,0.986040904623915,0.011913405326917
Norm,Experiment2 MAL335 #2 norm,,0.995516623178901,0.0136172943339669
Norm,Experiment2 MAL335 #3 norm,,1.00862370066875,0.0136208817015908
Norm,Experiment2 MAL335 #4 norm,,0.976146461180749,0.0120451142072727
Norm,Experiment2 MAL335 #5 norm,,0.981894204521648,0.014542986673905
Norm,Experiment2 MAL335 #6 norm,,0.994059573852556,0.0147921001904223
Norm,Experiment2 MAL335 #7 norm,,0.959226116899702,0.0197755844674872
Norm,Experiment2 MAL335 #8 norm,,1.00888870608069,0.0420656833267719
Norm,Experiment2 ASP334 #1 norm,,1.02100135098444,0.0166392020783409
Norm,Experiment2 ASP334 #2 norm,,1.00677643141471,0.0245667257463886
Norm,Experiment2 ASP334 #3 norm,,0.963260262612535,0.0180171961820566
Norm,Experiment2 ASP334 #4 norm,,0.987216381710645,0.0234642965073871
Norm,Experiment2 ASP334 #5 norm,,0.923329935372402,0.0227832953041607
Norm,Experiment2 ASP334 #6 norm,,0.936231847492878,0.0539275087478838
Norm,Experiment2 ASP334 #7 norm,,0.997821263366334,0.0573661583407278
Norm,Experiment2 ASP334 #8 norm,,0.979953974153416,0.0401880715751953
Norm,Experiment2 GLU348 #1 norm,,1.00513383296416,0.0120992600222533
Norm,Experiment2 GLU348 #2 norm,,1.00535046953844,0.012341912066938
Norm,Experiment2 GLU348 #3 norm,,0.991188019134535,0.0118517347510484
Norm,Experiment2 GLU348 #4 norm,,1.03444547306466,0.0160478343360193
Norm,Experiment2 GLU348 #5 norm,,0.991920112850849,0.0294146991083912
Norm,Experiment2 GLU348 #6 norm,,0.998207207754217,0.0149747986154167
Norm,Experiment2 GLU348 #7 norm,,0.989273390814655,0.0222208905481063
Norm,Experiment2 GLU348 #8 norm,,0.917584371692938,0.981461653028812
Norm,Experiment2 THR320 #1 norm,,0.963021955767541,0.00986429087455249
Norm,Experiment2 THR320 #2 norm,,1.02413438461252,0.0121832467188052
Norm,Experiment2 THR320 #3 norm,,0.98384445515147,0.0100810690509466
Norm,Experiment2 THR320 #4 norm,,0.994616954206347,0.0111757249565104
Norm,Experiment2 THR320 #5 norm,,0.947227284335138,0.0189465954686707
Norm,Experiment2 THR320 #6 norm,,0.939122343710398,0.0101487496191625
Norm,Experiment2 THR320 #7 norm,,0.969076265370566,0.0136239331350065
Norm,Experiment2 THR320 #8 norm,,0.942866750300053,0.0387352547222169
Norm,Experiment2 ALA116 #1 norm,,1.00655054483761,0.0100693146270542
Norm,Experiment2 ALA116 #2 norm,,1.00731624343005,0.0101350407559684
Norm,Experiment2 ALA116 #3 norm,,0.999652381066081,0.0119839988939999
Norm,Experiment2 ALA116 #4 norm,,1.02276854999388,0.028452975433767
Norm,Experiment2 ALA116 #5 norm,,1.0351062712437,0.0754907408835338
Norm,Experiment2 ALA116 #6 norm,,0.974504398621922,0.0645946468620337
Norm,Experiment2 ALA116 #7 norm,,0.986091969451926,0.0708409190440199
Norm,Experiment2 ALA116 #8 norm,,0.915298725617722,0.182999074841334
Norm,Experiment2 PYR #1 norm,,0.970284151472247,0.0121328843087944
Norm,Experiment2 PYR #2 norm,,0.900160003456313,0.0503788866668835
Norm,Experiment2 PYR #3 norm,,0.92990013434,0.0651902813527024
Norm,Experiment2 PYR #4 norm,,1.05121902892748,0.0549325351084702
Norm,Experiment2 PYR #5 norm,,0.977522212596271,0.108627095216224
Norm,Experiment2 PYR #6 norm,,0.983857900096692,0.116648902130625
Norm,Experiment2 PYR #7 norm,,1.01139031079256,0.064959893592172
Norm,Experiment2 PYR #8 norm,,0.984175294776014,0.128876937959745
