type,id,eqn,val,std
Net flux,CO2.t,CO2.t -> CO2,63.9772762570589,1.52228962352697
Net flux,CO2_sink,dummy -> Sink,63.9772762570589,1.52228962352697
Net flux,RUBICSO_CO2,RUBP.p + CO2 -> 3PGA.p + 3PGA.p + dummy,65.6720456715422,1.52865843564418
Net flux,GAPDH.p net,3PGA.p <-> TP.p,133.091248285338,3.08483124359992
Exch flux,GAPDH.p exch,3PGA.p <-> TP.p,31615.8342564229,29.9974255741053
Net flux,ALD,TP.p + E4P.p -> SBP,22.5984795822957,0.510962734752909
Net flux,SBP,SBP -> S7P.p,22.5984795822957,0.510962734752909
Net flux,FBA.p net,TP.p + TP.p <-> FBP.p,30.1295738348999,0.804262189610932
Exch flux,FBA.p exch,TP.p + TP.p <-> FBP.p,12748.5911748847,80.3206979403736
Net flux,PFK.p net,FBP.p <-> F6P.p,30.1295738348994,0.804262189610932
Exch flux,PFK.p exch,FBP.p <-> F6P.p,1.00005635772504e-07,7.24214731229676e-14
Net flux,TK1 net,TP.p + EC2 <-> X5P.p,45.1969591645914,1.02192546950582
Exch flux,TK1 exch,TP.p + EC2 <-> X5P.p,6.35389902275527,219.918262928121
Net flux,TK2 net,S7P.p <-> R5P.p + EC2,22.5984795822957,0.510962734752909
Exch flux,TK2 exch,S7P.p <-> R5P.p + EC2,38.0051566226234,201.786549839711
Net flux,TK3 net,F6P.p <-> E4P.p + EC2,22.5984795822969,0.510962734752909
Exch flux,TK3 exch,F6P.p <-> E4P.p + EC2,8207.73785541529,228.333936178524
Net flux,PPE net,X5P.p <-> RU5P.p,45.1969591645913,1.02192546950582
Exch flux,PPE exch,X5P.p <-> RU5P.p,44.7862379647124,229.907749267062
Net flux,PPI net,R5P.p <-> RU5P.p,22.5984795822957,0.510962734752909
Exch flux,PPI exch,R5P.p <-> RU5P.p,244.022393615538,122.540663199264
Net flux,PRK,RU5P.p -> RUBP.p,67.7954387468872,1.53288820425872
Net flux,RUBISCO_O2,RUBP.p -> 3PGA.p + 2PG.p,2.12339307534497,0.0847040204258932
Net flux,GLYdil net,GLY.p <-> GLY.x + dummyGLY,0.0128308961104082,0.00167583176676687
Exch flux,GLYdil exch,GLY.p <-> GLY.x + dummyGLY,1.0000000116861e-07,0
Net flux,SERdil net,SER.p <-> SER.x + dummySER,0.043873461781601,0.00573026020321993
Exch flux,SERdil exch,SER.p <-> SER.x + dummySER,9.99952618485622e-08,1.74160764505011e-13
Net flux,GK,GA.p -> 3PGA.p,0.160722388729247,0.436127655666178
Net flux,PGI.p net,F6P.p <-> G6P.p,7.53109425260366,0.441812467772795
Exch flux,PGI.p exch,F6P.p <-> G6P.p,2.71137721186851,110.093372803091
Net flux,PGM.p,G6P.p -> ADPG.p,7.53109425260366,0.441812467772795
Net flux,Starch,ADPG.p -> Starch,7.53109425260364,0.441812467772795
Net flux,FBA.c net,TP.c + TP.c <-> FBP.c,2.51833093432653,0.328916931651936
Exch flux,FBA.c exch,TP.c + TP.c <-> FBP.c,20.8715801716054,54.8904787657476
Net flux,PFK.c net,FBP.c <-> F6P.c,2.51833093432654,0.328916931651936
Exch flux,PFK.c exch,FBP.c <-> F6P.c,5.58480996084611,9.24476204458253
Net flux,PGI.c net,F6P.c <-> G6P.c,1.25916546716329,0.164458465825968
Exch flux,PGI.c exch,F6P.c <-> G6P.c,225.858760457914,233.44894499175
Net flux,PGM.c net,G6P.c <-> UDPG.c,1.25916546716326,0.164458465825968
Exch flux,PGM.c exch,G6P.c <-> UDPG.c,48481.217824889,216.371395143633
Net flux,SPS,F6P.c + UDPG.c -> S6P,1.25916546716323,0.164458465825968
Net flux,PGAM.c net,3PGA.c <-> PEP.c,0.536958521817079,0.070131668166793
Exch flux,PGAM.c exch,3PGA.c <-> PEP.c,1.0000032424351e-07,1.25700012607853e-14
Net flux,PK.c,PEP.c -> PYR.c,0.24373665947875,0.0318342252299369
Net flux,PDH,PYR.c + dummy -> ACA + CO2,0.202851556759884,0.0264942588445826
Net flux,CS,OAA + ACA -> CIT,0.20285155675988,0.0264942588445826
Net flux,ACO net,CIT <-> ICI,0.202851556759924,0.0264942588445826
Exch flux,ACO exch,CIT <-> ICI,1217.92414676598,239.307413926719
Net flux,IDH,ICI + dummy -> AKG + CO2,0.202851556759897,0.0264942588445826
Net flux,MDH net,MAL <-> OAA,7.105427357601e-15,0
Exch flux,MDH exch,MAL <-> OAA,0.00026733518640043,0.555158016970213
Net flux,PPC,PEP.c + CO2 -> OAA + dummy,0.293221862338306,0.0382974429369341
Net flux,T_3PGA net,3PGA.p <-> 3PGA.c,0.536958521817056,0.070131668166793
Exch flux,T_3PGA exch,3PGA.p <-> 3PGA.c,1.0000000116861e-07,0
Net flux,T_DHAP net,TP.p <-> TP.c,5.0366618686531,0.657833863303872
Exch flux,T_DHAP exch,TP.p <-> TP.c,2.60564711126342,1.97806226414701
Net flux,ALT,PYR.c -> ALA.c,0.0408851027187477,0.00533996638536907
Net flux,ASPT,OAA -> ASP,0.0903703055783489,0.0118031840923302
Net flux,GLUDH,AKG -> GLU,0.202851556759874,0.0264942588445826
Net flux,PCR net,GLU <-> PRO,-2.48689957516035e-14,0
Exch flux,PCR exch,GLU <-> PRO,1.0000000116861e-07,0
Net flux,GS net,GLU <-> GLN,0,0
Exch flux,GS exch,GLU <-> GLN,1.00042448991644e-07,0
Net flux,TS net,ASP <-> THR,0,0
Exch flux,TS exch,ASP <-> THR,0.0321015620899772,0.0534430522846459
Net flux,AS net,ASP <-> ASN,1.06581410364015e-14,0
Exch flux,AS exch,ASP <-> ASN,0.0170257907380673,0.0506374823193664
Net flux,G_3PGA.p,0*3PGA.p -> 3PGA,2.4686631405757e-06,319.805673903512
Net flux,G_3PGA.c,0*3PGA.c -> 3PGA,92.9119081401848,208.960665588762
Net flux,G_DHAP.p,0*TP.p -> TP,40.6853798422419,324.914500680799
Net flux,G_DHAP.c,0*TP.c -> TP,51.8471856996948,234.258886740018
Net flux,G_F6P.p,0*F6P.p -> F6P,48.6686345030749,330.210199072365
Net flux,G_F6P.c,0*F6P.c -> F6P,36.546576817712,245.534322626183
Net flux,G_FBP.p,0*FBP.p -> FBP,2.46866144948399e-06,299.813608757279
Net flux,G_FBP.c,0*FBP.c -> FBP,83.4512310508889,197.215992694512
Net flux,G_G6P.p,0*G6P.p -> G6P,19.0549768397257,315.076596352639
Net flux,G_G6P.c,0*G6P.c -> G6P,58.8549499993083,212.689816034498
Net flux,G_RU5P.p,0*RU5P.p -> P5P,2.46865387865114e-06,320.173539762761
Net flux,G_X5P.p,0*X5P.p -> P5P,92.8477691494628,225.057179831354
Net flux,G_R5P.p,0*R5P.p -> R5P,82.2810779884949,216.44160276202
Net flux,G_GA.p,0*GA.p -> GA,31.9943018936754,4.2328758807929
Net flux,G_SER.p,0*SER.p -> SER,76.6545926802314,230.193631970371
Net flux,G_GLY.p,0*GLY.p -> GLY,4.0214425637033,224.471057484257
Net flux,G_RUBP.p,0*RUBP.p -> RUBP,92.5302752673063,225.936566567617
Net flux,G_S7P.p,0*S7P.p -> S7P,98.4567310636212,221.219597313671
Net flux,G_2PG.p,0*2PG.p -> 2PG,87.0427532706349,208.782027810797
Net flux,G_ADPG.p,0*ADPG.p -> ADPG,95.0805622183481,215.710386369264
Net flux,G_PEP.c,0*PEP.c -> PEP,89.2305410445615,217.525230864575
Net flux,G_UDPG.c,0*UDPG.c -> UDPG,72.4268033045549,217.095070894641
Net flux,G_ALA.c,0*ALA.c -> ALA,67.3138402183097,4.83214428773924
Net flux,(1-G)_GA,0*GA.x -> GA,68.0056981063266,4.2328758807929
Net flux,(1-G)_SER,0*SER.x -> SER,23.3454067532228,5.03225979135549
Net flux,(1-G)_GLY,0*GLY.x -> GLY,42.3450434557732,9.13025772104652
Net flux,(1-G)_R5P,0*R5P.x -> R5P,17.718922011502,216.44160276202
Net flux,(1-G)_RUBP,0*RUBP.x -> RUBP,7.46972473269241,225.936566567617
Net flux,(1-G)_3PGA,0*3PGA.x -> 3PGA,7.08808939115235,235.303759452165
Net flux,(1-G)_TP,0*TP.x -> TP,7.46743445806384,219.398762623892
Net flux,(1-G)_F6P,0*F6P.x -> F6P,14.7847886792169,220.261437746827
Net flux,(1-G)_FBP,0*FBP.x -> FBP,16.5487664804444,222.677220212204
Net flux,(1-G)_G6P,0*G6P.x -> G6P,22.0900731609643,225.394523750849
Net flux,(1-G)_RU5P,0*RU5P.x -> P5P,7.15222838188468,228.247658588173
Net flux,(1-G)_S7P,0*S7P.x -> S7P,1.5432689363768,221.219597313671
Net flux,(1-G)_2PG,0*2PG.x -> 2PG,12.9572467293675,208.782027810797
Net flux,(1-G)_ADPG,0*ADPG.x -> ADPG,4.91943778165087,215.710386369264
Net flux,(1-G)_PEP,0*PEP.x -> PEP,10.7694589554367,217.525230864575
Net flux,(1-G)_UDPG,0*UDPG.x -> UDPG,27.5731966954463,217.095070894641
Net flux,(1-G)_ALA,0*ALA.x -> ALA,32.6861597816901,4.83214428773924
Net flux,PGASink,3PGA -> Sink,100,0
Net flux,DHAPSink,TP -> Sink,100.000000000001,0
Net flux,F6PSink,F6P -> Sink,100.000000000004,0
Net flux,FBPSink,FBP -> Sink,99.9999999999948,0
Net flux,G6PSink,G6P -> Sink,99.9999999999983,0
Net flux,P5PSink,P5P -> Sink,100.000000000001,0
Net flux,R5PSink,R5P -> Sink,99.9999999999968,0
Net flux,GASink,GA -> Sink,100.000000000002,0
Net flux,SERSink,SER -> Sink,99.9999999999996,0
Net flux,GLYSink,GLY -> Sink,100.000000000001,0
Net flux,RUBPSink,RUBP -> Sink,99.9999999999987,0
Net flux,S7PSink,S7P -> Sink,99.9999999999979,0
Net flux,2PGSink,2PG -> Sink,100.000000000002,0
Net flux,ADPGSink,ADPG -> Sink,99.9999999999989,0
Net flux,PEPSink,PEP -> Sink,99.9999999999983,0
Net flux,UDPGSink,UDPG -> Sink,100.000000000001,0
Net flux,ALASink,ALA -> Sink,99.9999999999998,0
Net flux,S6Pout-LL,S6P + 0.1611*GLU + 0.07177*ASP + 0.03247*ALA.c + 0.01019*dummyGLY + 0.03484*dummySER -> Sink,1.25916546716327,0.164458465825968
Net flux,PGP.p,2PG.p -> Glyc.p,2.12339307534499,0.0847040204258932
Net flux,GOX,Glyc.p -> Glyx.p,2.123393075345,0.0847040204258932
Net flux,GGT,Glyx.p -> GLY.p,2.12339307534499,0.0847040204258932
Net flux,SGAT,SER.p -> HPA.p,0.160722388729236,0.436127655666178
Net flux,HPR.p,HPA.p -> GA.p,0.160722388729231,0.436127655666178
Net flux,T_GLY-m net,GLY.p <-> GLY.m,2.11154199566954,230.81779857047
Exch flux,T_GLY-m exch,GLY.p <-> GLY.m,23286.8106893023,228.424131749235
Net flux,GDC.m,GLY.m + dummy -> myTHF.m + CO2,1.58228816330184,0.108736196189121
Net flux,T_SER-m net,SER.p <-> SER.m,-1.58228816330177,0.108736196189121
Exch flux,T_SER-m exch,SER.p <-> SER.m,667.619109416324,215.781642471705
Net flux,mSHMT,GLY.m + myTHF.m -> SER.m,1.58228816330184,0.108736196189121
Net flux,T_SER-c net,SER.p <-> SER.c,1.37769231279098,0.459798520555689
Exch flux,T_SER-c exch,SER.p <-> SER.c,4.20836876564579e-05,0.118493061438739
Net flux,T_Gly-c net,GLY.p <-> GLY.c,-0.000979816435293657,230.817783014926
Exch flux,T_Gly-c exch,GLY.p <-> GLY.c,9.99999998363421e-08,0
Net flux,cSHMT,SER.c -> GLY.c + meTHF.c,1.37769221279595,0.459798520555771
Net flux,FmTHF-reductase net,meTHF.c <-> FmTHF.c,1.37769221279595,0.459798520555771
Exch flux,FmTHF-reductase exch,meTHF.c <-> FmTHF.c,6.91209830788993,226.327533208738
Net flux,Met-synthase,FmTHF.c + Hcy.c -> Met.c,1.37769221279593,0.459798520555771
Net flux,SAM-synthase,Met.c -> SAM.c,1.37769221279594,0.459798520555771
Net flux,Methylation,SAM.c -> SAH.c + Acceptor.c,1.37769221279594,0.459798520555771
Net flux,hydrolysis,SAH.c -> Hcy.c,1.37769221279593,0.459798520555771
Net flux,G_SER.m,0*SER.m -> SER,1.0000000116861e-07,0
Net flux,G_SER.c,0*SER.c -> SER,4.6654532326329e-07,230.138620311628
Net flux,G_Gly.m,0*GLY.m -> GLY,9.7862643148261e-05,224.465199596463
Net flux,G_Gly.c,0*GLY.c -> GLY,53.6334161178816,9.27634975596498
Net flux,T_GLY-c-m,GLY.c -> GLY.m,1.05303433093381,230.817858343645
Net flux,G_Glyc,0*Glyc.p -> Glyc,6.24513062711488,0.93739984020486
Net flux,G_Glyx,0*Glyx.p -> Glyx,99.6558922655434,231.839300646053
Net flux,G_HPA,0*HPA.p -> HPA,8.69151199456538,2.01771922903281
Net flux,(1-G)_Glyc,0*Glyc.x -> Glyc,93.7548693728857,0.93739984020486
Net flux,(1-G)_Glyx,0*Glyx.x -> Glyx,0.344107734457488,231.839300646053
Net flux,(1-G)_HPA,0*HPA.x -> HPA,91.3084880054345,2.01771922903281
Net flux,GlycSink,Glyc -> Sink,100.000000000001,0
Net flux,GlyxSink,Glyx -> Sink,100.000000000001,0
Net flux,HPASink,HPA -> Sink,99.9999999999998,0
Net flux,SERex,dummySER -> outSER,1.00021677607032e-07,4.00834521307504e-14
Net flux,G_PYR,0*PYR.c -> PYR,38.8537158028224,3.25742744061768
Net flux,(1-G)_PYR,0*PYR.x -> PYR,61.1462841971778,3.25742744061768
Net flux,PYRSink,PYR -> Sink,100,0
Net flux,G_meTHF,0*meTHF.c -> meTHF,99.9999998999999,0
Net flux,G_FmTHF,0*FmTHF.c -> FmTHF,84.5442737252108,7.99491311704223
Net flux,G_Met,0*Met.c -> Met,63.7281117564695,5.28035012944358
Net flux,G_SAM,0*SAM.c -> SAM,50.3754202517569,4.8683854918941
Net flux,(1-G)_meTHF,0*meTHF.x -> meTHF,1.0000000116861e-07,0
Net flux,(1-G)_FmTHF,0*FmTHF.x -> FmTHF,15.4557262747892,7.99491311704223
Net flux,(1-G)_Met,0*Met.x -> Met,36.2718882435306,5.28035012944358
Net flux,(1-G)_SAM,0*SAM.x -> SAM,49.6245797482431,4.8683854918941
Net flux,meTHFSink,meTHF -> Sink,99.9999999999999,0
Net flux,FmTHFSink,FmTHF -> Sink,100,0
Net flux,MetSink,Met -> Sink,100,0
Net flux,SAMsink,SAM -> Sink,100,0
Net flux,Met-protein,Met.c -> Protein,6.51983996113883e-15,0
Net flux,GLY-protein,GLY.c -> Protein,0.323678065426871,0.430635511020801
Net flux,SER-protein,SER.c -> Protein,9.99950309221731e-08,1.31283654052625e-14
Pool,2PG pool,,0,0
Pool,2PG.p pool,,2.42400312278813e-06,210.740505786738
Pool,2PG.x pool,,1,Inf
Pool,3PGA pool,,0,0
Pool,3PGA.c pool,,0.00279761161483061,0.00791742591854364
Pool,3PGA.p pool,,4.29231762398645e-06,229.908528762174
Pool,3PGA.x pool,,1,Inf
Pool,ACA pool,,1.98217823135338e-06,224.223385784344
Pool,ADPG pool,,0,0
Pool,ADPG.p pool,,9.9999999999999e-08,Inf
Pool,ADPG.x pool,,1,Inf
Pool,AKG pool,,1.41681498779384e-06,224.458438425046
Pool,ALA pool,,0,0
Pool,ALA.c pool,,0.00571476382682407,0.00189635355815566
Pool,ALA.x pool,,1,Inf
Pool,ASN pool,,7570.00795423201,225.019110580908
Pool,ASP pool,,0.00395765509159553,0.00440962970696503
Pool,Acceptor.c pool,,1,Inf
Pool,CIT pool,,9.91808641850527,172.058080318591
Pool,CO2 pool,,0.000130406117901367,224.051521742465
Pool,CO2.t pool,,1,Inf
Pool,E4P.p pool,,0,0
Pool,EC2 pool,,0,0
Pool,F6P pool,,0,0
Pool,F6P.c pool,,3.82976216232124e-06,231.506205832717
Pool,F6P.p pool,,4.25400690337141e-06,219.124814850441
Pool,F6P.x pool,,1,Inf
Pool,FBP pool,,0,0
Pool,FBP.c pool,,3.83919875092025e-06,222.14669110594
Pool,FBP.p pool,,4.25729048507787e-06,229.261880288649
Pool,FBP.x pool,,1,Inf
Pool,FmTHF pool,,5.84795070734223,2.51865143955113
Pool,FmTHF.c pool,,1.07404983978353e-06,214.771948454197
Pool,FmTHF.x pool,,1,Inf
Pool,G6P pool,,0,0
Pool,G6P.c pool,,9.87580520226305e-06,224.080825937916
Pool,G6P.p pool,,3.90833395848051e-06,216.894460620695
Pool,G6P.x pool,,1,Inf
Pool,GA pool,,0,0
Pool,GA.p pool,,4.02448556200524e-07,224.240343495985
Pool,GA.x pool,,1,Inf
Pool,GLN pool,,8.83867754969116,217.413704849487
Pool,GLU pool,,1.41685249862507e-06,226.47803342974
Pool,GLY pool,,0,0
Pool,GLY.c pool,,0.0800705839801227,0.0640108853974093
Pool,GLY.m pool,,1.00000000000273e-07,0
Pool,GLY.p pool,,1.02622942500142e-05,215.849345193851
Pool,GLY.x pool,,1,Inf
Pool,Glyc pool,,1.12810227622749,0.78242196002239
Pool,Glyc.p pool,,4.90147289265302e-06,215.520362681758
Pool,Glyc.x pool,,1,Inf
Pool,Glyx pool,,876.784293639336,153.912433101436
Pool,Glyx.p pool,,6.01497060514537e-06,212.388690782397
Pool,Glyx.x pool,,1,Inf
Pool,HPA pool,,0.000176900199748299,213.518656977932
Pool,HPA.p pool,,3.90362797895172e-07,218.54835035807
Pool,HPA.x pool,,1,Inf
Pool,Hcy.c pool,,1,Inf
Pool,ICI pool,,0.00401752869310158,230.70517861811
Pool,MAL pool,,0.00100883442400028,2.09412049802865
Pool,Met pool,,0.000195756378676272,222.369334685989
Pool,Met.c pool,,1.21992788286647e-06,232.869995672111
Pool,Met.x pool,,1,Inf
Pool,OAA pool,,0.143906619432568,0.0529434657551413
Pool,P5P pool,,0,0
Pool,PEP pool,,0,0
Pool,PEP.c pool,,0.003531993573294,0.00761910204660795
Pool,PEP.x pool,,1,Inf
Pool,PRO pool,,5.39499638351885,229.765582412309
Pool,PYR pool,,9.99999998363421e-08,0
Pool,PYR.c pool,,0.0179528387192724,0.0069511009392539
Pool,PYR.x pool,,1,Inf
Pool,Protein pool,,1,Inf
Pool,R5P pool,,0,0
Pool,R5P.p pool,,0.000228950374435012,212.233693233586
Pool,R5P.x pool,,1,Inf
Pool,RU5P.p pool,,4.25212594825869e-06,216.599886375566
Pool,RU5P.x pool,,1,Inf
Pool,RUBP pool,,0,0
Pool,RUBP.p pool,,4.25019493030032e-06,216.357913425785
Pool,RUBP.x pool,,1,Inf
Pool,S6P pool,,1,Inf
Pool,S7P pool,,0,0
Pool,S7P.p pool,,4.69547292219622e-06,223.845542867912
Pool,S7P.x pool,,1,Inf
Pool,SAH.c pool,,1,Inf
Pool,SAM pool,,0.000594925428158021,228.289584308909
Pool,SAM.c pool,,2.10157505603291e-06,226.948741773232
Pool,SAM.x pool,,1,Inf
Pool,SBP pool,,0,0
Pool,SER pool,,0,0
Pool,SER.c pool,,1.00000000002876e-07,0
Pool,SER.m pool,,0.534316002968532,0.0469491223068307
Pool,SER.p pool,,0.000901096126287865,229.71085048309
Pool,SER.x pool,,1,Inf
Pool,Sink pool,,1,Inf
Pool,Starch pool,,1,Inf
Pool,THR pool,,1933.44467211352,232.41959453972
Pool,TP pool,,0,0
Pool,TP.c pool,,4.19646604988666e-06,238.965670001582
Pool,TP.p pool,,4.44279722342275e-06,226.130107479833
Pool,TP.x pool,,1,Inf
Pool,UDPG pool,,0,0
Pool,UDPG.c pool,,5.87481193964005,30.8791661150701
Pool,UDPG.x pool,,1,Inf
Pool,X5P.p pool,,4.38772497118524e-06,222.038288563284
Pool,dummy pool,,1,Inf
Pool,dummyGLY pool,,1,Inf
Pool,dummySER pool,,1,Inf
Pool,meTHF pool,,0.000260573802611978,218.251508824231
Pool,meTHF.c pool,,1.03306281719611e-06,240.35969086723
Pool,meTHF.x pool,,1,Inf
Pool,myTHF.m pool,,9.99999999998398e-08,0
Pool,outSER pool,,1,Inf
Norm,Experiment2 Glyc205 #1 norm,,0.923677390362538,0.0366536628594507
Norm,Experiment2 Glyc205 #2 norm,,1.00009795970362,0.0189190551421189
Norm,Experiment2 Glyc205 #3 norm,,1.0393379990999,0.0233783923704332
Norm,Experiment2 Glyc205 #4 norm,,1.02414899085679,0.0216971556685845
Norm,Experiment2 Glyc205 #5 norm,,0.991460506496818,0.023841197116224
Norm,Experiment2 Glyc205 #6 norm,,0.970111400000722,0.024201895284134
Norm,Experiment2 Glyc205 #7 norm,,0.967287464666123,0.0319239478872483
Norm,Experiment2 Glyc205 #8 norm,,0.923267697975163,0.108877262903583
Norm,Experiment2 Glyx160 #1 norm,,0.989375175738147,0.0112017844617972
Norm,Experiment2 Glyx160 #2 norm,,1.00438583697015,0.0117015376199878
Norm,Experiment2 Glyx160 #3 norm,,0.9989305012223,0.0124538843004293
Norm,Experiment2 Glyx160 #4 norm,,1.0312713339293,0.0165899681413467
Norm,Experiment2 Glyx160 #5 norm,,0.993934979502741,0.0138127171183957
Norm,Experiment2 Glyx160 #6 norm,,0.967880101574053,0.0188296137050949
Norm,Experiment2 Glyx160 #7 norm,,1.03960736647623,0.0284141364763358
Norm,Experiment2 Glyx160 #8 norm,,0.843727059637814,0.0970191399979415
Norm,Experiment2 GLY276 #1 norm,,1.00997667838991,0.0105809005222723
Norm,Experiment2 GLY276 #2 norm,,0.97685709125082,0.0228812834322882
Norm,Experiment2 GLY276 #3 norm,,1.00096847234419,0.019633762772373
Norm,Experiment2 GLY276 #4 norm,,1.02321312905897,0.0184990624410231
Norm,Experiment2 GLY276 #5 norm,,1.02070024006578,0.0381009415277855
Norm,Experiment2 GLY276 #6 norm,,0.953322287824534,0.0714066779176436
Norm,Experiment2 GLY276 #7 norm,,1.01673432159493,0.146943480654446
Norm,Experiment2 GLY276 #8 norm,,0.999690368615418,0.149547233354129
Norm,Experiment2 HPA262 #1 norm,,0.974383511115361,0.0193741673287799
Norm,Experiment2 HPA262 #2 norm,,0.992814655647113,0.0259630437182045
Norm,Experiment2 HPA262 #3 norm,,0.964104369213951,0.0240447574980388
Norm,Experiment2 HPA262 #4 norm,,0.948164655823975,0.0288788508827542
Norm,Experiment2 HPA262 #5 norm,,0.94203614633487,0.0217379122075175
Norm,Experiment2 HPA262 #6 norm,,0.909722762820744,0.0271324983679863
Norm,Experiment2 HPA262 #7 norm,,0.976060015280875,0.0242471922543071
Norm,Experiment2 HPA262 #8 norm,,0.996038022005097,0.0374618601476457
Norm,Experiment2 GA307 #1 norm,,0.990416041905167,0.0109200609829
Norm,Experiment2 GA307 #2 norm,,0.89113219837561,0.0283916055548078
Norm,Experiment2 GA307 #3 norm,,0.937331924448732,0.0222413993864377
Norm,Experiment2 GA307 #4 norm,,0.965620231730621,0.0249271668427001
Norm,Experiment2 GA307 #5 norm,,0.994165955158243,0.0866958990090123
Norm,Experiment2 GA307 #6 norm,,0.844862931928041,0.0831197798130679
Norm,Experiment2 GA307 #7 norm,,0.852197287016803,0.0665973879729061
Norm,Experiment2 GA307 #8 norm,,0.921356113969407,0.147508226995724
Norm,Experiment2 SER306 #1 norm,,0.9647381461325,0.0123177001263737
Norm,Experiment2 SER306 #2 norm,,1.00382165341836,0.0371768807816793
Norm,Experiment2 SER306 #3 norm,,0.997776164905747,0.0201125901532263
Norm,Experiment2 SER306 #4 norm,,1.08886933712783,0.0279386083154878
Norm,Experiment2 SER306 #5 norm,,1.0140732003707,0.0557969160813058
Norm,Experiment2 SER306 #6 norm,,1.02458943855977,0.120005148247265
Norm,Experiment2 SER306 #7 norm,,1.12102862884684,0.102810415613883
Norm,Experiment2 SER306 #8 norm,,1.00919118427932,0.118694961086209
Norm,Experiment2 meTHF #1 norm,,0.981319507239138,0.00985013107114987
Norm,Experiment2 meTHF #2 norm,,1.00245518871852,0.0143478484914346
Norm,Experiment2 meTHF #3 norm,,0.975334623129427,0.0263533040019129
Norm,Experiment2 meTHF #4 norm,,0.98130144141906,0.0264994237759347
Norm,Experiment2 meTHF #5 norm,,1.06062958210783,0.0827304172786751
Norm,Experiment2 meTHF #6 norm,,1.00422484784007,0.112611773249895
Norm,Experiment2 meTHF #7 norm,,1.03054082249297,0.218994002631577
Norm,Experiment2 meTHF #8 norm,,1.0339907390715,0.0775684855444416
Norm,Experiment2 FmTHF #1 norm,,1.00516839370374,0.0101884587543063
Norm,Experiment2 FmTHF #2 norm,,1.00920381568102,0.0118033351233991
Norm,Experiment2 FmTHF #3 norm,,1.00982308528493,0.010154697209972
Norm,Experiment2 FmTHF #4 norm,,1.01008064593243,0.0226252973186221
Norm,Experiment2 FmTHF #5 norm,,0.967329178375058,0.0383643304349545
Norm,Experiment2 FmTHF #6 norm,,1.00419345139391,0.0698810278765954
Norm,Experiment2 FmTHF #7 norm,,0.999517242827906,0.105278575707624
Norm,Experiment2 FmTHF #8 norm,,0.997604422305275,0.0733560693884679
Norm,Experiment2 Met176 #1 norm,,0.969126945926214,0.0240012624921741
Norm,Experiment2 Met176 #2 norm,,0.919507334988634,0.0363827463420837
Norm,Experiment2 Met176 #3 norm,,0.933352916110113,0.0322288680977084
Norm,Experiment2 Met176 #4 norm,,0.829051079098717,0.0820191585412875
Norm,Experiment2 Met176 #5 norm,,0.9180024245844,0.0686820047457066
Norm,Experiment2 Met176 #6 norm,,1.00514119405986,0.0333901842598538
Norm,Experiment2 Met176 #7 norm,,1.01589218083067,0.0543443159293536
Norm,Experiment2 Met176 #8 norm,,1.00568985386795,0.184326910878196
Norm,Experiment2 SAM #1 norm,,0.996385752901401,0.0143871758878139
Norm,Experiment2 SAM #2 norm,,0.961180760107651,0.0211711985855707
Norm,Experiment2 SAM #3 norm,,0.946720990359057,0.031949446936708
Norm,Experiment2 SAM #4 norm,,0.977513838553442,0.0436152925203082
Norm,Experiment2 SAM #5 norm,,1.03132150102729,0.0228912081720609
Norm,Experiment2 SAM #6 norm,,1.02333028534577,0.0621976217363358
Norm,Experiment2 SAM #7 norm,,1.00305339213449,0.0738312753608243
Norm,Experiment2 SAM #8 norm,,0.984758994959478,0.0742230707696369
Norm,Experiment2 CIT465 #1 norm,,1.01998982959607,0.0126508029578641
Norm,Experiment2 CIT465 #2 norm,,1.02564373487626,0.0108328694985088
Norm,Experiment2 CIT465 #3 norm,,0.987764982697966,0.0124628415932033
Norm,Experiment2 CIT465 #4 norm,,1.01204968609961,0.0132211144169911
Norm,Experiment2 CIT465 #5 norm,,1.04097002740089,0.0164742317723871
Norm,Experiment2 CIT465 #6 norm,,1.01850567436249,0.0119252286212476
Norm,Experiment2 CIT465 #7 norm,,0.995802601336091,0.0134315334310778
Norm,Experiment2 CIT465 #8 norm,,1.02041401456583,0.328551313769183
Norm,Experiment2 MAL335 #1 norm,,0.989776339694745,0.0116750088425549
Norm,Experiment2 MAL335 #2 norm,,0.976385931649835,0.0134958896963961
Norm,Experiment2 MAL335 #3 norm,,1.03069743905201,0.0135608540932238
Norm,Experiment2 MAL335 #4 norm,,0.967267522466596,0.0114232386150323
Norm,Experiment2 MAL335 #5 norm,,0.986445289818315,0.0144418546387465
Norm,Experiment2 MAL335 #6 norm,,1.00215088653545,0.0169137063000183
Norm,Experiment2 MAL335 #7 norm,,0.961830460525023,0.0235492419789621
Norm,Experiment2 MAL335 #8 norm,,0.953509773154221,0.0415668066717828
Norm,Experiment2 ASP334 #1 norm,,0.972113629762361,0.0153521594625155
Norm,Experiment2 ASP334 #2 norm,,0.983754981778944,0.0230923093027038
Norm,Experiment2 ASP334 #3 norm,,0.933115683999541,0.0184653495467953
Norm,Experiment2 ASP334 #4 norm,,0.951771778674937,0.0242841633330765
Norm,Experiment2 ASP334 #5 norm,,0.955053332962274,0.0287241002448207
Norm,Experiment2 ASP334 #6 norm,,0.947918171286424,0.0564675870382054
Norm,Experiment2 ASP334 #7 norm,,0.978043551205786,0.0601959569649324
Norm,Experiment2 ASP334 #8 norm,,0.945860142380817,0.073052152310215
Norm,Experiment2 GLU348 #1 norm,,1.00063854744518,0.0117812808389296
Norm,Experiment2 GLU348 #2 norm,,1.00924017026709,0.0123917105821425
Norm,Experiment2 GLU348 #3 norm,,0.980934108992565,0.0117540257304801
Norm,Experiment2 GLU348 #4 norm,,0.924625756409883,0.0142168054747063
Norm,Experiment2 GLU348 #5 norm,,0.901218620281256,0.02733159489587
Norm,Experiment2 GLU348 #6 norm,,0.941051579731205,0.0140633873130819
Norm,Experiment2 GLU348 #7 norm,,0.957963725781581,0.0214736098150573
Norm,Experiment2 GLU348 #8 norm,,0.895879383413856,0.292987464591931
Norm,Experiment2 THR320 #1 norm,,0.980093577920887,0.00999025902322843
Norm,Experiment2 THR320 #2 norm,,0.989879255959559,0.0115837236322936
Norm,Experiment2 THR320 #3 norm,,0.994546632146317,0.0103467920329679
Norm,Experiment2 THR320 #4 norm,,0.998240864170557,0.0112434753921734
Norm,Experiment2 THR320 #5 norm,,1.01991058805538,0.0221680803289335
Norm,Experiment2 THR320 #6 norm,,0.985928605908332,0.0108217030984523
Norm,Experiment2 THR320 #7 norm,,0.993417354148907,0.0138872954105062
Norm,Experiment2 THR320 #8 norm,,0.882610096490788,0.0340068364353818
Norm,Experiment2 ALA116 #1 norm,,1.01730579148207,0.0102493954776931
Norm,Experiment2 ALA116 #2 norm,,0.991824026866321,0.00990716057548574
Norm,Experiment2 ALA116 #3 norm,,1.0077836117538,0.0107407416339206
Norm,Experiment2 ALA116 #4 norm,,1.01689289524773,0.0333374657019572
Norm,Experiment2 ALA116 #5 norm,,0.976811410181302,0.0679173432805489
Norm,Experiment2 ALA116 #6 norm,,1.00969961117072,0.0708892640454334
Norm,Experiment2 ALA116 #7 norm,,0.9916959357349,0.0692818919699873
Norm,Experiment2 ALA116 #8 norm,,1.00055011652162,0.174423954193491
Norm,Experiment2 PYR #1 norm,,0.986648051700434,0.0125594889884891
Norm,Experiment2 PYR #2 norm,,0.888010198678319,0.049921090264367
Norm,Experiment2 PYR #3 norm,,0.919575836389283,0.0590752470957066
Norm,Experiment2 PYR #4 norm,,1.03394397446423,0.0540184071989048
Norm,Experiment2 PYR #5 norm,,1.05213386603512,0.138104623282666
Norm,Experiment2 PYR #6 norm,,0.967009612718867,0.138019156516352
Norm,Experiment2 PYR #7 norm,,1.04593958838557,0.0780113038793383
Norm,Experiment2 PYR #8 norm,,0.909869136933648,0.124656027787751
