type,id,eqn,val,std
Net flux,CO2.t,CO2.t -> CO2,67.088894051557,1.52773050008589
Net flux,CO2_sink,dummy -> Sink,67.0888940515569,1.52773050008589
Net flux,RUBICSO_CO2,RUBP.p + CO2 -> 3PGA.p + 3PGA.p + dummy,68.3117809489176,1.53098872971687
Net flux,GAPDH.p net,3PGA.p <-> TP.p,138.259834888824,3.0850945099986
Exch flux,GAPDH.p exch,3PGA.p <-> TP.p,1.0000000116861e-07,1.2458854857739e-16
Net flux,ALD,TP.p + E4P.p -> SBP,23.5079545015131,0.51172775920379
Net flux,SBP,SBP -> S7P.p,23.5079545015131,0.51172775920379
Net flux,FBA.p net,TP.p + TP.p <-> FBP.p,31.0937096892885,0.800148470780734
Exch flux,FBA.p exch,TP.p + TP.p <-> FBP.p,31715.3143562313,688.863299893406
Net flux,PFK.p net,FBP.p <-> F6P.p,31.0937096892922,0.800148470780734
Exch flux,PFK.p exch,FBP.p <-> F6P.p,27228.9720260877,3534.97133644624
Net flux,TK1 net,TP.p + EC2 <-> X5P.p,47.0159090030262,1.02345551840758
Exch flux,TK1 exch,TP.p + EC2 <-> X5P.p,31.8168300604366,3590.06868716712
Net flux,TK2 net,S7P.p <-> R5P.p + EC2,23.5079545015131,0.51172775920379
Exch flux,TK2 exch,S7P.p <-> R5P.p + EC2,37.8055443595496,3584.88977107395
Net flux,TK3 net,F6P.p <-> E4P.p + EC2,23.5079545015142,0.51172775920379
Exch flux,TK3 exch,F6P.p <-> E4P.p + EC2,31849.0413206376,1662.33136515661
Net flux,PPE net,X5P.p <-> RU5P.p,47.0159090030262,1.02345551840758
Exch flux,PPE exch,X5P.p <-> RU5P.p,99.4440045151571,3571.32127045709
Net flux,PPI net,R5P.p <-> RU5P.p,23.5079545015132,0.51172775920379
Exch flux,PPI exch,R5P.p <-> RU5P.p,239.390533439655,3365.84482295736
Net flux,PRK,RU5P.p -> RUBP.p,70.5238635045395,1.53518327761137
Net flux,RUBISCO_O2,RUBP.p -> 3PGA.p + 2PG.p,2.21208255562181,0.084667885703937
Net flux,GLYdil net,GLY.p <-> GLY.x + dummyGLY,0.0141349362345338,0.00175097625186857
Exch flux,GLYdil exch,GLY.p <-> GLY.x + dummyGLY,1.0000000116861e-07,0
Net flux,SERdil net,SER.p <-> SER.x + dummySER,1.06707449698461,0.426163027482135
Exch flux,SERdil exch,SER.p <-> SER.x + dummySER,0.290528483208618,0.060572408740741
Net flux,GK,GA.p -> 3PGA.p,0.0157215646945938,0.372837651811686
Net flux,PGI.p net,F6P.p <-> G6P.p,7.58575518777682,0.432136076750487
Exch flux,PGI.p exch,F6P.p <-> G6P.p,3.06389447839307,2930.85905132635
Net flux,PGM.p,G6P.p -> ADPG.p,7.58575518777682,0.432136076750487
Net flux,Starch,ADPG.p -> Starch,7.5857551877768,0.432136076750487
Net flux,FBA.c net,TP.c + TP.c <-> FBP.c,2.77427600285229,0.343665603947666
Exch flux,FBA.c exch,TP.c + TP.c <-> FBP.c,20.0944569959908,393.81929279818
Net flux,PFK.c net,FBP.c <-> F6P.c,2.77427600285231,0.343665603947666
Exch flux,PFK.c exch,FBP.c <-> F6P.c,4.85392479840268,6.47638141398852
Net flux,PGI.c net,F6P.c <-> G6P.c,1.38713800142617,0.171832801973833
Exch flux,PGI.c exch,F6P.c <-> G6P.c,224.835660151539,3204.0890573428
Net flux,PGM.c net,G6P.c <-> UDPG.c,1.38713800142432,0.171832801973833
Exch flux,PGM.c exch,G6P.c <-> UDPG.c,48481.0096209156,3969.75230990421
Net flux,SPS,F6P.c + UDPG.c -> S6P,1.38713800142611,0.171832801973833
Net flux,PGAM.c net,3PGA.c <-> PEP.c,0.591531129327715,0.0732763800682106
Exch flux,PGAM.c exch,3PGA.c <-> PEP.c,2.5296679119905,4015.02114252449
Net flux,PK.c,PEP.c -> PYR.c,0.268508302935893,0.0332616754753186
Net flux,PDH,PYR.c + dummy -> ACA + CO2,0.223467932029467,0.0276822643914011
Net flux,CS,OAA + ACA -> CIT,0.223467932029463,0.0276822643914011
Net flux,ACO net,CIT <-> ICI,0.223467932029507,0.0276822643914011
Exch flux,ACO exch,CIT <-> ICI,1158.53580873541,4044.71901939224
Net flux,IDH,ICI + dummy -> AKG + CO2,0.22346793202948,0.0276822643914011
Net flux,MDH net,MAL <-> OAA,7.105427357601e-15,0
Exch flux,MDH exch,MAL <-> OAA,0.234278545183592,0.0660111373343082
Net flux,PPC,PEP.c + CO2 -> OAA + dummy,0.323022826392253,0.0400147045928851
Net flux,T_3PGA net,3PGA.p <-> 3PGA.c,0.591531129327695,0.0732763800682106
Exch flux,T_3PGA exch,3PGA.p <-> 3PGA.c,7.79639390242449,3385.92981963604
Net flux,T_DHAP net,TP.p <-> TP.c,5.54855200570463,0.687331207895333
Exch flux,T_DHAP exch,TP.p <-> TP.c,2.21957416572229,1.28963478715664
Net flux,ALT,PYR.c -> ALA.c,0.0450403709062793,0.00557941107994873
Net flux,ASPT,OAA -> ASP,0.0995548943623157,0.012332440196188
Net flux,GLUDH,AKG -> GLU,0.223467932029457,0.0276822643914011
Net flux,PCR net,GLU <-> PRO,-2.48689957516035e-14,0
Exch flux,PCR exch,GLU <-> PRO,1.0000000116861e-07,0
Net flux,GS net,GLU <-> GLN,0,0
Exch flux,GS exch,GLU <-> GLN,1.00042470307926e-07,0
Net flux,TS net,ASP <-> THR,0,0
Exch flux,TS exch,ASP <-> THR,1.0000000116861e-07,0
Net flux,AS net,ASP <-> ASN,1.06581410364015e-14,0
Exch flux,AS exch,ASP <-> ASN,1.0000000116861e-07,0
Net flux,G_3PGA.p,0*3PGA.p -> 3PGA,2.46866313347027e-06,4661.76615847282
Net flux,G_3PGA.c,0*3PGA.c -> 3PGA,92.9119081394405,3176.6396409584
Net flux,G_DHAP.p,0*TP.p -> TP,40.6853798422419,4951.4958621979
Net flux,G_DHAP.c,0*TP.c -> TP,51.8471856996948,3524.82480275881
Net flux,G_F6P.p,0*F6P.p -> F6P,48.6686345030749,4782.85678655218
Net flux,G_F6P.c,0*F6P.c -> F6P,36.546576817712,3437.65842715387
Net flux,G_FBP.p,0*FBP.p -> FBP,2.46866143527313e-06,4924.15522911906
Net flux,G_FBP.c,0*FBP.c -> FBP,83.451231049793,3468.64468324847
Net flux,G_G6P.p,0*G6P.p -> G6P,19.0549768397257,4845.97764023855
Net flux,G_G6P.c,0*G6P.c -> G6P,58.8549499993083,3422.84947826446
Net flux,G_RU5P.p,0*RU5P.p -> P5P,2.46865386444028e-06,4687.8438650866
Net flux,G_X5P.p,0*X5P.p -> P5P,92.8477691490638,3306.66133787052
Net flux,G_R5P.p,0*R5P.p -> R5P,82.2810779884949,3616.40333554109
Net flux,G_GA.p,0*GA.p -> GA,19.7456751271889,4.32306960013054
Net flux,G_SER.p,0*SER.p -> SER,99.9793344528913,4737.42248570634
Net flux,G_GLY.p,0*GLY.p -> GLY,35.3922567318157,4789.67177433415
Net flux,G_RUBP.p,0*RUBP.p -> RUBP,92.5302752673063,3209.73667354161
Net flux,G_S7P.p,0*S7P.p -> S7P,98.4567310636212,3364.0820724964
Net flux,G_2PG.p,0*2PG.p -> 2PG,87.0427532706349,3353.15238417161
Net flux,G_ADPG.p,0*ADPG.p -> ADPG,95.0805622183481,3219.73462770948
Net flux,G_PEP.c,0*PEP.c -> PEP,89.2305410445615,3326.55503084566
Net flux,G_UDPG.c,0*UDPG.c -> UDPG,72.4268033045549,3287.87645786806
Net flux,G_ALA.c,0*ALA.c -> ALA,64.6320328290395,4.85974143559923
Net flux,(1-G)_GA,0*GA.x -> GA,80.2543248728131,4.32306960013054
Net flux,(1-G)_SER,0*SER.x -> SER,0.0206653322862991,3253.07669203946
Net flux,(1-G)_GLY,0*GLY.x -> GLY,64.6075891557378,5.03731598532496
Net flux,(1-G)_R5P,0*R5P.x -> R5P,17.718922011502,3616.40333554109
Net flux,(1-G)_RUBP,0*RUBP.x -> RUBP,7.46972473269241,3209.73667354161
Net flux,(1-G)_3PGA,0*3PGA.x -> 3PGA,7.08808939189662,3326.70846079444
Net flux,(1-G)_TP,0*TP.x -> TP,7.46743445806384,3319.79427270736
Net flux,(1-G)_F6P,0*F6P.x -> F6P,14.7847886792169,3301.60793503887
Net flux,(1-G)_FBP,0*FBP.x -> FBP,16.5487664815403,3510.03230984451
Net flux,(1-G)_G6P,0*G6P.x -> G6P,22.0900731609643,3370.90810080509
Net flux,(1-G)_RU5P,0*RU5P.x -> P5P,7.15222838228377,3517.71050708956
Net flux,(1-G)_S7P,0*S7P.x -> S7P,1.5432689363768,3364.0820724964
Net flux,(1-G)_2PG,0*2PG.x -> 2PG,12.9572467293675,3353.15238417161
Net flux,(1-G)_ADPG,0*ADPG.x -> ADPG,4.91943778165087,3219.73462770948
Net flux,(1-G)_PEP,0*PEP.x -> PEP,10.7694589554367,3326.55503084566
Net flux,(1-G)_UDPG,0*UDPG.x -> UDPG,27.5731966954463,3287.87645786806
Net flux,(1-G)_ALA,0*ALA.x -> ALA,35.3679671709603,4.85974143559923
Net flux,PGASink,3PGA -> Sink,100,0
Net flux,DHAPSink,TP -> Sink,100.000000000001,0
Net flux,F6PSink,F6P -> Sink,100.000000000004,0
Net flux,FBPSink,FBP -> Sink,99.9999999999948,0
Net flux,G6PSink,G6P -> Sink,99.9999999999983,0
Net flux,P5PSink,P5P -> Sink,100.000000000001,0
Net flux,R5PSink,R5P -> Sink,99.9999999999968,0
Net flux,GASink,GA -> Sink,100.000000000002,0
Net flux,SERSink,SER -> Sink,99.9999999999996,0
Net flux,GLYSink,GLY -> Sink,100.000000000001,0
Net flux,RUBPSink,RUBP -> Sink,99.9999999999987,0
Net flux,S7PSink,S7P -> Sink,99.9999999999979,0
Net flux,2PGSink,2PG -> Sink,100.000000000002,0
Net flux,ADPGSink,ADPG -> Sink,99.9999999999989,0
Net flux,PEPSink,PEP -> Sink,99.9999999999983,0
Net flux,UDPGSink,UDPG -> Sink,100.000000000001,0
Net flux,ALASink,ALA -> Sink,99.9999999999998,0
Net flux,S6Pout-LL,S6P + 0.1611*GLU + 0.07177*ASP + 0.03247*ALA.c + 0.01019*dummyGLY + 0.03484*dummySER -> Sink,1.38713800142615,0.171832801973833
Net flux,PGP.p,2PG.p -> Glyc.p,2.21208255562183,0.084667885703937
Net flux,GOX,Glyc.p -> Glyx.p,2.21208255562184,0.084667885703937
Net flux,GGT,Glyx.p -> GLY.p,2.21208255562183,0.084667885703937
Net flux,SGAT,SER.p -> HPA.p,0.015721564694583,0.372837651811686
Net flux,HPR.p,HPA.p -> GA.p,0.0157215646945774,0.372837651811686
Net flux,T_GLY-m net,GLY.p <-> GLY.m,2.19794761938465,0.149968681279155
Exch flux,T_GLY-m exch,GLY.p <-> GLY.m,19097.4539154508,3314.66630108854
Net flux,GDC.m,GLY.m + dummy -> myTHF.m + CO2,1.09897385969365,0.0749843406204107
Net flux,T_SER-m net,SER.p <-> SER.m,-1.09897385969364,0.0749843406204107
Exch flux,T_SER-m exch,SER.p <-> SER.m,194.492250005227,3478.36349193313
Net flux,mSHMT,GLY.m + myTHF.m -> SER.m,1.09897385969365,0.0749843406204107
Net flux,T_SER-c net,SER.p <-> SER.c,0.0161777980144446,0.205253399324336
Exch flux,T_SER-c exch,SER.p <-> SER.c,0.0623399456465883,0.155453271057374
Net flux,T_Gly-c net,GLY.p <-> GLY.c,0,0.123850362492273
Exch flux,T_Gly-c exch,GLY.p <-> GLY.c,9.99999998363421e-08,2.53040692583531e-13
Net flux,cSHMT,SER.c -> GLY.c + meTHF.c,0.0161776980144497,0.205253399324335
Net flux,FmTHF-reductase net,meTHF.c <-> FmTHF.c,0.0161776980144506,0.205253399324335
Exch flux,FmTHF-reductase exch,meTHF.c <-> FmTHF.c,8.71828296083457,3580.20408847013
Net flux,Met-synthase,FmTHF.c + Hcy.c -> Met.c,0.01617769801443,0.205253399324335
Net flux,SAM-synthase,Met.c -> SAM.c,0.0161776980144394,0.205253399324335
Net flux,Methylation,SAM.c -> SAH.c + Acceptor.c,0.0161776980144345,0.205253399324335
Net flux,hydrolysis,SAH.c -> Hcy.c,0.0161776980144267,0.205253399324335
Net flux,G_SER.m,0*SER.m -> SER,1.0000000116861e-07,0
Net flux,G_SER.c,0*SER.c -> SER,1.14821933294706e-07,3368.01392178524
Net flux,G_Gly.m,0*GLY.m -> GLY,9.11349798720096e-05,3402.80568641417
Net flux,G_Gly.c,0*GLY.c -> GLY,6.29774678557737e-05,3377.50289340327
Net flux,T_GLY-c-m,GLY.c -> GLY.m,1.00000016267643e-07,1.17363721017519e-13
Net flux,G_Glyc,0*Glyc.p -> Glyc,8.87754402028679,1.12732560853974
Net flux,G_Glyx,0*Glyx.p -> Glyx,89.2116042235023,107.974265781113
Net flux,G_HPA,0*HPA.p -> HPA,9.65590905574681,2.49587833381922
Net flux,(1-G)_Glyc,0*Glyc.x -> Glyc,91.1224559797138,1.12732560853974
Net flux,(1-G)_Glyx,0*Glyx.x -> Glyx,10.7883957764986,107.974265781113
Net flux,(1-G)_HPA,0*HPA.x -> HPA,90.3440909442531,2.49587833381922
Net flux,GlycSink,Glyc -> Sink,100.000000000001,0
Net flux,GlyxSink,Glyx -> Sink,100.000000000001,0
Net flux,HPASink,HPA -> Sink,99.9999999999998,0
Net flux,SERex,dummySER -> outSER,1.01874216184991,0.427047345529554
Net flux,G_PYR,0*PYR.c -> PYR,38.7154436817109,3.36616834454545
Net flux,(1-G)_PYR,0*PYR.x -> PYR,61.2845563182893,3.36616834454545
Net flux,PYRSink,PYR -> Sink,100,0
Net flux,G_meTHF,0*meTHF.c -> meTHF,99.9999998999999,0
Net flux,G_FmTHF,0*FmTHF.c -> FmTHF,81.4727759982993,5.45248695100158
Net flux,G_Met,0*Met.c -> Met,76.5727615756534,5.67368533943757
Net flux,G_SAM,0*SAM.c -> SAM,59.5010292626838,4.88077142393075
Net flux,(1-G)_meTHF,0*meTHF.x -> meTHF,1.0000000116861e-07,0
Net flux,(1-G)_FmTHF,0*FmTHF.x -> FmTHF,18.5272240017008,5.45248695100158
Net flux,(1-G)_Met,0*Met.x -> Met,23.4272384243467,5.67368533943757
Net flux,(1-G)_SAM,0*SAM.x -> SAM,40.4989707373162,4.88077142393075
Net flux,meTHFSink,meTHF -> Sink,99.9999999999999,0
Net flux,FmTHFSink,FmTHF -> Sink,100,0
Net flux,MetSink,Met -> Sink,100,0
Net flux,SAMsink,SAM -> Sink,100,0
Net flux,Met-protein,Met.c -> Protein,6.51983996113883e-15,0
Net flux,GLY-protein,GLY.c -> Protein,0.0161775980144609,0.270116983799344
Net flux,SER-protein,SER.c -> Protein,9.99999958395392e-08,9.99464284302289e-16
Pool,2PG pool,,0,0
Pool,2PG.p pool,,3.65687590227361e-06,3503.52508409522
Pool,2PG.x pool,,1,Inf
Pool,3PGA pool,,0,0
Pool,3PGA.c pool,,1.46042952375914e-05,3258.38104419151
Pool,3PGA.p pool,,4.06485990799124e-06,3395.28245283436
Pool,3PGA.x pool,,1,Inf
Pool,ACA pool,,1.912561174327e-06,3369.84666149906
Pool,ADPG pool,,0,0
Pool,ADPG.p pool,,9.9999999999999e-08,Inf
Pool,ADPG.x pool,,1,Inf
Pool,AKG pool,,2.06121735974571e-06,3604.16742298136
Pool,ALA pool,,0,0
Pool,ALA.c pool,,0.00531098243196002,0.0017936229948436
Pool,ALA.x pool,,1,Inf
Pool,ASN pool,,7566.06820696653,3372.75380182237
Pool,ASP pool,,0.00186334803750161,0.00155036331523162
Pool,Acceptor.c pool,,1,Inf
Pool,CIT pool,,2.89962969786763,0.733667990026653
Pool,CO2 pool,,0.000263856012799133,3462.77230607336
Pool,CO2.t pool,,1,Inf
Pool,E4P.p pool,,0,0
Pool,EC2 pool,,0,0
Pool,F6P pool,,0,0
Pool,F6P.c pool,,3.82983979008687e-06,3576.99899698931
Pool,F6P.p pool,,3.9998728788244e-06,3382.35575305625
Pool,F6P.x pool,,1,Inf
Pool,FBP pool,,0,0
Pool,FBP.c pool,,3.82971582938406e-06,3671.13231467008
Pool,FBP.p pool,,3.88874159260223e-06,3396.01666149631
Pool,FBP.x pool,,1,Inf
Pool,FmTHF pool,,1.51737335080974,1.608971348271
Pool,FmTHF.c pool,,2.71530296250504e-07,3472.6336617907
Pool,FmTHF.x pool,,1,Inf
Pool,G6P pool,,0,0
Pool,G6P.c pool,,9.87574150424593e-06,3509.59646750632
Pool,G6P.p pool,,3.86891470285556e-06,3603.21354822056
Pool,G6P.x pool,,1,Inf
Pool,GA pool,,0,0
Pool,GA.p pool,,4.11220971236333e-06,3467.56642171619
Pool,GA.x pool,,1,Inf
Pool,GLN pool,,8.83867754976594,3565.35194110592
Pool,GLU pool,,2.06066839778241e-06,3326.78784628811
Pool,GLY pool,,0,0
Pool,GLY.c pool,,0.638276548956215,3432.94362671567
Pool,GLY.m pool,,0.74649287992895,0.109245881453217
Pool,GLY.p pool,,0.00042482358953793,3489.28843959812
Pool,GLY.x pool,,1,Inf
Pool,Glyc pool,,2.72845466726898,1.10266011427965
Pool,Glyc.p pool,,1.81614856474906e-05,3660.07301865085
Pool,Glyc.x pool,,1,Inf
Pool,Glyx pool,,927.463210228572,370.342144407251
Pool,Glyx.p pool,,2.51126404811157e-05,3428.15463423805
Pool,Glyx.x pool,,1,Inf
Pool,HPA pool,,0.000179383316578139,3663.66235081839
Pool,HPA.p pool,,3.08621580785099e-06,3456.81093294645
Pool,HPA.x pool,,1,Inf
Pool,Hcy.c pool,,1,Inf
Pool,ICI pool,,0.00450684788497833,3705.11426019007
Pool,MAL pool,,0.727641123207185,0.28401130365238
Pool,Met pool,,0.00762618190978716,3649.12042448694
Pool,Met.c pool,,6.48834680630806e-07,3763.73978692556
Pool,Met.x pool,,1,Inf
Pool,OAA pool,,0.259918520746975,0.0545021929614898
Pool,P5P pool,,0,0
Pool,PEP pool,,0,0
Pool,PEP.c pool,,5.13490361679903e-06,3539.74121322448
Pool,PEP.x pool,,1,Inf
Pool,PRO pool,,5.39499638359355,3549.29238613062
Pool,PYR pool,,9.99999998363421e-08,0
Pool,PYR.c pool,,0.0281763998021659,0.00712798794727784
Pool,PYR.x pool,,1,Inf
Pool,Protein pool,,1,Inf
Pool,R5P pool,,0,0
Pool,R5P.p pool,,4.11573761756027e-05,3565.63392787951
Pool,R5P.x pool,,1,Inf
Pool,RU5P.p pool,,3.89520066742553e-06,3466.46919409424
Pool,RU5P.x pool,,1,Inf
Pool,RUBP pool,,0,0
Pool,RUBP.p pool,,3.91275845023894e-06,3523.72236604921
Pool,RUBP.x pool,,1,Inf
Pool,S6P pool,,1,Inf
Pool,S7P pool,,0,0
Pool,S7P.p pool,,4.15773028225585e-06,3598.4845123981
Pool,S7P.x pool,,1,Inf
Pool,SAH.c pool,,1,Inf
Pool,SAM pool,,1.11188287693733,2.08202132103462
Pool,SAM.c pool,,2.49910752258853e-06,3416.3272438367
Pool,SAM.x pool,,1,Inf
Pool,SBP pool,,0,0
Pool,SER pool,,0,0
Pool,SER.c pool,,1.00000000002876e-07,0
Pool,SER.m pool,,0.0620837808666491,0.0223575737049363
Pool,SER.p pool,,0.00338901299034833,3418.16577854465
Pool,SER.x pool,,1,Inf
Pool,Sink pool,,1,Inf
Pool,Starch pool,,1,Inf
Pool,THR pool,,3889.7806527075,3519.57720071856
Pool,TP pool,,0,0
Pool,TP.c pool,,4.18761649518169e-06,3345.93914793298
Pool,TP.p pool,,4.23487737187877e-06,3651.01841179624
Pool,TP.x pool,,1,Inf
Pool,UDPG pool,,0,0
Pool,UDPG.c pool,,41.8013802137351,3473.34886165551
Pool,UDPG.x pool,,1,Inf
Pool,X5P.p pool,,4.00962092675321e-06,3520.96797610761
Pool,dummy pool,,1,Inf
Pool,dummyGLY pool,,1,Inf
Pool,dummySER pool,,1,Inf
Pool,meTHF pool,,0.00550330465066247,3360.34686796224
Pool,meTHF.c pool,,2.71408536718976e-07,3428.85636158664
Pool,meTHF.x pool,,1,Inf
Pool,myTHF.m pool,,9.99999999994061e-08,0
Pool,outSER pool,,1,Inf
Norm,Experiment2 Glyc205 #1 norm,,1.0030671598367,0.0353973934949772
Norm,Experiment2 Glyc205 #2 norm,,0.994369086081746,0.0173807110276583
Norm,Experiment2 Glyc205 #3 norm,,0.982715940738354,0.0224272599587045
Norm,Experiment2 Glyc205 #4 norm,,0.967074962567765,0.0196567662523136
Norm,Experiment2 Glyc205 #5 norm,,1.05163332705912,0.0259331902416885
Norm,Experiment2 Glyc205 #6 norm,,0.968328395387018,0.0244923682312866
Norm,Experiment2 Glyc205 #7 norm,,1.00843233328684,0.0331002362371809
Norm,Experiment2 Glyc205 #8 norm,,0.879258616395439,0.0798263876574588
Norm,Experiment2 Glyx160 #1 norm,,0.990776542735426,0.0112591671613067
Norm,Experiment2 Glyx160 #2 norm,,0.970773814467156,0.0114436664954218
Norm,Experiment2 Glyx160 #3 norm,,1.02404133461844,0.0129382749331763
Norm,Experiment2 Glyx160 #4 norm,,0.970639807970164,0.0155004008486617
Norm,Experiment2 Glyx160 #5 norm,,0.99572987315347,0.01423940494885
Norm,Experiment2 Glyx160 #6 norm,,1.02912281859082,0.0220738016706037
Norm,Experiment2 Glyx160 #7 norm,,0.979670443697123,0.0302638754812947
Norm,Experiment2 Glyx160 #8 norm,,0.859260799772931,0.136047401175735
Norm,Experiment2 GLY276 #1 norm,,1.01925720205182,0.0106079540115306
Norm,Experiment2 GLY276 #2 norm,,0.965237095703254,0.0198803774869974
Norm,Experiment2 GLY276 #3 norm,,0.99444213691596,0.0169121182538644
Norm,Experiment2 GLY276 #4 norm,,1.01068325957537,0.0173239193546188
Norm,Experiment2 GLY276 #5 norm,,0.995791834360661,0.0383474277566787
Norm,Experiment2 GLY276 #6 norm,,0.994790359743986,0.0824638494910073
Norm,Experiment2 GLY276 #7 norm,,1.04213381049125,0.14239034819917
Norm,Experiment2 GLY276 #8 norm,,0.943850700306608,0.166140735449988
Norm,Experiment2 HPA262 #1 norm,,0.986996792697699,0.0206110282846457
Norm,Experiment2 HPA262 #2 norm,,0.992912340027896,0.0249540239911028
Norm,Experiment2 HPA262 #3 norm,,0.998765482472946,0.0232245209299071
Norm,Experiment2 HPA262 #4 norm,,0.952359345924766,0.0274601664343733
Norm,Experiment2 HPA262 #5 norm,,0.953555910421524,0.0222661133310009
Norm,Experiment2 HPA262 #6 norm,,0.971953299522132,0.0285916234912283
Norm,Experiment2 HPA262 #7 norm,,1.02608743940144,0.0260062596581448
Norm,Experiment2 HPA262 #8 norm,,0.922161650869599,0.0379787603608537
Norm,Experiment2 GA307 #1 norm,,0.981906519360576,0.0108597150546059
Norm,Experiment2 GA307 #2 norm,,0.926842697466724,0.0288637488723029
Norm,Experiment2 GA307 #3 norm,,0.833257961291124,0.0198145988222962
Norm,Experiment2 GA307 #4 norm,,0.962714222628657,0.0248061305246875
Norm,Experiment2 GA307 #5 norm,,0.935679872114812,0.0690268853441496
Norm,Experiment2 GA307 #6 norm,,0.671374960728368,0.0896250275322949
Norm,Experiment2 GA307 #7 norm,,0.913620298261254,0.0720606807401542
Norm,Experiment2 GA307 #8 norm,,0.932976933428989,0.134037656391019
Norm,Experiment2 SER306 #1 norm,,0.964539180621523,0.0122605358449667
Norm,Experiment2 SER306 #2 norm,,0.948999332334245,0.035020950286947
Norm,Experiment2 SER306 #3 norm,,1.00083945393343,0.0207931163452121
Norm,Experiment2 SER306 #4 norm,,1.0046043874012,0.0262683585930674
Norm,Experiment2 SER306 #5 norm,,0.917078258458537,0.0589763361190131
Norm,Experiment2 SER306 #6 norm,,0.855173770516869,0.117214559765077
Norm,Experiment2 SER306 #7 norm,,0.869938010697276,0.116622799705457
Norm,Experiment2 SER306 #8 norm,,1.00258888325132,0.216699302575584
Norm,Experiment2 meTHF #1 norm,,1.00853260409846,0.010131553215305
Norm,Experiment2 meTHF #2 norm,,0.987397948544288,0.0142362544473804
Norm,Experiment2 meTHF #3 norm,,0.947854854928798,0.0256967197235995
Norm,Experiment2 meTHF #4 norm,,1.00086155039275,0.0272239696866405
Norm,Experiment2 meTHF #5 norm,,0.879300326572803,0.0680389089465708
Norm,Experiment2 meTHF #6 norm,,1.06297712220512,0.184626333692798
Norm,Experiment2 meTHF #7 norm,,0.990468026844181,0.277690965993317
Norm,Experiment2 meTHF #8 norm,,1.10398010514189,0.0800978723651825
Norm,Experiment2 FmTHF #1 norm,,1.00042650415078,0.00979718686179725
Norm,Experiment2 FmTHF #2 norm,,0.978130902472596,0.0114418904764905
Norm,Experiment2 FmTHF #3 norm,,1.00858653337768,0.0103687509545623
Norm,Experiment2 FmTHF #4 norm,,0.995120090798686,0.0229987763125137
Norm,Experiment2 FmTHF #5 norm,,0.978778707709023,0.0423989411990989
Norm,Experiment2 FmTHF #6 norm,,1.037127983969,0.0728911045474373
Norm,Experiment2 FmTHF #7 norm,,1.00257716946152,0.105374649264958
Norm,Experiment2 FmTHF #8 norm,,1.00272622113302,0.0638178556451692
Norm,Experiment2 Met176 #1 norm,,0.985285014165989,0.0237217525340195
Norm,Experiment2 Met176 #2 norm,,0.892449786633108,0.0366439678421293
Norm,Experiment2 Met176 #3 norm,,0.911168118722115,0.0317745421401182
Norm,Experiment2 Met176 #4 norm,,0.860827282218188,0.0881194461710166
Norm,Experiment2 Met176 #5 norm,,0.884255879242602,0.0642651239209687
Norm,Experiment2 Met176 #6 norm,,1.01190500327651,0.0357547784342721
Norm,Experiment2 Met176 #7 norm,,1.00579266119597,0.0589745667446575
Norm,Experiment2 Met176 #8 norm,,1.01641273237983,0.151105274408516
Norm,Experiment2 SAM #1 norm,,1.01587210012575,0.0144580157150489
Norm,Experiment2 SAM #2 norm,,0.994294194190178,0.0228274230180473
Norm,Experiment2 SAM #3 norm,,0.965805023451758,0.0319636369651744
Norm,Experiment2 SAM #4 norm,,0.994586104385614,0.0440221223044337
Norm,Experiment2 SAM #5 norm,,1.00279454985363,0.0268789968590183
Norm,Experiment2 SAM #6 norm,,1.01146561533104,0.0669127384168181
Norm,Experiment2 SAM #7 norm,,0.996628530803172,0.0798203323148054
Norm,Experiment2 SAM #8 norm,,0.999146924115798,0.0697967247784333
Norm,Experiment2 CIT465 #1 norm,,1.00356437843512,0.012815132912535
Norm,Experiment2 CIT465 #2 norm,,0.994914609571468,0.0106262995957463
Norm,Experiment2 CIT465 #3 norm,,0.941487126447676,0.0124223063245689
Norm,Experiment2 CIT465 #4 norm,,0.962927681408929,0.0126423509864779
Norm,Experiment2 CIT465 #5 norm,,0.983537359544863,0.0157455300805475
Norm,Experiment2 CIT465 #6 norm,,0.973683614237969,0.0113228448858273
Norm,Experiment2 CIT465 #7 norm,,1.01933235655498,0.0151663758862342
Norm,Experiment2 CIT465 #8 norm,,1.03771268276349,0.0209695058899634
Norm,Experiment2 MAL335 #1 norm,,0.959454198953576,0.0114773304658024
Norm,Experiment2 MAL335 #2 norm,,1.01282309093524,0.0141217180075909
Norm,Experiment2 MAL335 #3 norm,,1.01894260190481,0.0139117547410602
Norm,Experiment2 MAL335 #4 norm,,0.973504203484757,0.0116584815966947
Norm,Experiment2 MAL335 #5 norm,,0.958851903481618,0.0144712575544059
Norm,Experiment2 MAL335 #6 norm,,0.960991623112893,0.0147221009980507
Norm,Experiment2 MAL335 #7 norm,,0.957987454854652,0.0196950493094936
Norm,Experiment2 MAL335 #8 norm,,1.03832747228676,0.0467680194410708
Norm,Experiment2 ASP334 #1 norm,,1.01418097804465,0.0160882095208985
Norm,Experiment2 ASP334 #2 norm,,1.02816318798541,0.0240925416014072
Norm,Experiment2 ASP334 #3 norm,,0.94123501329398,0.0182342451246363
Norm,Experiment2 ASP334 #4 norm,,0.958785469792064,0.0215641308711865
Norm,Experiment2 ASP334 #5 norm,,0.899881036058241,0.0215926716227782
Norm,Experiment2 ASP334 #6 norm,,0.959116248950613,0.0564841352994807
Norm,Experiment2 ASP334 #7 norm,,0.967943655816998,0.0604061250920941
Norm,Experiment2 ASP334 #8 norm,,0.983303328508939,0.0346996704179917
Norm,Experiment2 GLU348 #1 norm,,1.0033845573012,0.0119100843488227
Norm,Experiment2 GLU348 #2 norm,,0.993781938068499,0.0124120279451372
Norm,Experiment2 GLU348 #3 norm,,1.01229561730736,0.01203206785804
Norm,Experiment2 GLU348 #4 norm,,1.00559689795878,0.0159251607021169
Norm,Experiment2 GLU348 #5 norm,,0.970447893034359,0.0290435375340158
Norm,Experiment2 GLU348 #6 norm,,0.993103891541223,0.0153730877084589
Norm,Experiment2 GLU348 #7 norm,,0.942232606621425,0.0218684413826641
Norm,Experiment2 GLU348 #8 norm,,0.919735702519413,0.0534902841588792
Norm,Experiment2 THR320 #1 norm,,1.02545028696187,0.0105292489744396
Norm,Experiment2 THR320 #2 norm,,1.01001867459233,0.0120145188510408
Norm,Experiment2 THR320 #3 norm,,1.00120019570384,0.0103132074122223
Norm,Experiment2 THR320 #4 norm,,0.962857024442081,0.0108836164331174
Norm,Experiment2 THR320 #5 norm,,1.00362587529951,0.0206196564045676
Norm,Experiment2 THR320 #6 norm,,1.0511400680226,0.0112616979981696
Norm,Experiment2 THR320 #7 norm,,0.943388536165431,0.013108892627461
Norm,Experiment2 THR320 #8 norm,,0.922669721971516,0.0363550491037521
Norm,Experiment2 ALA116 #1 norm,,1.01178811035774,0.0103008451203656
Norm,Experiment2 ALA116 #2 norm,,0.980375561838053,0.00979518391816421
Norm,Experiment2 ALA116 #3 norm,,1.02958580027685,0.0111102106829321
Norm,Experiment2 ALA116 #4 norm,,0.970765167472334,0.0256934081886644
Norm,Experiment2 ALA116 #5 norm,,1.01709275137808,0.0841797454251829
Norm,Experiment2 ALA116 #6 norm,,1.00542165144585,0.070271738807803
Norm,Experiment2 ALA116 #7 norm,,1.01020902401544,0.073437639103689
Norm,Experiment2 ALA116 #8 norm,,0.860062652902756,0.187881474173554
Norm,Experiment2 PYR #1 norm,,0.985767901013153,0.0124468866495785
Norm,Experiment2 PYR #2 norm,,0.976033717160164,0.0484800027981442
Norm,Experiment2 PYR #3 norm,,0.90672155094111,0.0552788825833799
Norm,Experiment2 PYR #4 norm,,1.00927296066593,0.0506271360622667
Norm,Experiment2 PYR #5 norm,,1.05899097698921,0.10666175947684
Norm,Experiment2 PYR #6 norm,,0.982040635646376,0.112735414540707
Norm,Experiment2 PYR #7 norm,,1.02736049370483,0.078227808689996
Norm,Experiment2 PYR #8 norm,,0.954138031146532,0.115578752244244
