type,id,eqn,val,std
Net flux,CO2.t,CO2.t -> CO2,64.6252281177898,1.51687864810609
Net flux,CO2_sink,dummy -> Sink,64.6252281177897,1.51687864810609
Net flux,RUBICSO_CO2,RUBP.p + CO2 -> 3PGA.p + 3PGA.p + dummy,66.3824032367031,1.52288918178174
Net flux,GAPDH.p net,3PGA.p <-> TP.p,134.977031594186,3.03264936537125
Exch flux,GAPDH.p exch,3PGA.p <-> TP.p,24387.9194490841,4170.93077922758
Net flux,ALD,TP.p + E4P.p -> SBP,22.8923755247106,0.509041196921975
Net flux,SBP,SBP -> S7P.p,22.8923755247106,0.509041196921975
Net flux,FBA.p net,TP.p + TP.p <-> FBP.p,29.9048641774643,0.782869011352731
Exch flux,FBA.p exch,TP.p + TP.p <-> FBP.p,21623.3909883374,5855.84156911493
Net flux,PFK.p net,FBP.p <-> F6P.p,29.9048641774675,0.782869011352731
Exch flux,PFK.p exch,FBP.p <-> F6P.p,1.00012286452511e-07,7.61045545357074e-13
Net flux,TK1 net,TP.p + EC2 <-> X5P.p,45.7847510494212,1.01808239384395
Exch flux,TK1 exch,TP.p + EC2 <-> X5P.p,1.0000000116861e-07,0
Net flux,TK2 net,S7P.p <-> R5P.p + EC2,22.8923755247106,0.509041196921975
Exch flux,TK2 exch,S7P.p <-> R5P.p + EC2,37.6769514271444,6742.83108370008
Net flux,TK3 net,F6P.p <-> E4P.p + EC2,22.8923755247124,0.509041196921975
Exch flux,TK3 exch,F6P.p <-> E4P.p + EC2,8936.06170650986,4397.52994435242
Net flux,PPE net,X5P.p <-> RU5P.p,45.7847510494212,1.01808239384395
Exch flux,PPE exch,X5P.p <-> RU5P.p,76.7539935186801,4886.53431496555
Net flux,PPI net,R5P.p <-> RU5P.p,22.8923755247106,0.509041196921975
Exch flux,PPI exch,R5P.p <-> RU5P.p,237.978594536501,7992.54212073194
Net flux,PRK,RU5P.p -> RUBP.p,68.6771265741319,1.52712359090964
Net flux,RUBISCO_O2,RUBP.p -> 3PGA.p + 2PG.p,2.29472333742883,0.0845475138004595
Net flux,GLYdil net,GLY.p <-> GLY.x + dummyGLY,0.0165337250544084,0.00170705061310449
Exch flux,GLYdil exch,GLY.p <-> GLY.x + dummyGLY,1.0000000116861e-07,0
Net flux,SERdil net,SER.p <-> SER.x + dummySER,0.0565347406380567,0.00583700846607609
Exch flux,SERdil exch,SER.p <-> SER.x + dummySER,9.99877087792811e-08,3.62154543683295e-12
Net flux,GK,GA.p -> 3PGA.p,0.609419517619116,0.0858656309192019
Net flux,PGI.p net,F6P.p <-> G6P.p,7.01248865275805,0.412811122099761
Exch flux,PGI.p exch,F6P.p <-> G6P.p,1.82785967077986,6891.52487959002
Net flux,PGM.p,G6P.p -> ADPG.p,7.01248865275805,0.412811122099761
Net flux,Starch,ADPG.p -> Starch,7.01248865275803,0.412811122099761
Net flux,FBA.c net,TP.c + TP.c <-> FBP.c,3.24508833255824,0.335044284590764
Exch flux,FBA.c exch,TP.c + TP.c <-> FBP.c,20.4927426463577,7352.57512423626
Net flux,PFK.c net,FBP.c <-> F6P.c,3.24508833255826,0.335044284590764
Exch flux,PFK.c exch,FBP.c <-> F6P.c,6.84656818717527,30.2316426030281
Net flux,PGI.c net,F6P.c <-> G6P.c,1.62254416627917,0.167522142295382
Exch flux,PGI.c exch,F6P.c <-> G6P.c,224.983252493035,7097.47581045951
Net flux,PGM.c net,G6P.c <-> UDPG.c,1.62254416627547,0.167522142295382
Exch flux,PGM.c exch,G6P.c <-> UDPG.c,48481.0702279747,8354.95347902048
Net flux,SPS,F6P.c + UDPG.c -> S6P,1.62254416627909,0.167522142295382
Net flux,PGAM.c net,3PGA.c <-> PEP.c,0.691917734268183,0.0714381408950218
Exch flux,PGAM.c exch,3PGA.c <-> PEP.c,9.9998775260346e-08,5921.2293929108
Net flux,PK.c,PEP.c -> PYR.c,0.314075874266941,0.0324272607708822
Net flux,PDH,PYR.c + dummy -> ACA + CO2,0.261391865187721,0.026987816738722
Net flux,CS,OAA + ACA -> CIT,0.261391865187717,0.026987816738722
Net flux,ACO net,CIT <-> ICI,0.261391865187761,0.026987816738722
Exch flux,ACO exch,CIT <-> ICI,1192.67912512436,5921.22939247986
Net flux,IDH,ICI + dummy -> AKG + CO2,0.261391865187734,0.026987816738722
Net flux,MDH net,MAL <-> OAA,7.105427357601e-15,0
Exch flux,MDH exch,MAL <-> OAA,0.159048251556428,0.1957596264764
Net flux,PPC,PEP.c + CO2 -> OAA + dummy,0.377841860001673,0.0390108803028552
Net flux,T_3PGA net,3PGA.p <-> 3PGA.c,0.691917734268159,0.0714381408950218
Exch flux,T_3PGA exch,3PGA.p <-> 3PGA.c,1.0000000116861e-07,0
Net flux,T_DHAP net,TP.p <-> TP.c,6.49017666511653,0.670088569181528
Exch flux,T_DHAP exch,TP.p <-> TP.c,5.54732175224215,7.83265639772776
Net flux,ALT,PYR.c -> ALA.c,0.0526840090790738,0.00543944387862843
Net flux,ASPT,OAA -> ASP,0.116449994813936,0.0120230640366167
Net flux,GLUDH,AKG -> GLU,0.261391865187711,0.026987816738722
Net flux,PCR net,GLU <-> PRO,-2.48689957516035e-14,0
Exch flux,PCR exch,GLU <-> PRO,1.0000000116861e-07,0
Net flux,GS net,GLU <-> GLN,0,0
Exch flux,GS exch,GLU <-> GLN,1.00042804263012e-07,0
Net flux,TS net,ASP <-> THR,0,0
Exch flux,TS exch,ASP <-> THR,0.0475058924443772,0.0562602757747507
Net flux,AS net,ASP <-> ASN,1.06581410364015e-14,0
Exch flux,AS exch,ASP <-> ASN,1.0000000116861e-07,0
Net flux,G_3PGA.p,0*3PGA.p -> 3PGA,2.46866314768113e-06,10848.236986032
Net flux,G_3PGA.c,0*3PGA.c -> 3PGA,92.9119081399165,7416.79012744265
Net flux,G_DHAP.p,0*TP.p -> TP,40.6853798422419,10681.3451773148
Net flux,G_DHAP.c,0*TP.c -> TP,51.8471856996948,7208.20022128842
Net flux,G_F6P.p,0*F6P.p -> F6P,48.6686345030749,10508.9819980932
Net flux,G_F6P.c,0*F6P.c -> F6P,36.546576817712,7387.01665416185
Net flux,G_FBP.p,0*FBP.p -> FBP,2.46866146369484e-06,10358.7628404393
Net flux,G_FBP.c,0*FBP.c -> FBP,83.4512310510783,7265.93756241936
Net flux,G_G6P.p,0*G6P.p -> G6P,19.0549768397257,10116.3697020433
Net flux,G_G6P.c,0*G6P.c -> G6P,58.8549499993083,6727.93044510876
Net flux,G_RU5P.p,0*RU5P.p -> P5P,2.46865387865114e-06,10788.5636737214
Net flux,G_X5P.p,0*X5P.p -> P5P,92.8477691490408,7777.51913612596
Net flux,G_R5P.p,0*R5P.p -> R5P,82.2810779884949,7419.24943972494
Net flux,G_GA.p,0*GA.p -> GA,34.9911548745216,3.78325471187341
Net flux,G_SER.p,0*SER.p -> SER,77.8186142911336,7264.51196577263
Net flux,G_GLY.p,0*GLY.p -> GLY,7.01518333006026,7689.73371742173
Net flux,G_RUBP.p,0*RUBP.p -> RUBP,92.5302752673063,7826.48566473548
Net flux,G_S7P.p,0*S7P.p -> S7P,98.4567310636212,7171.23786665286
Net flux,G_2PG.p,0*2PG.p -> 2PG,87.0427532706349,7095.41121298325
Net flux,G_ADPG.p,0*ADPG.p -> ADPG,95.0805622183481,7445.46332024907
Net flux,G_PEP.c,0*PEP.c -> PEP,89.2305410445615,7403.58356911607
Net flux,G_UDPG.c,0*UDPG.c -> UDPG,72.4268033045549,7034.77312929537
Net flux,G_ALA.c,0*ALA.c -> ALA,99.9261499377145,7716.21812570518
Net flux,(1-G)_GA,0*GA.x -> GA,65.0088451254804,3.78325471187341
Net flux,(1-G)_SER,0*SER.x -> SER,22.1813850521606,4.41362267194812
Net flux,(1-G)_GLY,0*GLY.x -> GLY,41.2261940830169,7.54023644576562
Net flux,(1-G)_R5P,0*R5P.x -> R5P,17.718922011502,7419.24943972494
Net flux,(1-G)_RUBP,0*RUBP.x -> RUBP,7.46972473269241,7826.48566473548
Net flux,(1-G)_3PGA,0*3PGA.x -> 3PGA,7.08808939142064,7777.17236683345
Net flux,(1-G)_TP,0*TP.x -> TP,7.46743445806384,7750.63117616015
Net flux,(1-G)_F6P,0*F6P.x -> F6P,14.7847886792169,7476.71792157167
Net flux,(1-G)_FBP,0*FBP.x -> FBP,16.5487664802551,7507.7498951705
Net flux,(1-G)_G6P,0*G6P.x -> G6P,22.0900731609643,7828.18347787291
Net flux,(1-G)_RU5P,0*RU5P.x -> P5P,7.15222838230669,7812.88555156574
Net flux,(1-G)_S7P,0*S7P.x -> S7P,1.5432689363768,7171.23786665286
Net flux,(1-G)_2PG,0*2PG.x -> 2PG,12.9572467293675,7095.41121298325
Net flux,(1-G)_ADPG,0*ADPG.x -> ADPG,4.91943778165087,7445.46332024907
Net flux,(1-G)_PEP,0*PEP.x -> PEP,10.7694589554367,7403.58356911607
Net flux,(1-G)_UDPG,0*UDPG.x -> UDPG,27.5731966954463,7034.77312929537
Net flux,(1-G)_ALA,0*ALA.x -> ALA,0.0738500622853095,7716.21812570518
Net flux,PGASink,3PGA -> Sink,100,0
Net flux,DHAPSink,TP -> Sink,100.000000000001,0
Net flux,F6PSink,F6P -> Sink,100.000000000004,0
Net flux,FBPSink,FBP -> Sink,99.9999999999948,0
Net flux,G6PSink,G6P -> Sink,99.9999999999983,0
Net flux,P5PSink,P5P -> Sink,100.000000000001,0
Net flux,R5PSink,R5P -> Sink,99.9999999999968,0
Net flux,GASink,GA -> Sink,100.000000000002,0
Net flux,SERSink,SER -> Sink,99.9999999999996,0
Net flux,GLYSink,GLY -> Sink,100.000000000001,0
Net flux,RUBPSink,RUBP -> Sink,99.9999999999987,0
Net flux,S7PSink,S7P -> Sink,99.9999999999979,0
Net flux,2PGSink,2PG -> Sink,100.000000000002,0
Net flux,ADPGSink,ADPG -> Sink,99.9999999999989,0
Net flux,PEPSink,PEP -> Sink,99.9999999999983,0
Net flux,UDPGSink,UDPG -> Sink,100.000000000001,0
Net flux,ALASink,ALA -> Sink,99.9999999999998,0
Net flux,S6Pout-LL,S6P + 0.1611*GLU + 0.07177*ASP + 0.03247*ALA.c + 0.01019*dummyGLY + 0.03484*dummySER -> Sink,1.62254416627912,0.167522142295382
Net flux,PGP.p,2PG.p -> Glyc.p,2.29472333742885,0.0845475138004595
Net flux,GOX,Glyc.p -> Glyx.p,2.29472333742887,0.0845475138004595
Net flux,GGT,Glyx.p -> GLY.p,2.29472333742886,0.0845475138004595
Net flux,SGAT,SER.p -> HPA.p,0.609419517619105,0.0858656309192019
Net flux,HPR.p,HPA.p -> GA.p,0.6094195176191,0.0858656309192019
Net flux,T_GLY-m net,GLY.p <-> GLY.m,2.56009081790398,7283.21491496438
Exch flux,T_GLY-m exch,GLY.p <-> GLY.m,24723.6386792592,7056.20197952548
Net flux,GDC.m,GLY.m + dummy -> myTHF.m + CO2,1.61223324853973,0.0973718760638181
Net flux,T_SER-m net,SER.p <-> SER.m,-1.61223324853978,0.0973718760638181
Exch flux,T_SER-m exch,SER.p <-> SER.m,442.741984105551,6862.37370330232
Net flux,mSHMT,GLY.m + myTHF.m -> SER.m,1.61223324853973,0.0973718760638181
Net flux,T_SER-c net,SER.p <-> SER.c,0.946278990282555,0.162432187384657
Exch flux,T_SER-c exch,SER.p <-> SER.c,1.00000003833145e-07,6.07249713019903e-13
Net flux,T_Gly-c net,GLY.p <-> GLY.c,-0.28190120553315,7283.21491447335
Exch flux,T_Gly-c exch,GLY.p <-> GLY.c,9.99999998363421e-08,0
Net flux,cSHMT,SER.c -> GLY.c + meTHF.c,0.946278864643847,0.162432187864881
Net flux,FmTHF-reductase net,meTHF.c <-> FmTHF.c,0.946278864643848,0.162432187864881
Exch flux,FmTHF-reductase exch,meTHF.c <-> FmTHF.c,7.90702717385352,7958.40425561608
Net flux,Met-synthase,FmTHF.c + Hcy.c -> Met.c,0.946278864643828,0.162432187864881
Net flux,SAM-synthase,Met.c -> SAM.c,0.946278864643837,0.162432187864881
Net flux,Methylation,SAM.c -> SAH.c + Acceptor.c,0.946278864643832,0.162432187864881
Net flux,hydrolysis,SAH.c -> Hcy.c,0.946278864643824,0.162432187864881
Net flux,G_SER.m,0*SER.m -> SER,1.0000000116861e-07,0
Net flux,G_SER.c,0*SER.c -> SER,5.56705380461153e-07,7264.51062499991
Net flux,G_Gly.m,0*GLY.m -> GLY,9.86959063347115e-05,7689.73356451418
Net flux,G_Gly.c,0*GLY.c -> GLY,51.7585238910177,7.71011553596053
Net flux,T_GLY-c-m,GLY.c -> GLY.m,0.664375679171876,7283.21491628516
Net flux,G_Glyc,0*Glyc.p -> Glyc,8.17029813249216,1.20840192789207
Net flux,G_Glyx,0*Glyx.p -> Glyx,12.2892721352891,12.0565943408651
Net flux,G_HPA,0*HPA.p -> HPA,6.98554389357229,1.83709189640975
Net flux,(1-G)_Glyc,0*Glyc.x -> Glyc,91.8297018675085,1.20840192789207
Net flux,(1-G)_Glyx,0*Glyx.x -> Glyx,87.7107278647117,12.0565943408651
Net flux,(1-G)_HPA,0*HPA.x -> HPA,93.0144561064276,1.83709189640975
Net flux,GlycSink,Glyc -> Sink,100.000000000001,0
Net flux,GlyxSink,Glyx -> Sink,100.000000000001,0
Net flux,HPASink,HPA -> Sink,99.9999999999998,0
Net flux,SERex,dummySER -> outSER,1.00006834369282e-07,1.75138941531883e-12
Net flux,G_PYR,0*PYR.c -> PYR,47.3116797959982,2.99971058449531
Net flux,(1-G)_PYR,0*PYR.x -> PYR,52.6883202040021,2.99971058449531
Net flux,PYRSink,PYR -> Sink,100,0
Net flux,G_meTHF,0*meTHF.c -> meTHF,99.9999998999999,0
Net flux,G_FmTHF,0*FmTHF.c -> FmTHF,70.4739571099136,4.29557654732845
Net flux,G_Met,0*Met.c -> Met,60.433503976511,4.37302901374825
Net flux,G_SAM,0*SAM.c -> SAM,60.9296630425042,4.34593822984329
Net flux,(1-G)_meTHF,0*meTHF.x -> meTHF,1.0000000116861e-07,0
Net flux,(1-G)_FmTHF,0*FmTHF.x -> FmTHF,29.5260428900865,4.29557654732845
Net flux,(1-G)_Met,0*Met.x -> Met,39.5664960234891,4.37302901374825
Net flux,(1-G)_SAM,0*SAM.x -> SAM,39.0703369574958,4.34593822984329
Net flux,meTHFSink,meTHF -> Sink,99.9999999999999,0
Net flux,FmTHFSink,FmTHF -> Sink,100,0
Net flux,MetSink,Met -> Sink,100,0
Net flux,SAMsink,SAM -> Sink,100,0
Net flux,Met-protein,Met.c -> Protein,6.51983996113883e-15,0
Net flux,GLY-protein,GLY.c -> Protein,1.97993884842873e-06,2.52975140226851e-12
Net flux,SER-protein,SER.c -> Protein,1.25638708325937e-07,1.64316512215176e-12
Pool,2PG pool,,0,0
Pool,2PG.p pool,,2.88374054345326e-06,7420.00081204221
Pool,2PG.x pool,,1,Inf
Pool,3PGA pool,,0,0
Pool,3PGA.c pool,,0.0191556786735497,0.00554248380835889
Pool,3PGA.p pool,,3.73777248177973e-06,7542.63169917008
Pool,3PGA.x pool,,1,Inf
Pool,ACA pool,,2.35698447054598e-06,7357.5304144687
Pool,ADPG pool,,0,0
Pool,ADPG.p pool,,9.9999999999999e-08,Inf
Pool,ADPG.x pool,,1,Inf
Pool,AKG pool,,2.43463908341988e-06,7510.43654977245
Pool,ALA pool,,0,0
Pool,ALA.c pool,,0.0250826962640627,0.00346925362437616
Pool,ALA.x pool,,1,Inf
Pool,ASN pool,,7565.94100367757,7299.49379633446
Pool,ASP pool,,0.0018654109569622,0.00390740968350162
Pool,Acceptor.c pool,,1,Inf
Pool,CIT pool,,9.32367483273551,5.83110483166358
Pool,CO2 pool,,0.000150617935528332,7386.37047395167
Pool,CO2.t pool,,1,Inf
Pool,E4P.p pool,,0,0
Pool,EC2 pool,,0,0
Pool,F6P pool,,0,0
Pool,F6P.c pool,,3.82976299612016e-06,7534.71120055478
Pool,F6P.p pool,,3.3029198660196e-06,6982.26932381032
Pool,F6P.x pool,,1,Inf
Pool,FBP pool,,0,0
Pool,FBP.c pool,,3.77497737332434e-06,7676.78781621846
Pool,FBP.p pool,,3.28917265973183e-06,6958.99669492184
Pool,FBP.x pool,,1,Inf
Pool,FmTHF pool,,4.85723056247867,2.47240290052969
Pool,FmTHF.c pool,,2.13768329533801e-06,7144.63597432459
Pool,FmTHF.x pool,,1,Inf
Pool,G6P pool,,0,0
Pool,G6P.c pool,,9.87590339027485e-06,7139.1811837901
Pool,G6P.p pool,,3.67245101764493e-06,7636.85903831449
Pool,G6P.x pool,,1,Inf
Pool,GA pool,,0,0
Pool,GA.p pool,,1.26239774538121e-06,7474.69869058479
Pool,GA.x pool,,1,Inf
Pool,GLN pool,,8.83867754986404,7139.75858778145
Pool,GLU pool,,2.4346470172786e-06,7351.57244378115
Pool,GLY pool,,0,0
Pool,GLY.c pool,,0.0602044849795005,0.0385356654730837
Pool,GLY.m pool,,1e-07,0
Pool,GLY.p pool,,4.03608737093274e-05,7611.6524047361
Pool,GLY.x pool,,1,Inf
Pool,Glyc pool,,3.80790714455378,1.81758147474025
Pool,Glyc.p pool,,7.56419989943266e-06,7323.21691622855
Pool,Glyc.x pool,,1,Inf
Pool,Glyx pool,,61.1316874668515,81.0792284515422
Pool,Glyx.p pool,,1.11066723479709e-05,7054.38522245563
Pool,Glyx.x pool,,1,Inf
Pool,HPA pool,,0.000174510122051812,7131.86199289404
Pool,HPA.p pool,,1.12362311052502e-06,7139.14790155022
Pool,HPA.x pool,,1,Inf
Pool,Hcy.c pool,,1,Inf
Pool,ICI pool,,0.00362511549456753,7027.40480004018
Pool,MAL pool,,0.588918675633038,0.562188839408702
Pool,Met pool,,0.000331294577065197,7632.96002124042
Pool,Met.c pool,,4.6851102592278e-07,7021.46953592784
Pool,Met.x pool,,1,Inf
Pool,OAA pool,,0.180392903939321,0.0539624351425939
Pool,P5P pool,,0,0
Pool,PEP pool,,0,0
Pool,PEP.c pool,,9.99999999998398e-08,0
Pool,PEP.x pool,,1,Inf
Pool,PRO pool,,5.39499638369158,7261.4340856387
Pool,PYR pool,,7.76536631679978,2.6684094992332
Pool,PYR.c pool,,9.99999999998398e-08,0
Pool,PYR.x pool,,1,Inf
Pool,Protein pool,,1,Inf
Pool,R5P pool,,0,0
Pool,R5P.p pool,,1.3099423743161e-05,7107.78406652572
Pool,R5P.x pool,,1,Inf
Pool,RU5P.p pool,,3.27715863591783e-06,7187.10674622638
Pool,RU5P.x pool,,1,Inf
Pool,RUBP pool,,0,0
Pool,RUBP.p pool,,3.29395488042387e-06,7502.02289458491
Pool,RUBP.x pool,,1,Inf
Pool,S6P pool,,1,Inf
Pool,S7P pool,,0,0
Pool,S7P.p pool,,3.20030918917726e-06,7420.18730166374
Pool,S7P.x pool,,1,Inf
Pool,SAH.c pool,,1,Inf
Pool,SAM pool,,6.27679605021197,2.80202067396557
Pool,SAM.c pool,,1.8783997991196e-06,7394.85053446509
Pool,SAM.x pool,,1,Inf
Pool,SBP pool,,0,0
Pool,SER pool,,0,0
Pool,SER.c pool,,1e-07,0
Pool,SER.m pool,,0.503714788445369,0.046423061396904
Pool,SER.p pool,,0.00127502197914961,7599.44612483576
Pool,SER.x pool,,1,Inf
Pool,Sink pool,,1,Inf
Pool,Starch pool,,1,Inf
Pool,THR pool,,0.136860868745021,0.15440312754425
Pool,TP pool,,0,0
Pool,TP.c pool,,4.12439479230275e-06,7286.48720296433
Pool,TP.p pool,,3.85486541030662e-06,7681.94801373693
Pool,TP.x pool,,1,Inf
Pool,UDPG pool,,0,0
Pool,UDPG.c pool,,0.709633055356487,0.533691486587344
Pool,UDPG.x pool,,1,Inf
Pool,X5P.p pool,,3.35085148388272e-06,7311.53858440571
Pool,dummy pool,,1,Inf
Pool,dummyGLY pool,,1,Inf
Pool,dummySER pool,,1,Inf
Pool,meTHF pool,,1.62909321904585,1.1490595734961
Pool,meTHF.c pool,,2.15359152882177e-06,7785.95766607
Pool,meTHF.x pool,,1,Inf
Pool,myTHF.m pool,,0.00250442220382982,7159.90003650966
Pool,outSER pool,,1,Inf
Norm,Experiment2 Glyc205 #1 norm,,0.994124632962545,0.0351354488379727
Norm,Experiment2 Glyc205 #2 norm,,0.966019728842683,0.016722749718688
Norm,Experiment2 Glyc205 #3 norm,,0.98913125490486,0.02325583809486
Norm,Experiment2 Glyc205 #4 norm,,1.00996682046516,0.0221711654197483
Norm,Experiment2 Glyc205 #5 norm,,0.994570646554494,0.0245601609838469
Norm,Experiment2 Glyc205 #6 norm,,1.02755915828433,0.0254076855510817
Norm,Experiment2 Glyc205 #7 norm,,0.97596095736773,0.0337118236992844
Norm,Experiment2 Glyc205 #8 norm,,0.870413438113444,0.106878714926759
Norm,Experiment2 Glyx160 #1 norm,,0.992957433550632,0.0112136726005595
Norm,Experiment2 Glyx160 #2 norm,,0.98908379507769,0.0120924175725186
Norm,Experiment2 Glyx160 #3 norm,,0.98696872088976,0.0137029509298174
Norm,Experiment2 Glyx160 #4 norm,,0.989918983415499,0.0167284841318222
Norm,Experiment2 Glyx160 #5 norm,,1.0026745765912,0.0156882145402767
Norm,Experiment2 Glyx160 #6 norm,,0.979124049867617,0.0212179962072693
Norm,Experiment2 Glyx160 #7 norm,,0.981417878758405,0.031352856392928
Norm,Experiment2 Glyx160 #8 norm,,0.992665019751359,0.112899113555642
Norm,Experiment2 GLY276 #1 norm,,0.992643957558684,0.0106203049183726
Norm,Experiment2 GLY276 #2 norm,,0.976067843823486,0.0227496779811543
Norm,Experiment2 GLY276 #3 norm,,0.99853469316136,0.0196503851377153
Norm,Experiment2 GLY276 #4 norm,,1.03496826036301,0.018935245738522
Norm,Experiment2 GLY276 #5 norm,,0.978786913481522,0.0386345961669124
Norm,Experiment2 GLY276 #6 norm,,0.985197574143527,0.0775480948663866
Norm,Experiment2 GLY276 #7 norm,,1.02809768960922,0.15603838659019
Norm,Experiment2 GLY276 #8 norm,,0.999876116392866,0.139876378517234
Norm,Experiment2 HPA262 #1 norm,,1.00585779293466,0.0197676226694117
Norm,Experiment2 HPA262 #2 norm,,0.972593436342961,0.0248195181741445
Norm,Experiment2 HPA262 #3 norm,,0.987059261079676,0.0235855700318985
Norm,Experiment2 HPA262 #4 norm,,0.96773709547943,0.0304195485741901
Norm,Experiment2 HPA262 #5 norm,,0.963333507070476,0.0214965973374624
Norm,Experiment2 HPA262 #6 norm,,0.904866366057482,0.027175918191513
Norm,Experiment2 HPA262 #7 norm,,1.01079167691415,0.0250157550203035
Norm,Experiment2 HPA262 #8 norm,,0.951927126220594,0.0359641662772442
Norm,Experiment2 GA307 #1 norm,,1.00968060783015,0.011139482096481
Norm,Experiment2 GA307 #2 norm,,0.918935498928449,0.0299398128227624
Norm,Experiment2 GA307 #3 norm,,0.905524238689126,0.0215837881805955
Norm,Experiment2 GA307 #4 norm,,0.963248378953193,0.0252013882801045
Norm,Experiment2 GA307 #5 norm,,1.00047718877448,0.0708981412967854
Norm,Experiment2 GA307 #6 norm,,0.93001739648847,0.101935058902989
Norm,Experiment2 GA307 #7 norm,,0.912977090080042,0.0643057285100512
Norm,Experiment2 GA307 #8 norm,,1.01969066961159,0.146257175353172
Norm,Experiment2 SER306 #1 norm,,0.974930788976894,0.0124504984949119
Norm,Experiment2 SER306 #2 norm,,0.991332951855696,0.0361135358189401
Norm,Experiment2 SER306 #3 norm,,1.00752729401205,0.0202227984628287
Norm,Experiment2 SER306 #4 norm,,1.02448486929018,0.025678728550709
Norm,Experiment2 SER306 #5 norm,,1.00508629895732,0.0600403618436072
Norm,Experiment2 SER306 #6 norm,,1.00224581436117,0.129743792218523
Norm,Experiment2 SER306 #7 norm,,1.08184975270032,0.10440383326884
Norm,Experiment2 SER306 #8 norm,,1.00354580858301,0.0990267365904367
Norm,Experiment2 meTHF #1 norm,,1.00801347232785,0.0102812022881208
Norm,Experiment2 meTHF #2 norm,,1.00487276206093,0.0139869487410921
Norm,Experiment2 meTHF #3 norm,,0.966816615597454,0.0286048468833294
Norm,Experiment2 meTHF #4 norm,,1.01537440878433,0.0304462086091846
Norm,Experiment2 meTHF #5 norm,,1.0009534437576,0.0923641089769287
Norm,Experiment2 meTHF #6 norm,,0.975836304604009,0.128666786317688
Norm,Experiment2 meTHF #7 norm,,0.979283261916045,0.230451780096076
Norm,Experiment2 meTHF #8 norm,,1.01461351263239,0.0618010942663681
Norm,Experiment2 FmTHF #1 norm,,0.999125247805369,0.0101206858354605
Norm,Experiment2 FmTHF #2 norm,,0.996253011620309,0.0114662970719304
Norm,Experiment2 FmTHF #3 norm,,1.01300733988129,0.0102983683020013
Norm,Experiment2 FmTHF #4 norm,,1.02878363197995,0.022764568375239
Norm,Experiment2 FmTHF #5 norm,,0.943383328895567,0.040137791905662
Norm,Experiment2 FmTHF #6 norm,,0.985418592609349,0.0723848380737045
Norm,Experiment2 FmTHF #7 norm,,0.991015034128501,0.10060535287279
Norm,Experiment2 FmTHF #8 norm,,0.994558680713023,0.0658469737773397
Norm,Experiment2 Met176 #1 norm,,1.01492501884498,0.0237235985579387
Norm,Experiment2 Met176 #2 norm,,0.952440001044542,0.0379890430001914
Norm,Experiment2 Met176 #3 norm,,0.918528057838706,0.0334957512194012
Norm,Experiment2 Met176 #4 norm,,0.783070800277113,0.0781122600075634
Norm,Experiment2 Met176 #5 norm,,0.856091453849166,0.065676116632245
Norm,Experiment2 Met176 #6 norm,,1.02476409667686,0.0342561444223413
Norm,Experiment2 Met176 #7 norm,,0.992050006433741,0.0663428615954007
Norm,Experiment2 Met176 #8 norm,,0.998355041140576,0.141159043450864
Norm,Experiment2 SAM #1 norm,,0.991021633093903,0.014569454590301
Norm,Experiment2 SAM #2 norm,,0.967553288569777,0.0219669695597115
Norm,Experiment2 SAM #3 norm,,0.968414503419326,0.0314593201522394
Norm,Experiment2 SAM #4 norm,,0.999034564955056,0.0462802548804759
Norm,Experiment2 SAM #5 norm,,1.00176338508972,0.0254646558443909
Norm,Experiment2 SAM #6 norm,,1.01051652791853,0.0579824694415752
Norm,Experiment2 SAM #7 norm,,0.993338156116036,0.06923831791029
Norm,Experiment2 SAM #8 norm,,0.999828556316166,0.0703249708119307
Norm,Experiment2 CIT465 #1 norm,,0.950563264390514,0.0123568354192773
Norm,Experiment2 CIT465 #2 norm,,0.964166203888449,0.010384789778904
Norm,Experiment2 CIT465 #3 norm,,1.02176480218338,0.0134816402550053
Norm,Experiment2 CIT465 #4 norm,,0.959094472084259,0.0124764363570466
Norm,Experiment2 CIT465 #5 norm,,0.962051345652234,0.0149169926595809
Norm,Experiment2 CIT465 #6 norm,,0.994490294910867,0.0112166232072233
Norm,Experiment2 CIT465 #7 norm,,1.04732582548904,0.0163114085161827
Norm,Experiment2 CIT465 #8 norm,,1.01072432467299,0.0219010252607456
Norm,Experiment2 MAL335 #1 norm,,0.974484774895187,0.0116666769576955
Norm,Experiment2 MAL335 #2 norm,,1.00910322605502,0.0140803542416252
Norm,Experiment2 MAL335 #3 norm,,0.973230270375105,0.0130798619417319
Norm,Experiment2 MAL335 #4 norm,,0.974843576745285,0.0114352544268067
Norm,Experiment2 MAL335 #5 norm,,0.985253604705846,0.0147368901885941
Norm,Experiment2 MAL335 #6 norm,,0.986057247829873,0.0148605229223262
Norm,Experiment2 MAL335 #7 norm,,0.961560992643469,0.0195029168566557
Norm,Experiment2 MAL335 #8 norm,,1.00617049226442,0.0423335187735554
Norm,Experiment2 ASP334 #1 norm,,0.990824218415403,0.01573090214936
Norm,Experiment2 ASP334 #2 norm,,0.93272588870704,0.0223353847265401
Norm,Experiment2 ASP334 #3 norm,,0.973211272104525,0.0328776705082872
Norm,Experiment2 ASP334 #4 norm,,0.959471902475269,0.031931654865691
Norm,Experiment2 ASP334 #5 norm,,0.928094637658971,0.0274496808144143
Norm,Experiment2 ASP334 #6 norm,,0.948244307653379,0.0649186879003833
Norm,Experiment2 ASP334 #7 norm,,1.01903723132862,0.058212384682654
Norm,Experiment2 ASP334 #8 norm,,1.0139238758334,0.0354512861505203
Norm,Experiment2 GLU348 #1 norm,,0.965123012122589,0.0115800112052359
Norm,Experiment2 GLU348 #2 norm,,1.00310457463521,0.0126910951627282
Norm,Experiment2 GLU348 #3 norm,,1.00499923844608,0.0120817459188387
Norm,Experiment2 GLU348 #4 norm,,0.990135198803185,0.015403977023817
Norm,Experiment2 GLU348 #5 norm,,1.02171809175982,0.0324765926755714
Norm,Experiment2 GLU348 #6 norm,,0.942075391965887,0.0146236799089084
Norm,Experiment2 GLU348 #7 norm,,0.930634294251382,0.0227596210571128
Norm,Experiment2 GLU348 #8 norm,,0.926076696589135,0.0550727182109106
Norm,Experiment2 THR320 #1 norm,,0.980513451281188,0.0100985659933177
Norm,Experiment2 THR320 #2 norm,,1.04809773186961,0.0123553436201868
Norm,Experiment2 THR320 #3 norm,,1.01989535814015,0.0105063766467039
Norm,Experiment2 THR320 #4 norm,,1.02522719974642,0.0114253927744456
Norm,Experiment2 THR320 #5 norm,,1.00853620791682,0.0204374400397519
Norm,Experiment2 THR320 #6 norm,,0.994898820100715,0.0169748919745501
Norm,Experiment2 THR320 #7 norm,,1.00191420292752,0.0173302121659834
Norm,Experiment2 THR320 #8 norm,,0.971741049313947,0.043946933850775
Norm,Experiment2 ALA116 #1 norm,,1.01442921041282,0.0101758153148838
Norm,Experiment2 ALA116 #2 norm,,0.999377756818993,0.0101704047122786
Norm,Experiment2 ALA116 #3 norm,,1.03814508065148,0.0112787547154835
Norm,Experiment2 ALA116 #4 norm,,0.985420982185176,0.0243218158832028
Norm,Experiment2 ALA116 #5 norm,,1.04718326200058,0.0814077074471887
Norm,Experiment2 ALA116 #6 norm,,0.972562682252803,0.0817492492232807
Norm,Experiment2 ALA116 #7 norm,,0.983915461563125,0.0731260047877762
Norm,Experiment2 ALA116 #8 norm,,0.862851175502768,0.292577092192964
Norm,Experiment2 PYR #1 norm,,0.969548435737124,0.0123453551580052
Norm,Experiment2 PYR #2 norm,,0.888027367786257,0.0500042852991112
Norm,Experiment2 PYR #3 norm,,0.946783973525521,0.0657082098637404
Norm,Experiment2 PYR #4 norm,,0.993984643719543,0.0605272931349158
Norm,Experiment2 PYR #5 norm,,1.09669543768117,0.14844658657632
Norm,Experiment2 PYR #6 norm,,1.00056271707505,0.164838360647348
Norm,Experiment2 PYR #7 norm,,1.02737993552307,0.0723921768503556
Norm,Experiment2 PYR #8 norm,,0.982964290116622,0.11489314255198
