type,id,eqn,val,std
Net flux,CO2.t,CO2.t -> CO2,67.6856163995486,1.52816102288052
Net flux,CO2_sink,dummy -> Sink,67.6856163995486,1.52816102288052
Net flux,RUBICSO_CO2,RUBP.p + CO2 -> 3PGA.p + 3PGA.p + dummy,69.4000998278454,1.5346926993924
Net flux,GAPDH.p net,3PGA.p <-> TP.p,141.00090308825,3.08989588094327
Exch flux,GAPDH.p exch,3PGA.p <-> TP.p,214412.135221169,6467.10068677905
Net flux,ALD,TP.p + E4P.p -> SBP,23.8847847187259,0.51297745391217
Net flux,SBP,SBP -> S7P.p,23.8847847187259,0.51297745391217
Net flux,FBA.p net,TP.p + TP.p <-> FBP.p,31.9351267129823,0.807606290857726
Exch flux,FBA.p exch,TP.p + TP.p <-> FBP.p,188567.087795251,3188.74632550658
Net flux,PFK.p net,FBP.p <-> F6P.p,31.9351267130073,0.807606290857726
Exch flux,PFK.p exch,FBP.p <-> F6P.p,9.99498581677472e-08,3.31793098244451e-13
Net flux,TK1 net,TP.p + EC2 <-> X5P.p,47.7695694374517,1.02595490782434
Exch flux,TK1 exch,TP.p + EC2 <-> X5P.p,1.00000008274037e-07,0
Net flux,TK2 net,S7P.p <-> R5P.p + EC2,23.8847847187259,0.51297745391217
Exch flux,TK2 exch,S7P.p <-> R5P.p + EC2,38.3766626983907,8036.7899837648
Net flux,TK3 net,F6P.p <-> E4P.p + EC2,23.8847847187262,0.51297745391217
Exch flux,TK3 exch,F6P.p <-> E4P.p + EC2,10088.0591462687,7511.03562093603
Net flux,PPE net,X5P.p <-> RU5P.p,47.7695694374517,1.02595490782434
Exch flux,PPE exch,X5P.p <-> RU5P.p,112.885723510874,4095.84088597853
Net flux,PPI net,R5P.p <-> RU5P.p,23.8847847187259,0.51297745391217
Exch flux,PPI exch,R5P.p <-> RU5P.p,254.832523879263,8115.43147386184
Net flux,PRK,RU5P.p -> RUBP.p,71.6543541561777,1.53893236208886
Net flux,RUBISCO_O2,RUBP.p -> 3PGA.p + 2PG.p,2.25425432833236,0.0849416299228788
Net flux,GLYdil net,GLY.p <-> GLY.x + dummyGLY,0.0139508628017424,0.00167261383585413
Exch flux,GLYdil exch,GLY.p <-> GLY.x + dummyGLY,1.0000000116861e-07,1.06174104419922e-13
Net flux,SERdil net,SER.p <-> SER.x + dummySER,0.0477030230989257,0.00571925696815151
Exch flux,SERdil exch,SER.p <-> SER.x + dummySER,1.00034874606081e-07,4.12639146726417e-12
Net flux,GK,GA.p -> 3PGA.p,0.530276968131797,0.469712923885682
Net flux,PGI.p net,F6P.p <-> G6P.p,8.05034199428585,0.453070478654719
Exch flux,PGI.p exch,F6P.p <-> G6P.p,9.99650850985745e-08,8585.57201196342
Net flux,PGM.p,G6P.p -> ADPG.p,8.05034199428585,0.453070478654719
Net flux,Starch,ADPG.p -> Starch,8.05034199428583,0.453070478654719
Net flux,FBA.c net,TP.c + TP.c <-> FBP.c,2.73814775302164,0.328285345126008
Exch flux,FBA.c exch,TP.c + TP.c <-> FBP.c,27.7437149343273,8100.09377957638
Net flux,PFK.c net,FBP.c <-> F6P.c,2.73814775302165,0.328285345126008
Exch flux,PFK.c exch,FBP.c <-> F6P.c,25.6747789545581,6903.71618717571
Net flux,PGI.c net,F6P.c <-> G6P.c,1.36907387651087,0.164142672563004
Exch flux,PGI.c exch,F6P.c <-> G6P.c,223.70493144237,8325.41744299613
Net flux,PGM.c net,G6P.c <-> UDPG.c,1.36907387650717,0.164142672563004
Exch flux,PGM.c exch,G6P.c <-> UDPG.c,48481.2630672851,7599.64480801212
Net flux,SPS,F6P.c + UDPG.c -> S6P,1.36907387651079,0.164142672563004
Net flux,PGAM.c net,3PGA.c <-> PEP.c,0.583827863898742,0.0699970014285132
Exch flux,PGAM.c exch,3PGA.c <-> PEP.c,4.23676425892676,8069.99751509363
Net flux,PK.c,PEP.c -> PYR.c,0.265011630278345,0.0317730971947467
Net flux,PDH,PYR.c + dummy -> ACA + CO2,0.220557801504998,0.0264433845571921
Net flux,CS,OAA + ACA -> CIT,0.220557801504994,0.0264433845571921
Net flux,ACO net,CIT <-> ICI,0.220557801505038,0.0264433845571921
Exch flux,ACO exch,CIT <-> ICI,2417.0430324285,8280.92909679646
Net flux,IDH,ICI + dummy -> AKG + CO2,0.22055780150501,0.0264433845571921
Net flux,MDH net,MAL <-> OAA,7.105427357601e-15,0
Exch flux,MDH exch,MAL <-> OAA,0.218170158570985,0.0625558182069201
Net flux,PPC,PEP.c + CO2 -> OAA + dummy,0.318816233624012,0.0382239042273169
Net flux,T_3PGA net,3PGA.p <-> 3PGA.c,0.583827863898719,0.0699970014285132
Exch flux,T_3PGA exch,3PGA.p <-> 3PGA.c,1.0000000116861e-07,0
Net flux,T_DHAP net,TP.p <-> TP.c,5.47629550604332,0.656570690252016
Exch flux,T_DHAP exch,TP.p <-> TP.c,1.13535578664289,0.546670829225934
Net flux,ALT,PYR.c -> ALA.c,0.0444538287705863,0.00532971256810085
Net flux,ASPT,OAA -> ASP,0.0982584321171793,0.011780519600552
Net flux,GLUDH,AKG -> GLU,0.220557801504987,0.0264433845571921
Net flux,PCR net,GLU <-> PRO,-2.48689957516035e-14,0
Exch flux,PCR exch,GLU <-> PRO,1.0000000116861e-07,2.13145569323675e-13
Net flux,GS net,GLU <-> GLN,0,0
Exch flux,GS exch,GLU <-> GLN,1.00041965822584e-07,5.55170993220903e-13
Net flux,TS net,ASP <-> THR,0,0
Exch flux,TS exch,ASP <-> THR,1.0000000116861e-07,2.1202324770091e-13
Net flux,AS net,ASP <-> ASN,1.06581410364015e-14,0
Exch flux,AS exch,ASP <-> ASN,1.0000000116861e-07,6.57109423602037e-13
Net flux,G_3PGA.p,0*3PGA.p -> 3PGA,2.46866312636485e-06,10165.3997101787
Net flux,G_3PGA.c,0*3PGA.c -> 3PGA,92.9119081393847,8457.77893339701
Net flux,G_DHAP.p,0*TP.p -> TP,40.6853798422419,11998.4969670877
Net flux,G_DHAP.c,0*TP.c -> TP,51.8471856996948,8409.75192413934
Net flux,G_F6P.p,0*F6P.p -> F6P,48.6686345030749,12124.3898836901
Net flux,G_F6P.c,0*F6P.c -> F6P,36.546576817712,8364.27270754402
Net flux,G_FBP.p,0*FBP.p -> FBP,2.46866144948399e-06,12111.0387055582
Net flux,G_FBP.c,0*FBP.c -> FBP,83.4512310487571,8344.90781267046
Net flux,G_G6P.p,0*G6P.p -> G6P,19.0549768397257,11979.8443956416
Net flux,G_G6P.c,0*G6P.c -> G6P,58.8549499993082,8153.33671684324
Net flux,G_RU5P.p,0*RU5P.p -> P5P,2.46865387865114e-06,11995.8989564813
Net flux,G_X5P.p,0*X5P.p -> P5P,92.8477691490137,8176.90770698493
Net flux,G_R5P.p,0*R5P.p -> R5P,82.2810779884949,8292.04185652638
Net flux,G_GA.p,0*GA.p -> GA,31.4796014228058,4.32328263961729
Net flux,G_SER.p,0*SER.p -> SER,70.4986949295262,8435.94481255813
Net flux,G_GLY.p,0*GLY.p -> GLY,1.0000000116861e-07,1.63506454742105e-15
Net flux,G_RUBP.p,0*RUBP.p -> RUBP,92.5302752673063,7950.11986453646
Net flux,G_S7P.p,0*S7P.p -> S7P,98.4567310636212,8777.23032200708
Net flux,G_2PG.p,0*2PG.p -> 2PG,87.0427532706349,8777.23032200708
Net flux,G_ADPG.p,0*ADPG.p -> ADPG,95.0805622183481,8777.23032200708
Net flux,G_PEP.c,0*PEP.c -> PEP,89.2305410445615,8777.23032200708
Net flux,G_UDPG.c,0*UDPG.c -> UDPG,72.4268033045549,8777.23032200708
Net flux,G_ALA.c,0*ALA.c -> ALA,78.4682197811896,10.6884362742337
Net flux,(1-G)_GA,0*GA.x -> GA,68.5203985771962,4.32328263961729
Net flux,(1-G)_SER,0*SER.x -> SER,29.5012486983187,5.20690529521983
Net flux,(1-G)_GLY,0*GLY.x -> GLY,51.7185237030867,5.96317916258695
Net flux,(1-G)_R5P,0*R5P.x -> R5P,17.718922011502,8292.04185652638
Net flux,(1-G)_RUBP,0*RUBP.x -> RUBP,7.46972473269241,7950.11986453646
Net flux,(1-G)_3PGA,0*3PGA.x -> 3PGA,7.08808939195247,5439.73028132416
Net flux,(1-G)_TP,0*TP.x -> TP,7.46743445806384,8395.91751615741
Net flux,(1-G)_F6P,0*F6P.x -> F6P,14.7847886792169,8777.23032200708
Net flux,(1-G)_FBP,0*FBP.x -> FBP,16.5487664825763,8777.23032200708
Net flux,(1-G)_G6P,0*G6P.x -> G6P,22.0900731609643,8777.23032200708
Net flux,(1-G)_RU5P,0*RU5P.x -> P5P,7.15222838233382,8777.23032200708
Net flux,(1-G)_S7P,0*S7P.x -> S7P,1.5432689363768,8777.23032200708
Net flux,(1-G)_2PG,0*2PG.x -> 2PG,12.9572467293675,8777.23032200708
Net flux,(1-G)_ADPG,0*ADPG.x -> ADPG,4.91943778165087,8777.23032200708
Net flux,(1-G)_PEP,0*PEP.x -> PEP,10.7694589554367,8777.23032200708
Net flux,(1-G)_UDPG,0*UDPG.x -> UDPG,27.5731966954463,8777.23032200708
Net flux,(1-G)_ALA,0*ALA.x -> ALA,21.5317802188102,10.6884362742337
Net flux,PGASink,3PGA -> Sink,100,0
Net flux,DHAPSink,TP -> Sink,100.000000000001,0
Net flux,F6PSink,F6P -> Sink,100.000000000004,0
Net flux,FBPSink,FBP -> Sink,99.9999999999948,0
Net flux,G6PSink,G6P -> Sink,99.9999999999983,0
Net flux,P5PSink,P5P -> Sink,100.000000000001,0
Net flux,R5PSink,R5P -> Sink,99.9999999999968,0
Net flux,GASink,GA -> Sink,100.000000000002,0
Net flux,SERSink,SER -> Sink,99.9999999999996,0
Net flux,GLYSink,GLY -> Sink,100.000000000001,0
Net flux,RUBPSink,RUBP -> Sink,99.9999999999987,0
Net flux,S7PSink,S7P -> Sink,99.9999999999979,0
Net flux,2PGSink,2PG -> Sink,100.000000000002,0
Net flux,ADPGSink,ADPG -> Sink,99.9999999999989,0
Net flux,PEPSink,PEP -> Sink,99.9999999999983,0
Net flux,UDPGSink,UDPG -> Sink,100.000000000001,0
Net flux,ALASink,ALA -> Sink,99.9999999999998,0
Net flux,S6Pout-LL,S6P + 0.1611*GLU + 0.07177*ASP + 0.03247*ALA.c + 0.01019*dummyGLY + 0.03484*dummySER -> Sink,1.36907387651082,0.164142672563004
Net flux,PGP.p,2PG.p -> Glyc.p,2.25425432833238,0.0849416299228788
Net flux,GOX,Glyc.p -> Glyx.p,2.25425432833239,0.0849416299228788
Net flux,GGT,Glyx.p -> GLY.p,2.25425432833238,0.0849416299228788
Net flux,SGAT,SER.p -> HPA.p,0.530276968131786,0.469712923885682
Net flux,HPR.p,HPA.p -> GA.p,0.530276968131781,0.469712923885682
Net flux,T_GLY-m net,GLY.p <-> GLY.m,2.22593041880636,7868.8380610625
Exch flux,T_GLY-m exch,GLY.p <-> GLY.m,9.99999985040745e-08,0
Net flux,GDC.m,GLY.m + dummy -> myTHF.m + CO2,1.59218405890802,0.140275221077886
Net flux,T_SER-m net,SER.p <-> SER.m,-1.59218405890715,0.140275221077886
Exch flux,T_SER-m exch,SER.p <-> SER.m,8675.7472751187,8463.30979982751
Net flux,mSHMT,GLY.m + myTHF.m -> SER.m,1.59218405890802,0.140275221077886
Net flux,T_SER-c net,SER.p <-> SER.c,1.0142040676773,0.509834627394351
Exch flux,T_SER-c exch,SER.p <-> SER.c,2.85195592803289,2.02561890469836
Net flux,T_Gly-c net,GLY.p <-> GLY.c,0.0143730467242587,7868.83806060381
Exch flux,T_Gly-c exch,GLY.p <-> GLY.c,9.99999998363421e-08,0
Net flux,cSHMT,SER.c -> GLY.c + meTHF.c,1.0142039676773,0.509834627374073
Net flux,FmTHF-reductase net,meTHF.c <-> FmTHF.c,1.0142039676773,0.509834627374073
Exch flux,FmTHF-reductase exch,meTHF.c <-> FmTHF.c,6.63970402918328,8031.25588884787
Net flux,Met-synthase,FmTHF.c + Hcy.c -> Met.c,1.01420396767728,0.509834627374073
Net flux,SAM-synthase,Met.c -> SAM.c,1.01420396767729,0.509834627374073
Net flux,Methylation,SAM.c -> SAH.c + Acceptor.c,1.01420396767728,0.509834627374073
Net flux,hydrolysis,SAH.c -> Hcy.c,1.01420396767728,0.509834627374073
Net flux,G_SER.m,0*SER.m -> SER,1.0000000116861e-07,0
Net flux,G_SER.c,0*SER.c -> SER,5.62721546764067e-05,8435.94320559818
Net flux,G_Gly.m,0*GLY.m -> GLY,1.0000000116861e-07,0
Net flux,G_Gly.c,0*GLY.c -> GLY,48.2814760969145,5.96317916258694
Net flux,T_GLY-c-m,GLY.c -> GLY.m,0.958437699009684,7868.83806481158
Net flux,G_Glyc,0*Glyc.p -> Glyc,14.3285906296952,6.40357493500638
Net flux,G_Glyx,0*Glyx.p -> Glyx,1.57521356201453,0.587936394212996
Net flux,G_HPA,0*HPA.p -> HPA,6.75156254059883,1.82982826559234
Net flux,(1-G)_Glyc,0*Glyc.x -> Glyc,85.6714093703054,6.40357493500638
Net flux,(1-G)_Glyx,0*Glyx.x -> Glyx,98.4247864379863,0.587936394212996
Net flux,(1-G)_HPA,0*HPA.x -> HPA,93.2484374594011,1.82982826559234
Net flux,GlycSink,Glyc -> Sink,100.000000000001,0
Net flux,GlyxSink,Glyx -> Sink,100.000000000001,0
Net flux,HPASink,HPA -> Sink,99.9999999999998,0
Net flux,SERex,dummySER -> outSER,9.99745437546551e-08,9.67583123253837e-13
Net flux,G_PYR,0*PYR.c -> PYR,41.3038231629458,3.29369347774747
Net flux,(1-G)_PYR,0*PYR.x -> PYR,58.6961768370544,3.29369347774747
Net flux,PYRSink,PYR -> Sink,100,0
Net flux,G_meTHF,0*meTHF.c -> meTHF,92.5180341066742,5.56016112438862
Net flux,G_FmTHF,0*FmTHF.c -> FmTHF,73.9665798948107,5.96062433691609
Net flux,G_Met,0*Met.c -> Met,58.9163767807436,5.04489641489786
Net flux,G_SAM,0*SAM.c -> SAM,54.8610387094601,4.37401875407529
Net flux,(1-G)_meTHF,0*meTHF.x -> meTHF,7.48196589332576,5.56016112438862
Net flux,(1-G)_FmTHF,0*FmTHF.x -> FmTHF,26.0334201051894,5.96062433691609
Net flux,(1-G)_Met,0*Met.x -> Met,41.0836232192565,5.04489641489786
Net flux,(1-G)_SAM,0*SAM.x -> SAM,45.1389612905399,4.37401875407529
Net flux,meTHFSink,meTHF -> Sink,99.9999999999999,0
Net flux,FmTHFSink,FmTHF -> Sink,100,0
Net flux,MetSink,Met -> Sink,100,0
Net flux,SAMsink,SAM -> Sink,100,0
Net flux,Met-protein,Met.c -> Protein,6.51983996113883e-15,0
Net flux,GLY-protein,GLY.c -> Protein,0.0701393153919003,0.460971569811088
Net flux,SER-protein,SER.c -> Protein,1.00000000280431e-07,1.63053437394262e-12
Pool,2PG pool,,0,0
Pool,2PG.p pool,,1e-07,0
Pool,2PG.x pool,,1,Inf
Pool,3PGA pool,,0,0
Pool,3PGA.c pool,,0.00984136720399266,0.00528005658577469
Pool,3PGA.p pool,,1e-07,0
Pool,3PGA.x pool,,1,Inf
Pool,ACA pool,,1e-07,0
Pool,ADPG pool,,0,0
Pool,ADPG.p pool,,9.9999999999999e-08,Inf
Pool,ADPG.x pool,,1,Inf
Pool,AKG pool,,3.44543764445851e-07,8080.0391731844
Pool,ALA pool,,0,0
Pool,ALA.c pool,,0.0112686294253485,0.00360300131907556
Pool,ALA.x pool,,1,Inf
Pool,ASN pool,,7566.06819372115,8053.04820164555
Pool,ASP pool,,1e-07,1.57804475790719e-13
Pool,Acceptor.c pool,,1,Inf
Pool,CIT pool,,4.83942400641267,1.77610637376635
Pool,CO2 pool,,1.86571582179766e-07,8276.05522366183
Pool,CO2.t pool,,1,Inf
Pool,E4P.p pool,,0,0
Pool,EC2 pool,,0,0
Pool,F6P pool,,0,0
Pool,F6P.c pool,,3.82589974002177e-06,8030.74741956005
Pool,F6P.p pool,,1e-07,0
Pool,F6P.x pool,,1,Inf
Pool,FBP pool,,0,0
Pool,FBP.c pool,,2.62797874576928e-06,8246.60503618288
Pool,FBP.p pool,,1e-07,0
Pool,FBP.x pool,,1,Inf
Pool,FmTHF pool,,11.375464186362,4.79257102286892
Pool,FmTHF.c pool,,1e-07,0
Pool,FmTHF.x pool,,1,Inf
Pool,G6P pool,,0,0
Pool,G6P.c pool,,9.87574240040974e-06,8107.42175097068
Pool,G6P.p pool,,3.61735144982784e-06,7997.46823766122
Pool,G6P.x pool,,1,Inf
Pool,GA pool,,0,0
Pool,GA.p pool,,1e-07,0
Pool,GA.x pool,,1,Inf
Pool,GLN pool,,8.83867754330544,7783.30458712198
Pool,GLU pool,,3.44545292223443e-07,8396.63217805532
Pool,GLY pool,,0,0
Pool,GLY.c pool,,1.26004289161234e-07,8400.14356299361
Pool,GLY.m pool,,0.0687382924279743,0.0304866634345157
Pool,GLY.p pool,,1.00000000000002e-07,0
Pool,GLY.x pool,,1,Inf
Pool,Glyc pool,,31.5302283436843,24.1187183460194
Pool,Glyc.p pool,,1e-07,0
Pool,Glyc.x pool,,1,Inf
Pool,Glyx pool,,9.99999998363421e-08,0
Pool,Glyx.p pool,,1e-07,0
Pool,Glyx.x pool,,1,Inf
Pool,HPA pool,,0.462871487822435,7711.72030718865
Pool,HPA.p pool,,1e-07,0
Pool,HPA.x pool,,1,Inf
Pool,Hcy.c pool,,1,Inf
Pool,ICI pool,,0.00174480163321451,8304.63223711232
Pool,MAL pool,,0.585962317483196,0.218404610465759
Pool,Met pool,,9.99999999999999e-08,0
Pool,Met.c pool,,1e-07,0
Pool,Met.x pool,,1,Inf
Pool,OAA pool,,0.288480630996677,0.0495366836136668
Pool,P5P pool,,0,0
Pool,PEP pool,,0,0
Pool,PEP.c pool,,1.00000000000057e-07,9.39365020518225e-14
Pool,PEP.x pool,,1,Inf
Pool,PRO pool,,5.39499637713847,7798.66957750131
Pool,PYR pool,,9.99999999473644e-08,0
Pool,PYR.c pool,,0.0152261558417928,0.00550330696545228
Pool,PYR.x pool,,1,Inf
Pool,Protein pool,,1,Inf
Pool,R5P pool,,0,0
Pool,R5P.p pool,,1e-07,0
Pool,R5P.x pool,,1,Inf
Pool,RU5P.p pool,,1e-07,0
Pool,RU5P.x pool,,1,Inf
Pool,RUBP pool,,0,0
Pool,RUBP.p pool,,1e-07,0
Pool,RUBP.x pool,,1,Inf
Pool,S6P pool,,1,Inf
Pool,S7P pool,,0,0
Pool,S7P.p pool,,1e-07,0
Pool,S7P.x pool,,1,Inf
Pool,SAH.c pool,,1,Inf
Pool,SAM pool,,7.08035718784586,3.36802871880622
Pool,SAM.c pool,,2.92388773841813e-07,8228.32648153517
Pool,SAM.x pool,,1,Inf
Pool,SBP pool,,0,0
Pool,SER pool,,0,0
Pool,SER.c pool,,1e-07,0
Pool,SER.m pool,,0.431549287401241,0.0580213478688646
Pool,SER.p pool,,5.71813611538876e-05,7937.94846324693
Pool,SER.x pool,,1,Inf
Pool,Sink pool,,1,Inf
Pool,Starch pool,,1,Inf
Pool,THR pool,,3889.098555035,8236.98204554203
Pool,TP pool,,0,0
Pool,TP.c pool,,2.85498810562866e-06,8461.82899692119
Pool,TP.p pool,,1.73263372262267e-07,8041.6119760935
Pool,TP.x pool,,1,Inf
Pool,UDPG pool,,0,0
Pool,UDPG.c pool,,250613.68008369,8311.1492501662
Pool,UDPG.x pool,,1,Inf
Pool,X5P.p pool,,1e-07,0
Pool,dummy pool,,1,Inf
Pool,dummyGLY pool,,1,Inf
Pool,dummySER pool,,1,Inf
Pool,meTHF pool,,3.37975030846962,2.35823764586042
Pool,meTHF.c pool,,1e-07,0
Pool,meTHF.x pool,,1,Inf
Pool,myTHF.m pool,,1e-07,0
Pool,outSER pool,,1,Inf
Norm,Experiment2 Glyc205 #1 norm,,0.962559213572485,0.0360010234496962
Norm,Experiment2 Glyc205 #2 norm,,0.980909360722293,0.0150426483499527
Norm,Experiment2 Glyc205 #3 norm,,0.974264551575252,0.0214161376169366
Norm,Experiment2 Glyc205 #4 norm,,0.98873950741206,0.0205195750267106
Norm,Experiment2 Glyc205 #5 norm,,1.0150820062109,0.0252750147041994
Norm,Experiment2 Glyc205 #6 norm,,0.991527246200649,0.0256929648781579
Norm,Experiment2 Glyc205 #7 norm,,0.995880218664666,0.0373624938830018
Norm,Experiment2 Glyc205 #8 norm,,0.987208015208642,0.142296285832392
Norm,Experiment2 Glyx160 #1 norm,,0.982151736621489,0.0110555997139709
Norm,Experiment2 Glyx160 #2 norm,,1.00937036836674,0.0130583834933068
Norm,Experiment2 Glyx160 #3 norm,,0.979582342951349,0.0133309530285865
Norm,Experiment2 Glyx160 #4 norm,,0.985361953149818,0.0167663174036522
Norm,Experiment2 Glyx160 #5 norm,,0.999230965099216,0.0147498339476675
Norm,Experiment2 Glyx160 #6 norm,,0.993543192182003,0.0199665903799347
Norm,Experiment2 Glyx160 #7 norm,,0.988832479458631,0.0264590962569675
Norm,Experiment2 Glyx160 #8 norm,,0.886751685526302,0.113915573042681
Norm,Experiment2 GLY276 #1 norm,,1.01756167885529,0.0108954284227531
Norm,Experiment2 GLY276 #2 norm,,0.98620068811546,0.0201973217895053
Norm,Experiment2 GLY276 #3 norm,,0.98289208810477,0.0173774838704108
Norm,Experiment2 GLY276 #4 norm,,1.03436881059208,0.0181708073781738
Norm,Experiment2 GLY276 #5 norm,,1.01645889964072,0.0402376633732086
Norm,Experiment2 GLY276 #6 norm,,0.939533453807784,0.0787846588530036
Norm,Experiment2 GLY276 #7 norm,,1.06825540634733,0.148079924552009
Norm,Experiment2 GLY276 #8 norm,,0.988449676548944,0.197825555861287
Norm,Experiment2 HPA262 #1 norm,,1.01154492530806,0.0203143809925018
Norm,Experiment2 HPA262 #2 norm,,0.988189243944317,0.0251714369652313
Norm,Experiment2 HPA262 #3 norm,,0.966145628705657,0.023816212512939
Norm,Experiment2 HPA262 #4 norm,,0.927118258736832,0.0280337764691142
Norm,Experiment2 HPA262 #5 norm,,0.99795681093984,0.0230903626237679
Norm,Experiment2 HPA262 #6 norm,,0.961308440148772,0.0281512623980584
Norm,Experiment2 HPA262 #7 norm,,0.953603332782173,0.023437958085629
Norm,Experiment2 HPA262 #8 norm,,1.01007987685748,0.0400301467355739
Norm,Experiment2 GA307 #1 norm,,1.01918321003408,0.0112383388530903
Norm,Experiment2 GA307 #2 norm,,0.905886685813269,0.0281043311251463
Norm,Experiment2 GA307 #3 norm,,0.889043160002488,0.0208346906685088
Norm,Experiment2 GA307 #4 norm,,0.957843261356542,0.0259955918335205
Norm,Experiment2 GA307 #5 norm,,0.933783861170409,0.0591393293533644
Norm,Experiment2 GA307 #6 norm,,0.823617090798633,0.098708137098179
Norm,Experiment2 GA307 #7 norm,,0.889069549496004,0.0750745661743546
Norm,Experiment2 GA307 #8 norm,,0.980303439414924,0.176361350645946
Norm,Experiment2 SER306 #1 norm,,0.968431975124336,0.0126374878841088
Norm,Experiment2 SER306 #2 norm,,0.958736769199174,0.0343716423598317
Norm,Experiment2 SER306 #3 norm,,1.0389171664971,0.0216430922198906
Norm,Experiment2 SER306 #4 norm,,1.02793262727346,0.0262629758851579
Norm,Experiment2 SER306 #5 norm,,0.959516056781065,0.0499627619388422
Norm,Experiment2 SER306 #6 norm,,1.00127901007162,0.104010334520686
Norm,Experiment2 SER306 #7 norm,,1.03657826644657,0.108281320061854
Norm,Experiment2 SER306 #8 norm,,1.02627389653187,0.127159265973061
Norm,Experiment2 meTHF #1 norm,,0.997557579390864,0.00989854616906405
Norm,Experiment2 meTHF #2 norm,,0.99497845475083,0.0140035495740476
Norm,Experiment2 meTHF #3 norm,,0.947144785292162,0.0262674169862553
Norm,Experiment2 meTHF #4 norm,,1.01236027386292,0.0315566728206064
Norm,Experiment2 meTHF #5 norm,,1.00006307003545,0.0986550360950934
Norm,Experiment2 meTHF #6 norm,,0.978481854582739,0.159849075918069
Norm,Experiment2 meTHF #7 norm,,0.974763965103444,0.162094242593219
Norm,Experiment2 meTHF #8 norm,,1.01033783431556,0.0744634784948215
Norm,Experiment2 FmTHF #1 norm,,1.00335821883785,0.00995510704930806
Norm,Experiment2 FmTHF #2 norm,,0.986732717296587,0.0115403853887844
Norm,Experiment2 FmTHF #3 norm,,1.01027541966573,0.0103414992610033
Norm,Experiment2 FmTHF #4 norm,,1.02132557265899,0.0208095786194396
Norm,Experiment2 FmTHF #5 norm,,0.994964329643919,0.0389362921484784
Norm,Experiment2 FmTHF #6 norm,,0.975016320821336,0.0674467399395347
Norm,Experiment2 FmTHF #7 norm,,1.00570794105589,0.103336193301524
Norm,Experiment2 FmTHF #8 norm,,1.00064303786449,0.0776851707062806
Norm,Experiment2 Met176 #1 norm,,0.972978374852893,0.0238786178737414
Norm,Experiment2 Met176 #2 norm,,0.912647896720934,0.0365258900029911
Norm,Experiment2 Met176 #3 norm,,0.880070904778293,0.0334353389509444
Norm,Experiment2 Met176 #4 norm,,0.811973232068222,0.0719833259838903
Norm,Experiment2 Met176 #5 norm,,0.883308168853117,0.0585078855675309
Norm,Experiment2 Met176 #6 norm,,1.01475789675248,0.0362242798705822
Norm,Experiment2 Met176 #7 norm,,1.00759722977519,0.0655935248343831
Norm,Experiment2 Met176 #8 norm,,1.00316538116227,0.20614165948696
Norm,Experiment2 SAM #1 norm,,0.983390734080939,0.0141618024686864
Norm,Experiment2 SAM #2 norm,,0.975370538522416,0.0209877981514605
Norm,Experiment2 SAM #3 norm,,1.01974943824209,0.035390450378378
Norm,Experiment2 SAM #4 norm,,1.0153458610761,0.0483010452820583
Norm,Experiment2 SAM #5 norm,,0.995130768012248,0.025069452527402
Norm,Experiment2 SAM #6 norm,,0.948995649467854,0.0585402955726757
Norm,Experiment2 SAM #7 norm,,1.07042310890964,0.0776810268097176
Norm,Experiment2 SAM #8 norm,,0.995175853192875,0.0669084139593695
Norm,Experiment2 CIT465 #1 norm,,0.970462856593512,0.0122949092180091
Norm,Experiment2 CIT465 #2 norm,,0.97285899966938,0.0101877201636022
Norm,Experiment2 CIT465 #3 norm,,0.94681536927298,0.0122290249324556
Norm,Experiment2 CIT465 #4 norm,,0.976164478732233,0.0126804473973235
Norm,Experiment2 CIT465 #5 norm,,0.974299367151304,0.0158371174001129
Norm,Experiment2 CIT465 #6 norm,,0.988052655154386,0.0114685397038635
Norm,Experiment2 CIT465 #7 norm,,0.963167275899952,0.0140834771554673
Norm,Experiment2 CIT465 #8 norm,,1.03860607907879,0.021009399429665
Norm,Experiment2 MAL335 #1 norm,,0.976201212302308,0.0116938990192935
Norm,Experiment2 MAL335 #2 norm,,0.983002440781653,0.0135114333232162
Norm,Experiment2 MAL335 #3 norm,,0.989021267469683,0.0131020398231843
Norm,Experiment2 MAL335 #4 norm,,0.987279983561121,0.0116539308042413
Norm,Experiment2 MAL335 #5 norm,,0.959255716899984,0.0141629653336099
Norm,Experiment2 MAL335 #6 norm,,0.917878553070186,0.0139654186097886
Norm,Experiment2 MAL335 #7 norm,,1.0121799723224,0.0206682283162702
Norm,Experiment2 MAL335 #8 norm,,0.97576465748591,0.0433209922656194
Norm,Experiment2 ASP334 #1 norm,,1.01016753677331,0.015789962169961
Norm,Experiment2 ASP334 #2 norm,,0.940649636377172,0.0224621638439134
Norm,Experiment2 ASP334 #3 norm,,0.932384605094181,0.0170896446881692
Norm,Experiment2 ASP334 #4 norm,,0.98098392566848,0.021319519345437
Norm,Experiment2 ASP334 #5 norm,,0.996524374398668,0.0250306433175526
Norm,Experiment2 ASP334 #6 norm,,0.939151658704457,0.0527359892607808
Norm,Experiment2 ASP334 #7 norm,,0.983649547819099,0.0619169882787553
Norm,Experiment2 ASP334 #8 norm,,0.962451243375122,0.0350948704500025
Norm,Experiment2 GLU348 #1 norm,,0.992606873575559,0.0116215188886663
Norm,Experiment2 GLU348 #2 norm,,0.980871164337063,0.011977704011407
Norm,Experiment2 GLU348 #3 norm,,0.963680100996788,0.0115083894506202
Norm,Experiment2 GLU348 #4 norm,,1.03374487053578,0.0159175696910838
Norm,Experiment2 GLU348 #5 norm,,0.949798408332877,0.0296346837708992
Norm,Experiment2 GLU348 #6 norm,,0.955294255746443,0.0147289893521783
Norm,Experiment2 GLU348 #7 norm,,1.00650124255893,0.02448127784691
Norm,Experiment2 GLU348 #8 norm,,0.941715662704257,0.0568543968857899
Norm,Experiment2 THR320 #1 norm,,1.02912394462549,0.0103027390433067
Norm,Experiment2 THR320 #2 norm,,0.988384984175051,0.011688077045971
Norm,Experiment2 THR320 #3 norm,,0.988996140943305,0.0101989944208055
Norm,Experiment2 THR320 #4 norm,,1.02539272528578,0.0115607389852984
Norm,Experiment2 THR320 #5 norm,,0.947306496487742,0.0191064503410005
Norm,Experiment2 THR320 #6 norm,,0.99086570329963,0.0106664389774693
Norm,Experiment2 THR320 #7 norm,,0.977081607947644,0.0141629955086716
Norm,Experiment2 THR320 #8 norm,,0.935696459322234,0.0349599221298659
Norm,Experiment2 ALA116 #1 norm,,0.997498012092352,0.00984010226349429
Norm,Experiment2 ALA116 #2 norm,,0.996055647779115,0.01001224102898
Norm,Experiment2 ALA116 #3 norm,,1.02499088161526,0.0109781360447938
Norm,Experiment2 ALA116 #4 norm,,0.971787420055327,0.0248184610961335
Norm,Experiment2 ALA116 #5 norm,,1.1070873226062,0.0859940114653323
Norm,Experiment2 ALA116 #6 norm,,0.989523760527224,0.0736808119351492
Norm,Experiment2 ALA116 #7 norm,,0.998841570173885,0.0810353260864987
Norm,Experiment2 ALA116 #8 norm,,0.950907913409619,0.21566877600618
Norm,Experiment2 PYR #1 norm,,0.967875239946949,0.0127290656509696
Norm,Experiment2 PYR #2 norm,,0.952588028349118,0.0499730274594665
Norm,Experiment2 PYR #3 norm,,0.90489285034461,0.0559306619003071
Norm,Experiment2 PYR #4 norm,,1.0408458740702,0.0532232285312189
Norm,Experiment2 PYR #5 norm,,1.04038782138857,0.108395352731635
Norm,Experiment2 PYR #6 norm,,0.977754687900652,0.111000975541425
Norm,Experiment2 PYR #7 norm,,1.02024329889647,0.0930232531830914
Norm,Experiment2 PYR #8 norm,,0.950840672633854,0.129024534868422
