type,id,eqn,val,std
Net flux,CO2.t,CO2.t -> CO2,65.0807323844407,1.52104599350978
Net flux,CO2_sink,dummy -> Sink,65.0807323844406,1.52104599350978
Net flux,RUBICSO_CO2,RUBP.p + CO2 -> 3PGA.p + 3PGA.p + dummy,66.3161949187996,1.52121603770755
Net flux,GAPDH.p net,3PGA.p <-> TP.p,135.21509188231,3.03393624827483
Exch flux,GAPDH.p exch,3PGA.p <-> TP.p,1.0000000116861e-07,1.3542529484884e-13
Net flux,ALD,TP.p + E4P.p -> SBP,22.8393931899615,0.508300706323655
Net flux,SBP,SBP -> S7P.p,22.8393931899615,0.508300706323655
Net flux,FBA.p net,TP.p + TP.p <-> FBP.p,30.2825764872214,0.778311418771845
Exch flux,FBA.p exch,TP.p + TP.p <-> FBP.p,22036.7187010873,2149.71071075248
Net flux,PFK.p net,FBP.p <-> F6P.p,30.2825764872245,0.778311418771845
Exch flux,PFK.p exch,FBP.p <-> F6P.p,9.99915243937721e-08,3.43032383855223e-13
Net flux,TK1 net,TP.p + EC2 <-> X5P.p,45.6787863799229,1.01660141264731
Exch flux,TK1 exch,TP.p + EC2 <-> X5P.p,1.0000000116861e-07,0
Net flux,TK2 net,S7P.p <-> R5P.p + EC2,22.8393931899614,0.508300706323655
Exch flux,TK2 exch,S7P.p <-> R5P.p + EC2,37.8826396476553,4899.70058675482
Net flux,TK3 net,F6P.p <-> E4P.p + EC2,22.8393931899627,0.508300706323655
Exch flux,TK3 exch,F6P.p <-> E4P.p + EC2,10258.2402294836,3107.31135761301
Net flux,PPE net,X5P.p <-> RU5P.p,45.6787863799229,1.01660141264731
Exch flux,PPE exch,X5P.p <-> RU5P.p,73.5672203214427,5022.68943696752
Net flux,PPI net,R5P.p <-> RU5P.p,22.8393931899615,0.508300706323655
Exch flux,PPI exch,R5P.p <-> RU5P.p,237.124433162506,4935.38837205762
Net flux,PRK,RU5P.p -> RUBP.p,68.5181795698845,1.52490211895616
Net flux,RUBISCO_O2,RUBP.p -> 3PGA.p + 2PG.p,2.20198465108492,0.0848818262795994
Net flux,GLYdil net,GLY.p <-> GLY.x + dummyGLY,0.0156206569134909,0.00167107758847552
Exch flux,GLYdil exch,GLY.p <-> GLY.x + dummyGLY,1.0000000116861e-07,0
Net flux,SERdil net,SER.p <-> SER.x + dummySER,0.0534126384392692,0.00571400398302027
Exch flux,SERdil exch,SER.p <-> SER.x + dummySER,0.00425950046125223,0.0625060516157525
Net flux,GK,GA.p -> 3PGA.p,1.03442425664712,0.10739959965494
Net flux,PGI.p net,F6P.p <-> G6P.p,7.44318329726477,0.403730225362706
Exch flux,PGI.p exch,F6P.p <-> G6P.p,2.23465508291525,4700.8082868383
Net flux,PGM.p,G6P.p -> ADPG.p,7.44318329726478,0.403730225362706
Net flux,Starch,ADPG.p -> Starch,7.44318329726476,0.403730225362706
Net flux,FBA.c net,TP.c + TP.c <-> FBP.c,3.06587966898952,0.327983824070028
Exch flux,FBA.c exch,TP.c + TP.c <-> FBP.c,20.0959513436228,5119.28889032002
Net flux,PFK.c net,FBP.c <-> F6P.c,3.06587966898954,0.327983824070028
Exch flux,PFK.c exch,FBP.c <-> F6P.c,4.8557869043611,9.54454549360208
Net flux,PGI.c net,F6P.c <-> G6P.c,1.53293983449481,0.163991912035014
Exch flux,PGI.c exch,F6P.c <-> G6P.c,215.182914629025,2348.63082529802
Net flux,PGM.c net,G6P.c <-> UDPG.c,1.53293983449112,0.163991912035014
Exch flux,PGM.c exch,G6P.c <-> UDPG.c,48478.9035908646,4732.09821110144
Net flux,SPS,F6P.c + UDPG.c -> S6P,1.53293983449473,0.163991912035014
Net flux,PGAM.c net,3PGA.c <-> PEP.c,0.653706863021663,0.0699327111166542
Exch flux,PGAM.c exch,3PGA.c <-> PEP.c,4.62175282243039,3845.60517056379
Net flux,PK.c,PEP.c -> PYR.c,0.296731163762992,0.0317439144480226
Net flux,PDH,PYR.c + dummy -> ACA + CO2,0.24695660733683,0.026419097097254
Net flux,CS,OAA + ACA -> CIT,0.246956607336826,0.026419097097254
Net flux,ACO net,CIT <-> ICI,0.24695660733687,0.026419097097254
Exch flux,ACO exch,CIT <-> ICI,1314.72897533616,4195.51248164114
Net flux,IDH,ICI + dummy -> AKG + CO2,0.246956607336842,0.026419097097254
Net flux,MDH net,MAL <-> OAA,7.105427357601e-15,0
Exch flux,MDH exch,MAL <-> OAA,0.284819657654744,0.191031017921876
Net flux,PPC,PEP.c + CO2 -> OAA + dummy,0.356975699258647,0.03818879668443
Net flux,T_3PGA net,3PGA.p <-> 3PGA.c,0.65370686302164,0.0699327111166542
Exch flux,T_3PGA exch,3PGA.p <-> 3PGA.c,1.0000000116861e-07,5917.47216140587
Net flux,T_DHAP net,TP.p <-> TP.c,6.13175933797909,0.655967648140056
Exch flux,T_DHAP exch,TP.p <-> TP.c,1.65781621660423,1.38186139962195
Net flux,ALT,PYR.c -> ALA.c,0.0497745564260167,0.00532481739610207
Net flux,ASPT,OAA -> ASP,0.110019091921574,0.0117696995611931
Net flux,GLUDH,AKG -> GLU,0.246956607336819,0.026419097097254
Net flux,PCR net,GLU <-> PRO,-2.48689957516035e-14,0
Exch flux,PCR exch,GLU <-> PRO,1.0000000116861e-07,0
Net flux,GS net,GLU <-> GLN,0,0
Exch flux,GS exch,GLU <-> GLN,1.00042434780789e-07,0
Net flux,TS net,ASP <-> THR,0,0
Exch flux,TS exch,ASP <-> THR,0.00750553841857027,0.0278160503455696
Net flux,AS net,ASP <-> ASN,1.06581410364015e-14,0
Exch flux,AS exch,ASP <-> ASN,1.0000000116861e-07,0
Net flux,G_3PGA.p,0*3PGA.p -> 3PGA,2.46866313347027e-06,6652.57185652975
Net flux,G_3PGA.c,0*3PGA.c -> 3PGA,92.911908139062,4995.7628100615
Net flux,G_DHAP.p,0*TP.p -> TP,40.6853798422419,7240.96214664697
Net flux,G_DHAP.c,0*TP.c -> TP,51.8471856996948,5389.36390483055
Net flux,G_F6P.p,0*F6P.p -> F6P,48.6686345030749,6993.08917065237
Net flux,G_F6P.c,0*F6P.c -> F6P,36.546576817712,4907.86735763063
Net flux,G_FBP.p,0*FBP.p -> FBP,2.46866144948399e-06,7285.88817258351
Net flux,G_FBP.c,0*FBP.c -> FBP,83.4512310504789,4825.76811361626
Net flux,G_G6P.p,0*G6P.p -> G6P,19.0549768397257,6999.67660310436
Net flux,G_G6P.c,0*G6P.c -> G6P,58.8549499993083,4946.62042906541
Net flux,G_RU5P.p,0*RU5P.p -> P5P,2.46865386444028e-06,7545.74201593018
Net flux,G_X5P.p,0*X5P.p -> P5P,92.8477691496944,5454.54777177373
Net flux,G_R5P.p,0*R5P.p -> R5P,82.2810779884949,4719.41584447886
Net flux,G_GA.p,0*GA.p -> GA,31.9791893526315,5.12794253862367
Net flux,G_SER.p,0*SER.p -> SER,89.8023897083985,4941.63686120936
Net flux,G_GLY.p,0*GLY.p -> GLY,1.0000000116861e-07,1.68483057774381e-13
Net flux,G_RUBP.p,0*RUBP.p -> RUBP,92.5302752673063,5221.35147460463
Net flux,G_S7P.p,0*S7P.p -> S7P,98.4567310636212,5139.37932628785
Net flux,G_2PG.p,0*2PG.p -> 2PG,87.0427532706349,4543.24576227501
Net flux,G_ADPG.p,0*ADPG.p -> ADPG,95.0805622183481,4820.28835498268
Net flux,G_PEP.c,0*PEP.c -> PEP,89.2305410445615,4822.17099830046
Net flux,G_UDPG.c,0*UDPG.c -> UDPG,72.4268033045549,4933.2046070843
Net flux,G_ALA.c,0*ALA.c -> ALA,69.8029503721796,6.57571353209757
Net flux,(1-G)_GA,0*GA.x -> GA,68.0208106473705,5.12794253862367
Net flux,(1-G)_SER,0*SER.x -> SER,10.1976084793103,5.66180765723381
Net flux,(1-G)_GLY,0*GLY.x -> GLY,48.3229974325185,8.19200585967741
Net flux,(1-G)_R5P,0*R5P.x -> R5P,17.718922011502,4719.41584447886
Net flux,(1-G)_RUBP,0*RUBP.x -> RUBP,7.46972473269241,5221.35147460463
Net flux,(1-G)_3PGA,0*3PGA.x -> 3PGA,7.08808939227515,4732.44148929379
Net flux,(1-G)_TP,0*TP.x -> TP,7.46743445806384,4865.57977563459
Net flux,(1-G)_F6P,0*F6P.x -> F6P,14.7847886792169,4963.7943759077
Net flux,(1-G)_FBP,0*FBP.x -> FBP,16.5487664808545,5287.2537870137
Net flux,(1-G)_G6P,0*G6P.x -> G6P,22.0900731609643,4841.2725301744
Net flux,(1-G)_RU5P,0*RU5P.x -> P5P,7.15222838165319,5195.22857190368
Net flux,(1-G)_S7P,0*S7P.x -> S7P,1.5432689363768,5139.37932628785
Net flux,(1-G)_2PG,0*2PG.x -> 2PG,12.9572467293675,4543.24576227501
Net flux,(1-G)_ADPG,0*ADPG.x -> ADPG,4.91943778165087,4820.28835498268
Net flux,(1-G)_PEP,0*PEP.x -> PEP,10.7694589554367,4822.17099830046
Net flux,(1-G)_UDPG,0*UDPG.x -> UDPG,27.5731966954463,4933.2046070843
Net flux,(1-G)_ALA,0*ALA.x -> ALA,30.1970496278202,6.57571353209757
Net flux,PGASink,3PGA -> Sink,100,0
Net flux,DHAPSink,TP -> Sink,100.000000000001,0
Net flux,F6PSink,F6P -> Sink,100.000000000004,0
Net flux,FBPSink,FBP -> Sink,99.9999999999948,0
Net flux,G6PSink,G6P -> Sink,99.9999999999983,0
Net flux,P5PSink,P5P -> Sink,100.000000000001,0
Net flux,R5PSink,R5P -> Sink,99.9999999999968,0
Net flux,GASink,GA -> Sink,100.000000000002,0
Net flux,SERSink,SER -> Sink,99.9999999999996,0
Net flux,GLYSink,GLY -> Sink,100.000000000001,0
Net flux,RUBPSink,RUBP -> Sink,99.9999999999987,0
Net flux,S7PSink,S7P -> Sink,99.9999999999979,0
Net flux,2PGSink,2PG -> Sink,100.000000000002,0
Net flux,ADPGSink,ADPG -> Sink,99.9999999999989,0
Net flux,PEPSink,PEP -> Sink,99.9999999999983,0
Net flux,UDPGSink,UDPG -> Sink,100.000000000001,0
Net flux,ALASink,ALA -> Sink,99.9999999999998,0
Net flux,S6Pout-LL,S6P + 0.1611*GLU + 0.07177*ASP + 0.03247*ALA.c + 0.01019*dummyGLY + 0.03484*dummySER -> Sink,1.53293983449477,0.163991912035014
Net flux,PGP.p,2PG.p -> Glyc.p,2.20198465108493,0.0848818262795994
Net flux,GOX,Glyc.p -> Glyx.p,2.20198465108495,0.0848818262795994
Net flux,GGT,Glyx.p -> GLY.p,2.20198465108494,0.0848818262795994
Net flux,SGAT,SER.p -> HPA.p,1.03442425664711,0.10739959965494
Net flux,HPR.p,HPA.p -> GA.p,1.0344242566471,0.10739959965494
Net flux,T_GLY-m net,GLY.p <-> GLY.m,1.13101171609014,4816.37522320253
Exch flux,T_GLY-m exch,GLY.p <-> GLY.m,30967.6565036735,4687.63019626283
Net flux,GDC.m,GLY.m + dummy -> myTHF.m + CO2,1.09852501894349,0.10843835185535
Net flux,T_SER-m net,SER.p <-> SER.m,-1.09852501894341,0.10843835185535
Exch flux,T_SER-m exch,SER.p <-> SER.m,779.751828301272,5175.75815680847
Net flux,mSHMT,GLY.m + myTHF.m -> SER.m,1.09852501894349,0.10843835185535
Net flux,T_SER-c net,SER.p <-> SER.c,0.0106881238571042,0.198501073067343
Exch flux,T_SER-c exch,SER.p <-> SER.c,0.0754698278085755,1.79600531402315
Net flux,T_Gly-c net,GLY.p <-> GLY.c,1.05535227807836,4816.37522311167
Exch flux,T_Gly-c exch,GLY.p <-> GLY.c,0.000171852770296521,4816.37521183823
Net flux,cSHMT,SER.c -> GLY.c + meTHF.c,0.0106880238570967,0.198501073069142
Net flux,FmTHF-reductase net,meTHF.c <-> FmTHF.c,0.0106880238570977,0.198501073069142
Exch flux,FmTHF-reductase exch,meTHF.c <-> FmTHF.c,8.44449561895008,4857.97512825325
Net flux,Met-synthase,FmTHF.c + Hcy.c -> Met.c,0.010688023857077,0.198501073069142
Net flux,SAM-synthase,Met.c -> SAM.c,0.0106880238570863,0.198501073069142
Net flux,Methylation,SAM.c -> SAH.c + Acceptor.c,0.0106880238570815,0.198501073069142
Net flux,hydrolysis,SAH.c -> Hcy.c,0.0106880238570737,0.198501073069142
Net flux,G_SER.m,0*SER.m -> SER,1.0000000116861e-07,0
Net flux,G_SER.c,0*SER.c -> SER,1.7122907181033e-06,4941.63361774863
Net flux,G_Gly.m,0*GLY.m -> GLY,1.0000000116861e-07,4.00612815027647e-13
Net flux,G_Gly.c,0*GLY.c -> GLY,51.6770023674827,8.19200585967741
Net flux,T_GLY-c-m,GLY.c -> GLY.m,1.06603832179391,4816.37521782594
Net flux,G_Glyc,0*Glyc.p -> Glyc,11.6465276184748,1.78637005044954
Net flux,G_Glyx,0*Glyx.p -> Glyx,5.32725588781917,5.47553047830734
Net flux,G_HPA,0*HPA.p -> HPA,6.04465568886982,1.90343752106295
Net flux,(1-G)_Glyc,0*Glyc.x -> Glyc,88.3534723815258,1.78637005044954
Net flux,(1-G)_Glyx,0*Glyx.x -> Glyx,94.6727441121817,5.47553047830734
Net flux,(1-G)_HPA,0*HPA.x -> HPA,93.9553443111301,1.90343752106295
Net flux,GlycSink,Glyc -> Sink,100.000000000001,0
Net flux,GlyxSink,Glyx -> Sink,100.000000000001,0
Net flux,HPASink,HPA -> Sink,99.9999999999998,0
Net flux,SERex,dummySER -> outSER,1.00000767222497e-07,8.96838295860076e-13
Net flux,G_PYR,0*PYR.c -> PYR,38.1524665841005,2.4735533609188
Net flux,(1-G)_PYR,0*PYR.x -> PYR,61.8475334158998,2.4735533609188
Net flux,PYRSink,PYR -> Sink,100,0
Net flux,G_meTHF,0*meTHF.c -> meTHF,99.9989655473259,5166.76733888837
Net flux,G_FmTHF,0*FmTHF.c -> FmTHF,78.1674338203059,5.95788179746025
Net flux,G_Met,0*Met.c -> Met,57.6588147887211,4.37828147194704
Net flux,G_SAM,0*SAM.c -> SAM,58.1457796973034,4.17024581301056
Net flux,(1-G)_meTHF,0*meTHF.x -> meTHF,0.00103445267407665,5166.76733888837
Net flux,(1-G)_FmTHF,0*FmTHF.x -> FmTHF,21.8325661796941,5.95788179746025
Net flux,(1-G)_Met,0*Met.x -> Met,42.3411852112789,4.37828147194704
Net flux,(1-G)_SAM,0*SAM.x -> SAM,41.8542203026966,4.17024581301056
Net flux,meTHFSink,meTHF -> Sink,99.9999999999999,0
Net flux,FmTHFSink,FmTHF -> Sink,100,0
Net flux,MetSink,Met -> Sink,100,0
Net flux,SAMsink,SAM -> Sink,100,0
Net flux,Met-protein,Met.c -> Protein,6.51983996113883e-15,0
Net flux,GLY-protein,GLY.c -> Protein,1.98014157071214e-06,1.78693055590178e-13
Net flux,SER-protein,SER.c -> Protein,1.00000009162216e-07,1.34655986622309e-13
Pool,2PG pool,,0,0
Pool,2PG.p pool,,2.08544315756774e-06,5035.45345201659
Pool,2PG.x pool,,1,Inf
Pool,3PGA pool,,0,0
Pool,3PGA.c pool,,0.0359272750989366,0.00748257251517336
Pool,3PGA.p pool,,3.90850425497975e-06,5084.90571197434
Pool,3PGA.x pool,,1,Inf
Pool,ACA pool,,1.92677081468832e-06,5064.58493579288
Pool,ADPG pool,,0,0
Pool,ADPG.p pool,,9.9999999999999e-08,Inf
Pool,ADPG.x pool,,1,Inf
Pool,AKG pool,,1.43256460539433e-06,5085.68330063109
Pool,ALA pool,,0,0
Pool,ALA.c pool,,0.00960839115637725,0.00273609195300652
Pool,ALA.x pool,,1,Inf
Pool,ASN pool,,7566.13565980785,4826.79207605496
Pool,ASP pool,,0.00676474471174406,0.00443065103669708
Pool,Acceptor.c pool,,1,Inf
Pool,CIT pool,,3.83388224223198,1.08616225031857
Pool,CO2 pool,,0.173393381756359,0.453067914552212
Pool,CO2.t pool,,1,Inf
Pool,E4P.p pool,,0,0
Pool,EC2 pool,,0,0
Pool,F6P pool,,0,0
Pool,F6P.c pool,,3.82985498009408e-06,5043.07822337743
Pool,F6P.p pool,,3.81906304232537e-06,4924.2136217003
Pool,F6P.x pool,,1,Inf
Pool,FBP pool,,0,0
Pool,FBP.c pool,,3.81832849125922e-06,4853.50448026734
Pool,FBP.p pool,,3.58053454455791e-06,4803.71472739945
Pool,FBP.x pool,,1,Inf
Pool,FmTHF pool,,8.88430617701347,3.65772977506001
Pool,FmTHF.c pool,,1e-07,0
Pool,FmTHF.x pool,,1,Inf
Pool,G6P pool,,0,0
Pool,G6P.c pool,,9.87589842226216e-06,4996.64752831604
Pool,G6P.p pool,,3.82634046395847e-06,5183.77344842549
Pool,G6P.x pool,,1,Inf
Pool,GA pool,,0,0
Pool,GA.p pool,,1.58531494056088e-06,4835.93527800971
Pool,GA.x pool,,1,Inf
Pool,GLN pool,,8.83867754953763,4935.32753311374
Pool,GLU pool,,1.43260801533086e-06,4830.93004929403
Pool,GLY pool,,0,0
Pool,GLY.c pool,,0.280327660250816,0.0946817479671725
Pool,GLY.m pool,,1.00000000000057e-07,0
Pool,GLY.p pool,,4.89962700586786e-05,5010.87612276216
Pool,GLY.x pool,,1,Inf
Pool,Glyc pool,,8.41305499786671,3.41167587074221
Pool,Glyc.p pool,,3.03999275649932e-06,4980.3055242487
Pool,Glyc.x pool,,1,Inf
Pool,Glyx pool,,56.919294606207,96.3234417316011
Pool,Glyx.p pool,,3.6224847795181e-06,4840.97065183142
Pool,Glyx.x pool,,1,Inf
Pool,HPA pool,,0.000171184676416065,4882.13499769869
Pool,HPA.p pool,,1.3614986253083e-06,4879.93305720414
Pool,HPA.x pool,,1,Inf
Pool,Hcy.c pool,,1,Inf
Pool,ICI pool,,0.00400675638791931,4948.91307233448
Pool,MAL pool,,0.837056923375372,0.40420713342285
Pool,Met pool,,0.000303412035531748,5239.16228296561
Pool,Met.c pool,,1e-07,0
Pool,Met.x pool,,1,Inf
Pool,OAA pool,,0.139381867438664,0.0477152018804334
Pool,P5P pool,,0,0
Pool,PEP pool,,0,0
Pool,PEP.c pool,,7.85959462711144e-06,4815.65054022486
Pool,PEP.x pool,,1,Inf
Pool,PRO pool,,5.39499638336544,4758.23300054565
Pool,PYR pool,,1.00000000058387e-07,0
Pool,PYR.c pool,,0.00212051128580495,0.00391092595674454
Pool,PYR.x pool,,1,Inf
Pool,Protein pool,,1,Inf
Pool,R5P pool,,0,0
Pool,R5P.p pool,,2.12235263711737e-05,4954.77703564923
Pool,R5P.x pool,,1,Inf
Pool,RU5P.p pool,,3.60709826404306e-06,4808.21146538686
Pool,RU5P.x pool,,1,Inf
Pool,RUBP pool,,0,0
Pool,RUBP.p pool,,3.60537574335807e-06,5020.66706362856
Pool,RUBP.x pool,,1,Inf
Pool,S6P pool,,1,Inf
Pool,S7P pool,,0,0
Pool,S7P.p pool,,3.67178858289438e-06,4923.8977731145
Pool,S7P.x pool,,1,Inf
Pool,SAH.c pool,,1,Inf
Pool,SAM pool,,3.64213150691443,2.14788510022621
Pool,SAM.c pool,,1.49941965762513e-07,4885.93558656657
Pool,SAM.x pool,,1,Inf
Pool,SBP pool,,0,0
Pool,SER pool,,0,0
Pool,SER.c pool,,9.99999999998398e-08,0
Pool,SER.m pool,,0.355336008210484,0.0593968169276503
Pool,SER.p pool,,0.000492288886975722,4820.16337396304
Pool,SER.x pool,,1,Inf
Pool,Sink pool,,1,Inf
Pool,Starch pool,,1,Inf
Pool,THR pool,,3261.74982328681,4930.62765309046
Pool,TP pool,,0,0
Pool,TP.c pool,,4.17587116342318e-06,4792.54332035508
Pool,TP.p pool,,4.04633150898743e-06,5057.96981608962
Pool,TP.x pool,,1,Inf
Pool,UDPG pool,,0,0
Pool,UDPG.c pool,,4870.14806755304,4670.34964132066
Pool,UDPG.x pool,,1,Inf
Pool,X5P.p pool,,3.69914418838846e-06,5106.91568400781
Pool,dummy pool,,1,Inf
Pool,dummyGLY pool,,1,Inf
Pool,dummySER pool,,1,Inf
Pool,meTHF pool,,0.000284641644195838,4838.86364255767
Pool,meTHF.c pool,,1e-07,0
Pool,meTHF.x pool,,1,Inf
Pool,myTHF.m pool,,1.00000000002876e-07,0
Pool,outSER pool,,1,Inf
Norm,Experiment2 Glyc205 #1 norm,,0.9841023680175,0.0366886870594525
Norm,Experiment2 Glyc205 #2 norm,,0.981640639137562,0.0153790403820292
Norm,Experiment2 Glyc205 #3 norm,,0.988548754683078,0.0228527034235825
Norm,Experiment2 Glyc205 #4 norm,,0.994200323743374,0.0216719393294318
Norm,Experiment2 Glyc205 #5 norm,,1.03122336764425,0.0247582135571939
Norm,Experiment2 Glyc205 #6 norm,,0.99851655338563,0.025692195517139
Norm,Experiment2 Glyc205 #7 norm,,0.992006461249123,0.0340332239545562
Norm,Experiment2 Glyc205 #8 norm,,0.989061165017677,0.121874634033571
Norm,Experiment2 Glyx160 #1 norm,,0.991277171529562,0.0113805749420452
Norm,Experiment2 Glyx160 #2 norm,,0.976925076410955,0.0115874748642794
Norm,Experiment2 Glyx160 #3 norm,,0.988844002680326,0.012850471515398
Norm,Experiment2 Glyx160 #4 norm,,0.995238523726381,0.0169668363312868
Norm,Experiment2 Glyx160 #5 norm,,0.994712618080372,0.0174926693881711
Norm,Experiment2 Glyx160 #6 norm,,0.978275820446378,0.0217394690042075
Norm,Experiment2 Glyx160 #7 norm,,0.971645320771214,0.0302668972818805
Norm,Experiment2 Glyx160 #8 norm,,1.26166651811006,0.154098445172089
Norm,Experiment2 GLY276 #1 norm,,0.989181814870607,0.0104564966748243
Norm,Experiment2 GLY276 #2 norm,,0.970978556344182,0.0203036725493493
Norm,Experiment2 GLY276 #3 norm,,1.00359366400812,0.0177630310005194
Norm,Experiment2 GLY276 #4 norm,,1.02987054644047,0.0180868433860963
Norm,Experiment2 GLY276 #5 norm,,0.97094845688629,0.0360128442753134
Norm,Experiment2 GLY276 #6 norm,,0.959931600656153,0.079446279996869
Norm,Experiment2 GLY276 #7 norm,,1.06879799343989,0.173773029764034
Norm,Experiment2 GLY276 #8 norm,,1.00449109763661,0.154915228620788
Norm,Experiment2 HPA262 #1 norm,,0.95878349422314,0.0192293459740346
Norm,Experiment2 HPA262 #2 norm,,0.942764303527002,0.0236684850663999
Norm,Experiment2 HPA262 #3 norm,,0.931851276145854,0.0237177849724022
Norm,Experiment2 HPA262 #4 norm,,0.988993487372595,0.0309070627759966
Norm,Experiment2 HPA262 #5 norm,,0.90093381395624,0.0209717743632852
Norm,Experiment2 HPA262 #6 norm,,0.991104770199809,0.0302618039180245
Norm,Experiment2 HPA262 #7 norm,,0.975816879582652,0.0241355425578511
Norm,Experiment2 HPA262 #8 norm,,0.959559630928335,0.0377846664074381
Norm,Experiment2 GA307 #1 norm,,1.01337953708438,0.0113291371174006
Norm,Experiment2 GA307 #2 norm,,0.922920329531264,0.0289934931986093
Norm,Experiment2 GA307 #3 norm,,0.940105839439859,0.0229238820366216
Norm,Experiment2 GA307 #4 norm,,0.99851152173226,0.0267197778178803
Norm,Experiment2 GA307 #5 norm,,0.907776210720193,0.0623179467190196
Norm,Experiment2 GA307 #6 norm,,0.834294137022947,0.0967454043956332
Norm,Experiment2 GA307 #7 norm,,0.898140390862259,0.229311034702504
Norm,Experiment2 GA307 #8 norm,,0.922972458215525,0.120771462138513
Norm,Experiment2 SER306 #1 norm,,0.950610307284458,0.012315433090051
Norm,Experiment2 SER306 #2 norm,,0.999280717325069,0.0360383856146693
Norm,Experiment2 SER306 #3 norm,,1.01493183158637,0.021111796180388
Norm,Experiment2 SER306 #4 norm,,1.02764061344771,0.0262169817769626
Norm,Experiment2 SER306 #5 norm,,0.968986244104077,0.0543380941242407
Norm,Experiment2 SER306 #6 norm,,1.02153827410159,0.135727305259899
Norm,Experiment2 SER306 #7 norm,,0.903803749871705,0.100496905148563
Norm,Experiment2 SER306 #8 norm,,1.00746768627953,0.115540966076661
Norm,Experiment2 meTHF #1 norm,,1.00556513253987,0.0100190834475257
Norm,Experiment2 meTHF #2 norm,,0.99633048323107,0.0145387450857142
Norm,Experiment2 meTHF #3 norm,,0.969294225758368,0.0259926842288826
Norm,Experiment2 meTHF #4 norm,,1.03304924523168,0.027575721058746
Norm,Experiment2 meTHF #5 norm,,0.988672192650666,0.0712017166685971
Norm,Experiment2 meTHF #6 norm,,0.992680159929591,0.131186424580993
Norm,Experiment2 meTHF #7 norm,,0.987045722516505,0.177002763753906
Norm,Experiment2 meTHF #8 norm,,1.0094405052981,0.0698013989594375
Norm,Experiment2 FmTHF #1 norm,,0.993178267904896,0.00986271076151987
Norm,Experiment2 FmTHF #2 norm,,0.992999168649765,0.0118595378605651
Norm,Experiment2 FmTHF #3 norm,,0.996684041090223,0.0100355433567319
Norm,Experiment2 FmTHF #4 norm,,1.00500662623876,0.0219490035643108
Norm,Experiment2 FmTHF #5 norm,,0.979728811913331,0.0377708640990436
Norm,Experiment2 FmTHF #6 norm,,1.01452133209681,0.0709393195811292
Norm,Experiment2 FmTHF #7 norm,,1.01518618215052,0.127889540550764
Norm,Experiment2 FmTHF #8 norm,,1.00464060327936,0.0691233521963754
Norm,Experiment2 Met176 #1 norm,,1.04094039885998,0.0247670887887345
Norm,Experiment2 Met176 #2 norm,,1.01635423359946,0.0418671137165761
Norm,Experiment2 Met176 #3 norm,,0.906159596930048,0.0326680766475378
Norm,Experiment2 Met176 #4 norm,,1.08410999050542,0.0960831042246612
Norm,Experiment2 Met176 #5 norm,,0.876712435016986,0.0651931489741751
Norm,Experiment2 Met176 #6 norm,,0.987679308766414,0.0337827134730152
Norm,Experiment2 Met176 #7 norm,,1.0391201865593,0.0654863510106227
Norm,Experiment2 Met176 #8 norm,,0.995219184438136,0.151585373750906
Norm,Experiment2 SAM #1 norm,,0.979096345707365,0.01417129431149
Norm,Experiment2 SAM #2 norm,,0.959375345269824,0.0214808776198811
Norm,Experiment2 SAM #3 norm,,0.953470975189069,0.0331244780230584
Norm,Experiment2 SAM #4 norm,,0.954879515094257,0.0427613055368814
Norm,Experiment2 SAM #5 norm,,1.01388358780115,0.0258735275910904
Norm,Experiment2 SAM #6 norm,,0.963250951228284,0.0595537032975381
Norm,Experiment2 SAM #7 norm,,1.02590795126723,0.0774379422588573
Norm,Experiment2 SAM #8 norm,,0.999072551536322,0.064410797154003
Norm,Experiment2 CIT465 #1 norm,,0.969823357020098,0.0121627142075904
Norm,Experiment2 CIT465 #2 norm,,0.989624213362458,0.0104960320162477
Norm,Experiment2 CIT465 #3 norm,,1.00130207361924,0.01318747964945
Norm,Experiment2 CIT465 #4 norm,,0.969899743914125,0.0124464516002189
Norm,Experiment2 CIT465 #5 norm,,0.963359636016189,0.0154386072610897
Norm,Experiment2 CIT465 #6 norm,,1.00348395796779,0.0118307658717012
Norm,Experiment2 CIT465 #7 norm,,1.01241077243448,0.0153413429383731
Norm,Experiment2 CIT465 #8 norm,,1.02062020925715,0.0211530481443144
Norm,Experiment2 MAL335 #1 norm,,1.009811940427,0.0117190617881995
Norm,Experiment2 MAL335 #2 norm,,0.953814218365839,0.0130779055987047
Norm,Experiment2 MAL335 #3 norm,,0.993234639827071,0.0129956863993526
Norm,Experiment2 MAL335 #4 norm,,0.996562763539263,0.0119313870011445
Norm,Experiment2 MAL335 #5 norm,,1.00075563227309,0.0148580352138247
Norm,Experiment2 MAL335 #6 norm,,0.964183842282621,0.0153584175465962
Norm,Experiment2 MAL335 #7 norm,,0.989987641656313,0.0206223294909674
Norm,Experiment2 MAL335 #8 norm,,1.01213033779151,0.0413793254926283
Norm,Experiment2 ASP334 #1 norm,,0.977718407207918,0.0157444502879452
Norm,Experiment2 ASP334 #2 norm,,0.951993915276883,0.0222567266152021
Norm,Experiment2 ASP334 #3 norm,,0.943525645429529,0.0167518333844925
Norm,Experiment2 ASP334 #4 norm,,0.987519223081912,0.0227284387087537
Norm,Experiment2 ASP334 #5 norm,,0.964092059781413,0.0269181587501883
Norm,Experiment2 ASP334 #6 norm,,1.0054176434956,0.0715460145630619
Norm,Experiment2 ASP334 #7 norm,,0.964054602932843,0.0657923678421392
Norm,Experiment2 ASP334 #8 norm,,0.951920442364682,0.0354771660527969
Norm,Experiment2 GLU348 #1 norm,,0.953633913588091,0.0112538510249892
Norm,Experiment2 GLU348 #2 norm,,1.00818585526356,0.0123086462738399
Norm,Experiment2 GLU348 #3 norm,,1.00447363006366,0.0119319747562182
Norm,Experiment2 GLU348 #4 norm,,0.96836608128512,0.0151762370598882
Norm,Experiment2 GLU348 #5 norm,,0.943387517675872,0.0284069783381206
Norm,Experiment2 GLU348 #6 norm,,0.981030373079026,0.0155132334764598
Norm,Experiment2 GLU348 #7 norm,,0.959084251683949,0.0223488169651986
Norm,Experiment2 GLU348 #8 norm,,0.905973583153362,0.0509557583491696
Norm,Experiment2 THR320 #1 norm,,1.02967870250772,0.0107082008036019
Norm,Experiment2 THR320 #2 norm,,0.999087149338801,0.012028914236752
Norm,Experiment2 THR320 #3 norm,,1.00283407573029,0.0103608663890733
Norm,Experiment2 THR320 #4 norm,,0.987473374424019,0.0110183817200235
Norm,Experiment2 THR320 #5 norm,,0.983821618212072,0.0210375255534061
Norm,Experiment2 THR320 #6 norm,,1.01568645501181,0.0112212330172817
Norm,Experiment2 THR320 #7 norm,,1.02677752786993,0.0146994729567524
Norm,Experiment2 THR320 #8 norm,,0.887587637200967,0.0330779684203673
Norm,Experiment2 ALA116 #1 norm,,0.993968331947463,0.0098968675425837
Norm,Experiment2 ALA116 #2 norm,,0.985187509953838,0.00986461663447713
Norm,Experiment2 ALA116 #3 norm,,1.00207883077074,0.0110353216527308
Norm,Experiment2 ALA116 #4 norm,,1.00865981330669,0.0311999270436745
Norm,Experiment2 ALA116 #5 norm,,0.939500972231167,0.0805087247844882
Norm,Experiment2 ALA116 #6 norm,,0.997583656283474,0.0790063467696432
Norm,Experiment2 ALA116 #7 norm,,1.03623907033129,0.0727861848062107
Norm,Experiment2 ALA116 #8 norm,,0.921941184626441,0.154075506827616
Norm,Experiment2 PYR #1 norm,,0.978858001265648,0.0123879432606508
Norm,Experiment2 PYR #2 norm,,0.959971219056044,0.0705292873380124
Norm,Experiment2 PYR #3 norm,,0.928046516740852,0.0780235586661727
Norm,Experiment2 PYR #4 norm,,1.01928078594135,0.0607634019552577
Norm,Experiment2 PYR #5 norm,,1.02706446445435,0.108901277290661
Norm,Experiment2 PYR #6 norm,,0.993618859685529,0.117004751304615
Norm,Experiment2 PYR #7 norm,,1.02815394847037,0.0666769758576753
Norm,Experiment2 PYR #8 norm,,0.94314644219243,0.120097207726097
