type,id,eqn,val,std
Net flux,CO2.t,CO2.t -> CO2,67.7278318892271,1.53252697725681
Net flux,CO2_sink,dummy -> Sink,67.7278318892271,1.53252697725681
Net flux,RUBICSO_CO2,RUBP.p + CO2 -> 3PGA.p + 3PGA.p + dummy,68.9185181473387,1.53468025141292
Net flux,GAPDH.p net,3PGA.p <-> TP.p,139.473970071132,3.08100660726037
Exch flux,GAPDH.p exch,3PGA.p <-> TP.p,3169.40572953407,2055.68930763181
Net flux,ALD,TP.p + E4P.p -> SBP,23.6491957882626,0.512654953768024
Net flux,SBP,SBP -> S7P.p,23.6491957882626,0.512654953768024
Net flux,FBA.p net,TP.p + TP.p <-> FBP.p,32.03608062083,0.810497919166207
Exch flux,FBA.p exch,TP.p + TP.p <-> FBP.p,25336.6057530945,1590.29750323164
Net flux,PFK.p net,FBP.p <-> F6P.p,32.0360806208332,0.810497919166207
Exch flux,PFK.p exch,FBP.p <-> F6P.p,1.0000086092532e-07,4.64924452348997e-13
Net flux,TK1 net,TP.p + EC2 <-> X5P.p,47.2983915765251,1.02530990753605
Exch flux,TK1 exch,TP.p + EC2 <-> X5P.p,1284.51103920126,3614.43558162369
Net flux,TK2 net,S7P.p <-> R5P.p + EC2,23.6491957882626,0.512654953768024
Exch flux,TK2 exch,S7P.p <-> R5P.p + EC2,37.8018406409601,3702.07684788113
Net flux,TK3 net,F6P.p <-> E4P.p + EC2,23.6491957882645,0.512654953768024
Exch flux,TK3 exch,F6P.p <-> E4P.p + EC2,9174.58883775845,2919.20550334361
Net flux,PPE net,X5P.p <-> RU5P.p,47.2983915765249,1.02530990753605
Exch flux,PPE exch,X5P.p <-> RU5P.p,1399.78089626459,2418.52590483116
Net flux,PPI net,R5P.p <-> RU5P.p,23.6491957882627,0.512654953768024
Exch flux,PPI exch,R5P.p <-> RU5P.p,240.159042884876,3656.67653622792
Net flux,PRK,RU5P.p -> RUBP.p,70.9475873647879,1.53796486128591
Net flux,RUBISCO_O2,RUBP.p -> 3PGA.p + 2PG.p,2.02906921744923,0.0849417762205928
Net flux,GLYdil net,GLY.p <-> GLY.x + dummyGLY,0.0113471291812957,0.00162284074544883
Exch flux,GLYdil exch,GLY.p <-> GLY.x + dummyGLY,1.0000000116861e-07,0
Net flux,SERdil net,SER.p <-> SER.x + dummySER,0.0387999390118381,0.00554906519986899
Exch flux,SERdil exch,SER.p <-> SER.x + dummySER,0.165441807650289,0.0579241122880999
Net flux,GK,GA.p -> 3PGA.p,0.0827291093543709,0.560745073888804
Net flux,PGI.p net,F6P.p <-> G6P.p,8.38688483257167,0.464534686775749
Exch flux,PGI.p exch,F6P.p <-> G6P.p,2.17795202040007,3803.34728885677
Net flux,PGM.p,G6P.p -> ADPG.p,8.38688483257168,0.464534686775749
Net flux,Starch,ADPG.p -> Starch,8.38688483257166,0.464534686775749
Net flux,FBA.c net,TP.c + TP.c <-> FBP.c,2.22711073233951,0.31851633862812
Exch flux,FBA.c exch,TP.c + TP.c <-> FBP.c,21.5965051089739,242.020421017314
Net flux,PFK.c net,FBP.c <-> F6P.c,2.22711073233953,0.31851633862812
Exch flux,PFK.c exch,FBP.c <-> F6P.c,6.48087552217249,6.57037794677429
Net flux,PGI.c net,F6P.c <-> G6P.c,1.11355536616981,0.15925816931406
Exch flux,PGI.c exch,F6P.c <-> G6P.c,228.865733114509,3019.98811744664
Net flux,PGM.c net,G6P.c <-> UDPG.c,1.11355536616611,0.15925816931406
Exch flux,PGM.c exch,G6P.c <-> UDPG.c,48481.8479880367,3743.25810400969
Net flux,SPS,F6P.c + UDPG.c -> S6P,1.11355536616972,0.15925816931406
Net flux,PGAM.c net,3PGA.c <-> PEP.c,0.474864550349858,0.0679140537115417
Exch flux,PGAM.c exch,3PGA.c <-> PEP.c,2.03699905067205,3386.26978611978
Net flux,PK.c,PEP.c -> PYR.c,0.215550912229823,0.0308276038273958
Net flux,PDH,PYR.c + dummy -> ACA + CO2,0.179393769489667,0.025656491072604
Net flux,CS,OAA + ACA -> CIT,0.179393769489663,0.025656491072604
Net flux,ACO net,CIT <-> ICI,0.179393769489707,0.025656491072604
Exch flux,ACO exch,CIT <-> ICI,1165.1218549772,3473.19225065461
Net flux,IDH,ICI + dummy -> AKG + CO2,0.179393769489679,0.025656491072604
Net flux,MDH net,MAL <-> OAA,7.105427357601e-15,0
Exch flux,MDH exch,MAL <-> OAA,0.254077071896006,0.0590268130629198
Net flux,PPC,PEP.c + CO2 -> OAA + dummy,0.259313638120012,0.0370864498840881
Net flux,T_3PGA net,3PGA.p <-> 3PGA.c,0.474864550349839,0.0679140537115417
Exch flux,T_3PGA exch,3PGA.p <-> 3PGA.c,5.80024653385203,3413.9469751489
Net flux,T_DHAP net,TP.p <-> TP.c,4.45422146467907,0.63703267725624
Exch flux,T_DHAP exch,TP.p <-> TP.c,3.29721738756728,1.30622222595655
Net flux,ALT,PYR.c -> ALA.c,0.0361571427394988,0.00517111275829924
Net flux,ASPT,OAA -> ASP,0.0799198686299882,0.0114299588113292
Net flux,GLUDH,AKG -> GLU,0.179393769489656,0.025656491072604
Net flux,PCR net,GLU <-> PRO,-2.48689957516035e-14,0
Exch flux,PCR exch,GLU <-> PRO,1.0000000116861e-07,0
Net flux,GS net,GLU <-> GLN,0,0
Exch flux,GS exch,GLU <-> GLN,1.00042115036558e-07,0
Net flux,TS net,ASP <-> THR,0,0
Exch flux,TS exch,ASP <-> THR,1.0000000116861e-07,0
Net flux,AS net,ASP <-> ASN,1.06581410364015e-14,0
Exch flux,AS exch,ASP <-> ASN,1.0000000116861e-07,0
Net flux,G_3PGA.p,0*3PGA.p -> 3PGA,2.46866319031369e-06,5501.83084440299
Net flux,G_3PGA.c,0*3PGA.c -> 3PGA,92.9119081395259,3641.81610206134
Net flux,G_DHAP.p,0*TP.p -> TP,40.6853798422419,5482.68687946562
Net flux,G_DHAP.c,0*TP.c -> TP,51.8471856996948,3766.98195678203
Net flux,G_F6P.p,0*F6P.p -> F6P,48.6686345030748,5275.39005701085
Net flux,G_F6P.c,0*F6P.c -> F6P,36.546576817712,3743.81030703091
Net flux,G_FBP.p,0*FBP.p -> FBP,2.46866152053826e-06,5263.50627945885
Net flux,G_FBP.c,0*FBP.c -> FBP,83.4512310503457,3519.24291002392
Net flux,G_G6P.p,0*G6P.p -> G6P,19.0549768397257,5117.56895857619
Net flux,G_G6P.c,0*G6P.c -> G6P,58.8549499993083,3616.31382997474
Net flux,G_RU5P.p,0*RU5P.p -> P5P,2.46865393549456e-06,5374.19555509216
Net flux,G_X5P.p,0*X5P.p -> P5P,92.8477691490952,3722.0013795824
Net flux,G_R5P.p,0*R5P.p -> R5P,82.2810779884949,3748.72187365752
Net flux,G_GA.p,0*GA.p -> GA,38.4254075895561,4.72489077593271
Net flux,G_SER.p,0*SER.p -> SER,99.9150793074933,5242.52838845422
Net flux,G_GLY.p,0*GLY.p -> GLY,15.4279532734231,5042.80475237452
Net flux,G_RUBP.p,0*RUBP.p -> RUBP,92.5302752673063,3774.18904976756
Net flux,G_S7P.p,0*S7P.p -> S7P,98.4567310636212,3595.17983003759
Net flux,G_2PG.p,0*2PG.p -> 2PG,87.0427532706349,3344.66856694193
Net flux,G_ADPG.p,0*ADPG.p -> ADPG,95.0805622183481,3563.04428646415
Net flux,G_PEP.c,0*PEP.c -> PEP,89.2305410445615,3631.42593636945
Net flux,G_UDPG.c,0*UDPG.c -> UDPG,72.4268033045549,3699.78257331824
Net flux,G_ALA.c,0*ALA.c -> ALA,74.8421948083245,6.34755596276386
Net flux,(1-G)_GA,0*GA.x -> GA,61.5745924104459,4.72489077593271
Net flux,(1-G)_SER,0*SER.x -> SER,0.084920461768963,3612.39117821866
Net flux,(1-G)_GLY,0*GLY.x -> GLY,84.5270167740797,2.6273882102605
Net flux,(1-G)_R5P,0*R5P.x -> R5P,17.718922011502,3748.72187365752
Net flux,(1-G)_RUBP,0*RUBP.x -> RUBP,7.46972473269241,3774.18904976756
Net flux,(1-G)_3PGA,0*3PGA.x -> 3PGA,7.08808939181114,3816.40464218966
Net flux,(1-G)_TP,0*TP.x -> TP,7.46743445806384,3958.91637262454
Net flux,(1-G)_F6P,0*F6P.x -> F6P,14.7847886792169,3927.06238542319
Net flux,(1-G)_FBP,0*FBP.x -> FBP,16.5487664809875,3762.59075265355
Net flux,(1-G)_G6P,0*G6P.x -> G6P,22.0900731609643,3595.15611940334
Net flux,(1-G)_RU5P,0*RU5P.x -> P5P,7.15222838225223,3670.71669646658
Net flux,(1-G)_S7P,0*S7P.x -> S7P,1.5432689363768,3595.17983003759
Net flux,(1-G)_2PG,0*2PG.x -> 2PG,12.9572467293675,3344.66856694193
Net flux,(1-G)_ADPG,0*ADPG.x -> ADPG,4.91943778165088,3563.04428646415
Net flux,(1-G)_PEP,0*PEP.x -> PEP,10.7694589554367,3631.42593636945
Net flux,(1-G)_UDPG,0*UDPG.x -> UDPG,27.5731966954463,3699.78257331824
Net flux,(1-G)_ALA,0*ALA.x -> ALA,25.1578051916753,6.34755596276386
Net flux,PGASink,3PGA -> Sink,100,0
Net flux,DHAPSink,TP -> Sink,100.000000000001,0
Net flux,F6PSink,F6P -> Sink,100.000000000004,0
Net flux,FBPSink,FBP -> Sink,99.9999999999948,0
Net flux,G6PSink,G6P -> Sink,99.9999999999983,0
Net flux,P5PSink,P5P -> Sink,100.000000000001,0
Net flux,R5PSink,R5P -> Sink,99.9999999999968,0
Net flux,GASink,GA -> Sink,100.000000000002,0
Net flux,SERSink,SER -> Sink,99.9999999999996,0
Net flux,GLYSink,GLY -> Sink,100.000000000001,0
Net flux,RUBPSink,RUBP -> Sink,99.9999999999987,0
Net flux,S7PSink,S7P -> Sink,99.9999999999979,0
Net flux,2PGSink,2PG -> Sink,100.000000000002,0
Net flux,ADPGSink,ADPG -> Sink,99.9999999999989,0
Net flux,PEPSink,PEP -> Sink,99.9999999999983,0
Net flux,UDPGSink,UDPG -> Sink,100.000000000001,0
Net flux,ALASink,ALA -> Sink,99.9999999999998,0
Net flux,S6Pout-LL,S6P + 0.1611*GLU + 0.07177*ASP + 0.03247*ALA.c + 0.01019*dummyGLY + 0.03484*dummySER -> Sink,1.11355536616976,0.15925816931406
Net flux,PGP.p,2PG.p -> Glyc.p,2.02906921744925,0.0849417762205928
Net flux,GOX,Glyc.p -> Glyx.p,2.02906921744926,0.0849417762205928
Net flux,GGT,Glyx.p -> GLY.p,2.02906921744925,0.0849417762205928
Net flux,SGAT,SER.p -> HPA.p,0.0827291093543601,0.560745073888804
Net flux,HPR.p,HPA.p -> GA.p,0.0827291093543545,0.560745073888804
Net flux,T_GLY-m net,GLY.p <-> GLY.m,2.01290885582785,5114.81355955084
Exch flux,T_GLY-m exch,GLY.p <-> GLY.m,28979.1118213593,3678.64123823948
Net flux,GDC.m,GLY.m + dummy -> myTHF.m + CO2,1.09121235725161,0.0995172664273446
Net flux,T_SER-m net,SER.p <-> SER.m,-1.09121235725149,0.0995172664273446
Exch flux,T_SER-m exch,SER.p <-> SER.m,639.622312895743,3702.69899698974
Net flux,mSHMT,GLY.m + myTHF.m -> SER.m,1.09121235725161,0.0995172664273446
Net flux,T_SER-c net,SER.p <-> SER.c,0.969683308885406,0.548928214192884
Exch flux,T_SER-c exch,SER.p <-> SER.c,0.0256057818966591,0.12281239943549
Net flux,T_Gly-c net,GLY.p <-> GLY.c,0.00481323243814735,5114.81355889161
Exch flux,T_Gly-c exch,GLY.p <-> GLY.c,2.75055439278304e-05,3535.14094110331
Net flux,cSHMT,SER.c -> GLY.c + meTHF.c,0.164704605315443,3669.37378190375
Net flux,FmTHF-reductase net,meTHF.c <-> FmTHF.c,0.164704605315444,3669.37378190375
Exch flux,FmTHF-reductase exch,meTHF.c <-> FmTHF.c,8.52595057984809,5117.20884360386
Net flux,Met-synthase,FmTHF.c + Hcy.c -> Met.c,0.164704605315423,3669.37378190375
Net flux,SAM-synthase,Met.c -> SAM.c,0.164704605315432,3669.37378190375
Net flux,Methylation,SAM.c -> SAH.c + Acceptor.c,0.164704605315427,3669.37378190375
Net flux,hydrolysis,SAH.c -> Hcy.c,0.16470460531542,3669.37378190375
Net flux,G_SER.m,0*SER.m -> SER,1.0000000116861e-07,0
Net flux,G_SER.c,0*SER.c -> SER,1.30737241477163e-07,3599.94918683262
Net flux,G_Gly.m,0*GLY.m -> GLY,0.000103239708288072,3527.86262213025
Net flux,G_Gly.c,0*GLY.c -> GLY,0.0449267127901898,3613.60052462682
Net flux,T_GLY-c-m,GLY.c -> GLY.m,0.169515858673429,5114.81356161301
Net flux,G_Glyc,0*Glyc.p -> Glyc,10.1012628926983,2.05944645712832
Net flux,G_Glyx,0*Glyx.p -> Glyx,3.23971327223823,1.02932513649606
Net flux,G_HPA,0*HPA.p -> HPA,7.29441572587518,2.05333711899126
Net flux,(1-G)_Glyc,0*Glyc.x -> Glyc,89.8987371073023,2.05944645712832
Net flux,(1-G)_Glyx,0*Glyx.x -> Glyx,96.7602867277626,1.02932513649606
Net flux,(1-G)_HPA,0*HPA.x -> HPA,92.7055842741247,2.05333711899126
Net flux,GlycSink,Glyc -> Sink,100.000000000001,0
Net flux,GlyxSink,Glyx -> Sink,100.000000000001,0
Net flux,HPASink,HPA -> Sink,99.9999999999998,0
Net flux,SERex,dummySER -> outSER,9.99956166758409e-08,9.86788760618863e-14
Net flux,G_PYR,0*PYR.c -> PYR,47.9904891677036,3.24420586414539
Net flux,(1-G)_PYR,0*PYR.x -> PYR,52.0095108322967,3.24420586414539
Net flux,PYRSink,PYR -> Sink,100,0
Net flux,G_meTHF,0*meTHF.c -> meTHF,99.9999998999999,0
Net flux,G_FmTHF,0*FmTHF.c -> FmTHF,75.4513904260271,5.30617870015839
Net flux,G_Met,0*Met.c -> Met,63.5759038271736,5.23635293688201
Net flux,G_SAM,0*SAM.c -> SAM,59.586708084829,5.24489994819195
Net flux,(1-G)_meTHF,0*meTHF.x -> meTHF,1.0000000116861e-07,0
Net flux,(1-G)_FmTHF,0*FmTHF.x -> FmTHF,24.548609573973,5.30617870015839
Net flux,(1-G)_Met,0*Met.x -> Met,36.4240961728265,5.23635293688201
Net flux,(1-G)_SAM,0*SAM.x -> SAM,40.413291915171,5.24489994819195
Net flux,meTHFSink,meTHF -> Sink,99.9999999999999,0
Net flux,FmTHFSink,FmTHF -> Sink,100,0
Net flux,MetSink,Met -> Sink,100,0
Net flux,SAMsink,SAM -> Sink,100,0
Net flux,Met-protein,Met.c -> Protein,6.51983996113883e-15,0
Net flux,GLY-protein,GLY.c -> Protein,1.97908018861881e-06,3669.37378617913
Net flux,SER-protein,SER.c -> Protein,0.804978703569964,3669.37382236378
Pool,2PG pool,,0,0
Pool,2PG.p pool,,3.07399316859185e-06,3643.14221568204
Pool,2PG.x pool,,1,Inf
Pool,3PGA pool,,0,0
Pool,3PGA.c pool,,1.70662829510417e-05,3516.55928269196
Pool,3PGA.p pool,,4.00684846182629e-06,3507.02285850937
Pool,3PGA.x pool,,1,Inf
Pool,ACA pool,,6.94300542310239e-07,3680.32636053402
Pool,ADPG pool,,0,0
Pool,ADPG.p pool,,9.9999999999999e-08,Inf
Pool,ADPG.x pool,,1,Inf
Pool,AKG pool,,1.1650735013134e-06,3620.34877374591
Pool,ALA pool,,0,0
Pool,ALA.c pool,,0.00606307230947005,0.00181134721769357
Pool,ALA.x pool,,1,Inf
Pool,ASN pool,,7566.06820394236,3766.30063773345
Pool,ASP pool,,0.00469272568780445,0.00315310981480961
Pool,Acceptor.c pool,,1,Inf
Pool,CIT pool,,3.60805887245371,1.41454018727373
Pool,CO2 pool,,0.000141335357770524,3597.92295230634
Pool,CO2.t pool,,1,Inf
Pool,E4P.p pool,,0,0
Pool,EC2 pool,,0,0
Pool,F6P pool,,0,0
Pool,F6P.c pool,,3.82987870495398e-06,3585.33392566482
Pool,F6P.p pool,,3.85937636736824e-06,3810.82497817918
Pool,F6P.x pool,,1,Inf
Pool,FBP pool,,0,0
Pool,FBP.c pool,,3.82677570877144e-06,3652.36833459626
Pool,FBP.p pool,,3.76344163113434e-06,3423.29035839796
Pool,FBP.x pool,,1,Inf
Pool,FmTHF pool,,2.0280464216929,2.01402907869912
Pool,FmTHF.c pool,,5.32054799710398e-07,3716.76614755792
Pool,FmTHF.x pool,,1,Inf
Pool,G6P pool,,0,0
Pool,G6P.c pool,,9.87601754515401e-06,3620.75915286918
Pool,G6P.p pool,,3.84821865844013e-06,3417.59945807577
Pool,G6P.x pool,,1,Inf
Pool,GA pool,,0,0
Pool,GA.p pool,,3.20906828998815e-06,3727.70421945249
Pool,GA.x pool,,1,Inf
Pool,GLN pool,,8.83867754932991,3641.64760700917
Pool,GLU pool,,1.16519437492101e-06,3603.21113874252
Pool,GLY pool,,0,0
Pool,GLY.c pool,,1.0000305408306e-07,3557.80823662028
Pool,GLY.m pool,,0.188777795022167,0.041111045256467
Pool,GLY.p pool,,0.000423957902502203,3621.16043759276
Pool,GLY.x pool,,1,Inf
Pool,Glyc pool,,10.0834613232275,5.03881025093254
Pool,Glyc.p pool,,8.99689796360467e-06,3635.27494975203
Pool,Glyc.x pool,,1,Inf
Pool,Glyx pool,,7.27227434934294,8.81200697850728
Pool,Glyx.p pool,,1.12286372759667e-05,3797.96156295069
Pool,Glyx.x pool,,1,Inf
Pool,HPA pool,,0.000178068013687929,3728.55138911978
Pool,HPA.p pool,,2.52366856716978e-06,3752.62783505706
Pool,HPA.x pool,,1,Inf
Pool,Hcy.c pool,,1,Inf
Pool,ICI pool,,0.00477339722518149,3579.78812777089
Pool,MAL pool,,0.541216643211945,0.168754044655373
Pool,Met pool,,0.00242144751707806,3769.58047044338
Pool,Met.c pool,,1.17491561629752e-06,3450.01189774014
Pool,Met.x pool,,1,Inf
Pool,OAA pool,,0.12982861032596,0.0468138605962458
Pool,P5P pool,,0,0
Pool,PEP pool,,0,0
Pool,PEP.c pool,,6.72164595497876e-06,3772.34380018597
Pool,PEP.x pool,,1,Inf
Pool,PRO pool,,5.39499638315789,3567.81294331176
Pool,PYR pool,,1.00000000058387e-07,0
Pool,PYR.c pool,,0.0214268338880421,0.00492870253081213
Pool,PYR.x pool,,1,Inf
Pool,Protein pool,,1,Inf
Pool,R5P pool,,0,0
Pool,R5P.p pool,,3.02135077380332e-05,3559.8689038797
Pool,R5P.x pool,,1,Inf
Pool,RU5P.p pool,,3.77416858651114e-06,3703.25760990601
Pool,RU5P.x pool,,1,Inf
Pool,RUBP pool,,0,0
Pool,RUBP.p pool,,3.78825244143134e-06,3694.90727551553
Pool,RUBP.x pool,,1,Inf
Pool,S6P pool,,1,Inf
Pool,S7P pool,,0,0
Pool,S7P.p pool,,3.95588577484484e-06,3670.80601336873
Pool,S7P.x pool,,1,Inf
Pool,SAH.c pool,,1,Inf
Pool,SAM pool,,0.0175607477779861,3542.11631067138
Pool,SAM.c pool,,2.2638387983126e-06,3451.58134804984
Pool,SAM.x pool,,1,Inf
Pool,SBP pool,,0,0
Pool,SER pool,,0,0
Pool,SER.c pool,,1.00000000002876e-07,0
Pool,SER.m pool,,0.316670615804109,0.0509187348417044
Pool,SER.p pool,,0.00178142366896309,3512.54443120574
Pool,SER.x pool,,1,Inf
Pool,Sink pool,,1,Inf
Pool,Starch pool,,1,Inf
Pool,THR pool,,3889.78136078511,3699.11419771939
Pool,TP pool,,0,0
Pool,TP.c pool,,4.18469557108887e-06,3625.1525319468
Pool,TP.p pool,,4.1596792076584e-06,3709.49452421647
Pool,TP.x pool,,1,Inf
Pool,UDPG pool,,0,0
Pool,UDPG.c pool,,8.77482090653263,13.5055684330364
Pool,UDPG.x pool,,1,Inf
Pool,X5P.p pool,,3.88246739600588e-06,3578.54153046402
Pool,dummy pool,,1,Inf
Pool,dummyGLY pool,,1,Inf
Pool,dummySER pool,,1,Inf
Pool,meTHF pool,,1.00000000002876e-07,0
Pool,meTHF.c pool,,5.29360315618483e-07,3724.14542049828
Pool,meTHF.x pool,,1,Inf
Pool,myTHF.m pool,,7.3850346713148e-06,3723.69591975859
Pool,outSER pool,,1,Inf
Norm,Experiment2 Glyc205 #1 norm,,0.954859255607455,0.0347488502056616
Norm,Experiment2 Glyc205 #2 norm,,0.976697852490041,0.0150998816981842
Norm,Experiment2 Glyc205 #3 norm,,1.00652604745063,0.0228931930589395
Norm,Experiment2 Glyc205 #4 norm,,0.964697299060715,0.0213721042584919
Norm,Experiment2 Glyc205 #5 norm,,1.01935368991746,0.0242420544986246
Norm,Experiment2 Glyc205 #6 norm,,0.977935872128438,0.0250166265503062
Norm,Experiment2 Glyc205 #7 norm,,0.992147147108631,0.0361231124880048
Norm,Experiment2 Glyc205 #8 norm,,0.94538812367646,0.116219084247738
Norm,Experiment2 Glyx160 #1 norm,,0.978476492787567,0.0113367525572093
Norm,Experiment2 Glyx160 #2 norm,,0.989957403009777,0.0117595119333002
Norm,Experiment2 Glyx160 #3 norm,,1.00139316912982,0.0132241509825057
Norm,Experiment2 Glyx160 #4 norm,,1.02735935731676,0.0208557075843598
Norm,Experiment2 Glyx160 #5 norm,,0.995436433390425,0.0158823534973215
Norm,Experiment2 Glyx160 #6 norm,,0.988578407719905,0.0208151750407313
Norm,Experiment2 Glyx160 #7 norm,,1.02748030866914,0.0278412907016362
Norm,Experiment2 Glyx160 #8 norm,,0.793476950278363,0.0979434940366966
Norm,Experiment2 GLY276 #1 norm,,1.0039207285631,0.010900888907268
Norm,Experiment2 GLY276 #2 norm,,0.974555374889835,0.0200901441694287
Norm,Experiment2 GLY276 #3 norm,,1.01818428188271,0.0187616196708365
Norm,Experiment2 GLY276 #4 norm,,1.02290229226592,0.0185540870614047
Norm,Experiment2 GLY276 #5 norm,,1.01376385441708,0.0398773104935535
Norm,Experiment2 GLY276 #6 norm,,0.839039238226551,0.080169982619624
Norm,Experiment2 GLY276 #7 norm,,0.87656618064943,0.158735529414367
Norm,Experiment2 GLY276 #8 norm,,0.759884460792298,0.135574267646674
Norm,Experiment2 HPA262 #1 norm,,1.0347995165202,0.0208112529676026
Norm,Experiment2 HPA262 #2 norm,,0.936839506958488,0.0233576776694919
Norm,Experiment2 HPA262 #3 norm,,0.961932515615642,0.0247298522164311
Norm,Experiment2 HPA262 #4 norm,,0.958246062376728,0.0289018630537854
Norm,Experiment2 HPA262 #5 norm,,0.967078839580947,0.0215273001356164
Norm,Experiment2 HPA262 #6 norm,,0.918860105714474,0.0276636580882294
Norm,Experiment2 HPA262 #7 norm,,0.998915110268654,0.024069903597977
Norm,Experiment2 HPA262 #8 norm,,0.973783175699611,0.0383174579311557
Norm,Experiment2 GA307 #1 norm,,0.988971264031972,0.0109558548598446
Norm,Experiment2 GA307 #2 norm,,0.906164053111121,0.0288712248812302
Norm,Experiment2 GA307 #3 norm,,0.876610308135109,0.0210160635433523
Norm,Experiment2 GA307 #4 norm,,0.947067768170862,0.0237818063027397
Norm,Experiment2 GA307 #5 norm,,0.870735345309934,0.0658114058812803
Norm,Experiment2 GA307 #6 norm,,0.814976951256985,0.087937120833346
Norm,Experiment2 GA307 #7 norm,,0.90722776725885,0.069081524355538
Norm,Experiment2 GA307 #8 norm,,0.902105322084781,0.142103904829413
Norm,Experiment2 SER306 #1 norm,,1.01561463806854,0.0129687703756885
Norm,Experiment2 SER306 #2 norm,,0.953587543132299,0.0357776681540241
Norm,Experiment2 SER306 #3 norm,,0.956231363431005,0.019911970048166
Norm,Experiment2 SER306 #4 norm,,1.01551881352008,0.0252779774465302
Norm,Experiment2 SER306 #5 norm,,0.956781067244632,0.0577556535605562
Norm,Experiment2 SER306 #6 norm,,0.964737083560744,0.133914418628108
Norm,Experiment2 SER306 #7 norm,,1.35386209134629,0.198095204672727
Norm,Experiment2 SER306 #8 norm,,0.939294713286265,0.169120150927064
Norm,Experiment2 meTHF #1 norm,,0.97988858076991,0.00976394073105718
Norm,Experiment2 meTHF #2 norm,,0.975488280790382,0.0139579629806589
Norm,Experiment2 meTHF #3 norm,,0.972214179594499,0.0281725963228686
Norm,Experiment2 meTHF #4 norm,,0.96504822498021,0.0253358024246145
Norm,Experiment2 meTHF #5 norm,,0.897610026335207,0.0709788899412451
Norm,Experiment2 meTHF #6 norm,,1.0030135360755,0.129595578085416
Norm,Experiment2 meTHF #7 norm,,0.947022468113852,0.16768856344355
Norm,Experiment2 meTHF #8 norm,,1.04848758520438,0.0718945513803779
Norm,Experiment2 FmTHF #1 norm,,0.991712662436145,0.00987434916709196
Norm,Experiment2 FmTHF #2 norm,,0.989347704041797,0.011230863292455
Norm,Experiment2 FmTHF #3 norm,,1.00401916376373,0.010220641907128
Norm,Experiment2 FmTHF #4 norm,,1.02694765123481,0.0225590654055793
Norm,Experiment2 FmTHF #5 norm,,0.9582441625867,0.0374181311690256
Norm,Experiment2 FmTHF #6 norm,,1.02158568453522,0.0755211310652483
Norm,Experiment2 FmTHF #7 norm,,1.00211853745699,0.0971554706698459
Norm,Experiment2 FmTHF #8 norm,,1.0009988552076,0.0757541842720134
Norm,Experiment2 Met176 #1 norm,,1.01281298302377,0.0239344114694904
Norm,Experiment2 Met176 #2 norm,,0.906589890975775,0.0359112241330148
Norm,Experiment2 Met176 #3 norm,,0.894654970120599,0.0326573195439642
Norm,Experiment2 Met176 #4 norm,,0.883346691333688,0.0969941860428406
Norm,Experiment2 Met176 #5 norm,,0.884828537636195,0.0635426089576445
Norm,Experiment2 Met176 #6 norm,,1.00259218128113,0.0344020575915134
Norm,Experiment2 Met176 #7 norm,,1.01829064243125,0.0583632927526342
Norm,Experiment2 Met176 #8 norm,,0.992683666467451,0.151337555635713
Norm,Experiment2 SAM #1 norm,,0.963400035229087,0.0142016405655456
Norm,Experiment2 SAM #2 norm,,0.941162831999507,0.021430127909108
Norm,Experiment2 SAM #3 norm,,0.939156375109146,0.0315705797137418
Norm,Experiment2 SAM #4 norm,,1.03663250531656,0.0482684052405911
Norm,Experiment2 SAM #5 norm,,1.01700538519401,0.0231259518217218
Norm,Experiment2 SAM #6 norm,,0.962100546591726,0.0598245121182369
Norm,Experiment2 SAM #7 norm,,1.01727481039351,0.0718226336465592
Norm,Experiment2 SAM #8 norm,,0.996280015980995,0.0714492305723763
Norm,Experiment2 CIT465 #1 norm,,0.98212703052107,0.0120603950303974
Norm,Experiment2 CIT465 #2 norm,,0.967258132699178,0.010326243685234
Norm,Experiment2 CIT465 #3 norm,,1.00468538396377,0.0134949756773423
Norm,Experiment2 CIT465 #4 norm,,0.982258530935645,0.0127277609871189
Norm,Experiment2 CIT465 #5 norm,,0.951012431820607,0.0154467658373459
Norm,Experiment2 CIT465 #6 norm,,0.993190246983368,0.0114808381274615
Norm,Experiment2 CIT465 #7 norm,,0.987093616969493,0.0150129711721005
Norm,Experiment2 CIT465 #8 norm,,1.03206997766502,0.0218997453622526
Norm,Experiment2 MAL335 #1 norm,,0.991254160396085,0.011775928720804
Norm,Experiment2 MAL335 #2 norm,,0.980266872507072,0.0131471453627608
Norm,Experiment2 MAL335 #3 norm,,1.00098741457476,0.0128753183021786
Norm,Experiment2 MAL335 #4 norm,,0.973492843860025,0.0113739256031582
Norm,Experiment2 MAL335 #5 norm,,0.942137139867389,0.014804355636129
Norm,Experiment2 MAL335 #6 norm,,0.976813568960744,0.0150649229700259
Norm,Experiment2 MAL335 #7 norm,,0.974427488554005,0.0204028702625368
Norm,Experiment2 MAL335 #8 norm,,1.00016431955585,0.0399337812034151
Norm,Experiment2 ASP334 #1 norm,,0.999914654030739,0.0155991150774319
Norm,Experiment2 ASP334 #2 norm,,0.997133637941476,0.0233190061574075
Norm,Experiment2 ASP334 #3 norm,,0.937142232030766,0.0166676852338142
Norm,Experiment2 ASP334 #4 norm,,0.942484956914432,0.0213686893664864
Norm,Experiment2 ASP334 #5 norm,,0.928306603530153,0.0236114473378773
Norm,Experiment2 ASP334 #6 norm,,0.992288403599912,0.0550558141451329
Norm,Experiment2 ASP334 #7 norm,,0.965054555691564,0.053581016938796
Norm,Experiment2 ASP334 #8 norm,,0.954256237280604,0.0366100759180961
Norm,Experiment2 GLU348 #1 norm,,0.990057612774559,0.0117869676155809
Norm,Experiment2 GLU348 #2 norm,,0.976374968049802,0.0122580955000393
Norm,Experiment2 GLU348 #3 norm,,0.990647137619575,0.011765748651266
Norm,Experiment2 GLU348 #4 norm,,1.01418486007635,0.0159929604767907
Norm,Experiment2 GLU348 #5 norm,,0.989744042031652,0.0297205244613641
Norm,Experiment2 GLU348 #6 norm,,0.959600989017781,0.0146691360132949
Norm,Experiment2 GLU348 #7 norm,,1.03696352422668,0.0240002230925785
Norm,Experiment2 GLU348 #8 norm,,0.889605726004401,0.0516429385905584
Norm,Experiment2 THR320 #1 norm,,0.981157010266868,0.00987482823516784
Norm,Experiment2 THR320 #2 norm,,0.999208492997103,0.0117679517929462
Norm,Experiment2 THR320 #3 norm,,0.996578735759166,0.0102013984794757
Norm,Experiment2 THR320 #4 norm,,1.01892029031647,0.0114698408555818
Norm,Experiment2 THR320 #5 norm,,0.986905621487847,0.0202601795150714
Norm,Experiment2 THR320 #6 norm,,1.00272299631689,0.0109625580556852
Norm,Experiment2 THR320 #7 norm,,0.982168600491511,0.0140983710708475
Norm,Experiment2 THR320 #8 norm,,0.983895053689355,0.0385033205953371
Norm,Experiment2 ALA116 #1 norm,,0.990725635623398,0.00988244822971733
Norm,Experiment2 ALA116 #2 norm,,1.01477665280379,0.0101183676233982
Norm,Experiment2 ALA116 #3 norm,,1.00842751583063,0.0109052446683289
Norm,Experiment2 ALA116 #4 norm,,1.01311756067441,0.0258294541009366
Norm,Experiment2 ALA116 #5 norm,,1.02319192506531,0.0793400433507822
Norm,Experiment2 ALA116 #6 norm,,1.00933585653224,0.0781620636943302
Norm,Experiment2 ALA116 #7 norm,,0.997775637040917,0.0738858343950963
Norm,Experiment2 ALA116 #8 norm,,0.97792083316387,0.168363580101439
Norm,Experiment2 PYR #1 norm,,0.995840989111836,0.0125977271469274
Norm,Experiment2 PYR #2 norm,,0.9126581242545,0.0517413544117101
Norm,Experiment2 PYR #3 norm,,0.969500835608762,0.0628577647664816
Norm,Experiment2 PYR #4 norm,,1.01455151177882,0.0492473914859687
Norm,Experiment2 PYR #5 norm,,1.046287517124,0.142156297048059
Norm,Experiment2 PYR #6 norm,,0.977347886336185,0.133646291591898
Norm,Experiment2 PYR #7 norm,,1.0082802992838,0.0738950901180387
Norm,Experiment2 PYR #8 norm,,0.966597458015602,0.120516378672058
