type,id,eqn,val,std
Net flux,CO2.t,CO2.t -> CO2,65.5060558763646,1.52459890089315
Net flux,CO2_sink,dummy -> Sink,65.5060558763646,1.52459890089315
Net flux,RUBICSO_CO2,RUBP.p + CO2 -> 3PGA.p + 3PGA.p + dummy,67.3372315442357,1.53175451359322
Net flux,GAPDH.p net,3PGA.p <-> TP.p,136.479817924948,3.04745142921116
Exch flux,GAPDH.p exch,3PGA.p <-> TP.p,92515.1176871743,2099.93352977616
Net flux,ALD,TP.p + E4P.p -> SBP,23.1343003921509,0.512026903287238
Net flux,SBP,SBP -> S7P.p,23.1343003921509,0.512026903287238
Net flux,FBA.p net,TP.p + TP.p <-> FBP.p,30.9488196689854,0.77987655225951
Exch flux,FBA.p exch,TP.p + TP.p <-> FBP.p,21702.5207400316,1430.28549749319
Net flux,PFK.p net,FBP.p <-> F6P.p,30.9488196689885,0.77987655225951
Exch flux,PFK.p exch,FBP.p <-> F6P.p,1.00010950632168e-07,2.78928960526469e-13
Net flux,TK1 net,TP.p + EC2 <-> X5P.p,46.2686007843018,1.02405380657448
Exch flux,TK1 exch,TP.p + EC2 <-> X5P.p,1.00000008274037e-07,0
Net flux,TK2 net,S7P.p <-> R5P.p + EC2,23.1343003921509,0.512026903287238
Exch flux,TK2 exch,S7P.p <-> R5P.p + EC2,38.2412228302992,3549.91172081011
Net flux,TK3 net,F6P.p <-> E4P.p + EC2,23.1343003921502,0.512026903287238
Exch flux,TK3 exch,F6P.p <-> E4P.p + EC2,7563.77841366135,3410.69761736556
Net flux,PPE net,X5P.p <-> RU5P.p,46.2686007843017,1.02405380657448
Exch flux,PPE exch,X5P.p <-> RU5P.p,98.8271391478832,3410.49421053535
Net flux,PPI net,R5P.p <-> RU5P.p,23.134300392151,0.512026903287238
Exch flux,PPI exch,R5P.p <-> RU5P.p,241.649130457488,4093.1202753812
Net flux,PRK,RU5P.p -> RUBP.p,69.4029011764528,1.53608070992832
Net flux,RUBISCO_O2,RUBP.p -> 3PGA.p + 2PG.p,2.06566963221701,0.0844950153905621
Net flux,GLYdil net,GLY.p <-> GLY.x + dummyGLY,0.013194209203327,0.00165901037951397
Exch flux,GLYdil exch,GLY.p <-> GLY.x + dummyGLY,0.0112018430856722,995.73571754007
Net flux,SERdil net,SER.p <-> SER.x + dummySER,0.0451157574435186,0.00567274194274454
Exch flux,SERdil exch,SER.p <-> SER.x + dummySER,1.0002543859855e-07,1.11224746572026e-12
Net flux,GK,GA.p -> 3PGA.p,0.291847969003612,0.118946498900082
Net flux,PGI.p net,F6P.p <-> G6P.p,7.81451927683768,0.403898148115614
Exch flux,PGI.p exch,F6P.p <-> G6P.p,1.00006477765646e-07,1844.72184727503
Net flux,PGM.p,G6P.p -> ADPG.p,7.81451927683768,0.403898148115614
Net flux,Starch,ADPG.p -> Starch,7.81451927683766,0.403898148115614
Net flux,FBA.c net,TP.c + TP.c <-> FBP.c,2.58963870525987,0.32561538361001
Exch flux,FBA.c exch,TP.c + TP.c <-> FBP.c,21.8949736539112,3639.74992365706
Net flux,PFK.c net,FBP.c <-> F6P.c,2.58963870525989,0.32561538361001
Exch flux,PFK.c exch,FBP.c <-> F6P.c,9.83718879161172,3647.58114761771
Net flux,PGI.c net,F6P.c <-> G6P.c,1.29481935262999,0.162807691805005
Exch flux,PGI.c exch,F6P.c <-> G6P.c,228.768061976567,3510.53443402684
Net flux,PGM.c net,G6P.c <-> UDPG.c,1.29481935262447,0.162807691805005
Exch flux,PGM.c exch,G6P.c <-> UDPG.c,48481.871468618,3600.55819499307
Net flux,SPS,F6P.c + UDPG.c -> S6P,1.2948193526299,0.162807691805005
Net flux,PGAM.c net,3PGA.c <-> PEP.c,0.552162764736105,0.0694277120784649
Exch flux,PGAM.c exch,3PGA.c <-> PEP.c,1.09703464059604,3600.99033700641
Net flux,PK.c,PEP.c -> PYR.c,0.250638182088473,0.0315146849112702
Net flux,PDH,PYR.c + dummy -> ACA + CO2,0.208595397709092,0.0262283191415676
Net flux,CS,OAA + ACA -> CIT,0.208595397709088,0.0262283191415676
Net flux,ACO net,CIT <-> ICI,0.208595397709132,0.0262283191415676
Exch flux,ACO exch,CIT <-> ICI,2034.06501140717,1942.76235474138
Net flux,IDH,ICI + dummy -> AKG + CO2,0.208595397709105,0.0262283191415676
Net flux,MDH net,MAL <-> OAA,7.105427357601e-15,0
Exch flux,MDH exch,MAL <-> OAA,0.27242428270258,0.0646213538981896
Net flux,PPC,PEP.c + CO2 -> OAA + dummy,0.301524582647153,0.0379130271826142
Net flux,T_3PGA net,3PGA.p <-> 3PGA.c,0.552162764736082,0.0694277120784649
Exch flux,T_3PGA exch,3PGA.p <-> 3PGA.c,1.0000000116861e-07,0
Net flux,T_DHAP net,TP.p <-> TP.c,5.17927741051979,0.65123076722002
Exch flux,T_DHAP exch,TP.p <-> TP.c,1.70723880191385,1.0065474494127
Net flux,ALT,PYR.c -> ALA.c,0.0420427843799739,0.00528636575253217
Net flux,ASPT,OAA -> ASP,0.0929291849381593,0.0116847080426866
Net flux,GLUDH,AKG -> GLU,0.208595397709082,0.0262283191415676
Net flux,PCR net,GLU <-> PRO,-2.48689957516035e-14,0
Exch flux,PCR exch,GLU <-> PRO,1.0000000116861e-07,0
Net flux,GS net,GLU <-> GLN,0,0
Exch flux,GS exch,GLU <-> GLN,1.00042321093952e-07,0
Net flux,TS net,ASP <-> THR,0,0
Exch flux,TS exch,ASP <-> THR,1.0000000116861e-07,0
Net flux,AS net,ASP <-> ASN,1.06581410364015e-14,0
Exch flux,AS exch,ASP <-> ASN,1.0000000116861e-07,0
Net flux,G_3PGA.p,0*3PGA.p -> 3PGA,2.46866313347027e-06,4835.28314049006
Net flux,G_3PGA.c,0*3PGA.c -> 3PGA,92.9119081400099,3488.62240288419
Net flux,G_DHAP.p,0*TP.p -> TP,40.6853798422419,5224.83906252409
Net flux,G_DHAP.c,0*TP.c -> TP,51.8471856996948,3627.68987292613
Net flux,G_F6P.p,0*F6P.p -> F6P,48.6686345030749,4963.63014234729
Net flux,G_F6P.c,0*F6P.c -> F6P,36.546576817712,3521.66647339316
Net flux,G_FBP.p,0*FBP.p -> FBP,2.46866146369484e-06,4829.12019444375
Net flux,G_FBP.c,0*FBP.c -> FBP,83.4512310491977,3653.63182732518
Net flux,G_G6P.p,0*G6P.p -> G6P,19.0549768397257,4601.31802181571
Net flux,G_G6P.c,0*G6P.c -> G6P,58.8549499993083,3026.1753442678
Net flux,G_RU5P.p,0*RU5P.p -> P5P,2.46865387154571e-06,5071.1874370018
Net flux,G_X5P.p,0*X5P.p -> P5P,92.847769149484,3453.5875475809
Net flux,G_R5P.p,0*R5P.p -> R5P,82.2810779884949,3430.33656667667
Net flux,G_GA.p,0*GA.p -> GA,23.762620376543,3.48831199874851
Net flux,G_SER.p,0*SER.p -> SER,78.3798929674417,3458.59255475424
Net flux,G_GLY.p,0*GLY.p -> GLY,3.82840205626687,3604.01494373268
Net flux,G_RUBP.p,0*RUBP.p -> RUBP,92.5302752673063,3274.27168984761
Net flux,G_S7P.p,0*S7P.p -> S7P,98.4567310636212,3449.70127141405
Net flux,G_2PG.p,0*2PG.p -> 2PG,87.0427532706349,3680.83089507187
Net flux,G_ADPG.p,0*ADPG.p -> ADPG,95.0805622183481,3652.04761771112
Net flux,G_PEP.c,0*PEP.c -> PEP,89.2305410445615,3757.91575756473
Net flux,G_UDPG.c,0*UDPG.c -> UDPG,72.4268033045549,3486.41055448469
Net flux,G_ALA.c,0*ALA.c -> ALA,64.3981434206118,4.65898367021256
Net flux,(1-G)_GA,0*GA.x -> GA,76.237379623459,3.48831199874851
Net flux,(1-G)_SER,0*SER.x -> SER,21.6201045264387,4.41486402933106
Net flux,(1-G)_GLY,0*GLY.x -> GLY,41.5357370466209,7.31235774451965
Net flux,(1-G)_R5P,0*R5P.x -> R5P,17.718922011502,3430.33656667667
Net flux,(1-G)_RUBP,0*RUBP.x -> RUBP,7.46972473269241,3274.27168984761
Net flux,(1-G)_3PGA,0*3PGA.x -> 3PGA,7.08808939132722,3394.39019551765
Net flux,(1-G)_TP,0*TP.x -> TP,7.46743445806384,3613.92656416212
Net flux,(1-G)_F6P,0*F6P.x -> F6P,14.7847886792169,3397.28153703133
Net flux,(1-G)_FBP,0*FBP.x -> FBP,16.5487664821357,3494.02552757801
Net flux,(1-G)_G6P,0*G6P.x -> G6P,22.0900731609643,3481.41233975893
Net flux,(1-G)_RU5P,0*RU5P.x -> P5P,7.15222838186353,3633.02128564601
Net flux,(1-G)_S7P,0*S7P.x -> S7P,1.5432689363768,3449.70127141405
Net flux,(1-G)_2PG,0*2PG.x -> 2PG,12.9572467293675,3680.83089507187
Net flux,(1-G)_ADPG,0*ADPG.x -> ADPG,4.91943778165087,3652.04761771112
Net flux,(1-G)_PEP,0*PEP.x -> PEP,10.7694589554367,3757.91575756473
Net flux,(1-G)_UDPG,0*UDPG.x -> UDPG,27.5731966954463,3486.41055448469
Net flux,(1-G)_ALA,0*ALA.x -> ALA,35.601856579388,4.65898367021256
Net flux,PGASink,3PGA -> Sink,100,0
Net flux,DHAPSink,TP -> Sink,100.000000000001,0
Net flux,F6PSink,F6P -> Sink,100.000000000004,0
Net flux,FBPSink,FBP -> Sink,99.9999999999948,0
Net flux,G6PSink,G6P -> Sink,99.9999999999983,0
Net flux,P5PSink,P5P -> Sink,100.000000000001,0
Net flux,R5PSink,R5P -> Sink,99.9999999999968,0
Net flux,GASink,GA -> Sink,100.000000000002,0
Net flux,SERSink,SER -> Sink,99.9999999999996,0
Net flux,GLYSink,GLY -> Sink,100.000000000001,0
Net flux,RUBPSink,RUBP -> Sink,99.9999999999987,0
Net flux,S7PSink,S7P -> Sink,99.9999999999979,0
Net flux,2PGSink,2PG -> Sink,100.000000000002,0
Net flux,ADPGSink,ADPG -> Sink,99.9999999999989,0
Net flux,PEPSink,PEP -> Sink,99.9999999999983,0
Net flux,UDPGSink,UDPG -> Sink,100.000000000001,0
Net flux,ALASink,ALA -> Sink,99.9999999999998,0
Net flux,S6Pout-LL,S6P + 0.1611*GLU + 0.07177*ASP + 0.03247*ALA.c + 0.01019*dummyGLY + 0.03484*dummySER -> Sink,1.29481935262994,0.162807691805005
Net flux,PGP.p,2PG.p -> Glyc.p,2.06566963221703,0.0844950153905621
Net flux,GOX,Glyc.p -> Glyx.p,2.06566963221704,0.0844950153905621
Net flux,GGT,Glyx.p -> GLY.p,2.06566963221703,0.0844950153905621
Net flux,SGAT,SER.p -> HPA.p,0.291847969003601,0.118946498900082
Net flux,HPR.p,HPA.p -> GA.p,0.291847969003595,0.118946498900082
Net flux,T_GLY-m net,GLY.p <-> GLY.m,2.05256766953971,3496.19415605482
Exch flux,T_GLY-m exch,GLY.p <-> GLY.m,32060.1454797413,3493.53547864154
Net flux,GDC.m,GLY.m + dummy -> myTHF.m + CO2,1.71550945510082,0.132620155919157
Net flux,T_SER-m net,SER.p <-> SER.m,-1.7155094551008,0.132620155919157
Exch flux,T_SER-m exch,SER.p <-> SER.m,1428.23728973914,3469.0397688669
Net flux,mSHMT,GLY.m + myTHF.m -> SER.m,1.71550945510082,0.132620155919157
Net flux,T_SER-c net,SER.p <-> SER.c,1.37854572865368,0.237039121984608
Exch flux,T_SER-c exch,SER.p <-> SER.c,1.00000035807568e-07,0
Net flux,T_Gly-c net,GLY.p <-> GLY.c,-9.22465277239937e-05,3496.19415503304
Exch flux,T_Gly-c exch,GLY.p <-> GLY.c,9.99999998363421e-08,0
Net flux,cSHMT,SER.c -> GLY.c + meTHF.c,1.37854546718591,0.237039121921029
Net flux,FmTHF-reductase net,meTHF.c <-> FmTHF.c,1.37854546718591,0.237039121921029
Exch flux,FmTHF-reductase exch,meTHF.c <-> FmTHF.c,7.62319894435604,3475.01437130776
Net flux,Met-synthase,FmTHF.c + Hcy.c -> Met.c,1.37854546718589,0.237039121921029
Net flux,SAM-synthase,Met.c -> SAM.c,1.3785454671859,0.237039121921029
Net flux,Methylation,SAM.c -> SAH.c + Acceptor.c,1.37854546718589,0.237039121921029
Net flux,hydrolysis,SAH.c -> Hcy.c,1.37854546718589,0.237039121921029
Net flux,G_SER.m,0*SER.m -> SER,1.0000000116861e-07,0
Net flux,G_SER.c,0*SER.c -> SER,2.40611914748001e-06,3458.5897369827
Net flux,G_Gly.m,0*GLY.m -> GLY,0.000108692933711296,3604.0144658358
Net flux,G_Gly.c,0*GLY.c -> GLY,54.6357522041798,7.55728523145745
Net flux,T_GLY-c-m,GLY.c -> GLY.m,1.37845124066023,3496.19416306857
Net flux,G_Glyc,0*Glyc.p -> Glyc,11.5093337205483,2.85262014914253
Net flux,G_Glyx,0*Glyx.p -> Glyx,3.18106204397965,1.38312147934868
Net flux,G_HPA,0*HPA.p -> HPA,5.65778107832741,1.8306737973112
Net flux,(1-G)_Glyc,0*Glyc.x -> Glyc,88.4906662794523,2.85262014914253
Net flux,(1-G)_Glyx,0*Glyx.x -> Glyx,96.8189379560212,1.38312147934868
Net flux,(1-G)_HPA,0*HPA.x -> HPA,94.3422189216725,1.8306737973112
Net flux,GlycSink,Glyc -> Sink,100.000000000001,0
Net flux,GlyxSink,Glyx -> Sink,100.000000000001,0
Net flux,HPASink,HPA -> Sink,99.9999999999998,0
Net flux,SERex,dummySER -> outSER,1.0001614247912e-07,2.19470075383338e-12
Net flux,G_PYR,0*PYR.c -> PYR,37.7130104062564,2.83895488831119
Net flux,(1-G)_PYR,0*PYR.x -> PYR,62.2869895937439,2.83895488831119
Net flux,PYRSink,PYR -> Sink,100,0
Net flux,G_meTHF,0*meTHF.c -> meTHF,92.9300281691548,5.3537321529381
Net flux,G_FmTHF,0*FmTHF.c -> FmTHF,78.2571669222873,4.42053942478176
Net flux,G_Met,0*Met.c -> Met,57.4712412121634,4.51805457724119
Net flux,G_SAM,0*SAM.c -> SAM,58.0340396979426,4.50457223196214
Net flux,(1-G)_meTHF,0*meTHF.x -> meTHF,7.06997183084514,5.3537321529381
Net flux,(1-G)_FmTHF,0*FmTHF.x -> FmTHF,21.7428330777128,4.42053942478176
Net flux,(1-G)_Met,0*Met.x -> Met,42.5287587878367,4.51805457724119
Net flux,(1-G)_SAM,0*SAM.x -> SAM,41.9659603020574,4.50457223196214
Net flux,meTHFSink,meTHF -> Sink,99.9999999999999,0
Net flux,FmTHFSink,FmTHF -> Sink,100,0
Net flux,MetSink,Met -> Sink,100,0
Net flux,SAMsink,SAM -> Sink,100,0
Net flux,Met-protein,Met.c -> Protein,6.51983996113883e-15,0
Net flux,GLY-protein,GLY.c -> Protein,1.97999798068338e-06,4.23721914929775e-13
Net flux,SER-protein,SER.c -> Protein,2.6146777631908e-07,1.50785543511702e-13
Pool,2PG pool,,0,0
Pool,2PG.p pool,,3.28305693003866e-07,3560.91794464197
Pool,2PG.x pool,,1,Inf
Pool,3PGA pool,,0,0
Pool,3PGA.c pool,,0.017345418876284,0.00492322572633142
Pool,3PGA.p pool,,8.84039678494914e-07,3783.6407199105
Pool,3PGA.x pool,,1,Inf
Pool,ACA pool,,2.35482471536391e-07,3576.44895055896
Pool,ADPG pool,,0,0
Pool,ADPG.p pool,,9.9999999999999e-08,Inf
Pool,ADPG.x pool,,1,Inf
Pool,AKG pool,,3.8596444814097e-07,3544.67363149712
Pool,ALA pool,,0,0
Pool,ALA.c pool,,0.00601124027747717,0.00166790938058014
Pool,ALA.x pool,,1,Inf
Pool,ASN pool,,7566.06819049796,3588.8739944928
Pool,ASP pool,,1e-07,0
Pool,Acceptor.c pool,,1,Inf
Pool,CIT pool,,3.5145049661282,1.01324383720364
Pool,CO2 pool,,2.38168809774608e-06,3637.83065648044
Pool,CO2.t pool,,1,Inf
Pool,E4P.p pool,,0,0
Pool,EC2 pool,,0,0
Pool,F6P pool,,0,0
Pool,F6P.c pool,,3.83606589786622e-06,3738.25759828195
Pool,F6P.p pool,,4.94309884373548e-07,3559.82561224836
Pool,F6P.x pool,,1,Inf
Pool,FBP pool,,0,0
Pool,FBP.c pool,,3.37256263105531e-06,3731.25087526067
Pool,FBP.p pool,,4.46045221556862e-07,3539.66482182072
Pool,FBP.x pool,,1,Inf
Pool,FmTHF pool,,4.19899459567624,1.64458605153616
Pool,FmTHF.c pool,,1.2151877347911e-06,3639.02625287513
Pool,FmTHF.x pool,,1,Inf
Pool,G6P pool,,0,0
Pool,G6P.c pool,,9.87649091578904e-06,3462.76282561041
Pool,G6P.p pool,,3.63691683196299e-06,3622.51764731399
Pool,G6P.x pool,,1,Inf
Pool,GA pool,,0,0
Pool,GA.p pool,,1e-07,0
Pool,GA.x pool,,1,Inf
Pool,GLN pool,,8.83867754742577,3581.17897162836
Pool,GLU pool,,3.85964955007125e-07,3678.30177493942
Pool,GLY pool,,0,0
Pool,GLY.c pool,,0.0510864948525519,0.0355283305849496
Pool,GLY.m pool,,1.00000000000273e-07,0
Pool,GLY.p pool,,1.00000000000002e-07,0
Pool,GLY.x pool,,1,Inf
Pool,Glyc pool,,15.682007160597,8.58356809300758
Pool,Glyc.p pool,,3.1649952909679e-07,3767.51221494192
Pool,Glyc.x pool,,1,Inf
Pool,Glyx pool,,14.8860940124488,20.2608466798432
Pool,Glyx.p pool,,9.64489081290541e-07,3479.07178878218
Pool,Glyx.x pool,,1,Inf
Pool,HPA pool,,0.000242799556505777,3792.41560456168
Pool,HPA.p pool,,1e-07,0
Pool,HPA.x pool,,1,Inf
Pool,Hcy.c pool,,1,Inf
Pool,ICI pool,,0.00212144075232685,3421.36927059756
Pool,MAL pool,,0.381438099344874,0.0994082637714584
Pool,Met pool,,1.27637635384712e-05,3503.3910982425
Pool,Met.c pool,,1.90352786365199e-07,3638.97036238051
Pool,Met.x pool,,1,Inf
Pool,OAA pool,,0.242580430091915,0.0420642289369355
Pool,P5P pool,,0,0
Pool,PEP pool,,0,0
Pool,PEP.c pool,,1.00000000000002e-07,0
Pool,PEP.x pool,,1,Inf
Pool,PRO pool,,5.39499638125536,3715.46103088281
Pool,PYR pool,,1.00000595952042e-07,3516.39337243273
Pool,PYR.c pool,,0.00964716875544705,0.00360567839883629
Pool,PYR.x pool,,1,Inf
Pool,Protein pool,,1,Inf
Pool,R5P pool,,0,0
Pool,R5P.p pool,,5.06364849835546e-07,3866.77758514443
Pool,R5P.x pool,,1,Inf
Pool,RU5P.p pool,,5.18958309538105e-07,3553.55669955538
Pool,RU5P.x pool,,1,Inf
Pool,RUBP pool,,0,0
Pool,RUBP.p pool,,5.16564689803467e-07,3814.13960797956
Pool,RUBP.x pool,,1,Inf
Pool,S6P pool,,1,Inf
Pool,S7P pool,,0,0
Pool,S7P.p pool,,3.76813539134615e-07,3645.02388595598
Pool,S7P.x pool,,1,Inf
Pool,SAH.c pool,,1,Inf
Pool,SAM pool,,6.12463259827458,2.80490837765219
Pool,SAM.c pool,,2.16699782169745e-06,3603.45596382627
Pool,SAM.x pool,,1,Inf
Pool,SBP pool,,0,0
Pool,SER pool,,0,0
Pool,SER.c pool,,1.05580239359188e-07,3608.27276835136
Pool,SER.m pool,,0.458646645590227,0.0410841021701825
Pool,SER.p pool,,0.000313319524475818,3790.58246557393
Pool,SER.x pool,,1,Inf
Pool,Sink pool,,1,Inf
Pool,Starch pool,,1,Inf
Pool,THR pool,,3889.67007632377,3777.97378499719
Pool,TP pool,,0,0
Pool,TP.c pool,,3.67885608952348e-06,3531.0239702246
Pool,TP.p pool,,8.84170722654331e-07,3670.21293849133
Pool,TP.x pool,,1,Inf
Pool,UDPG pool,,0,0
Pool,UDPG.c pool,,2.67472124917095,3.28639150666334
Pool,UDPG.x pool,,1,Inf
Pool,X5P.p pool,,5.22691128836708e-07,3546.77524732083
Pool,dummy pool,,1,Inf
Pool,dummyGLY pool,,1,Inf
Pool,dummySER pool,,1,Inf
Pool,meTHF pool,,0.431093937684803,3592.51652314724
Pool,meTHF.c pool,,1.23670864446102e-06,3443.41005390553
Pool,meTHF.x pool,,1,Inf
Pool,myTHF.m pool,,1.00000000002876e-07,0
Pool,outSER pool,,1,Inf
Norm,Experiment2 Glyc205 #1 norm,,0.953159643853628,0.0364722498335637
Norm,Experiment2 Glyc205 #2 norm,,0.994289134748045,0.0149373638741741
Norm,Experiment2 Glyc205 #3 norm,,0.971873303712142,0.0217355491726928
Norm,Experiment2 Glyc205 #4 norm,,0.944998013276776,0.0207108048468851
Norm,Experiment2 Glyc205 #5 norm,,1.02751662782461,0.0245602881934065
Norm,Experiment2 Glyc205 #6 norm,,1.00907065019479,0.0251852348678214
Norm,Experiment2 Glyc205 #7 norm,,0.973400514491651,0.0350558846604959
Norm,Experiment2 Glyc205 #8 norm,,0.943773715388094,0.127936364510473
Norm,Experiment2 Glyx160 #1 norm,,1.02267700842348,0.0115978740387892
Norm,Experiment2 Glyx160 #2 norm,,0.964585967926872,0.0112011260363601
Norm,Experiment2 Glyx160 #3 norm,,1.00058459102135,0.0127645468736454
Norm,Experiment2 Glyx160 #4 norm,,1.00428386053324,0.0170680972334464
Norm,Experiment2 Glyx160 #5 norm,,0.969759822144383,0.0183647185884234
Norm,Experiment2 Glyx160 #6 norm,,0.996972599264352,0.0212355880604893
Norm,Experiment2 Glyx160 #7 norm,,0.983976841669937,0.0277514283531283
Norm,Experiment2 Glyx160 #8 norm,,0.895875935156965,0.104607018489728
Norm,Experiment2 GLY276 #1 norm,,0.989617423429546,0.0105582550866131
Norm,Experiment2 GLY276 #2 norm,,0.92880496495621,0.0218390130067682
Norm,Experiment2 GLY276 #3 norm,,1.02046349241844,0.0191365093612239
Norm,Experiment2 GLY276 #4 norm,,1.02663640161397,0.0195040105210038
Norm,Experiment2 GLY276 #5 norm,,0.969537946668484,0.0362455472339611
Norm,Experiment2 GLY276 #6 norm,,1.00656884999589,0.0747520744542818
Norm,Experiment2 GLY276 #7 norm,,0.983961473570246,0.165443642752934
Norm,Experiment2 GLY276 #8 norm,,0.9933073402658,0.138867499567839
Norm,Experiment2 HPA262 #1 norm,,1.01145731276886,0.0201441154702616
Norm,Experiment2 HPA262 #2 norm,,0.945212269843827,0.023806534590763
Norm,Experiment2 HPA262 #3 norm,,1.02289546323386,0.0258317215762727
Norm,Experiment2 HPA262 #4 norm,,1.04582257568771,0.0329007993411009
Norm,Experiment2 HPA262 #5 norm,,0.948144012700898,0.0219042573834153
Norm,Experiment2 HPA262 #6 norm,,0.996642867501949,0.028833266757528
Norm,Experiment2 HPA262 #7 norm,,0.994124174769385,0.0239475502658457
Norm,Experiment2 HPA262 #8 norm,,0.934262194849789,0.035692760983301
Norm,Experiment2 GA307 #1 norm,,1.00588755426011,0.0109059932142444
Norm,Experiment2 GA307 #2 norm,,0.948660428382153,0.0313335017037351
Norm,Experiment2 GA307 #3 norm,,0.855432127727603,0.020713143402272
Norm,Experiment2 GA307 #4 norm,,0.937172005281389,0.025396945075915
Norm,Experiment2 GA307 #5 norm,,0.994137779336174,0.0730113308843603
Norm,Experiment2 GA307 #6 norm,,0.825868857793412,0.0954721290537192
Norm,Experiment2 GA307 #7 norm,,0.885565586840559,0.0678242069311639
Norm,Experiment2 GA307 #8 norm,,0.907019540062563,0.117288196586383
Norm,Experiment2 SER306 #1 norm,,0.960336263238902,0.0122104347416288
Norm,Experiment2 SER306 #2 norm,,0.96705835680339,0.0346789685814506
Norm,Experiment2 SER306 #3 norm,,0.9955600415614,0.0200003424021298
Norm,Experiment2 SER306 #4 norm,,1.02586576568352,0.0256360432445177
Norm,Experiment2 SER306 #5 norm,,0.965260888358009,0.0509003077576907
Norm,Experiment2 SER306 #6 norm,,0.95670050734607,0.138471239289902
Norm,Experiment2 SER306 #7 norm,,1.06219762283944,0.0980460287951931
Norm,Experiment2 SER306 #8 norm,,1.04777492550629,0.108716462345571
Norm,Experiment2 meTHF #1 norm,,0.995415494841361,0.00998267666277139
Norm,Experiment2 meTHF #2 norm,,0.993762039278682,0.0142831527172886
Norm,Experiment2 meTHF #3 norm,,0.997231453862963,0.0269041279975218
Norm,Experiment2 meTHF #4 norm,,1.01669806447167,0.0280933952056213
Norm,Experiment2 meTHF #5 norm,,1.00870626099386,0.101422058861187
Norm,Experiment2 meTHF #6 norm,,1.03047255879752,0.125679516349984
Norm,Experiment2 meTHF #7 norm,,1.03838336593357,0.181358587798919
Norm,Experiment2 meTHF #8 norm,,0.996728678855694,0.0741893837047137
Norm,Experiment2 FmTHF #1 norm,,0.996958643139028,0.00986998445973035
Norm,Experiment2 FmTHF #2 norm,,0.999845086640667,0.0115119998320456
Norm,Experiment2 FmTHF #3 norm,,1.01537361486904,0.0113095548180119
Norm,Experiment2 FmTHF #4 norm,,1.02818956065275,0.0224155636032874
Norm,Experiment2 FmTHF #5 norm,,0.948634152539665,0.0364642778027705
Norm,Experiment2 FmTHF #6 norm,,0.974494965221898,0.0622293543160959
Norm,Experiment2 FmTHF #7 norm,,0.993796364890058,0.0969039971725427
Norm,Experiment2 FmTHF #8 norm,,0.983907456439462,0.0652113266633551
Norm,Experiment2 Met176 #1 norm,,0.971670382973496,0.0227796207713709
Norm,Experiment2 Met176 #2 norm,,0.965821238696748,0.0364523401800422
Norm,Experiment2 Met176 #3 norm,,0.91574702980369,0.033785793758625
Norm,Experiment2 Met176 #4 norm,,0.840716960763208,0.0777211948725696
Norm,Experiment2 Met176 #5 norm,,0.945271545440902,0.0689918088847098
Norm,Experiment2 Met176 #6 norm,,1.02524738673686,0.0361036738862449
Norm,Experiment2 Met176 #7 norm,,0.997978877015046,0.0641683323804918
Norm,Experiment2 Met176 #8 norm,,0.994486390491372,0.213059803600343
Norm,Experiment2 SAM #1 norm,,1.005138283939,0.014830360614425
Norm,Experiment2 SAM #2 norm,,0.979148607245726,0.0216155025444035
Norm,Experiment2 SAM #3 norm,,0.971501032409485,0.0343249950956019
Norm,Experiment2 SAM #4 norm,,1.00557550582532,0.0463105343014162
Norm,Experiment2 SAM #5 norm,,1.01750657646621,0.0256391662761381
Norm,Experiment2 SAM #6 norm,,0.963095416828192,0.060583166514539
Norm,Experiment2 SAM #7 norm,,0.954967107061488,0.0741147858142726
Norm,Experiment2 SAM #8 norm,,1.0029533820571,0.0730905014593213
Norm,Experiment2 CIT465 #1 norm,,1.00058901495642,0.0127802004488274
Norm,Experiment2 CIT465 #2 norm,,1.00738758620144,0.0106869059063076
Norm,Experiment2 CIT465 #3 norm,,0.987106299437239,0.0130008593961742
Norm,Experiment2 CIT465 #4 norm,,0.960898953057068,0.0125966568188845
Norm,Experiment2 CIT465 #5 norm,,0.957359084045683,0.015144906023316
Norm,Experiment2 CIT465 #6 norm,,0.970546198183305,0.0112509012849476
Norm,Experiment2 CIT465 #7 norm,,1.03001454331281,0.01508282708231
Norm,Experiment2 CIT465 #8 norm,,0.986586967612797,0.0196063618008106
Norm,Experiment2 MAL335 #1 norm,,0.981384375914862,0.0115306482865453
Norm,Experiment2 MAL335 #2 norm,,0.956043153545397,0.0130496174568594
Norm,Experiment2 MAL335 #3 norm,,0.964697612486768,0.0128278476056633
Norm,Experiment2 MAL335 #4 norm,,0.974819848212166,0.011583786071113
Norm,Experiment2 MAL335 #5 norm,,0.973463849667368,0.0144619573363762
Norm,Experiment2 MAL335 #6 norm,,0.94702351628808,0.0145819932648964
Norm,Experiment2 MAL335 #7 norm,,0.987142079902689,0.0198307255889978
Norm,Experiment2 MAL335 #8 norm,,1.01585945108886,0.0395565020421279
Norm,Experiment2 ASP334 #1 norm,,0.97578530646863,0.0154515366877491
Norm,Experiment2 ASP334 #2 norm,,0.955642293038729,0.0226147806293366
Norm,Experiment2 ASP334 #3 norm,,0.972704518958685,0.0170701167387606
Norm,Experiment2 ASP334 #4 norm,,0.967759614223835,0.0209448710248341
Norm,Experiment2 ASP334 #5 norm,,0.955656947095102,0.0237188407899289
Norm,Experiment2 ASP334 #6 norm,,0.935955385427014,0.0495335342633638
Norm,Experiment2 ASP334 #7 norm,,1.02624967542729,0.0601114901272343
Norm,Experiment2 ASP334 #8 norm,,1.01276888156195,0.0403150432494117
Norm,Experiment2 GLU348 #1 norm,,0.997350487331444,0.0118440884231569
Norm,Experiment2 GLU348 #2 norm,,0.973117937804668,0.0121038672105948
Norm,Experiment2 GLU348 #3 norm,,0.980064556756783,0.0118230344050758
Norm,Experiment2 GLU348 #4 norm,,1.05489465207885,0.0169210345895226
Norm,Experiment2 GLU348 #5 norm,,1.02649173475055,0.0311433507967544
Norm,Experiment2 GLU348 #6 norm,,0.987370452174978,0.0152405327784807
Norm,Experiment2 GLU348 #7 norm,,0.955442040378818,0.022762861846243
Norm,Experiment2 GLU348 #8 norm,,0.903787816424044,0.04935655241692
Norm,Experiment2 THR320 #1 norm,,1.02884710310566,0.0105419593138421
Norm,Experiment2 THR320 #2 norm,,0.996189381430005,0.0115083250046356
Norm,Experiment2 THR320 #3 norm,,0.991158128665937,0.0102129347267066
Norm,Experiment2 THR320 #4 norm,,1.03353602606208,0.0115763431256113
Norm,Experiment2 THR320 #5 norm,,0.998212278757903,0.0213116606856971
Norm,Experiment2 THR320 #6 norm,,0.993588369728564,0.0107788474404736
Norm,Experiment2 THR320 #7 norm,,1.02007335133971,0.0141802725215958
Norm,Experiment2 THR320 #8 norm,,0.925811952638828,0.0371639843577537
Norm,Experiment2 ALA116 #1 norm,,1.0198625522462,0.0100535026912858
Norm,Experiment2 ALA116 #2 norm,,1.00197707430862,0.0100650537308044
Norm,Experiment2 ALA116 #3 norm,,1.00387653734753,0.0104375201822323
Norm,Experiment2 ALA116 #4 norm,,1.00866280690034,0.0256960390450861
Norm,Experiment2 ALA116 #5 norm,,1.08168573164381,0.0820242901316503
Norm,Experiment2 ALA116 #6 norm,,1.01299283198578,0.073931347407521
Norm,Experiment2 ALA116 #7 norm,,1.0107573002234,0.0683460385748875
Norm,Experiment2 ALA116 #8 norm,,0.941576900699823,0.155196545569404
Norm,Experiment2 PYR #1 norm,,0.955351819883819,0.0121850671067362
Norm,Experiment2 PYR #2 norm,,0.977131142775459,0.0508214174663903
Norm,Experiment2 PYR #3 norm,,0.914206343455697,0.0628068206360963
Norm,Experiment2 PYR #4 norm,,1.03840551062007,0.0507637830428683
Norm,Experiment2 PYR #5 norm,,1.04127633203475,0.131618753574926
Norm,Experiment2 PYR #6 norm,,0.977089213619646,0.12004714476835
Norm,Experiment2 PYR #7 norm,,1.01019314288221,0.0723861208512624
Norm,Experiment2 PYR #8 norm,,0.96418861764618,0.127250182953966
