type,id,eqn,val,std
Net flux,CO2.t,CO2.t -> CO2,66.8008282339096,1.51776568407719
Net flux,CO2_sink,dummy -> Sink,66.8008282339096,1.51776568407719
Net flux,RUBICSO_CO2,RUBP.p + CO2 -> 3PGA.p + 3PGA.p + dummy,68.0839148107995,1.52122215721169
Net flux,GAPDH.p net,3PGA.p <-> TP.p,138.529255603484,3.0334169659181
Exch flux,GAPDH.p exch,3PGA.p <-> TP.p,72968.6411311197,32.645435168052
Net flux,ALD,TP.p + E4P.p -> SBP,23.3934576410904,0.508439317734586
Net flux,SBP,SBP -> S7P.p,23.3934576410904,0.508439317734586
Net flux,FBA.p net,TP.p + TP.p <-> FBP.p,31.304295502021,0.778059960048865
Exch flux,FBA.p exch,TP.p + TP.p <-> FBP.p,22396.7933077512,35.2388900430287
Net flux,PFK.p net,FBP.p <-> F6P.p,31.3042955020241,0.778059960048865
Exch flux,PFK.p exch,FBP.p <-> F6P.p,1.00005848935325e-07,1.54881210962188e-14
Net flux,TK1 net,TP.p + EC2 <-> X5P.p,46.7869152821808,1.01687863546917
Exch flux,TK1 exch,TP.p + EC2 <-> X5P.p,1.0000000116861e-07,0
Net flux,TK2 net,S7P.p <-> R5P.p + EC2,23.3934576410904,0.508439317734586
Exch flux,TK2 exch,S7P.p <-> R5P.p + EC2,37.9745049628523,33.5946025301547
Net flux,TK3 net,F6P.p <-> E4P.p + EC2,23.393457641092,0.508439317734586
Exch flux,TK3 exch,F6P.p <-> E4P.p + EC2,8314.81264027194,53.5969001708515
Net flux,PPE net,X5P.p <-> RU5P.p,46.7869152821807,1.01687863546917
Exch flux,PPE exch,X5P.p <-> RU5P.p,77.520771426821,52.8272257001771
Net flux,PPI net,R5P.p <-> RU5P.p,23.3934576410904,0.508439317734586
Exch flux,PPI exch,R5P.p <-> RU5P.p,237.526010141521,53.0462178816072
Net flux,PRK,RU5P.p -> RUBP.p,70.1803729232713,1.52531795320375
Net flux,RUBISCO_O2,RUBP.p -> 3PGA.p + 2PG.p,2.09645811247179,0.08498206879565
Net flux,GLYdil net,GLY.p <-> GLY.x + dummyGLY,0.0146233930450492,0.00163664050584778
Exch flux,GLYdil exch,GLY.p <-> GLY.x + dummyGLY,1.0000000116861e-07,0
Net flux,SERdil net,SER.p <-> SER.x + dummySER,0.0500026413836778,0.00559625145173736
Exch flux,SERdil exch,SER.p <-> SER.x + dummySER,1.00015491000249e-07,3.028435457625e-14
Net flux,GK,GA.p -> 3PGA.p,0.87694036501395,0.0505381260593969
Net flux,PGI.p net,F6P.p <-> G6P.p,7.91083786093325,0.398746409564605
Exch flux,PGI.p exch,F6P.p <-> G6P.p,1.00003759939682e-07,9.48122808453337e-15
Net flux,PGM.p,G6P.p -> ADPG.p,7.91083786093325,0.398746409564605
Net flux,Starch,ADPG.p -> Starch,7.91083786093323,0.398746409564605
Net flux,FBA.c net,TP.c + TP.c <-> FBP.c,2.87014583808197,0.321224829410745
Exch flux,FBA.c exch,TP.c + TP.c <-> FBP.c,20.5114681846101,50.1966513368746
Net flux,PFK.c net,FBP.c <-> F6P.c,2.87014583808198,0.321224829410745
Exch flux,PFK.c exch,FBP.c <-> F6P.c,6.03067183018987,38.3128670635518
Net flux,PGI.c net,F6P.c <-> G6P.c,1.43507291904103,0.160612414705372
Exch flux,PGI.c exch,F6P.c <-> G6P.c,224.913671123008,65.1664177818527
Net flux,PGM.c net,G6P.c <-> UDPG.c,1.4350729190337,0.160612414705372
Exch flux,PGM.c exch,G6P.c <-> UDPG.c,48480.7822770166,46.1654852949725
Net flux,SPS,F6P.c + UDPG.c -> S6P,1.43507291904095,0.160612414705372
Net flux,PGAM.c net,3PGA.c <-> PEP.c,0.611972495596357,0.0684915581269549
Exch flux,PGAM.c exch,3PGA.c <-> PEP.c,0.238931107024307,46.1655361023119
Net flux,PK.c,PEP.c -> PYR.c,0.277787064938743,0.0310897451145174
Net flux,PDH,PYR.c + dummy -> ACA + CO2,0.23119024725766,0.0258746600090332
Net flux,CS,OAA + ACA -> CIT,0.231190247257656,0.0258746600090332
Net flux,ACO net,CIT <-> ICI,0.2311902472577,0.0258746600090332
Exch flux,ACO exch,CIT <-> ICI,1343.96049247933,46.1654852949725
Net flux,IDH,ICI + dummy -> AKG + CO2,0.231190247257673,0.0258746600090332
Net flux,MDH net,MAL <-> OAA,7.105427357601e-15,0
Exch flux,MDH exch,MAL <-> OAA,0.0197018791307002,0.094413461313493
Net flux,PPC,PEP.c + CO2 -> OAA + dummy,0.334185430657135,0.0374018130124365
Net flux,T_3PGA net,3PGA.p <-> 3PGA.c,0.611972495596333,0.0684915581269549
Exch flux,T_3PGA exch,3PGA.p <-> 3PGA.c,1.0000000116861e-07,0
Net flux,T_DHAP net,TP.p <-> TP.c,5.74029167616398,0.642449658821489
Exch flux,T_DHAP exch,TP.p <-> TP.c,1.79420561971873,1.59451690729754
Net flux,ALT,PYR.c -> ALA.c,0.0465968176812775,0.00521508510548356
Net flux,ASPT,OAA -> ASP,0.10299518339946,0.0115271530034047
Net flux,GLUDH,AKG -> GLU,0.23119024725765,0.0258746600090332
Net flux,PCR net,GLU <-> PRO,-2.48689957516035e-14,0
Exch flux,PCR exch,GLU <-> PRO,1.0000000116861e-07,0
Net flux,GS net,GLU <-> GLN,0,0
Exch flux,GS exch,GLU <-> GLN,1.00042413464507e-07,0
Net flux,TS net,ASP <-> THR,0,0
Exch flux,TS exch,ASP <-> THR,3.7201437841361e-05,9.76321909612066
Net flux,AS net,ASP <-> ASN,1.06581410364015e-14,0
Exch flux,AS exch,ASP <-> ASN,0.0684035477675842,0.0390332662722358
Net flux,G_3PGA.p,0*3PGA.p -> 3PGA,2.46866312636485e-06,78.9827530946306
Net flux,G_3PGA.c,0*3PGA.c -> 3PGA,92.9119081399489,56.8395651517171
Net flux,G_DHAP.p,0*TP.p -> TP,40.6853798422419,74.1514015919174
Net flux,G_DHAP.c,0*TP.c -> TP,51.8471856996948,49.6331879304503
Net flux,G_F6P.p,0*F6P.p -> F6P,48.6686345030748,82.953005258334
Net flux,G_F6P.c,0*F6P.c -> F6P,36.546576817712,57.4442845780042
Net flux,G_FBP.p,0*FBP.p -> FBP,2.46866143527313e-06,75.4507798672192
Net flux,G_FBP.c,0*FBP.c -> FBP,83.4512310507252,53.2161825489402
Net flux,G_G6P.p,0*G6P.p -> G6P,19.0549768397257,79.9865806014301
Net flux,G_G6P.c,0*G6P.c -> G6P,58.8549499993083,53.5162470490245
Net flux,G_RU5P.p,0*RU5P.p -> P5P,2.46865385733486e-06,79.7168157497769
Net flux,G_X5P.p,0*X5P.p -> P5P,92.8477691494871,53.9577528063031
Net flux,G_R5P.p,0*R5P.p -> R5P,82.2810779884949,59.0118756421768
Net flux,G_GA.p,0*GA.p -> GA,30.8378521388609,3.88392410320889
Net flux,G_SER.p,0*SER.p -> SER,74.6946341510996,55.3832210160148
Net flux,G_GLY.p,0*GLY.p -> GLY,15.2228076987551,79.0745067402679
Net flux,G_RUBP.p,0*RUBP.p -> RUBP,92.5302752673063,53.7650463490089
Net flux,G_S7P.p,0*S7P.p -> S7P,98.4567310636212,58.4348445780002
Net flux,G_2PG.p,0*2PG.p -> 2PG,87.0427532706349,54.9108484319708
Net flux,G_ADPG.p,0*ADPG.p -> ADPG,95.0805622183481,56.904457073388
Net flux,G_PEP.c,0*PEP.c -> PEP,89.2305410445615,58.3465685025917
Net flux,G_UDPG.c,0*UDPG.c -> UDPG,72.4268033045549,55.1592345373033
Net flux,G_ALA.c,0*ALA.c -> ALA,68.9268625937581,5.99626645153134
Net flux,(1-G)_GA,0*GA.x -> GA,69.1621478611411,3.88392410320889
Net flux,(1-G)_SER,0*SER.x -> SER,25.3053593452268,4.17561531028359
Net flux,(1-G)_GLY,0*GLY.x -> GLY,84.7751852601785,2.53047744898375
Net flux,(1-G)_R5P,0*R5P.x -> R5P,17.718922011502,59.0118756421768
Net flux,(1-G)_RUBP,0*RUBP.x -> RUBP,7.46972473269241,53.7650463490089
Net flux,(1-G)_3PGA,0*3PGA.x -> 3PGA,7.08808939138821,55.8502140770484
Net flux,(1-G)_TP,0*TP.x -> TP,7.46743445806384,55.1603558076702
Net flux,(1-G)_F6P,0*F6P.x -> F6P,14.7847886792169,58.6825539910781
Net flux,(1-G)_FBP,0*FBP.x -> FBP,16.5487664806081,54.837349834894
Net flux,(1-G)_G6P,0*G6P.x -> G6P,22.0900731609643,58.581394527319
Net flux,(1-G)_RU5P,0*RU5P.x -> P5P,7.15222838186043,60.6228977379579
Net flux,(1-G)_S7P,0*S7P.x -> S7P,1.5432689363768,58.4348445780002
Net flux,(1-G)_2PG,0*2PG.x -> 2PG,12.9572467293675,54.9108484319708
Net flux,(1-G)_ADPG,0*ADPG.x -> ADPG,4.91943778165087,56.904457073388
Net flux,(1-G)_PEP,0*PEP.x -> PEP,10.7694589554367,58.3465685025917
Net flux,(1-G)_UDPG,0*UDPG.x -> UDPG,27.5731966954463,55.1592345373033
Net flux,(1-G)_ALA,0*ALA.x -> ALA,31.0731374062416,5.99626645153134
Net flux,PGASink,3PGA -> Sink,100,0
Net flux,DHAPSink,TP -> Sink,100.000000000001,0
Net flux,F6PSink,F6P -> Sink,100.000000000004,0
Net flux,FBPSink,FBP -> Sink,99.9999999999948,0
Net flux,G6PSink,G6P -> Sink,99.9999999999983,0
Net flux,P5PSink,P5P -> Sink,100.000000000001,0
Net flux,R5PSink,R5P -> Sink,99.9999999999968,0
Net flux,GASink,GA -> Sink,100.000000000002,0
Net flux,SERSink,SER -> Sink,99.9999999999996,0
Net flux,GLYSink,GLY -> Sink,100.000000000001,0
Net flux,RUBPSink,RUBP -> Sink,99.9999999999987,0
Net flux,S7PSink,S7P -> Sink,99.9999999999979,0
Net flux,2PGSink,2PG -> Sink,100.000000000002,0
Net flux,ADPGSink,ADPG -> Sink,99.9999999999989,0
Net flux,PEPSink,PEP -> Sink,99.9999999999983,0
Net flux,UDPGSink,UDPG -> Sink,100.000000000001,0
Net flux,ALASink,ALA -> Sink,99.9999999999998,0
Net flux,S6Pout-LL,S6P + 0.1611*GLU + 0.07177*ASP + 0.03247*ALA.c + 0.01019*dummyGLY + 0.03484*dummySER -> Sink,1.43507291904099,0.160612414705372
Net flux,PGP.p,2PG.p -> Glyc.p,2.09645811247181,0.08498206879565
Net flux,GOX,Glyc.p -> Glyx.p,2.09645811247183,0.08498206879565
Net flux,GGT,Glyx.p -> GLY.p,2.09645811247182,0.08498206879565
Net flux,SGAT,SER.p -> HPA.p,0.87694036501394,0.0505381260593969
Net flux,HPR.p,HPA.p -> GA.p,0.876940365013934,0.0505381260593969
Net flux,T_GLY-m net,GLY.p <-> GLY.m,2.0818464543263,58.1974738789976
Exch flux,T_GLY-m exch,GLY.p <-> GLY.m,78447.0066347768,52.7459455604254
Net flux,GDC.m,GLY.m + dummy -> myTHF.m + CO2,1.15489151303179,0.0563121502053699
Net flux,T_SER-m net,SER.p <-> SER.m,-1.15489151303154,0.0563121502053699
Exch flux,T_SER-m exch,SER.p <-> SER.m,2051.43071850321,56.7114416704384
Net flux,mSHMT,GLY.m + myTHF.m -> SER.m,1.15489151303179,0.0563121502053699
Net flux,T_SER-c net,SER.p <-> SER.c,0.227948506634165,0.0641489055293822
Exch flux,T_SER-c exch,SER.p <-> SER.c,0.101098719596104,0.205373988345391
Net flux,T_Gly-c net,GLY.p <-> GLY.c,-1.17349091239838e-05,58.1974117935679
Exch flux,T_Gly-c exch,GLY.p <-> GLY.c,9.99999998363421e-08,0
Net flux,cSHMT,SER.c -> GLY.c + meTHF.c,0.227948406634516,0.0641489055293683
Net flux,FmTHF-reductase net,meTHF.c <-> FmTHF.c,0.227948406634518,0.0641489055293683
Exch flux,FmTHF-reductase exch,meTHF.c <-> FmTHF.c,8.2000525391269,57.5979437529217
Net flux,Met-synthase,FmTHF.c + Hcy.c -> Met.c,0.227948406634496,0.0641489055293683
Net flux,SAM-synthase,Met.c -> SAM.c,0.227948406634506,0.0641489055293683
Net flux,Methylation,SAM.c -> SAH.c + Acceptor.c,0.227948406634501,0.0641489055293683
Net flux,hydrolysis,SAH.c -> Hcy.c,0.227948406634493,0.0641489055293683
Net flux,G_SER.m,0*SER.m -> SER,1.0000000116861e-07,0
Net flux,G_SER.c,0*SER.c -> SER,6.40367312243484e-06,55.2255865238523
Net flux,G_Gly.m,0*GLY.m -> GLY,0.000271726215107293,56.4176548440953
Net flux,G_Gly.c,0*GLY.c -> GLY,0.00173531485247835,55.276470347993
Net flux,T_GLY-c-m,GLY.c -> GLY.m,0.227936571727715,58.1974471480684
Net flux,G_Glyc,0*Glyc.p -> Glyc,13.0044794533009,1.85876891312353
Net flux,G_Glyx,0*Glyx.p -> Glyx,6.29388811269153,3.26894330399479
Net flux,G_HPA,0*HPA.p -> HPA,5.14643590262311,1.67855422524566
Net flux,(1-G)_Glyc,0*Glyc.x -> Glyc,86.9955205466998,1.85876891312353
Net flux,(1-G)_Glyx,0*Glyx.x -> Glyx,93.7061118873093,3.26894330399479
Net flux,(1-G)_HPA,0*HPA.x -> HPA,94.8535640973768,1.67855422524566
Net flux,GlycSink,Glyc -> Sink,100.000000000001,0
Net flux,GlyxSink,Glyx -> Sink,100.000000000001,0
Net flux,HPASink,HPA -> Sink,99.9999999999998,0
Net flux,SERex,dummySER -> outSER,1.00043235917724e-07,2.17460547266443e-14
Net flux,G_PYR,0*PYR.c -> PYR,43.3849168684802,2.80413478156166
Net flux,(1-G)_PYR,0*PYR.x -> PYR,56.6150831315201,2.80413478156166
Net flux,PYRSink,PYR -> Sink,100,0
Net flux,G_meTHF,0*meTHF.c -> meTHF,99.9965004293809,55.1097131964081
Net flux,G_FmTHF,0*FmTHF.c -> FmTHF,74.2559342705807,4.35349030186383
Net flux,G_Met,0*Met.c -> Met,49.3949485799049,4.08682764702602
Net flux,G_SAM,0*SAM.c -> SAM,51.3068185206673,3.77676856736001
Net flux,(1-G)_meTHF,0*meTHF.x -> meTHF,0.00349957061899175,55.1097131964081
Net flux,(1-G)_FmTHF,0*FmTHF.x -> FmTHF,25.7440657294194,4.35349030186383
Net flux,(1-G)_Met,0*Met.x -> Met,50.6050514200951,4.08682764702602
Net flux,(1-G)_SAM,0*SAM.x -> SAM,48.6931814793327,3.77676856736001
Net flux,meTHFSink,meTHF -> Sink,99.9999999999999,0
Net flux,FmTHFSink,FmTHF -> Sink,100,0
Net flux,MetSink,Met -> Sink,100,0
Net flux,SAMsink,SAM -> Sink,100,0
Net flux,Met-protein,Met.c -> Protein,6.51983996113883e-15,0
Net flux,GLY-protein,GLY.c -> Protein,9.99977043392164e-08,1.15215592752894e-14
Net flux,SER-protein,SER.c -> Protein,9.9999650338134e-08,1.55927675977113e-14
Pool,2PG pool,,0,0
Pool,2PG.p pool,,5.1928202477863e-07,57.6672405430293
Pool,2PG.x pool,,1,Inf
Pool,3PGA pool,,0,0
Pool,3PGA.c pool,,0.0166176283562879,0.00480265321007431
Pool,3PGA.p pool,,2.40920707399104e-06,54.6671783856667
Pool,3PGA.x pool,,1,Inf
Pool,ACA pool,,1.2468836401914e-06,55.2163275372898
Pool,ADPG pool,,0,0
Pool,ADPG.p pool,,9.9999999999999e-08,Inf
Pool,ADPG.x pool,,1,Inf
Pool,AKG pool,,1.83752596636648e-06,56.5123560696654
Pool,ALA pool,,0,0
Pool,ALA.c pool,,0.00852850967425435,0.00251902472137314
Pool,ALA.x pool,,1,Inf
Pool,ASN pool,,7885.74893935341,52.6282503325835
Pool,ASP pool,,0.000463716414270178,52.7444484905132
Pool,Acceptor.c pool,,1,Inf
Pool,CIT pool,,4.14176415614068,1.30907034185078
Pool,CO2 pool,,1.26118116003784e-05,55.4057500683455
Pool,CO2.t pool,,1,Inf
Pool,E4P.p pool,,0,0
Pool,EC2 pool,,0,0
Pool,F6P pool,,0,0
Pool,F6P.c pool,,3.82991913061511e-06,54.421921149773
Pool,F6P.p pool,,1.9061514608707e-06,55.4304796846684
Pool,F6P.x pool,,1,Inf
Pool,FBP pool,,0,0
Pool,FBP.c pool,,3.68899507889597e-06,55.5481893743225
Pool,FBP.p pool,,1.61100735262742e-06,53.1835052927799
Pool,FBP.x pool,,1,Inf
Pool,FmTHF pool,,5.11730793083778,2.56658766664473
Pool,FmTHF.c pool,,1e-07,0
Pool,FmTHF.x pool,,1,Inf
Pool,G6P pool,,0,0
Pool,G6P.c pool,,9.87673813630286e-06,54.498466243406
Pool,G6P.p pool,,3.74934311624416e-06,56.0204609586464
Pool,G6P.x pool,,1,Inf
Pool,GA pool,,0,0
Pool,GA.p pool,,3.69780042225312e-07,56.944577161195
Pool,GA.x pool,,1,Inf
Pool,GLN pool,,8.83867754846599,56.8901632655464
Pool,GLU pool,,1.83753768246779e-06,54.5065385221325
Pool,GLY pool,,0,0
Pool,GLY.c pool,,1528.43204318681,54.6421050998032
Pool,GLY.m pool,,0.186269828454452,0.0359994566216382
Pool,GLY.p pool,,0.000424971302224878,52.9834845861437
Pool,GLY.x pool,,1,Inf
Pool,Glyc pool,,9.60677462135613,3.45164975153576
Pool,Glyc.p pool,,5.42483687281085e-07,57.0314307935483
Pool,Glyc.x pool,,1,Inf
Pool,Glyx pool,,22.2517614546179,20.2767436119086
Pool,Glyx.p pool,,1.25791279865064e-06,58.2392030395593
Pool,Glyx.x pool,,1,Inf
Pool,HPA pool,,0.000141183701960501,52.2205593848649
Pool,HPA.p pool,,3.36807393303504e-07,57.6185732872589
Pool,HPA.x pool,,1,Inf
Pool,Hcy.c pool,,1,Inf
Pool,ICI pool,,0.00456416474826823,53.9106691455168
Pool,MAL pool,,0.11032457096751,0.499489289447074
Pool,Met pool,,9.53501103817424e-05,56.236143850547
Pool,Met.c pool,,1e-07,0
Pool,Met.x pool,,1,Inf
Pool,OAA pool,,0.133200497686845,0.044588980494068
Pool,P5P pool,,0,0
Pool,PEP pool,,0,0
Pool,PEP.c pool,,1.00000000000002e-07,0
Pool,PEP.x pool,,1,Inf
Pool,PRO pool,,5.39499638229471,54.3897307681825
Pool,PYR pool,,1.00000000002876e-07,55.1814125890647
Pool,PYR.c pool,,0.0160596569353636,0.00495412087830555
Pool,PYR.x pool,,1,Inf
Pool,Protein pool,,1,Inf
Pool,R5P pool,,0,0
Pool,R5P.p pool,,2.28845294838196e-06,56.353143533662
Pool,R5P.x pool,,1,Inf
Pool,RU5P.p pool,,1.7313011507938e-06,55.0543918789007
Pool,RU5P.x pool,,1,Inf
Pool,RUBP pool,,0,0
Pool,RUBP.p pool,,1.71650338612996e-06,55.9936191261572
Pool,RUBP.x pool,,1,Inf
Pool,S6P pool,,1,Inf
Pool,S7P pool,,0,0
Pool,S7P.p pool,,1.38885159942866e-06,53.4344237128844
Pool,S7P.x pool,,1,Inf
Pool,SAH.c pool,,1,Inf
Pool,SAM pool,,3.02320495838039,2.20115675587247
Pool,SAM.c pool,,6.16744153100914e-07,53.7874605467799
Pool,SAM.x pool,,1,Inf
Pool,SBP pool,,0,0
Pool,SER pool,,0,0
Pool,SER.c pool,,1.00000000002876e-07,0
Pool,SER.m pool,,0.262386447995532,0.0395420656562006
Pool,SER.p pool,,0.00031116634697026,53.5924676449935
Pool,SER.x pool,,1,Inf
Pool,Sink pool,,1,Inf
Pool,Starch pool,,1,Inf
Pool,THR pool,,0.000153047524970733,40.1574279277095
Pool,TP pool,,0,0
Pool,TP.c pool,,4.03683286505968e-06,53.8388971222273
Pool,TP.p pool,,2.45844262788562e-06,55.1955182721833
Pool,TP.x pool,,1,Inf
Pool,UDPG pool,,0,0
Pool,UDPG.c pool,,1.82466191707325,3.74022378154647
Pool,UDPG.x pool,,1,Inf
Pool,X5P.p pool,,1.7494091947511e-06,56.5059381654882
Pool,dummy pool,,1,Inf
Pool,dummyGLY pool,,1,Inf
Pool,dummySER pool,,1,Inf
Pool,meTHF pool,,3.847453212437e-05,52.3339806279428
Pool,meTHF.c pool,,1e-07,0
Pool,meTHF.x pool,,1,Inf
Pool,myTHF.m pool,,2.66580648415199e-07,54.5108467048079
Pool,outSER pool,,1,Inf
Norm,Experiment2 Glyc205 #1 norm,,0.915783248740994,0.0308012937296747
Norm,Experiment2 Glyc205 #2 norm,,0.962252971240894,0.0149697269668324
Norm,Experiment2 Glyc205 #3 norm,,0.989076599328609,0.0224900907564478
Norm,Experiment2 Glyc205 #4 norm,,0.984993154837184,0.0210232429449912
Norm,Experiment2 Glyc205 #5 norm,,1.0291549920589,0.0248110804685958
Norm,Experiment2 Glyc205 #6 norm,,0.988961527588241,0.0256016980545814
Norm,Experiment2 Glyc205 #7 norm,,1.02044319369547,0.0365536750549792
Norm,Experiment2 Glyc205 #8 norm,,0.909700818617745,0.0945310922750373
Norm,Experiment2 Glyx160 #1 norm,,0.992647478037309,0.0112123420334916
Norm,Experiment2 Glyx160 #2 norm,,0.978886220135677,0.0116236493299688
Norm,Experiment2 Glyx160 #3 norm,,0.99095636201401,0.013312245502093
Norm,Experiment2 Glyx160 #4 norm,,1.0233437429199,0.0175497257077869
Norm,Experiment2 Glyx160 #5 norm,,1.00150412747724,0.0161281818411051
Norm,Experiment2 Glyx160 #6 norm,,0.951150097881997,0.0203287305261885
Norm,Experiment2 Glyx160 #7 norm,,1.02891941189622,0.0328913974104516
Norm,Experiment2 Glyx160 #8 norm,,0.985874950915806,0.120161782509273
Norm,Experiment2 GLY276 #1 norm,,0.996903658489507,0.0104577666893606
Norm,Experiment2 GLY276 #2 norm,,1.02466377250558,0.0216061583726482
Norm,Experiment2 GLY276 #3 norm,,0.995602346986057,0.0174926230117008
Norm,Experiment2 GLY276 #4 norm,,1.03433542286059,0.0191097715793541
Norm,Experiment2 GLY276 #5 norm,,0.967503624566193,0.0379032055575048
Norm,Experiment2 GLY276 #6 norm,,0.984444904042955,0.0811214803151976
Norm,Experiment2 GLY276 #7 norm,,0.824767940873478,0.118928917853865
Norm,Experiment2 GLY276 #8 norm,,0.557319784218256,0.181737105869537
Norm,Experiment2 HPA262 #1 norm,,1.0210625273641,0.021078419234434
Norm,Experiment2 HPA262 #2 norm,,0.988561054565399,0.0245155822479612
Norm,Experiment2 HPA262 #3 norm,,0.959291520988587,0.0227799378090038
Norm,Experiment2 HPA262 #4 norm,,0.991902306634019,0.0306586672660125
Norm,Experiment2 HPA262 #5 norm,,0.904704033230989,0.0200651905489464
Norm,Experiment2 HPA262 #6 norm,,0.979021540959637,0.0290633776700071
Norm,Experiment2 HPA262 #7 norm,,1.01345456332097,0.0243931788551586
Norm,Experiment2 HPA262 #8 norm,,0.966195556983076,0.0398087203313614
Norm,Experiment2 GA307 #1 norm,,0.964422660855471,0.0105194387076948
Norm,Experiment2 GA307 #2 norm,,0.896657146887,0.0289841575379305
Norm,Experiment2 GA307 #3 norm,,0.862899497460363,0.0206920309850108
Norm,Experiment2 GA307 #4 norm,,0.986396922740293,0.025789117117742
Norm,Experiment2 GA307 #5 norm,,0.944030158456169,0.0695092280158927
Norm,Experiment2 GA307 #6 norm,,0.751783667784527,0.0840529373356078
Norm,Experiment2 GA307 #7 norm,,0.92094097675757,0.0708046070090432
Norm,Experiment2 GA307 #8 norm,,0.983332764135766,0.170703125068725
Norm,Experiment2 SER306 #1 norm,,1.01049877106011,0.0128846514031095
Norm,Experiment2 SER306 #2 norm,,0.902274089645537,0.0317521038527646
Norm,Experiment2 SER306 #3 norm,,1.00280008254233,0.0196472500688722
Norm,Experiment2 SER306 #4 norm,,1.05937287431914,0.0268021650956724
Norm,Experiment2 SER306 #5 norm,,1.02584341270756,0.0603934578887624
Norm,Experiment2 SER306 #6 norm,,1.02411468604957,0.124387701664241
Norm,Experiment2 SER306 #7 norm,,1.08618073882912,0.12299837893372
Norm,Experiment2 SER306 #8 norm,,1.02259850242471,0.101840046389844
Norm,Experiment2 meTHF #1 norm,,1.00506530570053,0.0100913317941728
Norm,Experiment2 meTHF #2 norm,,0.985975959210632,0.0141835710837612
Norm,Experiment2 meTHF #3 norm,,0.938560219268032,0.024220499282378
Norm,Experiment2 meTHF #4 norm,,1.00611629317773,0.0272180528249712
Norm,Experiment2 meTHF #5 norm,,0.96142611737501,0.0876084264921362
Norm,Experiment2 meTHF #6 norm,,0.99940994720737,0.14946481731615
Norm,Experiment2 meTHF #7 norm,,0.912947311871011,0.259165483714687
Norm,Experiment2 meTHF #8 norm,,0.997383166004952,0.0621366590295117
Norm,Experiment2 FmTHF #1 norm,,1.00328108618158,0.0100764080987068
Norm,Experiment2 FmTHF #2 norm,,0.990835846542855,0.0112667578973812
Norm,Experiment2 FmTHF #3 norm,,1.00456535011494,0.0103106331131204
Norm,Experiment2 FmTHF #4 norm,,1.00994062131638,0.0205622422683217
Norm,Experiment2 FmTHF #5 norm,,0.95005373251666,0.0383187265682526
Norm,Experiment2 FmTHF #6 norm,,1.02373818975925,0.0715562366495812
Norm,Experiment2 FmTHF #7 norm,,1.00177132912523,0.108041874228214
Norm,Experiment2 FmTHF #8 norm,,1.0129074510703,0.0675727530481212
Norm,Experiment2 Met176 #1 norm,,1.00716395423388,0.0241121924747821
Norm,Experiment2 Met176 #2 norm,,0.917270887234738,0.0356670473461792
Norm,Experiment2 Met176 #3 norm,,0.946889532047958,0.034344164056859
Norm,Experiment2 Met176 #4 norm,,0.873358780458398,0.0931301422580064
Norm,Experiment2 Met176 #5 norm,,0.86338016911312,0.0655354540787373
Norm,Experiment2 Met176 #6 norm,,1.01457987511143,0.0337689461478096
Norm,Experiment2 Met176 #7 norm,,0.996891559343313,0.059436573359864
Norm,Experiment2 Met176 #8 norm,,0.993294699863079,0.189375527734535
Norm,Experiment2 SAM #1 norm,,0.994076285235133,0.0143127591117518
Norm,Experiment2 SAM #2 norm,,0.98014818506449,0.0223926067539298
Norm,Experiment2 SAM #3 norm,,0.945846144664791,0.0334840260570374
Norm,Experiment2 SAM #4 norm,,0.93868950966275,0.0412892267257706
Norm,Experiment2 SAM #5 norm,,1.01630757383455,0.0256815648620007
Norm,Experiment2 SAM #6 norm,,0.976342090153313,0.0567660535359789
Norm,Experiment2 SAM #7 norm,,0.979167970732977,0.072142190861531
Norm,Experiment2 SAM #8 norm,,1.0058596873259,0.0682983737138006
Norm,Experiment2 CIT465 #1 norm,,0.980880536210851,0.0124066546882761
Norm,Experiment2 CIT465 #2 norm,,1.03003003023717,0.0108900357033128
Norm,Experiment2 CIT465 #3 norm,,0.964785525941634,0.012320520621415
Norm,Experiment2 CIT465 #4 norm,,0.976517841172777,0.0126275717377549
Norm,Experiment2 CIT465 #5 norm,,0.968861744643942,0.015162617475452
Norm,Experiment2 CIT465 #6 norm,,0.974572704997666,0.0110370599142663
Norm,Experiment2 CIT465 #7 norm,,0.984440802320515,0.0147928666904107
Norm,Experiment2 CIT465 #8 norm,,1.06337307666506,0.0219229650509733
Norm,Experiment2 MAL335 #1 norm,,0.989490448221097,0.0117234109413011
Norm,Experiment2 MAL335 #2 norm,,0.98732202654984,0.0134135620747579
Norm,Experiment2 MAL335 #3 norm,,1.01300747901411,0.0134676605507897
Norm,Experiment2 MAL335 #4 norm,,0.969775925477048,0.0116835501369577
Norm,Experiment2 MAL335 #5 norm,,0.934215993129784,0.0137896919967224
Norm,Experiment2 MAL335 #6 norm,,0.937766874485896,0.0144153224079379
Norm,Experiment2 MAL335 #7 norm,,0.971608597228138,0.020746559535822
Norm,Experiment2 MAL335 #8 norm,,1.01060856005495,0.0465132202890553
Norm,Experiment2 ASP334 #1 norm,,1.02333651986218,0.0164747952234076
Norm,Experiment2 ASP334 #2 norm,,1.01356010552197,0.0246518102780073
Norm,Experiment2 ASP334 #3 norm,,0.993680714908458,0.0177998782168792
Norm,Experiment2 ASP334 #4 norm,,0.974403658266071,0.0220117928503108
Norm,Experiment2 ASP334 #5 norm,,0.914781860588743,0.0226940967972531
Norm,Experiment2 ASP334 #6 norm,,0.986191428144353,0.0576407301993229
Norm,Experiment2 ASP334 #7 norm,,0.969490521850513,0.0698848435784843
Norm,Experiment2 ASP334 #8 norm,,0.993200997242501,0.0423453626798555
Norm,Experiment2 GLU348 #1 norm,,0.974744483881692,0.0115353041427572
Norm,Experiment2 GLU348 #2 norm,,0.965696924136985,0.0120199930524035
Norm,Experiment2 GLU348 #3 norm,,1.00591918463191,0.0119374497970568
Norm,Experiment2 GLU348 #4 norm,,1.01365412404399,0.0156577126562221
Norm,Experiment2 GLU348 #5 norm,,0.956137330810252,0.0276626392846443
Norm,Experiment2 GLU348 #6 norm,,0.995645033568649,0.0154146065509425
Norm,Experiment2 GLU348 #7 norm,,0.940618268206522,0.0224983163230503
Norm,Experiment2 GLU348 #8 norm,,0.882065828521148,0.0519056813701052
Norm,Experiment2 THR320 #1 norm,,1.00258500248709,0.0103818295969584
Norm,Experiment2 THR320 #2 norm,,0.99101737858507,0.0115601135698538
Norm,Experiment2 THR320 #3 norm,,1.01949808273211,0.0104846757152996
Norm,Experiment2 THR320 #4 norm,,0.975330525204855,0.0107449658696288
Norm,Experiment2 THR320 #5 norm,,0.992640218542897,0.0210874777199245
Norm,Experiment2 THR320 #6 norm,,1.01125915172219,0.0111413009413183
Norm,Experiment2 THR320 #7 norm,,0.985018744149068,0.0169282783602786
Norm,Experiment2 THR320 #8 norm,,0.99590063005385,0.0448091132932874
Norm,Experiment2 ALA116 #1 norm,,1.00668242014542,0.00998453453569398
Norm,Experiment2 ALA116 #2 norm,,1.02049975685289,0.0102626330496978
Norm,Experiment2 ALA116 #3 norm,,0.990072376229627,0.0103497305418686
Norm,Experiment2 ALA116 #4 norm,,0.997556654306681,0.0245851112318303
Norm,Experiment2 ALA116 #5 norm,,1.06698842435835,0.0813564578638523
Norm,Experiment2 ALA116 #6 norm,,0.994368347626459,0.0838172786118939
Norm,Experiment2 ALA116 #7 norm,,1.00398875944138,0.0673719147186716
Norm,Experiment2 ALA116 #8 norm,,1.01376856965014,0.152095677837672
Norm,Experiment2 PYR #1 norm,,0.975033835365507,0.0126546823711805
Norm,Experiment2 PYR #2 norm,,0.88500570000874,0.0442680711576106
Norm,Experiment2 PYR #3 norm,,0.92210549462206,0.0604683830117522
Norm,Experiment2 PYR #4 norm,,1.00927468346954,0.0524024665477692
Norm,Experiment2 PYR #5 norm,,1.07757853180998,0.118343518095904
Norm,Experiment2 PYR #6 norm,,0.990934359774617,0.115043114244006
Norm,Experiment2 PYR #7 norm,,1.00128723828032,0.0722132491674887
Norm,Experiment2 PYR #8 norm,,1.00732313827751,0.117522826562225
