type,id,eqn,val,std
Net flux,CO2.t,CO2.t -> CO2,66.0758077829588,1.51286541901847
Net flux,CO2_sink,dummy -> Sink,66.0758077829588,1.51286541901847
Net flux,RUBICSO_CO2,RUBP.p + CO2 -> 3PGA.p + 3PGA.p + dummy,67.2559647309782,1.5173192762366
Net flux,GAPDH.p net,3PGA.p <-> TP.p,137.202623409343,3.02415906355449
Exch flux,GAPDH.p exch,3PGA.p <-> TP.p,34819.2420171421,159.397623133642
Net flux,ALD,TP.p + E4P.p -> SBP,23.1381247690232,0.506940665204839
Net flux,SBP,SBP -> S7P.p,23.1381247690232,0.506940665204839
Net flux,FBA.p net,TP.p + TP.p <-> FBP.p,31.5600887772962,0.770975463415777
Exch flux,FBA.p exch,TP.p + TP.p <-> FBP.p,40793.2807373481,1980.63915439046
Net flux,PFK.p net,FBP.p <-> F6P.p,31.5600887772921,0.770975463415777
Exch flux,PFK.p exch,FBP.p <-> F6P.p,9.99956455416395e-08,8.06669972219241e-13
Net flux,TK1 net,TP.p + EC2 <-> X5P.p,46.2762495380464,1.01388133040968
Exch flux,TK1 exch,TP.p + EC2 <-> X5P.p,1.0000000116861e-07,0
Net flux,TK2 net,S7P.p <-> R5P.p + EC2,23.1381247690232,0.506940665204839
Exch flux,TK2 exch,S7P.p <-> R5P.p + EC2,37.7596652599548,5059.12067669596
Net flux,TK3 net,F6P.p <-> E4P.p + EC2,23.1381247690242,0.506940665204839
Exch flux,TK3 exch,F6P.p <-> E4P.p + EC2,8427.7309593618,4715.75347789753
Net flux,PPE net,X5P.p <-> RU5P.p,46.2762495380464,1.01388133040968
Exch flux,PPE exch,X5P.p <-> RU5P.p,62.4279509313578,3143.75896947352
Net flux,PPI net,R5P.p <-> RU5P.p,23.1381247690232,0.506940665204839
Exch flux,PPI exch,R5P.p <-> RU5P.p,239.23364547651,4729.0393619278
Net flux,PRK,RU5P.p -> RUBP.p,69.4143743070698,1.52082199558786
Net flux,RUBISCO_O2,RUBP.p -> 3PGA.p + 2PG.p,2.15840957609158,0.0848368842978656
Net flux,GLYdil net,GLY.p <-> GLY.x + dummyGLY,0.0118919122677639,0.00144675629399561
Exch flux,GLYdil exch,GLY.p <-> GLY.x + dummyGLY,1.0000000116861e-07,0
Net flux,SERdil net,SER.p <-> SER.x + dummySER,0.0406627446467951,0.0049469703265173
Exch flux,SERdil exch,SER.p <-> SER.x + dummySER,0.15670367155812,0.0672384792678143
Net flux,GK,GA.p -> 3PGA.p,1.02994747899599,0.115668904608864
Net flux,PGI.p net,F6P.p <-> G6P.p,8.42196400826899,0.372309104461325
Exch flux,PGI.p exch,F6P.p <-> G6P.p,1.59372579809836,2740.4648594861
Net flux,PGM.p,G6P.p -> ADPG.p,8.421964008269,0.372309104461325
Net flux,Starch,ADPG.p -> Starch,8.42196400826898,0.372309104461325
Net flux,FBA.c net,TP.c + TP.c <-> FBP.c,2.33403577384162,0.283956093347992
Exch flux,FBA.c exch,TP.c + TP.c <-> FBP.c,24.9006560674987,3375.58336909319
Net flux,PFK.c net,FBP.c <-> F6P.c,2.33403577384164,0.283956093347992
Exch flux,PFK.c exch,FBP.c <-> F6P.c,10.1104455013593,17.4791826253151
Net flux,PGI.c net,F6P.c <-> G6P.c,1.16701788692086,0.141978046673996
Exch flux,PGI.c exch,F6P.c <-> G6P.c,231.772728207594,4169.95582505508
Net flux,PGM.c net,G6P.c <-> UDPG.c,1.16701788691717,0.141978046673996
Exch flux,PGM.c exch,G6P.c <-> UDPG.c,48482.410308818,4169.95582263806
Net flux,SPS,F6P.c + UDPG.c -> S6P,1.16701788692078,0.141978046673996
Net flux,PGAM.c net,3PGA.c <-> PEP.c,0.497663107699092,0.0605451181630884
Exch flux,PGAM.c exch,3PGA.c <-> PEP.c,1.66133614839633,4169.9558230776
Net flux,PK.c,PEP.c -> PYR.c,0.225899652371858,0.0274826904964216
Net flux,PDH,PYR.c + dummy -> ACA + CO2,0.188006581583028,0.0228726633053343
Net flux,CS,OAA + ACA -> CIT,0.188006581583024,0.0228726633053343
Net flux,ACO net,CIT <-> ICI,0.188006581583068,0.0228726633053343
Exch flux,ACO exch,CIT <-> ICI,1236.57292576932,4169.95582263806
Net flux,IDH,ICI + dummy -> AKG + CO2,0.18800658158304,0.0228726633053343
Net flux,MDH net,MAL <-> OAA,7.105427357601e-15,0
Exch flux,MDH exch,MAL <-> OAA,0.271896541710575,0.0464218453109579
Net flux,PPC,PEP.c + CO2 -> OAA + dummy,0.271763455327664,0.0330624277306393
Net flux,T_3PGA net,3PGA.p <-> 3PGA.c,0.497663107699072,0.0605451181630884
Exch flux,T_3PGA exch,3PGA.p <-> 3PGA.c,0.0102366143288002,4846.6435553667
Net flux,T_DHAP net,TP.p <-> TP.c,4.66807154768329,0.567912186695985
Exch flux,T_DHAP exch,TP.p <-> TP.c,6.26949684830429,2.88331603331248
Net flux,ALT,PYR.c -> ALA.c,0.0378930707883437,0.00461002717444231
Net flux,ASPT,OAA -> ASP,0.0837568737443939,0.0101897643972413
Net flux,GLUDH,AKG -> GLU,0.188006581583017,0.0228726633053343
Net flux,PCR net,GLU <-> PRO,-2.48689957516035e-14,0
Exch flux,PCR exch,GLU <-> PRO,1.0000000116861e-07,0
Net flux,GS net,GLU <-> GLN,0,0
Exch flux,GS exch,GLU <-> GLN,1.00042804263012e-07,0
Net flux,TS net,ASP <-> THR,0,0
Exch flux,TS exch,ASP <-> THR,1.0000000116861e-07,0
Net flux,AS net,ASP <-> ASN,1.06581410364015e-14,0
Exch flux,AS exch,ASP <-> ASN,1.0000000116861e-07,0
Net flux,G_3PGA.p,0*3PGA.p -> 3PGA,2.4686631405757e-06,7270.01125752728
Net flux,G_3PGA.c,0*3PGA.c -> 3PGA,92.9119081397084,4902.82086335434
Net flux,G_DHAP.p,0*TP.p -> TP,40.6853798422419,7189.52188725693
Net flux,G_DHAP.c,0*TP.c -> TP,51.8471856996948,4926.97392671093
Net flux,G_F6P.p,0*F6P.p -> F6P,48.6686345030749,6748.77131947214
Net flux,G_F6P.c,0*F6P.c -> F6P,36.546576817712,4727.78204619784
Net flux,G_FBP.p,0*FBP.p -> FBP,2.46866146369484e-06,7198.18456726127
Net flux,G_FBP.c,0*FBP.c -> FBP,83.451231047928,4676.34574544897
Net flux,G_G6P.p,0*G6P.p -> G6P,19.0549768397257,6857.1245405451
Net flux,G_G6P.c,0*G6P.c -> G6P,58.8549499993083,4574.99914281694
Net flux,G_RU5P.p,0*RU5P.p -> P5P,2.46865387865114e-06,6984.00231129777
Net flux,G_X5P.p,0*X5P.p -> P5P,92.8477691490632,5020.70822346239
Net flux,G_R5P.p,0*R5P.p -> R5P,82.2810779884949,5162.9975453848
Net flux,G_GA.p,0*GA.p -> GA,30.8774453147366,5.13569164988635
Net flux,G_SER.p,0*SER.p -> SER,99.9241096929056,7299.15577243071
Net flux,G_GLY.p,0*GLY.p -> GLY,1.69288006351594,5249.44367098116
Net flux,G_RUBP.p,0*RUBP.p -> RUBP,92.5302752673063,5131.70385453268
Net flux,G_S7P.p,0*S7P.p -> S7P,98.4567310636212,5387.04361514265
Net flux,G_2PG.p,0*2PG.p -> 2PG,87.0427532706349,4882.89845553273
Net flux,G_ADPG.p,0*ADPG.p -> ADPG,95.0805622183481,4897.10630416162
Net flux,G_PEP.c,0*PEP.c -> PEP,89.2305410445615,4977.78023206661
Net flux,G_UDPG.c,0*UDPG.c -> UDPG,72.4268033045549,5025.8744833041
Net flux,G_ALA.c,0*ALA.c -> ALA,68.2403679626507,6.41059038152568
Net flux,(1-G)_GA,0*GA.x -> GA,69.1225546852654,5.13569164988635
Net flux,(1-G)_SER,0*SER.x -> SER,0.075889576824995,5115.22903874845
Net flux,(1-G)_GLY,0*GLY.x -> GLY,53.0132358216953,9.67988272070884
Net flux,(1-G)_R5P,0*R5P.x -> R5P,17.718922011502,5162.9975453848
Net flux,(1-G)_RUBP,0*RUBP.x -> RUBP,7.46972473269241,5131.70385453268
Net flux,(1-G)_3PGA,0*3PGA.x -> 3PGA,7.0880893916287,5313.50129649375
Net flux,(1-G)_TP,0*TP.x -> TP,7.46743445806384,5094.43493366133
Net flux,(1-G)_F6P,0*F6P.x -> F6P,14.7847886792169,5032.82088481676
Net flux,(1-G)_FBP,0*FBP.x -> FBP,16.5487664834053,5392.38824251442
Net flux,(1-G)_G6P,0*G6P.x -> G6P,22.0900731609643,5065.57638125562
Net flux,(1-G)_RU5P,0*RU5P.x -> P5P,7.15222838228432,5042.3306625912
Net flux,(1-G)_S7P,0*S7P.x -> S7P,1.5432689363768,5387.04361514265
Net flux,(1-G)_2PG,0*2PG.x -> 2PG,12.9572467293675,4882.89845553273
Net flux,(1-G)_ADPG,0*ADPG.x -> ADPG,4.91943778165087,4897.10630416162
Net flux,(1-G)_PEP,0*PEP.x -> PEP,10.7694589554367,4977.78023206661
Net flux,(1-G)_UDPG,0*UDPG.x -> UDPG,27.5731966954463,5025.8744833041
Net flux,(1-G)_ALA,0*ALA.x -> ALA,31.7596320373491,6.41059038152568
Net flux,PGASink,3PGA -> Sink,100,0
Net flux,DHAPSink,TP -> Sink,100.000000000001,0
Net flux,F6PSink,F6P -> Sink,100.000000000004,0
Net flux,FBPSink,FBP -> Sink,99.9999999999948,0
Net flux,G6PSink,G6P -> Sink,99.9999999999983,0
Net flux,P5PSink,P5P -> Sink,100.000000000001,0
Net flux,R5PSink,R5P -> Sink,99.9999999999968,0
Net flux,GASink,GA -> Sink,100.000000000002,0
Net flux,SERSink,SER -> Sink,99.9999999999996,0
Net flux,GLYSink,GLY -> Sink,100.000000000001,0
Net flux,RUBPSink,RUBP -> Sink,99.9999999999987,0
Net flux,S7PSink,S7P -> Sink,99.9999999999979,0
Net flux,2PGSink,2PG -> Sink,100.000000000002,0
Net flux,ADPGSink,ADPG -> Sink,99.9999999999989,0
Net flux,PEPSink,PEP -> Sink,99.9999999999983,0
Net flux,UDPGSink,UDPG -> Sink,100.000000000001,0
Net flux,ALASink,ALA -> Sink,99.9999999999998,0
Net flux,S6Pout-LL,S6P + 0.1611*GLU + 0.07177*ASP + 0.03247*ALA.c + 0.01019*dummyGLY + 0.03484*dummySER -> Sink,1.16701788692081,0.141978046673996
Net flux,PGP.p,2PG.p -> Glyc.p,2.1584095760916,0.0848368842978656
Net flux,GOX,Glyc.p -> Glyx.p,2.15840957609161,0.0848368842978656
Net flux,GGT,Glyx.p -> GLY.p,2.1584095760916,0.0848368842978656
Net flux,SGAT,SER.p -> HPA.p,1.02994747899598,0.115668904608864
Net flux,HPR.p,HPA.p -> GA.p,1.02994747899597,0.115668904608864
Net flux,T_GLY-m net,GLY.p <-> GLY.m,1.41173554495981,5267.3725913396
Exch flux,T_GLY-m exch,GLY.p <-> GLY.m,22512.5812171494,4702.83014135074
Net flux,GDC.m,GLY.m + dummy -> myTHF.m + CO2,1.07590724018065,0.116174510724405
Net flux,T_SER-m net,SER.p <-> SER.m,-1.0759072401807,0.116174510724405
Exch flux,T_SER-m exch,SER.p <-> SER.m,482.017912109572,4668.7131011438
Net flux,mSHMT,GLY.m + myTHF.m -> SER.m,1.07590724018065,0.116174510724405
Net flux,T_SER-c net,SER.p <-> SER.c,0.00529701653786852,0.215701731471016
Exch flux,T_SER-c exch,SER.p <-> SER.c,0.162417685171051,2892.13583897973
Net flux,T_Gly-c net,GLY.p <-> GLY.c,0.734782118860962,5267.37259110401
Exch flux,T_Gly-c exch,GLY.p <-> GLY.c,0.132754490877416,5267.37257643396
Net flux,cSHMT,SER.c -> GLY.c + meTHF.c,0.00529691653778619,0.215701731740568
Net flux,FmTHF-reductase net,meTHF.c <-> FmTHF.c,0.00529691653778741,0.215701731740568
Exch flux,FmTHF-reductase exch,meTHF.c <-> FmTHF.c,8.58800652004562,4774.09702571877
Net flux,Met-synthase,FmTHF.c + Hcy.c -> Met.c,0.00529691653776654,0.215701731740568
Net flux,SAM-synthase,Met.c -> SAM.c,0.00529691653777586,0.215701731740568
Net flux,Methylation,SAM.c -> SAH.c + Acceptor.c,0.00529691653777098,0.215701731740568
Net flux,hydrolysis,SAH.c -> Hcy.c,0.00529691653776321,0.215701731740568
Net flux,G_SER.m,0*SER.m -> SER,1.0000000116861e-07,0
Net flux,G_SER.c,0*SER.c -> SER,6.30268953472068e-07,5148.72268410134
Net flux,G_Gly.m,0*GLY.m -> GLY,9.5431872821905e-05,5249.44324341622
Net flux,G_Gly.c,0*GLY.c -> GLY,45.2937886829172,10.0684444398712
Net flux,T_GLY-c-m,GLY.c -> GLY.m,0.740078935398451,5267.37258321596
Net flux,G_Glyc,0*Glyc.p -> Glyc,7.08238898950577,1.10831921175484
Net flux,G_Glyx,0*Glyx.p -> Glyx,98.6723359911791,5072.17048054519
Net flux,G_HPA,0*HPA.p -> HPA,7.42189797616489,2.275486490291
Net flux,(1-G)_Glyc,0*Glyc.x -> Glyc,92.9176110104949,1.10831921175484
Net flux,(1-G)_Glyx,0*Glyx.x -> Glyx,1.32766400882172,5072.17048054519
Net flux,(1-G)_HPA,0*HPA.x -> HPA,92.578102023835,2.275486490291
Net flux,GlycSink,Glyc -> Sink,100.000000000001,0
Net flux,GlyxSink,Glyx -> Sink,100.000000000001,0
Net flux,HPASink,HPA -> Sink,99.9999999999998,0
Net flux,SERex,dummySER -> outSER,1.00008286540998e-07,2.20159554423139e-12
Net flux,G_PYR,0*PYR.c -> PYR,37.6323901542127,2.76612196970576
Net flux,(1-G)_PYR,0*PYR.x -> PYR,62.3676098457875,2.76612196970576
Net flux,PYRSink,PYR -> Sink,100,0
Net flux,G_meTHF,0*meTHF.c -> meTHF,99.9999998999999,0
Net flux,G_FmTHF,0*FmTHF.c -> FmTHF,79.9143205889508,4.78988381733448
Net flux,G_Met,0*Met.c -> Met,66.4730589156248,4.99033470006199
Net flux,G_SAM,0*SAM.c -> SAM,58.7736588473829,5.34935138756797
Net flux,(1-G)_meTHF,0*meTHF.x -> meTHF,1.0000000116861e-07,0
Net flux,(1-G)_FmTHF,0*FmTHF.x -> FmTHF,20.0856794110493,4.78988381733448
Net flux,(1-G)_Met,0*Met.x -> Met,33.5269410843753,4.99033470006199
Net flux,(1-G)_SAM,0*SAM.x -> SAM,41.2263411526171,5.34935138756797
Net flux,meTHFSink,meTHF -> Sink,99.9999999999999,0
Net flux,FmTHFSink,FmTHF -> Sink,100,0
Net flux,MetSink,Met -> Sink,100,0
Net flux,SAMsink,SAM -> Sink,100,0
Net flux,Met-protein,Met.c -> Protein,6.51983996113883e-15,0
Net flux,GLY-protein,GLY.c -> Protein,1.00000324465555e-07,1.91802559755768e-13
Net flux,SER-protein,SER.c -> Protein,1.00000083769203e-07,8.77772125879562e-13
Pool,2PG pool,,0,0
Pool,2PG.p pool,,3.26718887078809e-06,4933.62290571208
Pool,2PG.x pool,,1,Inf
Pool,3PGA pool,,0,0
Pool,3PGA.c pool,,0.022088054294455,0.00504045761331686
Pool,3PGA.p pool,,4.04154013101365e-06,4931.25976517659
Pool,3PGA.x pool,,1,Inf
Pool,ACA pool,,1.05606494631774e-06,4869.59037805391
Pool,ADPG pool,,0,0
Pool,ADPG.p pool,,9.9999999999999e-08,Inf
Pool,ADPG.x pool,,1,Inf
Pool,AKG pool,,1.11727687536964e-06,4854.58528246837
Pool,ALA pool,,0,0
Pool,ALA.c pool,,0.00649322269751515,0.00192830595304402
Pool,ALA.x pool,,1,Inf
Pool,ASN pool,,7566.06819374074,4946.4844397555
Pool,ASP pool,,1.00000000000002e-07,0
Pool,Acceptor.c pool,,1,Inf
Pool,CIT pool,,2.29757406608761,0.556736829663583
Pool,CO2 pool,,0.00018569551703944,5006.37553487946
Pool,CO2.t pool,,1,Inf
Pool,E4P.p pool,,0,0
Pool,EC2 pool,,0,0
Pool,F6P pool,,0,0
Pool,F6P.c pool,,3.8297457095002e-06,4762.49294051857
Pool,F6P.p pool,,3.83446349877409e-06,5174.65154777713
Pool,F6P.x pool,,1,Inf
Pool,FBP pool,,0,0
Pool,FBP.c pool,,3.82369127352184e-06,4959.89429483767
Pool,FBP.p pool,,3.8067491367739e-06,4859.01957057359
Pool,FBP.x pool,,1,Inf
Pool,FmTHF pool,,3.42298785056477,1.86169422834662
Pool,FmTHF.c pool,,1e-07,0
Pool,FmTHF.x pool,,1,Inf
Pool,G6P pool,,0,0
Pool,G6P.c pool,,9.87557792255315e-06,4831.80219171008
Pool,G6P.p pool,,3.83782481107394e-06,5097.56201048705
Pool,G6P.x pool,,1,Inf
Pool,GA pool,,0,0
Pool,GA.p pool,,2.84114132969453e-06,4993.34662696878
Pool,GA.x pool,,1,Inf
Pool,GLN pool,,8.83867754941736,4817.24233859628
Pool,GLU pool,,1.11731030708914e-06,4848.54339841934
Pool,GLY pool,,0,0
Pool,GLY.c pool,,0.245265706194789,0.107663133965578
Pool,GLY.m pool,,9.99999999994061e-08,0
Pool,GLY.p pool,,0.000144023972823644,5059.44021189823
Pool,GLY.x pool,,1,Inf
Pool,Glyc pool,,2.42146379813517,1.41020571231791
Pool,Glyc.p pool,,1.09479491873449e-05,4685.47021254965
Pool,Glyc.x pool,,1,Inf
Pool,Glyx pool,,760.074440190451,235.737536215169
Pool,Glyx.p pool,,1.29310063918726e-05,5053.428838567
Pool,Glyx.x pool,,1,Inf
Pool,HPA pool,,0.0001758330061459,4763.33907115621
Pool,HPA.p pool,,2.24514160375903e-06,4772.17118024412
Pool,HPA.x pool,,1,Inf
Pool,Hcy.c pool,,1,Inf
Pool,ICI pool,,0.00485895416640987,4970.22629297383
Pool,MAL pool,,0.869514748365065,0.263200042716752
Pool,Met pool,,0.00111213821794282,4824.90045305377
Pool,Met.c pool,,1.65469848115626e-07,4943.72585136552
Pool,Met.x pool,,1,Inf
Pool,OAA pool,,0.169392502794686,0.0282565804783898
Pool,P5P pool,,0,0
Pool,PEP pool,,0,0
Pool,PEP.c pool,,1.07519066271607e-05,4823.69766326293
Pool,PEP.x pool,,1,Inf
Pool,PRO pool,,5.39499638324527,4819.16414147721
Pool,PYR pool,,1.00000001758797e-07,4829.38866500956
Pool,PYR.c pool,,0.00643519118720015,0.00286048786533956
Pool,PYR.x pool,,1,Inf
Pool,Protein pool,,1,Inf
Pool,R5P pool,,0,0
Pool,R5P.p pool,,3.0702961842236e-05,4501.80126487111
Pool,R5P.x pool,,1,Inf
Pool,RU5P.p pool,,3.78851802997062e-06,4710.93646890667
Pool,RU5P.x pool,,1,Inf
Pool,RUBP pool,,0,0
Pool,RUBP.p pool,,3.80954356622661e-06,4862.14718212223
Pool,RUBP.x pool,,1,Inf
Pool,S6P pool,,1,Inf
Pool,S7P pool,,0,0
Pool,S7P.p pool,,3.96117029615227e-06,4931.42400302276
Pool,S7P.x pool,,1,Inf
Pool,SAH.c pool,,1,Inf
Pool,SAM pool,,5.83216484529289,3.64185057974627
Pool,SAM.c pool,,1.77051666549058e-06,4835.5876127829
Pool,SAM.x pool,,1,Inf
Pool,SBP pool,,0,0
Pool,SER pool,,0,0
Pool,SER.c pool,,1.00000000002876e-07,0
Pool,SER.m pool,,0.439892787867121,0.0766512512830847
Pool,SER.p pool,,0.00194375276013869,4938.93932615218
Pool,SER.x pool,,1,Inf
Pool,Sink pool,,1,Inf
Pool,Starch pool,,1,Inf
Pool,THR pool,,3889.78125278984,5169.41385531648
Pool,TP pool,,0,0
Pool,TP.c pool,,4.18004577321779e-06,4840.33532177462
Pool,TP.p pool,,4.18638815087333e-06,5019.56625584529
Pool,TP.x pool,,1,Inf
Pool,UDPG pool,,0,0
Pool,UDPG.c pool,,1.29765538964566,0.502067132773601
Pool,UDPG.x pool,,1,Inf
Pool,X5P.p pool,,3.89449221512597e-06,5278.06989778147
Pool,dummy pool,,1,Inf
Pool,dummyGLY pool,,1,Inf
Pool,dummySER pool,,1,Inf
Pool,meTHF pool,,0.000674231592985538,4814.17491135063
Pool,meTHF.c pool,,1e-07,0
Pool,meTHF.x pool,,1,Inf
Pool,myTHF.m pool,,3.3418832314069e-05,4787.86556216908
Pool,outSER pool,,1,Inf
Norm,Experiment2 Glyc205 #1 norm,,1.00749829408983,0.0348407377873661
Norm,Experiment2 Glyc205 #2 norm,,0.998170840535246,0.0186505475690678
Norm,Experiment2 Glyc205 #3 norm,,0.974959566286551,0.0230508268521663
Norm,Experiment2 Glyc205 #4 norm,,0.995740945767442,0.0206769178377628
Norm,Experiment2 Glyc205 #5 norm,,0.992639350393982,0.0228533608827867
Norm,Experiment2 Glyc205 #6 norm,,0.961432427807251,0.0243510943931246
Norm,Experiment2 Glyc205 #7 norm,,1.06700805610607,0.0363360684254126
Norm,Experiment2 Glyc205 #8 norm,,0.881320320534993,0.092326414392437
Norm,Experiment2 Glyx160 #1 norm,,0.995276344735432,0.0110993963180183
Norm,Experiment2 Glyx160 #2 norm,,0.956772724138022,0.011324764909106
Norm,Experiment2 Glyx160 #3 norm,,0.999247042586708,0.012537481649978
Norm,Experiment2 Glyx160 #4 norm,,1.01203153267251,0.0160770359044175
Norm,Experiment2 Glyx160 #5 norm,,1.01964684753143,0.0144747020003727
Norm,Experiment2 Glyx160 #6 norm,,0.995237319305398,0.0209952360123455
Norm,Experiment2 Glyx160 #7 norm,,1.02030988087511,0.0327445201312139
Norm,Experiment2 Glyx160 #8 norm,,0.926047829538173,0.123619013445064
Norm,Experiment2 GLY276 #1 norm,,1.01518197241783,0.0107146161115829
Norm,Experiment2 GLY276 #2 norm,,0.926479331751059,0.0220844095365726
Norm,Experiment2 GLY276 #3 norm,,1.00239837860132,0.0191783913916267
Norm,Experiment2 GLY276 #4 norm,,1.04675276387573,0.0193155683297369
Norm,Experiment2 GLY276 #5 norm,,0.99303932651517,0.0400530791474365
Norm,Experiment2 GLY276 #6 norm,,0.954613863483634,0.0787102969776635
Norm,Experiment2 GLY276 #7 norm,,0.987107393078576,0.184442869753702
Norm,Experiment2 GLY276 #8 norm,,0.991646351642214,0.18469834765478
Norm,Experiment2 HPA262 #1 norm,,0.978775569653453,0.0197025583431783
Norm,Experiment2 HPA262 #2 norm,,0.928882058434812,0.0226879918920711
Norm,Experiment2 HPA262 #3 norm,,0.954576077880064,0.0237712063528468
Norm,Experiment2 HPA262 #4 norm,,0.93323285655422,0.0293633038871579
Norm,Experiment2 HPA262 #5 norm,,0.956515301644388,0.0225330728416337
Norm,Experiment2 HPA262 #6 norm,,0.964961539695071,0.0284130179418594
Norm,Experiment2 HPA262 #7 norm,,0.975298682891376,0.0236040995274809
Norm,Experiment2 HPA262 #8 norm,,1.01727662901965,0.0419416179550147
Norm,Experiment2 GA307 #1 norm,,0.991636350836401,0.0108624040259702
Norm,Experiment2 GA307 #2 norm,,0.931817390090589,0.0290867335693854
Norm,Experiment2 GA307 #3 norm,,0.935430389901889,0.0211874481395261
Norm,Experiment2 GA307 #4 norm,,0.967729456821221,0.0267398005069041
Norm,Experiment2 GA307 #5 norm,,0.860727193859592,0.0744914365811858
Norm,Experiment2 GA307 #6 norm,,0.765717132215986,0.114531036594079
Norm,Experiment2 GA307 #7 norm,,0.993892966710775,0.0868626883789003
Norm,Experiment2 GA307 #8 norm,,0.919076476634552,0.117018155912503
Norm,Experiment2 SER306 #1 norm,,0.987321049792438,0.0124973442115053
Norm,Experiment2 SER306 #2 norm,,1.00985944286214,0.0355047853368229
Norm,Experiment2 SER306 #3 norm,,1.0589062317076,0.0221647149332179
Norm,Experiment2 SER306 #4 norm,,1.00439261656196,0.0252050129674308
Norm,Experiment2 SER306 #5 norm,,1.00593032756542,0.0580790211998686
Norm,Experiment2 SER306 #6 norm,,0.990417796899705,0.115965726453882
Norm,Experiment2 SER306 #7 norm,,1.03455461406446,0.0843075493627005
Norm,Experiment2 SER306 #8 norm,,0.975385702653611,0.110847601543506
Norm,Experiment2 meTHF #1 norm,,0.991939157456138,0.00994432499031451
Norm,Experiment2 meTHF #2 norm,,0.982923475293544,0.0144295451153243
Norm,Experiment2 meTHF #3 norm,,0.966529003000417,0.0255878909678495
Norm,Experiment2 meTHF #4 norm,,1.03472126165907,0.0274465203024312
Norm,Experiment2 meTHF #5 norm,,1.01149998901303,0.0782088729779069
Norm,Experiment2 meTHF #6 norm,,0.951929734326775,0.133548834217366
Norm,Experiment2 meTHF #7 norm,,1.00075478187618,0.190356245396821
Norm,Experiment2 meTHF #8 norm,,1.01793711271301,0.0664285407542718
Norm,Experiment2 FmTHF #1 norm,,0.994779000495694,0.00973624229525114
Norm,Experiment2 FmTHF #2 norm,,0.99473741288267,0.0116183433826896
Norm,Experiment2 FmTHF #3 norm,,1.0117313123185,0.0116278951580485
Norm,Experiment2 FmTHF #4 norm,,1.00274358793513,0.0225089646123889
Norm,Experiment2 FmTHF #5 norm,,0.969394790958396,0.0389859571313705
Norm,Experiment2 FmTHF #6 norm,,0.985591114587012,0.0635903354067451
Norm,Experiment2 FmTHF #7 norm,,1.01309642322164,0.112021961055542
Norm,Experiment2 FmTHF #8 norm,,0.999718192433149,0.0576352936350926
Norm,Experiment2 Met176 #1 norm,,1.01143285950508,0.0251891249596314
Norm,Experiment2 Met176 #2 norm,,0.91980790751815,0.0362316601935646
Norm,Experiment2 Met176 #3 norm,,0.916707866297377,0.0329089107261669
Norm,Experiment2 Met176 #4 norm,,0.88238134321138,0.0769815583941031
Norm,Experiment2 Met176 #5 norm,,0.96799333983734,0.0770932758664606
Norm,Experiment2 Met176 #6 norm,,1.01691932557664,0.0342697641076816
Norm,Experiment2 Met176 #7 norm,,1.00871619948138,0.0575207609778985
Norm,Experiment2 Met176 #8 norm,,0.991113435863648,0.187571134018776
Norm,Experiment2 SAM #1 norm,,1.00356378607319,0.0145070025251706
Norm,Experiment2 SAM #2 norm,,1.01006779277575,0.0225869116540362
Norm,Experiment2 SAM #3 norm,,0.942103271386915,0.0335512473796445
Norm,Experiment2 SAM #4 norm,,0.961970534269217,0.0430957989810281
Norm,Experiment2 SAM #5 norm,,1.01146890306421,0.0259165581538083
Norm,Experiment2 SAM #6 norm,,0.978749885662459,0.0565666925426311
Norm,Experiment2 SAM #7 norm,,0.999851431810119,0.0659091640901707
Norm,Experiment2 SAM #8 norm,,1.0003766654243,0.0670168313647231
Norm,Experiment2 CIT465 #1 norm,,1.00229176206499,0.0126456240706521
Norm,Experiment2 CIT465 #2 norm,,0.999799021822902,0.0106231732005839
Norm,Experiment2 CIT465 #3 norm,,0.957932642180599,0.0129375526184952
Norm,Experiment2 CIT465 #4 norm,,0.947657216213098,0.012172461103635
Norm,Experiment2 CIT465 #5 norm,,0.975849297645285,0.0157345209597698
Norm,Experiment2 CIT465 #6 norm,,0.986020353142412,0.0114858048099469
Norm,Experiment2 CIT465 #7 norm,,0.981602231628297,0.0147538616523823
Norm,Experiment2 CIT465 #8 norm,,1.05250155680542,0.0214806483762787
Norm,Experiment2 MAL335 #1 norm,,0.976280940675607,0.0116556732304376
Norm,Experiment2 MAL335 #2 norm,,0.995616866700251,0.0136425026190588
Norm,Experiment2 MAL335 #3 norm,,0.9753334651358,0.0126800808958821
Norm,Experiment2 MAL335 #4 norm,,0.96484454483218,0.0114083752679033
Norm,Experiment2 MAL335 #5 norm,,0.976726358379836,0.0150790337119748
Norm,Experiment2 MAL335 #6 norm,,0.971879643936884,0.0148840381308419
Norm,Experiment2 MAL335 #7 norm,,0.98500182265067,0.0207232523780865
Norm,Experiment2 MAL335 #8 norm,,1.01334059301377,0.0428877625611518
Norm,Experiment2 ASP334 #1 norm,,0.972804778290667,0.0155606312633459
Norm,Experiment2 ASP334 #2 norm,,0.982701360121307,0.0235003049707472
Norm,Experiment2 ASP334 #3 norm,,0.935502726515307,0.0169346836130256
Norm,Experiment2 ASP334 #4 norm,,0.980126681772794,0.0217529669846073
Norm,Experiment2 ASP334 #5 norm,,0.987513337066251,0.0250205666125747
Norm,Experiment2 ASP334 #6 norm,,0.981813001088203,0.0535869977065344
Norm,Experiment2 ASP334 #7 norm,,0.990487175160155,0.0548346895355153
Norm,Experiment2 ASP334 #8 norm,,0.959754839750166,0.0346110276192694
Norm,Experiment2 GLU348 #1 norm,,1.05448787282977,0.0124614547887084
Norm,Experiment2 GLU348 #2 norm,,1.00028358082847,0.0123406198403688
Norm,Experiment2 GLU348 #3 norm,,1.02053545346233,0.0122454228112639
Norm,Experiment2 GLU348 #4 norm,,1.01811212441606,0.01565844243398
Norm,Experiment2 GLU348 #5 norm,,0.926334305172014,0.0293589660498043
Norm,Experiment2 GLU348 #6 norm,,0.947918595070983,0.0145046132242355
Norm,Experiment2 GLU348 #7 norm,,0.896239672308607,0.020627637096911
Norm,Experiment2 GLU348 #8 norm,,0.924116765018136,0.0533144020837612
Norm,Experiment2 THR320 #1 norm,,0.990161297624401,0.010146726134432
Norm,Experiment2 THR320 #2 norm,,0.97975686363291,0.0116486943875312
Norm,Experiment2 THR320 #3 norm,,1.01506165513586,0.0105347913554448
Norm,Experiment2 THR320 #4 norm,,0.966457459018534,0.0108670992595012
Norm,Experiment2 THR320 #5 norm,,0.982550648488729,0.0207801293788539
Norm,Experiment2 THR320 #6 norm,,0.972367747355542,0.0106102711711461
Norm,Experiment2 THR320 #7 norm,,1.02094923987165,0.0146152781060818
Norm,Experiment2 THR320 #8 norm,,0.88986897023125,0.0332616206983294
Norm,Experiment2 ALA116 #1 norm,,0.998881838510503,0.0100285735043698
Norm,Experiment2 ALA116 #2 norm,,1.00302980478449,0.0101375508251975
Norm,Experiment2 ALA116 #3 norm,,1.02793347676462,0.0108629268347089
Norm,Experiment2 ALA116 #4 norm,,1.02027036536463,0.0262132826040011
Norm,Experiment2 ALA116 #5 norm,,1.05964216146394,0.0796491682622566
Norm,Experiment2 ALA116 #6 norm,,0.984878751793062,0.0755299474197571
Norm,Experiment2 ALA116 #7 norm,,1.00506783931599,0.0713697370979048
Norm,Experiment2 ALA116 #8 norm,,0.845313020930171,0.19742005508169
Norm,Experiment2 PYR #1 norm,,0.980994099646991,0.0122805106181126
Norm,Experiment2 PYR #2 norm,,0.880821028740001,0.0462959814525708
Norm,Experiment2 PYR #3 norm,,0.908424710501628,0.0589875491633273
Norm,Experiment2 PYR #4 norm,,1.05414202807852,0.0587184766999562
Norm,Experiment2 PYR #5 norm,,0.978096348073488,0.118092485868552
Norm,Experiment2 PYR #6 norm,,1.00862132245632,0.112853449126907
Norm,Experiment2 PYR #7 norm,,1.00657179912476,0.0743229152718766
Norm,Experiment2 PYR #8 norm,,0.937371230079275,0.119173986134423
