type,id,eqn,val,std
Net flux,CO2.t,CO2.t -> CO2,66.3876027260519,1.47282808642605
Net flux,CO2_sink,dummy -> Sink,66.3876027260518,1.47282808642605
Net flux,RUBICSO_CO2,RUBP.p + CO2 -> 3PGA.p + 3PGA.p + dummy,68.242182202573,1.47700684547293
Net flux,GAPDH.p net,3PGA.p <-> TP.p,138.294906613775,2.98233529426745
Exch flux,GAPDH.p exch,3PGA.p <-> TP.p,1.0000099592844e-07,0.0826546256314919
Net flux,ALD,TP.p + E4P.p -> SBP,23.4852919030801,0.493708002618464
Net flux,SBP,SBP -> S7P.p,23.4852919030801,0.493708002618464
Net flux,FBA.p net,TP.p + TP.p <-> FBP.p,30.9789958517249,0.783149295517397
Exch flux,FBA.p exch,TP.p + TP.p <-> FBP.p,21294.1652563558,10.1268349962125
Net flux,PFK.p net,FBP.p <-> F6P.p,30.978995851728,0.783149295517397
Exch flux,PFK.p exch,FBP.p <-> F6P.p,1.00006403158659e-07,1.12391400527012e-14
Net flux,TK1 net,TP.p + EC2 <-> X5P.p,46.9705838061602,0.987416005236928
Exch flux,TK1 exch,TP.p + EC2 <-> X5P.p,9.99999976158961e-08,0
Net flux,TK2 net,S7P.p <-> R5P.p + EC2,23.4852919030801,0.493708002618464
Exch flux,TK2 exch,S7P.p <-> R5P.p + EC2,38.3552143945529,14.7365082674284
Net flux,TK3 net,F6P.p <-> E4P.p + EC2,23.4852919030791,0.493708002618464
Exch flux,TK3 exch,F6P.p <-> E4P.p + EC2,7816.24663896875,14.1991655232123
Net flux,PPE net,X5P.p <-> RU5P.p,46.9705838061601,0.987416005236928
Exch flux,PPE exch,X5P.p <-> RU5P.p,61.4697387331684,15.1322562858126
Net flux,PPI net,R5P.p <-> RU5P.p,23.4852919030802,0.493708002618464
Exch flux,PPI exch,R5P.p <-> RU5P.p,248.869012015856,17.4521363818822
Net flux,PRK,RU5P.p -> RUBP.p,70.4558757092404,1.48112400785539
Net flux,RUBISCO_O2,RUBP.p -> 3PGA.p + 2PG.p,2.21369350666732,0.0849648401652766
Net flux,GLYdil net,GLY.p <-> GLY.x + dummyGLY,0.0149819473647526,0.00174492111684964
Exch flux,GLYdil exch,GLY.p <-> GLY.x + dummyGLY,1.0000000116861e-07,0
Net flux,SERdil net,SER.p <-> SER.x + dummySER,0.171839364136645,0.266621017055876
Exch flux,SERdil exch,SER.p <-> SER.x + dummySER,9.99851152982956e-08,2.13284511234723e-14
Net flux,GK,GA.p -> 3PGA.p,0.223826291189521,0.438764761411112
Net flux,PGI.p net,F6P.p <-> G6P.p,7.49370394864921,0.444870850512186
Exch flux,PGI.p exch,F6P.p <-> G6P.p,9.99969209658502e-08,3.02325280343068e-15
Net flux,PGM.p,G6P.p -> ADPG.p,7.49370394864921,0.444870850512186
Net flux,Starch,ADPG.p -> Starch,7.49370394864919,0.444870850512186
Net flux,FBA.c net,TP.c + TP.c <-> FBP.c,2.94051960053913,0.342477157379715
Exch flux,FBA.c exch,TP.c + TP.c <-> FBP.c,21.4870431038037,8.08439192735239
Net flux,PFK.c net,FBP.c <-> F6P.c,2.94051960053915,0.342477157379715
Exch flux,PFK.c exch,FBP.c <-> F6P.c,9.25401692622888,10.1065856919473
Net flux,PGI.c net,F6P.c <-> G6P.c,1.47025980026962,0.171238578689857
Exch flux,PGI.c exch,F6P.c <-> G6P.c,209.474094238141,11.6335528880235
Net flux,PGM.c net,G6P.c <-> UDPG.c,1.47025980026228,0.171238578689857
Exch flux,PGM.c exch,G6P.c <-> UDPG.c,48477.5641243647,14.702539013533
Net flux,SPS,F6P.c + UDPG.c -> S6P,1.47025980026953,0.171238578689857
Net flux,PGAM.c net,3PGA.c <-> PEP.c,0.626977589227218,0.0730229794965027
Exch flux,PGAM.c exch,3PGA.c <-> PEP.c,0.46613584211876,15.3381121442465
Net flux,PK.c,PEP.c -> PYR.c,0.284598189538351,0.0331466516769958
Net flux,PDH,PYR.c + dummy -> ACA + CO2,0.236858853823111,0.0275865350269361
Net flux,CS,OAA + ACA -> CIT,0.236858853823107,0.0275865350269361
Net flux,ACO net,CIT <-> ICI,0.236858853822923,0.0275865350269361
Exch flux,ACO exch,CIT <-> ICI,2301.95207518157,10.8253606071089
Net flux,IDH,ICI + dummy -> AKG + CO2,0.236858853823123,0.0275865350269361
Net flux,MDH net,MAL <-> OAA,7.105427357601e-15,0
Exch flux,MDH exch,MAL <-> OAA,1.34697545206564e-05,0.938427126921063
Net flux,PPC,PEP.c + CO2 -> OAA + dummy,0.342379399689299,0.0398763278195073
Net flux,T_3PGA net,3PGA.p <-> 3PGA.c,0.626977589227202,0.0730229794965027
Exch flux,T_3PGA exch,3PGA.p <-> 3PGA.c,2.20030766366651,2.07779771403341
Net flux,T_DHAP net,TP.p <-> TP.c,5.88103920107831,0.68495431475943
Exch flux,T_DHAP exch,TP.p <-> TP.c,1.64293897490246,0.742612515933498
Net flux,ALT,PYR.c -> ALA.c,0.047739335714753,0.00556011665005973
Net flux,ASPT,OAA -> ASP,0.105520545865377,0.0122897927925711
Net flux,GLUDH,AKG -> GLU,0.2368588538231,0.0275865350269361
Net flux,PCR net,GLU <-> PRO,-2.48689957516035e-14,0
Exch flux,PCR exch,GLU <-> PRO,1.0000000116861e-07,0
Net flux,GS net,GLU <-> GLN,0,0
Exch flux,GS exch,GLU <-> GLN,1.00064703190128e-07,0
Net flux,TS net,ASP <-> THR,0,0
Exch flux,TS exch,ASP <-> THR,7.63400408558823e-05,3.82772236456331
Net flux,AS net,ASP <-> ASN,1.06581410364015e-14,0
Exch flux,AS exch,ASP <-> ASN,0.0547351754376102,0.0146685728030957
Net flux,G_3PGA.p,0*3PGA.p -> 3PGA,2.1022374170343e-06,22.3066009890594
Net flux,G_3PGA.c,0*3PGA.c -> 3PGA,92.9119084889662,16.4260375763385
Net flux,G_DHAP.p,0*TP.p -> TP,40.6853798422514,19.8358446675769
Net flux,G_DHAP.c,0*TP.c -> TP,51.8471856998323,15.4167164325142
Net flux,G_F6P.p,0*F6P.p -> F6P,48.6686345032613,19.968337733879
Net flux,G_F6P.c,0*F6P.c -> F6P,36.5465768177337,13.6238700162684
Net flux,G_FBP.p,0*FBP.p -> FBP,2.10223446117652e-06,19.8588749567575
Net flux,G_FBP.c,0*FBP.c -> FBP,83.4512313387802,13.8643534636688
Net flux,G_G6P.p,0*G6P.p -> G6P,19.0549768395407,21.6383750136135
Net flux,G_G6P.c,0*G6P.c -> G6P,58.8549499996569,15.9637042897944
Net flux,G_RU5P.p,0*RU5P.p -> P5P,2.10222547636363e-06,21.3053738658879
Net flux,G_X5P.p,0*X5P.p -> P5P,92.8477694980079,15.1665451801386
Net flux,G_R5P.p,0*R5P.p -> R5P,82.2810779887508,16.4507582118239
Net flux,G_GA.p,0*GA.p -> GA,24.4400937507911,3.23863968713213
Net flux,G_SER.p,0*SER.p -> SER,71.6458900492187,15.2728762727282
Net flux,G_GLY.p,0*GLY.p -> GLY,1.00000008274037e-07,9.57366363706587e-16
Net flux,G_RUBP.p,0*RUBP.p -> RUBP,92.5302752674636,13.2833081038389
Net flux,G_S7P.p,0*S7P.p -> S7P,98.4567310636578,14.6788802389761
Net flux,G_2PG.p,0*2PG.p -> 2PG,87.0427532708633,14.4192509066587
Net flux,G_ADPG.p,0*ADPG.p -> ADPG,95.0805622184582,14.1732936724999
Net flux,G_PEP.c,0*PEP.c -> PEP,89.2305410447667,14.0646553014906
Net flux,G_UDPG.c,0*UDPG.c -> UDPG,72.4268033047895,14.3079524107169
Net flux,G_ALA.c,0*ALA.c -> ALA,69.0694608825642,6.20969891880218
Net flux,(1-G)_GA,0*GA.x -> GA,75.5599062492108,3.23863968713213
Net flux,(1-G)_SER,0*SER.x -> SER,28.3541068346998,4.67714193150061
Net flux,(1-G)_GLY,0*GLY.x -> GLY,59.7777480598683,4.44136442391668
Net flux,(1-G)_R5P,0*R5P.x -> R5P,17.7189220112461,16.4507582118239
Net flux,(1-G)_RUBP,0*RUBP.x -> RUBP,7.46972473253513,13.2833081038389
Net flux,(1-G)_3PGA,0*3PGA.x -> 3PGA,7.08808940879664,15.5985157098709
Net flux,(1-G)_TP,0*TP.x -> TP,7.46743445791693,12.4844621047627
Net flux,(1-G)_F6P,0*F6P.x -> F6P,14.7847886790088,14.5987991395406
Net flux,(1-G)_FBP,0*FBP.x -> FBP,16.5487665589801,14.2182882045011
Net flux,(1-G)_G6P,0*G6P.x -> G6P,22.0900731608007,14.6094015535577
Net flux,(1-G)_RU5P,0*RU5P.x -> P5P,7.15222839976807,14.9632068744457
Net flux,(1-G)_S7P,0*S7P.x -> S7P,1.54326893634015,14.6788802389761
Net flux,(1-G)_2PG,0*2PG.x -> 2PG,12.9572467291391,14.4192509066587
Net flux,(1-G)_ADPG,0*ADPG.x -> ADPG,4.91943778154073,14.1732936724999
Net flux,(1-G)_PEP,0*PEP.x -> PEP,10.7694589552315,14.0646553014906
Net flux,(1-G)_UDPG,0*UDPG.x -> UDPG,27.5731966952117,14.3079524107169
Net flux,(1-G)_ALA,0*ALA.x -> ALA,30.9305391174356,6.20969891880218
Net flux,PGASink,3PGA -> Sink,100,0
Net flux,DHAPSink,TP -> Sink,100.000000000001,0
Net flux,F6PSink,F6P -> Sink,100.000000000004,0
Net flux,FBPSink,FBP -> Sink,99.9999999999948,0
Net flux,G6PSink,G6P -> Sink,99.9999999999983,0
Net flux,P5PSink,P5P -> Sink,100.000000000001,0
Net flux,R5PSink,R5P -> Sink,99.9999999999968,0
Net flux,GASink,GA -> Sink,100.000000000002,0
Net flux,SERSink,SER -> Sink,99.9999999999996,0
Net flux,GLYSink,GLY -> Sink,100.000000000001,0
Net flux,RUBPSink,RUBP -> Sink,99.9999999999987,0
Net flux,S7PSink,S7P -> Sink,99.9999999999979,0
Net flux,2PGSink,2PG -> Sink,100.000000000002,0
Net flux,ADPGSink,ADPG -> Sink,99.9999999999989,0
Net flux,PEPSink,PEP -> Sink,99.9999999999983,0
Net flux,UDPGSink,UDPG -> Sink,100.000000000001,0
Net flux,ALASink,ALA -> Sink,99.9999999999998,0
Net flux,S6Pout-LL,S6P + 0.1611*GLU + 0.07177*ASP + 0.03247*ALA.c + 0.01019*dummyGLY + 0.03484*dummySER -> Sink,1.47025980026957,0.171238578689857
Net flux,PGP.p,2PG.p -> Glyc.p,2.21369350666734,0.0849648401652766
Net flux,GOX,Glyc.p -> Glyx.p,2.21369350666735,0.0849648401652766
Net flux,GGT,Glyx.p -> GLY.p,2.21369350666734,0.0849648401652766
Net flux,SGAT,SER.p -> HPA.p,0.22382629118951,0.438764761411112
Net flux,HPR.p,HPA.p -> GA.p,0.223826291189504,0.438764761411112
Net flux,T_GLY-m net,GLY.p <-> GLY.m,3.44648223712642,0.409454073162265
Exch flux,T_GLY-m exch,GLY.p <-> GLY.m,1.00000000280431e-07,0
Net flux,GDC.m,GLY.m + dummy -> myTHF.m + CO2,1.7232411685632,0.204727036581135
Net flux,T_SER-m net,SER.p <-> SER.m,-1.72324116856316,0.204727036581135
Exch flux,T_SER-m exch,SER.p <-> SER.m,2360.59685881792,14.9361600583464
Net flux,mSHMT,GLY.m + myTHF.m -> SER.m,1.7232411685632,0.204727036581135
Net flux,T_SER-c net,SER.p <-> SER.c,1.32757551323703,0.535772855614672
Exch flux,T_SER-c exch,SER.p <-> SER.c,9.9998842095772e-08,0
Net flux,T_Gly-c net,GLY.p <-> GLY.c,-1.24777067782386,0.39248670956473
Exch flux,T_Gly-c exch,GLY.p <-> GLY.c,0.111180869847837,0.0704513693195487
Net flux,cSHMT,SER.c -> GLY.c + meTHF.c,1.24777205808559,0.39248670956473
Net flux,FmTHF-reductase net,meTHF.c <-> FmTHF.c,1.2477720580856,0.39248670956473
Exch flux,FmTHF-reductase exch,meTHF.c <-> FmTHF.c,6.64202728154823,13.9130416256478
Net flux,Met-synthase,FmTHF.c + Hcy.c -> Met.c,1.24777205808557,0.39248670956473
Net flux,SAM-synthase,Met.c -> SAM.c,1.24777205808558,0.39248670956473
Net flux,Methylation,SAM.c -> SAH.c + Acceptor.c,1.24777205808558,0.39248670956473
Net flux,hydrolysis,SAH.c -> Hcy.c,1.24777205808557,0.39248670956473
Net flux,G_SER.m,0*SER.m -> SER,1.0000000116861e-07,0
Net flux,G_SER.c,0*SER.c -> SER,3.01608107378115e-06,14.5390884534146
Net flux,G_Gly.m,0*GLY.m -> GLY,1.0000000116861e-07,0
Net flux,G_Gly.c,0*GLY.c -> GLY,40.2222517401329,4.44136442391668
Net flux,T_GLY-c-m,GLY.c -> GLY.m,9.99999834050413e-08,4.33744387119852e-15
Net flux,G_Glyc,0*Glyc.p -> Glyc,12.4876007287783,1.65731037856263
Net flux,G_Glyx,0*Glyx.p -> Glyx,99.9999999000009,0
Net flux,G_HPA,0*HPA.p -> HPA,3.53476025550449,1.71544428978995
Net flux,(1-G)_Glyc,0*Glyc.x -> Glyc,87.5123992712223,1.65731037856263
Net flux,(1-G)_Glyx,0*Glyx.x -> Glyx,1.0000000116861e-07,0
Net flux,(1-G)_HPA,0*HPA.x -> HPA,96.4652397444954,1.71544428978995
Net flux,GlycSink,Glyc -> Sink,100.000000000001,0
Net flux,GlyxSink,Glyx -> Sink,100.000000000001,0
Net flux,HPASink,HPA -> Sink,99.9999999999998,0
Net flux,SERex,dummySER -> outSER,0.12061079904262,0.266756095620863
Net flux,G_PYR,0*PYR.c -> PYR,33.8126859404839,2.58331409179737
Net flux,(1-G)_PYR,0*PYR.x -> PYR,66.1873140595163,2.58331409179737
Net flux,PYRSink,PYR -> Sink,100,0
Net flux,G_meTHF,0*meTHF.c -> meTHF,87.1769443706662,6.10243533862473
Net flux,G_FmTHF,0*FmTHF.c -> FmTHF,68.1740907268467,5.15851947715492
Net flux,G_Met,0*Met.c -> Met,47.5934043743448,3.83135115450956
Net flux,G_SAM,0*SAM.c -> SAM,54.5574546565449,4.67135513860577
Net flux,(1-G)_meTHF,0*meTHF.x -> meTHF,12.8230556293337,6.10243533862473
Net flux,(1-G)_FmTHF,0*FmTHF.x -> FmTHF,31.8259092731534,5.15851947715492
Net flux,(1-G)_Met,0*Met.x -> Met,52.4065956256553,3.83135115450956
Net flux,(1-G)_SAM,0*SAM.x -> SAM,45.4425453434551,4.67135513860577
Net flux,meTHFSink,meTHF -> Sink,99.9999999999999,0
Net flux,FmTHFSink,FmTHF -> Sink,100,0
Net flux,MetSink,Met -> Sink,100,0
Net flux,SAMsink,SAM -> Sink,100,0
Net flux,Met-protein,Met.c -> Protein,6.51983996113883e-15,0
Net flux,GLY-protein,GLY.c -> Protein,1.28026178192187e-06,1.87663447821928e-15
Net flux,SER-protein,SER.c -> Protein,0.0798034551514419,0.499391366064855
Pool,2PG pool,,0,0
Pool,2PG.p pool,,1.46548934375169e-07,14.7591385442711
Pool,2PG.x pool,,1,Inf
Pool,3PGA pool,,0,0
Pool,3PGA.c pool,,0.113212307076013,0.077899563864541
Pool,3PGA.p pool,,1.25494649971078e-06,14.8367877785451
Pool,3PGA.x pool,,1,Inf
Pool,ACA pool,,3.91776309290653e-07,15.5686103571236
Pool,ADPG pool,,0,0
Pool,ADPG.p pool,,9.9999999999999e-08,Inf
Pool,ADPG.x pool,,1,Inf
Pool,AKG pool,,3.49469728040821e-07,15.1122920763215
Pool,ALA pool,,0,0
Pool,ALA.c pool,,0.0122029354389478,0.00290596258423235
Pool,ALA.x pool,,1,Inf
Pool,ASN pool,,7622.82512645881,15.3431142588917
Pool,ASP pool,,9.99999999999482e-08,0
Pool,Acceptor.c pool,,1,Inf
Pool,CIT pool,,7.72892173382668,4.36904580307058
Pool,CO2 pool,,2.2795277414848e-06,14.1454043324326
Pool,CO2.t pool,,1,Inf
Pool,E4P.p pool,,0,0
Pool,EC2 pool,,0,0
Pool,F6P pool,,0,0
Pool,F6P.c pool,,3.28254419593642e-06,14.7986254263236
Pool,F6P.p pool,,6.79014210755299e-07,14.5565222677834
Pool,F6P.x pool,,1,Inf
Pool,FBP pool,,0,0
Pool,FBP.c pool,,2.91157765966294e-06,14.3193877875161
Pool,FBP.p pool,,7.28272126646238e-07,13.0740914677148
Pool,FBP.x pool,,1,Inf
Pool,FmTHF pool,,5.18411485577132,2.4544684771329
Pool,FmTHF.c pool,,1e-07,0
Pool,FmTHF.x pool,,1,Inf
Pool,G6P pool,,0,0
Pool,G6P.c pool,,9.85125421895613e-06,14.3013092201053
Pool,G6P.p pool,,3.10003776874924e-06,15.5073224824342
Pool,G6P.x pool,,1,Inf
Pool,GA pool,,0,0
Pool,GA.p pool,,1e-07,0
Pool,GA.x pool,,1,Inf
Pool,GLN pool,,8.8386775482774,15.2217778933401
Pool,GLU pool,,3.49470034991508e-07,14.5116212656758
Pool,GLY pool,,0,0
Pool,GLY.c pool,,1.06978358326739e-07,14.5818148525245
Pool,GLY.m pool,,0.129902445219865,0.0409395423646011
Pool,GLY.p pool,,2.85941946491697e-07,14.8215201197542
Pool,GLY.x pool,,1,Inf
Pool,Glyc pool,,7.70261051488336,2.71816710139157
Pool,Glyc.p pool,,1.4797123617791e-07,15.074450257702
Pool,Glyc.x pool,,1,Inf
Pool,Glyx pool,,612.693881121994,11.6016702915971
Pool,Glyx.p pool,,2.41494994407076e-07,15.5243787123355
Pool,Glyx.x pool,,1,Inf
Pool,HPA pool,,0.000141246031634702,14.4959692433836
Pool,HPA.p pool,,1e-07,0
Pool,HPA.x pool,,1,Inf
Pool,Hcy.c pool,,1,Inf
Pool,ICI pool,,0.00178842381039082,14.2326197146988
Pool,MAL pool,,5.0449923647945e-05,3.51475123947593
Pool,Met pool,,2.01268009906417e-05,14.833148628104
Pool,Met.c pool,,1.62901968267165e-07,14.2548543932303
Pool,Met.x pool,,1,Inf
Pool,OAA pool,,0.201175700740059,0.0437861284832489
Pool,P5P pool,,0,0
Pool,PEP pool,,0,0
Pool,PEP.c pool,,1.00000000000002e-07,0
Pool,PEP.x pool,,1,Inf
Pool,PRO pool,,5.39499638219003,14.518438511984
Pool,PYR pool,,1e-07,0
Pool,PYR.c pool,,0.00258329131786601,0.00185368353923767
Pool,PYR.x pool,,1,Inf
Pool,Protein pool,,1,Inf
Pool,R5P pool,,0,0
Pool,R5P.p pool,,8.50548963998538e-07,15.5434198641498
Pool,R5P.x pool,,1,Inf
Pool,RU5P.p pool,,7.66088701241239e-07,15.2444132346888
Pool,RU5P.x pool,,1,Inf
Pool,RUBP pool,,0,0
Pool,RUBP.p pool,,7.83065360762608e-07,13.9869109328422
Pool,RUBP.x pool,,1,Inf
Pool,S6P pool,,1,Inf
Pool,S7P pool,,0,0
Pool,S7P.p pool,,6.30537885869676e-07,15.1177704064538
Pool,S7P.x pool,,1,Inf
Pool,SAH.c pool,,1,Inf
Pool,SAM pool,,7.62321056540642,3.22387095326536
Pool,SAM.c pool,,4.97860655682968e-07,15.4712765723762
Pool,SAM.x pool,,1,Inf
Pool,SBP pool,,0,0
Pool,SER pool,,0,0
Pool,SER.c pool,,1.00000000002876e-07,0
Pool,SER.m pool,,0.324449369212173,0.0481447876574922
Pool,SER.p pool,,0.000123660730289306,15.2931393620043
Pool,SER.x pool,,1,Inf
Pool,Sink pool,,1,Inf
Pool,Starch pool,,1,Inf
Pool,THR pool,,0.000190217516962969,9.53304662104276
Pool,TP pool,,0,0
Pool,TP.c pool,,3.3057882445397e-06,13.8986740266007
Pool,TP.p pool,,1.28324999147549e-06,15.1830323435576
Pool,TP.x pool,,1,Inf
Pool,UDPG pool,,0,0
Pool,UDPG.c pool,,102695.057622296,14.3922948844472
Pool,UDPG.x pool,,1,Inf
Pool,X5P.p pool,,7.8624921082626e-07,13.9723863924217
Pool,dummy pool,,1,Inf
Pool,dummyGLY pool,,1,Inf
Pool,dummySER pool,,1,Inf
Pool,meTHF pool,,2.00294920846326e-05,13.927511210143
Pool,meTHF.c pool,,1e-07,0
Pool,meTHF.x pool,,1,Inf
Pool,myTHF.m pool,,9.99999999994061e-08,0
Pool,outSER pool,,1,Inf
Norm,Experiment2 Glyc205 #1 norm,,0.953732405569697,0.0338799914534226
Norm,Experiment2 Glyc205 #2 norm,,0.971423175615812,0.0148900630068208
Norm,Experiment2 Glyc205 #3 norm,,1.01594514374975,0.02260315672391
Norm,Experiment2 Glyc205 #4 norm,,0.993444537277916,0.0211970790415294
Norm,Experiment2 Glyc205 #5 norm,,1.029856724991,0.0240912211228508
Norm,Experiment2 Glyc205 #6 norm,,1.00545806646751,0.0252911293601491
Norm,Experiment2 Glyc205 #7 norm,,0.977760121517018,0.034899678558313
Norm,Experiment2 Glyc205 #8 norm,,1.03434646851782,0.105611818417007
Norm,Experiment2 Glyx160 #1 norm,,0.983033059223597,0.0111793959050879
Norm,Experiment2 Glyx160 #2 norm,,1.00614191004252,0.0118442825842195
Norm,Experiment2 Glyx160 #3 norm,,0.991548855736603,0.0122743207143537
Norm,Experiment2 Glyx160 #4 norm,,0.992059236440981,0.0160299891642828
Norm,Experiment2 Glyx160 #5 norm,,1.0037871914541,0.0137494559830787
Norm,Experiment2 Glyx160 #6 norm,,1.01454685111023,0.0195178286417443
Norm,Experiment2 Glyx160 #7 norm,,0.976147671268883,0.0254072384620278
Norm,Experiment2 Glyx160 #8 norm,,0.853637807076993,0.108710651481384
Norm,Experiment2 GLY276 #1 norm,,0.967706660307738,0.0102515898590469
Norm,Experiment2 GLY276 #2 norm,,0.960228712694051,0.0220355335218752
Norm,Experiment2 GLY276 #3 norm,,0.988002843643948,0.0193773298842768
Norm,Experiment2 GLY276 #4 norm,,1.02587536315354,0.0183675074884806
Norm,Experiment2 GLY276 #5 norm,,1.01657474501818,0.0351255448063914
Norm,Experiment2 GLY276 #6 norm,,0.929363018911994,0.0742605410919853
Norm,Experiment2 GLY276 #7 norm,,1.02498457518145,0.126740377262252
Norm,Experiment2 GLY276 #8 norm,,0.981929294108367,0.177121867634289
Norm,Experiment2 HPA262 #1 norm,,1.01119913460498,0.0211842294942456
Norm,Experiment2 HPA262 #2 norm,,1.00924808258338,0.0247566938146399
Norm,Experiment2 HPA262 #3 norm,,0.962716768771374,0.0238104158436306
Norm,Experiment2 HPA262 #4 norm,,0.944897053572137,0.0293123892392116
Norm,Experiment2 HPA262 #5 norm,,0.965676082231227,0.0220197158309048
Norm,Experiment2 HPA262 #6 norm,,0.948386961287933,0.0279063250370977
Norm,Experiment2 HPA262 #7 norm,,0.969230759372724,0.0236800481710565
Norm,Experiment2 HPA262 #8 norm,,0.985339641136299,0.038232712614844
Norm,Experiment2 GA307 #1 norm,,0.987677382480948,0.0107337403116852
Norm,Experiment2 GA307 #2 norm,,0.921973923413806,0.0307500390039984
Norm,Experiment2 GA307 #3 norm,,0.897899964661625,0.0208059982454468
Norm,Experiment2 GA307 #4 norm,,0.945359279974796,0.0247173341487462
Norm,Experiment2 GA307 #5 norm,,0.898811871801324,0.0604506668179617
Norm,Experiment2 GA307 #6 norm,,0.826115450225729,0.0973006042497016
Norm,Experiment2 GA307 #7 norm,,0.886377777666939,0.0642859540409933
Norm,Experiment2 GA307 #8 norm,,0.951339056239596,0.132736126164685
Norm,Experiment2 SER306 #1 norm,,0.987880737791993,0.0124875413229658
Norm,Experiment2 SER306 #2 norm,,0.945589593511307,0.0311839946955302
Norm,Experiment2 SER306 #3 norm,,0.977526037778565,0.0197128578135157
Norm,Experiment2 SER306 #4 norm,,1.04035679581866,0.0261194793403639
Norm,Experiment2 SER306 #5 norm,,0.990945125463829,0.0493019579844805
Norm,Experiment2 SER306 #6 norm,,1.03215026657819,0.115138275924829
Norm,Experiment2 SER306 #7 norm,,1.02782329400002,0.100350883573255
Norm,Experiment2 SER306 #8 norm,,1.00470724174043,0.114611959275204
Norm,Experiment2 meTHF #1 norm,,0.995060891137037,0.00996459685187554
Norm,Experiment2 meTHF #2 norm,,0.993533215764109,0.0141911696596305
Norm,Experiment2 meTHF #3 norm,,0.951369227576462,0.0260351752051371
Norm,Experiment2 meTHF #4 norm,,1.01251689309704,0.0279976286730713
Norm,Experiment2 meTHF #5 norm,,0.960978056379971,0.074616204716183
Norm,Experiment2 meTHF #6 norm,,1.03139009661416,0.14955033323002
Norm,Experiment2 meTHF #7 norm,,1.05175536232286,0.183246970878731
Norm,Experiment2 meTHF #8 norm,,0.986935906057378,0.0719358054970555
Norm,Experiment2 FmTHF #1 norm,,1.02351524222982,0.010462132356915
Norm,Experiment2 FmTHF #2 norm,,1.01252569717447,0.0117844287514603
Norm,Experiment2 FmTHF #3 norm,,1.00206373071782,0.0102468840014291
Norm,Experiment2 FmTHF #4 norm,,0.996884553474702,0.0205032748585017
Norm,Experiment2 FmTHF #5 norm,,0.984146059183825,0.0409653855534862
Norm,Experiment2 FmTHF #6 norm,,1.01439308178451,0.073804647546193
Norm,Experiment2 FmTHF #7 norm,,1.00565818956262,0.12107837674615
Norm,Experiment2 FmTHF #8 norm,,1.00391766782048,0.0657862288175581
Norm,Experiment2 Met176 #1 norm,,0.971976668805627,0.0224767640572374
Norm,Experiment2 Met176 #2 norm,,0.957712039813364,0.038962915273674
Norm,Experiment2 Met176 #3 norm,,0.914432547263652,0.032524505677498
Norm,Experiment2 Met176 #4 norm,,0.908212879951779,0.0948485584354569
Norm,Experiment2 Met176 #5 norm,,0.9169424801391,0.0670627305004312
Norm,Experiment2 Met176 #6 norm,,0.99640797911799,0.0333376781181613
Norm,Experiment2 Met176 #7 norm,,1.01230835237553,0.058093784248857
Norm,Experiment2 Met176 #8 norm,,0.996760698030905,0.183024223278688
Norm,Experiment2 SAM #1 norm,,0.984059984923464,0.0143508709530622
Norm,Experiment2 SAM #2 norm,,0.962264453396671,0.0220950813360274
Norm,Experiment2 SAM #3 norm,,0.95728822865531,0.032911377998789
Norm,Experiment2 SAM #4 norm,,0.953579578340199,0.0443131934303869
Norm,Experiment2 SAM #5 norm,,0.979845147923468,0.0242793098960219
Norm,Experiment2 SAM #6 norm,,1.06138631000881,0.0654209585720505
Norm,Experiment2 SAM #7 norm,,1.00752941910041,0.076241956290396
Norm,Experiment2 SAM #8 norm,,0.999242453256958,0.0675708924307592
Norm,Experiment2 CIT465 #1 norm,,1.00021957122364,0.0123970778700181
Norm,Experiment2 CIT465 #2 norm,,0.946594509925838,0.00989862889286353
Norm,Experiment2 CIT465 #3 norm,,1.0243731530112,0.0134991422317695
Norm,Experiment2 CIT465 #4 norm,,0.997476649235596,0.0127365699872069
Norm,Experiment2 CIT465 #5 norm,,0.959577086362581,0.0154434200763406
Norm,Experiment2 CIT465 #6 norm,,1.0109451492713,0.0115391772964655
Norm,Experiment2 CIT465 #7 norm,,0.993028231992224,0.0153951448496952
Norm,Experiment2 CIT465 #8 norm,,1.03398843198489,0.0219801701066107
Norm,Experiment2 MAL335 #1 norm,,0.939887209919917,0.0114992399090325
Norm,Experiment2 MAL335 #2 norm,,0.991104356108938,0.0135520874297726
Norm,Experiment2 MAL335 #3 norm,,1.00567136664529,0.0131992270007264
Norm,Experiment2 MAL335 #4 norm,,0.992255928834113,0.0121023424863821
Norm,Experiment2 MAL335 #5 norm,,0.972915288187455,0.0142901462854342
Norm,Experiment2 MAL335 #6 norm,,0.976881282238144,0.0168534523230287
Norm,Experiment2 MAL335 #7 norm,,0.985387997196068,0.0254325149149182
Norm,Experiment2 MAL335 #8 norm,,0.983807819556319,0.0440783288746777
Norm,Experiment2 ASP334 #1 norm,,1.0061535182685,0.0162997749787212
Norm,Experiment2 ASP334 #2 norm,,0.951267311691827,0.0230589856212312
Norm,Experiment2 ASP334 #3 norm,,0.934328194798375,0.0165415460240083
Norm,Experiment2 ASP334 #4 norm,,1.00648654175823,0.0220518558851239
Norm,Experiment2 ASP334 #5 norm,,0.932975202127179,0.0220021915375225
Norm,Experiment2 ASP334 #6 norm,,1.01643944852404,0.0580040243658704
Norm,Experiment2 ASP334 #7 norm,,0.968742378943749,0.0554065998388938
Norm,Experiment2 ASP334 #8 norm,,1.00698758824966,0.0374755022651923
Norm,Experiment2 GLU348 #1 norm,,1.04558152244404,0.0120573654486497
Norm,Experiment2 GLU348 #2 norm,,1.01150717855877,0.012382765911758
Norm,Experiment2 GLU348 #3 norm,,1.00034892499038,0.0117369180920937
Norm,Experiment2 GLU348 #4 norm,,0.96386649226598,0.014725983678669
Norm,Experiment2 GLU348 #5 norm,,0.994329558780118,0.0305793970178266
Norm,Experiment2 GLU348 #6 norm,,0.96382042239821,0.014358379220977
Norm,Experiment2 GLU348 #7 norm,,0.953359744479151,0.022439884895218
Norm,Experiment2 GLU348 #8 norm,,0.906100706483803,0.049612017192074
Norm,Experiment2 THR320 #1 norm,,0.989534857184816,0.00983815718544311
Norm,Experiment2 THR320 #2 norm,,1.02464641156641,0.0118937056460525
Norm,Experiment2 THR320 #3 norm,,0.986038691960224,0.0100122426112634
Norm,Experiment2 THR320 #4 norm,,0.981738930348173,0.0110248550225131
Norm,Experiment2 THR320 #5 norm,,1.00024385343169,0.0202687054170167
Norm,Experiment2 THR320 #6 norm,,0.985986070944933,0.0114045142526733
Norm,Experiment2 THR320 #7 norm,,0.987026611445647,0.0165536095582949
Norm,Experiment2 THR320 #8 norm,,0.987628228056306,0.043640901857452
Norm,Experiment2 ALA116 #1 norm,,0.990616374780218,0.00975547263255196
Norm,Experiment2 ALA116 #2 norm,,1.00984777312652,0.010190813638793
Norm,Experiment2 ALA116 #3 norm,,1.01984062827179,0.0135267841916528
Norm,Experiment2 ALA116 #4 norm,,0.984350670327454,0.0255962771729099
Norm,Experiment2 ALA116 #5 norm,,1.01079653536334,0.0704664704986986
Norm,Experiment2 ALA116 #6 norm,,1.00193506015374,0.0670830225690418
Norm,Experiment2 ALA116 #7 norm,,1.01278843274857,0.066642658434091
Norm,Experiment2 ALA116 #8 norm,,0.932489831914316,0.153203251181394
Norm,Experiment2 PYR #1 norm,,0.977173816334487,0.0123087530554105
Norm,Experiment2 PYR #2 norm,,0.95657836400789,0.0536182946386236
Norm,Experiment2 PYR #3 norm,,0.928024112027368,0.0665572962749285
Norm,Experiment2 PYR #4 norm,,1.05935092255755,0.0559409717092264
Norm,Experiment2 PYR #5 norm,,1.02953425406442,0.119645085894111
Norm,Experiment2 PYR #6 norm,,0.934186122070847,0.119964509482043
Norm,Experiment2 PYR #7 norm,,1.04322083553999,0.0740656753467617
Norm,Experiment2 PYR #8 norm,,0.894298129768303,0.115337584735742
