type,id,eqn,val,std
Net flux,CO2.t,CO2.t -> CO2,64.9077697647027,1.52693880013404
Net flux,CO2_sink,dummy -> Sink,64.9077697647027,1.52693880013404
Net flux,RUBICSO_CO2,RUBP.p + CO2 -> 3PGA.p + 3PGA.p + dummy,66.1738369199536,1.53058281914041
Net flux,GAPDH.p net,3PGA.p <-> TP.p,133.871842996752,3.08240124810076
Exch flux,GAPDH.p exch,3PGA.p <-> TP.p,12256.4661838303,63.8821566886328
Net flux,ALD,TP.p + E4P.p -> SBP,22.7837768736727,0.511470472716848
Net flux,SBP,SBP -> S7P.p,22.7837768736727,0.511470472716848
Net flux,FBA.p net,TP.p + TP.p <-> FBP.p,29.6409139482785,0.804132696780862
Exch flux,FBA.p exch,TP.p + TP.p <-> FBP.p,21558.4454677441,2148.67080248853
Net flux,PFK.p net,FBP.p <-> F6P.p,29.6409139482816,0.804132696780862
Exch flux,PFK.p exch,FBP.p <-> F6P.p,1.00007156333959e-07,5000.06932896911
Net flux,TK1 net,TP.p + EC2 <-> X5P.p,45.5675537473454,1.0229409454337
Exch flux,TK1 exch,TP.p + EC2 <-> X5P.p,1.0000000116861e-07,0
Net flux,TK2 net,S7P.p <-> R5P.p + EC2,22.7837768736727,0.511470472716848
Exch flux,TK2 exch,S7P.p <-> R5P.p + EC2,37.77734278085,4965.48402063114
Net flux,TK3 net,F6P.p <-> E4P.p + EC2,22.7837768736717,0.511470472716848
Exch flux,TK3 exch,F6P.p <-> E4P.p + EC2,7121.06354968037,4460.04350236405
Net flux,PPE net,X5P.p <-> RU5P.p,45.5675537473453,1.0229409454337
Exch flux,PPE exch,X5P.p <-> RU5P.p,71.9930114316745,5526.63190677355
Net flux,PPI net,R5P.p <-> RU5P.p,22.7837768736728,0.511470472716848
Exch flux,PPI exch,R5P.p <-> RU5P.p,239.121473621726,5049.45696406576
Net flux,PRK,RU5P.p -> RUBP.p,68.3513306210182,1.53441141815054
Net flux,RUBISCO_O2,RUBP.p -> 3PGA.p + 2PG.p,2.17749370106457,0.0847831614875438
Net flux,GLYdil net,GLY.p <-> GLY.x + dummyGLY,0.0158930487107014,0.00180728047832802
Exch flux,GLYdil exch,GLY.p <-> GLY.x + dummyGLY,1.0000000116861e-07,0
Net flux,SERdil net,SER.p <-> SER.x + dummySER,0.963612112850463,3415.04899481207
Exch flux,SERdil exch,SER.p <-> SER.x + dummySER,0.187937950505685,3415.04896528224
Net flux,GK,GA.p -> 3PGA.p,0.011781608105959,0.445725358966937
Net flux,PGI.p net,F6P.p <-> G6P.p,6.85713707460921,0.449577566546568
Exch flux,PGI.p exch,F6P.p <-> G6P.p,1.72135554301632,4911.05591180346
Net flux,PGM.p,G6P.p -> ADPG.p,6.85713707460921,0.449577566546568
Net flux,Starch,ADPG.p -> Starch,6.85713707460919,0.449577566546568
Net flux,FBA.c net,TP.c + TP.c <-> FBP.c,3.11934223958453,0.354716483192138
Exch flux,FBA.c exch,TP.c + TP.c <-> FBP.c,20.0842975073056,327.93759039832
Net flux,PFK.c net,FBP.c <-> F6P.c,3.11934223958454,0.354716483192138
Exch flux,PFK.c exch,FBP.c <-> F6P.c,5.00991156379065,10.9714026858997
Net flux,PGI.c net,F6P.c <-> G6P.c,1.55967111979228,0.177358241596069
Exch flux,PGI.c exch,F6P.c <-> G6P.c,221.480129484934,4416.90314174279
Net flux,PGM.c net,G6P.c <-> UDPG.c,1.5596711197868,0.177358241596069
Exch flux,PGM.c exch,G6P.c <-> UDPG.c,48480.0784976097,5136.41938210962
Net flux,SPS,F6P.c + UDPG.c -> S6P,1.55967111979223,0.177358241596069
Net flux,PGAM.c net,3PGA.c <-> PEP.c,0.665106152324635,0.0756326486688186
Exch flux,PGAM.c exch,3PGA.c <-> PEP.c,0.589408389526036,5108.20616250175
Net flux,PK.c,PEP.c -> PYR.c,0.30190553865797,0.0343312348309455
Net flux,PDH,PYR.c + dummy -> ACA + CO2,0.251263017398474,0.0285724127158675
Net flux,CS,OAA + ACA -> CIT,0.25126301739847,0.0285724127158675
Net flux,ACO net,CIT <-> ICI,0.251263017398514,0.0285724127158675
Exch flux,ACO exch,CIT <-> ICI,1176.21099857605,5271.04072709065
Net flux,IDH,ICI + dummy -> AKG + CO2,0.251263017398487,0.0285724127158675
Net flux,MDH net,MAL <-> OAA,7.105427357601e-15,0
Exch flux,MDH exch,MAL <-> OAA,0.313787798334445,0.0791127802382192
Net flux,PPC,PEP.c + CO2 -> OAA + dummy,0.363200613665732,0.0413014138379133
Net flux,T_3PGA net,3PGA.p <-> 3PGA.c,0.665106152324611,0.0756326486688186
Exch flux,T_3PGA exch,3PGA.p <-> 3PGA.c,2.28740920660361,5281.15612615828
Net flux,T_DHAP net,TP.p <-> TP.c,6.2386844791691,0.709432966384275
Exch flux,T_DHAP exch,TP.p <-> TP.c,3.1474854187575,3.9964502087993
Net flux,ALT,PYR.c -> ALA.c,0.0506425212596336,0.00575882211506046
Net flux,ASPT,OAA -> ASP,0.111937596267583,0.0127290009989636
Net flux,GLUDH,AKG -> GLU,0.251263017398464,0.0285724127158675
Net flux,PCR net,GLU <-> PRO,-2.48689957516035e-14,0
Exch flux,PCR exch,GLU <-> PRO,1.0000000116861e-07,0
Net flux,GS net,GLU <-> GLN,0,0
Exch flux,GS exch,GLU <-> GLN,1.00042257145105e-07,0
Net flux,TS net,ASP <-> THR,0,0
Exch flux,TS exch,ASP <-> THR,1.0000000116861e-07,0
Net flux,AS net,ASP <-> ASN,1.06581410364015e-14,0
Exch flux,AS exch,ASP <-> ASN,1.0000000116861e-07,0
Net flux,G_3PGA.p,0*3PGA.p -> 3PGA,2.46866316899741e-06,7496.80993092457
Net flux,G_3PGA.c,0*3PGA.c -> 3PGA,92.9119081397052,5374.7933377961
Net flux,G_DHAP.p,0*TP.p -> TP,40.6853798422419,7230.05311375017
Net flux,G_DHAP.c,0*TP.c -> TP,51.8471856996948,5215.40400747148
Net flux,G_F6P.p,0*F6P.p -> F6P,48.6686345030748,7074.68192152496
Net flux,G_F6P.c,0*F6P.c -> F6P,36.546576817712,5123.15687573504
Net flux,G_FBP.p,0*FBP.p -> FBP,2.46866149211655e-06,7560.66856652308
Net flux,G_FBP.c,0*FBP.c -> FBP,83.4512310476279,5549.35877037748
Net flux,G_G6P.p,0*G6P.p -> G6P,19.0549768397257,6881.47719421491
Net flux,G_G6P.c,0*G6P.c -> G6P,58.8549499993082,5227.77787374061
Net flux,G_RU5P.p,0*RU5P.p -> P5P,2.46865389996742e-06,7113.05860881668
Net flux,G_X5P.p,0*X5P.p -> P5P,92.8477691488918,4819.63293209201
Net flux,G_R5P.p,0*R5P.p -> R5P,82.2810779884949,5043.22537959177
Net flux,G_GA.p,0*GA.p -> GA,35.3329949829697,4.7333781776363
Net flux,G_SER.p,0*SER.p -> SER,93.7834233668264,5022.17039364615
Net flux,G_GLY.p,0*GLY.p -> GLY,12.0132928162685,6999.35242625173
Net flux,G_RUBP.p,0*RUBP.p -> RUBP,92.5302752673063,5000.03150264138
Net flux,G_S7P.p,0*S7P.p -> S7P,98.4567310636212,4993.73022807022
Net flux,G_2PG.p,0*2PG.p -> 2PG,87.0427532706349,4973.16926208971
Net flux,G_ADPG.p,0*ADPG.p -> ADPG,95.0805622183481,5087.26644601306
Net flux,G_PEP.c,0*PEP.c -> PEP,89.2305410445615,4952.68148745997
Net flux,G_UDPG.c,0*UDPG.c -> UDPG,72.4268033045549,4862.98888924897
Net flux,G_ALA.c,0*ALA.c -> ALA,72.6926821633912,5.69909876010664
Net flux,(1-G)_GA,0*GA.x -> GA,64.6670050170323,4.7333781776363
Net flux,(1-G)_SER,0*SER.x -> SER,6.21657639699402,11.3476431997904
Net flux,(1-G)_GLY,0*GLY.x -> GLY,87.9855159880354,2.36998402908799
Net flux,(1-G)_R5P,0*R5P.x -> R5P,17.718922011502,5043.22537959177
Net flux,(1-G)_RUBP,0*RUBP.x -> RUBP,7.46972473269241,5000.03150264138
Net flux,(1-G)_3PGA,0*3PGA.x -> 3PGA,7.08808939163188,5354.27643614184
Net flux,(1-G)_TP,0*TP.x -> TP,7.46743445806384,4957.23793692769
Net flux,(1-G)_F6P,0*F6P.x -> F6P,14.7847886792169,4960.19705198815
Net flux,(1-G)_FBP,0*FBP.x -> FBP,16.5487664837054,5123.67636452432
Net flux,(1-G)_G6P,0*G6P.x -> G6P,22.0900731609643,4772.56255673693
Net flux,(1-G)_RU5P,0*RU5P.x -> P5P,7.1522283824557,5118.49432633151
Net flux,(1-G)_S7P,0*S7P.x -> S7P,1.5432689363768,4993.73022807022
Net flux,(1-G)_2PG,0*2PG.x -> 2PG,12.9572467293675,4973.16926208971
Net flux,(1-G)_ADPG,0*ADPG.x -> ADPG,4.91943778165087,5087.26644601306
Net flux,(1-G)_PEP,0*PEP.x -> PEP,10.7694589554367,4952.68148745997
Net flux,(1-G)_UDPG,0*UDPG.x -> UDPG,27.5731966954463,4862.98888924897
Net flux,(1-G)_ALA,0*ALA.x -> ALA,27.3073178366086,5.69909876010664
Net flux,PGASink,3PGA -> Sink,100,0
Net flux,DHAPSink,TP -> Sink,100.000000000001,0
Net flux,F6PSink,F6P -> Sink,100.000000000004,0
Net flux,FBPSink,FBP -> Sink,99.9999999999948,0
Net flux,G6PSink,G6P -> Sink,99.9999999999983,0
Net flux,P5PSink,P5P -> Sink,100.000000000001,0
Net flux,R5PSink,R5P -> Sink,99.9999999999968,0
Net flux,GASink,GA -> Sink,100.000000000002,0
Net flux,SERSink,SER -> Sink,99.9999999999996,0
Net flux,GLYSink,GLY -> Sink,100.000000000001,0
Net flux,RUBPSink,RUBP -> Sink,99.9999999999987,0
Net flux,S7PSink,S7P -> Sink,99.9999999999979,0
Net flux,2PGSink,2PG -> Sink,100.000000000002,0
Net flux,ADPGSink,ADPG -> Sink,99.9999999999989,0
Net flux,PEPSink,PEP -> Sink,99.9999999999983,0
Net flux,UDPGSink,UDPG -> Sink,100.000000000001,0
Net flux,ALASink,ALA -> Sink,99.9999999999998,0
Net flux,S6Pout-LL,S6P + 0.1611*GLU + 0.07177*ASP + 0.03247*ALA.c + 0.01019*dummyGLY + 0.03484*dummySER -> Sink,1.55967111979227,0.177358241596069
Net flux,PGP.p,2PG.p -> Glyc.p,2.17749370106459,0.0847831614875438
Net flux,GOX,Glyc.p -> Glyx.p,2.17749370106461,0.0847831614875438
Net flux,GGT,Glyx.p -> GLY.p,2.17749370106459,0.0847831614875438
Net flux,SGAT,SER.p -> HPA.p,0.0117816081059481,0.445725358966937
Net flux,HPR.p,HPA.p -> GA.p,0.0117816081059425,0.445725358966937
Net flux,T_GLY-m net,GLY.p <-> GLY.m,2.16160716439481,5213.35125957102
Exch flux,T_GLY-m exch,GLY.p <-> GLY.m,23633.865923146,5023.18060340453
Net flux,GDC.m,GLY.m + dummy -> myTHF.m + CO2,1.1267417341198,0.0645694810966602
Net flux,T_SER-m net,SER.p <-> SER.m,-1.12674173411972,0.0645694810966602
Exch flux,T_SER-m exch,SER.p <-> SER.m,658.988061047709,5232.85271561338
Net flux,mSHMT,GLY.m + myTHF.m -> SER.m,1.1267417341198,0.0645694810966602
Net flux,T_SER-c net,SER.p <-> SER.c,0.151348013163376,3415.04896499289
Exch flux,T_SER-c exch,SER.p <-> SER.c,0.0161535062103217,3415.04896503213
Net flux,T_Gly-c net,GLY.p <-> GLY.c,-6.512043572382e-06,5213.35125888104
Exch flux,T_Gly-c exch,GLY.p <-> GLY.c,9.99999998363421e-08,0
Net flux,cSHMT,SER.c -> GLY.c + meTHF.c,0.151347913164327,3415.04896499289
Net flux,FmTHF-reductase net,meTHF.c <-> FmTHF.c,0.151347913164328,3415.04896499289
Exch flux,FmTHF-reductase exch,meTHF.c <-> FmTHF.c,8.46185346709108,6019.61514638206
Net flux,Met-synthase,FmTHF.c + Hcy.c -> Met.c,0.151347913164307,3415.04896499289
Net flux,SAM-synthase,Met.c -> SAM.c,0.151347913164316,3415.04896499289
Net flux,Methylation,SAM.c -> SAH.c + Acceptor.c,0.151347913164312,3415.04896499289
Net flux,hydrolysis,SAH.c -> Hcy.c,0.151347913164304,3415.04896499289
Net flux,G_SER.m,0*SER.m -> SER,1.0000000116861e-07,0
Net flux,G_SER.c,0*SER.c -> SER,1.3617908578567e-07,5022.15756708889
Net flux,G_Gly.m,0*GLY.m -> GLY,9.82161919509394e-05,4701.42973568093
Net flux,G_Gly.c,0*GLY.c -> GLY,0.00109297950529808,4914.41493785336
Net flux,T_GLY-c-m,GLY.c -> GLY.m,0.0918763038421484,5213.35125974361
Net flux,G_Glyc,0*Glyc.p -> Glyc,8.6331008261597,1.41382923269348
Net flux,G_Glyx,0*Glyx.p -> Glyx,69.8460805956453,49.4668361178004
Net flux,G_HPA,0*HPA.p -> HPA,5.11730172064951,2.01186553705869
Net flux,(1-G)_Glyc,0*Glyc.x -> Glyc,91.3668991738409,1.41382923269348
Net flux,(1-G)_Glyx,0*Glyx.x -> Glyx,30.1539194043556,49.4668361178004
Net flux,(1-G)_HPA,0*HPA.x -> HPA,94.8826982793504,2.01186553705869
Net flux,GlycSink,Glyc -> Sink,100.000000000001,0
Net flux,GlyxSink,Glyx -> Sink,100.000000000001,0
Net flux,HPASink,HPA -> Sink,99.9999999999998,0
Net flux,SERex,dummySER -> outSER,0.909268170732246,3415.04899493815
Net flux,G_PYR,0*PYR.c -> PYR,46.6377011651044,3.31351681800384
Net flux,(1-G)_PYR,0*PYR.x -> PYR,53.3622988348958,3.31351681800384
Net flux,PYRSink,PYR -> Sink,100,0
Net flux,G_meTHF,0*meTHF.c -> meTHF,99.9999998999999,0
Net flux,G_FmTHF,0*FmTHF.c -> FmTHF,68.8941575083893,5.83340693443855
Net flux,G_Met,0*Met.c -> Met,57.4016485146533,4.7463211246758
Net flux,G_SAM,0*SAM.c -> SAM,58.3431017351371,5.03598012561512
Net flux,(1-G)_meTHF,0*meTHF.x -> meTHF,1.0000000116861e-07,0
Net flux,(1-G)_FmTHF,0*FmTHF.x -> FmTHF,31.1058424916108,5.83340693443855
Net flux,(1-G)_Met,0*Met.x -> Met,42.5983514853468,4.7463211246758
Net flux,(1-G)_SAM,0*SAM.x -> SAM,41.6568982648629,5.03598012561512
Net flux,meTHFSink,meTHF -> Sink,99.9999999999999,0
Net flux,FmTHFSink,FmTHF -> Sink,100,0
Net flux,MetSink,Met -> Sink,100,0
Net flux,SAMsink,SAM -> Sink,100,0
Net flux,Met-protein,Met.c -> Protein,6.51983996113883e-15,0
Net flux,GLY-protein,GLY.c -> Protein,0.0594650972786335,3415.04896891894
Net flux,SER-protein,SER.c -> Protein,9.99990490413438e-08,2.12550138762048e-12
Pool,2PG pool,,0,0
Pool,2PG.p pool,,2.50366494109213e-06,4921.13146181568
Pool,2PG.x pool,,1,Inf
Pool,3PGA pool,,0,0
Pool,3PGA.c pool,,3.67628245544922e-05,5163.55076252898
Pool,3PGA.p pool,,3.94606249123539e-06,4891.9783449169
Pool,3PGA.x pool,,1,Inf
Pool,ACA pool,,2.23356285728452e-06,5047.5569454219
Pool,ADPG pool,,0,0
Pool,ADPG.p pool,,9.9999999999999e-08,Inf
Pool,ADPG.x pool,,1,Inf
Pool,AKG pool,,2.22847265673682e-06,5146.68189744597
Pool,ALA pool,,0,0
Pool,ALA.c pool,,0.00757354017539587,0.00215228926421704
Pool,ALA.x pool,,1,Inf
Pool,ASN pool,,7566.06819330142,4890.90760551572
Pool,ASP pool,,0.00470773307686904,0.00335515950376088
Pool,Acceptor.c pool,,1,Inf
Pool,CIT pool,,5.73258693788816,2.3079097558824
Pool,CO2 pool,,0.000227615978659265,4893.10759106462
Pool,CO2.t pool,,1,Inf
Pool,E4P.p pool,,0,0
Pool,EC2 pool,,0,0
Pool,F6P pool,,0,0
Pool,F6P.c pool,,3.82983035095207e-06,5438.57900272261
Pool,F6P.p pool,,3.71135175496863e-06,5031.97700573328
Pool,F6P.x pool,,1,Inf
Pool,FBP pool,,0,0
Pool,FBP.c pool,,3.82397185292069e-06,4970.17435458667
Pool,FBP.p pool,,3.64030725607561e-06,5216.20802383761
Pool,FBP.x pool,,1,Inf
Pool,FmTHF pool,,2.99495020461655,2.38641856342483
Pool,FmTHF.c pool,,5.16637673907378e-07,5107.12127288266
Pool,FmTHF.x pool,,1,Inf
Pool,G6P pool,,0,0
Pool,G6P.c pool,,9.87570903843562e-06,4957.82560423493
Pool,G6P.p pool,,3.81563461715645e-06,4965.3448182985
Pool,G6P.x pool,,1,Inf
Pool,GA pool,,0,0
Pool,GA.p pool,,2.16749428446927e-06,4869.43571914321
Pool,GA.x pool,,1,Inf
Pool,GLN pool,,8.83867754934261,4896.9326925512
Pool,GLU pool,,2.22858820242321e-06,5243.97943457857
Pool,GLY pool,,0,0
Pool,GLY.c pool,,15.7018019915031,4848.78689275802
Pool,GLY.m pool,,0.209706875219343,0.0373365326220992
Pool,GLY.p pool,,0.000422879089215783,4845.08775883403
Pool,GLY.x pool,,1,Inf
Pool,Glyc pool,,5.35933244868181,2.48771595395203
Pool,Glyc.p pool,,5.11415235911969e-06,5053.92952248198
Pool,Glyc.x pool,,1,Inf
Pool,Glyx pool,,462.485878741179,321.068437999663
Pool,Glyx.p pool,,6.4963737629607e-06,5171.57064703646
Pool,Glyx.x pool,,1,Inf
Pool,HPA pool,,0.000178412914758115,5136.81693513265
Pool,HPA.p pool,,1.82358077056742e-06,5183.39296863165
Pool,HPA.x pool,,1,Inf
Pool,Hcy.c pool,,1,Inf
Pool,ICI pool,,0.00411565069903395,5047.79951279937
Pool,MAL pool,,0.825372568770332,0.280810143306104
Pool,Met pool,,0.00109755360711703,5160.76239314709
Pool,Met.c pool,,1.0064841886134e-06,4832.50857919655
Pool,Met.x pool,,1,Inf
Pool,OAA pool,,0.233126047600776,0.0659270529111471
Pool,P5P pool,,0,0
Pool,PEP pool,,0,0
Pool,PEP.c pool,,1.71880084850409e-05,4814.05916078856
Pool,PEP.x pool,,1,Inf
Pool,PRO pool,,5.39499638317058,5080.96121249429
Pool,PYR pool,,1.00000011760642e-07,5298.39996430466
Pool,PYR.c pool,,0.0318747925500446,0.00673129934828588
Pool,PYR.x pool,,1,Inf
Pool,Protein pool,,1,Inf
Pool,R5P pool,,0,0
Pool,R5P.p pool,,2.26449058283956e-05,5004.7711762452
Pool,R5P.x pool,,1,Inf
Pool,RU5P.p pool,,3.63167235832015e-06,4689.30149740708
Pool,RU5P.x pool,,1,Inf
Pool,RUBP pool,,0,0
Pool,RUBP.p pool,,3.64542049669442e-06,5014.37431889384
Pool,RUBP.x pool,,1,Inf
Pool,S6P pool,,1,Inf
Pool,S7P pool,,0,0
Pool,S7P.p pool,,3.72145015102571e-06,4644.55519431773
Pool,S7P.x pool,,1,Inf
Pool,SAH.c pool,,1,Inf
Pool,SAM pool,,3.82489117639112,2.60741151113963
Pool,SAM.c pool,,2.29511608314435e-06,5062.88246019288
Pool,SAM.x pool,,1,Inf
Pool,SBP pool,,0,0
Pool,SER pool,,0,0
Pool,SER.c pool,,1.00000000016753e-07,0
Pool,SER.m pool,,0.291244292667108,0.0399678791721238
Pool,SER.p pool,,0.00106715541964444,5159.51838887363
Pool,SER.x pool,,1,Inf
Pool,Sink pool,,1,Inf
Pool,Starch pool,,1,Inf
Pool,THR pool,,3889.76815385481,5085.69527488394
Pool,TP pool,,0,0
Pool,TP.c pool,,4.18180435984336e-06,5009.41411150694
Pool,TP.p pool,,4.08378751302801e-06,5243.97982234312
Pool,TP.x pool,,1,Inf
Pool,UDPG pool,,0,0
Pool,UDPG.c pool,,16.3231398857974,292.058739150293
Pool,UDPG.x pool,,1,Inf
Pool,X5P.p pool,,3.72713563581806e-06,5090.36711879345
Pool,dummy pool,,1,Inf
Pool,dummyGLY pool,,1,Inf
Pool,dummySER pool,,1,Inf
Pool,meTHF pool,,0.000637300262021199,5125.23442110879
Pool,meTHF.c pool,,5.12131278906062e-07,5245.20542682406
Pool,meTHF.x pool,,1,Inf
Pool,myTHF.m pool,,6.19836152525247e-06,5102.76397361141
Pool,outSER pool,,1,Inf
Norm,Experiment2 Glyc205 #1 norm,,0.938602788390418,0.0322515733677682
Norm,Experiment2 Glyc205 #2 norm,,0.996913178664525,0.016429221292427
Norm,Experiment2 Glyc205 #3 norm,,0.944118922928829,0.0220184551244226
Norm,Experiment2 Glyc205 #4 norm,,1.01901654300044,0.021809585997703
Norm,Experiment2 Glyc205 #5 norm,,1.02803778535193,0.0245654053549269
Norm,Experiment2 Glyc205 #6 norm,,0.972031644921783,0.0250370802341225
Norm,Experiment2 Glyc205 #7 norm,,0.993385739156556,0.0337454472948464
Norm,Experiment2 Glyc205 #8 norm,,0.957652696165443,0.0973889183976584
Norm,Experiment2 Glyx160 #1 norm,,1.02625936672062,0.0114174904039965
Norm,Experiment2 Glyx160 #2 norm,,0.980955050920284,0.0114166671212807
Norm,Experiment2 Glyx160 #3 norm,,0.973302563310127,0.0122698266417589
Norm,Experiment2 Glyx160 #4 norm,,1.01921710760361,0.0167083609524599
Norm,Experiment2 Glyx160 #5 norm,,1.0048552495013,0.0191138533894774
Norm,Experiment2 Glyx160 #6 norm,,0.986750610773259,0.0213139989245646
Norm,Experiment2 Glyx160 #7 norm,,1.01946925412862,0.0341387858126325
Norm,Experiment2 Glyx160 #8 norm,,1.03149738058006,0.125674508899399
Norm,Experiment2 GLY276 #1 norm,,0.99663877777437,0.0104556139665223
Norm,Experiment2 GLY276 #2 norm,,0.953703191316833,0.0203869043165827
Norm,Experiment2 GLY276 #3 norm,,0.975880728198767,0.017878807038965
Norm,Experiment2 GLY276 #4 norm,,1.04408746372752,0.0188893127587141
Norm,Experiment2 GLY276 #5 norm,,0.996838734451423,0.0399778869884151
Norm,Experiment2 GLY276 #6 norm,,1.03447181656966,0.0841156123938895
Norm,Experiment2 GLY276 #7 norm,,0.723518013924321,0.108709151528151
Norm,Experiment2 GLY276 #8 norm,,0.571300012162404,0.220691760091965
Norm,Experiment2 HPA262 #1 norm,,1.0117569339814,0.0204073568700751
Norm,Experiment2 HPA262 #2 norm,,0.994654196200926,0.0244684992240848
Norm,Experiment2 HPA262 #3 norm,,0.932157287925773,0.0224952730137593
Norm,Experiment2 HPA262 #4 norm,,1.00145325974375,0.0321238597546735
Norm,Experiment2 HPA262 #5 norm,,0.953272981530907,0.0210453241242761
Norm,Experiment2 HPA262 #6 norm,,0.937921364320045,0.0283580594149449
Norm,Experiment2 HPA262 #7 norm,,0.998269853480188,0.0244770580571907
Norm,Experiment2 HPA262 #8 norm,,1.00049528694366,0.0386698255913239
Norm,Experiment2 GA307 #1 norm,,1.01965524005349,0.0111077697223976
Norm,Experiment2 GA307 #2 norm,,0.92756489778768,0.0299498184150601
Norm,Experiment2 GA307 #3 norm,,0.889943653420726,0.0223047723927546
Norm,Experiment2 GA307 #4 norm,,0.985715020822752,0.0288296127330169
Norm,Experiment2 GA307 #5 norm,,0.891568380542243,0.0728517838221808
Norm,Experiment2 GA307 #6 norm,,0.844125256277404,0.11013938669426
Norm,Experiment2 GA307 #7 norm,,0.935482832218962,0.0685543111638497
Norm,Experiment2 GA307 #8 norm,,0.992621741742699,0.138788804615061
Norm,Experiment2 SER306 #1 norm,,0.989947210853021,0.0126276879910416
Norm,Experiment2 SER306 #2 norm,,0.949119815441755,0.0346655999965514
Norm,Experiment2 SER306 #3 norm,,0.944979368353738,0.0189940872527914
Norm,Experiment2 SER306 #4 norm,,0.997948900646212,0.0260955265103347
Norm,Experiment2 SER306 #5 norm,,1.00585885083433,0.0633874476340278
Norm,Experiment2 SER306 #6 norm,,0.965179237287358,0.122006358123679
Norm,Experiment2 SER306 #7 norm,,1.14308191433546,0.205994342757406
Norm,Experiment2 SER306 #8 norm,,0.980197103865569,0.300685019927081
Norm,Experiment2 meTHF #1 norm,,1.00965786840285,0.0102632137089342
Norm,Experiment2 meTHF #2 norm,,0.966824866989395,0.0135466663879704
Norm,Experiment2 meTHF #3 norm,,0.938355950680612,0.0249149846774726
Norm,Experiment2 meTHF #4 norm,,1.00655023651173,0.0266566714450355
Norm,Experiment2 meTHF #5 norm,,0.957871565963792,0.0907307755571205
Norm,Experiment2 meTHF #6 norm,,1.0605734337228,0.159135414749646
Norm,Experiment2 meTHF #7 norm,,1.00863765552315,0.216616616164199
Norm,Experiment2 meTHF #8 norm,,1.01875369606135,0.0851039857939731
Norm,Experiment2 FmTHF #1 norm,,0.991947692511738,0.0100643841849006
Norm,Experiment2 FmTHF #2 norm,,1.00403675889232,0.0116269721097703
Norm,Experiment2 FmTHF #3 norm,,0.998866789918517,0.0099710202631939
Norm,Experiment2 FmTHF #4 norm,,1.0295783557153,0.0217043267659626
Norm,Experiment2 FmTHF #5 norm,,0.959061969069392,0.0374621317275097
Norm,Experiment2 FmTHF #6 norm,,1.04286082893568,0.072547737269306
Norm,Experiment2 FmTHF #7 norm,,0.978469672668252,0.113804052474872
Norm,Experiment2 FmTHF #8 norm,,0.998478946130896,0.0767879603093969
Norm,Experiment2 Met176 #1 norm,,1.00304846960953,0.0240933621308959
Norm,Experiment2 Met176 #2 norm,,0.973869859942284,0.0364935193790648
Norm,Experiment2 Met176 #3 norm,,0.840690626873388,0.0320188023464874
Norm,Experiment2 Met176 #4 norm,,0.94006849915913,0.119635647929246
Norm,Experiment2 Met176 #5 norm,,0.879311434318093,0.0679357245543162
Norm,Experiment2 Met176 #6 norm,,1.00855640414299,0.0335185970025845
Norm,Experiment2 Met176 #7 norm,,0.997388493096214,0.0600184090172339
Norm,Experiment2 Met176 #8 norm,,1.01250820617085,0.21724743004029
Norm,Experiment2 SAM #1 norm,,0.994306873376288,0.0144150085367358
Norm,Experiment2 SAM #2 norm,,0.949872021042254,0.0209840860534083
Norm,Experiment2 SAM #3 norm,,0.965476820403245,0.0337857320505572
Norm,Experiment2 SAM #4 norm,,1.00939468591442,0.0447804526879384
Norm,Experiment2 SAM #5 norm,,0.992698396846451,0.0263720098726529
Norm,Experiment2 SAM #6 norm,,1.00952552947244,0.0577631488856997
Norm,Experiment2 SAM #7 norm,,1.01696125526741,0.0717922929926373
Norm,Experiment2 SAM #8 norm,,0.995311496348767,0.0691505599330861
Norm,Experiment2 CIT465 #1 norm,,0.979955084481454,0.0124351400667792
Norm,Experiment2 CIT465 #2 norm,,0.952536817896594,0.0102004397301949
Norm,Experiment2 CIT465 #3 norm,,0.990495601658364,0.0127582311756992
Norm,Experiment2 CIT465 #4 norm,,0.973375255502293,0.0128478619566366
Norm,Experiment2 CIT465 #5 norm,,1.0034383573947,0.0161478313337889
Norm,Experiment2 CIT465 #6 norm,,1.01954999739309,0.0116029298595312
Norm,Experiment2 CIT465 #7 norm,,0.99530681063712,0.0149336958773668
Norm,Experiment2 CIT465 #8 norm,,1.05997909910407,0.0214964308317606
Norm,Experiment2 MAL335 #1 norm,,1.00065193577018,0.011909285419919
Norm,Experiment2 MAL335 #2 norm,,1.00061845378946,0.0137103586849126
Norm,Experiment2 MAL335 #3 norm,,1.00051839094771,0.0129342646384821
Norm,Experiment2 MAL335 #4 norm,,1.00548563057877,0.0118300518459973
Norm,Experiment2 MAL335 #5 norm,,0.959745379649806,0.014869748505388
Norm,Experiment2 MAL335 #6 norm,,0.99400552549292,0.0150769434855872
Norm,Experiment2 MAL335 #7 norm,,0.976694571315742,0.019889833897282
Norm,Experiment2 MAL335 #8 norm,,0.991653260177094,0.0387209129188191
Norm,Experiment2 ASP334 #1 norm,,1.02727287570565,0.0167434320945665
Norm,Experiment2 ASP334 #2 norm,,0.944360595586873,0.0214937870884762
Norm,Experiment2 ASP334 #3 norm,,0.924116393117325,0.0169755624847879
Norm,Experiment2 ASP334 #4 norm,,0.992759243437969,0.0227185166347572
Norm,Experiment2 ASP334 #5 norm,,0.929216149037219,0.0226798322717875
Norm,Experiment2 ASP334 #6 norm,,0.946191332154258,0.0530698434728716
Norm,Experiment2 ASP334 #7 norm,,0.966345314048039,0.0597924231110201
Norm,Experiment2 ASP334 #8 norm,,0.94386174200837,0.0343645401896364
Norm,Experiment2 GLU348 #1 norm,,0.9780000180865,0.0114577787474874
Norm,Experiment2 GLU348 #2 norm,,0.970162126054802,0.0120532196519146
Norm,Experiment2 GLU348 #3 norm,,1.00856894451615,0.0122585801207348
Norm,Experiment2 GLU348 #4 norm,,1.00521331582818,0.0155225439168563
Norm,Experiment2 GLU348 #5 norm,,0.915692459670533,0.0282911268179503
Norm,Experiment2 GLU348 #6 norm,,0.937808819872256,0.0144937150456638
Norm,Experiment2 GLU348 #7 norm,,0.977255873969797,0.02364899021315
Norm,Experiment2 GLU348 #8 norm,,0.805338085075786,0.0430127524204966
Norm,Experiment2 THR320 #1 norm,,0.982582185699285,0.00987354545219704
Norm,Experiment2 THR320 #2 norm,,0.992969678320361,0.01185596409258
Norm,Experiment2 THR320 #3 norm,,1.01270608672578,0.0105770090928273
Norm,Experiment2 THR320 #4 norm,,0.996812373072267,0.0110592491071087
Norm,Experiment2 THR320 #5 norm,,0.969606686425269,0.0206697410249189
Norm,Experiment2 THR320 #6 norm,,1.01690222004191,0.011000221716572
Norm,Experiment2 THR320 #7 norm,,0.952071950108031,0.0136113884225764
Norm,Experiment2 THR320 #8 norm,,0.860936066163957,0.0367218738743431
Norm,Experiment2 ALA116 #1 norm,,0.983099633552491,0.00985240766810117
Norm,Experiment2 ALA116 #2 norm,,1.00475118229637,0.0101829744256132
Norm,Experiment2 ALA116 #3 norm,,1.02063168833591,0.0109885350178247
Norm,Experiment2 ALA116 #4 norm,,1.00335638286488,0.0250473746567393
Norm,Experiment2 ALA116 #5 norm,,1.07098165708405,0.079707488786938
Norm,Experiment2 ALA116 #6 norm,,0.99959807832468,0.0734030930180646
Norm,Experiment2 ALA116 #7 norm,,0.992694460732436,0.0774337508922368
Norm,Experiment2 ALA116 #8 norm,,0.925317614849953,0.148526356810423
Norm,Experiment2 PYR #1 norm,,0.964014362057646,0.0123039012159176
Norm,Experiment2 PYR #2 norm,,0.91050727830737,0.0504561006710844
Norm,Experiment2 PYR #3 norm,,0.973919470744149,0.0609124912029308
Norm,Experiment2 PYR #4 norm,,1.0128246109764,0.0461238287506865
Norm,Experiment2 PYR #5 norm,,1.02291333796034,0.108264879323878
Norm,Experiment2 PYR #6 norm,,0.982123354673208,0.129678817362796
Norm,Experiment2 PYR #7 norm,,1.01316708916493,0.0771098573691079
Norm,Experiment2 PYR #8 norm,,0.976922698360204,0.120744730590401
