type,id,eqn,val,std
Net flux,CO2.t,CO2.t -> CO2,64.0980056207401,1.51240862068649
Net flux,CO2_sink,dummy -> Sink,64.0980056207401,1.51240862068649
Net flux,RUBICSO_CO2,RUBP.p + CO2 -> 3PGA.p + 3PGA.p + dummy,65.2512246522144,1.51199447362553
Net flux,GAPDH.p net,3PGA.p <-> TP.p,132.907721071271,3.01488057269206
Exch flux,GAPDH.p exch,3PGA.p <-> TP.p,56124.9127168242,2953.56576616147
Net flux,ALD,TP.p + E4P.p -> SBP,22.4357840555223,0.505257656505405
Net flux,SBP,SBP -> S7P.p,22.4357840555223,0.505257656505405
Net flux,FBA.p net,TP.p + TP.p <-> FBP.p,29.9019932700394,0.78149872168881
Exch flux,FBA.p exch,TP.p + TP.p <-> FBP.p,25275.3724046061,2162.22511166447
Net flux,PFK.p net,FBP.p <-> F6P.p,29.9019932700425,0.78149872168881
Exch flux,PFK.p exch,FBP.p <-> F6P.p,1.00019406090723e-07,1.13000945198498e-12
Net flux,TK1 net,TP.p + EC2 <-> X5P.p,44.8715681110445,1.01051531301081
Exch flux,TK1 exch,TP.p + EC2 <-> X5P.p,1.00000008274037e-07,0
Net flux,TK2 net,S7P.p <-> R5P.p + EC2,22.4357840555222,0.505257656505405
Exch flux,TK2 exch,S7P.p <-> R5P.p + EC2,37.9911589965013,3403.18385854375
Net flux,TK3 net,F6P.p <-> E4P.p + EC2,22.435784055524,0.505257656505405
Exch flux,TK3 exch,F6P.p <-> E4P.p + EC2,11288.6903052422,5093.23753533327
Net flux,PPE net,X5P.p <-> RU5P.p,44.8715681110445,1.01051531301081
Exch flux,PPE exch,X5P.p <-> RU5P.p,79.4936361064451,5231.36987429595
Net flux,PPI net,R5P.p <-> RU5P.p,22.4357840555223,0.505257656505405
Exch flux,PPI exch,R5P.p <-> RU5P.p,240.575325853043,3369.83664916878
Net flux,PRK,RU5P.p -> RUBP.p,67.3073521665669,1.51577296947621
Net flux,RUBISCO_O2,RUBP.p -> 3PGA.p + 2PG.p,2.05612751435243,0.0847800533710258
Net flux,GLYdil net,GLY.p <-> GLY.x + dummyGLY,0.0147662840738789,0.00170994478603902
Exch flux,GLYdil exch,GLY.p <-> GLY.x + dummyGLY,1.0000000116861e-07,0
Net flux,SERdil net,SER.p <-> SER.x + dummySER,0.0504912361470389,0.00584690465299961
Exch flux,SERdil exch,SER.p <-> SER.x + dummySER,0.0670991274035799,0.0630081815915613
Net flux,GK,GA.p -> 3PGA.p,0.967096576383088,0.151578618174526
Net flux,PGI.p net,F6P.p <-> G6P.p,7.46620921452152,0.413657644368427
Exch flux,PGI.p exch,F6P.p <-> G6P.p,1.00000022484892e-07,2689.11570539435
Net flux,PGM.p,G6P.p -> ADPG.p,7.46620921452152,0.413657644368427
Net flux,Starch,ADPG.p -> Starch,7.4662092145215,0.413657644368427
Net flux,FBA.c net,TP.c + TP.c <-> FBP.c,2.89819118231027,0.335612322973715
Exch flux,FBA.c exch,TP.c + TP.c <-> FBP.c,21.1157646013281,5337.86012360996
Net flux,PFK.c net,FBP.c <-> F6P.c,2.89819118231029,0.335612322973715
Exch flux,PFK.c exch,FBP.c <-> F6P.c,6.32210389318742,17.7023005799851
Net flux,PGI.c net,F6P.c <-> G6P.c,1.44909559115516,0.167806161486858
Exch flux,PGI.c exch,F6P.c <-> G6P.c,227.012307882735,4910.77244031038
Net flux,PGM.c net,G6P.c <-> UDPG.c,1.44909559115331,0.167806161486858
Exch flux,PGM.c exch,G6P.c <-> UDPG.c,48481.4557821481,4178.42274673189
Net flux,SPS,F6P.c + UDPG.c -> S6P,1.4490955911551,0.167806161486858
Net flux,PGAM.c net,3PGA.c <-> PEP.c,0.617952323891851,0.0715592595176291
Exch flux,PGAM.c exch,3PGA.c <-> PEP.c,6.61932165668863,4178.42274734465
Net flux,PK.c,PEP.c -> PYR.c,0.280501433580334,0.0324822386993314
Net flux,PDH,PYR.c + dummy -> ACA + CO2,0.233449299735144,0.0270335726383526
Net flux,CS,OAA + ACA -> CIT,0.233449299735141,0.0270335726383526
Net flux,ACO net,CIT <-> ICI,0.233449299735184,0.0270335726383526
Exch flux,ACO exch,CIT <-> ICI,1508.21720384027,4178.42274673189
Net flux,IDH,ICI + dummy -> AKG + CO2,0.233449299735157,0.0270335726383526
Net flux,MDH net,MAL <-> OAA,7.105427357601e-15,0
Exch flux,MDH exch,MAL <-> OAA,0.105910687746849,0.112637158555978
Net flux,PPC,PEP.c + CO2 -> OAA + dummy,0.337450890312403,0.0390770208418464
Net flux,T_3PGA net,3PGA.p <-> 3PGA.c,0.617952323891831,0.0715592595176291
Exch flux,T_3PGA exch,3PGA.p <-> 3PGA.c,1.70049183056163,1.79339687514142
Net flux,T_DHAP net,TP.p <-> TP.c,5.79638236462059,0.671224645947431
Exch flux,T_DHAP exch,TP.p <-> TP.c,2.85797712491448,3.36951060545529
Net flux,ALT,PYR.c -> ALA.c,0.0470521338448161,0.00544866606126729
Net flux,ASPT,OAA -> ASP,0.104001590577243,0.0120434482045704
Net flux,GLUDH,AKG -> GLU,0.233449299735134,0.0270335726383526
Net flux,PCR net,GLU <-> PRO,-2.48689957516035e-14,0
Exch flux,PCR exch,GLU <-> PRO,1.0000000116861e-07,0
Net flux,GS net,GLU <-> GLN,0,0
Exch flux,GS exch,GLU <-> GLN,1.00042896633568e-07,0
Net flux,TS net,ASP <-> THR,0,0
Exch flux,TS exch,ASP <-> THR,0.0440684392270754,0.04340689215922
Net flux,AS net,ASP <-> ASN,1.06581410364015e-14,0
Exch flux,AS exch,ASP <-> ASN,1.0000000116861e-07,0
Net flux,G_3PGA.p,0*3PGA.p -> 3PGA,2.46866316899741e-06,6618.73063855921
Net flux,G_3PGA.c,0*3PGA.c -> 3PGA,92.9119081393448,5028.32126115752
Net flux,G_DHAP.p,0*TP.p -> TP,40.6853798422419,7202.31766704746
Net flux,G_DHAP.c,0*TP.c -> TP,51.8471856996948,5197.88725346447
Net flux,G_F6P.p,0*F6P.p -> F6P,48.6686345030748,7279.11488905203
Net flux,G_F6P.c,0*F6P.c -> F6P,36.546576817712,4780.01038828313
Net flux,G_FBP.p,0*FBP.p -> FBP,2.4686614779057e-06,7460.62341148636
Net flux,G_FBP.c,0*FBP.c -> FBP,83.4512310493626,4893.62924971587
Net flux,G_G6P.p,0*G6P.p -> G6P,19.0549768397257,6836.54258030041
Net flux,G_G6P.c,0*G6P.c -> G6P,58.8549499993082,4696.91232851644
Net flux,G_RU5P.p,0*RU5P.p -> P5P,2.46865391417828e-06,7031.37599750448
Net flux,G_X5P.p,0*X5P.p -> P5P,92.8477691490221,4659.96813184099
Net flux,G_R5P.p,0*R5P.p -> R5P,82.2810779884949,5349.64435618414
Net flux,G_GA.p,0*GA.p -> GA,32.645440270163,5.31115892857074
Net flux,G_SER.p,0*SER.p -> SER,81.7568582754754,7347.0025142595
Net flux,G_GLY.p,0*GLY.p -> GLY,9.99999940631824e-08,1.97192386072695e-12
Net flux,G_RUBP.p,0*RUBP.p -> RUBP,92.5302752673063,4937.03012797688
Net flux,G_S7P.p,0*S7P.p -> S7P,98.4567310636212,5288.96221316028
Net flux,G_2PG.p,0*2PG.p -> 2PG,87.0427532706349,5263.37726830248
Net flux,G_ADPG.p,0*ADPG.p -> ADPG,95.0805622183481,5510.8021930284
Net flux,G_PEP.c,0*PEP.c -> PEP,89.2305410445615,5374.4756140696
Net flux,G_UDPG.c,0*UDPG.c -> UDPG,72.4268033045549,5539.94701784493
Net flux,G_ALA.c,0*ALA.c -> ALA,67.5660406982491,5.19855092506204
Net flux,(1-G)_GA,0*GA.x -> GA,67.354559729839,5.31115892857074
Net flux,(1-G)_SER,0*SER.x -> SER,18.2431414627077,5.26700288844783
Net flux,(1-G)_GLY,0*GLY.x -> GLY,60.6644405272345,7.75059224044101
Net flux,(1-G)_R5P,0*R5P.x -> R5P,17.718922011502,5349.64435618414
Net flux,(1-G)_RUBP,0*RUBP.x -> RUBP,7.46972473269241,4937.03012797688
Net flux,(1-G)_3PGA,0*3PGA.x -> 3PGA,7.08808939199234,4337.73997531847
Net flux,(1-G)_TP,0*TP.x -> TP,7.46743445806384,5213.5835804551
Net flux,(1-G)_F6P,0*F6P.x -> F6P,14.7847886792169,5174.79885167765
Net flux,(1-G)_FBP,0*FBP.x -> FBP,16.5487664819707,5490.63854775514
Net flux,(1-G)_G6P,0*G6P.x -> G6P,22.0900731609643,5065.55727316103
Net flux,(1-G)_RU5P,0*RU5P.x -> P5P,7.15222838232537,5166.39435599374
Net flux,(1-G)_S7P,0*S7P.x -> S7P,1.5432689363768,5288.96221316028
Net flux,(1-G)_2PG,0*2PG.x -> 2PG,12.9572467293675,5263.37726830248
Net flux,(1-G)_ADPG,0*ADPG.x -> ADPG,4.91943778165087,5510.8021930284
Net flux,(1-G)_PEP,0*PEP.x -> PEP,10.7694589554367,5374.4756140696
Net flux,(1-G)_UDPG,0*UDPG.x -> UDPG,27.5731966954463,5539.94701784493
Net flux,(1-G)_ALA,0*ALA.x -> ALA,32.4339593017507,5.19855092506204
Net flux,PGASink,3PGA -> Sink,100,0
Net flux,DHAPSink,TP -> Sink,100.000000000001,0
Net flux,F6PSink,F6P -> Sink,100.000000000004,0
Net flux,FBPSink,FBP -> Sink,99.9999999999948,0
Net flux,G6PSink,G6P -> Sink,99.9999999999983,0
Net flux,P5PSink,P5P -> Sink,100.000000000001,0
Net flux,R5PSink,R5P -> Sink,99.9999999999968,0
Net flux,GASink,GA -> Sink,100.000000000002,0
Net flux,SERSink,SER -> Sink,99.9999999999996,0
Net flux,GLYSink,GLY -> Sink,100.000000000001,0
Net flux,RUBPSink,RUBP -> Sink,99.9999999999987,0
Net flux,S7PSink,S7P -> Sink,99.9999999999979,0
Net flux,2PGSink,2PG -> Sink,100.000000000002,0
Net flux,ADPGSink,ADPG -> Sink,99.9999999999989,0
Net flux,PEPSink,PEP -> Sink,99.9999999999983,0
Net flux,UDPGSink,UDPG -> Sink,100.000000000001,0
Net flux,ALASink,ALA -> Sink,99.9999999999998,0
Net flux,S6Pout-LL,S6P + 0.1611*GLU + 0.07177*ASP + 0.03247*ALA.c + 0.01019*dummyGLY + 0.03484*dummySER -> Sink,1.44909559115514,0.167806161486858
Net flux,PGP.p,2PG.p -> Glyc.p,2.05612751435245,0.0847800533710258
Net flux,GOX,Glyc.p -> Glyx.p,2.05612751435246,0.0847800533710258
Net flux,GGT,Glyx.p -> GLY.p,2.05612751435245,0.0847800533710258
Net flux,SGAT,SER.p -> HPA.p,0.967096576383077,0.151578618174526
Net flux,HPR.p,HPA.p -> GA.p,0.967096576383072,0.151578618174526
Net flux,T_GLY-m net,GLY.p <-> GLY.m,0.611184753815905,5462.70626722848
Exch flux,T_GLY-m exch,GLY.p <-> GLY.m,23968.6657321029,4929.82492946877
Net flux,GDC.m,GLY.m + dummy -> myTHF.m + CO2,1.02377132231648,0.153630162449955
Net flux,T_SER-m net,SER.p <-> SER.m,-1.02377132231641,0.153630162449955
Exch flux,T_SER-m exch,SER.p <-> SER.m,1386.78102030263,4938.58491716047
Net flux,mSHMT,GLY.m + myTHF.m -> SER.m,1.02377132231648,0.153630162449955
Net flux,T_SER-c net,SER.p <-> SER.c,0.00618350978635673,0.29346363595529
Exch flux,T_SER-c exch,SER.p <-> SER.c,0.153591584000014,0.978971457712243
Net flux,T_Gly-c net,GLY.p <-> GLY.c,1.43017647645997,5462.70626749315
Exch flux,T_Gly-c exch,GLY.p <-> GLY.c,0.0983989715275269,5462.70624163913
Net flux,cSHMT,SER.c -> GLY.c + meTHF.c,0.00618339399932732,0.293463636093284
Net flux,FmTHF-reductase net,meTHF.c <-> FmTHF.c,0.00618339399932921,0.293463636093284
Exch flux,FmTHF-reductase exch,meTHF.c <-> FmTHF.c,8.52779368403229,5384.8526791882
Net flux,Met-synthase,FmTHF.c + Hcy.c -> Met.c,0.00618339399930767,0.293463636093284
Net flux,SAM-synthase,Met.c -> SAM.c,0.006183393999317,0.293463636093284
Net flux,Methylation,SAM.c -> SAH.c + Acceptor.c,0.00618339399931211,0.293463636093284
Net flux,hydrolysis,SAH.c -> Hcy.c,0.00618339399930434,0.293463636093284
Net flux,G_SER.m,0*SER.m -> SER,-1.48380643594237e-06,5293.76963493116
Net flux,G_SER.c,0*SER.c -> SER,1.74562284982471e-06,5402.77739770121
Net flux,G_Gly.m,0*GLY.m -> GLY,1.0000000116861e-07,4.28465902577718e-13
Net flux,G_Gly.c,0*GLY.c -> GLY,39.3355592727667,7.75059224044101
Net flux,T_GLY-c-m,GLY.c -> GLY.m,1.43635789081438,5462.70625879292
Net flux,G_Glyc,0*Glyc.p -> Glyc,9.31503033714126,1.54539121294325
Net flux,G_Glyx,0*Glyx.p -> Glyx,97.828292057109,5139.33767236093
Net flux,G_HPA,0*HPA.p -> HPA,8.64686658904829,2.45379159734741
Net flux,(1-G)_Glyc,0*Glyc.x -> Glyc,90.6849696628594,1.54539121294325
Net flux,(1-G)_Glyx,0*Glyx.x -> Glyx,2.17170794289182,5139.33767236093
Net flux,(1-G)_HPA,0*HPA.x -> HPA,91.3531334109516,2.45379159734741
Net flux,GlycSink,Glyc -> Sink,100.000000000001,0
Net flux,GlyxSink,Glyx -> Sink,100.000000000001,0
Net flux,HPASink,HPA -> Sink,99.9999999999998,0
Net flux,SERex,dummySER -> outSER,9.99473597218525e-08,7.51731557725796e-13
Net flux,G_PYR,0*PYR.c -> PYR,44.0680411936083,2.75769295918708
Net flux,(1-G)_PYR,0*PYR.x -> PYR,55.931958806392,2.75769295918708
Net flux,PYRSink,PYR -> Sink,100,0
Net flux,G_meTHF,0*meTHF.c -> meTHF,99.9762418580191,4884.14291512303
Net flux,G_FmTHF,0*FmTHF.c -> FmTHF,78.2312033836253,5.62166169569919
Net flux,G_Met,0*Met.c -> Met,63.2955798049876,4.91327968935806
Net flux,G_SAM,0*SAM.c -> SAM,58.4371719262122,4.28862356663943
Net flux,(1-G)_meTHF,0*meTHF.x -> meTHF,0.0237581419807924,4884.14291512303
Net flux,(1-G)_FmTHF,0*FmTHF.x -> FmTHF,21.7687966163747,5.62166169569919
Net flux,(1-G)_Met,0*Met.x -> Met,36.7044201950124,4.91327968935806
Net flux,(1-G)_SAM,0*SAM.x -> SAM,41.5628280737878,4.28862356663943
Net flux,meTHFSink,meTHF -> Sink,99.9999999999999,0
Net flux,FmTHFSink,FmTHF -> Sink,100,0
Net flux,MetSink,Met -> Sink,100,0
Net flux,SAMsink,SAM -> Sink,100,0
Net flux,Met-protein,Met.c -> Protein,6.51983996113883e-15,0
Net flux,GLY-protein,GLY.c -> Protein,1.97964494574876e-06,4.73724234330936e-13
Net flux,SER-protein,SER.c -> Protein,1.15787030630088e-07,5.39120053469938e-13
Pool,2PG pool,,0,0
Pool,2PG.p pool,,8.62065008011624e-07,5064.17105758919
Pool,2PG.x pool,,1,Inf
Pool,3PGA pool,,0,0
Pool,3PGA.c pool,,0.0686081933468963,0.0466518880739114
Pool,3PGA.p pool,,3.09641787128802e-06,5189.27051351178
Pool,3PGA.x pool,,1,Inf
Pool,ACA pool,,1.49870090330306e-05,5434.93399102903
Pool,ADPG pool,,0,0
Pool,ADPG.p pool,,9.9999999999999e-08,Inf
Pool,ADPG.x pool,,1,Inf
Pool,AKG pool,,7.77861832072543e-07,5199.19804554331
Pool,ALA pool,,0,0
Pool,ALA.c pool,,0.00628747323708317,0.00183979990535435
Pool,ALA.x pool,,1,Inf
Pool,ASN pool,,7557.65956802453,5041.81838564576
Pool,ASP pool,,0.0570758803006392,0.0148692084120407
Pool,Acceptor.c pool,,1,Inf
Pool,CIT pool,,4.57116426287481,1.56826110952055
Pool,CO2 pool,,4.22327744742984e-05,5108.35195200599
Pool,CO2.t pool,,1,Inf
Pool,E4P.p pool,,0,0
Pool,EC2 pool,,0,0
Pool,F6P pool,,0,0
Pool,F6P.c pool,,3.82984138794646e-06,5299.83291703366
Pool,F6P.p pool,,2.35515498153761e-06,5380.38577513633
Pool,F6P.x pool,,1,Inf
Pool,FBP pool,,0,0
Pool,FBP.c pool,,3.73141011138014e-06,5162.86025793592
Pool,FBP.p pool,,2.40637005970405e-06,5302.79554120819
Pool,FBP.x pool,,1,Inf
Pool,FmTHF pool,,3.45632660783868,1.80034607272108
Pool,FmTHF.c pool,,1e-07,0
Pool,FmTHF.x pool,,1,Inf
Pool,G6P pool,,0,0
Pool,G6P.c pool,,9.87565025371187e-06,5018.09078241428
Pool,G6P.p pool,,3.73762509759062e-06,4984.11570217106
Pool,G6P.x pool,,1,Inf
Pool,GA pool,,0,0
Pool,GA.p pool,,8.31338244636107e-07,4858.39829361923
Pool,GA.x pool,,1,Inf
Pool,GLN pool,,8.83867754888323,5138.27959729515
Pool,GLU pool,,7.77970988514867e-07,5121.21674741421
Pool,GLY pool,,0,0
Pool,GLY.c pool,,0.365266981568951,0.106898644337767
Pool,GLY.m pool,,9.99999999994061e-08,0
Pool,GLY.p pool,,2.28764382394872e-06,5261.2331124068
Pool,GLY.x pool,,1,Inf
Pool,Glyc pool,,7.06707665111645,3.27927647538519
Pool,Glyc.p pool,,1.02308030644547e-06,5038.76975540681
Pool,Glyc.x pool,,1,Inf
Pool,Glyx pool,,604.950060095428,142.894098647419
Pool,Glyx.p pool,,1.18715358860759e-06,5339.20537774536
Pool,Glyx.x pool,,1,Inf
Pool,HPA pool,,0.000153166561130025,4855.31612102122
Pool,HPA.p pool,,7.23119034827953e-07,5132.52829772055
Pool,HPA.x pool,,1,Inf
Pool,Hcy.c pool,,1,Inf
Pool,ICI pool,,0.00516394765981346,5255.62722583174
Pool,MAL pool,,0.712341739586097,0.597787744796034
Pool,Met pool,,0.000399616318934104,5187.68296040558
Pool,Met.c pool,,1e-07,0
Pool,Met.x pool,,1,Inf
Pool,OAA pool,,1e-07,0
Pool,P5P pool,,0,0
Pool,PEP pool,,0,0
Pool,PEP.c pool,,1.18814099227149e-05,4809.87762377154
Pool,PEP.x pool,,1,Inf
Pool,PRO pool,,5.3949963827116,5352.66687342937
Pool,PYR pool,,5.84134161301371e-05,5112.71209889542
Pool,PYR.c pool,,0.0158344109893064,0.00555947996453975
Pool,PYR.x pool,,1,Inf
Pool,Protein pool,,1,Inf
Pool,R5P pool,,0,0
Pool,R5P.p pool,,5.07553368483712e-06,5293.99020624063
Pool,R5P.x pool,,1,Inf
Pool,RU5P.p pool,,2.39415294957851e-06,4727.86844876083
Pool,RU5P.x pool,,1,Inf
Pool,RUBP pool,,0,0
Pool,RUBP.p pool,,2.3884394802301e-06,5234.89820948999
Pool,RUBP.x pool,,1,Inf
Pool,S6P pool,,1,Inf
Pool,S7P pool,,0,0
Pool,S7P.p pool,,2.07973952176885e-06,4815.63873784013
Pool,S7P.x pool,,1,Inf
Pool,SAH.c pool,,1,Inf
Pool,SAM pool,,0.00419087060520438,5170.76226824862
Pool,SAM.c pool,,5.82788089700402e-05,4745.98586051402
Pool,SAM.x pool,,1,Inf
Pool,SBP pool,,0,0
Pool,SER pool,,0,0
Pool,SER.c pool,,9.99999999994061e-08,0
Pool,SER.m pool,,0.322838253363712,0.0728382061111423
Pool,SER.p pool,,0.000419638293610685,4967.57495296394
Pool,SER.x pool,,1,Inf
Pool,Sink pool,,1,Inf
Pool,Starch pool,,1,Inf
Pool,THR pool,,0.231900897301678,0.236354989450693
Pool,TP pool,,0,0
Pool,TP.c pool,,4.08270991777678e-06,5122.71025647428
Pool,TP.p pool,,3.18001092611337e-06,5009.52491178293
Pool,TP.x pool,,1,Inf
Pool,UDPG pool,,0,0
Pool,UDPG.c pool,,2.38084194011405,2.45217496150614
Pool,UDPG.x pool,,1,Inf
Pool,X5P.p pool,,2.4390321003873e-06,5147.96406244899
Pool,dummy pool,,1,Inf
Pool,dummyGLY pool,,1,Inf
Pool,dummySER pool,,1,Inf
Pool,meTHF pool,,0.000150838627679383,5065.14628057564
Pool,meTHF.c pool,,1e-07,0
Pool,meTHF.x pool,,1,Inf
Pool,myTHF.m pool,,1.00000000000273e-07,0
Pool,outSER pool,,1,Inf
Norm,Experiment2 Glyc205 #1 norm,,0.968887498250419,0.0358404335212416
Norm,Experiment2 Glyc205 #2 norm,,0.974209963579732,0.0157276190908703
Norm,Experiment2 Glyc205 #3 norm,,1.0004308324286,0.0224566534529834
Norm,Experiment2 Glyc205 #4 norm,,0.985219320061836,0.0219953559446132
Norm,Experiment2 Glyc205 #5 norm,,1.00073382308919,0.024049168476658
Norm,Experiment2 Glyc205 #6 norm,,0.985818510328895,0.0264035124785597
Norm,Experiment2 Glyc205 #7 norm,,1.00544589307181,0.0340284179585414
Norm,Experiment2 Glyc205 #8 norm,,0.911107781933667,0.10828188331084
Norm,Experiment2 Glyx160 #1 norm,,1.0443790293733,0.011739400316475
Norm,Experiment2 Glyx160 #2 norm,,0.982523990090749,0.0117420949045152
Norm,Experiment2 Glyx160 #3 norm,,0.967221734009733,0.012143758243397
Norm,Experiment2 Glyx160 #4 norm,,0.973899957158045,0.0161387563986078
Norm,Experiment2 Glyx160 #5 norm,,1.00404997186434,0.0143651967798455
Norm,Experiment2 Glyx160 #6 norm,,0.984434264578817,0.02033791323738
Norm,Experiment2 Glyx160 #7 norm,,1.02851243081819,0.0324165682598029
Norm,Experiment2 Glyx160 #8 norm,,0.951307170954665,0.123832821102589
Norm,Experiment2 GLY276 #1 norm,,0.988757646468391,0.0102979489755979
Norm,Experiment2 GLY276 #2 norm,,0.959539265607645,0.0203692494668088
Norm,Experiment2 GLY276 #3 norm,,0.967499802975906,0.0171042305286545
Norm,Experiment2 GLY276 #4 norm,,1.04286098279283,0.0180513903792513
Norm,Experiment2 GLY276 #5 norm,,0.977418121925183,0.0398169455975121
Norm,Experiment2 GLY276 #6 norm,,0.98445022315649,0.0788509328596769
Norm,Experiment2 GLY276 #7 norm,,0.992743963497173,0.141984185309162
Norm,Experiment2 GLY276 #8 norm,,0.970121672748954,0.278289928674577
Norm,Experiment2 HPA262 #1 norm,,0.972138048116435,0.0195072935760969
Norm,Experiment2 HPA262 #2 norm,,0.935307853267913,0.0240757309851215
Norm,Experiment2 HPA262 #3 norm,,0.944005815766057,0.0232513816360937
Norm,Experiment2 HPA262 #4 norm,,0.986994944378316,0.0299171385439174
Norm,Experiment2 HPA262 #5 norm,,0.970022216991361,0.0233502673273485
Norm,Experiment2 HPA262 #6 norm,,0.967937195892467,0.0284417950396772
Norm,Experiment2 HPA262 #7 norm,,0.972360478023548,0.0244557829396542
Norm,Experiment2 HPA262 #8 norm,,0.997536400429282,0.0399143871655202
Norm,Experiment2 GA307 #1 norm,,1.00541761151957,0.0109309142087568
Norm,Experiment2 GA307 #2 norm,,0.917328878325315,0.0294736522327426
Norm,Experiment2 GA307 #3 norm,,0.884671330680338,0.021520502861908
Norm,Experiment2 GA307 #4 norm,,0.98501215555587,0.0266182631487483
Norm,Experiment2 GA307 #5 norm,,0.96043750777614,0.0718404098892753
Norm,Experiment2 GA307 #6 norm,,0.875541169427128,0.0861497297633277
Norm,Experiment2 GA307 #7 norm,,0.8856939145271,0.0721070811280433
Norm,Experiment2 GA307 #8 norm,,0.992095388916906,0.161007806621281
Norm,Experiment2 SER306 #1 norm,,0.964087094982613,0.0124411917480004
Norm,Experiment2 SER306 #2 norm,,0.943034124077458,0.0328149932239044
Norm,Experiment2 SER306 #3 norm,,1.01332940278974,0.0209767210210047
Norm,Experiment2 SER306 #4 norm,,1.01180685300866,0.0256529063106688
Norm,Experiment2 SER306 #5 norm,,0.999445257271179,0.053907705642352
Norm,Experiment2 SER306 #6 norm,,0.993162778588048,0.120729210572176
Norm,Experiment2 SER306 #7 norm,,1.07012993461785,0.111856943721652
Norm,Experiment2 SER306 #8 norm,,1.00068454561082,0.0910285526185722
Norm,Experiment2 meTHF #1 norm,,1.01073591879749,0.00992634214568022
Norm,Experiment2 meTHF #2 norm,,0.975869895931628,0.0141943511320993
Norm,Experiment2 meTHF #3 norm,,0.984104223294576,0.0273434229191165
Norm,Experiment2 meTHF #4 norm,,1.05499730560774,0.0292130783177464
Norm,Experiment2 meTHF #5 norm,,0.916459556453017,0.073447774165227
Norm,Experiment2 meTHF #6 norm,,1.03252398783798,0.165594799008555
Norm,Experiment2 meTHF #7 norm,,1.00653256871847,0.180129145691524
Norm,Experiment2 meTHF #8 norm,,0.998350335175483,0.067615756293272
Norm,Experiment2 FmTHF #1 norm,,1.00002257467103,0.0100206528512402
Norm,Experiment2 FmTHF #2 norm,,0.985795489876049,0.0113461456720492
Norm,Experiment2 FmTHF #3 norm,,1.0003272775743,0.0114868319822426
Norm,Experiment2 FmTHF #4 norm,,1.00845884589609,0.0224886958582087
Norm,Experiment2 FmTHF #5 norm,,1.00617419906638,0.0404757862342724
Norm,Experiment2 FmTHF #6 norm,,0.97285300530847,0.0712641851338186
Norm,Experiment2 FmTHF #7 norm,,0.997860050058631,0.119098885752952
Norm,Experiment2 FmTHF #8 norm,,0.997782757960437,0.0670384954206859
Norm,Experiment2 Met176 #1 norm,,0.972028786407429,0.0236461077899142
Norm,Experiment2 Met176 #2 norm,,0.987540385345379,0.0371839506082629
Norm,Experiment2 Met176 #3 norm,,0.989817744688334,0.0353244300639541
Norm,Experiment2 Met176 #4 norm,,0.858772652680751,0.0682431752076995
Norm,Experiment2 Met176 #5 norm,,0.915660154805463,0.070047815573571
Norm,Experiment2 Met176 #6 norm,,1.01886520460528,0.0366668299570282
Norm,Experiment2 Met176 #7 norm,,0.995668584958506,0.0590455658883259
Norm,Experiment2 Met176 #8 norm,,0.999987120268027,0.147808859841497
Norm,Experiment2 SAM #1 norm,,1.00581158041104,0.0147533090970125
Norm,Experiment2 SAM #2 norm,,0.991247332079208,0.0230770476507671
Norm,Experiment2 SAM #3 norm,,0.996770403110827,0.0330116807750676
Norm,Experiment2 SAM #4 norm,,0.993139283927536,0.0438953924302005
Norm,Experiment2 SAM #5 norm,,1.00898133865183,0.0222672480008207
Norm,Experiment2 SAM #6 norm,,0.980904793198339,0.0501205015867693
Norm,Experiment2 SAM #7 norm,,1.00158100003932,0.0686057069518393
Norm,Experiment2 SAM #8 norm,,0.999971039636062,0.0673166415935857
Norm,Experiment2 CIT465 #1 norm,,0.952852693002219,0.012008762565411
Norm,Experiment2 CIT465 #2 norm,,0.937814608462047,0.00993406566315204
Norm,Experiment2 CIT465 #3 norm,,0.993091683875377,0.0130574355374101
Norm,Experiment2 CIT465 #4 norm,,0.989622231469679,0.013031437412222
Norm,Experiment2 CIT465 #5 norm,,0.979606320154515,0.0158387994256827
Norm,Experiment2 CIT465 #6 norm,,0.984439139199068,0.0116891186991164
Norm,Experiment2 CIT465 #7 norm,,0.983440759729374,0.0150043725983165
Norm,Experiment2 CIT465 #8 norm,,0.999758579154383,0.0209462418774595
Norm,Experiment2 MAL335 #1 norm,,0.982198118297872,0.0117627953079993
Norm,Experiment2 MAL335 #2 norm,,0.952900821531465,0.0128981700168406
Norm,Experiment2 MAL335 #3 norm,,0.986455697882128,0.0132592721720138
Norm,Experiment2 MAL335 #4 norm,,0.956445330410656,0.0113126586311701
Norm,Experiment2 MAL335 #5 norm,,1.02432533294775,0.0154900532901514
Norm,Experiment2 MAL335 #6 norm,,1.03640059884441,0.0167137685495481
Norm,Experiment2 MAL335 #7 norm,,0.978232477276015,0.0217219616288436
Norm,Experiment2 MAL335 #8 norm,,0.952959443093173,0.0408271277160745
Norm,Experiment2 ASP334 #1 norm,,1.01471784125005,0.016282749553008
Norm,Experiment2 ASP334 #2 norm,,0.956017462571732,0.023493050030343
Norm,Experiment2 ASP334 #3 norm,,1.01747580094027,0.0187205224427723
Norm,Experiment2 ASP334 #4 norm,,0.954977227708723,0.0236497748682256
Norm,Experiment2 ASP334 #5 norm,,0.932446499494313,0.0281613660469563
Norm,Experiment2 ASP334 #6 norm,,0.968528365849269,0.0573598088019006
Norm,Experiment2 ASP334 #7 norm,,1.0210747590962,0.0665843610557052
Norm,Experiment2 ASP334 #8 norm,,0.941761896592272,0.0377754643919341
Norm,Experiment2 GLU348 #1 norm,,1.00845606594882,0.0119369065688461
Norm,Experiment2 GLU348 #2 norm,,0.992509854199938,0.0123528891357422
Norm,Experiment2 GLU348 #3 norm,,0.971361526968716,0.011571231592459
Norm,Experiment2 GLU348 #4 norm,,1.04137419467527,0.0161939295256498
Norm,Experiment2 GLU348 #5 norm,,0.934456838242065,0.027025939989992
Norm,Experiment2 GLU348 #6 norm,,0.986887218102153,0.0155446059622477
Norm,Experiment2 GLU348 #7 norm,,0.967371063435905,0.0226534168613099
Norm,Experiment2 GLU348 #8 norm,,0.92425288843602,0.053330477131156
Norm,Experiment2 THR320 #1 norm,,1.00969307829361,0.0102816365626894
Norm,Experiment2 THR320 #2 norm,,0.987881501758765,0.0119595749962303
Norm,Experiment2 THR320 #3 norm,,1.01815710116993,0.0104455323426796
Norm,Experiment2 THR320 #4 norm,,1.01457520598002,0.0114637086202552
Norm,Experiment2 THR320 #5 norm,,0.972719245981324,0.0199094428745265
Norm,Experiment2 THR320 #6 norm,,1.00031388429186,0.0108547601951764
Norm,Experiment2 THR320 #7 norm,,0.995230486618216,0.0172277973022856
Norm,Experiment2 THR320 #8 norm,,0.998783993443311,0.0433031288615288
Norm,Experiment2 ALA116 #1 norm,,1.01799970138342,0.010249168934748
Norm,Experiment2 ALA116 #2 norm,,1.02545245813809,0.0102384997698009
Norm,Experiment2 ALA116 #3 norm,,1.03628459160322,0.0107141558195425
Norm,Experiment2 ALA116 #4 norm,,1.04168459472298,0.0260960850008032
Norm,Experiment2 ALA116 #5 norm,,1.04628414858472,0.0766413656282849
Norm,Experiment2 ALA116 #6 norm,,1.00216327479146,0.065922516033843
Norm,Experiment2 ALA116 #7 norm,,1.00719227822029,0.0746134806904699
Norm,Experiment2 ALA116 #8 norm,,0.930125765956908,0.159250307878048
Norm,Experiment2 PYR #1 norm,,0.968842009197545,0.012452561884543
Norm,Experiment2 PYR #2 norm,,0.87452703885374,0.0481526714507505
Norm,Experiment2 PYR #3 norm,,0.897406384800831,0.0632773131185821
Norm,Experiment2 PYR #4 norm,,0.997568502909438,0.0541439888303983
Norm,Experiment2 PYR #5 norm,,0.979914758855774,0.127019142452788
Norm,Experiment2 PYR #6 norm,,0.971066704598566,0.109970121101657
Norm,Experiment2 PYR #7 norm,,1.0253203110335,0.0719991657705178
Norm,Experiment2 PYR #8 norm,,0.984494660615392,0.105475234641125
