type,id,eqn,val,std
Net flux,CO2.t,CO2.t -> CO2,67.3527706665292,1.51716036966435
Net flux,CO2_sink,dummy -> Sink,67.3527706665291,1.51716036966435
Net flux,RUBICSO_CO2,RUBP.p + CO2 -> 3PGA.p + 3PGA.p + dummy,68.8979786760437,1.52259710209363
Net flux,GAPDH.p net,3PGA.p <-> TP.p,140.127094291442,3.03271800019246
Exch flux,GAPDH.p exch,3PGA.p <-> TP.p,154324.280376257,2148.56311591686
Net flux,ALD,TP.p + E4P.p -> SBP,23.6875530538815,0.508760516603313
Net flux,SBP,SBP -> S7P.p,23.6875530538815,0.508760516603313
Net flux,FBA.p net,TP.p + TP.p <-> FBP.p,32.1613024963153,0.778575505281967
Exch flux,FBA.p exch,TP.p + TP.p <-> FBP.p,17602.731720558,2542.320121915
Net flux,PFK.p net,FBP.p <-> F6P.p,32.1613024963185,0.778575505281967
Exch flux,PFK.p exch,FBP.p <-> F6P.p,9.99878011498367e-08,7.33845809237511e-13
Net flux,TK1 net,TP.p + EC2 <-> X5P.p,47.3751061077629,1.01752103320663
Exch flux,TK1 exch,TP.p + EC2 <-> X5P.p,1.0000000116861e-07,1.40658288963166e-12
Net flux,TK2 net,S7P.p <-> R5P.p + EC2,23.6875530538815,0.508760516603313
Exch flux,TK2 exch,S7P.p <-> R5P.p + EC2,38.0761246743675,5306.04493462981
Net flux,TK3 net,F6P.p <-> E4P.p + EC2,23.6875530538819,0.508760516603313
Exch flux,TK3 exch,F6P.p <-> E4P.p + EC2,8215.56692055703,5012.74045983024
Net flux,PPE net,X5P.p <-> RU5P.p,47.3751061077629,1.01752103320663
Exch flux,PPE exch,X5P.p <-> RU5P.p,79.7007114049431,5613.5244334
Net flux,PPI net,R5P.p <-> RU5P.p,23.6875530538815,0.508760516603313
Exch flux,PPI exch,R5P.p <-> RU5P.p,238.343004862485,5239.21562250075
Net flux,PRK,RU5P.p -> RUBP.p,71.0626591616445,1.52628154978916
Net flux,RUBISCO_O2,RUBP.p -> 3PGA.p + 2PG.p,2.16468048560077,0.0846909167935775
Net flux,GLYdil net,GLY.p <-> GLY.x + dummyGLY,0.0120798122744148,0.00161627362812628
Exch flux,GLYdil exch,GLY.p <-> GLY.x + dummyGLY,1.0000000116861e-07,0
Net flux,SERdil net,SER.p <-> SER.x + dummySER,0.0413052410108463,0.00552660991854665
Exch flux,SERdil exch,SER.p <-> SER.x + dummySER,1.00040736583651e-07,9.37735708241826e-13
Net flux,GK,GA.p -> 3PGA.p,0.671982964662444,0.0817646851714253
Net flux,PGI.p net,F6P.p <-> G6P.p,8.47374944243595,0.398159705285847
Exch flux,PGI.p exch,F6P.p <-> G6P.p,9.99983669203175e-08,5604.53419412972
Net flux,PGM.p,G6P.p -> ADPG.p,8.47374944243596,0.398159705285847
Net flux,Starch,ADPG.p -> Starch,8.47374944243593,0.398159705285847
Net flux,FBA.c net,TP.c + TP.c <-> FBP.c,2.37091506857907,0.317227405258462
Exch flux,FBA.c exch,TP.c + TP.c <-> FBP.c,22.4866826441646,3172.14727386498
Net flux,PFK.c net,FBP.c <-> F6P.c,2.37091506857908,0.317227405258462
Exch flux,PFK.c exch,FBP.c <-> F6P.c,7.87055745925482,25.8335853166294
Net flux,PGI.c net,F6P.c <-> G6P.c,1.18545753428958,0.158613702629231
Exch flux,PGI.c exch,F6P.c <-> G6P.c,229.023933098085,3055.91620973905
Net flux,PGM.c net,G6P.c <-> UDPG.c,1.18545753428771,0.158613702629231
Exch flux,PGM.c exch,G6P.c <-> UDPG.c,48481.9026749038,5588.50428647941
Net flux,SPS,F6P.c + UDPG.c -> S6P,1.1854575342895,0.158613702629231
Net flux,PGAM.c net,3PGA.c <-> PEP.c,0.505526510923384,0.0676392272901565
Exch flux,PGAM.c exch,3PGA.c <-> PEP.c,9.99958531533451e-08,4.02191814282084e-13
Net flux,PK.c,PEP.c -> PYR.c,0.229469014911878,0.0307028544034423
Net flux,PDH,PYR.c + dummy -> ACA + CO2,0.190977208774217,0.0255526674343822
Net flux,CS,OAA + ACA -> CIT,0.190977208774213,0.0255526674343822
Net flux,ACO net,CIT <-> ICI,0.190977208774257,0.0255526674343822
Exch flux,ACO exch,CIT <-> ICI,1651.19048717946,5068.69730668417
Net flux,IDH,ICI + dummy -> AKG + CO2,0.190977208774229,0.0255526674343822
Net flux,MDH net,MAL <-> OAA,7.105427357601e-15,0
Exch flux,MDH exch,MAL <-> OAA,0.292272519306799,0.0625666728957137
Net flux,PPC,PEP.c + CO2 -> OAA + dummy,0.276057496010117,0.0369363729400603
Net flux,T_3PGA net,3PGA.p <-> 3PGA.c,0.50552651092336,0.0676392272901565
Exch flux,T_3PGA exch,3PGA.p <-> 3PGA.c,1.0000000116861e-07,0
Net flux,T_DHAP net,TP.p <-> TP.c,4.74183013715818,0.634454810516924
Exch flux,T_DHAP exch,TP.p <-> TP.c,4.06573443455905,1.94893384312194
Net flux,ALT,PYR.c -> ALA.c,0.0384918061383114,0.00515018692255639
Net flux,ASPT,OAA -> ASP,0.0850802872363396,0.0113837054166093
Net flux,GLUDH,AKG -> GLU,0.190977208774206,0.0255526674343822
Net flux,PCR net,GLU <-> PRO,-2.48689957516035e-14,0
Exch flux,PCR exch,GLU <-> PRO,1.0000000116861e-07,0
Net flux,GS net,GLU <-> GLN,0,0
Exch flux,GS exch,GLU <-> GLN,1.00064298180769e-07,0
Net flux,TS net,ASP <-> THR,0,0
Exch flux,TS exch,ASP <-> THR,1.0000000116861e-07,0
Net flux,AS net,ASP <-> ASN,1.06581410364015e-14,0
Exch flux,AS exch,ASP <-> ASN,1.0000000116861e-07,0
Net flux,G_3PGA.p,0*3PGA.p -> 3PGA,2.1022374170343e-06,7197.86636515876
Net flux,G_3PGA.c,0*3PGA.c -> 3PGA,92.9119084889662,5376.77362783675
Net flux,G_DHAP.p,0*TP.p -> TP,40.6853798422514,6386.90803389114
Net flux,G_DHAP.c,0*TP.c -> TP,51.8471856998323,4965.97716071984
Net flux,G_F6P.p,0*F6P.p -> F6P,48.6686345032613,6940.12121182109
Net flux,G_F6P.c,0*F6P.c -> F6P,36.5465768177337,5170.25566390201
Net flux,G_FBP.p,0*FBP.p -> FBP,2.10223446117652e-06,7217.68167819601
Net flux,G_FBP.c,0*FBP.c -> FBP,83.4512313387802,4960.38514250206
Net flux,G_G6P.p,0*G6P.p -> G6P,19.0549768395407,6489.63763077307
Net flux,G_G6P.c,0*G6P.c -> G6P,58.8549499996569,4576.97962034461
Net flux,G_RU5P.p,0*RU5P.p -> P5P,2.10222547636363e-06,7258.45136916147
Net flux,G_X5P.p,0*X5P.p -> P5P,92.8477694980079,4837.81664667899
Net flux,G_R5P.p,0*R5P.p -> R5P,82.2810779887508,4649.57577191328
Net flux,G_GA.p,0*GA.p -> GA,43.8648255738759,4.63452167118239
Net flux,G_SER.p,0*SER.p -> SER,81.8680857089332,5215.86436681084
Net flux,G_GLY.p,0*GLY.p -> GLY,1.91888238287326,5035.68647262174
Net flux,G_RUBP.p,0*RUBP.p -> RUBP,92.5302752674636,4887.45237413207
Net flux,G_S7P.p,0*S7P.p -> S7P,98.4567310636578,5300.79462639066
Net flux,G_2PG.p,0*2PG.p -> 2PG,87.0427532708633,4962.72551954057
Net flux,G_ADPG.p,0*ADPG.p -> ADPG,95.0805622184582,5037.8642371572
Net flux,G_PEP.c,0*PEP.c -> PEP,89.2305410447667,5121.74301603089
Net flux,G_UDPG.c,0*UDPG.c -> UDPG,72.4268033047895,5491.33087446694
Net flux,G_ALA.c,0*ALA.c -> ALA,65.0490703151369,6.1641767036198
Net flux,(1-G)_GA,0*GA.x -> GA,56.135174426126,4.63452167118239
Net flux,(1-G)_SER,0*SER.x -> SER,18.1319101354809,5.12074602464095
Net flux,(1-G)_GLY,0*GLY.x -> GLY,58.3959362514205,7.62648010616867
Net flux,(1-G)_R5P,0*R5P.x -> R5P,17.7189220112461,4649.57577191328
Net flux,(1-G)_RUBP,0*RUBP.x -> RUBP,7.46972473253513,4887.45237413207
Net flux,(1-G)_3PGA,0*3PGA.x -> 3PGA,7.08808940879664,4649.56160738878
Net flux,(1-G)_TP,0*TP.x -> TP,7.46743445791693,4975.49984384748
Net flux,(1-G)_F6P,0*F6P.x -> F6P,14.7847886790088,4725.68515856749
Net flux,(1-G)_FBP,0*FBP.x -> FBP,16.5487665589801,4948.37661548781
Net flux,(1-G)_G6P,0*G6P.x -> G6P,22.0900731608007,4798.36460095989
Net flux,(1-G)_RU5P,0*RU5P.x -> P5P,7.15222839976807,5252.84240579967
Net flux,(1-G)_S7P,0*S7P.x -> S7P,1.54326893634015,5300.79462639066
Net flux,(1-G)_2PG,0*2PG.x -> 2PG,12.9572467291391,4962.72551954057
Net flux,(1-G)_ADPG,0*ADPG.x -> ADPG,4.91943778154073,5037.8642371572
Net flux,(1-G)_PEP,0*PEP.x -> PEP,10.7694589552315,5121.74301603089
Net flux,(1-G)_UDPG,0*UDPG.x -> UDPG,27.5731966952117,5491.33087446694
Net flux,(1-G)_ALA,0*ALA.x -> ALA,34.9509296848629,6.1641767036198
Net flux,PGASink,3PGA -> Sink,100,0
Net flux,DHAPSink,TP -> Sink,100.000000000001,0
Net flux,F6PSink,F6P -> Sink,100.000000000004,0
Net flux,FBPSink,FBP -> Sink,99.9999999999948,0
Net flux,G6PSink,G6P -> Sink,99.9999999999983,0
Net flux,P5PSink,P5P -> Sink,100.000000000001,0
Net flux,R5PSink,R5P -> Sink,99.9999999999968,0
Net flux,GASink,GA -> Sink,100.000000000002,0
Net flux,SERSink,SER -> Sink,99.9999999999996,0
Net flux,GLYSink,GLY -> Sink,100.000000000001,0
Net flux,RUBPSink,RUBP -> Sink,99.9999999999987,0
Net flux,S7PSink,S7P -> Sink,99.9999999999979,0
Net flux,2PGSink,2PG -> Sink,100.000000000002,0
Net flux,ADPGSink,ADPG -> Sink,99.9999999999989,0
Net flux,PEPSink,PEP -> Sink,99.9999999999983,0
Net flux,UDPGSink,UDPG -> Sink,100.000000000001,0
Net flux,ALASink,ALA -> Sink,99.9999999999998,0
Net flux,S6Pout-LL,S6P + 0.1611*GLU + 0.07177*ASP + 0.03247*ALA.c + 0.01019*dummyGLY + 0.03484*dummySER -> Sink,1.18545753428954,0.158613702629231
Net flux,PGP.p,2PG.p -> Glyc.p,2.16468048560078,0.0846909167935775
Net flux,GOX,Glyc.p -> Glyx.p,2.1646804856008,0.0846909167935775
Net flux,GGT,Glyx.p -> GLY.p,2.16468048560079,0.0846909167935775
Net flux,SGAT,SER.p -> HPA.p,0.671982964662433,0.0817646851714253
Net flux,HPR.p,HPA.p -> GA.p,0.671982964662427,0.0817646851714253
Net flux,T_GLY-m net,GLY.p <-> GLY.m,2.15264416956052,5272.29239439474
Exch flux,T_GLY-m exch,GLY.p <-> GLY.m,22558.9724659835,5483.74082554834
Net flux,GDC.m,GLY.m + dummy -> myTHF.m + CO2,1.43931108797631,0.0906668288615351
Net flux,T_SER-m net,SER.p <-> SER.m,-1.43931108797619,0.0906668288615351
Exch flux,T_SER-m exch,SER.p <-> SER.m,1146.71119183579,5128.31663601851
Net flux,mSHMT,GLY.m + myTHF.m -> SER.m,1.43931108797631,0.0906668288615351
Net flux,T_SER-c net,SER.p <-> SER.c,0.726022882303012,0.149823338893364
Exch flux,T_SER-c exch,SER.p <-> SER.c,1.00000000280431e-07,1.81997702482976e-13
Net flux,T_Gly-c net,GLY.p <-> GLY.c,-4.34962350452928e-05,5272.29239371267
Exch flux,T_Gly-c exch,GLY.p <-> GLY.c,9.99999998363421e-08,0
Net flux,cSHMT,SER.c -> GLY.c + meTHF.c,0.726022782294551,0.149823338182142
Net flux,FmTHF-reductase net,meTHF.c <-> FmTHF.c,0.726022782294552,0.149823338182142
Exch flux,FmTHF-reductase exch,meTHF.c <-> FmTHF.c,7.21694413897522,4938.12319873884
Net flux,Met-synthase,FmTHF.c + Hcy.c -> Met.c,0.726022782294531,0.149823338182142
Net flux,SAM-synthase,Met.c -> SAM.c,0.72602278229454,0.149823338182142
Net flux,Methylation,SAM.c -> SAH.c + Acceptor.c,0.726022782294536,0.149823338182142
Net flux,hydrolysis,SAH.c -> Hcy.c,0.726022782294528,0.149823338182142
Net flux,G_SER.m,0*SER.m -> SER,1.0000000116861e-07,0
Net flux,G_SER.c,0*SER.c -> SER,4.05558539995354e-06,5215.86185311798
Net flux,G_Gly.m,0*GLY.m -> GLY,8.82008499978326e-05,5035.68619178166
Net flux,G_Gly.c,0*GLY.c -> GLY,39.6850931648575,8.70642445628923
Net flux,T_GLY-c-m,GLY.c -> GLY.m,0.725978006391216,5272.29239583581
Net flux,G_Glyc,0*Glyc.p -> Glyc,10.0280333496996,1.5285149690554
Net flux,G_Glyx,0*Glyx.p -> Glyx,1.78972967831998,0.624597583293776
Net flux,G_HPA,0*HPA.p -> HPA,5.52198395773216,1.95896938398899
Net flux,(1-G)_Glyc,0*Glyc.x -> Glyc,89.9719666503011,1.5285149690554
Net flux,(1-G)_Glyx,0*Glyx.x -> Glyx,98.2102703216809,0.624597583293776
Net flux,(1-G)_HPA,0*HPA.x -> HPA,94.4780160422677,1.95896938398899
Net flux,GlycSink,Glyc -> Sink,100.000000000001,0
Net flux,GlyxSink,Glyx -> Sink,100.000000000001,0
Net flux,HPASink,HPA -> Sink,99.9999999999998,0
Net flux,SERex,dummySER -> outSER,9.99346911889631e-08,5.95596797331205e-13
Net flux,G_PYR,0*PYR.c -> PYR,38.3973752443682,2.95558189996153
Net flux,(1-G)_PYR,0*PYR.x -> PYR,61.602624755632,2.95558189996153
Net flux,PYRSink,PYR -> Sink,100,0
Net flux,G_meTHF,0*meTHF.c -> meTHF,99.9999998999999,0
Net flux,G_FmTHF,0*FmTHF.c -> FmTHF,81.7905539602487,4.7976825662492
Net flux,G_Met,0*Met.c -> Met,55.9232143427584,4.75814036974748
Net flux,G_SAM,0*SAM.c -> SAM,54.2410711086815,3.92867243365621
Net flux,(1-G)_meTHF,0*meTHF.x -> meTHF,1.0000000116861e-07,0
Net flux,(1-G)_FmTHF,0*FmTHF.x -> FmTHF,18.2094460397513,4.7976825662492
Net flux,(1-G)_Met,0*Met.x -> Met,44.0767856572417,4.75814036974748
Net flux,(1-G)_SAM,0*SAM.x -> SAM,45.7589288913185,3.92867243365621
Net flux,meTHFSink,meTHF -> Sink,99.9999999999999,0
Net flux,FmTHFSink,FmTHF -> Sink,100,0
Net flux,MetSink,Met -> Sink,100,0
Net flux,SAMsink,SAM -> Sink,100,0
Net flux,Met-protein,Met.c -> Protein,6.51983996113883e-15,0
Net flux,GLY-protein,GLY.c -> Protein,1.27966831708903e-06,4.32166217274317e-13
Net flux,SER-protein,SER.c -> Protein,1.00008463732593e-07,1.70165460933594e-12
Pool,2PG pool,,0,0
Pool,2PG.p pool,,5.77387681449003e-07,5199.61485143012
Pool,2PG.x pool,,1,Inf
Pool,3PGA pool,,0,0
Pool,3PGA.c pool,,1.00000000000057e-07,0
Pool,3PGA.p pool,,2.79745272939546e-06,5401.4336411096
Pool,3PGA.x pool,,1,Inf
Pool,ACA pool,,1.04964364621292e-06,5125.8958314299
Pool,ADPG pool,,0,0
Pool,ADPG.p pool,,9.9999999999999e-08,Inf
Pool,ADPG.x pool,,1,Inf
Pool,AKG pool,,6.2773471216141e-07,5210.399412376
Pool,ALA pool,,0,0
Pool,ALA.c pool,,0.00703321567104177,0.00221541358564086
Pool,ALA.x pool,,1,Inf
Pool,ASN pool,,7566.06849576909,5344.4583476134
Pool,ASP pool,,0.00586132526210158,0.00444625825227914
Pool,Acceptor.c pool,,1,Inf
Pool,CIT pool,,6.61398629898161,5.34793774134707
Pool,CO2 pool,,1.13392710770153e-05,5299.48729399788
Pool,CO2.t pool,,1,Inf
Pool,E4P.p pool,,0,0
Pool,EC2 pool,,0,0
Pool,F6P pool,,0,0
Pool,F6P.c pool,,3.28108390678394e-06,5088.31858176454
Pool,F6P.p pool,,1.80678332228721e-06,4898.42099763539
Pool,F6P.x pool,,1,Inf
Pool,FBP pool,,0,0
Pool,FBP.c pool,,3.22343008545884e-06,5070.98360603965
Pool,FBP.p pool,,2.1678068341039e-06,5564.36135697534
Pool,FBP.x pool,,1,Inf
Pool,FmTHF pool,,5.18387468929235,2.39987370566361
Pool,FmTHF.c pool,,7.54414186733599e-07,5118.69473645334
Pool,FmTHF.x pool,,1,Inf
Pool,G6P pool,,0,0
Pool,G6P.c pool,,9.85071038741812e-06,4902.34618403549
Pool,G6P.p pool,,3.22419541293689e-06,5326.98196644339
Pool,G6P.x pool,,1,Inf
Pool,GA pool,,0,0
Pool,GA.p pool,,1e-07,0
Pool,GA.x pool,,1,Inf
Pool,GLN pool,,8.83867754840902,5003.33147556481
Pool,GLU pool,,6.27739419865739e-07,5207.10539505447
Pool,GLY pool,,0,0
Pool,GLY.c pool,,1.00093210486198e-07,5257.60657097796
Pool,GLY.m pool,,9.99999999998398e-08,0
Pool,GLY.p pool,,1.00000000000002e-07,0
Pool,GLY.x pool,,1,Inf
Pool,Glyc pool,,7.20308361186692,3.05911668644203
Pool,Glyc.p pool,,6.06071620050295e-07,5283.9987105155
Pool,Glyc.x pool,,1,Inf
Pool,Glyx pool,,1.00000000002876e-07,0
Pool,Glyx.p pool,,1.4018843110058e-06,4932.04168252725
Pool,Glyx.x pool,,1,Inf
Pool,HPA pool,,0.000106663061164989,5478.94034093456
Pool,HPA.p pool,,1e-07,0
Pool,HPA.x pool,,1,Inf
Pool,Hcy.c pool,,1,Inf
Pool,ICI pool,,0.00266106242149822,5226.2301063374
Pool,MAL pool,,0.978249982259491,0.347281472704764
Pool,Met pool,,0.000100545204057495,5274.62485732778
Pool,Met.c pool,,3.34763639116675e-07,5243.64705432509
Pool,Met.x pool,,1,Inf
Pool,OAA pool,,0.144086250374966,0.0622527241145735
Pool,P5P pool,,0,0
Pool,PEP pool,,0,0
Pool,PEP.c pool,,0.0020840542239449,0.00318649825900478
Pool,PEP.x pool,,1,Inf
Pool,PRO pool,,5.39499638232145,5352.82612903848
Pool,PYR pool,,1e-07,0
Pool,PYR.c pool,,0.0132702141932545,0.00432463836280641
Pool,PYR.x pool,,1,Inf
Pool,Protein pool,,1,Inf
Pool,R5P pool,,0,0
Pool,R5P.p pool,,3.73704092217601e-06,5002.7590941543
Pool,R5P.x pool,,1,Inf
Pool,RU5P.p pool,,2.09800361413457e-06,5108.42746021013
Pool,RU5P.x pool,,1,Inf
Pool,RUBP pool,,0,0
Pool,RUBP.p pool,,2.07817387233827e-06,5153.30388540703
Pool,RUBP.x pool,,1,Inf
Pool,S6P pool,,1,Inf
Pool,S7P pool,,0,0
Pool,S7P.p pool,,1.77738908180866e-06,5574.59135196275
Pool,S7P.x pool,,1,Inf
Pool,SAH.c pool,,1,Inf
Pool,SAM pool,,8.67955924467323e-05,5211.30991408269
Pool,SAM.c pool,,5.55531144236888e-07,5190.83253028325
Pool,SAM.x pool,,1,Inf
Pool,SBP pool,,0,0
Pool,SER pool,,0,0
Pool,SER.c pool,,1.00000000002876e-07,0
Pool,SER.m pool,,0.545403786521339,0.0481442471314035
Pool,SER.p pool,,0.000460521587921317,5039.74769788822
Pool,SER.x pool,,1,Inf
Pool,Sink pool,,1,Inf
Pool,Starch pool,,1,Inf
Pool,THR pool,,3889.70620787779,5384.35558650884
Pool,TP pool,,0,0
Pool,TP.c pool,,3.65743089849864e-06,5178.08267904537
Pool,TP.p pool,,2.92258731634285e-06,5269.78016137002
Pool,TP.x pool,,1,Inf
Pool,UDPG pool,,0,0
Pool,UDPG.c pool,,1.57417086277204,0.913131341107484
Pool,UDPG.x pool,,1,Inf
Pool,X5P.p pool,,2.14690401982082e-06,5116.48047307867
Pool,dummy pool,,1,Inf
Pool,dummyGLY pool,,1,Inf
Pool,dummySER pool,,1,Inf
Pool,meTHF pool,,8.99810369577055e-05,5339.05718697432
Pool,meTHF.c pool,,6.97572321427332e-07,5113.19203821717
Pool,meTHF.x pool,,1,Inf
Pool,myTHF.m pool,,0.0118841887441659,0.0158417257825188
Pool,outSER pool,,1,Inf
Norm,Experiment2 Glyc205 #1 norm,,0.993661656642946,0.0369955341210733
Norm,Experiment2 Glyc205 #2 norm,,0.973065206539136,0.0153495973549132
Norm,Experiment2 Glyc205 #3 norm,,0.953664730232645,0.0222764325301624
Norm,Experiment2 Glyc205 #4 norm,,1.01743687891717,0.0221327155015576
Norm,Experiment2 Glyc205 #5 norm,,0.990402124735934,0.0238233553627396
Norm,Experiment2 Glyc205 #6 norm,,1.01184257371497,0.0253649081146682
Norm,Experiment2 Glyc205 #7 norm,,0.991230370902177,0.0340043182398542
Norm,Experiment2 Glyc205 #8 norm,,0.922411899721995,0.0978230895190713
Norm,Experiment2 Glyx160 #1 norm,,0.971094783014714,0.0111372521438937
Norm,Experiment2 Glyx160 #2 norm,,0.977555797738765,0.0126538991667385
Norm,Experiment2 Glyx160 #3 norm,,1.02983616205491,0.0144898067832374
Norm,Experiment2 Glyx160 #4 norm,,0.987319239288822,0.0175682581445585
Norm,Experiment2 Glyx160 #5 norm,,0.969999413524033,0.0145755027575832
Norm,Experiment2 Glyx160 #6 norm,,0.997389265684089,0.0198762270799421
Norm,Experiment2 Glyx160 #7 norm,,0.981247439855553,0.027002337716117
Norm,Experiment2 Glyx160 #8 norm,,0.862544584568377,0.11857104865412
Norm,Experiment2 GLY276 #1 norm,,0.977394632032024,0.0102583035048623
Norm,Experiment2 GLY276 #2 norm,,0.971859462867337,0.0223059270749582
Norm,Experiment2 GLY276 #3 norm,,0.986061277991546,0.01870588732567
Norm,Experiment2 GLY276 #4 norm,,1.01611459829367,0.0180111317706675
Norm,Experiment2 GLY276 #5 norm,,0.970653425310838,0.0358423654257025
Norm,Experiment2 GLY276 #6 norm,,1.04616092522933,0.0878110333333421
Norm,Experiment2 GLY276 #7 norm,,0.977885696900811,0.144566485404967
Norm,Experiment2 GLY276 #8 norm,,0.97929223867923,0.226247959583361
Norm,Experiment2 HPA262 #1 norm,,0.963860430595566,0.0191672058337987
Norm,Experiment2 HPA262 #2 norm,,0.983817642183433,0.0243504978726399
Norm,Experiment2 HPA262 #3 norm,,0.924852934818128,0.0223901628387673
Norm,Experiment2 HPA262 #4 norm,,0.934191882284958,0.0278929693260139
Norm,Experiment2 HPA262 #5 norm,,0.937704799818716,0.0217195116147771
Norm,Experiment2 HPA262 #6 norm,,0.960343565275789,0.0272408600084813
Norm,Experiment2 HPA262 #7 norm,,1.02274513316715,0.0242613990026092
Norm,Experiment2 HPA262 #8 norm,,0.938348931238915,0.0370401621581026
Norm,Experiment2 GA307 #1 norm,,0.984735024227374,0.0109547450097484
Norm,Experiment2 GA307 #2 norm,,0.897448447058637,0.0274629539135951
Norm,Experiment2 GA307 #3 norm,,0.909413944370565,0.0212866377878092
Norm,Experiment2 GA307 #4 norm,,0.990077977972165,0.0261722894323914
Norm,Experiment2 GA307 #5 norm,,0.947575742509818,0.0718664961221636
Norm,Experiment2 GA307 #6 norm,,0.890799007967183,0.101094137773851
Norm,Experiment2 GA307 #7 norm,,0.92776617880945,0.0718356887580558
Norm,Experiment2 GA307 #8 norm,,0.920711464526517,0.150782290243238
Norm,Experiment2 SER306 #1 norm,,0.965100980661657,0.0123488109827982
Norm,Experiment2 SER306 #2 norm,,0.993785663601971,0.0362786835037845
Norm,Experiment2 SER306 #3 norm,,1.01292205117403,0.0201059253288415
Norm,Experiment2 SER306 #4 norm,,1.03919275635169,0.0250652312165083
Norm,Experiment2 SER306 #5 norm,,0.97040767339906,0.0530056679203743
Norm,Experiment2 SER306 #6 norm,,1.02532224778633,0.121060231356042
Norm,Experiment2 SER306 #7 norm,,1.2246632001477,0.123389545785446
Norm,Experiment2 SER306 #8 norm,,1.00519374000395,0.107300769846248
Norm,Experiment2 meTHF #1 norm,,0.995968245544382,0.00990373212700808
Norm,Experiment2 meTHF #2 norm,,0.987770318955143,0.0140146299038203
Norm,Experiment2 meTHF #3 norm,,0.979491876096751,0.0306194201573942
Norm,Experiment2 meTHF #4 norm,,1.03895412937877,0.0312327808511116
Norm,Experiment2 meTHF #5 norm,,0.991861953787069,0.0740191022661253
Norm,Experiment2 meTHF #6 norm,,0.944675492013742,0.146147345470149
Norm,Experiment2 meTHF #7 norm,,1.02174986802096,0.208686054312065
Norm,Experiment2 meTHF #8 norm,,0.980593461584632,0.0652970829060377
Norm,Experiment2 FmTHF #1 norm,,1.00721464762577,0.010069369358769
Norm,Experiment2 FmTHF #2 norm,,0.997960838839221,0.0115773741786837
Norm,Experiment2 FmTHF #3 norm,,1.02508982231461,0.010326562950631
Norm,Experiment2 FmTHF #4 norm,,1.01011982825766,0.0220082836958078
Norm,Experiment2 FmTHF #5 norm,,0.970817031031852,0.0368232554976557
Norm,Experiment2 FmTHF #6 norm,,0.988326694682943,0.0684748355916133
Norm,Experiment2 FmTHF #7 norm,,0.997891809125402,0.109365259515897
Norm,Experiment2 FmTHF #8 norm,,0.995629322203438,0.0643155239923578
Norm,Experiment2 Met176 #1 norm,,0.973978327488953,0.0241864684081197
Norm,Experiment2 Met176 #2 norm,,0.960222153230456,0.0369444698896432
Norm,Experiment2 Met176 #3 norm,,1.00629708367759,0.034358116277651
Norm,Experiment2 Met176 #4 norm,,0.886704126951021,0.0859504548044642
Norm,Experiment2 Met176 #5 norm,,0.940010919274285,0.0693338032956126
Norm,Experiment2 Met176 #6 norm,,0.998016704106995,0.0324580994817384
Norm,Experiment2 Met176 #7 norm,,1.03146808518415,0.0632577148280268
Norm,Experiment2 Met176 #8 norm,,0.974374821416643,0.172830032907653
Norm,Experiment2 SAM #1 norm,,1.00892486122011,0.0150271251658163
Norm,Experiment2 SAM #2 norm,,0.963715495868191,0.0219222952627977
Norm,Experiment2 SAM #3 norm,,0.990478426348789,0.0325833047514577
Norm,Experiment2 SAM #4 norm,,1.0137301955733,0.0485448466508075
Norm,Experiment2 SAM #5 norm,,1.01156706235562,0.0219509239951238
Norm,Experiment2 SAM #6 norm,,0.956189043462141,0.0554915375780488
Norm,Experiment2 SAM #7 norm,,1.01225258095021,0.0715319190581134
Norm,Experiment2 SAM #8 norm,,0.99883203085645,0.0741871018577541
Norm,Experiment2 CIT465 #1 norm,,0.992667976926989,0.0123285282123194
Norm,Experiment2 CIT465 #2 norm,,0.94900713217867,0.00999247124204622
Norm,Experiment2 CIT465 #3 norm,,1.02038868567471,0.0133179887049643
Norm,Experiment2 CIT465 #4 norm,,0.994751290197943,0.0128538483100385
Norm,Experiment2 CIT465 #5 norm,,1.00159224729844,0.0159080280404866
Norm,Experiment2 CIT465 #6 norm,,1.02266104545083,0.011601141168947
Norm,Experiment2 CIT465 #7 norm,,1.02810087796126,0.0170285984860377
Norm,Experiment2 CIT465 #8 norm,,1.0075410745514,0.0258430688634904
Norm,Experiment2 MAL335 #1 norm,,0.993693631192418,0.0117090540004817
Norm,Experiment2 MAL335 #2 norm,,0.99420428181157,0.0139088858779183
Norm,Experiment2 MAL335 #3 norm,,0.942705152497856,0.0123804906848915
Norm,Experiment2 MAL335 #4 norm,,1.02282217772875,0.0120488579628188
Norm,Experiment2 MAL335 #5 norm,,1.00298765853039,0.0149803029854967
Norm,Experiment2 MAL335 #6 norm,,0.953053990573252,0.0146540461807312
Norm,Experiment2 MAL335 #7 norm,,1.02559834462769,0.0210609457712647
Norm,Experiment2 MAL335 #8 norm,,0.964101409869421,0.0411308439095707
Norm,Experiment2 ASP334 #1 norm,,1.02601740931366,0.0161493088452826
Norm,Experiment2 ASP334 #2 norm,,0.989103594574744,0.0237034959680691
Norm,Experiment2 ASP334 #3 norm,,0.973234142245175,0.017584289565151
Norm,Experiment2 ASP334 #4 norm,,0.929816106690682,0.0211063123343623
Norm,Experiment2 ASP334 #5 norm,,0.978639457237613,0.0253235850698777
Norm,Experiment2 ASP334 #6 norm,,0.950839520938482,0.0503004962810296
Norm,Experiment2 ASP334 #7 norm,,0.999022219837686,0.0644343912125047
Norm,Experiment2 ASP334 #8 norm,,0.944265721512012,0.0357155677905394
Norm,Experiment2 GLU348 #1 norm,,0.975582923364825,0.0116645346589806
Norm,Experiment2 GLU348 #2 norm,,0.999640187940114,0.0121010980840675
Norm,Experiment2 GLU348 #3 norm,,1.02482770639685,0.0123034731133276
Norm,Experiment2 GLU348 #4 norm,,1.05423478838026,0.0162769687191292
Norm,Experiment2 GLU348 #5 norm,,0.912337931857579,0.0283923606602934
Norm,Experiment2 GLU348 #6 norm,,0.930134776338133,0.0139007387314729
Norm,Experiment2 GLU348 #7 norm,,0.969230590334696,0.0245099627242502
Norm,Experiment2 GLU348 #8 norm,,0.867290656925529,0.0537793767427073
Norm,Experiment2 THR320 #1 norm,,0.969961864885989,0.00977499433945538
Norm,Experiment2 THR320 #2 norm,,1.00440781526331,0.0117559808747224
Norm,Experiment2 THR320 #3 norm,,0.981366852482065,0.00997419780879231
Norm,Experiment2 THR320 #4 norm,,0.995905902856697,0.0112649448025877
Norm,Experiment2 THR320 #5 norm,,0.915369462505622,0.0186756808852713
Norm,Experiment2 THR320 #6 norm,,1.00319823341159,0.0108637341308036
Norm,Experiment2 THR320 #7 norm,,0.982921929231922,0.0138562600976846
Norm,Experiment2 THR320 #8 norm,,0.927194794626323,0.038365908308653
Norm,Experiment2 ALA116 #1 norm,,0.993839064728036,0.0098159116932512
Norm,Experiment2 ALA116 #2 norm,,0.98318380837098,0.00991225687924162
Norm,Experiment2 ALA116 #3 norm,,1.01750498223611,0.0110595348938388
Norm,Experiment2 ALA116 #4 norm,,1.00158300966414,0.0268627598395103
Norm,Experiment2 ALA116 #5 norm,,1.03152859981783,0.0818259053973309
Norm,Experiment2 ALA116 #6 norm,,1.00000756028564,0.0796732890990736
Norm,Experiment2 ALA116 #7 norm,,1.01049391796166,0.0722607271497389
Norm,Experiment2 ALA116 #8 norm,,0.876723773529173,0.177794683036164
Norm,Experiment2 PYR #1 norm,,1.02454418672953,0.0131648583870681
Norm,Experiment2 PYR #2 norm,,0.958759625312936,0.0508480473093387
Norm,Experiment2 PYR #3 norm,,0.94033422008469,0.0614508007677258
Norm,Experiment2 PYR #4 norm,,1.09451355863406,0.0626835794758246
Norm,Experiment2 PYR #5 norm,,1.01512486370288,0.114554709601718
Norm,Experiment2 PYR #6 norm,,0.966035850065245,0.117425867543623
Norm,Experiment2 PYR #7 norm,,1.02491049482726,0.0708540367816967
Norm,Experiment2 PYR #8 norm,,0.949683603937071,0.162075888957205
