type,id,eqn,val,std
Net flux,CO2.t,CO2.t -> CO2,66.3166488502192,1.51967979520793
Net flux,CO2_sink,dummy -> Sink,66.3166488502192,1.51967979520793
Net flux,RUBICSO_CO2,RUBP.p + CO2 -> 3PGA.p + 3PGA.p + dummy,67.9621966750452,1.52606216993543
Net flux,GAPDH.p net,3PGA.p <-> TP.p,138.07808354358,3.03880979162983
Exch flux,GAPDH.p exch,3PGA.p <-> TP.p,10791.4436879745,2954.54063991361
Net flux,ALD,TP.p + E4P.p -> SBP,23.3826827453736,0.51006375684442
Net flux,SBP,SBP -> S7P.p,23.3826827453736,0.51006375684442
Net flux,FBA.p net,TP.p + TP.p <-> FBP.p,30.9689429108075,0.783654101739343
Exch flux,FBA.p exch,TP.p + TP.p <-> FBP.p,20130.1552944317,2948.09618372424
Net flux,PFK.p net,FBP.p <-> F6P.p,30.9689429108107,0.783654101739343
Exch flux,PFK.p exch,FBP.p <-> F6P.p,1.00015199677728e-07,9.89042463308359e-13
Net flux,TK1 net,TP.p + EC2 <-> X5P.p,46.7653654907481,1.02012751368884
Exch flux,TK1 exch,TP.p + EC2 <-> X5P.p,11050.6068172976,4932.57189081067
Net flux,TK2 net,S7P.p <-> R5P.p + EC2,23.3826827453735,0.51006375684442
Exch flux,TK2 exch,S7P.p <-> R5P.p + EC2,38.1015486415319,3773.88107897885
Net flux,TK3 net,F6P.p <-> E4P.p + EC2,23.382682745374,0.51006375684442
Exch flux,TK3 exch,F6P.p <-> E4P.p + EC2,14301.5992851725,3746.13929155818
Net flux,PPE net,X5P.p <-> RU5P.p,46.7653654907481,1.02012751368884
Exch flux,PPE exch,X5P.p <-> RU5P.p,11041.7053793406,2642.20564106172
Net flux,PPI net,R5P.p <-> RU5P.p,23.3826827453736,0.51006375684442
Exch flux,PPI exch,R5P.p <-> RU5P.p,245.939143022904,4568.76531520662
Net flux,PRK,RU5P.p -> RUBP.p,70.1480482361208,1.53019127066308
Net flux,RUBISCO_O2,RUBP.p -> 3PGA.p + 2PG.p,2.18585156107555,0.0847433144729332
Net flux,GLYdil net,GLY.p <-> GLY.x + dummyGLY,0.015265000815198,0.00169829856838997
Exch flux,GLYdil exch,GLY.p <-> GLY.x + dummyGLY,1.0000000116861e-07,0
Net flux,SERdil net,SER.p <-> SER.x + dummySER,0.0521965247279539,0.00580708212807767
Exch flux,SERdil exch,SER.p <-> SER.x + dummySER,9.99964768766404e-08,1.68980066573863e-12
Net flux,GK,GA.p -> 3PGA.p,0.606661689099198,0.0771747680618921
Net flux,PGI.p net,F6P.p <-> G6P.p,7.58626016543597,0.411039313910906
Exch flux,PGI.p exch,F6P.p <-> G6P.p,3.34596373861877,5234.64270314225
Net flux,PGM.p,G6P.p -> ADPG.p,7.58626016543597,0.411039313910906
Net flux,Starch,ADPG.p -> Starch,7.58626016543595,0.411039313910906
Net flux,FBA.c net,TP.c + TP.c <-> FBP.c,2.99607474291771,0.333326509642181
Exch flux,FBA.c exch,TP.c + TP.c <-> FBP.c,24.0760799645846,4437.92602948271
Net flux,PFK.c net,FBP.c <-> F6P.c,2.99607474291773,0.333326509642181
Exch flux,PFK.c exch,FBP.c <-> F6P.c,8.72901995570842,78.1418388157689
Net flux,PGI.c net,F6P.c <-> G6P.c,1.49803737145888,0.16666325482109
Exch flux,PGI.c exch,F6P.c <-> G6P.c,230.554125782493,2595.60915491307
Net flux,PGM.c net,G6P.c <-> UDPG.c,1.49803737145703,0.16666325482109
Exch flux,PGM.c exch,G6P.c <-> UDPG.c,48480.7990697673,4178.42274673189
Net flux,SPS,F6P.c + UDPG.c -> S6P,1.49803737145882,0.16666325482109
Net flux,PGAM.c net,3PGA.c <-> PEP.c,0.638823056684752,0.0710718784924017
Exch flux,PGAM.c exch,3PGA.c <-> PEP.c,0.0359289174780899,4178.42274733633
Net flux,PK.c,PEP.c -> PYR.c,0.289975093993384,0.0322610063201511
Net flux,PDH,PYR.c + dummy -> ACA + CO2,0.241333820542383,0.0268494503675259
Net flux,CS,OAA + ACA -> CIT,0.241333820542379,0.0268494503675259
Net flux,ACO net,CIT <-> ICI,0.241333820542422,0.0268494503675259
Exch flux,ACO exch,CIT <-> ICI,1536.90058240654,4178.42274673189
Net flux,IDH,ICI + dummy -> AKG + CO2,0.241333820542395,0.0268494503675259
Net flux,MDH net,MAL <-> OAA,7.105427357601e-15,0
Exch flux,MDH exch,MAL <-> OAA,0.30309548937894,0.0589120700372088
Net flux,PPC,PEP.c + CO2 -> OAA + dummy,0.348847962692026,0.0388108721993522
Net flux,T_3PGA net,3PGA.p <-> 3PGA.c,0.638823056684728,0.0710718784924017
Exch flux,T_3PGA exch,3PGA.p <-> 3PGA.c,1.0000000116861e-07,0
Net flux,T_DHAP net,TP.p <-> TP.c,5.99214948583547,0.666653019284361
Exch flux,T_DHAP exch,TP.p <-> TP.c,9.78098823745886,57.3745071937498
Net flux,ALT,PYR.c -> ALA.c,0.0486412734513105,0.00541155589446202
Net flux,ASPT,OAA -> ASP,0.107514142149628,0.011961421812463
Net flux,GLUDH,AKG -> GLU,0.241333820542372,0.0268494503675259
Net flux,PCR net,GLU <-> PRO,-2.48689957516035e-14,0
Exch flux,PCR exch,GLU <-> PRO,1.0000000116861e-07,0
Net flux,GS net,GLU <-> GLN,0,0
Exch flux,GS exch,GLU <-> GLN,1.00042363726516e-07,0
Net flux,TS net,ASP <-> THR,0,0
Exch flux,TS exch,ASP <-> THR,1.0000000116861e-07,0
Net flux,AS net,ASP <-> ASN,1.06581410364015e-14,0
Exch flux,AS exch,ASP <-> ASN,1.0000000116861e-07,0
Net flux,G_3PGA.p,0*3PGA.p -> 3PGA,2.4686631405757e-06,7067.21324172573
Net flux,G_3PGA.c,0*3PGA.c -> 3PGA,92.911908139675,5111.44690536382
Net flux,G_DHAP.p,0*TP.p -> TP,40.6853798422419,7291.29015099144
Net flux,G_DHAP.c,0*TP.c -> TP,51.8471856996948,5056.49223718078
Net flux,G_F6P.p,0*F6P.p -> F6P,48.6686345030749,6904.28424943602
Net flux,G_F6P.c,0*F6P.c -> F6P,36.546576817712,5220.84720547893
Net flux,G_FBP.p,0*FBP.p -> FBP,2.46866144948399e-06,7286.70320403805
Net flux,G_FBP.c,0*FBP.c -> FBP,83.4512310478443,5083.2202861175
Net flux,G_G6P.p,0*G6P.p -> G6P,19.0549768397257,6991.3131358441
Net flux,G_G6P.c,0*G6P.c -> G6P,58.8549499993083,4977.15363310224
Net flux,G_RU5P.p,0*RU5P.p -> P5P,2.46865387865114e-06,7377.77686236728
Net flux,G_X5P.p,0*X5P.p -> P5P,92.8477691493767,5260.54299585288
Net flux,G_R5P.p,0*R5P.p -> R5P,82.2810779884949,4997.85104920083
Net flux,G_GA.p,0*GA.p -> GA,39.4842346748661,4.15739162770888
Net flux,G_SER.p,0*SER.p -> SER,83.6967053322164,4846.69022604422
Net flux,G_GLY.p,0*GLY.p -> GLY,3.23294655735444,4969.68163258728
Net flux,G_RUBP.p,0*RUBP.p -> RUBP,92.5302752673063,5188.56004262904
Net flux,G_S7P.p,0*S7P.p -> S7P,98.4567310636212,4862.83309218674
Net flux,G_2PG.p,0*2PG.p -> 2PG,87.0427532706349,4831.93275278316
Net flux,G_ADPG.p,0*ADPG.p -> ADPG,95.0805622183481,5144.50236924327
Net flux,G_PEP.c,0*PEP.c -> PEP,89.2305410445615,4921.23330364367
Net flux,G_UDPG.c,0*UDPG.c -> UDPG,72.4268033045549,5327.28760444487
Net flux,G_ALA.c,0*ALA.c -> ALA,69.2010850368717,6.44220669799431
Net flux,(1-G)_GA,0*GA.x -> GA,60.5157653251359,4.15739162770888
Net flux,(1-G)_SER,0*SER.x -> SER,16.303293463482,4.85991172191988
Net flux,(1-G)_GLY,0*GLY.x -> GLY,40.7106684989236,9.25613584744806
Net flux,(1-G)_R5P,0*R5P.x -> R5P,17.718922011502,4997.85104920083
Net flux,(1-G)_RUBP,0*RUBP.x -> RUBP,7.46972473269241,5188.56004262904
Net flux,(1-G)_3PGA,0*3PGA.x -> 3PGA,7.08808939166209,5210.25525885603
Net flux,(1-G)_TP,0*TP.x -> TP,7.46743445806384,5161.78992593624
Net flux,(1-G)_F6P,0*F6P.x -> F6P,14.7847886792169,4736.43525303138
Net flux,(1-G)_FBP,0*FBP.x -> FBP,16.548766483489,5047.41531727207
Net flux,(1-G)_G6P,0*G6P.x -> G6P,22.0900731609643,5074.45857578182
Net flux,(1-G)_RU5P,0*RU5P.x -> P5P,7.15222838197079,5195.6357097628
Net flux,(1-G)_S7P,0*S7P.x -> S7P,1.5432689363768,4862.83309218674
Net flux,(1-G)_2PG,0*2PG.x -> 2PG,12.9572467293675,4831.93275278316
Net flux,(1-G)_ADPG,0*ADPG.x -> ADPG,4.91943778165087,5144.50236924327
Net flux,(1-G)_PEP,0*PEP.x -> PEP,10.7694589554367,4921.23330364367
Net flux,(1-G)_UDPG,0*UDPG.x -> UDPG,27.5731966954463,5327.28760444487
Net flux,(1-G)_ALA,0*ALA.x -> ALA,30.7989149631281,6.44220669799431
Net flux,PGASink,3PGA -> Sink,100,0
Net flux,DHAPSink,TP -> Sink,100.000000000001,0
Net flux,F6PSink,F6P -> Sink,100.000000000004,0
Net flux,FBPSink,FBP -> Sink,99.9999999999948,0
Net flux,G6PSink,G6P -> Sink,99.9999999999983,0
Net flux,P5PSink,P5P -> Sink,100.000000000001,0
Net flux,R5PSink,R5P -> Sink,99.9999999999968,0
Net flux,GASink,GA -> Sink,100.000000000002,0
Net flux,SERSink,SER -> Sink,99.9999999999996,0
Net flux,GLYSink,GLY -> Sink,100.000000000001,0
Net flux,RUBPSink,RUBP -> Sink,99.9999999999987,0
Net flux,S7PSink,S7P -> Sink,99.9999999999979,0
Net flux,2PGSink,2PG -> Sink,100.000000000002,0
Net flux,ADPGSink,ADPG -> Sink,99.9999999999989,0
Net flux,PEPSink,PEP -> Sink,99.9999999999983,0
Net flux,UDPGSink,UDPG -> Sink,100.000000000001,0
Net flux,ALASink,ALA -> Sink,99.9999999999998,0
Net flux,S6Pout-LL,S6P + 0.1611*GLU + 0.07177*ASP + 0.03247*ALA.c + 0.01019*dummyGLY + 0.03484*dummySER -> Sink,1.49803737145886,0.16666325482109
Net flux,PGP.p,2PG.p -> Glyc.p,2.18585156107557,0.0847433144729332
Net flux,GOX,Glyc.p -> Glyx.p,2.18585156107558,0.0847433144729332
Net flux,GGT,Glyx.p -> GLY.p,2.18585156107557,0.0847433144729332
Net flux,SGAT,SER.p -> HPA.p,0.606661689099187,0.0771747680618921
Net flux,HPR.p,HPA.p -> GA.p,0.606661689099181,0.0771747680618921
Net flux,T_GLY-m net,GLY.p <-> GLY.m,2.19108602684355,4706.82400704936
Exch flux,T_GLY-m exch,GLY.p <-> GLY.m,22279.3194779398,5037.86316416389
Net flux,GDC.m,GLY.m + dummy -> myTHF.m + CO2,1.51172814643358,0.089029835367468
Net flux,T_SER-m net,SER.p <-> SER.m,-1.51172814643348,0.089029835367468
Exch flux,T_SER-m exch,SER.p <-> SER.m,1018.2927077769,5047.78782689776
Net flux,mSHMT,GLY.m + myTHF.m -> SER.m,1.51172814643358,0.089029835367468
Net flux,T_SER-c net,SER.p <-> SER.c,0.85286993260644,0.1428645137607
Exch flux,T_SER-c exch,SER.p <-> SER.c,1.00000000280431e-07,5.48324610863221e-13
Net flux,T_Gly-c net,GLY.p <-> GLY.c,-0.0204994665830331,4706.82400628591
Exch flux,T_Gly-c exch,GLY.p <-> GLY.c,9.99999998363421e-08,0
Net flux,cSHMT,SER.c -> GLY.c + meTHF.c,0.852869832606395,0.142864513777847
Net flux,FmTHF-reductase net,meTHF.c <-> FmTHF.c,0.852869832606396,0.142864513777847
Exch flux,FmTHF-reductase exch,meTHF.c <-> FmTHF.c,7.87907917149295,5134.53052138828
Net flux,Met-synthase,FmTHF.c + Hcy.c -> Met.c,0.852869832606375,0.142864513777847
Net flux,SAM-synthase,Met.c -> SAM.c,0.852869832606384,0.142864513777847
Net flux,Methylation,SAM.c -> SAH.c + Acceptor.c,0.852869832606379,0.142864513777847
Net flux,hydrolysis,SAH.c -> Hcy.c,0.852869832606372,0.142864513777847
Net flux,G_SER.m,0*SER.m -> SER,1.0000000116861e-07,0
Net flux,G_SER.c,0*SER.c -> SER,1.10430114830251e-06,4846.68778945981
Net flux,G_Gly.m,0*GLY.m -> GLY,1.00001983582843e-07,4969.68138048793
Net flux,G_Gly.c,0*GLY.c -> GLY,56.0563848437212,9.35265173400823
Net flux,T_GLY-c-m,GLY.c -> GLY.m,0.832370266023782,4706.82400845373
Net flux,G_Glyc,0*Glyc.p -> Glyc,7.53147331006704,1.13474483571326
Net flux,G_Glyx,0*Glyx.p -> Glyx,1.6665428175552,0.609438275614674
Net flux,G_HPA,0*HPA.p -> HPA,6.25082191875045,1.86259044923303
Net flux,(1-G)_Glyc,0*Glyc.x -> Glyc,92.4685266899336,1.13474483571326
Net flux,(1-G)_Glyx,0*Glyx.x -> Glyx,98.3334571824456,0.609438275614674
Net flux,(1-G)_HPA,0*HPA.x -> HPA,93.7491780812495,1.86259044923303
Net flux,GlycSink,Glyc -> Sink,100.000000000001,0
Net flux,GlyxSink,Glyx -> Sink,100.000000000001,0
Net flux,HPASink,HPA -> Sink,99.9999999999998,0
Net flux,SERex,dummySER -> outSER,9.9998679115032e-08,1.0222997502935e-12
Net flux,G_PYR,0*PYR.c -> PYR,36.8646589800268,2.59180124680022
Net flux,(1-G)_PYR,0*PYR.x -> PYR,63.1353410199734,2.59180124680022
Net flux,PYRSink,PYR -> Sink,100,0
Net flux,G_meTHF,0*meTHF.c -> meTHF,99.9444058208219,5068.32512931288
Net flux,G_FmTHF,0*FmTHF.c -> FmTHF,76.5671259295895,4.69785731026495
Net flux,G_Met,0*Met.c -> Met,55.821503573658,4.44526890425289
Net flux,G_SAM,0*SAM.c -> SAM,51.542346030657,3.83964348884172
Net flux,(1-G)_meTHF,0*meTHF.x -> meTHF,0.0555941791780299,5068.32512931288
Net flux,(1-G)_FmTHF,0*FmTHF.x -> FmTHF,23.4328740704106,4.69785731026495
Net flux,(1-G)_Met,0*Met.x -> Met,44.1784964263421,4.44526890425289
Net flux,(1-G)_SAM,0*SAM.x -> SAM,48.457653969343,3.83964348884172
Net flux,meTHFSink,meTHF -> Sink,99.9999999999999,0
Net flux,FmTHFSink,FmTHF -> Sink,100,0
Net flux,MetSink,Met -> Sink,100,0
Net flux,SAMsink,SAM -> Sink,100,0
Net flux,Met-protein,Met.c -> Protein,6.51983996113883e-15,0
Net flux,GLY-protein,GLY.c -> Protein,9.99996068173914e-08,1.3855127034606e-12
Net flux,SER-protein,SER.c -> Protein,1.00000046465709e-07,5.83923436685611e-13
Pool,2PG pool,,0,0
Pool,2PG.p pool,,2.01395846270326e-06,5122.11449370047
Pool,2PG.x pool,,1,Inf
Pool,3PGA pool,,0,0
Pool,3PGA.c pool,,0.0364667119828328,0.00693675806133006
Pool,3PGA.p pool,,4.14202016207605e-06,5109.73410738793
Pool,3PGA.x pool,,1,Inf
Pool,ACA pool,,6.34690383728063e-06,5267.12031019413
Pool,ADPG pool,,0,0
Pool,ADPG.p pool,,9.9999999999999e-08,Inf
Pool,ADPG.x pool,,1,Inf
Pool,AKG pool,,1.02608789742927e-06,5073.98028793254
Pool,ALA pool,,0,0
Pool,ALA.c pool,,0.0101970472197842,0.00255436037322589
Pool,ALA.x pool,,1,Inf
Pool,ASN pool,,7566.06819373698,5007.01048183442
Pool,ASP pool,,0.0433708042963487,0.00878349431149651
Pool,Acceptor.c pool,,1,Inf
Pool,CIT pool,,4.11896515220792,1.16417699627199
Pool,CO2 pool,,0.000165577540732862,5010.70828621556
Pool,CO2.t pool,,1,Inf
Pool,E4P.p pool,,0,0
Pool,EC2 pool,,0,0
Pool,F6P pool,,0,0
Pool,F6P.c pool,,3.83049628010009e-06,5123.88817789206
Pool,F6P.p pool,,4.22402635434787e-06,5056.66497937299
Pool,F6P.x pool,,1,Inf
Pool,FBP pool,,0,0
Pool,FBP.c pool,,3.83454246414107e-06,5070.46009927264
Pool,FBP.p pool,,3.971045389662e-06,5179.19769373197
Pool,FBP.x pool,,1,Inf
Pool,FmTHF pool,,5.72575465152049,2.69298384836986
Pool,FmTHF.c pool,,4.31304950077614e-07,5268.72164043092
Pool,FmTHF.x pool,,1,Inf
Pool,G6P pool,,0,0
Pool,G6P.c pool,,9.87944426247488e-06,5082.58270023582
Pool,G6P.p pool,,3.91338985455167e-06,4864.88017651805
Pool,G6P.x pool,,1,Inf
Pool,GA pool,,0,0
Pool,GA.p pool,,4.520413219291e-07,5021.61896792837
Pool,GA.x pool,,1,Inf
Pool,GLN pool,,8.83867754926981,4894.3464526218
Pool,GLU pool,,1.02609760264102e-06,4849.37451756187
Pool,GLY pool,,0,0
Pool,GLY.c pool,,0.053533916326759,0.0383203701983869
Pool,GLY.m pool,,9.99999999994061e-08,0
Pool,GLY.p pool,,3.63779398018051e-06,5077.59985859583
Pool,GLY.x pool,,1,Inf
Pool,Glyc pool,,2.77617200205494,1.46461313118436
Pool,Glyc.p pool,,3.40917529324335e-06,5097.57311315005
Pool,Glyc.x pool,,1,Inf
Pool,Glyx pool,,0.0134273029789081,5000.68846001067
Pool,Glyx.p pool,,2.51724175290345e-06,4972.52687237987
Pool,Glyx.x pool,,1,Inf
Pool,HPA pool,,0.000171247506788472,4814.15475361344
Pool,HPA.p pool,,4.38049413729709e-07,4934.3455556372
Pool,HPA.x pool,,1,Inf
Pool,Hcy.c pool,,1,Inf
Pool,ICI pool,,0.00403092288434545,4949.65593514465
Pool,MAL pool,,1.46921195637769,0.349629158036778
Pool,Met pool,,0.000140317083478681,5019.70998458641
Pool,Met.c pool,,2.56100545378022e-07,5309.60840364599
Pool,Met.x pool,,1,Inf
Pool,OAA pool,,1.11554297326359e-07,5016.44033552929
Pool,P5P pool,,0,0
Pool,PEP pool,,0,0
Pool,PEP.c pool,,1.00000000000002e-07,0
Pool,PEP.x pool,,1,Inf
Pool,PRO pool,,5.39499638309784,4824.23152255296
Pool,PYR pool,,9.99999999994061e-08,0
Pool,PYR.c pool,,8.93305579276338e-07,5239.78507631469
Pool,PYR.x pool,,1,Inf
Pool,Protein pool,,1,Inf
Pool,R5P pool,,0,0
Pool,R5P.p pool,,5.83012604576304e-05,5206.23561065182
Pool,R5P.x pool,,1,Inf
Pool,RU5P.p pool,,4.0173561382592e-06,4478.50286269628
Pool,RU5P.x pool,,1,Inf
Pool,RUBP pool,,0,0
Pool,RUBP.p pool,,4.03191356358613e-06,5000.48409867233
Pool,RUBP.x pool,,1,Inf
Pool,S6P pool,,1,Inf
Pool,S7P pool,,0,0
Pool,S7P.p pool,,4.33405044233063e-06,4780.51955301029
Pool,S7P.x pool,,1,Inf
Pool,SAH.c pool,,1,Inf
Pool,SAM pool,,0.000245351742737388,4891.04706943854
Pool,SAM.c pool,,6.67767101966613e-07,4901.47190487872
Pool,SAM.x pool,,1,Inf
Pool,SBP pool,,0,0
Pool,SER pool,,0,0
Pool,SER.c pool,,9.99999999998398e-08,0
Pool,SER.m pool,,0.518446452132863,0.042565060513119
Pool,SER.p pool,,0.000652237934042866,5003.51551152485
Pool,SER.x pool,,1,Inf
Pool,Sink pool,,1,Inf
Pool,Starch pool,,1,Inf
Pool,THR pool,,3889.77296875126,4888.72082020068
Pool,TP pool,,0,0
Pool,TP.c pool,,4.19418230668357e-06,4887.80671280411
Pool,TP.p pool,,4.28355586514649e-06,5312.97454587765
Pool,TP.x pool,,1,Inf
Pool,UDPG pool,,0,0
Pool,UDPG.c pool,,0.315298418509596,0.198712532612251
Pool,UDPG.x pool,,1,Inf
Pool,X5P.p pool,,4.13881652097743e-06,5099.0897645675
Pool,dummy pool,,1,Inf
Pool,dummyGLY pool,,1,Inf
Pool,dummySER pool,,1,Inf
Pool,meTHF pool,,0.393659453320148,5050.79929845483
Pool,meTHF.c pool,,4.33493005184807e-07,4761.96807648748
Pool,meTHF.x pool,,1,Inf
Pool,myTHF.m pool,,1.00086126962965e-06,5157.15038112732
Pool,outSER pool,,1,Inf
Norm,Experiment2 Glyc205 #1 norm,,0.930497664858162,0.0321997539841847
Norm,Experiment2 Glyc205 #2 norm,,0.994653782984828,0.0174516102155988
Norm,Experiment2 Glyc205 #3 norm,,0.962108708089526,0.0226759880263086
Norm,Experiment2 Glyc205 #4 norm,,1.00622814615892,0.0205221261997164
Norm,Experiment2 Glyc205 #5 norm,,1.00456687897557,0.0238206797005013
Norm,Experiment2 Glyc205 #6 norm,,1.04234979499708,0.0270364393673722
Norm,Experiment2 Glyc205 #7 norm,,0.992598515746118,0.0308857787956847
Norm,Experiment2 Glyc205 #8 norm,,0.955639578116224,0.116840557372479
Norm,Experiment2 Glyx160 #1 norm,,0.993231978515613,0.0114112873852876
Norm,Experiment2 Glyx160 #2 norm,,0.996691523926801,0.0125829941695075
Norm,Experiment2 Glyx160 #3 norm,,0.989745823808545,0.0135861892446999
Norm,Experiment2 Glyx160 #4 norm,,0.998543246479272,0.0170907194305414
Norm,Experiment2 Glyx160 #5 norm,,1.01113426783034,0.0148652341765679
Norm,Experiment2 Glyx160 #6 norm,,0.988614289714158,0.0195890149902632
Norm,Experiment2 Glyx160 #7 norm,,0.975109222251889,0.0256495680453075
Norm,Experiment2 Glyx160 #8 norm,,0.844652100988737,0.0813451587884438
Norm,Experiment2 GLY276 #1 norm,,1.01363142871699,0.0106479089542522
Norm,Experiment2 GLY276 #2 norm,,0.955250845407534,0.0215377864536814
Norm,Experiment2 GLY276 #3 norm,,0.996313373006724,0.0192810221443463
Norm,Experiment2 GLY276 #4 norm,,1.03153568075884,0.0184591723841516
Norm,Experiment2 GLY276 #5 norm,,0.924550047912222,0.0368428090176811
Norm,Experiment2 GLY276 #6 norm,,1.04478600949457,0.095703300093043
Norm,Experiment2 GLY276 #7 norm,,1.11199308369444,0.198944958118806
Norm,Experiment2 GLY276 #8 norm,,1.02320807460451,0.168326332422875
Norm,Experiment2 HPA262 #1 norm,,0.977948526660497,0.0187549246564782
Norm,Experiment2 HPA262 #2 norm,,1.01532492099179,0.0260698614367936
Norm,Experiment2 HPA262 #3 norm,,0.965700873523542,0.0244615940348198
Norm,Experiment2 HPA262 #4 norm,,0.932736877839855,0.0297230786830085
Norm,Experiment2 HPA262 #5 norm,,0.906000835880708,0.0206731294353016
Norm,Experiment2 HPA262 #6 norm,,0.996776833780329,0.0280065555262859
Norm,Experiment2 HPA262 #7 norm,,0.993023297696323,0.0236876158839011
Norm,Experiment2 HPA262 #8 norm,,0.953304965707538,0.038802793785086
Norm,Experiment2 GA307 #1 norm,,0.984458506407175,0.0107252699159639
Norm,Experiment2 GA307 #2 norm,,0.902640801516098,0.0277925168271225
Norm,Experiment2 GA307 #3 norm,,0.86914799506479,0.0211323176815138
Norm,Experiment2 GA307 #4 norm,,1.04151283458224,0.0269645702797364
Norm,Experiment2 GA307 #5 norm,,0.962519053297322,0.0732299074092116
Norm,Experiment2 GA307 #6 norm,,0.877942792501999,0.102007189265972
Norm,Experiment2 GA307 #7 norm,,0.863011197885522,0.0670077646469602
Norm,Experiment2 GA307 #8 norm,,0.948441701544081,0.140291607953698
Norm,Experiment2 SER306 #1 norm,,0.968696798015076,0.0123980424884154
Norm,Experiment2 SER306 #2 norm,,0.947669960060756,0.0347884381929007
Norm,Experiment2 SER306 #3 norm,,1.00024759001861,0.0198072728143838
Norm,Experiment2 SER306 #4 norm,,1.03498793856893,0.0248102820877977
Norm,Experiment2 SER306 #5 norm,,0.962120748867076,0.0529569551540611
Norm,Experiment2 SER306 #6 norm,,1.01789390736752,0.159430194347286
Norm,Experiment2 SER306 #7 norm,,1.09057450155618,0.108047929936319
Norm,Experiment2 SER306 #8 norm,,1.03580541576793,0.11609755593569
Norm,Experiment2 meTHF #1 norm,,0.99018560734343,0.00978060572165701
Norm,Experiment2 meTHF #2 norm,,0.993092757274631,0.014372031785521
Norm,Experiment2 meTHF #3 norm,,1.03416955921344,0.0283878120769334
Norm,Experiment2 meTHF #4 norm,,1.00405356649779,0.0271835792241664
Norm,Experiment2 meTHF #5 norm,,0.923800361400754,0.0669160526819252
Norm,Experiment2 meTHF #6 norm,,1.02456176019458,0.15312193575356
Norm,Experiment2 meTHF #7 norm,,1.00181888285941,0.232795662179636
Norm,Experiment2 meTHF #8 norm,,0.976172382236665,0.0646893356361655
Norm,Experiment2 FmTHF #1 norm,,1.00398957422277,0.010081374288565
Norm,Experiment2 FmTHF #2 norm,,1.00911957044196,0.0116120433873087
Norm,Experiment2 FmTHF #3 norm,,1.0102835349382,0.0102156382856608
Norm,Experiment2 FmTHF #4 norm,,0.999120231814456,0.0219257198247798
Norm,Experiment2 FmTHF #5 norm,,0.994070087806333,0.0394278553974912
Norm,Experiment2 FmTHF #6 norm,,0.970046958151541,0.0742219916078777
Norm,Experiment2 FmTHF #7 norm,,1.00457457659678,0.103242857219941
Norm,Experiment2 FmTHF #8 norm,,0.999412250112026,0.0682791032586204
Norm,Experiment2 Met176 #1 norm,,1.00096081715534,0.0247024848900179
Norm,Experiment2 Met176 #2 norm,,0.934136125404355,0.0370066151796666
Norm,Experiment2 Met176 #3 norm,,0.937655848877564,0.0349463379636975
Norm,Experiment2 Met176 #4 norm,,0.82977785945557,0.0789022424046342
Norm,Experiment2 Met176 #5 norm,,0.910964095904071,0.0586652370307743
Norm,Experiment2 Met176 #6 norm,,0.999701598880624,0.0355550862275645
Norm,Experiment2 Met176 #7 norm,,1.01795245305831,0.0607235969999535
Norm,Experiment2 Met176 #8 norm,,0.997799124387442,0.203148618970983
Norm,Experiment2 SAM #1 norm,,0.979839147751658,0.0141893893051369
Norm,Experiment2 SAM #2 norm,,0.953237037360302,0.0216713834709838
Norm,Experiment2 SAM #3 norm,,0.966389552216499,0.0354244964905905
Norm,Experiment2 SAM #4 norm,,1.00250079998017,0.0453364203291148
Norm,Experiment2 SAM #5 norm,,1.01606173288889,0.0228349811950326
Norm,Experiment2 SAM #6 norm,,0.976538167378514,0.056002566432468
Norm,Experiment2 SAM #7 norm,,1.00072310092895,0.0710724416077367
Norm,Experiment2 SAM #8 norm,,0.999244912676851,0.0831338293077599
Norm,Experiment2 CIT465 #1 norm,,1.00303412854518,0.0127795156998603
Norm,Experiment2 CIT465 #2 norm,,0.980152324401908,0.0103882904364833
Norm,Experiment2 CIT465 #3 norm,,0.962205875621211,0.0126833686301127
Norm,Experiment2 CIT465 #4 norm,,0.999337322302588,0.0128327208324314
Norm,Experiment2 CIT465 #5 norm,,0.957061175433381,0.0153932589862753
Norm,Experiment2 CIT465 #6 norm,,0.982341472670891,0.0116898217331651
Norm,Experiment2 CIT465 #7 norm,,1.04405852622487,0.0155941181396357
Norm,Experiment2 CIT465 #8 norm,,0.999020543471738,0.0199611955668291
Norm,Experiment2 MAL335 #1 norm,,1.03271720005299,0.0124008680360105
Norm,Experiment2 MAL335 #2 norm,,0.987242610427948,0.0131548956636892
Norm,Experiment2 MAL335 #3 norm,,0.98224316740504,0.0131987494889858
Norm,Experiment2 MAL335 #4 norm,,0.949928853860031,0.0113648667430643
Norm,Experiment2 MAL335 #5 norm,,0.997396006988629,0.0155559991808147
Norm,Experiment2 MAL335 #6 norm,,1.02508721494943,0.0165327146911433
Norm,Experiment2 MAL335 #7 norm,,1.00748738921387,0.0217258303817047
Norm,Experiment2 MAL335 #8 norm,,0.94784173685225,0.0390086769522869
Norm,Experiment2 ASP334 #1 norm,,1.03643147666554,0.0168000286961645
Norm,Experiment2 ASP334 #2 norm,,0.973281532136565,0.0234728597422008
Norm,Experiment2 ASP334 #3 norm,,0.979858472236574,0.0173077259619455
Norm,Experiment2 ASP334 #4 norm,,0.976625862376666,0.021410247995514
Norm,Experiment2 ASP334 #5 norm,,0.894254410342976,0.0221829741920879
Norm,Experiment2 ASP334 #6 norm,,0.941553260805988,0.0550986888498
Norm,Experiment2 ASP334 #7 norm,,1.00437187529013,0.0543406597997913
Norm,Experiment2 ASP334 #8 norm,,0.972394554627032,0.0342769813462768
Norm,Experiment2 GLU348 #1 norm,,0.97014858924706,0.0115215927751065
Norm,Experiment2 GLU348 #2 norm,,0.982377392150964,0.0123646960160008
Norm,Experiment2 GLU348 #3 norm,,0.984582424982267,0.0118287362090407
Norm,Experiment2 GLU348 #4 norm,,0.99491686895866,0.0152490832559741
Norm,Experiment2 GLU348 #5 norm,,0.933979305267346,0.027954897714786
Norm,Experiment2 GLU348 #6 norm,,0.960160946949598,0.0148901865972776
Norm,Experiment2 GLU348 #7 norm,,0.911594431031017,0.0211696376395498
Norm,Experiment2 GLU348 #8 norm,,0.90677199096118,0.0521445342272065
Norm,Experiment2 THR320 #1 norm,,1.03515145539367,0.0106454577601162
Norm,Experiment2 THR320 #2 norm,,1.01984615639908,0.0120158059147449
Norm,Experiment2 THR320 #3 norm,,0.988546515275446,0.0100980657745738
Norm,Experiment2 THR320 #4 norm,,1.00090758089867,0.011093146972004
Norm,Experiment2 THR320 #5 norm,,0.964905715671294,0.0199732659523941
Norm,Experiment2 THR320 #6 norm,,0.989769148412481,0.0108446682306832
Norm,Experiment2 THR320 #7 norm,,0.978039636402186,0.0138479308827294
Norm,Experiment2 THR320 #8 norm,,0.924538720590849,0.0358971180119342
Norm,Experiment2 ALA116 #1 norm,,1.03641910909691,0.0102375826398136
Norm,Experiment2 ALA116 #2 norm,,0.981903014620152,0.0100506888174787
Norm,Experiment2 ALA116 #3 norm,,1.02895556378045,0.0108326324360687
Norm,Experiment2 ALA116 #4 norm,,0.999572210174813,0.0252455805513207
Norm,Experiment2 ALA116 #5 norm,,0.968541092094536,0.0751688360835644
Norm,Experiment2 ALA116 #6 norm,,0.996760039890572,0.0702608030248224
Norm,Experiment2 ALA116 #7 norm,,1.02076608664928,0.0740019492757581
Norm,Experiment2 ALA116 #8 norm,,0.962501631444585,0.163449835543255
Norm,Experiment2 PYR #1 norm,,0.98559835628233,0.0123649168649422
Norm,Experiment2 PYR #2 norm,,1.02113807789239,0.0540462893105085
Norm,Experiment2 PYR #3 norm,,0.943095686362057,0.0656090526552901
Norm,Experiment2 PYR #4 norm,,1.0828888145357,0.05896730504021
Norm,Experiment2 PYR #5 norm,,1.13262850028461,0.213265456229654
Norm,Experiment2 PYR #6 norm,,0.977316662755197,0.107647385197047
Norm,Experiment2 PYR #7 norm,,1.00808331987133,0.069371211388353
Norm,Experiment2 PYR #8 norm,,0.956284746373243,0.119863161916942
