type,id,eqn,val,std
Net flux,CO2.t,CO2.t -> CO2,67.8996681386414,1.5270345213151
Net flux,CO2_sink,dummy -> Sink,67.8996681386414,1.5270345213151
Net flux,RUBICSO_CO2,RUBP.p + CO2 -> 3PGA.p + 3PGA.p + dummy,69.2745187408493,1.5308643400315
Net flux,GAPDH.p net,3PGA.p <-> TP.p,140.729352638387,3.04977432443772
Exch flux,GAPDH.p exch,3PGA.p <-> TP.p,162281.321320052,2819.091728664
Net flux,ALD,TP.p + E4P.p -> SBP,23.7980748487409,0.511517471228151
Net flux,SBP,SBP -> S7P.p,23.7980748487409,0.511517471228151
Net flux,FBA.p net,TP.p + TP.p <-> FBP.p,31.0864789408652,0.785866608554961
Exch flux,FBA.p exch,TP.p + TP.p <-> FBP.p,4801.53221906823,3936.06930654548
Net flux,PFK.p net,FBP.p <-> F6P.p,31.0864789408647,0.785866608554961
Exch flux,PFK.p exch,FBP.p <-> F6P.p,9.99945655166812e-08,1.68826854407998e-12
Net flux,TK1 net,TP.p + EC2 <-> X5P.p,47.5961496974818,1.0230349424563
Exch flux,TK1 exch,TP.p + EC2 <-> X5P.p,1.00000008274037e-07,0
Net flux,TK2 net,S7P.p <-> R5P.p + EC2,23.7980748487409,0.511517471228151
Exch flux,TK2 exch,S7P.p <-> R5P.p + EC2,38.998637101983,7417.93198544769
Net flux,TK3 net,F6P.p <-> E4P.p + EC2,23.7980748487425,0.511517471228151
Exch flux,TK3 exch,F6P.p <-> E4P.p + EC2,10633.7492338037,7289.30187264054
Net flux,PPE net,X5P.p <-> RU5P.p,47.5961496974817,1.0230349424563
Exch flux,PPE exch,X5P.p <-> RU5P.p,112.808594394611,6338.10943075706
Net flux,PPI net,R5P.p <-> RU5P.p,23.798074848741,0.511517471228151
Exch flux,PPI exch,R5P.p <-> RU5P.p,254.778389062895,6900.56877112378
Net flux,PRK,RU5P.p -> RUBP.p,71.3942245462228,1.53455241380814
Net flux,RUBISCO_O2,RUBP.p -> 3PGA.p + 2PG.p,2.11970580537346,0.08507636888703
Net flux,GLYdil net,GLY.p <-> GLY.x + dummyGLY,0.0182456286110906,0.00174083851661567
Exch flux,GLYdil exch,GLY.p <-> GLY.x + dummyGLY,1.0000000116861e-07,0
Net flux,SERdil net,SER.p <-> SER.x + dummySER,0.0623883430323247,0.00595254121642531
Exch flux,SERdil exch,SER.p <-> SER.x + dummySER,1.00016229964695e-07,6.08570985392998e-13
Net flux,GK,GA.p -> 3PGA.p,0.824168317453143,0.0694914047429349
Net flux,PGI.p net,F6P.p <-> G6P.p,7.28840409212328,0.416975258367209
Exch flux,PGI.p exch,F6P.p <-> G6P.p,1.0000185568515e-07,7106.28115110445
Net flux,PGM.p,G6P.p -> ADPG.p,7.28840409212328,0.416975258367209
Net flux,Starch,ADPG.p -> Starch,7.28840409212326,0.416975258367209
Net flux,FBA.c net,TP.c + TP.c <-> FBP.c,3.58108510521834,0.341675860973702
Exch flux,FBA.c exch,TP.c + TP.c <-> FBP.c,33.864986237653,7589.4878907454
Net flux,PFK.c net,FBP.c <-> F6P.c,3.58108510521837,0.341675860973702
Exch flux,PFK.c exch,FBP.c <-> F6P.c,38.2464755419559,7655.78451823854
Net flux,PGI.c net,F6P.c <-> G6P.c,1.79054255260922,0.170837930486851
Exch flux,PGI.c exch,F6P.c <-> G6P.c,256.575804559862,4341.82896396602
Net flux,PGM.c net,G6P.c <-> UDPG.c,1.79054255260417,0.170837930486851
Exch flux,PGM.c exch,G6P.c <-> UDPG.c,48490.058051665,7693.04680943228
Net flux,SPS,F6P.c + UDPG.c -> S6P,1.79054255260914,0.170837930486851
Net flux,PGAM.c net,3PGA.c <-> PEP.c,0.763558966133624,0.0728521271054156
Exch flux,PGAM.c exch,3PGA.c <-> PEP.c,3.43880932469628,7545.94273067996
Net flux,PK.c,PEP.c -> PYR.c,0.346595321908389,0.0330690982514061
Net flux,PDH,PYR.c + dummy -> ACA + CO2,0.288456405225378,0.0275219906002985
Net flux,CS,OAA + ACA -> CIT,0.288456405225374,0.0275219906002985
Net flux,ACO net,CIT <-> ICI,0.288456405224679,0.0275219906002985
Exch flux,ACO exch,CIT <-> ICI,6431.67163584503,7507.19592009432
Net flux,IDH,ICI + dummy -> AKG + CO2,0.28845640522539,0.0275219906002985
Net flux,MDH net,MAL <-> OAA,7.105427357601e-15,0
Exch flux,MDH exch,MAL <-> OAA,0.32689551360744,0.0619786982585165
Net flux,PPC,PEP.c + CO2 -> OAA + dummy,0.416963644226121,0.0397830289733933
Net flux,T_3PGA net,3PGA.p <-> 3PGA.c,0.763558966133601,0.0728521271054156
Exch flux,T_3PGA exch,3PGA.p <-> 3PGA.c,1.0000000116861e-07,0
Net flux,T_DHAP net,TP.p <-> TP.c,7.16217021043675,0.683351721947404
Exch flux,T_DHAP exch,TP.p <-> TP.c,3.0134541151966,0.892188313186438
Net flux,ALT,PYR.c -> ALA.c,0.0581389166832632,0.00554710762266692
Net flux,ASPT,OAA -> ASP,0.128507239000728,0.0122610382683508
Net flux,GLUDH,AKG -> GLU,0.288456405225367,0.0275219906002985
Net flux,PCR net,GLU <-> PRO,-2.48689957516035e-14,0
Exch flux,PCR exch,GLU <-> PRO,1.0000000116861e-07,4.72708768163794e-14
Net flux,GS net,GLU <-> GLN,0,0
Exch flux,GS exch,GLU <-> GLN,1.0004216477455e-07,3.80444485361666e-13
Net flux,TS net,ASP <-> THR,0,0
Exch flux,TS exch,ASP <-> THR,1.0000000116861e-07,0
Net flux,AS net,ASP <-> ASN,1.06581410364015e-14,0
Exch flux,AS exch,ASP <-> ASN,1.0000000116861e-07,0
Net flux,G_3PGA.p,0*3PGA.p -> 3PGA,2.46866313347027e-06,10057.0576680119
Net flux,G_3PGA.c,0*3PGA.c -> 3PGA,92.9119081391655,7096.30986320185
Net flux,G_DHAP.p,0*TP.p -> TP,40.6853798422419,9697.61789267554
Net flux,G_DHAP.c,0*TP.c -> TP,51.8471856996948,7559.60307978151
Net flux,G_F6P.p,0*F6P.p -> F6P,48.6686345030749,10006.8583911701
Net flux,G_F6P.c,0*F6P.c -> F6P,36.546576817712,7227.93795031573
Net flux,G_FBP.p,0*FBP.p -> FBP,2.46866143527313e-06,10669.6898955188
Net flux,G_FBP.c,0*FBP.c -> FBP,83.4512310483971,7544.34396118649
Net flux,G_G6P.p,0*G6P.p -> G6P,19.0549768397257,10602.1129952409
Net flux,G_G6P.c,0*G6P.c -> G6P,58.8549499993083,7190.24921586197
Net flux,G_RU5P.p,0*RU5P.p -> P5P,2.46865386444028e-06,10385.6010736045
Net flux,G_X5P.p,0*X5P.p -> P5P,92.8477691494265,6664.5658107609
Net flux,G_R5P.p,0*R5P.p -> R5P,82.2810779884949,6330.87593824039
Net flux,G_GA.p,0*GA.p -> GA,46.7470169949774,4.96694089263217
Net flux,G_SER.p,0*SER.p -> SER,95.721804987208,9945.96395425672
Net flux,G_GLY.p,0*GLY.p -> GLY,1.00000008274037e-07,1.36341458158533e-12
Net flux,G_RUBP.p,0*RUBP.p -> RUBP,92.5302752673063,6182.03746794145
Net flux,G_S7P.p,0*S7P.p -> S7P,98.4567310636212,6952.08653431627
Net flux,G_2PG.p,0*2PG.p -> 2PG,87.0427532706349,7462.51204718419
Net flux,G_ADPG.p,0*ADPG.p -> ADPG,95.0805622183481,7573.702977753
Net flux,G_PEP.c,0*PEP.c -> PEP,89.2305410445615,7326.94389256618
Net flux,G_UDPG.c,0*UDPG.c -> UDPG,72.4268033045549,7108.65914160867
Net flux,G_ALA.c,0*ALA.c -> ALA,65.5393937611684,5.81992285704495
Net flux,(1-G)_GA,0*GA.x -> GA,53.2529830050246,4.96694089263217
Net flux,(1-G)_SER,0*SER.x -> SER,4.27814837839398,6.51851562252749
Net flux,(1-G)_GLY,0*GLY.x -> GLY,41.4961762143606,7.05202698137748
Net flux,(1-G)_R5P,0*R5P.x -> R5P,17.718922011502,6330.87593824039
Net flux,(1-G)_RUBP,0*RUBP.x -> RUBP,7.46972473269241,6182.03746794145
Net flux,(1-G)_3PGA,0*3PGA.x -> 3PGA,7.08808939217167,7672.77139601735
Net flux,(1-G)_TP,0*TP.x -> TP,7.46743445806384,6244.84948662065
Net flux,(1-G)_F6P,0*F6P.x -> F6P,14.7847886792169,6642.00300325947
Net flux,(1-G)_FBP,0*FBP.x -> FBP,16.5487664829362,7075.1753319671
Net flux,(1-G)_G6P,0*G6P.x -> G6P,22.0900731609643,7567.81479285269
Net flux,(1-G)_RU5P,0*RU5P.x -> P5P,7.15222838192103,8037.98826802424
Net flux,(1-G)_S7P,0*S7P.x -> S7P,1.5432689363768,6952.08653431627
Net flux,(1-G)_2PG,0*2PG.x -> 2PG,12.9572467293675,7462.51204718419
Net flux,(1-G)_ADPG,0*ADPG.x -> ADPG,4.91943778165087,7573.702977753
Net flux,(1-G)_PEP,0*PEP.x -> PEP,10.7694589554367,7326.94389256618
Net flux,(1-G)_UDPG,0*UDPG.x -> UDPG,27.5731966954463,7108.65914160867
Net flux,(1-G)_ALA,0*ALA.x -> ALA,34.4606062388314,5.81992285704495
Net flux,PGASink,3PGA -> Sink,100,0
Net flux,DHAPSink,TP -> Sink,100.000000000001,0
Net flux,F6PSink,F6P -> Sink,100.000000000004,0
Net flux,FBPSink,FBP -> Sink,99.9999999999948,0
Net flux,G6PSink,G6P -> Sink,99.9999999999983,0
Net flux,P5PSink,P5P -> Sink,100.000000000001,0
Net flux,R5PSink,R5P -> Sink,99.9999999999968,0
Net flux,GASink,GA -> Sink,100.000000000002,0
Net flux,SERSink,SER -> Sink,99.9999999999996,0
Net flux,GLYSink,GLY -> Sink,100.000000000001,0
Net flux,RUBPSink,RUBP -> Sink,99.9999999999987,0
Net flux,S7PSink,S7P -> Sink,99.9999999999979,0
Net flux,2PGSink,2PG -> Sink,100.000000000002,0
Net flux,ADPGSink,ADPG -> Sink,99.9999999999989,0
Net flux,PEPSink,PEP -> Sink,99.9999999999983,0
Net flux,UDPGSink,UDPG -> Sink,100.000000000001,0
Net flux,ALASink,ALA -> Sink,99.9999999999998,0
Net flux,S6Pout-LL,S6P + 0.1611*GLU + 0.07177*ASP + 0.03247*ALA.c + 0.01019*dummyGLY + 0.03484*dummySER -> Sink,1.79054255260918,0.170837930486851
Net flux,PGP.p,2PG.p -> Glyc.p,2.11970580537347,0.08507636888703
Net flux,GOX,Glyc.p -> Glyx.p,2.11970580537349,0.08507636888703
Net flux,GGT,Glyx.p -> GLY.p,2.11970580537348,0.08507636888703
Net flux,SGAT,SER.p -> HPA.p,0.824168317453132,0.0694914047429349
Net flux,HPR.p,HPA.p -> GA.p,0.824168317453126,0.0694914047429349
Net flux,T_GLY-m net,GLY.p <-> GLY.m,2.19960475841256,7533.13527838857
Exch flux,T_GLY-m exch,GLY.p <-> GLY.m,1.00000000280431e-07,0
Net flux,GDC.m,GLY.m + dummy -> myTHF.m + CO2,1.21490143598331,0.0761250677203389
Net flux,T_SER-m net,SER.p <-> SER.m,-1.21490143598294,0.0761250677203389
Exch flux,T_SER-m exch,SER.p <-> SER.m,6438.1770882794,7319.68416173713
Net flux,mSHMT,GLY.m + myTHF.m -> SER.m,1.21490143598331,0.0761250677203389
Net flux,T_SER-c net,SER.p <-> SER.c,0.328344775497843,0.117632900865749
Exch flux,T_SER-c exch,SER.p <-> SER.c,1.900272945099,4321.18568919035
Net flux,T_Gly-c net,GLY.p <-> GLY.c,-0.0981445816501929,7533.13527791437
Exch flux,T_Gly-c exch,GLY.p <-> GLY.c,0.0155780867199686,0.00957192813802374
Net flux,cSHMT,SER.c -> GLY.c + meTHF.c,0.328344675504027,0.117632900633669
Net flux,FmTHF-reductase net,meTHF.c <-> FmTHF.c,0.328344675504028,0.117632900633669
Exch flux,FmTHF-reductase exch,meTHF.c <-> FmTHF.c,3.60308783680929,7608.03607165735
Net flux,Met-synthase,FmTHF.c + Hcy.c -> Met.c,0.328344675504007,0.117632900633669
Net flux,SAM-synthase,Met.c -> SAM.c,0.328344675504017,0.117632900633669
Net flux,Methylation,SAM.c -> SAH.c + Acceptor.c,0.328344675504012,0.117632900633669
Net flux,hydrolysis,SAH.c -> Hcy.c,0.328344675504004,0.117632900633669
Net flux,G_SER.m,0*SER.m -> SER,1.36194077704488e-05,7254.14134074192
Net flux,G_SER.c,0*SER.c -> SER,3.30149897962428e-05,6968.21979574405
Net flux,G_Gly.m,0*GLY.m -> GLY,1.0000000116861e-07,0
Net flux,G_Gly.c,0*GLY.c -> GLY,58.5038235856406,7.05202698137748
Net flux,T_GLY-c-m,GLY.c -> GLY.m,0.230198113554066,7533.13527890225
Net flux,G_Glyc,0*Glyc.p -> Glyc,8.04315721474827,0.995004002891939
Net flux,G_Glyx,0*Glyx.p -> Glyx,99.9999999000008,0
Net flux,G_HPA,0*HPA.p -> HPA,7.1574235483757,3.96944846582911
Net flux,(1-G)_Glyc,0*Glyc.x -> Glyc,91.9568427852523,0.995004002891939
Net flux,(1-G)_Glyx,0*Glyx.x -> Glyx,1.00000008274037e-07,0
Net flux,(1-G)_HPA,0*HPA.x -> HPA,92.8425764516242,3.96944846582911
Net flux,GlycSink,Glyc -> Sink,100.000000000001,0
Net flux,GlyxSink,Glyx -> Sink,100.000000000001,0
Net flux,HPASink,HPA -> Sink,99.9999999999998,0
Net flux,SERex,dummySER -> outSER,1.00029691196823e-07,3.7951731960994e-13
Net flux,G_PYR,0*PYR.c -> PYR,36.3365712174493,3.42154013553248
Net flux,(1-G)_PYR,0*PYR.x -> PYR,63.6634287825509,3.42154013553248
Net flux,PYRSink,PYR -> Sink,100,0
Net flux,G_meTHF,0*meTHF.c -> meTHF,97.2326702225105,6.23770358699487
Net flux,G_FmTHF,0*FmTHF.c -> FmTHF,77.7730784603854,4.8935853150717
Net flux,G_Met,0*Met.c -> Met,68.6488038389797,5.44416220740071
Net flux,G_SAM,0*SAM.c -> SAM,56.7496670256692,4.07163859995775
Net flux,(1-G)_meTHF,0*meTHF.x -> meTHF,2.76732977748942,6.23770358699487
Net flux,(1-G)_FmTHF,0*FmTHF.x -> FmTHF,22.2269215396146,4.8935853150717
Net flux,(1-G)_Met,0*Met.x -> Met,31.3511961610204,5.44416220740071
Net flux,(1-G)_SAM,0*SAM.x -> SAM,43.2503329743308,4.07163859995775
Net flux,meTHFSink,meTHF -> Sink,99.9999999999999,0
Net flux,FmTHFSink,FmTHF -> Sink,100,0
Net flux,MetSink,Met -> Sink,100,0
Net flux,SAMsink,SAM -> Sink,100,0
Net flux,Met-protein,Met.c -> Protein,6.51983996113883e-15,0
Net flux,GLY-protein,GLY.c -> Protein,1.98029979525671e-06,7.34823353316023e-13
Net flux,SER-protein,SER.c -> Protein,9.99938176704518e-08,1.1945282135463e-12
Pool,2PG pool,,0,0
Pool,2PG.p pool,,1e-07,0
Pool,2PG.x pool,,1,Inf
Pool,3PGA pool,,0,0
Pool,3PGA.c pool,,0.0200804094057545,0.00629295560723469
Pool,3PGA.p pool,,1.77332485440953e-07,7566.1276286106
Pool,3PGA.x pool,,1,Inf
Pool,ACA pool,,1.08875134235978e-06,7613.13395080825
Pool,ADPG pool,,0,0
Pool,ADPG.p pool,,9.9999999999999e-08,Inf
Pool,ADPG.x pool,,1,Inf
Pool,AKG pool,,1.00616127613418e-07,7312.1452084312
Pool,ALA pool,,0,0
Pool,ALA.c pool,,0.00810937466738379,0.00313684514516852
Pool,ALA.x pool,,1,Inf
Pool,ASN pool,,7566.06819464444,7240.26484296594
Pool,ASP pool,,0.0546300355551521,0.0106648750365429
Pool,Acceptor.c pool,,1,Inf
Pool,CIT pool,,4.04007681699042,1.0763644457195
Pool,CO2 pool,,4.35128727189246e-07,7444.55072440474
Pool,CO2.t pool,,1,Inf
Pool,E4P.p pool,,0,0
Pool,EC2 pool,,0,0
Pool,F6P pool,,0,0
Pool,F6P.c pool,,3.80097278702875e-06,7387.48692113367
Pool,F6P.p pool,,1e-07,0
Pool,F6P.x pool,,1,Inf
Pool,FBP pool,,0,0
Pool,FBP.c pool,,2.49165075019374e-06,7187.6725007826
Pool,FBP.p pool,,1e-07,0
Pool,FBP.x pool,,1,Inf
Pool,FmTHF pool,,1.97553079835469,1.6603809859412
Pool,FmTHF.c pool,,1e-07,1.30526701635201e-15
Pool,FmTHF.x pool,,1,Inf
Pool,G6P pool,,0,0
Pool,G6P.c pool,,9.87038553463097e-06,7445.45603719661
Pool,G6P.p pool,,3.43858232938579e-06,7000.90599925054
Pool,G6P.x pool,,1,Inf
Pool,GA pool,,0,0
Pool,GA.p pool,,1e-07,0
Pool,GA.x pool,,1,Inf
Pool,GLN pool,,8.83867752763581,7555.49411867624
Pool,GLU pool,,1.00617227819342e-07,7009.08292786124
Pool,GLY pool,,0,0
Pool,GLY.c pool,,2.19497334607588e-07,7110.1964514602
Pool,GLY.m pool,,0.0603098037050628,0.0205382513254986
Pool,GLY.p pool,,1.00000000000002e-07,0
Pool,GLY.x pool,,1,Inf
Pool,Glyc pool,,1.5807967713163,0.814192465554736
Pool,Glyc.p pool,,1e-07,0
Pool,Glyc.x pool,,1,Inf
Pool,Glyx pool,,949.660749797605,354.026691966652
Pool,Glyx.p pool,,1e-07,0
Pool,Glyx.x pool,,1,Inf
Pool,HPA pool,,13.0106139348938,855.526348663288
Pool,HPA.p pool,,1e-07,0
Pool,HPA.x pool,,1,Inf
Pool,Hcy.c pool,,1,Inf
Pool,ICI pool,,0.00125354551555064,7083.02804979544
Pool,MAL pool,,3.20922237815238,1.38321318173271
Pool,Met pool,,1.91989218760821e-06,7438.82143671816
Pool,Met.c pool,,1e-07,0
Pool,Met.x pool,,1,Inf
Pool,OAA pool,,1.23850896457425e-07,7373.51161053577
Pool,P5P pool,,0,0
Pool,PEP pool,,0,0
Pool,PEP.c pool,,9.99999999999482e-08,1.56897432098504e-18
Pool,PEP.x pool,,1,Inf
Pool,PRO pool,,5.39499636148208,6976.00920315404
Pool,PYR pool,,1.43152748220119e-07,7810.73340831039
Pool,PYR.c pool,,0.028438052550451,0.0108333276898692
Pool,PYR.x pool,,1,Inf
Pool,Protein pool,,1,Inf
Pool,R5P pool,,0,0
Pool,R5P.p pool,,1e-07,0
Pool,R5P.x pool,,1,Inf
Pool,RU5P.p pool,,1e-07,0
Pool,RU5P.x pool,,1,Inf
Pool,RUBP pool,,0,0
Pool,RUBP.p pool,,1e-07,0
Pool,RUBP.x pool,,1,Inf
Pool,S6P pool,,1,Inf
Pool,S7P pool,,0,0
Pool,S7P.p pool,,1e-07,0
Pool,S7P.x pool,,1,Inf
Pool,SAH.c pool,,1,Inf
Pool,SAM pool,,0.342561870174228,6779.55263020914
Pool,SAM.c pool,,4.42192149163054e-07,7290.34666537862
Pool,SAM.x pool,,1,Inf
Pool,SBP pool,,0,0
Pool,SER pool,,0,0
Pool,SER.c pool,,1.00000000016753e-07,6.2717481794738e-13
Pool,SER.m pool,,0.47128689149627,0.0575580382472772
Pool,SER.p pool,,3.86387494550844e-05,6821.6217171912
Pool,SER.x pool,,1,Inf
Pool,Sink pool,,1,Inf
Pool,Starch pool,,1,Inf
Pool,THR pool,,3889.25130345266,7187.65230870336
Pool,TP pool,,0,0
Pool,TP.c pool,,2.33083673543692e-06,7099.85456793995
Pool,TP.p pool,,2.09212051816593e-07,6696.61506928827
Pool,TP.x pool,,1,Inf
Pool,UDPG pool,,0,0
Pool,UDPG.c pool,,3.13574266105606,1.7827639665722
Pool,UDPG.x pool,,1,Inf
Pool,X5P.p pool,,1.00598339644518e-07,7097.84324007034
Pool,dummy pool,,1,Inf
Pool,dummyGLY pool,,1,Inf
Pool,dummySER pool,,1,Inf
Pool,meTHF pool,,1.83470049047427e-06,6919.64754710221
Pool,meTHF.c pool,,1e-07,0
Pool,meTHF.x pool,,1,Inf
Pool,myTHF.m pool,,1e-07,0
Pool,outSER pool,,1,Inf
Norm,Experiment2 Glyc205 #1 norm,,0.913746825930571,0.0331743318750587
Norm,Experiment2 Glyc205 #2 norm,,0.985340623666035,0.0187319909178385
Norm,Experiment2 Glyc205 #3 norm,,0.989819143694787,0.0220564726511242
Norm,Experiment2 Glyc205 #4 norm,,1.00080797605557,0.0205618308617116
Norm,Experiment2 Glyc205 #5 norm,,1.0658393440601,0.0240197476591981
Norm,Experiment2 Glyc205 #6 norm,,0.95205824429574,0.0234194966095077
Norm,Experiment2 Glyc205 #7 norm,,0.984181655668084,0.0312432510047815
Norm,Experiment2 Glyc205 #8 norm,,0.995249012949014,0.105788132752114
Norm,Experiment2 Glyx160 #1 norm,,0.986743513484947,0.0114104813620292
Norm,Experiment2 Glyx160 #2 norm,,0.972916425644625,0.0115158639257728
Norm,Experiment2 Glyx160 #3 norm,,1.0095618178561,0.0127104945624
Norm,Experiment2 Glyx160 #4 norm,,0.993962394094389,0.0161362099913387
Norm,Experiment2 Glyx160 #5 norm,,1.01204319440289,0.0145128971079155
Norm,Experiment2 Glyx160 #6 norm,,0.978185025644046,0.0204385768792527
Norm,Experiment2 Glyx160 #7 norm,,1.03425583540319,0.0333226381479606
Norm,Experiment2 Glyx160 #8 norm,,0.92313088102255,0.114040604510028
Norm,Experiment2 GLY276 #1 norm,,1.02045713806333,0.010598479730114
Norm,Experiment2 GLY276 #2 norm,,1.01804539884947,0.0237270116701776
Norm,Experiment2 GLY276 #3 norm,,0.980145611852579,0.0189875333004617
Norm,Experiment2 GLY276 #4 norm,,1.03266692748582,0.0183677149396867
Norm,Experiment2 GLY276 #5 norm,,0.980823730418465,0.0354509517242625
Norm,Experiment2 GLY276 #6 norm,,0.94518360659018,0.0763181484690083
Norm,Experiment2 GLY276 #7 norm,,1.018337855932,0.143251929268141
Norm,Experiment2 GLY276 #8 norm,,0.997654355308351,0.225492336741692
Norm,Experiment2 HPA262 #1 norm,,0.998392242186194,0.0200324272065167
Norm,Experiment2 HPA262 #2 norm,,1.01133751575014,0.0255697853944221
Norm,Experiment2 HPA262 #3 norm,,0.96859137813994,0.0243046934685206
Norm,Experiment2 HPA262 #4 norm,,1.00178292458395,0.0314627418039184
Norm,Experiment2 HPA262 #5 norm,,0.942124914182521,0.0225924921400195
Norm,Experiment2 HPA262 #6 norm,,0.966474401343342,0.0297755328229083
Norm,Experiment2 HPA262 #7 norm,,0.973291393050327,0.703795753917016
Norm,Experiment2 HPA262 #8 norm,,0.966235178391947,0.0478196483267479
Norm,Experiment2 GA307 #1 norm,,0.994233305358137,0.010976369190823
Norm,Experiment2 GA307 #2 norm,,0.906497173683047,0.0272722684214139
Norm,Experiment2 GA307 #3 norm,,0.916894499663428,0.0207319736582577
Norm,Experiment2 GA307 #4 norm,,0.947498897992402,0.0238295164002439
Norm,Experiment2 GA307 #5 norm,,0.960723932169059,0.0738603536624389
Norm,Experiment2 GA307 #6 norm,,0.927312218528595,0.0897190405144255
Norm,Experiment2 GA307 #7 norm,,0.914248982935238,0.0740608032760029
Norm,Experiment2 GA307 #8 norm,,0.95378568476031,0.19692197615233
Norm,Experiment2 SER306 #1 norm,,0.984227476841324,0.0125570881499892
Norm,Experiment2 SER306 #2 norm,,0.981670813177748,0.0360739971527494
Norm,Experiment2 SER306 #3 norm,,1.00377235722706,0.0199794181292136
Norm,Experiment2 SER306 #4 norm,,1.01887065701171,0.0257750508536259
Norm,Experiment2 SER306 #5 norm,,0.979841259712554,0.0568675124415378
Norm,Experiment2 SER306 #6 norm,,1.01151388266549,0.116661474216544
Norm,Experiment2 SER306 #7 norm,,1.2101872857086,0.113643816703981
Norm,Experiment2 SER306 #8 norm,,1.01169753793011,0.109684698304535
Norm,Experiment2 meTHF #1 norm,,0.992885355445107,0.0100336214622883
Norm,Experiment2 meTHF #2 norm,,0.974459880522664,0.0142915170074186
Norm,Experiment2 meTHF #3 norm,,0.964256862456786,0.0264749536249037
Norm,Experiment2 meTHF #4 norm,,0.995653512287848,0.0272765015019603
Norm,Experiment2 meTHF #5 norm,,0.96948441904222,0.0829323847622303
Norm,Experiment2 meTHF #6 norm,,1.02739588462816,0.134935514429277
Norm,Experiment2 meTHF #7 norm,,0.972321189820607,0.191099514597171
Norm,Experiment2 meTHF #8 norm,,1.00740461376961,0.075652683675876
Norm,Experiment2 FmTHF #1 norm,,0.992797096337873,0.00993353845220122
Norm,Experiment2 FmTHF #2 norm,,0.988601147176807,0.0113098045440576
Norm,Experiment2 FmTHF #3 norm,,1.00084625476228,0.0101373979326634
Norm,Experiment2 FmTHF #4 norm,,1.02090844113203,0.0247156583885918
Norm,Experiment2 FmTHF #5 norm,,0.970285292690522,0.0400526540565246
Norm,Experiment2 FmTHF #6 norm,,0.982857842685453,0.0725939358822803
Norm,Experiment2 FmTHF #7 norm,,1.00994999282378,0.120770870111364
Norm,Experiment2 FmTHF #8 norm,,1.00110166387828,0.0654605967990605
Norm,Experiment2 Met176 #1 norm,,1.00633545987874,0.023625051795307
Norm,Experiment2 Met176 #2 norm,,0.96144978036429,0.0363052306274527
Norm,Experiment2 Met176 #3 norm,,0.955009459069244,0.035036178062508
Norm,Experiment2 Met176 #4 norm,,0.912096027394757,0.0901227405901851
Norm,Experiment2 Met176 #5 norm,,0.897122337575025,0.0645002235726471
Norm,Experiment2 Met176 #6 norm,,1.00825008982279,0.0333606955207409
Norm,Experiment2 Met176 #7 norm,,1.01630839103642,0.0726538643282913
Norm,Experiment2 Met176 #8 norm,,1.04563416834167,0.169341267071207
Norm,Experiment2 SAM #1 norm,,0.993166820850987,0.0142756015694046
Norm,Experiment2 SAM #2 norm,,0.981835579701617,0.0222759063971678
Norm,Experiment2 SAM #3 norm,,0.969767523067326,0.0333249228394775
Norm,Experiment2 SAM #4 norm,,0.961610506275015,0.0410013857281212
Norm,Experiment2 SAM #5 norm,,1.02281512775639,0.0221480170985229
Norm,Experiment2 SAM #6 norm,,0.984263780181373,0.0551239583792886
Norm,Experiment2 SAM #7 norm,,0.988378218405829,0.0718705366131839
Norm,Experiment2 SAM #8 norm,,0.999927448302533,0.0725945894114152
Norm,Experiment2 CIT465 #1 norm,,1.02276303658553,0.0129523595366947
Norm,Experiment2 CIT465 #2 norm,,1.00665491119391,0.010711695244027
Norm,Experiment2 CIT465 #3 norm,,0.96565834370854,0.0127873071990182
Norm,Experiment2 CIT465 #4 norm,,0.99139488542322,0.0127050199804191
Norm,Experiment2 CIT465 #5 norm,,0.995310009248513,0.0160815194363493
Norm,Experiment2 CIT465 #6 norm,,0.989898782986558,0.0116942714468104
Norm,Experiment2 CIT465 #7 norm,,1.027562524153,0.015500632562177
Norm,Experiment2 CIT465 #8 norm,,1.03320965900393,0.0216381928795024
Norm,Experiment2 MAL335 #1 norm,,0.992657850807575,0.0119355997176384
Norm,Experiment2 MAL335 #2 norm,,0.967621948699728,0.0131411128297767
Norm,Experiment2 MAL335 #3 norm,,1.00919470642932,0.0130847710244376
Norm,Experiment2 MAL335 #4 norm,,0.973790049104266,0.0115725184370056
Norm,Experiment2 MAL335 #5 norm,,0.990818724398627,0.0148743838024018
Norm,Experiment2 MAL335 #6 norm,,0.967544823041084,0.0154369037308825
Norm,Experiment2 MAL335 #7 norm,,0.99336297000064,0.0219650999469619
Norm,Experiment2 MAL335 #8 norm,,0.96656528901513,0.0420782014808689
Norm,Experiment2 ASP334 #1 norm,,1.0112431954399,0.0159434028462926
Norm,Experiment2 ASP334 #2 norm,,0.97644243428033,0.0231733066501758
Norm,Experiment2 ASP334 #3 norm,,0.982739749349214,0.0172713882474413
Norm,Experiment2 ASP334 #4 norm,,1.0027083425857,0.0212426971068842
Norm,Experiment2 ASP334 #5 norm,,0.991870873453949,0.0248007420990145
Norm,Experiment2 ASP334 #6 norm,,0.974162688282247,0.0620094974051389
Norm,Experiment2 ASP334 #7 norm,,0.979241683440524,0.0604677563377088
Norm,Experiment2 ASP334 #8 norm,,1.01964712479198,0.0385901092648568
Norm,Experiment2 GLU348 #1 norm,,0.995021840468087,0.0116016065855554
Norm,Experiment2 GLU348 #2 norm,,0.992301637340954,0.012450724320137
Norm,Experiment2 GLU348 #3 norm,,1.00048591416147,0.0120783425930576
Norm,Experiment2 GLU348 #4 norm,,1.02784142212396,0.0159362622740544
Norm,Experiment2 GLU348 #5 norm,,0.9945017651732,0.0296563272966183
Norm,Experiment2 GLU348 #6 norm,,0.980725140458201,0.0152724492186108
Norm,Experiment2 GLU348 #7 norm,,0.9321999464481,0.0228293114102513
Norm,Experiment2 GLU348 #8 norm,,0.87429784716895,0.0536626859588692
Norm,Experiment2 THR320 #1 norm,,1.01123179988922,0.0103281139745438
Norm,Experiment2 THR320 #2 norm,,0.980389545917977,0.0114605380842155
Norm,Experiment2 THR320 #3 norm,,1.01426501356301,0.010385166118525
Norm,Experiment2 THR320 #4 norm,,0.995615574399113,0.0109479054431681
Norm,Experiment2 THR320 #5 norm,,0.996508428076911,0.0200674720542543
Norm,Experiment2 THR320 #6 norm,,1.01167681655014,0.0111282241783288
Norm,Experiment2 THR320 #7 norm,,0.984304993988479,0.0141649237565184
Norm,Experiment2 THR320 #8 norm,,0.940096231377063,0.0384531266151577
Norm,Experiment2 ALA116 #1 norm,,1.00651326389492,0.0101954614062898
Norm,Experiment2 ALA116 #2 norm,,0.990250219053071,0.00972748069721754
Norm,Experiment2 ALA116 #3 norm,,1.00519123297531,0.0102248902040917
Norm,Experiment2 ALA116 #4 norm,,1.00475851341696,0.0247133893450668
Norm,Experiment2 ALA116 #5 norm,,1.07454864469089,0.0817504935353637
Norm,Experiment2 ALA116 #6 norm,,0.982291405713393,0.0696860461640951
Norm,Experiment2 ALA116 #7 norm,,1.00605654092673,0.0695528935188506
Norm,Experiment2 ALA116 #8 norm,,0.955173749082336,0.205752506479887
Norm,Experiment2 PYR #1 norm,,0.93688225099634,0.0119136821168376
Norm,Experiment2 PYR #2 norm,,0.843157358064932,0.047062552950615
Norm,Experiment2 PYR #3 norm,,0.92629770876929,0.0581413053044219
Norm,Experiment2 PYR #4 norm,,0.983543024466697,0.0499747591316202
Norm,Experiment2 PYR #5 norm,,1.03126553238199,0.108165636144682
Norm,Experiment2 PYR #6 norm,,0.969447804653435,0.115158101848983
Norm,Experiment2 PYR #7 norm,,1.0099165246606,0.0774177495928579
Norm,Experiment2 PYR #8 norm,,0.963563192633867,0.13182100907977
