type,id,eqn,val,std
Net flux,CO2.t,CO2.t -> CO2,66.1212328033992,1.52169114396439
Net flux,CO2_sink,dummy -> Sink,66.1212328033991,1.52169114396439
Net flux,RUBICSO_CO2,RUBP.p + CO2 -> 3PGA.p + 3PGA.p + dummy,67.4805226715005,1.52701223129975
Net flux,GAPDH.p net,3PGA.p <-> TP.p,136.476192722125,3.08723458044405
Exch flux,GAPDH.p exch,3PGA.p <-> TP.p,5380.52822475845,2896.25711680593
Net flux,ALD,TP.p + E4P.p -> SBP,23.2074512319452,0.510364356413456
Net flux,SBP,SBP -> S7P.p,23.2074512319452,0.510364356413456
Net flux,FBA.p net,TP.p + TP.p <-> FBP.p,30.0633476846924,0.80275655211804
Exch flux,FBA.p exch,TP.p + TP.p <-> FBP.p,24867.4676417408,2895.02806797206
Net flux,PFK.p net,FBP.p <-> F6P.p,30.0633476846956,0.80275655211804
Exch flux,PFK.p exch,FBP.p <-> F6P.p,1.00009657444389e-07,1.71547553217325e-12
Net flux,TK1 net,TP.p + EC2 <-> X5P.p,46.4149024638904,1.02072871282691
Exch flux,TK1 exch,TP.p + EC2 <-> X5P.p,605.236739149544,4784.29284509575
Net flux,TK2 net,S7P.p <-> R5P.p + EC2,23.2074512319452,0.510364356413456
Exch flux,TK2 exch,S7P.p <-> R5P.p + EC2,37.8262163033956,4460.50135117148
Net flux,TK3 net,F6P.p <-> E4P.p + EC2,23.2074512319468,0.510364356413456
Exch flux,TK3 exch,F6P.p <-> E4P.p + EC2,9109.67350781567,4096.00003179587
Net flux,PPE net,X5P.p <-> RU5P.p,46.4149024638904,1.02072871282691
Exch flux,PPE exch,X5P.p <-> RU5P.p,718.100154039556,4096
Net flux,PPI net,R5P.p <-> RU5P.p,23.2074512319452,0.510364356413456
Exch flux,PPI exch,R5P.p <-> RU5P.p,238.196280941873,4096.00003179587
Net flux,PRK,RU5P.p -> RUBP.p,69.6223536958357,1.53109306924037
Net flux,RUBISCO_O2,RUBP.p -> 3PGA.p + 2PG.p,2.14183102433519,0.084957065102492
Net flux,GLYdil net,GLY.p <-> GLY.x + dummyGLY,0.0171373984659553,0.00180299964661542
Exch flux,GLYdil exch,GLY.p <-> GLY.x + dummyGLY,0.00313606975220182,4102.92189898282
Net flux,SERdil net,SER.p <-> SER.x + dummySER,0.491361975005489,3.03730141279088
Exch flux,SERdil exch,SER.p <-> SER.x + dummySER,0.111374944251182,0.0894590221332513
Net flux,GK,GA.p -> 3PGA.p,0.0904971400503416,0.464373729352245
Net flux,PGI.p net,F6P.p <-> G6P.p,6.85589645274988,0.440112912233013
Exch flux,PGI.p exch,F6P.p <-> G6P.p,4.06182449136612,5778.59474282673
Net flux,PGM.p,G6P.p -> ADPG.p,6.85589645274989,0.440112912233013
Net flux,Starch,ADPG.p -> Starch,6.85589645274986,0.440112912233013
Net flux,FBA.c net,TP.c + TP.c <-> FBP.c,3.36357182844951,0.353876279867221
Exch flux,FBA.c exch,TP.c + TP.c <-> FBP.c,20.9236054229609,248.94919566747
Net flux,PFK.c net,FBP.c <-> F6P.c,3.36357182844952,0.353876279867221
Exch flux,PFK.c exch,FBP.c <-> F6P.c,6.24313527812743,10.9761264019406
Net flux,PGI.c net,F6P.c <-> G6P.c,1.68178591422478,0.176938139933611
Exch flux,PGI.c exch,F6P.c <-> G6P.c,227.651179346117,4870.63189414454
Net flux,PGM.c net,G6P.c <-> UDPG.c,1.68178591422475,0.176938139933611
Exch flux,PGM.c exch,G6P.c <-> UDPG.c,48481.6807514464,5332.88975115654
Net flux,SPS,F6P.c + UDPG.c -> S6P,1.68178591422472,0.176938139933611
Net flux,PGAM.c net,3PGA.c <-> PEP.c,0.717180785262182,0.0754535004895133
Exch flux,PGAM.c exch,3PGA.c <-> PEP.c,0.458209916934354,5571.71781745223
Net flux,PK.c,PEP.c -> PYR.c,0.325543299416417,0.0342499157993441
Net flux,PDH,PYR.c + dummy -> ACA + CO2,0.270935710781674,0.0285047343394623
Net flux,CS,OAA + ACA -> CIT,0.27093571078167,0.0285047343394623
Net flux,ACO net,CIT <-> ICI,0.270935710781714,0.0285047343394623
Exch flux,ACO exch,CIT <-> ICI,1168.86776738,5036.70655565219
Net flux,IDH,ICI + dummy -> AKG + CO2,0.270935710781687,0.0285047343394623
Net flux,MDH net,MAL <-> OAA,7.105427357601e-15,0
Exch flux,MDH exch,MAL <-> OAA,0.468620834834923,0.0633155340535637
Net flux,PPC,PEP.c + CO2 -> OAA + dummy,0.391637485845286,0.0412035847038805
Net flux,T_3PGA net,3PGA.p <-> 3PGA.c,0.717180785262158,0.0754535004895133
Exch flux,T_3PGA exch,3PGA.p <-> 3PGA.c,1.39564151533221,4768.70314398796
Net flux,T_DHAP net,TP.p <-> TP.c,6.72714365689907,0.707752559734443
Exch flux,T_DHAP exch,TP.p <-> TP.c,5.46633259023534,5.79454304405975
Net flux,ALT,PYR.c -> ALA.c,0.0546075886348244,0.00574518140676938
Net flux,ASPT,OAA -> ASP,0.120701775063937,0.0126988502993037
Net flux,GLUDH,AKG -> GLU,0.270935710781663,0.0285047343394623
Net flux,PCR net,GLU <-> PRO,-2.48689957516035e-14,0
Exch flux,PCR exch,GLU <-> PRO,1.0000000116861e-07,0
Net flux,GS net,GLU <-> GLN,0,0
Exch flux,GS exch,GLU <-> GLN,1.00042392148225e-07,0
Net flux,TS net,ASP <-> THR,0,0
Exch flux,TS exch,ASP <-> THR,1.0000000116861e-07,0
Net flux,AS net,ASP <-> ASN,1.06581410364015e-14,0
Exch flux,AS exch,ASP <-> ASN,1.0000000116861e-07,0
Net flux,G_3PGA.p,0*3PGA.p -> 3PGA,2.46866313347027e-06,6489.78653146921
Net flux,G_3PGA.c,0*3PGA.c -> 3PGA,92.911908139129,4657.56140946814
Net flux,G_DHAP.p,0*TP.p -> TP,40.6853798422419,6991.57304234259
Net flux,G_DHAP.c,0*TP.c -> TP,51.8471856996948,5175.42631529394
Net flux,G_F6P.p,0*F6P.p -> F6P,48.6686345030749,6889.14943447737
Net flux,G_F6P.c,0*F6P.c -> F6P,36.546576817712,5137.61159066099
Net flux,G_FBP.p,0*FBP.p -> FBP,2.46866143527313e-06,7216.71888056487
Net flux,G_FBP.c,0*FBP.c -> FBP,83.4512310500671,5091.57053028723
Net flux,G_G6P.p,0*G6P.p -> G6P,19.0549768397257,7076.00290137939
Net flux,G_G6P.c,0*G6P.c -> G6P,58.8549499993083,5034.69604080713
Net flux,G_RU5P.p,0*RU5P.p -> P5P,2.46865385733486e-06,7306.01710867532
Net flux,G_X5P.p,0*X5P.p -> P5P,92.8477691493246,5163.92814631122
Net flux,G_R5P.p,0*R5P.p -> R5P,82.2810779884949,4922.70730310346
Net flux,G_GA.p,0*GA.p -> GA,32.2651264962314,5.22207327022938
Net flux,G_SER.p,0*SER.p -> SER,88.1586447228734,4904.9042921564
Net flux,G_GLY.p,0*GLY.p -> GLY,14.501267240211,6664.19749422814
Net flux,G_RUBP.p,0*RUBP.p -> RUBP,92.5302752673063,5363.24215576144
Net flux,G_S7P.p,0*S7P.p -> S7P,98.4567310636212,4990.65823699023
Net flux,G_2PG.p,0*2PG.p -> 2PG,87.0427532706349,5229.50465057485
Net flux,G_ADPG.p,0*ADPG.p -> ADPG,95.0805622183481,5096.75615461182
Net flux,G_PEP.c,0*PEP.c -> PEP,89.2305410445615,5204.67026387314
Net flux,G_UDPG.c,0*UDPG.c -> UDPG,72.4268033045549,4756.8356299935
Net flux,G_ALA.c,0*ALA.c -> ALA,71.6046278045007,6.17792556109329
Net flux,(1-G)_GA,0*GA.x -> GA,67.7348735037706,5.22207327022938
Net flux,(1-G)_SER,0*SER.x -> SER,11.8413550671301,6.40602605764468
Net flux,(1-G)_GLY,0*GLY.x -> GLY,85.4579107469454,2.44291960624052
Net flux,(1-G)_R5P,0*R5P.x -> R5P,17.718922011502,4922.70730310346
Net flux,(1-G)_RUBP,0*RUBP.x -> RUBP,7.46972473269241,5363.24215576144
Net flux,(1-G)_3PGA,0*3PGA.x -> 3PGA,7.08808939220809,4633.90423460664
Net flux,(1-G)_TP,0*TP.x -> TP,7.46743445806384,4876.84241050545
Net flux,(1-G)_F6P,0*F6P.x -> F6P,14.7847886792169,4804.35796084002
Net flux,(1-G)_FBP,0*FBP.x -> FBP,16.5487664812663,5112.32473417707
Net flux,(1-G)_G6P,0*G6P.x -> G6P,22.0900731609643,4880.26689325717
Net flux,(1-G)_RU5P,0*RU5P.x -> P5P,7.15222838202299,4927.48526238249
Net flux,(1-G)_S7P,0*S7P.x -> S7P,1.5432689363768,4990.65823699023
Net flux,(1-G)_2PG,0*2PG.x -> 2PG,12.9572467293675,5229.50465057485
Net flux,(1-G)_ADPG,0*ADPG.x -> ADPG,4.91943778165087,5096.75615461182
Net flux,(1-G)_PEP,0*PEP.x -> PEP,10.7694589554367,5204.67026387314
Net flux,(1-G)_UDPG,0*UDPG.x -> UDPG,27.5731966954463,4756.8356299935
Net flux,(1-G)_ALA,0*ALA.x -> ALA,28.3953721954991,6.17792556109329
Net flux,PGASink,3PGA -> Sink,100,0
Net flux,DHAPSink,TP -> Sink,100.000000000001,0
Net flux,F6PSink,F6P -> Sink,100.000000000004,0
Net flux,FBPSink,FBP -> Sink,99.9999999999948,0
Net flux,G6PSink,G6P -> Sink,99.9999999999983,0
Net flux,P5PSink,P5P -> Sink,100.000000000001,0
Net flux,R5PSink,R5P -> Sink,99.9999999999968,0
Net flux,GASink,GA -> Sink,100.000000000002,0
Net flux,SERSink,SER -> Sink,99.9999999999996,0
Net flux,GLYSink,GLY -> Sink,100.000000000001,0
Net flux,RUBPSink,RUBP -> Sink,99.9999999999987,0
Net flux,S7PSink,S7P -> Sink,99.9999999999979,0
Net flux,2PGSink,2PG -> Sink,100.000000000002,0
Net flux,ADPGSink,ADPG -> Sink,99.9999999999989,0
Net flux,PEPSink,PEP -> Sink,99.9999999999983,0
Net flux,UDPGSink,UDPG -> Sink,100.000000000001,0
Net flux,ALASink,ALA -> Sink,99.9999999999998,0
Net flux,S6Pout-LL,S6P + 0.1611*GLU + 0.07177*ASP + 0.03247*ALA.c + 0.01019*dummyGLY + 0.03484*dummySER -> Sink,1.68178591422476,0.176938139933611
Net flux,PGP.p,2PG.p -> Glyc.p,2.1418310243352,0.084957065102492
Net flux,GOX,Glyc.p -> Glyx.p,2.14183102433522,0.084957065102492
Net flux,GGT,Glyx.p -> GLY.p,2.14183102433521,0.084957065102492
Net flux,SGAT,SER.p -> HPA.p,0.0904971400503307,0.464373729352245
Net flux,HPR.p,HPA.p -> GA.p,0.0904971400503252,0.464373729352245
Net flux,T_GLY-m net,GLY.p <-> GLY.m,2.1247217009477,4847.46720384913
Exch flux,T_GLY-m exch,GLY.p <-> GLY.m,28725.955393131,4728.20311573856
Net flux,GDC.m,GLY.m + dummy -> myTHF.m + CO2,1.20905593238378,0.0768133115357981
Net flux,T_SER-m net,SER.p <-> SER.m,-1.20905593238382,0.0768133115357981
Exch flux,T_SER-m exch,SER.p <-> SER.m,433.27799568683,4784.94690496986
Net flux,mSHMT,GLY.m + myTHF.m -> SER.m,1.20905593238378,0.0768133115357981
Net flux,T_SER-c net,SER.p <-> SER.c,0.627196817327944,3.05559607360578
Exch flux,T_SER-c exch,SER.p <-> SER.c,0.0442021929325049,0.209337923240869
Net flux,T_Gly-c net,GLY.p <-> GLY.c,-2.80750776502359e-05,4847.46720310421
Exch flux,T_Gly-c exch,GLY.p <-> GLY.c,9.99999998363421e-08,0
Net flux,cSHMT,SER.c -> GLY.c + meTHF.c,0.296552678768817,3044.84023169556
Net flux,FmTHF-reductase net,meTHF.c <-> FmTHF.c,0.296552678768817,3044.84023169556
Exch flux,FmTHF-reductase exch,meTHF.c <-> FmTHF.c,8.37810445261752,5669.90735908896
Net flux,Met-synthase,FmTHF.c + Hcy.c -> Met.c,0.296552678768797,3044.84023169556
Net flux,SAM-synthase,Met.c -> SAM.c,0.296552678768806,3044.84023169556
Net flux,Methylation,SAM.c -> SAH.c + Acceptor.c,0.296552678768801,3044.84023169556
Net flux,hydrolysis,SAH.c -> Hcy.c,0.296552678768794,3044.84023169556
Net flux,G_SER.m,0*SER.m -> SER,1.09996030062121e-07,4904.90011181741
Net flux,G_SER.c,0*SER.c -> SER,1.0000000116861e-07,0
Net flux,G_Gly.m,0*GLY.m -> GLY,0.000105649987681034,4580.82904225326
Net flux,G_Gly.c,0*GLY.c -> GLY,0.0407163628571467,4742.92846297953
Net flux,T_GLY-c-m,GLY.c -> GLY.m,0.293390163820678,4847.46720446231
Net flux,G_Glyc,0*Glyc.p -> Glyc,19.0688486719765,5.01365277480528
Net flux,G_Glyx,0*Glyx.p -> Glyx,52.2060799002222,353.577115385009
Net flux,G_HPA,0*HPA.p -> HPA,10.5699090939998,2.11247701109087
Net flux,(1-G)_Glyc,0*Glyc.x -> Glyc,80.9311513280241,5.01365277480528
Net flux,(1-G)_Glyx,0*Glyx.x -> Glyx,47.7939200997787,353.577115385009
Net flux,(1-G)_HPA,0*HPA.x -> HPA,89.4300909060001,2.11247701109087
Net flux,GlycSink,Glyc -> Sink,100.000000000001,0
Net flux,GlyxSink,Glyx -> Sink,100.000000000001,0
Net flux,HPASink,HPA -> Sink,99.9999999999998,0
Net flux,SERex,dummySER -> outSER,0.432763161948384,3.03741754145102
Net flux,G_PYR,0*PYR.c -> PYR,43.688271293808,3.42663142607432
Net flux,(1-G)_PYR,0*PYR.x -> PYR,56.3117287061922,3.42663142607432
Net flux,PYRSink,PYR -> Sink,100,0
Net flux,G_meTHF,0*meTHF.c -> meTHF,99.9999961452105,4969.76492832839
Net flux,G_FmTHF,0*FmTHF.c -> FmTHF,78.7267718483078,5.31911944850178
Net flux,G_Met,0*Met.c -> Met,67.2294737128181,5.84467491024561
Net flux,G_SAM,0*SAM.c -> SAM,57.1556034562594,4.59146333891238
Net flux,(1-G)_meTHF,0*meTHF.x -> meTHF,3.85478946896001e-06,4969.76492832839
Net flux,(1-G)_FmTHF,0*FmTHF.x -> FmTHF,21.2732281516923,5.31911944850178
Net flux,(1-G)_Met,0*Met.x -> Met,32.770526287182,5.84467491024561
Net flux,(1-G)_SAM,0*SAM.x -> SAM,42.8443965437406,4.59146333891238
Net flux,meTHFSink,meTHF -> Sink,99.9999999999999,0
Net flux,FmTHFSink,FmTHF -> Sink,100,0
Net flux,MetSink,Met -> Sink,100,0
Net flux,SAMsink,SAM -> Sink,100,0
Net flux,Met-protein,Met.c -> Protein,6.51983996113883e-15,0
Net flux,GLY-protein,GLY.c -> Protein,0.00313443987051532,3044.85426111125
Net flux,SER-protein,SER.c -> Protein,0.330644138559128,3044.79940791545
Pool,2PG pool,,0,0
Pool,2PG.p pool,,3.29048004535468e-06,4879.24893263991
Pool,2PG.x pool,,1,Inf
Pool,3PGA pool,,0,0
Pool,3PGA.c pool,,7.89507889327577e-05,4616.87754411427
Pool,3PGA.p pool,,4.26368256475487e-06,4863.18732727925
Pool,3PGA.x pool,,1,Inf
Pool,ACA pool,,1.44940027527746e-06,5076.75745441484
Pool,ADPG pool,,0,0
Pool,ADPG.p pool,,9.9999999999999e-08,Inf
Pool,ADPG.x pool,,1,Inf
Pool,AKG pool,,1.01005990423779e-06,5036.06128419625
Pool,ALA pool,,0,0
Pool,ALA.c pool,,0.00878364270159736,0.00274365821369444
Pool,ALA.x pool,,1,Inf
Pool,ASN pool,,7566.06819498444,4876.73288118978
Pool,ASP pool,,0.0187539219380259,0.0206320638703475
Pool,Acceptor.c pool,,1,Inf
Pool,CIT pool,,9.93160769253799,9.3446229114408
Pool,CO2 pool,,0.000569627422757799,4784.93226557195
Pool,CO2.t pool,,1,Inf
Pool,E4P.p pool,,0,0
Pool,EC2 pool,,0,0
Pool,F6P pool,,0,0
Pool,F6P.c pool,,3.82990069327329e-06,4743.44800348993
Pool,F6P.p pool,,4.31119265260076e-06,5017.65312404434
Pool,F6P.x pool,,1,Inf
Pool,FBP pool,,0,0
Pool,FBP.c pool,,3.8374541552788e-06,4785.73119563452
Pool,FBP.p pool,,4.21216944236614e-06,4948.21138448385
Pool,FBP.x pool,,1,Inf
Pool,FmTHF pool,,1.46907144095644,1.6356583208666
Pool,FmTHF.c pool,,1.7046384796006e-06,4749.33715349589
Pool,FmTHF.x pool,,1,Inf
Pool,G6P pool,,0,0
Pool,G6P.c pool,,9.87608576635085e-06,4689.87256355053
Pool,G6P.p pool,,3.92780387189824e-06,5126.20952502217
Pool,G6P.x pool,,1,Inf
Pool,GA pool,,0,0
Pool,GA.p pool,,2.9204693855086e-06,4680.14770918086
Pool,GA.x pool,,1,Inf
Pool,GLN pool,,8.83867754894159,4763.06401369349
Pool,GLU pool,,1.01053436019842e-06,4753.5135981559
Pool,GLY pool,,0,0
Pool,GLY.c pool,,0.217920388323838,2237.50892923926
Pool,GLY.m pool,,0.157342825272007,0.036791415895884
Pool,GLY.p pool,,0.000424313018539334,4946.51193821956
Pool,GLY.x pool,,1,Inf
Pool,Glyc pool,,29.6216371986713,14.4473223993898
Pool,Glyc.p pool,,1.11071662882223e-05,4902.26019477465
Pool,Glyc.x pool,,1,Inf
Pool,Glyx pool,,440.732823366475,3144.48755775895
Pool,Glyx.p pool,,1.73848509343767e-05,5220.57260507874
Pool,Glyx.x pool,,1,Inf
Pool,HPA pool,,0.000180713460920833,5055.13701759941
Pool,HPA.p pool,,2.42628463406068e-06,4970.34836631998
Pool,HPA.x pool,,1,Inf
Pool,Hcy.c pool,,1,Inf
Pool,ICI pool,,0.00493951708201961,4743.69082641319
Pool,MAL pool,,2.54313875458059,0.869418135983219
Pool,Met pool,,0.00242759422935954,4803.32706865331
Pool,Met.c pool,,1.87262807940409e-06,4723.85294142118
Pool,Met.x pool,,1,Inf
Pool,OAA pool,,0.0991394349014854,0.126612793766322
Pool,P5P pool,,0,0
Pool,PEP pool,,0,0
Pool,PEP.c pool,,2.08334868780541e-05,4773.47268403569
Pool,PEP.x pool,,1,Inf
Pool,PRO pool,,5.3949963827699,4982.5155536927
Pool,PYR pool,,1e-07,4748.19794473778
Pool,PYR.c pool,,0.0331743580332261,0.00803379216502308
Pool,PYR.x pool,,1,Inf
Pool,Protein pool,,1,Inf
Pool,R5P pool,,0,0
Pool,R5P.p pool,,0.000112055064951121,4909.81497985603
Pool,R5P.x pool,,1,Inf
Pool,RU5P.p pool,,4.1678060739265e-06,4775.23990707957
Pool,RU5P.x pool,,1,Inf
Pool,RUBP pool,,0,0
Pool,RUBP.p pool,,4.22045429629459e-06,4641.2866276469
Pool,RUBP.x pool,,1,Inf
Pool,S6P pool,,1,Inf
Pool,S7P pool,,0,0
Pool,S7P.p pool,,4.60052543792894e-06,4832.67929223116
Pool,S7P.x pool,,1,Inf
Pool,SAH.c pool,,1,Inf
Pool,SAM pool,,0.00347526686781624,4724.42656289389
Pool,SAM.c pool,,2.30724327474654e-06,4807.98055966867
Pool,SAM.x pool,,1,Inf
Pool,SBP pool,,0,0
Pool,SER pool,,0,0
Pool,SER.c pool,,1.00000000002876e-07,0
Pool,SER.m pool,,0.363942894319385,0.0536599482457979
Pool,SER.p pool,,0.00158106428778256,4843.3566194382
Pool,SER.x pool,,1,Inf
Pool,Sink pool,,1,Inf
Pool,Starch pool,,1,Inf
Pool,THR pool,,3889.7817718132,4960.56876833696
Pool,TP pool,,0,0
Pool,TP.c pool,,4.19533534380562e-06,4823.53663875135
Pool,TP.p pool,,4.42060371627759e-06,4391.10617157131
Pool,TP.x pool,,1,Inf
Pool,UDPG pool,,0,0
Pool,UDPG.c pool,,2.45169681826815,1.59193804310271
Pool,UDPG.x pool,,1,Inf
Pool,X5P.p pool,,4.29478068473706e-06,4492.87382130289
Pool,dummy pool,,1,Inf
Pool,dummyGLY pool,,1,Inf
Pool,dummySER pool,,1,Inf
Pool,meTHF pool,,0.0019951788631239,4659.21737799917
Pool,meTHF.c pool,,1.69150816044342e-06,5014.66457028609
Pool,meTHF.x pool,,1,Inf
Pool,myTHF.m pool,,1.20696225014798e-05,4829.51294419068
Pool,outSER pool,,1,Inf
Norm,Experiment2 Glyc205 #1 norm,,0.975354866890937,0.0343095777536885
Norm,Experiment2 Glyc205 #2 norm,,0.98263984517922,0.0148003545795019
Norm,Experiment2 Glyc205 #3 norm,,0.969381708426804,0.0205369508078557
Norm,Experiment2 Glyc205 #4 norm,,0.979086443170134,0.0196541368715874
Norm,Experiment2 Glyc205 #5 norm,,1.02308987459383,0.0252228918635794
Norm,Experiment2 Glyc205 #6 norm,,0.994829333652922,0.0260136475561557
Norm,Experiment2 Glyc205 #7 norm,,1.01497978334992,0.0336323801368866
Norm,Experiment2 Glyc205 #8 norm,,0.945668480523631,0.0995125115855081
Norm,Experiment2 Glyx160 #1 norm,,0.994026775057458,0.0110672747448649
Norm,Experiment2 Glyx160 #2 norm,,0.950337343500307,0.0111266119394763
Norm,Experiment2 Glyx160 #3 norm,,1.03708006516113,0.0130691049762794
Norm,Experiment2 Glyx160 #4 norm,,0.984986877915877,0.0160173572668394
Norm,Experiment2 Glyx160 #5 norm,,1.00014576836855,0.0146082389495307
Norm,Experiment2 Glyx160 #6 norm,,0.979449807942212,0.0208456561392012
Norm,Experiment2 Glyx160 #7 norm,,0.983892071928869,0.0300984511544983
Norm,Experiment2 Glyx160 #8 norm,,1.02873442139898,0.119900709775533
Norm,Experiment2 GLY276 #1 norm,,1.00051242241104,0.0105620299824157
Norm,Experiment2 GLY276 #2 norm,,0.965361125839424,0.0205297321310896
Norm,Experiment2 GLY276 #3 norm,,1.0030435376726,0.0182471694836149
Norm,Experiment2 GLY276 #4 norm,,1.02295564066688,0.0185146185656255
Norm,Experiment2 GLY276 #5 norm,,0.989820518732511,0.0377753344538031
Norm,Experiment2 GLY276 #6 norm,,0.947231715075367,0.0743708816995954
Norm,Experiment2 GLY276 #7 norm,,0.729209554355716,0.110847927628886
Norm,Experiment2 GLY276 #8 norm,,0.730110436680548,0.20699107137202
Norm,Experiment2 HPA262 #1 norm,,0.972241655474123,0.0193558104050173
Norm,Experiment2 HPA262 #2 norm,,0.992760642680681,0.0236881716102862
Norm,Experiment2 HPA262 #3 norm,,0.962923465523212,0.0228822986960689
Norm,Experiment2 HPA262 #4 norm,,0.991333777938474,0.0300094484756519
Norm,Experiment2 HPA262 #5 norm,,0.938198678701673,0.021554763822366
Norm,Experiment2 HPA262 #6 norm,,0.956122654459277,0.0281728066870523
Norm,Experiment2 HPA262 #7 norm,,1.02095234473042,0.0245438090579415
Norm,Experiment2 HPA262 #8 norm,,0.892970882657281,0.0340150774626788
Norm,Experiment2 GA307 #1 norm,,0.998071268642932,0.0109403823511665
Norm,Experiment2 GA307 #2 norm,,0.911103677713956,0.0298870408614237
Norm,Experiment2 GA307 #3 norm,,0.904124511978419,0.0220391912488708
Norm,Experiment2 GA307 #4 norm,,0.96778283992584,0.0273295445266213
Norm,Experiment2 GA307 #5 norm,,0.962795221901705,0.0698267257498186
Norm,Experiment2 GA307 #6 norm,,0.802441389957116,0.0944539764590107
Norm,Experiment2 GA307 #7 norm,,0.879449745402801,0.0659471412014851
Norm,Experiment2 GA307 #8 norm,,0.94482181417888,0.15335589119195
Norm,Experiment2 SER306 #1 norm,,0.983837098575124,0.0124280341134306
Norm,Experiment2 SER306 #2 norm,,0.939722504177025,0.035381081136465
Norm,Experiment2 SER306 #3 norm,,0.944548548787648,0.0188233656745487
Norm,Experiment2 SER306 #4 norm,,1.01872742178659,0.0251406264164538
Norm,Experiment2 SER306 #5 norm,,0.981113658795118,0.0544230393668423
Norm,Experiment2 SER306 #6 norm,,0.9976363653547,0.123450161406333
Norm,Experiment2 SER306 #7 norm,,1.16119383820992,0.177425766369038
Norm,Experiment2 SER306 #8 norm,,0.991704013836818,0.101779325003864
Norm,Experiment2 meTHF #1 norm,,1.01278442501432,0.00999053135694685
Norm,Experiment2 meTHF #2 norm,,0.99242365978944,0.0142212653596096
Norm,Experiment2 meTHF #3 norm,,0.963212364834753,0.0261510310106425
Norm,Experiment2 meTHF #4 norm,,1.01368013826158,0.0269318575987025
Norm,Experiment2 meTHF #5 norm,,0.937975811282305,0.0773055249364839
Norm,Experiment2 meTHF #6 norm,,1.05446342757586,0.130703169624069
Norm,Experiment2 meTHF #7 norm,,0.958703702631724,0.150972588993899
Norm,Experiment2 meTHF #8 norm,,1.0275607081045,0.0708865188845961
Norm,Experiment2 FmTHF #1 norm,,0.999455679129789,0.00986521875110325
Norm,Experiment2 FmTHF #2 norm,,0.996105876644174,0.0114395650821909
Norm,Experiment2 FmTHF #3 norm,,1.01563988330457,0.0104128710406434
Norm,Experiment2 FmTHF #4 norm,,1.02822885539619,0.0238740840692944
Norm,Experiment2 FmTHF #5 norm,,0.945988580018568,0.0376756574111232
Norm,Experiment2 FmTHF #6 norm,,0.984889869500833,0.067574269017553
Norm,Experiment2 FmTHF #7 norm,,1.00130678520961,0.0940227591755403
Norm,Experiment2 FmTHF #8 norm,,0.994950470374849,0.0680566435752941
Norm,Experiment2 Met176 #1 norm,,0.939268351285037,0.0230477264767981
Norm,Experiment2 Met176 #2 norm,,0.988492581654532,0.0384201806512402
Norm,Experiment2 Met176 #3 norm,,0.961452495193158,0.0356281449521415
Norm,Experiment2 Met176 #4 norm,,0.793790023803151,0.0841605145221393
Norm,Experiment2 Met176 #5 norm,,0.929927991238774,0.0749294685535014
Norm,Experiment2 Met176 #6 norm,,1.00896476193464,0.0344950304725525
Norm,Experiment2 Met176 #7 norm,,1.00101221311105,0.0670710455251506
Norm,Experiment2 Met176 #8 norm,,1.00407315989565,0.205998171747951
Norm,Experiment2 SAM #1 norm,,0.98213469024872,0.0137987915932723
Norm,Experiment2 SAM #2 norm,,0.989973664593557,0.0221361049729113
Norm,Experiment2 SAM #3 norm,,0.964109694233619,0.034393306189796
Norm,Experiment2 SAM #4 norm,,1.04296222714693,0.0439853399955087
Norm,Experiment2 SAM #5 norm,,0.995132833770171,0.0222884382943545
Norm,Experiment2 SAM #6 norm,,0.967194757625777,0.0505280986024733
Norm,Experiment2 SAM #7 norm,,1.03736808096904,0.0813526169980805
Norm,Experiment2 SAM #8 norm,,0.997274667401497,0.0725922503077017
Norm,Experiment2 CIT465 #1 norm,,0.986531898236255,0.0123682329237404
Norm,Experiment2 CIT465 #2 norm,,1.02132210786118,0.0108770072915248
Norm,Experiment2 CIT465 #3 norm,,1.02891657587571,0.013584262039007
Norm,Experiment2 CIT465 #4 norm,,1.00291467827461,0.0131607454597401
Norm,Experiment2 CIT465 #5 norm,,0.990598917394174,0.015898755995525
Norm,Experiment2 CIT465 #6 norm,,1.01532553273241,0.0115914974655548
Norm,Experiment2 CIT465 #7 norm,,0.990897587015741,0.0167183026278317
Norm,Experiment2 CIT465 #8 norm,,1.02532093595429,0.027674212111348
Norm,Experiment2 MAL335 #1 norm,,0.991990768306921,0.0116175497556725
Norm,Experiment2 MAL335 #2 norm,,0.970376423600113,0.0131963358599992
Norm,Experiment2 MAL335 #3 norm,,1.01906444830769,0.0132264448927475
Norm,Experiment2 MAL335 #4 norm,,1.01306688298958,0.0121174776771432
Norm,Experiment2 MAL335 #5 norm,,0.944788899515964,0.0142241944751282
Norm,Experiment2 MAL335 #6 norm,,0.990685522328237,0.0154450568306524
Norm,Experiment2 MAL335 #7 norm,,0.966856001613023,0.0206272983203919
Norm,Experiment2 MAL335 #8 norm,,1.00738564429729,0.040587155467744
Norm,Experiment2 ASP334 #1 norm,,1.01500745381408,0.0159102604754241
Norm,Experiment2 ASP334 #2 norm,,0.94959741182679,0.0224167590632592
Norm,Experiment2 ASP334 #3 norm,,0.981271556713771,0.0177280560425214
Norm,Experiment2 ASP334 #4 norm,,0.979678212982056,0.0212816328801201
Norm,Experiment2 ASP334 #5 norm,,0.944233723181457,0.0252074745837959
Norm,Experiment2 ASP334 #6 norm,,0.915365289354097,0.0545491234712831
Norm,Experiment2 ASP334 #7 norm,,0.984656635630769,0.0563517560979168
Norm,Experiment2 ASP334 #8 norm,,0.956285948881575,0.0348211170137866
Norm,Experiment2 GLU348 #1 norm,,0.98590221458971,0.0115915452453461
Norm,Experiment2 GLU348 #2 norm,,1.03606369350211,0.0128626444334013
Norm,Experiment2 GLU348 #3 norm,,1.00280246724394,0.0119615233542679
Norm,Experiment2 GLU348 #4 norm,,1.05176414231323,0.0166103444286801
Norm,Experiment2 GLU348 #5 norm,,0.908519775129242,0.0278100501176634
Norm,Experiment2 GLU348 #6 norm,,0.966385381034079,0.015220800840652
Norm,Experiment2 GLU348 #7 norm,,0.925567538969085,0.0225746635641413
Norm,Experiment2 GLU348 #8 norm,,0.844767497399593,0.0516123551076843
Norm,Experiment2 THR320 #1 norm,,1.01480242182005,0.0104740926669947
Norm,Experiment2 THR320 #2 norm,,0.973018808650893,0.0114918466457199
Norm,Experiment2 THR320 #3 norm,,1.03570466901608,0.0107507287302099
Norm,Experiment2 THR320 #4 norm,,0.9848549720906,0.0110075793206369
Norm,Experiment2 THR320 #5 norm,,0.998917317361645,0.0211161940056686
Norm,Experiment2 THR320 #6 norm,,0.960226431655616,0.0104912579835223
Norm,Experiment2 THR320 #7 norm,,1.01596999151599,0.0143628107753068
Norm,Experiment2 THR320 #8 norm,,0.953571999888541,0.0405176530546509
Norm,Experiment2 ALA116 #1 norm,,1.03359667161834,0.0103808961635344
Norm,Experiment2 ALA116 #2 norm,,0.996374120657164,0.00997748183276312
Norm,Experiment2 ALA116 #3 norm,,1.03905021781482,0.0112094990196065
Norm,Experiment2 ALA116 #4 norm,,1.00417156909402,0.0259273028089965
Norm,Experiment2 ALA116 #5 norm,,0.99825565122945,0.0797588448774484
Norm,Experiment2 ALA116 #6 norm,,0.993764095256557,0.0723955717573646
Norm,Experiment2 ALA116 #7 norm,,1.00978680922854,0.0717841368527493
Norm,Experiment2 ALA116 #8 norm,,0.8667984277484,0.17101848619513
Norm,Experiment2 PYR #1 norm,,0.976384311536106,0.0123481818788133
Norm,Experiment2 PYR #2 norm,,0.959386801708051,0.0507475513502266
Norm,Experiment2 PYR #3 norm,,0.908287195381132,0.0594882159507925
Norm,Experiment2 PYR #4 norm,,0.993226883518603,0.0513575763515571
Norm,Experiment2 PYR #5 norm,,1.06010814147148,0.156810482275
Norm,Experiment2 PYR #6 norm,,0.975570857719878,0.12636220464896
Norm,Experiment2 PYR #7 norm,,1.02512121888495,0.0816751449979
Norm,Experiment2 PYR #8 norm,,0.98009233381105,0.117511458909164
