type,id,eqn,val,std
Net flux,CO2.t,CO2.t -> CO2,66.609745372507,1.52666063519015
Net flux,CO2_sink,dummy -> Sink,66.609745372507,1.52666063519015
Net flux,RUBICSO_CO2,RUBP.p + CO2 -> 3PGA.p + 3PGA.p + dummy,67.852701500032,1.53130269397078
Net flux,GAPDH.p net,3PGA.p <-> TP.p,138.33313308568,3.07161264208944
Exch flux,GAPDH.p exch,3PGA.p <-> TP.p,8189.81595680166,1632.63862399653
Net flux,ALD,TP.p + E4P.p -> SBP,23.3612137547091,0.511817576888736
Net flux,SBP,SBP -> S7P.p,23.3612137547091,0.511817576888736
Net flux,FBA.p net,TP.p + TP.p <-> FBP.p,31.105101699337,0.793372688116941
Exch flux,FBA.p exch,TP.p + TP.p <-> FBP.p,22360.8390618055,2084.69524247729
Net flux,PFK.p net,FBP.p <-> F6P.p,31.1051016993401,0.793372688116941
Exch flux,PFK.p exch,FBP.p <-> F6P.p,1.00013750170547e-07,4687.12317398003
Net flux,TK1 net,TP.p + EC2 <-> X5P.p,46.7224275094181,1.02363515377747
Exch flux,TK1 exch,TP.p + EC2 <-> X5P.p,289.234637456232,4727.1478238852
Net flux,TK2 net,S7P.p <-> R5P.p + EC2,23.3612137547091,0.511817576888736
Exch flux,TK2 exch,S7P.p <-> R5P.p + EC2,37.9815368812615,4922.22809593012
Net flux,TK3 net,F6P.p <-> E4P.p + EC2,23.3612137547098,0.511817576888736
Exch flux,TK3 exch,F6P.p <-> E4P.p + EC2,8487.9226324574,2694.59874950214
Net flux,PPE net,X5P.p <-> RU5P.p,46.7224275094181,1.02363515377747
Exch flux,PPE exch,X5P.p <-> RU5P.p,443.600472549278,4925.62374332083
Net flux,PPI net,R5P.p <-> RU5P.p,23.3612137547091,0.511817576888736
Exch flux,PPI exch,R5P.p <-> RU5P.p,251.111687011368,5026.71237231938
Net flux,PRK,RU5P.p -> RUBP.p,70.0836412641274,1.53545273065265
Net flux,RUBISCO_O2,RUBP.p -> 3PGA.p + 2PG.p,2.23093976409541,0.0849418922597187
Net flux,GLYdil net,GLY.p <-> GLY.x + dummyGLY,0.0153850872572932,0.00173974968257697
Exch flux,GLYdil exch,GLY.p <-> GLY.x + dummyGLY,0.0200940760357682,0.394695499730654
Net flux,SERdil net,SER.p <-> SER.x + dummySER,0.0526071426518797,0.00594881810717014
Exch flux,SERdil exch,SER.p <-> SER.x + dummySER,0.142490271494744,0.066656071476113
Net flux,GK,GA.p -> 3PGA.p,1.04063886028385,0.26037298838864
Net flux,PGI.p net,F6P.p <-> G6P.p,7.74388794462969,0.428172889016331
Exch flux,PGI.p exch,F6P.p <-> G6P.p,0.677716732599439,4847.6311356776
Net flux,PGM.p,G6P.p -> ADPG.p,7.74388794462969,0.428172889016331
Net flux,Starch,ADPG.p -> Starch,7.74388794462967,0.428172889016331
Net flux,FBA.c net,TP.c + TP.c <-> FBP.c,3.01964421143568,0.341462156254679
Exch flux,FBA.c exch,TP.c + TP.c <-> FBP.c,19.7668987117732,5120.99287753828
Net flux,PFK.c net,FBP.c <-> F6P.c,3.01964421143569,0.341462156254679
Exch flux,PFK.c exch,FBP.c <-> F6P.c,4.70085757565435,15.2815517537389
Net flux,PGI.c net,F6P.c <-> G6P.c,1.50982210571786,0.170731078127339
Exch flux,PGI.c exch,F6P.c <-> G6P.c,222.209915551878,5310.06894132797
Net flux,PGM.c net,G6P.c <-> UDPG.c,1.50982210571237,0.170731078127339
Exch flux,PGM.c exch,G6P.c <-> UDPG.c,48480.4094310252,4829.70649025405
Net flux,SPS,F6P.c + UDPG.c -> S6P,1.50982210571781,0.170731078127339
Net flux,PGAM.c net,3PGA.c <-> PEP.c,0.643848538761896,0.0728065609438069
Exch flux,PGAM.c exch,3PGA.c <-> PEP.c,0.0161310141564781,4728.75509226232
Net flux,PK.c,PEP.c -> PYR.c,0.292256265003666,0.0330484147643269
Net flux,PDH,PYR.c + dummy -> ACA + CO2,0.243232341231038,0.0275047767171086
Net flux,CS,OAA + ACA -> CIT,0.243232341231034,0.0275047767171086
Net flux,ACO net,CIT <-> ICI,0.243232341231078,0.0275047767171086
Exch flux,ACO exch,CIT <-> ICI,1426.06968506806,4307.93014337606
Net flux,IDH,ICI + dummy -> AKG + CO2,0.24323234123105,0.0275047767171086
Net flux,MDH net,MAL <-> OAA,7.105427357601e-15,0
Exch flux,MDH exch,MAL <-> OAA,0.225464606557637,0.0652124118066409
Net flux,PPC,PEP.c + CO2 -> OAA + dummy,0.351592273758661,0.0397581461017869
Net flux,T_3PGA net,3PGA.p <-> 3PGA.c,0.643848538761873,0.0728065609438069
Exch flux,T_3PGA exch,3PGA.p <-> 3PGA.c,1.0000000116861e-07,0
Net flux,T_DHAP net,TP.p <-> TP.c,6.0392884228714,0.682924312509357
Exch flux,T_DHAP exch,TP.p <-> TP.c,1.07248864820041,1.14133089527466
Net flux,ALT,PYR.c -> ALA.c,0.0490239237726523,0.00554363811071129
Net flux,ASPT,OAA -> ASP,0.108359932527494,0.012253369465205
Net flux,GLUDH,AKG -> GLU,0.243232341231027,0.0275047767171086
Net flux,PCR net,GLU <-> PRO,-2.48689957516035e-14,0
Exch flux,PCR exch,GLU <-> PRO,1.0000000116861e-07,0
Net flux,GS net,GLU <-> GLN,0,0
Exch flux,GS exch,GLU <-> GLN,1.00042605311046e-07,0
Net flux,TS net,ASP <-> THR,0,0
Exch flux,TS exch,ASP <-> THR,1.0000000116861e-07,0
Net flux,AS net,ASP <-> ASN,1.06581410364015e-14,0
Exch flux,AS exch,ASP <-> ASN,1.0000000116861e-07,0
Net flux,G_3PGA.p,0*3PGA.p -> 3PGA,2.46866314768113e-06,7236.44636489445
Net flux,G_3PGA.c,0*3PGA.c -> 3PGA,92.911908138831,4939.87997971876
Net flux,G_DHAP.p,0*TP.p -> TP,40.6853798422419,7472.26360087147
Net flux,G_DHAP.c,0*TP.c -> TP,51.8471856996948,5080.8422820264
Net flux,G_F6P.p,0*F6P.p -> F6P,48.6686345030749,6919.1735951402
Net flux,G_F6P.c,0*F6P.c -> F6P,36.546576817712,5026.29815638732
Net flux,G_FBP.p,0*FBP.p -> FBP,2.46866146369484e-06,7018.47415968994
Net flux,G_FBP.c,0*FBP.c -> FBP,83.4512310495207,5172.52829904321
Net flux,G_G6P.p,0*G6P.p -> G6P,19.0549768397257,7228.77101150608
Net flux,G_G6P.c,0*G6P.c -> G6P,58.8549499993083,5033.65359900801
Net flux,G_RU5P.p,0*RU5P.p -> P5P,2.46865387154571e-06,7339.11961581734
Net flux,G_X5P.p,0*X5P.p -> P5P,92.8477691490952,5375.89524795658
Net flux,G_R5P.p,0*R5P.p -> R5P,82.2810779884949,5247.77492198302
Net flux,G_GA.p,0*GA.p -> GA,41.8981996799455,5.13938380878516
Net flux,G_SER.p,0*SER.p -> SER,83.354575437813,4905.87444529179
Net flux,G_GLY.p,0*GLY.p -> GLY,16.2814492625398,7357.88619709504
Net flux,G_RUBP.p,0*RUBP.p -> RUBP,92.5302752673063,4975.71595022579
Net flux,G_S7P.p,0*S7P.p -> S7P,98.4567310636212,5224.7220770442
Net flux,G_2PG.p,0*2PG.p -> 2PG,87.0427532706349,5381.964631377
Net flux,G_ADPG.p,0*ADPG.p -> ADPG,95.0805622183481,4879.14116751433
Net flux,G_PEP.c,0*PEP.c -> PEP,89.2305410445615,5068.88564238293
Net flux,G_UDPG.c,0*UDPG.c -> UDPG,72.4268033045549,4863.81422465417
Net flux,G_ALA.c,0*ALA.c -> ALA,66.7801401930481,5.56474254081252
Net flux,(1-G)_GA,0*GA.x -> GA,58.1018003200565,5.13938380878516
Net flux,(1-G)_SER,0*SER.x -> SER,16.6454122344126,7.24904451874655
Net flux,(1-G)_GLY,0*GLY.x -> GLY,83.7141896684087,2.50568005218525
Net flux,(1-G)_R5P,0*R5P.x -> R5P,17.718922011502,5247.77492198302
Net flux,(1-G)_RUBP,0*RUBP.x -> RUBP,7.46972473269241,4975.71595022579
Net flux,(1-G)_3PGA,0*3PGA.x -> 3PGA,7.08808939250608,5259.97640613563
Net flux,(1-G)_TP,0*TP.x -> TP,7.46743445806384,5451.70682690549
Net flux,(1-G)_F6P,0*F6P.x -> F6P,14.7847886792169,5097.55807557757
Net flux,(1-G)_FBP,0*FBP.x -> FBP,16.5487664818126,4772.97457514814
Net flux,(1-G)_G6P,0*G6P.x -> G6P,22.0900731609643,5110.53846010968
Net flux,(1-G)_RU5P,0*RU5P.x -> P5P,7.15222838225235,4790.52928728271
Net flux,(1-G)_S7P,0*S7P.x -> S7P,1.5432689363768,5224.7220770442
Net flux,(1-G)_2PG,0*2PG.x -> 2PG,12.9572467293675,5381.964631377
Net flux,(1-G)_ADPG,0*ADPG.x -> ADPG,4.91943778165087,4879.14116751433
Net flux,(1-G)_PEP,0*PEP.x -> PEP,10.7694589554367,5068.88564238293
Net flux,(1-G)_UDPG,0*UDPG.x -> UDPG,27.5731966954463,4863.81422465417
Net flux,(1-G)_ALA,0*ALA.x -> ALA,33.2198598069517,5.56474254081252
Net flux,PGASink,3PGA -> Sink,100,0
Net flux,DHAPSink,TP -> Sink,100.000000000001,0
Net flux,F6PSink,F6P -> Sink,100.000000000004,0
Net flux,FBPSink,FBP -> Sink,99.9999999999948,0
Net flux,G6PSink,G6P -> Sink,99.9999999999983,0
Net flux,P5PSink,P5P -> Sink,100.000000000001,0
Net flux,R5PSink,R5P -> Sink,99.9999999999968,0
Net flux,GASink,GA -> Sink,100.000000000002,0
Net flux,SERSink,SER -> Sink,99.9999999999996,0
Net flux,GLYSink,GLY -> Sink,100.000000000001,0
Net flux,RUBPSink,RUBP -> Sink,99.9999999999987,0
Net flux,S7PSink,S7P -> Sink,99.9999999999979,0
Net flux,2PGSink,2PG -> Sink,100.000000000002,0
Net flux,ADPGSink,ADPG -> Sink,99.9999999999989,0
Net flux,PEPSink,PEP -> Sink,99.9999999999983,0
Net flux,UDPGSink,UDPG -> Sink,100.000000000001,0
Net flux,ALASink,ALA -> Sink,99.9999999999998,0
Net flux,S6Pout-LL,S6P + 0.1611*GLU + 0.07177*ASP + 0.03247*ALA.c + 0.01019*dummyGLY + 0.03484*dummySER -> Sink,1.50982210571784,0.170731078127339
Net flux,PGP.p,2PG.p -> Glyc.p,2.23093976409543,0.0849418922597187
Net flux,GOX,Glyc.p -> Glyx.p,2.23093976409545,0.0849418922597187
Net flux,GGT,Glyx.p -> GLY.p,2.23093976409544,0.0849418922597187
Net flux,SGAT,SER.p -> HPA.p,1.04063886028384,0.26037298838864
Net flux,HPR.p,HPA.p -> GA.p,1.04063886028384,0.26037298838864
Net flux,T_GLY-m net,GLY.p <-> GLY.m,2.1989749731074,7522.29755939185
Exch flux,T_GLY-m exch,GLY.p <-> GLY.m,33804.6655419861,4920.10368680352
Net flux,GDC.m,GLY.m + dummy -> myTHF.m + CO2,1.10808371882128,0.0520629845376999
Net flux,T_SER-m net,SER.p <-> SER.m,-1.10808371882126,0.0520629845376999
Exch flux,T_SER-m exch,SER.p <-> SER.m,1237.77967315674,5108.02817644749
Net flux,mSHMT,GLY.m + myTHF.m -> SER.m,1.10808371882128,0.0520629845376999
Net flux,T_SER-c net,SER.p <-> SER.c,0.0148377158855393,0.244140614661357
Exch flux,T_SER-c exch,SER.p <-> SER.c,0.0847030195423448,0.511709195162931
Net flux,T_Gly-c net,GLY.p <-> GLY.c,0.0165797037308466,7522.29755890974
Exch flux,T_Gly-c exch,GLY.p <-> GLY.c,1.37427941253598e-05,5492.04562938853
Net flux,cSHMT,SER.c -> GLY.c + meTHF.c,0.014837615885537,0.244140614642791
Net flux,FmTHF-reductase net,meTHF.c <-> FmTHF.c,0.0148376158855381,0.244140614642791
Exch flux,FmTHF-reductase exch,meTHF.c <-> FmTHF.c,8.59652267539954,5016.22219636097
Net flux,Met-synthase,FmTHF.c + Hcy.c -> Met.c,0.0148376158855174,0.244140614642791
Net flux,SAM-synthase,Met.c -> SAM.c,0.0148376158855267,0.244140614642791
Net flux,Methylation,SAM.c -> SAH.c + Acceptor.c,0.0148376158855218,0.244140614642791
Net flux,hydrolysis,SAH.c -> Hcy.c,0.014837615885514,0.244140614642791
Net flux,G_SER.m,0*SER.m -> SER,1.0000000116861e-07,0
Net flux,G_SER.c,0*SER.c -> SER,1.22277739720289e-05,4905.86908948062
Net flux,G_Gly.m,0*GLY.m -> GLY,0.000114683239878843,5242.40454103802
Net flux,G_Gly.c,0*GLY.c -> GLY,0.00424638581285919,5152.04415028683
Net flux,T_GLY-c-m,GLY.c -> GLY.m,0.0171924645352788,7522.29755913747
Net flux,G_Glyc,0*Glyc.p -> Glyc,7.22693534526972,1.01801209303721
Net flux,G_Glyx,0*Glyx.p -> Glyx,98.7653297511698,5273.00733647753
Net flux,G_HPA,0*HPA.p -> HPA,6.63927430231119,1.96818447140956
Net flux,(1-G)_Glyc,0*Glyc.x -> Glyc,92.7730646547309,1.01801209303721
Net flux,(1-G)_Glyx,0*Glyx.x -> Glyx,1.2346702488311,5273.00733647753
Net flux,(1-G)_HPA,0*HPA.x -> HPA,93.3607256976887,1.96818447140956
Net flux,GlycSink,Glyc -> Sink,100.000000000001,0
Net flux,GlyxSink,Glyx -> Sink,100.000000000001,0
Net flux,HPASink,HPA -> Sink,99.9999999999998,0
Net flux,SERex,dummySER -> outSER,9.99995370953854e-08,2.02823659366564e-12
Net flux,G_PYR,0*PYR.c -> PYR,38.120638765149,3.00914521071837
Net flux,(1-G)_PYR,0*PYR.x -> PYR,61.8793612348512,3.00914521071837
Net flux,PYRSink,PYR -> Sink,100,0
Net flux,G_meTHF,0*meTHF.c -> meTHF,99.9994542810858,5185.43164052229
Net flux,G_FmTHF,0*FmTHF.c -> FmTHF,76.1873529324729,5.53744297588835
Net flux,G_Met,0*Met.c -> Met,51.9944208775718,5.12181495265277
Net flux,G_SAM,0*SAM.c -> SAM,59.828128164363,4.75861333791449
Net flux,(1-G)_meTHF,0*meTHF.x -> meTHF,0.000545718914111148,5185.43164052229
Net flux,(1-G)_FmTHF,0*FmTHF.x -> FmTHF,23.8126470675272,5.53744297588835
Net flux,(1-G)_Met,0*Met.x -> Met,48.0055791224283,5.12181495265277
Net flux,(1-G)_SAM,0*SAM.x -> SAM,40.171871835637,4.75861333791449
Net flux,meTHFSink,meTHF -> Sink,99.9999999999999,0
Net flux,FmTHFSink,FmTHF -> Sink,100,0
Net flux,MetSink,Met -> Sink,100,0
Net flux,SAMsink,SAM -> Sink,100,0
Net flux,Met-protein,Met.c -> Protein,6.51983996113883e-15,0
Net flux,GLY-protein,GLY.c -> Protein,0.0142248550811317,0.274030494161922
Net flux,SER-protein,SER.c -> Protein,1.00000003833145e-07,1.15261201092425e-12
Pool,2PG pool,,0,0
Pool,2PG.p pool,,1.00718855450386e-06,4864.82015052213
Pool,2PG.x pool,,1,Inf
Pool,3PGA pool,,0,0
Pool,3PGA.c pool,,0.0311819979401564,0.00698534538762441
Pool,3PGA.p pool,,3.65618923886969e-06,4997.22770313577
Pool,3PGA.x pool,,1,Inf
Pool,ACA pool,,1.0734542821144e-06,5062.95952028844
Pool,ADPG pool,,0,0
Pool,ADPG.p pool,,9.9999999999999e-08,Inf
Pool,ADPG.x pool,,1,Inf
Pool,AKG pool,,1.12951185897494e-06,5169.53695682049
Pool,ALA pool,,0,0
Pool,ALA.c pool,,0.0083070693758436,0.0021700798685435
Pool,ALA.x pool,,1,Inf
Pool,ASN pool,,7566.0681967312,5042.27679233029
Pool,ASP pool,,1.00000000000002e-07,0
Pool,Acceptor.c pool,,1,Inf
Pool,CIT pool,,3.28587390789361,0.76373494143868
Pool,CO2 pool,,1.64878099094729e-05,5006.81527467475
Pool,CO2.t pool,,1,Inf
Pool,E4P.p pool,,0,0
Pool,EC2 pool,,0,0
Pool,F6P pool,,0,0
Pool,F6P.c pool,,3.82980563023646e-06,5120.72326982077
Pool,F6P.p pool,,3.11582670529542e-06,4860.02763491547
Pool,F6P.x pool,,1,Inf
Pool,FBP pool,,0,0
Pool,FBP.c pool,,3.78486147907046e-06,5010.24810337529
Pool,FBP.p pool,,3.06008650795182e-06,5159.96923385964
Pool,FBP.x pool,,1,Inf
Pool,FmTHF pool,,0.000961498621753928,5112.99072779612
Pool,FmTHF.c pool,,1e-07,0
Pool,FmTHF.x pool,,1,Inf
Pool,G6P pool,,0,0
Pool,G6P.c pool,,9.87570759543213e-06,4987.07530985865
Pool,G6P.p pool,,3.62854135995059e-06,5197.86240462156
Pool,G6P.x pool,,1,Inf
Pool,GA pool,,0,0
Pool,GA.p pool,,1.04799565829359e-06,5247.78877009941
Pool,GA.x pool,,1,Inf
Pool,GLN pool,,8.8386775495387,4887.10116754946
Pool,GLU pool,,1.12949425023647e-06,5342.18119020954
Pool,GLY pool,,0,0
Pool,GLY.c pool,,2.61410406101032,5031.06808103355
Pool,GLY.m pool,,0.235508750228416,0.0374480311644745
Pool,GLY.p pool,,0.000417228467974283,5291.73583605891
Pool,GLY.x pool,,1,Inf
Pool,Glyc pool,,2.11324776615642,1.08973233617777
Pool,Glyc.p pool,,1.15577916741225e-06,4866.94617874199
Pool,Glyc.x pool,,1,Inf
Pool,Glyx pool,,659.260285414857,161.717984886282
Pool,Glyx.p pool,,1.22636023329448e-06,4803.43005184296
Pool,Glyx.x pool,,1,Inf
Pool,HPA pool,,0.000188386502789262,4834.78944734775
Pool,HPA.p pool,,1.01685833525036e-06,5001.00037901731
Pool,HPA.x pool,,1,Inf
Pool,Hcy.c pool,,1,Inf
Pool,ICI pool,,0.00375610220721761,5127.36445915972
Pool,MAL pool,,0.743061053467109,0.321714785671246
Pool,Met pool,,0.000318143692115487,5163.93145820287
Pool,Met.c pool,,1e-07,0
Pool,Met.x pool,,1,Inf
Pool,OAA pool,,0.312739209218421,0.0501308377110328
Pool,P5P pool,,0,0
Pool,PEP pool,,0,0
Pool,PEP.c pool,,1.00000000000057e-07,0
Pool,PEP.x pool,,1,Inf
Pool,PRO pool,,5.39499638336651,4823.75342360394
Pool,PYR pool,,9.99999998363421e-08,0
Pool,PYR.c pool,,0.00514111106950762,0.00252355185615928
Pool,PYR.x pool,,1,Inf
Pool,Protein pool,,1,Inf
Pool,R5P pool,,0,0
Pool,R5P.p pool,,8.14838263102153e-06,5010.38260600709
Pool,R5P.x pool,,1,Inf
Pool,RU5P.p pool,,3.16542846815499e-06,5197.82759775018
Pool,RU5P.x pool,,1,Inf
Pool,RUBP pool,,0,0
Pool,RUBP.p pool,,3.17595436772486e-06,4976.84058413879
Pool,RUBP.x pool,,1,Inf
Pool,S6P pool,,1,Inf
Pool,S7P pool,,0,0
Pool,S7P.p pool,,3.05289995390711e-06,4926.15449891311
Pool,S7P.x pool,,1,Inf
Pool,SAH.c pool,,1,Inf
Pool,SAM pool,,2.82451244776551,2.17355395167534
Pool,SAM.c pool,,4.6898178866568e-07,5192.44262356658
Pool,SAM.x pool,,1,Inf
Pool,SBP pool,,0,0
Pool,SER pool,,0,0
Pool,SER.c pool,,1.00000000002876e-07,0
Pool,SER.m pool,,0.28746523119198,0.0486974425109896
Pool,SER.p pool,,0.00034681297519172,5393.85178501792
Pool,SER.x pool,,1,Inf
Pool,Sink pool,,1,Inf
Pool,Starch pool,,1,Inf
Pool,THR pool,,3889.76967592584,5009.58595888602
Pool,TP pool,,0,0
Pool,TP.c pool,,4.14532990106482e-06,5276.48651388666
Pool,TP.p pool,,3.7032553115859e-06,5227.75717311707
Pool,TP.x pool,,1,Inf
Pool,UDPG pool,,0,0
Pool,UDPG.c pool,,28.7877207872511,5035.8588006645
Pool,UDPG.x pool,,1,Inf
Pool,X5P.p pool,,3.25653919052137e-06,5122.04956383473
Pool,dummy pool,,1,Inf
Pool,dummyGLY pool,,1,Inf
Pool,dummySER pool,,1,Inf
Pool,meTHF pool,,8.06848131763141e-05,5261.23581311092
Pool,meTHF.c pool,,1e-07,0
Pool,meTHF.x pool,,1,Inf
Pool,myTHF.m pool,,1.00000000002876e-07,0
Pool,outSER pool,,1,Inf
Norm,Experiment2 Glyc205 #1 norm,,0.980531018391254,0.0358624955459168
Norm,Experiment2 Glyc205 #2 norm,,0.983513157578443,0.0178165975921308
Norm,Experiment2 Glyc205 #3 norm,,0.992598363732452,0.0229378754865305
Norm,Experiment2 Glyc205 #4 norm,,0.999416161964114,0.0209737169675424
Norm,Experiment2 Glyc205 #5 norm,,1.03479944855033,0.0252603694678637
Norm,Experiment2 Glyc205 #6 norm,,0.963927611110976,0.0236458014107036
Norm,Experiment2 Glyc205 #7 norm,,0.959803778825282,0.0305919354495715
Norm,Experiment2 Glyc205 #8 norm,,0.894503530676194,0.109361971295557
Norm,Experiment2 Glyx160 #1 norm,,0.989651210128979,0.0112584735097439
Norm,Experiment2 Glyx160 #2 norm,,1.0076706578984,0.011851433261852
Norm,Experiment2 Glyx160 #3 norm,,0.962430589267999,0.0122768330888679
Norm,Experiment2 Glyx160 #4 norm,,1.00103270127572,0.0166775843723053
Norm,Experiment2 Glyx160 #5 norm,,0.981445419588434,0.0143434863989563
Norm,Experiment2 Glyx160 #6 norm,,0.964348031679268,0.0202001582913208
Norm,Experiment2 Glyx160 #7 norm,,0.980648887187132,0.0303999832240543
Norm,Experiment2 Glyx160 #8 norm,,1.00617081642908,0.125025603569482
Norm,Experiment2 GLY276 #1 norm,,1.03587235792145,0.0107844756671839
Norm,Experiment2 GLY276 #2 norm,,0.933451592856527,0.0196353789201383
Norm,Experiment2 GLY276 #3 norm,,1.00344600720058,0.017943867214897
Norm,Experiment2 GLY276 #4 norm,,1.05887789029184,0.0186615789750792
Norm,Experiment2 GLY276 #5 norm,,0.97855006219028,0.035637462280162
Norm,Experiment2 GLY276 #6 norm,,1.00445738480725,0.0803099857422665
Norm,Experiment2 GLY276 #7 norm,,0.830063901088683,0.108036340828479
Norm,Experiment2 GLY276 #8 norm,,0.683578092491492,0.170814716646568
Norm,Experiment2 HPA262 #1 norm,,1.00236762481564,0.0202218370655811
Norm,Experiment2 HPA262 #2 norm,,0.97721510616422,0.0245860447482851
Norm,Experiment2 HPA262 #3 norm,,1.00274867161196,0.0239723819542644
Norm,Experiment2 HPA262 #4 norm,,0.952100686802429,0.0276982777582915
Norm,Experiment2 HPA262 #5 norm,,0.909800579766731,0.0206706456083808
Norm,Experiment2 HPA262 #6 norm,,0.966905381050064,0.0287121425225369
Norm,Experiment2 HPA262 #7 norm,,0.959046649541059,0.0228288439711247
Norm,Experiment2 HPA262 #8 norm,,0.898537733642498,0.0350920844204967
Norm,Experiment2 GA307 #1 norm,,0.995841230443462,0.0110433690543744
Norm,Experiment2 GA307 #2 norm,,0.895479111095412,0.028103056093814
Norm,Experiment2 GA307 #3 norm,,0.902379026023787,0.0217072301707466
Norm,Experiment2 GA307 #4 norm,,0.931828223581667,0.0250267674230929
Norm,Experiment2 GA307 #5 norm,,0.963028006308106,0.0717051944921642
Norm,Experiment2 GA307 #6 norm,,0.911091434225806,0.124325831555482
Norm,Experiment2 GA307 #7 norm,,0.981282945634045,0.0842668971198485
Norm,Experiment2 GA307 #8 norm,,0.916462083852017,0.146944160225749
Norm,Experiment2 SER306 #1 norm,,1.00039409323967,0.0127842636044594
Norm,Experiment2 SER306 #2 norm,,0.984673610640262,0.0337562181958424
Norm,Experiment2 SER306 #3 norm,,0.994782945671358,0.0195142647554373
Norm,Experiment2 SER306 #4 norm,,1.03277079161372,0.0262456921670149
Norm,Experiment2 SER306 #5 norm,,1.02923964310232,0.0600918888789212
Norm,Experiment2 SER306 #6 norm,,1.01267305624364,0.123038779903016
Norm,Experiment2 SER306 #7 norm,,0.976708150074174,0.091315548201439
Norm,Experiment2 SER306 #8 norm,,1.01358804691164,0.267881398569576
Norm,Experiment2 meTHF #1 norm,,1.00062779256672,0.0100281916561294
Norm,Experiment2 meTHF #2 norm,,0.977616077969788,0.0138736493515236
Norm,Experiment2 meTHF #3 norm,,0.94706086010087,0.0265119738503129
Norm,Experiment2 meTHF #4 norm,,0.944551729392737,0.0249242836661778
Norm,Experiment2 meTHF #5 norm,,1.02948154610174,0.098953215287693
Norm,Experiment2 meTHF #6 norm,,0.96412919113283,0.138681553643358
Norm,Experiment2 meTHF #7 norm,,0.885477208955994,0.158153376240561
Norm,Experiment2 meTHF #8 norm,,1.00718084190551,0.0716693509771054
Norm,Experiment2 FmTHF #1 norm,,1.01330478764605,0.0100391339248499
Norm,Experiment2 FmTHF #2 norm,,0.994604742162948,0.0115801411503181
Norm,Experiment2 FmTHF #3 norm,,0.987942540468453,0.0100455187481717
Norm,Experiment2 FmTHF #4 norm,,1.02366492158128,0.019975173177272
Norm,Experiment2 FmTHF #5 norm,,1.00894206810692,0.0377711138456597
Norm,Experiment2 FmTHF #6 norm,,0.992056630804383,0.0754371942814816
Norm,Experiment2 FmTHF #7 norm,,0.999965744400205,0.106957721839999
Norm,Experiment2 FmTHF #8 norm,,0.99843033410231,0.0731807103986961
Norm,Experiment2 Met176 #1 norm,,1.00474095066513,0.0244896383829706
Norm,Experiment2 Met176 #2 norm,,0.95665722628264,0.0381946218034751
Norm,Experiment2 Met176 #3 norm,,0.939964232186342,0.0335983116753527
Norm,Experiment2 Met176 #4 norm,,0.763389111329792,0.0886908007553037
Norm,Experiment2 Met176 #5 norm,,0.884805907765491,0.069037400661693
Norm,Experiment2 Met176 #6 norm,,1.00082418103413,0.0353049222614009
Norm,Experiment2 Met176 #7 norm,,1.02305550344997,0.0715028682417688
Norm,Experiment2 Met176 #8 norm,,0.957404869827388,0.197816877132122
Norm,Experiment2 SAM #1 norm,,0.984070079107272,0.0139012719637196
Norm,Experiment2 SAM #2 norm,,0.984103548341894,0.0217674967699677
Norm,Experiment2 SAM #3 norm,,0.931946310213075,0.0340057428465143
Norm,Experiment2 SAM #4 norm,,0.975665537951474,0.0410781149094665
Norm,Experiment2 SAM #5 norm,,1.00976314367503,0.0258335212359322
Norm,Experiment2 SAM #6 norm,,0.981306848989737,0.0524958679734619
Norm,Experiment2 SAM #7 norm,,1.00382150770406,0.0732110434901098
Norm,Experiment2 SAM #8 norm,,0.999942125291505,0.0673329982696803
Norm,Experiment2 CIT465 #1 norm,,0.995376893570567,0.012606610807259
Norm,Experiment2 CIT465 #2 norm,,0.996584482686573,0.0107732334928706
Norm,Experiment2 CIT465 #3 norm,,0.973841324935152,0.0126880073570297
Norm,Experiment2 CIT465 #4 norm,,0.969818220351342,0.01243844079314
Norm,Experiment2 CIT465 #5 norm,,0.944712029830306,0.0151898490725359
Norm,Experiment2 CIT465 #6 norm,,0.979019105480768,0.0114572064682094
Norm,Experiment2 CIT465 #7 norm,,0.959515958991323,0.0142357840917649
Norm,Experiment2 CIT465 #8 norm,,1.00362941489181,0.0192210610922561
Norm,Experiment2 MAL335 #1 norm,,0.964081981285025,0.0113435656918487
Norm,Experiment2 MAL335 #2 norm,,0.974100174279803,0.0131695975832099
Norm,Experiment2 MAL335 #3 norm,,0.999766171659216,0.0133574670716865
Norm,Experiment2 MAL335 #4 norm,,0.987635889941143,0.011813515399806
Norm,Experiment2 MAL335 #5 norm,,0.951590538147155,0.0148477561525132
Norm,Experiment2 MAL335 #6 norm,,1.00904257019368,0.0150243301607057
Norm,Experiment2 MAL335 #7 norm,,1.02437889561775,0.0217363536838851
Norm,Experiment2 MAL335 #8 norm,,1.00360442654584,0.0489217799080295
Norm,Experiment2 ASP334 #1 norm,,0.971596925623471,0.0156944923845177
Norm,Experiment2 ASP334 #2 norm,,0.956034054161799,0.0218946571050653
Norm,Experiment2 ASP334 #3 norm,,0.95496839743841,0.0171015010991222
Norm,Experiment2 ASP334 #4 norm,,0.947546206287405,0.0204813775526436
Norm,Experiment2 ASP334 #5 norm,,1.05727319830744,0.0257507648475092
Norm,Experiment2 ASP334 #6 norm,,0.959663388685019,0.0566364507273697
Norm,Experiment2 ASP334 #7 norm,,0.960388506013488,0.0527320614784643
Norm,Experiment2 ASP334 #8 norm,,0.953687169213245,0.0376855262108267
Norm,Experiment2 GLU348 #1 norm,,0.955672748572601,0.0112047637864591
Norm,Experiment2 GLU348 #2 norm,,0.948974483661992,0.0116139030570944
Norm,Experiment2 GLU348 #3 norm,,1.00355495480774,0.01198545049183
Norm,Experiment2 GLU348 #4 norm,,0.969317549483833,0.0151038819625453
Norm,Experiment2 GLU348 #5 norm,,0.914142372718775,0.0277409455053268
Norm,Experiment2 GLU348 #6 norm,,0.976920878945252,0.015229226821765
Norm,Experiment2 GLU348 #7 norm,,0.943855297058827,0.0219466266544369
Norm,Experiment2 GLU348 #8 norm,,0.931221256056228,0.0485188775932429
Norm,Experiment2 THR320 #1 norm,,1.00304501855375,0.0102846145613501
Norm,Experiment2 THR320 #2 norm,,0.991878271663968,0.0115500751552086
Norm,Experiment2 THR320 #3 norm,,0.972235792077534,0.0101971553858225
Norm,Experiment2 THR320 #4 norm,,0.973637292084594,0.010900921582744
Norm,Experiment2 THR320 #5 norm,,1.01408533028096,0.0205655852144156
Norm,Experiment2 THR320 #6 norm,,0.990023724417171,0.0109318292115246
Norm,Experiment2 THR320 #7 norm,,0.994681636642366,0.0139621008520909
Norm,Experiment2 THR320 #8 norm,,0.89587230371096,0.0329389573697313
Norm,Experiment2 ALA116 #1 norm,,0.988928619236764,0.010017776507982
Norm,Experiment2 ALA116 #2 norm,,1.01948546173843,0.0102695854564254
Norm,Experiment2 ALA116 #3 norm,,0.993745926043399,0.0106692559590008
Norm,Experiment2 ALA116 #4 norm,,0.984147491796284,0.025440071864332
Norm,Experiment2 ALA116 #5 norm,,1.02222178894104,0.0730329755055267
Norm,Experiment2 ALA116 #6 norm,,0.998594173500642,0.071150686256282
Norm,Experiment2 ALA116 #7 norm,,1.03022481160154,0.0781494839797073
Norm,Experiment2 ALA116 #8 norm,,0.93784059454317,0.13844854680801
Norm,Experiment2 PYR #1 norm,,0.964290640308813,0.0121885103442279
Norm,Experiment2 PYR #2 norm,,0.865648954063582,0.0496137739317998
Norm,Experiment2 PYR #3 norm,,0.942474706503263,0.0581998982372319
Norm,Experiment2 PYR #4 norm,,1.0021465264465,0.0487519580222662
Norm,Experiment2 PYR #5 norm,,1.00035568348786,0.105503790777768
Norm,Experiment2 PYR #6 norm,,0.985375668435712,0.154772718019054
Norm,Experiment2 PYR #7 norm,,1.00502241859307,0.076352294890383
Norm,Experiment2 PYR #8 norm,,0.940446293499173,0.159594385704805
