type,id,eqn,val,std
Net flux,CO2.t,CO2.t -> CO2,64.6305215164458,1.53525058342455
Net flux,CO2_sink,dummy -> Sink,64.6305215164458,1.53525058342455
Net flux,RUBICSO_CO2,RUBP.p + CO2 -> 3PGA.p + 3PGA.p + dummy,65.8632095372666,1.53668486581467
Net flux,GAPDH.p net,3PGA.p <-> TP.p,134.461214710468,3.06148240579848
Exch flux,GAPDH.p exch,3PGA.p <-> TP.p,2.7346837754294e-06,1.77658966828509e-14
Net flux,ALD,TP.p + E4P.p -> SBP,22.700187396093,0.51358867171799
Net flux,SBP,SBP -> S7P.p,22.700187396093,0.51358867171799
Net flux,FBA.p net,TP.p + TP.p <-> FBP.p,30.5257221377979,0.7809074237416
Exch flux,FBA.p exch,TP.p + TP.p <-> FBP.p,27571.428079247,374.153758195371
Net flux,PFK.p net,FBP.p <-> F6P.p,30.5257221378015,0.7809074237416
Exch flux,PFK.p exch,FBP.p <-> F6P.p,16956.3328998956,420.002816124192
Net flux,TK1 net,TP.p + EC2 <-> X5P.p,45.400374792187,1.02717734343598
Exch flux,TK1 exch,TP.p + EC2 <-> X5P.p,13405.5890954088,443.928487155759
Net flux,TK2 net,S7P.p <-> R5P.p + EC2,22.7001873960929,0.51358867171799
Exch flux,TK2 exch,S7P.p <-> R5P.p + EC2,37.8676017095534,414.742883153913
Net flux,TK3 net,F6P.p <-> E4P.p + EC2,22.7001873960908,0.51358867171799
Exch flux,TK3 exch,F6P.p <-> E4P.p + EC2,29516.9373567359,396.683279011073
Net flux,PPE net,X5P.p <-> RU5P.p,45.400374792187,1.02717734343598
Exch flux,PPE exch,X5P.p <-> RU5P.p,13541.710236062,437.589307047508
Net flux,PPI net,R5P.p <-> RU5P.p,22.700187396093,0.51358867171799
Exch flux,PPI exch,R5P.p <-> RU5P.p,240.282789894996,415.980023133738
Net flux,PRK,RU5P.p -> RUBP.p,68.1005621882789,1.54076601515384
Net flux,RUBISCO_O2,RUBP.p -> 3PGA.p + 2PG.p,2.23735265101231,0.0847883588537265
Net flux,GLYdil net,GLY.p <-> GLY.x + dummyGLY,0.0135252080081827,0.00171213394148639
Exch flux,GLYdil exch,GLY.p <-> GLY.x + dummyGLY,1.0000000116861e-07,3.72118594398004e-17
Net flux,SERdil net,SER.p <-> SER.x + dummySER,0.0462475591557734,0.00585439014925926
Exch flux,SERdil exch,SER.p <-> SER.x + dummySER,0.123107337137313,0.262327681854781
Net flux,GK,GA.p -> 3PGA.p,1.06345767609073,0.13734101776804
Net flux,PGI.p net,F6P.p <-> G6P.p,7.82553474170957,0.411196003670758
Exch flux,PGI.p exch,F6P.p <-> G6P.p,2.80816053174234,349.934398043194
Net flux,PGM.p,G6P.p -> ADPG.p,7.82553474170957,0.411196003670758
Net flux,Starch,ADPG.p -> Starch,7.82553474170955,0.411196003670758
Net flux,FBA.c net,TP.c + TP.c <-> FBP.c,2.65460412329413,0.336041990501099
Exch flux,FBA.c exch,TP.c + TP.c <-> FBP.c,20.8865390413795,367.497549558553
Net flux,PFK.c net,FBP.c <-> F6P.c,2.65460412329415,0.336041990501099
Exch flux,PFK.c exch,FBP.c <-> F6P.c,7.63087824635757,367.831812050667
Net flux,PGI.c net,F6P.c <-> G6P.c,1.32730206164712,0.168020995250549
Exch flux,PGI.c exch,F6P.c <-> G6P.c,225.136472750274,367.831696925799
Net flux,PGM.c net,G6P.c <-> UDPG.c,1.32730206164706,0.168020995250549
Exch flux,PGM.c exch,G6P.c <-> UDPG.c,48481.0097786039,367.831658550835
Net flux,SPS,F6P.c + UDPG.c -> S6P,1.32730206164704,0.168020995250549
Net flux,PGAM.c net,3PGA.c <-> PEP.c,0.56601469116894,0.0716508732201218
Exch flux,PGAM.c exch,3PGA.c <-> PEP.c,1.93040182174532,367.831665529364
Net flux,PK.c,PEP.c -> PYR.c,0.256925860072365,0.0325238240471784
Net flux,PDH,PYR.c + dummy -> ACA + CO2,0.213828362131568,0.0270681823310089
Net flux,CS,OAA + ACA -> CIT,0.213828362131564,0.0270681823310089
Net flux,ACO net,CIT <-> ICI,0.213828362131608,0.0270681823310089
Exch flux,ACO exch,CIT <-> ICI,1174.24206978206,367.831658550835
Net flux,IDH,ICI + dummy -> AKG + CO2,0.21382836213158,0.0270681823310089
Net flux,MDH net,MAL <-> OAA,7.105427357601e-15,0
Exch flux,MDH exch,MAL <-> OAA,0.000358683420294881,1.02144219391989
Net flux,PPC,PEP.c + CO2 -> OAA + dummy,0.309088831096097,0.0391270491571422
Net flux,T_3PGA net,3PGA.p <-> 3PGA.c,0.56601469116892,0.0716508732201218
Exch flux,T_3PGA exch,3PGA.p <-> 3PGA.c,5.67115082097073,491.667579686256
Net flux,T_DHAP net,TP.p <-> TP.c,5.30920824658832,0.672083981002198
Exch flux,T_DHAP exch,TP.p <-> TP.c,11.4945493867489,371.647130924474
Net flux,ALT,PYR.c -> ALA.c,0.0430974979416173,0.00545564171518664
Net flux,ASPT,OAA -> ASP,0.0952604689643999,0.0120588668290345
Net flux,GLUDH,AKG -> GLU,0.213828362131557,0.0270681823310089
Net flux,PCR net,GLU <-> PRO,-2.48689957516035e-14,0
Exch flux,PCR exch,GLU <-> PRO,1.0000000116861e-07,0
Net flux,GS net,GLU <-> GLN,0,0
Exch flux,GS exch,GLU <-> GLN,1.0004216477455e-07,0
Net flux,TS net,ASP <-> THR,0,0
Exch flux,TS exch,ASP <-> THR,0.0478792013768228,0.054327674261661
Net flux,AS net,ASP <-> ASN,1.06581410364015e-14,0
Exch flux,AS exch,ASP <-> ASN,0.00346697335332991,0.0237579062532793
Net flux,G_3PGA.p,0*3PGA.p -> 3PGA,2.46866315478655e-06,606.237026193101
Net flux,G_3PGA.c,0*3PGA.c -> 3PGA,92.9119081399329,414.737038890602
Net flux,G_DHAP.p,0*TP.p -> TP,40.6853798422419,615.782794048105
Net flux,G_DHAP.c,0*TP.c -> TP,51.8471856996948,451.752175747397
Net flux,G_F6P.p,0*F6P.p -> F6P,48.6686345030749,642.436333421788
Net flux,G_F6P.c,0*F6P.c -> F6P,36.546576817712,457.607890907724
Net flux,G_FBP.p,0*FBP.p -> FBP,2.46866146369484e-06,586.999690259631
Net flux,G_FBP.c,0*FBP.c -> FBP,83.4512310475904,417.970072284513
Net flux,G_G6P.p,0*G6P.p -> G6P,19.0549768397257,580.211149051978
Net flux,G_G6P.c,0*G6P.c -> G6P,58.8549499993083,389.522673272615
Net flux,G_RU5P.p,0*RU5P.p -> P5P,2.46865387865114e-06,607.79375339534
Net flux,G_X5P.p,0*X5P.p -> P5P,92.8477691489384,438.032046787496
Net flux,G_R5P.p,0*R5P.p -> R5P,82.2810779884949,460.467476667695
Net flux,G_GA.p,0*GA.p -> GA,23.0090975311058,4.72615242626711
Net flux,G_SER.p,0*SER.p -> SER,76.7216130256766,414.845794125058
Net flux,G_GLY.p,0*GLY.p -> GLY,9.99999798523277e-08,1.96023414239166e-14
Net flux,G_RUBP.p,0*RUBP.p -> RUBP,92.5302752673063,456.434799298817
Net flux,G_S7P.p,0*S7P.p -> S7P,98.4567310636212,418.233569748
Net flux,G_2PG.p,0*2PG.p -> 2PG,87.0427532706349,439.160654227111
Net flux,G_ADPG.p,0*ADPG.p -> ADPG,95.0805622183481,443.757127318307
Net flux,G_PEP.c,0*PEP.c -> PEP,89.2305410445615,440.150004842671
Net flux,G_UDPG.c,0*UDPG.c -> UDPG,72.4268033045549,423.173224753543
Net flux,G_ALA.c,0*ALA.c -> ALA,60.3669235466019,5.40691762868296
Net flux,(1-G)_GA,0*GA.x -> GA,76.9909024688962,4.72615242626711
Net flux,(1-G)_SER,0*SER.x -> SER,23.2783842321769,8.23688150613932
Net flux,(1-G)_GLY,0*GLY.x -> GLY,58.7072701053868,7.30622118307433
Net flux,(1-G)_R5P,0*R5P.x -> R5P,17.718922011502,460.467476667695
Net flux,(1-G)_RUBP,0*RUBP.x -> RUBP,7.46972473269241,456.434799298817
Net flux,(1-G)_3PGA,0*3PGA.x -> 3PGA,7.08808939140422,454.426287198266
Net flux,(1-G)_TP,0*TP.x -> TP,7.46743445806384,424.865402548037
Net flux,(1-G)_F6P,0*F6P.x -> F6P,14.7847886792169,463.156687060388
Net flux,(1-G)_FBP,0*FBP.x -> FBP,16.5487664837429,427.095272111882
Net flux,(1-G)_G6P,0*G6P.x -> G6P,22.0900731609643,423.662936375882
Net flux,(1-G)_RU5P,0*RU5P.x -> P5P,7.15222838240913,437.497473640746
Net flux,(1-G)_S7P,0*S7P.x -> S7P,1.5432689363768,418.233569748
Net flux,(1-G)_2PG,0*2PG.x -> 2PG,12.9572467293675,439.160654227111
Net flux,(1-G)_ADPG,0*ADPG.x -> ADPG,4.91943778165087,443.757127318307
Net flux,(1-G)_PEP,0*PEP.x -> PEP,10.7694589554367,440.150004842671
Net flux,(1-G)_UDPG,0*UDPG.x -> UDPG,27.5731966954463,423.173224753543
Net flux,(1-G)_ALA,0*ALA.x -> ALA,39.6330764533979,5.40691762868296
Net flux,PGASink,3PGA -> Sink,100,0
Net flux,DHAPSink,TP -> Sink,100.000000000001,0
Net flux,F6PSink,F6P -> Sink,100.000000000004,0
Net flux,FBPSink,FBP -> Sink,99.9999999999948,0
Net flux,G6PSink,G6P -> Sink,99.9999999999983,0
Net flux,P5PSink,P5P -> Sink,100.000000000001,0
Net flux,R5PSink,R5P -> Sink,99.9999999999968,0
Net flux,GASink,GA -> Sink,100.000000000002,0
Net flux,SERSink,SER -> Sink,99.9999999999996,0
Net flux,GLYSink,GLY -> Sink,100.000000000001,0
Net flux,RUBPSink,RUBP -> Sink,99.9999999999987,0
Net flux,S7PSink,S7P -> Sink,99.9999999999979,0
Net flux,2PGSink,2PG -> Sink,100.000000000002,0
Net flux,ADPGSink,ADPG -> Sink,99.9999999999989,0
Net flux,PEPSink,PEP -> Sink,99.9999999999983,0
Net flux,UDPGSink,UDPG -> Sink,100.000000000001,0
Net flux,ALASink,ALA -> Sink,99.9999999999998,0
Net flux,S6Pout-LL,S6P + 0.1611*GLU + 0.07177*ASP + 0.03247*ALA.c + 0.01019*dummyGLY + 0.03484*dummySER -> Sink,1.32730206164707,0.168020995250549
Net flux,PGP.p,2PG.p -> Glyc.p,2.23735265101233,0.0847883588537265
Net flux,GOX,Glyc.p -> Glyx.p,2.23735265101234,0.0847883588537265
Net flux,GGT,Glyx.p -> GLY.p,2.23735265101233,0.0847883588537265
Net flux,SGAT,SER.p -> HPA.p,1.06345767609072,0.13734101776804
Net flux,HPR.p,HPA.p -> GA.p,1.06345767609071,0.13734101776804
Net flux,T_GLY-m net,GLY.p <-> GLY.m,0.275506042522466,425.990753639744
Exch flux,T_GLY-m exch,GLY.p <-> GLY.m,26407.1389321034,429.697627783846
Net flux,GDC.m,GLY.m + dummy -> myTHF.m + CO2,1.11412012765398,0.139367978344085
Net flux,T_SER-m net,SER.p <-> SER.m,-1.11412012765402,0.139367978344085
Exch flux,T_SER-m exch,SER.p <-> SER.m,440.676008381801,413.426973498004
Net flux,mSHMT,GLY.m + myTHF.m -> SER.m,1.11412012765398,0.139367978344085
Net flux,T_SER-c net,SER.p <-> SER.c,0.00441489240748005,0.263066753814297
Exch flux,T_SER-c exch,SER.p <-> SER.c,0.013897869584258,0.265994303678872
Net flux,T_Gly-c net,GLY.p <-> GLY.c,1.94832140047919,425.990756568438
Exch flux,T_Gly-c exch,GLY.p <-> GLY.c,0.201712161977148,425.990394593154
Net flux,cSHMT,SER.c -> GLY.c + meTHF.c,0.00441479240745901,0.263066753816311
Net flux,FmTHF-reductase net,meTHF.c <-> FmTHF.c,0.00441479240746112,0.263066753816311
Exch flux,FmTHF-reductase exch,meTHF.c <-> FmTHF.c,8.66443697417188,419.212830398319
Net flux,Met-synthase,FmTHF.c + Hcy.c -> Met.c,0.00441479240743936,0.263066753816311
Net flux,SAM-synthase,Met.c -> SAM.c,0.00441479240744869,0.263066753816311
Net flux,Methylation,SAM.c -> SAH.c + Acceptor.c,0.0044147924074438,0.263066753816311
Net flux,hydrolysis,SAH.c -> Hcy.c,0.00441479240743603,0.263066753816311
Net flux,G_SER.m,0*SER.m -> SER,1.0000000116861e-07,0
Net flux,G_SER.c,0*SER.c -> SER,2.64214597578416e-06,414.764011572051
Net flux,G_Gly.m,0*GLY.m -> GLY,1.0000000116861e-07,2.19293095604976e-15
Net flux,G_Gly.c,0*GLY.c -> GLY,41.2927296946145,7.30622118307432
Net flux,T_GLY-c-m,GLY.c -> GLY.m,1.95273421278303,425.99067894916
Net flux,G_Glyc,0*Glyc.p -> Glyc,12.013032501825,2.56572255903656
Net flux,G_Glyx,0*Glyx.p -> Glyx,94.4855985750366,418.90011367717
Net flux,G_HPA,0*HPA.p -> HPA,8.51484552787921,2.2812397967549
Net flux,(1-G)_Glyc,0*Glyc.x -> Glyc,87.9869674981757,2.56572255903656
Net flux,(1-G)_Glyx,0*Glyx.x -> Glyx,5.51440142496429,418.90011367717
Net flux,(1-G)_HPA,0*HPA.x -> HPA,91.4851544721207,2.2812397967549
Net flux,GlycSink,Glyc -> Sink,100.000000000001,0
Net flux,GlyxSink,Glyx -> Sink,100.000000000001,0
Net flux,HPASink,HPA -> Sink,99.9999999999998,0
Net flux,SERex,dummySER -> outSER,9.99970022341756e-08,4.96274546296658e-13
Net flux,G_PYR,0*PYR.c -> PYR,46.6901149583939,3.31960899490998
Net flux,(1-G)_PYR,0*PYR.x -> PYR,53.3098850416064,3.31960899490998
Net flux,PYRSink,PYR -> Sink,100,0
Net flux,G_meTHF,0*meTHF.c -> meTHF,99.9999998999999,0
Net flux,G_FmTHF,0*FmTHF.c -> FmTHF,78.7480827547314,10.2760792474571
Net flux,G_Met,0*Met.c -> Met,61.619432515488,7.04449754204134
Net flux,G_SAM,0*SAM.c -> SAM,65.5363808037431,8.33055158703975
Net flux,(1-G)_meTHF,0*meTHF.x -> meTHF,1.0000000116861e-07,0
Net flux,(1-G)_FmTHF,0*FmTHF.x -> FmTHF,21.2519172452687,10.2760792474571
Net flux,(1-G)_Met,0*Met.x -> Met,38.380567484512,7.04449754204134
Net flux,(1-G)_SAM,0*SAM.x -> SAM,34.4636191962569,8.33055158703975
Net flux,meTHFSink,meTHF -> Sink,99.9999999999999,0
Net flux,FmTHFSink,FmTHF -> Sink,100,0
Net flux,MetSink,Met -> Sink,100,0
Net flux,SAMsink,SAM -> Sink,100,0
Net flux,Met-protein,Met.c -> Protein,6.51983996113883e-15,0
Net flux,GLY-protein,GLY.c -> Protein,1.98010364638179e-06,1.46808642874156e-14
Net flux,SER-protein,SER.c -> Protein,1.00000022484892e-07,9.52739580746266e-14
Pool,2PG pool,,0,0
Pool,2PG.p pool,,3.06671554318179e-06,422.615547485578
Pool,2PG.x pool,,1,Inf
Pool,3PGA pool,,0,0
Pool,3PGA.c pool,,2.14750367088105e-05,400.898564273831
Pool,3PGA.p pool,,4.17534719102207e-06,434.496426775779
Pool,3PGA.x pool,,1,Inf
Pool,ACA pool,,2.69290720203545e-06,414.570070985989
Pool,ADPG pool,,0,0
Pool,ADPG.p pool,,9.9999999999999e-08,Inf
Pool,ADPG.x pool,,1,Inf
Pool,AKG pool,,2.50900572454128e-06,431.465834302394
Pool,ALA pool,,0,0
Pool,ALA.c pool,,0.00552579317553601,0.00194624596359552
Pool,ALA.x pool,,1,Inf
Pool,ASN pool,,7566.0587496464,432.345606218419
Pool,ASP pool,,0.00272487427276305,0.00429250013749901
Pool,Acceptor.c pool,,1,Inf
Pool,CIT pool,,6.72871041918578,4.04341283182914
Pool,CO2 pool,,0.000218472640084038,423.379713578611
Pool,CO2.t pool,,1,Inf
Pool,E4P.p pool,,0,0
Pool,EC2 pool,,0,0
Pool,F6P pool,,0,0
Pool,F6P.c pool,,3.91355878226731e-06,403.16220463276
Pool,F6P.p pool,,4.17178290893089e-06,445.630679982369
Pool,F6P.x pool,,1,Inf
Pool,FBP pool,,0,0
Pool,FBP.c pool,,3.93650201411361e-06,423.126062445796
Pool,FBP.p pool,,4.05109247003983e-06,434.729383804623
Pool,FBP.x pool,,1,Inf
Pool,FmTHF pool,,8.7290035873973,3.48872773778995
Pool,FmTHF.c pool,,1e-07,0
Pool,FmTHF.x pool,,1,Inf
Pool,G6P pool,,0,0
Pool,G6P.c pool,,1.04484980935248e-05,426.291342466832
Pool,G6P.p pool,,3.90725775755848e-06,421.721964251017
Pool,G6P.x pool,,1,Inf
Pool,GA pool,,0,0
Pool,GA.p pool,,3.10121729086312e-06,426.029393564278
Pool,GA.x pool,,1,Inf
Pool,GLN pool,,8.83867754987537,440.774012012985
Pool,GLU pool,,2.50900519981126e-06,437.345602229778
Pool,GLY pool,,0,0
Pool,GLY.c pool,,0.566916886566593,0.106046437774314
Pool,GLY.m pool,,1.00024076896377e-07,415.28193915924
Pool,GLY.p pool,,7.08299806552565e-05,449.158439971102
Pool,GLY.x pool,,1,Inf
Pool,Glyc pool,,14.6729930843174,7.05321760092067
Pool,Glyc.p pool,,9.16372332488672e-06,421.638505432891
Pool,Glyc.x pool,,1,Inf
Pool,Glyx pool,,810.857140389963,207.86742766243
Pool,Glyx.p pool,,1.33005718657855e-05,436.980246388879
Pool,Glyx.x pool,,1,Inf
Pool,HPA pool,,0.000180562999770576,425.593684924359
Pool,HPA.p pool,,2.51187057157276e-06,417.607218596711
Pool,HPA.x pool,,1,Inf
Pool,Hcy.c pool,,1,Inf
Pool,ICI pool,,0.00366617596645365,435.178738903237
Pool,MAL pool,,0.00152510905925381,4.341214912676
Pool,Met pool,,0.00133008357601871,420.10284343585
Pool,Met.c pool,,1e-07,0
Pool,Met.x pool,,1,Inf
Pool,OAA pool,,0.20245612380751,0.118185761457177
Pool,P5P pool,,0,0
Pool,PEP pool,,0,0
Pool,PEP.c pool,,7.35072493920772e-06,423.268692611837
Pool,PEP.x pool,,1,Inf
Pool,PRO pool,,5.39499638370289,422.846785445133
Pool,PYR pool,,1.00009062723978e-07,406.601406131554
Pool,PYR.c pool,,0.0313955654904058,0.00736137371522309
Pool,PYR.x pool,,1,Inf
Pool,Protein pool,,1,Inf
Pool,R5P pool,,0,0
Pool,R5P.p pool,,6.71796508450281e-05,422.075666034185
Pool,R5P.x pool,,1,Inf
Pool,RU5P.p pool,,4.04462420736629e-06,428.950426346654
Pool,RU5P.x pool,,1,Inf
Pool,RUBP pool,,0,0
Pool,RUBP.p pool,,4.07013171271863e-06,452.607623061895
Pool,RUBP.x pool,,1,Inf
Pool,S6P pool,,1,Inf
Pool,S7P pool,,0,0
Pool,S7P.p pool,,4.40349670702576e-06,429.694831374875
Pool,S7P.x pool,,1,Inf
Pool,SAH.c pool,,1,Inf
Pool,SAM pool,,3.38678551473665,363.153351780875
Pool,SAM.c pool,,0.000141846317480923,0.0180890382213842
Pool,SAM.x pool,,1,Inf
Pool,SBP pool,,0,0
Pool,SER pool,,0,0
Pool,SER.c pool,,1.00000000002876e-07,0
Pool,SER.m pool,,0.26523623818847,0.0547661998307005
Pool,SER.p pool,,0.00136471995855607,439.217792569361
Pool,SER.x pool,,1,Inf
Pool,Sink pool,,1,Inf
Pool,Starch pool,,1,Inf
Pool,THR pool,,3045.70787554328,460.857227674361
Pool,TP pool,,0,0
Pool,TP.c pool,,4.25610177358111e-06,472.673096372829
Pool,TP.p pool,,4.32952087358954e-06,450.971777750005
Pool,TP.x pool,,1,Inf
Pool,UDPG pool,,0,0
Pool,UDPG.c pool,,1.00030169403e-07,418.763076867722
Pool,UDPG.x pool,,1,Inf
Pool,X5P.p pool,,4.16823408724124e-06,430.38493419803
Pool,dummy pool,,1,Inf
Pool,dummyGLY pool,,1,Inf
Pool,dummySER pool,,1,Inf
Pool,meTHF pool,,0.000977325204224136,398.477680540974
Pool,meTHF.c pool,,1e-07,0
Pool,meTHF.x pool,,1,Inf
Pool,myTHF.m pool,,1.00000000002876e-07,0
Pool,outSER pool,,1,Inf
Norm,Experiment2 Glyc205 #1 norm,,0.91962635339443,0.0353850323943349
Norm,Experiment2 Glyc205 #2 norm,,0.997195031593281,0.0154118604477392
Norm,Experiment2 Glyc205 #3 norm,,0.954957663983616,0.0208733279516221
Norm,Experiment2 Glyc205 #4 norm,,0.999341115529804,0.0209852506366687
Norm,Experiment2 Glyc205 #5 norm,,1.0057741211985,0.0244757755143674
Norm,Experiment2 Glyc205 #6 norm,,0.981147850091371,0.024821188344281
Norm,Experiment2 Glyc205 #7 norm,,1.01639382034374,0.036679651090248
Norm,Experiment2 Glyc205 #8 norm,,0.947802200998971,0.0906389380629285
Norm,Experiment2 Glyx160 #1 norm,,1.00505166804533,0.0118058190001002
Norm,Experiment2 Glyx160 #2 norm,,0.987982400311527,0.0114418441415637
Norm,Experiment2 Glyx160 #3 norm,,1.00034044401665,0.0124948335115258
Norm,Experiment2 Glyx160 #4 norm,,0.970700718477135,0.0157165814619113
Norm,Experiment2 Glyx160 #5 norm,,1.01940125416068,0.014554001962911
Norm,Experiment2 Glyx160 #6 norm,,0.989529035466939,0.0203151706866986
Norm,Experiment2 Glyx160 #7 norm,,0.984428016923975,0.0290806103000072
Norm,Experiment2 Glyx160 #8 norm,,0.978974883316407,0.113308750171822
Norm,Experiment2 GLY276 #1 norm,,1.00912360446977,0.0105952593311938
Norm,Experiment2 GLY276 #2 norm,,0.967019258995156,0.0201938886890239
Norm,Experiment2 GLY276 #3 norm,,1.02517525623768,0.0178589045581315
Norm,Experiment2 GLY276 #4 norm,,1.01547572799988,0.0169424324523436
Norm,Experiment2 GLY276 #5 norm,,1.00890992381331,0.0395211531632017
Norm,Experiment2 GLY276 #6 norm,,0.957850081803215,0.0793962762446042
Norm,Experiment2 GLY276 #7 norm,,0.932755565201026,0.148079165488283
Norm,Experiment2 GLY276 #8 norm,,0.957568005295525,0.177466306587608
Norm,Experiment2 HPA262 #1 norm,,0.973974860246997,0.0189696601228119
Norm,Experiment2 HPA262 #2 norm,,0.964334553715827,0.0232485723315048
Norm,Experiment2 HPA262 #3 norm,,0.971589630433152,0.0244407710207265
Norm,Experiment2 HPA262 #4 norm,,0.996086433503433,0.0303882850632475
Norm,Experiment2 HPA262 #5 norm,,0.955105484636512,0.0222770704875042
Norm,Experiment2 HPA262 #6 norm,,0.950164723899237,0.0284688557989108
Norm,Experiment2 HPA262 #7 norm,,0.987621797126554,0.0237327515210817
Norm,Experiment2 HPA262 #8 norm,,0.980389017324303,0.0394794453845531
Norm,Experiment2 GA307 #1 norm,,0.999175041804112,0.0111252299444416
Norm,Experiment2 GA307 #2 norm,,0.93586715349839,0.030145051313106
Norm,Experiment2 GA307 #3 norm,,0.862561007088845,0.021375679423847
Norm,Experiment2 GA307 #4 norm,,0.980441480522311,0.026622522469011
Norm,Experiment2 GA307 #5 norm,,0.858406969042379,0.0697988580768357
Norm,Experiment2 GA307 #6 norm,,0.802333351810159,0.0908292163981007
Norm,Experiment2 GA307 #7 norm,,0.874923728163893,0.0707414154658018
Norm,Experiment2 GA307 #8 norm,,0.938302452425321,0.157825990744296
Norm,Experiment2 SER306 #1 norm,,1.01000922073441,0.0129561971524891
Norm,Experiment2 SER306 #2 norm,,0.999352909734437,0.0354187216833837
Norm,Experiment2 SER306 #3 norm,,1.0225848294434,0.0209040811646002
Norm,Experiment2 SER306 #4 norm,,1.00775754335684,0.025032303949463
Norm,Experiment2 SER306 #5 norm,,0.982057894537537,0.054563775005531
Norm,Experiment2 SER306 #6 norm,,1.00162674030874,0.121153408358536
Norm,Experiment2 SER306 #7 norm,,0.968421795899154,0.0860109976243091
Norm,Experiment2 SER306 #8 norm,,1.02229632132432,0.0996238990030858
Norm,Experiment2 meTHF #1 norm,,1.01206285343513,0.0100949895137386
Norm,Experiment2 meTHF #2 norm,,1.00012793487715,0.0146241085319353
Norm,Experiment2 meTHF #3 norm,,0.971435800729558,0.0267584273853969
Norm,Experiment2 meTHF #4 norm,,1.02327887264002,0.0274677373612831
Norm,Experiment2 meTHF #5 norm,,0.943417609083228,0.0799785315713638
Norm,Experiment2 meTHF #6 norm,,1.04992611574547,0.185403635844797
Norm,Experiment2 meTHF #7 norm,,1.0521016145487,0.296335342635362
Norm,Experiment2 meTHF #8 norm,,1.00095114203224,0.0676713298012385
Norm,Experiment2 FmTHF #1 norm,,1.0072638919284,0.0101728372301207
Norm,Experiment2 FmTHF #2 norm,,1.00376604480388,0.0118986754421325
Norm,Experiment2 FmTHF #3 norm,,1.01056643395957,0.0101944541796614
Norm,Experiment2 FmTHF #4 norm,,0.999262400999518,0.0211472110646106
Norm,Experiment2 FmTHF #5 norm,,0.982764710549274,0.038464158367979
Norm,Experiment2 FmTHF #6 norm,,1.00039327355034,0.0622178440850314
Norm,Experiment2 FmTHF #7 norm,,1.00644888381544,0.111156776544899
Norm,Experiment2 FmTHF #8 norm,,1.00079708324403,0.0711143897033918
Norm,Experiment2 Met176 #1 norm,,0.985630470163578,0.024184451043285
Norm,Experiment2 Met176 #2 norm,,0.927286234399422,0.0368141955180052
Norm,Experiment2 Met176 #3 norm,,0.896608721830287,0.0326670157090696
Norm,Experiment2 Met176 #4 norm,,0.958035363336052,0.0809858276496843
Norm,Experiment2 Met176 #5 norm,,0.987887575396082,0.0697536654830554
Norm,Experiment2 Met176 #6 norm,,1.03198283325201,0.0357271569570431
Norm,Experiment2 Met176 #7 norm,,0.990260074081269,0.0627307603876231
Norm,Experiment2 Met176 #8 norm,,0.99241942589799,0.137132708922968
Norm,Experiment2 SAM #1 norm,,1.00208093416909,0.0144845596572101
Norm,Experiment2 SAM #2 norm,,0.975028950466763,0.0216527992886239
Norm,Experiment2 SAM #3 norm,,0.985711313895143,0.0338256393102732
Norm,Experiment2 SAM #4 norm,,1.09199865213638,0.0523643078770096
Norm,Experiment2 SAM #5 norm,,0.996033099395491,0.0263214364598166
Norm,Experiment2 SAM #6 norm,,1.00507088602641,0.0570067546450269
Norm,Experiment2 SAM #7 norm,,0.981872764565168,0.0731669035227254
Norm,Experiment2 SAM #8 norm,,1.00046012382892,0.0656769537118665
Norm,Experiment2 CIT465 #1 norm,,1.00579497035318,0.0126633166634794
Norm,Experiment2 CIT465 #2 norm,,0.988618046434583,0.0103579210204666
Norm,Experiment2 CIT465 #3 norm,,1.00688039110768,0.0133883687558297
Norm,Experiment2 CIT465 #4 norm,,0.988016145258006,0.0127641288832689
Norm,Experiment2 CIT465 #5 norm,,0.993502314969133,0.0157532446958016
Norm,Experiment2 CIT465 #6 norm,,1.00046203225431,0.0114505439113735
Norm,Experiment2 CIT465 #7 norm,,1.00081747912109,0.0153194423912888
Norm,Experiment2 CIT465 #8 norm,,1.00679452901243,0.0220079271753161
Norm,Experiment2 MAL335 #1 norm,,0.994373630817523,0.0118701120228159
Norm,Experiment2 MAL335 #2 norm,,0.978822259864799,0.013451319841089
Norm,Experiment2 MAL335 #3 norm,,0.966234817740951,0.0129001831549802
Norm,Experiment2 MAL335 #4 norm,,1.0049246025807,0.011832847212861
Norm,Experiment2 MAL335 #5 norm,,0.931551599751916,0.0141024615105004
Norm,Experiment2 MAL335 #6 norm,,0.956869931595148,0.0142016088956196
Norm,Experiment2 MAL335 #7 norm,,0.995537888299196,0.0249954265717929
Norm,Experiment2 MAL335 #8 norm,,0.971757013828156,0.0442294587244053
Norm,Experiment2 ASP334 #1 norm,,1.03077428111763,0.0163519778307065
Norm,Experiment2 ASP334 #2 norm,,0.97024172521315,0.023427022930437
Norm,Experiment2 ASP334 #3 norm,,0.983635686897707,0.0195417806140211
Norm,Experiment2 ASP334 #4 norm,,0.940006916275496,0.0240791278255747
Norm,Experiment2 ASP334 #5 norm,,0.957032224848903,0.0231077021651872
Norm,Experiment2 ASP334 #6 norm,,0.956491228324985,0.0565254890685043
Norm,Experiment2 ASP334 #7 norm,,0.971633756297458,0.0623265826456804
Norm,Experiment2 ASP334 #8 norm,,0.970005098331512,0.033700224232995
Norm,Experiment2 GLU348 #1 norm,,0.976504264831833,0.0113865799118273
Norm,Experiment2 GLU348 #2 norm,,0.966768093251082,0.0118711238829273
Norm,Experiment2 GLU348 #3 norm,,0.961834983385602,0.0115104527474446
Norm,Experiment2 GLU348 #4 norm,,0.955475163763416,0.0148524225334071
Norm,Experiment2 GLU348 #5 norm,,0.926322354181253,0.0283130076425276
Norm,Experiment2 GLU348 #6 norm,,0.950574978325665,0.0145790341978859
Norm,Experiment2 GLU348 #7 norm,,0.928072916626491,0.0224469345322136
Norm,Experiment2 GLU348 #8 norm,,0.83434387491741,0.0465682224031156
Norm,Experiment2 THR320 #1 norm,,0.980430061634342,0.00990995635015871
Norm,Experiment2 THR320 #2 norm,,1.01082366724995,0.0120181243383125
Norm,Experiment2 THR320 #3 norm,,0.998068865776731,0.0103145316881288
Norm,Experiment2 THR320 #4 norm,,0.994348516176927,0.0111529081001585
Norm,Experiment2 THR320 #5 norm,,0.990964612801796,0.0209936856805188
Norm,Experiment2 THR320 #6 norm,,1.00265575312996,0.010966006665155
Norm,Experiment2 THR320 #7 norm,,0.940514530153681,0.0135072581674906
Norm,Experiment2 THR320 #8 norm,,0.873378270142883,0.0371923440020854
Norm,Experiment2 ALA116 #1 norm,,0.990782718006367,0.00991153904439517
Norm,Experiment2 ALA116 #2 norm,,1.00818951452616,0.010209648706885
Norm,Experiment2 ALA116 #3 norm,,1.00743002499062,0.0107146449235927
Norm,Experiment2 ALA116 #4 norm,,0.999833719760439,0.0261086729370244
Norm,Experiment2 ALA116 #5 norm,,1.14350655556809,0.0831620684008985
Norm,Experiment2 ALA116 #6 norm,,0.99258455412469,0.0679840618373994
Norm,Experiment2 ALA116 #7 norm,,1.00603527544128,0.07373096137619
Norm,Experiment2 ALA116 #8 norm,,0.98137474709531,0.234998736152667
Norm,Experiment2 PYR #1 norm,,0.965477972555834,0.0122719451612693
Norm,Experiment2 PYR #2 norm,,0.961622546688389,0.0521814202112485
Norm,Experiment2 PYR #3 norm,,0.936469264167523,0.0609256060261705
Norm,Experiment2 PYR #4 norm,,0.980034344539145,0.0471977383291199
Norm,Experiment2 PYR #5 norm,,1.09992740234006,0.151968548377442
Norm,Experiment2 PYR #6 norm,,0.98786553654268,0.120758586724615
Norm,Experiment2 PYR #7 norm,,1.00958609437426,0.0746099688469086
Norm,Experiment2 PYR #8 norm,,0.998592137516175,0.120481593634179
