type,id,eqn,val,std
Net flux,CO2.t,CO2.t -> CO2,64.2775132519221,1.52347717263778
Net flux,CO2_sink,dummy -> Sink,64.2775132519221,1.52347717263778
Net flux,RUBICSO_CO2,RUBP.p + CO2 -> 3PGA.p + 3PGA.p + dummy,65.9394796386199,1.52913369616578
Net flux,GAPDH.p net,3PGA.p <-> TP.p,133.784876576174,3.04374853694947
Exch flux,GAPDH.p exch,3PGA.p <-> TP.p,84686.9689100783,596.335517891278
Net flux,ALD,TP.p + E4P.p -> SBP,22.6798388703764,0.511044067418166
Net flux,SBP,SBP -> S7P.p,22.6798388703764,0.511044067418166
Net flux,FBA.p net,TP.p + TP.p <-> FBP.p,29.5640314519405,0.780098609552115
Exch flux,FBA.p exch,TP.p + TP.p <-> FBP.p,24434.3343328541,1857.06766442976
Net flux,PFK.p net,FBP.p <-> F6P.p,29.5640314519437,0.780098609552115
Exch flux,PFK.p exch,FBP.p <-> F6P.p,1.00002239378227e-07,9.84093506407742e-13
Net flux,TK1 net,TP.p + EC2 <-> X5P.p,45.3596777407528,1.02208813483633
Exch flux,TK1 exch,TP.p + EC2 <-> X5P.p,1.0000000116861e-07,0
Net flux,TK2 net,S7P.p <-> R5P.p + EC2,22.6798388703764,0.511044067418166
Exch flux,TK2 exch,S7P.p <-> R5P.p + EC2,38.2293380323083,2562.35225649263
Net flux,TK3 net,F6P.p <-> E4P.p + EC2,22.6798388703774,0.511044067418166
Exch flux,TK3 exch,F6P.p <-> E4P.p + EC2,8689.1565998532,5029.08140803071
Net flux,PPE net,X5P.p <-> RU5P.p,45.3596777407527,1.02208813483633
Exch flux,PPE exch,X5P.p <-> RU5P.p,77.5649966151718,5814.56606663925
Net flux,PPI net,R5P.p <-> RU5P.p,22.6798388703764,0.511044067418166
Exch flux,PPI exch,R5P.p <-> RU5P.p,245.011584712918,4669.91644666916
Net flux,PRK,RU5P.p -> RUBP.p,68.0395166111293,1.53313220225566
Net flux,RUBISCO_O2,RUBP.p -> 3PGA.p + 2PG.p,2.10003697250937,0.0846887104494859
Net flux,GLYdil net,GLY.p <-> GLY.x + dummyGLY,0.0168575642633257,0.00166770120886195
Exch flux,GLYdil exch,GLY.p <-> GLY.x + dummyGLY,1.0000000116861e-07,0
Net flux,SERdil net,SER.p <-> SER.x + dummySER,0.0576420612041062,0.00570245895927599
Exch flux,SERdil exch,SER.p <-> SER.x + dummySER,9.99847955540645e-08,1.06207145767635e-13
Net flux,GK,GA.p -> 3PGA.p,0.511350366112736,0.118251127982149
Net flux,PGI.p net,F6P.p <-> G6P.p,6.88419258156749,0.405808986361414
Exch flux,PGI.p exch,F6P.p <-> G6P.p,9.99905331866557e-08,2.50937646544255e-13
Net flux,PGM.p,G6P.p -> ADPG.p,6.88419258156749,0.405808986361414
Net flux,Starch,ADPG.p -> Starch,6.88419258156746,0.405808986361414
Net flux,FBA.c net,TP.c + TP.c <-> FBP.c,3.30864853057939,0.327321140303638
Exch flux,FBA.c exch,TP.c + TP.c <-> FBP.c,20.1552961819547,408.289186524085
Net flux,PFK.c net,FBP.c <-> F6P.c,3.30864853057941,0.327321140303638
Exch flux,PFK.c exch,FBP.c <-> F6P.c,6.66477449691826,12.791135397301
Net flux,PGI.c net,F6P.c <-> G6P.c,1.65432426528972,0.163660570151819
Exch flux,PGI.c exch,F6P.c <-> G6P.c,209.595272750343,2349.16499809823
Net flux,PGM.c net,G6P.c <-> UDPG.c,1.65432426528423,0.163660570151819
Exch flux,PGM.c exch,G6P.c <-> UDPG.c,48477.7157661027,4953.16746071601
Net flux,SPS,F6P.c + UDPG.c -> S6P,1.65432426528966,0.163660570151819
Net flux,PGAM.c net,3PGA.c <-> PEP.c,0.705470039690491,0.0697914135345026
Exch flux,PGAM.c exch,3PGA.c <-> PEP.c,0.273729587288225,4186.94145696528
Net flux,PK.c,PEP.c -> PYR.c,0.320227548032485,0.0316797765591275
Net flux,PDH,PYR.c + dummy -> ACA + CO2,0.266511639138076,0.0263657178591558
Net flux,CS,OAA + ACA -> CIT,0.266511639138072,0.0263657178591558
Net flux,ACO net,CIT <-> ICI,0.266511639138116,0.0263657178591558
Exch flux,ACO exch,CIT <-> ICI,2009.40490188829,4186.94145638361
Net flux,IDH,ICI + dummy -> AKG + CO2,0.266511639138089,0.0263657178591558
Net flux,MDH net,MAL <-> OAA,7.105427357601e-15,0
Exch flux,MDH exch,MAL <-> OAA,0.0571087238977341,0.134086975046763
Net flux,PPC,PEP.c + CO2 -> OAA + dummy,0.385242491657528,0.0381116369560953
Net flux,T_3PGA net,3PGA.p <-> 3PGA.c,0.705470039690468,0.0697914135345026
Exch flux,T_3PGA exch,3PGA.p <-> 3PGA.c,1.0000000116861e-07,0
Net flux,T_DHAP net,TP.p <-> TP.c,6.61729706115882,0.654642280607277
Exch flux,T_DHAP exch,TP.p <-> TP.c,1.69500149736258,1.16958803318991
Net flux,ALT,PYR.c -> ALA.c,0.0537159088939215,0.00531405871350034
Net flux,ASPT,OAA -> ASP,0.118730852519664,0.0117459191233669
Net flux,GLUDH,AKG -> GLU,0.266511639138066,0.0263657178591558
Net flux,PCR net,GLU <-> PRO,-2.48689957516035e-14,0
Exch flux,PCR exch,GLU <-> PRO,1.0000000116861e-07,0
Net flux,GS net,GLU <-> GLN,0,0
Exch flux,GS exch,GLU <-> GLN,1.00064326602478e-07,0
Net flux,TS net,ASP <-> THR,0,0
Exch flux,TS exch,ASP <-> THR,0.0656941564422198,0.0518012328456075
Net flux,AS net,ASP <-> ASN,1.06581410364015e-14,0
Exch flux,AS exch,ASP <-> ASN,1.0000000116861e-07,0
Net flux,G_3PGA.p,0*3PGA.p -> 3PGA,2.1022374170343e-06,6990.53294201201
Net flux,G_3PGA.c,0*3PGA.c -> 3PGA,92.9119084889662,4638.78145525593
Net flux,G_DHAP.p,0*TP.p -> TP,40.6853798422514,7074.29205449535
Net flux,G_DHAP.c,0*TP.c -> TP,51.8471856998323,5025.80576889935
Net flux,G_F6P.p,0*F6P.p -> F6P,48.6686345032613,7115.46314671106
Net flux,G_F6P.c,0*F6P.c -> F6P,36.5465768177337,5039.25876915298
Net flux,G_FBP.p,0*FBP.p -> FBP,2.10223446117652e-06,6756.23042272753
Net flux,G_FBP.c,0*FBP.c -> FBP,83.4512313387802,4925.39128153297
Net flux,G_G6P.p,0*G6P.p -> G6P,19.0549768395407,6946.052030011
Net flux,G_G6P.c,0*G6P.c -> G6P,58.8549499996569,5153.38590741965
Net flux,G_RU5P.p,0*RU5P.p -> P5P,2.10222547636363e-06,6470.59301365645
Net flux,G_X5P.p,0*X5P.p -> P5P,92.8477694980079,4760.23843310952
Net flux,G_R5P.p,0*R5P.p -> R5P,82.2810779887508,4690.35536137253
Net flux,G_GA.p,0*GA.p -> GA,22.1811559987553,4.19526391135916
Net flux,G_SER.p,0*SER.p -> SER,82.872709648378,4859.78151880603
Net flux,G_GLY.p,0*GLY.p -> GLY,2.584552959864,4987.25585863441
Net flux,G_RUBP.p,0*RUBP.p -> RUBP,92.5302752674636,4858.02467462825
Net flux,G_S7P.p,0*S7P.p -> S7P,98.4567310636578,4897.02140012555
Net flux,G_2PG.p,0*2PG.p -> 2PG,87.0427532708633,4661.44444596188
Net flux,G_ADPG.p,0*ADPG.p -> ADPG,95.0805622184582,4842.12606543442
Net flux,G_PEP.c,0*PEP.c -> PEP,89.2305410447667,4700.46126938973
Net flux,G_UDPG.c,0*UDPG.c -> UDPG,72.4268033047895,5084.94744370944
Net flux,G_ALA.c,0*ALA.c -> ALA,63.1806975249842,4.53239836221406
Net flux,(1-G)_GA,0*GA.x -> GA,77.8188440012467,4.19526391135916
Net flux,(1-G)_SER,0*SER.x -> SER,17.1272891558008,5.23271892185295
Net flux,(1-G)_GLY,0*GLY.x -> GLY,40.5289855644198,7.11295323035476
Net flux,(1-G)_R5P,0*R5P.x -> R5P,17.7189220112461,4690.35536137253
Net flux,(1-G)_RUBP,0*RUBP.x -> RUBP,7.46972473253513,4858.02467462825
Net flux,(1-G)_3PGA,0*3PGA.x -> 3PGA,7.08808940879664,4909.7546538185
Net flux,(1-G)_TP,0*TP.x -> TP,7.46743445791693,4933.98264588377
Net flux,(1-G)_F6P,0*F6P.x -> F6P,14.7847886790088,5102.99318076813
Net flux,(1-G)_FBP,0*FBP.x -> FBP,16.5487665589801,4854.45283358405
Net flux,(1-G)_G6P,0*G6P.x -> G6P,22.0900731608007,4508.41622593814
Net flux,(1-G)_RU5P,0*RU5P.x -> P5P,7.15222839976807,4496.2624593817
Net flux,(1-G)_S7P,0*S7P.x -> S7P,1.54326893634015,4897.02140012555
Net flux,(1-G)_2PG,0*2PG.x -> 2PG,12.9572467291391,4661.44444596188
Net flux,(1-G)_ADPG,0*ADPG.x -> ADPG,4.91943778154073,4842.12606543442
Net flux,(1-G)_PEP,0*PEP.x -> PEP,10.7694589552315,4700.46126938973
Net flux,(1-G)_UDPG,0*UDPG.x -> UDPG,27.5731966952117,5084.94744370944
Net flux,(1-G)_ALA,0*ALA.x -> ALA,36.8193024750156,4.53239836221406
Net flux,PGASink,3PGA -> Sink,100,0
Net flux,DHAPSink,TP -> Sink,100.000000000001,0
Net flux,F6PSink,F6P -> Sink,100.000000000004,0
Net flux,FBPSink,FBP -> Sink,99.9999999999948,0
Net flux,G6PSink,G6P -> Sink,99.9999999999983,0
Net flux,P5PSink,P5P -> Sink,100.000000000001,0
Net flux,R5PSink,R5P -> Sink,99.9999999999968,0
Net flux,GASink,GA -> Sink,100.000000000002,0
Net flux,SERSink,SER -> Sink,99.9999999999996,0
Net flux,GLYSink,GLY -> Sink,100.000000000001,0
Net flux,RUBPSink,RUBP -> Sink,99.9999999999987,0
Net flux,S7PSink,S7P -> Sink,99.9999999999979,0
Net flux,2PGSink,2PG -> Sink,100.000000000002,0
Net flux,ADPGSink,ADPG -> Sink,99.9999999999989,0
Net flux,PEPSink,PEP -> Sink,99.9999999999983,0
Net flux,UDPGSink,UDPG -> Sink,100.000000000001,0
Net flux,ALASink,ALA -> Sink,99.9999999999998,0
Net flux,S6Pout-LL,S6P + 0.1611*GLU + 0.07177*ASP + 0.03247*ALA.c + 0.01019*dummyGLY + 0.03484*dummySER -> Sink,1.6543242652897,0.163660570151819
Net flux,PGP.p,2PG.p -> Glyc.p,2.10003697250939,0.0846887104494859
Net flux,GOX,Glyc.p -> Glyx.p,2.1000369725094,0.0846887104494859
Net flux,GGT,Glyx.p -> GLY.p,2.10003697250939,0.0846887104494859
Net flux,SGAT,SER.p -> HPA.p,0.511350366112725,0.118251127982149
Net flux,HPR.p,HPA.p -> GA.p,0.51135036611272,0.118251127982149
Net flux,T_GLY-m net,GLY.p <-> GLY.m,2.08323479248065,5016.37273041189
Exch flux,T_GLY-m exch,GLY.p <-> GLY.m,61482.653579073,4820.95564054959
Net flux,GDC.m,GLY.m + dummy -> myTHF.m + CO2,1.51418560007947,0.125880402769834
Net flux,T_SER-m net,SER.p <-> SER.m,-1.51418560007937,0.125880402769834
Exch flux,T_SER-m exch,SER.p <-> SER.m,1912.07369521126,4917.55684182395
Net flux,mSHMT,GLY.m + myTHF.m -> SER.m,1.51418560007947,0.125880402769834
Net flux,T_SER-c net,SER.p <-> SER.c,0.94519317276263,0.228741782705875
Exch flux,T_SER-c exch,SER.p <-> SER.c,9.99999638651161e-08,3.72521160530757e-14
Net flux,T_Gly-c net,GLY.p <-> GLY.c,-5.53842305923702e-05,5016.372729695
Exch flux,T_Gly-c exch,GLY.p <-> GLY.c,9.99999998363421e-08,0
Net flux,cSHMT,SER.c -> GLY.c + meTHF.c,0.945193072761872,0.228741782722078
Net flux,FmTHF-reductase net,meTHF.c <-> FmTHF.c,0.945193072761873,0.228741782722078
Exch flux,FmTHF-reductase exch,meTHF.c <-> FmTHF.c,7.47351378607801,4876.24359351728
Net flux,Met-synthase,FmTHF.c + Hcy.c -> Met.c,0.945193072761852,0.228741782722078
Net flux,SAM-synthase,Met.c -> SAM.c,0.945193072761861,0.228741782722078
Net flux,Methylation,SAM.c -> SAH.c + Acceptor.c,0.945193072761856,0.228741782722078
Net flux,hydrolysis,SAH.c -> Hcy.c,0.945193072761849,0.228741782722078
Net flux,G_SER.m,0*SER.m -> SER,1.0000000116861e-07,0
Net flux,G_SER.c,0*SER.c -> SER,1.0958207390388e-06,4859.77870149745
Net flux,G_Gly.m,0*GLY.m -> GLY,0.000188710184456653,4987.25519589142
Net flux,G_Gly.c,0*GLY.c -> GLY,56.886272765533,8.68908885806819
Net flux,T_GLY-c-m,GLY.c -> GLY.m,0.945136407682297,5016.37273493445
Net flux,G_Glyc,0*Glyc.p -> Glyc,7.96001234639427,1.10773602672599
Net flux,G_Glyx,0*Glyx.p -> Glyx,99.7728932218233,4802.453643861
Net flux,G_HPA,0*HPA.p -> HPA,7.3887835361079,1.83328737210619
Net flux,(1-G)_Glyc,0*Glyc.x -> Glyc,92.0399876536063,1.10773602672599
Net flux,(1-G)_Glyx,0*Glyx.x -> Glyx,0.227106778177514,4802.453643861
Net flux,(1-G)_HPA,0*HPA.x -> HPA,92.611216463892,1.83328737210619
Net flux,GlycSink,Glyc -> Sink,100.000000000001,0
Net flux,GlyxSink,Glyx -> Sink,100.000000000001,0
Net flux,HPASink,HPA -> Sink,99.9999999999998,0
Net flux,SERex,dummySER -> outSER,1.00040525641276e-07,9.66461216860269e-14
Net flux,G_PYR,0*PYR.c -> PYR,42.2435899881373,2.91214954084695
Net flux,(1-G)_PYR,0*PYR.x -> PYR,57.756410011863,2.91214954084695
Net flux,PYRSink,PYR -> Sink,100,0
Net flux,G_meTHF,0*meTHF.c -> meTHF,93.2511100308392,5.62190856318911
Net flux,G_FmTHF,0*FmTHF.c -> FmTHF,69.5225912071156,4.58165098022273
Net flux,G_Met,0*Met.c -> Met,55.8684320336448,4.82017853086694
Net flux,G_SAM,0*SAM.c -> SAM,56.0395821157563,4.47342735254567
Net flux,(1-G)_meTHF,0*meTHF.x -> meTHF,6.74888996916069,5.62190856318911
Net flux,(1-G)_FmTHF,0*FmTHF.x -> FmTHF,30.4774087928845,4.58165098022273
Net flux,(1-G)_Met,0*Met.x -> Met,44.1315679663553,4.82017853086694
Net flux,(1-G)_SAM,0*SAM.x -> SAM,43.9604178842437,4.47342735254567
Net flux,meTHFSink,meTHF -> Sink,99.9999999999999,0
Net flux,FmTHFSink,FmTHF -> Sink,100,0
Net flux,MetSink,Met -> Sink,100,0
Net flux,SAMsink,SAM -> Sink,100,0
Net flux,Met-protein,Met.c -> Protein,6.51983996113883e-15,0
Net flux,GLY-protein,GLY.c -> Protein,1.28084900907766e-06,8.64974069428061e-14
Net flux,SER-protein,SER.c -> Protein,1.00000758784802e-07,3.49404274843709e-13
Pool,2PG pool,,0,0
Pool,2PG.p pool,,3.5946016053351e-07,4972.23467674936
Pool,2PG.x pool,,1,Inf
Pool,3PGA pool,,0,0
Pool,3PGA.c pool,,0.0332604633083123,0.0082956526959687
Pool,3PGA.p pool,,1.89619814184233e-06,4958.47899063295
Pool,3PGA.x pool,,1,Inf
Pool,ACA pool,,6.34770118540057e-07,4949.90143616164
Pool,ADPG pool,,0,0
Pool,ADPG.p pool,,9.9999999999999e-08,Inf
Pool,ADPG.x pool,,1,Inf
Pool,AKG pool,,5.99681702440183e-07,4642.41196184867
Pool,ALA pool,,0,0
Pool,ALA.c pool,,0.00638020162991624,0.00176817861481246
Pool,ALA.x pool,,1,Inf
Pool,ASN pool,,7570.19336235905,4649.84155879959
Pool,ASP pool,,1.00000000000273e-07,0
Pool,Acceptor.c pool,,1,Inf
Pool,CIT pool,,3.73416331359688,0.979295682156852
Pool,CO2 pool,,4.70405068156279e-06,4571.81519932684
Pool,CO2.t pool,,1,Inf
Pool,E4P.p pool,,0,0
Pool,EC2 pool,,0,0
Pool,F6P pool,,0,0
Pool,F6P.c pool,,3.28287521400016e-06,4662.94673779946
Pool,F6P.p pool,,1.13905551167819e-06,4801.80959801195
Pool,F6P.x pool,,1,Inf
Pool,FBP pool,,0,0
Pool,FBP.c pool,,3.06279260588531e-06,4709.72295903481
Pool,FBP.p pool,,1.21303759325075e-06,4999.01688469882
Pool,FBP.x pool,,1,Inf
Pool,FmTHF pool,,4.29123686085652,2.5034095730478
Pool,FmTHF.c pool,,1.49331393709143e-07,5044.76066144421
Pool,FmTHF.x pool,,1,Inf
Pool,G6P pool,,0,0
Pool,G6P.c pool,,9.85144386569929e-06,5070.94628352917
Pool,G6P.p pool,,3.33203444496727e-06,4925.46579627573
Pool,G6P.x pool,,1,Inf
Pool,GA pool,,0,0
Pool,GA.p pool,,1.66143237821849e-07,4932.81461629774
Pool,GA.x pool,,1,Inf
Pool,GLN pool,,8.83867754842691,4586.85669664616
Pool,GLU pool,,5.99683767028123e-07,4788.92982163477
Pool,GLY pool,,0,0
Pool,GLY.c pool,,1.00058407803987e-07,4662.4646604307
Pool,GLY.m pool,,0.0888339590986805,0.031110690472235
Pool,GLY.p pool,,0.00041711761327856,4799.71210448645
Pool,GLY.x pool,,1,Inf
Pool,Glyc pool,,2.35715965997821,1.11198314923031
Pool,Glyc.p pool,,3.76008106546486e-07,4713.33288004716
Pool,Glyc.x pool,,1,Inf
Pool,Glyx pool,,1238.31743974258,603.409535362839
Pool,Glyx.p pool,,5.26243382149216e-07,4646.12161483133
Pool,Glyx.x pool,,1,Inf
Pool,HPA pool,,0.000109323199401384,4791.92554532539
Pool,HPA.p pool,,1.44726408778245e-07,4642.00198417299
Pool,HPA.x pool,,1,Inf
Pool,Hcy.c pool,,1,Inf
Pool,ICI pool,,0.00256495446921194,4695.34143697324
Pool,MAL pool,,0.229368874868177,0.484465554889136
Pool,Met pool,,4.81892985171722e-05,4650.48416757271
Pool,Met.c pool,,2.52652788708425e-07,4699.53398311816
Pool,Met.x pool,,1,Inf
Pool,OAA pool,,0.237011005628973,0.0709692488943418
Pool,P5P pool,,0,0
Pool,PEP pool,,0,0
Pool,PEP.c pool,,1.00000000000002e-07,0
Pool,PEP.x pool,,1,Inf
Pool,PRO pool,,5.39499638233932,4751.83148948443
Pool,PYR pool,,1.00000000058387e-07,0
Pool,PYR.c pool,,0.0115842397618031,0.00450736200924267
Pool,PYR.x pool,,1,Inf
Pool,Protein pool,,1,Inf
Pool,R5P pool,,0,0
Pool,R5P.p pool,,5.45083968751569e-07,4726.49173522954
Pool,R5P.x pool,,1,Inf
Pool,RU5P.p pool,,1.3182471912636e-06,4583.5105109118
Pool,RU5P.x pool,,1,Inf
Pool,RUBP pool,,0,0
Pool,RUBP.p pool,,1.32899610246503e-06,4487.27726746819
Pool,RUBP.x pool,,1,Inf
Pool,S6P pool,,1,Inf
Pool,S7P pool,,0,0
Pool,S7P.p pool,,1.09990149414644e-06,4662.83853808396
Pool,S7P.x pool,,1,Inf
Pool,SAH.c pool,,1,Inf
Pool,SAM pool,,5.79779544403282,2.97312784676855
Pool,SAM.c pool,,1.23926591890706e-06,4901.29896495168
Pool,SAM.x pool,,1,Inf
Pool,SBP pool,,0,0
Pool,SER pool,,0,0
Pool,SER.c pool,,1.00000000002876e-07,0
Pool,SER.m pool,,0.417509375363233,0.0561380856644502
Pool,SER.p pool,,0.000224940241178863,5120.3403666346
Pool,SER.x pool,,1,Inf
Pool,Sink pool,,1,Inf
Pool,Starch pool,,1,Inf
Pool,THR pool,,0.181667272076631,0.131371677836867
Pool,TP pool,,0,0
Pool,TP.c pool,,3.49057666597195e-06,4769.67577685012
Pool,TP.p pool,,1.94184582252616e-06,4804.33960269414
Pool,TP.x pool,,1,Inf
Pool,UDPG pool,,0,0
Pool,UDPG.c pool,,44551.0492561212,4837.87929234053
Pool,UDPG.x pool,,1,Inf
Pool,X5P.p pool,,1.34796544031978e-06,4776.57683913772
Pool,dummy pool,,1,Inf
Pool,dummyGLY pool,,1,Inf
Pool,dummySER pool,,1,Inf
Pool,meTHF pool,,6.66588534441179e-05,4748.41602342841
Pool,meTHF.c pool,,1.45854311308697e-07,4760.50776897244
Pool,meTHF.x pool,,1,Inf
Pool,myTHF.m pool,,8.51057375894571e-07,4749.45186215421
Pool,outSER pool,,1,Inf
Norm,Experiment2 Glyc205 #1 norm,,0.91246938263153,0.0341387088916763
Norm,Experiment2 Glyc205 #2 norm,,0.977834372742553,0.0173109378130829
Norm,Experiment2 Glyc205 #3 norm,,1.00655405971841,0.0221376281180256
Norm,Experiment2 Glyc205 #4 norm,,1.02593986086719,0.0210334101876456
Norm,Experiment2 Glyc205 #5 norm,,1.00217772405104,0.0242502464381175
Norm,Experiment2 Glyc205 #6 norm,,0.984196966739731,0.0248531360430156
Norm,Experiment2 Glyc205 #7 norm,,0.965277499371422,0.031246609756299
Norm,Experiment2 Glyc205 #8 norm,,0.868175671108636,0.115536607278802
Norm,Experiment2 Glyx160 #1 norm,,1.01811908589593,0.0113817638033229
Norm,Experiment2 Glyx160 #2 norm,,1.02671672924775,0.0121618083784084
Norm,Experiment2 Glyx160 #3 norm,,0.987111024545157,0.0122356220733324
Norm,Experiment2 Glyx160 #4 norm,,0.989530026172466,0.0160953831150555
Norm,Experiment2 Glyx160 #5 norm,,0.988626784004366,0.0143723621023979
Norm,Experiment2 Glyx160 #6 norm,,0.971957051724493,0.0207011409087612
Norm,Experiment2 Glyx160 #7 norm,,1.07327784178581,0.0348343705691162
Norm,Experiment2 Glyx160 #8 norm,,0.863559673290808,0.0925442193081918
Norm,Experiment2 GLY276 #1 norm,,1.00627721234744,0.0105322610049572
Norm,Experiment2 GLY276 #2 norm,,0.981835449945318,0.0208108317641416
Norm,Experiment2 GLY276 #3 norm,,1.01523335558417,0.0199001277013976
Norm,Experiment2 GLY276 #4 norm,,0.97937883988827,0.0177507248611031
Norm,Experiment2 GLY276 #5 norm,,1.00005553118144,0.0367018640400197
Norm,Experiment2 GLY276 #6 norm,,0.993273190102743,0.0929682385824849
Norm,Experiment2 GLY276 #7 norm,,1.04515296397872,0.183725059841651
Norm,Experiment2 GLY276 #8 norm,,0.998725559585884,0.16729130098171
Norm,Experiment2 HPA262 #1 norm,,0.979545231549726,0.0192829603033376
Norm,Experiment2 HPA262 #2 norm,,0.959265018158293,0.02480515918466
Norm,Experiment2 HPA262 #3 norm,,0.969093558621107,0.0236422985906157
Norm,Experiment2 HPA262 #4 norm,,0.944104881004959,0.0289137553303705
Norm,Experiment2 HPA262 #5 norm,,0.939080164260414,0.0221745471524633
Norm,Experiment2 HPA262 #6 norm,,0.931052531807116,0.0275342170737219
Norm,Experiment2 HPA262 #7 norm,,0.999831748075668,0.0239980043042897
Norm,Experiment2 HPA262 #8 norm,,1.01309600509623,0.0395379660571891
Norm,Experiment2 GA307 #1 norm,,0.975199234271613,0.010692218567137
Norm,Experiment2 GA307 #2 norm,,0.926518152517484,0.0297474042381708
Norm,Experiment2 GA307 #3 norm,,0.872785909471557,0.0210739913166254
Norm,Experiment2 GA307 #4 norm,,0.945833018182412,0.0241842417886112
Norm,Experiment2 GA307 #5 norm,,0.883861287067512,0.0752208231730284
Norm,Experiment2 GA307 #6 norm,,0.782890322363311,0.103544734496719
Norm,Experiment2 GA307 #7 norm,,0.898324196856003,0.0828180900153048
Norm,Experiment2 GA307 #8 norm,,1.06676743116695,0.139076542640385
Norm,Experiment2 SER306 #1 norm,,0.987969309624833,0.0125375458860541
Norm,Experiment2 SER306 #2 norm,,0.963245541538423,0.0355743298536222
Norm,Experiment2 SER306 #3 norm,,1.00270807710066,0.0209039477574537
Norm,Experiment2 SER306 #4 norm,,1.01387412374805,0.0254777651447634
Norm,Experiment2 SER306 #5 norm,,0.968128127730316,0.0525031777255248
Norm,Experiment2 SER306 #6 norm,,1.02463802490497,0.121797932198749
Norm,Experiment2 SER306 #7 norm,,0.941498007019876,0.0943974030499127
Norm,Experiment2 SER306 #8 norm,,1.04435097777844,0.215856556505006
Norm,Experiment2 meTHF #1 norm,,1.00390702856733,0.010052297322544
Norm,Experiment2 meTHF #2 norm,,0.975181729512128,0.014488134530497
Norm,Experiment2 meTHF #3 norm,,0.943836960748857,0.0269280236645911
Norm,Experiment2 meTHF #4 norm,,1.04718900754605,0.0283002552786336
Norm,Experiment2 meTHF #5 norm,,0.957115363567739,0.0813252111721171
Norm,Experiment2 meTHF #6 norm,,1.01845002521264,0.151738424365176
Norm,Experiment2 meTHF #7 norm,,1.02668721972651,0.201635217558639
Norm,Experiment2 meTHF #8 norm,,0.998989096419927,0.0723284263807308
Norm,Experiment2 FmTHF #1 norm,,0.995437104125053,0.00981227113534892
Norm,Experiment2 FmTHF #2 norm,,0.998249721411045,0.0117232002361583
Norm,Experiment2 FmTHF #3 norm,,1.00966812651621,0.0103704291961087
Norm,Experiment2 FmTHF #4 norm,,1.01524645728897,0.0220733848990047
Norm,Experiment2 FmTHF #5 norm,,0.951517775557895,0.0410801463669976
Norm,Experiment2 FmTHF #6 norm,,1.01960846272869,0.0661383058666423
Norm,Experiment2 FmTHF #7 norm,,1.01473797973569,0.109303921270965
Norm,Experiment2 FmTHF #8 norm,,1.00443073868853,0.0687996726026959
Norm,Experiment2 Met176 #1 norm,,0.987764088081198,0.024310125117047
Norm,Experiment2 Met176 #2 norm,,0.949705792169343,0.0375400862237921
Norm,Experiment2 Met176 #3 norm,,0.891524213139734,0.0304176318771768
Norm,Experiment2 Met176 #4 norm,,0.938354104920795,0.0954920208272448
Norm,Experiment2 Met176 #5 norm,,0.898719925933045,0.0640037591123395
Norm,Experiment2 Met176 #6 norm,,1.01922686928187,0.0348305679867903
Norm,Experiment2 Met176 #7 norm,,1.00188975900128,0.0651671479302525
Norm,Experiment2 Met176 #8 norm,,0.991300056700191,0.202320680236058
Norm,Experiment2 SAM #1 norm,,0.983177817833061,0.0146255927306215
Norm,Experiment2 SAM #2 norm,,0.979643701213489,0.0218746383952503
Norm,Experiment2 SAM #3 norm,,0.953697521002847,0.0340471488322614
Norm,Experiment2 SAM #4 norm,,0.991984249872795,0.0423541004940088
Norm,Experiment2 SAM #5 norm,,1.00598569867422,0.0246965808960861
Norm,Experiment2 SAM #6 norm,,0.974434483999099,0.055420142096018
Norm,Experiment2 SAM #7 norm,,1.01347213016455,0.0710822490353293
Norm,Experiment2 SAM #8 norm,,0.999293280675769,0.0659045439236439
Norm,Experiment2 CIT465 #1 norm,,0.9584928471114,0.0120996848966525
Norm,Experiment2 CIT465 #2 norm,,1.01135675310896,0.0106845207854569
Norm,Experiment2 CIT465 #3 norm,,0.95619524885513,0.0124774326110196
Norm,Experiment2 CIT465 #4 norm,,1.01914106646133,0.0133238729676442
Norm,Experiment2 CIT465 #5 norm,,0.982873115901701,0.0156509521994883
Norm,Experiment2 CIT465 #6 norm,,0.962858995112286,0.0113148865025524
Norm,Experiment2 CIT465 #7 norm,,0.998636213996339,0.0151278844710063
Norm,Experiment2 CIT465 #8 norm,,1.04457999287083,0.0216241652164444
Norm,Experiment2 MAL335 #1 norm,,0.959030539381839,0.0115572925062721
Norm,Experiment2 MAL335 #2 norm,,1.01988748854051,0.0143523184967251
Norm,Experiment2 MAL335 #3 norm,,0.966736279795095,0.0125844819725177
Norm,Experiment2 MAL335 #4 norm,,0.974745434128887,0.0114977572282105
Norm,Experiment2 MAL335 #5 norm,,1.01301944665391,0.0149386169920182
Norm,Experiment2 MAL335 #6 norm,,0.949798592061179,0.01456740983332
Norm,Experiment2 MAL335 #7 norm,,0.976857601005065,0.0197459931125101
Norm,Experiment2 MAL335 #8 norm,,1.00122952536355,0.0420984252325381
Norm,Experiment2 ASP334 #1 norm,,0.991831922581857,0.0157780952530066
Norm,Experiment2 ASP334 #2 norm,,0.942988179653203,0.0227868598149762
Norm,Experiment2 ASP334 #3 norm,,0.909223260023816,0.016404211095023
Norm,Experiment2 ASP334 #4 norm,,0.983815579429506,0.0220794404499651
Norm,Experiment2 ASP334 #5 norm,,1.01553765136271,0.0248473184143599
Norm,Experiment2 ASP334 #6 norm,,1.00822008900345,0.0622539385071837
Norm,Experiment2 ASP334 #7 norm,,0.946600085874117,0.0582066098568264
Norm,Experiment2 ASP334 #8 norm,,0.950800473013833,0.0354694432313933
Norm,Experiment2 GLU348 #1 norm,,0.989006077526644,0.0116540398049382
Norm,Experiment2 GLU348 #2 norm,,0.980520766052198,0.0122886914847203
Norm,Experiment2 GLU348 #3 norm,,0.955545816041552,0.0115683247931719
Norm,Experiment2 GLU348 #4 norm,,0.998934707168159,0.0160372427311928
Norm,Experiment2 GLU348 #5 norm,,0.985266895855398,0.0298097882943984
Norm,Experiment2 GLU348 #6 norm,,0.955162213917885,0.0145656868280904
Norm,Experiment2 GLU348 #7 norm,,0.929646343144089,0.022219485844038
Norm,Experiment2 GLU348 #8 norm,,0.904290617965328,0.0524087375009798
Norm,Experiment2 THR320 #1 norm,,0.980631587788721,0.0100985542365637
Norm,Experiment2 THR320 #2 norm,,1.00285401922685,0.0118936618540056
Norm,Experiment2 THR320 #3 norm,,0.990032922346563,0.0102322185202495
Norm,Experiment2 THR320 #4 norm,,1.01666940427073,0.0114926248210015
Norm,Experiment2 THR320 #5 norm,,0.974283146170838,0.0208941035575531
Norm,Experiment2 THR320 #6 norm,,1.00285925054016,0.0111635757309732
Norm,Experiment2 THR320 #7 norm,,0.966493633893077,0.0158632628401841
Norm,Experiment2 THR320 #8 norm,,1.01736575513239,0.0456118983735864
Norm,Experiment2 ALA116 #1 norm,,0.988796041554081,0.00992972641424136
Norm,Experiment2 ALA116 #2 norm,,0.996819838750964,0.0100625693166052
Norm,Experiment2 ALA116 #3 norm,,1.00833778692242,0.0107528719812325
Norm,Experiment2 ALA116 #4 norm,,1.00939327493265,0.025358429960015
Norm,Experiment2 ALA116 #5 norm,,1.03390169979059,0.0838044836505893
Norm,Experiment2 ALA116 #6 norm,,1.00043435490629,0.0685951651909763
Norm,Experiment2 ALA116 #7 norm,,1.00470150820306,0.0726511856058132
Norm,Experiment2 ALA116 #8 norm,,0.987354197172997,0.1845259193479
Norm,Experiment2 PYR #1 norm,,0.999468659299867,0.0126509082486421
Norm,Experiment2 PYR #2 norm,,0.914309099800377,0.0458032273384442
Norm,Experiment2 PYR #3 norm,,0.82520622024164,0.0529903370737225
Norm,Experiment2 PYR #4 norm,,1.07402941242078,0.0499188693444695
Norm,Experiment2 PYR #5 norm,,0.974969617417285,0.125613177228347
Norm,Experiment2 PYR #6 norm,,0.987887540608843,0.123825228553151
Norm,Experiment2 PYR #7 norm,,1.02255819101385,0.0737367387530493
Norm,Experiment2 PYR #8 norm,,0.974363094838723,0.134781465338444
