type,id,eqn,val,std
Net flux,CO2.t,CO2.t -> CO2,65.6895002133628,1.52297058387427
Net flux,CO2_sink,dummy -> Sink,65.6895002133628,1.52297058387427
Net flux,RUBICSO_CO2,RUBP.p + CO2 -> 3PGA.p + 3PGA.p + dummy,67.5712470667866,1.53109034222451
Net flux,GAPDH.p net,3PGA.p <-> TP.p,137.57734410197,3.07112472477012
Exch flux,GAPDH.p exch,3PGA.p <-> TP.p,230003.872308025,4971.99783853305
Net flux,ALD,TP.p + E4P.p -> SBP,23.3186837975802,0.511823746677569
Net flux,SBP,SBP -> S7P.p,23.3186837975802,0.511823746677569
Net flux,FBA.p net,TP.p + TP.p <-> FBP.p,31.5357548205047,0.804786676119562
Exch flux,FBA.p exch,TP.p + TP.p <-> FBP.p,1.00003163083784e-07,1.29643197840664e-12
Net flux,PFK.p net,FBP.p <-> F6P.p,31.5357548205066,0.804786676119562
Exch flux,PFK.p exch,FBP.p <-> F6P.p,28371.2312249657,5251.83143792455
Net flux,TK1 net,TP.p + EC2 <-> X5P.p,46.6373675951605,1.02364749335514
Exch flux,TK1 exch,TP.p + EC2 <-> X5P.p,1.0000000116861e-07,0
Net flux,TK2 net,S7P.p <-> R5P.p + EC2,23.3186837975802,0.511823746677569
Exch flux,TK2 exch,S7P.p <-> R5P.p + EC2,40.3790764440368,2963.10054185359
Net flux,TK3 net,F6P.p <-> E4P.p + EC2,23.3186837975809,0.511823746677569
Exch flux,TK3 exch,F6P.p <-> E4P.p + EC2,32637.2499490794,5259.12890433673
Net flux,PPE net,X5P.p <-> RU5P.p,46.6373675951604,1.02364749335514
Exch flux,PPE exch,X5P.p <-> RU5P.p,82.3207099762447,5512.32649254907
Net flux,PPI net,R5P.p <-> RU5P.p,23.3186837975803,0.511823746677569
Exch flux,PPI exch,R5P.p <-> RU5P.p,252.89257816776,5278.76147654581
Net flux,PRK,RU5P.p -> RUBP.p,69.9560513927408,1.53547123980002
Net flux,RUBISCO_O2,RUBP.p -> 3PGA.p + 2PG.p,2.38480432595422,0.0847468031614132
Net flux,GLYdil net,GLY.p <-> GLY.x + dummyGLY,0.0115905723662664,0.001600323181026
Exch flux,GLYdil exch,GLY.p <-> GLY.x + dummyGLY,1.0000000116861e-07,0
Net flux,SERdil net,SER.p <-> SER.x + dummySER,0.0396323571841037,0.177778463293407
Exch flux,SERdil exch,SER.p <-> SER.x + dummySER,1.00016791293456e-07,1.93129004019985e-12
Net flux,GK,GA.p -> 3PGA.p,0.535098015332767,0.500276888603678
Net flux,PGI.p net,F6P.p <-> G6P.p,8.21707102292451,0.457938627692713
Exch flux,PGI.p exch,F6P.p <-> G6P.p,1.00009618364538e-07,9.29511555479356e-13
Net flux,PGM.p,G6P.p -> ADPG.p,8.21707102292451,0.457938627692713
Net flux,Starch,ADPG.p -> Starch,8.21707102292449,0.457938627692713
Net flux,FBA.c net,TP.c + TP.c <-> FBP.c,2.27489153411024,0.314096796837402
Exch flux,FBA.c exch,TP.c + TP.c <-> FBP.c,26.1499362955222,5924.30817636985
Net flux,PFK.c net,FBP.c <-> F6P.c,2.27489153411026,0.314096796837402
Exch flux,PFK.c exch,FBP.c <-> F6P.c,22.0118452812074,5504.87801257654
Net flux,PGI.c net,F6P.c <-> G6P.c,1.13744576705517,0.157048398418701
Exch flux,PGI.c exch,F6P.c <-> G6P.c,223.004163755372,5474.81236848331
Net flux,PGM.c net,G6P.c <-> UDPG.c,1.13744576705358,0.157048398418701
Exch flux,PGM.c exch,G6P.c <-> UDPG.c,48480.5731909006,5343.71839596152
Net flux,SPS,F6P.c + UDPG.c -> S6P,1.13744576705509,0.157048398418701
Net flux,PGAM.c net,3PGA.c <-> PEP.c,0.485052372904034,0.0669717189288228
Exch flux,PGAM.c exch,3PGA.c <-> PEP.c,5.40029527505984,5414.53211595228
Net flux,PK.c,PEP.c -> PYR.c,0.220175377127941,0.0303998585048971
Net flux,PDH,PYR.c + dummy -> ACA + CO2,0.183242513073245,0.0253004969890297
Net flux,CS,OAA + ACA -> CIT,0.183242513073241,0.0253004969890297
Net flux,ACO net,CIT <-> ICI,0.1832425130724,0.0253004969890297
Exch flux,ACO exch,CIT <-> ICI,6472.26817176075,5805.4854418989
Net flux,IDH,ICI + dummy -> AKG + CO2,0.183242513073258,0.0253004969890297
Net flux,MDH net,MAL <-> OAA,7.105427357601e-15,0
Exch flux,MDH exch,MAL <-> OAA,0.215442609894104,0.0479838473329185
Net flux,PPC,PEP.c + CO2 -> OAA + dummy,0.264876995774252,0.0365718605781529
Net flux,T_3PGA net,3PGA.p <-> 3PGA.c,0.485052372904018,0.0669717189288228
Exch flux,T_3PGA exch,3PGA.p <-> 3PGA.c,2.40576705784492,3.27079764916714
Net flux,T_DHAP net,TP.p <-> TP.c,4.54978306822053,0.628193593674805
Exch flux,T_DHAP exch,TP.p <-> TP.c,1.25494454782077,0.471386012452346
Net flux,ALT,PYR.c -> ALA.c,0.0369328640562553,0.00509936149645117
Net flux,ASPT,OAA -> ASP,0.0816344827019018,0.0112713635623311
Net flux,GLUDH,AKG -> GLU,0.183242513073234,0.0253004969890297
Net flux,PCR net,GLU <-> PRO,-2.48689957516035e-14,0
Exch flux,PCR exch,GLU <-> PRO,1.0000000116861e-07,3.81924113632892e-14
Net flux,GS net,GLU <-> GLN,0,0
Exch flux,GS exch,GLU <-> GLN,1.0004189476831e-07,1.73842510399144e-13
Net flux,TS net,ASP <-> THR,0,0
Exch flux,TS exch,ASP <-> THR,1.0000000116861e-07,0
Net flux,AS net,ASP <-> ASN,1.06581410364015e-14,0
Exch flux,AS exch,ASP <-> ASN,1.0000000116861e-07,0
Net flux,G_3PGA.p,0*3PGA.p -> 3PGA,2.46866311925942e-06,6694.95209583616
Net flux,G_3PGA.c,0*3PGA.c -> 3PGA,92.9119081393219,5874.05902644362
Net flux,G_DHAP.p,0*TP.p -> TP,40.6853798422419,6352.35753428859
Net flux,G_DHAP.c,0*TP.c -> TP,51.8471856996948,5430.82649408951
Net flux,G_F6P.p,0*F6P.p -> F6P,48.6686345030749,8408.6364297143
Net flux,G_F6P.c,0*F6P.c -> F6P,36.546576817712,5673.20725377967
Net flux,G_FBP.p,0*FBP.p -> FBP,2.46866144948399e-06,8026.39334578998
Net flux,G_FBP.c,0*FBP.c -> FBP,83.4512310475466,5089.50921784816
Net flux,G_G6P.p,0*G6P.p -> G6P,19.0549768397257,8309.73230452289
Net flux,G_G6P.c,0*G6P.c -> G6P,58.8549499993083,5525.55562003054
Net flux,G_RU5P.p,0*RU5P.p -> P5P,2.46865385022943e-06,8135.46236510209
Net flux,G_X5P.p,0*X5P.p -> P5P,92.8477691485996,5259.83477223499
Net flux,G_R5P.p,0*R5P.p -> R5P,82.2810779884949,5710.32234188745
Net flux,G_GA.p,0*GA.p -> GA,27.7185547969468,4.40659161703329
Net flux,G_SER.p,0*SER.p -> SER,93.5839465676442,7182.31137148962
Net flux,G_GLY.p,0*GLY.p -> GLY,0.278044460986166,5122.21914774496
Net flux,G_RUBP.p,0*RUBP.p -> RUBP,92.5302752673063,5617.58995432465
Net flux,G_S7P.p,0*S7P.p -> S7P,98.4567310636212,6206.43908072739
Net flux,G_2PG.p,0*2PG.p -> 2PG,87.0427532706349,6206.43908072739
Net flux,G_ADPG.p,0*ADPG.p -> ADPG,95.0805622183481,6206.43908072739
Net flux,G_PEP.c,0*PEP.c -> PEP,89.2305410445615,6206.43908072739
Net flux,G_UDPG.c,0*UDPG.c -> UDPG,72.4268033045549,6206.43908072739
Net flux,G_ALA.c,0*ALA.c -> ALA,68.7231159527471,6.51806284237236
Net flux,(1-G)_GA,0*GA.x -> GA,72.2814452030551,4.40659161703329
Net flux,(1-G)_SER,0*SER.x -> SER,6.41599406574478,5.49206023459681
Net flux,(1-G)_GLY,0*GLY.x -> GLY,42.7101079813768,7.15907046721257
Net flux,(1-G)_R5P,0*R5P.x -> R5P,17.718922011502,5710.32234188745
Net flux,(1-G)_RUBP,0*RUBP.x -> RUBP,7.46972473269241,5617.58995432465
Net flux,(1-G)_3PGA,0*3PGA.x -> 3PGA,7.08808939201529,3449.70015363138
Net flux,(1-G)_TP,0*TP.x -> TP,7.46743445806384,2983.1463666617
Net flux,(1-G)_F6P,0*F6P.x -> F6P,14.7847886792169,6206.43908072739
Net flux,(1-G)_FBP,0*FBP.x -> FBP,16.5487664837868,6206.43908072739
Net flux,(1-G)_G6P,0*G6P.x -> G6P,22.0900731609643,6206.43908072739
Net flux,(1-G)_RU5P,0*RU5P.x -> P5P,7.15222838274796,6206.43908072739
Net flux,(1-G)_S7P,0*S7P.x -> S7P,1.5432689363768,6206.43908072739
Net flux,(1-G)_2PG,0*2PG.x -> 2PG,12.9572467293675,6206.43908072739
Net flux,(1-G)_ADPG,0*ADPG.x -> ADPG,4.91943778165087,6206.43908072739
Net flux,(1-G)_PEP,0*PEP.x -> PEP,10.7694589554367,6206.43908072739
Net flux,(1-G)_UDPG,0*UDPG.x -> UDPG,27.5731966954463,6206.43908072739
Net flux,(1-G)_ALA,0*ALA.x -> ALA,31.2768840472527,6.51806284237236
Net flux,PGASink,3PGA -> Sink,100,0
Net flux,DHAPSink,TP -> Sink,100.000000000001,0
Net flux,F6PSink,F6P -> Sink,100.000000000004,0
Net flux,FBPSink,FBP -> Sink,99.9999999999948,0
Net flux,G6PSink,G6P -> Sink,99.9999999999983,0
Net flux,P5PSink,P5P -> Sink,100.000000000001,0
Net flux,R5PSink,R5P -> Sink,99.9999999999968,0
Net flux,GASink,GA -> Sink,100.000000000002,0
Net flux,SERSink,SER -> Sink,99.9999999999996,0
Net flux,GLYSink,GLY -> Sink,100.000000000001,0
Net flux,RUBPSink,RUBP -> Sink,99.9999999999987,0
Net flux,S7PSink,S7P -> Sink,99.9999999999979,0
Net flux,2PGSink,2PG -> Sink,100.000000000002,0
Net flux,ADPGSink,ADPG -> Sink,99.9999999999989,0
Net flux,PEPSink,PEP -> Sink,99.9999999999983,0
Net flux,UDPGSink,UDPG -> Sink,100.000000000001,0
Net flux,ALASink,ALA -> Sink,99.9999999999998,0
Net flux,S6Pout-LL,S6P + 0.1611*GLU + 0.07177*ASP + 0.03247*ALA.c + 0.01019*dummyGLY + 0.03484*dummySER -> Sink,1.13744576705512,0.157048398418701
Net flux,PGP.p,2PG.p -> Glyc.p,2.38480432595424,0.0847468031614132
Net flux,GOX,Glyc.p -> Glyx.p,2.38480432595426,0.0847468031614132
Net flux,GGT,Glyx.p -> GLY.p,2.38480432595425,0.0847468031614132
Net flux,SGAT,SER.p -> HPA.p,0.535098015332756,0.500276888603678
Net flux,HPR.p,HPA.p -> GA.p,0.535098015332751,0.500276888603678
Net flux,T_GLY-m net,GLY.p <-> GLY.m,2.37342244005413,5671.72369765238
Exch flux,T_GLY-m exch,GLY.p <-> GLY.m,52157.5998045879,4389.83905723459
Net flux,GDC.m,GLY.m + dummy -> myTHF.m + CO2,1.78013882305333,0.13032967089842
Net flux,T_SER-m net,SER.p <-> SER.m,-1.78013882305277,0.13032967089842
Exch flux,T_SER-m exch,SER.p <-> SER.m,11355.5403013481,6182.26447740021
Net flux,mSHMT,GLY.m + myTHF.m -> SER.m,1.78013882305333,0.13032967089842
Net flux,T_SER-c net,SER.p <-> SER.c,1.20540845053647,0.571775560227955
Exch flux,T_SER-c exch,SER.p <-> SER.c,8.84961236804708,5.68731796167964
Net flux,T_Gly-c net,GLY.p <-> GLY.c,-0.000208686461956376,5671.72369701905
Exch flux,T_Gly-c exch,GLY.p <-> GLY.c,9.99999998363421e-08,0
Net flux,cSHMT,SER.c -> GLY.c + meTHF.c,1.20540831007374,0.571775559947189
Net flux,FmTHF-reductase net,meTHF.c <-> FmTHF.c,1.20540831007374,0.571775559947189
Exch flux,FmTHF-reductase exch,meTHF.c <-> FmTHF.c,1.00000098535169e-07,7.39843277170797e-13
Net flux,Met-synthase,FmTHF.c + Hcy.c -> Met.c,1.20540831007372,0.571775559947189
Net flux,SAM-synthase,Met.c -> SAM.c,1.20540831007373,0.571775559947189
Net flux,Methylation,SAM.c -> SAH.c + Acceptor.c,1.20540831007372,0.571775559947189
Net flux,hydrolysis,SAH.c -> Hcy.c,1.20540831007371,0.571775559947189
Net flux,G_SER.m,0*SER.m -> SER,2.40888720561827e-05,5616.14647575086
Net flux,G_SER.c,0*SER.c -> SER,3.52777385188574e-05,5186.52236786052
Net flux,G_Gly.m,0*GLY.m -> GLY,0.000147616879008439,5122.21882539022
Net flux,G_Gly.c,0*GLY.c -> GLY,57.0116999407593,8.26196787591336
Net flux,T_GLY-c-m,GLY.c -> GLY.m,1.18685520605674,5671.72370193999
Net flux,G_Glyc,0*Glyc.p -> Glyc,13.6751220670594,4.13646023253281
Net flux,G_Glyx,0*Glyx.p -> Glyx,29.124533443493,48.3169974104473
Net flux,G_HPA,0*HPA.p -> HPA,7.47185359367157,1.99394418804963
Net flux,(1-G)_Glyc,0*Glyc.x -> Glyc,86.3248779329412,4.13646023253281
Net flux,(1-G)_Glyx,0*Glyx.x -> Glyx,70.8754665565078,48.3169974104473
Net flux,(1-G)_HPA,0*HPA.x -> HPA,92.5281464063283,1.99394418804963
Net flux,GlycSink,Glyc -> Sink,100.000000000001,0
Net flux,GlyxSink,Glyx -> Sink,100.000000000001,0
Net flux,HPASink,HPA -> Sink,99.9999999999998,0
Net flux,SERex,dummySER -> outSER,1.00009643677623e-07,0.1778062534339
Net flux,G_PYR,0*PYR.c -> PYR,43.8573171098623,3.11732126967061
Net flux,(1-G)_PYR,0*PYR.x -> PYR,56.142682890138,3.11732126967061
Net flux,PYRSink,PYR -> Sink,100,0
Net flux,G_meTHF,0*meTHF.c -> meTHF,99.9999998999999,6.67409086153253e-15
Net flux,G_FmTHF,0*FmTHF.c -> FmTHF,79.1611360020371,4.48237900894888
Net flux,G_Met,0*Met.c -> Met,68.9115367940301,4.90754766939317
Net flux,G_SAM,0*SAM.c -> SAM,52.7439790562832,5.08084361111378
Net flux,(1-G)_meTHF,0*meTHF.x -> meTHF,1.0000000116861e-07,6.67409086153253e-15
Net flux,(1-G)_FmTHF,0*FmTHF.x -> FmTHF,20.838863997963,4.48237900894888
Net flux,(1-G)_Met,0*Met.x -> Met,31.0884632059699,4.90754766939317
Net flux,(1-G)_SAM,0*SAM.x -> SAM,47.2560209437168,5.08084361111378
Net flux,meTHFSink,meTHF -> Sink,99.9999999999999,0
Net flux,FmTHFSink,FmTHF -> Sink,100,0
Net flux,MetSink,Met -> Sink,100,0
Net flux,SAMsink,SAM -> Sink,100,0
Net flux,Met-protein,Met.c -> Protein,6.51983996113883e-15,0
Net flux,GLY-protein,GLY.c -> Protein,0.0183444175550669,0.505426686838407
Net flux,SER-protein,SER.c -> Protein,1.40462735664926e-07,2.7721165937161e-12
Pool,2PG pool,,0,0
Pool,2PG.p pool,,1e-07,0
Pool,2PG.x pool,,1,Inf
Pool,3PGA pool,,0,0
Pool,3PGA.c pool,,0.0659050477869952,0.0647336887329304
Pool,3PGA.p pool,,1e-07,0
Pool,3PGA.x pool,,1,Inf
Pool,ACA pool,,0.00512757451517801,5504.14420823873
Pool,ADPG pool,,0,0
Pool,ADPG.p pool,,9.9999999999999e-08,Inf
Pool,ADPG.x pool,,1,Inf
Pool,AKG pool,,1e-07,0
Pool,ALA pool,,0,0
Pool,ALA.c pool,,0.00658647093480787,0.00214403949463029
Pool,ALA.x pool,,1,Inf
Pool,ASN pool,,7566.06819371493,5571.9940945547
Pool,ASP pool,,0.0351112166543306,0.00858778625415985
Pool,Acceptor.c pool,,1,Inf
Pool,CIT pool,,2.98383830033111,1.00870576538725
Pool,CO2 pool,,2.74773069077577e-07,5603.64993648139
Pool,CO2.t pool,,1,Inf
Pool,E4P.p pool,,0,0
Pool,EC2 pool,,0,0
Pool,F6P pool,,0,0
Pool,F6P.c pool,,3.82764524452379e-06,5512.96750597518
Pool,F6P.p pool,,1e-07,0
Pool,F6P.x pool,,1,Inf
Pool,FBP pool,,0,0
Pool,FBP.c pool,,2.72844494560127e-06,4972.05732581739
Pool,FBP.p pool,,1e-07,0
Pool,FBP.x pool,,1,Inf
Pool,FmTHF pool,,3.27109797239028,2.04615868999822
Pool,FmTHF.c pool,,1e-07,0
Pool,FmTHF.x pool,,1,Inf
Pool,G6P pool,,0,0
Pool,G6P.c pool,,9.87580016809496e-06,5589.29214658632
Pool,G6P.p pool,,3.87011654459091e-06,5469.59577519644
Pool,G6P.x pool,,1,Inf
Pool,GA pool,,0,0
Pool,GA.p pool,,1e-07,0
Pool,GA.x pool,,1,Inf
Pool,GLN pool,,8.83867748058893,5561.3150099844
Pool,GLU pool,,1e-07,0
Pool,GLY pool,,0,0
Pool,GLY.c pool,,1.00000000002876e-07,0
Pool,GLY.m pool,,9.99999999994061e-08,0
Pool,GLY.p pool,,1.00000000000057e-07,1.51550456537025e-15
Pool,GLY.x pool,,1,Inf
Pool,Glyc pool,,22.8821139431178,13.4962005132761
Pool,Glyc.p pool,,1e-07,0
Pool,Glyc.x pool,,1,Inf
Pool,Glyx pool,,447.096817117428,834.084308437716
Pool,Glyx.p pool,,1e-07,0
Pool,Glyx.x pool,,1,Inf
Pool,HPA pool,,0.000127775714829821,5558.31325463792
Pool,HPA.p pool,,1e-07,0
Pool,HPA.x pool,,1,Inf
Pool,Hcy.c pool,,1,Inf
Pool,ICI pool,,0.00162384785699263,5286.86746135431
Pool,MAL pool,,0.816670297670001,0.173790051080484
Pool,Met pool,,1e-07,0
Pool,Met.c pool,,1e-07,0
Pool,Met.x pool,,1,Inf
Pool,OAA pool,,0.00379191539614114,5664.9088403337
Pool,P5P pool,,0,0
Pool,PEP pool,,0,0
Pool,PEP.c pool,,9.99999999999753e-08,1.51550456537025e-15
Pool,PEP.x pool,,1,Inf
Pool,PRO pool,,5.39499631447445,5598.80526306672
Pool,PYR pool,,1e-07,0
Pool,PYR.c pool,,0.0152145303444566,0.0052316933911993
Pool,PYR.x pool,,1,Inf
Pool,Protein pool,,1,Inf
Pool,R5P pool,,0,0
Pool,R5P.p pool,,1e-07,0
Pool,R5P.x pool,,1,Inf
Pool,RU5P.p pool,,1e-07,0
Pool,RU5P.x pool,,1,Inf
Pool,RUBP pool,,0,0
Pool,RUBP.p pool,,1e-07,0
Pool,RUBP.x pool,,1,Inf
Pool,S6P pool,,1,Inf
Pool,S7P pool,,0,0
Pool,S7P.p pool,,1e-07,0
Pool,S7P.x pool,,1,Inf
Pool,SAH.c pool,,1,Inf
Pool,SAM pool,,9.99999999999999e-08,0
Pool,SAM.c pool,,1e-07,0
Pool,SAM.x pool,,1,Inf
Pool,SBP pool,,0,0
Pool,SER pool,,0,0
Pool,SER.c pool,,1.00000000002876e-07,2.40345637546408e-13
Pool,SER.m pool,,0.616046136430909,0.0516183282800376
Pool,SER.p pool,,1.930592182844e-05,5666.35137623517
Pool,SER.x pool,,1,Inf
Pool,Sink pool,,1,Inf
Pool,Starch pool,,1,Inf
Pool,THR pool,,3887.06584542849,5529.94468596056
Pool,TP pool,,0,0
Pool,TP.c pool,,3.14531885161791e-06,5570.52768750971
Pool,TP.p pool,,1e-07,0
Pool,TP.x pool,,1,Inf
Pool,UDPG pool,,0,0
Pool,UDPG.c pool,,274861.501161219,5084.01022047426
Pool,UDPG.x pool,,1,Inf
Pool,X5P.p pool,,1e-07,0
Pool,dummy pool,,1,Inf
Pool,dummyGLY pool,,1,Inf
Pool,dummySER pool,,1,Inf
Pool,meTHF pool,,6.82351290474563e-07,5440.16851077235
Pool,meTHF.c pool,,1e-07,0
Pool,meTHF.x pool,,1,Inf
Pool,myTHF.m pool,,0.0320864193575103,0.0162554495618027
Pool,outSER pool,,1,Inf
Norm,Experiment2 Glyc205 #1 norm,,0.965318053120385,0.0351826803074223
Norm,Experiment2 Glyc205 #2 norm,,0.967578151579622,0.0145325893454045
Norm,Experiment2 Glyc205 #3 norm,,0.973091700855944,0.0212915606248808
Norm,Experiment2 Glyc205 #4 norm,,1.00050186385271,0.0206110178303684
Norm,Experiment2 Glyc205 #5 norm,,0.990789863125046,0.0244846283503839
Norm,Experiment2 Glyc205 #6 norm,,0.995358650940944,0.0251625143634442
Norm,Experiment2 Glyc205 #7 norm,,1.00835512693387,0.037706697065289
Norm,Experiment2 Glyc205 #8 norm,,0.899911378493323,0.116025696411008
Norm,Experiment2 Glyx160 #1 norm,,0.977545601683102,0.0109927019821982
Norm,Experiment2 Glyx160 #2 norm,,0.975946280279094,0.011452721714957
Norm,Experiment2 Glyx160 #3 norm,,1.01277141313221,0.0127519179470338
Norm,Experiment2 Glyx160 #4 norm,,0.991232458424906,0.0156793141942687
Norm,Experiment2 Glyx160 #5 norm,,1.01588743642207,0.0197484756753571
Norm,Experiment2 Glyx160 #6 norm,,0.990590020974545,0.0208285659846227
Norm,Experiment2 Glyx160 #7 norm,,0.976599272753276,0.0313310716211434
Norm,Experiment2 Glyx160 #8 norm,,1.21100698350768,0.198082951091144
Norm,Experiment2 GLY276 #1 norm,,1.00539540472356,0.010623768251225
Norm,Experiment2 GLY276 #2 norm,,0.973976521998056,0.0217461835533854
Norm,Experiment2 GLY276 #3 norm,,1.01132537025153,0.0191730651173072
Norm,Experiment2 GLY276 #4 norm,,1.01205555723075,0.0179048277247314
Norm,Experiment2 GLY276 #5 norm,,0.976621784407602,0.0374002829362448
Norm,Experiment2 GLY276 #6 norm,,0.948796143660521,0.0774171356313988
Norm,Experiment2 GLY276 #7 norm,,1.03642232251757,0.156207685979264
Norm,Experiment2 GLY276 #8 norm,,0.997800381777481,0.184090544974188
Norm,Experiment2 HPA262 #1 norm,,1.00395852612552,0.0202762901948268
Norm,Experiment2 HPA262 #2 norm,,0.944466635202925,0.0238010180843281
Norm,Experiment2 HPA262 #3 norm,,0.943065179990683,0.0229703432632169
Norm,Experiment2 HPA262 #4 norm,,1.03153626700534,0.0340691588346774
Norm,Experiment2 HPA262 #5 norm,,1.01221444251235,0.0230124044066764
Norm,Experiment2 HPA262 #6 norm,,0.971913510182637,0.027083344683376
Norm,Experiment2 HPA262 #7 norm,,0.982876366656571,0.0239752805979472
Norm,Experiment2 HPA262 #8 norm,,0.991538873229974,0.0397173332165196
Norm,Experiment2 GA307 #1 norm,,1.00577393599467,0.0111512131275011
Norm,Experiment2 GA307 #2 norm,,0.885123907491996,0.0280788004098241
Norm,Experiment2 GA307 #3 norm,,0.938403459868016,0.0215619586103476
Norm,Experiment2 GA307 #4 norm,,0.968889071721182,0.0245965914298485
Norm,Experiment2 GA307 #5 norm,,0.903245318965139,0.0775712495006656
Norm,Experiment2 GA307 #6 norm,,0.866710807760008,0.0879855328997901
Norm,Experiment2 GA307 #7 norm,,0.859546270969499,0.0686635226492743
Norm,Experiment2 GA307 #8 norm,,0.755636295222015,0.168465915631908
Norm,Experiment2 SER306 #1 norm,,1.00616939394294,0.0130329428537031
Norm,Experiment2 SER306 #2 norm,,0.987936486500552,0.0372190991927462
Norm,Experiment2 SER306 #3 norm,,0.982617846436738,0.0202742724450639
Norm,Experiment2 SER306 #4 norm,,1.01001134479283,0.0258280413966714
Norm,Experiment2 SER306 #5 norm,,1.03520461712913,0.0614327211378331
Norm,Experiment2 SER306 #6 norm,,0.999504464834496,0.0974288743987477
Norm,Experiment2 SER306 #7 norm,,1.0484128936389,0.113834851469695
Norm,Experiment2 SER306 #8 norm,,1.09959507409663,0.104772001105319
Norm,Experiment2 meTHF #1 norm,,1.01049052038679,0.00999191621132967
Norm,Experiment2 meTHF #2 norm,,0.992150698445734,0.0140355924905808
Norm,Experiment2 meTHF #3 norm,,0.954205014924754,0.0268226314615331
Norm,Experiment2 meTHF #4 norm,,1.00361438669389,0.0284271591019342
Norm,Experiment2 meTHF #5 norm,,0.943693927737853,0.0887699976169993
Norm,Experiment2 meTHF #6 norm,,1.01975456890052,0.151395887187919
Norm,Experiment2 meTHF #7 norm,,1.00739550341428,0.193483268188362
Norm,Experiment2 meTHF #8 norm,,1.04005326519031,0.0693701741946336
Norm,Experiment2 FmTHF #1 norm,,1.01655761526358,0.0101078665520478
Norm,Experiment2 FmTHF #2 norm,,1.01058553728295,0.0118391360429932
Norm,Experiment2 FmTHF #3 norm,,0.990542042098399,0.00989301707292201
Norm,Experiment2 FmTHF #4 norm,,1.01069831292225,0.0219821706828926
Norm,Experiment2 FmTHF #5 norm,,1.00437900621779,0.0394718717509741
Norm,Experiment2 FmTHF #6 norm,,0.987050104619258,0.064254289747493
Norm,Experiment2 FmTHF #7 norm,,0.996458486182405,0.102556261646595
Norm,Experiment2 FmTHF #8 norm,,0.997248164105028,0.0663248520504112
Norm,Experiment2 Met176 #1 norm,,0.966378252903716,0.0228919549366321
Norm,Experiment2 Met176 #2 norm,,0.91522572865528,0.0346773229351651
Norm,Experiment2 Met176 #3 norm,,0.891777040146682,0.0329246060144734
Norm,Experiment2 Met176 #4 norm,,0.930294190828532,0.0779382357489868
Norm,Experiment2 Met176 #5 norm,,0.956417091299954,0.0776688290970971
Norm,Experiment2 Met176 #6 norm,,0.997382657109549,0.0324381685030131
Norm,Experiment2 Met176 #7 norm,,1.00317003209264,0.0691060380633533
Norm,Experiment2 Met176 #8 norm,,0.991939718483277,0.134952817996525
Norm,Experiment2 SAM #1 norm,,1.01321416427852,0.0148998907130782
Norm,Experiment2 SAM #2 norm,,0.982093637010943,0.0220467835147246
Norm,Experiment2 SAM #3 norm,,0.94192815439876,0.0342496589625451
Norm,Experiment2 SAM #4 norm,,0.955818453301925,0.0446535953346788
Norm,Experiment2 SAM #5 norm,,1.0320143797341,0.0231328447651963
Norm,Experiment2 SAM #6 norm,,0.92767241629705,0.0545714697316128
Norm,Experiment2 SAM #7 norm,,1.00535351093218,0.074245450280886
Norm,Experiment2 SAM #8 norm,,0.999008850569706,0.075496828701995
Norm,Experiment2 CIT465 #1 norm,,0.98248515997744,0.0123714510714899
Norm,Experiment2 CIT465 #2 norm,,0.939243014906054,0.01018261122724
Norm,Experiment2 CIT465 #3 norm,,1.01320448515097,0.0135358147308621
Norm,Experiment2 CIT465 #4 norm,,0.973183451072629,0.0123431276989371
Norm,Experiment2 CIT465 #5 norm,,0.987585396879471,0.0156949633472614
Norm,Experiment2 CIT465 #6 norm,,0.989757873382093,0.0117808503289705
Norm,Experiment2 CIT465 #7 norm,,0.963366774029838,0.0148505292978512
Norm,Experiment2 CIT465 #8 norm,,1.01121277215945,0.0216064461359347
Norm,Experiment2 MAL335 #1 norm,,1.01404881564186,0.0119457106735196
Norm,Experiment2 MAL335 #2 norm,,0.983794629178417,0.0135560125902632
Norm,Experiment2 MAL335 #3 norm,,0.961043587174375,0.0125282625806338
Norm,Experiment2 MAL335 #4 norm,,0.987178174806411,0.0115380663378111
Norm,Experiment2 MAL335 #5 norm,,1.00280185778763,0.0149428397280659
Norm,Experiment2 MAL335 #6 norm,,1.01368192497512,0.0159755989947696
Norm,Experiment2 MAL335 #7 norm,,0.977625204221505,0.0204698376514657
Norm,Experiment2 MAL335 #8 norm,,0.950392713638709,0.0393072212041751
Norm,Experiment2 ASP334 #1 norm,,0.962874798230044,0.0152857888820845
Norm,Experiment2 ASP334 #2 norm,,1.017307452389,0.0245467774505736
Norm,Experiment2 ASP334 #3 norm,,1.01324391405177,0.0178889160350533
Norm,Experiment2 ASP334 #4 norm,,0.994916670029174,0.0218805686393404
Norm,Experiment2 ASP334 #5 norm,,0.964706364233701,0.024082283134692
Norm,Experiment2 ASP334 #6 norm,,0.949535976956466,0.0562007070234906
Norm,Experiment2 ASP334 #7 norm,,0.97935251799299,0.0561739864301764
Norm,Experiment2 ASP334 #8 norm,,0.967072933389534,0.035385283142291
Norm,Experiment2 GLU348 #1 norm,,1.02305179144998,0.0122074339998828
Norm,Experiment2 GLU348 #2 norm,,0.978697005187108,0.0122184833020676
Norm,Experiment2 GLU348 #3 norm,,1.03257565168121,0.0122135883894375
Norm,Experiment2 GLU348 #4 norm,,1.02549122416918,0.0156866519963538
Norm,Experiment2 GLU348 #5 norm,,0.943506714693724,0.0268469555689203
Norm,Experiment2 GLU348 #6 norm,,1.00558880409175,0.0158532140199792
Norm,Experiment2 GLU348 #7 norm,,0.9699585450469,0.0226269477330274
Norm,Experiment2 GLU348 #8 norm,,0.878183704301669,0.0535112236027836
Norm,Experiment2 THR320 #1 norm,,0.973879014727373,0.00997308914191524
Norm,Experiment2 THR320 #2 norm,,1.01858721135581,0.0120427814690686
Norm,Experiment2 THR320 #3 norm,,1.01926915805027,0.0105243902300887
Norm,Experiment2 THR320 #4 norm,,0.978589656912213,0.0110173399126793
Norm,Experiment2 THR320 #5 norm,,1.04457108063389,0.0215477622747231
Norm,Experiment2 THR320 #6 norm,,0.991195927659959,0.0108262921755339
Norm,Experiment2 THR320 #7 norm,,0.967035359202511,0.0138200347909105
Norm,Experiment2 THR320 #8 norm,,0.916156690991374,0.0364588204611303
Norm,Experiment2 ALA116 #1 norm,,1.01179496435274,0.0100015691838878
Norm,Experiment2 ALA116 #2 norm,,1.00695111571565,0.0100963922977879
Norm,Experiment2 ALA116 #3 norm,,1.01307861637807,0.0105297611626918
Norm,Experiment2 ALA116 #4 norm,,0.991411377687591,0.0256926403739092
Norm,Experiment2 ALA116 #5 norm,,1.03910746417125,0.0705227897017241
Norm,Experiment2 ALA116 #6 norm,,1.00158603675631,0.0840631386038149
Norm,Experiment2 ALA116 #7 norm,,1.00587833887001,0.0663911842271596
Norm,Experiment2 ALA116 #8 norm,,0.931409003146743,0.199107093889152
Norm,Experiment2 PYR #1 norm,,0.984331081753109,0.0127810064635554
Norm,Experiment2 PYR #2 norm,,0.947902040907348,0.0513229914699218
Norm,Experiment2 PYR #3 norm,,0.912531018115484,0.0631852586519777
Norm,Experiment2 PYR #4 norm,,1.0047707577014,0.0555036263175575
Norm,Experiment2 PYR #5 norm,,0.949128879811193,0.116259150428964
Norm,Experiment2 PYR #6 norm,,0.985734028733441,0.105470306471948
Norm,Experiment2 PYR #7 norm,,1.02684605710206,0.0822961629734103
Norm,Experiment2 PYR #8 norm,,0.988719526760827,0.138496361749859
