type,id,eqn,val,std
Net flux,CO2.t,CO2.t -> CO2,66.9696850480468,1.52382547838849
Net flux,CO2_sink,dummy -> Sink,66.9696850480468,1.52382547838849
Net flux,RUBICSO_CO2,RUBP.p + CO2 -> 3PGA.p + 3PGA.p + dummy,68.7542095329122,1.53063331275687
Net flux,GAPDH.p net,3PGA.p <-> TP.p,139.664919964038,3.04543903506764
Exch flux,GAPDH.p exch,3PGA.p <-> TP.p,1066624.49318287,2681.57186863121
Net flux,ALD,TP.p + E4P.p -> SBP,23.6867523575058,0.511626241843314
Net flux,SBP,SBP -> S7P.p,23.6867523575058,0.511626241843314
Net flux,FBA.p net,TP.p + TP.p <-> FBP.p,30.7902055971645,0.786597841031954
Exch flux,FBA.p exch,TP.p + TP.p <-> FBP.p,76473.9176586361,4032.82790501079
Net flux,PFK.p net,FBP.p <-> F6P.p,30.7902055971603,0.786597841031954
Exch flux,PFK.p exch,FBP.p <-> F6P.p,9.99673517299016e-08,4.28105074231633e-14
Net flux,TK1 net,TP.p + EC2 <-> X5P.p,47.3735047150115,1.02325248368663
Exch flux,TK1 exch,TP.p + EC2 <-> X5P.p,1.0000000116861e-07,0
Net flux,TK2 net,S7P.p <-> R5P.p + EC2,23.6867523575057,0.511626241843314
Exch flux,TK2 exch,S7P.p <-> R5P.p + EC2,38.3229257902104,6007.67527012409
Net flux,TK3 net,F6P.p <-> E4P.p + EC2,23.6867523575074,0.511626241843314
Exch flux,TK3 exch,F6P.p <-> E4P.p + EC2,9167.20282499141,3454.49401430083
Net flux,PPE net,X5P.p <-> RU5P.p,47.3735047150115,1.02325248368663
Exch flux,PPE exch,X5P.p <-> RU5P.p,79.515557544033,3783.37175907783
Net flux,PPI net,R5P.p <-> RU5P.p,23.6867523575058,0.511626241843314
Exch flux,PPI exch,R5P.p <-> RU5P.p,244.463813319667,5611.56662456991
Net flux,PRK,RU5P.p -> RUBP.p,71.0602570725174,1.53487872562958
Net flux,RUBISCO_O2,RUBP.p -> 3PGA.p + 2PG.p,2.30604753960523,0.0846687579988053
Net flux,GLYdil net,GLY.p <-> GLY.x + dummyGLY,0.017894281198231,0.00181444329831123
Exch flux,GLYdil exch,GLY.p <-> GLY.x + dummyGLY,1.0000000116861e-07,0
Net flux,SERdil net,SER.p <-> SER.x + dummySER,0.0611869624991357,0.00620422193116356
Exch flux,SERdil exch,SER.p <-> SER.x + dummySER,9.97942208869063e-08,2.06839878958032e-12
Net flux,GK,GA.p -> 3PGA.p,0.599308831976571,0.0920486019899524
Net flux,PGI.p net,F6P.p <-> G6P.p,7.10345323966133,0.427889954015299
Exch flux,PGI.p exch,F6P.p <-> G6P.p,1.00164530891789e-07,6711.73811063824
Net flux,PGM.p,G6P.p -> ADPG.p,7.10345323966133,0.427889954015299
Net flux,Starch,ADPG.p -> Starch,7.10345323966131,0.427889954015299
Net flux,FBA.c net,TP.c + TP.c <-> FBP.c,3.51212584856695,0.356122334923273
Exch flux,FBA.c exch,TP.c + TP.c <-> FBP.c,31.9557631272399,6723.13086552788
Net flux,PFK.c net,FBP.c <-> F6P.c,3.51212584856697,0.356122334923273
Exch flux,PFK.c exch,FBP.c <-> F6P.c,33.1705481531891,6711.66402520205
Net flux,PGI.c net,F6P.c <-> G6P.c,1.7560629242835,0.178061167461637
Exch flux,PGI.c exch,F6P.c <-> G6P.c,248.592840181051,6742.56512984408
Net flux,PGM.c net,G6P.c <-> UDPG.c,1.75606292427983,0.178061167461637
Exch flux,PGM.c exch,G6P.c <-> UDPG.c,48487.7851975625,6413.66022795606
Net flux,SPS,F6P.c + UDPG.c -> S6P,1.75606292428344,0.178061167461637
Net flux,PGAM.c net,3PGA.c <-> PEP.c,0.74885547344301,0.0759324040818499
Exch flux,PGAM.c exch,3PGA.c <-> PEP.c,1.81752319056278,7052.34536795018
Net flux,PK.c,PEP.c -> PYR.c,0.339921100256938,0.0344673001019152
Net flux,PDH,PYR.c + dummy -> ACA + CO2,0.28290173709816,0.0286856541131377
Net flux,CS,OAA + ACA -> CIT,0.282901737098156,0.0286856541131377
Net flux,ACO net,CIT <-> ICI,0.2829017370982,0.0286856541131377
Exch flux,ACO exch,CIT <-> ICI,2050.33226728874,6551.58614244477
Net flux,IDH,ICI + dummy -> AKG + CO2,0.282901737098173,0.0286856541131377
Net flux,MDH net,MAL <-> OAA,7.105427357601e-15,0
Exch flux,MDH exch,MAL <-> OAA,0.190870547714148,0.0702894593938396
Net flux,PPC,PEP.c + CO2 -> OAA + dummy,0.40893437318423,0.0414651041426173
Net flux,T_3PGA net,3PGA.p <-> 3PGA.c,0.74885547344299,0.0759324040818499
Exch flux,T_3PGA exch,3PGA.p <-> 3PGA.c,6.61636493996698,6674.26290736442
Net flux,T_DHAP net,TP.p <-> TP.c,7.02425169713396,0.712244669846547
Exch flux,T_DHAP exch,TP.p <-> TP.c,4.2184011357082,2.56544738431111
Net flux,ALT,PYR.c -> ALA.c,0.0570193631514694,0.00578164612101656
Net flux,ASPT,OAA -> ASP,0.12603263607605,0.0127794500140618
Net flux,GLUDH,AKG -> GLU,0.282901737098149,0.0286856541131377
Net flux,PCR net,GLU <-> PRO,-2.48689957516035e-14,0
Exch flux,PCR exch,GLU <-> PRO,1.0000000116861e-07,0
Net flux,GS net,GLU <-> GLN,0,0
Exch flux,GS exch,GLU <-> GLN,1.00042107931131e-07,0
Net flux,TS net,ASP <-> THR,0,0
Exch flux,TS exch,ASP <-> THR,1.0000000116861e-07,0
Net flux,AS net,ASP <-> ASN,1.06581410364015e-14,0
Exch flux,AS exch,ASP <-> ASN,1.0000000116861e-07,0
Net flux,G_3PGA.p,0*3PGA.p -> 3PGA,2.4686631405757e-06,10759.2345337082
Net flux,G_3PGA.c,0*3PGA.c -> 3PGA,92.9119081395492,7560.41514566523
Net flux,G_DHAP.p,0*TP.p -> TP,40.6853798422419,9039.49177406571
Net flux,G_DHAP.c,0*TP.c -> TP,51.8471856996948,6381.7733649206
Net flux,G_F6P.p,0*F6P.p -> F6P,48.6686345030749,9182.0392541613
Net flux,G_F6P.c,0*F6P.c -> F6P,36.546576817712,6551.19191074735
Net flux,G_FBP.p,0*FBP.p -> FBP,2.46866146369484e-06,9566.41611564335
Net flux,G_FBP.c,0*FBP.c -> FBP,83.451231051631,6421.30926954455
Net flux,G_G6P.p,0*G6P.p -> G6P,19.0549768397257,9152.57417504664
Net flux,G_G6P.c,0*G6P.c -> G6P,58.8549499993082,6360.55507584035
Net flux,G_RU5P.p,0*RU5P.p -> P5P,2.46865387154571e-06,9459.05564503686
Net flux,G_X5P.p,0*X5P.p -> P5P,92.8477691493978,7562.63184472045
Net flux,G_R5P.p,0*R5P.p -> R5P,82.2810779884949,6844.9230703606
Net flux,G_GA.p,0*GA.p -> GA,33.6658626358115,3.74837626034725
Net flux,G_SER.p,0*SER.p -> SER,72.6342403847212,7120.48090926446
Net flux,G_GLY.p,0*GLY.p -> GLY,2.15647352891534,6869.67596745482
Net flux,G_RUBP.p,0*RUBP.p -> RUBP,92.5302752673063,6718.69070354949
Net flux,G_S7P.p,0*S7P.p -> S7P,98.4567310636212,6544.93852626496
Net flux,G_2PG.p,0*2PG.p -> 2PG,87.0427532706349,6811.2723368889
Net flux,G_ADPG.p,0*ADPG.p -> ADPG,95.0805622183481,7177.81917543127
Net flux,G_PEP.c,0*PEP.c -> PEP,89.2305410445615,7540.90286254996
Net flux,G_UDPG.c,0*UDPG.c -> UDPG,72.4268033045549,6523.27768912239
Net flux,G_ALA.c,0*ALA.c -> ALA,67.1349736857884,6.43980177066187
Net flux,(1-G)_GA,0*GA.x -> GA,66.3341373641905,3.74837626034725
Net flux,(1-G)_SER,0*SER.x -> SER,27.365741901959,4.83835301434193
Net flux,(1-G)_GLY,0*GLY.x -> GLY,33.7587615533222,9.40642009248184
Net flux,(1-G)_R5P,0*R5P.x -> R5P,17.718922011502,6844.9230703606
Net flux,(1-G)_RUBP,0*RUBP.x -> RUBP,7.46972473269241,6718.69070354949
Net flux,(1-G)_3PGA,0*3PGA.x -> 3PGA,7.08808939178792,7470.13881078947
Net flux,(1-G)_TP,0*TP.x -> TP,7.46743445806384,7106.01492366931
Net flux,(1-G)_F6P,0*F6P.x -> F6P,14.7847886792169,6713.30585813421
Net flux,(1-G)_FBP,0*FBP.x -> FBP,16.5487664797023,6869.52087405465
Net flux,(1-G)_G6P,0*G6P.x -> G6P,22.0900731609643,6717.91663041351
Net flux,(1-G)_RU5P,0*RU5P.x -> P5P,7.1522283819497,6552.31126789715
Net flux,(1-G)_S7P,0*S7P.x -> S7P,1.5432689363768,6544.93852626496
Net flux,(1-G)_2PG,0*2PG.x -> 2PG,12.9572467293675,6811.2723368889
Net flux,(1-G)_ADPG,0*ADPG.x -> ADPG,4.91943778165087,7177.81917543127
Net flux,(1-G)_PEP,0*PEP.x -> PEP,10.7694589554367,7540.90286254996
Net flux,(1-G)_UDPG,0*UDPG.x -> UDPG,27.5731966954463,6523.27768912239
Net flux,(1-G)_ALA,0*ALA.x -> ALA,32.8650263142114,6.43980177066187
Net flux,PGASink,3PGA -> Sink,100,0
Net flux,DHAPSink,TP -> Sink,100.000000000001,0
Net flux,F6PSink,F6P -> Sink,100.000000000004,0
Net flux,FBPSink,FBP -> Sink,99.9999999999948,0
Net flux,G6PSink,G6P -> Sink,99.9999999999983,0
Net flux,P5PSink,P5P -> Sink,100.000000000001,0
Net flux,R5PSink,R5P -> Sink,99.9999999999968,0
Net flux,GASink,GA -> Sink,100.000000000002,0
Net flux,SERSink,SER -> Sink,99.9999999999996,0
Net flux,GLYSink,GLY -> Sink,100.000000000001,0
Net flux,RUBPSink,RUBP -> Sink,99.9999999999987,0
Net flux,S7PSink,S7P -> Sink,99.9999999999979,0
Net flux,2PGSink,2PG -> Sink,100.000000000002,0
Net flux,ADPGSink,ADPG -> Sink,99.9999999999989,0
Net flux,PEPSink,PEP -> Sink,99.9999999999983,0
Net flux,UDPGSink,UDPG -> Sink,100.000000000001,0
Net flux,ALASink,ALA -> Sink,99.9999999999998,0
Net flux,S6Pout-LL,S6P + 0.1611*GLU + 0.07177*ASP + 0.03247*ALA.c + 0.01019*dummyGLY + 0.03484*dummySER -> Sink,1.75606292428348,0.178061167461637
Net flux,PGP.p,2PG.p -> Glyc.p,2.30604753960525,0.0846687579988053
Net flux,GOX,Glyc.p -> Glyx.p,2.30604753960526,0.0846687579988053
Net flux,GGT,Glyx.p -> GLY.p,2.30604753960525,0.0846687579988053
Net flux,SGAT,SER.p -> HPA.p,0.59930883197656,0.0920486019899524
Net flux,HPR.p,HPA.p -> GA.p,0.599308831976555,0.0920486019899524
Net flux,T_GLY-m net,GLY.p <-> GLY.m,2.29690635824591,6562.72798097496
Exch flux,T_GLY-m exch,GLY.p <-> GLY.m,32005.6156329046,7070.39918961511
Net flux,GDC.m,GLY.m + dummy -> myTHF.m + CO2,1.62765538383629,0.102303844241998
Net flux,T_SER-m net,SER.p <-> SER.m,-1.6276553838361,0.102303844241998
Exch flux,T_SER-m exch,SER.p <-> SER.m,3595.62225528797,6747.26754633039
Net flux,mSHMT,GLY.m + myTHF.m -> SER.m,1.62765538383629,0.102303844241998
Net flux,T_SER-c net,SER.p <-> SER.c,0.967159589360595,0.174773233894137
Exch flux,T_SER-c exch,SER.p <-> SER.c,1.00000000280431e-07,4.70374464148018e-13
Net flux,T_Gly-c net,GLY.p <-> GLY.c,-0.00875309984238015,6562.72798042846
Exch flux,T_Gly-c exch,GLY.p <-> GLY.c,9.99999998363421e-08,0
Net flux,cSHMT,SER.c -> GLY.c + meTHF.c,0.967159489330264,0.17477323481523
Net flux,FmTHF-reductase net,meTHF.c <-> FmTHF.c,0.967159489330266,0.17477323481523
Exch flux,FmTHF-reductase exch,meTHF.c <-> FmTHF.c,6.28886489945981,6344.11903525307
Net flux,Met-synthase,FmTHF.c + Hcy.c -> Met.c,0.967159489330245,0.17477323481523
Net flux,SAM-synthase,Met.c -> SAM.c,0.967159489330254,0.17477323481523
Net flux,Methylation,SAM.c -> SAH.c + Acceptor.c,0.967159489330249,0.17477323481523
Net flux,hydrolysis,SAH.c -> Hcy.c,0.967159489330241,0.17477323481523
Net flux,G_SER.m,0*SER.m -> SER,1.0000000116861e-07,0
Net flux,G_SER.c,0*SER.c -> SER,1.76133192724137e-05,7120.47926545068
Net flux,G_Gly.m,0*GLY.m -> GLY,1.00296109195597e-07,6869.67578594032
Net flux,G_Gly.c,0*GLY.c -> GLY,64.0847648174676,9.52713363060813
Net flux,T_GLY-c-m,GLY.c -> GLY.m,0.958404409423204,6562.72798275565
Net flux,G_Glyc,0*Glyc.p -> Glyc,5.62226687319232,0.931787524663806
Net flux,G_Glyx,0*Glyx.p -> Glyx,10.8482763190183,6.04639622734428
Net flux,G_HPA,0*HPA.p -> HPA,7.13191488788689,1.83448232383359
Net flux,(1-G)_Glyc,0*Glyc.x -> Glyc,94.3777331268083,0.931787524663806
Net flux,(1-G)_Glyx,0*Glyx.x -> Glyx,89.1517236809826,6.04639622734428
Net flux,(1-G)_HPA,0*HPA.x -> HPA,92.868085112113,1.83448232383359
Net flux,GlycSink,Glyc -> Sink,100.000000000001,0
Net flux,GlyxSink,Glyx -> Sink,100.000000000001,0
Net flux,HPASink,HPA -> Sink,99.9999999999998,0
Net flux,SERex,dummySER -> outSER,1.00335381336691e-07,3.26966840239988e-12
Net flux,G_PYR,0*PYR.c -> PYR,38.1336864135664,3.0253779647341
Net flux,(1-G)_PYR,0*PYR.x -> PYR,61.8663135864339,3.0253779647341
Net flux,PYRSink,PYR -> Sink,100,0
Net flux,G_meTHF,0*meTHF.c -> meTHF,99.9999998999999,0
Net flux,G_FmTHF,0*FmTHF.c -> FmTHF,86.3449280912015,5.55563892609785
Net flux,G_Met,0*Met.c -> Met,64.7924294009482,4.97093871167173
Net flux,G_SAM,0*SAM.c -> SAM,58.8361332772154,5.75541777247845
Net flux,(1-G)_meTHF,0*meTHF.x -> meTHF,1.0000000116861e-07,0
Net flux,(1-G)_FmTHF,0*FmTHF.x -> FmTHF,13.6550719087986,5.55563892609785
Net flux,(1-G)_Met,0*Met.x -> Met,35.2075705990519,4.97093871167173
Net flux,(1-G)_SAM,0*SAM.x -> SAM,41.1638667227846,5.75541777247845
Net flux,meTHFSink,meTHF -> Sink,99.9999999999999,0
Net flux,FmTHFSink,FmTHF -> Sink,100,0
Net flux,MetSink,Met -> Sink,100,0
Net flux,SAMsink,SAM -> Sink,100,0
Net flux,Met-protein,Met.c -> Protein,6.51983996113883e-15,0
Net flux,GLY-protein,GLY.c -> Protein,1.98006470775169e-06,7.13180132896826e-13
Net flux,SER-protein,SER.c -> Protein,1.00030331573464e-07,4.68623045689972e-13
Pool,2PG pool,,0,0
Pool,2PG.p pool,,1.40215766487485e-07,6665.42159122037
Pool,2PG.x pool,,1,Inf
Pool,3PGA pool,,0,0
Pool,3PGA.c pool,,4.01053499522148e-07,7129.12806387949
Pool,3PGA.p pool,,3.50767779586104e-07,7043.68018227301
Pool,3PGA.x pool,,1,Inf
Pool,ACA pool,,7.77276564345944e-07,6647.86464209943
Pool,ADPG pool,,0,0
Pool,ADPG.p pool,,9.9999999999999e-08,Inf
Pool,ADPG.x pool,,1,Inf
Pool,AKG pool,,5.96044096285205e-07,6679.8339834153
Pool,ALA pool,,0,0
Pool,ALA.c pool,,0.00948678398992954,0.00307689474405863
Pool,ALA.x pool,,1,Inf
Pool,ASN pool,,7566.06819373749,6534.60222667873
Pool,ASP pool,,1e-07,0
Pool,Acceptor.c pool,,1,Inf
Pool,CIT pool,,12.391694131337,12.5012342415365
Pool,CO2 pool,,1.36941669482154e-06,6592.66948558794
Pool,CO2.t pool,,1,Inf
Pool,E4P.p pool,,0,0
Pool,EC2 pool,,0,0
Pool,F6P pool,,0,0
Pool,F6P.c pool,,3.80932149245042e-06,7075.99240057944
Pool,F6P.p pool,,1.82550150930079e-07,6608.14818268438
Pool,F6P.x pool,,1,Inf
Pool,FBP pool,,0,0
Pool,FBP.c pool,,2.8675049772062e-06,6552.83568460329
Pool,FBP.p pool,,2.00723338581942e-07,6645.34082527581
Pool,FBP.x pool,,1,Inf
Pool,FmTHF pool,,6.97802654350253,2.66303510530209
Pool,FmTHF.c pool,,1e-07,0
Pool,FmTHF.x pool,,1,Inf
Pool,G6P pool,,0,0
Pool,G6P.c pool,,9.87466737728498e-06,6964.73970973509
Pool,G6P.p pool,,3.43389747902434e-06,7071.97066315327
Pool,G6P.x pool,,1,Inf
Pool,GA pool,,0,0
Pool,GA.p pool,,1e-07,0
Pool,GA.x pool,,1,Inf
Pool,GLN pool,,8.8386775478498,6594.93961914166
Pool,GLU pool,,5.96044500880275e-07,6629.02199832233
Pool,GLY pool,,0,0
Pool,GLY.c pool,,0.0824231487385711,0.0443663476866683
Pool,GLY.m pool,,1.0001126532591e-07,6732.73438345128
Pool,GLY.p pool,,1.00000000000002e-07,0
Pool,GLY.x pool,,1,Inf
Pool,Glyc pool,,0.705299174267687,20.3545485977869
Pool,Glyc.p pool,,1.41497908532398e-07,6928.69614916612
Pool,Glyc.x pool,,1,Inf
Pool,Glyx pool,,34.9356239572755,30.689423310261
Pool,Glyx.p pool,,1.2807042098939e-07,6793.17788307134
Pool,Glyx.x pool,,1,Inf
Pool,HPA pool,,0.000124885071131417,6701.12936494512
Pool,HPA.p pool,,1e-07,0
Pool,HPA.x pool,,1,Inf
Pool,Hcy.c pool,,1,Inf
Pool,ICI pool,,0.00207183973584986,6972.65751248782
Pool,MAL pool,,0.861802685970176,0.459731240513403
Pool,Met pool,,9.9999999999999e-08,0
Pool,Met.c pool,,1e-07,0
Pool,Met.x pool,,1,Inf
Pool,OAA pool,,0.350921824990675,0.0518894863938974
Pool,P5P pool,,0,0
Pool,PEP pool,,0,0
Pool,PEP.c pool,,9.99999999999999e-08,0
Pool,PEP.x pool,,1,Inf
Pool,PRO pool,,5.39499638167903,7046.10125970711
Pool,PYR pool,,1.00000000058387e-07,0
Pool,PYR.c pool,,0.0289015362706747,0.00735339534951185
Pool,PYR.x pool,,1,Inf
Pool,Protein pool,,1,Inf
Pool,R5P pool,,0,0
Pool,R5P.p pool,,1.9922103362762e-07,6498.51161016739
Pool,R5P.x pool,,1,Inf
Pool,RU5P.p pool,,1.97946334377142e-07,6614.14393541631
Pool,RU5P.x pool,,1,Inf
Pool,RUBP pool,,0,0
Pool,RUBP.p pool,,1.98826582844753e-07,6867.94226286711
Pool,RUBP.x pool,,1,Inf
Pool,S6P pool,,1,Inf
Pool,S7P pool,,0,0
Pool,S7P.p pool,,1.37783456772906e-07,6834.99717010515
Pool,S7P.x pool,,1,Inf
Pool,SAH.c pool,,1,Inf
Pool,SAM pool,,12.610242923307,5.61348315403511
Pool,SAM.c pool,,4.27542191568834e-07,6801.88575367555
Pool,SAM.x pool,,1,Inf
Pool,SBP pool,,0,0
Pool,SER pool,,0,0
Pool,SER.c pool,,1e-07,0
Pool,SER.m pool,,0.497248143405774,0.0520979879869824
Pool,SER.p pool,,0.000109388785892195,7182.5025814925
Pool,SER.x pool,,1,Inf
Pool,Sink pool,,1,Inf
Pool,Starch pool,,1,Inf
Pool,THR pool,,3889.4895337142,6883.92544344237
Pool,TP pool,,0,0
Pool,TP.c pool,,2.65351760525323e-06,6940.07602246364
Pool,TP.p pool,,3.68478284726965e-07,6853.12773058489
Pool,TP.x pool,,1,Inf
Pool,UDPG pool,,0,0
Pool,UDPG.c pool,,0.731372304628756,0.461593805275767
Pool,UDPG.x pool,,1,Inf
Pool,X5P.p pool,,1.99131533138101e-07,6301.12726271027
Pool,dummy pool,,1,Inf
Pool,dummyGLY pool,,1,Inf
Pool,dummySER pool,,1,Inf
Pool,meTHF pool,,3.12339859884554,1.72302270021541
Pool,meTHF.c pool,,1e-07,0
Pool,meTHF.x pool,,1,Inf
Pool,myTHF.m pool,,1.27276045839718e-07,6643.6520359259
Pool,outSER pool,,1,Inf
Norm,Experiment2 Glyc205 #1 norm,,0.965817636467569,0.0362033515914227
Norm,Experiment2 Glyc205 #2 norm,,0.969357991306708,0.315957047218743
Norm,Experiment2 Glyc205 #3 norm,,0.978999466982807,0.0219326634478163
Norm,Experiment2 Glyc205 #4 norm,,1.0218667755962,0.0212099953565948
Norm,Experiment2 Glyc205 #5 norm,,0.993991204603737,0.0227927914878804
Norm,Experiment2 Glyc205 #6 norm,,0.96350931225848,0.0235514122533986
Norm,Experiment2 Glyc205 #7 norm,,0.966205467643364,0.0312923496476407
Norm,Experiment2 Glyc205 #8 norm,,0.928049978208003,0.0868654795101628
Norm,Experiment2 Glyx160 #1 norm,,1.00194725884497,0.0113602705977
Norm,Experiment2 Glyx160 #2 norm,,0.995985330304065,0.0119249340795276
Norm,Experiment2 Glyx160 #3 norm,,0.994851611047412,0.0135931894197413
Norm,Experiment2 Glyx160 #4 norm,,1.01946280741907,0.0174438604139776
Norm,Experiment2 Glyx160 #5 norm,,0.987613433180912,0.0158595451043182
Norm,Experiment2 Glyx160 #6 norm,,0.98318831968201,0.0218131832259939
Norm,Experiment2 Glyx160 #7 norm,,1.00172473797274,0.0313895433111375
Norm,Experiment2 Glyx160 #8 norm,,1.03077854299516,0.133040735549493
Norm,Experiment2 GLY276 #1 norm,,0.991465923092894,0.0105201297259577
Norm,Experiment2 GLY276 #2 norm,,0.939328373375889,0.0218124980840937
Norm,Experiment2 GLY276 #3 norm,,1.00283578979661,0.0197306234728885
Norm,Experiment2 GLY276 #4 norm,,0.995211192654004,0.0179029688711073
Norm,Experiment2 GLY276 #5 norm,,0.982128828377434,0.0378213631850747
Norm,Experiment2 GLY276 #6 norm,,1.01975220006276,0.0805688025562565
Norm,Experiment2 GLY276 #7 norm,,1.02191481691708,0.164302523268106
Norm,Experiment2 GLY276 #8 norm,,1.03099693145608,0.17018028565186
Norm,Experiment2 HPA262 #1 norm,,0.983797541602217,0.0194040913468382
Norm,Experiment2 HPA262 #2 norm,,1.01319478264946,0.0252365856604476
Norm,Experiment2 HPA262 #3 norm,,0.995987017858061,0.0250688802387802
Norm,Experiment2 HPA262 #4 norm,,0.966903448284314,0.029989107657446
Norm,Experiment2 HPA262 #5 norm,,0.967479251795951,0.0223841790485445
Norm,Experiment2 HPA262 #6 norm,,0.986788467596397,0.0288755292587031
Norm,Experiment2 HPA262 #7 norm,,1.00036409225211,0.024169941393741
Norm,Experiment2 HPA262 #8 norm,,0.942427260523714,0.0370612584376051
Norm,Experiment2 GA307 #1 norm,,0.983348821363353,0.0108874005497308
Norm,Experiment2 GA307 #2 norm,,0.941194180739282,0.0307792332841294
Norm,Experiment2 GA307 #3 norm,,0.863917499498171,0.0207206307010945
Norm,Experiment2 GA307 #4 norm,,1.00008104399468,0.0262606221943373
Norm,Experiment2 GA307 #5 norm,,0.949084443660786,0.0669192449276265
Norm,Experiment2 GA307 #6 norm,,0.838994726463706,0.0890867486116122
Norm,Experiment2 GA307 #7 norm,,0.903901935743387,0.0657301687559383
Norm,Experiment2 GA307 #8 norm,,0.947035353615279,0.128859277909349
Norm,Experiment2 SER306 #1 norm,,0.976303876764552,0.0125033887620695
Norm,Experiment2 SER306 #2 norm,,0.941947249653721,0.0364315063060304
Norm,Experiment2 SER306 #3 norm,,1.00467460728944,0.0213369643282674
Norm,Experiment2 SER306 #4 norm,,1.05819081019443,0.0272687692027433
Norm,Experiment2 SER306 #5 norm,,0.956690271732065,0.0540482734356212
Norm,Experiment2 SER306 #6 norm,,1.01336362278505,0.133928142594025
Norm,Experiment2 SER306 #7 norm,,1.12180542543659,0.107748286162998
Norm,Experiment2 SER306 #8 norm,,0.999617763769546,0.116403476302935
Norm,Experiment2 meTHF #1 norm,,0.989039624283494,0.00980664938044191
Norm,Experiment2 meTHF #2 norm,,0.981281329653947,0.0138991574528957
Norm,Experiment2 meTHF #3 norm,,0.97587561257665,0.0274603094669375
Norm,Experiment2 meTHF #4 norm,,1.01401801633691,0.0321861926538328
Norm,Experiment2 meTHF #5 norm,,1.01820395126154,0.0870715809880711
Norm,Experiment2 meTHF #6 norm,,1.01153464706697,0.140608743551213
Norm,Experiment2 meTHF #7 norm,,1.01551851755418,0.197695988083915
Norm,Experiment2 meTHF #8 norm,,1.00411676068404,0.0725286228645579
Norm,Experiment2 FmTHF #1 norm,,1.00904385671912,0.0100385013965082
Norm,Experiment2 FmTHF #2 norm,,1.0110769371374,0.0116845968665109
Norm,Experiment2 FmTHF #3 norm,,1.02020723218446,0.0102041845535227
Norm,Experiment2 FmTHF #4 norm,,1.02282065316287,0.0228510197953796
Norm,Experiment2 FmTHF #5 norm,,0.951598700788758,0.0388698211846905
Norm,Experiment2 FmTHF #6 norm,,1.01382512443606,0.0661268606447282
Norm,Experiment2 FmTHF #7 norm,,0.995042754130378,0.104207666025062
Norm,Experiment2 FmTHF #8 norm,,0.974286528140162,0.0758324254530701
Norm,Experiment2 Met176 #1 norm,,1.00500200543224,0.0236426131414353
Norm,Experiment2 Met176 #2 norm,,0.87501772372899,0.0356035255397355
Norm,Experiment2 Met176 #3 norm,,0.965216685013775,0.0376924431944412
Norm,Experiment2 Met176 #4 norm,,0.907120709663511,0.100588516138525
Norm,Experiment2 Met176 #5 norm,,0.872257647573612,0.0578839398828422
Norm,Experiment2 Met176 #6 norm,,1.03936212208589,0.0358473167399666
Norm,Experiment2 Met176 #7 norm,,0.990936650492435,0.0645207697400804
Norm,Experiment2 Met176 #8 norm,,1.04112317576222,0.252464298773118
Norm,Experiment2 SAM #1 norm,,1.00738761250385,0.0143647412930067
Norm,Experiment2 SAM #2 norm,,0.971452274659983,0.0215995573975391
Norm,Experiment2 SAM #3 norm,,0.919975779419446,0.0343991296952355
Norm,Experiment2 SAM #4 norm,,1.01607650253247,0.0473652501992464
Norm,Experiment2 SAM #5 norm,,1.00294555466562,0.0244000264757496
Norm,Experiment2 SAM #6 norm,,0.998358507197276,0.0595525943995119
Norm,Experiment2 SAM #7 norm,,0.999652655021879,0.0700377732755779
Norm,Experiment2 SAM #8 norm,,1.0000003186015,0.076312090110833
Norm,Experiment2 CIT465 #1 norm,,0.999334479101063,0.0126607675472009
Norm,Experiment2 CIT465 #2 norm,,0.983630808830692,0.0104769139213984
Norm,Experiment2 CIT465 #3 norm,,0.967595292159214,0.0127509537644761
Norm,Experiment2 CIT465 #4 norm,,0.972401938453565,0.0125077413892209
Norm,Experiment2 CIT465 #5 norm,,0.995688032769517,0.0163404536732038
Norm,Experiment2 CIT465 #6 norm,,0.994211478150115,0.0115122141248252
Norm,Experiment2 CIT465 #7 norm,,1.00301451084816,0.0137607360167586
Norm,Experiment2 CIT465 #8 norm,,0.978136003929465,0.024776697948029
Norm,Experiment2 MAL335 #1 norm,,0.994316438729923,0.0119879002672979
Norm,Experiment2 MAL335 #2 norm,,0.999563635742763,0.0135965343923475
Norm,Experiment2 MAL335 #3 norm,,0.969773641658882,0.0129504534340291
Norm,Experiment2 MAL335 #4 norm,,1.00076145329543,0.0116776787793153
Norm,Experiment2 MAL335 #5 norm,,0.986540297758378,0.0148078602489275
Norm,Experiment2 MAL335 #6 norm,,0.905964551288547,0.0135070196922659
Norm,Experiment2 MAL335 #7 norm,,0.994844956484494,0.0206304617120726
Norm,Experiment2 MAL335 #8 norm,,0.997866082467207,0.0435451852340747
Norm,Experiment2 ASP334 #1 norm,,1.00773470872766,0.0162432243778016
Norm,Experiment2 ASP334 #2 norm,,0.955388581136576,0.0221470981483112
Norm,Experiment2 ASP334 #3 norm,,0.955662808511453,0.0174391612917602
Norm,Experiment2 ASP334 #4 norm,,1.00537322321639,0.0216595054516301
Norm,Experiment2 ASP334 #5 norm,,0.972060101910129,0.0235501359605156
Norm,Experiment2 ASP334 #6 norm,,0.981495186457664,0.0713867909788085
Norm,Experiment2 ASP334 #7 norm,,0.987328358158602,0.0557185778804584
Norm,Experiment2 ASP334 #8 norm,,0.979921397709067,0.0364779830322438
Norm,Experiment2 GLU348 #1 norm,,0.988520039508927,0.0120478509299092
Norm,Experiment2 GLU348 #2 norm,,0.989560219451514,0.0122654483039139
Norm,Experiment2 GLU348 #3 norm,,0.999791971541935,0.0118693836378339
Norm,Experiment2 GLU348 #4 norm,,0.975020729401631,0.0148916317496579
Norm,Experiment2 GLU348 #5 norm,,0.958993733878814,0.0294824949164088
Norm,Experiment2 GLU348 #6 norm,,0.970220017905416,0.0148108810579038
Norm,Experiment2 GLU348 #7 norm,,0.966255981485186,0.0221061645672395
Norm,Experiment2 GLU348 #8 norm,,0.859690891362819,0.0540923462510627
Norm,Experiment2 THR320 #1 norm,,0.960216016065516,0.00970826120708276
Norm,Experiment2 THR320 #2 norm,,1.0266128550329,0.0119607031694102
Norm,Experiment2 THR320 #3 norm,,1.00784225407451,0.0103748804466225
Norm,Experiment2 THR320 #4 norm,,1.0027669744868,0.0113800224743501
Norm,Experiment2 THR320 #5 norm,,0.980904501948206,0.0204043324302345
Norm,Experiment2 THR320 #6 norm,,1.02900092558538,0.0114092368875721
Norm,Experiment2 THR320 #7 norm,,0.997136835031361,0.0144861654438411
Norm,Experiment2 THR320 #8 norm,,0.884176343470153,0.0350942646393058
Norm,Experiment2 ALA116 #1 norm,,0.989015665241584,0.00987614409294222
Norm,Experiment2 ALA116 #2 norm,,0.982060734994238,0.0099189060865148
Norm,Experiment2 ALA116 #3 norm,,1.02501542394439,0.0106742752703473
Norm,Experiment2 ALA116 #4 norm,,1.02875913597476,0.0260588261973806
Norm,Experiment2 ALA116 #5 norm,,0.975201027701818,0.0755653196429052
Norm,Experiment2 ALA116 #6 norm,,0.992711444967385,0.073487095767106
Norm,Experiment2 ALA116 #7 norm,,1.00502818700923,0.0784137544310135
Norm,Experiment2 ALA116 #8 norm,,0.920719247142533,0.183265933983835
Norm,Experiment2 PYR #1 norm,,0.975306169539983,0.0125597494087406
Norm,Experiment2 PYR #2 norm,,0.960428758276283,0.0499277032395671
Norm,Experiment2 PYR #3 norm,,0.891491813819354,0.0574847745577628
Norm,Experiment2 PYR #4 norm,,1.07032755402046,0.0542743408403453
Norm,Experiment2 PYR #5 norm,,1.09511712459224,0.140529998350584
Norm,Experiment2 PYR #6 norm,,0.949588204813539,0.108605836234642
Norm,Experiment2 PYR #7 norm,,1.01538461895562,0.0715091453125931
Norm,Experiment2 PYR #8 norm,,0.925918410360494,0.124397282585954
