type,id,eqn,val,std
Net flux,CO2.t,CO2.t -> CO2,66.116697562351,1.52410945833609
Net flux,CO2_sink,dummy -> Sink,66.116697562351,1.52410945833609
Net flux,RUBICSO_CO2,RUBP.p + CO2 -> 3PGA.p + 3PGA.p + dummy,67.9094478325772,1.5312878483627
Net flux,GAPDH.p net,3PGA.p <-> TP.p,137.279449303533,3.09627815506763
Exch flux,GAPDH.p exch,3PGA.p <-> TP.p,122015.291979052,23.540458142382
Net flux,ALD,TP.p + E4P.p -> SBP,23.3518659834287,0.511840158107466
Net flux,SBP,SBP -> S7P.p,23.3518659834287,0.511840158107466
Net flux,FBA.p net,TP.p + TP.p <-> FBP.p,30.2897263648447,0.80413313212158
Exch flux,FBA.p exch,TP.p + TP.p <-> FBP.p,21028.6018965126,1862.89705502752
Net flux,PFK.p net,FBP.p <-> F6P.p,30.2897263648478,0.80413313212158
Exch flux,PFK.p exch,FBP.p <-> F6P.p,9.99989708816429e-08,3.83500882413055e-13
Net flux,TK1 net,TP.p + EC2 <-> X5P.p,46.7037319668573,1.02368031621493
Exch flux,TK1 exch,TP.p + EC2 <-> X5P.p,9.99999940631824e-08,0
Net flux,TK2 net,S7P.p <-> R5P.p + EC2,23.3518659834286,0.511840158107466
Exch flux,TK2 exch,S7P.p <-> R5P.p + EC2,37.8403807480515,7706.82017713396
Net flux,TK3 net,F6P.p <-> E4P.p + EC2,23.3518659834299,0.511840158107466
Exch flux,TK3 exch,F6P.p <-> E4P.p + EC2,8780.50693525818,7194.09006013077
Net flux,PPE net,X5P.p <-> RU5P.p,46.7037319668573,1.02368031621493
Exch flux,PPE exch,X5P.p <-> RU5P.p,114.074374619041,1430.92470010594
Net flux,PPI net,R5P.p <-> RU5P.p,23.3518659834287,0.511840158107466
Exch flux,PPI exch,R5P.p <-> RU5P.p,238.342897949751,5458.20669568172
Net flux,PRK,RU5P.p -> RUBP.p,70.0555979502861,1.53552047429563
Net flux,RUBISCO_O2,RUBP.p -> 3PGA.p + 2PG.p,2.14615011770886,0.0846721637941492
Net flux,GLYdil net,GLY.p <-> GLY.x + dummyGLY,0.0169266054935449,0.00181356477646355
Exch flux,GLYdil exch,GLY.p <-> GLY.x + dummyGLY,1.0000000116861e-07,0
Net flux,SERdil net,SER.p <-> SER.x + dummySER,0.374279905109667,0.468397560191478
Exch flux,SERdil exch,SER.p <-> SER.x + dummySER,9.99715794591793e-08,2.11271771189287e-12
Net flux,GK,GA.p -> 3PGA.p,0.022762857922888,0.468975561195449
Net flux,PGI.p net,F6P.p <-> G6P.p,6.93786038141728,0.443378790960836
Exch flux,PGI.p exch,F6P.p <-> G6P.p,0.0381268791014016,7365.37138411722
Net flux,PGM.p,G6P.p -> ADPG.p,6.93786038141728,0.443378790960836
Net flux,Starch,ADPG.p -> Starch,6.93786038141726,0.443378790960836
Net flux,FBA.c net,TP.c + TP.c <-> FBP.c,3.3221993117768,0.355949907016191
Exch flux,FBA.c exch,TP.c + TP.c <-> FBP.c,23.5591062244319,6606.56136903333
Net flux,PFK.c net,FBP.c <-> F6P.c,3.32219931177681,0.355949907016191
Exch flux,PFK.c exch,FBP.c <-> F6P.c,13.6587981764813,60.681999710128
Net flux,PGI.c net,F6P.c <-> G6P.c,1.66109965588845,0.177974953508095
Exch flux,PGI.c exch,F6P.c <-> G6P.c,230.115461002515,7292.54289236804
Net flux,PGM.c net,G6P.c <-> UDPG.c,1.66109965588112,0.177974953508095
Exch flux,PGM.c exch,G6P.c <-> UDPG.c,48482.1662901581,7298.35189234206
Net flux,SPS,F6P.c + UDPG.c -> S6P,1.66109965588837,0.177974953508095
Net flux,PGAM.c net,3PGA.c <-> PEP.c,0.708359337257472,0.0758956391892718
Exch flux,PGAM.c exch,3PGA.c <-> PEP.c,0.205697365136414,3312.78971226616
Net flux,PK.c,PEP.c -> PYR.c,0.3215390603904,0.0344506117524716
Net flux,PDH,PYR.c + dummy -> ACA + CO2,0.267603154564273,0.0286717650120922
Net flux,CS,OAA + ACA -> CIT,0.267603154564269,0.0286717650120922
Net flux,ACO net,CIT <-> ICI,0.267603154564313,0.0286717650120922
Exch flux,ACO exch,CIT <-> ICI,1649.60570793243,5933.35065264249
Net flux,IDH,ICI + dummy -> AKG + CO2,0.267603154564285,0.0286717650120922
Net flux,MDH net,MAL <-> OAA,7.105427357601e-15,0
Exch flux,MDH exch,MAL <-> OAA,0.117746127593968,0.107458562749084
Net flux,PPC,PEP.c + CO2 -> OAA + dummy,0.386820276866593,0.0414450274256323
Net flux,T_3PGA net,3PGA.p <-> 3PGA.c,0.708359337257448,0.0758956391892718
Exch flux,T_3PGA exch,3PGA.p <-> 3PGA.c,1.0000000116861e-07,0
Net flux,T_DHAP net,TP.p <-> TP.c,6.64439862355364,0.711899814032382
Exch flux,T_DHAP exch,TP.p <-> TP.c,4.59670908295047,2.12071505285278
Net flux,ALT,PYR.c -> ALA.c,0.0539359058266636,0.0057788467403972
Net flux,ASPT,OAA -> ASP,0.1192171223031,0.0127732624143263
Net flux,GLUDH,AKG -> GLU,0.267603154564262,0.0286717650120922
Net flux,PCR net,GLU <-> PRO,-2.48689957516035e-14,0
Exch flux,PCR exch,GLU <-> PRO,1.0000000116861e-07,0
Net flux,GS net,GLU <-> GLN,0,0
Exch flux,GS exch,GLU <-> GLN,1.00064696084701e-07,0
Net flux,TS net,ASP <-> THR,0,0
Exch flux,TS exch,ASP <-> THR,1.0000000116861e-07,0
Net flux,AS net,ASP <-> ASN,1.06581410364015e-14,0
Exch flux,AS exch,ASP <-> ASN,1.0000000116861e-07,0
Net flux,G_3PGA.p,0*3PGA.p -> 3PGA,2.1022374170343e-06,10718.6459561207
Net flux,G_3PGA.c,0*3PGA.c -> 3PGA,92.9119084889662,6969.85721686267
Net flux,G_DHAP.p,0*TP.p -> TP,40.6853798422514,9337.25776121467
Net flux,G_DHAP.c,0*TP.c -> TP,51.8471856998323,6151.83699217255
Net flux,G_F6P.p,0*F6P.p -> F6P,48.6686345032613,10808.5544487147
Net flux,G_F6P.c,0*F6P.c -> F6P,36.5465768177337,7448.44986639601
Net flux,G_FBP.p,0*FBP.p -> FBP,2.10223446117652e-06,11219.2066938032
Net flux,G_FBP.c,0*FBP.c -> FBP,83.4512313387802,7670.88731498098
Net flux,G_G6P.p,0*G6P.p -> G6P,19.0549768395407,9830.57863101922
Net flux,G_G6P.c,0*G6P.c -> G6P,58.8549499996569,7156.13827635075
Net flux,G_RU5P.p,0*RU5P.p -> P5P,2.10222547636363e-06,10366.7455401343
Net flux,G_X5P.p,0*X5P.p -> P5P,92.8477694980079,6867.11496608617
Net flux,G_R5P.p,0*R5P.p -> R5P,82.2810779887508,7319.89027799378
Net flux,G_GA.p,0*GA.p -> GA,36.4942913879627,4.24213903191344
Net flux,G_SER.p,0*SER.p -> SER,82.4726931973487,7515.45315851069
Net flux,G_GLY.p,0*GLY.p -> GLY,9.99999798523277e-08,2.93618206740268e-12
Net flux,G_RUBP.p,0*RUBP.p -> RUBP,92.5302752674636,7638.60049896552
Net flux,G_S7P.p,0*S7P.p -> S7P,98.4567310636578,7282.64251877704
Net flux,G_2PG.p,0*2PG.p -> 2PG,87.0427532708633,7486.04052823344
Net flux,G_ADPG.p,0*ADPG.p -> ADPG,95.0805622184582,7224.78999507029
Net flux,G_PEP.c,0*PEP.c -> PEP,89.2305410447667,7783.78804701418
Net flux,G_UDPG.c,0*UDPG.c -> UDPG,72.4268033047895,7356.99637940747
Net flux,G_ALA.c,0*ALA.c -> ALA,76.9802520644144,7.35726816851619
Net flux,(1-G)_GA,0*GA.x -> GA,63.5057086120393,4.24213903191344
Net flux,(1-G)_SER,0*SER.x -> SER,17.5273036185743,5.44892824394732
Net flux,(1-G)_GLY,0*GLY.x -> GLY,55.5887843748422,5.82856085245508
Net flux,(1-G)_R5P,0*R5P.x -> R5P,17.7189220112461,7319.89027799378
Net flux,(1-G)_RUBP,0*RUBP.x -> RUBP,7.46972473253513,7638.60049896552
Net flux,(1-G)_3PGA,0*3PGA.x -> 3PGA,7.08808940879664,7472.87678035713
Net flux,(1-G)_TP,0*TP.x -> TP,7.46743445791693,7339.07915553115
Net flux,(1-G)_F6P,0*F6P.x -> F6P,14.7847886790088,7427.95492522442
Net flux,(1-G)_FBP,0*FBP.x -> FBP,16.5487665589801,7742.35131245152
Net flux,(1-G)_G6P,0*G6P.x -> G6P,22.0900731608007,7110.28032369321
Net flux,(1-G)_RU5P,0*RU5P.x -> P5P,7.15222839976807,7580.71515691205
Net flux,(1-G)_S7P,0*S7P.x -> S7P,1.54326893634015,7282.64251877704
Net flux,(1-G)_2PG,0*2PG.x -> 2PG,12.9572467291391,7486.04052823344
Net flux,(1-G)_ADPG,0*ADPG.x -> ADPG,4.91943778154073,7224.78999507029
Net flux,(1-G)_PEP,0*PEP.x -> PEP,10.7694589552315,7783.78804701418
Net flux,(1-G)_UDPG,0*UDPG.x -> UDPG,27.5731966952117,7356.99637940747
Net flux,(1-G)_ALA,0*ALA.x -> ALA,23.0197479355854,7.35726816851619
Net flux,PGASink,3PGA -> Sink,100,0
Net flux,DHAPSink,TP -> Sink,100.000000000001,0
Net flux,F6PSink,F6P -> Sink,100.000000000004,0
Net flux,FBPSink,FBP -> Sink,99.9999999999948,0
Net flux,G6PSink,G6P -> Sink,99.9999999999983,0
Net flux,P5PSink,P5P -> Sink,100.000000000001,0
Net flux,R5PSink,R5P -> Sink,99.9999999999968,0
Net flux,GASink,GA -> Sink,100.000000000002,0
Net flux,SERSink,SER -> Sink,99.9999999999996,0
Net flux,GLYSink,GLY -> Sink,100.000000000001,0
Net flux,RUBPSink,RUBP -> Sink,99.9999999999987,0
Net flux,S7PSink,S7P -> Sink,99.9999999999979,0
Net flux,2PGSink,2PG -> Sink,100.000000000002,0
Net flux,ADPGSink,ADPG -> Sink,99.9999999999989,0
Net flux,PEPSink,PEP -> Sink,99.9999999999983,0
Net flux,UDPGSink,UDPG -> Sink,100.000000000001,0
Net flux,ALASink,ALA -> Sink,99.9999999999998,0
Net flux,S6Pout-LL,S6P + 0.1611*GLU + 0.07177*ASP + 0.03247*ALA.c + 0.01019*dummyGLY + 0.03484*dummySER -> Sink,1.6610996558884,0.177974953508095
Net flux,PGP.p,2PG.p -> Glyc.p,2.14615011770888,0.0846721637941492
Net flux,GOX,Glyc.p -> Glyx.p,2.14615011770889,0.0846721637941492
Net flux,GGT,Glyx.p -> GLY.p,2.14615011770888,0.0846721637941492
Net flux,SGAT,SER.p -> HPA.p,0.0227628579228771,0.468975561195449
Net flux,HPR.p,HPA.p -> GA.p,0.0227628579228716,0.468975561195449
Net flux,T_GLY-m net,GLY.p <-> GLY.m,2.09795180868241,10752.3936690028
Exch flux,T_GLY-m exch,GLY.p <-> GLY.m,25424.0899974239,7184.63901165565
Net flux,GDC.m,GLY.m + dummy -> myTHF.m + CO2,1.64436423796599,0.123273485767142
Net flux,T_SER-m net,SER.p <-> SER.m,-1.64436423796587,0.123273485767142
Exch flux,T_SER-m exch,SER.p <-> SER.m,1157.77523977899,7603.52258297618
Net flux,mSHMT,GLY.m + myTHF.m -> SER.m,1.64436423796599,0.123273485767142
Net flux,T_SER-c net,SER.p <-> SER.c,1.24732147493344,0.653939235804029
Exch flux,T_SER-c exch,SER.p <-> SER.c,9.999882077949e-08,4.22604054561977e-13
Net flux,T_Gly-c net,GLY.p <-> GLY.c,0.0312717035312251,10752.3936686694
Exch flux,T_Gly-c exch,GLY.p <-> GLY.c,4.20435552292986e-05,7291.72117815749
Net flux,cSHMT,SER.c -> GLY.c + meTHF.c,1.17196854183033,7798.69426468621
Net flux,FmTHF-reductase net,meTHF.c <-> FmTHF.c,1.17196854183033,7798.69426468621
Exch flux,FmTHF-reductase exch,meTHF.c <-> FmTHF.c,7.56982733837255,11119.5352879711
Net flux,Met-synthase,FmTHF.c + Hcy.c -> Met.c,1.17196854183031,7798.69426468621
Net flux,SAM-synthase,Met.c -> SAM.c,1.17196854183032,7798.69426468621
Net flux,Methylation,SAM.c -> SAH.c + Acceptor.c,1.17196854183031,7798.69426468621
Net flux,hydrolysis,SAH.c -> Hcy.c,1.1719685418303,7798.69426468621
Net flux,G_SER.m,0*SER.m -> SER,1.0000000116861e-07,0
Net flux,G_SER.c,0*SER.c -> SER,3.08407649285414e-06,7515.45118319359
Net flux,G_Gly.m,0*GLY.m -> GLY,1.0000000116861e-07,6.01262811480563e-13
Net flux,G_Gly.c,0*GLY.c -> GLY,44.4112154251591,5.82856085245508
Net flux,T_GLY-c-m,GLY.c -> GLY.m,1.19077666724789,10752.3936708854
Net flux,G_Glyc,0*Glyc.p -> Glyc,7.32549780604288,1.02624136333672
Net flux,G_Glyx,0*Glyx.p -> Glyx,99.926494838963,7180.48196511599
Net flux,G_HPA,0*HPA.p -> HPA,7.60678737986755,2.01526958152809
Net flux,(1-G)_Glyc,0*Glyc.x -> Glyc,92.6745021939577,1.02624136333672
Net flux,(1-G)_Glyx,0*Glyx.x -> Glyx,0.0735051610378505,7180.48196511599
Net flux,(1-G)_HPA,0*HPA.x -> HPA,92.3932126201323,2.01526958152809
Net flux,GlycSink,Glyc -> Sink,100.000000000001,0
Net flux,GlyxSink,Glyx -> Sink,100.000000000001,0
Net flux,HPASink,HPA -> Sink,99.9999999999998,0
Net flux,SERex,dummySER -> outSER,0.316401867627801,0.46855894685099
Net flux,G_PYR,0*PYR.c -> PYR,36.4565880846492,2.97229755942631
Net flux,(1-G)_PYR,0*PYR.x -> PYR,63.543411915351,2.97229755942631
Net flux,PYRSink,PYR -> Sink,100,0
Net flux,G_meTHF,0*meTHF.c -> meTHF,99.9999998999999,0
Net flux,G_FmTHF,0*FmTHF.c -> FmTHF,67.7480870681084,4.37611593754767
Net flux,G_Met,0*Met.c -> Met,66.7195244476783,5.23851577342069
Net flux,G_SAM,0*SAM.c -> SAM,55.9320652275887,4.86889792632006
Net flux,(1-G)_meTHF,0*meTHF.x -> meTHF,1.0000000116861e-07,0
Net flux,(1-G)_FmTHF,0*FmTHF.x -> FmTHF,32.2519129318917,4.37611593754767
Net flux,(1-G)_Met,0*Met.x -> Met,33.2804755523218,5.23851577342069
Net flux,(1-G)_SAM,0*SAM.x -> SAM,44.0679347724113,4.86889792632006
Net flux,meTHFSink,meTHF -> Sink,99.9999999999999,0
Net flux,FmTHFSink,FmTHF -> Sink,100,0
Net flux,MetSink,Met -> Sink,100,0
Net flux,SAMsink,SAM -> Sink,100,0
Net flux,Met-protein,Met.c -> Protein,6.51983996113883e-15,0
Net flux,GLY-protein,GLY.c -> Protein,0.0124635781136915,7798.69426774227
Net flux,SER-protein,SER.c -> Protein,0.0753529331031118,7798.69429210145
Pool,2PG pool,,0,0
Pool,2PG.p pool,,6.84757498209132e-07,7340.05781024803
Pool,2PG.x pool,,1,Inf
Pool,3PGA pool,,0,0
Pool,3PGA.c pool,,0.00928261192236757,0.00746015154696734
Pool,3PGA.p pool,,1.18444450618745e-06,7318.19789072795
Pool,3PGA.x pool,,1,Inf
Pool,ACA pool,,1.29691547832575e-06,7428.26432083333
Pool,ADPG pool,,0,0
Pool,ADPG.p pool,,9.9999999999999e-08,Inf
Pool,ADPG.x pool,,1,Inf
Pool,AKG pool,,8.23441954414108e-07,6755.63745986044
Pool,ALA pool,,0,0
Pool,ALA.c pool,,0.0126324399457412,0.00323704472542709
Pool,ALA.x pool,,1,Inf
Pool,ASN pool,,7566.06817406169,7574.118007344
Pool,ASP pool,,1e-07,0
Pool,Acceptor.c pool,,1,Inf
Pool,CIT pool,,5.84286565071522,2.01114135393219
Pool,CO2 pool,,6.43397898602017e-06,6711.06010452101
Pool,CO2.t pool,,1,Inf
Pool,E4P.p pool,,0,0
Pool,EC2 pool,,0,0
Pool,F6P pool,,0,0
Pool,F6P.c pool,,3.28216091533159e-06,7412.08943937348
Pool,F6P.p pool,,5.98887178307397e-07,7395.7827241701
Pool,F6P.x pool,,1,Inf
Pool,FBP pool,,0,0
Pool,FBP.c pool,,2.89583361061768e-06,7200.9850306847
Pool,FBP.p pool,,6.62425807332663e-07,7209.71961586024
Pool,FBP.x pool,,1,Inf
Pool,FmTHF pool,,4.19559247608766,2.31457475395461
Pool,FmTHF.c pool,,2.04125401707899e-07,7194.84091667553
Pool,FmTHF.x pool,,1,Inf
Pool,G6P pool,,0,0
Pool,G6P.c pool,,9.85141720176017e-06,7506.54270736577
Pool,G6P.p pool,,3.0056118061734e-06,7185.09469512922
Pool,G6P.x pool,,1,Inf
Pool,GA pool,,0,0
Pool,GA.p pool,,1e-07,0
Pool,GA.x pool,,1,Inf
Pool,GLN pool,,8.83867754929517,6949.89150722088
Pool,GLU pool,,8.23443291896588e-07,7122.57032083863
Pool,GLY pool,,0,0
Pool,GLY.c pool,,1.00000001332235e-07,7804.93738402104
Pool,GLY.m pool,,0.00450422575345383,7534.64270087622
Pool,GLY.p pool,,0.000395024102818784,7735.08635148124
Pool,GLY.x pool,,1,Inf
Pool,Glyc pool,,1.96598715156129,1.0122123069844
Pool,Glyc.p pool,,7.61115622594822e-07,7580.83593354848
Pool,Glyc.x pool,,1,Inf
Pool,Glyx pool,,943.280680422636,333.983833695057
Pool,Glyx.p pool,,8.7527916854311e-07,7507.15564483736
Pool,Glyx.x pool,,1,Inf
Pool,HPA pool,,0.000417290946514859,7382.74059233044
Pool,HPA.p pool,,1e-07,0
Pool,HPA.x pool,,1,Inf
Pool,Hcy.c pool,,1,Inf
Pool,ICI pool,,0.00257163989055764,7145.77825474365
Pool,MAL pool,,0.258634151569387,0.244943355510591
Pool,Met pool,,1.64022210198625e-05,7575.24475760903
Pool,Met.c pool,,1.70007449064742e-07,7363.37370883866
Pool,Met.x pool,,1,Inf
Pool,OAA pool,,0.395199819592377,0.0661771226835084
Pool,P5P pool,,0,0
Pool,PEP pool,,0,0
Pool,PEP.c pool,,1.00000000000002e-07,0
Pool,PEP.x pool,,1,Inf
Pool,PRO pool,,5.39499638320647,7041.9361872992
Pool,PYR pool,,1.00000030998005e-07,7202.60074347616
Pool,PYR.c pool,,0.0137942038029932,0.006632000077736
Pool,PYR.x pool,,1,Inf
Pool,Protein pool,,1,Inf
Pool,R5P pool,,0,0
Pool,R5P.p pool,,7.05643707025715e-07,7388.45713503034
Pool,R5P.x pool,,1,Inf
Pool,RU5P.p pool,,6.71462752661172e-07,7002.84601436083
Pool,RU5P.x pool,,1,Inf
Pool,RUBP pool,,0,0
Pool,RUBP.p pool,,6.70433804000755e-07,7063.34513297827
Pool,RUBP.x pool,,1,Inf
Pool,S6P pool,,1,Inf
Pool,S7P pool,,0,0
Pool,S7P.p pool,,4.81851707734544e-07,7044.81166736864
Pool,S7P.x pool,,1,Inf
Pool,SAH.c pool,,1,Inf
Pool,SAM pool,,7.17055109308463,3.69590403219604
Pool,SAM.c pool,,1.09241084175899e-06,7370.63544563787
Pool,SAM.x pool,,1,Inf
Pool,SBP pool,,0,0
Pool,SER pool,,0,0
Pool,SER.c pool,,1.00000000002876e-07,0
Pool,SER.m pool,,0.516414759190854,0.0515420255506833
Pool,SER.p pool,,0.00025608526782373,7092.39941564296
Pool,SER.x pool,,1,Inf
Pool,Sink pool,,1,Inf
Pool,Starch pool,,1,Inf
Pool,THR pool,,3889.68565589698,7456.57089528514
Pool,TP pool,,0,0
Pool,TP.c pool,,3.19478014954559e-06,7269.97633264105
Pool,TP.p pool,,1.19919678754038e-06,7329.1836838473
Pool,TP.x pool,,1,Inf
Pool,UDPG pool,,0,0
Pool,UDPG.c pool,,1.29924979824082,0.707019135600442
Pool,UDPG.x pool,,1,Inf
Pool,X5P.p pool,,6.75398736054881e-07,7232.4307361256
Pool,dummy pool,,1,Inf
Pool,dummyGLY pool,,1,Inf
Pool,dummySER pool,,1,Inf
Pool,meTHF pool,,3.24811799025058,1.85012200187779
Pool,meTHF.c pool,,2.04073929665983e-07,7507.5984738185
Pool,meTHF.x pool,,1,Inf
Pool,myTHF.m pool,,1.00000000002876e-07,0
Pool,outSER pool,,1,Inf
Norm,Experiment2 Glyc205 #1 norm,,0.980531018391254,0.0358624955465933
Norm,Experiment2 Glyc205 #2 norm,,0.984969920527416,0.0180201137524267
Norm,Experiment2 Glyc205 #3 norm,,0.993848774725409,0.022932032932207
Norm,Experiment2 Glyc205 #4 norm,,1.00003669120488,0.0209895409168176
Norm,Experiment2 Glyc205 #5 norm,,1.03526914633268,0.0252680269717969
Norm,Experiment2 Glyc205 #6 norm,,0.964826023395526,0.0236877290739708
Norm,Experiment2 Glyc205 #7 norm,,0.961372086569567,0.0306833202077741
Norm,Experiment2 Glyc205 #8 norm,,0.896276080206298,0.109603641738185
Norm,Experiment2 Glyx160 #1 norm,,0.994189548021923,0.0113895848771008
Norm,Experiment2 Glyx160 #2 norm,,0.996940279574854,0.0114286497236023
Norm,Experiment2 Glyx160 #3 norm,,1.01415543848821,0.0127821204823402
Norm,Experiment2 Glyx160 #4 norm,,0.990597232821212,0.0157406659369503
Norm,Experiment2 Glyx160 #5 norm,,0.987349143332426,0.0141483550149771
Norm,Experiment2 Glyx160 #6 norm,,0.99891781288024,0.0202128355814168
Norm,Experiment2 Glyx160 #7 norm,,0.993134207470813,0.0318869938719113
Norm,Experiment2 Glyx160 #8 norm,,0.947391610682078,0.117640602784402
Norm,Experiment2 GLY276 #1 norm,,1.01220313106327,0.0106591637987491
Norm,Experiment2 GLY276 #2 norm,,0.977338205239077,0.0206314022362221
Norm,Experiment2 GLY276 #3 norm,,0.986744933978954,0.0171112253817776
Norm,Experiment2 GLY276 #4 norm,,1.02576546225703,0.0173818194433353
Norm,Experiment2 GLY276 #5 norm,,0.977489754226601,0.0378139054954157
Norm,Experiment2 GLY276 #6 norm,,1.02319370532125,0.0963377214925081
Norm,Experiment2 GLY276 #7 norm,,1.00314746219759,0.156687231223117
Norm,Experiment2 GLY276 #8 norm,,0.990460504884928,0.190654552051745
Norm,Experiment2 HPA262 #1 norm,,1.00236762481564,0.0202218370657024
Norm,Experiment2 HPA262 #2 norm,,0.979656346091251,0.0246607929974396
Norm,Experiment2 HPA262 #3 norm,,1.0069288739678,0.024124188236738
Norm,Experiment2 HPA262 #4 norm,,0.957524157014587,0.0279976795531879
Norm,Experiment2 HPA262 #5 norm,,0.915229000309821,0.0210040385859232
Norm,Experiment2 HPA262 #6 norm,,0.972011479805606,0.0288124661660124
Norm,Experiment2 HPA262 #7 norm,,0.967082770243484,0.0238182842930839
Norm,Experiment2 HPA262 #8 norm,,0.912403173323312,0.0369326815449292
Norm,Experiment2 GA307 #1 norm,,0.995841230443462,0.0110433690543941
Norm,Experiment2 GA307 #2 norm,,0.906556829353256,0.0284781475234799
Norm,Experiment2 GA307 #3 norm,,0.919667132063636,0.0222900300262905
Norm,Experiment2 GA307 #4 norm,,0.951389888528458,0.0259147756332067
Norm,Experiment2 GA307 #5 norm,,0.975537999272484,0.0725633535302032
Norm,Experiment2 GA307 #6 norm,,0.899632582892681,0.123409036363877
Norm,Experiment2 GA307 #7 norm,,0.912867433789977,0.0728215382664338
Norm,Experiment2 GA307 #8 norm,,0.806508592794597,0.141037709923421
Norm,Experiment2 SER306 #1 norm,,1.02487676131148,0.0132587319594503
Norm,Experiment2 SER306 #2 norm,,1.01403303688624,0.0345105487545758
Norm,Experiment2 SER306 #3 norm,,1.02494706949586,0.0204039245402546
Norm,Experiment2 SER306 #4 norm,,1.01728308250192,0.0259077147209052
Norm,Experiment2 SER306 #5 norm,,1.01745802089565,0.0586868643864281
Norm,Experiment2 SER306 #6 norm,,1.02703883751774,0.134987829355245
Norm,Experiment2 SER306 #7 norm,,1.01008820365842,0.0887741951122391
Norm,Experiment2 SER306 #8 norm,,1.09780095898522,0.149985556932949
Norm,Experiment2 meTHF #1 norm,,1.01040824226702,0.0100891658011068
Norm,Experiment2 meTHF #2 norm,,1.00106367265223,0.0140726632648617
Norm,Experiment2 meTHF #3 norm,,0.991529426891078,0.0270414270621258
Norm,Experiment2 meTHF #4 norm,,1.00658278014389,0.0310154811050538
Norm,Experiment2 meTHF #5 norm,,0.976284091712515,0.0830462416317312
Norm,Experiment2 meTHF #6 norm,,1.03215942339547,0.176187198527296
Norm,Experiment2 meTHF #7 norm,,1.04041070513679,0.402985614363007
Norm,Experiment2 meTHF #8 norm,,1.01773988215627,0.0745027730430928
Norm,Experiment2 FmTHF #1 norm,,1.00592026766604,0.0101248639553844
Norm,Experiment2 FmTHF #2 norm,,0.99294543117879,0.0115091958547359
Norm,Experiment2 FmTHF #3 norm,,1.01091415638964,0.010295011135631
Norm,Experiment2 FmTHF #4 norm,,1.0211074386705,0.0230658858620316
Norm,Experiment2 FmTHF #5 norm,,0.932741548910729,0.0383235125934019
Norm,Experiment2 FmTHF #6 norm,,1.02703761063657,0.0817027158835351
Norm,Experiment2 FmTHF #7 norm,,1.03624896803864,0.133596065463324
Norm,Experiment2 FmTHF #8 norm,,1.00227723742492,0.0667467511679348
Norm,Experiment2 Met176 #1 norm,,1.01068999542903,0.0238726730141195
Norm,Experiment2 Met176 #2 norm,,0.937370372618387,0.0374222053955829
Norm,Experiment2 Met176 #3 norm,,0.877787280093238,0.0307551851498494
Norm,Experiment2 Met176 #4 norm,,0.921916809982323,0.0777265069750342
Norm,Experiment2 Met176 #5 norm,,0.951529770363213,0.0670741271877448
Norm,Experiment2 Met176 #6 norm,,1.00742224893618,0.0352947017148856
Norm,Experiment2 Met176 #7 norm,,1.00256789254262,0.0626799413935614
Norm,Experiment2 Met176 #8 norm,,0.989842881484677,0.204121963311834
Norm,Experiment2 SAM #1 norm,,1.0092062732568,0.0147472967762283
Norm,Experiment2 SAM #2 norm,,0.989310950980604,0.0223689754005433
Norm,Experiment2 SAM #3 norm,,0.986494425429251,0.0340454890926135
Norm,Experiment2 SAM #4 norm,,0.937520786479658,0.0460201110843756
Norm,Experiment2 SAM #5 norm,,0.998443221840656,0.0262056241376274
Norm,Experiment2 SAM #6 norm,,1.00943019235045,0.0610493999937021
Norm,Experiment2 SAM #7 norm,,1.02610219416163,0.0852749034829105
Norm,Experiment2 SAM #8 norm,,0.997857347683611,0.0722985718540664
Norm,Experiment2 CIT465 #1 norm,,0.984387757225113,0.0121511376527656
Norm,Experiment2 CIT465 #2 norm,,0.968785364178548,0.0101183795296885
Norm,Experiment2 CIT465 #3 norm,,0.980471405177899,0.012986014841374
Norm,Experiment2 CIT465 #4 norm,,0.97712594133909,0.0126247869360067
Norm,Experiment2 CIT465 #5 norm,,0.990577426782191,0.0158392121259299
Norm,Experiment2 CIT465 #6 norm,,1.02372061057553,0.0118080886319419
Norm,Experiment2 CIT465 #7 norm,,1.02731314674641,0.01511114721293
Norm,Experiment2 CIT465 #8 norm,,0.995458029889814,0.0197112529635187
Norm,Experiment2 MAL335 #1 norm,,0.996530653098049,0.0118621196776679
Norm,Experiment2 MAL335 #2 norm,,1.02066569730718,0.0139967024286352
Norm,Experiment2 MAL335 #3 norm,,0.962022947024425,0.0126659117822865
Norm,Experiment2 MAL335 #4 norm,,0.977510059400249,0.0115496554776465
Norm,Experiment2 MAL335 #5 norm,,0.958544846529257,0.0144771888433657
Norm,Experiment2 MAL335 #6 norm,,0.933189708828194,0.0140363039788169
Norm,Experiment2 MAL335 #7 norm,,0.964085385232663,0.0197162384216587
Norm,Experiment2 MAL335 #8 norm,,0.978626498806537,0.0411887097260845
Norm,Experiment2 ASP334 #1 norm,,0.959852269872767,0.0151640449848787
Norm,Experiment2 ASP334 #2 norm,,0.954196299945476,0.0219121043466502
Norm,Experiment2 ASP334 #3 norm,,0.979326163051796,0.0177692320615486
Norm,Experiment2 ASP334 #4 norm,,0.987536613332078,0.0214439738537406
Norm,Experiment2 ASP334 #5 norm,,0.906046166983101,0.0233218274990431
Norm,Experiment2 ASP334 #6 norm,,0.980223248214648,0.0595722251064072
Norm,Experiment2 ASP334 #7 norm,,0.998922969161173,0.0623500583946291
Norm,Experiment2 ASP334 #8 norm,,0.972855089438927,0.0398465428780586
Norm,Experiment2 GLU348 #1 norm,,0.999148892757949,0.0113967540873861
Norm,Experiment2 GLU348 #2 norm,,1.01243534868814,0.0129264522137958
Norm,Experiment2 GLU348 #3 norm,,1.00623638841736,0.012266495572489
Norm,Experiment2 GLU348 #4 norm,,0.995594078535579,0.0154681879025585
Norm,Experiment2 GLU348 #5 norm,,0.997103812344752,0.0318417889782153
Norm,Experiment2 GLU348 #6 norm,,0.974701388930591,0.0145862667722356
Norm,Experiment2 GLU348 #7 norm,,0.915407367302938,0.021887105637052
Norm,Experiment2 GLU348 #8 norm,,0.970201348230829,0.053776505084162
Norm,Experiment2 THR320 #1 norm,,0.985668057520245,0.0100814182457944
Norm,Experiment2 THR320 #2 norm,,0.989742317042318,0.0114586944143885
Norm,Experiment2 THR320 #3 norm,,0.98680305294085,0.0101734901977918
Norm,Experiment2 THR320 #4 norm,,0.96513503894579,0.010777686987277
Norm,Experiment2 THR320 #5 norm,,1.03968018139598,0.0212150960555552
Norm,Experiment2 THR320 #6 norm,,1.0040438249852,0.0109351801378102
Norm,Experiment2 THR320 #7 norm,,0.950121947005165,0.0133301840186553
Norm,Experiment2 THR320 #8 norm,,0.900219638950347,0.0344640417925154
Norm,Experiment2 ALA116 #1 norm,,1.00363956203491,0.0101097852005734
Norm,Experiment2 ALA116 #2 norm,,0.987052692168676,0.0099679878577217
Norm,Experiment2 ALA116 #3 norm,,1.02053333936693,0.0117334027822343
Norm,Experiment2 ALA116 #4 norm,,1.02005519707117,0.0264998385616578
Norm,Experiment2 ALA116 #5 norm,,1.01201538753905,0.0698729471466687
Norm,Experiment2 ALA116 #6 norm,,0.995518260199182,0.0800136223469157
Norm,Experiment2 ALA116 #7 norm,,0.98697993547665,0.0735106269882619
Norm,Experiment2 ALA116 #8 norm,,1.07272669153711,0.192795069410987
Norm,Experiment2 PYR #1 norm,,0.976837454987369,0.012637081866287
Norm,Experiment2 PYR #2 norm,,0.955532585244853,0.0536217385872965
Norm,Experiment2 PYR #3 norm,,0.926194544385946,0.0530544648668553
Norm,Experiment2 PYR #4 norm,,1.02145916049631,0.0568180892686939
Norm,Experiment2 PYR #5 norm,,1.04904515079976,0.131208156883468
Norm,Experiment2 PYR #6 norm,,0.949066481262273,0.113046530773895
Norm,Experiment2 PYR #7 norm,,1.00872432133456,0.0756755190526845
Norm,Experiment2 PYR #8 norm,,0.997889579160881,0.135208732972108
