type,id,eqn,val,std
Net flux,CO2.t,CO2.t -> CO2,65.120458077984,1.52525318969695
Net flux,CO2_sink,dummy -> Sink,65.120458077984,1.52525318969695
Net flux,RUBICSO_CO2,RUBP.p + CO2 -> 3PGA.p + 3PGA.p + dummy,66.9245122856771,1.53345793065466
Net flux,GAPDH.p net,3PGA.p <-> TP.p,136.033450700488,3.04721308682985
Exch flux,GAPDH.p exch,3PGA.p <-> TP.p,164727.462693325,4231.59564187023
Net flux,ALD,TP.p + E4P.p -> SBP,23.0870622077445,0.512463984494952
Net flux,SBP,SBP -> S7P.p,23.0870622077445,0.512463984494952
Net flux,FBA.p net,TP.p + TP.p <-> FBP.p,29.8017890618139,0.782139012931184
Exch flux,FBA.p exch,TP.p + TP.p <-> FBP.p,18998.6178157272,2649.81897471221
Net flux,PFK.p net,FBP.p <-> F6P.p,29.8017890618171,0.782139012931184
Exch flux,PFK.p exch,FBP.p <-> F6P.p,9.99814915303432e-08,4.62141944373124e-13
Net flux,TK1 net,TP.p + EC2 <-> X5P.p,46.1741244154889,1.0249279689899
Exch flux,TK1 exch,TP.p + EC2 <-> X5P.p,1.0000000116861e-07,1.8972156237966e-12
Net flux,TK2 net,S7P.p <-> R5P.p + EC2,23.0870622077444,0.512463984494952
Exch flux,TK2 exch,S7P.p <-> R5P.p + EC2,40.2380849358746,7821.59148833004
Net flux,TK3 net,F6P.p <-> E4P.p + EC2,23.0870622077437,0.512463984494952
Exch flux,TK3 exch,F6P.p <-> E4P.p + EC2,6504.40670636634,7882.1576041896
Net flux,PPE net,X5P.p <-> RU5P.p,46.1741244154888,1.0249279689899
Exch flux,PPE exch,X5P.p <-> RU5P.p,83.9114435026133,8544.29957637186
Net flux,PPI net,R5P.p <-> RU5P.p,23.0870622077445,0.512463984494952
Exch flux,PPI exch,R5P.p <-> RU5P.p,250.911629685353,7793.59610905926
Net flux,PRK,RU5P.p -> RUBP.p,69.2611866232335,1.53739195359194
Net flux,RUBISCO_O2,RUBP.p -> 3PGA.p + 2PG.p,2.33667433755634,0.0847558388753383
Net flux,GLYdil net,GLY.p <-> GLY.x + dummyGLY,0.0182622274668134,0.001827816215889
Exch flux,GLYdil exch,GLY.p <-> GLY.x + dummyGLY,1.0000000116861e-07,0
Net flux,SERdil net,SER.p <-> SER.x + dummySER,0.062445100389283,0.00624994867199196
Exch flux,SERdil exch,SER.p <-> SER.x + dummySER,1.00065030039787e-07,1.96838961963444e-12
Net flux,GK,GA.p -> 3PGA.p,0.612005401112018,0.114573003781774
Net flux,PGI.p net,F6P.p <-> G6P.p,6.71472685407091,0.426244724054008
Exch flux,PGI.p exch,F6P.p <-> G6P.p,9.99728904105268e-08,8217.10376509332
Net flux,PGM.p,G6P.p -> ADPG.p,6.71472685407091,0.426244724054008
Net flux,Starch,ADPG.p -> Starch,6.71472685407089,0.426244724054008
Net flux,FBA.c net,TP.c + TP.c <-> FBP.c,3.58434297681016,0.358747049272367
Exch flux,FBA.c exch,TP.c + TP.c <-> FBP.c,39.8953498407792,7204.35804008669
Net flux,PFK.c net,FBP.c <-> F6P.c,3.58434297681018,0.358747049272367
Exch flux,PFK.c exch,FBP.c <-> F6P.c,54.0511075585098,7679.04874025493
Net flux,PGI.c net,F6P.c <-> G6P.c,1.79217148840513,0.179373524636183
Exch flux,PGI.c exch,F6P.c <-> G6P.c,265.823550381562,7766.93732641215
Net flux,PGM.c net,G6P.c <-> UDPG.c,1.79217148839962,0.179373524636183
Exch flux,PGM.c exch,G6P.c <-> UDPG.c,48493.5925026106,7925.86430088497
Net flux,SPS,F6P.c + UDPG.c -> S6P,1.79217148840505,0.179373524636183
Net flux,PGAM.c net,3PGA.c <-> PEP.c,0.7642536095157,0.0764920457629321
Exch flux,PGAM.c exch,3PGA.c <-> PEP.c,9.3097304344728,7021.64485963669
Net flux,PK.c,PEP.c -> PYR.c,0.346910635010695,0.034721333156111
Net flux,PDH,PYR.c + dummy -> ACA + CO2,0.288718826782048,0.028897074837738
Net flux,CS,OAA + ACA -> CIT,0.288718826782044,0.028897074837738
Net flux,ACO net,CIT <-> ICI,0.288718826781405,0.028897074837738
Exch flux,ACO exch,CIT <-> ICI,7527.39001732879,7588.90490370123
Net flux,IDH,ICI + dummy -> AKG + CO2,0.28871882678206,0.028897074837738
Net flux,MDH net,MAL <-> OAA,7.105427357601e-15,0
Exch flux,MDH exch,MAL <-> OAA,0.32238724848456,0.0622869129636123
Net flux,PPC,PEP.c + CO2 -> OAA + dummy,0.417342974504073,0.041770712687684
Net flux,T_3PGA net,3PGA.p <-> 3PGA.c,0.764253609515681,0.0764920457629321
Exch flux,T_3PGA exch,3PGA.p <-> 3PGA.c,7.00361654422156,2.07870592639953
Net flux,T_DHAP net,TP.p <-> TP.c,7.16868595362038,0.717494098544734
Exch flux,T_DHAP exch,TP.p <-> TP.c,0.825837360865777,0.42066715188137
Net flux,ALT,PYR.c -> ALA.c,0.0581918082285579,0.00582425834581752
Net flux,ASPT,OAA -> ASP,0.128624147722805,0.0128736378698312
Net flux,GLUDH,AKG -> GLU,0.288718826782037,0.028897074837738
Net flux,PCR net,GLU <-> PRO,-2.48689957516035e-14,0
Exch flux,PCR exch,GLU <-> PRO,1.0000000116861e-07,9.03675896475177e-13
Net flux,GS net,GLU <-> GLN,0,0
Exch flux,GS exch,GLU <-> GLN,1.0004251294049e-07,3.2097216016872e-13
Net flux,TS net,ASP <-> THR,0,0
Exch flux,TS exch,ASP <-> THR,1.0000000116861e-07,0
Net flux,AS net,ASP <-> ASN,1.06581410364015e-14,0
Exch flux,AS exch,ASP <-> ASN,1.0000000116861e-07,0
Net flux,G_3PGA.p,0*3PGA.p -> 3PGA,2.46866315478655e-06,10672.6247529419
Net flux,G_3PGA.c,0*3PGA.c -> 3PGA,92.9119081396036,7497.56156879225
Net flux,G_DHAP.p,0*TP.p -> TP,40.6853798422419,9746.45223398301
Net flux,G_DHAP.c,0*TP.c -> TP,51.8471856996948,7526.3144276331
Net flux,G_F6P.p,0*F6P.p -> F6P,48.6686345030749,9364.90440018077
Net flux,G_F6P.c,0*F6P.c -> F6P,36.546576817712,7025.20548730148
Net flux,G_FBP.p,0*FBP.p -> FBP,2.4686614779057e-06,10102.4899037372
Net flux,G_FBP.c,0*FBP.c -> FBP,83.4512310513314,7982.00350597507
Net flux,G_G6P.p,0*G6P.p -> G6P,19.0549768397257,7578.73982365388
Net flux,G_G6P.c,0*G6P.c -> G6P,58.8549499993083,4369.13893449533
Net flux,G_RU5P.p,0*RU5P.p -> P5P,2.46865388575657e-06,9857.68073461884
Net flux,G_X5P.p,0*X5P.p -> P5P,92.8477691494655,7669.80750605654
Net flux,G_R5P.p,0*R5P.p -> R5P,82.2810779884949,8015.14771882104
Net flux,G_GA.p,0*GA.p -> GA,28.53911656656,3.56204910104767
Net flux,G_SER.p,0*SER.p -> SER,68.7301099976069,7732.19547458631
Net flux,G_GLY.p,0*GLY.p -> GLY,9.99999940631824e-08,2.42317147682731e-12
Net flux,G_RUBP.p,0*RUBP.p -> RUBP,92.5302752673063,7265.1831968218
Net flux,G_S7P.p,0*S7P.p -> S7P,98.4567310636212,6192.56992578318
Net flux,G_2PG.p,0*2PG.p -> 2PG,87.0427532706349,6192.56992578318
Net flux,G_ADPG.p,0*ADPG.p -> ADPG,95.0805622183481,6192.56992578318
Net flux,G_PEP.c,0*PEP.c -> PEP,89.2305410445615,6192.56992578318
Net flux,G_UDPG.c,0*UDPG.c -> UDPG,72.4268033045549,6192.56992578318
Net flux,G_ALA.c,0*ALA.c -> ALA,66.8268035982544,6.30614705850128
Net flux,(1-G)_GA,0*GA.x -> GA,71.460883433442,3.56204910104767
Net flux,(1-G)_SER,0*SER.x -> SER,31.2698566513043,4.27471632867941
Net flux,(1-G)_GLY,0*GLY.x -> GLY,53.3249316942314,4.88693190692652
Net flux,(1-G)_R5P,0*R5P.x -> R5P,17.718922011502,8015.14771882104
Net flux,(1-G)_RUBP,0*RUBP.x -> RUBP,7.46972473269241,7265.1831968218
Net flux,(1-G)_3PGA,0*3PGA.x -> 3PGA,7.0880893917335,7607.80764013277
Net flux,(1-G)_TP,0*TP.x -> TP,7.46743445806384,6192.56992578318
Net flux,(1-G)_F6P,0*F6P.x -> F6P,14.7847886792169,6192.56992578318
Net flux,(1-G)_FBP,0*FBP.x -> FBP,16.5487664800019,6192.56992578318
Net flux,(1-G)_G6P,0*G6P.x -> G6P,22.0900731609643,6192.56992578318
Net flux,(1-G)_RU5P,0*RU5P.x -> P5P,7.152228381882,6192.56992578318
Net flux,(1-G)_S7P,0*S7P.x -> S7P,1.5432689363768,6192.56992578318
Net flux,(1-G)_2PG,0*2PG.x -> 2PG,12.9572467293675,6192.56992578318
Net flux,(1-G)_ADPG,0*ADPG.x -> ADPG,4.91943778165087,6192.56992578318
Net flux,(1-G)_PEP,0*PEP.x -> PEP,10.7694589554367,6192.56992578318
Net flux,(1-G)_UDPG,0*UDPG.x -> UDPG,27.5731966954463,6192.56992578318
Net flux,(1-G)_ALA,0*ALA.x -> ALA,33.1731964017454,6.30614705850128
Net flux,PGASink,3PGA -> Sink,100,0
Net flux,DHAPSink,TP -> Sink,100.000000000001,0
Net flux,F6PSink,F6P -> Sink,100.000000000004,0
Net flux,FBPSink,FBP -> Sink,99.9999999999948,0
Net flux,G6PSink,G6P -> Sink,99.9999999999983,0
Net flux,P5PSink,P5P -> Sink,100.000000000001,0
Net flux,R5PSink,R5P -> Sink,99.9999999999968,0
Net flux,GASink,GA -> Sink,100.000000000002,0
Net flux,SERSink,SER -> Sink,99.9999999999996,0
Net flux,GLYSink,GLY -> Sink,100.000000000001,0
Net flux,RUBPSink,RUBP -> Sink,99.9999999999987,0
Net flux,S7PSink,S7P -> Sink,99.9999999999979,0
Net flux,2PGSink,2PG -> Sink,100.000000000002,0
Net flux,ADPGSink,ADPG -> Sink,99.9999999999989,0
Net flux,PEPSink,PEP -> Sink,99.9999999999983,0
Net flux,UDPGSink,UDPG -> Sink,100.000000000001,0
Net flux,ALASink,ALA -> Sink,99.9999999999998,0
Net flux,S6Pout-LL,S6P + 0.1611*GLU + 0.07177*ASP + 0.03247*ALA.c + 0.01019*dummyGLY + 0.03484*dummySER -> Sink,1.79217148840509,0.179373524636183
Net flux,PGP.p,2PG.p -> Glyc.p,2.33667433755635,0.0847558388753383
Net flux,GOX,Glyc.p -> Glyx.p,2.33667433755637,0.0847558388753383
Net flux,GGT,Glyx.p -> GLY.p,2.33667433755636,0.0847558388753383
Net flux,SGAT,SER.p -> HPA.p,0.612005401112007,0.114573003781774
Net flux,HPR.p,HPA.p -> GA.p,0.612005401112001,0.114573003781774
Net flux,T_GLY-m net,GLY.p <-> GLY.m,2.29409656768985,11161.0336227944
Exch flux,T_GLY-m exch,GLY.p <-> GLY.m,25358.0185481558,8753.71590798587
Net flux,GDC.m,GLY.m + dummy -> myTHF.m + CO2,1.64395952863364,0.123737897805763
Net flux,T_SER-m net,SER.p <-> SER.m,-1.64395952863379,0.123737897805763
Exch flux,T_SER-m exch,SER.p <-> SER.m,10913.138557823,6469.70643207489
Net flux,mSHMT,GLY.m + myTHF.m -> SER.m,1.64395952863364,0.123737897805763
Net flux,T_SER-c net,SER.p <-> SER.c,0.969509027132327,0.222739647325173
Exch flux,T_SER-c exch,SER.p <-> SER.c,0.968974697914606,0.629340070942707
Net flux,T_Gly-c net,GLY.p <-> GLY.c,0.0243155423961006,11161.033622472
Exch flux,T_Gly-c exch,GLY.p <-> GLY.c,0.000146929706730248,8045.47783530588
Net flux,cSHMT,SER.c -> GLY.c + meTHF.c,0.969508927126025,0.222739646298337
Net flux,FmTHF-reductase net,meTHF.c <-> FmTHF.c,0.969508927126027,0.222739646298337
Exch flux,FmTHF-reductase exch,meTHF.c <-> FmTHF.c,7.86847564517922,8124.13645660691
Net flux,Met-synthase,FmTHF.c + Hcy.c -> Met.c,0.969508927126006,0.222739646298337
Net flux,SAM-synthase,Met.c -> SAM.c,0.969508927126015,0.222739646298337
Net flux,Methylation,SAM.c -> SAH.c + Acceptor.c,0.96950892712601,0.222739646298337
Net flux,hydrolysis,SAH.c -> Hcy.c,0.969508927126002,0.222739646298337
Net flux,G_SER.m,0*SER.m -> SER,1.0000000116861e-07,5.36620846149877e-14
Net flux,G_SER.c,0*SER.c -> SER,3.32510883289672e-05,7732.19429295048
Net flux,G_Gly.m,0*GLY.m -> GLY,1.0000000116861e-07,2.57761723210787e-13
Net flux,G_Gly.c,0*GLY.c -> GLY,46.6750681057698,4.88693190692652
Net flux,T_GLY-c-m,GLY.c -> GLY.m,0.99382248957385,11161.0336246918
Net flux,G_Glyc,0*Glyc.p -> Glyc,11.1066662228835,2.98103871154975
Net flux,G_Glyx,0*Glyx.p -> Glyx,99.9999999000009,0
Net flux,G_HPA,0*HPA.p -> HPA,8.00611571209914,1.65464027274271
Net flux,(1-G)_Glyc,0*Glyc.x -> Glyc,88.8933337771172,2.98103871154975
Net flux,(1-G)_Glyx,0*Glyx.x -> Glyx,1.0000000116861e-07,0
Net flux,(1-G)_HPA,0*HPA.x -> HPA,91.9938842879008,1.65464027274271
Net flux,GlycSink,Glyc -> Sink,100.000000000001,0
Net flux,GlyxSink,Glyx -> Sink,100.000000000001,0
Net flux,HPASink,HPA -> Sink,99.9999999999998,0
Net flux,SERex,dummySER -> outSER,1.00043508588499e-07,1.20474332862494e-12
Net flux,G_PYR,0*PYR.c -> PYR,37.4692339566694,2.65748809051996
Net flux,(1-G)_PYR,0*PYR.x -> PYR,62.5307660433309,2.65748809051996
Net flux,PYRSink,PYR -> Sink,100,0
Net flux,G_meTHF,0*meTHF.c -> meTHF,91.3054327562035,5.66059311637776
Net flux,G_FmTHF,0*FmTHF.c -> FmTHF,71.0973764764868,4.60320966717829
Net flux,G_Met,0*Met.c -> Met,51.1845941624326,4.21674943298285
Net flux,G_SAM,0*SAM.c -> SAM,50.1732039925698,4.04161106923871
Net flux,(1-G)_meTHF,0*meTHF.x -> meTHF,8.69456724379641,5.66059311637776
Net flux,(1-G)_FmTHF,0*FmTHF.x -> FmTHF,28.9026235235133,4.60320966717829
Net flux,(1-G)_Met,0*Met.x -> Met,48.8154058375674,4.21674943298285
Net flux,(1-G)_SAM,0*SAM.x -> SAM,49.8267960074302,4.04161106923871
Net flux,meTHFSink,meTHF -> Sink,99.9999999999999,0
Net flux,FmTHFSink,FmTHF -> Sink,100,0
Net flux,MetSink,Met -> Sink,100,0
Net flux,SAMsink,SAM -> Sink,100,0
Net flux,Met-protein,Met.c -> Protein,6.51983996113883e-15,0
Net flux,GLY-protein,GLY.c -> Protein,1.97994830308801e-06,3.56524359755053e-13
Net flux,SER-protein,SER.c -> Protein,1.00006302794498e-07,1.80369672048349e-12
Pool,2PG pool,,0,0
Pool,2PG.p pool,,1e-07,0
Pool,2PG.x pool,,1,Inf
Pool,3PGA pool,,0,0
Pool,3PGA.c pool,,0.347246027759194,0.0742467615525937
Pool,3PGA.p pool,,1.22998809626713e-07,8122.02592512881
Pool,3PGA.x pool,,1,Inf
Pool,ACA pool,,1e-07,0
Pool,ADPG pool,,0,0
Pool,ADPG.p pool,,9.9999999999999e-08,Inf
Pool,ADPG.x pool,,1,Inf
Pool,AKG pool,,1e-07,3.33896825665492e-17
Pool,ALA pool,,0,0
Pool,ALA.c pool,,0.0118698829590593,0.0029838618194819
Pool,ALA.x pool,,1,Inf
Pool,ASN pool,,7566.06821333099,7698.03126782643
Pool,ASP pool,,0.0521957616839734,0.00996861490246464
Pool,Acceptor.c pool,,1,Inf
Pool,CIT pool,,4.85446135421676,1.49690417063455
Pool,CO2 pool,,0.0903877040618507,7473.05626313716
Pool,CO2.t pool,,1,Inf
Pool,E4P.p pool,,0,0
Pool,EC2 pool,,0,0
Pool,F6P pool,,0,0
Pool,F6P.c pool,,3.81671269242206e-06,8140.39958890405
Pool,F6P.p pool,,1e-07,0
Pool,F6P.x pool,,1,Inf
Pool,FBP pool,,0,0
Pool,FBP.c pool,,2.29755589586272e-06,7284.20724324736
Pool,FBP.p pool,,1e-07,0
Pool,FBP.x pool,,1,Inf
Pool,FmTHF pool,,7.25630253728006,3.03439094079832
Pool,FmTHF.c pool,,1e-07,0
Pool,FmTHF.x pool,,1,Inf
Pool,G6P pool,,0,0
Pool,G6P.c pool,,9.88595296367585e-06,7724.65941050422
Pool,G6P.p pool,,3.48512419622375e-06,7842.89822075918
Pool,G6P.x pool,,1,Inf
Pool,GA pool,,0,0
Pool,GA.p pool,,1e-07,0
Pool,GA.x pool,,1,Inf
Pool,GLN pool,,8.83867753297964,7922.86473742896
Pool,GLU pool,,1.00000076536005e-07,0
Pool,GLY pool,,0,0
Pool,GLY.c pool,,1e-07,0
Pool,GLY.m pool,,9.99999999994061e-08,0
Pool,GLY.p pool,,1.00000000000057e-07,0
Pool,GLY.x pool,,1,Inf
Pool,Glyc pool,,15.7637951479272,9.57024224920628
Pool,Glyc.p pool,,1e-07,0
Pool,Glyc.x pool,,1,Inf
Pool,Glyx pool,,858.252604249401,291.452814703627
Pool,Glyx.p pool,,1e-07,0
Pool,Glyx.x pool,,1,Inf
Pool,HPA pool,,1.01246411103285e-07,7843.11174024169
Pool,HPA.p pool,,1e-07,0
Pool,HPA.x pool,,1,Inf
Pool,Hcy.c pool,,1,Inf
Pool,ICI pool,,0.000521577186769104,7696.72823894652
Pool,MAL pool,,2.30697582061182,0.73480318254903
Pool,Met pool,,8.20653175571285e-07,7181.71361591504
Pool,Met.c pool,,1e-07,0
Pool,Met.x pool,,1,Inf
Pool,OAA pool,,1.03801548374909e-07,7569.56526923504
Pool,P5P pool,,0,0
Pool,PEP pool,,0,0
Pool,PEP.c pool,,1.00000000000057e-07,2.01886815628135e-15
Pool,PEP.x pool,,1,Inf
Pool,PRO pool,,5.39499636682152,7504.92627072308
Pool,PYR pool,,1.43323750759165e-06,7154.03130279766
Pool,PYR.c pool,,0.00125334677996565,0.00172508775591643
Pool,PYR.x pool,,1,Inf
Pool,Protein pool,,1,Inf
Pool,R5P pool,,0,0
Pool,R5P.p pool,,1e-07,0
Pool,R5P.x pool,,1,Inf
Pool,RU5P.p pool,,1e-07,0
Pool,RU5P.x pool,,1,Inf
Pool,RUBP pool,,0,0
Pool,RUBP.p pool,,1e-07,0
Pool,RUBP.x pool,,1,Inf
Pool,S6P pool,,1,Inf
Pool,S7P pool,,0,0
Pool,S7P.p pool,,1e-07,1.17669096338987e-16
Pool,S7P.x pool,,1,Inf
Pool,SAH.c pool,,1,Inf
Pool,SAM pool,,3.28052773331264,2.31885377253803
Pool,SAM.c pool,,1.81781585635187e-07,7115.12041503314
Pool,SAM.x pool,,1,Inf
Pool,SBP pool,,0,0
Pool,SER pool,,0,0
Pool,SER.c pool,,1.00000000002876e-07,3.05224822612109e-13
Pool,SER.m pool,,0.459333270785323,0.0435476692970092
Pool,SER.p pool,,3.62644251204164e-05,7395.3803370731
Pool,SER.x pool,,1,Inf
Pool,Sink pool,,1,Inf
Pool,Starch pool,,1,Inf
Pool,THR pool,,3888.39623060649,7832.02871177427
Pool,TP pool,,0,0
Pool,TP.c pool,,1.80387605897937e-06,7035.1717074984
Pool,TP.p pool,,1e-07,0
Pool,TP.x pool,,1,Inf
Pool,UDPG pool,,0,0
Pool,UDPG.c pool,,101.730128249495,7784.37395242243
Pool,UDPG.x pool,,1,Inf
Pool,X5P.p pool,,1e-07,0
Pool,dummy pool,,1,Inf
Pool,dummyGLY pool,,1,Inf
Pool,dummySER pool,,1,Inf
Pool,meTHF pool,,0.31307765580371,7865.57994919318
Pool,meTHF.c pool,,1e-07,0
Pool,meTHF.x pool,,1,Inf
Pool,myTHF.m pool,,1e-07,0
Pool,outSER pool,,1,Inf
Norm,Experiment2 Glyc205 #1 norm,,1.01830525804966,0.0373743703575653
Norm,Experiment2 Glyc205 #2 norm,,0.954879491889635,0.0148208560910567
Norm,Experiment2 Glyc205 #3 norm,,1.00563285970218,0.0212879573643675
Norm,Experiment2 Glyc205 #4 norm,,0.967548525680002,0.0207519661108532
Norm,Experiment2 Glyc205 #5 norm,,1.02075084508321,0.0251207055952607
Norm,Experiment2 Glyc205 #6 norm,,0.977552331217873,0.0251547251692286
Norm,Experiment2 Glyc205 #7 norm,,1.03010641867754,0.0380316560471465
Norm,Experiment2 Glyc205 #8 norm,,0.819460754444388,0.0877778099505394
Norm,Experiment2 Glyx160 #1 norm,,1.01387652812893,0.0113894738572368
Norm,Experiment2 Glyx160 #2 norm,,0.983412445007473,0.0113607167150447
Norm,Experiment2 Glyx160 #3 norm,,1.00541241097255,0.012816687592206
Norm,Experiment2 Glyx160 #4 norm,,0.995056141581005,0.0161851940992262
Norm,Experiment2 Glyx160 #5 norm,,0.990641252941657,0.0141063184422839
Norm,Experiment2 Glyx160 #6 norm,,1.01706853380041,0.020696367936462
Norm,Experiment2 Glyx160 #7 norm,,0.981021710621715,0.0315031231053749
Norm,Experiment2 Glyx160 #8 norm,,0.82373369828838,0.12993702684483
Norm,Experiment2 GLY276 #1 norm,,1.00674780818912,0.0106653683056802
Norm,Experiment2 GLY276 #2 norm,,0.975049022221887,0.0203125445636672
Norm,Experiment2 GLY276 #3 norm,,0.998549792185354,0.0176000870444188
Norm,Experiment2 GLY276 #4 norm,,1.03542932199947,0.0174402732100487
Norm,Experiment2 GLY276 #5 norm,,0.967785024372194,0.0366755982725249
Norm,Experiment2 GLY276 #6 norm,,1.03253926535832,0.0859831351306432
Norm,Experiment2 GLY276 #7 norm,,1.10022832171118,0.134172471915565
Norm,Experiment2 GLY276 #8 norm,,0.979364768927449,0.160680854850261
Norm,Experiment2 HPA262 #1 norm,,1.03919918225222,0.0211624768803757
Norm,Experiment2 HPA262 #2 norm,,1.00537283720579,0.0241265066129199
Norm,Experiment2 HPA262 #3 norm,,0.996638792646043,0.0248143883595383
Norm,Experiment2 HPA262 #4 norm,,0.906531423144523,0.0283500729681544
Norm,Experiment2 HPA262 #5 norm,,0.9529930259891,0.0212673153468651
Norm,Experiment2 HPA262 #6 norm,,0.984453744487926,0.0290903855445947
Norm,Experiment2 HPA262 #7 norm,,0.998783129085255,0.0231521488418921
Norm,Experiment2 HPA262 #8 norm,,1.01250718042944,0.0398992065164818
Norm,Experiment2 GA307 #1 norm,,1.00300014205088,0.0108334339775888
Norm,Experiment2 GA307 #2 norm,,0.904635389566305,0.0294445283506664
Norm,Experiment2 GA307 #3 norm,,0.943419997823807,0.0218291557290407
Norm,Experiment2 GA307 #4 norm,,0.937816566857113,0.0246371662251035
Norm,Experiment2 GA307 #5 norm,,0.934047067843319,0.0658065810410145
Norm,Experiment2 GA307 #6 norm,,0.816403856031843,0.102808700273208
Norm,Experiment2 GA307 #7 norm,,0.966280917272218,0.0674176608666983
Norm,Experiment2 GA307 #8 norm,,0.969358599144508,0.122689983462658
Norm,Experiment2 SER306 #1 norm,,0.989644573287042,0.0130079066933713
Norm,Experiment2 SER306 #2 norm,,0.957916657389772,0.0346911484054957
Norm,Experiment2 SER306 #3 norm,,0.991013559509731,0.0199644591649442
Norm,Experiment2 SER306 #4 norm,,1.01348151808887,0.0253084552979397
Norm,Experiment2 SER306 #5 norm,,0.988118541552702,0.0538827466610328
Norm,Experiment2 SER306 #6 norm,,1.0259724500911,0.117282333889847
Norm,Experiment2 SER306 #7 norm,,1.06855864876572,0.0885470960111156
Norm,Experiment2 SER306 #8 norm,,1.00094583401179,0.10937174760037
Norm,Experiment2 meTHF #1 norm,,1.00530973890986,0.0101205714218558
Norm,Experiment2 meTHF #2 norm,,0.99186663559446,0.014330442816607
Norm,Experiment2 meTHF #3 norm,,0.995235963643065,0.0268602678580299
Norm,Experiment2 meTHF #4 norm,,1.0228333821035,0.0272692892281915
Norm,Experiment2 meTHF #5 norm,,1.01687736592495,0.0917172142579707
Norm,Experiment2 meTHF #6 norm,,0.957004465476252,0.167134981727765
Norm,Experiment2 meTHF #7 norm,,1.02153999674342,0.148648508193346
Norm,Experiment2 meTHF #8 norm,,0.987843834771042,0.0844622119496375
Norm,Experiment2 FmTHF #1 norm,,0.982132019651337,0.00996239040613645
Norm,Experiment2 FmTHF #2 norm,,1.00365897047977,0.0117711864646487
Norm,Experiment2 FmTHF #3 norm,,1.00178808169594,0.0102694494720718
Norm,Experiment2 FmTHF #4 norm,,1.01163600832995,0.0209085143464297
Norm,Experiment2 FmTHF #5 norm,,0.987418283071782,0.0381463667188839
Norm,Experiment2 FmTHF #6 norm,,1.00735887752629,0.0685167878489572
Norm,Experiment2 FmTHF #7 norm,,0.989466148132504,0.117506333266719
Norm,Experiment2 FmTHF #8 norm,,0.996642056805562,0.0693026660569248
Norm,Experiment2 Met176 #1 norm,,1.01923022019195,0.0250367454418877
Norm,Experiment2 Met176 #2 norm,,0.93334752385654,0.0371866808583072
Norm,Experiment2 Met176 #3 norm,,0.895631008200727,0.0339002739693438
Norm,Experiment2 Met176 #4 norm,,0.896318965201721,0.0799110676057858
Norm,Experiment2 Met176 #5 norm,,0.961349221942628,0.0596947731029468
Norm,Experiment2 Met176 #6 norm,,1.00283921355973,0.033440576881858
Norm,Experiment2 Met176 #7 norm,,1.02648401653675,0.0704323323375591
Norm,Experiment2 Met176 #8 norm,,0.982846311607294,0.157387646522345
Norm,Experiment2 SAM #1 norm,,0.979396514201984,0.0144650186182802
Norm,Experiment2 SAM #2 norm,,1.01967367572383,0.0238273962233495
Norm,Experiment2 SAM #3 norm,,0.931359555673386,0.0319812787767213
Norm,Experiment2 SAM #4 norm,,1.01582364021106,0.0477465223609736
Norm,Experiment2 SAM #5 norm,,0.99769617413753,0.0257168354827865
Norm,Experiment2 SAM #6 norm,,1.04514914812818,0.0591223882404147
Norm,Experiment2 SAM #7 norm,,0.973477735863636,0.0704445480812724
Norm,Experiment2 SAM #8 norm,,1.00308678840301,0.0778098850410589
Norm,Experiment2 CIT465 #1 norm,,1.008155319228,0.0125275033970202
Norm,Experiment2 CIT465 #2 norm,,1.0172982458032,0.010783531003422
Norm,Experiment2 CIT465 #3 norm,,1.01512714589553,0.0135241597827582
Norm,Experiment2 CIT465 #4 norm,,0.985364644007675,0.0128721521908793
Norm,Experiment2 CIT465 #5 norm,,0.962293508943818,0.0153419054735983
Norm,Experiment2 CIT465 #6 norm,,0.972626517739501,0.0114671118427961
Norm,Experiment2 CIT465 #7 norm,,1.04507188366335,0.0164458546663079
Norm,Experiment2 CIT465 #8 norm,,0.999256808927087,0.0214026921069806
Norm,Experiment2 MAL335 #1 norm,,1.00950969261248,0.0119916939733548
Norm,Experiment2 MAL335 #2 norm,,1.01556053078288,0.0139242297054011
Norm,Experiment2 MAL335 #3 norm,,1.01078404947267,0.013389751433428
Norm,Experiment2 MAL335 #4 norm,,1.02738496968764,0.012523881451811
Norm,Experiment2 MAL335 #5 norm,,0.976232427871273,0.0148160043119505
Norm,Experiment2 MAL335 #6 norm,,0.993885577546193,0.0161177612035106
Norm,Experiment2 MAL335 #7 norm,,1.01994630000333,0.022538549949792
Norm,Experiment2 MAL335 #8 norm,,0.965292024065202,0.0409478471218402
Norm,Experiment2 ASP334 #1 norm,,0.979214390460826,0.0159801072157135
Norm,Experiment2 ASP334 #2 norm,,0.990978463367598,0.0237789542664663
Norm,Experiment2 ASP334 #3 norm,,0.963689665168797,0.0172460388593382
Norm,Experiment2 ASP334 #4 norm,,0.978822234728072,0.0210021819327222
Norm,Experiment2 ASP334 #5 norm,,0.935133501890916,0.0231059826825712
Norm,Experiment2 ASP334 #6 norm,,1.01893408471755,0.0589891724138294
Norm,Experiment2 ASP334 #7 norm,,0.966690923597056,0.0568027962887586
Norm,Experiment2 ASP334 #8 norm,,0.949801707345788,0.0364028762250086
Norm,Experiment2 GLU348 #1 norm,,0.978666706838091,0.011835532128941
Norm,Experiment2 GLU348 #2 norm,,1.0194537090756,0.0124121438127271
Norm,Experiment2 GLU348 #3 norm,,0.98691757338746,0.0117982581970128
Norm,Experiment2 GLU348 #4 norm,,0.980367405434883,0.015713321358206
Norm,Experiment2 GLU348 #5 norm,,0.964680135784176,0.0298558827181854
Norm,Experiment2 GLU348 #6 norm,,0.931732180563843,0.0146952461680517
Norm,Experiment2 GLU348 #7 norm,,0.94775509553828,0.0221222321064629
Norm,Experiment2 GLU348 #8 norm,,0.941114484868759,0.0539483091169877
Norm,Experiment2 THR320 #1 norm,,1.01691010380923,0.0101855549177452
Norm,Experiment2 THR320 #2 norm,,1.00277753621551,0.0117528242180264
Norm,Experiment2 THR320 #3 norm,,1.01290777828545,0.0103199644132979
Norm,Experiment2 THR320 #4 norm,,0.96928251723614,0.0108587483520722
Norm,Experiment2 THR320 #5 norm,,0.991205894999847,0.020802246730325
Norm,Experiment2 THR320 #6 norm,,1.03722611143607,0.0114254882739897
Norm,Experiment2 THR320 #7 norm,,0.973533725123337,0.0138517316184197
Norm,Experiment2 THR320 #8 norm,,0.906357802215289,0.0344965254672524
Norm,Experiment2 ALA116 #1 norm,,1.00723192344937,0.0100799101487815
Norm,Experiment2 ALA116 #2 norm,,0.996869249558777,0.00998572684447639
Norm,Experiment2 ALA116 #3 norm,,1.00620907805183,0.0103773778075314
Norm,Experiment2 ALA116 #4 norm,,0.982998034370164,0.0251472592082155
Norm,Experiment2 ALA116 #5 norm,,0.946968933650661,0.0698289777726695
Norm,Experiment2 ALA116 #6 norm,,0.991199977106291,0.077778097271813
Norm,Experiment2 ALA116 #7 norm,,1.01004375826963,0.0726187793409704
Norm,Experiment2 ALA116 #8 norm,,0.940776159551827,0.196954880492397
Norm,Experiment2 PYR #1 norm,,0.983214516276575,0.0127491590747591
Norm,Experiment2 PYR #2 norm,,0.944067764448284,0.0559923488873321
Norm,Experiment2 PYR #3 norm,,0.966997958185361,0.0621901068879343
Norm,Experiment2 PYR #4 norm,,1.08546381601721,0.0503009527523014
Norm,Experiment2 PYR #5 norm,,1.08303147750947,0.160729227243802
Norm,Experiment2 PYR #6 norm,,0.921521520909436,0.168158729327094
Norm,Experiment2 PYR #7 norm,,1.00233269484834,0.0715389262909405
Norm,Experiment2 PYR #8 norm,,0.937468522841531,0.126427192696069
