type,id,eqn,val,std
Net flux,CO2.t,CO2.t -> CO2,64.8267607694018,1.52018875967749
Net flux,CO2_sink,dummy -> Sink,64.8267607694018,1.52018875967749
Net flux,RUBICSO_CO2,RUBP.p + CO2 -> 3PGA.p + 3PGA.p + dummy,66.9349206864838,1.52931686699037
Net flux,GAPDH.p net,3PGA.p <-> TP.p,135.584812057496,3.03857858957872
Exch flux,GAPDH.p exch,3PGA.p <-> TP.p,81312.4724640735,2877.19602223623
Net flux,ALD,TP.p + E4P.p -> SBP,23.0456159217742,0.511309519086167
Net flux,SBP,SBP -> S7P.p,23.0456159217742,0.511309519086167
Net flux,FBA.p net,TP.p + TP.p <-> FBP.p,30.1846856361954,0.781614637108704
Exch flux,FBA.p exch,TP.p + TP.p <-> FBP.p,21126.3474254127,2494.22880321273
Net flux,PFK.p net,FBP.p <-> F6P.p,30.1846856361985,0.781614637108704
Exch flux,PFK.p exch,FBP.p <-> F6P.p,9.99893075004366e-08,1.38152043587211e-12
Net flux,TK1 net,TP.p + EC2 <-> X5P.p,46.0912318435484,1.02261903817233
Exch flux,TK1 exch,TP.p + EC2 <-> X5P.p,1.0000000116861e-07,0
Net flux,TK2 net,S7P.p <-> R5P.p + EC2,23.0456159217742,0.511309519086167
Exch flux,TK2 exch,S7P.p <-> R5P.p + EC2,38.2924204782646,4102.82657860509
Net flux,TK3 net,F6P.p <-> E4P.p + EC2,23.0456159217756,0.511309519086167
Exch flux,TK3 exch,F6P.p <-> E4P.p + EC2,9598.66807130678,1928.48671248902
Net flux,PPE net,X5P.p <-> RU5P.p,46.0912318435484,1.02261903817233
Exch flux,PPE exch,X5P.p <-> RU5P.p,86.2277028430194,5658.34379507505
Net flux,PPI net,R5P.p <-> RU5P.p,23.0456159217742,0.511309519086167
Exch flux,PPI exch,R5P.p <-> RU5P.p,247.142006663658,5408.32236504928
Net flux,PRK,RU5P.p -> RUBP.p,69.1368477653228,1.53392855711783
Net flux,RUBISCO_O2,RUBP.p -> 3PGA.p + 2PG.p,2.2019270788389,0.0846324082785271
Net flux,GLYdil net,GLY.p <-> GLY.x + dummyGLY,0.0154852157178809,0.0017093371277448
Exch flux,GLYdil exch,GLY.p <-> GLY.x + dummyGLY,1.0000000116861e-07,0
Net flux,SERdil net,SER.p <-> SER.x + dummySER,0.0529495171325109,0.00584482685922606
Exch flux,SERdil exch,SER.p <-> SER.x + dummySER,1.00067886421584e-07,5.1152182951165e-12
Net flux,GK,GA.p -> 3PGA.p,0.161082407525206,0.165134161540564
Net flux,PGI.p net,F6P.p <-> G6P.p,7.13906971442587,0.413783316198057
Exch flux,PGI.p exch,F6P.p <-> G6P.p,9.99967966208715e-08,5.23472255179631e-13
Net flux,PGM.p,G6P.p -> ADPG.p,7.13906971442587,0.413783316198057
Net flux,Starch,ADPG.p -> Starch,7.13906971442585,0.413783316198057
Net flux,FBA.c net,TP.c + TP.c <-> FBP.c,3.03929650988722,0.335493057754279
Exch flux,FBA.c exch,TP.c + TP.c <-> FBP.c,21.2201906048113,5584.62725354635
Net flux,PFK.c net,FBP.c <-> F6P.c,3.03929650988724,0.335493057754279
Exch flux,PFK.c exch,FBP.c <-> F6P.c,7.27477079544058,13.9193461331661
Net flux,PGI.c net,F6P.c <-> G6P.c,1.51964825494363,0.167746528877139
Exch flux,PGI.c exch,F6P.c <-> G6P.c,227.848613874901,5628.30023195019
Net flux,PGM.c net,G6P.c <-> UDPG.c,1.5196482549436,0.167746528877139
Exch flux,PGM.c exch,G6P.c <-> UDPG.c,48481.7575419715,3313.09917973341
Net flux,SPS,F6P.c + UDPG.c -> S6P,1.51964825494358,0.167746528877139
Net flux,PGAM.c net,3PGA.c <-> PEP.c,0.648038801838348,0.0715338296747549
Exch flux,PGAM.c exch,3PGA.c <-> PEP.c,0.758439677759268,3485.15893804322
Net flux,PK.c,PEP.c -> PYR.c,0.294158312709819,0.0324706955754237
Net flux,PDH,PYR.c + dummy -> ACA + CO2,0.244815333871617,0.0270239657750976
Net flux,CS,OAA + ACA -> CIT,0.244815333871613,0.0270239657750976
Net flux,ACO net,CIT <-> ICI,0.244815333871657,0.0270239657750976
Exch flux,ACO exch,CIT <-> ICI,1685.72653740403,5265.1246478589
Net flux,IDH,ICI + dummy -> AKG + CO2,0.244815333871629,0.0270239657750976
Net flux,MDH net,MAL <-> OAA,7.105427357601e-15,0
Exch flux,MDH exch,MAL <-> OAA,0.146977389065668,0.149007756026471
Net flux,PPC,PEP.c + CO2 -> OAA + dummy,0.353880489128506,0.0390631341473855
Net flux,T_3PGA net,3PGA.p <-> 3PGA.c,0.648038801838325,0.0715338296747549
Exch flux,T_3PGA exch,3PGA.p <-> 3PGA.c,1.0000000116861e-07,0
Net flux,T_DHAP net,TP.p <-> TP.c,6.07859301977449,0.670986115508558
Exch flux,T_DHAP exch,TP.p <-> TP.c,3.12353096875779,2.23956506793574
Net flux,ALT,PYR.c -> ALA.c,0.0493429788379994,0.00544672978439939
Net flux,ASPT,OAA -> ASP,0.109065155257329,0.0120391683675669
Net flux,GLUDH,AKG -> GLU,0.244815333871606,0.0270239657750976
Net flux,PCR net,GLU <-> PRO,-2.48689957516035e-14,0
Exch flux,PCR exch,GLU <-> PRO,1.0000000116861e-07,0
Net flux,GS net,GLU <-> GLN,0,0
Exch flux,GS exch,GLU <-> GLN,1.00042427675362e-07,0
Net flux,TS net,ASP <-> THR,0,0
Exch flux,TS exch,ASP <-> THR,0.00265157207627453,8.08720731755936
Net flux,AS net,ASP <-> ASN,1.06581410364015e-14,0
Exch flux,AS exch,ASP <-> ASN,0.0355103435207802,0.0371049838685559
Net flux,G_3PGA.p,0*3PGA.p -> 3PGA,2.46866316899741e-06,8295.63939342609
Net flux,G_3PGA.c,0*3PGA.c -> 3PGA,92.9119081394509,5857.29854679562
Net flux,G_DHAP.p,0*TP.p -> TP,40.6853798422419,7935.92122775497
Net flux,G_DHAP.c,0*TP.c -> TP,51.8471856996948,5439.54221148844
Net flux,G_F6P.p,0*F6P.p -> F6P,48.6686345030749,7823.04343730703
Net flux,G_F6P.c,0*F6P.c -> F6P,36.546576817712,5662.68681763197
Net flux,G_FBP.p,0*FBP.p -> FBP,2.4686614779057e-06,7499.44980317271
Net flux,G_FBP.c,0*FBP.c -> FBP,83.4512310512124,5175.1266922171
Net flux,G_G6P.p,0*G6P.p -> G6P,19.0549768397257,7785.6690579656
Net flux,G_G6P.c,0*G6P.c -> G6P,58.8549499993083,5159.13868923719
Net flux,G_RU5P.p,0*RU5P.p -> P5P,2.46865389286199e-06,7724.17032821555
Net flux,G_X5P.p,0*X5P.p -> P5P,92.847769149026,4999.92303911965
Net flux,G_R5P.p,0*R5P.p -> R5P,82.2810779884949,5274.30038541745
Net flux,G_GA.p,0*GA.p -> GA,26.8572230823098,3.35299059133628
Net flux,G_SER.p,0*SER.p -> SER,68.9438546378327,5245.45816769216
Net flux,G_GLY.p,0*GLY.p -> GLY,6.01494627763818,5745.57146091416
Net flux,G_RUBP.p,0*RUBP.p -> RUBP,92.5302752673063,5639.43525583239
Net flux,G_S7P.p,0*S7P.p -> S7P,98.4567310636212,5510.20142519834
Net flux,G_2PG.p,0*2PG.p -> 2PG,87.0427532706349,5740.05467389691
Net flux,G_ADPG.p,0*ADPG.p -> ADPG,95.0805622183481,5506.76773018316
Net flux,G_PEP.c,0*PEP.c -> PEP,89.2305410445615,5721.07417190636
Net flux,G_UDPG.c,0*UDPG.c -> UDPG,72.4268033045549,5566.9346098045
Net flux,G_ALA.c,0*ALA.c -> ALA,63.9412534306164,4.71642579144463
Net flux,(1-G)_GA,0*GA.x -> GA,73.1427769176922,3.35299059133628
Net flux,(1-G)_SER,0*SER.x -> SER,31.0561443566361,4.68176799889073
Net flux,(1-G)_GLY,0*GLY.x -> GLY,42.4299927514022,8.19543403762243
Net flux,(1-G)_R5P,0*R5P.x -> R5P,17.718922011502,5274.30038541745
Net flux,(1-G)_RUBP,0*RUBP.x -> RUBP,7.46972473269241,5639.43525583239
Net flux,(1-G)_3PGA,0*3PGA.x -> 3PGA,7.08808939188615,5793.69575787364
Net flux,(1-G)_TP,0*TP.x -> TP,7.46743445806384,5686.31373595893
Net flux,(1-G)_F6P,0*F6P.x -> F6P,14.7847886792169,5602.66910313033
Net flux,(1-G)_FBP,0*FBP.x -> FBP,16.5487664801209,5435.32052375952
Net flux,(1-G)_G6P,0*G6P.x -> G6P,22.0900731609643,5895.47570926807
Net flux,(1-G)_RU5P,0*RU5P.x -> P5P,7.15222838232151,5894.77377715005
Net flux,(1-G)_S7P,0*S7P.x -> S7P,1.5432689363768,5510.20142519834
Net flux,(1-G)_2PG,0*2PG.x -> 2PG,12.9572467293675,5740.05467389691
Net flux,(1-G)_ADPG,0*ADPG.x -> ADPG,4.91943778165087,5506.76773018316
Net flux,(1-G)_PEP,0*PEP.x -> PEP,10.7694589554367,5721.07417190636
Net flux,(1-G)_UDPG,0*UDPG.x -> UDPG,27.5731966954463,5566.9346098045
Net flux,(1-G)_ALA,0*ALA.x -> ALA,36.0587465693834,4.71642579144463
Net flux,PGASink,3PGA -> Sink,100,0
Net flux,DHAPSink,TP -> Sink,100.000000000001,0
Net flux,F6PSink,F6P -> Sink,100.000000000004,0
Net flux,FBPSink,FBP -> Sink,99.9999999999948,0
Net flux,G6PSink,G6P -> Sink,99.9999999999983,0
Net flux,P5PSink,P5P -> Sink,100.000000000001,0
Net flux,R5PSink,R5P -> Sink,99.9999999999968,0
Net flux,GASink,GA -> Sink,100.000000000002,0
Net flux,SERSink,SER -> Sink,99.9999999999996,0
Net flux,GLYSink,GLY -> Sink,100.000000000001,0
Net flux,RUBPSink,RUBP -> Sink,99.9999999999987,0
Net flux,S7PSink,S7P -> Sink,99.9999999999979,0
Net flux,2PGSink,2PG -> Sink,100.000000000002,0
Net flux,ADPGSink,ADPG -> Sink,99.9999999999989,0
Net flux,PEPSink,PEP -> Sink,99.9999999999983,0
Net flux,UDPGSink,UDPG -> Sink,100.000000000001,0
Net flux,ALASink,ALA -> Sink,99.9999999999998,0
Net flux,S6Pout-LL,S6P + 0.1611*GLU + 0.07177*ASP + 0.03247*ALA.c + 0.01019*dummyGLY + 0.03484*dummySER -> Sink,1.51964825494361,0.167746528877139
Net flux,PGP.p,2PG.p -> Glyc.p,2.20192707883892,0.0846324082785271
Net flux,GOX,Glyc.p -> Glyx.p,2.20192707883893,0.0846324082785271
Net flux,GGT,Glyx.p -> GLY.p,2.20192707883892,0.0846324082785271
Net flux,SGAT,SER.p -> HPA.p,0.161082407525196,0.165134161540564
Net flux,HPR.p,HPA.p -> GA.p,0.16108240752519,0.165134161540564
Net flux,T_GLY-m net,GLY.p <-> GLY.m,2.3441814037069,5550.62453228472
Exch flux,T_GLY-m exch,GLY.p <-> GLY.m,33791.193581072,5430.61705404823
Net flux,GDC.m,GLY.m + dummy -> myTHF.m + CO2,1.97240973846772,0.177151459659012
Net flux,T_SER-m net,SER.p <-> SER.m,-1.9724097384676,0.177151459659012
Exch flux,T_SER-m exch,SER.p <-> SER.m,1243.39925296013,5665.01454012245
Net flux,mSHMT,GLY.m + myTHF.m -> SER.m,1.97240973846772,0.177151459659012
Net flux,T_SER-c net,SER.p <-> SER.c,1.75837781381001,0.331760330647233
Exch flux,T_SER-c exch,SER.p <-> SER.c,0.00915429086802622,0.0902216556738776
Net flux,T_Gly-c net,GLY.p <-> GLY.c,-0.157739540580544,5550.62453163892
Exch flux,T_Gly-c exch,GLY.p <-> GLY.c,9.99999998363421e-08,0
Net flux,cSHMT,SER.c -> GLY.c + meTHF.c,1.75837771381109,0.331760330624515
Net flux,FmTHF-reductase net,meTHF.c <-> FmTHF.c,1.75837771381109,0.331760330624515
Exch flux,FmTHF-reductase exch,meTHF.c <-> FmTHF.c,7.47114201669424,5318.92155694617
Net flux,Met-synthase,FmTHF.c + Hcy.c -> Met.c,1.75837771381107,0.331760330624515
Net flux,SAM-synthase,Met.c -> SAM.c,1.75837771381108,0.331760330624515
Net flux,Methylation,SAM.c -> SAH.c + Acceptor.c,1.75837771381107,0.331760330624515
Net flux,hydrolysis,SAH.c -> Hcy.c,1.75837771381106,0.331760330624515
Net flux,G_SER.m,0*SER.m -> SER,1.0000000116861e-07,0
Net flux,G_SER.c,0*SER.c -> SER,9.05530733064097e-07,5245.45607838941
Net flux,G_Gly.m,0*GLY.m -> GLY,0.000110168067177341,5745.57107937762
Net flux,G_Gly.c,0*GLY.c -> GLY,51.5549508028937,8.63917974172709
Net flux,T_GLY-c-m,GLY.c -> GLY.m,1.60063807323388,5550.62454155317
Net flux,G_Glyc,0*Glyc.p -> Glyc,9.42914958175462,1.52491946473467
Net flux,G_Glyx,0*Glyx.p -> Glyx,1.73559639137874,0.920798496545081
Net flux,G_HPA,0*HPA.p -> HPA,10.0174965811895,1.80528562642922
Net flux,(1-G)_Glyc,0*Glyc.x -> Glyc,90.570850418246,1.52491946473467
Net flux,(1-G)_Glyx,0*Glyx.x -> Glyx,98.2644036086221,0.920798496545081
Net flux,(1-G)_HPA,0*HPA.x -> HPA,89.9825034188104,1.80528562642922
Net flux,GlycSink,Glyc -> Sink,100.000000000001,0
Net flux,GlyxSink,Glyx -> Sink,100.000000000001,0
Net flux,HPASink,HPA -> Sink,99.9999999999998,0
Net flux,SERex,dummySER -> outSER,9.99381470911942e-08,1.72502061982743e-12
Net flux,G_PYR,0*PYR.c -> PYR,39.7035142825959,3.05801541873166
Net flux,(1-G)_PYR,0*PYR.x -> PYR,60.2964857174044,3.05801541873166
Net flux,PYRSink,PYR -> Sink,100,0
Net flux,G_meTHF,0*meTHF.c -> meTHF,99.9999998999999,0
Net flux,G_FmTHF,0*FmTHF.c -> FmTHF,84.7811317061291,7.12524585175816
Net flux,G_Met,0*Met.c -> Met,61.0890759325845,4.82828557581603
Net flux,G_SAM,0*SAM.c -> SAM,56.459861534954,5.06810456670234
Net flux,(1-G)_meTHF,0*meTHF.x -> meTHF,1.0000000116861e-07,0
Net flux,(1-G)_FmTHF,0*FmTHF.x -> FmTHF,15.218868293871,7.12524585175816
Net flux,(1-G)_Met,0*Met.x -> Met,38.9109240674155,4.82828557581603
Net flux,(1-G)_SAM,0*SAM.x -> SAM,43.540138465046,5.06810456670234
Net flux,meTHFSink,meTHF -> Sink,99.9999999999999,0
Net flux,FmTHFSink,FmTHF -> Sink,100,0
Net flux,MetSink,Met -> Sink,100,0
Net flux,SAMsink,SAM -> Sink,100,0
Net flux,Met-protein,Met.c -> Protein,6.51983996113883e-15,0
Net flux,GLY-protein,GLY.c -> Protein,9.99966873749258e-08,5.78517930003433e-13
Net flux,SER-protein,SER.c -> Protein,9.99989211436514e-08,1.46218933568471e-12
Pool,2PG pool,,0,0
Pool,2PG.p pool,,7.31259465393195e-07,5800.42533186189
Pool,2PG.x pool,,1,Inf
Pool,3PGA pool,,0,0
Pool,3PGA.c pool,,0.0122985047380858,0.00586034547824009
Pool,3PGA.p pool,,2.88286080688567e-06,5639.90029969679
Pool,3PGA.x pool,,1,Inf
Pool,ACA pool,,1.17464912071435e-06,5640.12927734875
Pool,ADPG pool,,0,0
Pool,ADPG.p pool,,9.9999999999999e-08,Inf
Pool,ADPG.x pool,,1,Inf
Pool,AKG pool,,8.01262241765655e-07,5642.62783331999
Pool,ALA pool,,0,0
Pool,ALA.c pool,,0.00722310639463328,0.00201260791821881
Pool,ALA.x pool,,1,Inf
Pool,ASN pool,,7570.84283603171,5561.82813002995
Pool,ASP pool,,0.00190580009750086,0.00270088060093887
Pool,Acceptor.c pool,,1,Inf
Pool,CIT pool,,5.15001932069494,1.90437992250661
Pool,CO2 pool,,1.10527806693876e-05,5580.14983125753
Pool,CO2.t pool,,1,Inf
Pool,E4P.p pool,,0,0
Pool,EC2 pool,,0,0
Pool,F6P pool,,0,0
Pool,F6P.c pool,,3.82886210988617e-06,5569.50371951771
Pool,F6P.p pool,,2.00182144576898e-06,5567.1498714923
Pool,F6P.x pool,,1,Inf
Pool,FBP pool,,0,0
Pool,FBP.c pool,,3.65359630838886e-06,5657.66855569891
Pool,FBP.p pool,,2.12373616351148e-06,5584.65533999096
Pool,FBP.x pool,,1,Inf
Pool,FmTHF pool,,9.16030144415141,3.49830924114
Pool,FmTHF.c pool,,9.28436201705054e-07,5462.76633677765
Pool,FmTHF.x pool,,1,Inf
Pool,G6P pool,,0,0
Pool,G6P.c pool,,9.8756206500045e-06,5518.70442688366
Pool,G6P.p pool,,3.56898868755776e-06,5578.7214050028
Pool,G6P.x pool,,1,Inf
Pool,GA pool,,0,0
Pool,GA.p pool,,1e-07,0
Pool,GA.x pool,,1,Inf
Pool,GLN pool,,8.83867754869742,5533.69990677553
Pool,GLU pool,,8.01264068007052e-07,5534.78200004864
Pool,GLY pool,,0,0
Pool,GLY.c pool,,0.0519876112659851,0.0410390562814389
Pool,GLY.m pool,,1.00000000002876e-07,0
Pool,GLY.p pool,,1.80067066877372e-06,5530.74533476846
Pool,GLY.x pool,,1,Inf
Pool,Glyc pool,,6.83348721831963,2.99955783053506
Pool,Glyc.p pool,,8.04250478338076e-07,5548.81396710234
Pool,Glyc.x pool,,1,Inf
Pool,Glyx pool,,6.70158637120607,5405.69922493627
Pool,Glyx.p pool,,1.00696204438822e-06,5547.9583609856
Pool,Glyx.x pool,,1,Inf
Pool,HPA pool,,0.000168037209505508,5677.13487554102
Pool,HPA.p pool,,1e-07,0
Pool,HPA.x pool,,1,Inf
Pool,Hcy.c pool,,1,Inf
Pool,ICI pool,,0.00265553534554188,5643.48011282478
Pool,MAL pool,,0.502768439879525,0.379927249513377
Pool,Met pool,,5.71666029369017e-05,5597.74014061915
Pool,Met.c pool,,7.88990044375544e-07,5604.70892146483
Pool,Met.x pool,,1,Inf
Pool,OAA pool,,0.178700810594869,0.0575573233420777
Pool,P5P pool,,0,0
Pool,PEP pool,,0,0
Pool,PEP.c pool,,1.00000000000002e-07,0
Pool,PEP.x pool,,1,Inf
Pool,PRO pool,,5.39499638252594,5559.93575900472
Pool,PYR pool,,1e-07,0
Pool,PYR.c pool,,0.0164236316746736,0.00586130081718535
Pool,PYR.x pool,,1,Inf
Pool,Protein pool,,1,Inf
Pool,R5P pool,,0,0
Pool,R5P.p pool,,3.56149200882849e-06,5339.65430738589
Pool,R5P.x pool,,1,Inf
Pool,RU5P.p pool,,2.20311229512588e-06,5626.93017364449
Pool,RU5P.x pool,,1,Inf
Pool,RUBP pool,,0,0
Pool,RUBP.p pool,,2.21294595041705e-06,5681.75777353941
Pool,RUBP.x pool,,1,Inf
Pool,S6P pool,,1,Inf
Pool,S7P pool,,0,0
Pool,S7P.p pool,,1.93025403927772e-06,5626.7252914241
Pool,S7P.x pool,,1,Inf
Pool,SAH.c pool,,1,Inf
Pool,SAM pool,,4.71366644079725,2.45253369595771
Pool,SAM.c pool,,2.5720226899605e-06,5566.46238257313
Pool,SAM.x pool,,1,Inf
Pool,SBP pool,,0,0
Pool,SER pool,,0,0
Pool,SER.c pool,,1.00000000002876e-07,0
Pool,SER.m pool,,0.469711944558219,0.0426680218906719
Pool,SER.p pool,,0.000300046131941647,5665.23128053916
Pool,SER.x pool,,1,Inf
Pool,Sink pool,,1,Inf
Pool,Starch pool,,1,Inf
Pool,THR pool,,0.0206240176809481,61.8015719010842
Pool,TP pool,,0,0
Pool,TP.c pool,,4.00033734345596e-06,5452.61103020429
Pool,TP.p pool,,2.94451332120481e-06,5675.99860888564
Pool,TP.x pool,,1,Inf
Pool,UDPG pool,,0,0
Pool,UDPG.c pool,,3.66938617450852,3.9488521403448
Pool,UDPG.x pool,,1,Inf
Pool,X5P.p pool,,2.2580312067667e-06,5590.89781026035
Pool,dummy pool,,1,Inf
Pool,dummyGLY pool,,1,Inf
Pool,dummySER pool,,1,Inf
Pool,meTHF pool,,0.531459183998944,1.27633109089817
Pool,meTHF.c pool,,9.63394442499635e-07,5311.83755679354
Pool,meTHF.x pool,,1,Inf
Pool,myTHF.m pool,,9.99999999994061e-08,0
Pool,outSER pool,,1,Inf
Norm,Experiment2 Glyc205 #1 norm,,0.934785126310309,0.0346967120041011
Norm,Experiment2 Glyc205 #2 norm,,0.981092968500228,0.015861533550523
Norm,Experiment2 Glyc205 #3 norm,,0.999301533383847,0.0223128503942145
Norm,Experiment2 Glyc205 #4 norm,,0.993081183349325,0.0218374504015389
Norm,Experiment2 Glyc205 #5 norm,,1.0123402080048,0.02356279392128
Norm,Experiment2 Glyc205 #6 norm,,0.974768895199186,0.0260327699759244
Norm,Experiment2 Glyc205 #7 norm,,1.01551222315842,0.0354523365615834
Norm,Experiment2 Glyc205 #8 norm,,0.856036789326759,0.111324013454334
Norm,Experiment2 Glyx160 #1 norm,,1.00059262261981,0.0113833577454947
Norm,Experiment2 Glyx160 #2 norm,,0.99592006302893,0.0116737094188231
Norm,Experiment2 Glyx160 #3 norm,,0.994041302541634,0.0128143249442939
Norm,Experiment2 Glyx160 #4 norm,,1.00166776308809,0.0171385408648318
Norm,Experiment2 Glyx160 #5 norm,,0.967830469321312,0.015563976425373
Norm,Experiment2 Glyx160 #6 norm,,0.993370675009772,0.0202211719081267
Norm,Experiment2 Glyx160 #7 norm,,1.03359999163891,0.0289600348356006
Norm,Experiment2 Glyx160 #8 norm,,0.860835714221422,0.103921448333707
Norm,Experiment2 GLY276 #1 norm,,0.974890506471654,0.0101249096990847
Norm,Experiment2 GLY276 #2 norm,,0.981789334778755,0.0228980626414923
Norm,Experiment2 GLY276 #3 norm,,0.977043678121444,0.0189091978567671
Norm,Experiment2 GLY276 #4 norm,,1.01956124655476,0.0194347660905998
Norm,Experiment2 GLY276 #5 norm,,0.967651754342618,0.0361589277510528
Norm,Experiment2 GLY276 #6 norm,,1.02032916967486,0.0807421642777134
Norm,Experiment2 GLY276 #7 norm,,1.00150205171516,0.135700679943867
Norm,Experiment2 GLY276 #8 norm,,0.993840712939615,0.231065422097498
Norm,Experiment2 HPA262 #1 norm,,1.01999813655564,0.0198374736668021
Norm,Experiment2 HPA262 #2 norm,,1.0356503907894,0.0267461087712466
Norm,Experiment2 HPA262 #3 norm,,0.948717004803849,0.0242671396380984
Norm,Experiment2 HPA262 #4 norm,,0.936282634338118,0.0291752482841495
Norm,Experiment2 HPA262 #5 norm,,0.965108250350502,0.0231589585522964
Norm,Experiment2 HPA262 #6 norm,,0.990589404281874,0.0296597281027224
Norm,Experiment2 HPA262 #7 norm,,0.979501390471803,0.0238849719407706
Norm,Experiment2 HPA262 #8 norm,,0.948772025991204,0.0373834935826188
Norm,Experiment2 GA307 #1 norm,,0.999131521519658,0.0107986379148428
Norm,Experiment2 GA307 #2 norm,,0.908640023012084,0.030000794736604
Norm,Experiment2 GA307 #3 norm,,0.871762248447247,0.019937640932741
Norm,Experiment2 GA307 #4 norm,,0.947985214500537,0.0251111102430471
Norm,Experiment2 GA307 #5 norm,,0.951261565037829,0.0686299994562161
Norm,Experiment2 GA307 #6 norm,,0.800873824937905,0.101214204631993
Norm,Experiment2 GA307 #7 norm,,0.88534923663072,0.0601163328071935
Norm,Experiment2 GA307 #8 norm,,0.93131376282793,0.148951526904919
Norm,Experiment2 SER306 #1 norm,,1.01096353885449,0.0127995769163991
Norm,Experiment2 SER306 #2 norm,,0.95818393953098,0.036514162132476
Norm,Experiment2 SER306 #3 norm,,1.02015228677687,0.0203881843807112
Norm,Experiment2 SER306 #4 norm,,1.03514461011277,0.0260167963508366
Norm,Experiment2 SER306 #5 norm,,0.999567471558369,0.0543883352827701
Norm,Experiment2 SER306 #6 norm,,1.03545344907942,0.122870156876579
Norm,Experiment2 SER306 #7 norm,,1.04045053940337,0.0973630951732933
Norm,Experiment2 SER306 #8 norm,,0.988939954524538,0.13494499546861
Norm,Experiment2 meTHF #1 norm,,0.977477261906117,0.00970106551132729
Norm,Experiment2 meTHF #2 norm,,0.98941948172138,0.0142219842669556
Norm,Experiment2 meTHF #3 norm,,0.974478669499588,0.0352772636549522
Norm,Experiment2 meTHF #4 norm,,1.0506170682529,0.0287700512769825
Norm,Experiment2 meTHF #5 norm,,0.981127706191809,0.0835936102788968
Norm,Experiment2 meTHF #6 norm,,0.97430892281306,0.145438295053796
Norm,Experiment2 meTHF #7 norm,,0.972815052828087,0.231763505670962
Norm,Experiment2 meTHF #8 norm,,1.02179528623324,0.0798092023954458
Norm,Experiment2 FmTHF #1 norm,,1.00111133041961,0.00997894080773483
Norm,Experiment2 FmTHF #2 norm,,1.02224099191438,0.0118328020311021
Norm,Experiment2 FmTHF #3 norm,,0.987966865062555,0.00994116907758742
Norm,Experiment2 FmTHF #4 norm,,1.01822573029358,0.0213327231509649
Norm,Experiment2 FmTHF #5 norm,,1.00212770696417,0.0400285437293247
Norm,Experiment2 FmTHF #6 norm,,0.962825830624745,0.0771984463238383
Norm,Experiment2 FmTHF #7 norm,,1.0064642103786,0.125646753667737
Norm,Experiment2 FmTHF #8 norm,,1.00429515856398,0.0867029968264703
Norm,Experiment2 Met176 #1 norm,,0.990922871024274,0.0241699677073017
Norm,Experiment2 Met176 #2 norm,,0.967221347678147,0.0385445525777497
Norm,Experiment2 Met176 #3 norm,,0.924346310806668,0.0312925910872395
Norm,Experiment2 Met176 #4 norm,,0.92143315864906,0.0940167038709059
Norm,Experiment2 Met176 #5 norm,,0.90326281693586,0.0684534372518686
Norm,Experiment2 Met176 #6 norm,,1.00669279706774,0.0345464619873953
Norm,Experiment2 Met176 #7 norm,,1.02885293524412,0.0699185258316512
Norm,Experiment2 Met176 #8 norm,,1.01201684422996,0.157502227311094
Norm,Experiment2 SAM #1 norm,,1.01149226889203,0.0150633189558548
Norm,Experiment2 SAM #2 norm,,1.00368000979755,0.0220148034648359
Norm,Experiment2 SAM #3 norm,,0.984318967738291,0.0340838092812985
Norm,Experiment2 SAM #4 norm,,0.979112371981895,0.0469364900747363
Norm,Experiment2 SAM #5 norm,,1.00611769692989,0.0252379719597609
Norm,Experiment2 SAM #6 norm,,0.977219762506243,0.0546521072883748
Norm,Experiment2 SAM #7 norm,,1.01541529672277,0.0873287387300501
Norm,Experiment2 SAM #8 norm,,0.999409260295449,0.074537818987679
Norm,Experiment2 CIT465 #1 norm,,0.983413137347574,0.0125121402253062
Norm,Experiment2 CIT465 #2 norm,,0.988650978460607,0.0104322565495354
Norm,Experiment2 CIT465 #3 norm,,0.979348989965978,0.0128385533260262
Norm,Experiment2 CIT465 #4 norm,,0.947648316932015,0.0120900409547631
Norm,Experiment2 CIT465 #5 norm,,0.990082332931025,0.0156801607189726
Norm,Experiment2 CIT465 #6 norm,,0.990475007729359,0.0113235169493136
Norm,Experiment2 CIT465 #7 norm,,1.01111391774249,0.0151654315006169
Norm,Experiment2 CIT465 #8 norm,,1.03387286667197,0.0211112095993157
Norm,Experiment2 MAL335 #1 norm,,1.00109419773484,0.0118152966297784
Norm,Experiment2 MAL335 #2 norm,,0.969464403443438,0.0133067125693067
Norm,Experiment2 MAL335 #3 norm,,0.953981222564734,0.0126063146750287
Norm,Experiment2 MAL335 #4 norm,,0.976718095241373,0.0117612513314526
Norm,Experiment2 MAL335 #5 norm,,0.993968012070789,0.0151197726324582
Norm,Experiment2 MAL335 #6 norm,,0.985034328166133,0.0146252073656217
Norm,Experiment2 MAL335 #7 norm,,0.990170065936689,0.0204444774566033
Norm,Experiment2 MAL335 #8 norm,,0.98937148611053,0.0390345073299583
Norm,Experiment2 ASP334 #1 norm,,0.983947046774951,0.0157627820022836
Norm,Experiment2 ASP334 #2 norm,,0.986745464844608,0.0231665367701377
Norm,Experiment2 ASP334 #3 norm,,0.926583082803061,0.0215767820187991
Norm,Experiment2 ASP334 #4 norm,,0.985094880399604,0.02664825231361
Norm,Experiment2 ASP334 #5 norm,,0.986571211385527,0.0279952681073262
Norm,Experiment2 ASP334 #6 norm,,0.940002508036337,0.0576688096313187
Norm,Experiment2 ASP334 #7 norm,,0.989552614361394,0.0569890555776063
Norm,Experiment2 ASP334 #8 norm,,0.967562671529733,0.0386016876879031
Norm,Experiment2 GLU348 #1 norm,,1.01652869646357,0.0121260977691263
Norm,Experiment2 GLU348 #2 norm,,0.985354949319353,0.0121562825970653
Norm,Experiment2 GLU348 #3 norm,,0.986981480178783,0.0118401332443662
Norm,Experiment2 GLU348 #4 norm,,1.00127363728915,0.0150653856756033
Norm,Experiment2 GLU348 #5 norm,,0.956138251326851,0.0295331829626388
Norm,Experiment2 GLU348 #6 norm,,0.953096471268015,0.0147200826680372
Norm,Experiment2 GLU348 #7 norm,,0.925817860896796,0.0222925830237573
Norm,Experiment2 GLU348 #8 norm,,0.845374952905436,0.0439863103680364
Norm,Experiment2 THR320 #1 norm,,1.00534994501258,0.0101987885837309
Norm,Experiment2 THR320 #2 norm,,0.998389299509116,0.0116216970239198
Norm,Experiment2 THR320 #3 norm,,1.0272712180732,0.0106404504360847
Norm,Experiment2 THR320 #4 norm,,0.984340075440624,0.0111143607034202
Norm,Experiment2 THR320 #5 norm,,0.937401766543654,0.0191168350106571
Norm,Experiment2 THR320 #6 norm,,0.967707472541245,0.010514887923933
Norm,Experiment2 THR320 #7 norm,,0.97817833486471,0.0201205768842497
Norm,Experiment2 THR320 #8 norm,,1.00877356121246,0.0576239074946035
Norm,Experiment2 ALA116 #1 norm,,1.02600507384405,0.0102883892500986
Norm,Experiment2 ALA116 #2 norm,,1.00763562867225,0.0101265956385145
Norm,Experiment2 ALA116 #3 norm,,1.03104720699935,0.0110544404302308
Norm,Experiment2 ALA116 #4 norm,,1.0309833516024,0.0278479036535953
Norm,Experiment2 ALA116 #5 norm,,0.969296760252498,0.0730718392650385
Norm,Experiment2 ALA116 #6 norm,,0.991692979179568,0.0777904952590674
Norm,Experiment2 ALA116 #7 norm,,0.992257624055172,0.0732851640260861
Norm,Experiment2 ALA116 #8 norm,,0.994310496042358,0.137921919461687
Norm,Experiment2 PYR #1 norm,,0.984454734579123,0.0128020151276861
Norm,Experiment2 PYR #2 norm,,0.880993154539519,0.0476451269421645
Norm,Experiment2 PYR #3 norm,,0.885890284694908,0.0585140598264848
Norm,Experiment2 PYR #4 norm,,1.04766056080694,0.050550312708405
Norm,Experiment2 PYR #5 norm,,1.05184223070369,0.114647929442745
Norm,Experiment2 PYR #6 norm,,0.950651290467305,0.143031269532486
Norm,Experiment2 PYR #7 norm,,1.02322763072395,0.0769610434402819
Norm,Experiment2 PYR #8 norm,,0.954198098426825,0.119454844903739
