type,id,eqn,val,std
Net flux,CO2.t,CO2.t -> CO2,65.880744514782,1.45435387011195
Net flux,CO2_sink,dummy -> Sink,65.880744514782,1.45435387011195
Net flux,RUBICSO_CO2,RUBP.p + CO2 -> 3PGA.p + 3PGA.p + dummy,67.4257826182282,1.46034300115188
Net flux,GAPDH.p net,3PGA.p <-> TP.p,136.856261338049,2.9076533651435
Exch flux,GAPDH.p exch,3PGA.p <-> TP.p,90426.599209714,2.95517570858109
Net flux,ALD,TP.p + E4P.p -> SBP,23.1543682317221,0.488060645956279
Net flux,SBP,SBP -> S7P.p,23.1543682317221,0.488060645956279
Net flux,FBA.p net,TP.p + TP.p <-> FBP.p,30.9493999759216,0.753768361584392
Exch flux,FBA.p exch,TP.p + TP.p <-> FBP.p,19906.8026457877,2.73094142552937
Net flux,PFK.p net,FBP.p <-> F6P.p,30.9493999759247,0.753768361584392
Exch flux,PFK.p exch,FBP.p <-> F6P.p,1.00013011206102e-07,1.48884009514449e-15
Net flux,TK1 net,TP.p + EC2 <-> X5P.p,46.3087364634442,0.976121291912557
Exch flux,TK1 exch,TP.p + EC2 <-> X5P.p,1.00000008274037e-07,0
Net flux,TK2 net,S7P.p <-> R5P.p + EC2,23.1543682317221,0.488060645956279
Exch flux,TK2 exch,S7P.p <-> R5P.p + EC2,37.9939039677144,10.1122576511409
Net flux,TK3 net,F6P.p <-> E4P.p + EC2,23.1543682317215,0.488060645956279
Exch flux,TK3 exch,F6P.p <-> E4P.p + EC2,6979.7997090567,4.66345936213778
Net flux,PPE net,X5P.p <-> RU5P.p,46.3087364634442,0.976121291912557
Exch flux,PPE exch,X5P.p <-> RU5P.p,107.291807648277,9.95723949031926
Net flux,PPI net,R5P.p <-> RU5P.p,23.1543682317222,0.488060645956279
Exch flux,PPI exch,R5P.p <-> RU5P.p,240.706392039446,10.068403045756
Net flux,PRK,RU5P.p -> RUBP.p,69.4631046951664,1.46418193786884
Net flux,RUBISCO_O2,RUBP.p -> 3PGA.p + 2PG.p,2.03732207693826,0.0842520434699602
Net flux,GLYdil net,GLY.p <-> GLY.x + dummyGLY,0.0139968736704148,0.00162560943877075
Exch flux,GLYdil exch,GLY.p <-> GLY.x + dummyGLY,0.101117661986486,0.0888972760860229
Net flux,SERdil net,SER.p <-> SER.x + dummySER,0.0478603504620381,0.00555853234059239
Exch flux,SERdil exch,SER.p <-> SER.x + dummySER,0.140545597286028,0.0790646118310602
Net flux,GK,GA.p -> 3PGA.p,0.553127391484189,0.0929376052416746
Net flux,PGI.p net,F6P.p <-> G6P.p,7.79503174420345,0.396915977921451
Exch flux,PGI.p exch,F6P.p <-> G6P.p,0.322997889792138,10.5175312092819
Net flux,PGM.p,G6P.p -> ADPG.p,7.79503174420345,0.396915977921451
Net flux,Starch,ADPG.p -> Starch,7.79503174420343,0.396915977921451
Net flux,FBA.c net,TP.c + TP.c <-> FBP.c,2.74717834551849,0.319059752457459
Exch flux,FBA.c exch,TP.c + TP.c <-> FBP.c,26.3560529301636,9.83154636688859
Net flux,PFK.c net,FBP.c <-> F6P.c,2.74717834551851,0.319059752457459
Exch flux,PFK.c exch,FBP.c <-> F6P.c,12.4967200632495,8.00926564385165
Net flux,PGI.c net,F6P.c <-> G6P.c,1.37358917275927,0.15952987622873
Exch flux,PGI.c exch,F6P.c <-> G6P.c,231.497105398846,10.5194470225822
Net flux,PGM.c net,G6P.c <-> UDPG.c,1.3735891727556,0.15952987622873
Exch flux,PGM.c exch,G6P.c <-> UDPG.c,48481.8107850051,8.16098192721073
Net flux,SPS,F6P.c + UDPG.c -> S6P,1.37358917275921,0.15952987622873
Net flux,PGAM.c net,3PGA.c <-> PEP.c,0.585753366829787,0.0680299204189794
Exch flux,PGAM.c exch,3PGA.c <-> PEP.c,0.18002293565838,8.16126547088945
Net flux,PK.c,PEP.c -> PYR.c,0.265885656170589,0.0308801981415952
Net flux,PDH,PYR.c + dummy -> ACA + CO2,0.221285215731274,0.0257002630604483
Net flux,CS,OAA + ACA -> CIT,0.22128521573127,0.0257002630604483
Net flux,ACO net,CIT <-> ICI,0.221285215731314,0.0257002630604483
Exch flux,ACO exch,CIT <-> ICI,1641.3518729834,8.16098192721073
Net flux,IDH,ICI + dummy -> AKG + CO2,0.221285215731286,0.0257002630604483
Net flux,MDH net,MAL <-> OAA,7.105427357601e-15,0
Exch flux,MDH exch,MAL <-> OAA,1.22799505035687e-05,0.52772943544843
Net flux,PPC,PEP.c + CO2 -> OAA + dummy,0.319867710659628,0.0371497222773843
Net flux,T_3PGA net,3PGA.p <-> 3PGA.c,0.585753366829767,0.0680299204189794
Exch flux,T_3PGA exch,3PGA.p <-> 3PGA.c,0.00749233174281372,11.5324600863119
Net flux,T_DHAP net,TP.p <-> TP.c,5.49435669103704,0.638119504914919
Exch flux,T_DHAP exch,TP.p <-> TP.c,5.35689494362921,2.07254801141286
Net flux,ALT,PYR.c -> ALA.c,0.0446004404395107,0.00517993508114685
Net flux,ASPT,OAA -> ASP,0.0985824949289076,0.0114494592169359
Net flux,GLUDH,AKG -> GLU,0.221285215731263,0.0257002630604483
Net flux,PCR net,GLU <-> PRO,-2.48689957516035e-14,0
Exch flux,PCR exch,GLU <-> PRO,1.0000000116861e-07,0
Net flux,GS net,GLU <-> GLN,0,0
Exch flux,GS exch,GLU <-> GLN,1.00042626627328e-07,0
Net flux,TS net,ASP <-> THR,0,0
Exch flux,TS exch,ASP <-> THR,0.000110334420774905,0.747482207194085
Net flux,AS net,ASP <-> ASN,1.06581410364015e-14,0
Exch flux,AS exch,ASP <-> ASN,0.0646251098636554,0.0138691612871471
Net flux,G_3PGA.p,0*3PGA.p -> 3PGA,2.46866321162997e-06,14.0120676525843
Net flux,G_3PGA.c,0*3PGA.c -> 3PGA,92.9119081391288,9.46764694504387
Net flux,G_DHAP.p,0*TP.p -> TP,40.6853798422419,14.4150251128756
Net flux,G_DHAP.c,0*TP.c -> TP,51.8471856996948,10.2875384261463
Net flux,G_F6P.p,0*F6P.p -> F6P,48.6686345030748,13.4318863662601
Net flux,G_F6P.c,0*F6P.c -> F6P,36.546576817712,8.55150709212623
Net flux,G_FBP.p,0*FBP.p -> FBP,2.46866153474912e-06,12.8921101117959
Net flux,G_FBP.c,0*FBP.c -> FBP,83.4512310492758,8.54260426430218
Net flux,G_G6P.p,0*G6P.p -> G6P,19.0549768397257,14.450047159548
Net flux,G_G6P.c,0*G6P.c -> G6P,58.8549499993083,10.4343323242453
Net flux,G_RU5P.p,0*RU5P.p -> P5P,2.46865395681084e-06,14.8477404198801
Net flux,G_X5P.p,0*X5P.p -> P5P,92.8477691485078,10.4558530610679
Net flux,G_R5P.p,0*R5P.p -> R5P,82.2810779884949,9.93583216205752
Net flux,G_GA.p,0*GA.p -> GA,25.0959790551276,3.53098533489541
Net flux,G_SER.p,0*SER.p -> SER,77.1026357601827,11.4341526121597
Net flux,G_GLY.p,0*GLY.p -> GLY,3.8884829004506,10.518050267302
Net flux,G_RUBP.p,0*RUBP.p -> RUBP,92.5302752673063,10.0336531353055
Net flux,G_S7P.p,0*S7P.p -> S7P,98.4567310636212,10.1894000791519
Net flux,G_2PG.p,0*2PG.p -> 2PG,87.0427532706349,9.90582776592398
Net flux,G_ADPG.p,0*ADPG.p -> ADPG,95.0805622183481,10.4781065277407
Net flux,G_PEP.c,0*PEP.c -> PEP,89.2305410445615,10.0048792220555
Net flux,G_UDPG.c,0*UDPG.c -> UDPG,72.4268033045549,9.68156823837186
Net flux,G_ALA.c,0*ALA.c -> ALA,99.9597259988654,10.3703756068342
Net flux,(1-G)_GA,0*GA.x -> GA,74.9040209448744,3.53098533489541
Net flux,(1-G)_SER,0*SER.x -> SER,22.8973233020278,4.47925159164765
Net flux,(1-G)_GLY,0*GLY.x -> GLY,38.8566618534218,5.06493713125677
Net flux,(1-G)_R5P,0*R5P.x -> R5P,17.718922011502,9.93583216205752
Net flux,(1-G)_RUBP,0*RUBP.x -> RUBP,7.46972473269241,10.0336531353055
Net flux,(1-G)_3PGA,0*3PGA.x -> 3PGA,7.08808939220827,10.1010284436154
Net flux,(1-G)_TP,0*TP.x -> TP,7.46743445806384,9.95671309612923
Net flux,(1-G)_F6P,0*F6P.x -> F6P,14.7847886792169,10.2869156743816
Net flux,(1-G)_FBP,0*FBP.x -> FBP,16.5487664820575,9.9854077050559
Net flux,(1-G)_G6P,0*G6P.x -> G6P,22.0900731609643,10.0612567332953
Net flux,(1-G)_RU5P,0*RU5P.x -> P5P,7.15222838283969,10.5956823353583
Net flux,(1-G)_S7P,0*S7P.x -> S7P,1.5432689363768,10.1894000791519
Net flux,(1-G)_2PG,0*2PG.x -> 2PG,12.9572467293675,9.90582776592398
Net flux,(1-G)_ADPG,0*ADPG.x -> ADPG,4.91943778165088,10.4781065277407
Net flux,(1-G)_PEP,0*PEP.x -> PEP,10.7694589554367,10.0048792220555
Net flux,(1-G)_UDPG,0*UDPG.x -> UDPG,27.5731966954463,9.68156823837186
Net flux,(1-G)_ALA,0*ALA.x -> ALA,0.0402740011344278,10.3703756068342
Net flux,PGASink,3PGA -> Sink,100,0
Net flux,DHAPSink,TP -> Sink,100.000000000001,0
Net flux,F6PSink,F6P -> Sink,100.000000000004,0
Net flux,FBPSink,FBP -> Sink,99.9999999999948,0
Net flux,G6PSink,G6P -> Sink,99.9999999999983,0
Net flux,P5PSink,P5P -> Sink,100.000000000001,0
Net flux,R5PSink,R5P -> Sink,99.9999999999968,0
Net flux,GASink,GA -> Sink,100.000000000002,0
Net flux,SERSink,SER -> Sink,99.9999999999996,0
Net flux,GLYSink,GLY -> Sink,100.000000000001,0
Net flux,RUBPSink,RUBP -> Sink,99.9999999999987,0
Net flux,S7PSink,S7P -> Sink,99.9999999999979,0
Net flux,2PGSink,2PG -> Sink,100.000000000002,0
Net flux,ADPGSink,ADPG -> Sink,99.9999999999989,0
Net flux,PEPSink,PEP -> Sink,99.9999999999983,0
Net flux,UDPGSink,UDPG -> Sink,100.000000000001,0
Net flux,ALASink,ALA -> Sink,99.9999999999998,0
Net flux,S6Pout-LL,S6P + 0.1611*GLU + 0.07177*ASP + 0.03247*ALA.c + 0.01019*dummyGLY + 0.03484*dummySER -> Sink,1.37358917275925,0.15952987622873
Net flux,PGP.p,2PG.p -> Glyc.p,2.03732207693828,0.0842520434699602
Net flux,GOX,Glyc.p -> Glyx.p,2.03732207693829,0.0842520434699602
Net flux,GGT,Glyx.p -> GLY.p,2.03732207693828,0.0842520434699602
Net flux,SGAT,SER.p -> HPA.p,0.553127391484178,0.0929376052416746
Net flux,HPR.p,HPA.p -> GA.p,0.553127391484172,0.0929376052416746
Net flux,T_GLY-m net,GLY.p <-> GLY.m,2.14047453565945,9.93859189890585
Exch flux,T_GLY-m exch,GLY.p <-> GLY.m,24191.9593511924,9.7273515675366
Net flux,GDC.m,GLY.m + dummy -> myTHF.m + CO2,1.42233538264393,0.1034608952481
Net flux,T_SER-m net,SER.p <-> SER.m,-1.42233538264395,0.1034608952481
Exch flux,T_SER-m exch,SER.p <-> SER.m,1651.20366529948,10.4016956795196
Net flux,mSHMT,GLY.m + myTHF.m -> SER.m,1.42233538264393,0.1034608952481
Net flux,T_SER-c net,SER.p <-> SER.c,0.821347640697706,0.177221075571288
Exch flux,T_SER-c exch,SER.p <-> SER.c,0.0517533383639277,0.16997630189929
Net flux,T_Gly-c net,GLY.p <-> GLY.c,-0.11714933239088,9.9382345514243
Exch flux,T_Gly-c exch,GLY.p <-> GLY.c,9.99999998363421e-08,0
Net flux,cSHMT,SER.c -> GLY.c + meTHF.c,0.821347540696065,0.177221075571289
Net flux,FmTHF-reductase net,meTHF.c <-> FmTHF.c,0.821347540696067,0.177221075571289
Exch flux,FmTHF-reductase exch,meTHF.c <-> FmTHF.c,7.88482307619658,10.2415753128852
Net flux,Met-synthase,FmTHF.c + Hcy.c -> Met.c,0.821347540696046,0.177221075571289
Net flux,SAM-synthase,Met.c -> SAM.c,0.821347540696055,0.177221075571289
Net flux,Methylation,SAM.c -> SAH.c + Acceptor.c,0.82134754069605,0.177221075571289
Net flux,hydrolysis,SAH.c -> Hcy.c,0.821347540696042,0.177221075571289
Net flux,G_SER.m,0*SER.m -> SER,1.0000000116861e-07,0
Net flux,G_SER.c,0*SER.c -> SER,4.0837788993997e-05,10.5202733395092
Net flux,G_Gly.m,0*GLY.m -> GLY,0.000404951141224075,10.3773636014095
Net flux,G_Gly.c,0*GLY.c -> GLY,57.2544502949876,5.15659266993185
Net flux,T_GLY-c-m,GLY.c -> GLY.m,0.704196229629129,9.93981455102256
Net flux,G_Glyc,0*Glyc.p -> Glyc,14.116821476284,2.38318793117036
Net flux,G_Glyx,0*Glyx.p -> Glyx,99.9368597597887,10.2639004074652
Net flux,G_HPA,0*HPA.p -> HPA,6.95475227670615,1.81936551336518
Net flux,(1-G)_Glyc,0*Glyc.x -> Glyc,85.8831785237166,2.38318793117036
Net flux,(1-G)_Glyx,0*Glyx.x -> Glyx,0.0631402402120997,10.2639004074652
Net flux,(1-G)_HPA,0*HPA.x -> HPA,93.0452477232938,1.81936551336518
Net flux,GlycSink,Glyc -> Sink,100.000000000001,0
Net flux,GlyxSink,Glyx -> Sink,100.000000000001,0
Net flux,HPASink,HPA -> Sink,99.9999999999998,0
Net flux,SERex,dummySER -> outSER,9.99500797682629e-08,1.03848990587545e-14
Net flux,G_PYR,0*PYR.c -> PYR,38.1948776672825,2.34560066975098
Net flux,(1-G)_PYR,0*PYR.x -> PYR,61.8051223327178,2.34560066975098
Net flux,PYRSink,PYR -> Sink,100,0
Net flux,G_meTHF,0*meTHF.c -> meTHF,99.9999995179996,10.5217597463338
Net flux,G_FmTHF,0*FmTHF.c -> FmTHF,84.3715111475023,4.52339675959756
Net flux,G_Met,0*Met.c -> Met,60.8559094130872,4.57185316765754
Net flux,G_SAM,0*SAM.c -> SAM,59.9007162905188,4.20814279820254
Net flux,(1-G)_meTHF,0*meTHF.x -> meTHF,4.82000345414235e-07,10.5217597463338
Net flux,(1-G)_FmTHF,0*FmTHF.x -> FmTHF,15.6284888524978,4.52339675959756
Net flux,(1-G)_Met,0*Met.x -> Met,39.1440905869128,4.57185316765754
Net flux,(1-G)_SAM,0*SAM.x -> SAM,40.0992837094812,4.20814279820254
Net flux,meTHFSink,meTHF -> Sink,99.9999999999999,0
Net flux,FmTHFSink,FmTHF -> Sink,100,0
Net flux,MetSink,Met -> Sink,100,0
Net flux,SAMsink,SAM -> Sink,100,0
Net flux,Met-protein,Met.c -> Protein,6.51983996113883e-15,0
Net flux,GLY-protein,GLY.c -> Protein,1.97867608342506e-06,2.80497332106027e-16
Net flux,SER-protein,SER.c -> Protein,1.00001641634151e-07,2.15287675173323e-15
Pool,2PG pool,,0,0
Pool,2PG.p pool,,6.34495042011608e-07,9.97237027619212
Pool,2PG.x pool,,1,Inf
Pool,3PGA pool,,0,0
Pool,3PGA.c pool,,0.0315674618578924,0.00578417771451066
Pool,3PGA.p pool,,3.43419695041975e-06,9.99957569592089
Pool,3PGA.x pool,,1,Inf
Pool,ACA pool,,1.23606339510441e-06,10.1698280096761
Pool,ADPG pool,,0,0
Pool,ADPG.p pool,,9.9999999999999e-08,Inf
Pool,ADPG.x pool,,1,Inf
Pool,AKG pool,,8.74260570977982e-07,9.57749180365558
Pool,ALA pool,,0,0
Pool,ALA.c pool,,0.0181519554061719,0.002655355578672
Pool,ALA.x pool,,1,Inf
Pool,ASN pool,,7670.11530232141,10.4561762022812
Pool,ASP pool,,1.00000000000002e-07,0
Pool,Acceptor.c pool,,1,Inf
Pool,CIT pool,,3.29985218292649,0.916585504601657
Pool,CO2 pool,,2.34997718057234e-05,9.88092136065783
Pool,CO2.t pool,,1,Inf
Pool,E4P.p pool,,0,0
Pool,EC2 pool,,0,0
Pool,F6P pool,,0,0
Pool,F6P.c pool,,3.82872478572626e-06,10.4790045811198
Pool,F6P.p pool,,2.80215977874159e-06,9.96455120199871
Pool,F6P.x pool,,1,Inf
Pool,FBP pool,,0,0
Pool,FBP.c pool,,3.7907611046649e-06,10.3062727678215
Pool,FBP.p pool,,2.80884371096736e-06,10.3874347947218
Pool,FBP.x pool,,1,Inf
Pool,FmTHF pool,,5.5469435962606,1.82564817188753
Pool,FmTHF.c pool,,1e-07,0
Pool,FmTHF.x pool,,1,Inf
Pool,G6P pool,,0,0
Pool,G6P.c pool,,9.87550655537694e-06,9.80327976004422
Pool,G6P.p pool,,3.65956560732315e-06,10.7567131945093
Pool,G6P.x pool,,1,Inf
Pool,GA pool,,0,0
Pool,GA.p pool,,2.34551589317593e-07,10.0454238985371
Pool,GA.x pool,,1,Inf
Pool,GLN pool,,8.83867754931978,10.5031595251745
Pool,GLU pool,,8.74260978219454e-07,10.0510098676886
Pool,GLY pool,,0,0
Pool,GLY.c pool,,0.0437358400884973,0.0252499483185902
Pool,GLY.m pool,,1.00000000002876e-07,0
Pool,GLY.p pool,,1.46665517198754e-06,10.8291304275807
Pool,GLY.x pool,,1,Inf
Pool,Glyc pool,,18.6565821605725,5.99994399309658
Pool,Glyc.p pool,,6.49673441010849e-07,9.78745022393252
Pool,Glyc.x pool,,1,Inf
Pool,Glyx pool,,572.936803580806,8.15588827667842
Pool,Glyx.p pool,,8.75045804465086e-07,10.3698890043512
Pool,Glyx.x pool,,1,Inf
Pool,HPA pool,,0.000146048026463541,10.0329547438551
Pool,HPA.p pool,,2.22933998855375e-07,10.4364212635866
Pool,HPA.x pool,,1,Inf
Pool,Hcy.c pool,,1,Inf
Pool,ICI pool,,0.00263780999676032,9.95785001446616
Pool,MAL pool,,3.91792597813857e-05,1.68369387508368
Pool,Met pool,,4.75492768145038e-05,10.299145529166
Pool,Met.c pool,,1e-07,0
Pool,Met.x pool,,1,Inf
Pool,OAA pool,,0.156890147494464,0.0316794692291784
Pool,P5P pool,,0,0
Pool,PEP pool,,0,0
Pool,PEP.c pool,,1.00000000000057e-07,0
Pool,PEP.x pool,,1,Inf
Pool,PRO pool,,5.39499638314778,10.1595521539078
Pool,PYR pool,,1.00000062233011e-07,10.7808622597886
Pool,PYR.c pool,,1.00000000000273e-07,0
Pool,PYR.x pool,,1,Inf
Pool,Protein pool,,1,Inf
Pool,R5P pool,,0,0
Pool,R5P.p pool,,3.69923672580033e-06,10.0590692802556
Pool,R5P.x pool,,1,Inf
Pool,RU5P.p pool,,2.95371250102746e-06,10.1122667927685
Pool,RU5P.x pool,,1,Inf
Pool,RUBP pool,,0,0
Pool,RUBP.p pool,,2.94270816029649e-06,9.65801952851399
Pool,RUBP.x pool,,1,Inf
Pool,S6P pool,,1,Inf
Pool,S7P pool,,0,0
Pool,S7P.p pool,,2.71388834600612e-06,9.55774853464734
Pool,S7P.x pool,,1,Inf
Pool,SAH.c pool,,1,Inf
Pool,SAM pool,,5.4523711670341,2.31244955048002
Pool,SAM.c pool,,1.01785978143798e-06,9.10049919834272
Pool,SAM.x pool,,1,Inf
Pool,SBP pool,,0,0
Pool,SER pool,,0,0
Pool,SER.c pool,,1.00000000002876e-07,0
Pool,SER.m pool,,0.368681602574408,0.0403741197374835
Pool,SER.p pool,,0.000521453248902362,9.66819492275244
Pool,SER.x pool,,1,Inf
Pool,Sink pool,,1,Inf
Pool,Starch pool,,1,Inf
Pool,THR pool,,0.00118276237722824,8.00744260984232
Pool,TP pool,,0,0
Pool,TP.c pool,,4.12481917336839e-06,9.85376636453157
Pool,TP.p pool,,3.51245383432526e-06,9.57063310861812
Pool,TP.x pool,,1,Inf
Pool,UDPG pool,,0,0
Pool,UDPG.c pool,,1.11684151376153,0.558960391845318
Pool,UDPG.x pool,,1,Inf
Pool,X5P.p pool,,3.01879096785852e-06,10.1113751187869
Pool,dummy pool,,1,Inf
Pool,dummyGLY pool,,1,Inf
Pool,dummySER pool,,1,Inf
Pool,meTHF pool,,2.31450301029316,1.21375945093577
Pool,meTHF.c pool,,1e-07,0
Pool,meTHF.x pool,,1,Inf
Pool,myTHF.m pool,,1.00000000002876e-07,0
Pool,outSER pool,,1,Inf
Norm,Experiment2 Glyc205 #1 norm,,0.956748082932264,0.037394540907627
Norm,Experiment2 Glyc205 #2 norm,,0.968335740667231,0.0146248859996022
Norm,Experiment2 Glyc205 #3 norm,,0.982744203372558,0.0209987401425876
Norm,Experiment2 Glyc205 #4 norm,,0.978206849340912,0.0200812268907119
Norm,Experiment2 Glyc205 #5 norm,,1.00723827307206,0.0234837327433768
Norm,Experiment2 Glyc205 #6 norm,,1.02710554604383,0.0261110881710687
Norm,Experiment2 Glyc205 #7 norm,,0.987750419290113,0.033771666736865
Norm,Experiment2 Glyc205 #8 norm,,0.961793860271579,0.105188683218669
Norm,Experiment2 Glyx160 #1 norm,,0.999109075664863,0.0115126832780305
Norm,Experiment2 Glyx160 #2 norm,,1.00260363800335,0.0116276428444346
Norm,Experiment2 Glyx160 #3 norm,,0.988351378253482,0.0124268793320592
Norm,Experiment2 Glyx160 #4 norm,,0.982616706575801,0.0156209610718971
Norm,Experiment2 Glyx160 #5 norm,,0.976672461074436,0.0139003565388443
Norm,Experiment2 Glyx160 #6 norm,,0.996923109588412,0.0186819549892351
Norm,Experiment2 Glyx160 #7 norm,,1.009908039643,0.0268711185006737
Norm,Experiment2 Glyx160 #8 norm,,0.910906912200392,0.10645234573597
Norm,Experiment2 GLY276 #1 norm,,1.00590962885119,0.010696221826655
Norm,Experiment2 GLY276 #2 norm,,0.956203744964363,0.0220101068027269
Norm,Experiment2 GLY276 #3 norm,,1.0045874499222,0.0202551077753575
Norm,Experiment2 GLY276 #4 norm,,1.0274096651818,0.0191105661595078
Norm,Experiment2 GLY276 #5 norm,,0.937994936282313,0.0359665748144344
Norm,Experiment2 GLY276 #6 norm,,1.00221114590233,0.0816590771361636
Norm,Experiment2 GLY276 #7 norm,,1.00196310338974,0.1461649963144
Norm,Experiment2 GLY276 #8 norm,,0.981494819419872,0.22856704664869
Norm,Experiment2 HPA262 #1 norm,,0.940508381937832,0.0190065107141042
Norm,Experiment2 HPA262 #2 norm,,0.979800564040287,0.0242188249638569
Norm,Experiment2 HPA262 #3 norm,,0.96696110283192,0.0237511630517983
Norm,Experiment2 HPA262 #4 norm,,0.987962622516822,0.0307520313696642
Norm,Experiment2 HPA262 #5 norm,,0.941908395768193,0.0213696235122804
Norm,Experiment2 HPA262 #6 norm,,1.00583632249826,0.0296120461039616
Norm,Experiment2 HPA262 #7 norm,,0.988080387297055,0.023173182824369
Norm,Experiment2 HPA262 #8 norm,,1.03050467202251,0.0397416180109682
Norm,Experiment2 GA307 #1 norm,,1.01883238223504,0.0111683883610461
Norm,Experiment2 GA307 #2 norm,,0.889338854111044,0.0289353183119535
Norm,Experiment2 GA307 #3 norm,,0.862449478755129,0.0207095151332447
Norm,Experiment2 GA307 #4 norm,,0.985489366783419,0.0261876640979509
Norm,Experiment2 GA307 #5 norm,,0.965903492350001,0.0766455097585645
Norm,Experiment2 GA307 #6 norm,,0.89937066271064,0.0982194316424824
Norm,Experiment2 GA307 #7 norm,,0.837456852543772,0.0672868227112851
Norm,Experiment2 GA307 #8 norm,,0.958215659633961,0.133495966592314
Norm,Experiment2 SER306 #1 norm,,0.955571392016359,0.0122654708446434
Norm,Experiment2 SER306 #2 norm,,1.01265656889905,0.0372575772289206
Norm,Experiment2 SER306 #3 norm,,1.01750995526868,0.0213074595632331
Norm,Experiment2 SER306 #4 norm,,1.01453713423433,0.0258735847848671
Norm,Experiment2 SER306 #5 norm,,1.01399409539096,0.0550737053068593
Norm,Experiment2 SER306 #6 norm,,1.02164527307028,0.106560771627011
Norm,Experiment2 SER306 #7 norm,,1.1813960864587,0.130402740605302
Norm,Experiment2 SER306 #8 norm,,1.01124044830016,0.116752190397869
Norm,Experiment2 meTHF #1 norm,,0.979677250060423,0.00973197624972964
Norm,Experiment2 meTHF #2 norm,,0.991227908467361,0.0143366414728002
Norm,Experiment2 meTHF #3 norm,,0.98743217421079,0.0276215722667605
Norm,Experiment2 meTHF #4 norm,,1.00884838553134,0.0304410408348107
Norm,Experiment2 meTHF #5 norm,,1.00875157604279,0.0899219600378042
Norm,Experiment2 meTHF #6 norm,,0.995488037814346,0.136768305632782
Norm,Experiment2 meTHF #7 norm,,0.995696330385134,0.169763273883313
Norm,Experiment2 meTHF #8 norm,,1.0031205541758,0.0729967883901115
Norm,Experiment2 FmTHF #1 norm,,1.00799198123057,0.0100698453866008
Norm,Experiment2 FmTHF #2 norm,,0.982973669098772,0.0114919279623836
Norm,Experiment2 FmTHF #3 norm,,1.01274963689692,0.0111528092570094
Norm,Experiment2 FmTHF #4 norm,,1.00700882708387,0.0217754616059736
Norm,Experiment2 FmTHF #5 norm,,0.987920220122629,0.0386574218243684
Norm,Experiment2 FmTHF #6 norm,,0.978369923752697,0.0700157249069911
Norm,Experiment2 FmTHF #7 norm,,1.00130020519337,0.10022299002214
Norm,Experiment2 FmTHF #8 norm,,0.998407836585947,0.0682354257987382
Norm,Experiment2 Met176 #1 norm,,0.96697544218089,0.0232010757504407
Norm,Experiment2 Met176 #2 norm,,0.999504241468211,0.0377408859756624
Norm,Experiment2 Met176 #3 norm,,0.918055345124162,0.0335469772040531
Norm,Experiment2 Met176 #4 norm,,0.853252374711042,0.0851992916551137
Norm,Experiment2 Met176 #5 norm,,0.897189224204265,0.0664728451120325
Norm,Experiment2 Met176 #6 norm,,1.00976866835427,0.034238595016451
Norm,Experiment2 Met176 #7 norm,,0.995703822014282,0.0608027804559681
Norm,Experiment2 Met176 #8 norm,,1.01745941569526,0.186165417005616
Norm,Experiment2 SAM #1 norm,,0.98863835433515,0.0143391051048947
Norm,Experiment2 SAM #2 norm,,0.992037865412762,0.0219822850277775
Norm,Experiment2 SAM #3 norm,,1.02376333516143,0.0378584023025425
Norm,Experiment2 SAM #4 norm,,0.972558508831013,0.0455680037206851
Norm,Experiment2 SAM #5 norm,,1.00174510635742,0.0249764537074041
Norm,Experiment2 SAM #6 norm,,0.989494448934052,0.0537833910466657
Norm,Experiment2 SAM #7 norm,,1.01648130911122,0.074147671016476
Norm,Experiment2 SAM #8 norm,,0.997592576012677,0.0741876216202116
Norm,Experiment2 CIT465 #1 norm,,1.03496606430794,0.0131401099692924
Norm,Experiment2 CIT465 #2 norm,,0.990418750402108,0.0104444414230599
Norm,Experiment2 CIT465 #3 norm,,0.981342105164668,0.0129828677276433
Norm,Experiment2 CIT465 #4 norm,,0.986014489866014,0.0128224514263655
Norm,Experiment2 CIT465 #5 norm,,0.9867494618347,0.0160098453173914
Norm,Experiment2 CIT465 #6 norm,,1.02610462680759,0.0120315108102901
Norm,Experiment2 CIT465 #7 norm,,1.0246163781822,0.0154904968557142
Norm,Experiment2 CIT465 #8 norm,,1.00109055629896,0.0208168530314429
Norm,Experiment2 MAL335 #1 norm,,1.04162275816016,0.0123105554136907
Norm,Experiment2 MAL335 #2 norm,,0.937227161114891,0.0130935583672916
Norm,Experiment2 MAL335 #3 norm,,0.960644698164691,0.0127647177540955
Norm,Experiment2 MAL335 #4 norm,,0.99363105663637,0.0118702179208327
Norm,Experiment2 MAL335 #5 norm,,0.997482581291005,0.0148682771758265
Norm,Experiment2 MAL335 #6 norm,,0.944800516264642,0.0163631457879438
Norm,Experiment2 MAL335 #7 norm,,0.996205529957711,0.0245331595296843
Norm,Experiment2 MAL335 #8 norm,,0.984970415704844,0.0403228204107828
Norm,Experiment2 ASP334 #1 norm,,1.01465453108366,0.015806694248759
Norm,Experiment2 ASP334 #2 norm,,0.991044324219458,0.0250454188949248
Norm,Experiment2 ASP334 #3 norm,,0.975778643724424,0.0178403109769047
Norm,Experiment2 ASP334 #4 norm,,1.01451510622184,0.0213926790379097
Norm,Experiment2 ASP334 #5 norm,,0.9798590098892,0.0232885826816532
Norm,Experiment2 ASP334 #6 norm,,0.971700464657869,0.0555985098306769
Norm,Experiment2 ASP334 #7 norm,,0.983443592495128,0.0628675345856581
Norm,Experiment2 ASP334 #8 norm,,1.02357295051288,0.0368572542940498
Norm,Experiment2 GLU348 #1 norm,,0.961466315528329,0.0114900379550421
Norm,Experiment2 GLU348 #2 norm,,1.05432458340463,0.0131087688402656
Norm,Experiment2 GLU348 #3 norm,,0.983844502527024,0.0116488194804555
Norm,Experiment2 GLU348 #4 norm,,0.950017519529782,0.0147364223661542
Norm,Experiment2 GLU348 #5 norm,,0.965349045052067,0.0296084116283075
Norm,Experiment2 GLU348 #6 norm,,0.972408820390567,0.0153008389354485
Norm,Experiment2 GLU348 #7 norm,,0.984937300951919,0.0232732363743028
Norm,Experiment2 GLU348 #8 norm,,0.938893392810946,0.0573894466222231
Norm,Experiment2 THR320 #1 norm,,0.993226390034657,0.0103062133006819
Norm,Experiment2 THR320 #2 norm,,0.977115452577192,0.0115352206934746
Norm,Experiment2 THR320 #3 norm,,0.981277714108514,0.0101086580160413
Norm,Experiment2 THR320 #4 norm,,0.980440153330864,0.0108215440888279
Norm,Experiment2 THR320 #5 norm,,0.990485710617453,0.0207703933900682
Norm,Experiment2 THR320 #6 norm,,1.009507308556,0.0113393725341869
Norm,Experiment2 THR320 #7 norm,,1.02042283764298,0.0193202483211617
Norm,Experiment2 THR320 #8 norm,,0.98647520393909,0.0533679034406291
Norm,Experiment2 ALA116 #1 norm,,1.01093987511682,0.0102096727219989
Norm,Experiment2 ALA116 #2 norm,,1.00302988972129,0.0100879824120042
Norm,Experiment2 ALA116 #3 norm,,1.03279977444992,0.0107377376310045
Norm,Experiment2 ALA116 #4 norm,,1.0152892875588,0.0253859537781677
Norm,Experiment2 ALA116 #5 norm,,1.04710933489069,0.0809835767198703
Norm,Experiment2 ALA116 #6 norm,,0.983144824574841,0.0789346014569427
Norm,Experiment2 ALA116 #7 norm,,1.01684381806787,0.0709502640960244
Norm,Experiment2 ALA116 #8 norm,,0.64367149331145,0.153520391683446
Norm,Experiment2 PYR #1 norm,,0.965511928186368,0.0124346437175618
Norm,Experiment2 PYR #2 norm,,0.943799448215924,0.0478980925867156
Norm,Experiment2 PYR #3 norm,,0.884630485687129,0.0596075400784541
Norm,Experiment2 PYR #4 norm,,1.03760227829452,0.0473617907906371
Norm,Experiment2 PYR #5 norm,,1.06974444291876,0.117260310541076
Norm,Experiment2 PYR #6 norm,,0.963646525945862,0.121278669184065
Norm,Experiment2 PYR #7 norm,,1.00335642852063,0.0734585509616778
Norm,Experiment2 PYR #8 norm,,0.969252905632338,0.111924365710248
