type,id,eqn,val,std
Net flux,CO2.t,CO2.t -> CO2,64.2411937609327,1.52368885407161
Net flux,CO2_sink,dummy -> Sink,64.2411937609326,1.52368885407161
Net flux,RUBICSO_CO2,RUBP.p + CO2 -> 3PGA.p + 3PGA.p + dummy,65.9131161573191,1.53026745059174
Net flux,GAPDH.p net,3PGA.p <-> TP.p,134.015918892837,3.06713170373638
Exch flux,GAPDH.p exch,3PGA.p <-> TP.p,83613.8476802171,1781.05823277988
Net flux,ALD,TP.p + E4P.p -> SBP,22.7227338905026,0.51148745126836
Net flux,SBP,SBP -> S7P.p,22.7227338905026,0.51148745126836
Net flux,FBA.p net,TP.p + TP.p <-> FBP.p,30.2660615839413,0.787726765091023
Exch flux,FBA.p exch,TP.p + TP.p <-> FBP.p,34405.0734853402,2543.61450355337
Net flux,PFK.p net,FBP.p <-> F6P.p,30.2660615839372,0.787726765091023
Exch flux,PFK.p exch,FBP.p <-> F6P.p,1.00004228897888e-07,6.60715297182545e-13
Net flux,TK1 net,TP.p + EC2 <-> X5P.p,45.4454677810063,1.02297490253672
Exch flux,TK1 exch,TP.p + EC2 <-> X5P.p,34036.7489576688,5108.59330187271
Net flux,TK2 net,S7P.p <-> R5P.p + EC2,22.7227338905026,0.51148745126836
Exch flux,TK2 exch,S7P.p <-> R5P.p + EC2,38.1874088323541,5142.87059774684
Net flux,TK3 net,F6P.p <-> E4P.p + EC2,22.7227338905032,0.51148745126836
Exch flux,TK3 exch,F6P.p <-> E4P.p + EC2,29360.9779049546,5182.28533221501
Net flux,PPE net,X5P.p <-> RU5P.p,45.4454677810063,1.02297490253672
Exch flux,PPE exch,X5P.p <-> RU5P.p,34054.2838428949,2682.28916396961
Net flux,PPI net,R5P.p <-> RU5P.p,22.7227338905027,0.51148745126836
Exch flux,PPI exch,R5P.p <-> RU5P.p,246.730890318146,5466.97487280923
Net flux,PRK,RU5P.p -> RUBP.p,68.168201671508,1.53446235382775
Net flux,RUBISCO_O2,RUBP.p -> 3PGA.p + 2PG.p,2.25508551418883,0.0847585264090745
Net flux,GLYdil net,GLY.p <-> GLY.x + dummyGLY,0.0135414758512056,0.00161420001941592
Exch flux,GLYdil exch,GLY.p <-> GLY.x + dummyGLY,1.0000000116861e-07,0
Net flux,SERdil net,SER.p <-> SER.x + dummySER,0.187035400109934,0.265941705680375
Exch flux,SERdil exch,SER.p <-> SER.x + dummySER,9.9987687462999e-08,3.45292447366373e-13
Net flux,GK,GA.p -> 3PGA.p,0.501296546039839,0.268219385918114
Net flux,PGI.p net,F6P.p <-> G6P.p,7.54332769343703,0.409670481968611
Exch flux,PGI.p exch,F6P.p <-> G6P.p,9.9998704428117e-08,9.96536035843984e-13
Net flux,PGM.p,G6P.p -> ADPG.p,7.54332769343703,0.409670481968611
Net flux,Starch,ADPG.p -> Starch,7.54332769343701,0.409670481968611
Net flux,FBA.c net,TP.c + TP.c <-> FBP.c,2.65779702672445,0.316820416212037
Exch flux,FBA.c exch,TP.c + TP.c <-> FBP.c,22.3993118995429,3387.68963277878
Net flux,PFK.c net,FBP.c <-> F6P.c,2.65779702672447,0.316820416212037
Exch flux,PFK.c exch,FBP.c <-> F6P.c,12.1588518127458,5190.79270513227
Net flux,PGI.c net,F6P.c <-> G6P.c,1.32889851336225,0.158410208106019
Exch flux,PGI.c exch,F6P.c <-> G6P.c,230.26038066508,3237.11832451596
Net flux,PGM.c net,G6P.c <-> UDPG.c,1.32889851336222,0.158410208106019
Exch flux,PGM.c exch,G6P.c <-> UDPG.c,48482.0770587333,5124.25566827622
Net flux,SPS,F6P.c + UDPG.c -> S6P,1.32889851336219,0.158410208106019
Net flux,PGAM.c net,3PGA.c <-> PEP.c,0.56669548203926,0.0675524491522719
Exch flux,PGAM.c exch,3PGA.c <-> PEP.c,1.50649065378274,1813.20455844278
Net flux,PK.c,PEP.c -> PYR.c,0.257234885231732,0.0306634639617317
Net flux,PDH,PYR.c + dummy -> ACA + CO2,0.214085550503074,0.0255198845183109
Net flux,CS,OAA + ACA -> CIT,0.21408555050307,0.0255198845183109
Net flux,ACO net,CIT <-> ICI,0.214085550503114,0.0255198845183109
Exch flux,ACO exch,CIT <-> ICI,2372.29067683916,2998.9154803726
Net flux,IDH,ICI + dummy -> AKG + CO2,0.214085550503087,0.0255198845183109
Net flux,MDH net,MAL <-> OAA,7.105427357601e-15,0
Exch flux,MDH exch,MAL <-> OAA,0.306930141176068,0.0598179263156376
Net flux,PPC,PEP.c + CO2 -> OAA + dummy,0.309460596806594,0.0368889851457795
Net flux,T_3PGA net,3PGA.p <-> 3PGA.c,0.566695482039236,0.0675524491522719
Exch flux,T_3PGA exch,3PGA.p <-> 3PGA.c,1.0000000116861e-07,0
Net flux,T_DHAP net,TP.p <-> TP.c,5.31559405344895,0.633640832424075
Exch flux,T_DHAP exch,TP.p <-> TP.c,2.29559401995433,1.85553326320905
Net flux,ALT,PYR.c -> ALA.c,0.0431493347288533,0.00514357945665604
Net flux,ASPT,OAA -> ASP,0.0953750463041865,0.0113691006301353
Net flux,GLUDH,AKG -> GLU,0.214085550503063,0.0255198845183109
Net flux,PCR net,GLU <-> PRO,-2.48689957516035e-14,0
Exch flux,PCR exch,GLU <-> PRO,1.0000000116861e-07,0
Net flux,GS net,GLU <-> GLN,0,0
Exch flux,GS exch,GLU <-> GLN,1.00042448991644e-07,0
Net flux,TS net,ASP <-> THR,0,0
Exch flux,TS exch,ASP <-> THR,1.0000000116861e-07,0
Net flux,AS net,ASP <-> ASN,1.06581410364015e-14,0
Exch flux,AS exch,ASP <-> ASN,1.0000000116861e-07,0
Net flux,G_3PGA.p,0*3PGA.p -> 3PGA,2.46866315478655e-06,7610.01095380254
Net flux,G_3PGA.c,0*3PGA.c -> 3PGA,92.9119081391921,5704.3854361718
Net flux,G_DHAP.p,0*TP.p -> TP,40.6853798422419,7565.03055546715
Net flux,G_DHAP.c,0*TP.c -> TP,51.8471856996948,5623.05210885459
Net flux,G_F6P.p,0*F6P.p -> F6P,48.6686345030749,7091.37949455423
Net flux,G_F6P.c,0*F6P.c -> F6P,36.546576817712,5087.73959282336
Net flux,G_FBP.p,0*FBP.p -> FBP,2.46866146369484e-06,7015.951226509
Net flux,G_FBP.c,0*FBP.c -> FBP,83.4512310489187,4616.04666385859
Net flux,G_G6P.p,0*G6P.p -> G6P,19.0549768397257,7784.22280975697
Net flux,G_G6P.c,0*G6P.c -> G6P,58.8549499993083,5691.28943327782
Net flux,G_RU5P.p,0*RU5P.p -> P5P,2.46865388575657e-06,6959.57849380501
Net flux,G_X5P.p,0*X5P.p -> P5P,92.84776914906,4982.23404963914
Net flux,G_R5P.p,0*R5P.p -> R5P,82.2810779884949,4748.84556664522
Net flux,G_GA.p,0*GA.p -> GA,34.7315751969874,4.38032093706921
Net flux,G_SER.p,0*SER.p -> SER,81.335557257086,5355.44965717037
Net flux,G_GLY.p,0*GLY.p -> GLY,1.0000000116861e-07,1.66323087605594e-12
Net flux,G_RUBP.p,0*RUBP.p -> RUBP,92.5302752673063,5360.34187362796
Net flux,G_S7P.p,0*S7P.p -> S7P,98.4567310636212,4976.19238958057
Net flux,G_2PG.p,0*2PG.p -> 2PG,87.0427532706349,5008.37993637209
Net flux,G_ADPG.p,0*ADPG.p -> ADPG,95.0805622183481,4764.35191950411
Net flux,G_PEP.c,0*PEP.c -> PEP,89.2305410445615,5262.24691506386
Net flux,G_UDPG.c,0*UDPG.c -> UDPG,72.4268033045549,5177.2402887439
Net flux,G_ALA.c,0*ALA.c -> ALA,78.6355724262826,7.29076248854093
Net flux,(1-G)_GA,0*GA.x -> GA,65.2684248030146,4.38032093706921
Net flux,(1-G)_SER,0*SER.x -> SER,18.6644154891038,4.98228980737207
Net flux,(1-G)_GLY,0*GLY.x -> GLY,50.2337587452355,5.58786759673658
Net flux,(1-G)_R5P,0*R5P.x -> R5P,17.718922011502,4748.84556664522
Net flux,(1-G)_RUBP,0*RUBP.x -> RUBP,7.46972473269241,5360.34187362796
Net flux,(1-G)_3PGA,0*3PGA.x -> 3PGA,7.08808939214503,4950.88724622024
Net flux,(1-G)_TP,0*TP.x -> TP,7.46743445806384,5046.39228080824
Net flux,(1-G)_F6P,0*F6P.x -> F6P,14.7847886792169,5259.42913305718
Net flux,(1-G)_FBP,0*FBP.x -> FBP,16.5487664824147,5329.37176852438
Net flux,(1-G)_G6P,0*G6P.x -> G6P,22.0900731609643,5031.45232426937
Net flux,(1-G)_RU5P,0*RU5P.x -> P5P,7.15222838228751,4803.10973103057
Net flux,(1-G)_S7P,0*S7P.x -> S7P,1.5432689363768,4976.19238958057
Net flux,(1-G)_2PG,0*2PG.x -> 2PG,12.9572467293675,5008.37993637209
Net flux,(1-G)_ADPG,0*ADPG.x -> ADPG,4.91943778165087,4764.35191950411
Net flux,(1-G)_PEP,0*PEP.x -> PEP,10.7694589554367,5262.24691506386
Net flux,(1-G)_UDPG,0*UDPG.x -> UDPG,27.5731966954463,5177.2402887439
Net flux,(1-G)_ALA,0*ALA.x -> ALA,21.3644275737172,7.29076248854093
Net flux,PGASink,3PGA -> Sink,100,0
Net flux,DHAPSink,TP -> Sink,100.000000000001,0
Net flux,F6PSink,F6P -> Sink,100.000000000004,0
Net flux,FBPSink,FBP -> Sink,99.9999999999948,0
Net flux,G6PSink,G6P -> Sink,99.9999999999983,0
Net flux,P5PSink,P5P -> Sink,100.000000000001,0
Net flux,R5PSink,R5P -> Sink,99.9999999999968,0
Net flux,GASink,GA -> Sink,100.000000000002,0
Net flux,SERSink,SER -> Sink,99.9999999999996,0
Net flux,GLYSink,GLY -> Sink,100.000000000001,0
Net flux,RUBPSink,RUBP -> Sink,99.9999999999987,0
Net flux,S7PSink,S7P -> Sink,99.9999999999979,0
Net flux,2PGSink,2PG -> Sink,100.000000000002,0
Net flux,ADPGSink,ADPG -> Sink,99.9999999999989,0
Net flux,PEPSink,PEP -> Sink,99.9999999999983,0
Net flux,UDPGSink,UDPG -> Sink,100.000000000001,0
Net flux,ALASink,ALA -> Sink,99.9999999999998,0
Net flux,S6Pout-LL,S6P + 0.1611*GLU + 0.07177*ASP + 0.03247*ALA.c + 0.01019*dummyGLY + 0.03484*dummySER -> Sink,1.32889851336223,0.158410208106019
Net flux,PGP.p,2PG.p -> Glyc.p,2.25508551418885,0.0847585264090745
Net flux,GOX,Glyc.p -> Glyx.p,2.25508551418887,0.0847585264090745
Net flux,GGT,Glyx.p -> GLY.p,2.25508551418886,0.0847585264090745
Net flux,SGAT,SER.p -> HPA.p,0.501296546039828,0.268219385918114
Net flux,HPR.p,HPA.p -> GA.p,0.501296546039822,0.268219385918114
Net flux,T_GLY-m net,GLY.p <-> GLY.m,2.22774919145741,7535.97230834805
Exch flux,T_GLY-m exch,GLY.p <-> GLY.m,23554.9529568046,5573.45663874741
Net flux,GDC.m,GLY.m + dummy -> myTHF.m + CO2,1.5532118921877,0.0965915952191071
Net flux,T_SER-m net,SER.p <-> SER.m,-1.5532118921877,0.0965915952191071
Exch flux,T_SER-m exch,SER.p <-> SER.m,19.033946852205,5431.35353528077
Net flux,mSHMT,GLY.m + myTHF.m -> SER.m,1.5532118921877,0.0965915952191071
Net flux,T_SER-c net,SER.p <-> SER.c,0.864879946037927,0.162470723359719
Exch flux,T_SER-c exch,SER.p <-> SER.c,1.00000026037605e-07,3.56032334391097e-13
Net flux,T_Gly-c net,GLY.p <-> GLY.c,0.0137948468757538,7535.97230787117
Exch flux,T_Gly-c exch,GLY.p <-> GLY.c,0.00580979776780266,5247.57969283696
Net flux,cSHMT,SER.c -> GLY.c + meTHF.c,0.86487984603802,0.162470723182638
Net flux,FmTHF-reductase net,meTHF.c <-> FmTHF.c,0.864879846038021,0.162470723182638
Exch flux,FmTHF-reductase exch,meTHF.c <-> FmTHF.c,7.60184257451418,5328.08330249319
Net flux,Met-synthase,FmTHF.c + Hcy.c -> Met.c,0.864879846038,0.162470723182638
Net flux,SAM-synthase,Met.c -> SAM.c,0.86487984603801,0.162470723182638
Net flux,Methylation,SAM.c -> SAH.c + Acceptor.c,0.864879846038005,0.162470723182638
Net flux,hydrolysis,SAH.c -> Hcy.c,0.864879846037997,0.162470723182638
Net flux,G_SER.m,0*SER.m -> SER,1.0000000116861e-07,0
Net flux,G_SER.c,0*SER.c -> SER,2.71538096683344e-05,5355.44733959071
Net flux,G_Gly.m,0*GLY.m -> GLY,1.0000000116861e-07,1.76924107851857e-13
Net flux,G_Gly.c,0*GLY.c -> GLY,49.7662410547658,5.58786759673658
Net flux,T_GLY-c-m,GLY.c -> GLY.m,0.878674592913527,7535.97230962263
Net flux,G_Glyc,0*Glyc.p -> Glyc,10.9053934204986,1.90226930178868
Net flux,G_Glyx,0*Glyx.p -> Glyx,99.9774899394219,5157.05786259781
Net flux,G_HPA,0*HPA.p -> HPA,8.31110212786115,2.06969553942913
Net flux,(1-G)_Glyc,0*Glyc.x -> Glyc,89.094606579502,1.90226930178868
Net flux,(1-G)_Glyx,0*Glyx.x -> Glyx,0.0225100605789947,5157.05786259781
Net flux,(1-G)_HPA,0*HPA.x -> HPA,91.6888978721388,2.06969553942913
Net flux,GlycSink,Glyc -> Sink,100.000000000001,0
Net flux,GlyxSink,Glyx -> Sink,100.000000000001,0
Net flux,HPASink,HPA -> Sink,99.9999999999998,0
Net flux,SERex,dummySER -> outSER,0.140732315448482,0.266314080013246
Net flux,G_PYR,0*PYR.c -> PYR,43.5057879891941,2.89649123688156
Net flux,(1-G)_PYR,0*PYR.x -> PYR,56.4942120108061,2.89649123688156
Net flux,PYRSink,PYR -> Sink,100,0
Net flux,G_meTHF,0*meTHF.c -> meTHF,99.9999998999999,0
Net flux,G_FmTHF,0*FmTHF.c -> FmTHF,82.3485171664854,5.36545266846256
Net flux,G_Met,0*Met.c -> Met,67.2427604084592,5.02466094373165
Net flux,G_SAM,0*SAM.c -> SAM,53.3085787538742,3.74046904395209
Net flux,(1-G)_meTHF,0*meTHF.x -> meTHF,1.0000000116861e-07,0
Net flux,(1-G)_FmTHF,0*FmTHF.x -> FmTHF,17.6514828335147,5.36545266846256
Net flux,(1-G)_Met,0*Met.x -> Met,32.7572395915408,5.02466094373165
Net flux,(1-G)_SAM,0*SAM.x -> SAM,46.6914212461258,3.74046904395209
Net flux,meTHFSink,meTHF -> Sink,99.9999999999999,0
Net flux,FmTHFSink,FmTHF -> Sink,100,0
Net flux,MetSink,Met -> Sink,100,0
Net flux,SAMsink,SAM -> Sink,100,0
Net flux,Met-protein,Met.c -> Protein,6.51983996113883e-15,0
Net flux,GLY-protein,GLY.c -> Protein,1.00000273839385e-07,3.37534774524079e-13
Net flux,SER-protein,SER.c -> Protein,9.99999087980541e-08,5.40430726446072e-13
Pool,2PG pool,,0,0
Pool,2PG.p pool,,4.43786010928577e-07,5279.49762190142
Pool,2PG.x pool,,1,Inf
Pool,3PGA pool,,0,0
Pool,3PGA.c pool,,0.0197742315067914,0.00530287190529399
Pool,3PGA.p pool,,8.38939712925985e-07,4837.95411378626
Pool,3PGA.x pool,,1,Inf
Pool,ACA pool,,7.60002772707658e-07,5397.65179359112
Pool,ADPG pool,,0,0
Pool,ADPG.p pool,,9.9999999999999e-08,Inf
Pool,ADPG.x pool,,1,Inf
Pool,AKG pool,,4.45722342715777e-07,5061.27942011482
Pool,ALA pool,,0,0
Pool,ALA.c pool,,0.00730286079356926,0.00240255795794802
Pool,ALA.x pool,,1,Inf
Pool,ASN pool,,7566.06819377492,5114.96092724858
Pool,ASP pool,,0.0353891859118541,0.00768840554365123
Pool,Acceptor.c pool,,1,Inf
Pool,CIT pool,,5.9829947687256,3.1051454093529
Pool,CO2 pool,,2.22340503629452e-06,5111.85910558159
Pool,CO2.t pool,,1,Inf
Pool,E4P.p pool,,0,0
Pool,EC2 pool,,0,0
Pool,F6P pool,,0,0
Pool,F6P.c pool,,3.8322050065236e-06,5298.79267154451
Pool,F6P.p pool,,3.89297930715413e-07,4719.85801925933
Pool,F6P.x pool,,1,Inf
Pool,FBP pool,,0,0
Pool,FBP.c pool,,3.14585407540226e-06,5207.23723998242
Pool,FBP.p pool,,4.40722759849172e-07,5067.07702666706
Pool,FBP.x pool,,1,Inf
Pool,FmTHF pool,,4.84191213801445,2.31151052793194
Pool,FmTHF.c pool,,7.63356777528685e-07,5048.58245863249
Pool,FmTHF.x pool,,1,Inf
Pool,G6P pool,,0,0
Pool,G6P.c pool,,9.88600756550576e-06,5041.34118702365
Pool,G6P.p pool,,3.60956277422036e-06,5124.9642737472
Pool,G6P.x pool,,1,Inf
Pool,GA pool,,0,0
Pool,GA.p pool,,1e-07,0
Pool,GA.x pool,,1,Inf
Pool,GLN pool,,8.83867754685572,5147.51647027383
Pool,GLU pool,,4.4582644313249e-07,5072.3382761601
Pool,GLY pool,,0,0
Pool,GLY.c pool,,9.99999999994061e-08,4957.71936836176
Pool,GLY.m pool,,1.00000000002876e-07,0
Pool,GLY.p pool,,1.00000000000057e-07,0
Pool,GLY.x pool,,1,Inf
Pool,Glyc pool,,9.75268289855508,4.28300556719924
Pool,Glyc.p pool,,4.52861642165816e-07,4838.76629652171
Pool,Glyc.x pool,,1,Inf
Pool,Glyx pool,,618.773300177084,142.538389945984
Pool,Glyx.p pool,,1.49809159911356e-06,5129.66011300248
Pool,Glyx.x pool,,1,Inf
Pool,HPA pool,,0.000144176410919219,5335.12797215065
Pool,HPA.p pool,,1e-07,0
Pool,HPA.x pool,,1,Inf
Pool,Hcy.c pool,,1,Inf
Pool,ICI pool,,0.00389353445931153,5209.06755508925
Pool,MAL pool,,1.29738100338996,0.289303853580205
Pool,Met pool,,2.16003386570882e-05,5188.75398634017
Pool,Met.c pool,,1.60545882284716e-07,5160.22673794459
Pool,Met.x pool,,1,Inf
Pool,OAA pool,,9.99999999998398e-08,0
Pool,P5P pool,,0,0
Pool,PEP pool,,0,0
Pool,PEP.c pool,,9.99999999999482e-08,0
Pool,PEP.x pool,,1,Inf
Pool,PRO pool,,5.39499638068581,5128.29771790916
Pool,PYR pool,,9.99999998363421e-08,0
Pool,PYR.c pool,,0.0194592694286787,0.00678735216584261
Pool,PYR.x pool,,1,Inf
Pool,Protein pool,,1,Inf
Pool,R5P pool,,0,0
Pool,R5P.p pool,,5.30251000425013e-07,5215.77844056162
Pool,R5P.x pool,,1,Inf
Pool,RU5P.p pool,,5.25952448609993e-07,5181.56411683553
Pool,RU5P.x pool,,1,Inf
Pool,RUBP pool,,0,0
Pool,RUBP.p pool,,5.00498475141604e-07,5045.01501300124
Pool,RUBP.x pool,,1,Inf
Pool,S6P pool,,1,Inf
Pool,S7P pool,,0,0
Pool,S7P.p pool,,3.76562085966627e-07,5231.8115724546
Pool,S7P.x pool,,1,Inf
Pool,SAH.c pool,,1,Inf
Pool,SAM pool,,0.000217878238836992,5204.89315153149
Pool,SAM.c pool,,1.25357666434034e-06,5023.42442132597
Pool,SAM.x pool,,1,Inf
Pool,SBP pool,,0,0
Pool,SER pool,,0,0
Pool,SER.c pool,,1.00000000002876e-07,0
Pool,SER.m pool,,0.587640040596965,0.0520672100990165
Pool,SER.p pool,,0.0101014989245743,5131.72128995842
Pool,SER.x pool,,1,Inf
Pool,Sink pool,,1,Inf
Pool,Starch pool,,1,Inf
Pool,THR pool,,3889.7483214053,5409.62155996617
Pool,TP pool,,0,0
Pool,TP.c pool,,3.40969381006138e-06,5230.65712359576
Pool,TP.p pool,,8.46209128267845e-07,5205.03370043792
Pool,TP.x pool,,1,Inf
Pool,UDPG pool,,0,0
Pool,UDPG.c pool,,0.939276341018917,0.774919793860831
Pool,UDPG.x pool,,1,Inf
Pool,X5P.p pool,,5.27111400402284e-07,5209.54577392869
Pool,dummy pool,,1,Inf
Pool,dummyGLY pool,,1,Inf
Pool,dummySER pool,,1,Inf
Pool,meTHF pool,,0.00032354400891886,5148.78602598497
Pool,meTHF.c pool,,7.45389844022272e-07,5144.2876266702
Pool,meTHF.x pool,,1,Inf
Pool,myTHF.m pool,,0.00199277487932693,4819.97558442686
Pool,outSER pool,,1,Inf
Norm,Experiment2 Glyc205 #1 norm,,0.915705884849315,0.0331709988250754
Norm,Experiment2 Glyc205 #2 norm,,0.972523810366351,0.015313079584319
Norm,Experiment2 Glyc205 #3 norm,,0.997850533150263,0.0223148535624217
Norm,Experiment2 Glyc205 #4 norm,,0.969640776577163,0.0210972482214852
Norm,Experiment2 Glyc205 #5 norm,,1.06113142844228,0.0254868097539628
Norm,Experiment2 Glyc205 #6 norm,,0.970943504653636,0.0246836042659985
Norm,Experiment2 Glyc205 #7 norm,,1.00970702638791,0.0356013968160935
Norm,Experiment2 Glyc205 #8 norm,,0.885190209551911,0.0995874409768503
Norm,Experiment2 Glyx160 #1 norm,,1.02055872810187,0.0114699631882159
Norm,Experiment2 Glyx160 #2 norm,,1.00108724317001,0.0118218110803484
Norm,Experiment2 Glyx160 #3 norm,,0.983637091402365,0.0123356985023354
Norm,Experiment2 Glyx160 #4 norm,,0.959923510775347,0.0156863304841468
Norm,Experiment2 Glyx160 #5 norm,,1.00274608014277,0.0142790042931537
Norm,Experiment2 Glyx160 #6 norm,,0.971144972684974,0.0205315567430658
Norm,Experiment2 Glyx160 #7 norm,,1.00068633640373,0.0314786822844508
Norm,Experiment2 Glyx160 #8 norm,,0.894755191651881,0.123006725234279
Norm,Experiment2 GLY276 #1 norm,,0.967288569350419,0.0101545307218299
Norm,Experiment2 GLY276 #2 norm,,0.976208182677476,0.0201564838222315
Norm,Experiment2 GLY276 #3 norm,,1.00248967265176,0.0173015187055515
Norm,Experiment2 GLY276 #4 norm,,1.01389694123703,0.0168798061878156
Norm,Experiment2 GLY276 #5 norm,,0.997139673367163,0.0392825533332305
Norm,Experiment2 GLY276 #6 norm,,0.931426414203673,0.0804195443160499
Norm,Experiment2 GLY276 #7 norm,,0.963201866312765,0.130055005706504
Norm,Experiment2 GLY276 #8 norm,,1.00394264180761,0.164938091441275
Norm,Experiment2 HPA262 #1 norm,,1.00341892358976,0.0201006361857821
Norm,Experiment2 HPA262 #2 norm,,1.03856396383852,0.0260711112428282
Norm,Experiment2 HPA262 #3 norm,,0.931680485690916,0.0240467079032108
Norm,Experiment2 HPA262 #4 norm,,0.965567421670937,0.028810172997707
Norm,Experiment2 HPA262 #5 norm,,0.978500298972011,0.0221713044957317
Norm,Experiment2 HPA262 #6 norm,,0.93997566409573,0.0266044597759276
Norm,Experiment2 HPA262 #7 norm,,0.98486730696204,0.0234691189541778
Norm,Experiment2 HPA262 #8 norm,,1.03145839123648,0.0405727084468194
Norm,Experiment2 GA307 #1 norm,,0.961703572148331,0.0106335513071955
Norm,Experiment2 GA307 #2 norm,,0.910034260993777,0.0291601175943031
Norm,Experiment2 GA307 #3 norm,,0.878886344800717,0.0207738245172763
Norm,Experiment2 GA307 #4 norm,,0.977457620892295,0.0262291086430669
Norm,Experiment2 GA307 #5 norm,,0.972180550175206,0.076575992864814
Norm,Experiment2 GA307 #6 norm,,0.831356550188599,0.102080447773423
Norm,Experiment2 GA307 #7 norm,,0.965120081414274,0.0691024695172057
Norm,Experiment2 GA307 #8 norm,,0.929748639867863,0.148379792087447
Norm,Experiment2 SER306 #1 norm,,0.999430825546921,0.0127013414399944
Norm,Experiment2 SER306 #2 norm,,0.96852446566958,0.0344233045167266
Norm,Experiment2 SER306 #3 norm,,1.02738418659611,0.0207728788252963
Norm,Experiment2 SER306 #4 norm,,1.03403609065827,0.024895321594196
Norm,Experiment2 SER306 #5 norm,,0.975068770206995,0.0545608376888008
Norm,Experiment2 SER306 #6 norm,,0.998187388448145,0.126497930506644
Norm,Experiment2 SER306 #7 norm,,1.25640701835356,0.13078597184247
Norm,Experiment2 SER306 #8 norm,,0.975607175516901,0.105272667373945
Norm,Experiment2 meTHF #1 norm,,0.997828074711515,0.00999284932837043
Norm,Experiment2 meTHF #2 norm,,0.987080005276971,0.0143902616960506
Norm,Experiment2 meTHF #3 norm,,0.986957823323093,0.0280792981418744
Norm,Experiment2 meTHF #4 norm,,1.05027052341044,0.0283092964528919
Norm,Experiment2 meTHF #5 norm,,0.950790722652739,0.0820248165922209
Norm,Experiment2 meTHF #6 norm,,1.02669332606703,0.1250290124934
Norm,Experiment2 meTHF #7 norm,,1.06177503045633,0.231555260676923
Norm,Experiment2 meTHF #8 norm,,1.02047852503733,0.0741296772226263
Norm,Experiment2 FmTHF #1 norm,,1.00072710827587,0.0100158642062626
Norm,Experiment2 FmTHF #2 norm,,0.99038197614965,0.011302155121072
Norm,Experiment2 FmTHF #3 norm,,1.02547915635448,0.0103497320762072
Norm,Experiment2 FmTHF #4 norm,,1.01327082982692,0.02381020444872
Norm,Experiment2 FmTHF #5 norm,,0.946003102252476,0.0369500258433786
Norm,Experiment2 FmTHF #6 norm,,1.00905746856672,0.0753135954721516
Norm,Experiment2 FmTHF #7 norm,,1.00180305567276,0.11001329238324
Norm,Experiment2 FmTHF #8 norm,,0.997088129244315,0.0757844226606716
Norm,Experiment2 Met176 #1 norm,,0.95157761582722,0.0229182288064231
Norm,Experiment2 Met176 #2 norm,,0.976324024384296,0.038668670513199
Norm,Experiment2 Met176 #3 norm,,0.936995154524159,0.0327812257498286
Norm,Experiment2 Met176 #4 norm,,0.87297603030961,0.0855210946270265
Norm,Experiment2 Met176 #5 norm,,0.90552850176499,0.0645977242012338
Norm,Experiment2 Met176 #6 norm,,1.01458601666862,0.0349271428437409
Norm,Experiment2 Met176 #7 norm,,1.01440030083245,0.0626930011242362
Norm,Experiment2 Met176 #8 norm,,1.05512329025998,0.214633118319836
Norm,Experiment2 SAM #1 norm,,0.994778771210571,0.014360055176798
Norm,Experiment2 SAM #2 norm,,0.98503358770316,0.0224425051279318
Norm,Experiment2 SAM #3 norm,,0.939164853645576,0.0322413685388323
Norm,Experiment2 SAM #4 norm,,1.09198961029072,0.0503812558717182
Norm,Experiment2 SAM #5 norm,,1.00648238537237,0.0221766460784319
Norm,Experiment2 SAM #6 norm,,1.02882085252424,0.0553438235177081
Norm,Experiment2 SAM #7 norm,,1.00541573845491,0.0745568078609867
Norm,Experiment2 SAM #8 norm,,0.993960878377698,0.0697634861343267
Norm,Experiment2 CIT465 #1 norm,,0.996733494915725,0.0127697270410781
Norm,Experiment2 CIT465 #2 norm,,0.984468224436598,0.0102607271027498
Norm,Experiment2 CIT465 #3 norm,,1.00359582897376,0.013121179145765
Norm,Experiment2 CIT465 #4 norm,,0.966286288193226,0.0127380117539368
Norm,Experiment2 CIT465 #5 norm,,1.01453272916476,0.0168278245528566
Norm,Experiment2 CIT465 #6 norm,,0.964065229587456,0.0110062344395491
Norm,Experiment2 CIT465 #7 norm,,0.998321628896347,0.0155829621364956
Norm,Experiment2 CIT465 #8 norm,,1.03119533560543,0.0222974383897556
Norm,Experiment2 MAL335 #1 norm,,0.970543990367163,0.0114109186325764
Norm,Experiment2 MAL335 #2 norm,,1.01982494174357,0.0140166839359203
Norm,Experiment2 MAL335 #3 norm,,1.02138458949477,0.0135460514233217
Norm,Experiment2 MAL335 #4 norm,,1.00582244026553,0.0117580503266747
Norm,Experiment2 MAL335 #5 norm,,0.98579958138185,0.0152495789025595
Norm,Experiment2 MAL335 #6 norm,,1.01604634610914,0.0160760438777222
Norm,Experiment2 MAL335 #7 norm,,0.99034908137941,0.0205369214437872
Norm,Experiment2 MAL335 #8 norm,,0.983312860228152,0.0396404306703253
Norm,Experiment2 ASP334 #1 norm,,0.986935967920466,0.0157212651185588
Norm,Experiment2 ASP334 #2 norm,,0.977316556735558,0.0225365111483551
Norm,Experiment2 ASP334 #3 norm,,0.938380740194043,0.0164849339519765
Norm,Experiment2 ASP334 #4 norm,,0.941968081400978,0.0204669562984522
Norm,Experiment2 ASP334 #5 norm,,1.00662853262886,0.0254290122384026
Norm,Experiment2 ASP334 #6 norm,,0.990963807804282,0.0605873647541483
Norm,Experiment2 ASP334 #7 norm,,0.986602219667553,0.0576625667899889
Norm,Experiment2 ASP334 #8 norm,,0.931079194380287,0.0365918358893797
Norm,Experiment2 GLU348 #1 norm,,0.982774947118974,0.0117202255589122
Norm,Experiment2 GLU348 #2 norm,,0.998630861220871,0.0123423084254483
Norm,Experiment2 GLU348 #3 norm,,1.03687487235433,0.0123235164611632
Norm,Experiment2 GLU348 #4 norm,,1.01875369183393,0.0156049117283226
Norm,Experiment2 GLU348 #5 norm,,0.940387277173598,0.0303382641795841
Norm,Experiment2 GLU348 #6 norm,,0.969814504363277,0.0151188693749188
Norm,Experiment2 GLU348 #7 norm,,0.939750420217233,0.0219864123234645
Norm,Experiment2 GLU348 #8 norm,,0.904193919207199,0.0498361171478195
Norm,Experiment2 THR320 #1 norm,,0.979442670429549,0.00994671439518364
Norm,Experiment2 THR320 #2 norm,,0.963103194419223,0.0115915967313116
Norm,Experiment2 THR320 #3 norm,,0.992463276605644,0.0102374464976143
Norm,Experiment2 THR320 #4 norm,,0.974250452397468,0.0108320866372468
Norm,Experiment2 THR320 #5 norm,,0.946492510018728,0.0194226676158374
Norm,Experiment2 THR320 #6 norm,,0.96568484996716,0.0106399590848207
Norm,Experiment2 THR320 #7 norm,,1.01682476081518,0.0146240103043196
Norm,Experiment2 THR320 #8 norm,,0.959012039806983,0.0367052423263043
Norm,Experiment2 ALA116 #1 norm,,1.02413521263259,0.0102755902136481
Norm,Experiment2 ALA116 #2 norm,,1.00948148377216,0.0102028436988656
Norm,Experiment2 ALA116 #3 norm,,1.01546494928316,0.0104545233968808
Norm,Experiment2 ALA116 #4 norm,,0.980491337547498,0.0239279362422483
Norm,Experiment2 ALA116 #5 norm,,1.01622207595873,0.0723294965040644
Norm,Experiment2 ALA116 #6 norm,,1.0070447793508,0.0769577467584922
Norm,Experiment2 ALA116 #7 norm,,1.00975707401092,0.0744473990738023
Norm,Experiment2 ALA116 #8 norm,,0.956577537362797,0.193915121106613
Norm,Experiment2 PYR #1 norm,,0.980401563395441,0.0121087934741335
Norm,Experiment2 PYR #2 norm,,0.898400308447964,0.0532138334010149
Norm,Experiment2 PYR #3 norm,,0.858329816452252,0.0542363432598998
Norm,Experiment2 PYR #4 norm,,1.02147096265967,0.0536746392048223
Norm,Experiment2 PYR #5 norm,,1.09894496272348,0.129829843963574
Norm,Experiment2 PYR #6 norm,,0.95996243918651,0.126251864898917
Norm,Experiment2 PYR #7 norm,,1.01484378757693,0.0687279119192569
Norm,Experiment2 PYR #8 norm,,1.01990008442818,0.121601209866985
