type,id,eqn,val,std
Net flux,CO2.t,CO2.t -> CO2,69.0344728677589,1.53296682086978
Net flux,CO2_sink,dummy -> Sink,69.0344728677588,1.53296682086978
Net flux,RUBICSO_CO2,RUBP.p + CO2 -> 3PGA.p + 3PGA.p + dummy,70.5955374857775,1.53666000649735
Net flux,GAPDH.p net,3PGA.p <-> TP.p,142.853669221695,3.09024272989089
Exch flux,GAPDH.p exch,3PGA.p <-> TP.p,15396.7763715042,4115.62927979132
Net flux,ALD,TP.p + E4P.p -> SBP,24.3135682779164,0.513439709159414
Net flux,SBP,SBP -> S7P.p,24.3135682779164,0.513439709159414
Net flux,FBA.p net,TP.p + TP.p <-> FBP.p,31.7294439761718,0.808234548199707
Exch flux,FBA.p exch,TP.p + TP.p <-> FBP.p,22196.6947387189,3145.08366278504
Net flux,PFK.p net,FBP.p <-> F6P.p,31.7294439761749,0.808234548199707
Exch flux,PFK.p exch,FBP.p <-> F6P.p,1.00005166814299e-07,45.3499811471135
Net flux,TK1 net,TP.p + EC2 <-> X5P.p,48.6271365558327,1.02687941831883
Exch flux,TK1 exch,TP.p + EC2 <-> X5P.p,1.0000000116861e-07,0
Net flux,TK2 net,S7P.p <-> R5P.p + EC2,24.3135682779163,0.513439709159414
Exch flux,TK2 exch,S7P.p <-> R5P.p + EC2,37.8560595404312,6957.24432226084
Net flux,TK3 net,F6P.p <-> E4P.p + EC2,24.3135682779175,0.513439709159414
Exch flux,TK3 exch,F6P.p <-> E4P.p + EC2,8842.1746904192,7645.36125371615
Net flux,PPE net,X5P.p <-> RU5P.p,48.6271365558327,1.02687941831883
Exch flux,PPE exch,X5P.p <-> RU5P.p,46.6052749192763,7635.7192676976
Net flux,PPI net,R5P.p <-> RU5P.p,24.3135682779164,0.513439709159414
Exch flux,PPI exch,R5P.p <-> RU5P.p,238.465416714685,7520.64596365328
Net flux,PRK,RU5P.p -> RUBP.p,72.9407048337492,1.54031912747824
Net flux,RUBISCO_O2,RUBP.p -> 3PGA.p + 2PG.p,2.34516734797166,0.0847516026910165
Net flux,GLYdil net,GLY.p <-> GLY.x + dummyGLY,0.0164417597196902,0.00183346931357453
Exch flux,GLYdil exch,GLY.p <-> GLY.x + dummyGLY,1.0000000116861e-07,0
Net flux,SERdil net,SER.p <-> SER.x + dummySER,0.851136350207874,0.910851171218221
Exch flux,SERdil exch,SER.p <-> SER.x + dummySER,0.278531447644248,0.0733856696166143
Net flux,GK,GA.p -> 3PGA.p,0.00549599096789732,0.527487494847344
Net flux,PGI.p net,F6P.p <-> G6P.p,7.41587569825672,0.463584438562363
Exch flux,PGI.p exch,F6P.p <-> G6P.p,3.70105272770292,5861.71805726875
Net flux,PGM.p,G6P.p -> ADPG.p,7.41587569825672,0.463584438562363
Net flux,Starch,ADPG.p -> Starch,7.4158756982567,0.463584438562363
Net flux,FBA.c net,TP.c + TP.c <-> FBP.c,3.22703821779943,0.359856586320689
Exch flux,FBA.c exch,TP.c + TP.c <-> FBP.c,20.5481360367039,56.7413703254463
Net flux,PFK.c net,FBP.c <-> F6P.c,3.22703821779945,0.359856586320689
Exch flux,PFK.c exch,FBP.c <-> F6P.c,5.48815991231381,9.29691005158877
Net flux,PGI.c net,F6P.c <-> G6P.c,1.61351910889977,0.179928293160345
Exch flux,PGI.c exch,F6P.c <-> G6P.c,213.675172031927,7944.68547430228
Net flux,PGM.c net,G6P.c <-> UDPG.c,1.61351910889789,0.179928293160345
Exch flux,PGM.c exch,G6P.c <-> UDPG.c,48478.635765355,6591.35026251655
Net flux,SPS,F6P.c + UDPG.c -> S6P,1.61351910889968,0.179928293160345
Net flux,PGAM.c net,3PGA.c <-> PEP.c,0.688069088799504,0.0767286212956992
Exch flux,PGAM.c exch,3PGA.c <-> PEP.c,1.35895812419278,8222.99890561875
Net flux,PK.c,PEP.c -> PYR.c,0.312328893909502,0.0348287198868157
Net flux,PDH,PYR.c + dummy -> ACA + CO2,0.259937928443565,0.0289864480998481
Net flux,CS,OAA + ACA -> CIT,0.259937928443561,0.0289864480998481
Net flux,ACO net,CIT <-> ICI,0.259937928443605,0.0289864480998481
Exch flux,ACO exch,CIT <-> ICI,1165.3932683248,7563.9526779283
Net flux,IDH,ICI + dummy -> AKG + CO2,0.259937928443578,0.0289864480998481
Net flux,MDH net,MAL <-> OAA,7.105427357601e-15,0
Exch flux,MDH exch,MAL <-> OAA,0.223269453593886,0.0742497925707509
Net flux,PPC,PEP.c + CO2 -> OAA + dummy,0.375740194889068,0.0418999015282725
Net flux,T_3PGA net,3PGA.p <-> 3PGA.c,0.68806908879948,0.0767286212956992
Exch flux,T_3PGA exch,3PGA.p <-> 3PGA.c,4.21951755821436,7450.02699027974
Net flux,T_DHAP net,TP.p <-> TP.c,6.45407643559891,0.719713172641378
Exch flux,T_DHAP exch,TP.p <-> TP.c,3.87434736339946,3.93351357658157
Net flux,ALT,PYR.c -> ALA.c,0.0523909654659046,0.00584227168093024
Net flux,ASPT,OAA -> ASP,0.115802266445601,0.0129134537051348
Net flux,GLUDH,AKG -> GLU,0.259937928443555,0.0289864480998481
Net flux,PCR net,GLU <-> PRO,-2.48689957516035e-14,0
Exch flux,PCR exch,GLU <-> PRO,1.0000000116861e-07,0
Net flux,GS net,GLU <-> GLN,0,0
Exch flux,GS exch,GLU <-> GLN,1.00041980033438e-07,0
Net flux,TS net,ASP <-> THR,0,0
Exch flux,TS exch,ASP <-> THR,1.0000000116861e-07,0
Net flux,AS net,ASP <-> ASN,1.06581410364015e-14,0
Exch flux,AS exch,ASP <-> ASN,1.0000000116861e-07,0
Net flux,G_3PGA.p,0*3PGA.p -> 3PGA,2.46866330400053e-06,10108.4348639097
Net flux,G_3PGA.c,0*3PGA.c -> 3PGA,92.9119081404924,7314.53401879945
Net flux,G_DHAP.p,0*TP.p -> TP,40.6853798422419,10458.0880276242
Net flux,G_DHAP.c,0*TP.c -> TP,51.8471856996948,7255.92084731167
Net flux,G_F6P.p,0*F6P.p -> F6P,48.6686345030748,10510.7538938186
Net flux,G_F6P.c,0*F6P.c -> F6P,36.546576817712,7298.58421602883
Net flux,G_FBP.p,0*FBP.p -> FBP,2.46866162001425e-06,10622.9627796738
Net flux,G_FBP.c,0*FBP.c -> FBP,83.451231051289,7853.42352437653
Net flux,G_G6P.p,0*G6P.p -> G6P,19.0549768397257,10749.3612070717
Net flux,G_G6P.c,0*G6P.c -> G6P,58.8549499993082,7997.70645826325
Net flux,G_RU5P.p,0*RU5P.p -> P5P,2.46865403497054e-06,10670.3833121447
Net flux,G_X5P.p,0*X5P.p -> P5P,92.8477691500261,7293.40497757939
Net flux,G_R5P.p,0*R5P.p -> R5P,82.2810779884949,7452.12008094835
Net flux,G_GA.p,0*GA.p -> GA,37.9286262426333,4.78685604382913
Net flux,G_SER.p,0*SER.p -> SER,99.8627117256874,10873.7446263971
Net flux,G_GLY.p,0*GLY.p -> GLY,11.3916391890163,10209.8828622157
Net flux,G_RUBP.p,0*RUBP.p -> RUBP,92.5302752673063,7950.90697738269
Net flux,G_S7P.p,0*S7P.p -> S7P,98.4567310636212,7602.58767978931
Net flux,G_2PG.p,0*2PG.p -> 2PG,87.0427532706349,7574.70107721733
Net flux,G_ADPG.p,0*ADPG.p -> ADPG,95.0805622183481,7479.23737748015
Net flux,G_PEP.c,0*PEP.c -> PEP,89.2305410445615,7205.33428775663
Net flux,G_UDPG.c,0*UDPG.c -> UDPG,72.4268033045549,7224.70847965961
Net flux,G_ALA.c,0*ALA.c -> ALA,73.9738157661411,6.8978923935537
Net flux,(1-G)_GA,0*GA.x -> GA,62.0713737573686,4.78685604382913
Net flux,(1-G)_SER,0*SER.x -> SER,0.137287975222431,7534.82546260485
Net flux,(1-G)_GLY,0*GLY.x -> GLY,88.5656112428019,1.96090008681865
Net flux,(1-G)_R5P,0*R5P.x -> R5P,17.718922011502,7452.12008094835
Net flux,(1-G)_RUBP,0*RUBP.x -> RUBP,7.46972473269241,7950.90697738269
Net flux,(1-G)_3PGA,0*3PGA.x -> 3PGA,7.08808939084453,7481.73123563211
Net flux,(1-G)_TP,0*TP.x -> TP,7.46743445806385,7590.11523293732
Net flux,(1-G)_F6P,0*F6P.x -> F6P,14.7847886792169,7517.24735174412
Net flux,(1-G)_FBP,0*FBP.x -> FBP,16.5487664800441,7270.57431606992
Net flux,(1-G)_G6P,0*G6P.x -> G6P,22.0900731609643,7132.2008597465
Net flux,(1-G)_RU5P,0*RU5P.x -> P5P,7.15222838132124,7751.25617478075
Net flux,(1-G)_S7P,0*S7P.x -> S7P,1.5432689363768,7602.58767978931
Net flux,(1-G)_2PG,0*2PG.x -> 2PG,12.9572467293675,7574.70107721733
Net flux,(1-G)_ADPG,0*ADPG.x -> ADPG,4.91943778165088,7479.23737748015
Net flux,(1-G)_PEP,0*PEP.x -> PEP,10.7694589554367,7205.33428775663
Net flux,(1-G)_UDPG,0*UDPG.x -> UDPG,27.5731966954463,7224.70847965961
Net flux,(1-G)_ALA,0*ALA.x -> ALA,26.0261842338587,6.8978923935537
Net flux,PGASink,3PGA -> Sink,100,0
Net flux,DHAPSink,TP -> Sink,100.000000000001,0
Net flux,F6PSink,F6P -> Sink,100.000000000004,0
Net flux,FBPSink,FBP -> Sink,99.9999999999948,0
Net flux,G6PSink,G6P -> Sink,99.9999999999983,0
Net flux,P5PSink,P5P -> Sink,100.000000000001,0
Net flux,R5PSink,R5P -> Sink,99.9999999999968,0
Net flux,GASink,GA -> Sink,100.000000000002,0
Net flux,SERSink,SER -> Sink,99.9999999999996,0
Net flux,GLYSink,GLY -> Sink,100.000000000001,0
Net flux,RUBPSink,RUBP -> Sink,99.9999999999987,0
Net flux,S7PSink,S7P -> Sink,99.9999999999979,0
Net flux,2PGSink,2PG -> Sink,100.000000000002,0
Net flux,ADPGSink,ADPG -> Sink,99.9999999999989,0
Net flux,PEPSink,PEP -> Sink,99.9999999999983,0
Net flux,UDPGSink,UDPG -> Sink,100.000000000001,0
Net flux,ALASink,ALA -> Sink,99.9999999999998,0
Net flux,S6Pout-LL,S6P + 0.1611*GLU + 0.07177*ASP + 0.03247*ALA.c + 0.01019*dummyGLY + 0.03484*dummySER -> Sink,1.61351910889972,0.179928293160345
Net flux,PGP.p,2PG.p -> Glyc.p,2.34516734797168,0.0847516026910165
Net flux,GOX,Glyc.p -> Glyx.p,2.3451673479717,0.0847516026910165
Net flux,GGT,Glyx.p -> GLY.p,2.34516734797169,0.0847516026910165
Net flux,SGAT,SER.p -> HPA.p,0.00549599096788644,0.527487494847344
Net flux,HPR.p,HPA.p -> GA.p,0.00549599096788089,0.527487494847344
Net flux,T_GLY-m net,GLY.p <-> GLY.m,2.32876200489773,7434.03906472674
Exch flux,T_GLY-m exch,GLY.p <-> GLY.m,20171.561407401,7649.52293062158
Net flux,GDC.m,GLY.m + dummy -> myTHF.m + CO2,1.41692895602076,0.105631003206309
Net flux,T_SER-m net,SER.p <-> SER.m,-1.4169289560208,0.105631003206309
Exch flux,T_SER-m exch,SER.p <-> SER.m,367.455034036034,6915.31305398139
Net flux,mSHMT,GLY.m + myTHF.m -> SER.m,1.41692895602076,0.105631003206309
Net flux,T_SER-c net,SER.p <-> SER.c,0.560296614844995,0.75820767092014
Exch flux,T_SER-c exch,SER.p <-> SER.c,1.00000000280431e-07,0
Net flux,T_Gly-c net,GLY.p <-> GLY.c,-3.64166470641081e-05,7434.03906425794
Exch flux,T_Gly-c exch,GLY.p <-> GLY.c,9.99999998363421e-08,0
Net flux,cSHMT,SER.c -> GLY.c + meTHF.c,0.505134300777058,0.186979774272858
Net flux,FmTHF-reductase net,meTHF.c <-> FmTHF.c,0.505134300777058,0.186979774272858
Exch flux,FmTHF-reductase exch,meTHF.c <-> FmTHF.c,8.21748500710575,7602.6364315169
Net flux,Met-synthase,FmTHF.c + Hcy.c -> Met.c,0.505134300777038,0.186979774272858
Net flux,SAM-synthase,Met.c -> SAM.c,0.505134300777048,0.186979774272858
Net flux,Methylation,SAM.c -> SAH.c + Acceptor.c,0.505134300777043,0.186979774272858
Net flux,hydrolysis,SAH.c -> Hcy.c,0.505134300777035,0.186979774272858
Net flux,G_SER.m,0*SER.m -> SER,1.0000000116861e-07,0
Net flux,G_SER.c,0*SER.c -> SER,1.99089708274869e-07,8004.0502188126
Net flux,G_Gly.m,0*GLY.m -> GLY,9.01215765374275e-05,7334.06224326972
Net flux,G_Gly.c,0*GLY.c -> GLY,0.0426594466064998,7188.95114384855
Net flux,T_GLY-c-m,GLY.c -> GLY.m,0.50509590714249,7434.03906659878
Net flux,G_Glyc,0*Glyc.p -> Glyc,8.9193493489368,1.57321749798731
Net flux,G_Glyx,0*Glyx.p -> Glyx,8.09283707424594,7.30435330198166
Net flux,G_HPA,0*HPA.p -> HPA,9.17901716044588,1.98060467729927
Net flux,(1-G)_Glyc,0*Glyc.x -> Glyc,91.0806506510638,1.57321749798731
Net flux,(1-G)_Glyx,0*Glyx.x -> Glyx,91.9071629257549,7.30435330198166
Net flux,(1-G)_HPA,0*HPA.x -> HPA,90.820982839554,1.98060467729927
Net flux,GlycSink,Glyc -> Sink,100.000000000001,0
Net flux,GlyxSink,Glyx -> Sink,100.000000000001,0
Net flux,HPASink,HPA -> Sink,99.9999999999998,0
Net flux,SERex,dummySER -> outSER,0.794916171511627,0.911430975836354
Net flux,G_PYR,0*PYR.c -> PYR,41.4182326649444,3.11474310504168
Net flux,(1-G)_PYR,0*PYR.x -> PYR,58.5817673350559,3.11474310504168
Net flux,PYRSink,PYR -> Sink,100,0
Net flux,G_meTHF,0*meTHF.c -> meTHF,99.9999998999999,0
Net flux,G_FmTHF,0*FmTHF.c -> FmTHF,87.0717492117752,5.67614364135749
Net flux,G_Met,0*Met.c -> Met,72.5763522641246,4.7464129139158
Net flux,G_SAM,0*SAM.c -> SAM,75.3873555649686,6.59775380633962
Net flux,(1-G)_meTHF,0*meTHF.x -> meTHF,1.0000000116861e-07,0
Net flux,(1-G)_FmTHF,0*FmTHF.x -> FmTHF,12.9282507882249,5.67614364135749
Net flux,(1-G)_Met,0*Met.x -> Met,27.4236477358755,4.7464129139158
Net flux,(1-G)_SAM,0*SAM.x -> SAM,24.6126444350314,6.59775380633962
Net flux,meTHFSink,meTHF -> Sink,99.9999999999999,0
Net flux,FmTHFSink,FmTHF -> Sink,100,0
Net flux,MetSink,Met -> Sink,100,0
Net flux,SAMsink,SAM -> Sink,100,0
Net flux,Met-protein,Met.c -> Protein,6.51983996113883e-15,0
Net flux,GLY-protein,GLY.c -> Protein,1.97698753101605e-06,3.26351885772708e-13
Net flux,SER-protein,SER.c -> Protein,0.0551623140679389,0.826161925901441
Pool,2PG pool,,0,0
Pool,2PG.p pool,,3.15006076176206e-06,7609.7372984455
Pool,2PG.x pool,,1,Inf
Pool,3PGA pool,,0,0
Pool,3PGA.c pool,,2.77964313133173e-05,7233.70471533111
Pool,3PGA.p pool,,4.17956596500505e-06,7759.05781954271
Pool,3PGA.x pool,,1,Inf
Pool,ACA pool,,2.57235737509147e-06,7543.23731589397
Pool,ADPG pool,,0,0
Pool,ADPG.p pool,,9.9999999999999e-08,Inf
Pool,ADPG.x pool,,1,Inf
Pool,AKG pool,,2.60248553347356e-06,7307.14122977272
Pool,ALA pool,,0,0
Pool,ALA.c pool,,0.00997160756981214,0.00283813265612605
Pool,ALA.x pool,,1,Inf
Pool,ASN pool,,7566.49914306373,7739.31379633952
Pool,ASP pool,,4.32559487364808e-05,7289.45370837829
Pool,Acceptor.c pool,,1,Inf
Pool,CIT pool,,7.90915430338518,5.30717021086085
Pool,CO2 pool,,0.000352961338446663,7605.46730159884
Pool,CO2.t pool,,1,Inf
Pool,E4P.p pool,,0,0
Pool,EC2 pool,,0,0
Pool,F6P pool,,0,0
Pool,F6P.c pool,,3.82989949402872e-06,7431.11938224057
Pool,F6P.p pool,,4.16266299621787e-06,7218.95761818552
Pool,F6P.x pool,,1,Inf
Pool,FBP pool,,0,0
Pool,FBP.c pool,,3.83761393223325e-06,7358.02826983407
Pool,FBP.p pool,,4.07959364272974e-06,7335.93716077565
Pool,FBP.x pool,,1,Inf
Pool,FmTHF pool,,6.92486080989331,3.11312297811898
Pool,FmTHF.c pool,,1.71544645950292e-06,7281.80433585172
Pool,FmTHF.x pool,,1,Inf
Pool,G6P pool,,0,0
Pool,G6P.c pool,,9.87609816416348e-06,7158.7041052937
Pool,G6P.p pool,,3.907934333168e-06,7334.90132437947
Pool,G6P.x pool,,1,Inf
Pool,GA pool,,0,0
Pool,GA.p pool,,9.99999999999999e-08,0
Pool,GA.x pool,,1,Inf
Pool,GLN pool,,8.83867754989342,7091.08306619579
Pool,GLU pool,,2.60247038628357e-06,7437.30146810826
Pool,GLY pool,,0,0
Pool,GLY.c pool,,1.00000055478263e-07,7415.81996666963
Pool,GLY.m pool,,0.138763600943917,0.0318339842072506
Pool,GLY.p pool,,0.000423145698453965,7338.2193177422
Pool,GLY.x pool,,1,Inf
Pool,Glyc pool,,7.61722880945885,3.58337026285266
Pool,Glyc.p pool,,9.80719545360836e-06,6834.12541884761
Pool,Glyc.x pool,,1,Inf
Pool,Glyx pool,,39.6432886934792,53.3151076068579
Pool,Glyx.p pool,,1.20676047720226e-05,7397.8141228005
Pool,Glyx.x pool,,1,Inf
Pool,HPA pool,,0.000178800437282803,7061.73973498822
Pool,HPA.p pool,,4.78064303848254e-07,7343.05839850223
Pool,HPA.x pool,,1,Inf
Pool,Hcy.c pool,,1,Inf
Pool,ICI pool,,0.00373166674982079,6689.90263749707
Pool,MAL pool,,0.565782333961174,0.222088176300016
Pool,Met pool,,0.000937906483257761,7313.2273418883
Pool,Met.c pool,,1.86555374247325e-06,7260.32144043337
Pool,Met.x pool,,1,Inf
Pool,OAA pool,,0.350498963911307,0.0547605905210555
Pool,P5P pool,,0,0
Pool,PEP pool,,0,0
Pool,PEP.c pool,,9.60566198072355e-06,6966.05832466335
Pool,PEP.x pool,,1,Inf
Pool,PRO pool,,5.39499638372093,7012.87594264981
Pool,PYR pool,,1.00000000058387e-07,0
Pool,PYR.c pool,,0.0256448685078893,0.0055606594492714
Pool,PYR.x pool,,1,Inf
Pool,Protein pool,,1,Inf
Pool,R5P pool,,0,0
Pool,R5P.p pool,,7.45414786524876e-05,6715.1905064046
Pool,R5P.x pool,,1,Inf
Pool,RU5P.p pool,,4.07091613430588e-06,7168.12421016265
Pool,RU5P.x pool,,1,Inf
Pool,RUBP pool,,0,0
Pool,RUBP.p pool,,4.08570450449759e-06,7268.85097225322
Pool,RUBP.x pool,,1,Inf
Pool,S6P pool,,1,Inf
Pool,S7P pool,,0,0
Pool,S7P.p pool,,4.42301965703705e-06,7210.92215089348
Pool,S7P.x pool,,1,Inf
Pool,SAH.c pool,,1,Inf
Pool,SAM pool,,11.1078497437,4.39583815991982
Pool,SAM.c pool,,2.74801988198056e-06,7400.09023506906
Pool,SAM.x pool,,1,Inf
Pool,SBP pool,,0,0
Pool,SER pool,,0,0
Pool,SER.c pool,,1.00000000002876e-07,0
Pool,SER.m pool,,0.397171621832595,0.051644944213985
Pool,SER.p pool,,0.00142050862177675,7096.30820171563
Pool,SER.x pool,,1,Inf
Pool,Sink pool,,1,Inf
Pool,Starch pool,,1,Inf
Pool,THR pool,,3728.54776153077,7326.43061680992
Pool,TP pool,,0,0
Pool,TP.c pool,,4.19533381357765e-06,7377.47514724047
Pool,TP.p pool,,4.34577652176355e-06,7074.31084144256
Pool,TP.x pool,,1,Inf
Pool,UDPG pool,,0,0
Pool,UDPG.c pool,,868.04516759672,6960.09522050132
Pool,UDPG.x pool,,1,Inf
Pool,X5P.p pool,,4.19419092089921e-06,7338.09046328661
Pool,dummy pool,,1,Inf
Pool,dummyGLY pool,,1,Inf
Pool,dummySER pool,,1,Inf
Pool,meTHF pool,,0.00584380313826558,7207.8733716163
Pool,meTHF.c pool,,1.71065081676384e-06,7687.90364198445
Pool,meTHF.x pool,,1,Inf
Pool,myTHF.m pool,,1.56733032281281e-05,7041.26563653236
Pool,outSER pool,,1,Inf
Norm,Experiment2 Glyc205 #1 norm,,0.918387048161159,0.0342039893793561
Norm,Experiment2 Glyc205 #2 norm,,0.969608137624786,0.0153976867418527
Norm,Experiment2 Glyc205 #3 norm,,0.988366513816838,0.0229762589705684
Norm,Experiment2 Glyc205 #4 norm,,0.991352159628195,0.0216449363027928
Norm,Experiment2 Glyc205 #5 norm,,1.00348070946068,0.0241474394030186
Norm,Experiment2 Glyc205 #6 norm,,0.988033030750265,0.024726089013061
Norm,Experiment2 Glyc205 #7 norm,,1.00428783493195,0.0344889271256917
Norm,Experiment2 Glyc205 #8 norm,,0.947244236408994,0.102152704748045
Norm,Experiment2 Glyx160 #1 norm,,0.985568736288304,0.0110145708574252
Norm,Experiment2 Glyx160 #2 norm,,0.974434856404399,0.0118366243267453
Norm,Experiment2 Glyx160 #3 norm,,0.993835104616309,0.0137045001291273
Norm,Experiment2 Glyx160 #4 norm,,0.987087347672623,0.0166514930602267
Norm,Experiment2 Glyx160 #5 norm,,0.988280753996369,0.0158738633210487
Norm,Experiment2 Glyx160 #6 norm,,1.01101014860373,0.0219377312248961
Norm,Experiment2 Glyx160 #7 norm,,0.987666499512463,0.0315832669478639
Norm,Experiment2 Glyx160 #8 norm,,1.10742976831213,0.174265251544623
Norm,Experiment2 GLY276 #1 norm,,0.984358526144159,0.0105199280460124
Norm,Experiment2 GLY276 #2 norm,,0.944695658562917,0.0194612315951878
Norm,Experiment2 GLY276 #3 norm,,1.02954955565967,0.0191046945161432
Norm,Experiment2 GLY276 #4 norm,,1.02610749792834,0.0187258086708134
Norm,Experiment2 GLY276 #5 norm,,0.974151967972545,0.0361820118447064
Norm,Experiment2 GLY276 #6 norm,,1.05679439556898,0.0885516772430008
Norm,Experiment2 GLY276 #7 norm,,0.834948697722486,0.125400238745109
Norm,Experiment2 GLY276 #8 norm,,0.592148912307811,0.182970507220568
Norm,Experiment2 HPA262 #1 norm,,0.99620424166809,0.0191147328740059
Norm,Experiment2 HPA262 #2 norm,,1.00179695542263,0.0236666243685289
Norm,Experiment2 HPA262 #3 norm,,0.930713263646295,0.0227361967760224
Norm,Experiment2 HPA262 #4 norm,,0.959360236900831,0.0310382104621564
Norm,Experiment2 HPA262 #5 norm,,0.961498997643136,0.0220589271547855
Norm,Experiment2 HPA262 #6 norm,,1.00664348199213,0.0298243387662846
Norm,Experiment2 HPA262 #7 norm,,0.949124014571207,0.0230028002794849
Norm,Experiment2 HPA262 #8 norm,,1.02819316733401,0.0401390481160011
Norm,Experiment2 GA307 #1 norm,,1.00505770779014,0.0110721585739077
Norm,Experiment2 GA307 #2 norm,,0.890838488942996,0.0296443444226437
Norm,Experiment2 GA307 #3 norm,,0.895947368504011,0.0226919105208741
Norm,Experiment2 GA307 #4 norm,,0.939471474085885,0.0260707620274157
Norm,Experiment2 GA307 #5 norm,,0.862607245233111,0.0663457991929305
Norm,Experiment2 GA307 #6 norm,,0.785311282461181,0.0997387719362088
Norm,Experiment2 GA307 #7 norm,,0.990783919992047,0.0816177553142734
Norm,Experiment2 GA307 #8 norm,,0.927263569428734,0.13216890372438
Norm,Experiment2 SER306 #1 norm,,0.961678527847193,0.0122733247965278
Norm,Experiment2 SER306 #2 norm,,0.926074832603892,0.0350430304583116
Norm,Experiment2 SER306 #3 norm,,0.991835108292395,0.0198657625667787
Norm,Experiment2 SER306 #4 norm,,1.03211189384572,0.0271072431760741
Norm,Experiment2 SER306 #5 norm,,1.00293791052464,0.0655642695855578
Norm,Experiment2 SER306 #6 norm,,0.971376052162642,0.113290785835608
Norm,Experiment2 SER306 #7 norm,,1.21514654355744,0.133019182192145
Norm,Experiment2 SER306 #8 norm,,0.986137733853042,0.111487129753599
Norm,Experiment2 meTHF #1 norm,,0.989171766346989,0.0097776487175749
Norm,Experiment2 meTHF #2 norm,,0.989247465257428,0.0141878615111722
Norm,Experiment2 meTHF #3 norm,,0.973721633107766,0.0275082499776496
Norm,Experiment2 meTHF #4 norm,,1.02319927273609,0.0263452075267272
Norm,Experiment2 meTHF #5 norm,,1.00154458311005,0.0807117062821899
Norm,Experiment2 meTHF #6 norm,,0.936539026794676,0.142213090778754
Norm,Experiment2 meTHF #7 norm,,1.05399351016507,0.219378164720546
Norm,Experiment2 meTHF #8 norm,,1.01001271665567,0.0697253332409997
Norm,Experiment2 FmTHF #1 norm,,1.01255414938582,0.00995985875181156
Norm,Experiment2 FmTHF #2 norm,,0.989183414927398,0.0114486836670422
Norm,Experiment2 FmTHF #3 norm,,1.00690558068833,0.0102361458988926
Norm,Experiment2 FmTHF #4 norm,,0.974034364581211,0.0204296156620606
Norm,Experiment2 FmTHF #5 norm,,1.01218459362037,0.0398155132470321
Norm,Experiment2 FmTHF #6 norm,,0.981953594182589,0.0786099746141004
Norm,Experiment2 FmTHF #7 norm,,1.00776352212179,0.11736236040099
Norm,Experiment2 FmTHF #8 norm,,1.00553180380417,0.062233599602578
Norm,Experiment2 Met176 #1 norm,,0.970144299839762,0.0238991973473344
Norm,Experiment2 Met176 #2 norm,,0.928114882303312,0.0377663199921488
Norm,Experiment2 Met176 #3 norm,,0.897482766883659,0.0337337790923176
Norm,Experiment2 Met176 #4 norm,,0.903234317051711,0.093076764387263
Norm,Experiment2 Met176 #5 norm,,0.849250283956367,0.0637424860066633
Norm,Experiment2 Met176 #6 norm,,0.998780135160748,0.0342488266159493
Norm,Experiment2 Met176 #7 norm,,1.01188480883663,0.0695318463459053
Norm,Experiment2 Met176 #8 norm,,1.00434768352608,0.173398075199716
Norm,Experiment2 SAM #1 norm,,0.978988936883062,0.0142074318554266
Norm,Experiment2 SAM #2 norm,,0.980915451722389,0.0217104658126292
Norm,Experiment2 SAM #3 norm,,0.955379412556586,0.0330270995408688
Norm,Experiment2 SAM #4 norm,,0.901089316260394,0.039920620625964
Norm,Experiment2 SAM #5 norm,,1.01887738231753,0.0242914192503646
Norm,Experiment2 SAM #6 norm,,0.982737879721495,0.0615590067011921
Norm,Experiment2 SAM #7 norm,,0.993800555320307,0.0798558073932097
Norm,Experiment2 SAM #8 norm,,0.999069769197404,0.078190682747281
Norm,Experiment2 CIT465 #1 norm,,0.99190261422612,0.0127657314840023
Norm,Experiment2 CIT465 #2 norm,,0.985549415651031,0.010468216574215
Norm,Experiment2 CIT465 #3 norm,,0.969221689539007,0.012763635100982
Norm,Experiment2 CIT465 #4 norm,,0.94010687932034,0.012380984318225
Norm,Experiment2 CIT465 #5 norm,,0.985158568213253,0.0154604468902847
Norm,Experiment2 CIT465 #6 norm,,0.998745011753747,0.0112606630878321
Norm,Experiment2 CIT465 #7 norm,,1.04652553464208,0.0170539042047425
Norm,Experiment2 CIT465 #8 norm,,1.01437360600613,0.0242259659534648
Norm,Experiment2 MAL335 #1 norm,,0.987366127081782,0.0120325062897479
Norm,Experiment2 MAL335 #2 norm,,0.974241938675886,0.0133043192086337
Norm,Experiment2 MAL335 #3 norm,,0.990218268145053,0.012816614763701
Norm,Experiment2 MAL335 #4 norm,,0.991374385254762,0.0117159293035322
Norm,Experiment2 MAL335 #5 norm,,0.950083778526459,0.0141586108751364
Norm,Experiment2 MAL335 #6 norm,,0.963954981993549,0.0145350963168698
Norm,Experiment2 MAL335 #7 norm,,0.985899836359053,0.0206260875594174
Norm,Experiment2 MAL335 #8 norm,,0.991711268238453,0.0421032085257975
Norm,Experiment2 ASP334 #1 norm,,0.980410521450576,0.0158837772530384
Norm,Experiment2 ASP334 #2 norm,,0.968488908747112,0.0231650747724623
Norm,Experiment2 ASP334 #3 norm,,0.931722706137217,0.0171213586218062
Norm,Experiment2 ASP334 #4 norm,,0.978126272668651,0.0218846698915299
Norm,Experiment2 ASP334 #5 norm,,0.928806398393778,0.0224499461752245
Norm,Experiment2 ASP334 #6 norm,,0.995725082928467,0.0571893998908938
Norm,Experiment2 ASP334 #7 norm,,0.979450885305449,0.0580866571987056
Norm,Experiment2 ASP334 #8 norm,,0.924092560393785,0.0401913296906466
Norm,Experiment2 GLU348 #1 norm,,1.01442862134931,0.0120903597913905
Norm,Experiment2 GLU348 #2 norm,,0.97041371535922,0.0118912792671842
Norm,Experiment2 GLU348 #3 norm,,1.00969043751478,0.0120917783014995
Norm,Experiment2 GLU348 #4 norm,,1.06063242718685,0.0164536482238711
Norm,Experiment2 GLU348 #5 norm,,1.03442451606343,0.0339253196439007
Norm,Experiment2 GLU348 #6 norm,,0.97372585026817,0.0146500900813769
Norm,Experiment2 GLU348 #7 norm,,0.927969460386859,0.0221913752755863
Norm,Experiment2 GLU348 #8 norm,,0.888362366520866,0.0528130129977269
Norm,Experiment2 THR320 #1 norm,,1.02194555957106,0.0105186891957837
Norm,Experiment2 THR320 #2 norm,,1.00260016617537,0.0116649900234042
Norm,Experiment2 THR320 #3 norm,,1.00309504838516,0.0102692709224694
Norm,Experiment2 THR320 #4 norm,,1.00195799303457,0.0114220542615456
Norm,Experiment2 THR320 #5 norm,,1.01356921350346,0.0209953298444508
Norm,Experiment2 THR320 #6 norm,,1.02696659730541,0.011247408918232
Norm,Experiment2 THR320 #7 norm,,0.974090510588911,0.0133218817821157
Norm,Experiment2 THR320 #8 norm,,0.962870043452574,0.0371186084767054
Norm,Experiment2 ALA116 #1 norm,,0.99854293414052,0.00997526058235879
Norm,Experiment2 ALA116 #2 norm,,1.01861115626935,0.0103599763643356
Norm,Experiment2 ALA116 #3 norm,,1.03020006233339,0.0113856917889224
Norm,Experiment2 ALA116 #4 norm,,1.02308415527961,0.0265550930012816
Norm,Experiment2 ALA116 #5 norm,,1.05571175759684,0.0813143980734686
Norm,Experiment2 ALA116 #6 norm,,1.00708371660747,0.0815848200566179
Norm,Experiment2 ALA116 #7 norm,,1.01726065961621,0.0787085790178641
Norm,Experiment2 ALA116 #8 norm,,0.913459875502273,0.171855446888631
Norm,Experiment2 PYR #1 norm,,0.986830901611766,0.0128302499002305
Norm,Experiment2 PYR #2 norm,,0.888303368924248,0.0525788657690612
Norm,Experiment2 PYR #3 norm,,0.885152840781041,0.0585186694271465
Norm,Experiment2 PYR #4 norm,,0.980498514640065,0.0464210079320231
Norm,Experiment2 PYR #5 norm,,1.01094541951478,0.116433559645499
Norm,Experiment2 PYR #6 norm,,0.983322757948207,0.134717899160104
Norm,Experiment2 PYR #7 norm,,0.995187863185875,0.077620564831188
Norm,Experiment2 PYR #8 norm,,0.967949846613125,0.117227086841872
