type,id,eqn,val,std
Net flux,CO2.t,CO2.t -> CO2,65.942691807603,1.52165650202729
Net flux,CO2_sink,dummy -> Sink,65.9426918076029,1.52165650202729
Net flux,RUBICSO_CO2,RUBP.p + CO2 -> 3PGA.p + 3PGA.p + dummy,67.6632474510781,1.52682890439344
Net flux,GAPDH.p net,3PGA.p <-> TP.p,137.675275543195,3.04032760960658
Exch flux,GAPDH.p exch,3PGA.p <-> TP.p,72062.550601471,1053.9403278228
Net flux,ALD,TP.p + E4P.p -> SBP,23.3341470922629,0.510388867448782
Net flux,SBP,SBP -> S7P.p,23.3341470922629,0.510388867448782
Net flux,FBA.p net,TP.p + TP.p <-> FBP.p,30.6488728980439,0.782478439329476
Exch flux,FBA.p exch,TP.p + TP.p <-> FBP.p,25554.2559045365,996.519160317467
Net flux,PFK.p net,FBP.p <-> F6P.p,30.6488728980471,0.782478439329476
Exch flux,PFK.p exch,FBP.p <-> F6P.p,1.00005138392589e-07,1.79574712296212e-14
Net flux,TK1 net,TP.p + EC2 <-> X5P.p,46.6682941845259,1.02077773489756
Exch flux,TK1 exch,TP.p + EC2 <-> X5P.p,1.0000000116861e-07,5.97848281759003e-13
Net flux,TK2 net,S7P.p <-> R5P.p + EC2,23.3341470922629,0.510388867448782
Exch flux,TK2 exch,S7P.p <-> R5P.p + EC2,38.0664875710189,2538.51623165128
Net flux,TK3 net,F6P.p <-> E4P.p + EC2,23.3341470922642,0.510388867448782
Exch flux,TK3 exch,F6P.p <-> E4P.p + EC2,9558.70381963171,2059.91630447942
Net flux,PPE net,X5P.p <-> RU5P.p,46.6682941845258,1.02077773489756
Exch flux,PPE exch,X5P.p <-> RU5P.p,76.49972509228,1571.74899129169
Net flux,PPI net,R5P.p <-> RU5P.p,23.334147092263,0.510388867448782
Exch flux,PPI exch,R5P.p <-> RU5P.p,241.264631174064,1413.34074927288
Net flux,PRK,RU5P.p -> RUBP.p,70.0024412767889,1.53116660234322
Net flux,RUBISCO_O2,RUBP.p -> 3PGA.p + 2PG.p,2.33919382571083,0.0848751138931767
Net flux,GLYdil net,GLY.p <-> GLY.x + dummyGLY,0.0162405378781258,0.00173253442034121
Exch flux,GLYdil exch,GLY.p <-> GLY.x + dummyGLY,1.0000000116861e-07,0
Net flux,SERdil net,SER.p <-> SER.x + dummySER,0.0555322302343484,0.00592414658549825
Exch flux,SERdil exch,SER.p <-> SER.x + dummySER,9.99861029526983e-08,4.44903840556461e-13
Net flux,GK,GA.p -> 3PGA.p,0.689234997142911,0.100157911243887
Net flux,PGI.p net,F6P.p <-> G6P.p,7.31472580578223,0.415709406021206
Exch flux,PGI.p exch,F6P.p <-> G6P.p,9.99903058129803e-08,4.13240144789117e-13
Net flux,PGM.p,G6P.p -> ADPG.p,7.31472580578223,0.415709406021206
Net flux,Starch,ADPG.p -> Starch,7.31472580578221,0.415709406021206
Net flux,FBA.c net,TP.c + TP.c <-> FBP.c,3.18754423515567,0.340046009864486
Exch flux,FBA.c exch,TP.c + TP.c <-> FBP.c,20.3292518257267,2596.9666866242
Net flux,PFK.c net,FBP.c <-> F6P.c,3.18754423515569,0.340046009864486
Exch flux,PFK.c exch,FBP.c <-> F6P.c,6.45879716102346,12.7485269401097
Net flux,PGI.c net,F6P.c <-> G6P.c,1.59377211757786,0.170023004932243
Exch flux,PGI.c exch,F6P.c <-> G6P.c,216.340712974102,2084.97791825143
Net flux,PGM.c net,G6P.c <-> UDPG.c,1.59377211757237,0.170023004932243
Exch flux,PGM.c exch,G6P.c <-> UDPG.c,48479.042930333,2084.97791131903
Net flux,SPS,F6P.c + UDPG.c -> S6P,1.5937721175778,0.170023004932243
Net flux,PGAM.c net,3PGA.c <-> PEP.c,0.679648181820349,0.0725046102144696
Exch flux,PGAM.c exch,3PGA.c <-> PEP.c,0.115905144324994,2084.97791257969
Net flux,PK.c,PEP.c -> PYR.c,0.308506468800183,0.0329113530647509
Net flux,PDH,PYR.c + dummy -> ACA + CO2,0.256756688142064,0.0273907060930688
Net flux,CS,OAA + ACA -> CIT,0.25675668814206,0.0273907060930688
Net flux,ACO net,CIT <-> ICI,0.256756688142104,0.0273907060930688
Exch flux,ACO exch,CIT <-> ICI,1597.27854442826,2084.97791131903
Net flux,IDH,ICI + dummy -> AKG + CO2,0.256756688142077,0.0273907060930688
Net flux,MDH net,MAL <-> OAA,7.105427357601e-15,0
Exch flux,MDH exch,MAL <-> OAA,0.115886928865791,0.168321556503312
Net flux,PPC,PEP.c + CO2 -> OAA + dummy,0.371141713021053,0.0395932571575953
Net flux,T_3PGA net,3PGA.p <-> 3PGA.c,0.67964818182033,0.0725046102144696
Exch flux,T_3PGA exch,3PGA.p <-> 3PGA.c,0.323856352889155,0.770693996912855
Net flux,T_DHAP net,TP.p <-> TP.c,6.37508847031139,0.680092019728971
Exch flux,T_DHAP exch,TP.p <-> TP.c,1.53585307190451,1.02655501532424
Net flux,ALT,PYR.c -> ALA.c,0.051749780657688,0.00552064696981082
Net flux,ASPT,OAA -> ASP,0.114385024878518,0.0122025510610111
Net flux,GLUDH,AKG -> GLU,0.256756688142054,0.0273907060930688
Net flux,PCR net,GLU <-> PRO,-2.48689957516035e-14,0
Exch flux,PCR exch,GLU <-> PRO,1.0000000116861e-07,0
Net flux,GS net,GLU <-> GLN,0,0
Exch flux,GS exch,GLU <-> GLN,1.0004227135596e-07,0
Net flux,TS net,ASP <-> THR,0,0
Exch flux,TS exch,ASP <-> THR,0.00104779022922941,11.7866928762465
Net flux,AS net,ASP <-> ASN,1.06581410364015e-14,0
Exch flux,AS exch,ASP <-> ASN,0.0356185586578022,0.0401850478792583
Net flux,G_3PGA.p,0*3PGA.p -> 3PGA,2.4686631405757e-06,3454.65458147438
Net flux,G_3PGA.c,0*3PGA.c -> 3PGA,92.911908139287,2250.93152057528
Net flux,G_DHAP.p,0*TP.p -> TP,40.6853798422419,3723.6543588545
Net flux,G_DHAP.c,0*TP.c -> TP,51.8471856996948,2610.22339547224
Net flux,G_F6P.p,0*F6P.p -> F6P,48.6686345030749,3794.97330183008
Net flux,G_F6P.c,0*F6P.c -> F6P,36.546576817712,2739.04102141755
Net flux,G_FBP.p,0*FBP.p -> FBP,2.46866146369484e-06,3612.71863122023
Net flux,G_FBP.c,0*FBP.c -> FBP,83.451231049316,2636.00185400397
Net flux,G_G6P.p,0*G6P.p -> G6P,19.0549768397257,3591.37741457341
Net flux,G_G6P.c,0*G6P.c -> G6P,58.8549499993083,2524.09624012704
Net flux,G_RU5P.p,0*RU5P.p -> P5P,2.46865388575657e-06,3869.55670206326
Net flux,G_X5P.p,0*X5P.p -> P5P,92.8477691491497,2679.365933577
Net flux,G_R5P.p,0*R5P.p -> R5P,82.2810779884949,2471.4690039752
Net flux,G_GA.p,0*GA.p -> GA,31.7335994364742,4.29544797809818
Net flux,G_SER.p,0*SER.p -> SER,87.4284875812461,2618.34720643731
Net flux,G_GLY.p,0*GLY.p -> GLY,1.0000000116861e-07,2.32389347474788e-13
Net flux,G_RUBP.p,0*RUBP.p -> RUBP,92.5302752673063,2450.75207186827
Net flux,G_S7P.p,0*S7P.p -> S7P,98.4567310636212,2676.65493498595
Net flux,G_2PG.p,0*2PG.p -> 2PG,87.0427532706349,2626.71872427425
Net flux,G_ADPG.p,0*ADPG.p -> ADPG,95.0805622183481,2729.95769241126
Net flux,G_PEP.c,0*PEP.c -> PEP,89.2305410445615,2630.45723062293
Net flux,G_UDPG.c,0*UDPG.c -> UDPG,72.4268033045549,2523.77682164705
Net flux,G_ALA.c,0*ALA.c -> ALA,69.9172064525611,5.31866382577128
Net flux,(1-G)_GA,0*GA.x -> GA,68.2664005635278,4.29544797809818
Net flux,(1-G)_SER,0*SER.x -> SER,12.5714962365857,5.67664619461214
Net flux,(1-G)_GLY,0*GLY.x -> GLY,54.5745630638059,6.16820248440018
Net flux,(1-G)_R5P,0*R5P.x -> R5P,17.718922011502,2471.4690039752
Net flux,(1-G)_RUBP,0*RUBP.x -> RUBP,7.46972473269241,2450.75207186827
Net flux,(1-G)_3PGA,0*3PGA.x -> 3PGA,7.08808939205013,2628.88526178206
Net flux,(1-G)_TP,0*TP.x -> TP,7.46743445806384,2736.61516195167
Net flux,(1-G)_F6P,0*F6P.x -> F6P,14.7847886792169,2742.96617574128
Net flux,(1-G)_FBP,0*FBP.x -> FBP,16.5487664820173,2440.29389173922
Net flux,(1-G)_G6P,0*G6P.x -> G6P,22.0900731609643,2562.94799003946
Net flux,(1-G)_RU5P,0*RU5P.x -> P5P,7.15222838219785,2805.11380046886
Net flux,(1-G)_S7P,0*S7P.x -> S7P,1.5432689363768,2676.65493498595
Net flux,(1-G)_2PG,0*2PG.x -> 2PG,12.9572467293675,2626.71872427425
Net flux,(1-G)_ADPG,0*ADPG.x -> ADPG,4.91943778165087,2729.95769241126
Net flux,(1-G)_PEP,0*PEP.x -> PEP,10.7694589554367,2630.45723062293
Net flux,(1-G)_UDPG,0*UDPG.x -> UDPG,27.5731966954463,2523.77682164705
Net flux,(1-G)_ALA,0*ALA.x -> ALA,30.0827935474387,5.31866382577128
Net flux,PGASink,3PGA -> Sink,100,0
Net flux,DHAPSink,TP -> Sink,100.000000000001,0
Net flux,F6PSink,F6P -> Sink,100.000000000004,0
Net flux,FBPSink,FBP -> Sink,99.9999999999948,0
Net flux,G6PSink,G6P -> Sink,99.9999999999983,0
Net flux,P5PSink,P5P -> Sink,100.000000000001,0
Net flux,R5PSink,R5P -> Sink,99.9999999999968,0
Net flux,GASink,GA -> Sink,100.000000000002,0
Net flux,SERSink,SER -> Sink,99.9999999999996,0
Net flux,GLYSink,GLY -> Sink,100.000000000001,0
Net flux,RUBPSink,RUBP -> Sink,99.9999999999987,0
Net flux,S7PSink,S7P -> Sink,99.9999999999979,0
Net flux,2PGSink,2PG -> Sink,100.000000000002,0
Net flux,ADPGSink,ADPG -> Sink,99.9999999999989,0
Net flux,PEPSink,PEP -> Sink,99.9999999999983,0
Net flux,UDPGSink,UDPG -> Sink,100.000000000001,0
Net flux,ALASink,ALA -> Sink,99.9999999999998,0
Net flux,S6Pout-LL,S6P + 0.1611*GLU + 0.07177*ASP + 0.03247*ALA.c + 0.01019*dummyGLY + 0.03484*dummySER -> Sink,1.59377211757784,0.170023004932243
Net flux,PGP.p,2PG.p -> Glyc.p,2.33919382571085,0.0848751138931767
Net flux,GOX,Glyc.p -> Glyx.p,2.33919382571086,0.0848751138931767
Net flux,GGT,Glyx.p -> GLY.p,2.33919382571085,0.0848751138931767
Net flux,SGAT,SER.p -> HPA.p,0.6892349971429,0.100157911243887
Net flux,HPR.p,HPA.p -> GA.p,0.689234997142894,0.100157911243887
Net flux,T_GLY-m net,GLY.p <-> GLY.m,2.32195111660985,3519.10263848714
Exch flux,T_GLY-m exch,GLY.p <-> GLY.m,18412.8720392382,2676.97299987708
Net flux,GDC.m,GLY.m + dummy -> myTHF.m + CO2,1.578183980212,0.108927092561845
Net flux,T_SER-m net,SER.p <-> SER.m,-1.57818398021186,0.108927092561845
Exch flux,T_SER-m exch,SER.p <-> SER.m,1950.79558918878,2506.47920214741
Net flux,mSHMT,GLY.m + myTHF.m -> SER.m,1.578183980212,0.108927092561845
Net flux,T_SER-c net,SER.p <-> SER.c,0.833416752834744,0.190793199604861
Exch flux,T_SER-c exch,SER.p <-> SER.c,0.0446801213795478,0.198962735749745
Net flux,T_Gly-c net,GLY.p <-> GLY.c,0.0010021712203403,3519.10263746446
Exch flux,T_Gly-c exch,GLY.p <-> GLY.c,3.99389488880963e-05,2561.84002659589
Net flux,cSHMT,SER.c -> GLY.c + meTHF.c,0.833416652834906,0.190793199551516
Net flux,FmTHF-reductase net,meTHF.c <-> FmTHF.c,0.833416652834908,0.190793199551516
Exch flux,FmTHF-reductase exch,meTHF.c <-> FmTHF.c,7.29944967667027,2588.21009715578
Net flux,Met-synthase,FmTHF.c + Hcy.c -> Met.c,0.833416652834886,0.190793199551516
Net flux,SAM-synthase,Met.c -> SAM.c,0.833416652834895,0.190793199551516
Net flux,Methylation,SAM.c -> SAH.c + Acceptor.c,0.833416652834891,0.190793199551516
Net flux,hydrolysis,SAH.c -> Hcy.c,0.833416652834883,0.190793199551516
Net flux,G_SER.m,0*SER.m -> SER,1.60821677646084e-05,2618.34105285926
Net flux,G_SER.c,0*SER.c -> SER,1.0000000116861e-07,0
Net flux,G_Gly.m,0*GLY.m -> GLY,1.0000000116861e-07,8.93004110487354e-14
Net flux,G_Gly.c,0*GLY.c -> GLY,45.4254367361954,6.16820248440018
Net flux,T_GLY-c-m,GLY.c -> GLY.m,0.834416843811642,3519.10264264362
Net flux,G_Glyc,0*Glyc.p -> Glyc,10.5138417831253,1.10942171349173
Net flux,G_Glyx,0*Glyx.p -> Glyx,8.79694811900825,6.71315802061049
Net flux,G_HPA,0*HPA.p -> HPA,7.93767877053615,1.87649234764845
Net flux,(1-G)_Glyc,0*Glyc.x -> Glyc,89.4861582168753,1.10942171349173
Net flux,(1-G)_Glyx,0*Glyx.x -> Glyx,91.2030518809926,6.71315802061049
Net flux,(1-G)_HPA,0*HPA.x -> HPA,92.0623212294637,1.87649234764845
Net flux,GlycSink,Glyc -> Sink,100.000000000001,0
Net flux,GlyxSink,Glyx -> Sink,100.000000000001,0
Net flux,HPASink,HPA -> Sink,99.9999999999998,0
Net flux,SERex,dummySER -> outSER,1.000142542118e-07,2.26659749320834e-13
Net flux,G_PYR,0*PYR.c -> PYR,41.929822080983,3.03741750924935
Net flux,(1-G)_PYR,0*PYR.x -> PYR,58.0701779190172,3.03741750924935
Net flux,PYRSink,PYR -> Sink,100,0
Net flux,G_meTHF,0*meTHF.c -> meTHF,93.9159873293011,6.09358037364269
Net flux,G_FmTHF,0*FmTHF.c -> FmTHF,74.2595815447715,4.84238357651462
Net flux,G_Met,0*Met.c -> Met,57.1165696602111,5.25888405407467
Net flux,G_SAM,0*SAM.c -> SAM,58.8763356144054,4.27421682371613
Net flux,(1-G)_meTHF,0*meTHF.x -> meTHF,6.08401267069884,6.09358037364269
Net flux,(1-G)_FmTHF,0*FmTHF.x -> FmTHF,25.7404184552286,4.84238357651462
Net flux,(1-G)_Met,0*Met.x -> Met,42.8834303397889,5.25888405407467
Net flux,(1-G)_SAM,0*SAM.x -> SAM,41.1236643855946,4.27421682371613
Net flux,meTHFSink,meTHF -> Sink,99.9999999999999,0
Net flux,FmTHFSink,FmTHF -> Sink,100,0
Net flux,MetSink,Met -> Sink,100,0
Net flux,SAMsink,SAM -> Sink,100,0
Net flux,Met-protein,Met.c -> Protein,6.51983996113883e-15,0
Net flux,GLY-protein,GLY.c -> Protein,1.98024363129434e-06,1.98820298229556e-13
Net flux,SER-protein,SER.c -> Protein,9.99998386319589e-08,7.51259432142219e-13
Pool,2PG pool,,0,0
Pool,2PG.p pool,,2.58484008096541e-07,2525.7909279873
Pool,2PG.x pool,,1,Inf
Pool,3PGA pool,,0,0
Pool,3PGA.c pool,,0.017930245626868,0.00785859608529961
Pool,3PGA.p pool,,1.91510843322892e-06,2607.06008307329
Pool,3PGA.x pool,,1,Inf
Pool,ACA pool,,1.33111693578018e-06,2518.42121595307
Pool,ADPG pool,,0,0
Pool,ADPG.p pool,,9.9999999999999e-08,Inf
Pool,ADPG.x pool,,1,Inf
Pool,AKG pool,,8.88862883933713e-07,2627.57479175112
Pool,ALA pool,,0,0
Pool,ALA.c pool,,0.0091139311504614,0.00245702489961836
Pool,ALA.x pool,,1,Inf
Pool,ASN pool,,7571.59594604346,2633.2603406204
Pool,ASP pool,,0.00118737100552492,2714.96478822831
Pool,Acceptor.c pool,,1,Inf
Pool,CIT pool,,4.71061504730933,1.59192656284944
Pool,CO2 pool,,5.18635979741249e-06,2708.03901461324
Pool,CO2.t pool,,1,Inf
Pool,E4P.p pool,,0,0
Pool,EC2 pool,,0,0
Pool,F6P pool,,0,0
Pool,F6P.c pool,,3.82967757338199e-06,2551.16419156587
Pool,F6P.p pool,,1.13427147119309e-06,2692.1328673137
Pool,F6P.x pool,,1,Inf
Pool,FBP pool,,0,0
Pool,FBP.c pool,,3.62437145470391e-06,2579.87883199168
Pool,FBP.p pool,,1.12816929422509e-06,2468.47086128959
Pool,FBP.x pool,,1,Inf
Pool,FmTHF pool,,2.10072326939747,1.70894775969756
Pool,FmTHF.c pool,,2.98264667455816e-07,2646.06724153713
Pool,FmTHF.x pool,,1,Inf
Pool,G6P pool,,0,0
Pool,G6P.c pool,,9.87586245023808e-06,2542.5396813535
Pool,G6P.p pool,,3.59238713910741e-06,2660.72003468315
Pool,G6P.x pool,,1,Inf
Pool,GA pool,,0,0
Pool,GA.p pool,,2.45599318909947e-07,2673.09097611247
Pool,GA.x pool,,1,Inf
Pool,GLN pool,,8.83867754772974,2641.6780047522
Pool,GLU pool,,8.8913070647252e-07,2635.940222356
Pool,GLY pool,,0,0
Pool,GLY.c pool,,1e-07,0
Pool,GLY.m pool,,0.0930197453553096,0.0314418726373155
Pool,GLY.p pool,,0.000389005529016474,2705.61359670962
Pool,GLY.x pool,,1,Inf
Pool,Glyc pool,,3.14067035464172,1.08223632125651
Pool,Glyc.p pool,,2.49946870492924e-07,2510.60330921552
Pool,Glyc.x pool,,1,Inf
Pool,Glyx pool,,37.4703143692383,43.4985652184806
Pool,Glyx.p pool,,3.25390877602648e-07,2565.17448577038
Pool,Glyx.x pool,,1,Inf
Pool,HPA pool,,0.000199359379615151,2632.78744169445
Pool,HPA.p pool,,2.59656756936829e-07,2637.72791616827
Pool,HPA.x pool,,1,Inf
Pool,Hcy.c pool,,1,Inf
Pool,ICI pool,,0.00484298426695751,2639.68312369861
Pool,MAL pool,,0.70986961655197,0.893197142877762
Pool,Met pool,,7.80606837542082e-05,2674.09094524096
Pool,Met.c pool,,4.92861449224094e-07,2511.11836720536
Pool,Met.x pool,,1,Inf
Pool,OAA pool,,0.212327940931411,0.0591219098174345
Pool,P5P pool,,0,0
Pool,PEP pool,,0,0
Pool,PEP.c pool,,9.99999999999482e-08,0
Pool,PEP.x pool,,1,Inf
Pool,PRO pool,,5.39499638155907,2747.98827947892
Pool,PYR pool,,1.00000000002876e-07,0
Pool,PYR.c pool,,0.0177139445396175,0.00735778237841209
Pool,PYR.x pool,,1,Inf
Pool,Protein pool,,1,Inf
Pool,R5P pool,,0,0
Pool,R5P.p pool,,1.08668966163581e-06,2572.2900005869
Pool,R5P.x pool,,1,Inf
Pool,RU5P.p pool,,1.17022255028489e-06,2558.68169089958
Pool,RU5P.x pool,,1,Inf
Pool,RUBP pool,,0,0
Pool,RUBP.p pool,,1.16743687213185e-06,2563.24423871582
Pool,RUBP.x pool,,1,Inf
Pool,S6P pool,,1,Inf
Pool,S7P pool,,0,0
Pool,S7P.p pool,,8.48237668967644e-07,2545.00814424011
Pool,S7P.x pool,,1,Inf
Pool,SAH.c pool,,1,Inf
Pool,SAM pool,,2.73482418427701,2.03787138217588
Pool,SAM.c pool,,1.51568027402768e-06,2608.99925053675
Pool,SAM.x pool,,1,Inf
Pool,SBP pool,,0,0
Pool,SER pool,,0,0
Pool,SER.c pool,,1.00000000002876e-07,0
Pool,SER.m pool,,0.498283018258088,0.0677458318890437
Pool,SER.p pool,,0.000167658261211389,2684.69579638081
Pool,SER.x pool,,1,Inf
Pool,Sink pool,,1,Inf
Pool,Starch pool,,1,Inf
Pool,THR pool,,0.00771014069473683,86.1403488048248
Pool,TP pool,,0,0
Pool,TP.c pool,,3.97481183255638e-06,2674.64305602982
Pool,TP.p pool,,1.94156106339265e-06,2548.21111436518
Pool,TP.x pool,,1,Inf
Pool,UDPG pool,,0,0
Pool,UDPG.c pool,,1291.86357387244,2670.1504457515
Pool,UDPG.x pool,,1,Inf
Pool,X5P.p pool,,1.18082798847449e-06,2723.93900301749
Pool,dummy pool,,1,Inf
Pool,dummyGLY pool,,1,Inf
Pool,dummySER pool,,1,Inf
Pool,meTHF pool,,9.02217802379986e-05,2572.03116496194
Pool,meTHF.c pool,,2.87027411213238e-07,2468.1353755685
Pool,meTHF.x pool,,1,Inf
Pool,myTHF.m pool,,3.44631730764041e-07,2573.12443493973
Pool,outSER pool,,1,Inf
Norm,Experiment2 Glyc205 #1 norm,,0.974150603269762,0.0340954721725015
Norm,Experiment2 Glyc205 #2 norm,,0.965427228672927,0.0163739851480954
Norm,Experiment2 Glyc205 #3 norm,,1.02572572238345,0.0243293013022021
Norm,Experiment2 Glyc205 #4 norm,,0.991538642902817,0.0206660137785975
Norm,Experiment2 Glyc205 #5 norm,,1.00160519203782,0.0239734877169724
Norm,Experiment2 Glyc205 #6 norm,,1.00427922102661,0.0251424377765437
Norm,Experiment2 Glyc205 #7 norm,,0.963226519886943,0.0305355809576398
Norm,Experiment2 Glyc205 #8 norm,,0.948810141218731,0.108953523317601
Norm,Experiment2 Glyx160 #1 norm,,0.976458828662713,0.0110241929607345
Norm,Experiment2 Glyx160 #2 norm,,0.980108548762891,0.011951319680707
Norm,Experiment2 Glyx160 #3 norm,,1.00754907275225,0.0137835421130132
Norm,Experiment2 Glyx160 #4 norm,,0.989697162197952,0.0169778590483211
Norm,Experiment2 Glyx160 #5 norm,,1.01377059096532,0.0163829882913845
Norm,Experiment2 Glyx160 #6 norm,,0.994453833032133,0.0218985900763464
Norm,Experiment2 Glyx160 #7 norm,,1.00515556031266,0.0318302060597933
Norm,Experiment2 Glyx160 #8 norm,,1.10435551595495,0.160111429952754
Norm,Experiment2 GLY276 #1 norm,,1.01175326083261,0.010675914031472
Norm,Experiment2 GLY276 #2 norm,,0.919357314350947,0.0183933252057611
Norm,Experiment2 GLY276 #3 norm,,0.997316516992584,0.0167628636114375
Norm,Experiment2 GLY276 #4 norm,,1.06678026655981,0.0173627050986184
Norm,Experiment2 GLY276 #5 norm,,0.971504464863231,0.0357386718813464
Norm,Experiment2 GLY276 #6 norm,,1.01140080106499,0.0796952989865589
Norm,Experiment2 GLY276 #7 norm,,1.06311543634845,0.130417097092398
Norm,Experiment2 GLY276 #8 norm,,0.963723794644226,0.207397558214787
Norm,Experiment2 HPA262 #1 norm,,1.00164789822852,0.0207989155673237
Norm,Experiment2 HPA262 #2 norm,,0.983548559340112,0.0247203813561424
Norm,Experiment2 HPA262 #3 norm,,0.968686043400291,0.0229784940925273
Norm,Experiment2 HPA262 #4 norm,,1.01562057546056,0.0304297872572038
Norm,Experiment2 HPA262 #5 norm,,0.907212984747402,0.0202702940977736
Norm,Experiment2 HPA262 #6 norm,,0.950272775803282,0.0280535488075163
Norm,Experiment2 HPA262 #7 norm,,0.957050101446077,0.0225456365659362
Norm,Experiment2 HPA262 #8 norm,,1.00231429508948,0.038172195782438
Norm,Experiment2 GA307 #1 norm,,1.02128199483915,0.0112072726838933
Norm,Experiment2 GA307 #2 norm,,0.874602854525399,0.0265500876278452
Norm,Experiment2 GA307 #3 norm,,0.943243071094173,0.0223403396507639
Norm,Experiment2 GA307 #4 norm,,0.9524611933475,0.0259474523160041
Norm,Experiment2 GA307 #5 norm,,0.977986718419129,0.0698585995250899
Norm,Experiment2 GA307 #6 norm,,0.869605213154977,0.0998512205543763
Norm,Experiment2 GA307 #7 norm,,0.950230940775921,0.0734357066530703
Norm,Experiment2 GA307 #8 norm,,0.9355840458858,0.123581886592888
Norm,Experiment2 SER306 #1 norm,,0.982371208218278,0.0125833188018252
Norm,Experiment2 SER306 #2 norm,,0.900226278266521,0.0317985961257152
Norm,Experiment2 SER306 #3 norm,,0.983602678877734,0.0202607384544256
Norm,Experiment2 SER306 #4 norm,,0.999740229207393,0.0256333845921757
Norm,Experiment2 SER306 #5 norm,,0.965257760778261,0.0574942263639732
Norm,Experiment2 SER306 #6 norm,,1.00043061142115,0.120347993348819
Norm,Experiment2 SER306 #7 norm,,1.12605961146597,0.132275531743236
Norm,Experiment2 SER306 #8 norm,,0.963313714627725,0.123016880100104
Norm,Experiment2 meTHF #1 norm,,0.994170098348782,0.0100305887763018
Norm,Experiment2 meTHF #2 norm,,0.98433347098053,0.0142202897195772
Norm,Experiment2 meTHF #3 norm,,0.981758379850619,0.025956460555951
Norm,Experiment2 meTHF #4 norm,,1.01120398165435,0.0278086812912825
Norm,Experiment2 meTHF #5 norm,,0.992027620326937,0.0856134294767538
Norm,Experiment2 meTHF #6 norm,,1.0050618178655,0.166104129422554
Norm,Experiment2 meTHF #7 norm,,0.977918987238783,0.174275481338498
Norm,Experiment2 meTHF #8 norm,,1.01372087807008,0.0828009131459066
Norm,Experiment2 FmTHF #1 norm,,0.992798932993635,0.00993819212117787
Norm,Experiment2 FmTHF #2 norm,,0.976230800083756,0.0115676795927928
Norm,Experiment2 FmTHF #3 norm,,1.00329547469412,0.0101359749937256
Norm,Experiment2 FmTHF #4 norm,,1.02386355529985,0.0237298794456117
Norm,Experiment2 FmTHF #5 norm,,0.977222117175513,0.0368792893482802
Norm,Experiment2 FmTHF #6 norm,,0.993175112060016,0.0610666403784336
Norm,Experiment2 FmTHF #7 norm,,0.987649565867731,0.12463993779356
Norm,Experiment2 FmTHF #8 norm,,0.990197128401656,0.0716714399473745
Norm,Experiment2 Met176 #1 norm,,0.996307331460315,0.0238512866370196
Norm,Experiment2 Met176 #2 norm,,0.901029088502203,0.0352006397553317
Norm,Experiment2 Met176 #3 norm,,0.926680232294311,0.0323866452743957
Norm,Experiment2 Met176 #4 norm,,0.940478420276102,0.0961239451674294
Norm,Experiment2 Met176 #5 norm,,0.973334258417014,0.0586966186573181
Norm,Experiment2 Met176 #6 norm,,1.02517945013773,0.0357181636764543
Norm,Experiment2 Met176 #7 norm,,0.982035179716712,0.0668203243557863
Norm,Experiment2 Met176 #8 norm,,0.999392819118684,0.215943884352918
Norm,Experiment2 SAM #1 norm,,0.974573755745175,0.0140977776290446
Norm,Experiment2 SAM #2 norm,,0.963709803562214,0.0210559052237131
Norm,Experiment2 SAM #3 norm,,0.997977786558412,0.0334544807342781
Norm,Experiment2 SAM #4 norm,,0.93950528458081,0.0449410564156277
Norm,Experiment2 SAM #5 norm,,0.995517884243135,0.0256208386399671
Norm,Experiment2 SAM #6 norm,,1.02953483146643,0.0570505581648867
Norm,Experiment2 SAM #7 norm,,1.0318743038828,0.0761115200013477
Norm,Experiment2 SAM #8 norm,,0.999140515059605,0.0678829183408001
Norm,Experiment2 CIT465 #1 norm,,0.944412820703904,0.0119881815545647
Norm,Experiment2 CIT465 #2 norm,,0.985138456183318,0.0104584825941019
Norm,Experiment2 CIT465 #3 norm,,0.98021855346092,0.0128041072153759
Norm,Experiment2 CIT465 #4 norm,,1.00783739985833,0.0131351940371739
Norm,Experiment2 CIT465 #5 norm,,1.0528786076933,0.0167804736871158
Norm,Experiment2 CIT465 #6 norm,,0.983191239166251,0.0112879092147006
Norm,Experiment2 CIT465 #7 norm,,1.02695951432902,0.0153678384906382
Norm,Experiment2 CIT465 #8 norm,,1.02603031289194,0.0211711004286555
Norm,Experiment2 MAL335 #1 norm,,0.984894074678876,0.0114184099214408
Norm,Experiment2 MAL335 #2 norm,,0.986683975333624,0.0135533719220261
Norm,Experiment2 MAL335 #3 norm,,0.95892689702864,0.0124577190102663
Norm,Experiment2 MAL335 #4 norm,,0.9542573354232,0.0111564911210444
Norm,Experiment2 MAL335 #5 norm,,1.0034711874344,0.0148540061142258
Norm,Experiment2 MAL335 #6 norm,,1.01234813107023,0.0152840898330751
Norm,Experiment2 MAL335 #7 norm,,0.955900633062884,0.0202185388884567
Norm,Experiment2 MAL335 #8 norm,,0.997414484875036,0.0470297493250701
Norm,Experiment2 ASP334 #1 norm,,0.980935479154075,0.0159162696684784
Norm,Experiment2 ASP334 #2 norm,,0.966942108056369,0.0229743623085723
Norm,Experiment2 ASP334 #3 norm,,0.981471820791757,0.0186223776808347
Norm,Experiment2 ASP334 #4 norm,,0.985699288306664,0.0217733283012356
Norm,Experiment2 ASP334 #5 norm,,0.954366095570352,0.0257091944138398
Norm,Experiment2 ASP334 #6 norm,,0.95869517857031,0.0547611140018452
Norm,Experiment2 ASP334 #7 norm,,0.992773744987485,0.0557956772526073
Norm,Experiment2 ASP334 #8 norm,,0.95859559182015,0.0360151999120193
Norm,Experiment2 GLU348 #1 norm,,0.989997957382779,0.011877870340966
Norm,Experiment2 GLU348 #2 norm,,1.02764288340615,0.012555316447574
Norm,Experiment2 GLU348 #3 norm,,1.00443202062023,0.0116704672410607
Norm,Experiment2 GLU348 #4 norm,,1.01259129782,0.0158970678978272
Norm,Experiment2 GLU348 #5 norm,,0.971077384944034,0.029389146675062
Norm,Experiment2 GLU348 #6 norm,,0.964861032930456,0.0145341369893983
Norm,Experiment2 GLU348 #7 norm,,0.952448837806864,0.0222060282313062
Norm,Experiment2 GLU348 #8 norm,,0.856547443056135,0.0488531016110564
Norm,Experiment2 THR320 #1 norm,,1.00022337091335,0.010156077729995
Norm,Experiment2 THR320 #2 norm,,1.01061526359564,0.0120800194224229
Norm,Experiment2 THR320 #3 norm,,1.01117480110075,0.0104453687614427
Norm,Experiment2 THR320 #4 norm,,0.965996366332053,0.0107795885429186
Norm,Experiment2 THR320 #5 norm,,0.952871143640707,0.0197077935656996
Norm,Experiment2 THR320 #6 norm,,1.00046196671581,0.0108500520187328
Norm,Experiment2 THR320 #7 norm,,0.995710881749399,0.0199870637887116
Norm,Experiment2 THR320 #8 norm,,0.950339175192622,0.04688868627965
Norm,Experiment2 ALA116 #1 norm,,0.976590177193882,0.00994403781991118
Norm,Experiment2 ALA116 #2 norm,,0.995186713153727,0.0100022208126883
Norm,Experiment2 ALA116 #3 norm,,1.02062818114774,0.0109229854552233
Norm,Experiment2 ALA116 #4 norm,,0.969394264995764,0.0261570330092443
Norm,Experiment2 ALA116 #5 norm,,1.06773048748779,0.0758258400512443
Norm,Experiment2 ALA116 #6 norm,,1.00982721324799,0.0588500786027154
Norm,Experiment2 ALA116 #7 norm,,1.01028974628076,0.0669229921590807
Norm,Experiment2 ALA116 #8 norm,,0.934456212946887,0.133750143367392
Norm,Experiment2 PYR #1 norm,,0.987204849397578,0.01261443632134
Norm,Experiment2 PYR #2 norm,,0.914235196807218,0.0466169022730364
Norm,Experiment2 PYR #3 norm,,0.920082379369936,0.0603581773031637
Norm,Experiment2 PYR #4 norm,,1.00567932411825,0.048895294152279
Norm,Experiment2 PYR #5 norm,,0.971465051830859,0.101349956593375
Norm,Experiment2 PYR #6 norm,,0.971042269850822,0.158720257202831
Norm,Experiment2 PYR #7 norm,,1.0171448413723,0.077546998104565
Norm,Experiment2 PYR #8 norm,,0.980607825923559,0.118113170289178
