type,id,eqn,val,std
Net flux,CO2.t,CO2.t -> CO2,66.4404461339137,1.53057262071344
Net flux,CO2_sink,dummy -> Sink,66.4404461339136,1.53057262071344
Net flux,RUBICSO_CO2,RUBP.p + CO2 -> 3PGA.p + 3PGA.p + dummy,67.8672196243228,1.5340367167437
Net flux,GAPDH.p net,3PGA.p <-> TP.p,137.251590381318,3.08405577547963
Exch flux,GAPDH.p exch,3PGA.p <-> TP.p,49212.5174709043,1969.81649030888
Net flux,ALD,TP.p + E4P.p -> SBP,23.3300961355036,0.512623287661404
Net flux,SBP,SBP -> S7P.p,23.3300961355036,0.512623287661404
Net flux,FBA.p net,TP.p + TP.p <-> FBP.p,30.7340020773881,0.804832740518435
Exch flux,FBA.p exch,TP.p + TP.p <-> FBP.p,21382.716986276,2206.25756063141
Net flux,PFK.p net,FBP.p <-> F6P.p,30.7340020773913,0.804832740518435
Exch flux,PFK.p exch,FBP.p <-> F6P.p,1.00000733027628e-07,5225.2571883836
Net flux,TK1 net,TP.p + EC2 <-> X5P.p,46.6601922710072,1.02524657532281
Exch flux,TK1 exch,TP.p + EC2 <-> X5P.p,1.0000000116861e-07,0
Net flux,TK2 net,S7P.p <-> R5P.p + EC2,23.3300961355036,0.512623287661404
Exch flux,TK2 exch,S7P.p <-> R5P.p + EC2,37.8214514029888,3099.05785436817
Net flux,TK3 net,F6P.p <-> E4P.p + EC2,23.3300961355053,0.512623287661404
Exch flux,TK3 exch,F6P.p <-> E4P.p + EC2,8532.47136220045,5096.33320286562
Net flux,PPE net,X5P.p <-> RU5P.p,46.6601922710072,1.02524657532281
Exch flux,PPE exch,X5P.p <-> RU5P.p,73.944375601871,4202.91678773674
Net flux,PPI net,R5P.p <-> RU5P.p,23.3300961355037,0.512623287661404
Exch flux,PPI exch,R5P.p <-> RU5P.p,240.654274104838,5008.07609579145
Net flux,PRK,RU5P.p -> RUBP.p,69.9902884065109,1.53786986298421
Net flux,RUBISCO_O2,RUBP.p -> 3PGA.p + 2PG.p,2.12306878218812,0.0847946755398669
Net flux,GLYdil net,GLY.p <-> GLY.x + dummyGLY,0.0147584261965292,0.00168976839115882
Exch flux,GLYdil exch,GLY.p <-> GLY.x + dummyGLY,1.0000000116861e-07,0
Net flux,SERdil net,SER.p <-> SER.x + dummySER,0.74039004940208,0.86449802535572
Exch flux,SERdil exch,SER.p <-> SER.x + dummySER,0.130547094233854,0.0706905435701596
Net flux,GK,GA.p -> 3PGA.p,0.011705831079762,0.468960827992654
Net flux,PGI.p net,F6P.p <-> G6P.p,7.40390594188896,0.448219503918971
Exch flux,PGI.p exch,F6P.p <-> G6P.p,0.164289845547049,5397.85533794258
Net flux,PGM.p,G6P.p -> ADPG.p,7.40390594188896,0.448219503918971
Net flux,Starch,ADPG.p -> Starch,7.40390594188894,0.448219503918971
Net flux,FBA.c net,TP.c + TP.c <-> FBP.c,2.89664891001304,0.331652285463911
Exch flux,FBA.c exch,TP.c + TP.c <-> FBP.c,20.5414327418298,276.155238723593
Net flux,PFK.c net,FBP.c <-> F6P.c,2.89664891001306,0.331652285463911
Exch flux,PFK.c exch,FBP.c <-> F6P.c,6.04002574383096,7.71376194900645
Net flux,PGI.c net,F6P.c <-> G6P.c,1.44832445500654,0.165826142731955
Exch flux,PGI.c exch,F6P.c <-> G6P.c,215.582707856394,5803.09928649411
Net flux,PGM.c net,G6P.c <-> UDPG.c,1.44832445500651,0.165826142731955
Exch flux,PGM.c exch,G6P.c <-> UDPG.c,48478.9166270209,5228.58458989636
Net flux,SPS,F6P.c + UDPG.c -> S6P,1.44832445500649,0.165826142731955
Net flux,PGAM.c net,3PGA.c <-> PEP.c,0.617623480592821,0.0707149000496713
Exch flux,PGAM.c exch,3PGA.c <-> PEP.c,0.053351036267214,5031.91111229882
Net flux,PK.c,PEP.c -> PYR.c,0.280352164755563,0.0320989663984732
Net flux,PDH,PYR.c + dummy -> ACA + CO2,0.23332506970151,0.0267145916263676
Net flux,CS,OAA + ACA -> CIT,0.233325069701506,0.0267145916263676
Net flux,ACO net,CIT <-> ICI,0.23332506970155,0.0267145916263676
Exch flux,ACO exch,CIT <-> ICI,1248.87052854608,4629.24796881423
Net flux,IDH,ICI + dummy -> AKG + CO2,0.233325069701523,0.0267145916263676
Net flux,MDH net,MAL <-> OAA,7.105427357601e-15,0
Exch flux,MDH exch,MAL <-> OAA,0.18584559302893,0.158053073893716
Net flux,PPC,PEP.c + CO2 -> OAA + dummy,0.337271315837689,0.0386159336402288
Net flux,T_3PGA net,3PGA.p <-> 3PGA.c,0.617623480592798,0.0707149000496713
Exch flux,T_3PGA exch,3PGA.p <-> 3PGA.c,1.0000000116861e-07,0
Net flux,T_DHAP net,TP.p <-> TP.c,5.79329782002613,0.663304570927821
Exch flux,T_DHAP exch,TP.p <-> TP.c,2.45875488095378,1.02789177927151
Net flux,ALT,PYR.c -> ALA.c,0.0470270950541344,0.00538437484203455
Net flux,ASPT,OAA -> ASP,0.103946246135708,0.0119013422277616
Net flux,GLUDH,AKG -> GLU,0.233325069701499,0.0267145916263676
Net flux,PCR net,GLU <-> PRO,-2.48689957516035e-14,0
Exch flux,PCR exch,GLU <-> PRO,1.0000000116861e-07,0
Net flux,GS net,GLU <-> GLN,0,0
Exch flux,GS exch,GLU <-> GLN,1.00064156072222e-07,0
Net flux,TS net,ASP <-> THR,0,0
Exch flux,TS exch,ASP <-> THR,0.00913041806598613,2897.81069421081
Net flux,AS net,ASP <-> ASN,1.06581410364015e-14,0
Exch flux,AS exch,ASP <-> ASN,0.00901607255643455,2897.81002079793
Net flux,G_3PGA.p,0*3PGA.p -> 3PGA,2.1022374170343e-06,6589.65813671321
Net flux,G_3PGA.c,0*3PGA.c -> 3PGA,92.9119084889662,4696.91772871314
Net flux,G_DHAP.p,0*TP.p -> TP,40.6853798422514,7025.37258678919
Net flux,G_DHAP.c,0*TP.c -> TP,51.8471856998323,5053.43003379314
Net flux,G_F6P.p,0*F6P.p -> F6P,48.6686345032613,7262.04768130919
Net flux,G_F6P.c,0*F6P.c -> F6P,36.5465768177337,5053.35964886578
Net flux,G_FBP.p,0*FBP.p -> FBP,2.10223446117652e-06,6878.66872679972
Net flux,G_FBP.c,0*FBP.c -> FBP,83.4512313387802,5139.8617095106
Net flux,G_G6P.p,0*G6P.p -> G6P,19.0549768395407,7120.52627828334
Net flux,G_G6P.c,0*G6P.c -> G6P,58.8549499996569,4885.67374976966
Net flux,G_RU5P.p,0*RU5P.p -> P5P,2.10222547636363e-06,7077.02052766208
Net flux,G_X5P.p,0*X5P.p -> P5P,92.8477694980079,5133.7974302537
Net flux,G_R5P.p,0*R5P.p -> R5P,82.2810779887508,5143.43321088439
Net flux,G_GA.p,0*GA.p -> GA,29.4907392918242,4.81136419783424
Net flux,G_SER.p,0*SER.p -> SER,99.9973095416635,7434.05471425188
Net flux,G_GLY.p,0*GLY.p -> GLY,1.00000008274037e-07,1.13057442690213e-13
Net flux,G_RUBP.p,0*RUBP.p -> RUBP,92.5302752674636,5250.17641281515
Net flux,G_S7P.p,0*S7P.p -> S7P,98.4567310636578,5080.33244390949
Net flux,G_2PG.p,0*2PG.p -> 2PG,87.0427532708633,5192.00533068408
Net flux,G_ADPG.p,0*ADPG.p -> ADPG,95.0805622184582,5058.08044460725
Net flux,G_PEP.c,0*PEP.c -> PEP,89.2305410447667,5126.83358450528
Net flux,G_UDPG.c,0*UDPG.c -> UDPG,72.4268033047895,5000.92966839909
Net flux,G_ALA.c,0*ALA.c -> ALA,63.1283738575471,5.99629106571803
Net flux,(1-G)_GA,0*GA.x -> GA,70.5092607081778,4.81136419783424
Net flux,(1-G)_SER,0*SER.x -> SER,0.00269025747697782,5362.63249621736
Net flux,(1-G)_GLY,0*GLY.x -> GLY,55.1044028661552,6.03721726028944
Net flux,(1-G)_R5P,0*R5P.x -> R5P,17.7189220112461,5143.43321088439
Net flux,(1-G)_RUBP,0*RUBP.x -> RUBP,7.46972473253513,5250.17641281515
Net flux,(1-G)_3PGA,0*3PGA.x -> 3PGA,7.08808940879664,4817.07151034082
Net flux,(1-G)_TP,0*TP.x -> TP,7.46743445791693,4758.53248546376
Net flux,(1-G)_F6P,0*F6P.x -> F6P,14.7847886790088,5050.20320581196
Net flux,(1-G)_FBP,0*FBP.x -> FBP,16.5487665589801,4824.61810574493
Net flux,(1-G)_G6P,0*G6P.x -> G6P,22.0900731608007,5235.22622420273
Net flux,(1-G)_RU5P,0*RU5P.x -> P5P,7.15222839976807,5202.09418900108
Net flux,(1-G)_S7P,0*S7P.x -> S7P,1.54326893634015,5080.33244390949
Net flux,(1-G)_2PG,0*2PG.x -> 2PG,12.9572467291391,5192.00533068408
Net flux,(1-G)_ADPG,0*ADPG.x -> ADPG,4.91943778154073,5058.08044460725
Net flux,(1-G)_PEP,0*PEP.x -> PEP,10.7694589552315,5126.83358450528
Net flux,(1-G)_UDPG,0*UDPG.x -> UDPG,27.5731966952117,5000.92966839909
Net flux,(1-G)_ALA,0*ALA.x -> ALA,36.8716261424527,5.99629106571803
Net flux,PGASink,3PGA -> Sink,100,0
Net flux,DHAPSink,TP -> Sink,100.000000000001,0
Net flux,F6PSink,F6P -> Sink,100.000000000004,0
Net flux,FBPSink,FBP -> Sink,99.9999999999948,0
Net flux,G6PSink,G6P -> Sink,99.9999999999983,0
Net flux,P5PSink,P5P -> Sink,100.000000000001,0
Net flux,R5PSink,R5P -> Sink,99.9999999999968,0
Net flux,GASink,GA -> Sink,100.000000000002,0
Net flux,SERSink,SER -> Sink,99.9999999999996,0
Net flux,GLYSink,GLY -> Sink,100.000000000001,0
Net flux,RUBPSink,RUBP -> Sink,99.9999999999987,0
Net flux,S7PSink,S7P -> Sink,99.9999999999979,0
Net flux,2PGSink,2PG -> Sink,100.000000000002,0
Net flux,ADPGSink,ADPG -> Sink,99.9999999999989,0
Net flux,PEPSink,PEP -> Sink,99.9999999999983,0
Net flux,UDPGSink,UDPG -> Sink,100.000000000001,0
Net flux,ALASink,ALA -> Sink,99.9999999999998,0
Net flux,S6Pout-LL,S6P + 0.1611*GLU + 0.07177*ASP + 0.03247*ALA.c + 0.01019*dummyGLY + 0.03484*dummySER -> Sink,1.44832445500652,0.165826142731955
Net flux,PGP.p,2PG.p -> Glyc.p,2.12306878218814,0.0847946755398669
Net flux,GOX,Glyc.p -> Glyx.p,2.12306878218816,0.0847946755398669
Net flux,GGT,Glyx.p -> GLY.p,2.12306878218815,0.0847946755398669
Net flux,SGAT,SER.p -> HPA.p,0.0117058310797511,0.468960827992654
Net flux,HPR.p,HPA.p -> GA.p,0.0117058310797455,0.468960827992654
Net flux,T_GLY-m net,GLY.p <-> GLY.m,2.10834179626545,5070.79287238926
Exch flux,T_GLY-m exch,GLY.p <-> GLY.m,24529.8497818358,5406.80471192528
Net flux,GDC.m,GLY.m + dummy -> myTHF.m + CO2,1.29739466684333,0.111927642547215
Net flux,T_SER-m net,SER.p <-> SER.m,-1.29739466684327,0.111927642547215
Exch flux,T_SER-m exch,SER.p <-> SER.m,1069.63908296297,5269.41843021065
Net flux,mSHMT,GLY.m + myTHF.m -> SER.m,1.29739466684333,0.111927642547215
Net flux,T_SER-c net,SER.p <-> SER.c,0.545298786361497,0.826603477215623
Exch flux,T_SER-c exch,SER.p <-> SER.c,9.99995322104041e-08,0
Net flux,T_Gly-c net,GLY.p <-> GLY.c,-3.14402744878706e-05,5070.79287167934
Exch flux,T_Gly-c exch,GLY.p <-> GLY.c,9.99999998363421e-08,0
Net flux,cSHMT,SER.c -> GLY.c + meTHF.c,0.502230032726458,5331.82906475879
Net flux,FmTHF-reductase net,meTHF.c <-> FmTHF.c,0.502230032726459,5331.82906475879
Exch flux,FmTHF-reductase exch,meTHF.c <-> FmTHF.c,8.00295106145031,7499.6979958389
Net flux,Met-synthase,FmTHF.c + Hcy.c -> Met.c,0.502230032726438,5331.82906475879
Net flux,SAM-synthase,Met.c -> SAM.c,0.502230032726448,5331.82906475879
Net flux,Methylation,SAM.c -> SAH.c + Acceptor.c,0.502230032726443,5331.82906475879
Net flux,hydrolysis,SAH.c -> Hcy.c,0.502230032726435,5331.82906475879
Net flux,G_SER.m,0*SER.m -> SER,1.0000000116861e-07,0
Net flux,G_SER.c,0*SER.c -> SER,1.00859011809007e-07,5142.04048552196
Net flux,G_Gly.m,0*GLY.m -> GLY,1.0000000116861e-07,2.37467880798486e-13
Net flux,G_Gly.c,0*GLY.c -> GLY,44.895596933846,6.03721726028944
Net flux,T_GLY-c-m,GLY.c -> GLY.m,0.486447537420583,5070.79287566049
Net flux,G_Glyc,0*Glyc.p -> Glyc,15.5096480528632,3.74088358580799
Net flux,G_Glyx,0*Glyx.p -> Glyx,99.9170859105092,5033.17474816252
Net flux,G_HPA,0*HPA.p -> HPA,8.29787784857118,1.92046765804128
Net flux,(1-G)_Glyc,0*Glyc.x -> Glyc,84.4903519471375,3.74088358580799
Net flux,(1-G)_Glyx,0*Glyx.x -> Glyx,0.0829140894916378,5033.17474816252
Net flux,(1-G)_HPA,0*HPA.x -> HPA,91.7021221514287,1.92046765804128
Net flux,GlycSink,Glyc -> Sink,100.000000000001,0
Net flux,GlyxSink,Glyx -> Sink,100.000000000001,0
Net flux,HPASink,HPA -> Sink,99.9999999999998,0
Net flux,SERex,dummySER -> outSER,0.689925782065132,0.864721901470341
Net flux,G_PYR,0*PYR.c -> PYR,43.2015964265512,2.77968258380532
Net flux,(1-G)_PYR,0*PYR.x -> PYR,56.798403573449,2.77968258380532
Net flux,PYRSink,PYR -> Sink,100,0
Net flux,G_meTHF,0*meTHF.c -> meTHF,99.9999998999999,0
Net flux,G_FmTHF,0*FmTHF.c -> FmTHF,88.3172550546734,6.81261422032858
Net flux,G_Met,0*Met.c -> Met,57.1228858915455,4.74834490187896
Net flux,G_SAM,0*SAM.c -> SAM,62.1886354111249,4.64833855336053
Net flux,(1-G)_meTHF,0*meTHF.x -> meTHF,1.0000000116861e-07,0
Net flux,(1-G)_FmTHF,0*FmTHF.x -> FmTHF,11.6827449453267,6.81261422032858
Net flux,(1-G)_Met,0*Met.x -> Met,42.8771141084545,4.74834490187896
Net flux,(1-G)_SAM,0*SAM.x -> SAM,37.8113645888751,4.64833855336053
Net flux,meTHFSink,meTHF -> Sink,99.9999999999999,0
Net flux,FmTHFSink,FmTHF -> Sink,100,0
Net flux,MetSink,Met -> Sink,100,0
Net flux,SAMsink,SAM -> Sink,100,0
Net flux,Met-protein,Met.c -> Protein,6.51983996113883e-15,0
Net flux,GLY-protein,GLY.c -> Protein,0.0157510550314139,5331.82906854873
Net flux,SER-protein,SER.c -> Protein,0.0430687536350396,5331.82912888725
Pool,2PG pool,,0,0
Pool,2PG.p pool,,6.9437093705616e-07,5182.22180065715
Pool,2PG.x pool,,1,Inf
Pool,3PGA pool,,0,0
Pool,3PGA.c pool,,0.031409090661578,0.00632511949274226
Pool,3PGA.p pool,,2.40954757008618e-06,5246.86284461543
Pool,3PGA.x pool,,1,Inf
Pool,ACA pool,,1.46260566625324e-06,5099.83396961352
Pool,ADPG pool,,0,0
Pool,ADPG.p pool,,9.9999999999999e-08,Inf
Pool,ADPG.x pool,,1,Inf
Pool,AKG pool,,1.30759983344757e-06,5104.06715915692
Pool,ALA pool,,0,0
Pool,ALA.c pool,,0.00799624447261037,0.00220607264923051
Pool,ALA.x pool,,1,Inf
Pool,ASN pool,,7566.0646363813,5205.36760177036
Pool,ASP pool,,9.99999999999482e-08,0
Pool,Acceptor.c pool,,1,Inf
Pool,CIT pool,,4.36784755565326,1.45784667024575
Pool,CO2 pool,,9.33050861256007e-06,5063.9104839342
Pool,CO2.t pool,,1,Inf
Pool,E4P.p pool,,0,0
Pool,EC2 pool,,0,0
Pool,F6P pool,,0,0
Pool,F6P.c pool,,3.28301424867357e-06,5100.71671066334
Pool,F6P.p pool,,1.69937116582442e-06,5066.09428822745
Pool,F6P.x pool,,1,Inf
Pool,FBP pool,,0,0
Pool,FBP.c pool,,3.18498552157189e-06,5351.05885706698
Pool,FBP.p pool,,1.64347666865752e-06,5202.18335065259
Pool,FBP.x pool,,1,Inf
Pool,FmTHF pool,,8.32751992579153,3.57440642048913
Pool,FmTHF.c pool,,2.63940833529491e-07,5228.60030932516
Pool,FmTHF.x pool,,1,Inf
Pool,G6P pool,,0,0
Pool,G6P.c pool,,9.85120144725861e-06,5016.96193349178
Pool,G6P.p pool,,3.26144718614346e-06,5014.56939115626
Pool,G6P.x pool,,1,Inf
Pool,GA pool,,0,0
Pool,GA.p pool,,5.97331207841638e-07,4960.28861950042
Pool,GA.x pool,,1,Inf
Pool,GLN pool,,8.83867754899009,5135.71431536051
Pool,GLU pool,,1.30760142553025e-06,5321.72405699615
Pool,GLY pool,,0,0
Pool,GLY.c pool,,1.00001122195487e-07,5569.47306542125
Pool,GLY.m pool,,0.113735456221103,0.0302520148493304
Pool,GLY.p pool,,0.000415313082652444,5127.9998561979
Pool,GLY.x pool,,1,Inf
Pool,Glyc pool,,23.5419471359649,11.2372725553343
Pool,Glyc.p pool,,6.78854940990897e-07,4956.19956711159
Pool,Glyc.x pool,,1,Inf
Pool,Glyx pool,,580.895043223214,121.736193252629
Pool,Glyx.p pool,,8.36669829468383e-07,4982.88301504722
Pool,Glyx.x pool,,1,Inf
Pool,HPA pool,,0.000182419204143401,5165.65609218446
Pool,HPA.p pool,,6.04327689371816e-07,5374.07974944324
Pool,HPA.x pool,,1,Inf
Pool,Hcy.c pool,,1,Inf
Pool,ICI pool,,0.00409149106497088,5306.03443503087
Pool,MAL pool,,0.388812141271421,0.253735477430094
Pool,Met pool,,8.33216315541192e-05,5502.12176565
Pool,Met.c pool,,4.20139976505002e-07,5451.8552861953
Pool,Met.x pool,,1,Inf
Pool,OAA pool,,0.197503949531096,0.0360062809438795
Pool,P5P pool,,0,0
Pool,PEP pool,,0,0
Pool,PEP.c pool,,1.00000000000002e-07,0
Pool,PEP.x pool,,1,Inf
Pool,PRO pool,,5.39499638290178,5087.9910189098
Pool,PYR pool,,1.00000000058387e-07,0
Pool,PYR.c pool,,0.00478781375327056,0.0021095521699189
Pool,PYR.x pool,,1,Inf
Pool,Protein pool,,1,Inf
Pool,R5P pool,,0,0
Pool,R5P.p pool,,1.80158122073032e-06,4995.05255996976
Pool,R5P.x pool,,1,Inf
Pool,RU5P.p pool,,1.68138930455256e-06,5383.11235789837
Pool,RU5P.x pool,,1,Inf
Pool,RUBP pool,,0,0
Pool,RUBP.p pool,,1.68910821201693e-06,5205.98435900072
Pool,RUBP.x pool,,1,Inf
Pool,S6P pool,,1,Inf
Pool,S7P pool,,0,0
Pool,S7P.p pool,,1.34792472411964e-06,5485.1990330207
Pool,S7P.x pool,,1,Inf
Pool,SAH.c pool,,1,Inf
Pool,SAM pool,,4.03717903818294,2.27018711864576
Pool,SAM.c pool,,1.53006883118794e-06,5087.40197481708
Pool,SAM.x pool,,1,Inf
Pool,SBP pool,,0,0
Pool,SER pool,,0,0
Pool,SER.c pool,,1.00000000002876e-07,0
Pool,SER.m pool,,0.398410828891391,0.0544021974996583
Pool,SER.p pool,,0.000292905637484592,5280.07674915435
Pool,SER.x pool,,1,Inf
Pool,Sink pool,,1,Inf
Pool,Starch pool,,1,Inf
Pool,THR pool,,3886.97855649183,5047.36411646136
Pool,TP pool,,0,0
Pool,TP.c pool,,3.62540933588024e-06,5074.22829479942
Pool,TP.p pool,,2.47894480710266e-06,5100.29582211562
Pool,TP.x pool,,1,Inf
Pool,UDPG pool,,0,0
Pool,UDPG.c pool,,8498.28065843812,5031.01127307273
Pool,UDPG.x pool,,1,Inf
Pool,X5P.p pool,,1.71375462030154e-06,5063.52694595195
Pool,dummy pool,,1,Inf
Pool,dummyGLY pool,,1,Inf
Pool,dummySER pool,,1,Inf
Pool,meTHF pool,,0.000151336710241585,5241.98869135662
Pool,meTHF.c pool,,2.58988504848871e-07,5162.56034952226
Pool,meTHF.x pool,,1,Inf
Pool,myTHF.m pool,,1.00000000002876e-07,0
Pool,outSER pool,,1,Inf
Norm,Experiment2 Glyc205 #1 norm,,0.912407173175223,0.0323937634519439
Norm,Experiment2 Glyc205 #2 norm,,0.988257119603536,0.0150462942240002
Norm,Experiment2 Glyc205 #3 norm,,0.995622468144584,0.0216684915155896
Norm,Experiment2 Glyc205 #4 norm,,0.983300416692401,0.0208478530489485
Norm,Experiment2 Glyc205 #5 norm,,1.01046643170668,0.0246472870247896
Norm,Experiment2 Glyc205 #6 norm,,0.970609830978687,0.0251729530991023
Norm,Experiment2 Glyc205 #7 norm,,1.02769495682014,0.0342120700576327
Norm,Experiment2 Glyc205 #8 norm,,0.862872493892796,0.087757894415313
Norm,Experiment2 Glyx160 #1 norm,,0.977681816003408,0.0112723410901602
Norm,Experiment2 Glyx160 #2 norm,,0.971055085632509,0.0111040171478822
Norm,Experiment2 Glyx160 #3 norm,,0.95688803002213,0.0119196191325071
Norm,Experiment2 Glyx160 #4 norm,,1.01856331248188,0.0167091487705838
Norm,Experiment2 Glyx160 #5 norm,,1.01269065067207,0.0144685282629784
Norm,Experiment2 Glyx160 #6 norm,,1.00587053343361,0.0211900731674954
Norm,Experiment2 Glyx160 #7 norm,,0.975369921786301,0.030377565979368
Norm,Experiment2 Glyx160 #8 norm,,0.915826542127658,0.113226542749198
Norm,Experiment2 GLY276 #1 norm,,0.996925231884223,0.0107777781570018
Norm,Experiment2 GLY276 #2 norm,,0.967047444370899,0.0209554337552922
Norm,Experiment2 GLY276 #3 norm,,0.974634629702233,0.0165572178604799
Norm,Experiment2 GLY276 #4 norm,,0.993865726453778,0.0162122028778794
Norm,Experiment2 GLY276 #5 norm,,0.978700787896265,0.0375101620729967
Norm,Experiment2 GLY276 #6 norm,,1.00600223705955,0.0811833357881316
Norm,Experiment2 GLY276 #7 norm,,1.0739979530469,0.140950887167721
Norm,Experiment2 GLY276 #8 norm,,0.949547394198439,0.160588930838575
Norm,Experiment2 HPA262 #1 norm,,0.995127735122278,0.0196209841352533
Norm,Experiment2 HPA262 #2 norm,,0.987962271773113,0.0229683442320479
Norm,Experiment2 HPA262 #3 norm,,0.964197467079044,0.0231430987610279
Norm,Experiment2 HPA262 #4 norm,,0.959257342131309,0.028611800447558
Norm,Experiment2 HPA262 #5 norm,,0.899881554547889,0.019844877938166
Norm,Experiment2 HPA262 #6 norm,,0.922115487103399,0.0264864439019546
Norm,Experiment2 HPA262 #7 norm,,0.949061743281538,0.0227963396991554
Norm,Experiment2 HPA262 #8 norm,,1.07735433192093,0.0406548862198446
Norm,Experiment2 GA307 #1 norm,,1.00897714132456,0.0108769831076428
Norm,Experiment2 GA307 #2 norm,,0.914506276507432,0.0289514509712972
Norm,Experiment2 GA307 #3 norm,,0.876525267247581,0.0211592602937782
Norm,Experiment2 GA307 #4 norm,,0.957713592603757,0.0242151129369036
Norm,Experiment2 GA307 #5 norm,,1.00054561854646,0.0722143461053283
Norm,Experiment2 GA307 #6 norm,,0.843529278640745,0.0980212546784205
Norm,Experiment2 GA307 #7 norm,,0.933566352852613,0.0700729717510283
Norm,Experiment2 GA307 #8 norm,,0.984980012927526,0.1413724757694
Norm,Experiment2 SER306 #1 norm,,0.941497036321961,0.0122543360017821
Norm,Experiment2 SER306 #2 norm,,0.945564643112686,0.0340323511041853
Norm,Experiment2 SER306 #3 norm,,1.03904785247505,0.020418508668222
Norm,Experiment2 SER306 #4 norm,,1.00135424436355,0.0261452968531
Norm,Experiment2 SER306 #5 norm,,0.955488902733125,0.0525045496050938
Norm,Experiment2 SER306 #6 norm,,0.935960618179754,0.131091620455786
Norm,Experiment2 SER306 #7 norm,,0.985224764575755,0.149668346230191
Norm,Experiment2 SER306 #8 norm,,0.991918821064464,0.207178049761126
Norm,Experiment2 meTHF #1 norm,,1.01246812423604,0.0100579078762414
Norm,Experiment2 meTHF #2 norm,,0.988620475931417,0.0140640160252712
Norm,Experiment2 meTHF #3 norm,,0.989759278996191,0.0262181604488084
Norm,Experiment2 meTHF #4 norm,,0.996728606133032,0.0270402161971827
Norm,Experiment2 meTHF #5 norm,,0.927680667525792,0.0837547862350516
Norm,Experiment2 meTHF #6 norm,,1.04079123188015,0.136024030228193
Norm,Experiment2 meTHF #7 norm,,1.01816768830724,0.269307826079416
Norm,Experiment2 meTHF #8 norm,,1.0593192702538,0.0811642375320806
Norm,Experiment2 FmTHF #1 norm,,1.00512623697915,0.00999758494151738
Norm,Experiment2 FmTHF #2 norm,,0.990939229149565,0.0116064825560624
Norm,Experiment2 FmTHF #3 norm,,0.998194271756905,0.0101670456753426
Norm,Experiment2 FmTHF #4 norm,,0.998686887980005,0.020897528052368
Norm,Experiment2 FmTHF #5 norm,,0.961249660044322,0.0389538974856938
Norm,Experiment2 FmTHF #6 norm,,1.04962296638987,0.0759385508771401
Norm,Experiment2 FmTHF #7 norm,,0.997901601397021,0.116566300424119
Norm,Experiment2 FmTHF #8 norm,,0.999748306306409,0.0746758486619082
Norm,Experiment2 Met176 #1 norm,,0.959054233120399,0.0245572824542507
Norm,Experiment2 Met176 #2 norm,,0.839625322510005,0.0321553569421204
Norm,Experiment2 Met176 #3 norm,,0.900804151108374,0.0330609425274456
Norm,Experiment2 Met176 #4 norm,,0.882395146927477,0.0828011297905441
Norm,Experiment2 Met176 #5 norm,,0.859137669821145,0.0666840586672836
Norm,Experiment2 Met176 #6 norm,,1.00042238067956,0.0337099387157737
Norm,Experiment2 Met176 #7 norm,,1.0156675654283,0.065529338372421
Norm,Experiment2 Met176 #8 norm,,0.986880181453674,0.319202506862084
Norm,Experiment2 SAM #1 norm,,0.998831107311152,0.014597922006485
Norm,Experiment2 SAM #2 norm,,0.960143567913247,0.0213896762125411
Norm,Experiment2 SAM #3 norm,,0.957189672162233,0.0333650470378298
Norm,Experiment2 SAM #4 norm,,0.970634098891146,0.045912650185638
Norm,Experiment2 SAM #5 norm,,1.00824057652732,0.0254472197420899
Norm,Experiment2 SAM #6 norm,,0.982695558404877,0.0616717521078689
Norm,Experiment2 SAM #7 norm,,0.994171559321984,0.0738643926243738
Norm,Experiment2 SAM #8 norm,,1.00041878726546,0.0640850304839556
Norm,Experiment2 CIT465 #1 norm,,1.02000845312304,0.0130158454216451
Norm,Experiment2 CIT465 #2 norm,,0.987036844701957,0.0102603363539452
Norm,Experiment2 CIT465 #3 norm,,0.989744789945856,0.0130867576259441
Norm,Experiment2 CIT465 #4 norm,,0.969831800132633,0.0123198645887522
Norm,Experiment2 CIT465 #5 norm,,0.997845840742124,0.0159793719047527
Norm,Experiment2 CIT465 #6 norm,,0.992849697681341,0.0113030749728698
Norm,Experiment2 CIT465 #7 norm,,1.04391086968581,0.0158244168797509
Norm,Experiment2 CIT465 #8 norm,,1.04557641655537,0.0216367385411982
Norm,Experiment2 MAL335 #1 norm,,0.977497351760676,0.0113124739591288
Norm,Experiment2 MAL335 #2 norm,,1.01347821089613,0.0137236237215921
Norm,Experiment2 MAL335 #3 norm,,0.971887738181747,0.0125961124979949
Norm,Experiment2 MAL335 #4 norm,,0.966881782417873,0.0115818438278536
Norm,Experiment2 MAL335 #5 norm,,0.995079554350259,0.0146284646693318
Norm,Experiment2 MAL335 #6 norm,,0.955773419215288,0.0150960302443272
Norm,Experiment2 MAL335 #7 norm,,0.978880519991426,0.0206543038663817
Norm,Experiment2 MAL335 #8 norm,,0.995965986365075,0.0398908836491118
Norm,Experiment2 ASP334 #1 norm,,0.981640595767043,0.0153536402129709
Norm,Experiment2 ASP334 #2 norm,,0.965511935763565,0.0232032748503172
Norm,Experiment2 ASP334 #3 norm,,0.953986017795507,0.0173838087674766
Norm,Experiment2 ASP334 #4 norm,,1.00145932806051,0.02196692432238
Norm,Experiment2 ASP334 #5 norm,,0.954458234807298,0.0342123035213988
Norm,Experiment2 ASP334 #6 norm,,0.955048505256318,0.0682557288203779
Norm,Experiment2 ASP334 #7 norm,,0.988620426584537,0.0604302854825585
Norm,Experiment2 ASP334 #8 norm,,0.956417884336896,0.0377320321530344
Norm,Experiment2 GLU348 #1 norm,,0.993942576831915,0.0117660044998377
Norm,Experiment2 GLU348 #2 norm,,0.97413488604965,0.0122466375861263
Norm,Experiment2 GLU348 #3 norm,,1.01192259600375,0.0120270902516474
Norm,Experiment2 GLU348 #4 norm,,0.991825016093202,0.0153239002181676
Norm,Experiment2 GLU348 #5 norm,,0.980289898002875,0.0285623427611356
Norm,Experiment2 GLU348 #6 norm,,0.963651148145839,0.0144328235162284
Norm,Experiment2 GLU348 #7 norm,,0.927073259827182,0.0219610297579925
Norm,Experiment2 GLU348 #8 norm,,0.872258952796399,0.0466862898340852
Norm,Experiment2 THR320 #1 norm,,0.992536238745003,0.0100194254769613
Norm,Experiment2 THR320 #2 norm,,1.02441754142412,0.0120407477144091
Norm,Experiment2 THR320 #3 norm,,0.998227593780386,0.0105236510723212
Norm,Experiment2 THR320 #4 norm,,1.00563095022246,0.0113881725584204
Norm,Experiment2 THR320 #5 norm,,0.967701174414376,0.0201435438944015
Norm,Experiment2 THR320 #6 norm,,0.99759872446126,0.0112179672681577
Norm,Experiment2 THR320 #7 norm,,0.950192099421113,0.0134884222180184
Norm,Experiment2 THR320 #8 norm,,0.926723760172187,0.0356455473689765
Norm,Experiment2 ALA116 #1 norm,,0.981436293079223,0.00988272883943086
Norm,Experiment2 ALA116 #2 norm,,0.98860057553506,0.00984091776185864
Norm,Experiment2 ALA116 #3 norm,,1.02989786095938,0.0109556956280929
Norm,Experiment2 ALA116 #4 norm,,0.994878960014899,0.0255137914315179
Norm,Experiment2 ALA116 #5 norm,,1.04071404192195,0.0882454521519748
Norm,Experiment2 ALA116 #6 norm,,1.00331239072244,0.0698265360850369
Norm,Experiment2 ALA116 #7 norm,,0.994587186835755,0.0807367826862634
Norm,Experiment2 ALA116 #8 norm,,0.912946140557396,0.175522784737501
Norm,Experiment2 PYR #1 norm,,1.00933143651209,0.0128790162957181
Norm,Experiment2 PYR #2 norm,,0.963837582858486,0.0504373443044014
Norm,Experiment2 PYR #3 norm,,0.937988617932536,0.0577264564802069
Norm,Experiment2 PYR #4 norm,,1.05389920600264,0.0453511737962099
Norm,Experiment2 PYR #5 norm,,1.00424154218608,0.133196943426159
Norm,Experiment2 PYR #6 norm,,0.983300016046675,0.132644550020127
Norm,Experiment2 PYR #7 norm,,1.01430833809097,0.0735704817265815
Norm,Experiment2 PYR #8 norm,,0.986089141312274,0.10853445307049
