type,id,eqn,val,std
Net flux,CO2.t,CO2.t -> CO2,63.1592886058525,1.51789587665578
Net flux,CO2_sink,dummy -> Sink,63.1592886058524,1.51789587665578
Net flux,RUBICSO_CO2,RUBP.p + CO2 -> 3PGA.p + 3PGA.p + dummy,64.7653790061754,1.52399240842296
Net flux,GAPDH.p net,3PGA.p <-> TP.p,131.72032062069,3.03542107734531
Exch flux,GAPDH.p exch,3PGA.p <-> TP.p,71900.4223375485,310.319710185705
Net flux,ALD,TP.p + E4P.p -> SBP,22.3174635233763,0.509440636868738
Net flux,SBP,SBP -> S7P.p,22.3174635233763,0.509440636868738
Net flux,FBA.p net,TP.p + TP.p <-> FBP.p,29.3569953965998,0.780771669452031
Exch flux,FBA.p exch,TP.p + TP.p <-> FBP.p,24678.9066522078,873.512676691815
Net flux,PFK.p net,FBP.p <-> F6P.p,29.3569953966029,0.780771669452031
Exch flux,PFK.p exch,FBP.p <-> F6P.p,1.00005337344555e-07,1.45031746992292e-13
Net flux,TK1 net,TP.p + EC2 <-> X5P.p,44.6349270467525,1.01888127373748
Exch flux,TK1 exch,TP.p + EC2 <-> X5P.p,1.0000000116861e-07,0
Net flux,TK2 net,S7P.p <-> R5P.p + EC2,22.3174635233762,0.509440636868738
Exch flux,TK2 exch,S7P.p <-> R5P.p + EC2,37.9992050932501,905.311269485974
Net flux,TK3 net,F6P.p <-> E4P.p + EC2,22.3174635233772,0.509440636868738
Exch flux,TK3 exch,F6P.p <-> E4P.p + EC2,8944.99271638592,567.151925778586
Net flux,PPE net,X5P.p <-> RU5P.p,44.6349270467524,1.01888127373748
Exch flux,PPE exch,X5P.p <-> RU5P.p,86.6971940708675,222.094905623201
Net flux,PPI net,R5P.p <-> RU5P.p,22.3174635233763,0.509440636868738
Exch flux,PPI exch,R5P.p <-> RU5P.p,239.122640518427,907.61621003405
Net flux,PRK,RU5P.p -> RUBP.p,66.9523905701288,1.52832191060645
Net flux,RUBISCO_O2,RUBP.p -> 3PGA.p + 2PG.p,2.18701156395348,0.0846955569389621
Net flux,GLYdil net,GLY.p <-> GLY.x + dummyGLY,0.0154224102581182,0.00168168134137144
Exch flux,GLYdil exch,GLY.p <-> GLY.x + dummyGLY,1.0000000116861e-07,0
Net flux,SERdil net,SER.p <-> SER.x + dummySER,0.0527347632196609,0.00575026196307675
Exch flux,SERdil exch,SER.p <-> SER.x + dummySER,9.99827491909855e-08,9.21702167567809e-14
Net flux,GK,GA.p -> 3PGA.p,0.647961508611235,0.0755633841184545
Net flux,PGI.p net,F6P.p <-> G6P.p,7.03953187322507,0.407483939200887
Exch flux,PGI.p exch,F6P.p <-> G6P.p,1.00015952853028e-07,910.095648506256
Net flux,PGM.p,G6P.p -> ADPG.p,7.03953187322507,0.407483939200887
Net flux,Starch,ADPG.p -> Starch,7.03953187322505,0.407483939200887
Net flux,FBA.c net,TP.c + TP.c <-> FBP.c,3.02696962867778,0.330065032643405
Exch flux,FBA.c exch,TP.c + TP.c <-> FBP.c,27.3738394380438,910.474053601195
Net flux,PFK.c net,FBP.c <-> F6P.c,3.0269696286778,0.330065032643405
Exch flux,PFK.c exch,FBP.c <-> F6P.c,19.3591802909567,1021.44203420039
Net flux,PGI.c net,F6P.c <-> G6P.c,1.51348481433891,0.165032516321703
Exch flux,PGI.c exch,F6P.c <-> G6P.c,237.779540477165,531.800074604218
Net flux,PGM.c net,G6P.c <-> UDPG.c,1.51348481433524,0.165032516321703
Exch flux,PGM.c exch,G6P.c <-> UDPG.c,48484.3382348929,916.994135194203
Net flux,SPS,F6P.c + UDPG.c -> S6P,1.51348481433886,0.165032516321703
Net flux,PGAM.c net,3PGA.c <-> PEP.c,0.645410464226453,0.0703764662662487
Exch flux,PGAM.c exch,3PGA.c <-> PEP.c,10.5707678865493,947.291996722484
Net flux,PK.c,PEP.c -> PYR.c,0.29296525551164,0.0319453441862131
Net flux,PDH,PYR.c + dummy -> ACA + CO2,0.243822403589735,0.0265867383794996
Net flux,CS,OAA + ACA -> CIT,0.243822403589731,0.0265867383794996
Net flux,ACO net,CIT <-> ICI,0.243822403589775,0.0265867383794996
Exch flux,ACO exch,CIT <-> ICI,1609.38220716279,858.982840034754
Net flux,IDH,ICI + dummy -> AKG + CO2,0.243822403589747,0.0265867383794996
Net flux,MDH net,MAL <-> OAA,7.105427357601e-15,0
Exch flux,MDH exch,MAL <-> OAA,0.000668890935962452,0.122018951412653
Net flux,PPC,PEP.c + CO2 -> OAA + dummy,0.352445208715245,0.0384311220763501
Net flux,T_3PGA net,3PGA.p <-> 3PGA.c,0.64541046422643,0.0703764662662487
Exch flux,T_3PGA exch,3PGA.p <-> 3PGA.c,1.0000000116861e-07,0
Net flux,T_DHAP net,TP.p <-> TP.c,6.0539392573556,0.660130065286811
Exch flux,T_DHAP exch,TP.p <-> TP.c,5.04767000891368,2.70150230090969
Net flux,ALT,PYR.c -> ALA.c,0.0491428519215883,0.00535860580512832
Net flux,ASPT,OAA -> ASP,0.10862280512504,0.0118443836969331
Net flux,GLUDH,AKG -> GLU,0.243822403589724,0.0265867383794996
Net flux,PCR net,GLU <-> PRO,-2.48689957516035e-14,0
Exch flux,PCR exch,GLU <-> PRO,1.0000000116861e-07,0
Net flux,GS net,GLU <-> GLN,0,0
Exch flux,GS exch,GLU <-> GLN,1.0004202977143e-07,0
Net flux,TS net,ASP <-> THR,0,0
Exch flux,TS exch,ASP <-> THR,0.0478146508338355,0.0170093716675656
Net flux,AS net,ASP <-> ASN,1.06581410364015e-14,0
Exch flux,AS exch,ASP <-> ASN,1.0000000116861e-07,0
Net flux,G_3PGA.p,0*3PGA.p -> 3PGA,2.46866313347027e-06,1203.14858396841
Net flux,G_3PGA.c,0*3PGA.c -> 3PGA,92.911908140096,789.714511170781
Net flux,G_DHAP.p,0*TP.p -> TP,40.6853798422419,1296.76812690635
Net flux,G_DHAP.c,0*TP.c -> TP,51.8471856996948,908.045852607139
Net flux,G_F6P.p,0*F6P.p -> F6P,48.6686345030749,1281.90968885422
Net flux,G_F6P.c,0*F6P.c -> F6P,36.546576817712,899.02048421019
Net flux,G_FBP.p,0*FBP.p -> FBP,2.46866146369484e-06,1374.05686966576
Net flux,G_FBP.c,0*FBP.c -> FBP,83.4512310503161,1010.93433640248
Net flux,G_G6P.p,0*G6P.p -> G6P,19.0549768397257,1300.77253263721
Net flux,G_G6P.c,0*G6P.c -> G6P,58.8549499993083,898.256620579775
Net flux,G_RU5P.p,0*RU5P.p -> P5P,2.46865387865114e-06,1247.11144653973
Net flux,G_X5P.p,0*X5P.p -> P5P,92.8477691485896,927.466072688796
Net flux,G_R5P.p,0*R5P.p -> R5P,82.2810779884949,889.792952776555
Net flux,G_GA.p,0*GA.p -> GA,43.1123175600032,4.73407032406681
Net flux,G_SER.p,0*SER.p -> SER,81.4430013634425,847.017398965069
Net flux,G_GLY.p,0*GLY.p -> GLY,3.23710588782038,914.546808971495
Net flux,G_RUBP.p,0*RUBP.p -> RUBP,92.5302752673063,946.189451642295
Net flux,G_S7P.p,0*S7P.p -> S7P,98.4567310636212,858.564066698801
Net flux,G_2PG.p,0*2PG.p -> 2PG,87.0427532706349,934.101047268392
Net flux,G_ADPG.p,0*ADPG.p -> ADPG,95.0805622183481,911.520973833672
Net flux,G_PEP.c,0*PEP.c -> PEP,89.2305410445615,932.335480927391
Net flux,G_UDPG.c,0*UDPG.c -> UDPG,72.4268033045549,947.703306562028
Net flux,G_ALA.c,0*ALA.c -> ALA,72.0023671310069,7.05143767810749
Net flux,(1-G)_GA,0*GA.x -> GA,56.8876824399988,4.73407032406681
Net flux,(1-G)_SER,0*SER.x -> SER,18.5569733697014,5.10369061814493
Net flux,(1-G)_GLY,0*GLY.x -> GLY,27.016103648886,8.94887134236306
Net flux,(1-G)_R5P,0*R5P.x -> R5P,17.718922011502,889.792952776555
Net flux,(1-G)_RUBP,0*RUBP.x -> RUBP,7.46972473269241,946.189451642295
Net flux,(1-G)_3PGA,0*3PGA.x -> 3PGA,7.08808939124116,904.755113811198
Net flux,(1-G)_TP,0*TP.x -> TP,7.46743445806384,925.712893140594
Net flux,(1-G)_F6P,0*F6P.x -> F6P,14.7847886792169,917.576473765854
Net flux,(1-G)_FBP,0*FBP.x -> FBP,16.5487664810172,940.140485111627
Net flux,(1-G)_G6P,0*G6P.x -> G6P,22.0900731609643,926.92609385123
Net flux,(1-G)_RU5P,0*RU5P.x -> P5P,7.15222838275797,903.078728785163
Net flux,(1-G)_S7P,0*S7P.x -> S7P,1.5432689363768,858.564066698801
Net flux,(1-G)_2PG,0*2PG.x -> 2PG,12.9572467293675,934.101047268392
Net flux,(1-G)_ADPG,0*ADPG.x -> ADPG,4.91943778165087,911.520973833672
Net flux,(1-G)_PEP,0*PEP.x -> PEP,10.7694589554367,932.335480927391
Net flux,(1-G)_UDPG,0*UDPG.x -> UDPG,27.5731966954463,947.703306562028
Net flux,(1-G)_ALA,0*ALA.x -> ALA,27.9976328689928,7.05143767810749
Net flux,PGASink,3PGA -> Sink,100,0
Net flux,DHAPSink,TP -> Sink,100.000000000001,0
Net flux,F6PSink,F6P -> Sink,100.000000000004,0
Net flux,FBPSink,FBP -> Sink,99.9999999999948,0
Net flux,G6PSink,G6P -> Sink,99.9999999999983,0
Net flux,P5PSink,P5P -> Sink,100.000000000001,0
Net flux,R5PSink,R5P -> Sink,99.9999999999968,0
Net flux,GASink,GA -> Sink,100.000000000002,0
Net flux,SERSink,SER -> Sink,99.9999999999996,0
Net flux,GLYSink,GLY -> Sink,100.000000000001,0
Net flux,RUBPSink,RUBP -> Sink,99.9999999999987,0
Net flux,S7PSink,S7P -> Sink,99.9999999999979,0
Net flux,2PGSink,2PG -> Sink,100.000000000002,0
Net flux,ADPGSink,ADPG -> Sink,99.9999999999989,0
Net flux,PEPSink,PEP -> Sink,99.9999999999983,0
Net flux,UDPGSink,UDPG -> Sink,100.000000000001,0
Net flux,ALASink,ALA -> Sink,99.9999999999998,0
Net flux,S6Pout-LL,S6P + 0.1611*GLU + 0.07177*ASP + 0.03247*ALA.c + 0.01019*dummyGLY + 0.03484*dummySER -> Sink,1.51348481433889,0.165032516321703
Net flux,PGP.p,2PG.p -> Glyc.p,2.1870115639535,0.0846955569389621
Net flux,GOX,Glyc.p -> Glyx.p,2.18701156395351,0.0846955569389621
Net flux,GGT,Glyx.p -> GLY.p,2.1870115639535,0.0846955569389621
Net flux,SGAT,SER.p -> HPA.p,0.647961508611224,0.0755633841184545
Net flux,HPR.p,HPA.p -> GA.p,0.647961508611218,0.0755633841184545
Net flux,T_GLY-m net,GLY.p <-> GLY.m,2.17979167084559,880.528375966759
Exch flux,T_GLY-m exch,GLY.p <-> GLY.m,35710.3007847713,896.57727334867
Net flux,GDC.m,GLY.m + dummy -> myTHF.m + CO2,1.47089080185812,0.0857706029110332
Net flux,T_SER-m net,SER.p <-> SER.m,-1.47089080185788,0.0857706029110332
Exch flux,T_SER-m exch,SER.p <-> SER.m,2694.29934268025,905.362415233395
Net flux,mSHMT,GLY.m + myTHF.m -> SER.m,1.47089080185812,0.0857706029110332
Net flux,T_SER-c net,SER.p <-> SER.c,0.77019453002722,0.137086519243607
Exch flux,T_SER-c exch,SER.p <-> SER.c,0.331203795776024,0.476872754888872
Net flux,T_Gly-c net,GLY.p <-> GLY.c,-0.00820251714878939,880.528371891754
Exch flux,T_Gly-c exch,GLY.p <-> GLY.c,9.99999998363421e-08,0
Net flux,cSHMT,SER.c -> GLY.c + meTHF.c,0.77019443003404,0.137086519230406
Net flux,FmTHF-reductase net,meTHF.c <-> FmTHF.c,0.770194430034041,0.137086519230406
Exch flux,FmTHF-reductase exch,meTHF.c <-> FmTHF.c,7.54082400733493,890.866947447808
Net flux,Met-synthase,FmTHF.c + Hcy.c -> Met.c,0.77019443003402,0.137086519230406
Net flux,SAM-synthase,Met.c -> SAM.c,0.77019443003403,0.137086519230406
Net flux,Methylation,SAM.c -> SAH.c + Acceptor.c,0.770194430034025,0.137086519230406
Net flux,hydrolysis,SAH.c -> Hcy.c,0.770194430034017,0.137086519230406
Net flux,G_SER.m,0*SER.m -> SER,1.0000000116861e-07,0
Net flux,G_SER.c,0*SER.c -> SER,2.51668556501272e-05,847.002022729428
Net flux,G_Gly.m,0*GLY.m -> GLY,1.00074757369839e-07,914.545387470306
Net flux,G_Gly.c,0*GLY.c -> GLY,69.7467903632201,8.93301318894092
Net flux,T_GLY-c-m,GLY.c -> GLY.m,0.761989932872085,880.528382562753
Net flux,G_Glyc,0*Glyc.p -> Glyc,8.02313376519771,1.01084253857554
Net flux,G_Glyx,0*Glyx.p -> Glyx,99.8402783057389,926.057859426896
Net flux,G_HPA,0*HPA.p -> HPA,6.82645969642511,2.01930368330968
Net flux,(1-G)_Glyc,0*Glyc.x -> Glyc,91.9768662348029,1.01084253857554
Net flux,(1-G)_Glyx,0*Glyx.x -> Glyx,0.159721694261918,926.057859426896
Net flux,(1-G)_HPA,0*HPA.x -> HPA,93.1735403035748,2.01930368330968
Net flux,GlycSink,Glyc -> Sink,100.000000000001,0
Net flux,GlyxSink,Glyx -> Sink,100.000000000001,0
Net flux,HPASink,HPA -> Sink,99.9999999999998,0
Net flux,SERex,dummySER -> outSER,1.00055212115535e-07,2.60180476037463e-13
Net flux,G_PYR,0*PYR.c -> PYR,40.8094880697661,2.92233603296504
Net flux,(1-G)_PYR,0*PYR.x -> PYR,59.1905119302342,2.92233603296504
Net flux,PYRSink,PYR -> Sink,100,0
Net flux,G_meTHF,0*meTHF.c -> meTHF,95.5868459912198,5.73919729808031
Net flux,G_FmTHF,0*FmTHF.c -> FmTHF,74.90139774131,5.65112945329864
Net flux,G_Met,0*Met.c -> Met,63.5982441140977,5.18652916185259
Net flux,G_SAM,0*SAM.c -> SAM,57.7933602016228,4.3973404833442
Net flux,(1-G)_meTHF,0*meTHF.x -> meTHF,4.41315400878012,5.73919729808031
Net flux,(1-G)_FmTHF,0*FmTHF.x -> FmTHF,25.0986022586901,5.65112945329864
Net flux,(1-G)_Met,0*Met.x -> Met,36.4017558859023,5.18652916185259
Net flux,(1-G)_SAM,0*SAM.x -> SAM,42.2066397983772,4.3973404833442
Net flux,meTHFSink,meTHF -> Sink,99.9999999999999,0
Net flux,FmTHFSink,FmTHF -> Sink,100,0
Net flux,MetSink,Met -> Sink,100,0
Net flux,SAMsink,SAM -> Sink,100,0
Net flux,Met-protein,Met.c -> Protein,6.51983996113883e-15,0
Net flux,GLY-protein,GLY.c -> Protein,1.98001319251517e-06,1.95545092988072e-14
Net flux,SER-protein,SER.c -> Protein,9.99931817347033e-08,1.69428091521251e-13
Pool,2PG pool,,0,0
Pool,2PG.p pool,,1.39048966290455e-07,969.01668959209
Pool,2PG.x pool,,1,Inf
Pool,3PGA pool,,0,0
Pool,3PGA.c pool,,0.0169083321907415,0.00564210496784669
Pool,3PGA.p pool,,7.81902761877936e-07,890.518500660526
Pool,3PGA.x pool,,1,Inf
Pool,ACA pool,,1.50076153202746e-06,882.963358079032
Pool,ADPG pool,,0,0
Pool,ADPG.p pool,,9.9999999999999e-08,Inf
Pool,ADPG.x pool,,1,Inf
Pool,AKG pool,,9.75168030178332e-07,938.884548607907
Pool,ALA pool,,0,0
Pool,ALA.c pool,,0.00863034196538205,0.00278533994607567
Pool,ALA.x pool,,1,Inf
Pool,ASN pool,,7559.04317147142,903.385890378412
Pool,ASP pool,,1.00000000000057e-07,0
Pool,Acceptor.c pool,,1,Inf
Pool,CIT pool,,6.76181366799199,3.54244522377225
Pool,CO2 pool,,3.32772732457209e-05,923.370359025263
Pool,CO2.t pool,,1,Inf
Pool,E4P.p pool,,0,0
Pool,EC2 pool,,0,0
Pool,F6P pool,,0,0
Pool,F6P.c pool,,3.8246529369992e-06,875.520044469747
Pool,F6P.p pool,,4.35263862231108e-07,927.749864729239
Pool,F6P.x pool,,1,Inf
Pool,FBP pool,,0,0
Pool,FBP.c pool,,3.22348263834652e-06,871.1073412567
Pool,FBP.p pool,,4.19359311138522e-07,944.505595826689
Pool,FBP.x pool,,1,Inf
Pool,FmTHF pool,,4.63869354462972,2.5342704065724
Pool,FmTHF.c pool,,1e-07,0
Pool,FmTHF.x pool,,1,Inf
Pool,G6P pool,,0,0
Pool,G6P.c pool,,9.87507352200155e-06,896.435333175209
Pool,G6P.p pool,,3.64181900906442e-06,898.743741893145
Pool,G6P.x pool,,1,Inf
Pool,GA pool,,0,0
Pool,GA.p pool,,1e-07,0
Pool,GA.x pool,,1,Inf
Pool,GLN pool,,8.83867754866779,927.437429003634
Pool,GLU pool,,9.75169999726708e-07,923.637009318453
Pool,GLY pool,,0,0
Pool,GLY.c pool,,0.0508791747134405,0.0325461741529558
Pool,GLY.m pool,,1.00000000002876e-07,0
Pool,GLY.p pool,,2.24173064156764e-07,883.231426263012
Pool,GLY.x pool,,1,Inf
Pool,Glyc pool,,2.03928127515238,0.980637197920066
Pool,Glyc.p pool,,1.40059402779059e-07,893.670538294319
Pool,Glyc.x pool,,1,Inf
Pool,Glyx pool,,690.885985299184,173.418652738426
Pool,Glyx.p pool,,1.53549538592664e-07,924.288602692682
Pool,Glyx.x pool,,1,Inf
Pool,HPA pool,,0.000117817208607521,921.647981715297
Pool,HPA.p pool,,1e-07,0
Pool,HPA.x pool,,1,Inf
Pool,Hcy.c pool,,1,Inf
Pool,ICI pool,,0.00272387415136232,916.63098361732
Pool,MAL pool,,0.00277633490003968,0.506102401764249
Pool,Met pool,,1.30141556372295e-05,920.276202704493
Pool,Met.c pool,,1e-07,0
Pool,Met.x pool,,1,Inf
Pool,OAA pool,,0.225367886871954,0.0499385005100043
Pool,P5P pool,,0,0
Pool,PEP pool,,0,0
Pool,PEP.c pool,,3.03362655268933e-06,903.612230511094
Pool,PEP.x pool,,1,Inf
Pool,PRO pool,,5.39499638249632,922.797496019081
Pool,PYR pool,,9.20994495024709e-06,905.87952104384
Pool,PYR.c pool,,0.0161895492799097,0.00601302304187708
Pool,PYR.x pool,,1,Inf
Pool,Protein pool,,1,Inf
Pool,R5P pool,,0,0
Pool,R5P.p pool,,4.36632428640089e-07,938.888859652289
Pool,R5P.x pool,,1,Inf
Pool,RU5P.p pool,,4.16957291682466e-07,907.944168455684
Pool,RU5P.x pool,,1,Inf
Pool,RUBP pool,,0,0
Pool,RUBP.p pool,,4.14216610461083e-07,923.639102911734
Pool,RUBP.x pool,,1,Inf
Pool,S6P pool,,1,Inf
Pool,S7P pool,,0,0
Pool,S7P.p pool,,2.91721886785967e-07,926.64029190924
Pool,S7P.x pool,,1,Inf
Pool,SAH.c pool,,1,Inf
Pool,SAM pool,,5.97341047586386,3.13553797573361
Pool,SAM.c pool,,1.1319690166087e-06,896.410876307848
Pool,SAM.x pool,,1,Inf
Pool,SBP pool,,0,0
Pool,SER pool,,0,0
Pool,SER.c pool,,1.00000000002876e-07,0
Pool,SER.m pool,,0.53724865007428,0.0507281062803448
Pool,SER.p pool,,0.000101248270312403,862.286235363391
Pool,SER.x pool,,1,Inf
Pool,Sink pool,,1,Inf
Pool,Starch pool,,1,Inf
Pool,THR pool,,0.287353449418565,0.149458154618562
Pool,TP pool,,0,0
Pool,TP.c pool,,3.31855647818681e-06,924.703499917649
Pool,TP.p pool,,7.89495050847744e-07,912.416607856085
Pool,TP.x pool,,1,Inf
Pool,UDPG pool,,0,0
Pool,UDPG.c pool,,0.65065947169564,0.326481812343825
Pool,UDPG.x pool,,1,Inf
Pool,X5P.p pool,,4.17638416628073e-07,983.187246732781
Pool,dummy pool,,1,Inf
Pool,dummyGLY pool,,1,Inf
Pool,dummySER pool,,1,Inf
Pool,meTHF pool,,2.29022600419641e-05,882.523278066975
Pool,meTHF.c pool,,1e-07,0
Pool,meTHF.x pool,,1,Inf
Pool,myTHF.m pool,,1.00000000002876e-07,0
Pool,outSER pool,,1,Inf
Norm,Experiment2 Glyc205 #1 norm,,1.00471820982039,0.0395308477542052
Norm,Experiment2 Glyc205 #2 norm,,0.96453193427285,0.0178428777149572
Norm,Experiment2 Glyc205 #3 norm,,0.997470521110394,0.0227249295571416
Norm,Experiment2 Glyc205 #4 norm,,1.01018214944285,0.0208543569765947
Norm,Experiment2 Glyc205 #5 norm,,1.00328914751726,0.0230036789808438
Norm,Experiment2 Glyc205 #6 norm,,0.982351337632468,0.0242474023224828
Norm,Experiment2 Glyc205 #7 norm,,0.969658141501579,0.0322356919150528
Norm,Experiment2 Glyc205 #8 norm,,0.852491493601929,0.101882061875069
Norm,Experiment2 Glyx160 #1 norm,,1.0090720379561,0.0114973401699471
Norm,Experiment2 Glyx160 #2 norm,,0.9879549260034,0.0115001744468177
Norm,Experiment2 Glyx160 #3 norm,,0.97851423510979,0.0122566406642567
Norm,Experiment2 Glyx160 #4 norm,,0.986062294569969,0.0157295074721621
Norm,Experiment2 Glyx160 #5 norm,,0.974894918274984,0.0142622355319746
Norm,Experiment2 Glyx160 #6 norm,,0.988829753464986,0.0203895001957181
Norm,Experiment2 Glyx160 #7 norm,,1.0068769017703,0.03063589372333
Norm,Experiment2 Glyx160 #8 norm,,0.92654173095589,0.122955088534427
Norm,Experiment2 GLY276 #1 norm,,1.01692956639427,0.0109932272726055
Norm,Experiment2 GLY276 #2 norm,,0.941303540989138,0.0221171440005416
Norm,Experiment2 GLY276 #3 norm,,0.99864050927549,0.0203425937636265
Norm,Experiment2 GLY276 #4 norm,,1.00440093502462,0.0186446737043717
Norm,Experiment2 GLY276 #5 norm,,0.976943954858709,0.0403972170215662
Norm,Experiment2 GLY276 #6 norm,,0.966152676395202,0.0783474629367613
Norm,Experiment2 GLY276 #7 norm,,1.01207152056557,0.127600733108599
Norm,Experiment2 GLY276 #8 norm,,1.00204008609303,0.140081234045426
Norm,Experiment2 HPA262 #1 norm,,0.986711241949741,0.019719629935706
Norm,Experiment2 HPA262 #2 norm,,0.981000650308539,0.0239925846917317
Norm,Experiment2 HPA262 #3 norm,,0.960942954736524,0.0236667861245426
Norm,Experiment2 HPA262 #4 norm,,0.97670801795354,0.0310670335126249
Norm,Experiment2 HPA262 #5 norm,,0.918183620701291,0.0213819852541973
Norm,Experiment2 HPA262 #6 norm,,0.920759722770712,0.0275420717103242
Norm,Experiment2 HPA262 #7 norm,,1.00172955702218,0.0245714898075724
Norm,Experiment2 HPA262 #8 norm,,1.04407063767711,0.0391279918218244
Norm,Experiment2 GA307 #1 norm,,0.985633576040424,0.0107830525924652
Norm,Experiment2 GA307 #2 norm,,0.871040505981977,0.026858174502196
Norm,Experiment2 GA307 #3 norm,,0.865483571102888,0.0204357138448493
Norm,Experiment2 GA307 #4 norm,,0.998342352497732,0.0267663652250288
Norm,Experiment2 GA307 #5 norm,,0.931552348563193,0.0772318621950216
Norm,Experiment2 GA307 #6 norm,,0.90792476413662,0.104475672440737
Norm,Experiment2 GA307 #7 norm,,0.932066449749321,0.0710447317350165
Norm,Experiment2 GA307 #8 norm,,0.945178825927378,0.15705947731079
Norm,Experiment2 SER306 #1 norm,,0.978733821873568,0.0126431904695876
Norm,Experiment2 SER306 #2 norm,,1.01463157291282,0.0358320431678106
Norm,Experiment2 SER306 #3 norm,,1.00172004540699,0.0192101298203121
Norm,Experiment2 SER306 #4 norm,,1.02923976514033,0.0258809688254562
Norm,Experiment2 SER306 #5 norm,,0.966499856634012,0.0562466299252922
Norm,Experiment2 SER306 #6 norm,,1.00436726191793,0.127028220545791
Norm,Experiment2 SER306 #7 norm,,1.07314133436808,0.0996643792199378
Norm,Experiment2 SER306 #8 norm,,1.03074109118427,0.113727376946544
Norm,Experiment2 meTHF #1 norm,,0.997345460113372,0.00996464166306412
Norm,Experiment2 meTHF #2 norm,,0.986157508962262,0.0144562253702345
Norm,Experiment2 meTHF #3 norm,,0.982740148166455,0.0263033329501697
Norm,Experiment2 meTHF #4 norm,,1.01434866236927,0.0262445548335022
Norm,Experiment2 meTHF #5 norm,,1.01167120917498,0.0922009506711289
Norm,Experiment2 meTHF #6 norm,,0.96637723776896,0.163677100075101
Norm,Experiment2 meTHF #7 norm,,0.996402930634738,0.174267188622562
Norm,Experiment2 meTHF #8 norm,,0.999224687724787,0.0747813286094217
Norm,Experiment2 FmTHF #1 norm,,1.00511459579585,0.0100657947235766
Norm,Experiment2 FmTHF #2 norm,,0.986717906183279,0.0116942752864891
Norm,Experiment2 FmTHF #3 norm,,1.00439239368379,0.0100556594919556
Norm,Experiment2 FmTHF #4 norm,,0.999144304319176,0.0225028125263742
Norm,Experiment2 FmTHF #5 norm,,0.997028765055063,0.0413533077294926
Norm,Experiment2 FmTHF #6 norm,,1.03713318417586,0.0756935390405414
Norm,Experiment2 FmTHF #7 norm,,0.952294406064305,0.12305744192081
Norm,Experiment2 FmTHF #8 norm,,0.988554599421733,0.0820544846632846
Norm,Experiment2 Met176 #1 norm,,0.997337866311643,0.0239605487145938
Norm,Experiment2 Met176 #2 norm,,0.922673140604932,0.0348797329470529
Norm,Experiment2 Met176 #3 norm,,0.924644233372033,0.0351514087273676
Norm,Experiment2 Met176 #4 norm,,0.822633256729782,0.0683082595950622
Norm,Experiment2 Met176 #5 norm,,0.850414261246777,0.0561225794097557
Norm,Experiment2 Met176 #6 norm,,1.00917190683764,0.0342221719693301
Norm,Experiment2 Met176 #7 norm,,1.01850980239931,0.0664606469898394
Norm,Experiment2 Met176 #8 norm,,1.00489519794591,0.21513562322613
Norm,Experiment2 SAM #1 norm,,0.98473458952298,0.0140997566703527
Norm,Experiment2 SAM #2 norm,,0.979608621956306,0.0220147268743675
Norm,Experiment2 SAM #3 norm,,0.991401919932768,0.0363316364074396
Norm,Experiment2 SAM #4 norm,,0.999590741148381,0.0460649565443197
Norm,Experiment2 SAM #5 norm,,1.00352326708772,0.0257782223586207
Norm,Experiment2 SAM #6 norm,,1.00016619355245,0.0612395785790083
Norm,Experiment2 SAM #7 norm,,0.986710896307567,0.0762053455296133
Norm,Experiment2 SAM #8 norm,,1.00070768270898,0.064230170113229
Norm,Experiment2 CIT465 #1 norm,,0.967480646595885,0.0120334043134613
Norm,Experiment2 CIT465 #2 norm,,0.984808841558477,0.010512543003976
Norm,Experiment2 CIT465 #3 norm,,0.968892780608868,0.0129612726722056
Norm,Experiment2 CIT465 #4 norm,,0.992243887068914,0.0126453426891167
Norm,Experiment2 CIT465 #5 norm,,1.02230802054446,0.0163347084605563
Norm,Experiment2 CIT465 #6 norm,,0.984221611703102,0.0111764297735742
Norm,Experiment2 CIT465 #7 norm,,0.982047155000034,0.0149684510953083
Norm,Experiment2 CIT465 #8 norm,,1.03320864560845,0.0224574987195847
Norm,Experiment2 MAL335 #1 norm,,0.973200968179066,0.0115694255422917
Norm,Experiment2 MAL335 #2 norm,,0.954996062806441,0.0131446035681754
Norm,Experiment2 MAL335 #3 norm,,0.979383966938408,0.0130610717368176
Norm,Experiment2 MAL335 #4 norm,,0.981700246842257,0.0114735358417193
Norm,Experiment2 MAL335 #5 norm,,1.01576772013784,0.0150659765801559
Norm,Experiment2 MAL335 #6 norm,,0.9877221855462,1.81925175125287
Norm,Experiment2 MAL335 #7 norm,,0.954584883274378,0.0190490192540364
Norm,Experiment2 MAL335 #8 norm,,1.02582124874336,0.0432601765979877
Norm,Experiment2 ASP334 #1 norm,,0.97438407439695,0.0154813210226205
Norm,Experiment2 ASP334 #2 norm,,0.922294303441732,0.0219139573150417
Norm,Experiment2 ASP334 #3 norm,,0.968884634542024,0.0174892053218536
Norm,Experiment2 ASP334 #4 norm,,0.954359522474729,0.0203962226421365
Norm,Experiment2 ASP334 #5 norm,,1.06268935599465,0.0245602297805442
Norm,Experiment2 ASP334 #6 norm,,0.960129560325137,0.0568552352468174
Norm,Experiment2 ASP334 #7 norm,,0.99967371507396,0.0572810123662217
Norm,Experiment2 ASP334 #8 norm,,0.972766742938271,0.0365472448139052
Norm,Experiment2 GLU348 #1 norm,,1.02577137057309,0.0122290599540077
Norm,Experiment2 GLU348 #2 norm,,1.01805070791082,0.0124516400030452
Norm,Experiment2 GLU348 #3 norm,,0.934270218843405,0.0112591889594628
Norm,Experiment2 GLU348 #4 norm,,0.965215553158356,0.014887282837818
Norm,Experiment2 GLU348 #5 norm,,0.954064855656876,0.0291768737226824
Norm,Experiment2 GLU348 #6 norm,,0.95044971700807,0.0142732944989489
Norm,Experiment2 GLU348 #7 norm,,0.969755163437055,0.0230595298981024
Norm,Experiment2 GLU348 #8 norm,,0.891629930394483,0.0485814245444715
Norm,Experiment2 THR320 #1 norm,,1.02024558662412,0.0104954752035972
Norm,Experiment2 THR320 #2 norm,,1.01214116037953,0.0118468426714543
Norm,Experiment2 THR320 #3 norm,,0.9838957748745,0.0100269025484211
Norm,Experiment2 THR320 #4 norm,,0.993458275636308,0.0113496989062874
Norm,Experiment2 THR320 #5 norm,,1.04928218703214,0.0221936422478598
Norm,Experiment2 THR320 #6 norm,,1.01786396638595,0.0111372950957697
Norm,Experiment2 THR320 #7 norm,,1.02019490460874,0.0173507803534312
Norm,Experiment2 THR320 #8 norm,,0.976884413819112,0.0435809870655289
Norm,Experiment2 ALA116 #1 norm,,1.00593484854894,0.0100605791035755
Norm,Experiment2 ALA116 #2 norm,,0.99039976369783,0.00991517906055549
Norm,Experiment2 ALA116 #3 norm,,1.01382324058678,0.0105807537572719
Norm,Experiment2 ALA116 #4 norm,,1.00371304006709,0.0251246648729022
Norm,Experiment2 ALA116 #5 norm,,1.05489938001874,0.0772612850647324
Norm,Experiment2 ALA116 #6 norm,,0.992813480218991,0.0836536137092295
Norm,Experiment2 ALA116 #7 norm,,1.0038407286372,0.0804004396831011
Norm,Experiment2 ALA116 #8 norm,,0.959899234946486,0.160425580889119
Norm,Experiment2 PYR #1 norm,,0.99874551401894,0.012654140965507
Norm,Experiment2 PYR #2 norm,,0.960914083710125,0.0523843697550038
Norm,Experiment2 PYR #3 norm,,0.878527743008739,0.0653445340509294
Norm,Experiment2 PYR #4 norm,,1.00511397509086,0.0573769456752179
Norm,Experiment2 PYR #5 norm,,0.992400038673313,0.128907148937513
Norm,Experiment2 PYR #6 norm,,1.01469787805679,0.115882736572667
Norm,Experiment2 PYR #7 norm,,1.01683017283807,0.0794289266266614
Norm,Experiment2 PYR #8 norm,,0.978604294837972,0.114143662847248
