type,id,eqn,val,std
Net flux,CO2.t,CO2.t -> CO2,64.2582492891741,1.50693683280694
Net flux,CO2_sink,dummy -> Sink,64.2582492891741,1.50693683280694
Net flux,RUBICSO_CO2,RUBP.p + CO2 -> 3PGA.p + 3PGA.p + dummy,65.4552739718571,1.50947662670905
Net flux,GAPDH.p net,3PGA.p <-> TP.p,133.410840601497,3.00891462036075
Exch flux,GAPDH.p exch,3PGA.p <-> TP.p,27136.9176117477,2358.90632414332
Net flux,ALD,TP.p + E4P.p -> SBP,22.5301590002821,0.50433226326583
Net flux,SBP,SBP -> S7P.p,22.5301590002821,0.50433226326583
Net flux,FBA.p net,TP.p + TP.p <-> FBP.p,29.9108531266465,0.782206479991317
Exch flux,FBA.p exch,TP.p + TP.p <-> FBP.p,16291.707251908,2154.88625781518
Net flux,PFK.p net,FBP.p <-> F6P.p,29.910853126646,0.782206479991317
Exch flux,PFK.p exch,FBP.p <-> F6P.p,9.99991840444636e-08,1.01797087017811e-12
Net flux,TK1 net,TP.p + EC2 <-> X5P.p,45.0603180005642,1.00866452653166
Exch flux,TK1 exch,TP.p + EC2 <-> X5P.p,1.0000000116861e-07,0
Net flux,TK2 net,S7P.p <-> R5P.p + EC2,22.5301590002821,0.50433226326583
Exch flux,TK2 exch,S7P.p <-> R5P.p + EC2,37.7696780659058,4993.59433730989
Net flux,TK3 net,F6P.p <-> E4P.p + EC2,22.5301590002819,0.50433226326583
Exch flux,TK3 exch,F6P.p <-> E4P.p + EC2,8016.20248742642,5093.91272303119
Net flux,PPE net,X5P.p <-> RU5P.p,45.0603180005642,1.00866452653166
Exch flux,PPE exch,X5P.p <-> RU5P.p,73.2318096352871,3349.888211786
Net flux,PPI net,R5P.p <-> RU5P.p,22.5301590002821,0.50433226326583
Exch flux,PPI exch,R5P.p <-> RU5P.p,239.991123323656,5231.40779129971
Net flux,PRK,RU5P.p -> RUBP.p,67.5904770008464,1.51299678984222
Net flux,RUBISCO_O2,RUBP.p -> 3PGA.p + 2PG.p,2.13520302898927,0.0847753090247029
Net flux,GLYdil net,GLY.p <-> GLY.x + dummyGLY,0.0152815795924184,0.00169912857465464
Exch flux,GLYdil exch,GLY.p <-> GLY.x + dummyGLY,1.0000000116861e-07,1.27125850750812e-14
Net flux,SERdil net,SER.p <-> SER.x + dummySER,0.0522532134238389,0.0058099202100594
Exch flux,SERdil exch,SER.p <-> SER.x + dummySER,0.0579632742653899,0.0692190303280086
Net flux,GK,GA.p -> 3PGA.p,1.00460648859657,0.112405605088053
Net flux,PGI.p net,F6P.p <-> G6P.p,7.38069412636353,0.412644838930293
Exch flux,PGI.p exch,F6P.p <-> G6P.p,2.35611662234445,4144.86059527649
Net flux,PGM.p,G6P.p -> ADPG.p,7.38069412636353,0.412644838930293
Net flux,Starch,ADPG.p -> Starch,7.38069412636351,0.412644838930293
Net flux,FBA.c net,TP.c + TP.c <-> FBP.c,2.99932867367899,0.333489416137033
Exch flux,FBA.c exch,TP.c + TP.c <-> FBP.c,21.6720996892238,4144.86058815193
Net flux,PFK.c net,FBP.c <-> F6P.c,2.999328673679,0.333489416137033
Exch flux,PFK.c exch,FBP.c <-> F6P.c,6.81743876941125,19.7609172180705
Net flux,PGI.c net,F6P.c <-> G6P.c,1.49966433683954,0.166744708068516
Exch flux,PGI.c exch,F6P.c <-> G6P.c,228.218114896793,5846.36625646555
Net flux,PGM.c net,G6P.c <-> UDPG.c,1.49966433683585,0.166744708068516
Exch flux,PGM.c exch,G6P.c <-> UDPG.c,48481.8076247346,5854.23750635254
Net flux,SPS,F6P.c + UDPG.c -> S6P,1.49966433683946,0.166744708068516
Net flux,PGAM.c net,3PGA.c <-> PEP.c,0.639516859801726,0.0711066132637591
Exch flux,PGAM.c exch,3PGA.c <-> PEP.c,1.0305604103235,5602.00103634264
Net flux,PK.c,PEP.c -> PYR.c,0.29029002568192,0.0322767731392008
Net flux,PDH,PYR.c + dummy -> ACA + CO2,0.241595924664767,0.0268625724666018
Net flux,CS,OAA + ACA -> CIT,0.241595924664763,0.0268625724666018
Net flux,ACO net,CIT <-> ICI,0.241595924664807,0.0268625724666018
Exch flux,ACO exch,CIT <-> ICI,1176.19132437822,5127.44003861562
Net flux,IDH,ICI + dummy -> AKG + CO2,0.24159592466478,0.0268625724666018
Net flux,MDH net,MAL <-> OAA,7.105427357601e-15,0
Exch flux,MDH exch,MAL <-> OAA,0.299725683526539,0.0652135352254577
Net flux,PPC,PEP.c + CO2 -> OAA + dummy,0.349226834119782,0.0388298401490038
Net flux,T_3PGA net,3PGA.p <-> 3PGA.c,0.639516859801709,0.0711066132637591
Exch flux,T_3PGA exch,3PGA.p <-> 3PGA.c,3.41386740859866,4826.91503463573
Net flux,T_DHAP net,TP.p <-> TP.c,5.99865734735802,0.666978832274066
Exch flux,T_DHAP exch,TP.p <-> TP.c,4.72014773588095,7.18775192829583
Net flux,ALT,PYR.c -> ALA.c,0.0486941010171772,0.00541420066729754
Net flux,ASPT,OAA -> ASP,0.107630909454999,0.0119672676929089
Net flux,GLUDH,AKG -> GLU,0.241595924664757,0.0268625724666018
Net flux,PCR net,GLU <-> PRO,-2.48689957516035e-14,0
Exch flux,PCR exch,GLU <-> PRO,1.0000000116861e-07,0
Net flux,GS net,GLU <-> GLN,0,0
Exch flux,GS exch,GLU <-> GLN,1.00042207407114e-07,0
Net flux,TS net,ASP <-> THR,0,0
Exch flux,TS exch,ASP <-> THR,1.0000000116861e-07,0
Net flux,AS net,ASP <-> ASN,1.06581410364015e-14,0
Exch flux,AS exch,ASP <-> ASN,1.0000000116861e-07,0
Net flux,G_3PGA.p,0*3PGA.p -> 3PGA,2.4686631405757e-06,7128.05516314423
Net flux,G_3PGA.c,0*3PGA.c -> 3PGA,92.9119081396697,4569.92958143057
Net flux,G_DHAP.p,0*TP.p -> TP,40.6853798422419,7717.38856297176
Net flux,G_DHAP.c,0*TP.c -> TP,51.8471856996948,5423.90798079492
Net flux,G_F6P.p,0*F6P.p -> F6P,48.6686345030749,7036.29257667041
Net flux,G_F6P.c,0*F6P.c -> F6P,36.546576817712,4916.02679971305
Net flux,G_FBP.p,0*FBP.p -> FBP,2.46866146369484e-06,7210.56845986716
Net flux,G_FBP.c,0*FBP.c -> FBP,83.451231047086,5220.58276456514
Net flux,G_G6P.p,0*G6P.p -> G6P,19.0549768397257,7058.82202123705
Net flux,G_G6P.c,0*G6P.c -> G6P,58.8549499993083,4624.34566426239
Net flux,G_RU5P.p,0*RU5P.p -> P5P,2.46865389286199e-06,7557.65659078482
Net flux,G_X5P.p,0*X5P.p -> P5P,92.8477691488111,4742.72045816063
Net flux,G_R5P.p,0*R5P.p -> R5P,82.2810779884949,5027.26619728106
Net flux,G_GA.p,0*GA.p -> GA,35.1233532804959,4.3331781349855
Net flux,G_SER.p,0*SER.p -> SER,84.1106022792692,5197.64666957333
Net flux,G_GLY.p,0*GLY.p -> GLY,1.00000022484892e-07,3.89060839994232e-13
Net flux,G_RUBP.p,0*RUBP.p -> RUBP,92.5302752673063,5420.92923819226
Net flux,G_S7P.p,0*S7P.p -> S7P,98.4567310636212,5382.29109417749
Net flux,G_2PG.p,0*2PG.p -> 2PG,87.0427532706349,4780.24855604875
Net flux,G_ADPG.p,0*ADPG.p -> ADPG,95.0805622183481,4922.50202391365
Net flux,G_PEP.c,0*PEP.c -> PEP,89.2305410445615,4937.87126306463
Net flux,G_UDPG.c,0*UDPG.c -> UDPG,72.4268033045549,5073.86549584562
Net flux,G_ALA.c,0*ALA.c -> ALA,68.3302163850473,4.96155870197872
Net flux,(1-G)_GA,0*GA.x -> GA,64.8766467195061,4.3331781349855
Net flux,(1-G)_SER,0*SER.x -> SER,15.8893973010016,5.66584880063974
Net flux,(1-G)_GLY,0*GLY.x -> GLY,53.154046787012,8.71172578393761
Net flux,(1-G)_R5P,0*R5P.x -> R5P,17.718922011502,5027.26619728106
Net flux,(1-G)_RUBP,0*RUBP.x -> RUBP,7.46972473269241,5420.92923819226
Net flux,(1-G)_3PGA,0*3PGA.x -> 3PGA,7.08808939166745,5277.69724322714
Net flux,(1-G)_TP,0*TP.x -> TP,7.46743445806384,5534.51197365011
Net flux,(1-G)_F6P,0*F6P.x -> F6P,14.7847886792169,5028.51295037045
Net flux,(1-G)_FBP,0*FBP.x -> FBP,16.5487664842474,5087.46841300933
Net flux,(1-G)_G6P,0*G6P.x -> G6P,22.0900731609643,5110.53405713013
Net flux,(1-G)_RU5P,0*RU5P.x -> P5P,7.15222838253642,5505.00398958156
Net flux,(1-G)_S7P,0*S7P.x -> S7P,1.5432689363768,5382.29109417749
Net flux,(1-G)_2PG,0*2PG.x -> 2PG,12.9572467293675,4780.24855604875
Net flux,(1-G)_ADPG,0*ADPG.x -> ADPG,4.91943778165087,4922.50202391365
Net flux,(1-G)_PEP,0*PEP.x -> PEP,10.7694589554367,4937.87126306463
Net flux,(1-G)_UDPG,0*UDPG.x -> UDPG,27.5731966954463,5073.86549584562
Net flux,(1-G)_ALA,0*ALA.x -> ALA,31.6697836149525,4.96155870197872
Net flux,PGASink,3PGA -> Sink,100,0
Net flux,DHAPSink,TP -> Sink,100.000000000001,0
Net flux,F6PSink,F6P -> Sink,100.000000000004,0
Net flux,FBPSink,FBP -> Sink,99.9999999999948,0
Net flux,G6PSink,G6P -> Sink,99.9999999999983,0
Net flux,P5PSink,P5P -> Sink,100.000000000001,0
Net flux,R5PSink,R5P -> Sink,99.9999999999968,0
Net flux,GASink,GA -> Sink,100.000000000002,0
Net flux,SERSink,SER -> Sink,99.9999999999996,0
Net flux,GLYSink,GLY -> Sink,100.000000000001,0
Net flux,RUBPSink,RUBP -> Sink,99.9999999999987,0
Net flux,S7PSink,S7P -> Sink,99.9999999999979,0
Net flux,2PGSink,2PG -> Sink,100.000000000002,0
Net flux,ADPGSink,ADPG -> Sink,99.9999999999989,0
Net flux,PEPSink,PEP -> Sink,99.9999999999983,0
Net flux,UDPGSink,UDPG -> Sink,100.000000000001,0
Net flux,ALASink,ALA -> Sink,99.9999999999998,0
Net flux,S6Pout-LL,S6P + 0.1611*GLU + 0.07177*ASP + 0.03247*ALA.c + 0.01019*dummyGLY + 0.03484*dummySER -> Sink,1.4996643368395,0.166744708068516
Net flux,PGP.p,2PG.p -> Glyc.p,2.13520302898929,0.0847753090247029
Net flux,GOX,Glyc.p -> Glyx.p,2.1352030289893,0.0847753090247029
Net flux,GGT,Glyx.p -> GLY.p,2.13520302898929,0.0847753090247029
Net flux,SGAT,SER.p -> HPA.p,1.00460648859656,0.112405605088053
Net flux,HPR.p,HPA.p -> GA.p,1.00460648859655,0.112405605088053
Net flux,T_GLY-m net,GLY.p <-> GLY.m,1.11426920513259,5350.53310411326
Exch flux,T_GLY-m exch,GLY.p <-> GLY.m,30927.0264206671,5229.49907015168
Net flux,GDC.m,GLY.m + dummy -> myTHF.m + CO2,1.06305966747324,0.113339345944554
Net flux,T_SER-m net,SER.p <-> SER.m,-1.06305966747328,0.113339345944554
Exch flux,T_SER-m exch,SER.p <-> SER.m,496.451996223998,5254.14944626851
Net flux,mSHMT,GLY.m + myTHF.m -> SER.m,1.06305966747324,0.113339345944554
Net flux,T_SER-c net,SER.p <-> SER.c,0.00619996545284351,0.209261496355665
Exch flux,T_SER-c exch,SER.p <-> SER.c,0.151397154612121,2862.61162989458
Net flux,T_Gly-c net,GLY.p <-> GLY.c,1.00565224426051,5350.53310405331
Exch flux,T_Gly-c exch,GLY.p <-> GLY.c,0.015562887710638,5350.5330893652
Net flux,cSHMT,SER.c -> GLY.c + meTHF.c,0.00619986545307039,0.209261496664046
Net flux,FmTHF-reductase net,meTHF.c <-> FmTHF.c,0.0061998654530715,0.209261496664046
Exch flux,FmTHF-reductase exch,meTHF.c <-> FmTHF.c,8.60618904278611,5296.05571975744
Net flux,Met-synthase,FmTHF.c + Hcy.c -> Met.c,0.00619986545305073,0.209261496664046
Net flux,SAM-synthase,Met.c -> SAM.c,0.00619986545306006,0.209261496664046
Net flux,Methylation,SAM.c -> SAH.c + Acceptor.c,0.00619986545305518,0.209261496664046
Net flux,hydrolysis,SAH.c -> Hcy.c,0.0061998654530474,0.209261496664046
Net flux,G_SER.m,0*SER.m -> SER,1.0000000116861e-07,0
Net flux,G_SER.c,0*SER.c -> SER,3.19728741260406e-07,5197.64358018052
Net flux,G_Gly.m,0*GLY.m -> GLY,1.0000000116861e-07,7.22144737539314e-14
Net flux,G_Gly.c,0*GLY.c -> GLY,46.8459530129892,8.71172578393761
Net flux,T_GLY-c-m,GLY.c -> GLY.m,1.01185012981015,5350.5330980885
Net flux,G_Glyc,0*Glyc.p -> Glyc,7.05895350024095,1.03407739170986
Net flux,G_Glyx,0*Glyx.p -> Glyx,97.8102190142532,5253.4745138043
Net flux,G_HPA,0*HPA.p -> HPA,4.85797257647977,2.00583467495533
Net flux,(1-G)_Glyc,0*Glyc.x -> Glyc,92.9410464997597,1.03407739170986
Net flux,(1-G)_Glyx,0*Glyx.x -> Glyx,2.18978098574761,5253.4745138043
Net flux,(1-G)_HPA,0*HPA.x -> HPA,95.1420274235201,2.00583467495533
Net flux,GlycSink,Glyc -> Sink,100.000000000001,0
Net flux,GlyxSink,Glyx -> Sink,100.000000000001,0
Net flux,HPASink,HPA -> Sink,99.9999999999998,0
Net flux,SERex,dummySER -> outSER,1.00004398095876e-07,1.42552907745266e-12
Net flux,G_PYR,0*PYR.c -> PYR,38.9644113219649,3.17334456279736
Net flux,(1-G)_PYR,0*PYR.x -> PYR,61.0355886780354,3.17334456279736
Net flux,PYRSink,PYR -> Sink,100,0
Net flux,G_meTHF,0*meTHF.c -> meTHF,99.9990869323013,5238.55870435925
Net flux,G_FmTHF,0*FmTHF.c -> FmTHF,72.6238940976915,5.13532173928524
Net flux,G_Met,0*Met.c -> Met,53.9029324359816,4.97571815464681
Net flux,G_SAM,0*SAM.c -> SAM,57.3020587634772,4.67229439815671
Net flux,(1-G)_meTHF,0*meTHF.x -> meTHF,0.000913067698682823,5238.55870435925
Net flux,(1-G)_FmTHF,0*FmTHF.x -> FmTHF,27.3761059023086,5.13532173928524
Net flux,(1-G)_Met,0*Met.x -> Met,46.0970675640184,4.97571815464681
Net flux,(1-G)_SAM,0*SAM.x -> SAM,42.6979412365228,4.67229439815671
Net flux,meTHFSink,meTHF -> Sink,99.9999999999999,0
Net flux,FmTHFSink,FmTHF -> Sink,100,0
Net flux,MetSink,Met -> Sink,100,0
Net flux,SAMsink,SAM -> Sink,100,0
Net flux,Met-protein,Met.c -> Protein,6.51983996113883e-15,0
Net flux,GLY-protein,GLY.c -> Protein,1.97990346428867e-06,6.9513751330494e-13
Net flux,SER-protein,SER.c -> Protein,9.99997746831127e-08,1.35067981080942e-12
Pool,2PG pool,,0,0
Pool,2PG.p pool,,3.11936733315306e-06,5216.17293826857
Pool,2PG.x pool,,1,Inf
Pool,3PGA pool,,0,0
Pool,3PGA.c pool,,2.65989788108356e-05,5227.94708051945
Pool,3PGA.p pool,,3.98863927495154e-06,5260.31960320907
Pool,3PGA.x pool,,1,Inf
Pool,ACA pool,,2.47086578142148e-06,5189.36975303023
Pool,ADPG pool,,0,0
Pool,ADPG.p pool,,9.9999999999999e-08,Inf
Pool,ADPG.x pool,,1,Inf
Pool,AKG pool,,2.28650350222648e-06,4834.37799854056
Pool,ALA pool,,0,0
Pool,ALA.c pool,,0.00705328977857846,0.00214998416510763
Pool,ALA.x pool,,1,Inf
Pool,ASN pool,,7566.06820167952,4845.4823741439
Pool,ASP pool,,0.0047827801537777,0.00311402099646775
Pool,Acceptor.c pool,,1,Inf
Pool,CIT pool,,4.60971165149333,1.65202473830209
Pool,CO2 pool,,0.000169242764650935,4901.16966578494
Pool,CO2.t pool,,1,Inf
Pool,E4P.p pool,,0,0
Pool,EC2 pool,,0,0
Pool,F6P pool,,0,0
Pool,F6P.c pool,,3.82985779073691e-06,5532.14600401021
Pool,F6P.p pool,,3.76339996388631e-06,4919.83161848039
Pool,F6P.x pool,,1,Inf
Pool,FBP pool,,0,0
Pool,FBP.c pool,,3.82069356061157e-06,5331.48416773078
Pool,FBP.p pool,,3.72900592126053e-06,5216.9553441561
Pool,FBP.x pool,,1,Inf
Pool,FmTHF pool,,3.9003307295083,2.19060878888816
Pool,FmTHF.c pool,,1.10208857876841e-07,5110.01375285597
Pool,FmTHF.x pool,,1,Inf
Pool,G6P pool,,0,0
Pool,G6P.c pool,,9.87590175662859e-06,5137.04688696244
Pool,G6P.p pool,,3.80758023698556e-06,4975.36900069126
Pool,G6P.x pool,,1,Inf
Pool,GA pool,,0,0
Pool,GA.p pool,,2.30744679878404e-06,5217.37441515292
Pool,GA.x pool,,1,Inf
Pool,GLN pool,,8.83867754979527,4941.23513225022
Pool,GLU pool,,2.28651153173014e-06,5291.79714535724
Pool,GLY pool,,0,0
Pool,GLY.c pool,,0.236329527278171,0.0913829007581285
Pool,GLY.m pool,,0.00510907185428341,5283.63239065474
Pool,GLY.p pool,,0.000404600688106352,5083.56036311451
Pool,GLY.x pool,,1,Inf
Pool,Glyc pool,,1.31390117097505,0.830165913302748
Pool,Glyc.p pool,,9.45005275977918e-06,5020.88584384159
Pool,Glyc.x pool,,1,Inf
Pool,Glyx pool,,1080.48806123033,497.116602441327
Pool,Glyx.p pool,,1.11969781778336e-05,4804.35054617437
Pool,Glyx.x pool,,1,Inf
Pool,HPA pool,,0.000178764656217621,5461.00848570437
Pool,HPA.p pool,,1.94812197118835e-06,5223.38923863809
Pool,HPA.x pool,,1,Inf
Pool,Hcy.c pool,,1,Inf
Pool,ICI pool,,0.00388145328281737,5154.26028424638
Pool,MAL pool,,0.814122649005047,0.243982518156389
Pool,Met pool,,0.00136134269716961,5432.36401990181
Pool,Met.c pool,,2.25091627927152e-07,5390.64344173269
Pool,Met.x pool,,1,Inf
Pool,OAA pool,,0.188392829963585,0.0524904222943968
Pool,P5P pool,,0,0
Pool,PEP pool,,0,0
Pool,PEP.c pool,,1.17094852377177e-05,5417.56522500458
Pool,PEP.x pool,,1,Inf
Pool,PRO pool,,5.39499638362286,5318.26055296811
Pool,PYR pool,,1e-07,0
Pool,PYR.c pool,,0.0285231734416547,0.00747986253635932
Pool,PYR.x pool,,1,Inf
Pool,Protein pool,,1,Inf
Pool,R5P pool,,0,0
Pool,R5P.p pool,,2.65134128153746e-05,5409.48031141738
Pool,R5P.x pool,,1,Inf
Pool,RU5P.p pool,,3.71044845160247e-06,5291.20070212694
Pool,RU5P.x pool,,1,Inf
Pool,RUBP pool,,0,0
Pool,RUBP.p pool,,3.7288845350146e-06,5130.92106957335
Pool,RUBP.x pool,,1,Inf
Pool,S6P pool,,1,Inf
Pool,S7P pool,,0,0
Pool,S7P.p pool,,3.84334062729924e-06,5047.16700369643
Pool,S7P.x pool,,1,Inf
Pool,SAH.c pool,,1,Inf
Pool,SAM pool,,3.76738751056806,2.3715613155847
Pool,SAM.c pool,,8.50951425561392e-07,5437.64198082893
Pool,SAM.x pool,,1,Inf
Pool,SBP pool,,0,0
Pool,SER pool,,0,0
Pool,SER.c pool,,1.00494093718511e-07,5190.09494375832
Pool,SER.m pool,,0.356873194813125,0.0656586158339413
Pool,SER.p pool,,0.000916314954135081,5337.10335460379
Pool,SER.x pool,,1,Inf
Pool,Sink pool,,1,Inf
Pool,Starch pool,,1,Inf
Pool,THR pool,,3889.77298401072,5188.09816044531
Pool,TP pool,,0,0
Pool,TP.c pool,,4.17809999820123e-06,5297.76771002125
Pool,TP.p pool,,4.13872267203231e-06,5503.51008689642
Pool,TP.x pool,,1,Inf
Pool,UDPG pool,,0,0
Pool,UDPG.c pool,,1.77479320815079,0.989589172156527
Pool,UDPG.x pool,,1,Inf
Pool,X5P.p pool,,3.81248910429033e-06,5102.38948982802
Pool,dummy pool,,1,Inf
Pool,dummyGLY pool,,1,Inf
Pool,dummySER pool,,1,Inf
Pool,meTHF pool,,0.000785714353519836,5183.93865326719
Pool,meTHF.c pool,,1.09570245622886e-07,4898.44291398092
Pool,meTHF.x pool,,1,Inf
Pool,myTHF.m pool,,1.05486693080915e-05,5256.95393133953
Pool,outSER pool,,1,Inf
Norm,Experiment2 Glyc205 #1 norm,,1.01296408691339,0.0363713148339304
Norm,Experiment2 Glyc205 #2 norm,,0.986391336911589,0.018500015727969
Norm,Experiment2 Glyc205 #3 norm,,1.00326256813046,0.0228536519185748
Norm,Experiment2 Glyc205 #4 norm,,1.0155192809197,0.0217951002203746
Norm,Experiment2 Glyc205 #5 norm,,1.00573554702526,0.0238137830087054
Norm,Experiment2 Glyc205 #6 norm,,0.974484227135262,0.0243450152459673
Norm,Experiment2 Glyc205 #7 norm,,0.988718866849181,0.032876774599171
Norm,Experiment2 Glyc205 #8 norm,,0.924746974052028,0.0929089896880165
Norm,Experiment2 Glyx160 #1 norm,,0.987581966888061,0.0113079555391434
Norm,Experiment2 Glyx160 #2 norm,,1.00053137007398,0.0118060276914705
Norm,Experiment2 Glyx160 #3 norm,,1.00374910154064,0.0126807210127413
Norm,Experiment2 Glyx160 #4 norm,,1.00781261221191,0.0160890628002347
Norm,Experiment2 Glyx160 #5 norm,,0.99887531622043,0.0144494809951508
Norm,Experiment2 Glyx160 #6 norm,,0.978679647640615,0.0206095928445237
Norm,Experiment2 Glyx160 #7 norm,,1.02090159017064,0.0328680002867399
Norm,Experiment2 Glyx160 #8 norm,,0.855410438682005,0.119206376302043
Norm,Experiment2 GLY276 #1 norm,,0.990137224146369,0.0102786618816475
Norm,Experiment2 GLY276 #2 norm,,0.982702777952684,0.019961705247205
Norm,Experiment2 GLY276 #3 norm,,1.00012659670413,0.0179149073562916
Norm,Experiment2 GLY276 #4 norm,,1.01542098442676,0.0179813371692915
Norm,Experiment2 GLY276 #5 norm,,0.962037781777458,0.0371348847097695
Norm,Experiment2 GLY276 #6 norm,,1.01571093541348,0.0879565825094746
Norm,Experiment2 GLY276 #7 norm,,1.05800075385253,0.158074927675721
Norm,Experiment2 GLY276 #8 norm,,0.987260824327214,0.209165396153156
Norm,Experiment2 HPA262 #1 norm,,1.03368542196063,0.0206427794926669
Norm,Experiment2 HPA262 #2 norm,,0.97095128867959,0.024200388351887
Norm,Experiment2 HPA262 #3 norm,,0.95734203271376,0.0229935254909955
Norm,Experiment2 HPA262 #4 norm,,0.950930667481799,0.0292472497124437
Norm,Experiment2 HPA262 #5 norm,,0.979612316550989,0.0220933265106311
Norm,Experiment2 HPA262 #6 norm,,0.912019747178258,0.0262707760765448
Norm,Experiment2 HPA262 #7 norm,,1.01259507757839,0.0249574325894262
Norm,Experiment2 HPA262 #8 norm,,1.00930701950021,0.0410593607870501
Norm,Experiment2 GA307 #1 norm,,0.959533924013544,0.0104511355473626
Norm,Experiment2 GA307 #2 norm,,0.886978399193828,0.0284814736558944
Norm,Experiment2 GA307 #3 norm,,0.886860942138123,0.0214561956466233
Norm,Experiment2 GA307 #4 norm,,0.98066167598373,0.0267952327389224
Norm,Experiment2 GA307 #5 norm,,0.903919707649544,0.075585938277898
Norm,Experiment2 GA307 #6 norm,,0.781981019816035,0.0991734000724663
Norm,Experiment2 GA307 #7 norm,,0.954573915866349,0.0713546217406478
Norm,Experiment2 GA307 #8 norm,,0.982057320669277,0.127331032598291
Norm,Experiment2 SER306 #1 norm,,0.955387460051219,0.0123114411987043
Norm,Experiment2 SER306 #2 norm,,0.985884648890445,0.0359241680049305
Norm,Experiment2 SER306 #3 norm,,0.985740121745134,0.0201167673400367
Norm,Experiment2 SER306 #4 norm,,1.03501331625848,0.0267621565527537
Norm,Experiment2 SER306 #5 norm,,0.961040672719456,0.0554939244196117
Norm,Experiment2 SER306 #6 norm,,1.01797406052801,0.12415667663305
Norm,Experiment2 SER306 #7 norm,,0.995589411714423,0.101041502366437
Norm,Experiment2 SER306 #8 norm,,1.01444454416609,0.108376744885235
Norm,Experiment2 meTHF #1 norm,,0.993299195742208,0.010089045614786
Norm,Experiment2 meTHF #2 norm,,1.01278468783052,0.0149817808929702
Norm,Experiment2 meTHF #3 norm,,0.97039220926317,0.0264976635946935
Norm,Experiment2 meTHF #4 norm,,1.01477953251211,0.0277126030615246
Norm,Experiment2 meTHF #5 norm,,1.00720206152141,0.0883625698633632
Norm,Experiment2 meTHF #6 norm,,1.00209093504124,0.145871474688751
Norm,Experiment2 meTHF #7 norm,,0.998162990006483,0.172828040220225
Norm,Experiment2 meTHF #8 norm,,1.00723801889514,0.0753291314726744
Norm,Experiment2 FmTHF #1 norm,,1.01060017894083,0.0101716038528214
Norm,Experiment2 FmTHF #2 norm,,1.00386714803593,0.0118290200944593
Norm,Experiment2 FmTHF #3 norm,,1.02210835778255,0.0106583340679756
Norm,Experiment2 FmTHF #4 norm,,1.00041854107171,0.0233378322990678
Norm,Experiment2 FmTHF #5 norm,,0.96090043829025,0.0377689716190741
Norm,Experiment2 FmTHF #6 norm,,0.984764367673212,0.0667371256366488
Norm,Experiment2 FmTHF #7 norm,,1.00198344214143,0.0879318407451759
Norm,Experiment2 FmTHF #8 norm,,0.997300985549217,0.0652468997004884
Norm,Experiment2 Met176 #1 norm,,1.02763592974322,0.0254637326563876
Norm,Experiment2 Met176 #2 norm,,0.958238578119542,0.0374002076189984
Norm,Experiment2 Met176 #3 norm,,0.956246438301796,0.0332840685669179
Norm,Experiment2 Met176 #4 norm,,0.823521284786867,0.0958940810938425
Norm,Experiment2 Met176 #5 norm,,0.918977091280822,0.0771936669181126
Norm,Experiment2 Met176 #6 norm,,1.00789335648987,0.0358855402963345
Norm,Experiment2 Met176 #7 norm,,1.00930558080201,0.0640355486518554
Norm,Experiment2 Met176 #8 norm,,0.991557265830791,0.17916926828664
Norm,Experiment2 SAM #1 norm,,0.986579151687503,0.0144032242501464
Norm,Experiment2 SAM #2 norm,,0.96985448275229,0.0217041967176474
Norm,Experiment2 SAM #3 norm,,0.942994950666947,0.0325686872344809
Norm,Experiment2 SAM #4 norm,,1.00738846364465,0.0455761881643996
Norm,Experiment2 SAM #5 norm,,1.00245455777298,0.0251281840732467
Norm,Experiment2 SAM #6 norm,,1.00387787318245,0.0577486406330646
Norm,Experiment2 SAM #7 norm,,1.01090580172736,0.0705679545990536
Norm,Experiment2 SAM #8 norm,,0.998477342957044,0.0662642532325051
Norm,Experiment2 CIT465 #1 norm,,1.01847808631862,0.0128201390100279
Norm,Experiment2 CIT465 #2 norm,,0.965133527264085,0.0100338017118262
Norm,Experiment2 CIT465 #3 norm,,1.02562300267219,0.0134341946386689
Norm,Experiment2 CIT465 #4 norm,,0.966141728699746,0.0125259609100281
Norm,Experiment2 CIT465 #5 norm,,1.03380660263731,0.0167461940769398
Norm,Experiment2 CIT465 #6 norm,,1.01728327220373,0.0117610825311864
Norm,Experiment2 CIT465 #7 norm,,1.01487436558226,0.0152092944164034
Norm,Experiment2 CIT465 #8 norm,,0.998735295876509,0.02095421133485
Norm,Experiment2 MAL335 #1 norm,,0.995143486957701,0.0116153367183899
Norm,Experiment2 MAL335 #2 norm,,0.951879782619752,0.0131019307103261
Norm,Experiment2 MAL335 #3 norm,,0.985784247596111,0.0133305349771068
Norm,Experiment2 MAL335 #4 norm,,1.02852134735902,0.0123834070376139
Norm,Experiment2 MAL335 #5 norm,,0.960216650149399,0.0147427150437538
Norm,Experiment2 MAL335 #6 norm,,0.963456397795902,0.0146464536348374
Norm,Experiment2 MAL335 #7 norm,,0.960974666291994,0.0196827609100172
Norm,Experiment2 MAL335 #8 norm,,1.00289369466004,0.039598562011027
Norm,Experiment2 ASP334 #1 norm,,0.970022760892826,0.0156758994419847
Norm,Experiment2 ASP334 #2 norm,,0.973568665149613,0.0231879221104196
Norm,Experiment2 ASP334 #3 norm,,0.972014049327941,0.0182620207264762
Norm,Experiment2 ASP334 #4 norm,,1.00640805870516,0.0235958062412029
Norm,Experiment2 ASP334 #5 norm,,0.892936782814565,0.0250575662649362
Norm,Experiment2 ASP334 #6 norm,,0.964603314891162,0.057117105730114
Norm,Experiment2 ASP334 #7 norm,,0.988479282440339,0.0615073487814726
Norm,Experiment2 ASP334 #8 norm,,0.980528429567525,0.0366850375412223
Norm,Experiment2 GLU348 #1 norm,,0.959499057318167,0.0112434457033918
Norm,Experiment2 GLU348 #2 norm,,0.977902363779955,0.0122565814825275
Norm,Experiment2 GLU348 #3 norm,,1.01382318999479,0.0119619348951691
Norm,Experiment2 GLU348 #4 norm,,0.98324221370154,0.0152659857455156
Norm,Experiment2 GLU348 #5 norm,,0.970481769217952,0.0297838828630924
Norm,Experiment2 GLU348 #6 norm,,0.978344143394685,0.0153043532618244
Norm,Experiment2 GLU348 #7 norm,,0.922960242004438,0.0217160192069688
Norm,Experiment2 GLU348 #8 norm,,0.932048050352857,0.0578271789812619
Norm,Experiment2 THR320 #1 norm,,0.965070074370995,0.00995082114599753
Norm,Experiment2 THR320 #2 norm,,0.982737192560348,0.0115172874614789
Norm,Experiment2 THR320 #3 norm,,1.00306446214324,0.010353730182754
Norm,Experiment2 THR320 #4 norm,,1.00038217945538,0.0110157184502559
Norm,Experiment2 THR320 #5 norm,,0.960156308428165,0.0197202015220109
Norm,Experiment2 THR320 #6 norm,,0.972154727271726,0.010521490674032
Norm,Experiment2 THR320 #7 norm,,0.932009713761595,0.0133415662582828
Norm,Experiment2 THR320 #8 norm,,0.902363170415973,0.0358971794332301
Norm,Experiment2 ALA116 #1 norm,,1.00509030071215,0.0102155376632145
Norm,Experiment2 ALA116 #2 norm,,1.02335452340202,0.0102107337520215
Norm,Experiment2 ALA116 #3 norm,,1.01606326822957,0.0110259245156252
Norm,Experiment2 ALA116 #4 norm,,0.988292461129158,0.024840821938982
Norm,Experiment2 ALA116 #5 norm,,1.02062744254438,0.0662647671249509
Norm,Experiment2 ALA116 #6 norm,,0.993192563724012,0.0730720456213401
Norm,Experiment2 ALA116 #7 norm,,1.02050784118608,0.0682797382400928
Norm,Experiment2 ALA116 #8 norm,,0.90378565151199,0.139614576859608
Norm,Experiment2 PYR #1 norm,,1.00795158121803,0.0127555986359952
Norm,Experiment2 PYR #2 norm,,0.976941289221144,0.0507843287944153
Norm,Experiment2 PYR #3 norm,,0.880002626524449,0.0598449472884036
Norm,Experiment2 PYR #4 norm,,1.09039418710758,0.0533972177202005
Norm,Experiment2 PYR #5 norm,,1.00969463405511,0.121403982433856
Norm,Experiment2 PYR #6 norm,,0.977241407280714,0.129700332137762
Norm,Experiment2 PYR #7 norm,,1.01975179450536,0.0793620510574957
Norm,Experiment2 PYR #8 norm,,0.977018994061352,0.09489404052684
