type,id,eqn,val,std
Net flux,CO2.t,CO2.t -> CO2,63.5572795112665,1.51680354488016
Net flux,CO2_sink,dummy -> Sink,63.5572795112665,1.51680354488016
Net flux,RUBICSO_CO2,RUBP.p + CO2 -> 3PGA.p + 3PGA.p + dummy,65.1818952803018,1.52275799902253
Net flux,GAPDH.p net,3PGA.p <-> TP.p,132.590721602246,3.03281340372218
Exch flux,GAPDH.p exch,3PGA.p <-> TP.p,68682.2858983761,1967.73764827925
Net flux,ALD,TP.p + E4P.p -> SBP,22.4609872300623,0.508974123485822
Net flux,SBP,SBP -> S7P.p,22.4609872300623,0.508974123485822
Net flux,FBA.p net,TP.p + TP.p <-> FBP.p,29.7223223597903,0.776906537946436
Exch flux,FBA.p exch,TP.p + TP.p <-> FBP.p,32690.2938164468,1711.76968247039
Net flux,PFK.p net,FBP.p <-> F6P.p,29.7223223597975,0.776906537946436
Exch flux,PFK.p exch,FBP.p <-> F6P.p,36829.8105588412,3356.21725777806
Net flux,TK1 net,TP.p + EC2 <-> X5P.p,44.9219744601214,1.01794824697164
Exch flux,TK1 exch,TP.p + EC2 <-> X5P.p,63614.776708175,4261.08290116208
Net flux,TK2 net,S7P.p <-> R5P.p + EC2,22.4609872300623,0.508974123485822
Exch flux,TK2 exch,S7P.p <-> R5P.p + EC2,40.2044364809742,5347.27696778864
Net flux,TK3 net,F6P.p <-> E4P.p + EC2,22.4609872300623,0.508974123485822
Exch flux,TK3 exch,F6P.p <-> E4P.p + EC2,9.99995677375409e-08,3.36441757018506e-13
Net flux,PPE net,X5P.p <-> RU5P.p,44.9219744601214,1.01794824697164
Exch flux,PPE exch,X5P.p <-> RU5P.p,63489.4155188289,3515.92278732949
Net flux,PPI net,R5P.p <-> RU5P.p,22.4609872300624,0.508974123485822
Exch flux,PPI exch,R5P.p <-> RU5P.p,92.3501021789064,5309.16286796081
Net flux,PRK,RU5P.p -> RUBP.p,67.3829616901871,1.52692237045412
Net flux,RUBISCO_O2,RUBP.p -> 3PGA.p + 2PG.p,2.20106640988525,0.0846893369949883
Net flux,GLYdil net,GLY.p <-> GLY.x + dummyGLY,0.0146815359528247,0.00163101105951778
Exch flux,GLYdil exch,GLY.p <-> GLY.x + dummyGLY,1.0000000116861e-07,0
Net flux,SERdil net,SER.p <-> SER.x + dummySER,0.0502014524544236,0.00557700238918745
Exch flux,SERdil exch,SER.p <-> SER.x + dummySER,9.99994824724126e-08,2.36063303618278e-12
Net flux,GK,GA.p -> 3PGA.p,0.640270342420006,0.082143366001948
Net flux,PGI.p net,F6P.p <-> G6P.p,7.2613351297284,0.398448700963024
Exch flux,PGI.p exch,F6P.p <-> G6P.p,1.00006253944684e-07,2.15561651826591e-13
Net flux,PGM.p,G6P.p -> ADPG.p,7.2613351297284,0.398448700963024
Net flux,Starch,ADPG.p -> Starch,7.26133512972838,0.398448700963024
Net flux,FBA.c net,TP.c + TP.c <-> FBP.c,2.88155759623625,0.320119933206932
Exch flux,FBA.c exch,TP.c + TP.c <-> FBP.c,21.1430222061145,3970.09046054352
Net flux,PFK.c net,FBP.c <-> F6P.c,2.88155759623626,0.320119933206932
Exch flux,PFK.c exch,FBP.c <-> F6P.c,8.88814293796228,4946.00867772048
Net flux,PGI.c net,F6P.c <-> G6P.c,1.44077879811815,0.160059966603466
Exch flux,PGI.c exch,F6P.c <-> G6P.c,226.232768989029,5611.24367217335
Net flux,PGM.c net,G6P.c <-> UDPG.c,1.44077879811084,0.160059966603466
Exch flux,PGM.c exch,G6P.c <-> UDPG.c,48481.2994286685,5564.95630370074
Net flux,SPS,F6P.c + UDPG.c -> S6P,1.44077879811809,0.160059966603466
Net flux,PGAM.c net,3PGA.c <-> PEP.c,0.614405710669681,0.0682559721793744
Exch flux,PGAM.c exch,3PGA.c <-> PEP.c,0.400585784033239,5498.8865396623
Net flux,PK.c,PEP.c -> PYR.c,0.278891551951724,0.0309828077314384
Net flux,PDH,PYR.c + dummy -> ACA + CO2,0.232109464376623,0.0257856606179545
Net flux,CS,OAA + ACA -> CIT,0.232109464376619,0.0257856606179545
Net flux,ACO net,CIT <-> ICI,0.232109464376663,0.0257856606179545
Exch flux,ACO exch,CIT <-> ICI,1165.30438374491,5621.35903477003
Net flux,IDH,ICI + dummy -> AKG + CO2,0.232109464376635,0.0257856606179545
Net flux,MDH net,MAL <-> OAA,7.105427357601e-15,0
Exch flux,MDH exch,MAL <-> OAA,0.218615575437511,0.0625911847162591
Net flux,PPC,PEP.c + CO2 -> OAA + dummy,0.335514158717934,0.0372731644327327
Net flux,T_3PGA net,3PGA.p <-> 3PGA.c,0.614405710669658,0.0682559721793744
Exch flux,T_3PGA exch,3PGA.p <-> 3PGA.c,1.0000000116861e-07,0
Net flux,T_DHAP net,TP.p <-> TP.c,5.76311519247255,0.640239866413864
Exch flux,T_DHAP exch,TP.p <-> TP.c,1.98684975343643,1.21832003033214
Net flux,ALT,PYR.c -> ALA.c,0.0467820875748411,0.00519714711753025
Net flux,ASPT,OAA -> ASP,0.103404694341068,0.0114875038018612
Net flux,GLUDH,AKG -> GLU,0.232109464376612,0.0257856606179545
Net flux,PCR net,GLU <-> PRO,-2.48689957516035e-14,0
Exch flux,PCR exch,GLU <-> PRO,1.0000000116861e-07,0
Net flux,GS net,GLU <-> GLN,0,0
Exch flux,GS exch,GLU <-> GLN,1.00043223483226e-07,0
Net flux,TS net,ASP <-> THR,0,0
Exch flux,TS exch,ASP <-> THR,1.0000000116861e-07,0
Net flux,AS net,ASP <-> ASN,1.06581410364015e-14,0
Exch flux,AS exch,ASP <-> ASN,1.0000000116861e-07,0
Net flux,G_3PGA.p,0*3PGA.p -> 3PGA,2.46866312636485e-06,6946.56122157003
Net flux,G_3PGA.c,0*3PGA.c -> 3PGA,92.9119081391839,4919.39341245347
Net flux,G_DHAP.p,0*TP.p -> TP,40.6853798422419,7604.83990446236
Net flux,G_DHAP.c,0*TP.c -> TP,51.8471856996948,5317.22537808875
Net flux,G_F6P.p,0*F6P.p -> F6P,48.6686345030748,7009.52423814071
Net flux,G_F6P.c,0*F6P.c -> F6P,36.546576817712,4744.88371634251
Net flux,G_FBP.p,0*FBP.p -> FBP,2.46866144948399e-06,7197.79707767605
Net flux,G_FBP.c,0*FBP.c -> FBP,83.4512310510648,5008.86192415241
Net flux,G_G6P.p,0*G6P.p -> G6P,19.0549768397257,7560.08681834252
Net flux,G_G6P.c,0*G6P.c -> G6P,58.8549499993082,5065.75477119841
Net flux,G_RU5P.p,0*RU5P.p -> P5P,2.46865385022943e-06,7567.48646221229
Net flux,G_X5P.p,0*X5P.p -> P5P,92.8477691496054,5060.76006694595
Net flux,G_R5P.p,0*R5P.p -> R5P,82.2810779884949,5548.70160491791
Net flux,G_GA.p,0*GA.p -> GA,39.2205027109312,4.83589517156031
Net flux,G_SER.p,0*SER.p -> SER,76.6599194080139,5222.12108780095
Net flux,G_GLY.p,0*GLY.p -> GLY,1.00000008274037e-07,1.88858209888689e-12
Net flux,G_RUBP.p,0*RUBP.p -> RUBP,92.5302752673063,5151.00661562098
Net flux,G_S7P.p,0*S7P.p -> S7P,98.4567310636212,5237.27814575421
Net flux,G_2PG.p,0*2PG.p -> 2PG,87.0427532706349,5645.90765833495
Net flux,G_ADPG.p,0*ADPG.p -> ADPG,95.0805622183481,5476.92308282443
Net flux,G_PEP.c,0*PEP.c -> PEP,89.2305410445615,5499.85011721921
Net flux,G_UDPG.c,0*UDPG.c -> UDPG,72.4268033045549,5620.13582771618
Net flux,G_ALA.c,0*ALA.c -> ALA,66.5506226005968,5.28115733678458
Net flux,(1-G)_GA,0*GA.x -> GA,60.7794972890707,4.83589517156031
Net flux,(1-G)_SER,0*SER.x -> SER,23.3400703215163,4.67683347018884
Net flux,(1-G)_GLY,0*GLY.x -> GLY,54.1694327072934,5.6020951990807
Net flux,(1-G)_R5P,0*R5P.x -> R5P,17.718922011502,5548.70160491791
Net flux,(1-G)_RUBP,0*RUBP.x -> RUBP,7.46972473269241,5151.00661562098
Net flux,(1-G)_3PGA,0*3PGA.x -> 3PGA,7.08808939215323,4857.96340415365
Net flux,(1-G)_TP,0*TP.x -> TP,7.46743445806384,5346.65296267704
Net flux,(1-G)_F6P,0*F6P.x -> F6P,14.7847886792169,5413.23687279066
Net flux,(1-G)_FBP,0*FBP.x -> FBP,16.5487664802686,5279.7165673996
Net flux,(1-G)_G6P,0*G6P.x -> G6P,22.0900731609643,5503.94466821646
Net flux,(1-G)_RU5P,0*RU5P.x -> P5P,7.15222838174213,5545.03666220037
Net flux,(1-G)_S7P,0*S7P.x -> S7P,1.5432689363768,5237.27814575421
Net flux,(1-G)_2PG,0*2PG.x -> 2PG,12.9572467293675,5645.90765833495
Net flux,(1-G)_ADPG,0*ADPG.x -> ADPG,4.91943778165087,5476.92308282443
Net flux,(1-G)_PEP,0*PEP.x -> PEP,10.7694589554367,5499.85011721921
Net flux,(1-G)_UDPG,0*UDPG.x -> UDPG,27.5731966954463,5620.13582771618
Net flux,(1-G)_ALA,0*ALA.x -> ALA,33.449377399403,5.28115733678458
Net flux,PGASink,3PGA -> Sink,100,0
Net flux,DHAPSink,TP -> Sink,100.000000000001,0
Net flux,F6PSink,F6P -> Sink,100.000000000004,0
Net flux,FBPSink,FBP -> Sink,99.9999999999948,0
Net flux,G6PSink,G6P -> Sink,99.9999999999983,0
Net flux,P5PSink,P5P -> Sink,100.000000000001,0
Net flux,R5PSink,R5P -> Sink,99.9999999999968,0
Net flux,GASink,GA -> Sink,100.000000000002,0
Net flux,SERSink,SER -> Sink,99.9999999999996,0
Net flux,GLYSink,GLY -> Sink,100.000000000001,0
Net flux,RUBPSink,RUBP -> Sink,99.9999999999987,0
Net flux,S7PSink,S7P -> Sink,99.9999999999979,0
Net flux,2PGSink,2PG -> Sink,100.000000000002,0
Net flux,ADPGSink,ADPG -> Sink,99.9999999999989,0
Net flux,PEPSink,PEP -> Sink,99.9999999999983,0
Net flux,UDPGSink,UDPG -> Sink,100.000000000001,0
Net flux,ALASink,ALA -> Sink,99.9999999999998,0
Net flux,S6Pout-LL,S6P + 0.1611*GLU + 0.07177*ASP + 0.03247*ALA.c + 0.01019*dummyGLY + 0.03484*dummySER -> Sink,1.44077879811813,0.160059966603466
Net flux,PGP.p,2PG.p -> Glyc.p,2.20106640988527,0.0846893369949883
Net flux,GOX,Glyc.p -> Glyx.p,2.20106640988529,0.0846893369949883
Net flux,GGT,Glyx.p -> GLY.p,2.20106640988528,0.0846893369949883
Net flux,SGAT,SER.p -> HPA.p,0.640270342419995,0.082143366001948
Net flux,HPR.p,HPA.p -> GA.p,0.640270342419989,0.082143366001948
Net flux,T_GLY-m net,GLY.p <-> GLY.m,2.1536213200161,5437.58514654509
Exch flux,T_GLY-m exch,GLY.p <-> GLY.m,23046.7560738426,5278.76883420826
Net flux,GDC.m,GLY.m + dummy -> myTHF.m + CO2,1.49591099899939,0.0928050669494128
Net flux,T_SER-m net,SER.p <-> SER.m,-1.49591099899931,0.0928050669494128
Exch flux,T_SER-m exch,SER.p <-> SER.m,1908.38819064662,5427.8501807282
Net flux,mSHMT,GLY.m + myTHF.m -> SER.m,1.49591099899939,0.0928050669494128
Net flux,T_SER-c net,SER.p <-> SER.c,0.805439204124967,0.152979077645897
Exch flux,T_SER-c exch,SER.p <-> SER.c,0.0404072579920287,0.167254285218222
Net flux,T_Gly-c net,GLY.p <-> GLY.c,0.0327635539154807,5437.58514589167
Exch flux,T_Gly-c exch,GLY.p <-> GLY.c,6.54833471851468e-05,5437.58514578035
Net flux,cSHMT,SER.c -> GLY.c + meTHF.c,0.805439104124898,0.152979077894409
Net flux,FmTHF-reductase net,meTHF.c <-> FmTHF.c,0.8054391041249,0.152979077894409
Exch flux,FmTHF-reductase exch,meTHF.c <-> FmTHF.c,10.2765485463682,5408.03356379126
Net flux,Met-synthase,FmTHF.c + Hcy.c -> Met.c,0.805439104124879,0.152979077894409
Net flux,SAM-synthase,Met.c -> SAM.c,0.805439104124888,0.152979077894409
Net flux,Methylation,SAM.c -> SAH.c + Acceptor.c,0.805439104124883,0.152979077894409
Net flux,hydrolysis,SAH.c -> Hcy.c,0.805439104124875,0.152979077894409
Net flux,G_SER.m,0*SER.m -> SER,1.0000000116861e-07,0
Net flux,G_SER.c,0*SER.c -> SER,1.01704693094007e-05,5222.11899354804
Net flux,G_Gly.m,0*GLY.m -> GLY,1.0000000116861e-07,3.5911519538872e-13
Net flux,G_Gly.c,0*GLY.c -> GLY,45.8305670927078,5.6020951990807
Net flux,T_GLY-c-m,GLY.c -> GLY.m,0.838200677981835,5437.58514822981
Net flux,G_Glyc,0*Glyc.p -> Glyc,12.5622935376322,2.39197904130849
Net flux,G_Glyx,0*Glyx.p -> Glyx,5.3017988069801,2.14238543886565
Net flux,G_HPA,0*HPA.p -> HPA,6.55604589654178,1.9223290790871
Net flux,(1-G)_Glyc,0*Glyc.x -> Glyc,87.4377064623684,2.39197904130849
Net flux,(1-G)_Glyx,0*Glyx.x -> Glyx,94.6982011930208,2.14238543886565
Net flux,(1-G)_HPA,0*HPA.x -> HPA,93.4439541034581,1.9223290790871
Net flux,GlycSink,Glyc -> Sink,100.000000000001,0
Net flux,GlyxSink,Glyx -> Sink,100.000000000001,0
Net flux,HPASink,HPA -> Sink,99.9999999999998,0
Net flux,SERex,dummySER -> outSER,9.99850384708623e-08,2.60122443322618e-12
Net flux,G_PYR,0*PYR.c -> PYR,44.8561475682376,2.8737302587045
Net flux,(1-G)_PYR,0*PYR.x -> PYR,55.1438524317626,2.8737302587045
Net flux,PYRSink,PYR -> Sink,100,0
Net flux,G_meTHF,0*meTHF.c -> meTHF,99.9999998999999,0
Net flux,G_FmTHF,0*FmTHF.c -> FmTHF,84.6526567093341,5.97905427891785
Net flux,G_Met,0*Met.c -> Met,56.9232380754389,5.20939277230146
Net flux,G_SAM,0*SAM.c -> SAM,63.6925727107001,5.20174521309643
Net flux,(1-G)_meTHF,0*meTHF.x -> meTHF,1.0000000116861e-07,0
Net flux,(1-G)_FmTHF,0*FmTHF.x -> FmTHF,15.347343290666,5.97905427891785
Net flux,(1-G)_Met,0*Met.x -> Met,43.0767619245611,5.20939277230146
Net flux,(1-G)_SAM,0*SAM.x -> SAM,36.3074272892999,5.20174521309643
Net flux,meTHFSink,meTHF -> Sink,99.9999999999999,0
Net flux,FmTHFSink,FmTHF -> Sink,100,0
Net flux,MetSink,Met -> Sink,100,0
Net flux,SAMsink,SAM -> Sink,100,0
Net flux,Met-protein,Met.c -> Protein,6.51983996113883e-15,0
Net flux,GLY-protein,GLY.c -> Protein,1.98005857132699e-06,3.12948385046238e-13
Net flux,SER-protein,SER.c -> Protein,1.00000070446526e-07,6.57464550730651e-13
Pool,2PG pool,,0,0
Pool,2PG.p pool,,2.91337676439902e-07,5414.87090823813
Pool,2PG.x pool,,1,Inf
Pool,3PGA pool,,0,0
Pool,3PGA.c pool,,0.0250947658173095,0.00653446394720184
Pool,3PGA.p pool,,1.14173179084377e-06,5447.41965004428
Pool,3PGA.x pool,,1,Inf
Pool,ACA pool,,3.42504902336862e-06,5201.51740872475
Pool,ADPG pool,,0,0
Pool,ADPG.p pool,,9.9999999999999e-08,Inf
Pool,ADPG.x pool,,1,Inf
Pool,AKG pool,,2.64635782631422e-06,5501.31533109131
Pool,ALA pool,,0,0
Pool,ALA.c pool,,0.00707498595334352,0.00198083358878927
Pool,ALA.x pool,,1,Inf
Pool,ASN pool,,7566.06819316981,5265.14077632806
Pool,ASP pool,,0.0550335871258703,0.0129366290645678
Pool,Acceptor.c pool,,1,Inf
Pool,CIT pool,,9.10136231406135,7.35674368138065
Pool,CO2 pool,,3.45096928360836e-06,5609.64704874862
Pool,CO2.t pool,,1,Inf
Pool,E4P.p pool,,0,0
Pool,EC2 pool,,0,0
Pool,F6P pool,,0,0
Pool,F6P.c pool,,3.83032493844018e-06,5381.33661607166
Pool,F6P.p pool,,6.22335169282075e-07,5553.65408790185
Pool,F6P.x pool,,1,Inf
Pool,FBP pool,,0,0
Pool,FBP.c pool,,3.49988802471172e-06,5351.37490201512
Pool,FBP.p pool,,6.20149936423426e-07,5144.7737720014
Pool,FBP.x pool,,1,Inf
Pool,FmTHF pool,,11.1518470590136,4.8824029527978
Pool,FmTHF.c pool,,1.53380076347269e-06,5585.27717356351
Pool,FmTHF.x pool,,1,Inf
Pool,G6P pool,,0,0
Pool,G6P.c pool,,9.87650159144738e-06,5512.66672357725
Pool,G6P.p pool,,3.54482332220893e-06,5666.34196654384
Pool,G6P.x pool,,1,Inf
Pool,GA pool,,0,0
Pool,GA.p pool,,1.19402650918106e-07,5357.93586601957
Pool,GA.x pool,,1,Inf
Pool,GLN pool,,8.83867754953167,5402.66598638984
Pool,GLU pool,,2.64649697827306e-06,5591.28949450299
Pool,GLY pool,,0,0
Pool,GLY.c pool,,1e-07,0
Pool,GLY.m pool,,9.99999999994061e-08,0
Pool,GLY.p pool,,1.00000000000002e-07,0
Pool,GLY.x pool,,1,Inf
Pool,Glyc pool,,13.2128981184984,5.84567503375996
Pool,Glyc.p pool,,3.04257965458235e-07,5404.59614607515
Pool,Glyc.x pool,,1,Inf
Pool,Glyx pool,,15.4246887014024,12.6513582818014
Pool,Glyx.p pool,,7.04876525771831e-07,5352.96279776598
Pool,Glyx.x pool,,1,Inf
Pool,HPA pool,,0.00011152020249214,5272.39934961409
Pool,HPA.p pool,,1.10395654284142e-07,5417.31259421528
Pool,HPA.x pool,,1,Inf
Pool,Hcy.c pool,,1,Inf
Pool,ICI pool,,0.00370180691740458,5218.79304184476
Pool,MAL pool,,0.984337022619257,0.234946599703203
Pool,Met pool,,4.33117336666817e-05,5557.99498461254
Pool,Met.c pool,,2.40905666066868e-07,5649.73600650094
Pool,Met.x pool,,1,Inf
Pool,OAA pool,,1e-07,0
Pool,P5P pool,,0,0
Pool,PEP pool,,0,0
Pool,PEP.c pool,,1.00000000000002e-07,0
Pool,PEP.x pool,,1,Inf
Pool,PRO pool,,5.39499638335948,5591.9333719294
Pool,PYR pool,,1e-07,0
Pool,PYR.c pool,,0.0123495839574154,0.00438926073796026
Pool,PYR.x pool,,1,Inf
Pool,Protein pool,,1,Inf
Pool,R5P pool,,0,0
Pool,R5P.p pool,,1.00000000000273e-07,0
Pool,R5P.x pool,,1,Inf
Pool,RU5P.p pool,,6.78150610097262e-07,5182.61370593103
Pool,RU5P.x pool,,1,Inf
Pool,RUBP pool,,0,0
Pool,RUBP.p pool,,6.57812734336373e-07,5531.58010045502
Pool,RUBP.x pool,,1,Inf
Pool,S6P pool,,1,Inf
Pool,S7P pool,,0,0
Pool,S7P.p pool,,4.69029591435532e-07,5425.6998933073
Pool,S7P.x pool,,1,Inf
Pool,SAH.c pool,,1,Inf
Pool,SAM pool,,8.73886305941294,3.74838797702281
Pool,SAM.c pool,,6.63656702835827e-07,5648.47227252628
Pool,SAM.x pool,,1,Inf
Pool,SBP pool,,0,0
Pool,SER pool,,0,0
Pool,SER.c pool,,1e-07,0
Pool,SER.m pool,,0.565582690488328,0.0544621526419986
Pool,SER.p pool,,0.000217256657570491,5478.4699772482
Pool,SER.x pool,,1,Inf
Pool,Sink pool,,1,Inf
Pool,Starch pool,,1,Inf
Pool,THR pool,,3549.81947908545,5186.98980486919
Pool,TP pool,,0,0
Pool,TP.c pool,,3.82290680593885e-06,5208.13776023066
Pool,TP.p pool,,1.15079440194997e-06,5594.63026393074
Pool,TP.x pool,,1,Inf
Pool,UDPG pool,,0,0
Pool,UDPG.c pool,,2.02085730356403,2.27072895607099
Pool,UDPG.x pool,,1,Inf
Pool,X5P.p pool,,6.79674589715012e-07,5762.71503918682
Pool,dummy pool,,1,Inf
Pool,dummyGLY pool,,1,Inf
Pool,dummySER pool,,1,Inf
Pool,meTHF pool,,1.61701152671252,1.25569174453989
Pool,meTHF.c pool,,1.91186655058169e-06,5608.48290259333
Pool,meTHF.x pool,,1,Inf
Pool,myTHF.m pool,,1.00000000002876e-07,0
Pool,outSER pool,,1,Inf
Norm,Experiment2 Glyc205 #1 norm,,0.971771650433453,0.0375453201645646
Norm,Experiment2 Glyc205 #2 norm,,0.963302511667506,0.0149615886094229
Norm,Experiment2 Glyc205 #3 norm,,0.938802219169766,0.020605484032908
Norm,Experiment2 Glyc205 #4 norm,,1.00523897605707,0.022288855662581
Norm,Experiment2 Glyc205 #5 norm,,1.01908618760493,0.0246339971571595
Norm,Experiment2 Glyc205 #6 norm,,0.979596171339275,0.0246494364224536
Norm,Experiment2 Glyc205 #7 norm,,1.00435506887894,0.0352997018323395
Norm,Experiment2 Glyc205 #8 norm,,0.939668040204559,0.0965923128137479
Norm,Experiment2 Glyx160 #1 norm,,0.97568605907391,0.0110681330494828
Norm,Experiment2 Glyx160 #2 norm,,0.996786462432376,0.0119881871268122
Norm,Experiment2 Glyx160 #3 norm,,0.999763602130926,0.0132793765594984
Norm,Experiment2 Glyx160 #4 norm,,0.984894899048833,0.016587687061635
Norm,Experiment2 Glyx160 #5 norm,,0.970370912890572,0.0155203462582789
Norm,Experiment2 Glyx160 #6 norm,,0.998712062967047,0.0209786796781215
Norm,Experiment2 Glyx160 #7 norm,,1.01492999564939,0.0340563020247533
Norm,Experiment2 Glyx160 #8 norm,,0.893745121398582,0.113619503815683
Norm,Experiment2 GLY276 #1 norm,,1.02887735029825,0.0108328131905139
Norm,Experiment2 GLY276 #2 norm,,0.969640961085184,0.0234578095743517
Norm,Experiment2 GLY276 #3 norm,,1.00063337405427,0.020319011774779
Norm,Experiment2 GLY276 #4 norm,,1.03050686705323,0.0196129843301638
Norm,Experiment2 GLY276 #5 norm,,0.983315732721318,0.0360335024128531
Norm,Experiment2 GLY276 #6 norm,,1.05600732181025,0.0866127536826406
Norm,Experiment2 GLY276 #7 norm,,1.06231530392049,0.147603101612151
Norm,Experiment2 GLY276 #8 norm,,0.975395040208734,0.153269824594651
Norm,Experiment2 HPA262 #1 norm,,1.01253996900927,0.0203987003405157
Norm,Experiment2 HPA262 #2 norm,,0.998908583482145,0.0246079111458929
Norm,Experiment2 HPA262 #3 norm,,0.912738132323174,0.0220488999215831
Norm,Experiment2 HPA262 #4 norm,,1.00852323367818,0.0306564447079202
Norm,Experiment2 HPA262 #5 norm,,1.00640957146678,0.0229749561874049
Norm,Experiment2 HPA262 #6 norm,,0.97124055249353,0.0280463113852542
Norm,Experiment2 HPA262 #7 norm,,1.00363759428707,0.0235503539405147
Norm,Experiment2 HPA262 #8 norm,,1.00700734433864,0.0400889620337211
Norm,Experiment2 GA307 #1 norm,,0.986422082944428,0.01087501994819
Norm,Experiment2 GA307 #2 norm,,0.895257703037593,0.0298797772559467
Norm,Experiment2 GA307 #3 norm,,0.922920971363819,0.0222210185776981
Norm,Experiment2 GA307 #4 norm,,0.980153170717561,0.0256848593092007
Norm,Experiment2 GA307 #5 norm,,0.957422855636691,0.0724382111913217
Norm,Experiment2 GA307 #6 norm,,0.870504548389227,0.0857611563823481
Norm,Experiment2 GA307 #7 norm,,0.8920104559264,0.0729525959518237
Norm,Experiment2 GA307 #8 norm,,0.990138757480626,0.170246193516699
Norm,Experiment2 SER306 #1 norm,,1.00867107742232,0.0131827825953417
Norm,Experiment2 SER306 #2 norm,,0.948512519562002,0.035773706036109
Norm,Experiment2 SER306 #3 norm,,0.993672814521517,0.0197310704194825
Norm,Experiment2 SER306 #4 norm,,1.01441443815509,0.0253693494696144
Norm,Experiment2 SER306 #5 norm,,0.932510587475758,0.0500563198856529
Norm,Experiment2 SER306 #6 norm,,0.978851389585526,0.107892940337073
Norm,Experiment2 SER306 #7 norm,,1.01184614786639,0.0954447597180334
Norm,Experiment2 SER306 #8 norm,,1.02273081621886,0.0958105246418181
Norm,Experiment2 meTHF #1 norm,,0.984812356291416,0.00978263866014742
Norm,Experiment2 meTHF #2 norm,,1.02521008698689,0.014831804934174
Norm,Experiment2 meTHF #3 norm,,0.966874306550863,0.0297229110418929
Norm,Experiment2 meTHF #4 norm,,0.996929863617247,0.0301315907503764
Norm,Experiment2 meTHF #5 norm,,0.990350887720759,0.0858123128488777
Norm,Experiment2 meTHF #6 norm,,1.02647579769695,0.14322567724093
Norm,Experiment2 meTHF #7 norm,,0.970567417764689,0.242373949116852
Norm,Experiment2 meTHF #8 norm,,1.04980481138375,0.0677943255150202
Norm,Experiment2 FmTHF #1 norm,,0.99954449873362,0.00979964538242968
Norm,Experiment2 FmTHF #2 norm,,0.991545479910093,0.0114455801380133
Norm,Experiment2 FmTHF #3 norm,,1.01664582008896,0.0103065660958422
Norm,Experiment2 FmTHF #4 norm,,1.02698484965745,0.0224820697460314
Norm,Experiment2 FmTHF #5 norm,,0.989990750400018,0.0419640286966282
Norm,Experiment2 FmTHF #6 norm,,0.97062326957328,0.0796432114417292
Norm,Experiment2 FmTHF #7 norm,,0.987670091195972,0.108040798783669
Norm,Experiment2 FmTHF #8 norm,,0.994247487824453,0.0671138822341921
Norm,Experiment2 Met176 #1 norm,,0.999642572277777,0.0234711115534393
Norm,Experiment2 Met176 #2 norm,,0.972096868969911,0.0372808755686949
Norm,Experiment2 Met176 #3 norm,,0.956592155770691,0.034692287312387
Norm,Experiment2 Met176 #4 norm,,0.830598017367843,0.0763427421768016
Norm,Experiment2 Met176 #5 norm,,0.930424354091374,0.0689228527236153
Norm,Experiment2 Met176 #6 norm,,1.01026017912135,0.0333839929183097
Norm,Experiment2 Met176 #7 norm,,1.00543622643817,0.0641987917480199
Norm,Experiment2 Met176 #8 norm,,0.996877540417972,0.173095464266934
Norm,Experiment2 SAM #1 norm,,0.992399992160642,0.0145804312889935
Norm,Experiment2 SAM #2 norm,,0.952294656179032,0.0213295336609532
Norm,Experiment2 SAM #3 norm,,0.923487317137992,0.0322577956584291
Norm,Experiment2 SAM #4 norm,,0.997372387500804,0.0444807374601979
Norm,Experiment2 SAM #5 norm,,0.996542789284173,0.024844670808209
Norm,Experiment2 SAM #6 norm,,1.02501072778322,0.0569180545286111
Norm,Experiment2 SAM #7 norm,,0.999762905732705,0.0707743297363083
Norm,Experiment2 SAM #8 norm,,1.000085988043,0.071978615875395
Norm,Experiment2 CIT465 #1 norm,,1.00242678498493,0.01301387318074
Norm,Experiment2 CIT465 #2 norm,,0.990997585918507,0.0104873734144286
Norm,Experiment2 CIT465 #3 norm,,1.02596195277978,0.0133263747176794
Norm,Experiment2 CIT465 #4 norm,,0.951981373627913,0.0122738824276147
Norm,Experiment2 CIT465 #5 norm,,0.989400177734647,0.016140204273704
Norm,Experiment2 CIT465 #6 norm,,1.02103657299048,0.0116917186344024
Norm,Experiment2 CIT465 #7 norm,,0.977748819531904,0.0159889751190722
Norm,Experiment2 CIT465 #8 norm,,0.995155120107596,0.0239693749109883
Norm,Experiment2 MAL335 #1 norm,,0.983348850896874,0.0114714070014159
Norm,Experiment2 MAL335 #2 norm,,1.07422276328789,0.0148694630532332
Norm,Experiment2 MAL335 #3 norm,,0.994651324603942,0.0129805293483074
Norm,Experiment2 MAL335 #4 norm,,0.956890231311351,0.011362862786658
Norm,Experiment2 MAL335 #5 norm,,0.996563789929615,0.0150927601944978
Norm,Experiment2 MAL335 #6 norm,,1.00376008900211,0.015637124312853
Norm,Experiment2 MAL335 #7 norm,,0.989522199788453,0.0208198679780771
Norm,Experiment2 MAL335 #8 norm,,0.989247947767632,0.0381425362876053
Norm,Experiment2 ASP334 #1 norm,,0.989414732012003,0.015693060741475
Norm,Experiment2 ASP334 #2 norm,,0.984926480756556,0.0234896925109229
Norm,Experiment2 ASP334 #3 norm,,0.965819443672645,0.0173972377091203
Norm,Experiment2 ASP334 #4 norm,,1.00848867023673,0.0223981666464417
Norm,Experiment2 ASP334 #5 norm,,0.945941764643286,0.0224800658212332
Norm,Experiment2 ASP334 #6 norm,,0.924563342687711,0.0550101204254113
Norm,Experiment2 ASP334 #7 norm,,1.04953262803066,0.0647865589717004
Norm,Experiment2 ASP334 #8 norm,,0.974843462271611,0.0393049566323638
Norm,Experiment2 GLU348 #1 norm,,0.96932564109002,0.0114679439118986
Norm,Experiment2 GLU348 #2 norm,,1.03312311785176,0.0126571889505563
Norm,Experiment2 GLU348 #3 norm,,1.02103054733281,0.012130174786802
Norm,Experiment2 GLU348 #4 norm,,1.0165692625557,0.0157087707853163
Norm,Experiment2 GLU348 #5 norm,,0.961130537273138,0.0298504209928753
Norm,Experiment2 GLU348 #6 norm,,0.949189502682863,0.0145361314438664
Norm,Experiment2 GLU348 #7 norm,,0.981900414392972,0.0233171402642932
Norm,Experiment2 GLU348 #8 norm,,0.976072799441502,0.0580465019554146
Norm,Experiment2 THR320 #1 norm,,1.0146904341935,0.0102126203646452
Norm,Experiment2 THR320 #2 norm,,0.963804814236533,0.0113175882433999
Norm,Experiment2 THR320 #3 norm,,1.00117985789404,0.0102208681627855
Norm,Experiment2 THR320 #4 norm,,0.997699487258535,0.011205120270042
Norm,Experiment2 THR320 #5 norm,,0.927864705443799,0.0194462488190538
Norm,Experiment2 THR320 #6 norm,,0.992235689192975,0.0107758046646954
Norm,Experiment2 THR320 #7 norm,,0.964148499481095,0.0133244491094183
Norm,Experiment2 THR320 #8 norm,,0.93840987151513,0.0381032188991254
Norm,Experiment2 ALA116 #1 norm,,1.01824090424466,0.0102234849756956
Norm,Experiment2 ALA116 #2 norm,,0.988244462904675,0.00984462969358007
Norm,Experiment2 ALA116 #3 norm,,1.02369980594556,0.0105492360025806
Norm,Experiment2 ALA116 #4 norm,,0.996717590877258,0.0250287280361099
Norm,Experiment2 ALA116 #5 norm,,1.10240567141245,0.0776867143940565
Norm,Experiment2 ALA116 #6 norm,,0.98770341436259,0.0718073667494644
Norm,Experiment2 ALA116 #7 norm,,1.00655173970783,0.0689213179635962
Norm,Experiment2 ALA116 #8 norm,,0.967543848803137,0.184496630736199
Norm,Experiment2 PYR #1 norm,,0.998326965158238,0.0125522338530379
Norm,Experiment2 PYR #2 norm,,0.898388707652131,0.0534626330045911
Norm,Experiment2 PYR #3 norm,,0.891627414718252,0.0525843965910652
Norm,Experiment2 PYR #4 norm,,1.08032819498454,0.0546496926991791
Norm,Experiment2 PYR #5 norm,,1.04418838316003,0.0988923576519366
Norm,Experiment2 PYR #6 norm,,0.986822755139635,0.121350583871586
Norm,Experiment2 PYR #7 norm,,1.03006437594295,0.0809239993657854
Norm,Experiment2 PYR #8 norm,,0.991408128397392,0.114337343844662
