type,id,eqn,val,std
Net flux,CO2.t,CO2.t -> CO2,68.2531784237974,1.52640247049008
Net flux,CO2_sink,dummy -> Sink,68.2531784237973,1.52640247049008
Net flux,RUBICSO_CO2,RUBP.p + CO2 -> 3PGA.p + 3PGA.p + dummy,70.1762936662968,1.53365098166912
Net flux,GAPDH.p net,3PGA.p <-> TP.p,142.051476321754,3.08378788686394
Exch flux,GAPDH.p exch,3PGA.p <-> TP.p,27444.6413168841,15.1540525935931
Net flux,ALD,TP.p + E4P.p -> SBP,24.1624829689188,0.512565010643333
Net flux,SBP,SBP -> S7P.p,24.1624829689188,0.512565010643333
Net flux,FBA.p net,TP.p + TP.p <-> FBP.p,31.8952862856677,0.80300622500346
Exch flux,FBA.p exch,TP.p + TP.p <-> FBP.p,25170.0309136182,2305.6309011226
Net flux,PFK.p net,FBP.p <-> F6P.p,31.8952862856708,0.80300622500346
Exch flux,PFK.p exch,FBP.p <-> F6P.p,9.99953897462547e-08,5061.36651209716
Net flux,TK1 net,TP.p + EC2 <-> X5P.p,48.324965937838,1.02513002128667
Exch flux,TK1 exch,TP.p + EC2 <-> X5P.p,13562.0604785177,5138.54749346052
Net flux,TK2 net,S7P.p <-> R5P.p + EC2,24.1624829689188,0.512565010643333
Exch flux,TK2 exch,S7P.p <-> R5P.p + EC2,37.9706185971096,5071.92457964359
Net flux,TK3 net,F6P.p <-> E4P.p + EC2,24.1624829689172,0.512565010643333
Exch flux,TK3 exch,F6P.p <-> E4P.p + EC2,16751.019545447,5838.41093915707
Net flux,PPE net,X5P.p <-> RU5P.p,48.324965937838,1.02513002128667
Exch flux,PPE exch,X5P.p <-> RU5P.p,13670.9943868524,4849.83319575264
Net flux,PPI net,R5P.p <-> RU5P.p,24.1624829689189,0.512565010643333
Exch flux,PPI exch,R5P.p <-> RU5P.p,252.615406074099,4844.20642225908
Net flux,PRK,RU5P.p -> RUBP.p,72.4874489067565,1.53769503193
Net flux,RUBISCO_O2,RUBP.p -> 3PGA.p + 2PG.p,2.31115524045966,0.0849198086266584
Net flux,GLYdil net,GLY.p <-> GLY.x + dummyGLY,0.0147078762142243,0.00176757392715503
Exch flux,GLYdil exch,GLY.p <-> GLY.x + dummyGLY,1.0000000116861e-07,0
Net flux,SERdil net,SER.p <-> SER.x + dummySER,0.499023814235663,0.472565969484246
Exch flux,SERdil exch,SER.p <-> SER.x + dummySER,9.99999372197635e-08,0.622206502670411
Net flux,GK,GA.p -> 3PGA.p,0.00324176958359557,0.462651796686079
Net flux,PGI.p net,F6P.p <-> G6P.p,7.73280331675299,0.447939452639782
Exch flux,PGI.p exch,F6P.p <-> G6P.p,1.29535066390574,5315.47829841031
Net flux,PGM.p,G6P.p -> ADPG.p,7.73280331675299,0.447939452639782
Net flux,Starch,ADPG.p -> Starch,7.73280331675297,0.447939452639782
Net flux,FBA.c net,TP.c + TP.c <-> FBP.c,2.88672742182827,0.346923244278981
Exch flux,FBA.c exch,TP.c + TP.c <-> FBP.c,26.1474439684173,4650.42690352241
Net flux,PFK.c net,FBP.c <-> F6P.c,2.88672742182828,0.346923244278981
Exch flux,PFK.c exch,FBP.c <-> F6P.c,12.4504762241662,23.5642383468372
Net flux,PGI.c net,F6P.c <-> G6P.c,1.44336371091418,0.173461622139491
Exch flux,PGI.c exch,F6P.c <-> G6P.c,231.829497822743,4381.78984975191
Net flux,PGM.c net,G6P.c <-> UDPG.c,1.44336371091049,0.173461622139491
Exch flux,PGM.c exch,G6P.c <-> UDPG.c,48482.8402158116,4697.77923193304
Net flux,SPS,F6P.c + UDPG.c -> S6P,1.4433637109141,0.173461622139491
Net flux,PGAM.c net,3PGA.c <-> PEP.c,0.615508020882127,0.0739709738675919
Exch flux,PGAM.c exch,3PGA.c <-> PEP.c,0.00557455404185148,4802.52991442652
Net flux,PK.c,PEP.c -> PYR.c,0.279391913521444,0.0335769663347645
Net flux,PDH,PYR.c + dummy -> ACA + CO2,0.232525893828057,0.0279446673167076
Net flux,CS,OAA + ACA -> CIT,0.232525893828053,0.0279446673167076
Net flux,ACO net,CIT <-> ICI,0.232525893828097,0.0279446673167076
Exch flux,ACO exch,CIT <-> ICI,1257.33648529898,4931.69828613537
Net flux,IDH,ICI + dummy -> AKG + CO2,0.232525893828069,0.0279446673167076
Net flux,MDH net,MAL <-> OAA,7.105427357601e-15,0
Exch flux,MDH exch,MAL <-> OAA,0.283014107685325,0.0619945868340192
Net flux,PPC,PEP.c + CO2 -> OAA + dummy,0.336116107360659,0.0403940078679667
Net flux,T_3PGA net,3PGA.p <-> 3PGA.c,0.615508020882103,0.0739709738675919
Exch flux,T_3PGA exch,3PGA.p <-> 3PGA.c,1.0000000116861e-07,0
Net flux,T_DHAP net,TP.p <-> TP.c,5.77345484365659,0.693846488557962
Exch flux,T_DHAP exch,TP.p <-> TP.c,9.78633655465771,5.43522240829228
Net flux,ALT,PYR.c -> ALA.c,0.046866019693412,0.00563229889250234
Net flux,ASPT,OAA -> ASP,0.103590213532473,0.0124493406350525
Net flux,GLUDH,AKG -> GLU,0.232525893828046,0.0279446673167076
Net flux,PCR net,GLU <-> PRO,-2.48689957516035e-14,0
Exch flux,PCR exch,GLU <-> PRO,1.0000000116861e-07,0
Net flux,GS net,GLU <-> GLN,0,0
Exch flux,GS exch,GLU <-> GLN,1.00043081374679e-07,0
Net flux,TS net,ASP <-> THR,0,0
Exch flux,TS exch,ASP <-> THR,0.00030157881760573,4978.25414720798
Net flux,AS net,ASP <-> ASN,1.06581410364015e-14,0
Exch flux,AS exch,ASP <-> ASN,0.000286767507279961,5042.56110094872
Net flux,G_3PGA.p,0*3PGA.p -> 3PGA,2.46866312636485e-06,7095.32522888836
Net flux,G_3PGA.c,0*3PGA.c -> 3PGA,92.9119081398835,5053.18008511901
Net flux,G_DHAP.p,0*TP.p -> TP,40.6853798422419,7478.16213284711
Net flux,G_DHAP.c,0*TP.c -> TP,51.8471856996948,5119.50026247824
Net flux,G_F6P.p,0*F6P.p -> F6P,48.6686345030749,7325.62601702449
Net flux,G_F6P.c,0*F6P.c -> F6P,36.546576817712,5173.31945763307
Net flux,G_FBP.p,0*FBP.p -> FBP,2.46866144948399e-06,7241.91511170847
Net flux,G_FBP.c,0*FBP.c -> FBP,83.4512310483542,5214.05296432758
Net flux,G_G6P.p,0*G6P.p -> G6P,19.0549768397257,7126.26336172886
Net flux,G_G6P.c,0*G6P.c -> G6P,58.8549499993083,5059.50478576804
Net flux,G_RU5P.p,0*RU5P.p -> P5P,2.46865386444028e-06,7716.80998913567
Net flux,G_X5P.p,0*X5P.p -> P5P,92.8477691496222,5405.74541851465
Net flux,G_R5P.p,0*R5P.p -> R5P,82.2810779884949,5114.89980656945
Net flux,G_GA.p,0*GA.p -> GA,29.6966284033617,4.13346319209792
Net flux,G_SER.p,0*SER.p -> SER,77.8771929714833,5417.02177630642
Net flux,G_GLY.p,0*GLY.p -> GLY,0.866630290715577,5227.37558574333
Net flux,G_RUBP.p,0*RUBP.p -> RUBP,92.5302752673063,5190.91233140736
Net flux,G_S7P.p,0*S7P.p -> S7P,98.4567310636212,4941.7553703483
Net flux,G_2PG.p,0*2PG.p -> 2PG,87.0427532706349,5237.61690885823
Net flux,G_ADPG.p,0*ADPG.p -> ADPG,95.0805622183481,5092.56948643566
Net flux,G_PEP.c,0*PEP.c -> PEP,89.2305410445615,5135.22496514592
Net flux,G_UDPG.c,0*UDPG.c -> UDPG,72.4268033045549,4939.50282711951
Net flux,G_ALA.c,0*ALA.c -> ALA,65.5869234618493,6.19839554567956
Net flux,(1-G)_GA,0*GA.x -> GA,70.3033715966402,4.13346319209792
Net flux,(1-G)_SER,0*SER.x -> SER,22.1227973775494,4.42722092272047
Net flux,(1-G)_GLY,0*GLY.x -> GLY,45.5665237997193,6.46379635310684
Net flux,(1-G)_R5P,0*R5P.x -> R5P,17.718922011502,5114.89980656945
Net flux,(1-G)_RUBP,0*RUBP.x -> RUBP,7.46972473269241,5190.91233140736
Net flux,(1-G)_3PGA,0*3PGA.x -> 3PGA,7.08808939145362,4724.47490197533
Net flux,(1-G)_TP,0*TP.x -> TP,7.46743445806384,5123.30837678263
Net flux,(1-G)_F6P,0*F6P.x -> F6P,14.7847886792169,5205.35385423879
Net flux,(1-G)_FBP,0*FBP.x -> FBP,16.5487664829791,5011.23935123963
Net flux,(1-G)_G6P,0*G6P.x -> G6P,22.0900731609643,4780.56732578835
Net flux,(1-G)_RU5P,0*RU5P.x -> P5P,7.15222838172537,5106.15962276492
Net flux,(1-G)_S7P,0*S7P.x -> S7P,1.5432689363768,4941.7553703483
Net flux,(1-G)_2PG,0*2PG.x -> 2PG,12.9572467293675,5237.61690885823
Net flux,(1-G)_ADPG,0*ADPG.x -> ADPG,4.91943778165087,5092.56948643566
Net flux,(1-G)_PEP,0*PEP.x -> PEP,10.7694589554367,5135.22496514592
Net flux,(1-G)_UDPG,0*UDPG.x -> UDPG,27.5731966954463,4939.50282711951
Net flux,(1-G)_ALA,0*ALA.x -> ALA,34.4130765381505,6.19839554567956
Net flux,PGASink,3PGA -> Sink,100,0
Net flux,DHAPSink,TP -> Sink,100.000000000001,0
Net flux,F6PSink,F6P -> Sink,100.000000000004,0
Net flux,FBPSink,FBP -> Sink,99.9999999999948,0
Net flux,G6PSink,G6P -> Sink,99.9999999999983,0
Net flux,P5PSink,P5P -> Sink,100.000000000001,0
Net flux,R5PSink,R5P -> Sink,99.9999999999968,0
Net flux,GASink,GA -> Sink,100.000000000002,0
Net flux,SERSink,SER -> Sink,99.9999999999996,0
Net flux,GLYSink,GLY -> Sink,100.000000000001,0
Net flux,RUBPSink,RUBP -> Sink,99.9999999999987,0
Net flux,S7PSink,S7P -> Sink,99.9999999999979,0
Net flux,2PGSink,2PG -> Sink,100.000000000002,0
Net flux,ADPGSink,ADPG -> Sink,99.9999999999989,0
Net flux,PEPSink,PEP -> Sink,99.9999999999983,0
Net flux,UDPGSink,UDPG -> Sink,100.000000000001,0
Net flux,ALASink,ALA -> Sink,99.9999999999998,0
Net flux,S6Pout-LL,S6P + 0.1611*GLU + 0.07177*ASP + 0.03247*ALA.c + 0.01019*dummyGLY + 0.03484*dummySER -> Sink,1.44336371091414,0.173461622139491
Net flux,PGP.p,2PG.p -> Glyc.p,2.31115524045967,0.0849198086266584
Net flux,GOX,Glyc.p -> Glyx.p,2.31115524045969,0.0849198086266584
Net flux,GGT,Glyx.p -> GLY.p,2.31115524045968,0.0849198086266584
Net flux,SGAT,SER.p -> HPA.p,0.00324176958358469,0.462651796686079
Net flux,HPR.p,HPA.p -> GA.p,0.00324176958357913,0.462651796686079
Net flux,T_GLY-m net,GLY.p <-> GLY.m,2.29647606903018,6957.23352986684
Exch flux,T_GLY-m exch,GLY.p <-> GLY.m,27586.102993771,5147.92832770477
Net flux,GDC.m,GLY.m + dummy -> myTHF.m + CO2,1.7941795622036,0.143290012497306
Net flux,T_SER-m net,SER.p <-> SER.m,-1.79417956220357,0.143290012497306
Exch flux,T_SER-m exch,SER.p <-> SER.m,905.108746465034,5287.30207118401
Net flux,mSHMT,GLY.m + myTHF.m -> SER.m,1.7941795622036,0.143290012497306
Net flux,T_SER-c net,SER.p <-> SER.c,1.29191397838434,0.26103674627402
Exch flux,T_SER-c exch,SER.p <-> SER.c,0.0168326801300758,0.632182914152071
Net flux,T_Gly-c net,GLY.p <-> GLY.c,-2.87047885412228e-05,6957.23352934826
Exch flux,T_Gly-c exch,GLY.p <-> GLY.c,7.42541452010137e-05,5074.37212331509
Net flux,cSHMT,SER.c -> GLY.c + meTHF.c,1.29191374040733,0.26103674627402
Net flux,FmTHF-reductase net,meTHF.c <-> FmTHF.c,1.29191374040733,0.26103674627402
Exch flux,FmTHF-reductase exch,meTHF.c <-> FmTHF.c,7.48803487411862,4792.54516931558
Net flux,Met-synthase,FmTHF.c + Hcy.c -> Met.c,1.29191374040731,0.26103674627402
Net flux,SAM-synthase,Met.c -> SAM.c,1.29191374040732,0.26103674627402
Net flux,Methylation,SAM.c -> SAH.c + Acceptor.c,1.29191374040731,0.26103674627402
Net flux,hydrolysis,SAH.c -> Hcy.c,1.2919137404073,0.26103674627402
Net flux,G_SER.m,0*SER.m -> SER,1.0000000116861e-07,0
Net flux,G_SER.c,0*SER.c -> SER,9.55096685473222e-06,5417.01996717159
Net flux,G_Gly.m,0*GLY.m -> GLY,8.58048061900263e-05,5227.37518068187
Net flux,G_Gly.c,0*GLY.c -> GLY,53.5667601047602,7.7298222419968
Net flux,T_GLY-c-m,GLY.c -> GLY.m,1.29188305537322,6957.23353424545
Net flux,G_Glyc,0*Glyc.p -> Glyc,12.6672029418008,2.98706500252232
Net flux,G_Glyx,0*Glyx.p -> Glyx,10.9370849001513,9.55199210418286
Net flux,G_HPA,0*HPA.p -> HPA,5.49518748513211,1.93787322919813
Net flux,(1-G)_Glyc,0*Glyc.x -> Glyc,87.3327970581999,2.98706500252232
Net flux,(1-G)_Glyx,0*Glyx.x -> Glyx,89.0629150998495,9.55199210418286
Net flux,(1-G)_HPA,0*HPA.x -> HPA,94.5048125148678,1.93787322919813
Net flux,GlycSink,Glyc -> Sink,100.000000000001,0
Net flux,GlyxSink,Glyx -> Sink,100.000000000001,0
Net flux,HPASink,HPA -> Sink,99.9999999999998,0
Net flux,SERex,dummySER -> outSER,0.448732395122599,0.473547759976521
Net flux,G_PYR,0*PYR.c -> PYR,38.5127897832076,3.02826548216682
Net flux,(1-G)_PYR,0*PYR.x -> PYR,61.4872102167927,3.02826548216682
Net flux,PYRSink,PYR -> Sink,100,0
Net flux,G_meTHF,0*meTHF.c -> meTHF,99.9999998999999,0
Net flux,G_FmTHF,0*FmTHF.c -> FmTHF,71.9664088417835,5.30792509400288
Net flux,G_Met,0*Met.c -> Met,59.3111388822708,4.43200198168748
Net flux,G_SAM,0*SAM.c -> SAM,63.9009845244194,4.63404558473094
Net flux,(1-G)_meTHF,0*meTHF.x -> meTHF,1.0000000116861e-07,0
Net flux,(1-G)_FmTHF,0*FmTHF.x -> FmTHF,28.0335911582166,5.30792509400288
Net flux,(1-G)_Met,0*Met.x -> Met,40.6888611177292,4.43200198168748
Net flux,(1-G)_SAM,0*SAM.x -> SAM,36.0990154755806,4.63404558473094
Net flux,meTHFSink,meTHF -> Sink,99.9999999999999,0
Net flux,FmTHFSink,FmTHF -> Sink,100,0
Net flux,MetSink,Met -> Sink,100,0
Net flux,SAMsink,SAM -> Sink,100,0
Net flux,Met-protein,Met.c -> Protein,6.51983996113883e-15,0
Net flux,GLY-protein,GLY.c -> Protein,1.98024559328047e-06,1.5066745917359e-15
Net flux,SER-protein,SER.c -> Protein,2.37977017647495e-07,1.02557721861847e-14
Pool,2PG pool,,0,0
Pool,2PG.p pool,,1.55328769928088e-06,4940.45969331812
Pool,2PG.x pool,,1,Inf
Pool,3PGA pool,,0,0
Pool,3PGA.c pool,,0.000154242922839489,4994.90626684078
Pool,3PGA.p pool,,3.80167838606078e-06,5169.77326673803
Pool,3PGA.x pool,,1,Inf
Pool,ACA pool,,1.34668995651235e-06,4879.10659921415
Pool,ADPG pool,,0,0
Pool,ADPG.p pool,,9.9999999999999e-08,Inf
Pool,ADPG.x pool,,1,Inf
Pool,AKG pool,,8.8549643809089e-07,4786.48749749611
Pool,ALA pool,,0,0
Pool,ALA.c pool,,0.00761720824475177,0.00258077091237938
Pool,ALA.x pool,,1,Inf
Pool,ASN pool,,7566.06819444382,5193.73468143678
Pool,ASP pool,,0.0461785501658344,0.0105554356670593
Pool,Acceptor.c pool,,1,Inf
Pool,CIT pool,,6.8168350498463,3.66382692613333
Pool,CO2 pool,,2.50824737933284e-05,5257.69499558378
Pool,CO2.t pool,,1,Inf
Pool,E4P.p pool,,0,0
Pool,EC2 pool,,0,0
Pool,F6P pool,,0,0
Pool,F6P.c pool,,3.83120344200659e-06,5024.45474738929
Pool,F6P.p pool,,3.26683825020188e-06,5159.30049486367
Pool,F6P.x pool,,1,Inf
Pool,FBP pool,,0,0
Pool,FBP.c pool,,3.76564368239216e-06,5151.4439983718
Pool,FBP.p pool,,3.30234012818608e-06,4645.82857257664
Pool,FBP.x pool,,1,Inf
Pool,FmTHF pool,,4.29908496341584,2.34689168826474
Pool,FmTHF.c pool,,1.02342481180125e-06,5260.54064581764
Pool,FmTHF.x pool,,1,Inf
Pool,G6P pool,,0,0
Pool,G6P.c pool,,9.88548112679629e-06,5176.08698193728
Pool,G6P.p pool,,3.64403672496585e-06,5331.62057884335
Pool,G6P.x pool,,1,Inf
Pool,GA pool,,0,0
Pool,GA.p pool,,9.99999999999999e-08,0
Pool,GA.x pool,,1,Inf
Pool,GLN pool,,8.83867754914784,5116.49989299004
Pool,GLU pool,,8.85440932441179e-07,5058.99460623415
Pool,GLY pool,,0,0
Pool,GLY.c pool,,1.00054935871802e-07,5136.22552503904
Pool,GLY.m pool,,0.0102591522172773,5055.07665673762
Pool,GLY.p pool,,0.000410741755058852,5110.32421883155
Pool,GLY.x pool,,1,Inf
Pool,Glyc pool,,16.0814797414324,8.51114554493193
Pool,Glyc.p pool,,1.91459656214708e-06,5289.78117992164
Pool,Glyc.x pool,,1,Inf
Pool,Glyx pool,,61.2814580110302,75.3573683913115
Pool,Glyx.p pool,,2.11878591131843e-06,5018.8434143095
Pool,Glyx.x pool,,1,Inf
Pool,HPA pool,,0.000170452171412363,5256.28552135472
Pool,HPA.p pool,,1e-07,0
Pool,HPA.x pool,,1,Inf
Pool,Hcy.c pool,,1,Inf
Pool,ICI pool,,0.00627088939573948,5082.28410040432
Pool,MAL pool,,1.58052679808898,0.39750351647307
Pool,Met pool,,0.000741966323750359,5419.17621397364
Pool,Met.c pool,,1.8793058058318e-06,5369.77303918712
Pool,Met.x pool,,1,Inf
Pool,OAA pool,,1.27442694177693e-07,5228.86205054789
Pool,P5P pool,,0,0
Pool,PEP pool,,0,0
Pool,PEP.c pool,,0.000355200173372038,5012.77060396938
Pool,PEP.x pool,,1,Inf
Pool,PRO pool,,5.39499638297598,5045.38394731904
Pool,PYR pool,,1e-07,0
Pool,PYR.c pool,,0.0256300067589925,0.00706919561526825
Pool,PYR.x pool,,1,Inf
Pool,Protein pool,,1,Inf
Pool,R5P pool,,0,0
Pool,R5P.p pool,,1.34174483092807e-05,4917.91309048867
Pool,R5P.x pool,,1,Inf
Pool,RU5P.p pool,,3.43482461366543e-06,5363.32014674731
Pool,RU5P.x pool,,1,Inf
Pool,RUBP pool,,0,0
Pool,RUBP.p pool,,3.41819055205533e-06,5240.94900781655
Pool,RUBP.x pool,,1,Inf
Pool,S6P pool,,1,Inf
Pool,S7P pool,,0,0
Pool,S7P.p pool,,3.40725359296364e-06,5123.46903987011
Pool,S7P.x pool,,1,Inf
Pool,SAH.c pool,,1,Inf
Pool,SAM pool,,4.56795878530144,2.2481727925746
Pool,SAM.c pool,,2.71526439147515e-06,5048.06528306609
Pool,SAM.x pool,,1,Inf
Pool,SBP pool,,0,0
Pool,SER pool,,0,0
Pool,SER.c pool,,9.99999999998398e-08,0
Pool,SER.m pool,,0.51634521802024,0.0431660211761373
Pool,SER.p pool,,0.000578805229312847,5103.82415228979
Pool,SER.x pool,,1,Inf
Pool,Sink pool,,1,Inf
Pool,Starch pool,,1,Inf
Pool,THR pool,,3889.76922455964,5274.02914759626
Pool,TP pool,,0,0
Pool,TP.c pool,,4.11988483270743e-06,5202.6904228669
Pool,TP.p pool,,3.86826058637275e-06,5456.16355642661
Pool,TP.x pool,,1,Inf
Pool,UDPG pool,,0,0
Pool,UDPG.c pool,,0.774764880022439,0.293715610621746
Pool,UDPG.x pool,,1,Inf
Pool,X5P.p pool,,3.52542399362507e-06,5105.34517651979
Pool,dummy pool,,1,Inf
Pool,dummyGLY pool,,1,Inf
Pool,dummySER pool,,1,Inf
Pool,meTHF pool,,0.00259817859258747,5023.82941052861
Pool,meTHF.c pool,,1.0276099480526e-06,5188.44206919691
Pool,meTHF.x pool,,1,Inf
Pool,myTHF.m pool,,2.99453527698294e-05,5181.66269669582
Pool,outSER pool,,1,Inf
Norm,Experiment2 Glyc205 #1 norm,,1.00664254032956,0.0389347669475059
Norm,Experiment2 Glyc205 #2 norm,,0.971310208878116,0.0151282102087885
Norm,Experiment2 Glyc205 #3 norm,,1.01255860088211,0.0219834884026517
Norm,Experiment2 Glyc205 #4 norm,,0.975281250629101,0.0208063251741317
Norm,Experiment2 Glyc205 #5 norm,,1.01439451189839,0.02450140918678
Norm,Experiment2 Glyc205 #6 norm,,1.00049558552862,0.0254760824016976
Norm,Experiment2 Glyc205 #7 norm,,0.999684600273917,0.0366664641411205
Norm,Experiment2 Glyc205 #8 norm,,0.90043421823066,0.0990769198537942
Norm,Experiment2 Glyx160 #1 norm,,0.990456456468627,0.0111480874433454
Norm,Experiment2 Glyx160 #2 norm,,0.969366934924271,0.0114527331697777
Norm,Experiment2 Glyx160 #3 norm,,1.01047576272105,0.0135734767494457
Norm,Experiment2 Glyx160 #4 norm,,1.00991048403733,0.0183457429468025
Norm,Experiment2 Glyx160 #5 norm,,0.948031365079061,0.0149049494711175
Norm,Experiment2 Glyx160 #6 norm,,1.03693291507686,0.0228193646062304
Norm,Experiment2 Glyx160 #7 norm,,1.00046073345974,0.0301042835578575
Norm,Experiment2 Glyx160 #8 norm,,1.04424626636251,0.126051536123102
Norm,Experiment2 GLY276 #1 norm,,1.00811644855865,0.0104709794101228
Norm,Experiment2 GLY276 #2 norm,,0.933753359564361,0.0213420868296512
Norm,Experiment2 GLY276 #3 norm,,1.02268680117936,0.0200544210738914
Norm,Experiment2 GLY276 #4 norm,,1.01687735703963,0.0177990798371667
Norm,Experiment2 GLY276 #5 norm,,1.00704863403847,0.0376784053292503
Norm,Experiment2 GLY276 #6 norm,,0.98427226669318,0.0886332465917861
Norm,Experiment2 GLY276 #7 norm,,0.977770648735009,0.150079685866858
Norm,Experiment2 GLY276 #8 norm,,1.00088891450131,0.15843148526906
Norm,Experiment2 HPA262 #1 norm,,0.996961732629836,0.0203959037611755
Norm,Experiment2 HPA262 #2 norm,,0.957450209567222,0.0229220308620415
Norm,Experiment2 HPA262 #3 norm,,0.946859856470468,0.0231603331178658
Norm,Experiment2 HPA262 #4 norm,,0.898891072419955,0.0277452142330563
Norm,Experiment2 HPA262 #5 norm,,0.952129330586931,0.0214216231767437
Norm,Experiment2 HPA262 #6 norm,,1.04731605723755,0.0311926209683288
Norm,Experiment2 HPA262 #7 norm,,0.951269605350058,0.0233014904889431
Norm,Experiment2 HPA262 #8 norm,,1.01742579906599,0.0408226029185949
Norm,Experiment2 GA307 #1 norm,,1.01193631616775,0.0111429340036578
Norm,Experiment2 GA307 #2 norm,,0.863916385757395,0.0292771187940094
Norm,Experiment2 GA307 #3 norm,,0.881905180260451,0.021803923951221
Norm,Experiment2 GA307 #4 norm,,0.965791311072331,0.0254706849401137
Norm,Experiment2 GA307 #5 norm,,0.919179117249128,0.0661568387346185
Norm,Experiment2 GA307 #6 norm,,0.923553232804755,0.104997662396813
Norm,Experiment2 GA307 #7 norm,,0.917955364119698,0.0723683012402509
Norm,Experiment2 GA307 #8 norm,,1.03093003890958,0.187349952882477
Norm,Experiment2 SER306 #1 norm,,1.00202084014635,0.0128825207934212
Norm,Experiment2 SER306 #2 norm,,0.937998735030505,0.0335012605788321
Norm,Experiment2 SER306 #3 norm,,1.0217210752897,0.0203060607747472
Norm,Experiment2 SER306 #4 norm,,1.00767379042499,0.025075113261785
Norm,Experiment2 SER306 #5 norm,,0.974048938532472,0.0525638536960589
Norm,Experiment2 SER306 #6 norm,,1.00757466733453,0.111681467679459
Norm,Experiment2 SER306 #7 norm,,1.17415076394845,0.107430287027553
Norm,Experiment2 SER306 #8 norm,,0.985060388163482,0.088016840929514
Norm,Experiment2 meTHF #1 norm,,1.00192468500343,0.0101760424660718
Norm,Experiment2 meTHF #2 norm,,1.02413722104721,0.0147735096825932
Norm,Experiment2 meTHF #3 norm,,0.976238583741153,0.0275193993975962
Norm,Experiment2 meTHF #4 norm,,1.01230498776317,0.0269238838196558
Norm,Experiment2 meTHF #5 norm,,0.98040372637475,0.0958531005887766
Norm,Experiment2 meTHF #6 norm,,1.12319032741969,0.179636132863432
Norm,Experiment2 meTHF #7 norm,,1.02958472023918,0.20975488626736
Norm,Experiment2 meTHF #8 norm,,1.00601801714026,0.0746116738214072
Norm,Experiment2 FmTHF #1 norm,,1.01007868268607,0.0101272507728241
Norm,Experiment2 FmTHF #2 norm,,0.983998494594741,0.011296115411503
Norm,Experiment2 FmTHF #3 norm,,1.0053208098207,0.0102642365422269
Norm,Experiment2 FmTHF #4 norm,,1.02025055339652,0.0232459638817327
Norm,Experiment2 FmTHF #5 norm,,0.980727090328831,0.0383397220568606
Norm,Experiment2 FmTHF #6 norm,,0.984590359013897,0.0770292297881583
Norm,Experiment2 FmTHF #7 norm,,0.991227165797254,0.129014384026973
Norm,Experiment2 FmTHF #8 norm,,0.995122103561729,0.0697706455093339
Norm,Experiment2 Met176 #1 norm,,0.958532575096583,0.0232859046365499
Norm,Experiment2 Met176 #2 norm,,1.00004356430498,0.0368723758482758
Norm,Experiment2 Met176 #3 norm,,0.894626442987055,0.0315438801621726
Norm,Experiment2 Met176 #4 norm,,0.887218826979107,0.0938527271234296
Norm,Experiment2 Met176 #5 norm,,1.03076341049641,0.0821363693084274
Norm,Experiment2 Met176 #6 norm,,1.0224834918237,0.0343310893317732
Norm,Experiment2 Met176 #7 norm,,0.994378959001911,0.0662115740592809
Norm,Experiment2 Met176 #8 norm,,1.00512752767591,0.182654850158384
Norm,Experiment2 SAM #1 norm,,0.99056249739648,0.014365875798782
Norm,Experiment2 SAM #2 norm,,1.00734132967116,0.022841150268273
Norm,Experiment2 SAM #3 norm,,0.976952440617642,0.0368015718732492
Norm,Experiment2 SAM #4 norm,,1.05491537183141,0.0527589318072023
Norm,Experiment2 SAM #5 norm,,0.994612896249074,0.0254666836938829
Norm,Experiment2 SAM #6 norm,,0.999538976170123,0.0625563196741349
Norm,Experiment2 SAM #7 norm,,1.01100699675959,0.0708261393254147
Norm,Experiment2 SAM #8 norm,,1.00237945129734,0.072442130422701
Norm,Experiment2 CIT465 #1 norm,,0.98679434912659,0.0125760130367354
Norm,Experiment2 CIT465 #2 norm,,0.953184210104417,0.0100019050969627
Norm,Experiment2 CIT465 #3 norm,,1.00217478778671,0.0132368028144791
Norm,Experiment2 CIT465 #4 norm,,0.991761792507733,0.012916233983096
Norm,Experiment2 CIT465 #5 norm,,1.01755256957098,0.0164876608313991
Norm,Experiment2 CIT465 #6 norm,,0.96246386050275,0.0111520534357725
Norm,Experiment2 CIT465 #7 norm,,1.03374064396193,0.0162598847043408
Norm,Experiment2 CIT465 #8 norm,,0.998301447770492,0.0219529454520516
Norm,Experiment2 MAL335 #1 norm,,0.97267723826408,0.011660782016623
Norm,Experiment2 MAL335 #2 norm,,1.00043681103292,0.0138599757497521
Norm,Experiment2 MAL335 #3 norm,,1.01346581640179,0.0133990200239716
Norm,Experiment2 MAL335 #4 norm,,0.953976501797915,0.0113786787712589
Norm,Experiment2 MAL335 #5 norm,,0.999150940307334,0.0150725462000975
Norm,Experiment2 MAL335 #6 norm,,0.987321260290001,0.015425791071852
Norm,Experiment2 MAL335 #7 norm,,1.00161410410673,0.0209683323076244
Norm,Experiment2 MAL335 #8 norm,,0.998430659590187,0.0386680261234437
Norm,Experiment2 ASP334 #1 norm,,1.0335686811238,0.0167683421673618
Norm,Experiment2 ASP334 #2 norm,,1.00315062029441,0.0235017313196133
Norm,Experiment2 ASP334 #3 norm,,0.99477270357786,0.0178342941214638
Norm,Experiment2 ASP334 #4 norm,,0.948623957756151,0.0212500633940258
Norm,Experiment2 ASP334 #5 norm,,0.925322628304611,0.0229162418008999
Norm,Experiment2 ASP334 #6 norm,,0.935708109351797,0.0600776447924495
Norm,Experiment2 ASP334 #7 norm,,0.979257819268708,0.0619284941264801
Norm,Experiment2 ASP334 #8 norm,,0.972032300700592,0.0363974333278685
Norm,Experiment2 GLU348 #1 norm,,0.973804580950924,0.0112630872226018
Norm,Experiment2 GLU348 #2 norm,,1.04608111927762,0.0129104792154847
Norm,Experiment2 GLU348 #3 norm,,0.971972006529115,0.0114324713137455
Norm,Experiment2 GLU348 #4 norm,,1.01335355069402,0.0154191521084365
Norm,Experiment2 GLU348 #5 norm,,1.01237059605735,0.0312429384441377
Norm,Experiment2 GLU348 #6 norm,,0.959315101410862,0.0148252050118935
Norm,Experiment2 GLU348 #7 norm,,0.977687578629406,0.0230461589881673
Norm,Experiment2 GLU348 #8 norm,,0.936206229057188,0.0512154631529787
Norm,Experiment2 THR320 #1 norm,,1.00726525185342,0.0103197523329125
Norm,Experiment2 THR320 #2 norm,,0.983471140853167,0.0116865371856417
Norm,Experiment2 THR320 #3 norm,,0.988489643702108,0.010300936766598
Norm,Experiment2 THR320 #4 norm,,1.00927481973351,0.0110484496665328
Norm,Experiment2 THR320 #5 norm,,0.963116306673939,0.0195753486432995
Norm,Experiment2 THR320 #6 norm,,0.986193073082682,0.0108669904068141
Norm,Experiment2 THR320 #7 norm,,0.982123205268417,0.0137639780815489
Norm,Experiment2 THR320 #8 norm,,0.88560347780251,0.0356260287774922
Norm,Experiment2 ALA116 #1 norm,,1.01728162910924,0.0103138322878662
Norm,Experiment2 ALA116 #2 norm,,1.00551371455804,0.0102131917104879
Norm,Experiment2 ALA116 #3 norm,,0.989392142503576,0.0107298058620119
Norm,Experiment2 ALA116 #4 norm,,1.0121703703173,0.0259938697120255
Norm,Experiment2 ALA116 #5 norm,,1.10590336173588,0.0849872209342718
Norm,Experiment2 ALA116 #6 norm,,0.98464257060571,0.0706302323260599
Norm,Experiment2 ALA116 #7 norm,,1.00231908551601,0.0700897950818339
Norm,Experiment2 ALA116 #8 norm,,0.957116350942355,0.232076045041545
Norm,Experiment2 PYR #1 norm,,0.998959862086662,0.0129205217712464
Norm,Experiment2 PYR #2 norm,,0.99239259355708,0.0525064032668182
Norm,Experiment2 PYR #3 norm,,0.96093390505259,0.0664685490146792
Norm,Experiment2 PYR #4 norm,,1.04545688151241,0.0565494668175286
Norm,Experiment2 PYR #5 norm,,0.994773495071626,0.137734049832783
Norm,Experiment2 PYR #6 norm,,1.0284445768022,0.128775494548101
Norm,Experiment2 PYR #7 norm,,1.01228247025926,0.0765306969812135
Norm,Experiment2 PYR #8 norm,,0.981008614576956,0.0975040064615946
