type,id,eqn,val,std
Net flux,CO2.t,CO2.t -> CO2,68.0504620482054,1.52141089118735
Net flux,CO2_sink,dummy -> Sink,68.0504620482054,1.52141089118735
Net flux,RUBICSO_CO2,RUBP.p + CO2 -> 3PGA.p + 3PGA.p + dummy,69.5957960280945,1.52646427352506
Net flux,GAPDH.p net,3PGA.p <-> TP.p,141.017288742212,3.04061498540877
Exch flux,GAPDH.p exch,3PGA.p <-> TP.p,1.0000000116861e-07,1.23141447066028e-12
Net flux,ALD,TP.p + E4P.p -> SBP,23.8621316068142,0.510074226679023
Net flux,SBP,SBP -> S7P.p,23.8621316068142,0.510074226679023
Net flux,FBA.p net,TP.p + TP.p <-> FBP.p,31.5220643277498,0.783587982576293
Exch flux,FBA.p exch,TP.p + TP.p <-> FBP.p,21648.2181361931,2647.60554888447
Net flux,PFK.p net,FBP.p <-> F6P.p,31.522064327753,0.783587982576293
Exch flux,PFK.p exch,FBP.p <-> F6P.p,1.0000535155541e-07,1.25475332173043e-13
Net flux,TK1 net,TP.p + EC2 <-> X5P.p,47.7242632136283,1.02014845335805
Exch flux,TK1 exch,TP.p + EC2 <-> X5P.p,1.00000008274037e-07,7.0771242589247e-13
Net flux,TK2 net,S7P.p <-> R5P.p + EC2,23.8621316068141,0.510074226679023
Exch flux,TK2 exch,S7P.p <-> R5P.p + EC2,38.1725567624594,3067.25253449908
Net flux,TK3 net,F6P.p <-> E4P.p + EC2,23.8621316068147,0.510074226679023
Exch flux,TK3 exch,F6P.p <-> E4P.p + EC2,9436.66298592808,5017.25526215674
Net flux,PPE net,X5P.p <-> RU5P.p,47.7242632136282,1.02014845335805
Exch flux,PPE exch,X5P.p <-> RU5P.p,68.3337336147575,3371.96977806324
Net flux,PPI net,R5P.p <-> RU5P.p,23.8621316068142,0.510074226679023
Exch flux,PPI exch,R5P.p <-> RU5P.p,261.172048985359,5096.01922607319
Net flux,PRK,RU5P.p -> RUBP.p,71.5863948204426,1.53022268003196
Net flux,RUBISCO_O2,RUBP.p -> 3PGA.p + 2PG.p,1.99059879234802,0.0844064125891816
Net flux,GLYdil net,GLY.p <-> GLY.x + dummyGLY,0.0162702845158194,0.00166571600255748
Exch flux,GLYdil exch,GLY.p <-> GLY.x + dummyGLY,1.0000000116861e-07,0
Net flux,SERdil net,SER.p <-> SER.x + dummySER,0.0556339444526373,0.00569567083836093
Exch flux,SERdil exch,SER.p <-> SER.x + dummySER,1.00001415148654e-07,2.55482660753734e-13
Net flux,GK,GA.p -> 3PGA.p,0.515990938711567,0.077118084176762
Net flux,PGI.p net,F6P.p <-> G6P.p,7.6599327209394,0.406747397266307
Exch flux,PGI.p exch,F6P.p <-> G6P.p,1.00000153935298e-07,5180.31860033689
Net flux,PGM.p,G6P.p -> ADPG.p,7.65993272093941,0.406747397266307
Net flux,Starch,ADPG.p -> Starch,7.65993272093938,0.406747397266307
Net flux,FBA.c net,TP.c + TP.c <-> FBP.c,3.19338263313331,0.326931502049446
Exch flux,FBA.c exch,TP.c + TP.c <-> FBP.c,20.5924191570448,5320.0257465246
Net flux,PFK.c net,FBP.c <-> F6P.c,3.19338263313333,0.326931502049446
Exch flux,PFK.c exch,FBP.c <-> F6P.c,5.67429387734383,14.9392109322233
Net flux,PGI.c net,F6P.c <-> G6P.c,1.59669131656671,0.163465751024723
Exch flux,PGI.c exch,F6P.c <-> G6P.c,226.367131134354,2857.46956408599
Net flux,PGM.c net,G6P.c <-> UDPG.c,1.59669131656119,0.163465751024723
Exch flux,PGM.c exch,G6P.c <-> UDPG.c,48481.3784966239,5107.3738408233
Net flux,SPS,F6P.c + UDPG.c -> S6P,1.59669131656662,0.163465751024723
Net flux,PGAM.c net,3PGA.c <-> PEP.c,0.680893045036365,0.0697083347528082
Exch flux,PGAM.c exch,3PGA.c <-> PEP.c,0.302220000128262,5102.59282959051
Net flux,PK.c,PEP.c -> PYR.c,0.309071538147613,0.0316420654051774
Net flux,PDH,PYR.c + dummy -> ACA + CO2,0.257226971098777,0.0263343324595546
Net flux,CS,OAA + ACA -> CIT,0.257226971098773,0.0263343324595546
Net flux,ACO net,CIT <-> ICI,0.257226971098817,0.0263343324595546
Exch flux,ACO exch,CIT <-> ICI,1409.31425222458,5081.14316784104
Net flux,IDH,ICI + dummy -> AKG + CO2,0.257226971098789,0.0263343324595546
Net flux,MDH net,MAL <-> OAA,7.105427357601e-15,0
Exch flux,MDH exch,MAL <-> OAA,0.0356817660077411,0.164045992599991
Net flux,PPC,PEP.c + CO2 -> OAA + dummy,0.371821506888728,0.0380662693908013
Net flux,T_3PGA net,3PGA.p <-> 3PGA.c,0.680893045036342,0.0697083347528082
Exch flux,T_3PGA exch,3PGA.p <-> 3PGA.c,1.0000000116861e-07,0
Net flux,T_DHAP net,TP.p <-> TP.c,6.38676526626667,0.653863004098893
Exch flux,T_DHAP exch,TP.p <-> TP.c,2.99560015822875,4.13614907310846
Net flux,ALT,PYR.c -> ALA.c,0.0518445670489182,0.00530773293647944
Net flux,ASPT,OAA -> ASP,0.114594535789936,0.0117319369311936
Net flux,GLUDH,AKG -> GLU,0.257226971098766,0.0263343324595546
Net flux,PCR net,GLU <-> PRO,-2.48689957516035e-14,0
Exch flux,PCR exch,GLU <-> PRO,1.0000000116861e-07,0
Net flux,GS net,GLU <-> GLN,0,0
Exch flux,GS exch,GLU <-> GLN,1.00042953476986e-07,0
Net flux,TS net,ASP <-> THR,0,0
Exch flux,TS exch,ASP <-> THR,0.0472798297597805,0.0503044580038998
Net flux,AS net,ASP <-> ASN,1.06581410364015e-14,0
Exch flux,AS exch,ASP <-> ASN,1.0000000116861e-07,0
Net flux,G_3PGA.p,0*3PGA.p -> 3PGA,2.46866311215399e-06,7670.31418336229
Net flux,G_3PGA.c,0*3PGA.c -> 3PGA,92.9119081395213,5284.47871959508
Net flux,G_DHAP.p,0*TP.p -> TP,40.6853798422419,7384.77169838941
Net flux,G_DHAP.c,0*TP.c -> TP,51.8471856996948,5679.59711175153
Net flux,G_F6P.p,0*F6P.p -> F6P,48.6686345030749,7250.55553894333
Net flux,G_F6P.c,0*F6P.c -> F6P,36.546576817712,5259.07734279167
Net flux,G_FBP.p,0*FBP.p -> FBP,2.46866143527313e-06,7545.21984215423
Net flux,G_FBP.c,0*FBP.c -> FBP,83.451231049145,5252.48742111674
Net flux,G_G6P.p,0*G6P.p -> G6P,19.0549768397257,7484.65116781295
Net flux,G_G6P.c,0*G6P.c -> G6P,58.8549499993083,5104.24750817256
Net flux,G_RU5P.p,0*RU5P.p -> P5P,2.46865383601858e-06,7253.11925678879
Net flux,G_X5P.p,0*X5P.p -> P5P,92.8477691490158,5346.31345508978
Net flux,G_R5P.p,0*R5P.p -> R5P,82.2810779884949,5460.58383586854
Net flux,G_GA.p,0*GA.p -> GA,33.521804277796,4.34603001244586
Net flux,G_SER.p,0*SER.p -> SER,87.2671820570412,5231.63357628741
Net flux,G_GLY.p,0*GLY.p -> GLY,9.99999940631824e-08,9.04056645242254e-14
Net flux,G_RUBP.p,0*RUBP.p -> RUBP,92.5302752673063,5260.58206063619
Net flux,G_S7P.p,0*S7P.p -> S7P,98.4567310636212,5013.86588110515
Net flux,G_2PG.p,0*2PG.p -> 2PG,87.0427532706349,4932.21002045068
Net flux,G_ADPG.p,0*ADPG.p -> ADPG,95.0805622183481,5262.95421238594
Net flux,G_PEP.c,0*PEP.c -> PEP,89.2305410445615,5113.89262390927
Net flux,G_UDPG.c,0*UDPG.c -> UDPG,72.4268033045549,5113.01344020596
Net flux,G_ALA.c,0*ALA.c -> ALA,70.2830678314501,6.00725686802143
Net flux,(1-G)_GA,0*GA.x -> GA,66.478195722206,4.34603001244586
Net flux,(1-G)_SER,0*SER.x -> SER,12.732812546318,4.80237554037597
Net flux,(1-G)_GLY,0*GLY.x -> GLY,51.6232227267094,6.37398585787525
Net flux,(1-G)_R5P,0*R5P.x -> R5P,17.718922011502,5460.58383586854
Net flux,(1-G)_RUBP,0*RUBP.x -> RUBP,7.46972473269241,5260.58206063619
Net flux,(1-G)_3PGA,0*3PGA.x -> 3PGA,7.08808939181585,5486.19094275745
Net flux,(1-G)_TP,0*TP.x -> TP,7.46743445806384,5179.32001238654
Net flux,(1-G)_F6P,0*F6P.x -> F6P,14.7847886792169,5330.70400989999
Net flux,(1-G)_FBP,0*FBP.x -> FBP,16.5487664821883,5359.34468696694
Net flux,(1-G)_G6P,0*G6P.x -> G6P,22.0900731609643,5180.79996839581
Net flux,(1-G)_RU5P,0*RU5P.x -> P5P,7.15222838233176,4971.57431861927
Net flux,(1-G)_S7P,0*S7P.x -> S7P,1.5432689363768,5013.86588110515
Net flux,(1-G)_2PG,0*2PG.x -> 2PG,12.9572467293675,4932.21002045068
Net flux,(1-G)_ADPG,0*ADPG.x -> ADPG,4.91943778165087,5262.95421238594
Net flux,(1-G)_PEP,0*PEP.x -> PEP,10.7694589554367,5113.89262390927
Net flux,(1-G)_UDPG,0*UDPG.x -> UDPG,27.5731966954463,5113.01344020596
Net flux,(1-G)_ALA,0*ALA.x -> ALA,29.7169321685497,6.00725686802143
Net flux,PGASink,3PGA -> Sink,100,0
Net flux,DHAPSink,TP -> Sink,100.000000000001,0
Net flux,F6PSink,F6P -> Sink,100.000000000004,0
Net flux,FBPSink,FBP -> Sink,99.9999999999948,0
Net flux,G6PSink,G6P -> Sink,99.9999999999983,0
Net flux,P5PSink,P5P -> Sink,100.000000000001,0
Net flux,R5PSink,R5P -> Sink,99.9999999999968,0
Net flux,GASink,GA -> Sink,100.000000000002,0
Net flux,SERSink,SER -> Sink,99.9999999999996,0
Net flux,GLYSink,GLY -> Sink,100.000000000001,0
Net flux,RUBPSink,RUBP -> Sink,99.9999999999987,0
Net flux,S7PSink,S7P -> Sink,99.9999999999979,0
Net flux,2PGSink,2PG -> Sink,100.000000000002,0
Net flux,ADPGSink,ADPG -> Sink,99.9999999999989,0
Net flux,PEPSink,PEP -> Sink,99.9999999999983,0
Net flux,UDPGSink,UDPG -> Sink,100.000000000001,0
Net flux,ALASink,ALA -> Sink,99.9999999999998,0
Net flux,S6Pout-LL,S6P + 0.1611*GLU + 0.07177*ASP + 0.03247*ALA.c + 0.01019*dummyGLY + 0.03484*dummySER -> Sink,1.59669131656666,0.163465751024723
Net flux,PGP.p,2PG.p -> Glyc.p,1.99059879234804,0.0844064125891816
Net flux,GOX,Glyc.p -> Glyx.p,1.99059879234806,0.0844064125891816
Net flux,GGT,Glyx.p -> GLY.p,1.99059879234805,0.0844064125891816
Net flux,SGAT,SER.p -> HPA.p,0.515990938711556,0.077118084176762
Net flux,HPR.p,HPA.p -> GA.p,0.515990938711551,0.077118084176762
Net flux,T_GLY-m net,GLY.p <-> GLY.m,1.9399178319145,5316.57622659096
Exch flux,T_GLY-m exch,GLY.p <-> GLY.m,21183.325737728,5439.91026681932
Net flux,GDC.m,GLY.m + dummy -> myTHF.m + CO2,1.40270154458029,0.0894719355552017
Net flux,T_SER-m net,SER.p <-> SER.m,-1.40270154458017,0.0894719355552017
Exch flux,T_SER-m exch,SER.p <-> SER.m,1034.71309378099,5073.36146430685
Net flux,mSHMT,GLY.m + myTHF.m -> SER.m,1.40270154458029,0.0894719355552017
Net flux,T_SER-c net,SER.p <-> SER.c,0.831076661416095,0.143542782469245
Exch flux,T_SER-c exch,SER.p <-> SER.c,9.99997347150838e-08,4.7750131919655e-14
Net flux,T_Gly-c net,GLY.p <-> GLY.c,0.0344106759114697,5316.57622592575
Exch flux,T_Gly-c exch,GLY.p <-> GLY.c,8.3497551217171e-05,5316.57622583036
Net flux,cSHMT,SER.c -> GLY.c + meTHF.c,0.83107656141661,0.143542782316714
Net flux,FmTHF-reductase net,meTHF.c <-> FmTHF.c,0.831076561416611,0.143542782316714
Exch flux,FmTHF-reductase exch,meTHF.c <-> FmTHF.c,7.81984538103029,5663.6326210354
Net flux,Met-synthase,FmTHF.c + Hcy.c -> Met.c,0.83107656141659,0.143542782316714
Net flux,SAM-synthase,Met.c -> SAM.c,0.8310765614166,0.143542782316714
Net flux,Methylation,SAM.c -> SAH.c + Acceptor.c,0.831076561416595,0.143542782316714
Net flux,hydrolysis,SAH.c -> Hcy.c,0.831076561416587,0.143542782316714
Net flux,G_SER.m,0*SER.m -> SER,1.0000000116861e-07,0
Net flux,G_SER.c,0*SER.c -> SER,5.29664029969013e-06,5231.63137208878
Net flux,G_Gly.m,0*GLY.m -> GLY,1.0000000116861e-07,2.93732358130008e-13
Net flux,G_Gly.c,0*GLY.c -> GLY,48.3767770732918,6.37398585787525
Net flux,T_GLY-c-m,GLY.c -> GLY.m,0.865485257239851,5316.57622803168
Net flux,G_Glyc,0*Glyc.p -> Glyc,6.40542604728325,0.993866453592012
Net flux,G_Glyx,0*Glyx.p -> Glyx,24.25301401172,26.5748031924316
Net flux,G_HPA,0*HPA.p -> HPA,7.00435873887822,1.90692940941837
Net flux,(1-G)_Glyc,0*Glyc.x -> Glyc,93.5945739527174,0.993866453592012
Net flux,(1-G)_Glyx,0*Glyx.x -> Glyx,75.7469859882809,26.5748031924316
Net flux,(1-G)_HPA,0*HPA.x -> HPA,92.9956412611217,1.90692940941837
Net flux,GlycSink,Glyc -> Sink,100.000000000001,0
Net flux,GlyxSink,Glyx -> Sink,100.000000000001,0
Net flux,HPASink,HPA -> Sink,99.9999999999998,0
Net flux,SERex,dummySER -> outSER,9.99921643263235e-08,2.19792953783003e-13
Net flux,G_PYR,0*PYR.c -> PYR,42.4092233050421,2.59971481595317
Net flux,(1-G)_PYR,0*PYR.x -> PYR,57.5907766949582,2.59971481595317
Net flux,PYRSink,PYR -> Sink,100,0
Net flux,G_meTHF,0*meTHF.c -> meTHF,99.9999998999999,0
Net flux,G_FmTHF,0*FmTHF.c -> FmTHF,82.8476238102328,4.93758483426947
Net flux,G_Met,0*Met.c -> Met,63.6334905756608,4.49545325686162
Net flux,G_SAM,0*SAM.c -> SAM,54.2875716303787,3.80915289467871
Net flux,(1-G)_meTHF,0*meTHF.x -> meTHF,1.0000000116861e-07,0
Net flux,(1-G)_FmTHF,0*FmTHF.x -> FmTHF,17.1523761897673,4.93758483426947
Net flux,(1-G)_Met,0*Met.x -> Met,36.3665094243392,4.49545325686162
Net flux,(1-G)_SAM,0*SAM.x -> SAM,45.7124283696213,3.80915289467871
Net flux,meTHFSink,meTHF -> Sink,99.9999999999999,0
Net flux,FmTHFSink,FmTHF -> Sink,100,0
Net flux,MetSink,Met -> Sink,100,0
Net flux,SAMsink,SAM -> Sink,100,0
Net flux,Met-protein,Met.c -> Protein,6.51983996113883e-15,0
Net flux,GLY-protein,GLY.c -> Protein,1.98008825602614e-06,2.0682719897943e-13
Net flux,SER-protein,SER.c -> Protein,9.99994860251263e-08,1.37371739098242e-13
Pool,2PG pool,,0,0
Pool,2PG.p pool,,1.00418848917483e-06,5152.8112088206
Pool,2PG.x pool,,1,Inf
Pool,3PGA pool,,0,0
Pool,3PGA.c pool,,0.0200815667440987,0.00735587691448105
Pool,3PGA.p pool,,3.66463321496074e-06,4725.14471168752
Pool,3PGA.x pool,,1,Inf
Pool,ACA pool,,8.74955333639672e-07,5533.51480257655
Pool,ADPG pool,,0,0
Pool,ADPG.p pool,,9.9999999999999e-08,Inf
Pool,ADPG.x pool,,1,Inf
Pool,AKG pool,,1.48014849278578e-06,5414.00394316679
Pool,ALA pool,,0,0
Pool,ALA.c pool,,0.00881044122034694,0.00236337118240301
Pool,ALA.x pool,,1,Inf
Pool,ASN pool,,7588.84536044832,5229.85151068633
Pool,ASP pool,,1.00000000000001e-07,0
Pool,Acceptor.c pool,,1,Inf
Pool,CIT pool,,4.70399285704493,1.49581333023635
Pool,CO2 pool,,8.15475468137592e-06,5078.78931684811
Pool,CO2.t pool,,1,Inf
Pool,E4P.p pool,,0,0
Pool,EC2 pool,,0,0
Pool,F6P pool,,0,0
Pool,F6P.c pool,,3.82747739637647e-06,5478.9420553575
Pool,F6P.p pool,,2.71845612165088e-06,5287.16605085212
Pool,F6P.x pool,,1,Inf
Pool,FBP pool,,0,0
Pool,FBP.c pool,,3.78108204287183e-06,5323.08714622099
Pool,FBP.p pool,,3.69416412614615e-06,5307.5583296429
Pool,FBP.x pool,,1,Inf
Pool,FmTHF pool,,7.2511643459024,2.95960244942823
Pool,FmTHF.c pool,,2.06243045704176e-07,5360.74522317065
Pool,FmTHF.x pool,,1,Inf
Pool,G6P pool,,0,0
Pool,G6P.c pool,,9.87536668397894e-06,5108.55492224229
Pool,G6P.p pool,,3.68448319858913e-06,5106.07336234418
Pool,G6P.x pool,,1,Inf
Pool,GA pool,,0,0
Pool,GA.p pool,,1e-07,0
Pool,GA.x pool,,1,Inf
Pool,GLN pool,,8.83867754924642,5070.18059280998
Pool,GLU pool,,1.48015147806579e-06,5146.09689218845
Pool,GLY pool,,0,0
Pool,GLY.c pool,,9.99999999994061e-08,0
Pool,GLY.m pool,,1.00000000000273e-07,0
Pool,GLY.p pool,,1.00000000000002e-07,0
Pool,GLY.x pool,,1,Inf
Pool,Glyc pool,,1.34818887144186,0.875242564826449
Pool,Glyc.p pool,,1.19407759486149e-06,5106.09427533824
Pool,Glyc.x pool,,1,Inf
Pool,Glyx pool,,170.062370468841,217.914225068776
Pool,Glyx.p pool,,1.58367799822701e-06,5255.86449575914
Pool,Glyx.x pool,,1,Inf
Pool,HPA pool,,0.000205999192384615,4928.54476482614
Pool,HPA.p pool,,1e-07,0
Pool,HPA.x pool,,1,Inf
Pool,Hcy.c pool,,1,Inf
Pool,ICI pool,,0.00311302438678474,5152.68159958839
Pool,MAL pool,,0.123297448749404,0.527178394806127
Pool,Met pool,,1.96760455077564e-05,5236.5259094337
Pool,Met.c pool,,1.46082824232324e-07,5209.92739546553
Pool,Met.x pool,,1,Inf
Pool,OAA pool,,0.212973384152328,0.0670921079346117
Pool,P5P pool,,0,0
Pool,PEP pool,,0,0
Pool,PEP.c pool,,1.00000000000002e-07,0
Pool,PEP.x pool,,1,Inf
Pool,PRO pool,,5.39499638307449,5312.96308550673
Pool,PYR pool,,1.45333748893649e-05,5378.75424858667
Pool,PYR.c pool,,0.014614728394132,0.00556896329505377
Pool,PYR.x pool,,1,Inf
Pool,Protein pool,,1,Inf
Pool,R5P pool,,0,0
Pool,R5P.p pool,,1.93500866162193e-05,5410.09771367948
Pool,R5P.x pool,,1,Inf
Pool,RU5P.p pool,,3.69925100897638e-06,5239.42282548931
Pool,RU5P.x pool,,1,Inf
Pool,RUBP pool,,0,0
Pool,RUBP.p pool,,3.76744434425537e-06,5282.55100594509
Pool,RUBP.x pool,,1,Inf
Pool,S6P pool,,1,Inf
Pool,S7P pool,,0,0
Pool,S7P.p pool,,4.38495343596413e-06,5170.20936058882
Pool,S7P.x pool,,1,Inf
Pool,SAH.c pool,,1,Inf
Pool,SAM pool,,0.000109535951291777,5287.19886534426
Pool,SAM.c pool,,7.63463969153682e-07,5275.32020610941
Pool,SAM.x pool,,1,Inf
Pool,SBP pool,,0,0
Pool,SER pool,,0,0
Pool,SER.c pool,,1.00000000002876e-07,0
Pool,SER.m pool,,0.51296697962357,0.0399685226028959
Pool,SER.p pool,,0.000451132351922334,4914.46091536278
Pool,SER.x pool,,1,Inf
Pool,Sink pool,,1,Inf
Pool,Starch pool,,1,Inf
Pool,THR pool,,0.864608358454374,1.79783340644624
Pool,TP pool,,0,0
Pool,TP.c pool,,4.14256957123545e-06,4925.45848506749
Pool,TP.p pool,,4.11923414673116e-06,5290.32746661815
Pool,TP.x pool,,1,Inf
Pool,UDPG pool,,0,0
Pool,UDPG.c pool,,2.82947269964424,3.01212661637268
Pool,UDPG.x pool,,1,Inf
Pool,X5P.p pool,,3.85800258961825e-06,5265.40742371147
Pool,dummy pool,,1,Inf
Pool,dummyGLY pool,,1,Inf
Pool,dummySER pool,,1,Inf
Pool,meTHF pool,,0.199580965657698,5106.40411366637
Pool,meTHF.c pool,,2.08708398606332e-07,5166.59597110276
Pool,meTHF.x pool,,1,Inf
Pool,myTHF.m pool,,3.23427199474251e-07,5120.99234107261
Pool,outSER pool,,1,Inf
Norm,Experiment2 Glyc205 #1 norm,,0.975786904003766,0.0367165279116821
Norm,Experiment2 Glyc205 #2 norm,,1.01081207816989,0.0186415469330934
Norm,Experiment2 Glyc205 #3 norm,,1.02334648859681,0.0226512936732357
Norm,Experiment2 Glyc205 #4 norm,,0.995396763449054,0.0207483009349035
Norm,Experiment2 Glyc205 #5 norm,,0.997308686232887,0.0235806848726719
Norm,Experiment2 Glyc205 #6 norm,,0.999753066383764,0.0247669609156484
Norm,Experiment2 Glyc205 #7 norm,,0.975821069747944,0.0334816757963537
Norm,Experiment2 Glyc205 #8 norm,,0.907861509434532,0.0912618211287085
Norm,Experiment2 Glyx160 #1 norm,,1.00006740058967,0.0114268296395801
Norm,Experiment2 Glyx160 #2 norm,,0.977767515976575,0.0114155122910193
Norm,Experiment2 Glyx160 #3 norm,,1.00097371073468,0.0133179025397156
Norm,Experiment2 Glyx160 #4 norm,,1.02055411657976,0.0192291541446436
Norm,Experiment2 Glyx160 #5 norm,,1.01196736410471,0.0149764557357554
Norm,Experiment2 Glyx160 #6 norm,,0.945728953140109,0.0207803111192056
Norm,Experiment2 Glyx160 #7 norm,,0.966278895593247,0.0296328543937197
Norm,Experiment2 Glyx160 #8 norm,,1.06144109656347,0.123533175012524
Norm,Experiment2 GLY276 #1 norm,,0.991571516415305,0.0106544752623239
Norm,Experiment2 GLY276 #2 norm,,0.96146132386548,0.0218809531313704
Norm,Experiment2 GLY276 #3 norm,,1.00127546548518,0.0193009958492708
Norm,Experiment2 GLY276 #4 norm,,1.01743827841199,0.0178903498576592
Norm,Experiment2 GLY276 #5 norm,,1.00344742508181,0.0389710795864796
Norm,Experiment2 GLY276 #6 norm,,0.994963223924223,0.0803533323484992
Norm,Experiment2 GLY276 #7 norm,,0.986718604932987,0.132556068748091
Norm,Experiment2 GLY276 #8 norm,,0.977305396593274,0.250020566250058
Norm,Experiment2 HPA262 #1 norm,,0.968662061232521,0.0200760514900794
Norm,Experiment2 HPA262 #2 norm,,1.0207792403472,0.0254590934612115
Norm,Experiment2 HPA262 #3 norm,,0.995020127243388,0.0245908939113429
Norm,Experiment2 HPA262 #4 norm,,0.953924361855145,0.0306423603845697
Norm,Experiment2 HPA262 #5 norm,,0.99869737635597,0.0237120259710406
Norm,Experiment2 HPA262 #6 norm,,0.929750824084756,0.0267681827397388
Norm,Experiment2 HPA262 #7 norm,,0.971137510704944,0.0229673828926062
Norm,Experiment2 HPA262 #8 norm,,1.01153284228485,0.0391684995045108
Norm,Experiment2 GA307 #1 norm,,1.00677746873784,0.0110224355790765
Norm,Experiment2 GA307 #2 norm,,0.834120759558647,0.0266169905882104
Norm,Experiment2 GA307 #3 norm,,0.884859531822076,0.0209209490695814
Norm,Experiment2 GA307 #4 norm,,1.00468300477829,0.02692947245096
Norm,Experiment2 GA307 #5 norm,,0.946040277967076,0.0716098730133697
Norm,Experiment2 GA307 #6 norm,,0.931728192657437,0.0995959022980098
Norm,Experiment2 GA307 #7 norm,,0.955195408102674,0.0733934933758035
Norm,Experiment2 GA307 #8 norm,,0.934667185101909,0.157907683670506
Norm,Experiment2 SER306 #1 norm,,0.976497137818184,0.0123278143946772
Norm,Experiment2 SER306 #2 norm,,0.993410701317195,0.0346909676346278
Norm,Experiment2 SER306 #3 norm,,1.02343616397469,0.0210591280424669
Norm,Experiment2 SER306 #4 norm,,1.04172317012629,0.0251172510660945
Norm,Experiment2 SER306 #5 norm,,0.969834098453877,0.0580479236692001
Norm,Experiment2 SER306 #6 norm,,0.963596384372902,0.112396921566166
Norm,Experiment2 SER306 #7 norm,,1.03778032175279,0.091611445662501
Norm,Experiment2 SER306 #8 norm,,1.03628362137495,0.104771708695205
Norm,Experiment2 meTHF #1 norm,,1.00651712703908,0.0100371894031435
Norm,Experiment2 meTHF #2 norm,,1.00132474367272,0.0147433087725474
Norm,Experiment2 meTHF #3 norm,,0.962259214315815,0.026686485697665
Norm,Experiment2 meTHF #4 norm,,1.03004433883152,0.0271866383218107
Norm,Experiment2 meTHF #5 norm,,1.00141086825947,0.0843067185179877
Norm,Experiment2 meTHF #6 norm,,0.978116156282784,0.118620941604062
Norm,Experiment2 meTHF #7 norm,,1.00357735797774,0.284191517001711
Norm,Experiment2 meTHF #8 norm,,1.02696913039513,0.069099402408413
Norm,Experiment2 FmTHF #1 norm,,1.01083166010591,0.0100473673519111
Norm,Experiment2 FmTHF #2 norm,,0.992599131088442,0.0113475782426711
Norm,Experiment2 FmTHF #3 norm,,1.01845114535613,0.0102314899485237
Norm,Experiment2 FmTHF #4 norm,,0.996880147892569,0.0214790878764377
Norm,Experiment2 FmTHF #5 norm,,0.989949126305084,0.040220098439614
Norm,Experiment2 FmTHF #6 norm,,1.00192806685389,0.0673698689837749
Norm,Experiment2 FmTHF #7 norm,,0.985211584465537,0.115458533754032
Norm,Experiment2 FmTHF #8 norm,,0.993530585580741,0.0639618291082712
Norm,Experiment2 Met176 #1 norm,,0.947299368959587,0.0226782801524659
Norm,Experiment2 Met176 #2 norm,,0.908901791746706,0.0357119447969744
Norm,Experiment2 Met176 #3 norm,,0.92398241419943,0.0319913429601884
Norm,Experiment2 Met176 #4 norm,,0.798779632845366,0.0811679747494116
Norm,Experiment2 Met176 #5 norm,,0.921583273729804,0.0693415465692665
Norm,Experiment2 Met176 #6 norm,,0.995775216976406,0.0341979338359056
Norm,Experiment2 Met176 #7 norm,,1.003829154643,0.0569727434892301
Norm,Experiment2 Met176 #8 norm,,0.991170921728316,0.145881663160803
Norm,Experiment2 SAM #1 norm,,0.993547373423807,0.0143110907153794
Norm,Experiment2 SAM #2 norm,,0.977263961619253,0.0220129929796176
Norm,Experiment2 SAM #3 norm,,0.985589712077309,0.0366572355082371
Norm,Experiment2 SAM #4 norm,,1.00405755203855,0.0423708821857479
Norm,Experiment2 SAM #5 norm,,0.999206393483872,0.0227744174520593
Norm,Experiment2 SAM #6 norm,,1.03559442655983,0.0642781113941881
Norm,Experiment2 SAM #7 norm,,1.01390500900603,0.0794842782298522
Norm,Experiment2 SAM #8 norm,,0.995756960146226,0.0737293252394658
Norm,Experiment2 CIT465 #1 norm,,1.01768366683729,0.0129095001586496
Norm,Experiment2 CIT465 #2 norm,,1.00088989674789,0.0107160249488864
Norm,Experiment2 CIT465 #3 norm,,1.0144351102226,0.0134976025963031
Norm,Experiment2 CIT465 #4 norm,,0.972913995512363,0.0127110231214165
Norm,Experiment2 CIT465 #5 norm,,0.949144566620915,0.0153578042053487
Norm,Experiment2 CIT465 #6 norm,,0.991855416910137,0.0113524208593663
Norm,Experiment2 CIT465 #7 norm,,0.967162459494829,0.0148008988521879
Norm,Experiment2 CIT465 #8 norm,,1.04046651177652,0.0211939043538234
Norm,Experiment2 MAL335 #1 norm,,0.997000097357793,0.0119807042104508
Norm,Experiment2 MAL335 #2 norm,,0.966406817327235,0.0133187326998973
Norm,Experiment2 MAL335 #3 norm,,1.00502708694051,0.0133529216671061
Norm,Experiment2 MAL335 #4 norm,,1.01086841808583,0.0119714741960587
Norm,Experiment2 MAL335 #5 norm,,0.959811213236381,0.0140673549768387
Norm,Experiment2 MAL335 #6 norm,,0.977134994039177,0.0148689788514876
Norm,Experiment2 MAL335 #7 norm,,0.992832888250826,0.0205973803134097
Norm,Experiment2 MAL335 #8 norm,,0.99153098699331,0.0400420537837843
Norm,Experiment2 ASP334 #1 norm,,1.00398182692096,0.0157851545001279
Norm,Experiment2 ASP334 #2 norm,,0.945115683502214,0.0231637447878208
Norm,Experiment2 ASP334 #3 norm,,0.945585670185557,0.0171536784918327
Norm,Experiment2 ASP334 #4 norm,,0.961194385113408,0.0213892028654397
Norm,Experiment2 ASP334 #5 norm,,0.934489139382899,0.0256394191856228
Norm,Experiment2 ASP334 #6 norm,,0.972783951294474,0.0626262409803967
Norm,Experiment2 ASP334 #7 norm,,0.989179306698561,0.0607329836598609
Norm,Experiment2 ASP334 #8 norm,,0.969919445945148,0.0391182775593163
Norm,Experiment2 GLU348 #1 norm,,1.00951373429368,0.011705360206973
Norm,Experiment2 GLU348 #2 norm,,1.00278533349424,0.0125518231904867
Norm,Experiment2 GLU348 #3 norm,,1.01196529540301,0.0120243461615223
Norm,Experiment2 GLU348 #4 norm,,0.998954273112785,0.0157373267977159
Norm,Experiment2 GLU348 #5 norm,,1.0091222086454,0.0286484843010583
Norm,Experiment2 GLU348 #6 norm,,0.996807657997599,0.0156165715018502
Norm,Experiment2 GLU348 #7 norm,,0.937457406496891,0.0218286500635485
Norm,Experiment2 GLU348 #8 norm,,0.95780806932208,0.0508547110273152
Norm,Experiment2 THR320 #1 norm,,0.995906889644726,0.0101204501463871
Norm,Experiment2 THR320 #2 norm,,1.03231784521166,0.0122169961775478
Norm,Experiment2 THR320 #3 norm,,1.02665882822971,0.0105530510416344
Norm,Experiment2 THR320 #4 norm,,0.989403145362147,0.0110029886992702
Norm,Experiment2 THR320 #5 norm,,0.97653365709996,0.0208312411423236
Norm,Experiment2 THR320 #6 norm,,1.01949156043281,0.0111911213847982
Norm,Experiment2 THR320 #7 norm,,0.957446164346283,0.0137872551991879
Norm,Experiment2 THR320 #8 norm,,0.982728000730867,0.0564451526530841
Norm,Experiment2 ALA116 #1 norm,,1.01407816882374,0.0101150697679153
Norm,Experiment2 ALA116 #2 norm,,0.980400794089762,0.0098012759595176
Norm,Experiment2 ALA116 #3 norm,,1.0099100262609,0.0105571031997652
Norm,Experiment2 ALA116 #4 norm,,0.999314505087709,0.0265212129567514
Norm,Experiment2 ALA116 #5 norm,,1.05579498291678,0.0760159297076466
Norm,Experiment2 ALA116 #6 norm,,1.00897437813082,0.0756965100243726
Norm,Experiment2 ALA116 #7 norm,,1.02879350954732,0.0748478608342812
Norm,Experiment2 ALA116 #8 norm,,0.887180847265894,0.162831875307186
Norm,Experiment2 PYR #1 norm,,0.98057709865441,0.0124302653674787
Norm,Experiment2 PYR #2 norm,,0.901631008753856,0.0485220214833394
Norm,Experiment2 PYR #3 norm,,0.895137770852136,0.0642058205373419
Norm,Experiment2 PYR #4 norm,,0.981651768271286,0.0500167488737631
Norm,Experiment2 PYR #5 norm,,1.01248214422763,0.132591659245337
Norm,Experiment2 PYR #6 norm,,0.991221768152223,0.121812935703329
Norm,Experiment2 PYR #7 norm,,1.01506223889885,0.0668084568223402
Norm,Experiment2 PYR #8 norm,,0.985224877828298,0.104887567829028
