type,id,eqn,val,std
Net flux,CO2.t,CO2.t -> CO2,66.9051780343885,1.52454604960906
Net flux,CO2_sink,dummy -> Sink,66.9051780343884,1.52454604960906
Net flux,RUBICSO_CO2,RUBP.p + CO2 -> 3PGA.p + 3PGA.p + dummy,68.1132426399768,1.5285038515007
Net flux,GAPDH.p net,3PGA.p <-> TP.p,138.620774498304,3.05280005159538
Exch flux,GAPDH.p exch,3PGA.p <-> TP.p,30862.234189593,90.6210541795684
Net flux,ALD,TP.p + E4P.p -> SBP,23.4140460058106,0.511197009766455
Net flux,SBP,SBP -> S7P.p,23.4140460058106,0.511197009766455
Net flux,FBA.p net,TP.p + TP.p <-> FBP.p,30.779408657465,0.780579133333171
Exch flux,FBA.p exch,TP.p + TP.p <-> FBP.p,22586.6539943748,164.282489411708
Net flux,PFK.p net,FBP.p <-> F6P.p,30.7794086574681,0.780579133333171
Exch flux,PFK.p exch,FBP.p <-> F6P.p,1.00005550507376e-07,1.70125529488246e-13
Net flux,TK1 net,TP.p + EC2 <-> X5P.p,46.8280920116212,1.02239401953291
Exch flux,TK1 exch,TP.p + EC2 <-> X5P.p,1.0000000116861e-07,0
Net flux,TK2 net,S7P.p <-> R5P.p + EC2,23.4140460058106,0.511197009766455
Exch flux,TK2 exch,S7P.p <-> R5P.p + EC2,37.7685839661601,248.500390475738
Net flux,TK3 net,F6P.p <-> E4P.p + EC2,23.4140460058115,0.511197009766455
Exch flux,TK3 exch,F6P.p <-> E4P.p + EC2,10141.3478311605,320.436252663281
Net flux,PPE net,X5P.p <-> RU5P.p,46.8280920116212,1.02239401953291
Exch flux,PPE exch,X5P.p <-> RU5P.p,76.1168384276207,314.816081119009
Net flux,PPI net,R5P.p <-> RU5P.p,23.4140460058106,0.511197009766455
Exch flux,PPI exch,R5P.p <-> RU5P.p,238.051971370605,339.879759825842
Net flux,PRK,RU5P.p -> RUBP.p,70.2421380174319,1.53359102929939
Net flux,RUBISCO_O2,RUBP.p -> 3PGA.p + 2PG.p,2.12889537745512,0.0840596816197197
Net flux,GLYdil net,GLY.p <-> GLY.x + dummyGLY,0.0173734893252444,0.00176537065124065
Exch flux,GLYdil exch,GLY.p <-> GLY.x + dummyGLY,1.0000000116861e-07,0
Net flux,SERdil net,SER.p <-> SER.x + dummySER,0.0594061910306536,0.00603642524705382
Exch flux,SERdil exch,SER.p <-> SER.x + dummySER,1.00011405379519e-07,2.28198363290061e-13
Net flux,GK,GA.p -> 3PGA.p,0.992454762175285,0.114872242125568
Net flux,PGI.p net,F6P.p <-> G6P.p,7.36536265165589,0.415420767064289
Exch flux,PGI.p exch,F6P.p <-> G6P.p,1.85459948880331,360.775241180437
Net flux,PGM.p,G6P.p -> ADPG.p,7.3653626516559,0.415420767064289
Net flux,Starch,ADPG.p -> Starch,7.36536265165588,0.415420767064289
Net flux,FBA.c net,TP.c + TP.c <-> FBP.c,3.40990958296972,0.346490804951765
Exch flux,FBA.c exch,TP.c + TP.c <-> FBP.c,19.051050577497,342.072339682528
Net flux,PFK.c net,FBP.c <-> F6P.c,3.40990958296973,0.346490804951765
Exch flux,PFK.c exch,FBP.c <-> F6P.c,3.75383529724976,196.593364023078
Net flux,PGI.c net,F6P.c <-> G6P.c,1.70495479148491,0.173245402475883
Exch flux,PGI.c exch,F6P.c <-> G6P.c,212.197551693319,301.737552416052
Net flux,PGM.c net,G6P.c <-> UDPG.c,1.70495479147939,0.173245402475883
Exch flux,PGM.c exch,G6P.c <-> UDPG.c,48478.1901674124,260.986684916931
Net flux,SPS,F6P.c + UDPG.c -> S6P,1.70495479148483,0.173245402475883
Net flux,PGAM.c net,3PGA.c <-> PEP.c,0.727060921280364,0.0738787694326057
Exch flux,PGAM.c exch,3PGA.c <-> PEP.c,0.470229726480775,370.076844404233
Net flux,PK.c,PEP.c -> PYR.c,0.330028098986908,0.0335351125572718
Net flux,PDH,PYR.c + dummy -> ACA + CO2,0.274668216907872,0.0279098343389821
Net flux,CS,OAA + ACA -> CIT,0.274668216907868,0.0279098343389821
Net flux,ACO net,CIT <-> ICI,0.274668216907912,0.0279098343389821
Exch flux,ACO exch,CIT <-> ICI,1201.65024695129,370.076837029991
Net flux,IDH,ICI + dummy -> AKG + CO2,0.274668216907885,0.0279098343389821
Net flux,MDH net,MAL <-> OAA,7.105427357601e-15,0
Exch flux,MDH exch,MAL <-> OAA,0.366789775797528,0.069578204162973
Net flux,PPC,PEP.c + CO2 -> OAA + dummy,0.397032822292522,0.0403436568748492
Net flux,T_3PGA net,3PGA.p <-> 3PGA.c,0.727060921280348,0.0738787694326057
Exch flux,T_3PGA exch,3PGA.p <-> 3PGA.c,1.82877078115847,2.17262801572809
Net flux,T_DHAP net,TP.p <-> TP.c,6.81981916593949,0.69298160990353
Exch flux,T_DHAP exch,TP.p <-> TP.c,0.134784661558343,262.078337246951
Net flux,ALT,PYR.c -> ALA.c,0.0553598820794586,0.00562527821844821
Net flux,ASPT,OAA -> ASP,0.122364605384862,0.0124338225357221
Net flux,GLUDH,AKG -> GLU,0.274668216907862,0.0279098343389821
Net flux,PCR net,GLU <-> PRO,-2.48689957516035e-14,0
Exch flux,PCR exch,GLU <-> PRO,1.0000000116861e-07,0
Net flux,GS net,GLU <-> GLN,0,0
Exch flux,GS exch,GLU <-> GLN,1.00042257145105e-07,0
Net flux,TS net,ASP <-> THR,0,0
Exch flux,TS exch,ASP <-> THR,1.0000000116861e-07,0
Net flux,AS net,ASP <-> ASN,1.06581410364015e-14,0
Exch flux,AS exch,ASP <-> ASN,1.0000000116861e-07,0
Net flux,G_3PGA.p,0*3PGA.p -> 3PGA,2.4686631405757e-06,408.92350431703
Net flux,G_3PGA.c,0*3PGA.c -> 3PGA,92.9119081398121,289.205943624255
Net flux,G_DHAP.p,0*TP.p -> TP,40.6853798422419,472.631011574285
Net flux,G_DHAP.c,0*TP.c -> TP,51.8471856996948,334.499152616236
Net flux,G_F6P.p,0*F6P.p -> F6P,48.6686345030749,409.349776148695
Net flux,G_F6P.c,0*F6P.c -> F6P,36.546576817712,307.757635745642
Net flux,G_FBP.p,0*FBP.p -> FBP,2.4686614779057e-06,480.971662771538
Net flux,G_FBP.c,0*FBP.c -> FBP,83.4512310505778,346.024399476184
Net flux,G_G6P.p,0*G6P.p -> G6P,19.0549768397257,429.562644143291
Net flux,G_G6P.c,0*G6P.c -> G6P,58.8549499993083,289.798367929382
Net flux,G_RU5P.p,0*RU5P.p -> P5P,2.46865387865114e-06,460.712293940085
Net flux,G_X5P.p,0*X5P.p -> P5P,92.8477691495494,316.881749867536
Net flux,G_R5P.p,0*R5P.p -> R5P,82.2810779884949,308.904379003799
Net flux,G_GA.p,0*GA.p -> GA,23.4657662784245,3.42364444367849
Net flux,G_SER.p,0*SER.p -> SER,60.621485172253,311.944281728581
Net flux,G_GLY.p,0*GLY.p -> GLY,52.9384494502402,447.803499046999
Net flux,G_RUBP.p,0*RUBP.p -> RUBP,92.5302752673063,288.790349783986
Net flux,G_S7P.p,0*S7P.p -> S7P,98.4567310636212,324.254741155895
Net flux,G_2PG.p,0*2PG.p -> 2PG,87.0427532706349,322.246607125522
Net flux,G_ADPG.p,0*ADPG.p -> ADPG,95.0805622183481,327.711178764569
Net flux,G_PEP.c,0*PEP.c -> PEP,89.2305410445615,317.883031252937
Net flux,G_UDPG.c,0*UDPG.c -> UDPG,72.4268033045549,327.154094156991
Net flux,G_ALA.c,0*ALA.c -> ALA,99.828917945686,324.898738548701
Net flux,(1-G)_GA,0*GA.x -> GA,76.5342337215775,3.42364444367849
Net flux,(1-G)_SER,0*SER.x -> SER,39.3785143077759,4.50650910934613
Net flux,(1-G)_GLY,0*GLY.x -> GLY,47.0568934658048,5.45476902158029
Net flux,(1-G)_R5P,0*R5P.x -> R5P,17.718922011502,308.904379003799
Net flux,(1-G)_RUBP,0*RUBP.x -> RUBP,7.46972473269241,288.790349783986
Net flux,(1-G)_3PGA,0*3PGA.x -> 3PGA,7.08808939152501,292.007963471583
Net flux,(1-G)_TP,0*TP.x -> TP,7.46743445806384,323.216028671086
Net flux,(1-G)_F6P,0*F6P.x -> F6P,14.7847886792169,315.000198822502
Net flux,(1-G)_FBP,0*FBP.x -> FBP,16.5487664807555,311.651270171565
Net flux,(1-G)_G6P,0*G6P.x -> G6P,22.0900731609643,314.452186146869
Net flux,(1-G)_RU5P,0*RU5P.x -> P5P,7.15222838179812,336.228746952272
Net flux,(1-G)_S7P,0*S7P.x -> S7P,1.5432689363768,324.254741155895
Net flux,(1-G)_2PG,0*2PG.x -> 2PG,12.9572467293675,322.246607125522
Net flux,(1-G)_ADPG,0*ADPG.x -> ADPG,4.91943778165087,327.711178764569
Net flux,(1-G)_PEP,0*PEP.x -> PEP,10.7694589554367,317.883031252937
Net flux,(1-G)_UDPG,0*UDPG.x -> UDPG,27.5731966954463,327.154094156991
Net flux,(1-G)_ALA,0*ALA.x -> ALA,0.171082054313835,324.898738548701
Net flux,PGASink,3PGA -> Sink,100,0
Net flux,DHAPSink,TP -> Sink,100.000000000001,0
Net flux,F6PSink,F6P -> Sink,100.000000000004,0
Net flux,FBPSink,FBP -> Sink,99.9999999999948,0
Net flux,G6PSink,G6P -> Sink,99.9999999999983,0
Net flux,P5PSink,P5P -> Sink,100.000000000001,0
Net flux,R5PSink,R5P -> Sink,99.9999999999968,0
Net flux,GASink,GA -> Sink,100.000000000002,0
Net flux,SERSink,SER -> Sink,99.9999999999996,0
Net flux,GLYSink,GLY -> Sink,100.000000000001,0
Net flux,RUBPSink,RUBP -> Sink,99.9999999999987,0
Net flux,S7PSink,S7P -> Sink,99.9999999999979,0
Net flux,2PGSink,2PG -> Sink,100.000000000002,0
Net flux,ADPGSink,ADPG -> Sink,99.9999999999989,0
Net flux,PEPSink,PEP -> Sink,99.9999999999983,0
Net flux,UDPGSink,UDPG -> Sink,100.000000000001,0
Net flux,ALASink,ALA -> Sink,99.9999999999998,0
Net flux,S6Pout-LL,S6P + 0.1611*GLU + 0.07177*ASP + 0.03247*ALA.c + 0.01019*dummyGLY + 0.03484*dummySER -> Sink,1.70495479148486,0.173245402475883
Net flux,PGP.p,2PG.p -> Glyc.p,2.12889537745514,0.0840596816197197
Net flux,GOX,Glyc.p -> Glyx.p,2.12889537745516,0.0840596816197197
Net flux,GGT,Glyx.p -> GLY.p,2.12889537745514,0.0840596816197197
Net flux,SGAT,SER.p -> HPA.p,0.992454762175274,0.114872242125568
Net flux,HPR.p,HPA.p -> GA.p,0.992454762175268,0.114872242125568
Net flux,T_GLY-m net,GLY.p <-> GLY.m,2.11152188813139,0.0841164893527498
Exch flux,T_GLY-m exch,GLY.p <-> GLY.m,46745.5978060885,333.283661934759
Net flux,GDC.m,GLY.m + dummy -> myTHF.m + CO2,1.05576099406509,0.0420582446763604
Net flux,T_SER-m net,SER.p <-> SER.m,-1.05576099406505,0.0420582446763604
Exch flux,T_SER-m exch,SER.p <-> SER.m,818.891581331606,318.78821958244
Net flux,mSHMT,GLY.m + myTHF.m -> SER.m,1.05576099406509,0.0420582446763604
Net flux,T_SER-c net,SER.p <-> SER.c,0.00390004085915496,0.10847832410219
Exch flux,T_SER-c exch,SER.p <-> SER.c,0.0525615216513344,0.143100987289744
Net flux,T_Gly-c net,GLY.p <-> GLY.c,7.63833440942108e-14,6.95170071443643e-14
Exch flux,T_Gly-c exch,GLY.p <-> GLY.c,9.9999923452998e-08,6.19704256031119e-14
Net flux,cSHMT,SER.c -> GLY.c + meTHF.c,0.00389994085914935,0.108478324102005
Net flux,FmTHF-reductase net,meTHF.c <-> FmTHF.c,0.00389994085915113,0.108478324102005
Exch flux,FmTHF-reductase exch,meTHF.c <-> FmTHF.c,8.71184970533858,323.655667479989
Net flux,Met-synthase,FmTHF.c + Hcy.c -> Met.c,0.0038999408591297,0.108478324102005
Net flux,SAM-synthase,Met.c -> SAM.c,0.00389994085913903,0.108478324102005
Net flux,Methylation,SAM.c -> SAH.c + Acceptor.c,0.00389994085913414,0.108478324102005
Net flux,hydrolysis,SAH.c -> Hcy.c,0.00389994085912637,0.108478324102005
Net flux,G_SER.m,0*SER.m -> SER,1.0000000116861e-07,0
Net flux,G_SER.c,0*SER.c -> SER,4.19970682230542e-07,311.911728347398
Net flux,G_Gly.m,0*GLY.m -> GLY,0.000115928225920214,306.49214766853
Net flux,G_Gly.c,0*GLY.c -> GLY,0.00454115573026215,310.906117136085
Net flux,T_GLY-c-m,GLY.c -> GLY.m,1.00000385749865e-07,9.57166499159379e-14
Net flux,G_Glyc,0*Glyc.p -> Glyc,10.0940407080478,1.71706500029327
Net flux,G_Glyx,0*Glyx.p -> Glyx,99.4995905173797,317.370153705417
Net flux,G_HPA,0*HPA.p -> HPA,11.0111802815919,2.06231177622286
Net flux,(1-G)_Glyc,0*Glyc.x -> Glyc,89.9059592919528,1.71706500029327
Net flux,(1-G)_Glyx,0*Glyx.x -> Glyx,0.500409482621116,317.370153705417
Net flux,(1-G)_HPA,0*HPA.x -> HPA,88.988819718408,2.06231177622286
Net flux,GlycSink,Glyc -> Sink,100.000000000001,0
Net flux,GlyxSink,Glyx -> Sink,100.000000000001,0
Net flux,HPASink,HPA -> Sink,99.9999999999998,0
Net flux,SERex,dummySER -> outSER,1.00010695280872e-07,1.55917018325918e-13
Net flux,G_PYR,0*PYR.c -> PYR,37.0022742336311,2.52986961355289
Net flux,(1-G)_PYR,0*PYR.x -> PYR,62.9977257663692,2.52986961355289
Net flux,PYRSink,PYR -> Sink,100,0
Net flux,G_meTHF,0*meTHF.c -> meTHF,99.9999998999999,0
Net flux,G_FmTHF,0*FmTHF.c -> FmTHF,80.639712514351,4.8406740588466
Net flux,G_Met,0*Met.c -> Met,56.0263245400405,5.62957355305199
Net flux,G_SAM,0*SAM.c -> SAM,62.9332228964214,4.27425704253371
Net flux,(1-G)_meTHF,0*meTHF.x -> meTHF,1.0000000116861e-07,0
Net flux,(1-G)_FmTHF,0*FmTHF.x -> FmTHF,19.3602874856491,4.8406740588466
Net flux,(1-G)_Met,0*Met.x -> Met,43.9736754599595,5.62957355305199
Net flux,(1-G)_SAM,0*SAM.x -> SAM,37.0667771035786,4.27425704253371
Net flux,meTHFSink,meTHF -> Sink,99.9999999999999,0
Net flux,FmTHFSink,FmTHF -> Sink,100,0
Net flux,MetSink,Met -> Sink,100,0
Net flux,SAMsink,SAM -> Sink,100,0
Net flux,Met-protein,Met.c -> Protein,6.51983996113883e-15,0
Net flux,GLY-protein,GLY.c -> Protein,0.00389984085886752,0.108478324102333
Net flux,SER-protein,SER.c -> Protein,1.00000005609502e-07,5.18668335270722e-14
Pool,2PG pool,,0,0
Pool,2PG.p pool,,1.88878871273508e-06,331.305245346251
Pool,2PG.x pool,,1,Inf
Pool,3PGA pool,,0,0
Pool,3PGA.c pool,,0.0848090452191782,0.0702327727798555
Pool,3PGA.p pool,,3.82331808588319e-06,308.556700267268
Pool,3PGA.x pool,,1,Inf
Pool,ACA pool,,2.28370544725372e-06,319.895783634901
Pool,ADPG pool,,0,0
Pool,ADPG.p pool,,9.9999999999999e-08,Inf
Pool,ADPG.x pool,,1,Inf
Pool,AKG pool,,1.95661335063957e-06,331.72164686919
Pool,ALA pool,,0,0
Pool,ALA.c pool,,0.0249289436808655,0.00326061204797026
Pool,ALA.x pool,,1,Inf
Pool,ASN pool,,7566.06819644886,315.689608614991
Pool,ASP pool,,0.00414503695504338,0.00313795557661855
Pool,Acceptor.c pool,,1,Inf
Pool,CIT pool,,4.52847419368065,1.21318390621653
Pool,CO2 pool,,0.000160361720629659,325.989612294021
Pool,CO2.t pool,,1,Inf
Pool,E4P.p pool,,0,0
Pool,EC2 pool,,0,0
Pool,F6P pool,,0,0
Pool,F6P.c pool,,3.82990504948636e-06,327.746888939925
Pool,F6P.p pool,,3.47995597129621e-06,311.998865318148
Pool,F6P.x pool,,1,Inf
Pool,FBP pool,,0,0
Pool,FBP.c pool,,3.81965723232471e-06,305.646839988562
Pool,FBP.p pool,,3.44317499072806e-06,327.780572719057
Pool,FBP.x pool,,1,Inf
Pool,FmTHF pool,,4.18462443353533,2.15699021422269
Pool,FmTHF.c pool,,1e-07,0
Pool,FmTHF.x pool,,1,Inf
Pool,G6P pool,,0,0
Pool,G6P.c pool,,9.87621523779079e-06,326.241833262722
Pool,G6P.p pool,,3.74959722965643e-06,326.662076366969
Pool,G6P.x pool,,1,Inf
Pool,GA pool,,0,0
Pool,GA.p pool,,2.46812581782374e-06,321.728724030608
Pool,GA.x pool,,1,Inf
Pool,GLN pool,,8.83867754964014,335.707226749726
Pool,GLU pool,,1.95656216813498e-06,334.347272626854
Pool,GLY pool,,0,0
Pool,GLY.c pool,,0.832520398676052,327.125054598059
Pool,GLY.m pool,,1.1549737520644,0.0866722308828202
Pool,GLY.p pool,,0.000423224436088462,336.155169543574
Pool,GLY.x pool,,1,Inf
Pool,Glyc pool,,8.03020087781261,3.64397046554232
Pool,Glyc.p pool,,2.92138594003016e-06,343.67922157934
Pool,Glyc.x pool,,1,Inf
Pool,Glyx pool,,679.664146267835,143.899755759278
Pool,Glyx.p pool,,3.56249935504564e-06,339.571418732794
Pool,Glyx.x pool,,1,Inf
Pool,HPA pool,,0.000167981136882012,335.758473922909
Pool,HPA.p pool,,1.90497284699765e-06,330.842416627117
Pool,HPA.x pool,,1,Inf
Pool,Hcy.c pool,,1,Inf
Pool,ICI pool,,0.00505013199485567,328.811322410101
Pool,MAL pool,,0.872257008550467,0.225593791744598
Pool,Met pool,,0.000627692030740282,326.107747808954
Pool,Met.c pool,,1e-07,0
Pool,Met.x pool,,1,Inf
Pool,OAA pool,,0.218076781822636,0.0534418840878138
Pool,P5P pool,,0,0
Pool,PEP pool,,0,0
Pool,PEP.c pool,,1.27456836678949e-05,336.04857292802
Pool,PEP.x pool,,1,Inf
Pool,PRO pool,,5.39499638346786,327.30451809209
Pool,PYR pool,,1.00001309148734e-07,337.009412699377
Pool,PYR.c pool,,0.00505015399604786,0.00268139218931928
Pool,PYR.x pool,,1,Inf
Pool,Protein pool,,1,Inf
Pool,R5P pool,,0,0
Pool,R5P.p pool,,1.57916112471236e-05,331.193158136382
Pool,R5P.x pool,,1,Inf
Pool,RU5P.p pool,,3.40917939816349e-06,344.819545248801
Pool,RU5P.x pool,,1,Inf
Pool,RUBP pool,,0,0
Pool,RUBP.p pool,,3.41838328323924e-06,339.287724560303
Pool,RUBP.x pool,,1,Inf
Pool,S6P pool,,1,Inf
Pool,S7P pool,,0,0
Pool,S7P.p pool,,3.37982449665986e-06,346.249492685606
Pool,S7P.x pool,,1,Inf
Pool,SAH.c pool,,1,Inf
Pool,SAM pool,,3.05510820184866,261.359263207491
Pool,SAM.c pool,,0.000115814414578191,0.0106896523367241
Pool,SAM.x pool,,1,Inf
Pool,SBP pool,,0,0
Pool,SER pool,,0,0
Pool,SER.c pool,,1.00000000002876e-07,0
Pool,SER.m pool,,0.00187238164229751,324.970683889615
Pool,SER.p pool,,0.000486782391451679,310.626065737006
Pool,SER.x pool,,1,Inf
Pool,Sink pool,,1,Inf
Pool,Starch pool,,1,Inf
Pool,THR pool,,3889.77905919215,314.610628765304
Pool,TP pool,,0,0
Pool,TP.c pool,,4.17760462461278e-06,336.986850110789
Pool,TP.p pool,,3.95719991205911e-06,317.076776254246
Pool,TP.x pool,,1,Inf
Pool,UDPG pool,,0,0
Pool,UDPG.c pool,,1474.80629303737,324.81356278332
Pool,UDPG.x pool,,1,Inf
Pool,X5P.p pool,,3.49181705024666e-06,341.908755676155
Pool,dummy pool,,1,Inf
Pool,dummyGLY pool,,1,Inf
Pool,dummySER pool,,1,Inf
Pool,meTHF pool,,0.000421626768907293,346.039522130284
Pool,meTHF.c pool,,1e-07,0
Pool,meTHF.x pool,,1,Inf
Pool,myTHF.m pool,,1.00005481661421e-07,325.611949443713
Pool,outSER pool,,1,Inf
Norm,Experiment2 Glyc205 #1 norm,,0.996435111630873,0.0376556087241528
Norm,Experiment2 Glyc205 #2 norm,,0.979155116439491,0.0157554772111616
Norm,Experiment2 Glyc205 #3 norm,,1.01295080745562,0.0223910910239326
Norm,Experiment2 Glyc205 #4 norm,,0.989611364950482,0.0212416420476396
Norm,Experiment2 Glyc205 #5 norm,,1.01208923099387,0.0241124032408746
Norm,Experiment2 Glyc205 #6 norm,,0.960851967269913,0.0241476818801515
Norm,Experiment2 Glyc205 #7 norm,,1.03399878773479,0.0359278437332052
Norm,Experiment2 Glyc205 #8 norm,,0.90096181197365,0.1001666329487
Norm,Experiment2 Glyx160 #1 norm,,0.989269322524195,0.01126498866496
Norm,Experiment2 Glyx160 #2 norm,,0.986009221810938,0.0114601062162823
Norm,Experiment2 Glyx160 #3 norm,,1.01265588168248,0.0129782976591813
Norm,Experiment2 Glyx160 #4 norm,,0.969404213555525,0.0159353617831964
Norm,Experiment2 Glyx160 #5 norm,,0.977031387817798,0.0140279413480138
Norm,Experiment2 Glyx160 #6 norm,,1.01776727024608,0.0207725358936875
Norm,Experiment2 Glyx160 #7 norm,,1.03481257806107,0.0308066154561196
Norm,Experiment2 Glyx160 #8 norm,,0.812221264142027,0.125268120517427
Norm,Experiment2 GLY276 #1 norm,,0.983897533594784,0.0102708678908192
Norm,Experiment2 GLY276 #2 norm,,0.955908412578675,0.020060300549071
Norm,Experiment2 GLY276 #3 norm,,0.988437904615442,0.0168946433663845
Norm,Experiment2 GLY276 #4 norm,,1.04035779895186,0.0171629577697087
Norm,Experiment2 GLY276 #5 norm,,1.00390352457127,0.0377623208736435
Norm,Experiment2 GLY276 #6 norm,,0.998655734536585,0.0831182074534641
Norm,Experiment2 GLY276 #7 norm,,1.04134117861115,0.108831753699631
Norm,Experiment2 GLY276 #8 norm,,0.993909743087953,0.156321115519126
Norm,Experiment2 HPA262 #1 norm,,1.00164922637012,0.0197403479042077
Norm,Experiment2 HPA262 #2 norm,,0.938273516074075,0.0224211980713772
Norm,Experiment2 HPA262 #3 norm,,0.967283309542002,0.024117686396643
Norm,Experiment2 HPA262 #4 norm,,0.97606169561549,0.0293923162553682
Norm,Experiment2 HPA262 #5 norm,,0.916478056300279,0.0216353450216415
Norm,Experiment2 HPA262 #6 norm,,0.998517034982041,0.0294169659727077
Norm,Experiment2 HPA262 #7 norm,,1.0234248701136,0.0250996048985501
Norm,Experiment2 HPA262 #8 norm,,0.934851734148368,0.0364948656750041
Norm,Experiment2 GA307 #1 norm,,1.01991872802802,0.011042411353786
Norm,Experiment2 GA307 #2 norm,,0.882156380211737,0.028012665647619
Norm,Experiment2 GA307 #3 norm,,0.885213590903414,0.0213727409329679
Norm,Experiment2 GA307 #4 norm,,0.969150745391777,0.025535026432358
Norm,Experiment2 GA307 #5 norm,,0.909020671773974,0.0738084151494231
Norm,Experiment2 GA307 #6 norm,,0.793461217591283,0.0847290802625131
Norm,Experiment2 GA307 #7 norm,,0.798992166148697,0.0752111366990511
Norm,Experiment2 GA307 #8 norm,,1.01231402749226,0.151401860397461
Norm,Experiment2 SER306 #1 norm,,0.981508552566026,0.0125714737686663
Norm,Experiment2 SER306 #2 norm,,0.939560006240182,0.0315134136450434
Norm,Experiment2 SER306 #3 norm,,0.972095637607942,0.0192880643495764
Norm,Experiment2 SER306 #4 norm,,1.02302665909694,0.0251610344815558
Norm,Experiment2 SER306 #5 norm,,0.93953595556655,0.0537231071964694
Norm,Experiment2 SER306 #6 norm,,0.962691516098853,0.108238705750153
Norm,Experiment2 SER306 #7 norm,,0.806157424547141,0.0876007675298764
Norm,Experiment2 SER306 #8 norm,,0.872157076214875,0.104905238044209
Norm,Experiment2 meTHF #1 norm,,0.992078280967302,0.00988043845720686
Norm,Experiment2 meTHF #2 norm,,0.9863036415198,0.0139951594214018
Norm,Experiment2 meTHF #3 norm,,0.992615060704334,0.0266241326448037
Norm,Experiment2 meTHF #4 norm,,1.03970568957515,0.0273099536305279
Norm,Experiment2 meTHF #5 norm,,1.06384974694531,0.0947128106554135
Norm,Experiment2 meTHF #6 norm,,0.965485294051141,0.132711466116951
Norm,Experiment2 meTHF #7 norm,,0.958864777543127,0.177817291710008
Norm,Experiment2 meTHF #8 norm,,1.05133519395387,0.0610551281998663
Norm,Experiment2 FmTHF #1 norm,,0.991522289515168,0.0097015975923509
Norm,Experiment2 FmTHF #2 norm,,0.998195276043589,0.0115801412408229
Norm,Experiment2 FmTHF #3 norm,,1.01601632945725,0.0101599776980152
Norm,Experiment2 FmTHF #4 norm,,0.987395320147738,0.0231175063968606
Norm,Experiment2 FmTHF #5 norm,,0.976905897113271,0.0390336375970274
Norm,Experiment2 FmTHF #6 norm,,1.01720508857674,0.0666723996782056
Norm,Experiment2 FmTHF #7 norm,,1.00526473331447,0.127069373305123
Norm,Experiment2 FmTHF #8 norm,,1.0024251271967,0.0692942274773227
Norm,Experiment2 Met176 #1 norm,,1.02411189683182,0.0250905189119056
Norm,Experiment2 Met176 #2 norm,,0.951013944019584,0.0354576253022567
Norm,Experiment2 Met176 #3 norm,,0.93904875550639,0.0328953497499265
Norm,Experiment2 Met176 #4 norm,,0.959717001130463,0.0836501720503943
Norm,Experiment2 Met176 #5 norm,,0.892320130643174,0.0612070686672666
Norm,Experiment2 Met176 #6 norm,,1.00995190940196,0.038247178123301
Norm,Experiment2 Met176 #7 norm,,1.00152778736265,0.0666089384050302
Norm,Experiment2 Met176 #8 norm,,1.02028366981037,0.290738993829909
Norm,Experiment2 SAM #1 norm,,0.999500023494478,0.014593957935449
Norm,Experiment2 SAM #2 norm,,0.991870267768521,0.023226762927569
Norm,Experiment2 SAM #3 norm,,1.00099495603741,0.0352010373642852
Norm,Experiment2 SAM #4 norm,,1.03819896177001,0.0500012457404487
Norm,Experiment2 SAM #5 norm,,1.0062291240028,0.0264746418781687
Norm,Experiment2 SAM #6 norm,,0.942256745850986,0.0537811360376095
Norm,Experiment2 SAM #7 norm,,1.04015543131817,0.0851673086426635
Norm,Experiment2 SAM #8 norm,,1.00006457576507,0.0688074350510228
Norm,Experiment2 CIT465 #1 norm,,0.974372853332069,0.0125636943410438
Norm,Experiment2 CIT465 #2 norm,,0.980194376018993,0.0104887017977811
Norm,Experiment2 CIT465 #3 norm,,1.00275641111627,0.0133232086852746
Norm,Experiment2 CIT465 #4 norm,,1.00041759953554,0.0129508466116624
Norm,Experiment2 CIT465 #5 norm,,1.0274626230085,0.0164429449783717
Norm,Experiment2 CIT465 #6 norm,,0.966875025185646,0.0113261660410963
Norm,Experiment2 CIT465 #7 norm,,1.00359903792026,0.015085756103735
Norm,Experiment2 CIT465 #8 norm,,1.0158791300575,0.020248550072059
Norm,Experiment2 MAL335 #1 norm,,0.965924137102448,0.0115248760797632
Norm,Experiment2 MAL335 #2 norm,,0.967267813823683,0.01322438237402
Norm,Experiment2 MAL335 #3 norm,,0.994635163848616,0.0131576899019125
Norm,Experiment2 MAL335 #4 norm,,1.0247220218266,0.0122755594011564
Norm,Experiment2 MAL335 #5 norm,,0.95222848600276,0.0141312842628449
Norm,Experiment2 MAL335 #6 norm,,0.991298889616952,0.0154481448162245
Norm,Experiment2 MAL335 #7 norm,,1.00690475240265,0.0206951611980595
Norm,Experiment2 MAL335 #8 norm,,0.988780100671448,0.040109625136445
Norm,Experiment2 ASP334 #1 norm,,0.967951130697071,0.0158868181701513
Norm,Experiment2 ASP334 #2 norm,,0.957333502681126,0.0234191867968845
Norm,Experiment2 ASP334 #3 norm,,0.989850879587453,0.0192614821451689
Norm,Experiment2 ASP334 #4 norm,,1.02203439685121,0.0268204226672104
Norm,Experiment2 ASP334 #5 norm,,0.969272104909524,0.0266258007137492
Norm,Experiment2 ASP334 #6 norm,,0.959964495181772,0.0558948295519273
Norm,Experiment2 ASP334 #7 norm,,1.00528707727623,0.0578387585087652
Norm,Experiment2 ASP334 #8 norm,,0.956023036100517,0.0340594562914641
Norm,Experiment2 GLU348 #1 norm,,1.00481212930868,0.011755018490052
Norm,Experiment2 GLU348 #2 norm,,1.00531274445938,0.0124635414712883
Norm,Experiment2 GLU348 #3 norm,,1.04622022891992,0.0124010622055806
Norm,Experiment2 GLU348 #4 norm,,0.973118067114106,0.015275557423856
Norm,Experiment2 GLU348 #5 norm,,0.920136002804577,0.0270128231002964
Norm,Experiment2 GLU348 #6 norm,,0.989952370817203,0.0155681647460459
Norm,Experiment2 GLU348 #7 norm,,0.975944138646831,0.0232031891893629
Norm,Experiment2 GLU348 #8 norm,,0.915379900959117,0.0506836583916349
Norm,Experiment2 THR320 #1 norm,,1.00566609896558,0.0101918780833422
Norm,Experiment2 THR320 #2 norm,,0.953203024522836,0.0109812721032408
Norm,Experiment2 THR320 #3 norm,,1.02007524686266,0.0106846023168946
Norm,Experiment2 THR320 #4 norm,,0.981040153793123,0.0110573879228505
Norm,Experiment2 THR320 #5 norm,,0.979182276770121,0.0200757258327576
Norm,Experiment2 THR320 #6 norm,,1.02847953148356,0.0110830541753096
Norm,Experiment2 THR320 #7 norm,,0.998979505898961,0.0143799906601278
Norm,Experiment2 THR320 #8 norm,,0.905734984431445,0.0376293062280851
Norm,Experiment2 ALA116 #1 norm,,0.998154429708002,0.00987228329435998
Norm,Experiment2 ALA116 #2 norm,,0.993633819014675,0.00985595085849785
Norm,Experiment2 ALA116 #3 norm,,1.02909034352535,0.0104536919354857
Norm,Experiment2 ALA116 #4 norm,,0.992424903472836,0.025040565348815
Norm,Experiment2 ALA116 #5 norm,,1.06667620653132,0.0716105394700446
Norm,Experiment2 ALA116 #6 norm,,0.985260598849621,0.0729819963639669
Norm,Experiment2 ALA116 #7 norm,,1.00121245173306,0.0682611795410327
Norm,Experiment2 ALA116 #8 norm,,1.0534652284706,0.17896452777286
Norm,Experiment2 PYR #1 norm,,0.975281749985853,0.0123159468014681
Norm,Experiment2 PYR #2 norm,,0.954384501792819,0.0500331690529776
Norm,Experiment2 PYR #3 norm,,0.956480413333614,0.0617369424787716
Norm,Experiment2 PYR #4 norm,,1.01669433313564,0.0501030955727855
Norm,Experiment2 PYR #5 norm,,1.04216683722399,0.116025483394199
Norm,Experiment2 PYR #6 norm,,0.963940872725588,0.121354727689814
Norm,Experiment2 PYR #7 norm,,1.00875711480803,0.0739633401161236
Norm,Experiment2 PYR #8 norm,,0.938751653990588,0.126691601226347
