type,id,eqn,val,std
Net flux,CO2.t,CO2.t -> CO2,47.59212577225,1.11134041393027
Net flux,CO2_sink,dummy -> Sink,47.59212577225,1.11134041393027
Net flux,RUBICSO_CO2,RUBP.p + CO2 -> 3PGA.p + 3PGA.p + dummy,57.9816141912437,1.20478140904694
Net flux,GAPDH.p net,3PGA.p <-> TP.p,137.485988414022,2.64169475822508
Exch flux,GAPDH.p exch,3PGA.p <-> TP.p,2.73913100556911e-06,0
Net flux,ALD,TP.p + E4P.p -> SBP,25.535740514022,0.487793404581117
Net flux,SBP,SBP -> S7P.p,25.535740514022,0.487793404581117
Net flux,FBA.p net,TP.p + TP.p <-> FBP.p,29.5252726513427,0.636359850645549
Exch flux,FBA.p exch,TP.p + TP.p <-> FBP.p,27245.7420309916,1029.50667673801
Net flux,PFK.p net,FBP.p <-> F6P.p,29.5252726513463,0.636359850645549
Exch flux,PFK.p exch,FBP.p <-> F6P.p,17141.5846179529,1722.28312097529
Net flux,TK1 net,TP.p + EC2 <-> X5P.p,51.071481028044,0.975586809162234
Exch flux,TK1 exch,TP.p + EC2 <-> X5P.p,1090.26459550783,1712.82410040054
Net flux,TK2 net,S7P.p <-> R5P.p + EC2,25.5357405140219,0.487793404581117
Exch flux,TK2 exch,S7P.p <-> R5P.p + EC2,37.8086423445941,1735.79390015889
Net flux,TK3 net,F6P.p <-> E4P.p + EC2,25.5357405140203,0.487793404581117
Exch flux,TK3 exch,F6P.p <-> E4P.p + EC2,23589.0068621921,2008.28647885517
Net flux,PPE net,X5P.p <-> RU5P.p,51.071481028044,0.975586809162234
Exch flux,PPE exch,X5P.p <-> RU5P.p,1215.97908262234,869.140343362753
Net flux,PPI net,R5P.p <-> RU5P.p,25.535740514022,0.487793404581117
Exch flux,PPI exch,R5P.p <-> RU5P.p,237.514456647527,1668.74937947456
Net flux,PRK,RU5P.p -> RUBP.p,76.607221542066,1.46338021374335
Net flux,RUBISCO_O2,RUBP.p -> 3PGA.p + 2PG.p,18.6256073508222,0.585702772729373
Net flux,GLYdil net,GLY.p <-> GLY.x + dummyGLY,0.00465739444771174,0.000995261773407562
Exch flux,GLYdil exch,GLY.p <-> GLY.x + dummyGLY,1.0000000116861e-07,0
Net flux,SERdil net,SER.p <-> SER.x + dummySER,5.18023071336517,258.71601059862
Exch flux,SERdil exch,SER.p <-> SER.x + dummySER,1.39305027503901,258.836442943176
Net flux,GK,GA.p -> 3PGA.p,3.09205938221121,0.524231235229798
Net flux,PGI.p net,F6P.p <-> G6P.p,3.98953213732488,0.341741773749594
Exch flux,PGI.p exch,F6P.p <-> G6P.p,4.37031702123771,1924.06329832371
Net flux,PGM.p,G6P.p -> ADPG.p,3.98953213732488,0.341741773749594
Net flux,Starch,ADPG.p -> Starch,3.98953213732486,0.341741773749594
Net flux,FBA.c net,TP.c + TP.c <-> FBP.c,0.914110784633532,0.195340877963554
Exch flux,FBA.c exch,TP.c + TP.c <-> FBP.c,21.3790236502214,1657.75946587008
Net flux,PFK.c net,FBP.c <-> F6P.c,0.91411078463354,0.195340877963554
Exch flux,PFK.c exch,FBP.c <-> F6P.c,6.03263807636221,1760.21373947675
Net flux,PGI.c net,F6P.c <-> G6P.c,0.457055392316789,0.0976704389817769
Exch flux,PGI.c exch,F6P.c <-> G6P.c,227.681457096076,1631.64134134426
Net flux,PGM.c net,G6P.c <-> UDPG.c,0.457055392311304,0.0976704389817769
Exch flux,PGM.c exch,G6P.c <-> UDPG.c,48481.4160575974,1639.74581818096
Net flux,SPS,F6P.c + UDPG.c -> S6P,0.457055392316736,0.0976704389817769
Net flux,PGAM.c net,3PGA.c <-> PEP.c,0.194906701498707,0.0416505821040513
Exch flux,PGAM.c exch,3PGA.c <-> PEP.c,2.9185671144008,1644.4744019223
Net flux,PK.c,PEP.c -> PYR.c,0.0884722122904473,0.018906066896936
Net flux,PDH,PYR.c + dummy -> ACA + CO2,0.0736316237016177,0.0157347077566456
Net flux,CS,OAA + ACA -> CIT,0.0736316237016137,0.0157347077566456
Net flux,ACO net,CIT <-> ICI,0.0736316237016581,0.0157347077566456
Exch flux,ACO exch,CIT <-> ICI,1154.97801785093,1807.98117886597
Net flux,IDH,ICI + dummy -> AKG + CO2,0.0736316237016301,0.0157347077566456
Net flux,MDH net,MAL <-> OAA,2.1316282072803e-14,0
Exch flux,MDH exch,MAL <-> OAA,0.0502632229859969,0.0415368894430892
Net flux,PPC,PEP.c + CO2 -> OAA + dummy,0.106434489208687,0.0227445151698678
Net flux,T_3PGA net,3PGA.p <-> 3PGA.c,0.194906701498688,0.0416505821040513
Exch flux,T_3PGA exch,3PGA.p <-> 3PGA.c,7.77230604695656,1682.25331515231
Net flux,T_DHAP net,TP.p <-> TP.c,1.82822156926711,0.390681755927108
Exch flux,T_DHAP exch,TP.p <-> TP.c,9.99999998363421e-08,0
Net flux,ALT,PYR.c -> ALA.c,0.0148405885884568,0.0031713591589142
Net flux,ASPT,OAA -> ASP,0.0328028655065988,0.00700980743184601
Net flux,GLUDH,AKG -> GLU,0.073631623701607,0.0157347077566456
Net flux,PCR net,GLU <-> PRO,-2.48689957516035e-14,0
Exch flux,PCR exch,GLU <-> PRO,1.0000000116861e-07,0
Net flux,GS net,GLU <-> GLN,0,0
Exch flux,GS exch,GLU <-> GLN,1.00041233963566e-07,0
Net flux,TS net,ASP <-> THR,0,0
Exch flux,TS exch,ASP <-> THR,1.0000000116861e-07,0
Net flux,AS net,ASP <-> ASN,1.06581410364015e-14,0
Exch flux,AS exch,ASP <-> ASN,1.0000000116861e-07,0
Net flux,G_3PGA.p,0*3PGA.p -> 3PGA,2.46866295583459e-06,2480.34414052734
Net flux,G_3PGA.c,0*3PGA.c -> 3PGA,92.9119081392351,1822.05512602085
Net flux,G_DHAP.p,0*TP.p -> TP,40.685379842242,2435.06385329007
Net flux,G_DHAP.c,0*TP.c -> TP,51.8471856996947,1629.4605722209
Net flux,G_F6P.p,0*F6P.p -> F6P,48.6686345030749,2464.08031908847
Net flux,G_F6P.c,0*F6P.c -> F6P,36.546576817712,1645.49297189096
Net flux,G_FBP.p,0*FBP.p -> FBP,2.46866126474288e-06,2548.04665150826
Net flux,G_FBP.c,0*FBP.c -> FBP,83.4512310467855,1767.68189263856
Net flux,G_G6P.p,0*G6P.p -> G6P,19.0549768397257,2555.00700356351
Net flux,G_G6P.c,0*G6P.c -> G6P,58.8549499993083,1716.89930301422
Net flux,G_RU5P.p,0*RU5P.p -> P5P,2.46865369035731e-06,2463.09232689185
Net flux,G_X5P.p,0*X5P.p -> P5P,92.8477691500111,1712.17367442078
Net flux,G_R5P.p,0*R5P.p -> R5P,82.2810779884949,1886.90631082256
Net flux,G_GA.p,0*GA.p -> GA,41.5738032088057,1.61722830156644
Net flux,G_SER.p,0*SER.p -> SER,99.9986537459077,3070.818252497
Net flux,G_GLY.p,0*GLY.p -> GLY,54.0683863015788,2490.96757116347
Net flux,G_RUBP.p,0*RUBP.p -> RUBP,92.5302752673063,1842.77326237958
Net flux,G_S7P.p,0*S7P.p -> S7P,98.4567310636212,1751.76525910112
Net flux,G_2PG.p,0*2PG.p -> 2PG,87.0427532706349,1764.27187262422
Net flux,G_ADPG.p,0*ADPG.p -> ADPG,95.0805622183377,1841.3188279995
Net flux,G_PEP.c,0*PEP.c -> PEP,89.2305410445615,1788.64658637498
Net flux,G_UDPG.c,0*UDPG.c -> UDPG,72.4268033045549,1818.19460586267
Net flux,G_ALA.c,0*ALA.c -> ALA,74.7106097974799,6.52237549690295
Net flux,(1-G)_GA,0*GA.x -> GA,58.4261967911964,1.61722830156644
Net flux,(1-G)_SER,0*SER.x -> SER,0.00132276124003639,1843.84829006906
Net flux,(1-G)_GLY,0*GLY.x -> GLY,45.9035495045385,2.02436903677006
Net flux,(1-G)_R5P,0*R5P.x -> R5P,17.718922011502,1886.90631082256
Net flux,(1-G)_RUBP,0*RUBP.x -> RUBP,7.46972473269241,1842.77326237958
Net flux,(1-G)_3PGA,0*3PGA.x -> 3PGA,7.08808939210229,1758.20632868927
Net flux,(1-G)_TP,0*TP.x -> TP,7.46743445806383,1826.0937279325
Net flux,(1-G)_F6P,0*F6P.x -> F6P,14.7847886792169,1731.15668376632
Net flux,(1-G)_FBP,0*FBP.x -> FBP,16.548766484548,1803.36613274196
Net flux,(1-G)_G6P,0*G6P.x -> G6P,22.0900731609643,1853.05366329502
Net flux,(1-G)_RU5P,0*RU5P.x -> P5P,7.15222838133666,1864.75699443923
Net flux,(1-G)_S7P,0*S7P.x -> S7P,1.54326893637677,1751.76525910112
Net flux,(1-G)_2PG,0*2PG.x -> 2PG,12.9572467293675,1764.27187262422
Net flux,(1-G)_ADPG,0*ADPG.x -> ADPG,4.91943778166132,1841.3188279995
Net flux,(1-G)_PEP,0*PEP.x -> PEP,10.7694589554367,1788.64658637498
Net flux,(1-G)_UDPG,0*UDPG.x -> UDPG,27.5731966954463,1818.19460586267
Net flux,(1-G)_ALA,0*ALA.x -> ALA,25.2893902025198,6.52237549690295
Net flux,PGASink,3PGA -> Sink,100,0
Net flux,DHAPSink,TP -> Sink,100.000000000001,0
Net flux,F6PSink,F6P -> Sink,100.000000000004,0
Net flux,FBPSink,FBP -> Sink,99.9999999999947,0
Net flux,G6PSink,G6P -> Sink,99.9999999999983,0
Net flux,P5PSink,P5P -> Sink,100.000000000001,0
Net flux,R5PSink,R5P -> Sink,99.9999999999968,0
Net flux,GASink,GA -> Sink,100.000000000002,0
Net flux,SERSink,SER -> Sink,99.9999999999996,0
Net flux,GLYSink,GLY -> Sink,100.000000000001,0
Net flux,RUBPSink,RUBP -> Sink,99.9999999999987,0
Net flux,S7PSink,S7P -> Sink,99.9999999999979,0
Net flux,2PGSink,2PG -> Sink,100.000000000002,0
Net flux,ADPGSink,ADPG -> Sink,99.999999999999,0
Net flux,PEPSink,PEP -> Sink,99.9999999999983,0
Net flux,UDPGSink,UDPG -> Sink,100.000000000001,0
Net flux,ALASink,ALA -> Sink,99.9999999999998,0
Net flux,S6Pout-LL,S6P + 0.1611*GLU + 0.07177*ASP + 0.03247*ALA.c + 0.01019*dummyGLY + 0.03484*dummySER -> Sink,0.457055392316772,0.0976704389817769
Net flux,PGP.p,2PG.p -> Glyc.p,18.6256073508223,0.585702772729373
Net flux,GOX,Glyc.p -> Glyx.p,18.6256073508223,0.585702772729373
Net flux,GGT,Glyx.p -> GLY.p,18.6256073508223,0.585702772729373
Net flux,SGAT,SER.p -> HPA.p,3.0920593822112,0.524231235229798
Net flux,HPR.p,HPA.p -> GA.p,3.09205938221119,0.524231235229798
Net flux,T_GLY-m net,GLY.p <-> GLY.m,18.5912732197321,2359.2451472946
Exch flux,T_GLY-m exch,GLY.p <-> GLY.m,54658.1269687513,1758.37815636591
Net flux,GDC.m,GLY.m + dummy -> myTHF.m + CO2,10.3486596607982,0.471795975884808
Net flux,T_SER-m net,SER.p <-> SER.m,-10.3486596607983,0.471795975884808
Exch flux,T_SER-m exch,SER.p <-> SER.m,257.355234447821,1808.23019401969
Net flux,mSHMT,GLY.m + myTHF.m -> SER.m,10.3486596607982,0.471795975884808
Net flux,T_SER-c net,SER.p <-> SER.c,2.07636956522183,258.783170229875
Exch flux,T_SER-c exch,SER.p <-> SER.c,0.0351473409160814,258.887135360146
Net flux,T_Gly-c net,GLY.p <-> GLY.c,0.0296767366465467,2359.24507456818
Exch flux,T_Gly-c exch,GLY.p <-> GLY.c,0.00197153144747197,1696.4282221448
Net flux,cSHMT,SER.c -> GLY.c + meTHF.c,2.07636946522178,258.783170229875
Net flux,FmTHF-reductase net,meTHF.c <-> FmTHF.c,2.07636946522178,258.783170229875
Exch flux,FmTHF-reductase exch,meTHF.c <-> FmTHF.c,6.67057548104012,1845.9308487629
Net flux,Met-synthase,FmTHF.c + Hcy.c -> Met.c,2.07636946522176,258.783170229875
Net flux,SAM-synthase,Met.c -> SAM.c,2.07636946522177,258.783170229875
Net flux,Methylation,SAM.c -> SAH.c + Acceptor.c,2.07636946522176,258.783170229875
Net flux,hydrolysis,SAH.c -> Hcy.c,2.07636946522176,258.783170229875
Net flux,G_SER.m,0*SER.m -> SER,2.01690288967882e-05,1765.22393737398
Net flux,G_SER.c,0*SER.c -> SER,3.32382297330014e-06,1788.47413672451
Net flux,G_Gly.m,0*GLY.m -> GLY,0.000115844958681777,1779.20072542128
Net flux,G_Gly.c,0*GLY.c -> GLY,0.0279483489252925,1748.06763369889
Net flux,T_GLY-c-m,GLY.c -> GLY.m,2.10604610186842,2359.24520214029
Net flux,G_Glyc,0*Glyc.p -> Glyc,23.9088681615335,1.38816970776263
Net flux,G_Glyx,0*Glyx.p -> Glyx,15.8716278952292,2.68417834779153
Net flux,G_HPA,0*HPA.p -> HPA,6.7020509802497,1.33943727415915
Net flux,(1-G)_Glyc,0*Glyc.x -> Glyc,76.0911318384671,1.38816970776263
Net flux,(1-G)_Glyx,0*Glyx.x -> Glyx,84.1283721047717,2.68417834779153
Net flux,(1-G)_HPA,0*HPA.x -> HPA,93.2979490197502,1.33943727415915
Net flux,GlycSink,Glyc -> Sink,100.000000000001,0
Net flux,GlyxSink,Glyx -> Sink,100.000000000001,0
Net flux,HPASink,HPA -> Sink,99.9999999999998,0
Net flux,SERex,dummySER -> outSER,5.1643054381777,258.715923410503
Net flux,G_PYR,0*PYR.c -> PYR,31.3376302981886,2.11813616167319
Net flux,(1-G)_PYR,0*PYR.x -> PYR,68.6623697018117,2.11813616167319
Net flux,PYRSink,PYR -> Sink,100,0
Net flux,G_meTHF,0*meTHF.c -> meTHF,94.0656130491515,3.98694890650234
Net flux,G_FmTHF,0*FmTHF.c -> FmTHF,77.9307857008282,2.92582696132938
Net flux,G_Met,0*Met.c -> Met,62.4239245753766,4.65632498656026
Net flux,G_SAM,0*SAM.c -> SAM,66.9341681605448,3.71940999736118
Net flux,(1-G)_meTHF,0*meTHF.x -> meTHF,5.93438695084853,3.98694890650234
Net flux,(1-G)_FmTHF,0*FmTHF.x -> FmTHF,22.0692142991719,2.92582696132938
Net flux,(1-G)_Met,0*Met.x -> Met,37.5760754246234,4.65632498656026
Net flux,(1-G)_SAM,0*SAM.x -> SAM,33.0658318394552,3.71940999736118
Net flux,meTHFSink,meTHF -> Sink,99.9999999999999,0
Net flux,FmTHFSink,FmTHF -> Sink,100,0
Net flux,MetSink,Met -> Sink,100,0
Net flux,SAMsink,SAM -> Sink,100,0
Net flux,Met-protein,Met.c -> Protein,6.51983996113883e-15,0
Net flux,GLY-protein,GLY.c -> Protein,9.99999354434067e-08,258.755942083753
Net flux,SER-protein,SER.c -> Protein,1.00000049130244e-07,3.34264889903434e-13
Pool,2PG pool,,0,0
Pool,2PG.p pool,,3.79013553650559e-06,1760.38094235787
Pool,2PG.x pool,,1,Inf
Pool,3PGA pool,,0,0
Pool,3PGA.c pool,,1.44868421044555e-05,1858.85390206146
Pool,3PGA.p pool,,4.0542020684036e-06,1793.61369958078
Pool,3PGA.x pool,,1,Inf
Pool,ACA pool,,2.66594931533476e-06,1782.12018172584
Pool,ADPG pool,,0,0
Pool,ADPG.p pool,,9.9999999999999e-08,Inf
Pool,ADPG.x pool,,1,Inf
Pool,AKG pool,,2.73220082264636e-06,1808.72969652868
Pool,ALA pool,,0,0
Pool,ALA.c pool,,0.00384754437523707,0.00119550414212693
Pool,ALA.x pool,,1,Inf
Pool,ASN pool,,7566.06820044069,1761.15376887339
Pool,ASP pool,,2.26242654065169e-06,1760.81832184614
Pool,Acceptor.c pool,,1,Inf
Pool,CIT pool,,11.4494429916135,1799.60593053761
Pool,CO2 pool,,0.000248364271814345,1901.45007153579
Pool,CO2.t pool,,1,Inf
Pool,E4P.p pool,,0,0
Pool,EC2 pool,,0,0
Pool,F6P pool,,0,0
Pool,F6P.c pool,,3.82976154960386e-06,1840.80890532178
Pool,F6P.p pool,,3.97898025272479e-06,1726.56647766333
Pool,F6P.x pool,,1,Inf
Pool,FBP pool,,0,0
Pool,FBP.c pool,,3.82971514728737e-06,1853.77914441745
Pool,FBP.p pool,,3.86898613942543e-06,1776.9784058936
Pool,FBP.x pool,,1,Inf
Pool,FmTHF pool,,0.116816307440932,1810.34318552668
Pool,FmTHF.c pool,,2.2900157706042e-06,1797.35247896591
Pool,FmTHF.x pool,,1,Inf
Pool,G6P pool,,0,0
Pool,G6P.c pool,,9.87522363062681e-06,1780.59120101147
Pool,G6P.p pool,,3.85409345722569e-06,1774.84352337099
Pool,G6P.x pool,,1,Inf
Pool,GA pool,,0,0
Pool,GA.p pool,,4.17527647969444e-06,1764.1984455476
Pool,GA.x pool,,1,Inf
Pool,GLN pool,,8.83867754990958,1726.01869374591
Pool,GLU pool,,2.7322061660513e-06,1809.58641005484
Pool,GLY pool,,0,0
Pool,GLY.c pool,,0.275692849927497,33.2350592943755
Pool,GLY.m pool,,0.915124504550857,0.102241444060766
Pool,GLY.p pool,,0.000425330016264987,1852.26648767503
Pool,GLY.x pool,,1,Inf
Pool,Glyc pool,,10.757180613218,2.41281025984497
Pool,Glyc.p pool,,2.19220344033966e-05,1733.14057530757
Pool,Glyc.x pool,,1,Inf
Pool,Glyx pool,,28.13410931801,10.9235539666859
Pool,Glyx.p pool,,3.35977585526725e-05,1836.23047208868
Pool,Glyx.x pool,,1,Inf
Pool,HPA pool,,0.000178911729527637,1777.16194983683
Pool,HPA.p pool,,3.13493165746775e-06,1862.81217722281
Pool,HPA.x pool,,1,Inf
Pool,Hcy.c pool,,1,Inf
Pool,ICI pool,,0.00368430469970093,1796.31398154633
Pool,MAL pool,,0.0934057531243652,0.0758337219172626
Pool,Met pool,,0.00254777316561798,1785.54639420335
Pool,Met.c pool,,2.42374980554074e-06,1864.05708359925
Pool,Met.x pool,,1,Inf
Pool,OAA pool,,0.115204900863069,0.0283663971523045
Pool,P5P pool,,0,0
Pool,PEP pool,,0,0
Pool,PEP.c pool,,5.13289204065901e-06,1758.92420611236
Pool,PEP.x pool,,1,Inf
Pool,PRO pool,,5.39499638373707,1800.77785672612
Pool,PYR pool,,1e-07,0
Pool,PYR.c pool,,0.0051205056161156,0.00151461494946777
Pool,PYR.x pool,,1,Inf
Pool,Protein pool,,1,Inf
Pool,R5P pool,,0,0
Pool,R5P.p pool,,3.92997187994185e-05,1817.5180681411
Pool,R5P.x pool,,1,Inf
Pool,RU5P.p pool,,3.87820154624354e-06,1817.30695976307
Pool,RU5P.x pool,,1,Inf
Pool,RUBP pool,,0,0
Pool,RUBP.p pool,,3.89668161111421e-06,1770.24284759479
Pool,RUBP.x pool,,1,Inf
Pool,S6P pool,,1,Inf
Pool,S7P pool,,0,0
Pool,S7P.p pool,,4.12980885183535e-06,1802.37874499752
Pool,S7P.x pool,,1,Inf
Pool,SAH.c pool,,1,Inf
Pool,SAM pool,,3.28857673030836,1.2399958625964
Pool,SAM.c pool,,2.7063227380606e-06,1832.1891872577
Pool,SAM.x pool,,1,Inf
Pool,SBP pool,,0,0
Pool,SER pool,,0,0
Pool,SER.c pool,,1.00000000002876e-07,0
Pool,SER.m pool,,1.0507091489081,0.100762036032757
Pool,SER.p pool,,0.00113226323825038,1919.61597828902
Pool,SER.x pool,,1,Inf
Pool,Sink pool,,1,Inf
Pool,Starch pool,,1,Inf
Pool,THR pool,,3889.77783129328,1849.76180080906
Pool,TP pool,,0,0
Pool,TP.c pool,,4.18765292882484e-06,1707.2046005219
Pool,TP.p pool,,4.2231636236664e-06,1851.08605546357
Pool,TP.x pool,,1,Inf
Pool,UDPG pool,,0,0
Pool,UDPG.c pool,,0.243963242522068,1766.53482946103
Pool,UDPG.x pool,,1,Inf
Pool,X5P.p pool,,3.99174799779586e-06,1804.40419945353
Pool,dummy pool,,1,Inf
Pool,dummyGLY pool,,1,Inf
Pool,dummySER pool,,1,Inf
Pool,meTHF pool,,0.0392696350483936,1848.55482295775
Pool,meTHF.c pool,,2.28875589609135e-06,1725.08872035652
Pool,meTHF.x pool,,1,Inf
Pool,myTHF.m pool,,1.00000000002876e-07,0
Pool,outSER pool,,1,Inf
Norm,Experiment1 Glyc205 #1 norm,,0.966964282367264,0.0126161937695131
Norm,Experiment1 Glyc205 #2 norm,,0.967554093773883,0.0215040653041804
Norm,Experiment1 Glyc205 #3 norm,,0.971318342192578,0.0183567545517717
Norm,Experiment1 Glyc205 #4 norm,,0.959660271398359,0.029885827203782
Norm,Experiment1 Glyc205 #5 norm,,1.05127453108796,0.0371975846011754
Norm,Experiment1 Glyc205 #6 norm,,0.997324776661695,0.026526055466231
Norm,Experiment1 Glyc205 #7 norm,,1.0101930060532,0.0360784016219436
Norm,Experiment1 Glyc205 #8 norm,,0.988153816695587,0.0291307537259261
Norm,Experiment1 Glyx160 #1 norm,,1.00609963359468,0.0111075022599628
Norm,Experiment1 Glyx160 #2 norm,,0.986046360929191,0.0128423051894847
Norm,Experiment1 Glyx160 #3 norm,,0.949655891878057,0.0161881073398563
Norm,Experiment1 Glyx160 #4 norm,,1.00188149171297,0.0143690743534121
Norm,Experiment1 Glyx160 #5 norm,,0.979926490670364,0.0336157376502208
Norm,Experiment1 Glyx160 #6 norm,,1.02193020615781,0.0212823450365023
Norm,Experiment1 Glyx160 #7 norm,,0.93193565273339,0.037412325351089
Norm,Experiment1 Glyx160 #8 norm,,1.00197448176589,0.0378566875644796
Norm,Experiment1 GLY276 #1 norm,,1.0103962477736,0.0103695648583149
Norm,Experiment1 GLY276 #2 norm,,1.01390996787368,0.0216795399430306
Norm,Experiment1 GLY276 #3 norm,,1.02340758584318,0.0461000554322148
Norm,Experiment1 GLY276 #4 norm,,1.0456061171757,0.0680213069740954
Norm,Experiment1 GLY276 #5 norm,,1.0085247159927,0.129261342283098
Norm,Experiment1 GLY276 #6 norm,,0.960293213732934,0.0773703479509919
Norm,Experiment1 GLY276 #7 norm,,1.0066072333716,0.065866973128795
Norm,Experiment1 GLY276 #8 norm,,1.00003999899753,0.0690636319997773
Norm,Experiment1 HPA262 #1 norm,,0.98525451643573,0.0108176913061668
Norm,Experiment1 HPA262 #2 norm,,0.912647723694146,0.0275480209657722
Norm,Experiment1 HPA262 #3 norm,,0.939948167572165,0.0125452159923872
Norm,Experiment1 HPA262 #4 norm,,1.01895479813735,0.0370357988196951
Norm,Experiment1 HPA262 #5 norm,,0.951219603968143,0.024761407847004
Norm,Experiment1 HPA262 #6 norm,,0.966877014902053,0.0345516824943672
Norm,Experiment1 HPA262 #7 norm,,0.953683387954865,0.0239732164755333
Norm,Experiment1 HPA262 #8 norm,,1.03112431732724,0.0237405732524013
Norm,Experiment1 GA307 #1 norm,,0.988466320097364,0.0118651036472551
Norm,Experiment1 GA307 #2 norm,,0.898071383435117,0.0285926276121575
Norm,Experiment1 GA307 #3 norm,,0.930656507821858,0.0290997944158943
Norm,Experiment1 GA307 #4 norm,,0.986676534650953,0.0195478778996123
Norm,Experiment1 GA307 #5 norm,,0.997642165218096,0.0572468414436685
Norm,Experiment1 GA307 #6 norm,,1.03936585825523,0.0393883662437326
Norm,Experiment1 GA307 #7 norm,,1.01079629617563,0.0476529454903345
Norm,Experiment1 GA307 #8 norm,,0.997400803591117,0.0380920125134294
Norm,Experiment1 SER306 #1 norm,,1.01477607717827,0.0145024909062287
Norm,Experiment1 SER306 #2 norm,,0.989181248892363,0.0145463904152767
Norm,Experiment1 SER306 #3 norm,,0.942128799169576,0.0382881491104047
Norm,Experiment1 SER306 #4 norm,,0.978133623664726,0.044082074529727
Norm,Experiment1 SER306 #5 norm,,0.973921086800061,0.0997781149050391
Norm,Experiment1 SER306 #6 norm,,0.897250257853655,0.063496345384625
Norm,Experiment1 SER306 #7 norm,,1.00234688826241,0.0457838843106861
Norm,Experiment1 SER306 #8 norm,,0.999487867292694,0.060096576285681
Norm,Experiment1 meTHF #1 norm,,1.003293473441,0.00992081367807073
Norm,Experiment1 meTHF #2 norm,,1.0021603666105,0.0100396019760646
Norm,Experiment1 meTHF #3 norm,,0.922967024294278,0.0567874792448954
Norm,Experiment1 meTHF #4 norm,,0.99731713016201,0.0479990246253099
Norm,Experiment1 meTHF #5 norm,,1.00371415799022,0.0981527642075219
Norm,Experiment1 meTHF #6 norm,,0.975648109143648,0.114711777183523
Norm,Experiment1 meTHF #7 norm,,1.02519829087214,0.0661972062845521
Norm,Experiment1 meTHF #8 norm,,0.981942958442359,0.100734313163744
Norm,Experiment1 FmTHF #1 norm,,1.00310577068899,0.0100914936450952
Norm,Experiment1 FmTHF #2 norm,,0.991490353952071,0.0233414417411128
Norm,Experiment1 FmTHF #3 norm,,0.990366432370521,0.0304954471093099
Norm,Experiment1 FmTHF #4 norm,,1.00320680539259,0.024558617973844
Norm,Experiment1 FmTHF #5 norm,,0.982304555638786,0.0644630702877265
Norm,Experiment1 FmTHF #6 norm,,1.00963787594051,0.0737493650241188
Norm,Experiment1 FmTHF #7 norm,,1.00370963959837,0.0514695369448597
Norm,Experiment1 FmTHF #8 norm,,1.05475475652579,0.102503922919525
Norm,Experiment1 Met176 #1 norm,,0.990544524641734,0.0260212539023639
Norm,Experiment1 Met176 #2 norm,,0.873651551151213,0.0297007510936174
Norm,Experiment1 Met176 #3 norm,,0.948148593645412,0.0560984292753202
Norm,Experiment1 Met176 #4 norm,,0.91828592121281,0.0362621324280666
Norm,Experiment1 Met176 #5 norm,,0.956831351433409,0.0881866041978837
Norm,Experiment1 Met176 #6 norm,,0.979022503202435,0.105032417757052
Norm,Experiment1 Met176 #7 norm,,1.00313706187874,0.1257425428222
Norm,Experiment1 Met176 #8 norm,,0.988429501160248,0.139579604210201
Norm,Experiment1 SAM #1 norm,,0.998910892304669,0.011675659525346
Norm,Experiment1 SAM #2 norm,,0.974890137171433,0.0116196515097583
Norm,Experiment1 SAM #3 norm,,1.00332288523577,0.0139214411935769
Norm,Experiment1 SAM #4 norm,,0.995488139616186,0.0229460374235023
Norm,Experiment1 SAM #5 norm,,0.988797373722037,0.0401243688208253
Norm,Experiment1 SAM #6 norm,,1.01959045927452,0.0590222345326317
Norm,Experiment1 SAM #7 norm,,1.00128445107711,0.110740057765009
Norm,Experiment1 SAM #8 norm,,1.0049804173277,0.0757360702423501
Norm,Experiment1 CIT465 #1 norm,,1.00945043252207,0.011904239548642
Norm,Experiment1 CIT465 #2 norm,,1.00257341013891,0.0137001846550066
Norm,Experiment1 CIT465 #3 norm,,0.938021148692052,0.0109451696386124
Norm,Experiment1 CIT465 #4 norm,,0.959842090921883,0.0166897583532908
Norm,Experiment1 CIT465 #5 norm,,1.002969996418,0.0140236379600016
Norm,Experiment1 CIT465 #6 norm,,0.988117116032142,0.0127333438727724
Norm,Experiment1 CIT465 #7 norm,,0.998770874503584,0.0119511529956292
Norm,Experiment1 CIT465 #8 norm,,1.02040400492571,0.0133909695736398
Norm,Experiment1 MAL335 #1 norm,,0.980006607555678,0.0121852727433182
Norm,Experiment1 MAL335 #2 norm,,0.973978747389497,0.0110130143351045
Norm,Experiment1 MAL335 #3 norm,,0.986939722163918,0.0105324381167288
Norm,Experiment1 MAL335 #4 norm,,1.01881849514706,0.015002950314102
Norm,Experiment1 MAL335 #5 norm,,0.988698386765676,0.0139720918719933
Norm,Experiment1 MAL335 #6 norm,,0.989387049538807,0.0131209757586942
Norm,Experiment1 MAL335 #7 norm,,0.981048736439375,0.0201120650550833
Norm,Experiment1 MAL335 #8 norm,,0.985706561115411,0.0357218273357618
Norm,Experiment1 ASP334 #1 norm,,1.00508661080885,0.0228757394521469
Norm,Experiment1 ASP334 #2 norm,,0.979239032852129,0.0295907602404985
Norm,Experiment1 ASP334 #3 norm,,0.990021669341926,0.0197810273551011
Norm,Experiment1 ASP334 #4 norm,,0.969901148608689,0.0165799144112675
Norm,Experiment1 ASP334 #5 norm,,0.926718301161379,0.0247878865286434
Norm,Experiment1 ASP334 #6 norm,,0.930181291708012,0.0321847774376401
Norm,Experiment1 ASP334 #7 norm,,0.978212395392518,0.0292775914473336
Norm,Experiment1 ASP334 #8 norm,,0.975077951599483,0.0873193131754306
Norm,Experiment1 GLU348 #1 norm,,0.970018373377499,0.0205191691038747
Norm,Experiment1 GLU348 #2 norm,,1.04878932537972,0.0210039187255727
Norm,Experiment1 GLU348 #3 norm,,1.03655038952565,0.0117410054191567
Norm,Experiment1 GLU348 #4 norm,,1.02308989071627,0.0356000332792109
Norm,Experiment1 GLU348 #5 norm,,0.929572907082051,0.0222366096349556
Norm,Experiment1 GLU348 #6 norm,,1.00145054383975,0.0131387144369767
Norm,Experiment1 GLU348 #7 norm,,1.0352297472622,0.0147013661926136
Norm,Experiment1 GLU348 #8 norm,,0.988420945113855,0.0171285273579418
Norm,Experiment1 THR320 #1 norm,,1.00239491027262,0.0102999786911584
Norm,Experiment1 THR320 #2 norm,,1.04135172447655,0.0149921030857163
Norm,Experiment1 THR320 #3 norm,,1.02070456372522,0.0106306962392213
Norm,Experiment1 THR320 #4 norm,,0.930247223303031,0.0271311916263497
Norm,Experiment1 THR320 #5 norm,,0.976120028229281,0.0200699803166377
Norm,Experiment1 THR320 #6 norm,,0.966991538150297,0.0108656504580785
Norm,Experiment1 THR320 #7 norm,,0.974926003339688,0.0139770371762442
Norm,Experiment1 THR320 #8 norm,,0.898288373772542,0.0247581310499976
Norm,Experiment1 ALA116 #1 norm,,0.986655917416188,0.00994216739908679
Norm,Experiment1 ALA116 #2 norm,,0.990323794073339,0.010259022202618
Norm,Experiment1 ALA116 #3 norm,,1.03071213573264,0.0185660407028414
Norm,Experiment1 ALA116 #4 norm,,1.04851808848685,0.0225025425724185
Norm,Experiment1 ALA116 #5 norm,,0.894529902814389,0.101244557355765
Norm,Experiment1 ALA116 #6 norm,,0.984961846316651,0.0867694711055849
Norm,Experiment1 ALA116 #7 norm,,1.01725041711527,0.0588122615085867
Norm,Experiment1 ALA116 #8 norm,,0.961941911222946,0.123156158109139
Norm,Experiment1 PYR #1 norm,,0.992850380906977,0.0176396049144086
Norm,Experiment1 PYR #2 norm,,0.968874188829825,0.0482497997415305
Norm,Experiment1 PYR #3 norm,,1.04482175224852,0.0985466606655565
Norm,Experiment1 PYR #4 norm,,1.0493188709122,0.0411706366854956
Norm,Experiment1 PYR #5 norm,,1.0709489082607,0.0582500320399374
Norm,Experiment1 PYR #6 norm,,1.0067455375868,0.0592338171736569
Norm,Experiment1 PYR #7 norm,,0.97678047872251,0.104833927831393
Norm,Experiment1 PYR #8 norm,,1.010362012351,0.0651351816187349
