type,id,eqn,val,std
Net flux,CO2.t,CO2.t -> CO2,48.7961712766215,1.10574128627867
Net flux,CO2_sink,dummy -> Sink,48.7961712766214,1.10574128627867
Net flux,RUBICSO_CO2,RUBP.p + CO2 -> 3PGA.p + 3PGA.p + dummy,58.0174661648069,1.1889408280832
Net flux,GAPDH.p net,3PGA.p <-> TP.p,136.86524833396,2.6417130149508
Exch flux,GAPDH.p exch,3PGA.p <-> TP.p,2.73865306610332e-06,4.7676965720744e-14
Net flux,ALD,TP.p + E4P.p -> SBP,25.026009377742,0.482596677172593
Net flux,SBP,SBP -> S7P.p,25.0260093777421,0.482596677172593
Net flux,FBA.p net,TP.p + TP.p <-> FBP.p,29.5200136004132,0.642155616176927
Exch flux,FBA.p exch,TP.p + TP.p <-> FBP.p,30829.3593292637,358.935628492898
Net flux,PFK.p net,FBP.p <-> F6P.p,29.5200136004169,0.642155616176927
Exch flux,PFK.p exch,FBP.p <-> F6P.p,25026.240178526,880.069896297004
Net flux,TK1 net,TP.p + EC2 <-> X5P.p,50.0520187554841,0.965193354345187
Exch flux,TK1 exch,TP.p + EC2 <-> X5P.p,1.0000000116861e-07,0
Net flux,TK2 net,S7P.p <-> R5P.p + EC2,25.026009377742,0.482596677172593
Exch flux,TK2 exch,S7P.p <-> R5P.p + EC2,37.8042935409542,964.913026723116
Net flux,TK3 net,F6P.p <-> E4P.p + EC2,25.0260093777397,0.482596677172593
Exch flux,TK3 exch,F6P.p <-> E4P.p + EC2,30228.6873690155,893.379035032295
Net flux,PPE net,X5P.p <-> RU5P.p,50.052018755484,0.965193354345187
Exch flux,PPE exch,X5P.p <-> RU5P.p,94.540830770456,546.631415167851
Net flux,PPI net,R5P.p <-> RU5P.p,25.0260093777421,0.482596677172593
Exch flux,PPI exch,R5P.p <-> RU5P.p,238.015323612569,726.92261270926
Net flux,PRK,RU5P.p -> RUBP.p,75.0780281332262,1.44779003151778
Net flux,RUBISCO_O2,RUBP.p -> 3PGA.p + 2PG.p,17.0605619684193,0.580401116772543
Net flux,GLYdil net,GLY.p <-> GLY.x + dummyGLY,0.00699847416725419,0.0010420160801433
Exch flux,GLYdil exch,GLY.p <-> GLY.x + dummyGLY,1.0000000116861e-07,0
Net flux,SERdil net,SER.p <-> SER.x + dummySER,3.83098781208967,1.11300280354265
Exch flux,SERdil exch,SER.p <-> SER.x + dummySER,1.56502250292186,0.16760068916961
Net flux,GK,GA.p -> 3PGA.p,4.06263228164692,0.517333464472976
Net flux,PGI.p net,F6P.p <-> G6P.p,4.49400422267603,0.347643362978774
Exch flux,PGI.p exch,F6P.p <-> G6P.p,3.90537185746441,742.265769556868
Net flux,PGM.p,G6P.p -> ADPG.p,4.49400422267604,0.347643362978774
Net flux,Starch,ADPG.p -> Starch,4.49400422267601,0.347643362978774
Net flux,FBA.c net,TP.c + TP.c <-> FBP.c,1.37359649995052,0.204517385704091
Exch flux,FBA.c exch,TP.c + TP.c <-> FBP.c,21.0187455561032,751.064139680017
Net flux,PFK.c net,FBP.c <-> F6P.c,1.37359649995053,0.204517385704091
Exch flux,PFK.c exch,FBP.c <-> F6P.c,5.66991374500558,965.580074909005
Net flux,PGI.c net,F6P.c <-> G6P.c,0.686798249975283,0.102258692852046
Exch flux,PGI.c exch,F6P.c <-> G6P.c,227.371991319475,764.801919918318
Net flux,PGM.c net,G6P.c <-> UDPG.c,0.686798249975254,0.102258692852046
Exch flux,PGM.c exch,G6P.c <-> UDPG.c,48481.3996058132,922.588533476189
Net flux,SPS,F6P.c + UDPG.c -> S6P,0.686798249975229,0.102258692852046
Net flux,PGAM.c net,3PGA.c <-> PEP.c,0.292878245718652,0.0436071969689062
Exch flux,PGAM.c exch,3PGA.c <-> PEP.c,2.83992806039366,797.790206947191
Net flux,PK.c,PEP.c -> PYR.c,0.132943537247605,0.019794215172326
Net flux,PDH,PYR.c + dummy -> ACA + CO2,0.110643198071062,0.0164738754231025
Net flux,CS,OAA + ACA -> CIT,0.110643198071058,0.0164738754231025
Net flux,ACO net,CIT <-> ICI,0.110643198071102,0.0164738754231025
Exch flux,ACO exch,CIT <-> ICI,1155.95741968417,883.408476112594
Net flux,IDH,ICI + dummy -> AKG + CO2,0.110643198071074,0.0164738754231025
Net flux,MDH net,MAL <-> OAA,2.1316282072803e-14,0
Exch flux,MDH exch,MAL <-> OAA,0.00105989660210071,0.320531104302335
Net flux,PPC,PEP.c + CO2 -> OAA + dummy,0.159934708471474,0.0238129818050863
Net flux,T_3PGA net,3PGA.p <-> 3PGA.c,0.292878245718633,0.0436071969689062
Exch flux,T_3PGA exch,3PGA.p <-> 3PGA.c,7.8611639842295,854.357138908365
Net flux,T_DHAP net,TP.p <-> TP.c,2.74719299990108,0.409034771408182
Exch flux,T_DHAP exch,TP.p <-> TP.c,9.99999998363421e-08,0
Net flux,ALT,PYR.c -> ALA.c,0.0223003391766821,0.00332033975684816
Net flux,ASPT,OAA -> ASP,0.049291510400624,0.00733910638509046
Net flux,GLUDH,AKG -> GLU,0.110643198071051,0.0164738754231025
Net flux,PCR net,GLU <-> PRO,-2.48689957516035e-14,0
Exch flux,PCR exch,GLU <-> PRO,1.0000000116861e-07,0
Net flux,GS net,GLU <-> GLN,0,0
Exch flux,GS exch,GLU <-> GLN,1.00046875672888e-07,0
Net flux,TS net,ASP <-> THR,0,0
Exch flux,TS exch,ASP <-> THR,0.0534404841809462,0.0156701008471329
Net flux,AS net,ASP <-> ASN,1.06581410364015e-14,0
Exch flux,AS exch,ASP <-> ASN,0.002362663950084,922.181191276768
Net flux,G_3PGA.p,0*3PGA.p -> 3PGA,2.46866296294002e-06,1335.55115943139
Net flux,G_3PGA.c,0*3PGA.c -> 3PGA,92.911908138841,928.591628436396
Net flux,G_DHAP.p,0*TP.p -> TP,40.685379842242,1249.52941344112
Net flux,G_DHAP.c,0*TP.c -> TP,51.8471856996947,902.845716697044
Net flux,G_F6P.p,0*F6P.p -> F6P,48.6686345030749,1230.76888131908
Net flux,G_F6P.c,0*F6P.c -> F6P,36.546576817712,896.72192051369
Net flux,G_FBP.p,0*FBP.p -> FBP,2.46866127895373e-06,1314.71654842639
Net flux,G_FBP.c,0*FBP.c -> FBP,83.4512310485206,952.780963480356
Net flux,G_G6P.p,0*G6P.p -> G6P,19.0549768397257,1298.16181504527
Net flux,G_G6P.c,0*G6P.c -> G6P,58.8549499993083,896.953175031381
Net flux,G_RU5P.p,0*RU5P.p -> P5P,2.46865370456817e-06,1279.06415028982
Net flux,G_X5P.p,0*X5P.p -> P5P,92.8477691498928,972.428218685971
Net flux,G_R5P.p,0*R5P.p -> R5P,82.2810779884949,926.823940212411
Net flux,G_GA.p,0*GA.p -> GA,38.409455350427,1.51180674765209
Net flux,G_SER.p,0*SER.p -> SER,99.9998879003,1642.52003059975
Net flux,G_GLY.p,0*GLY.p -> GLY,56.6987546166601,1314.25918238174
Net flux,G_RUBP.p,0*RUBP.p -> RUBP,92.5302752673063,908.408369513408
Net flux,G_S7P.p,0*S7P.p -> S7P,98.4567310636212,921.275161620245
Net flux,G_2PG.p,0*2PG.p -> 2PG,87.0427532706349,933.283788802171
Net flux,G_ADPG.p,0*ADPG.p -> ADPG,95.0805622183377,890.945960139989
Net flux,G_PEP.c,0*PEP.c -> PEP,89.2305410445615,940.633910878381
Net flux,G_UDPG.c,0*UDPG.c -> UDPG,72.4268033045549,925.355060133941
Net flux,G_ALA.c,0*ALA.c -> ALA,82.557512950422,8.40268763782728
Net flux,(1-G)_GA,0*GA.x -> GA,61.5905446495751,1.51180674765209
Net flux,(1-G)_SER,0*SER.x -> SER,7.99371738864352e-05,895.898046913999
Net flux,(1-G)_GLY,0*GLY.x -> GLY,43.2935308392544,2.03961458211004
Net flux,(1-G)_R5P,0*R5P.x -> R5P,17.718922011502,926.823940212411
Net flux,(1-G)_RUBP,0*RUBP.x -> RUBP,7.46972473269241,908.408369513408
Net flux,(1-G)_3PGA,0*3PGA.x -> 3PGA,7.08808939249635,910.820210130495
Net flux,(1-G)_TP,0*TP.x -> TP,7.46743445806383,908.318414457915
Net flux,(1-G)_F6P,0*F6P.x -> F6P,14.7847886792169,896.965414650749
Net flux,(1-G)_FBP,0*FBP.x -> FBP,16.5487664828128,904.401817441178
Net flux,(1-G)_G6P,0*G6P.x -> G6P,22.0900731609643,953.112497269685
Net flux,(1-G)_RU5P,0*RU5P.x -> P5P,7.15222838145495,874.178501273027
Net flux,(1-G)_S7P,0*S7P.x -> S7P,1.54326893637677,921.275161620245
Net flux,(1-G)_2PG,0*2PG.x -> 2PG,12.9572467293675,933.283788802171
Net flux,(1-G)_ADPG,0*ADPG.x -> ADPG,4.91943778166132,890.945960139989
Net flux,(1-G)_PEP,0*PEP.x -> PEP,10.7694589554367,940.633910878381
Net flux,(1-G)_UDPG,0*UDPG.x -> UDPG,27.5731966954463,925.355060133941
Net flux,(1-G)_ALA,0*ALA.x -> ALA,17.4424870495778,8.40268763782728
Net flux,PGASink,3PGA -> Sink,100,0
Net flux,DHAPSink,TP -> Sink,100.000000000001,0
Net flux,F6PSink,F6P -> Sink,100.000000000004,0
Net flux,FBPSink,FBP -> Sink,99.9999999999947,0
Net flux,G6PSink,G6P -> Sink,99.9999999999983,0
Net flux,P5PSink,P5P -> Sink,100.000000000001,0
Net flux,R5PSink,R5P -> Sink,99.9999999999968,0
Net flux,GASink,GA -> Sink,100.000000000002,0
Net flux,SERSink,SER -> Sink,99.9999999999996,0
Net flux,GLYSink,GLY -> Sink,100.000000000001,0
Net flux,RUBPSink,RUBP -> Sink,99.9999999999987,0
Net flux,S7PSink,S7P -> Sink,99.9999999999979,0
Net flux,2PGSink,2PG -> Sink,100.000000000002,0
Net flux,ADPGSink,ADPG -> Sink,99.999999999999,0
Net flux,PEPSink,PEP -> Sink,99.9999999999983,0
Net flux,UDPGSink,UDPG -> Sink,100.000000000001,0
Net flux,ALASink,ALA -> Sink,99.9999999999998,0
Net flux,S6Pout-LL,S6P + 0.1611*GLU + 0.07177*ASP + 0.03247*ALA.c + 0.01019*dummyGLY + 0.03484*dummySER -> Sink,0.686798249975265,0.102258692852046
Net flux,PGP.p,2PG.p -> Glyc.p,17.0605619684193,0.580401116772543
Net flux,GOX,Glyc.p -> Glyx.p,17.0605619684193,0.580401116772543
Net flux,GGT,Glyx.p -> GLY.p,17.0605619684193,0.580401116772543
Net flux,SGAT,SER.p -> HPA.p,4.0626322816469,0.517333464472976
Net flux,HPR.p,HPA.p -> GA.p,4.0626322816469,0.517333464472976
Net flux,T_GLY-m net,GLY.p <-> GLY.m,17.0235838897133,1258.96431708948
Exch flux,T_GLY-m exch,GLY.p <-> GLY.m,38240.3101722,924.484659985165
Net flux,GDC.m,GLY.m + dummy -> myTHF.m + CO2,9.1599432005154,0.43129133535429
Net flux,T_SER-m net,SER.p <-> SER.m,-9.15994320051539,0.43129133535429
Exch flux,T_SER-m exch,SER.p <-> SER.m,168.519751352643,953.06400523769
Net flux,mSHMT,GLY.m + myTHF.m -> SER.m,9.1599432005154,0.43129133535429
Net flux,T_SER-c net,SER.p <-> SER.c,1.26632310677881,0.723012578288998
Exch flux,T_SER-c exch,SER.p <-> SER.c,1.00000000280431e-07,0
Net flux,T_Gly-c net,GLY.p <-> GLY.c,0.0299796045490446,1258.96418325733
Exch flux,T_Gly-c exch,GLY.p <-> GLY.c,2.07438410355643e-05,884.924795170602
Net flux,cSHMT,SER.c -> GLY.c + meTHF.c,1.26632300677881,0.676541503319636
Net flux,FmTHF-reductase net,meTHF.c <-> FmTHF.c,1.26632300677881,0.676541503319636
Exch flux,FmTHF-reductase exch,meTHF.c <-> FmTHF.c,7.48047313054176,926.073015273072
Net flux,Met-synthase,FmTHF.c + Hcy.c -> Met.c,1.26632300677879,0.676541503319636
Net flux,SAM-synthase,Met.c -> SAM.c,1.26632300677879,0.676541503319636
Net flux,Methylation,SAM.c -> SAH.c + Acceptor.c,1.26632300677879,0.676541503319636
Net flux,hydrolysis,SAH.c -> Hcy.c,1.26632300677878,0.676541503319636
Net flux,G_SER.m,0*SER.m -> SER,2.68135346885856e-05,938.98880251902
Net flux,G_SER.c,0*SER.c -> SER,5.34899106341413e-06,957.72419772548
Net flux,G_Gly.m,0*GLY.m -> GLY,0.000101768842345251,946.087763605925
Net flux,G_Gly.c,0*GLY.c -> GLY,0.00761277524434689,897.249845965433
Net flux,T_GLY-c-m,GLY.c -> GLY.m,1.2963025113278,1258.96436503657
Net flux,G_Glyc,0*Glyc.p -> Glyc,21.3177193476244,1.1798837592434
Net flux,G_Glyx,0*Glyx.p -> Glyx,22.5616095254122,4.53548616598924
Net flux,G_HPA,0*HPA.p -> HPA,6.58758939681515,1.43061963869625
Net flux,(1-G)_Glyc,0*Glyc.x -> Glyc,78.6822806523762,1.1798837592434
Net flux,(1-G)_Glyx,0*Glyx.x -> Glyx,77.4383904745886,4.53548616598924
Net flux,(1-G)_HPA,0*HPA.x -> HPA,93.4124106031848,1.43061963869625
Net flux,GlycSink,Glyc -> Sink,100.000000000001,0
Net flux,GlyxSink,Glyx -> Sink,100.000000000001,0
Net flux,HPASink,HPA -> Sink,99.9999999999998,0
Net flux,SERex,dummySER -> outSER,3.80705755918514,1.11357426387395
Net flux,G_PYR,0*PYR.c -> PYR,28.5110788110398,1.83177363043506
Net flux,(1-G)_PYR,0*PYR.x -> PYR,71.4889211889604,1.83177363043506
Net flux,PYRSink,PYR -> Sink,100,0
Net flux,G_meTHF,0*meTHF.c -> meTHF,99.999515347739,922.761262950932
Net flux,G_FmTHF,0*FmTHF.c -> FmTHF,77.4907243457484,2.59531311348962
Net flux,G_Met,0*Met.c -> Met,62.3427141649513,4.46981551873123
Net flux,G_SAM,0*SAM.c -> SAM,68.4978372673046,4.16995305073315
Net flux,(1-G)_meTHF,0*meTHF.x -> meTHF,0.000484652261000917,922.761262950932
Net flux,(1-G)_FmTHF,0*FmTHF.x -> FmTHF,22.5092756542517,2.59531311348962
Net flux,(1-G)_Met,0*Met.x -> Met,37.6572858350488,4.46981551873123
Net flux,(1-G)_SAM,0*SAM.x -> SAM,31.5021627326954,4.16995305073315
Net flux,meTHFSink,meTHF -> Sink,99.9999999999999,0
Net flux,FmTHFSink,FmTHF -> Sink,100,0
Net flux,MetSink,Met -> Sink,100,0
Net flux,SAMsink,SAM -> Sink,100,0
Net flux,Met-protein,Met.c -> Protein,6.51983996113883e-15,0
Net flux,GLY-protein,GLY.c -> Protein,1.00000081992846e-07,1.66836010336163e-13
Net flux,SER-protein,SER.c -> Protein,1.00000002056788e-07,0.976744737665874
Pool,2PG pool,,0,0
Pool,2PG.p pool,,3.81028421220432e-06,941.466461698383
Pool,2PG.x pool,,1,Inf
Pool,3PGA pool,,0,0
Pool,3PGA.c pool,,1.4594578677721e-05,907.801704207256
Pool,3PGA.p pool,,4.07335460343102e-06,938.127579192153
Pool,3PGA.x pool,,1,Inf
Pool,ACA pool,,2.66973974952385e-06,936.618262380556
Pool,ADPG pool,,0,0
Pool,ADPG.p pool,,9.9999999999999e-08,Inf
Pool,ADPG.x pool,,1,Inf
Pool,AKG pool,,2.67149634210674e-06,913.069523215511
Pool,ALA pool,,0,0
Pool,ALA.c pool,,0.00779406638459115,0.00204100533266499
Pool,ALA.x pool,,1,Inf
Pool,ASN pool,,7566.06397723365,935.363644923144
Pool,ASP pool,,1.96982772227153e-06,882.503973270825
Pool,Acceptor.c pool,,1,Inf
Pool,CIT pool,,3.04969301368945,1.65823706468979
Pool,CO2 pool,,0.000270497960193533,921.994115310728
Pool,CO2.t pool,,1,Inf
Pool,E4P.p pool,,0,0
Pool,EC2 pool,,0,0
Pool,F6P pool,,0,0
Pool,F6P.c pool,,3.82977308940156e-06,913.326610492683
Pool,F6P.p pool,,4.01628640046451e-06,907.028299795688
Pool,F6P.x pool,,1,Inf
Pool,FBP pool,,0,0
Pool,FBP.c pool,,3.82972323302494e-06,905.309581566261
Pool,FBP.p pool,,3.90425029499005e-06,957.30731968743
Pool,FBP.x pool,,1,Inf
Pool,FmTHF pool,,0.01206222940885,940.015740460971
Pool,FmTHF.c pool,,2.04462216997036e-06,898.166387448721
Pool,FmTHF.x pool,,1,Inf
Pool,G6P pool,,0,0
Pool,G6P.c pool,,9.87530071117872e-06,919.237859527209
Pool,G6P.p pool,,3.86993366047302e-06,886.771190029615
Pool,G6P.x pool,,1,Inf
Pool,GA pool,,0,0
Pool,GA.p pool,,4.30362167904822e-06,910.678052940123
Pool,GA.x pool,,1,Inf
Pool,GLN pool,,8.83867754991758,908.857500984715
Pool,GLU pool,,2.67149796062103e-06,896.009159268557
Pool,GLY pool,,0,0
Pool,GLY.c pool,,0.152025866281045,0.11171701237142
Pool,GLY.m pool,,1.05039900344357,0.111486274785053
Pool,GLY.p pool,,0.000425208095933651,918.651332134486
Pool,GLY.x pool,,1,Inf
Pool,Glyc pool,,4.82822377299581,1.15580764047
Pool,Glyc.p pool,,2.26172125390704e-05,884.689731963381
Pool,Glyc.x pool,,1,Inf
Pool,Glyx pool,,45.370482673083,17.559933513846
Pool,Glyx.p pool,,3.45038431431827e-05,932.00280104027
Pool,Glyx.x pool,,1,Inf
Pool,HPA pool,,0.000179416681184143,877.9217439833
Pool,HPA.p pool,,3.21287780944212e-06,927.845938279008
Pool,HPA.x pool,,1,Inf
Pool,Hcy.c pool,,1,Inf
Pool,ICI pool,,0.00370921103713994,868.560041394894
Pool,MAL pool,,0.00397675148175387,1.19850644872256
Pool,Met pool,,0.00712160415757847,926.264981784725
Pool,Met.c pool,,2.36867379513281e-06,907.675788148025
Pool,Met.x pool,,1,Inf
Pool,OAA pool,,0.0683569452965395,0.0190975369827624
Pool,P5P pool,,0,0
Pool,PEP pool,,0,0
Pool,PEP.c pool,,5.11336121216594e-06,887.864226622168
Pool,PEP.x pool,,1,Inf
Pool,PRO pool,,5.39499638374507,939.797738867565
Pool,PYR pool,,0.621096861185792,0.7596175361751
Pool,PYR.c pool,,0.00423173466393919,0.00139109588565453
Pool,PYR.x pool,,1,Inf
Pool,Protein pool,,1,Inf
Pool,R5P pool,,0,0
Pool,R5P.p pool,,4.28815192991364e-05,947.437964548457
Pool,R5P.x pool,,1,Inf
Pool,RU5P.p pool,,3.91030799932312e-06,939.518479828799
Pool,RU5P.x pool,,1,Inf
Pool,RUBP pool,,0,0
Pool,RUBP.p pool,,3.92922209811172e-06,929.917058359279
Pool,RUBP.x pool,,1,Inf
Pool,S6P pool,,1,Inf
Pool,S7P pool,,0,0
Pool,S7P.p pool,,4.18141361587356e-06,929.033877616244
Pool,S7P.x pool,,1,Inf
Pool,SAH.c pool,,1,Inf
Pool,SAM pool,,4.88246879625277,1.48754654328511
Pool,SAM.c pool,,2.75802144837344e-06,910.92861059984
Pool,SAM.x pool,,1,Inf
Pool,SBP pool,,0,0
Pool,SER pool,,0,0
Pool,SER.c pool,,1.00000000002876e-07,0
Pool,SER.m pool,,0.669782009751142,0.0798670765513574
Pool,SER.p pool,,0.0023092361994126,935.097827380044
Pool,SER.x pool,,1,Inf
Pool,Sink pool,,1,Inf
Pool,Starch pool,,1,Inf
Pool,THR pool,,3854.75214030093,922.170389144196
Pool,TP pool,,0,0
Pool,TP.c pool,,4.18765615953227e-06,939.081843091039
Pool,TP.p pool,,4.24407750439016e-06,926.137707596958
Pool,TP.x pool,,1,Inf
Pool,UDPG pool,,0,0
Pool,UDPG.c pool,,0.372713640514385,937.086299834129
Pool,UDPG.x pool,,1,Inf
Pool,X5P.p pool,,4.02569327035237e-06,927.389096000761
Pool,dummy pool,,1,Inf
Pool,dummyGLY pool,,1,Inf
Pool,dummySER pool,,1,Inf
Pool,meTHF pool,,0.0354169446556489,901.916357856255
Pool,meTHF.c pool,,2.04349561747498e-06,911.826448284417
Pool,meTHF.x pool,,1,Inf
Pool,myTHF.m pool,,1.00000000002876e-07,0
Pool,outSER pool,,1,Inf
Norm,Experiment1 Glyc205 #1 norm,,0.987472582597267,0.0132428533006545
Norm,Experiment1 Glyc205 #2 norm,,1.0084682989703,0.0240895323342361
Norm,Experiment1 Glyc205 #3 norm,,1.00383379230616,0.0209460721901254
Norm,Experiment1 Glyc205 #4 norm,,0.946169731887976,0.0300999009562182
Norm,Experiment1 Glyc205 #5 norm,,1.0027916052207,0.0345943024684265
Norm,Experiment1 Glyc205 #6 norm,,1.03170857881875,0.0289459980734426
Norm,Experiment1 Glyc205 #7 norm,,0.985326929722863,0.0351413519046789
Norm,Experiment1 Glyc205 #8 norm,,0.977088208801275,0.0285000537698128
Norm,Experiment1 Glyx160 #1 norm,,1.00211019099258,0.0113181368973311
Norm,Experiment1 Glyx160 #2 norm,,0.977980729608847,0.0134092723702251
Norm,Experiment1 Glyx160 #3 norm,,0.993777711062825,0.0175811759611564
Norm,Experiment1 Glyx160 #4 norm,,0.980147297702852,0.0135747719464181
Norm,Experiment1 Glyx160 #5 norm,,0.978006861256197,0.0350899084510616
Norm,Experiment1 Glyx160 #6 norm,,1.03014904281263,0.0216762212474183
Norm,Experiment1 Glyx160 #7 norm,,1.00016692322974,0.0399611212234294
Norm,Experiment1 Glyx160 #8 norm,,0.992816870068584,0.0405275137865285
Norm,Experiment1 GLY276 #1 norm,,1.00594311241594,0.010385324163918
Norm,Experiment1 GLY276 #2 norm,,0.983189569057224,0.020313607097147
Norm,Experiment1 GLY276 #3 norm,,1.06415289522794,0.0447945435783075
Norm,Experiment1 GLY276 #4 norm,,1.01627026994557,0.0537480683382016
Norm,Experiment1 GLY276 #5 norm,,0.995099809062892,0.116996426397355
Norm,Experiment1 GLY276 #6 norm,,0.880461027271587,0.0796301112797953
Norm,Experiment1 GLY276 #7 norm,,1.01224503729434,0.0631154049904175
Norm,Experiment1 GLY276 #8 norm,,1.016182700648,0.0718607232527521
Norm,Experiment1 HPA262 #1 norm,,0.960800073655633,0.0105117116982427
Norm,Experiment1 HPA262 #2 norm,,1.0090178926682,0.0296099468686947
Norm,Experiment1 HPA262 #3 norm,,0.969085139113628,0.0126987382792246
Norm,Experiment1 HPA262 #4 norm,,1.02884774270013,0.0375465080715137
Norm,Experiment1 HPA262 #5 norm,,0.990832521462788,0.0256257379978459
Norm,Experiment1 HPA262 #6 norm,,0.928516817934025,0.0316450682127733
Norm,Experiment1 HPA262 #7 norm,,0.957688506384468,0.0238587989443125
Norm,Experiment1 HPA262 #8 norm,,1.04035706189118,0.024249304009385
Norm,Experiment1 GA307 #1 norm,,0.979018183164378,0.0119252950409227
Norm,Experiment1 GA307 #2 norm,,0.984888286245602,0.0309878061030326
Norm,Experiment1 GA307 #3 norm,,0.931405760791443,0.027903588367711
Norm,Experiment1 GA307 #4 norm,,1.0046554121988,0.0198484938298089
Norm,Experiment1 GA307 #5 norm,,1.0415981137953,0.0572145138304973
Norm,Experiment1 GA307 #6 norm,,1.03344242783878,0.0396404510847406
Norm,Experiment1 GA307 #7 norm,,0.968419126442187,0.0404110924692081
Norm,Experiment1 GA307 #8 norm,,0.96542985699259,0.0352704467183709
Norm,Experiment1 SER306 #1 norm,,0.977896485296791,0.0138089384907336
Norm,Experiment1 SER306 #2 norm,,1.01406102440286,0.0148350741934106
Norm,Experiment1 SER306 #3 norm,,0.907432480408962,0.0391193253585246
Norm,Experiment1 SER306 #4 norm,,0.977247185558402,0.0427217763482799
Norm,Experiment1 SER306 #5 norm,,0.938149510145798,0.0969850873998609
Norm,Experiment1 SER306 #6 norm,,0.942660230272833,0.0668144552263461
Norm,Experiment1 SER306 #7 norm,,0.977664098180398,0.0456571064085358
Norm,Experiment1 SER306 #8 norm,,1.01127525939097,0.0530967904658867
Norm,Experiment1 meTHF #1 norm,,0.995426933553932,0.0101192727442295
Norm,Experiment1 meTHF #2 norm,,0.997862859379937,0.0100030011624502
Norm,Experiment1 meTHF #3 norm,,0.990457478658248,0.0566775496524876
Norm,Experiment1 meTHF #4 norm,,1.01300640869601,0.0533417116717529
Norm,Experiment1 meTHF #5 norm,,0.994271097502969,0.0864976736514467
Norm,Experiment1 meTHF #6 norm,,0.997808421837569,0.14448370563502
Norm,Experiment1 meTHF #7 norm,,0.97878366100209,0.049883099846955
Norm,Experiment1 meTHF #8 norm,,1.10135113541944,0.127352800504032
Norm,Experiment1 FmTHF #1 norm,,1.01503483290005,0.0101920697392924
Norm,Experiment1 FmTHF #2 norm,,0.961761398285936,0.0231193331523619
Norm,Experiment1 FmTHF #3 norm,,0.995044042714259,0.0314199134336641
Norm,Experiment1 FmTHF #4 norm,,1.00047729530883,0.0234726574802833
Norm,Experiment1 FmTHF #5 norm,,0.958199394178578,0.0578777785182835
Norm,Experiment1 FmTHF #6 norm,,1.00241453991125,0.0573364309160577
Norm,Experiment1 FmTHF #7 norm,,1.00707363108446,0.051871123762325
Norm,Experiment1 FmTHF #8 norm,,1.00844393905494,0.0828239778671235
Norm,Experiment1 Met176 #1 norm,,0.943051978944031,0.0239000928303289
Norm,Experiment1 Met176 #2 norm,,0.870762739391643,0.0309581597207147
Norm,Experiment1 Met176 #3 norm,,0.932761993831376,0.0545030715615288
Norm,Experiment1 Met176 #4 norm,,0.972488033560175,0.0379219988198548
Norm,Experiment1 Met176 #5 norm,,0.912627395355435,0.0753831468513555
Norm,Experiment1 Met176 #6 norm,,1.02911427517014,0.116053669137054
Norm,Experiment1 Met176 #7 norm,,1.00002004379858,0.130285955728316
Norm,Experiment1 Met176 #8 norm,,0.99876782466653,0.124867872032907
Norm,Experiment1 SAM #1 norm,,0.993704123755609,0.0117277884417273
Norm,Experiment1 SAM #2 norm,,1.00301336052835,0.0121481709474548
Norm,Experiment1 SAM #3 norm,,0.993175472924576,0.0138515281750825
Norm,Experiment1 SAM #4 norm,,1.01472786822504,0.0219022017761097
Norm,Experiment1 SAM #5 norm,,0.983129102164091,0.0400294641850665
Norm,Experiment1 SAM #6 norm,,1.00764282574503,0.0655903784428825
Norm,Experiment1 SAM #7 norm,,1.00010219825357,0.109596148876948
Norm,Experiment1 SAM #8 norm,,1.001154901479,0.0809402089833835
Norm,Experiment1 CIT465 #1 norm,,0.989778221440997,0.0117662812592925
Norm,Experiment1 CIT465 #2 norm,,1.05124020126462,0.0142054701668312
Norm,Experiment1 CIT465 #3 norm,,0.98806558907475,0.0111627450620403
Norm,Experiment1 CIT465 #4 norm,,0.96671262373489,0.0161231505013807
Norm,Experiment1 CIT465 #5 norm,,0.996666619897301,0.0132710458529566
Norm,Experiment1 CIT465 #6 norm,,1.04031126140072,0.0132034657342097
Norm,Experiment1 CIT465 #7 norm,,1.03334519317958,0.0148687398410407
Norm,Experiment1 CIT465 #8 norm,,1.00776997826336,0.0216881101287719
Norm,Experiment1 MAL335 #1 norm,,1.00651334100359,0.0126637621557414
Norm,Experiment1 MAL335 #2 norm,,1.01186295070905,0.0111972641218071
Norm,Experiment1 MAL335 #3 norm,,0.928591003957849,0.00971611064390223
Norm,Experiment1 MAL335 #4 norm,,0.960849872596159,0.0143090679719139
Norm,Experiment1 MAL335 #5 norm,,0.974581232526792,0.0136961603337866
Norm,Experiment1 MAL335 #6 norm,,0.981358498996244,0.0170093456542111
Norm,Experiment1 MAL335 #7 norm,,0.92545605327795,0.025793133151153
Norm,Experiment1 MAL335 #8 norm,,1.01045749560154,0.0378124543168264
Norm,Experiment1 ASP334 #1 norm,,0.982109812859214,0.0230687103805465
Norm,Experiment1 ASP334 #2 norm,,0.919461747600454,0.0286128089658597
Norm,Experiment1 ASP334 #3 norm,,0.982326432669946,0.0197861203325389
Norm,Experiment1 ASP334 #4 norm,,0.938669375352316,0.0162562374022694
Norm,Experiment1 ASP334 #5 norm,,0.928107641560656,0.0250080011976175
Norm,Experiment1 ASP334 #6 norm,,0.947735681497065,0.0292629947510012
Norm,Experiment1 ASP334 #7 norm,,0.976397273549058,0.0297383596707203
Norm,Experiment1 ASP334 #8 norm,,0.959268417977388,0.0787712713570066
Norm,Experiment1 GLU348 #1 norm,,0.966623723530632,0.0208140531342696
Norm,Experiment1 GLU348 #2 norm,,0.976516536210626,0.0200306969956527
Norm,Experiment1 GLU348 #3 norm,,0.992297693947143,0.0113220563796096
Norm,Experiment1 GLU348 #4 norm,,0.961758780196781,0.0351678213060061
Norm,Experiment1 GLU348 #5 norm,,0.944817608689347,0.0228104716802211
Norm,Experiment1 GLU348 #6 norm,,0.931556770925932,0.0120634057639601
Norm,Experiment1 GLU348 #7 norm,,1.02311022758668,0.0164845155296141
Norm,Experiment1 GLU348 #8 norm,,0.955774666788923,0.0232645463828295
Norm,Experiment1 THR320 #1 norm,,0.991538657152577,0.0102702240074731
Norm,Experiment1 THR320 #2 norm,,0.9797304425792,0.0135867775051722
Norm,Experiment1 THR320 #3 norm,,1.00689284864228,0.010407247828526
Norm,Experiment1 THR320 #4 norm,,0.991172096104569,0.0283707036826136
Norm,Experiment1 THR320 #5 norm,,1.00196897321377,0.0201342017257807
Norm,Experiment1 THR320 #6 norm,,0.969863191179942,0.0114134840550774
Norm,Experiment1 THR320 #7 norm,,0.989715193375861,0.0141012225312166
Norm,Experiment1 THR320 #8 norm,,0.932860466648932,0.0261102181143922
Norm,Experiment1 ALA116 #1 norm,,0.988847829944311,0.00980803808160791
Norm,Experiment1 ALA116 #2 norm,,0.994272242457959,0.0102413738321182
Norm,Experiment1 ALA116 #3 norm,,1.02946919134359,0.0189567671818583
Norm,Experiment1 ALA116 #4 norm,,1.03336918951983,0.0222173814575231
Norm,Experiment1 ALA116 #5 norm,,0.944384884246755,0.0955947982998972
Norm,Experiment1 ALA116 #6 norm,,0.998223972719098,0.077379661717203
Norm,Experiment1 ALA116 #7 norm,,1.01405438231363,0.065416196013493
Norm,Experiment1 ALA116 #8 norm,,0.962950279685751,0.117932627263727
Norm,Experiment1 PYR #1 norm,,1.00911748907593,0.0177843835256831
Norm,Experiment1 PYR #2 norm,,1.0849206086992,0.059482016015808
Norm,Experiment1 PYR #3 norm,,0.988975156559334,0.107261161628068
Norm,Experiment1 PYR #4 norm,,1.04378362140087,0.0420811069048026
Norm,Experiment1 PYR #5 norm,,1.0550503915234,0.0578247599242012
Norm,Experiment1 PYR #6 norm,,1.00935565441559,0.0518971169525394
Norm,Experiment1 PYR #7 norm,,1.07415995590874,0.100928593436999
Norm,Experiment1 PYR #8 norm,,0.997754086080626,0.0701151330790436
