type,id,eqn,val,std
Net flux,CO2.t,CO2.t -> CO2,46.5021593917338,1.10406456814841
Net flux,CO2_sink,dummy -> Sink,46.5021593917337,1.10406456814841
Net flux,RUBICSO_CO2,RUBP.p + CO2 -> 3PGA.p + 3PGA.p + dummy,57.7667074887098,1.24619712772737
Net flux,GAPDH.p net,3PGA.p <-> TP.p,137.517964945822,2.7090103457836
Exch flux,GAPDH.p exch,3PGA.p <-> TP.p,1.0000000116861e-07,0
Net flux,ALD,TP.p + E4P.p -> SBP,25.0152956207042,0.493943396195
Net flux,SBP,SBP -> S7P.p,25.0152956207042,0.493943396195
Net flux,FBA.p net,TP.p + TP.p <-> FBP.p,29.6151974435234,0.658343820036116
Exch flux,FBA.p exch,TP.p + TP.p <-> FBP.p,20998.1263302169,1297.0187214322
Net flux,PFK.p net,FBP.p <-> F6P.p,29.6151974435264,0.658343820036116
Exch flux,PFK.p exch,FBP.p <-> F6P.p,1.00001656733184e-07,1.19050997053345e-12
Net flux,TK1 net,TP.p + EC2 <-> X5P.p,50.0305912414085,0.98788679239
Exch flux,TK1 exch,TP.p + EC2 <-> X5P.p,1.0000000116861e-07,0
Net flux,TK2 net,S7P.p <-> R5P.p + EC2,25.0152956207043,0.493943396195
Exch flux,TK2 exch,S7P.p <-> R5P.p + EC2,38.3168570303825,2962.13358963661
Net flux,TK3 net,F6P.p <-> E4P.p + EC2,25.0152956207039,0.493943396195
Exch flux,TK3 exch,F6P.p <-> E4P.p + EC2,7032.6626179061,3407.00458493403
Net flux,PPE net,X5P.p <-> RU5P.p,50.0305912414084,0.98788679239
Exch flux,PPE exch,X5P.p <-> RU5P.p,90.9738169763093,3514.90701141041
Net flux,PPI net,R5P.p <-> RU5P.p,25.0152956207043,0.493943396195
Exch flux,PPI exch,R5P.p <-> RU5P.p,239.001461278187,3712.09470459749
Net flux,PRK,RU5P.p -> RUBP.p,75.0458868621128,1.481830188585
Net flux,RUBISCO_O2,RUBP.p -> 3PGA.p + 2PG.p,17.279179373403,0.595744474140788
Net flux,GLYdil net,GLY.p <-> GLY.x + dummyGLY,0.00825818794346134,0.00107277848686309
Exch flux,GLYdil exch,GLY.p <-> GLY.x + dummyGLY,1.0000000116861e-07,0
Net flux,SERdil net,SER.p <-> SER.x + dummySER,1.0277992979387,0.749715443412355
Exch flux,SERdil exch,SER.p <-> SER.x + dummySER,0.872498175532961,0.184489159796144
Net flux,GK,GA.p -> 3PGA.p,5.0509664405951,0.642587616058868
Net flux,PGI.p net,F6P.p <-> G6P.p,4.59990182282374,0.357502252622399
Exch flux,PGI.p exch,F6P.p <-> G6P.p,0.164784526903915,3331.75700278262
Net flux,PGM.p,G6P.p -> ADPG.p,4.59990182282372,0.357502252622399
Net flux,Starch,ADPG.p -> Starch,4.5999018228237,0.357502252622399
Net flux,FBA.c net,TP.c + TP.c <-> FBP.c,1.62084159832741,0.210555149598868
Exch flux,FBA.c exch,TP.c + TP.c <-> FBP.c,20.6699036725142,2063.67321487829
Net flux,PFK.c net,FBP.c <-> F6P.c,1.62084159832739,0.210555149598868
Exch flux,PFK.c exch,FBP.c <-> F6P.c,5.32400499792567,3348.81499487125
Net flux,PGI.c net,F6P.c <-> G6P.c,0.810420799163722,0.105277574799434
Exch flux,PGI.c exch,F6P.c <-> G6P.c,227.3512053047,3576.0671567646
Net flux,PGM.c net,G6P.c <-> UDPG.c,0.810420799163694,0.105277574799434
Exch flux,PGM.c exch,G6P.c <-> UDPG.c,48481.424401721,3194.70466815259
Net flux,SPS,F6P.c + UDPG.c -> S6P,0.810420799163673,0.105277574799434
Net flux,PGAM.c net,3PGA.c <-> PEP.c,0.345595845596244,0.0448945689718871
Exch flux,PGAM.c exch,3PGA.c <-> PEP.c,2.23732352771736,2960.61469658032
Net flux,PK.c,PEP.c -> PYR.c,0.156873154094317,0.020378580142942
Net flux,PDH,PYR.c + dummy -> ACA + CO2,0.130558790745162,0.0169602172885538
Net flux,CS,OAA + ACA -> CIT,0.130558790745184,0.0169602172885538
Net flux,ACO net,CIT <-> ICI,0.130558790745226,0.0169602172885538
Exch flux,ACO exch,CIT <-> ICI,1361.71576728466,2960.61469623993
Net flux,IDH,ICI + dummy -> AKG + CO2,0.130558790745166,0.0169602172885538
Net flux,MDH net,MAL <-> OAA,0,0
Exch flux,MDH exch,MAL <-> OAA,0.156373810331594,0.0585994755640035
Net flux,PPC,PEP.c + CO2 -> OAA + dummy,0.188722691501287,0.0245159888275054
Net flux,T_3PGA net,3PGA.p <-> 3PGA.c,0.345595845596222,0.0448945689718871
Exch flux,T_3PGA exch,3PGA.p <-> 3PGA.c,5.69087915410133,2970.74535812232
Net flux,T_DHAP net,TP.p <-> TP.c,3.24168319665489,0.421110299197736
Exch flux,T_DHAP exch,TP.p <-> TP.c,9.99999998363421e-08,0
Net flux,ALT,PYR.c -> ALA.c,0.0263143633488581,0.00341836285186849
Net flux,ASPT,OAA -> ASP,0.0581639007559178,0.00755577153859161
Net flux,GLUDH,AKG -> GLU,0.13055879074515,0.0169602172885538
Net flux,PCR net,GLU <-> PRO,3.5527136788005e-14,0
Exch flux,PCR exch,GLU <-> PRO,1.0000000116861e-07,0
Net flux,GS net,GLU <-> GLN,-2.8421709430404e-14,0
Exch flux,GS exch,GLU <-> GLN,1.00044623252415e-07,0
Net flux,TS net,ASP <-> THR,-6.3948846218409e-14,0
Exch flux,TS exch,ASP <-> THR,1.0000000116861e-07,0
Net flux,AS net,ASP <-> ASN,-3.5527136788005e-15,0
Exch flux,AS exch,ASP <-> ASN,1.0000000116861e-07,0
Net flux,G_3PGA.p,0*3PGA.p -> 3PGA,2.46866306952143e-06,4620.71102988482
Net flux,G_3PGA.c,0*3PGA.c -> 3PGA,92.9119081392596,3300.01343461062
Net flux,G_DHAP.p,0*TP.p -> TP,40.6853798422419,4683.81809831861
Net flux,G_DHAP.c,0*TP.c -> TP,51.8471856996948,3163.44192891327
Net flux,G_F6P.p,0*F6P.p -> F6P,48.6686345030749,4951.02029113545
Net flux,G_F6P.c,0*F6P.c -> F6P,36.546576817712,3524.50896409347
Net flux,G_FBP.p,0*FBP.p -> FBP,2.46866137842972e-06,4839.56980531202
Net flux,G_FBP.c,0*FBP.c -> FBP,83.4512310479073,3479.29982111824
Net flux,G_G6P.p,0*G6P.p -> G6P,19.0549768397257,4882.26439903218
Net flux,G_G6P.c,0*G6P.c -> G6P,58.8549499993082,3547.79141328602
Net flux,G_RU5P.p,0*RU5P.p -> P5P,2.46865382536043e-06,4833.59135743795
Net flux,G_X5P.p,0*X5P.p -> P5P,92.8477691506735,3471.28117459861
Net flux,G_R5P.p,0*R5P.p -> R5P,82.281077988495,3426.82664270953
Net flux,G_GA.p,0*GA.p -> GA,38.4912259676755,1.56127228819843
Net flux,G_SER.p,0*SER.p -> SER,92.3393874458488,3489.16491421152
Net flux,G_GLY.p,0*GLY.p -> GLY,12.1432116115848,3617.42713272524
Net flux,G_RUBP.p,0*RUBP.p -> RUBP,92.5302752673063,3226.32754150641
Net flux,G_S7P.p,0*S7P.p -> S7P,98.4567310636212,3582.11670431753
Net flux,G_2PG.p,0*2PG.p -> 2PG,87.0427532706349,3603.75814130222
Net flux,G_ADPG.p,0*ADPG.p -> ADPG,95.0805622183402,3369.74111074596
Net flux,G_PEP.c,0*PEP.c -> PEP,89.2305410445616,3386.4394137031
Net flux,G_UDPG.c,0*UDPG.c -> UDPG,72.4268033045549,3155.78976127857
Net flux,G_ALA.c,0*ALA.c -> ALA,74.44385871279,7.83686507842238
Net flux,(1-G)_GA,0*GA.x -> GA,61.5087740323266,1.56127228819843
Net flux,(1-G)_SER,0*SER.x -> SER,7.66061235415081,2.46530269149279
Net flux,(1-G)_GLY,0*GLY.x -> GLY,24.8173276696494,3.10830490149665
Net flux,(1-G)_R5P,0*R5P.x -> R5P,17.718922011502,3426.82664270953
Net flux,(1-G)_RUBP,0*RUBP.x -> RUBP,7.46972473269241,3226.32754150641
Net flux,(1-G)_3PGA,0*3PGA.x -> 3PGA,7.08808939207771,3567.75487423949
Net flux,(1-G)_TP,0*TP.x -> TP,7.46743445806383,3511.87949014405
Net flux,(1-G)_F6P,0*F6P.x -> F6P,14.7847886792169,3446.65086601619
Net flux,(1-G)_FBP,0*FBP.x -> FBP,16.548766483426,3340.87793644894
Net flux,(1-G)_G6P,0*G6P.x -> G6P,22.0900731609643,3425.76830581937
Net flux,(1-G)_RU5P,0*RU5P.x -> P5P,7.15222838067408,3192.58853577095
Net flux,(1-G)_S7P,0*S7P.x -> S7P,1.54326893637673,3582.11670431753
Net flux,(1-G)_2PG,0*2PG.x -> 2PG,12.9572467293675,3603.75814130222
Net flux,(1-G)_ADPG,0*ADPG.x -> ADPG,4.91943778165874,3369.74111074596
Net flux,(1-G)_PEP,0*PEP.x -> PEP,10.7694589554367,3386.4394137031
Net flux,(1-G)_UDPG,0*UDPG.x -> UDPG,27.5731966954463,3155.78976127857
Net flux,(1-G)_ALA,0*ALA.x -> ALA,25.5561412872098,7.83686507842238
Net flux,PGASink,3PGA -> Sink,100,0
Net flux,DHAPSink,TP -> Sink,100.000000000001,0
Net flux,F6PSink,F6P -> Sink,100.000000000004,0
Net flux,FBPSink,FBP -> Sink,99.9999999999947,0
Net flux,G6PSink,G6P -> Sink,99.9999999999982,0
Net flux,P5PSink,P5P -> Sink,100.000000000001,0
Net flux,R5PSink,R5P -> Sink,99.9999999999969,0
Net flux,GASink,GA -> Sink,100.000000000002,0
Net flux,SERSink,SER -> Sink,99.9999999999996,0
Net flux,GLYSink,GLY -> Sink,100.000000000001,0
Net flux,RUBPSink,RUBP -> Sink,99.9999999999987,0
Net flux,S7PSink,S7P -> Sink,99.9999999999979,0
Net flux,2PGSink,2PG -> Sink,100.000000000002,0
Net flux,ADPGSink,ADPG -> Sink,99.999999999999,0
Net flux,PEPSink,PEP -> Sink,99.9999999999983,0
Net flux,UDPGSink,UDPG -> Sink,100.000000000001,0
Net flux,ALASink,ALA -> Sink,99.9999999999997,0
Net flux,S6Pout-LL,S6P + 0.1611*GLU + 0.07177*ASP + 0.03247*ALA.c + 0.01019*dummyGLY + 0.03484*dummySER -> Sink,0.810420799163676,0.105277574799434
Net flux,PGP.p,2PG.p -> Glyc.p,17.279179373403,0.595744474140788
Net flux,GOX,Glyc.p -> Glyx.p,17.279179373403,0.595744474140788
Net flux,GGT,Glyx.p -> GLY.p,17.279179373403,0.595744474140788
Net flux,SGAT,SER.p -> HPA.p,5.05096644059512,0.642587616058868
Net flux,HPR.p,HPA.p -> GA.p,5.0509664405951,0.642587616058868
Net flux,T_GLY-m net,GLY.p <-> GLY.m,17.2710205813055,3547.56397275067
Exch flux,T_GLY-m exch,GLY.p <-> GLY.m,198325.956442382,3458.82676073269
Net flux,GDC.m,GLY.m + dummy -> myTHF.m + CO2,11.1921532069868,0.68179226943086
Net flux,T_SER-m net,SER.p <-> SER.m,-11.1921532069868,0.68179226943086
Exch flux,T_SER-m exch,SER.p <-> SER.m,9.99999985040745e-08,13.8419493983462
Net flux,mSHMT,GLY.m + myTHF.m -> SER.m,11.1921532069869,0.68179226943086
Net flux,T_SER-c net,SER.p <-> SER.c,5.11338746845308,1.44146684698548
Exch flux,T_SER-c exch,SER.p <-> SER.c,1.00000000280431e-07,9.39555891642002e-17
Net flux,T_Gly-c net,GLY.p <-> GLY.c,-9.939586118346e-05,3547.56392271415
Exch flux,T_Gly-c exch,GLY.p <-> GLY.c,9.99999998363421e-08,0
Net flux,cSHMT,SER.c -> GLY.c + meTHF.c,5.1133872093427,1.44146684698548
Net flux,FmTHF-reductase net,meTHF.c <-> FmTHF.c,5.1133872093427,1.44146684698548
Exch flux,FmTHF-reductase exch,meTHF.c <-> FmTHF.c,3.83881920942773,3360.72923913831
Net flux,Met-synthase,FmTHF.c + Hcy.c -> Met.c,5.11338720934269,1.44146684698548
Net flux,SAM-synthase,Met.c -> SAM.c,5.11338720934268,1.44146684698548
Net flux,Methylation,SAM.c -> SAH.c + Acceptor.c,5.11338720934269,1.44146684698548
Net flux,hydrolysis,SAH.c -> Hcy.c,5.11338720934269,1.44146684698548
Net flux,G_SER.m,0*SER.m -> SER,1.0000000116861e-07,3489.16404326579
Net flux,G_SER.c,0*SER.c -> SER,1.0000000116861e-07,0
Net flux,G_Gly.m,0*GLY.m -> GLY,0.000384067416916878,3617.42465456401
Net flux,G_Gly.c,0*GLY.c -> GLY,63.0390766513502,6.05752075892249
Net flux,T_GLY-c-m,GLY.c -> GLY.m,5.113285832653,3547.56415477842
Net flux,G_Glyc,0*Glyc.p -> Glyc,23.0531355762275,1.00249159547005
Net flux,G_Glyx,0*Glyx.p -> Glyx,12.0507008465041,1.39416741194372
Net flux,G_HPA,0*HPA.p -> HPA,5.75956778340182,1.26890945523574
Net flux,(1-G)_Glyc,0*Glyc.x -> Glyc,76.9468644237732,1.00249159547005
Net flux,(1-G)_Glyx,0*Glyx.x -> Glyx,87.9492991534968,1.39416741194372
Net flux,(1-G)_HPA,0*HPA.x -> HPA,94.2404322165981,1.26890945523574
Net flux,GlycSink,Glyc -> Sink,100.000000000001,0
Net flux,GlyxSink,Glyx -> Sink,100.000000000001,0
Net flux,HPASink,HPA -> Sink,99.9999999999998,0
Net flux,SERex,dummySER -> outSER,0.999561639086514,0.749473981685056
Net flux,G_PYR,0*PYR.c -> PYR,29.9814362358149,1.67616300450759
Net flux,(1-G)_PYR,0*PYR.x -> PYR,70.0185637641853,1.67616300450759
Net flux,PYRSink,PYR -> Sink,100,0
Net flux,G_meTHF,0*meTHF.c -> meTHF,89.4327606577798,3.76394055374371
Net flux,G_FmTHF,0*FmTHF.c -> FmTHF,78.3994518912046,3.39492407254613
Net flux,G_Met,0*Met.c -> Met,53.333398350427,4.03075238206846
Net flux,G_SAM,0*SAM.c -> SAM,63.2625840474326,3.91970618157323
Net flux,(1-G)_meTHF,0*meTHF.x -> meTHF,10.5672393422202,3.76394055374371
Net flux,(1-G)_FmTHF,0*FmTHF.x -> FmTHF,21.6005481087955,3.39492407254613
Net flux,(1-G)_Met,0*Met.x -> Met,46.666601649573,4.03075238206846
Net flux,(1-G)_SAM,0*SAM.x -> SAM,36.7374159525673,3.91970618157323
Net flux,meTHFSink,meTHF -> Sink,99.9999999999999,0
Net flux,FmTHFSink,FmTHF -> Sink,100,0
Net flux,MetSink,Met -> Sink,100,0
Net flux,SAMsink,SAM -> Sink,99.9999999999999,0
Net flux,Met-protein,Met.c -> Protein,-1.22918616120154e-14,0
Net flux,GLY-protein,GLY.c -> Protein,1.98082852875814e-06,1.00647948243643
Net flux,SER-protein,SER.c -> Protein,2.59110366940263e-07,1.64893281717476e-15
Pool,2PG pool,,0,0
Pool,2PG.p pool,,2.13555880555476e-06,3268.86710199947
Pool,2PG.x pool,,1,Inf
Pool,3PGA pool,,0,0
Pool,3PGA.c pool,,4.41474630601211e-06,3446.54182542191
Pool,3PGA.p pool,,2.44237536121768e-06,3311.30982820191
Pool,3PGA.x pool,,1,Inf
Pool,ACA pool,,1.24156141477503e-06,3318.713362228
Pool,ADPG pool,,0,0
Pool,ADPG.p pool,,9.9999999999999e-08,Inf
Pool,ADPG.x pool,,1,Inf
Pool,AKG pool,,1.14072044103427e-06,3267.28937560562
Pool,ALA pool,,0,0
Pool,ALA.c pool,,0.00893084193026912,0.00233668824687276
Pool,ALA.x pool,,1,Inf
Pool,ASN pool,,7566.06819373275,3273.04319555524
Pool,ASP pool,,1e-07,0
Pool,Acceptor.c pool,,1,Inf
Pool,CIT pool,,3.10871667426371,1.03695633151764
Pool,CO2 pool,,0.531229196726766,0.132065775212415
Pool,CO2.t pool,,1,Inf
Pool,E4P.p pool,,0,0
Pool,EC2 pool,,0,0
Pool,F6P pool,,0,0
Pool,F6P.c pool,,3.82971449534287e-06,3492.25807270854
Pool,F6P.p pool,,1.96961732209337e-06,3402.58765279407
Pool,F6P.x pool,,1,Inf
Pool,FBP pool,,0,0
Pool,FBP.c pool,,3.82967048136096e-06,3502.69463076843
Pool,FBP.p pool,,1.67941239076154e-06,3464.80993133998
Pool,FBP.x pool,,1,Inf
Pool,FmTHF pool,,1.35781633149963,0.627230395911395
Pool,FmTHF.c pool,,2.49448861492391e-07,3499.85387641649
Pool,FmTHF.x pool,,1,Inf
Pool,G6P pool,,0,0
Pool,G6P.c pool,,9.8749093276788e-06,3490.40427382954
Pool,G6P.p pool,,2.99202565712294e-06,3521.72816274983
Pool,G6P.x pool,,1,Inf
Pool,GA pool,,0,0
Pool,GA.p pool,,2.57857757421933e-06,3396.08539507234
Pool,GA.x pool,,1,Inf
Pool,GLN pool,,8.83867754962962,3517.14537893876
Pool,GLU pool,,1.14072274111322e-06,3452.36328028717
Pool,GLY pool,,0,0
Pool,GLY.c pool,,1.00000000000273e-07,0
Pool,GLY.m pool,,0.115511144302847,0.0729472950048253
Pool,GLY.p pool,,0.000425995442621146,3372.07992267064
Pool,GLY.x pool,,1,Inf
Pool,Glyc pool,,2.69407584323433,0.706945245618768
Pool,Glyc.p pool,,3.66901080439105e-06,3573.69089761114
Pool,Glyc.x pool,,1,Inf
Pool,Glyx pool,,7.06399084556325,2.69938265637789
Pool,Glyx.p pool,,4.40780011765735e-06,3521.12494891464
Pool,Glyx.x pool,,1,Inf
Pool,HPA pool,,0.000127095154111536,3343.37615453407
Pool,HPA.p pool,,1.94220106236587e-06,3396.67549774446
Pool,HPA.x pool,,1,Inf
Pool,Hcy.c pool,,1,Inf
Pool,ICI pool,,0.00325030529160614,3471.45287881116
Pool,MAL pool,,0.484099719873022,0.212631709119182
Pool,Met pool,,0.000101184218669916,3424.40950464641
Pool,Met.c pool,,2.12698127907429e-07,3324.66603285493
Pool,Met.x pool,,1,Inf
Pool,OAA pool,,0.176566794605066,0.0302074451675
Pool,P5P pool,,0,0
Pool,PEP pool,,0,0
Pool,PEP.c pool,,3.23525899131297e-06,3581.17615275063
Pool,PEP.x pool,,1,Inf
Pool,PRO pool,,5.39499638345736,3512.8686510311
Pool,PYR pool,,0.000125609460089863,3322.94331381249
Pool,PYR.c pool,,0.00467357903275497,0.00131675215938836
Pool,PYR.x pool,,1,Inf
Pool,Protein pool,,1,Inf
Pool,R5P pool,,0,0
Pool,R5P.p pool,,1.00000000000009e-07,0
Pool,R5P.x pool,,1,Inf
Pool,RU5P.p pool,,1.77399401804398e-06,3362.3413114936
Pool,RU5P.x pool,,1,Inf
Pool,RUBP pool,,0,0
Pool,RUBP.p pool,,1.77547937278708e-06,3419.54822138838
Pool,RUBP.x pool,,1,Inf
Pool,S6P pool,,1,Inf
Pool,S7P pool,,0,0
Pool,S7P.p pool,,1.4564461659176e-06,3406.79115349525
Pool,S7P.x pool,,1,Inf
Pool,SAH.c pool,,1,Inf
Pool,SAM pool,,5.41382752986927,1.53817469683374
Pool,SAM.c pool,,4.97875340918524e-07,3422.96388907415
Pool,SAM.x pool,,1,Inf
Pool,SBP pool,,0,0
Pool,SER pool,,0,0
Pool,SER.c pool,,1.00000000002876e-07,0
Pool,SER.m pool,,1.01196714701747,0.0765079488270897
Pool,SER.p pool,,1.00000000030631e-07,0
Pool,SER.x pool,,1,Inf
Pool,Sink pool,,1,Inf
Pool,Starch pool,,1,Inf
Pool,THR pool,,3869.41837951696,3320.69152900626
Pool,TP pool,,0,0
Pool,TP.c pool,,4.18762700031481e-06,3424.14253803728
Pool,TP.p pool,,2.4956225053919e-06,3464.34644971087
Pool,TP.x pool,,1,Inf
Pool,UDPG pool,,0,0
Pool,UDPG.c pool,,0.181928740071542,3395.29797305183
Pool,UDPG.x pool,,1,Inf
Pool,X5P.p pool,,1.80927080513891e-06,3556.6936757824
Pool,dummy pool,,1,Inf
Pool,dummyGLY pool,,1,Inf
Pool,dummySER pool,,1,Inf
Pool,meTHF pool,,1.09933356467606,0.896231335179184
Pool,meTHF.c pool,,2.52672334392989e-07,3394.98332346723
Pool,meTHF.x pool,,1,Inf
Pool,myTHF.m pool,,1.00000000002876e-07,0
Pool,outSER pool,,1,Inf
Norm,Experiment1 Glyc205 #1 norm,,0.968585393817825,0.01261039262873
Norm,Experiment1 Glyc205 #2 norm,,1.00547659813315,0.0253355486784179
Norm,Experiment1 Glyc205 #3 norm,,0.994105856965804,0.0228625354354308
Norm,Experiment1 Glyc205 #4 norm,,1.00270466738145,0.0322660441746245
Norm,Experiment1 Glyc205 #5 norm,,1.02056549572015,0.0361762175713471
Norm,Experiment1 Glyc205 #6 norm,,0.987748559160454,0.0255510405146094
Norm,Experiment1 Glyc205 #7 norm,,0.980836687544762,0.0343953077398956
Norm,Experiment1 Glyc205 #8 norm,,0.984838703023201,0.0286015252733674
Norm,Experiment1 Glyx160 #1 norm,,0.994029852132037,0.0112123231867255
Norm,Experiment1 Glyx160 #2 norm,,0.992253906605334,0.0137609743104073
Norm,Experiment1 Glyx160 #3 norm,,0.993269560354337,0.0180837889792096
Norm,Experiment1 Glyx160 #4 norm,,0.993385238978941,0.0167582527337475
Norm,Experiment1 Glyx160 #5 norm,,0.984526137843857,0.0344857845317582
Norm,Experiment1 Glyx160 #6 norm,,1.02752499907012,0.0200649148318922
Norm,Experiment1 Glyx160 #7 norm,,0.945132225440585,0.0367130526078123
Norm,Experiment1 Glyx160 #8 norm,,0.988067830632565,0.0346097348062033
Norm,Experiment1 GLY276 #1 norm,,0.99798675992068,0.0102866601319193
Norm,Experiment1 GLY276 #2 norm,,0.99593602898058,0.0252337469873646
Norm,Experiment1 GLY276 #3 norm,,0.972467701707266,0.0420294587289281
Norm,Experiment1 GLY276 #4 norm,,1.00213597360334,0.0580653809843496
Norm,Experiment1 GLY276 #5 norm,,0.996113706468504,0.135233220723877
Norm,Experiment1 GLY276 #6 norm,,0.808670097365243,0.0883491532809993
Norm,Experiment1 GLY276 #7 norm,,1.01441734486065,0.0632087133316169
Norm,Experiment1 GLY276 #8 norm,,1.00706533381185,0.0700686979773982
Norm,Experiment1 HPA262 #1 norm,,1.01805526837807,0.0111968678507916
Norm,Experiment1 HPA262 #2 norm,,0.952997608029576,0.0261823624660717
Norm,Experiment1 HPA262 #3 norm,,0.990633679729988,0.0133935274752303
Norm,Experiment1 HPA262 #4 norm,,0.930977074376343,0.0344000323154576
Norm,Experiment1 HPA262 #5 norm,,0.93872436895414,0.0233731915026363
Norm,Experiment1 HPA262 #6 norm,,0.930845685253703,0.0330935343672935
Norm,Experiment1 HPA262 #7 norm,,0.998228702357549,0.025577425252012
Norm,Experiment1 HPA262 #8 norm,,1.00200635984975,0.0236501468877548
Norm,Experiment1 GA307 #1 norm,,0.994877808755732,0.0123574776868169
Norm,Experiment1 GA307 #2 norm,,0.968431863617021,0.0306796799918172
Norm,Experiment1 GA307 #3 norm,,0.987381973973587,0.0309120216424466
Norm,Experiment1 GA307 #4 norm,,0.998135114242146,0.0202830533816378
Norm,Experiment1 GA307 #5 norm,,0.941456701713056,0.0484687141153931
Norm,Experiment1 GA307 #6 norm,,1.02721586338251,0.0408998494835006
Norm,Experiment1 GA307 #7 norm,,0.978695509730104,0.0417157152460357
Norm,Experiment1 GA307 #8 norm,,0.979312568913479,0.0351769516358073
Norm,Experiment1 SER306 #1 norm,,1.03382676218829,0.0145745216167348
Norm,Experiment1 SER306 #2 norm,,0.984581171187636,0.0175662232282419
Norm,Experiment1 SER306 #3 norm,,0.971086316095707,0.0412610202240618
Norm,Experiment1 SER306 #4 norm,,1.03213286794542,0.0469406046943555
Norm,Experiment1 SER306 #5 norm,,1.02507188553453,0.111263737543599
Norm,Experiment1 SER306 #6 norm,,0.933995534715661,0.0604149032032595
Norm,Experiment1 SER306 #7 norm,,1.00446265535213,0.0450753416738418
Norm,Experiment1 SER306 #8 norm,,0.980294668199008,0.0480714761246821
Norm,Experiment1 meTHF #1 norm,,0.997737019082303,0.00988415883469366
Norm,Experiment1 meTHF #2 norm,,1.01119933167895,0.0102363499474724
Norm,Experiment1 meTHF #3 norm,,1.01409612010644,0.0596683228924889
Norm,Experiment1 meTHF #4 norm,,0.977238196419604,0.0532901921162669
Norm,Experiment1 meTHF #5 norm,,1.00336000665443,0.0829153356028407
Norm,Experiment1 meTHF #6 norm,,1.00464904626029,0.143346304781512
Norm,Experiment1 meTHF #7 norm,,1.00909585459463,0.0581422125344308
Norm,Experiment1 meTHF #8 norm,,0.962568173350029,0.08915749907322
Norm,Experiment1 FmTHF #1 norm,,1.00510090532826,0.010006045122082
Norm,Experiment1 FmTHF #2 norm,,1.00125174257639,0.0236544374603171
Norm,Experiment1 FmTHF #3 norm,,0.930702686189082,0.0305422805630246
Norm,Experiment1 FmTHF #4 norm,,1.02046926977976,0.0276070567711873
Norm,Experiment1 FmTHF #5 norm,,0.963603204398393,0.0562969367008105
Norm,Experiment1 FmTHF #6 norm,,0.996450027736481,0.0695661685062509
Norm,Experiment1 FmTHF #7 norm,,0.996362752427128,0.0594965335971754
Norm,Experiment1 FmTHF #8 norm,,1.06691817990944,0.114812263248502
Norm,Experiment1 Met176 #1 norm,,0.950973317581599,0.0242216040109102
Norm,Experiment1 Met176 #2 norm,,0.927126388344452,0.0329848323199403
Norm,Experiment1 Met176 #3 norm,,1.05063927019009,0.056751846846531
Norm,Experiment1 Met176 #4 norm,,1.00358876380703,0.0394706693558536
Norm,Experiment1 Met176 #5 norm,,0.936317801125361,0.0689595501413827
Norm,Experiment1 Met176 #6 norm,,1.04843831685042,0.121662047710322
Norm,Experiment1 Met176 #7 norm,,0.995194936460109,0.128376430628304
Norm,Experiment1 Met176 #8 norm,,1.00336427507315,0.117275702316987
Norm,Experiment1 SAM #1 norm,,0.979414688672621,0.0114495258673363
Norm,Experiment1 SAM #2 norm,,0.987154519456818,0.0116566930744032
Norm,Experiment1 SAM #3 norm,,0.997941161598709,0.014233210333967
Norm,Experiment1 SAM #4 norm,,0.99470233591989,0.022554699569006
Norm,Experiment1 SAM #5 norm,,0.991066341133065,0.0402222794266846
Norm,Experiment1 SAM #6 norm,,1.01872596839451,0.0634776017742497
Norm,Experiment1 SAM #7 norm,,1.00214445128111,0.0961964612599743
Norm,Experiment1 SAM #8 norm,,0.999895553297623,0.0825235391644549
Norm,Experiment1 CIT465 #1 norm,,1.00027835017697,0.0120035403218542
Norm,Experiment1 CIT465 #2 norm,,1.04876210946795,0.014085014366284
Norm,Experiment1 CIT465 #3 norm,,0.953150314842417,0.010949128743729
Norm,Experiment1 CIT465 #4 norm,,1.00449691660659,0.0171985070297059
Norm,Experiment1 CIT465 #5 norm,,0.978046625016316,0.0133620956508481
Norm,Experiment1 CIT465 #6 norm,,0.994394501447579,0.0126442473049076
Norm,Experiment1 CIT465 #7 norm,,1.00396547492243,0.0134024498630147
Norm,Experiment1 CIT465 #8 norm,,1.01463549069969,0.018404419686024
Norm,Experiment1 MAL335 #1 norm,,0.98743598198429,0.0123492961605099
Norm,Experiment1 MAL335 #2 norm,,0.984833979393218,0.0109733677396862
Norm,Experiment1 MAL335 #3 norm,,0.991802145401405,0.0102491572255753
Norm,Experiment1 MAL335 #4 norm,,0.990649644442868,0.014472450026144
Norm,Experiment1 MAL335 #5 norm,,0.995067553453977,0.0140194804336691
Norm,Experiment1 MAL335 #6 norm,,0.985554850227882,0.0129509987377494
Norm,Experiment1 MAL335 #7 norm,,0.947930458645138,0.0200183900763439
Norm,Experiment1 MAL335 #8 norm,,1.00153397607254,0.0397698278955073
Norm,Experiment1 ASP334 #1 norm,,0.975258456171643,0.0226453161235243
Norm,Experiment1 ASP334 #2 norm,,0.925360179205859,0.0294033211376508
Norm,Experiment1 ASP334 #3 norm,,0.944235365054931,0.0193990712341955
Norm,Experiment1 ASP334 #4 norm,,0.932349559923121,0.0156704003222541
Norm,Experiment1 ASP334 #5 norm,,0.960733114915531,0.0264766247923413
Norm,Experiment1 ASP334 #6 norm,,0.979264039408915,0.0314041577914915
Norm,Experiment1 ASP334 #7 norm,,0.97343909942271,0.0289617632256625
Norm,Experiment1 ASP334 #8 norm,,0.976717816718748,0.0748088071477518
Norm,Experiment1 GLU348 #1 norm,,0.947049544092334,0.0203028459829558
Norm,Experiment1 GLU348 #2 norm,,0.997652439910806,0.019691490189991
Norm,Experiment1 GLU348 #3 norm,,0.969840810874245,0.0112181570696896
Norm,Experiment1 GLU348 #4 norm,,0.982775418540888,0.0364819133698532
Norm,Experiment1 GLU348 #5 norm,,1.02828610128704,0.0244338469662843
Norm,Experiment1 GLU348 #6 norm,,0.99434298706714,0.0127547397629296
Norm,Experiment1 GLU348 #7 norm,,0.946686097906071,0.0142386312479435
Norm,Experiment1 GLU348 #8 norm,,1.01323371709369,0.0215056022465195
Norm,Experiment1 THR320 #1 norm,,1.01924220415929,0.0106721682429344
Norm,Experiment1 THR320 #2 norm,,0.989129682044145,0.0144079429072435
Norm,Experiment1 THR320 #3 norm,,1.00309386345325,0.010646444908557
Norm,Experiment1 THR320 #4 norm,,1.00077050323649,0.0291476417812499
Norm,Experiment1 THR320 #5 norm,,1.0173708657306,0.0218021522866139
Norm,Experiment1 THR320 #6 norm,,1.01329092807819,0.0115315840612133
Norm,Experiment1 THR320 #7 norm,,0.990893573145123,0.0140844912304358
Norm,Experiment1 THR320 #8 norm,,0.87397370856275,0.0241117845925804
Norm,Experiment1 ALA116 #1 norm,,0.994929375017938,0.00988418706860814
Norm,Experiment1 ALA116 #2 norm,,1.00989847334202,0.0100932165773124
Norm,Experiment1 ALA116 #3 norm,,0.974537082652971,0.0172165425824244
Norm,Experiment1 ALA116 #4 norm,,1.04951426508954,0.0216065371090074
Norm,Experiment1 ALA116 #5 norm,,0.995059689867219,0.130640188037525
Norm,Experiment1 ALA116 #6 norm,,0.993484595558218,0.0855373964222831
Norm,Experiment1 ALA116 #7 norm,,1.00880744577348,0.0589425768511428
Norm,Experiment1 ALA116 #8 norm,,0.969286755037801,0.118762870675809
Norm,Experiment1 PYR #1 norm,,0.94253401232963,0.0162108894477656
Norm,Experiment1 PYR #2 norm,,0.986548060777564,0.0438639609367184
Norm,Experiment1 PYR #3 norm,,1.05976827671583,0.137096995696407
Norm,Experiment1 PYR #4 norm,,1.07006420236921,0.0449627088791103
Norm,Experiment1 PYR #5 norm,,1.05655054532734,0.051723869155454
Norm,Experiment1 PYR #6 norm,,1.02421874125802,0.0526626048408166
Norm,Experiment1 PYR #7 norm,,1.01086222371411,0.0900673529335438
Norm,Experiment1 PYR #8 norm,,0.968879697293716,0.0628782572076778
