type,id,eqn,val,std
Net flux,CO2.t,CO2.t -> CO2,48.2579280986174,1.08831440304891
Net flux,CO2_sink,dummy -> Sink,48.2579280986174,1.08831440304891
Net flux,RUBICSO_CO2,RUBP.p + CO2 -> 3PGA.p + 3PGA.p + dummy,58.1088744244618,1.18830881567856
Net flux,GAPDH.p net,3PGA.p <-> TP.p,141.522260047849,2.66784633190207
Exch flux,GAPDH.p exch,3PGA.p <-> TP.p,2.88172560137173,1.02786909869348
Net flux,ALD,TP.p + E4P.p -> SBP,25.5389632683884,0.476775121378029
Net flux,SBP,SBP -> S7P.p,25.5389632683884,0.476775121378029
Net flux,FBA.p net,TP.p + TP.p <-> FBP.p,30.6258336778228,0.652721751686381
Exch flux,FBA.p exch,TP.p + TP.p <-> FBP.p,20513.3607004168,2239.5743671978
Net flux,PFK.p net,FBP.p <-> F6P.p,30.625833677826,0.652721751686381
Exch flux,PFK.p exch,FBP.p <-> F6P.p,1.00000235647713e-07,1.48115930374359e-12
Net flux,TK1 net,TP.p + EC2 <-> X5P.p,51.0779265367764,0.953550242756059
Exch flux,TK1 exch,TP.p + EC2 <-> X5P.p,5190.05249944648,3544.72051076236
Net flux,TK2 net,S7P.p <-> R5P.p + EC2,25.5389632683883,0.476775121378029
Exch flux,TK2 exch,S7P.p <-> R5P.p + EC2,38.1942605326043,3660.23594162177
Net flux,TK3 net,F6P.p <-> E4P.p + EC2,25.5389632683891,0.476775121378029
Exch flux,TK3 exch,F6P.p <-> E4P.p + EC2,10518.4233843979,3851.24299503683
Net flux,PPE net,X5P.p <-> RU5P.p,51.0779265367764,0.953550242756059
Exch flux,PPE exch,X5P.p <-> RU5P.p,5240.07863942754,3590.9679613267
Net flux,PPI net,R5P.p <-> RU5P.p,25.5389632683884,0.476775121378029
Exch flux,PPI exch,R5P.p <-> RU5P.p,247.50187461854,3608.79845134408
Net flux,PRK,RU5P.p -> RUBP.p,76.6168898051652,1.43032536413409
Net flux,RUBISCO_O2,RUBP.p -> 3PGA.p + 2PG.p,18.5080153807034,0.603470402457525
Net flux,GLYdil net,GLY.p <-> GLY.x + dummyGLY,0.00930780810472953,0.00104042967611936
Exch flux,GLYdil exch,GLY.p <-> GLY.x + dummyGLY,1.0000000116861e-07,0
Net flux,SERdil net,SER.p <-> SER.x + dummySER,1.54334028347018,3356.1418932725
Exch flux,SERdil exch,SER.p <-> SER.x + dummySER,0.973247104597377,3356.14181575685
Net flux,GK,GA.p -> 3PGA.p,7.18601708300898,0.516078722150327
Net flux,PGI.p net,F6P.p <-> G6P.p,5.086870409438,0.341034900093153
Exch flux,PGI.p exch,F6P.p <-> G6P.p,1.23279886251646,3411.07930737839
Net flux,PGM.p,G6P.p -> ADPG.p,5.086870409438,0.341034900093153
Net flux,Starch,ADPG.p -> Starch,5.08687040943798,0.341034900093153
Net flux,FBA.c net,TP.c + TP.c <-> FBP.c,1.82685144351491,0.204206021780486
Exch flux,FBA.c exch,TP.c + TP.c <-> FBP.c,20.8283791688298,3588.00723922803
Net flux,PFK.c net,FBP.c <-> F6P.c,1.82685144351492,0.204206021780486
Exch flux,PFK.c exch,FBP.c <-> F6P.c,5.47888052175883,2942.65327549214
Net flux,PGI.c net,F6P.c <-> G6P.c,0.913425721757477,0.102103010890243
Exch flux,PGI.c exch,F6P.c <-> G6P.c,227.424076400355,2942.65327017804
Net flux,PGM.c net,G6P.c <-> UDPG.c,0.913425721751992,0.102103010890243
Exch flux,PGM.c exch,G6P.c <-> UDPG.c,48481.4665252983,2942.65326840668
Net flux,SPS,F6P.c + UDPG.c -> S6P,0.913425721757424,0.102103010890243
Net flux,PGAM.c net,3PGA.c <-> PEP.c,0.389521264786975,0.0435408077884844
Exch flux,PGAM.c exch,3PGA.c <-> PEP.c,1.92411283529825,2942.6532687288
Net flux,PK.c,PEP.c -> PYR.c,0.176811816960629,0.0197640798098561
Net flux,PDH,PYR.c + dummy -> ACA + CO2,0.147152883775294,0.0164487950504982
Net flux,CS,OAA + ACA -> CIT,0.14715288377529,0.0164487950504982
Net flux,ACO net,CIT <-> ICI,0.147152883775334,0.0164487950504982
Exch flux,ACO exch,CIT <-> ICI,1164.53489789983,2942.65326840668
Net flux,IDH,ICI + dummy -> AKG + CO2,0.147152883775306,0.0164487950504982
Net flux,MDH net,MAL <-> OAA,2.1316282072803e-14,0
Exch flux,MDH exch,MAL <-> OAA,0.496122551027213,0.109993573064253
Net flux,PPC,PEP.c + CO2 -> OAA + dummy,0.212709447826319,0.0237767280985579
Net flux,T_3PGA net,3PGA.p <-> 3PGA.c,0.389521264786957,0.0435408077884844
Exch flux,T_3PGA exch,3PGA.p <-> 3PGA.c,1.0000000116861e-07,0
Net flux,T_DHAP net,TP.p <-> TP.c,3.65370288702986,0.408412043560971
Exch flux,T_DHAP exch,TP.p <-> TP.c,9.99999998363421e-08,0
Net flux,ALT,PYR.c -> ALA.c,0.0296589331854744,0.00331528476243634
Net flux,ASPT,OAA -> ASP,0.0655565640505553,0.00732793307747347
Net flux,GLUDH,AKG -> GLU,0.147152883775283,0.0164487950504982
Net flux,PCR net,GLU <-> PRO,-2.48689957516035e-14,0
Exch flux,PCR exch,GLU <-> PRO,1.0000000116861e-07,0
Net flux,GS net,GLU <-> GLN,0,0
Exch flux,GS exch,GLU <-> GLN,1.00042669259892e-07,0
Net flux,TS net,ASP <-> THR,0,0
Exch flux,TS exch,ASP <-> THR,1.0000000116861e-07,0
Net flux,AS net,ASP <-> ASN,1.06581410364015e-14,0
Exch flux,AS exch,ASP <-> ASN,1.0000000116861e-07,0
Net flux,G_3PGA.p,0*3PGA.p -> 3PGA,2.46866294162373e-06,5240.19485609694
Net flux,G_3PGA.c,0*3PGA.c -> 3PGA,92.9119081403003,3744.18338066607
Net flux,G_DHAP.p,0*TP.p -> TP,40.685379842242,5215.33393190973
Net flux,G_DHAP.c,0*TP.c -> TP,51.8471856996947,3834.14752111338
Net flux,G_F6P.p,0*F6P.p -> F6P,48.6686345030749,5104.17096228612
Net flux,G_F6P.c,0*F6P.c -> F6P,36.546576817712,3846.2271589965
Net flux,G_FBP.p,0*FBP.p -> FBP,2.46866127895373e-06,5051.78589447037
Net flux,G_FBP.c,0*FBP.c -> FBP,83.4512310460563,3706.62357889517
Net flux,G_G6P.p,0*G6P.p -> G6P,19.0549768397257,5453.33404062821
Net flux,G_G6P.c,0*G6P.c -> G6P,58.8549499993083,3737.00279482098
Net flux,G_RU5P.p,0*RU5P.p -> P5P,2.46865369746274e-06,5168.62309453819
Net flux,G_X5P.p,0*X5P.p -> P5P,92.8477691496443,3511.29159934501
Net flux,G_R5P.p,0*R5P.p -> R5P,82.2810779884949,3641.42969198846
Net flux,G_GA.p,0*GA.p -> GA,36.8386295589457,1.67756132417924
Net flux,G_SER.p,0*SER.p -> SER,96.5011818897258,5334.14990179669
Net flux,G_GLY.p,0*GLY.p -> GLY,16.7116729848904,3727.08193887548
Net flux,G_RUBP.p,0*RUBP.p -> RUBP,92.5302752673063,3514.42830290782
Net flux,G_S7P.p,0*S7P.p -> S7P,98.4567310636212,3616.18008749385
Net flux,G_2PG.p,0*2PG.p -> 2PG,87.0427532706349,3536.31403034612
Net flux,G_ADPG.p,0*ADPG.p -> ADPG,95.0805622183377,3524.4006850777
Net flux,G_PEP.c,0*PEP.c -> PEP,89.2305410445615,3723.45276616813
Net flux,G_UDPG.c,0*UDPG.c -> UDPG,72.4268033045549,3774.01002308259
Net flux,G_ALA.c,0*ALA.c -> ALA,79.9124879553515,7.35845616539402
Net flux,(1-G)_GA,0*GA.x -> GA,63.1613704410564,1.67756132417924
Net flux,(1-G)_SER,0*SER.x -> SER,3.49881728398446,2.761429550287
Net flux,(1-G)_GLY,0*GLY.x -> GLY,30.373665911958,3.25594102591318
Net flux,(1-G)_R5P,0*R5P.x -> R5P,17.718922011502,3641.42969198846
Net flux,(1-G)_RUBP,0*RUBP.x -> RUBP,7.46972473269241,3514.42830290782
Net flux,(1-G)_3PGA,0*3PGA.x -> 3PGA,7.08808939103708,3789.15776715576
Net flux,(1-G)_TP,0*TP.x -> TP,7.46743445806383,3637.32591788706
Net flux,(1-G)_F6P,0*F6P.x -> F6P,14.7847886792169,3520.01110389426
Net flux,(1-G)_FBP,0*FBP.x -> FBP,16.5487664852771,3646.17292807021
Net flux,(1-G)_G6P,0*G6P.x -> G6P,22.0900731609643,3809.59464215428
Net flux,(1-G)_RU5P,0*RU5P.x -> P5P,7.15222838170337,3682.66167569308
Net flux,(1-G)_S7P,0*S7P.x -> S7P,1.54326893637677,3616.18008749385
Net flux,(1-G)_2PG,0*2PG.x -> 2PG,12.9572467293675,3536.31403034612
Net flux,(1-G)_ADPG,0*ADPG.x -> ADPG,4.91943778166132,3524.4006850777
Net flux,(1-G)_PEP,0*PEP.x -> PEP,10.7694589554367,3723.45276616813
Net flux,(1-G)_UDPG,0*UDPG.x -> UDPG,27.5731966954463,3774.01002308259
Net flux,(1-G)_ALA,0*ALA.x -> ALA,20.0875120446483,7.35845616539402
Net flux,PGASink,3PGA -> Sink,100,0
Net flux,DHAPSink,TP -> Sink,100.000000000001,0
Net flux,F6PSink,F6P -> Sink,100.000000000004,0
Net flux,FBPSink,FBP -> Sink,99.9999999999947,0
Net flux,G6PSink,G6P -> Sink,99.9999999999983,0
Net flux,P5PSink,P5P -> Sink,100.000000000001,0
Net flux,R5PSink,R5P -> Sink,99.9999999999968,0
Net flux,GASink,GA -> Sink,100.000000000002,0
Net flux,SERSink,SER -> Sink,99.9999999999996,0
Net flux,GLYSink,GLY -> Sink,100.000000000001,0
Net flux,RUBPSink,RUBP -> Sink,99.9999999999987,0
Net flux,S7PSink,S7P -> Sink,99.9999999999979,0
Net flux,2PGSink,2PG -> Sink,100.000000000002,0
Net flux,ADPGSink,ADPG -> Sink,99.999999999999,0
Net flux,PEPSink,PEP -> Sink,99.9999999999983,0
Net flux,UDPGSink,UDPG -> Sink,100.000000000001,0
Net flux,ALASink,ALA -> Sink,99.9999999999998,0
Net flux,S6Pout-LL,S6P + 0.1611*GLU + 0.07177*ASP + 0.03247*ALA.c + 0.01019*dummyGLY + 0.03484*dummySER -> Sink,0.913425721757459,0.102103010890243
Net flux,PGP.p,2PG.p -> Glyc.p,18.5080153807034,0.603470402457525
Net flux,GOX,Glyc.p -> Glyx.p,18.5080153807034,0.603470402457525
Net flux,GGT,Glyx.p -> GLY.p,18.5080153807034,0.603470402457525
Net flux,SGAT,SER.p -> HPA.p,7.18601708300897,0.516078722150327
Net flux,HPR.p,HPA.p -> GA.p,7.18601708300896,0.516078722150327
Net flux,T_GLY-m net,GLY.p <-> GLY.m,18.4992368400999,3611.95265128608
Exch flux,T_GLY-m exch,GLY.p <-> GLY.m,92934.8359619343,3935.63733009948
Net flux,GDC.m,GLY.m + dummy -> myTHF.m + CO2,9.76935000611966,0.423886140718424
Net flux,T_SER-m net,SER.p <-> SER.m,-9.76935000611957,0.423886140718424
Exch flux,T_SER-m exch,SER.p <-> SER.m,2718.02528620804,3727.0974720637
Net flux,mSHMT,GLY.m + myTHF.m -> SER.m,9.76935000611966,0.423886140718424
Net flux,T_SER-c net,SER.p <-> SER.c,1.03999263964049,3356.14181347558
Exch flux,T_SER-c exch,SER.p <-> SER.c,0.0491685323248179,3356.14181347548
Net flux,T_Gly-c net,GLY.p <-> GLY.c,-0.000529267520623655,3611.95260086098
Exch flux,T_Gly-c exch,GLY.p <-> GLY.c,9.99999998363421e-08,0
Net flux,cSHMT,SER.c -> GLY.c + meTHF.c,1.03999253964049,3356.14181347558
Net flux,FmTHF-reductase net,meTHF.c <-> FmTHF.c,1.03999253964049,3356.14181347558
Exch flux,FmTHF-reductase exch,meTHF.c <-> FmTHF.c,7.80508013640856,4941.91915989353
Net flux,Met-synthase,FmTHF.c + Hcy.c -> Met.c,1.03999253964047,3356.14181347558
Net flux,SAM-synthase,Met.c -> SAM.c,1.03999253964048,3356.14181347558
Net flux,Methylation,SAM.c -> SAH.c + Acceptor.c,1.03999253964048,3356.14181347558
Net flux,hydrolysis,SAH.c -> Hcy.c,1.03999253964047,3356.14181347558
Net flux,G_SER.m,0*SER.m -> SER,6.76458462578466e-08,3589.10367155006
Net flux,G_SER.c,0*SER.c -> SER,7.58643512455137e-07,3671.81836955992
Net flux,G_Gly.m,0*GLY.m -> GLY,0.00020848275994112,3727.07972316505
Net flux,G_Gly.c,0*GLY.c -> GLY,52.9144526203929,6.04215516236366
Net flux,T_GLY-c-m,GLY.c -> GLY.m,1.03946317212002,3611.95268069967
Net flux,G_Glyc,0*Glyc.p -> Glyc,19.9333997294152,1.13504428446507
Net flux,G_Glyx,0*Glyx.p -> Glyx,8.70319852418376,1.12911156532216
Net flux,G_HPA,0*HPA.p -> HPA,6.13179987655943,1.3127933605572
Net flux,(1-G)_Glyc,0*Glyc.x -> Glyc,80.0666002705854,1.13504428446507
Net flux,(1-G)_Glyx,0*Glyx.x -> Glyx,91.2968014758171,1.12911156532216
Net flux,(1-G)_HPA,0*HPA.x -> HPA,93.8682001234405,1.3127933605572
Net flux,GlycSink,Glyc -> Sink,100.000000000001,0
Net flux,GlyxSink,Glyx -> Sink,100.000000000001,0
Net flux,HPASink,HPA -> Sink,99.9999999999998,0
Net flux,SERex,dummySER -> outSER,1.51151360288024,3356.14189334275
Net flux,G_PYR,0*PYR.c -> PYR,27.4493364789114,1.63656883415608
Net flux,(1-G)_PYR,0*PYR.x -> PYR,72.5506635210889,1.63656883415608
Net flux,PYRSink,PYR -> Sink,100,0
Net flux,G_meTHF,0*meTHF.c -> meTHF,99.9999999,0
Net flux,G_FmTHF,0*FmTHF.c -> FmTHF,74.6202088082503,2.86140218460965
Net flux,G_Met,0*Met.c -> Met,63.798203554479,4.3289846283329
Net flux,G_SAM,0*SAM.c -> SAM,65.5062405742057,3.74221240601137
Net flux,(1-G)_meTHF,0*meTHF.x -> meTHF,1.0000000116861e-07,0
Net flux,(1-G)_FmTHF,0*FmTHF.x -> FmTHF,25.3797911917498,2.86140218460965
Net flux,(1-G)_Met,0*Met.x -> Met,36.2017964455211,4.3289846283329
Net flux,(1-G)_SAM,0*SAM.x -> SAM,34.4937594257944,3.74221240601137
Net flux,meTHFSink,meTHF -> Sink,99.9999999999999,0
Net flux,FmTHFSink,FmTHF -> Sink,100,0
Net flux,MetSink,Met -> Sink,100,0
Net flux,SAMsink,SAM -> Sink,100,0
Net flux,Met-protein,Met.c -> Protein,6.51983996113883e-15,0
Net flux,GLY-protein,GLY.c -> Protein,9.99998848172368e-08,3356.14190202493
Net flux,SER-protein,SER.c -> Protein,1.00000000280431e-07,2.32090213249341e-16
Pool,2PG pool,,0,0
Pool,2PG.p pool,,2.94021480804791e-06,3747.84111023773
Pool,2PG.x pool,,1,Inf
Pool,3PGA pool,,0,0
Pool,3PGA.c pool,,0.00652333737130645,0.00484589075535467
Pool,3PGA.p pool,,3.21250390740528e-06,3918.19407878213
Pool,3PGA.x pool,,1,Inf
Pool,ACA pool,,2.53442541507364e-06,3613.812355477
Pool,ADPG pool,,0,0
Pool,ADPG.p pool,,9.9999999999999e-08,Inf
Pool,ADPG.x pool,,1,Inf
Pool,AKG pool,,2.59788352949511e-06,3694.50881539964
Pool,ALA pool,,0,0
Pool,ALA.c pool,,0.00985614842469592,0.00228585547463557
Pool,ALA.x pool,,1,Inf
Pool,ASN pool,,7566.04098331697,3619.57074106373
Pool,ASP pool,,1e-07,0
Pool,Acceptor.c pool,,1,Inf
Pool,CIT pool,,40.4043950147736,3623.63827322419
Pool,CO2 pool,,0.20140525139696,0.154680527565771
Pool,CO2.t pool,,1,Inf
Pool,E4P.p pool,,0,0
Pool,EC2 pool,,0,0
Pool,F6P pool,,0,0
Pool,F6P.c pool,,3.82977520197515e-06,3636.0607229867
Pool,F6P.p pool,,2.72937554859157e-06,3748.60763976351
Pool,F6P.x pool,,1,Inf
Pool,FBP pool,,0,0
Pool,FBP.c pool,,3.82974355263862e-06,3486.63602551116
Pool,FBP.p pool,,2.52781269724744e-06,3444.72425057635
Pool,FBP.x pool,,1,Inf
Pool,FmTHF pool,,0.31535413293839,3644.64900279344
Pool,FmTHF.c pool,,1.54930218570248e-07,3664.99606214026
Pool,FmTHF.x pool,,1,Inf
Pool,G6P pool,,0,0
Pool,G6P.c pool,,9.87531331373642e-06,3722.38341503366
Pool,G6P.p pool,,3.41097204392908e-06,3817.58333768884
Pool,G6P.x pool,,1,Inf
Pool,GA pool,,0,0
Pool,GA.p pool,,4.2742270807845e-06,3630.83166485949
Pool,GA.x pool,,1,Inf
Pool,GLN pool,,8.8386775498975,3703.71783529454
Pool,GLU pool,,2.59799452329169e-06,3624.85761853224
Pool,GLY pool,,0,0
Pool,GLY.c pool,,1.00006895159307e-07,3760.97769066839
Pool,GLY.m pool,,0.244339815955713,0.0694728743720462
Pool,GLY.p pool,,0.000426452609658333,3741.00676621261
Pool,GLY.x pool,,1,Inf
Pool,Glyc pool,,3.26063157094233,0.96816061546668
Pool,Glyc.p pool,,7.77060657229964e-06,3781.98471595377
Pool,Glyc.x pool,,1,Inf
Pool,Glyx pool,,2.92574394844728,1.68201139859158
Pool,Glyx.p pool,,1.36703845774628e-05,3586.96021744908
Pool,Glyx.x pool,,1,Inf
Pool,HPA pool,,0.000155591237019369,3609.1498168268
Pool,HPA.p pool,,3.08200058271791e-06,3627.3631585077
Pool,HPA.x pool,,1,Inf
Pool,Hcy.c pool,,1,Inf
Pool,ICI pool,,0.00365257609891808,3730.71920145635
Pool,MAL pool,,0.430025949692629,0.0829655874082895
Pool,Met pool,,3.48641070187762e-05,3811.67548974193
Pool,Met.c pool,,1e-07,0
Pool,Met.x pool,,1,Inf
Pool,OAA pool,,0.126375687835064,0.0269071988273746
Pool,P5P pool,,0,0
Pool,PEP pool,,0,0
Pool,PEP.c pool,,1.00000000000002e-07,0
Pool,PEP.x pool,,1,Inf
Pool,PRO pool,,5.39499140533115,3855.59376953659
Pool,PYR pool,,9.77182025620143e-05,3489.77066059491
Pool,PYR.c pool,,0.00234051555737754,0.00238438771115122
Pool,PYR.x pool,,1,Inf
Pool,Protein pool,,1,Inf
Pool,R5P pool,,0,0
Pool,R5P.p pool,,5.73706463237853e-06,3693.48082865307
Pool,R5P.x pool,,1,Inf
Pool,RU5P.p pool,,2.62833089029399e-06,3639.73934830349
Pool,RU5P.x pool,,1,Inf
Pool,RUBP pool,,0,0
Pool,RUBP.p pool,,2.61600524540796e-06,3810.82499417417
Pool,RUBP.x pool,,1,Inf
Pool,S6P pool,,1,Inf
Pool,S7P pool,,0,0
Pool,S7P.p pool,,2.32379626667072e-06,3623.12939299877
Pool,S7P.x pool,,1,Inf
Pool,SAH.c pool,,1,Inf
Pool,SAM pool,,4.28767772771557,1.30947464249976
Pool,SAM.c pool,,9.20284914225445e-06,3635.05312392839
Pool,SAM.x pool,,1,Inf
Pool,SBP pool,,0,0
Pool,SER pool,,0,0
Pool,SER.c pool,,1.00000000002876e-07,0
Pool,SER.m pool,,1.14327742909111,0.0849842618817359
Pool,SER.p pool,,0.00035401822955227,3569.17641812477
Pool,SER.x pool,,1,Inf
Pool,Sink pool,,1,Inf
Pool,Starch pool,,1,Inf
Pool,THR pool,,3884.42724787848,3657.12271850974
Pool,TP pool,,0,0
Pool,TP.c pool,,4.18767424437036e-06,3733.65051008864
Pool,TP.p pool,,3.29229252256311e-06,3833.06748137893
Pool,TP.x pool,,1,Inf
Pool,UDPG pool,,0,0
Pool,UDPG.c pool,,0.459584345072055,3704.78406443911
Pool,UDPG.x pool,,1,Inf
Pool,X5P.p pool,,2.6856287443454e-06,3798.1732133833
Pool,dummy pool,,1,Inf
Pool,dummyGLY pool,,1,Inf
Pool,dummySER pool,,1,Inf
Pool,meTHF pool,,1.65774437532585,0.795897175409804
Pool,meTHF.c pool,,1.55617765627099e-07,3651.0050251741
Pool,meTHF.x pool,,1,Inf
Pool,myTHF.m pool,,1.00000000030631e-07,0
Pool,outSER pool,,1,Inf
Norm,Experiment1 Glyc205 #1 norm,,1.00480316059445,0.0133826006991752
Norm,Experiment1 Glyc205 #2 norm,,0.975592271733285,0.0252687885907604
Norm,Experiment1 Glyc205 #3 norm,,0.988563625644857,0.0229169434094244
Norm,Experiment1 Glyc205 #4 norm,,1.00772150707673,0.0329526373575075
Norm,Experiment1 Glyc205 #5 norm,,0.99655998126924,0.0352848607893336
Norm,Experiment1 Glyc205 #6 norm,,1.04513345083322,0.0282104905540345
Norm,Experiment1 Glyc205 #7 norm,,0.985800983936088,0.035221951585757
Norm,Experiment1 Glyc205 #8 norm,,0.967954806611582,0.0293174271799311
Norm,Experiment1 Glyx160 #1 norm,,0.999804639117117,0.0109726863700576
Norm,Experiment1 Glyx160 #2 norm,,0.999437861163109,0.0165497915744542
Norm,Experiment1 Glyx160 #3 norm,,1.00828638420688,0.0207146182676777
Norm,Experiment1 Glyx160 #4 norm,,1.00146837962139,0.0158308045033163
Norm,Experiment1 Glyx160 #5 norm,,0.979817741889113,0.036390294502991
Norm,Experiment1 Glyx160 #6 norm,,1.01490765303344,0.0202135611788198
Norm,Experiment1 Glyx160 #7 norm,,0.959473947998381,0.0352035352302552
Norm,Experiment1 Glyx160 #8 norm,,0.988673333789403,0.0335696262903805
Norm,Experiment1 GLY276 #1 norm,,0.990014456177919,0.0101606933932855
Norm,Experiment1 GLY276 #2 norm,,0.975584677532616,0.0233887818729796
Norm,Experiment1 GLY276 #3 norm,,1.00196964306507,0.0460081167482619
Norm,Experiment1 GLY276 #4 norm,,0.995239763772265,0.0651662448902801
Norm,Experiment1 GLY276 #5 norm,,1.04145832955789,0.126294307551397
Norm,Experiment1 GLY276 #6 norm,,0.930450673483162,0.105502927511744
Norm,Experiment1 GLY276 #7 norm,,1.01924385827924,0.0644136884095636
Norm,Experiment1 GLY276 #8 norm,,0.979481012464608,0.0927643157738454
Norm,Experiment1 HPA262 #1 norm,,1.01461879374126,0.010910454585949
Norm,Experiment1 HPA262 #2 norm,,0.958147788056024,0.0281137667760386
Norm,Experiment1 HPA262 #3 norm,,0.992392510410374,0.0133990578968755
Norm,Experiment1 HPA262 #4 norm,,0.972633824228906,0.0335940984954158
Norm,Experiment1 HPA262 #5 norm,,0.921504997127815,0.0238121674807542
Norm,Experiment1 HPA262 #6 norm,,0.969413167265128,0.033056642910248
Norm,Experiment1 HPA262 #7 norm,,0.963245255207316,0.0245108040375857
Norm,Experiment1 HPA262 #8 norm,,1.04538146768317,0.0248279883745643
Norm,Experiment1 GA307 #1 norm,,1.00485627518365,0.0121426423918451
Norm,Experiment1 GA307 #2 norm,,0.981332698873696,0.0304893097584223
Norm,Experiment1 GA307 #3 norm,,0.958609772846913,0.0307319349321376
Norm,Experiment1 GA307 #4 norm,,1.01690824850047,0.0200679228513381
Norm,Experiment1 GA307 #5 norm,,0.997302023369407,0.0601905195158981
Norm,Experiment1 GA307 #6 norm,,1.06197179468061,0.0430238664906468
Norm,Experiment1 GA307 #7 norm,,0.942281778686374,0.0455055116434949
Norm,Experiment1 GA307 #8 norm,,0.988553711246539,0.0371176689186332
Norm,Experiment1 SER306 #1 norm,,0.980389028422166,0.0139526590886104
Norm,Experiment1 SER306 #2 norm,,1.00590525003756,0.0168634114985209
Norm,Experiment1 SER306 #3 norm,,0.965217070026433,0.0444232439934197
Norm,Experiment1 SER306 #4 norm,,1.00896126853879,0.043198459980494
Norm,Experiment1 SER306 #5 norm,,1.0875515109685,0.100557955130004
Norm,Experiment1 SER306 #6 norm,,0.945081749717918,0.0637851379248879
Norm,Experiment1 SER306 #7 norm,,1.01307776135374,0.0445882795993856
Norm,Experiment1 SER306 #8 norm,,0.976009958470822,0.0513216093084365
Norm,Experiment1 meTHF #1 norm,,0.9956448848651,0.00989027825398042
Norm,Experiment1 meTHF #2 norm,,1.00645245183666,0.0100450511346594
Norm,Experiment1 meTHF #3 norm,,0.919543538502535,0.0589403174483825
Norm,Experiment1 meTHF #4 norm,,1.04351811336826,0.0509122172647997
Norm,Experiment1 meTHF #5 norm,,0.97904895238904,0.0705664657446266
Norm,Experiment1 meTHF #6 norm,,1.03212419119241,0.11718851474249
Norm,Experiment1 meTHF #7 norm,,1.00117417006105,0.0596976455537164
Norm,Experiment1 meTHF #8 norm,,0.949588955766796,0.0857785505950929
Norm,Experiment1 FmTHF #1 norm,,1.0054874949143,0.00998877516421981
Norm,Experiment1 FmTHF #2 norm,,1.03726963827788,0.0239648159498108
Norm,Experiment1 FmTHF #3 norm,,0.98004684136093,0.0301481896791922
Norm,Experiment1 FmTHF #4 norm,,0.998143879543323,0.0236439252780504
Norm,Experiment1 FmTHF #5 norm,,0.985341644143277,0.059518071572521
Norm,Experiment1 FmTHF #6 norm,,1.00239505916206,0.0675913732529594
Norm,Experiment1 FmTHF #7 norm,,0.988439973090215,0.0529166645323286
Norm,Experiment1 FmTHF #8 norm,,1.05007378446185,0.0909862021902827
Norm,Experiment1 Met176 #1 norm,,0.966031063040938,0.0255860903267495
Norm,Experiment1 Met176 #2 norm,,0.894108256018243,0.0307474831585981
Norm,Experiment1 Met176 #3 norm,,0.917670544211687,0.0546961163867911
Norm,Experiment1 Met176 #4 norm,,0.96415251989565,0.0359713168205349
Norm,Experiment1 Met176 #5 norm,,1.05764108342174,0.0911656895508803
Norm,Experiment1 Met176 #6 norm,,1.00177085988311,0.132996846877778
Norm,Experiment1 Met176 #7 norm,,0.996183235743071,0.116501386039409
Norm,Experiment1 Met176 #8 norm,,1.00636403559297,0.127973655688124
Norm,Experiment1 SAM #1 norm,,0.979498565657747,0.0115351784289713
Norm,Experiment1 SAM #2 norm,,0.98703263481127,0.0119754336245013
Norm,Experiment1 SAM #3 norm,,0.998702904554693,0.0145526992724948
Norm,Experiment1 SAM #4 norm,,1.01578674765805,0.0235475071285898
Norm,Experiment1 SAM #5 norm,,1.00082144325458,0.0417831544680621
Norm,Experiment1 SAM #6 norm,,0.989666387220042,0.0575746326567068
Norm,Experiment1 SAM #7 norm,,1.00547110803888,0.0788510135569487
Norm,Experiment1 SAM #8 norm,,0.975980204312457,0.088513837242198
Norm,Experiment1 CIT465 #1 norm,,1.00811273724449,0.0120654858494559
Norm,Experiment1 CIT465 #2 norm,,0.982945093388563,0.013361738274109
Norm,Experiment1 CIT465 #3 norm,,0.962638644619463,0.0112617701115038
Norm,Experiment1 CIT465 #4 norm,,0.945490212642865,0.0161769723303718
Norm,Experiment1 CIT465 #5 norm,,0.971506711589904,0.0131214855024824
Norm,Experiment1 CIT465 #6 norm,,1.00402384169553,0.0127244106152176
Norm,Experiment1 CIT465 #7 norm,,1.01758275983921,0.0122998432825911
Norm,Experiment1 CIT465 #8 norm,,1.01745569844386,0.013229601247845
Norm,Experiment1 MAL335 #1 norm,,0.978077218556851,0.0124563774422566
Norm,Experiment1 MAL335 #2 norm,,0.999469842010888,0.0110152608243427
Norm,Experiment1 MAL335 #3 norm,,0.995065672077064,0.0102789839693492
Norm,Experiment1 MAL335 #4 norm,,0.987113002637186,0.0147392349377695
Norm,Experiment1 MAL335 #5 norm,,0.963414572060798,0.0144114568468336
Norm,Experiment1 MAL335 #6 norm,,0.998705326247258,0.014647651025059
Norm,Experiment1 MAL335 #7 norm,,0.981014537662922,0.0211730643995425
Norm,Experiment1 MAL335 #8 norm,,0.988805397304581,0.0337767475901853
Norm,Experiment1 ASP334 #1 norm,,0.973390657890347,0.0217389570303309
Norm,Experiment1 ASP334 #2 norm,,0.882746084467452,0.0288260684915283
Norm,Experiment1 ASP334 #3 norm,,0.983295112505571,0.0199835549866614
Norm,Experiment1 ASP334 #4 norm,,1.00383293522271,0.020590417910055
Norm,Experiment1 ASP334 #5 norm,,0.972522875909152,0.0282592425815447
Norm,Experiment1 ASP334 #6 norm,,1.01156454746533,0.0306622317076952
Norm,Experiment1 ASP334 #7 norm,,0.971125548372249,0.030928808433896
Norm,Experiment1 ASP334 #8 norm,,0.977970224004856,0.095484194921163
Norm,Experiment1 GLU348 #1 norm,,0.971662389343144,0.0207555434668085
Norm,Experiment1 GLU348 #2 norm,,1.0158078516282,0.0205485732351821
Norm,Experiment1 GLU348 #3 norm,,0.972515095892403,0.0110631635650599
Norm,Experiment1 GLU348 #4 norm,,0.982322264687447,0.0353499523348662
Norm,Experiment1 GLU348 #5 norm,,0.970958017127792,0.0232540099131109
Norm,Experiment1 GLU348 #6 norm,,0.968749728722489,0.0125001608299153
Norm,Experiment1 GLU348 #7 norm,,0.975438398785476,0.0140238647652538
Norm,Experiment1 GLU348 #8 norm,,0.962258401515796,0.0165036567188623
Norm,Experiment1 THR320 #1 norm,,0.996709438627433,0.0103236205110437
Norm,Experiment1 THR320 #2 norm,,0.997806640226535,0.0141157713773953
Norm,Experiment1 THR320 #3 norm,,0.990957499981098,0.0102704651858921
Norm,Experiment1 THR320 #4 norm,,1.00374782380932,0.0288828720623718
Norm,Experiment1 THR320 #5 norm,,1.03085764807563,0.021675927189795
Norm,Experiment1 THR320 #6 norm,,0.947078499094343,0.0108623254798135
Norm,Experiment1 THR320 #7 norm,,0.988259924657071,0.0143646821989187
Norm,Experiment1 THR320 #8 norm,,0.877094743599407,0.023751795113002
Norm,Experiment1 ALA116 #1 norm,,1.02038159665602,0.0100615327353932
Norm,Experiment1 ALA116 #2 norm,,1.00057719007444,0.0103396319004275
Norm,Experiment1 ALA116 #3 norm,,0.985026198856568,0.0188083968375595
Norm,Experiment1 ALA116 #4 norm,,1.03281458442746,0.0229248810812934
Norm,Experiment1 ALA116 #5 norm,,0.985698050931637,0.101026518903689
Norm,Experiment1 ALA116 #6 norm,,1.00854098845995,0.0819166852538061
Norm,Experiment1 ALA116 #7 norm,,1.0150322310252,0.0577779769856809
Norm,Experiment1 ALA116 #8 norm,,0.938402434481238,0.110170293702385
Norm,Experiment1 PYR #1 norm,,0.985563383996072,0.0164486886819542
Norm,Experiment1 PYR #2 norm,,1.00424575789659,0.0533051518531846
Norm,Experiment1 PYR #3 norm,,0.969824911192334,0.114124753089533
Norm,Experiment1 PYR #4 norm,,0.994463478278385,0.0447778245624203
Norm,Experiment1 PYR #5 norm,,1.02713539145333,0.0591253295102264
Norm,Experiment1 PYR #6 norm,,1.04621582518191,0.0520325770397717
Norm,Experiment1 PYR #7 norm,,0.950700455760335,0.0908084316071317
Norm,Experiment1 PYR #8 norm,,0.956873576294339,0.0600712798832866
