type,id,eqn,val,std
Net flux,CO2.t,CO2.t -> CO2,47.393146697694,1.1311678509888
Net flux,CO2_sink,dummy -> Sink,47.3931466976939,1.1311678509888
Net flux,RUBICSO_CO2,RUBP.p + CO2 -> 3PGA.p + 3PGA.p + dummy,57.0382128745436,1.19087872974676
Net flux,GAPDH.p net,3PGA.p <-> TP.p,135.211017485244,2.67642262490789
Exch flux,GAPDH.p exch,3PGA.p <-> TP.p,0.000500235860172893,0.823982855646285
Net flux,ALD,TP.p + E4P.p -> SBP,24.6888600137614,0.480275732873635
Net flux,SBP,SBP -> S7P.p,24.6888600137614,0.480275732873635
Net flux,FBA.p net,TP.p + TP.p <-> FBP.p,28.8532670489585,0.656801342276608
Exch flux,FBA.p exch,TP.p + TP.p <-> FBP.p,20558.8228925425,4939.26780074022
Net flux,PFK.p net,FBP.p <-> F6P.p,28.8532670489617,0.656801342276608
Exch flux,PFK.p exch,FBP.p <-> F6P.p,1.00000974612158e-07,3.84000977300564e-16
Net flux,TK1 net,TP.p + EC2 <-> X5P.p,49.3777200275228,0.96055146574727
Exch flux,TK1 exch,TP.p + EC2 <-> X5P.p,1.0000000116861e-07,0
Net flux,TK2 net,S7P.p <-> R5P.p + EC2,24.6888600137614,0.480275732873635
Exch flux,TK2 exch,S7P.p <-> R5P.p + EC2,38.6820187666247,5183.41396190753
Net flux,TK3 net,F6P.p <-> E4P.p + EC2,24.6888600137609,0.480275732873635
Exch flux,TK3 exch,F6P.p <-> E4P.p + EC2,8080.77516047028,5153.99668954035
Net flux,PPE net,X5P.p <-> RU5P.p,49.3777200275228,0.96055146574727
Exch flux,PPE exch,X5P.p <-> RU5P.p,98.4047802349357,4746.74578748647
Net flux,PPI net,R5P.p <-> RU5P.p,24.6888600137615,0.480275732873635
Exch flux,PPI exch,R5P.p <-> RU5P.p,241.891598404905,4784.08857954915
Net flux,PRK,RU5P.p -> RUBP.p,74.0665800412844,1.4408271986209
Net flux,RUBISCO_O2,RUBP.p -> 3PGA.p + 2PG.p,17.0283671667407,0.593837685378543
Net flux,GLYdil net,GLY.p <-> GLY.x + dummyGLY,0.00875805877405611,0.00132615347257805
Exch flux,GLYdil exch,GLY.p <-> GLY.x + dummyGLY,1.0000000116861e-07,2.17899864527178e-13
Net flux,SERdil net,SER.p <-> SER.x + dummySER,2.97857838162192,0.938765003620115
Exch flux,SERdil exch,SER.p <-> SER.x + dummySER,1.28568672960567,0.966044547999028
Net flux,GK,GA.p -> 3PGA.p,4.4727394451369,0.969307573594892
Net flux,PGI.p net,F6P.p <-> G6P.p,4.16440703520015,0.385774466809866
Exch flux,PGI.p exch,F6P.p <-> G6P.p,1.00003752834255e-07,2948.77175740237
Net flux,PGM.p,G6P.p -> ADPG.p,4.16440703520015,0.385774466809866
Net flux,Starch,ADPG.p -> Starch,4.16440703520013,0.385774466809866
Net flux,FBA.c net,TP.c + TP.c <-> FBP.c,1.71895167301774,0.260285273559033
Exch flux,FBA.c exch,TP.c + TP.c <-> FBP.c,20.5728815156561,4824.12064585745
Net flux,PFK.c net,FBP.c <-> F6P.c,1.71895167301775,0.260285273559033
Exch flux,PFK.c exch,FBP.c <-> F6P.c,5.22667434674312,5075.29140521507
Net flux,PGI.c net,F6P.c <-> G6P.c,0.859475836508892,0.130142636779517
Exch flux,PGI.c exch,F6P.c <-> G6P.c,227.299126522322,4936.52187547649
Net flux,PGM.c net,G6P.c <-> UDPG.c,0.859475836507045,0.130142636779517
Exch flux,PGM.c exch,G6P.c <-> UDPG.c,48481.4235665984,5112.89327644102
Net flux,SPS,F6P.c + UDPG.c -> S6P,0.859475836508839,0.130142636779517
Net flux,PGAM.c net,3PGA.c <-> PEP.c,0.366514875721163,0.0554980261462003
Exch flux,PGAM.c exch,3PGA.c <-> PEP.c,2.61406933339754,5050.38532780386
Net flux,PK.c,PEP.c -> PYR.c,0.166368737673032,0.0251917102535706
Net flux,PDH,PYR.c + dummy -> ACA + CO2,0.138461557261695,0.0209659788478537
Net flux,CS,OAA + ACA -> CIT,0.138461557261691,0.0209659788478537
Net flux,ACO net,CIT <-> ICI,0.138461557261735,0.0209659788478537
Exch flux,ACO exch,CIT <-> ICI,1313.49392215291,5061.18387382112
Net flux,IDH,ICI + dummy -> AKG + CO2,0.138461557261707,0.0209659788478537
Net flux,MDH net,MAL <-> OAA,2.1316282072803e-14,0
Exch flux,MDH exch,MAL <-> OAA,0.334928336052229,0.111871944050895
Net flux,PPC,PEP.c + CO2 -> OAA + dummy,0.200146138047649,0.0303063159048208
Net flux,T_3PGA net,3PGA.p <-> 3PGA.c,0.366514875721144,0.0554980261462003
Exch flux,T_3PGA exch,3PGA.p <-> 3PGA.c,5.6484521044182,5013.6384810304
Net flux,T_DHAP net,TP.p <-> TP.c,3.43790334603552,0.520570547118066
Exch flux,T_DHAP exch,TP.p <-> TP.c,9.99999998363421e-08,0
Net flux,ALT,PYR.c -> ALA.c,0.0279071804114761,0.00422573141776177
Net flux,ASPT,OAA -> ASP,0.0616845807862798,0.00934033706829802
Net flux,GLUDH,AKG -> GLU,0.138461557261684,0.0209659788478537
Net flux,PCR net,GLU <-> PRO,-2.48689957516035e-14,0
Exch flux,PCR exch,GLU <-> PRO,1.0000000116861e-07,0
Net flux,GS net,GLU <-> GLN,0,0
Exch flux,GS exch,GLU <-> GLN,1.00044566408997e-07,0
Net flux,TS net,ASP <-> THR,0,0
Exch flux,TS exch,ASP <-> THR,1.0000000116861e-07,0
Net flux,AS net,ASP <-> ASN,1.06581410364015e-14,0
Exch flux,AS exch,ASP <-> ASN,3.02432400900443e-07,0
Net flux,G_3PGA.p,0*3PGA.p -> 3PGA,2.46866294162373e-06,6395.39525048026
Net flux,G_3PGA.c,0*3PGA.c -> 3PGA,92.9119081388811,4610.37272680985
Net flux,G_DHAP.p,0*TP.p -> TP,40.685379842242,6831.96036080567
Net flux,G_DHAP.c,0*TP.c -> TP,51.8471856996947,5066.02355330836
Net flux,G_F6P.p,0*F6P.p -> F6P,48.6686345030749,7362.41492528649
Net flux,G_F6P.c,0*F6P.c -> F6P,36.546576817712,5358.12650741886
Net flux,G_FBP.p,0*FBP.p -> FBP,2.46866127895373e-06,6921.65174566357
Net flux,G_FBP.c,0*FBP.c -> FBP,83.4512310462143,4592.03933519952
Net flux,G_G6P.p,0*G6P.p -> G6P,19.0549768397257,7101.03095541216
Net flux,G_G6P.c,0*G6P.c -> G6P,58.8549499993083,4934.9433407135
Net flux,G_RU5P.p,0*RU5P.p -> P5P,2.46865369746274e-06,7296.41345045163
Net flux,G_X5P.p,0*X5P.p -> P5P,92.8477691500329,5447.98530056971
Net flux,G_R5P.p,0*R5P.p -> R5P,82.2810779884949,5502.08966950341
Net flux,G_GA.p,0*GA.p -> GA,39.9093619504687,1.78038926935546
Net flux,G_SER.p,0*SER.p -> SER,98.4955988847046,4595.77808085769
Net flux,G_GLY.p,0*GLY.p -> GLY,24.0396870537864,4887.81041591956
Net flux,G_RUBP.p,0*RUBP.p -> RUBP,92.5302752673063,4635.25679153999
Net flux,G_S7P.p,0*S7P.p -> S7P,98.4567310636212,4952.95418232597
Net flux,G_2PG.p,0*2PG.p -> 2PG,87.0427532706349,5255.93975633665
Net flux,G_ADPG.p,0*ADPG.p -> ADPG,95.0805622183377,4839.09959145671
Net flux,G_PEP.c,0*PEP.c -> PEP,89.2305410445615,5103.32023470169
Net flux,G_UDPG.c,0*UDPG.c -> UDPG,72.4268033045549,5288.58430941292
Net flux,G_ALA.c,0*ALA.c -> ALA,77.5569813613297,7.87009921120726
Net flux,(1-G)_GA,0*GA.x -> GA,60.0906380495333,1.78038926935546
Net flux,(1-G)_SER,0*SER.x -> SER,1.50440083441817,3.14139655886443
Net flux,(1-G)_GLY,0*GLY.x -> GLY,26.4261044803334,3.26382583514067
Net flux,(1-G)_R5P,0*R5P.x -> R5P,17.718922011502,5502.08966950341
Net flux,(1-G)_RUBP,0*RUBP.x -> RUBP,7.46972473269241,4635.25679153999
Net flux,(1-G)_3PGA,0*3PGA.x -> 3PGA,7.08808939245625,4750.08236901085
Net flux,(1-G)_TP,0*TP.x -> TP,7.46743445806383,4961.99567946116
Net flux,(1-G)_F6P,0*F6P.x -> F6P,14.7847886792169,5062.80135960629
Net flux,(1-G)_FBP,0*FBP.x -> FBP,16.5487664851191,5000.10984281213
Net flux,(1-G)_G6P,0*G6P.x -> G6P,22.0900731609643,5102.68112695759
Net flux,(1-G)_RU5P,0*RU5P.x -> P5P,7.15222838131477,5150.9986838825
Net flux,(1-G)_S7P,0*S7P.x -> S7P,1.54326893637677,4952.95418232597
Net flux,(1-G)_2PG,0*2PG.x -> 2PG,12.9572467293675,5255.93975633665
Net flux,(1-G)_ADPG,0*ADPG.x -> ADPG,4.91943778166132,4839.09959145671
Net flux,(1-G)_PEP,0*PEP.x -> PEP,10.7694589554367,5103.32023470169
Net flux,(1-G)_UDPG,0*UDPG.x -> UDPG,27.5731966954463,5288.58430941292
Net flux,(1-G)_ALA,0*ALA.x -> ALA,22.4430186386701,7.87009921120726
Net flux,PGASink,3PGA -> Sink,100,0
Net flux,DHAPSink,TP -> Sink,100.000000000001,0
Net flux,F6PSink,F6P -> Sink,100.000000000004,0
Net flux,FBPSink,FBP -> Sink,99.9999999999947,0
Net flux,G6PSink,G6P -> Sink,99.9999999999983,0
Net flux,P5PSink,P5P -> Sink,100.000000000001,0
Net flux,R5PSink,R5P -> Sink,99.9999999999968,0
Net flux,GASink,GA -> Sink,100.000000000002,0
Net flux,SERSink,SER -> Sink,99.9999999999996,0
Net flux,GLYSink,GLY -> Sink,100.000000000001,0
Net flux,RUBPSink,RUBP -> Sink,99.9999999999987,0
Net flux,S7PSink,S7P -> Sink,99.9999999999979,0
Net flux,2PGSink,2PG -> Sink,100.000000000002,0
Net flux,ADPGSink,ADPG -> Sink,99.999999999999,0
Net flux,PEPSink,PEP -> Sink,99.9999999999983,0
Net flux,UDPGSink,UDPG -> Sink,100.000000000001,0
Net flux,ALASink,ALA -> Sink,99.9999999999998,0
Net flux,S6Pout-LL,S6P + 0.1611*GLU + 0.07177*ASP + 0.03247*ALA.c + 0.01019*dummyGLY + 0.03484*dummySER -> Sink,0.859475836508874,0.130142636779517
Net flux,PGP.p,2PG.p -> Glyc.p,17.0283671667408,0.593837685378543
Net flux,GOX,Glyc.p -> Glyx.p,17.0283671667408,0.593837685378543
Net flux,GGT,Glyx.p -> GLY.p,17.0283671667408,0.593837685378543
Net flux,SGAT,SER.p -> HPA.p,4.47273944513689,0.969307573594892
Net flux,HPR.p,HPA.p -> GA.p,4.47273944513688,0.969307573594892
Net flux,T_GLY-m net,GLY.p <-> GLY.m,17.0197332931275,5184.10410085926
Exch flux,T_GLY-m exch,GLY.p <-> GLY.m,214034.472183598,4860.14989307074
Net flux,GDC.m,GLY.m + dummy -> myTHF.m + CO2,9.56828920037444,0.403818626833896
Net flux,T_SER-m net,SER.p <-> SER.m,-9.56828920037447,0.403818626833896
Exch flux,T_SER-m exch,SER.p <-> SER.m,331.084424139163,4870.29603332639
Net flux,mSHMT,GLY.m + myTHF.m -> SER.m,9.56828920037444,0.403818626833896
Net flux,T_SER-c net,SER.p <-> SER.c,2.11697137361561,0.595000384860889
Exch flux,T_SER-c exch,SER.p <-> SER.c,1.00000000280431e-07,0
Net flux,T_Gly-c net,GLY.p <-> GLY.c,-0.000124185157039491,5184.10406684645
Exch flux,T_Gly-c exch,GLY.p <-> GLY.c,9.99999998363421e-08,0
Net flux,cSHMT,SER.c -> GLY.c + meTHF.c,2.11697127361561,0.595000384850869
Net flux,FmTHF-reductase net,meTHF.c <-> FmTHF.c,2.11697127361561,0.595000384850869
Exch flux,FmTHF-reductase exch,meTHF.c <-> FmTHF.c,7.06153520108934,5001.91464654408
Net flux,Met-synthase,FmTHF.c + Hcy.c -> Met.c,2.11697127361559,0.595000384850869
Net flux,SAM-synthase,Met.c -> SAM.c,2.1169712736156,0.595000384850869
Net flux,Methylation,SAM.c -> SAH.c + Acceptor.c,2.1169712736156,0.595000384850869
Net flux,hydrolysis,SAH.c -> Hcy.c,2.11697127361559,0.595000384850869
Net flux,G_SER.m,0*SER.m -> SER,1.80876824629195e-07,4595.77700723014
Net flux,G_SER.c,0*SER.c -> SER,1.0000000116861e-07,0
Net flux,G_Gly.m,0*GLY.m -> GLY,0.000488491752086873,4887.80886976473
Net flux,G_Gly.c,0*GLY.c -> GLY,49.5337199741294,5.95945737827047
Net flux,T_GLY-c-m,GLY.c -> GLY.m,2.11684510762518,5184.10410099059
Net flux,G_Glyc,0*Glyc.p -> Glyc,23.3264565955782,1.16854750585231
Net flux,G_Glyx,0*Glyx.p -> Glyx,9.94942493216683,1.12944637697479
Net flux,G_HPA,0*HPA.p -> HPA,9.51602857462552,1.31824552432754
Net flux,(1-G)_Glyc,0*Glyc.x -> Glyc,76.6735434044224,1.16854750585231
Net flux,(1-G)_Glyx,0*Glyx.x -> Glyx,90.050575067834,1.12944637697479
Net flux,(1-G)_HPA,0*HPA.x -> HPA,90.4839714253744,1.31824552432754
Net flux,GlycSink,Glyc -> Sink,100.000000000001,0
Net flux,GlyxSink,Glyx -> Sink,100.000000000001,0
Net flux,HPASink,HPA -> Sink,99.9999999999998,0
Net flux,SERex,dummySER -> outSER,2.94863148799902,0.94155716617273
Net flux,G_PYR,0*PYR.c -> PYR,34.0847971647051,2.1767009310827
Net flux,(1-G)_PYR,0*PYR.x -> PYR,65.9152028352951,2.1767009310827
Net flux,PYRSink,PYR -> Sink,100,0
Net flux,G_meTHF,0*meTHF.c -> meTHF,99.9999999,0
Net flux,G_FmTHF,0*FmTHF.c -> FmTHF,88.823358616917,3.49978688212393
Net flux,G_Met,0*Met.c -> Met,59.9090923395869,4.67439967719353
Net flux,G_SAM,0*SAM.c -> SAM,74.3739180152565,4.25191985161464
Net flux,(1-G)_meTHF,0*meTHF.x -> meTHF,1.0000000116861e-07,0
Net flux,(1-G)_FmTHF,0*FmTHF.x -> FmTHF,11.1766413830831,3.49978688212393
Net flux,(1-G)_Met,0*Met.x -> Met,40.0909076604131,4.67439967719353
Net flux,(1-G)_SAM,0*SAM.x -> SAM,25.6260819847435,4.25191985161464
Net flux,meTHFSink,meTHF -> Sink,99.9999999999999,0
Net flux,FmTHFSink,FmTHF -> Sink,100,0
Net flux,MetSink,Met -> Sink,100,0
Net flux,SAMsink,SAM -> Sink,100,0
Net flux,Met-protein,Met.c -> Protein,6.51983996113883e-15,0
Net flux,GLY-protein,GLY.c -> Protein,1.98083342528577e-06,3.0774825425951e-14
Net flux,SER-protein,SER.c -> Protein,1.00000003833145e-07,4.02807898672713e-14
Pool,2PG pool,,0,0
Pool,2PG.p pool,,1.35677518020185e-06,4906.3057900203
Pool,2PG.x pool,,1,Inf
Pool,3PGA pool,,0,0
Pool,3PGA.c pool,,1.78717375191318e-06,4991.93406388413
Pool,3PGA.p pool,,1.60297972295932e-06,5209.51107345942
Pool,3PGA.x pool,,1,Inf
Pool,ACA pool,,1.42316125547291e-06,4910.26837960212
Pool,ADPG pool,,0,0
Pool,ADPG.p pool,,9.9999999999999e-08,Inf
Pool,ADPG.x pool,,1,Inf
Pool,AKG pool,,1.38541433640713e-06,5299.50881278772
Pool,ALA pool,,0,0
Pool,ALA.c pool,,0.00856930327404596,0.00261152854664681
Pool,ALA.x pool,,1,Inf
Pool,ASN pool,,7566.06819362419,4892.21580484843
Pool,ASP pool,,0.0202351113116214,0.0075197071402087
Pool,Acceptor.c pool,,1,Inf
Pool,CIT pool,,3.97596440247364,2.08811049241669
Pool,CO2 pool,,0.352617286636941,0.114105310938159
Pool,CO2.t pool,,1,Inf
Pool,E4P.p pool,,0,0
Pool,EC2 pool,,0,0
Pool,F6P pool,,0,0
Pool,F6P.c pool,,3.82972527556261e-06,5029.26236105078
Pool,F6P.p pool,,1.05716254662295e-06,5112.30200779342
Pool,F6P.x pool,,1,Inf
Pool,FBP pool,,0,0
Pool,FBP.c pool,,3.82968119459967e-06,5036.09951095522
Pool,FBP.p pool,,9.52507994517138e-07,5148.10019671993
Pool,FBP.x pool,,1,Inf
Pool,FmTHF pool,,1.20813112602435,0.651458401876478
Pool,FmTHF.c pool,,1e-07,0
Pool,FmTHF.x pool,,1,Inf
Pool,G6P pool,,0,0
Pool,G6P.c pool,,9.87498250827662e-06,5059.41042741841
Pool,G6P.p pool,,2.69456739794151e-06,4782.08787150697
Pool,G6P.x pool,,1,Inf
Pool,GA pool,,0,0
Pool,GA.p pool,,1.66821354937628e-06,4945.25835756625
Pool,GA.x pool,,1,Inf
Pool,GLN pool,,8.83867754957176,4973.19710383035
Pool,GLU pool,,1.38542456791382e-06,4819.18436255016
Pool,GLY pool,,0,0
Pool,GLY.c pool,,9.99999999994061e-08,0
Pool,GLY.m pool,,0.2021876033337,0.0669205085814063
Pool,GLY.p pool,,0.000430623686276945,5063.83955953828
Pool,GLY.x pool,,1,Inf
Pool,Glyc pool,,5.33909113324084,1.31886739928325
Pool,Glyc.p pool,,1.71401044682271e-06,4850.63229541395
Pool,Glyc.x pool,,1,Inf
Pool,Glyx pool,,3.12361322718335,1.32784193933387
Pool,Glyx.p pool,,2.82302821491475e-06,5172.37905242228
Pool,Glyx.x pool,,1,Inf
Pool,HPA pool,,8.04481185161566e-05,5170.39350071833
Pool,HPA.p pool,,1.1934531604812e-06,5049.48983043313
Pool,HPA.x pool,,1,Inf
Pool,Hcy.c pool,,1,Inf
Pool,ICI pool,,0.00335634392010464,4962.2308375631
Pool,MAL pool,,0.760986746917542,0.175332817034753
Pool,Met pool,,1.88100765457032e-05,4920.91717479428
Pool,Met.c pool,,1e-07,0
Pool,Met.x pool,,1,Inf
Pool,OAA pool,,1.00000000000057e-07,0
Pool,P5P pool,,0,0
Pool,PEP pool,,0,0
Pool,PEP.c pool,,1.30016530015652e-06,4706.45341739752
Pool,PEP.x pool,,1,Inf
Pool,PRO pool,,5.39499638339956,5096.02341000165
Pool,PYR pool,,1e-07,0
Pool,PYR.c pool,,0.011025412563416,0.00300978269224428
Pool,PYR.x pool,,1,Inf
Pool,Protein pool,,1,Inf
Pool,R5P pool,,0,0
Pool,R5P.p pool,,1.00000000000002e-07,0
Pool,R5P.x pool,,1,Inf
Pool,RU5P.p pool,,1.02783314357636e-06,4901.62469754947
Pool,RU5P.x pool,,1,Inf
Pool,RUBP pool,,0,0
Pool,RUBP.p pool,,1.02780555151786e-06,4886.48565379707
Pool,RUBP.x pool,,1,Inf
Pool,S6P pool,,1,Inf
Pool,S7P pool,,0,0
Pool,S7P.p pool,,7.76906331208376e-07,4830.14175393206
Pool,S7P.x pool,,1,Inf
Pool,SAH.c pool,,1,Inf
Pool,SAM pool,,3.39342866456338,1.08517120288131
Pool,SAM.c pool,,2.26437729565187e-07,5244.76655696582
Pool,SAM.x pool,,1,Inf
Pool,SBP pool,,0,0
Pool,SER pool,,0,0
Pool,SER.c pool,,1.00000000002876e-07,0
Pool,SER.m pool,,1.41780409607859,0.101097841547073
Pool,SER.p pool,,0.00010039138471535,5188.71237780057
Pool,SER.x pool,,1,Inf
Pool,Sink pool,,1,Inf
Pool,Starch pool,,1,Inf
Pool,THR pool,,3889.70631974056,4774.14381423033
Pool,TP pool,,0,0
Pool,TP.c pool,,4.18763324199478e-06,4912.81379983389
Pool,TP.p pool,,1.62724231126232e-06,4920.62253330173
Pool,TP.x pool,,1,Inf
Pool,UDPG pool,,0,0
Pool,UDPG.c pool,,0.208770389959454,5006.60054998423
Pool,UDPG.x pool,,1,Inf
Pool,X5P.p pool,,1.04501596384248e-06,5010.642273151
Pool,dummy pool,,1,Inf
Pool,dummyGLY pool,,1,Inf
Pool,dummySER pool,,1,Inf
Pool,meTHF pool,,1.00000000002876e-07,0
Pool,meTHF.c pool,,1e-07,0
Pool,meTHF.x pool,,1,Inf
Pool,myTHF.m pool,,1.00000000002876e-07,0
Pool,outSER pool,,1,Inf
Norm,Experiment1 Glyc205 #1 norm,,1.002884218901,0.0132733124257945
Norm,Experiment1 Glyc205 #2 norm,,0.984483226098609,0.0234402187503249
Norm,Experiment1 Glyc205 #3 norm,,0.941171005088248,0.0202705374768762
Norm,Experiment1 Glyc205 #4 norm,,1.03675246111285,0.0344540692334751
Norm,Experiment1 Glyc205 #5 norm,,1.04576865838948,0.0340822920390822
Norm,Experiment1 Glyc205 #6 norm,,1.01746264578054,0.0274835436694885
Norm,Experiment1 Glyc205 #7 norm,,0.992793067653917,0.0350648603573226
Norm,Experiment1 Glyc205 #8 norm,,0.978257288120374,0.028701479620833
Norm,Experiment1 Glyx160 #1 norm,,1.01078918530905,0.0113075575764306
Norm,Experiment1 Glyx160 #2 norm,,0.985259261621034,0.0151522199781941
Norm,Experiment1 Glyx160 #3 norm,,0.995721937451299,0.0201816257085777
Norm,Experiment1 Glyx160 #4 norm,,1.0233468627756,0.0157825867765773
Norm,Experiment1 Glyx160 #5 norm,,0.947922665538165,0.0324829500958031
Norm,Experiment1 Glyx160 #6 norm,,1.01758960542624,0.0200883891148719
Norm,Experiment1 Glyx160 #7 norm,,0.925301910447913,0.0391868106912517
Norm,Experiment1 Glyx160 #8 norm,,0.978604983652193,0.0374058469704077
Norm,Experiment1 GLY276 #1 norm,,0.989651916488717,0.00996831825947752
Norm,Experiment1 GLY276 #2 norm,,0.98187612620823,0.0230788444733508
Norm,Experiment1 GLY276 #3 norm,,0.99555405764419,0.0443434661987268
Norm,Experiment1 GLY276 #4 norm,,0.989779462158047,0.0579188636950966
Norm,Experiment1 GLY276 #5 norm,,0.985045071635921,0.148307909139773
Norm,Experiment1 GLY276 #6 norm,,0.889530879808706,0.0929355015384803
Norm,Experiment1 GLY276 #7 norm,,1.0404213072793,0.066203867159192
Norm,Experiment1 GLY276 #8 norm,,0.969279052317285,0.067841245172258
Norm,Experiment1 HPA262 #1 norm,,0.993752663062646,0.0107183100579011
Norm,Experiment1 HPA262 #2 norm,,0.922909816829384,0.0261016012546661
Norm,Experiment1 HPA262 #3 norm,,0.970308757853434,0.0129392373188117
Norm,Experiment1 HPA262 #4 norm,,0.967325316981861,0.0352547132581765
Norm,Experiment1 HPA262 #5 norm,,0.93707438608378,0.0229303661552728
Norm,Experiment1 HPA262 #6 norm,,0.988397052197915,0.0338006841669847
Norm,Experiment1 HPA262 #7 norm,,0.936035314606007,0.0230322228991543
Norm,Experiment1 HPA262 #8 norm,,1.03945415872975,0.0243906101215919
Norm,Experiment1 GA307 #1 norm,,0.977236202374512,0.0119838625453256
Norm,Experiment1 GA307 #2 norm,,0.942596675896144,0.0279375686272369
Norm,Experiment1 GA307 #3 norm,,0.991110872324819,0.0292606262196123
Norm,Experiment1 GA307 #4 norm,,1.00091514511113,0.0198099534297907
Norm,Experiment1 GA307 #5 norm,,0.974113963587709,0.0564262021128376
Norm,Experiment1 GA307 #6 norm,,1.01287636494367,0.0416570750614318
Norm,Experiment1 GA307 #7 norm,,0.99580234249925,0.0491657919979495
Norm,Experiment1 GA307 #8 norm,,0.992640479833913,0.0360407786687346
Norm,Experiment1 SER306 #1 norm,,0.993421796099164,0.0140995471306479
Norm,Experiment1 SER306 #2 norm,,0.977263672622885,0.0151754017962751
Norm,Experiment1 SER306 #3 norm,,0.94376574951159,0.0353339595982668
Norm,Experiment1 SER306 #4 norm,,0.99020667069391,0.0420219518430258
Norm,Experiment1 SER306 #5 norm,,1.0529761440679,0.0962008437983384
Norm,Experiment1 SER306 #6 norm,,0.891578053165496,0.0647130343789193
Norm,Experiment1 SER306 #7 norm,,1.04996528651475,0.0506145197357128
Norm,Experiment1 SER306 #8 norm,,0.956754841788831,0.0458081977405082
Norm,Experiment1 meTHF #1 norm,,1.01111565439532,0.00991977227528281
Norm,Experiment1 meTHF #2 norm,,1.01580385059055,0.0106410431875457
Norm,Experiment1 meTHF #3 norm,,0.986568082843599,0.0697093965801649
Norm,Experiment1 meTHF #4 norm,,1.03596491781229,0.0447198575988468
Norm,Experiment1 meTHF #5 norm,,0.974739740792248,0.0851668912716911
Norm,Experiment1 meTHF #6 norm,,0.965696033715475,0.183319666231569
Norm,Experiment1 meTHF #7 norm,,0.997325517897399,0.0588013272021011
Norm,Experiment1 meTHF #8 norm,,1.0282404890693,0.104305074087771
Norm,Experiment1 FmTHF #1 norm,,0.987343332100951,0.00978642443698252
Norm,Experiment1 FmTHF #2 norm,,1.01746452464289,0.0227353787693576
Norm,Experiment1 FmTHF #3 norm,,0.963864917580846,0.0296391026887803
Norm,Experiment1 FmTHF #4 norm,,1.0001044700283,0.0280966453800812
Norm,Experiment1 FmTHF #5 norm,,1.00549815563272,0.0600701147138121
Norm,Experiment1 FmTHF #6 norm,,0.998961299468275,0.0613464996659267
Norm,Experiment1 FmTHF #7 norm,,0.994785031276809,0.0552222216887744
Norm,Experiment1 FmTHF #8 norm,,1.06359590297111,0.0870123381016825
Norm,Experiment1 Met176 #1 norm,,0.988128539189692,0.0251393562834934
Norm,Experiment1 Met176 #2 norm,,0.905468441473154,0.0318208156370957
Norm,Experiment1 Met176 #3 norm,,0.857402402665402,0.0527321166581131
Norm,Experiment1 Met176 #4 norm,,1.00187587506014,0.0411228694571702
Norm,Experiment1 Met176 #5 norm,,0.905907057799118,0.0760271535903931
Norm,Experiment1 Met176 #6 norm,,0.992275464424862,0.119098945868816
Norm,Experiment1 Met176 #7 norm,,1.01140300534406,0.106381398091846
Norm,Experiment1 Met176 #8 norm,,1.00045523036924,0.159329950999126
Norm,Experiment1 SAM #1 norm,,1.00718906454877,0.0116820376429459
Norm,Experiment1 SAM #2 norm,,0.960803585549489,0.0118982529776752
Norm,Experiment1 SAM #3 norm,,0.97736678912531,0.0140161949718211
Norm,Experiment1 SAM #4 norm,,1.01071561510924,0.0235462881688947
Norm,Experiment1 SAM #5 norm,,0.998739726274055,0.0372177540527885
Norm,Experiment1 SAM #6 norm,,1.00986699678687,0.0662532935100943
Norm,Experiment1 SAM #7 norm,,1.01448532535271,0.0886553962772029
Norm,Experiment1 SAM #8 norm,,0.985004265310202,0.0932635058431603
Norm,Experiment1 CIT465 #1 norm,,0.964053067235453,0.0114184031550325
Norm,Experiment1 CIT465 #2 norm,,0.993910693818451,0.0134330120311379
Norm,Experiment1 CIT465 #3 norm,,0.955314079526902,0.0110079052013957
Norm,Experiment1 CIT465 #4 norm,,0.961307184622333,0.0159114520137956
Norm,Experiment1 CIT465 #5 norm,,0.990813336627648,0.0136418074246252
Norm,Experiment1 CIT465 #6 norm,,0.995748523704866,0.0127827599635138
Norm,Experiment1 CIT465 #7 norm,,1.0153414404306,0.0146591686168865
Norm,Experiment1 CIT465 #8 norm,,0.986761360482765,0.020572387638767
Norm,Experiment1 MAL335 #1 norm,,0.983555943716802,0.0122722419062003
Norm,Experiment1 MAL335 #2 norm,,1.00446949217331,0.0110552565943573
Norm,Experiment1 MAL335 #3 norm,,0.985048953435714,0.0104011639219
Norm,Experiment1 MAL335 #4 norm,,0.978538383407756,0.0139721903348521
Norm,Experiment1 MAL335 #5 norm,,0.963431235282015,0.0141175463359438
Norm,Experiment1 MAL335 #6 norm,,0.987137087216409,0.014379547163489
Norm,Experiment1 MAL335 #7 norm,,0.979776452309738,0.0220091634092049
Norm,Experiment1 MAL335 #8 norm,,1.00122066463554,0.0358140652608955
Norm,Experiment1 ASP334 #1 norm,,0.978576990715878,0.0218493663584089
Norm,Experiment1 ASP334 #2 norm,,0.974078822516829,0.032509831990877
Norm,Experiment1 ASP334 #3 norm,,0.997862752294721,0.0201970546603605
Norm,Experiment1 ASP334 #4 norm,,0.967467044561545,0.0173103388601827
Norm,Experiment1 ASP334 #5 norm,,0.979490772221768,0.0286116780453794
Norm,Experiment1 ASP334 #6 norm,,0.968080069118671,0.0310389742516258
Norm,Experiment1 ASP334 #7 norm,,1.01040340251373,0.0310235552945097
Norm,Experiment1 ASP334 #8 norm,,0.945600182724984,0.0811397151935417
Norm,Experiment1 GLU348 #1 norm,,0.985549354930274,0.0215273725034933
Norm,Experiment1 GLU348 #2 norm,,1.00407136899438,0.0202974447121627
Norm,Experiment1 GLU348 #3 norm,,1.01162840209246,0.0115105600917025
Norm,Experiment1 GLU348 #4 norm,,1.01696972798482,0.0351540557713554
Norm,Experiment1 GLU348 #5 norm,,0.965233545638732,0.0225699641683805
Norm,Experiment1 GLU348 #6 norm,,0.969975631914707,0.0124849489402988
Norm,Experiment1 GLU348 #7 norm,,0.971742649478468,0.0157354773787668
Norm,Experiment1 GLU348 #8 norm,,0.982275663198549,0.0235105138626015
Norm,Experiment1 THR320 #1 norm,,0.999752870548779,0.010491284290916
Norm,Experiment1 THR320 #2 norm,,0.999065714519136,0.0144072677936843
Norm,Experiment1 THR320 #3 norm,,1.00057211192863,0.0106169514615579
Norm,Experiment1 THR320 #4 norm,,0.944293766833015,0.0262609569253324
Norm,Experiment1 THR320 #5 norm,,0.976891981164419,0.0200837682642883
Norm,Experiment1 THR320 #6 norm,,0.939602848925686,0.0105955374903395
Norm,Experiment1 THR320 #7 norm,,0.968757122619649,0.013867069633809
Norm,Experiment1 THR320 #8 norm,,0.857977789724566,0.0244614551479122
Norm,Experiment1 ALA116 #1 norm,,1.01267055455674,0.0101814604514055
Norm,Experiment1 ALA116 #2 norm,,0.994334247732187,0.0100052978558473
Norm,Experiment1 ALA116 #3 norm,,0.993391490593669,0.0173554460228571
Norm,Experiment1 ALA116 #4 norm,,1.02663313477539,0.0207386803041616
Norm,Experiment1 ALA116 #5 norm,,1.01516171480459,0.132799083511812
Norm,Experiment1 ALA116 #6 norm,,1.00790410263098,0.0794656894879792
Norm,Experiment1 ALA116 #7 norm,,1.01039478710651,0.0622929440528871
Norm,Experiment1 ALA116 #8 norm,,1.00408320512979,0.114296593598209
Norm,Experiment1 PYR #1 norm,,0.961021674166645,0.016482432887536
Norm,Experiment1 PYR #2 norm,,0.976172912723387,0.042996199191553
Norm,Experiment1 PYR #3 norm,,0.999372284576961,0.111575115548423
Norm,Experiment1 PYR #4 norm,,1.05891550433469,0.0462445831203527
Norm,Experiment1 PYR #5 norm,,1.05926319100829,0.0565972372619553
Norm,Experiment1 PYR #6 norm,,1.04683985731783,0.0619258998084808
Norm,Experiment1 PYR #7 norm,,1.0073075180274,0.105216938662604
Norm,Experiment1 PYR #8 norm,,0.987362316770066,0.0607008303824163
