type,id,eqn,val,std
Net flux,CO2.t,CO2.t -> CO2,48.6139035211208,1.1118146110214
Net flux,CO2_sink,dummy -> Sink,48.6139035211208,1.1118146110214
Net flux,RUBICSO_CO2,RUBP.p + CO2 -> 3PGA.p + 3PGA.p + dummy,56.5182105456244,1.16586577351138
Net flux,GAPDH.p net,3PGA.p <-> TP.p,132.297391481968,2.63517256123544
Exch flux,GAPDH.p exch,3PGA.p <-> TP.p,2.73871780365198e-06,0
Net flux,ALD,TP.p + E4P.p -> SBP,24.0897331759484,0.477228023549861
Net flux,SBP,SBP -> S7P.p,24.0897331759484,0.477228023549861
Net flux,FBA.p net,TP.p + TP.p <-> FBP.p,28.3056702879949,0.64565401279799
Exch flux,FBA.p exch,TP.p + TP.p <-> FBP.p,22191.7400382945,3401.47069246306
Net flux,PFK.p net,FBP.p <-> F6P.p,28.305670287998,0.64565401279799
Exch flux,PFK.p exch,FBP.p <-> F6P.p,1.00006687375753e-07,1.81152998736499e-12
Net flux,TK1 net,TP.p + EC2 <-> X5P.p,48.1794663518968,0.954456047099722
Exch flux,TK1 exch,TP.p + EC2 <-> X5P.p,1.00000026037605e-07,0
Net flux,TK2 net,S7P.p <-> R5P.p + EC2,24.0897331759484,0.477228023549861
Exch flux,TK2 exch,S7P.p <-> R5P.p + EC2,37.8537056382731,5106.25010479851
Net flux,TK3 net,F6P.p <-> E4P.p + EC2,24.0897331759497,0.477228023549861
Exch flux,TK3 exch,F6P.p <-> E4P.p + EC2,8616.25474716249,5095.11261509059
Net flux,PPE net,X5P.p <-> RU5P.p,48.1794663518967,0.954456047099722
Exch flux,PPE exch,X5P.p <-> RU5P.p,122.538323468,4514.44087581182
Net flux,PPI net,R5P.p <-> RU5P.p,24.0897331759485,0.477228023549861
Exch flux,PPI exch,R5P.p <-> RU5P.p,239.551822222871,4253.25759515361
Net flux,PRK,RU5P.p -> RUBP.p,72.2691995278453,1.43168407064958
Net flux,RUBISCO_O2,RUBP.p -> 3PGA.p + 2PG.p,15.7509889822209,0.578617410487528
Net flux,GLYdil net,GLY.p <-> GLY.x + dummyGLY,0.00870442888579959,0.00108445572433027
Exch flux,GLYdil exch,GLY.p <-> GLY.x + dummyGLY,0.428015057488139,0.256006083198481
Net flux,SERdil net,SER.p <-> SER.x + dummySER,3.73035095096802,0.756390879354974
Exch flux,SERdil exch,SER.p <-> SER.x + dummySER,1.3511975172646,0.149433612111077
Net flux,GK,GA.p -> 3PGA.p,3.87425193391973,0.507409602679384
Net flux,PGI.p net,F6P.p <-> G6P.p,4.21593711204945,0.354262496056597
Exch flux,PGI.p exch,F6P.p <-> G6P.p,3.62362269026541,4710.24752588285
Net flux,PGM.p,G6P.p -> ADPG.p,4.21593711204946,0.354262496056597
Net flux,Starch,ADPG.p -> Starch,4.21593711204943,0.354262496056597
Net flux,FBA.c net,TP.c + TP.c <-> FBP.c,1.70842568906301,0.21284705089364
Exch flux,FBA.c exch,TP.c + TP.c <-> FBP.c,20.6192541828033,2489.25941798756
Net flux,PFK.c net,FBP.c <-> F6P.c,1.70842568906302,0.21284705089364
Exch flux,PFK.c exch,FBP.c <-> F6P.c,5.27323106363537,2977.5195898576
Net flux,PGI.c net,F6P.c <-> G6P.c,0.854212844531531,0.10642352544682
Exch flux,PGI.c exch,F6P.c <-> G6P.c,227.251739567336,4904.9391743782
Net flux,PGM.c net,G6P.c <-> UDPG.c,0.854212844526046,0.10642352544682
Exch flux,PGM.c exch,G6P.c <-> UDPG.c,48481.4117861448,4178.42274673189
Net flux,SPS,F6P.c + UDPG.c -> S6P,0.854212844531478,0.10642352544682
Net flux,PGAM.c net,3PGA.c <-> PEP.c,0.364270525421756,0.0453832481294033
Exch flux,PGAM.c exch,3PGA.c <-> PEP.c,2.09274696728344,4178.42274697836
Net flux,PK.c,PEP.c -> PYR.c,0.165349980315944,0.0206004018684748
Net flux,PDH,PYR.c + dummy -> ACA + CO2,0.137613689254254,0.017144829924583
Net flux,CS,OAA + ACA -> CIT,0.13761368925425,0.017144829924583
Net flux,ACO net,CIT <-> ICI,0.137613689254295,0.017144829924583
Exch flux,ACO exch,CIT <-> ICI,1158.70544723065,4178.42274673189
Net flux,IDH,ICI + dummy -> AKG + CO2,0.137613689254267,0.017144829924583
Net flux,MDH net,MAL <-> OAA,2.1316282072803e-14,0
Exch flux,MDH exch,MAL <-> OAA,0.318975118750203,0.0926585050563975
Net flux,PPC,PEP.c + CO2 -> OAA + dummy,0.198920545105785,0.0247828463496987
Net flux,T_3PGA net,3PGA.p <-> 3PGA.c,0.364270525421738,0.0453832481294033
Exch flux,T_3PGA exch,3PGA.p <-> 3PGA.c,5.49240622727893,5815.00440882275
Net flux,T_DHAP net,TP.p <-> TP.c,3.41685137812608,0.425694101787281
Exch flux,T_DHAP exch,TP.p <-> TP.c,9.99999998363421e-08,0
Net flux,ALT,PYR.c -> ALA.c,0.0277362910619428,0.00345557186356641
Net flux,ASPT,OAA -> ASP,0.0613068558519696,0.00763801639412495
Net flux,GLUDH,AKG -> GLU,0.137613689254243,0.017144829924583
Net flux,PCR net,GLU <-> PRO,-2.48689957516035e-14,0
Exch flux,PCR exch,GLU <-> PRO,1.0000000116861e-07,0
Net flux,GS net,GLU <-> GLN,0,0
Exch flux,GS exch,GLU <-> GLN,1.0004353612203e-07,0
Net flux,TS net,ASP <-> THR,0,0
Exch flux,TS exch,ASP <-> THR,1.0000000116861e-07,0
Net flux,AS net,ASP <-> ASN,1.06581410364015e-14,0
Exch flux,AS exch,ASP <-> ASN,3.99197688238928e-07,0
Net flux,G_3PGA.p,0*3PGA.p -> 3PGA,2.46866295583459e-06,7658.34492129491
Net flux,G_3PGA.c,0*3PGA.c -> 3PGA,92.9119081395683,5472.38400539073
Net flux,G_DHAP.p,0*TP.p -> TP,40.685379842242,6512.12608224078
Net flux,G_DHAP.c,0*TP.c -> TP,51.8471856996947,4635.39195607129
Net flux,G_F6P.p,0*F6P.p -> F6P,48.6686345030749,7213.0642278723
Net flux,G_F6P.c,0*F6P.c -> F6P,36.546576817712,5212.64343549429
Net flux,G_FBP.p,0*FBP.p -> FBP,2.46866127895373e-06,7774.59153905121
Net flux,G_FBP.c,0*FBP.c -> FBP,83.4512310479672,5653.12243102548
Net flux,G_G6P.p,0*G6P.p -> G6P,19.0549768397257,7469.66191059845
Net flux,G_G6P.c,0*G6P.c -> G6P,58.8549499993083,5099.4888076647
Net flux,G_RU5P.p,0*RU5P.p -> P5P,2.46865370456817e-06,7581.82908201985
Net flux,G_X5P.p,0*X5P.p -> P5P,92.8477691498641,5407.54412669745
Net flux,G_R5P.p,0*R5P.p -> R5P,82.2810779884949,5007.28577317009
Net flux,G_GA.p,0*GA.p -> GA,39.4723471582689,1.89967234575057
Net flux,G_SER.p,0*SER.p -> SER,99.9900762834459,4929.04232141552
Net flux,G_GLY.p,0*GLY.p -> GLY,63.1064827668097,7307.33172946232
Net flux,G_RUBP.p,0*RUBP.p -> RUBP,92.5302752673063,4994.00190509802
Net flux,G_S7P.p,0*S7P.p -> S7P,98.4567310636212,5271.44363618433
Net flux,G_2PG.p,0*2PG.p -> 2PG,87.0427532706349,5013.33069418961
Net flux,G_ADPG.p,0*ADPG.p -> ADPG,95.0805622183377,4864.24763487838
Net flux,G_PEP.c,0*PEP.c -> PEP,89.2305410445615,4948.81377572881
Net flux,G_UDPG.c,0*UDPG.c -> UDPG,72.4268033045549,4758.32572544189
Net flux,G_ALA.c,0*ALA.c -> ALA,86.604213663542,11.2115280440952
Net flux,(1-G)_GA,0*GA.x -> GA,60.5276528417332,1.89967234575057
Net flux,(1-G)_SER,0*SER.x -> SER,0.00992351591571961,4929.04232141552
Net flux,(1-G)_GLY,0*GLY.x -> GLY,36.8928481582504,2.24387535108093
Net flux,(1-G)_R5P,0*R5P.x -> R5P,17.718922011502,5007.28577317009
Net flux,(1-G)_RUBP,0*RUBP.x -> RUBP,7.46972473269241,4994.00190509802
Net flux,(1-G)_3PGA,0*3PGA.x -> 3PGA,7.08808939176903,5379.19035496367
Net flux,(1-G)_TP,0*TP.x -> TP,7.46743445806383,4577.78780813719
Net flux,(1-G)_F6P,0*F6P.x -> F6P,14.7847886792169,5033.9631577725
Net flux,(1-G)_FBP,0*FBP.x -> FBP,16.5487664833662,5303.48978024072
Net flux,(1-G)_G6P,0*G6P.x -> G6P,22.0900731609643,5375.95387478332
Net flux,(1-G)_RU5P,0*RU5P.x -> P5P,7.15222838148356,5069.63008285878
Net flux,(1-G)_S7P,0*S7P.x -> S7P,1.54326893637677,5271.44363618433
Net flux,(1-G)_2PG,0*2PG.x -> 2PG,12.9572467293675,5013.33069418961
Net flux,(1-G)_ADPG,0*ADPG.x -> ADPG,4.91943778166132,4864.24763487838
Net flux,(1-G)_PEP,0*PEP.x -> PEP,10.7694589554367,4948.81377572881
Net flux,(1-G)_UDPG,0*UDPG.x -> UDPG,27.5731966954463,4758.32572544189
Net flux,(1-G)_ALA,0*ALA.x -> ALA,13.3957863364578,11.2115280440952
Net flux,PGASink,3PGA -> Sink,100,0
Net flux,DHAPSink,TP -> Sink,100.000000000001,0
Net flux,F6PSink,F6P -> Sink,100.000000000004,0
Net flux,FBPSink,FBP -> Sink,99.9999999999947,0
Net flux,G6PSink,G6P -> Sink,99.9999999999983,0
Net flux,P5PSink,P5P -> Sink,100.000000000001,0
Net flux,R5PSink,R5P -> Sink,99.9999999999968,0
Net flux,GASink,GA -> Sink,100.000000000002,0
Net flux,SERSink,SER -> Sink,99.9999999999996,0
Net flux,GLYSink,GLY -> Sink,100.000000000001,0
Net flux,RUBPSink,RUBP -> Sink,99.9999999999987,0
Net flux,S7PSink,S7P -> Sink,99.9999999999979,0
Net flux,2PGSink,2PG -> Sink,100.000000000002,0
Net flux,ADPGSink,ADPG -> Sink,99.999999999999,0
Net flux,PEPSink,PEP -> Sink,99.9999999999983,0
Net flux,UDPGSink,UDPG -> Sink,100.000000000001,0
Net flux,ALASink,ALA -> Sink,99.9999999999998,0
Net flux,S6Pout-LL,S6P + 0.1611*GLU + 0.07177*ASP + 0.03247*ALA.c + 0.01019*dummyGLY + 0.03484*dummySER -> Sink,0.854212844531514,0.10642352544682
Net flux,PGP.p,2PG.p -> Glyc.p,15.7509889822209,0.578617410487528
Net flux,GOX,Glyc.p -> Glyx.p,15.7509889822209,0.578617410487528
Net flux,GGT,Glyx.p -> GLY.p,15.7509889822209,0.578617410487528
Net flux,SGAT,SER.p -> HPA.p,3.87425193391971,0.507409602679384
Net flux,HPR.p,HPA.p -> GA.p,3.87425193391971,0.507409602679384
Net flux,T_GLY-m net,GLY.p <-> GLY.m,15.6560002821934,0.648510934664943
Exch flux,T_GLY-m exch,GLY.p <-> GLY.m,79101.5435412753,5098.96221575894
Net flux,GDC.m,GLY.m + dummy -> myTHF.m + CO2,7.82800019110177,0.324255467212807
Net flux,T_SER-m net,SER.p <-> SER.m,-7.82800019110175,0.324255467212807
Exch flux,T_SER-m exch,SER.p <-> SER.m,142.104719698393,5018.63023744704
Net flux,mSHMT,GLY.m + myTHF.m -> SER.m,7.82800019110177,0.324255467212807
Net flux,T_SER-c net,SER.p <-> SER.c,0.223397306214014,0.46338794757089
Exch flux,T_SER-c exch,SER.p <-> SER.c,1.00000000280431e-07,2.64612754983419e-13
Net flux,T_Gly-c net,GLY.p <-> GLY.c,0.0862842711315439,0.299160909143554
Exch flux,T_Gly-c exch,GLY.p <-> GLY.c,9.99999998363421e-08,1.0804604779439e-12
Net flux,cSHMT,SER.c -> GLY.c + meTHF.c,0.223397206214016,0.46338794757089
Net flux,FmTHF-reductase net,meTHF.c <-> FmTHF.c,0.223397206214017,0.46338794757089
Exch flux,FmTHF-reductase exch,meTHF.c <-> FmTHF.c,8.55260150338842,4788.65482723406
Net flux,Met-synthase,FmTHF.c + Hcy.c -> Met.c,0.223397206213996,0.46338794757089
Net flux,SAM-synthase,Met.c -> SAM.c,0.223397206214005,0.46338794757089
Net flux,Methylation,SAM.c -> SAH.c + Acceptor.c,0.223397206214,0.46338794757089
Net flux,hydrolysis,SAH.c -> Hcy.c,0.223397206213992,0.46338794757089
Net flux,G_SER.m,0*SER.m -> SER,1.0000000116861e-07,0
Net flux,G_SER.c,0*SER.c -> SER,1.00638015254617e-07,0
Net flux,G_Gly.m,0*GLY.m -> GLY,0.000135925106334867,5103.09176366632
Net flux,G_Gly.c,0*GLY.c -> GLY,0.000533149834822666,4907.52586451841
Net flux,T_GLY-c-m,GLY.c -> GLY.m,1.00000035363479e-07,1.32927658883448e-12
Net flux,G_Glyc,0*Glyc.p -> Glyc,23.5821026150499,1.43119168809666
Net flux,G_Glyx,0*Glyx.p -> Glyx,13.817818916763,1.98275290679446
Net flux,G_HPA,0*HPA.p -> HPA,9.41432380425892,1.3720478139162
Net flux,(1-G)_Glyc,0*Glyc.x -> Glyc,76.4178973849507,1.43119168809666
Net flux,(1-G)_Glyx,0*Glyx.x -> Glyx,86.1821810832379,1.98275290679446
Net flux,(1-G)_HPA,0*HPA.x -> HPA,90.585676195741,1.3720478139162
Net flux,GlycSink,Glyc -> Sink,100.000000000001,0
Net flux,GlyxSink,Glyx -> Sink,100.000000000001,0
Net flux,HPASink,HPA -> Sink,99.9999999999998,0
Net flux,SERex,dummySER -> outSER,3.70058743685645,0.756972332853035
Net flux,G_PYR,0*PYR.c -> PYR,34.7482995088554,2.17886363175876
Net flux,(1-G)_PYR,0*PYR.x -> PYR,65.2517004911448,2.17886363175876
Net flux,PYRSink,PYR -> Sink,100,0
Net flux,G_meTHF,0*meTHF.c -> meTHF,99.9999999,0
Net flux,G_FmTHF,0*FmTHF.c -> FmTHF,83.8840382794442,2.86810609999812
Net flux,G_Met,0*Met.c -> Met,70.3992593030299,4.2143150394957
Net flux,G_SAM,0*SAM.c -> SAM,65.3824260790305,3.66579374826758
Net flux,(1-G)_meTHF,0*meTHF.x -> meTHF,1.0000000116861e-07,0
Net flux,(1-G)_FmTHF,0*FmTHF.x -> FmTHF,16.1159617205559,2.86810609999812
Net flux,(1-G)_Met,0*Met.x -> Met,29.6007406969702,4.2143150394957
Net flux,(1-G)_SAM,0*SAM.x -> SAM,34.6175739209695,3.66579374826758
Net flux,meTHFSink,meTHF -> Sink,99.9999999999999,0
Net flux,FmTHFSink,FmTHF -> Sink,100,0
Net flux,MetSink,Met -> Sink,100,0
Net flux,SAMsink,SAM -> Sink,100,0
Net flux,Met-protein,Met.c -> Protein,6.51983996113883e-15,0
Net flux,GLY-protein,GLY.c -> Protein,0.309681377345557,0.427423329149912
Net flux,SER-protein,SER.c -> Protein,9.99999993922529e-08,1.88253367699127e-13
Pool,2PG pool,,0,0
Pool,2PG.p pool,,3.46394960536247e-06,5160.56453817248
Pool,2PG.x pool,,1,Inf
Pool,3PGA pool,,0,0
Pool,3PGA.c pool,,1.51871020646958e-05,5107.00764381324
Pool,3PGA.p pool,,3.79263041303505e-06,4892.81111229117
Pool,3PGA.x pool,,1,Inf
Pool,ACA pool,,2.1840627702424e-06,5095.29855609543
Pool,ADPG pool,,0,0
Pool,ADPG.p pool,,9.9999999999999e-08,Inf
Pool,ADPG.x pool,,1,Inf
Pool,AKG pool,,2.55302449262186e-06,4857.54691431072
Pool,ALA pool,,0,0
Pool,ALA.c pool,,0.0096260966400837,0.0028487319894208
Pool,ALA.x pool,,1,Inf
Pool,ASN pool,,7566.06819372813,4832.25808825642
Pool,ASP pool,,6.66965841722435e-07,4991.86185770125
Pool,Acceptor.c pool,,1,Inf
Pool,CIT pool,,5.01258088800267,2.85368284364128
Pool,CO2 pool,,0.000120057292123624,5017.76681085415
Pool,CO2.t pool,,1,Inf
Pool,E4P.p pool,,0,0
Pool,EC2 pool,,0,0
Pool,F6P pool,,0,0
Pool,F6P.c pool,,3.82979392493426e-06,4701.54972202003
Pool,F6P.p pool,,3.50215253787492e-06,4985.82263986708
Pool,F6P.x pool,,1,Inf
Pool,FBP pool,,0,0
Pool,FBP.c pool,,3.82974388443222e-06,4902.51141505156
Pool,FBP.p pool,,3.39540762859506e-06,4867.28585136661
Pool,FBP.x pool,,1,Inf
Pool,FmTHF pool,,0.000686059706166821,5231.04815287493
Pool,FmTHF.c pool,,1.10521386467863e-06,5379.7369348799
Pool,FmTHF.x pool,,1,Inf
Pool,G6P pool,,0,0
Pool,G6P.c pool,,9.8754390724536e-06,4905.97811298714
Pool,G6P.p pool,,3.63371543021523e-06,4833.92452422549
Pool,G6P.x pool,,1,Inf
Pool,GA pool,,0,0
Pool,GA.p pool,,3.49626612822593e-06,5149.78926256343
Pool,GA.x pool,,1,Inf
Pool,GLN pool,,8.83867754991129,4953.65991225156
Pool,GLU pool,,2.55296974269732e-06,4987.78049389388
Pool,GLY pool,,0,0
Pool,GLY.c pool,,58.5150986493155,4813.45863910607
Pool,GLY.m pool,,1.17381580160277,0.114321207738326
Pool,GLY.p pool,,0.000424649953825948,5184.94694942617
Pool,GLY.x pool,,1,Inf
Pool,Glyc pool,,10.1834910552125,2.37639039678029
Pool,Glyc.p pool,,1.3839204650206e-05,4928.8116109116
Pool,Glyc.x pool,,1,Inf
Pool,Glyx pool,,19.7745467334285,7.11361073610626
Pool,Glyx.p pool,,1.88544546213741e-05,4940.66592844926
Pool,Glyx.x pool,,1,Inf
Pool,HPA pool,,0.000172320541969706,4912.54644539124
Pool,HPA.p pool,,2.68641883659308e-06,4913.77149028517
Pool,HPA.x pool,,1,Inf
Pool,Hcy.c pool,,1,Inf
Pool,ICI pool,,0.00392561603105681,5047.68600982982
Pool,MAL pool,,0.450282674779519,0.12148946650577
Pool,Met pool,,0.000642159409725818,5066.59964982965
Pool,Met.c pool,,1.52201797030594e-06,5176.08985666675
Pool,Met.x pool,,1,Inf
Pool,OAA pool,,0.166572365732022,0.0317341424442554
Pool,P5P pool,,0,0
Pool,PEP pool,,0,0
Pool,PEP.c pool,,6.59656247003695e-06,4688.55777504278
Pool,PEP.x pool,,1,Inf
Pool,PRO pool,,5.39499638373879,4901.59687610448
Pool,PYR pool,,1e-07,0
Pool,PYR.c pool,,0.0122362939682854,0.00288677906157734
Pool,PYR.x pool,,1,Inf
Pool,Protein pool,,1,Inf
Pool,R5P pool,,0,0
Pool,R5P.p pool,,1.57739619017409e-05,4838.28393940843
Pool,R5P.x pool,,1,Inf
Pool,RU5P.p pool,,3.44203177010581e-06,4903.08755757609
Pool,RU5P.x pool,,1,Inf
Pool,RUBP pool,,0,0
Pool,RUBP.p pool,,3.4518950240033e-06,4805.60796027549
Pool,RUBP.x pool,,1,Inf
Pool,S6P pool,,1,Inf
Pool,S7P pool,,0,0
Pool,S7P.p pool,,3.44432947859176e-06,5306.8951363265
Pool,S7P.x pool,,1,Inf
Pool,SAH.c pool,,1,Inf
Pool,SAM pool,,4.06034232809985,1.30784664507021
Pool,SAM.c pool,,2.59762864629062e-06,5174.74202786197
Pool,SAM.x pool,,1,Inf
Pool,SBP pool,,0,0
Pool,SER pool,,0,0
Pool,SER.c pool,,1.18738035123698e-06,4737.28912244511
Pool,SER.m pool,,0.504429016930352,0.0662399594956541
Pool,SER.p pool,,1.00000000002876e-07,0
Pool,SER.x pool,,1,Inf
Pool,Sink pool,,1,Inf
Pool,Starch pool,,1,Inf
Pool,THR pool,,3889.78137299829,4834.66260603478
Pool,TP pool,,0,0
Pool,TP.c pool,,4.18766850647526e-06,5106.19157139554
Pool,TP.p pool,,3.92730252977865e-06,4734.31477629183
Pool,TP.x pool,,1,Inf
Pool,UDPG pool,,0,0
Pool,UDPG.c pool,,0.530166906860082,4855.94769565643
Pool,UDPG.x pool,,1,Inf
Pool,X5P.p pool,,3.53229865891571e-06,4895.15388941451
Pool,dummy pool,,1,Inf
Pool,dummyGLY pool,,1,Inf
Pool,dummySER pool,,1,Inf
Pool,meTHF pool,,0.653851262696126,0.779275902674592
Pool,meTHF.c pool,,1.10743160828421e-06,4760.7772539558
Pool,meTHF.x pool,,1,Inf
Pool,myTHF.m pool,,1.00000000002876e-07,0
Pool,outSER pool,,1,Inf
Norm,Experiment1 Glyc205 #1 norm,,0.976529911411332,0.0126974893309493
Norm,Experiment1 Glyc205 #2 norm,,0.971712358321771,0.0218591763226503
Norm,Experiment1 Glyc205 #3 norm,,0.939145395979658,0.0178442213402181
Norm,Experiment1 Glyc205 #4 norm,,0.949206007884867,0.0322510654148536
Norm,Experiment1 Glyc205 #5 norm,,1.007390986261,0.0358954717401549
Norm,Experiment1 Glyc205 #6 norm,,1.03476354833462,0.0264093543607557
Norm,Experiment1 Glyc205 #7 norm,,0.97243006199093,0.0352443831599413
Norm,Experiment1 Glyc205 #8 norm,,0.984788824777842,0.030875734052592
Norm,Experiment1 Glyx160 #1 norm,,0.974406765116564,0.0108771480717682
Norm,Experiment1 Glyx160 #2 norm,,0.981208961423376,0.012888612179293
Norm,Experiment1 Glyx160 #3 norm,,0.976497509766787,0.017296502520749
Norm,Experiment1 Glyx160 #4 norm,,0.969232952588558,0.014329813422258
Norm,Experiment1 Glyx160 #5 norm,,1.01189406956342,0.0364749146300554
Norm,Experiment1 Glyx160 #6 norm,,1.03732466812385,0.0204659936130335
Norm,Experiment1 Glyx160 #7 norm,,0.932348125836966,0.0374580889030094
Norm,Experiment1 Glyx160 #8 norm,,1.0098545880429,0.0355632678725585
Norm,Experiment1 GLY276 #1 norm,,0.99747736769306,0.0101437107034638
Norm,Experiment1 GLY276 #2 norm,,0.997198858324458,0.019646235246196
Norm,Experiment1 GLY276 #3 norm,,0.96981181056164,0.0391593943206655
Norm,Experiment1 GLY276 #4 norm,,1.02606544998144,0.0600199232543874
Norm,Experiment1 GLY276 #5 norm,,0.99549758684642,0.105033734964628
Norm,Experiment1 GLY276 #6 norm,,0.869358413088904,0.0880305448392977
Norm,Experiment1 GLY276 #7 norm,,1.06983570060475,0.0632744603638382
Norm,Experiment1 GLY276 #8 norm,,0.97056922577624,0.0724336078573426
Norm,Experiment1 HPA262 #1 norm,,1.00983462906438,0.0110206877693498
Norm,Experiment1 HPA262 #2 norm,,0.98539254018757,0.028593530819867
Norm,Experiment1 HPA262 #3 norm,,0.966995420917162,0.0128691626521013
Norm,Experiment1 HPA262 #4 norm,,0.944363858050952,0.0354607448592401
Norm,Experiment1 HPA262 #5 norm,,0.880729830967295,0.0235398824357617
Norm,Experiment1 HPA262 #6 norm,,0.943045523446628,0.0326970584257171
Norm,Experiment1 HPA262 #7 norm,,1.01337983238944,0.0243424017361682
Norm,Experiment1 HPA262 #8 norm,,1.02381189982778,0.0240584047536348
Norm,Experiment1 GA307 #1 norm,,0.995115451298195,0.0121662814836738
Norm,Experiment1 GA307 #2 norm,,0.871596144983752,0.0271921767716428
Norm,Experiment1 GA307 #3 norm,,0.921828578079811,0.0273622663859288
Norm,Experiment1 GA307 #4 norm,,0.990776989629118,0.0192717387389566
Norm,Experiment1 GA307 #5 norm,,0.954706651094517,0.0521228965815305
Norm,Experiment1 GA307 #6 norm,,1.06643012472915,0.045213188810829
Norm,Experiment1 GA307 #7 norm,,0.965258254339972,0.0412307405979326
Norm,Experiment1 GA307 #8 norm,,0.979769260946964,0.0383143537624682
Norm,Experiment1 SER306 #1 norm,,0.974958365257428,0.0139806317313838
Norm,Experiment1 SER306 #2 norm,,0.979632809400226,0.0146545579575918
Norm,Experiment1 SER306 #3 norm,,0.95677475449389,0.0372018714766331
Norm,Experiment1 SER306 #4 norm,,1.039249361138,0.0441504687474365
Norm,Experiment1 SER306 #5 norm,,0.977287188979172,0.0893035640056041
Norm,Experiment1 SER306 #6 norm,,0.944701792654988,0.069456012370807
Norm,Experiment1 SER306 #7 norm,,0.998041642866179,0.0426713386399037
Norm,Experiment1 SER306 #8 norm,,0.989185741076037,0.0625589341287429
Norm,Experiment1 meTHF #1 norm,,1.00243663673087,0.0100005369646679
Norm,Experiment1 meTHF #2 norm,,1.00905129459061,0.0101286675529365
Norm,Experiment1 meTHF #3 norm,,0.922045048008189,0.0574873831244409
Norm,Experiment1 meTHF #4 norm,,0.992822085581848,0.0480519879540528
Norm,Experiment1 meTHF #5 norm,,0.992050871424937,0.0964937397884723
Norm,Experiment1 meTHF #6 norm,,0.949854280374846,0.108128145106066
Norm,Experiment1 meTHF #7 norm,,1.02485957690872,0.0575866693735157
Norm,Experiment1 meTHF #8 norm,,1.03339095159614,0.098963827404864
Norm,Experiment1 FmTHF #1 norm,,1.00913660259424,0.0101922733805488
Norm,Experiment1 FmTHF #2 norm,,0.967214522556501,0.0228038960056346
Norm,Experiment1 FmTHF #3 norm,,0.926163236435006,0.0289620396218593
Norm,Experiment1 FmTHF #4 norm,,1.003253475108,0.0237496736042001
Norm,Experiment1 FmTHF #5 norm,,1.00000561028431,0.0623534988880327
Norm,Experiment1 FmTHF #6 norm,,0.988203217461915,0.0673253952207069
Norm,Experiment1 FmTHF #7 norm,,0.997182977528551,0.0542884080126079
Norm,Experiment1 FmTHF #8 norm,,1.08632799492968,0.09684332150347
Norm,Experiment1 Met176 #1 norm,,0.969183806167144,0.0238363845860528
Norm,Experiment1 Met176 #2 norm,,0.872860770342138,0.0292385269725496
Norm,Experiment1 Met176 #3 norm,,0.96367469912881,0.0554928126895394
Norm,Experiment1 Met176 #4 norm,,0.9748544790518,0.0380896339712689
Norm,Experiment1 Met176 #5 norm,,1.02153068457883,0.0708813883450421
Norm,Experiment1 Met176 #6 norm,,0.980743049501683,0.161767414122559
Norm,Experiment1 Met176 #7 norm,,0.996425042968279,0.0882332007153676
Norm,Experiment1 Met176 #8 norm,,0.994604195795964,0.152123018820937
Norm,Experiment1 SAM #1 norm,,0.996343352385541,0.0115305449702326
Norm,Experiment1 SAM #2 norm,,0.985170001362376,0.0117837798360437
Norm,Experiment1 SAM #3 norm,,0.995709770244369,0.0139624090629825
Norm,Experiment1 SAM #4 norm,,1.01863265912024,0.0230054145172742
Norm,Experiment1 SAM #5 norm,,0.972075170920222,0.036306743756042
Norm,Experiment1 SAM #6 norm,,1.02995469369929,0.0661650281896048
Norm,Experiment1 SAM #7 norm,,0.999953451533125,0.0921486673127289
Norm,Experiment1 SAM #8 norm,,0.999204471213206,0.0762372241968662
Norm,Experiment1 CIT465 #1 norm,,0.969286708635546,0.0114414100729492
Norm,Experiment1 CIT465 #2 norm,,0.961285486148187,0.0128742747505054
Norm,Experiment1 CIT465 #3 norm,,0.999882595380853,0.0117329494066536
Norm,Experiment1 CIT465 #4 norm,,0.961855904102921,0.0161303488822842
Norm,Experiment1 CIT465 #5 norm,,0.950598720094247,0.0127195499764377
Norm,Experiment1 CIT465 #6 norm,,0.978416732608276,0.0124448299738009
Norm,Experiment1 CIT465 #7 norm,,0.940805450734495,0.0128053139929967
Norm,Experiment1 CIT465 #8 norm,,1.04488533871011,0.0198822765357825
Norm,Experiment1 MAL335 #1 norm,,0.995845319386456,0.0123598730050877
Norm,Experiment1 MAL335 #2 norm,,0.981117531364659,0.0108153388299239
Norm,Experiment1 MAL335 #3 norm,,1.0156421822562,0.0106660704217093
Norm,Experiment1 MAL335 #4 norm,,1.00785812396152,0.0149334858449125
Norm,Experiment1 MAL335 #5 norm,,1.00349164890488,0.0147302869969079
Norm,Experiment1 MAL335 #6 norm,,0.985201758612825,0.0138013906832745
Norm,Experiment1 MAL335 #7 norm,,0.949065655943558,0.0198950712760708
Norm,Experiment1 MAL335 #8 norm,,1.00162297094615,0.0344363837100234
Norm,Experiment1 ASP334 #1 norm,,1.00851663339415,0.0233867088259749
Norm,Experiment1 ASP334 #2 norm,,0.884035704635291,0.0277275799156153
Norm,Experiment1 ASP334 #3 norm,,0.98428418085268,0.0203046425293745
Norm,Experiment1 ASP334 #4 norm,,1.00109087657516,0.0180687583301395
Norm,Experiment1 ASP334 #5 norm,,0.940391631635272,0.0264096677731642
Norm,Experiment1 ASP334 #6 norm,,1.02499834902314,0.0325665724373894
Norm,Experiment1 ASP334 #7 norm,,0.981209527665598,0.0325455986250379
Norm,Experiment1 ASP334 #8 norm,,0.933404881517178,0.0931150475138403
Norm,Experiment1 GLU348 #1 norm,,0.966583126757987,0.0208139507602872
Norm,Experiment1 GLU348 #2 norm,,0.987823317852853,0.0204947885450874
Norm,Experiment1 GLU348 #3 norm,,0.941855966945423,0.0108283859876065
Norm,Experiment1 GLU348 #4 norm,,0.98783933047266,0.0374732641180466
Norm,Experiment1 GLU348 #5 norm,,1.00440789680788,0.023646315746858
Norm,Experiment1 GLU348 #6 norm,,0.964431705091281,0.0125038499246621
Norm,Experiment1 GLU348 #7 norm,,0.962901657736049,0.0146603938825797
Norm,Experiment1 GLU348 #8 norm,,0.988147957318361,0.0220615489677822
Norm,Experiment1 THR320 #1 norm,,0.990103506178584,0.0103276474263086
Norm,Experiment1 THR320 #2 norm,,0.984650090697402,0.0140744103003771
Norm,Experiment1 THR320 #3 norm,,1.00344791012925,0.0105720249633345
Norm,Experiment1 THR320 #4 norm,,0.972408155331889,0.0286360597829863
Norm,Experiment1 THR320 #5 norm,,1.02572261030369,0.0214704189016892
Norm,Experiment1 THR320 #6 norm,,1.00856987854191,0.0113824992422246
Norm,Experiment1 THR320 #7 norm,,0.961228912267273,0.0140936527134322
Norm,Experiment1 THR320 #8 norm,,0.894197741521843,0.0246316683357106
Norm,Experiment1 ALA116 #1 norm,,1.00483092491352,0.0100312611699654
Norm,Experiment1 ALA116 #2 norm,,1.0211363399816,0.0102232844439512
Norm,Experiment1 ALA116 #3 norm,,1.01613142983495,0.0186085153075198
Norm,Experiment1 ALA116 #4 norm,,1.04526499711106,0.0234915039453163
Norm,Experiment1 ALA116 #5 norm,,0.899847108949152,0.109447514017776
Norm,Experiment1 ALA116 #6 norm,,1.04142823546112,0.0914270291215575
Norm,Experiment1 ALA116 #7 norm,,1.01682467580864,0.0611122086013543
Norm,Experiment1 ALA116 #8 norm,,0.896015004774487,0.128682898416133
Norm,Experiment1 PYR #1 norm,,0.978982757559068,0.0170246193515732
Norm,Experiment1 PYR #2 norm,,1.0691882869794,0.0492852726661535
Norm,Experiment1 PYR #3 norm,,1.02649552305111,0.108677009437389
Norm,Experiment1 PYR #4 norm,,1.01014733229936,0.0456221053825629
Norm,Experiment1 PYR #5 norm,,1.02806089034823,0.055314704410401
Norm,Experiment1 PYR #6 norm,,1.01150041957992,0.0520694375706462
Norm,Experiment1 PYR #7 norm,,0.986519675538574,0.106259545009822
Norm,Experiment1 PYR #8 norm,,0.985027708591767,0.0602089283363488
