type,id,eqn,val,std
Net flux,CO2.t,CO2.t -> CO2,46.9680576777923,1.08524291118025
Net flux,CO2_sink,dummy -> Sink,46.9680576777923,1.08524291118025
Net flux,RUBICSO_CO2,RUBP.p + CO2 -> 3PGA.p + 3PGA.p + dummy,57.7462293331706,1.20743675350923
Net flux,GAPDH.p net,3PGA.p <-> TP.p,137.743362936382,2.6536631027036
Exch flux,GAPDH.p exch,3PGA.p <-> TP.p,158.123768977251,128.285537912774
Net flux,ALD,TP.p + E4P.p -> SBP,25.3220435855393,0.484063798323085
Net flux,SBP,SBP -> S7P.p,25.3220435855393,0.484063798323085
Net flux,FBA.p net,TP.p + TP.p <-> FBP.p,29.3162951586855,0.644362696128342
Exch flux,FBA.p exch,TP.p + TP.p <-> FBP.p,20686.6167916067,1676.96458812239
Net flux,PFK.p net,FBP.p <-> F6P.p,29.3162951586887,0.644362696128342
Exch flux,PFK.p exch,FBP.p <-> F6P.p,9.99983313931807e-08,8.05990412780711e-13
Net flux,TK1 net,TP.p + EC2 <-> X5P.p,50.6440871710786,0.96812759664617
Exch flux,TK1 exch,TP.p + EC2 <-> X5P.p,1.0000000116861e-07,0
Net flux,TK2 net,S7P.p <-> R5P.p + EC2,25.3220435855392,0.484063798323085
Exch flux,TK2 exch,S7P.p <-> R5P.p + EC2,38.1358667643158,2919.20545832877
Net flux,TK3 net,F6P.p <-> E4P.p + EC2,25.3220435855383,0.484063798323085
Exch flux,TK3 exch,F6P.p <-> E4P.p + EC2,7574.3776741595,3896.6503583135
Net flux,PPE net,X5P.p <-> RU5P.p,50.6440871710785,0.96812759664617
Exch flux,PPE exch,X5P.p <-> RU5P.p,94.9740696520652,2095.69956423987
Net flux,PPI net,R5P.p <-> RU5P.p,25.3220435855393,0.484063798323085
Exch flux,PPI exch,R5P.p <-> RU5P.p,238.816915156336,3703.01928822589
Net flux,PRK,RU5P.p -> RUBP.p,75.966130756618,1.45219139496925
Net flux,RUBISCO_O2,RUBP.p -> 3PGA.p + 2PG.p,18.2199014234473,0.592533810635366
Net flux,GLYdil net,GLY.p <-> GLY.x + dummyGLY,0.00801097514445104,0.000975109644991376
Exch flux,GLYdil exch,GLY.p <-> GLY.x + dummyGLY,1.0000000116861e-07,0
Net flux,SERdil net,SER.p <-> SER.x + dummySER,3.11073361710826,2.40508537524459
Exch flux,SERdil exch,SER.p <-> SER.x + dummySER,1.68731655105627,0.168769075956807
Net flux,GK,GA.p -> 3PGA.p,4.36625311554302,0.572288392337609
Net flux,PGI.p net,F6P.p <-> G6P.p,3.99425157314794,0.345047544128886
Exch flux,PGI.p exch,F6P.p <-> G6P.p,3.36375887445356,2926.02520788762
Net flux,PGM.p,G6P.p -> ADPG.p,3.99425157314795,0.345047544128886
Net flux,Starch,ADPG.p -> Starch,3.99425157314792,0.345047544128886
Net flux,FBA.c net,TP.c + TP.c <-> FBP.c,1.57232093119456,0.191385602721529
Exch flux,FBA.c exch,TP.c + TP.c <-> FBP.c,20.9432606438633,2968.62956554848
Net flux,PFK.c net,FBP.c <-> F6P.c,1.57232093119457,0.191385602721529
Exch flux,PFK.c exch,FBP.c <-> F6P.c,5.63058626240983,4053.88563378866
Net flux,PGI.c net,F6P.c <-> G6P.c,0.786160465597305,0.0956928013607646
Exch flux,PGI.c exch,F6P.c <-> G6P.c,227.684913715266,4097.44095222522
Net flux,PGM.c net,G6P.c <-> UDPG.c,0.78616046559182,0.0956928013607646
Exch flux,PGM.c exch,G6P.c <-> UDPG.c,48481.500219211,3429.6331457843
Net flux,SPS,F6P.c + UDPG.c -> S6P,0.786160465597252,0.0956928013607646
Net flux,PGAM.c net,3PGA.c <-> PEP.c,0.335250268949761,0.0408072381725434
Exch flux,PGAM.c exch,3PGA.c <-> PEP.c,2.52726946557192,4035.38107977112
Net flux,PK.c,PEP.c -> PYR.c,0.152177081325511,0.0185232555665589
Net flux,PDH,PYR.c + dummy -> ACA + CO2,0.126650451007395,0.015416110289094
Net flux,CS,OAA + ACA -> CIT,0.126650451007391,0.015416110289094
Net flux,ACO net,CIT <-> ICI,0.126650451007436,0.015416110289094
Exch flux,ACO exch,CIT <-> ICI,1201.79579964978,3690.63755217129
Net flux,IDH,ICI + dummy -> AKG + CO2,0.126650451007408,0.015416110289094
Net flux,MDH net,MAL <-> OAA,2.1316282072803e-14,0
Exch flux,MDH exch,MAL <-> OAA,0.0512065648542546,0.110806463195879
Net flux,PPC,PEP.c + CO2 -> OAA + dummy,0.183073187623314,0.0222839826565257
Net flux,T_3PGA net,3PGA.p <-> 3PGA.c,0.335250268949743,0.0408072381725434
Exch flux,T_3PGA exch,3PGA.p <-> 3PGA.c,6.54977541202211,3751.10929167223
Net flux,T_DHAP net,TP.p <-> TP.c,3.14464186238918,0.382771205443058
Exch flux,T_DHAP exch,TP.p <-> TP.c,1.37270365333763,7.17570807685416
Net flux,ALT,PYR.c -> ALA.c,0.0255266303179138,0.00310714525600587
Net flux,ASPT,OAA -> ASP,0.0564227366159027,0.0068678723577046
Net flux,GLUDH,AKG -> GLU,0.126650451007384,0.015416110289094
Net flux,PCR net,GLU <-> PRO,-2.48689957516035e-14,0
Exch flux,PCR exch,GLU <-> PRO,1.0000000116861e-07,0
Net flux,GS net,GLU <-> GLN,0,0
Exch flux,GS exch,GLU <-> GLN,1.00041738448908e-07,0
Net flux,TS net,ASP <-> THR,0,0
Exch flux,TS exch,ASP <-> THR,0.0273879064888405,0.0215921452620321
Net flux,AS net,ASP <-> ASN,1.06581410364015e-14,0
Exch flux,AS exch,ASP <-> ASN,0.00862581520750538,0.0231173793177216
Net flux,G_3PGA.p,0*3PGA.p -> 3PGA,2.46866297715087e-06,4658.63785075797
Net flux,G_3PGA.c,0*3PGA.c -> 3PGA,92.9119081395493,3197.16084612229
Net flux,G_DHAP.p,0*TP.p -> TP,40.685379842242,5166.78802003404
Net flux,G_DHAP.c,0*TP.c -> TP,51.8471856996947,3553.52005320642
Net flux,G_F6P.p,0*F6P.p -> F6P,48.6686345030749,5294.47394663724
Net flux,G_F6P.c,0*F6P.c -> F6P,36.546576817712,3544.48573308919
Net flux,G_FBP.p,0*FBP.p -> FBP,2.46866130737544e-06,5511.44945341097
Net flux,G_FBP.c,0*FBP.c -> FBP,83.4512310448633,3835.65345870136
Net flux,G_G6P.p,0*G6P.p -> G6P,19.0549768397257,5015.1214175417
Net flux,G_G6P.c,0*G6P.c -> G6P,58.8549499993083,3845.92263973225
Net flux,G_RU5P.p,0*RU5P.p -> P5P,2.46865373298988e-06,5194.49726198819
Net flux,G_X5P.p,0*X5P.p -> P5P,92.8477691500156,3846.73290871708
Net flux,G_R5P.p,0*R5P.p -> R5P,82.2810779884949,3720.10693925173
Net flux,G_GA.p,0*GA.p -> GA,40.4557113026714,1.57005106979918
Net flux,G_SER.p,0*SER.p -> SER,99.9885128132833,5219.18739804676
Net flux,G_GLY.p,0*GLY.p -> GLY,20.6710151470608,3733.50935844843
Net flux,G_RUBP.p,0*RUBP.p -> RUBP,92.5302752673063,3188.70839508494
Net flux,G_S7P.p,0*S7P.p -> S7P,98.4567310636212,3732.41916990218
Net flux,G_2PG.p,0*2PG.p -> 2PG,87.0427532706349,3548.76921722125
Net flux,G_ADPG.p,0*ADPG.p -> ADPG,95.0805622183377,3762.14486442374
Net flux,G_PEP.c,0*PEP.c -> PEP,89.2305410445615,3589.09621354377
Net flux,G_UDPG.c,0*UDPG.c -> UDPG,72.4268033045549,3740.80517980302
Net flux,G_ALA.c,0*ALA.c -> ALA,80.3684182396893,6.92576654356147
Net flux,(1-G)_GA,0*GA.x -> GA,59.5442886973306,1.57005106979918
Net flux,(1-G)_SER,0*SER.x -> SER,0.0114869866315601,3712.04967317364
Net flux,(1-G)_GLY,0*GLY.x -> GLY,25.952354159036,3.08617456537069
Net flux,(1-G)_R5P,0*R5P.x -> R5P,17.718922011502,3720.10693925173
Net flux,(1-G)_RUBP,0*RUBP.x -> RUBP,7.46972473269241,3188.70839508494
Net flux,(1-G)_3PGA,0*3PGA.x -> 3PGA,7.08808939178804,3491.38595449671
Net flux,(1-G)_TP,0*TP.x -> TP,7.46743445806383,3663.20105469046
Net flux,(1-G)_F6P,0*F6P.x -> F6P,14.7847886792169,3696.81173686681
Net flux,(1-G)_FBP,0*FBP.x -> FBP,16.5487664864701,3654.10995373422
Net flux,(1-G)_G6P,0*G6P.x -> G6P,22.0900731609643,3505.55730307616
Net flux,(1-G)_RU5P,0*RU5P.x -> P5P,7.15222838133212,3639.11486918762
Net flux,(1-G)_S7P,0*S7P.x -> S7P,1.54326893637677,3732.41916990218
Net flux,(1-G)_2PG,0*2PG.x -> 2PG,12.9572467293675,3548.76921722125
Net flux,(1-G)_ADPG,0*ADPG.x -> ADPG,4.91943778166132,3762.14486442374
Net flux,(1-G)_PEP,0*PEP.x -> PEP,10.7694589554367,3589.09621354377
Net flux,(1-G)_UDPG,0*UDPG.x -> UDPG,27.5731966954463,3740.80517980302
Net flux,(1-G)_ALA,0*ALA.x -> ALA,19.6315817603105,6.92576654356147
Net flux,PGASink,3PGA -> Sink,100,0
Net flux,DHAPSink,TP -> Sink,100.000000000001,0
Net flux,F6PSink,F6P -> Sink,100.000000000004,0
Net flux,FBPSink,FBP -> Sink,99.9999999999947,0
Net flux,G6PSink,G6P -> Sink,99.9999999999983,0
Net flux,P5PSink,P5P -> Sink,100.000000000001,0
Net flux,R5PSink,R5P -> Sink,99.9999999999968,0
Net flux,GASink,GA -> Sink,100.000000000002,0
Net flux,SERSink,SER -> Sink,99.9999999999996,0
Net flux,GLYSink,GLY -> Sink,100.000000000001,0
Net flux,RUBPSink,RUBP -> Sink,99.9999999999987,0
Net flux,S7PSink,S7P -> Sink,99.9999999999979,0
Net flux,2PGSink,2PG -> Sink,100.000000000002,0
Net flux,ADPGSink,ADPG -> Sink,99.999999999999,0
Net flux,PEPSink,PEP -> Sink,99.9999999999983,0
Net flux,UDPGSink,UDPG -> Sink,100.000000000001,0
Net flux,ALASink,ALA -> Sink,99.9999999999998,0
Net flux,S6Pout-LL,S6P + 0.1611*GLU + 0.07177*ASP + 0.03247*ALA.c + 0.01019*dummyGLY + 0.03484*dummySER -> Sink,0.786160465597288,0.0956928013607646
Net flux,PGP.p,2PG.p -> Glyc.p,18.2199014234474,0.592533810635366
Net flux,GOX,Glyc.p -> Glyx.p,18.2199014234474,0.592533810635366
Net flux,GGT,Glyx.p -> GLY.p,18.2199014234474,0.592533810635366
Net flux,SGAT,SER.p -> HPA.p,4.36625311554301,0.572288392337609
Net flux,HPR.p,HPA.p -> GA.p,4.366253115543,0.572288392337609
Net flux,T_GLY-m net,GLY.p <-> GLY.m,18.2064218916639,5376.83798276288
Exch flux,T_GLY-m exch,GLY.p <-> GLY.m,125472.58667091,3602.09488958523
Net flux,GDC.m,GLY.m + dummy -> myTHF.m + CO2,10.7079439409865,0.523112203419932
Net flux,T_SER-m net,SER.p <-> SER.m,-10.7079439409865,0.523112203419932
Exch flux,T_SER-m exch,SER.p <-> SER.m,1077.00907046051,3732.42841229258
Net flux,mSHMT,GLY.m + myTHF.m -> SER.m,10.7079439409865,0.523112203419932
Net flux,T_SER-c net,SER.p <-> SER.c,3.23095720833526,2.09520625315767
Exch flux,T_SER-c exch,SER.p <-> SER.c,1.00000000280431e-07,0
Net flux,T_Gly-c net,GLY.p <-> GLY.c,0.00546855662485823,5376.83795010601
Exch flux,T_Gly-c exch,GLY.p <-> GLY.c,0.00011422089785329,3638.04544628564
Net flux,cSHMT,SER.c -> GLY.c + meTHF.c,3.23095693375923,3631.12697846645
Net flux,FmTHF-reductase net,meTHF.c <-> FmTHF.c,3.23095693375923,3631.12697846645
Exch flux,FmTHF-reductase exch,meTHF.c <-> FmTHF.c,6.60731215411639,4974.30670139858
Net flux,Met-synthase,FmTHF.c + Hcy.c -> Met.c,3.23095693375921,3631.12697846645
Net flux,SAM-synthase,Met.c -> SAM.c,3.23095693375922,3631.12697846645
Net flux,Methylation,SAM.c -> SAH.c + Acceptor.c,3.23095693375921,3631.12697846645
Net flux,hydrolysis,SAH.c -> Hcy.c,3.2309569337592,3631.12697846645
Net flux,G_SER.m,0*SER.m -> SER,1.0000000116861e-07,0
Net flux,G_SER.c,0*SER.c -> SER,1.00084729837135e-07,3765.69824998673
Net flux,G_Gly.m,0*GLY.m -> GLY,0.000237140576960115,3733.50673270276
Net flux,G_Gly.c,0*GLY.c -> GLY,53.3763935533274,6.33245030823285
Net flux,T_GLY-c-m,GLY.c -> GLY.m,3.20946599029507,5376.8380326137
Net flux,G_Glyc,0*Glyc.p -> Glyc,23.6236502530826,1.48368599394661
Net flux,G_Glyx,0*Glyx.p -> Glyx,15.5640373551809,1.87213114320506
Net flux,G_HPA,0*HPA.p -> HPA,8.78162093347871,1.35219791726377
Net flux,(1-G)_Glyc,0*Glyc.x -> Glyc,76.376349746918,1.48368599394661
Net flux,(1-G)_Glyx,0*Glyx.x -> Glyx,84.43596264482,1.87213114320506
Net flux,(1-G)_HPA,0*HPA.x -> HPA,91.2183790665212,1.35219791726377
Net flux,GlycSink,Glyc -> Sink,100.000000000001,0
Net flux,GlyxSink,Glyx -> Sink,100.000000000001,0
Net flux,HPASink,HPA -> Sink,99.9999999999998,0
Net flux,SERex,dummySER -> outSER,3.08334126605593,2.40548687833011
Net flux,G_PYR,0*PYR.c -> PYR,32.3797124727343,1.91150200724039
Net flux,(1-G)_PYR,0*PYR.x -> PYR,67.6202875272659,1.91150200724039
Net flux,PYRSink,PYR -> Sink,100,0
Net flux,G_meTHF,0*meTHF.c -> meTHF,99.9999999,0
Net flux,G_FmTHF,0*FmTHF.c -> FmTHF,81.3267169141472,2.90478427663159
Net flux,G_Met,0*Met.c -> Met,65.9394745790606,4.38763749534923
Net flux,G_SAM,0*SAM.c -> SAM,66.0208202626482,3.78727617261414
Net flux,(1-G)_meTHF,0*meTHF.x -> meTHF,1.0000000116861e-07,0
Net flux,(1-G)_FmTHF,0*FmTHF.x -> FmTHF,18.6732830858529,2.90478427663159
Net flux,(1-G)_Met,0*Met.x -> Met,34.0605254209395,4.38763749534923
Net flux,(1-G)_SAM,0*SAM.x -> SAM,33.9791797373518,3.78727617261414
Net flux,meTHFSink,meTHF -> Sink,99.9999999999999,0
Net flux,FmTHFSink,FmTHF -> Sink,100,0
Net flux,MetSink,Met -> Sink,100,0
Net flux,SAMsink,SAM -> Sink,100,0
Net flux,Met-protein,Met.c -> Protein,6.51983996113883e-15,0
Net flux,GLY-protein,GLY.c -> Protein,0.0269595000890517,3631.12710064101
Net flux,SER-protein,SER.c -> Protein,2.74576035685925e-07,3631.12758294743
Pool,2PG pool,,0,0
Pool,2PG.p pool,,2.99079426423239e-06,3795.19368222548
Pool,2PG.x pool,,1,Inf
Pool,3PGA pool,,0,0
Pool,3PGA.c pool,,7.32830597082644e-06,3598.37940295124
Pool,3PGA.p pool,,3.35155947589324e-06,3668.20017699247
Pool,3PGA.x pool,,1,Inf
Pool,ACA pool,,1.88252498163785e-06,3754.79433701462
Pool,ADPG pool,,0,0
Pool,ADPG.p pool,,9.9999999999999e-08,Inf
Pool,ADPG.x pool,,1,Inf
Pool,AKG pool,,2.09758694695638e-06,3794.43789742363
Pool,ALA pool,,0,0
Pool,ALA.c pool,,0.00804843084916011,0.00192189104209703
Pool,ALA.x pool,,1,Inf
Pool,ASN pool,,7566.070901954,3677.69960422443
Pool,ASP pool,,1.04114185724954e-07,3556.20425896209
Pool,Acceptor.c pool,,1,Inf
Pool,CIT pool,,2.34439031982351,0.739189638320518
Pool,CO2 pool,,0.373882377558497,0.173380637226755
Pool,CO2.t pool,,1,Inf
Pool,E4P.p pool,,0,0
Pool,EC2 pool,,0,0
Pool,F6P pool,,0,0
Pool,F6P.c pool,,3.82972903998604e-06,3551.94544231892
Pool,F6P.p pool,,3.03928240695234e-06,3629.14916420819
Pool,F6P.x pool,,1,Inf
Pool,FBP pool,,0,0
Pool,FBP.c pool,,3.82921215211499e-06,3681.18318126536
Pool,FBP.p pool,,2.68125145069325e-06,3673.29883134295
Pool,FBP.x pool,,1,Inf
Pool,FmTHF pool,,0.824820299674448,0.589674264479454
Pool,FmTHF.c pool,,2.00091725174704e-06,3784.37033386788
Pool,FmTHF.x pool,,1,Inf
Pool,G6P pool,,0,0
Pool,G6P.c pool,,9.87500690519607e-06,3643.37528040721
Pool,G6P.p pool,,3.39817430676284e-06,3352.07045606218
Pool,G6P.x pool,,1,Inf
Pool,GA pool,,0,0
Pool,GA.p pool,,1.8330037812345e-06,3505.43594719368
Pool,GA.x pool,,1,Inf
Pool,GLN pool,,8.8386775496434,3539.88062163622
Pool,GLU pool,,2.09758670500371e-06,3809.00367585495
Pool,GLY pool,,0,0
Pool,GLY.c pool,,0.00404883483468757,3846.24882015384
Pool,GLY.m pool,,0.248260280380505,0.0977006671001238
Pool,GLY.p pool,,0.000427160579843793,3696.36467172067
Pool,GLY.x pool,,1,Inf
Pool,Glyc pool,,11.5691947109237,2.69331865579954
Pool,Glyc.p pool,,6.43178589586377e-06,3594.22421385828
Pool,Glyc.x pool,,1,Inf
Pool,Glyx pool,,14.1883537529962,4.54475222122601
Pool,Glyx.p pool,,1.21293109428365e-05,3673.55787168021
Pool,Glyx.x pool,,1,Inf
Pool,HPA pool,,0.000123365860663286,3817.98241018085
Pool,HPA.p pool,,1.46368283712718e-06,3794.14080287208
Pool,HPA.x pool,,1,Inf
Pool,Hcy.c pool,,1,Inf
Pool,ICI pool,,0.00363920857255651,3568.05443964264
Pool,MAL pool,,0.137722564119914,0.259406601036956
Pool,Met pool,,0.000109603794591578,3742.54753509519
Pool,Met.c pool,,1.62077020036506e-06,3853.81667760725
Pool,Met.x pool,,1,Inf
Pool,OAA pool,,0.111232288171514,0.0326702978567095
Pool,P5P pool,,0,0
Pool,PEP pool,,0,0
Pool,PEP.c pool,,4.40009042092683e-06,3619.6067144034
Pool,PEP.x pool,,1,Inf
Pool,PRO pool,,5.39499638347112,3784.77421830748
Pool,PYR pool,,9.99999998363421e-08,0
Pool,PYR.c pool,,0.00792242650191941,0.0018806275320535
Pool,PYR.x pool,,1,Inf
Pool,Protein pool,,1,Inf
Pool,R5P pool,,0,0
Pool,R5P.p pool,,1.00000000000002e-07,0
Pool,R5P.x pool,,1,Inf
Pool,RU5P.p pool,,2.78535050277267e-06,3584.00621931933
Pool,RU5P.x pool,,1,Inf
Pool,RUBP pool,,0,0
Pool,RUBP.p pool,,2.78855356391438e-06,3770.21620953436
Pool,RUBP.x pool,,1,Inf
Pool,S6P pool,,1,Inf
Pool,S7P pool,,0,0
Pool,S7P.p pool,,2.4964394754512e-06,3562.56518732707
Pool,S7P.x pool,,1,Inf
Pool,SAH.c pool,,1,Inf
Pool,SAM pool,,3.51522159846915,1.11901734320576
Pool,SAM.c pool,,2.41699409204097e-06,3651.26480742035
Pool,SAM.x pool,,1,Inf
Pool,SBP pool,,0,0
Pool,SER pool,,0,0
Pool,SER.c pool,,1.00000000002876e-07,0
Pool,SER.m pool,,1.19213582234874,0.0964901776426811
Pool,SER.p pool,,0.000143374351352398,3661.51188348163
Pool,SER.x pool,,1,Inf
Pool,Sink pool,,1,Inf
Pool,Starch pool,,1,Inf
Pool,THR pool,,0.0864326311955849,0.0567295296766143
Pool,TP pool,,0,0
Pool,TP.c pool,,4.18716491945621e-06,3551.97985808729
Pool,TP.p pool,,3.45920822011206e-06,3701.2056985817
Pool,TP.x pool,,1,Inf
Pool,UDPG pool,,0,0
Pool,UDPG.c pool,,0.18204731886205,0.917013619417737
Pool,UDPG.x pool,,1,Inf
Pool,X5P.p pool,,2.85403440520085e-06,3569.68778307067
Pool,dummy pool,,1,Inf
Pool,dummyGLY pool,,1,Inf
Pool,dummySER pool,,1,Inf
Pool,meTHF pool,,1.4470734112334,0.848821606486303
Pool,meTHF.c pool,,2.25417164421971e-06,3579.46701405519
Pool,meTHF.x pool,,1,Inf
Pool,myTHF.m pool,,1.00000000002876e-07,0
Pool,outSER pool,,1,Inf
Norm,Experiment1 Glyc205 #1 norm,,0.997681390250186,0.0134596829092109
Norm,Experiment1 Glyc205 #2 norm,,0.957305859977972,0.0207829596898511
Norm,Experiment1 Glyc205 #3 norm,,0.945079183249066,0.0169098301637329
Norm,Experiment1 Glyc205 #4 norm,,1.01114039325199,0.030408565011378
Norm,Experiment1 Glyc205 #5 norm,,0.976556440559416,0.0347217117301322
Norm,Experiment1 Glyc205 #6 norm,,1.03687547493699,0.0273029467776285
Norm,Experiment1 Glyc205 #7 norm,,0.98509142455255,0.033428227027841
Norm,Experiment1 Glyc205 #8 norm,,0.980023113721357,0.0307961357537054
Norm,Experiment1 Glyx160 #1 norm,,1.00502253796539,0.0110566457778742
Norm,Experiment1 Glyx160 #2 norm,,1.00712376861928,0.0134992778793885
Norm,Experiment1 Glyx160 #3 norm,,0.943998608589692,0.0167715966024286
Norm,Experiment1 Glyx160 #4 norm,,1.00243577607183,0.0152846809994692
Norm,Experiment1 Glyx160 #5 norm,,0.960982939335481,0.0333797359744594
Norm,Experiment1 Glyx160 #6 norm,,1.01964575533892,0.0199334373484025
Norm,Experiment1 Glyx160 #7 norm,,0.997795041742584,0.040205605312933
Norm,Experiment1 Glyx160 #8 norm,,0.986669803477124,0.0360014237615022
Norm,Experiment1 GLY276 #1 norm,,0.985020536551963,0.0100239019300296
Norm,Experiment1 GLY276 #2 norm,,1.01497876740355,0.0237993188808675
Norm,Experiment1 GLY276 #3 norm,,0.992010531472102,0.0440763709696688
Norm,Experiment1 GLY276 #4 norm,,0.989024569998522,0.064025018863036
Norm,Experiment1 GLY276 #5 norm,,0.988572040672261,0.132693685980591
Norm,Experiment1 GLY276 #6 norm,,0.89603355419184,0.0931238961276803
Norm,Experiment1 GLY276 #7 norm,,1.05848230938237,0.0643521950987064
Norm,Experiment1 GLY276 #8 norm,,0.96047155325322,0.0682247713741668
Norm,Experiment1 HPA262 #1 norm,,1.00396724455936,0.0108864906513103
Norm,Experiment1 HPA262 #2 norm,,0.94872258490782,0.0271745104483576
Norm,Experiment1 HPA262 #3 norm,,0.937657249450369,0.0128717441629144
Norm,Experiment1 HPA262 #4 norm,,0.935430345802769,0.0347035163523273
Norm,Experiment1 HPA262 #5 norm,,0.93760146797563,0.0236758801874494
Norm,Experiment1 HPA262 #6 norm,,1.00189525564307,0.0344314209894141
Norm,Experiment1 HPA262 #7 norm,,0.995203555042771,0.0256247845896488
Norm,Experiment1 HPA262 #8 norm,,1.06082372630992,0.0250673000614325
Norm,Experiment1 GA307 #1 norm,,0.992991408196755,0.0120811287374339
Norm,Experiment1 GA307 #2 norm,,0.99287094823126,0.0308794279765388
Norm,Experiment1 GA307 #3 norm,,0.93487540768899,0.0282684595003913
Norm,Experiment1 GA307 #4 norm,,0.965720354873676,0.0197330773272232
Norm,Experiment1 GA307 #5 norm,,0.978375038326521,0.0586619507683766
Norm,Experiment1 GA307 #6 norm,,1.04570062730933,0.0443452540743104
Norm,Experiment1 GA307 #7 norm,,0.997979323893177,0.0428638971301133
Norm,Experiment1 GA307 #8 norm,,1.02824413635131,0.0371956659145229
Norm,Experiment1 SER306 #1 norm,,0.991922525030578,0.0139572652859381
Norm,Experiment1 SER306 #2 norm,,0.978611265664753,0.0157583078040175
Norm,Experiment1 SER306 #3 norm,,0.971521266039,0.0429639310850634
Norm,Experiment1 SER306 #4 norm,,1.01553507251678,0.0437908544223177
Norm,Experiment1 SER306 #5 norm,,1.0284335781036,0.118932170452542
Norm,Experiment1 SER306 #6 norm,,0.906615598788257,0.0723248242704054
Norm,Experiment1 SER306 #7 norm,,1.01591757207097,0.0695536484942225
Norm,Experiment1 SER306 #8 norm,,0.970424916492766,0.0483690265230512
Norm,Experiment1 meTHF #1 norm,,0.9749850039527,0.00987794448847029
Norm,Experiment1 meTHF #2 norm,,1.0152640623352,0.0100894556678392
Norm,Experiment1 meTHF #3 norm,,1.1457870830994,0.0788882202904238
Norm,Experiment1 meTHF #4 norm,,1.0153090570646,0.0504333965115972
Norm,Experiment1 meTHF #5 norm,,0.948264254963019,0.0978891062735049
Norm,Experiment1 meTHF #6 norm,,1.04392673792953,0.135329850583449
Norm,Experiment1 meTHF #7 norm,,0.998863299704432,0.0569601691135111
Norm,Experiment1 meTHF #8 norm,,1.03311017165463,0.114312461115768
Norm,Experiment1 FmTHF #1 norm,,0.994297505065255,0.00995773266804858
Norm,Experiment1 FmTHF #2 norm,,0.972416796341935,0.0231329728909303
Norm,Experiment1 FmTHF #3 norm,,1.02698508913406,0.0341864427285778
Norm,Experiment1 FmTHF #4 norm,,0.986556040493069,0.0273493020681577
Norm,Experiment1 FmTHF #5 norm,,1.02665611550676,0.0641336291559466
Norm,Experiment1 FmTHF #6 norm,,0.999819928483768,0.0618803564212648
Norm,Experiment1 FmTHF #7 norm,,0.996857365279605,0.050761127194966
Norm,Experiment1 FmTHF #8 norm,,1.0749179798719,0.109074946184222
Norm,Experiment1 Met176 #1 norm,,1.02907896598614,0.0255462189084074
Norm,Experiment1 Met176 #2 norm,,0.89208603639757,0.0296233700802869
Norm,Experiment1 Met176 #3 norm,,1.01153692980075,0.0572566038682213
Norm,Experiment1 Met176 #4 norm,,1.0062670682995,0.0394160617676932
Norm,Experiment1 Met176 #5 norm,,0.997893038163569,0.0736508754326303
Norm,Experiment1 Met176 #6 norm,,1.0286782713199,0.149611437468448
Norm,Experiment1 Met176 #7 norm,,1.00185913579054,0.131526450038609
Norm,Experiment1 Met176 #8 norm,,0.998624316086808,0.112662638020017
Norm,Experiment1 SAM #1 norm,,0.98981523778014,0.0115813921037874
Norm,Experiment1 SAM #2 norm,,0.970726876604064,0.0115313121479681
Norm,Experiment1 SAM #3 norm,,0.995734844132918,0.0137723125859519
Norm,Experiment1 SAM #4 norm,,1.01756671986997,0.0229120973377491
Norm,Experiment1 SAM #5 norm,,0.988593250274916,0.0380475975856601
Norm,Experiment1 SAM #6 norm,,0.996509832082885,0.0653964720353049
Norm,Experiment1 SAM #7 norm,,0.999908999656526,0.0871010254814252
Norm,Experiment1 SAM #8 norm,,1.00036776728738,0.0933005210358354
Norm,Experiment1 CIT465 #1 norm,,0.992562538263365,0.0117582850613493
Norm,Experiment1 CIT465 #2 norm,,0.978843162739409,0.0141715209343711
Norm,Experiment1 CIT465 #3 norm,,0.968124668505682,0.0112761248908222
Norm,Experiment1 CIT465 #4 norm,,0.988952960781255,0.0166050082212688
Norm,Experiment1 CIT465 #5 norm,,0.995310450184142,0.0139124559118143
Norm,Experiment1 CIT465 #6 norm,,1.00065963418268,0.012853909829651
Norm,Experiment1 CIT465 #7 norm,,0.982046525759769,0.0130934221654458
Norm,Experiment1 CIT465 #8 norm,,1.04336254101896,0.0196997632843747
Norm,Experiment1 MAL335 #1 norm,,0.986561568465745,0.0126173378319122
Norm,Experiment1 MAL335 #2 norm,,1.00129114652247,0.0111588394883575
Norm,Experiment1 MAL335 #3 norm,,0.938719431593048,0.00976241674100879
Norm,Experiment1 MAL335 #4 norm,,0.979924361219847,0.0144287242717842
Norm,Experiment1 MAL335 #5 norm,,0.962459408067508,0.0139574778002423
Norm,Experiment1 MAL335 #6 norm,,0.97014017521202,0.0130696917243306
Norm,Experiment1 MAL335 #7 norm,,0.964602389426354,0.0200487780083162
Norm,Experiment1 MAL335 #8 norm,,0.978648074787734,0.0361725166940356
Norm,Experiment1 ASP334 #1 norm,,0.964705794713521,0.022117252963111
Norm,Experiment1 ASP334 #2 norm,,0.912090423665877,0.0292499231608527
Norm,Experiment1 ASP334 #3 norm,,0.975651632376508,0.0204316369166375
Norm,Experiment1 ASP334 #4 norm,,1.01461510226713,0.0200295748341234
Norm,Experiment1 ASP334 #5 norm,,0.981878797937676,0.0306454150566989
Norm,Experiment1 ASP334 #6 norm,,0.965096671137948,0.0426477080751402
Norm,Experiment1 ASP334 #7 norm,,0.983265338519829,0.032595472569956
Norm,Experiment1 ASP334 #8 norm,,0.958268371763716,0.0851016721187568
Norm,Experiment1 GLU348 #1 norm,,0.983434047244061,0.0208409585066734
Norm,Experiment1 GLU348 #2 norm,,0.980116217818938,0.0201584185976592
Norm,Experiment1 GLU348 #3 norm,,0.987414077790409,0.0110658488855159
Norm,Experiment1 GLU348 #4 norm,,0.9630120057733,0.034429070224721
Norm,Experiment1 GLU348 #5 norm,,1.02928100375959,0.0236801780239406
Norm,Experiment1 GLU348 #6 norm,,1.00599053284297,0.0132103543468839
Norm,Experiment1 GLU348 #7 norm,,1.02681830708405,0.0156828183457313
Norm,Experiment1 GLU348 #8 norm,,0.97934311929332,0.0214161836179271
Norm,Experiment1 THR320 #1 norm,,1.00086342303863,0.0104143513614446
Norm,Experiment1 THR320 #2 norm,,0.957369942534753,0.0139157190371389
Norm,Experiment1 THR320 #3 norm,,1.01432691272323,0.0134552641081063
Norm,Experiment1 THR320 #4 norm,,0.972931280145835,0.0272340798201962
Norm,Experiment1 THR320 #5 norm,,0.989816878879941,0.0205352974619416
Norm,Experiment1 THR320 #6 norm,,1.00197999769483,0.0116347153390493
Norm,Experiment1 THR320 #7 norm,,0.998820496610714,0.0163902574091575
Norm,Experiment1 THR320 #8 norm,,0.991862659810521,0.034770401506366
Norm,Experiment1 ALA116 #1 norm,,1.01006669877533,0.0101777067092789
Norm,Experiment1 ALA116 #2 norm,,1.01207567503161,0.0100653756132876
Norm,Experiment1 ALA116 #3 norm,,0.983419955222811,0.0171912607096575
Norm,Experiment1 ALA116 #4 norm,,1.03993386233003,0.0213835945032763
Norm,Experiment1 ALA116 #5 norm,,0.954001275144634,0.0855609960959889
Norm,Experiment1 ALA116 #6 norm,,0.993600317464817,0.0846277396336472
Norm,Experiment1 ALA116 #7 norm,,1.01056351157455,0.0633913421823543
Norm,Experiment1 ALA116 #8 norm,,0.989192270163939,0.0942873198207608
Norm,Experiment1 PYR #1 norm,,1.00592570051436,0.0175278759380113
Norm,Experiment1 PYR #2 norm,,1.02582062937873,0.044386941325164
Norm,Experiment1 PYR #3 norm,,0.993003319309828,0.101392432501292
Norm,Experiment1 PYR #4 norm,,0.997206686623912,0.0418394851774912
Norm,Experiment1 PYR #5 norm,,1.06100779083982,0.0569643694601982
Norm,Experiment1 PYR #6 norm,,1.03414684529271,0.0562019111228867
Norm,Experiment1 PYR #7 norm,,0.979566661499715,0.119493774965819
Norm,Experiment1 PYR #8 norm,,0.983263702063795,0.0535039730976294
