type,id,eqn,val,std
Net flux,CO2.t,CO2.t -> CO2,48.2037660654431,1.10463737357199
Net flux,CO2_sink,dummy -> Sink,48.2037660654431,1.10463737357199
Net flux,RUBICSO_CO2,RUBP.p + CO2 -> 3PGA.p + 3PGA.p + dummy,57.2657091296128,1.23060354748921
Net flux,GAPDH.p net,3PGA.p <-> TP.p,135.502834857325,2.68186636768133
Exch flux,GAPDH.p exch,3PGA.p <-> TP.p,70923.7129846403,26.6430563949429
Net flux,ALD,TP.p + E4P.p -> SBP,24.8390668604439,0.489552054481239
Net flux,SBP,SBP -> S7P.p,24.8390668604439,0.489552054481239
Net flux,FBA.p net,TP.p + TP.p <-> FBP.p,29.2575252068564,0.648380547814768
Exch flux,FBA.p exch,TP.p + TP.p <-> FBP.p,17372.1218558158,1463.71483150113
Net flux,PFK.p net,FBP.p <-> F6P.p,29.2575252068595,0.648380547814768
Exch flux,PFK.p exch,FBP.p <-> F6P.p,1.00009728498662e-07,6.3627830666238e-13
Net flux,TK1 net,TP.p + EC2 <-> X5P.p,49.6781337208886,0.979104108962477
Exch flux,TK1 exch,TP.p + EC2 <-> X5P.p,36971.0541585968,2207.78177242965
Net flux,TK2 net,S7P.p <-> R5P.p + EC2,24.8390668604438,0.489552054481239
Exch flux,TK2 exch,S7P.p <-> R5P.p + EC2,38.377367906907,2240.13870941448
Net flux,TK3 net,F6P.p <-> E4P.p + EC2,24.8390668604443,0.489552054481239
Exch flux,TK3 exch,F6P.p <-> E4P.p + EC2,28484.3096044343,1825.03893395648
Net flux,PPE net,X5P.p <-> RU5P.p,49.6781337208886,0.979104108962477
Exch flux,PPE exch,X5P.p <-> RU5P.p,36951.408714075,1316.84229447527
Net flux,PPI net,R5P.p <-> RU5P.p,24.8390668604439,0.489552054481239
Exch flux,PPI exch,R5P.p <-> RU5P.p,244.968692994633,2546.35481865877
Net flux,PRK,RU5P.p -> RUBP.p,74.5172005813317,1.46865616344371
Net flux,RUBISCO_O2,RUBP.p -> 3PGA.p + 2PG.p,17.2514914517189,0.593839021638418
Net flux,GLYdil net,GLY.p <-> GLY.x + dummyGLY,0.00629381238913851,0.0010063098099627
Exch flux,GLYdil exch,GLY.p <-> GLY.x + dummyGLY,1.0000000116861e-07,0
Net flux,SERdil net,SER.p <-> SER.x + dummySER,3.70031811914564,1.49363258476301
Exch flux,SERdil exch,SER.p <-> SER.x + dummySER,1.28405225125945,0.189125017466104
Net flux,GK,GA.p -> 3PGA.p,3.98331409194006,0.56715386400122
Net flux,PGI.p net,F6P.p <-> G6P.p,4.41845834641457,0.340421990518132
Exch flux,PGI.p exch,F6P.p <-> G6P.p,1.00004363901007e-07,2072.43031532718
Net flux,PGM.p,G6P.p -> ADPG.p,4.41845834641458,0.340421990518132
Net flux,Starch,ADPG.p -> Starch,4.41845834641456,0.340421990518132
Net flux,FBA.c net,TP.c + TP.c <-> FBP.c,1.23529193113792,0.197509285572035
Exch flux,FBA.c exch,TP.c + TP.c <-> FBP.c,21.3415274923571,2072.43029677958
Net flux,PFK.c net,FBP.c <-> F6P.c,1.23529193113793,0.197509285572035
Exch flux,PFK.c exch,FBP.c <-> F6P.c,6.24206135328317,2072.43029677958
Net flux,PGI.c net,F6P.c <-> G6P.c,0.617645965568983,0.0987546427860174
Exch flux,PGI.c exch,F6P.c <-> G6P.c,221.565174188047,2072.43028972086
Net flux,PGM.c net,G6P.c <-> UDPG.c,0.617645965561678,0.0987546427860174
Exch flux,PGM.c exch,G6P.c <-> UDPG.c,48479.8446613957,2072.43028736795
Net flux,SPS,F6P.c + UDPG.c -> S6P,0.617645965568929,0.0987546427860174
Net flux,PGAM.c net,3PGA.c <-> PEP.c,0.263388945557648,0.0421129298968399
Exch flux,PGAM.c exch,3PGA.c <-> PEP.c,3.80545475877918,2072.43028779583
Net flux,PK.c,PEP.c -> PYR.c,0.119557729555403,0.0191159361497317
Net flux,PDH,PYR.c + dummy -> ACA + CO2,0.0995027650530624,0.0159093729660585
Net flux,CS,OAA + ACA -> CIT,0.0995027650530584,0.0159093729660585
Net flux,ACO net,CIT <-> ICI,0.0995027650531028,0.0159093729660585
Exch flux,ACO exch,CIT <-> ICI,1360.0934883314,2072.43028736795
Net flux,IDH,ICI + dummy -> AKG + CO2,0.0995027650530749,0.0159093729660585
Net flux,MDH net,MAL <-> OAA,2.1316282072803e-14,0
Exch flux,MDH exch,MAL <-> OAA,0.193162912282013,0.0567909997094307
Net flux,PPC,PEP.c + CO2 -> OAA + dummy,0.143831216002673,0.0229969936917265
Net flux,T_3PGA net,3PGA.p <-> 3PGA.c,0.263388945557629,0.0421129298968399
Exch flux,T_3PGA exch,3PGA.p <-> 3PGA.c,9.00345985866257,2074.53420094582
Net flux,T_DHAP net,TP.p <-> TP.c,2.47058386227588,0.39501857114407
Exch flux,T_DHAP exch,TP.p <-> TP.c,0.273915114810127,0.229473247546984
Net flux,ALT,PYR.c -> ALA.c,0.0200549645020243,0.00320656325019795
Net flux,ASPT,OAA -> ASP,0.0443284509486854,0.00708762072575159
Net flux,GLUDH,AKG -> GLU,0.0995027650530518,0.0159093729660585
Net flux,PCR net,GLU <-> PRO,-2.48689957516035e-14,0
Exch flux,PCR exch,GLU <-> PRO,1.0000000116861e-07,0
Net flux,GS net,GLU <-> GLN,0,0
Exch flux,GS exch,GLU <-> GLN,1.00041660289207e-07,0
Net flux,TS net,ASP <-> THR,0,0
Exch flux,TS exch,ASP <-> THR,1.0000000116861e-07,0
Net flux,AS net,ASP <-> ASN,1.06581410364015e-14,0
Exch flux,AS exch,ASP <-> ASN,1.0000000116861e-07,0
Net flux,G_3PGA.p,0*3PGA.p -> 3PGA,2.46866289188574e-06,3551.5665623617
Net flux,G_3PGA.c,0*3PGA.c -> 3PGA,92.9119081397457,2652.04716748168
Net flux,G_DHAP.p,0*TP.p -> TP,40.685379842242,3626.39873329265
Net flux,G_DHAP.c,0*TP.c -> TP,51.8471856996947,2595.56284003674
Net flux,G_F6P.p,0*F6P.p -> F6P,48.6686345030749,3462.09822419694
Net flux,G_F6P.c,0*F6P.c -> F6P,36.546576817712,2564.99840494239
Net flux,G_FBP.p,0*FBP.p -> FBP,2.46866120789946e-06,3531.3307363478
Net flux,G_FBP.c,0*FBP.c -> FBP,83.4512310475513,2529.260890949
Net flux,G_G6P.p,0*G6P.p -> G6P,19.0549768397257,3752.85886927453
Net flux,G_G6P.c,0*G6P.c -> G6P,58.8549499993083,2498.09198889852
Net flux,G_RU5P.p,0*RU5P.p -> P5P,2.46865365483018e-06,3302.32941456121
Net flux,G_X5P.p,0*X5P.p -> P5P,92.8477691498728,2580.67765207826
Net flux,G_R5P.p,0*R5P.p -> R5P,82.2810779884949,2611.166273355
Net flux,G_GA.p,0*GA.p -> GA,38.9094956645111,1.58099922761776
Net flux,G_SER.p,0*SER.p -> SER,99.999239203608,2410.36013306635
Net flux,G_GLY.p,0*GLY.p -> GLY,28.172572625283,2526.54719348239
Net flux,G_RUBP.p,0*RUBP.p -> RUBP,92.5302752673064,2267.46182471985
Net flux,G_S7P.p,0*S7P.p -> S7P,98.4567310636212,2519.97805863349
Net flux,G_2PG.p,0*2PG.p -> 2PG,87.0427532706349,2544.76697839526
Net flux,G_ADPG.p,0*ADPG.p -> ADPG,95.0805622183377,2369.72906724276
Net flux,G_PEP.c,0*PEP.c -> PEP,89.2305410445615,2561.2648757772
Net flux,G_UDPG.c,0*UDPG.c -> UDPG,72.4268033045549,2559.7685848596
Net flux,G_ALA.c,0*ALA.c -> ALA,74.4803215163355,7.04020481349751
Net flux,(1-G)_GA,0*GA.x -> GA,61.090504335491,1.58099922761776
Net flux,(1-G)_SER,0*SER.x -> SER,1.0000000116861e-07,0
Net flux,(1-G)_GLY,0*GLY.x -> GLY,30.2762197450102,3.97386358762784
Net flux,(1-G)_R5P,0*R5P.x -> R5P,17.718922011502,2611.166273355
Net flux,(1-G)_RUBP,0*RUBP.x -> RUBP,7.4697247326924,2267.46182471985
Net flux,(1-G)_3PGA,0*3PGA.x -> 3PGA,7.08808939159175,2361.03977968307
Net flux,(1-G)_TP,0*TP.x -> TP,7.46743445806383,2471.4233460551
Net flux,(1-G)_F6P,0*F6P.x -> F6P,14.7847886792169,2456.94104323474
Net flux,(1-G)_FBP,0*FBP.x -> FBP,16.5487664837821,2432.33254643501
Net flux,(1-G)_G6P,0*G6P.x -> G6P,22.0900731609643,2513.14064772019
Net flux,(1-G)_RU5P,0*RU5P.x -> P5P,7.15222838147491,2435.35466668128
Net flux,(1-G)_S7P,0*S7P.x -> S7P,1.54326893637677,2519.97805863349
Net flux,(1-G)_2PG,0*2PG.x -> 2PG,12.9572467293675,2544.76697839526
Net flux,(1-G)_ADPG,0*ADPG.x -> ADPG,4.91943778166132,2369.72906724276
Net flux,(1-G)_PEP,0*PEP.x -> PEP,10.7694589554367,2561.2648757772
Net flux,(1-G)_UDPG,0*UDPG.x -> UDPG,27.5731966954463,2559.7685848596
Net flux,(1-G)_ALA,0*ALA.x -> ALA,25.5196784836643,7.04020481349751
Net flux,PGASink,3PGA -> Sink,100,0
Net flux,DHAPSink,TP -> Sink,100.000000000001,0
Net flux,F6PSink,F6P -> Sink,100.000000000004,0
Net flux,FBPSink,FBP -> Sink,99.9999999999947,0
Net flux,G6PSink,G6P -> Sink,99.9999999999983,0
Net flux,P5PSink,P5P -> Sink,100.000000000001,0
Net flux,R5PSink,R5P -> Sink,99.9999999999968,0
Net flux,GASink,GA -> Sink,100.000000000002,0
Net flux,SERSink,SER -> Sink,99.9999999999996,0
Net flux,GLYSink,GLY -> Sink,100.000000000001,0
Net flux,RUBPSink,RUBP -> Sink,99.9999999999987,0
Net flux,S7PSink,S7P -> Sink,99.9999999999979,0
Net flux,2PGSink,2PG -> Sink,100.000000000002,0
Net flux,ADPGSink,ADPG -> Sink,99.999999999999,0
Net flux,PEPSink,PEP -> Sink,99.9999999999983,0
Net flux,UDPGSink,UDPG -> Sink,100.000000000001,0
Net flux,ALASink,ALA -> Sink,99.9999999999998,0
Net flux,S6Pout-LL,S6P + 0.1611*GLU + 0.07177*ASP + 0.03247*ALA.c + 0.01019*dummyGLY + 0.03484*dummySER -> Sink,0.617645965568965,0.0987546427860174
Net flux,PGP.p,2PG.p -> Glyc.p,17.2514914517189,0.593839021638418
Net flux,GOX,Glyc.p -> Glyx.p,17.2514914517189,0.593839021638418
Net flux,GGT,Glyx.p -> GLY.p,17.2514914517189,0.593839021638418
Net flux,SGAT,SER.p -> HPA.p,3.98331409194005,0.56715386400122
Net flux,HPR.p,HPA.p -> GA.p,3.98331409194005,0.56715386400122
Net flux,T_GLY-m net,GLY.p <-> GLY.m,15.2017023853259,2506.83064326931
Exch flux,T_GLY-m exch,GLY.p <-> GLY.m,146143.27392092,2596.34989367143
Net flux,GDC.m,GLY.m + dummy -> myTHF.m + CO2,9.00676875006538,0.628599883449397
Net flux,T_SER-m net,SER.p <-> SER.m,-9.00676875006502,0.628599883449397
Exch flux,T_SER-m exch,SER.p <-> SER.m,7393.30904960886,2370.09611951152
Net flux,mSHMT,GLY.m + myTHF.m -> SER.m,9.00676875006538,0.628599883449397
Net flux,T_SER-c net,SER.p <-> SER.c,1.32313653897968,1.00420373504092
Exch flux,T_SER-c exch,SER.p <-> SER.c,0.698460116283115,0.622245666703743
Net flux,T_Gly-c net,GLY.p <-> GLY.c,2.04349525399553,2506.83057960986
Exch flux,T_Gly-c exch,GLY.p <-> GLY.c,0.0946802535398725,2506.83013267197
Net flux,cSHMT,SER.c -> GLY.c + meTHF.c,0.768339960800797,1.1808202163545
Net flux,FmTHF-reductase net,meTHF.c <-> FmTHF.c,0.768339960800798,1.1808202163545
Exch flux,FmTHF-reductase exch,meTHF.c <-> FmTHF.c,8.45809643855923,2308.03131753887
Net flux,Met-synthase,FmTHF.c + Hcy.c -> Met.c,0.768339960800777,1.1808202163545
Net flux,SAM-synthase,Met.c -> SAM.c,0.768339960800787,1.1808202163545
Net flux,Methylation,SAM.c -> SAH.c + Acceptor.c,0.768339960800781,1.1808202163545
Net flux,hydrolysis,SAH.c -> Hcy.c,0.768339960800773,1.1808202163545
Net flux,G_SER.m,0*SER.m -> SER,0.000760596391625512,2410.36013306635
Net flux,G_SER.c,0*SER.c -> SER,1.0000000116861e-07,0
Net flux,G_Gly.m,0*GLY.m -> GLY,0.000369506519223961,2526.53951036841
Net flux,G_Gly.c,0*GLY.c -> GLY,41.5508381231888,7.0068080066848
Net flux,T_GLY-c-m,GLY.c -> GLY.m,2.81183511479654,2506.83053753029
Net flux,G_Glyc,0*Glyc.p -> Glyc,24.4597795810268,1.30726148037653
Net flux,G_Glyx,0*Glyx.p -> Glyx,11.2411634074214,1.47407744427478
Net flux,G_HPA,0*HPA.p -> HPA,9.3007567377633,1.34304207044635
Net flux,(1-G)_Glyc,0*Glyc.x -> Glyc,75.5402204189738,1.30726148037653
Net flux,(1-G)_Glyx,0*Glyx.x -> Glyx,88.7588365925795,1.47407744427478
Net flux,(1-G)_HPA,0*HPA.x -> HPA,90.6992432622366,1.34304207044635
Net flux,GlycSink,Glyc -> Sink,100.000000000001,0
Net flux,GlyxSink,Glyx -> Sink,100.000000000001,0
Net flux,HPASink,HPA -> Sink,99.9999999999998,0
Net flux,SERex,dummySER -> outSER,3.67879735353125,1.49409849872323
Net flux,G_PYR,0*PYR.c -> PYR,32.0410045440963,2.03420475696693
Net flux,(1-G)_PYR,0*PYR.x -> PYR,67.9589954559039,2.03420475696693
Net flux,PYRSink,PYR -> Sink,100,0
Net flux,G_meTHF,0*meTHF.c -> meTHF,88.6535814062742,3.65437161043428
Net flux,G_FmTHF,0*FmTHF.c -> FmTHF,78.5295460526199,2.92512118584361
Net flux,G_Met,0*Met.c -> Met,61.0917170813244,4.24544310165196
Net flux,G_SAM,0*SAM.c -> SAM,67.7268003818051,4.08091200729686
Net flux,(1-G)_meTHF,0*meTHF.x -> meTHF,11.3464185937258,3.65437161043428
Net flux,(1-G)_FmTHF,0*FmTHF.x -> FmTHF,21.4704539473802,2.92512118584361
Net flux,(1-G)_Met,0*Met.x -> Met,38.9082829186757,4.24544310165196
Net flux,(1-G)_SAM,0*SAM.x -> SAM,32.2731996181949,4.08091200729686
Net flux,meTHFSink,meTHF -> Sink,99.9999999999999,0
Net flux,FmTHFSink,FmTHF -> Sink,100,0
Net flux,MetSink,Met -> Sink,100,0
Net flux,SAMsink,SAM -> Sink,100,0
Net flux,Met-protein,Met.c -> Protein,6.51983996113883e-15,0
Net flux,GLY-protein,GLY.c -> Protein,9.99998173156769e-08,3.43184147849138e-13
Net flux,SER-protein,SER.c -> Protein,0.554796578178888,1.55104467229282
Pool,2PG pool,,0,0
Pool,2PG.p pool,,9.07567887872377e-07,2530.32776987552
Pool,2PG.x pool,,1,Inf
Pool,3PGA pool,,0,0
Pool,3PGA.c pool,,8.97595309323553e-07,2439.24225634565
Pool,3PGA.p pool,,1.01736759025993e-06,2544.74906474208
Pool,3PGA.x pool,,1,Inf
Pool,ACA pool,,4.11596177044401e-07,2458.63595017185
Pool,ADPG pool,,0,0
Pool,ADPG.p pool,,9.9999999999999e-08,Inf
Pool,ADPG.x pool,,1,Inf
Pool,AKG pool,,9.21285524759543e-07,2385.95481635974
Pool,ALA pool,,0,0
Pool,ALA.c pool,,0.00536718126468031,0.00153859423023958
Pool,ALA.x pool,,1,Inf
Pool,ASN pool,,7566.06818650373,2543.20855688817
Pool,ASP pool,,0.00060423620623863,0.00997492689931035
Pool,Acceptor.c pool,,1,Inf
Pool,CIT pool,,3.24934217808099,1.69276916951266
Pool,CO2 pool,,0.196512677834231,0.148388960692494
Pool,CO2.t pool,,1,Inf
Pool,E4P.p pool,,0,0
Pool,EC2 pool,,0,0
Pool,F6P pool,,0,0
Pool,F6P.c pool,,3.82974896171354e-06,2428.06929469556
Pool,F6P.p pool,,6.21429233793952e-07,2400.78336347489
Pool,F6P.x pool,,1,Inf
Pool,FBP pool,,0,0
Pool,FBP.c pool,,3.77336647478057e-06,2536.40136589596
Pool,FBP.p pool,,5.18834820868587e-07,2562.33282324171
Pool,FBP.x pool,,1,Inf
Pool,FmTHF pool,,1.09949461189645e-07,2614.53762373262
Pool,FmTHF.c pool,,1e-07,0
Pool,FmTHF.x pool,,1,Inf
Pool,G6P pool,,0,0
Pool,G6P.c pool,,9.87595256013495e-06,2605.93398366989
Pool,G6P.p pool,,2.86299145540513e-06,2537.59310368551
Pool,G6P.x pool,,1,Inf
Pool,GA pool,,0,0
Pool,GA.p pool,,5.66718918272298e-06,2482.69796257876
Pool,GA.x pool,,1,Inf
Pool,GLN pool,,8.83867754925192,2375.26682110171
Pool,GLU pool,,9.21287116907216e-07,2356.46849064067
Pool,GLY pool,,0,0
Pool,GLY.c pool,,0.31454864478133,0.135933511123466
Pool,GLY.m pool,,0.419710080293832,0.0981525756639913
Pool,GLY.p pool,,0.000420919507200268,2593.30716578272
Pool,GLY.x pool,,1,Inf
Pool,Glyc pool,,7.75648113399397,1.72960917182323
Pool,Glyc.p pool,,9.47923588142746e-07,2568.76061945535
Pool,Glyc.x pool,,1,Inf
Pool,Glyx pool,,8.00405825218442,3.31443420606167
Pool,Glyx.p pool,,1.37140875088628e-06,2350.60663202889
Pool,Glyx.x pool,,1,Inf
Pool,HPA pool,,0.000199569189091297,2475.25003332866
Pool,HPA.p pool,,4.26914797236285e-06,2533.13135111127
Pool,HPA.x pool,,1,Inf
Pool,Hcy.c pool,,1,Inf
Pool,ICI pool,,0.00318908562601877,2548.96259409208
Pool,MAL pool,,0.519032385951415,0.181232803899091
Pool,Met pool,,1.10249594217726e-05,2308.81628697073
Pool,Met.c pool,,1e-07,0
Pool,Met.x pool,,1,Inf
Pool,OAA pool,,0.106678776154169,0.0248211565149913
Pool,P5P pool,,0,0
Pool,PEP pool,,0,0
Pool,PEP.c pool,,6.93793231839102e-07,2548.6579652974
Pool,PEP.x pool,,1,Inf
Pool,PRO pool,,5.39499464928378,2611.28997664042
Pool,PYR pool,,1.06679229233071e-07,2484.75800567792
Pool,PYR.c pool,,0.00594396844034897,0.00152170872833899
Pool,PYR.x pool,,1,Inf
Pool,Protein pool,,1,Inf
Pool,R5P pool,,0,0
Pool,R5P.p pool,,5.8700034292868e-07,2574.21144301148
Pool,R5P.x pool,,1,Inf
Pool,RU5P.p pool,,5.88820298375206e-07,2539.1075321591
Pool,RU5P.x pool,,1,Inf
Pool,RUBP pool,,0,0
Pool,RUBP.p pool,,5.7458737461762e-07,2455.86797739711
Pool,RUBP.x pool,,1,Inf
Pool,S6P pool,,1,Inf
Pool,S7P pool,,0,0
Pool,S7P.p pool,,4.09041746261426e-07,2404.38572933832
Pool,S7P.x pool,,1,Inf
Pool,SAH.c pool,,1,Inf
Pool,SAM pool,,2.24681312544545,195.478879383912
Pool,SAM.c pool,,0.0161282631605324,1.49146957196641
Pool,SAM.x pool,,1,Inf
Pool,SBP pool,,0,0
Pool,SER pool,,0,0
Pool,SER.c pool,,1.00000000002876e-07,0
Pool,SER.m pool,,0.954876507493997,0.110932814157903
Pool,SER.p pool,,0.000132380255875012,2465.71334461781
Pool,SER.x pool,,1,Inf
Pool,Sink pool,,1,Inf
Pool,Starch pool,,1,Inf
Pool,THR pool,,3889.74215714928,2465.21574844378
Pool,TP pool,,0,0
Pool,TP.c pool,,4.11981107344399e-06,2568.83917624354
Pool,TP.p pool,,9.82648342016264e-07,2488.90741476796
Pool,TP.x pool,,1,Inf
Pool,UDPG pool,,0,0
Pool,UDPG.c pool,,6975.48218478821,2583.22376195814
Pool,UDPG.x pool,,1,Inf
Pool,X5P.p pool,,5.89422991151353e-07,2350.11053817866
Pool,dummy pool,,1,Inf
Pool,dummyGLY pool,,1,Inf
Pool,dummySER pool,,1,Inf
Pool,meTHF pool,,0.410868238540024,0.914990048457371
Pool,meTHF.c pool,,1e-07,0
Pool,meTHF.x pool,,1,Inf
Pool,myTHF.m pool,,1.00000000002876e-07,0
Pool,outSER pool,,1,Inf
Norm,Experiment1 Glyc205 #1 norm,,0.979539773573596,0.0127717068687122
Norm,Experiment1 Glyc205 #2 norm,,0.950355184386122,0.0216898651404831
Norm,Experiment1 Glyc205 #3 norm,,0.984772878319222,0.0195380579465052
Norm,Experiment1 Glyc205 #4 norm,,0.991191322146466,0.0319647050527675
Norm,Experiment1 Glyc205 #5 norm,,1.01540352037864,0.0358379709841294
Norm,Experiment1 Glyc205 #6 norm,,1.00903202522104,0.0270719373613265
Norm,Experiment1 Glyc205 #7 norm,,1.00927882931788,0.0385691186969589
Norm,Experiment1 Glyc205 #8 norm,,0.981497313042265,0.0293831516022756
Norm,Experiment1 Glyx160 #1 norm,,0.988732828658588,0.0107847700066768
Norm,Experiment1 Glyx160 #2 norm,,0.979688439051654,0.01369678037056
Norm,Experiment1 Glyx160 #3 norm,,0.962583741462321,0.017816093987525
Norm,Experiment1 Glyx160 #4 norm,,1.02024673332617,0.0170256405048605
Norm,Experiment1 Glyx160 #5 norm,,0.952288267380977,0.0346068529538458
Norm,Experiment1 Glyx160 #6 norm,,1.00978380147095,0.019484497857431
Norm,Experiment1 Glyx160 #7 norm,,0.941765081142142,0.0382668980104881
Norm,Experiment1 Glyx160 #8 norm,,1.01126757655795,0.0358592800026269
Norm,Experiment1 GLY276 #1 norm,,1.02246125331101,0.010405352852495
Norm,Experiment1 GLY276 #2 norm,,0.981403809641738,0.0224923335383576
Norm,Experiment1 GLY276 #3 norm,,1.04820979488394,0.0473286384215781
Norm,Experiment1 GLY276 #4 norm,,0.973394770254421,0.0613549936406065
Norm,Experiment1 GLY276 #5 norm,,0.963271340111447,0.11276737275478
Norm,Experiment1 GLY276 #6 norm,,0.899443292260021,0.0869459561942721
Norm,Experiment1 GLY276 #7 norm,,1.04450248646216,0.0660238717048624
Norm,Experiment1 GLY276 #8 norm,,0.974041523778223,0.0793305383426821
Norm,Experiment1 HPA262 #1 norm,,1.00980001062555,0.0108236211031431
Norm,Experiment1 HPA262 #2 norm,,1.00005860183678,0.0293896855133967
Norm,Experiment1 HPA262 #3 norm,,0.980416640482836,0.0131520341138983
Norm,Experiment1 HPA262 #4 norm,,0.939354936080281,0.0334716470220281
Norm,Experiment1 HPA262 #5 norm,,0.926868923665855,0.0230942419910474
Norm,Experiment1 HPA262 #6 norm,,0.957791061243582,0.0309685785296374
Norm,Experiment1 HPA262 #7 norm,,0.963647627136702,0.0234446054691671
Norm,Experiment1 HPA262 #8 norm,,1.02508816528629,0.0239082755746333
Norm,Experiment1 GA307 #1 norm,,0.966363699644273,0.0119480836456574
Norm,Experiment1 GA307 #2 norm,,0.959711428085046,0.0304846155701208
Norm,Experiment1 GA307 #3 norm,,0.985564426265696,0.0316946409313243
Norm,Experiment1 GA307 #4 norm,,1.00340091978177,0.0199302809045042
Norm,Experiment1 GA307 #5 norm,,1.0365543126733,0.0590676937130017
Norm,Experiment1 GA307 #6 norm,,1.01122339520273,0.0415998651141702
Norm,Experiment1 GA307 #7 norm,,0.962403817104283,0.0411273131046312
Norm,Experiment1 GA307 #8 norm,,0.98776502131818,0.0358757729447916
Norm,Experiment1 SER306 #1 norm,,0.979925565803144,0.0141826254686967
Norm,Experiment1 SER306 #2 norm,,0.956422569626434,0.0154772864331468
Norm,Experiment1 SER306 #3 norm,,0.951155324996039,0.0400268752401915
Norm,Experiment1 SER306 #4 norm,,1.01407473249637,0.0431732846441621
Norm,Experiment1 SER306 #5 norm,,1.00764515170553,0.0911700194181938
Norm,Experiment1 SER306 #6 norm,,0.987576496282967,0.0674424257096994
Norm,Experiment1 SER306 #7 norm,,1.01559027082585,0.0454722654585259
Norm,Experiment1 SER306 #8 norm,,0.978744156058861,0.0503113067217811
Norm,Experiment1 meTHF #1 norm,,0.996223175405137,0.0100899982464788
Norm,Experiment1 meTHF #2 norm,,1.01474705785171,0.0101109323086916
Norm,Experiment1 meTHF #3 norm,,0.876578195038006,0.0571513103038525
Norm,Experiment1 meTHF #4 norm,,1.00180278873778,0.0543299991661951
Norm,Experiment1 meTHF #5 norm,,0.979659156855844,0.0992177019802797
Norm,Experiment1 meTHF #6 norm,,1.01047725956735,0.117965405238927
Norm,Experiment1 meTHF #7 norm,,0.977477360696965,0.0588644708249292
Norm,Experiment1 meTHF #8 norm,,1.02392672323075,0.0907291537562686
Norm,Experiment1 FmTHF #1 norm,,1.00121224494392,0.0100081365165468
Norm,Experiment1 FmTHF #2 norm,,0.987344583483412,0.0224088241511673
Norm,Experiment1 FmTHF #3 norm,,0.971541379963152,0.0309982180835572
Norm,Experiment1 FmTHF #4 norm,,1.01476221187396,0.0239364967157746
Norm,Experiment1 FmTHF #5 norm,,0.937010244533912,0.0579650632722715
Norm,Experiment1 FmTHF #6 norm,,1.00049931582098,0.0645489179550158
Norm,Experiment1 FmTHF #7 norm,,0.989737386981056,0.0521046534029138
Norm,Experiment1 FmTHF #8 norm,,1.1014851364144,0.131826414290459
Norm,Experiment1 Met176 #1 norm,,0.969862683148144,0.0237218635143243
Norm,Experiment1 Met176 #2 norm,,0.866817252549888,0.031855365181981
Norm,Experiment1 Met176 #3 norm,,0.851353276573418,0.0520773097865593
Norm,Experiment1 Met176 #4 norm,,0.978965141228593,0.039098341457301
Norm,Experiment1 Met176 #5 norm,,1.01022326082594,0.0731715553728563
Norm,Experiment1 Met176 #6 norm,,0.962954594300007,0.114462128175891
Norm,Experiment1 Met176 #7 norm,,1.00564011921883,0.130250954767685
Norm,Experiment1 Met176 #8 norm,,0.999228245355696,0.114714953947603
Norm,Experiment1 SAM #1 norm,,0.989418593178907,0.0118733876459234
Norm,Experiment1 SAM #2 norm,,0.981266995062535,0.0119951649925261
Norm,Experiment1 SAM #3 norm,,0.998156553412662,0.0138410944456793
Norm,Experiment1 SAM #4 norm,,1.02195796429081,0.0254894890227748
Norm,Experiment1 SAM #5 norm,,0.9879501376769,0.0403484601791387
Norm,Experiment1 SAM #6 norm,,0.987212702602691,0.0725237398385203
Norm,Experiment1 SAM #7 norm,,1.00213306125697,0.107680189473328
Norm,Experiment1 SAM #8 norm,,0.991804238694792,0.0761363648537277
Norm,Experiment1 CIT465 #1 norm,,1.02223664455372,0.0121083213363093
Norm,Experiment1 CIT465 #2 norm,,1.00356813606863,0.0137879120723172
Norm,Experiment1 CIT465 #3 norm,,0.946256905549834,0.0110332940703156
Norm,Experiment1 CIT465 #4 norm,,1.01409965645123,0.0171892227463761
Norm,Experiment1 CIT465 #5 norm,,0.957288010621374,0.0129581293199692
Norm,Experiment1 CIT465 #6 norm,,0.982130428607847,0.0128532875178341
Norm,Experiment1 CIT465 #7 norm,,0.96919783575908,0.0132000680117241
Norm,Experiment1 CIT465 #8 norm,,1.0425663789454,0.020311163432596
Norm,Experiment1 MAL335 #1 norm,,0.987133762244447,0.0124672490542299
Norm,Experiment1 MAL335 #2 norm,,1.00520505373842,0.011157187775776
Norm,Experiment1 MAL335 #3 norm,,0.990625908490192,0.0103389228615592
Norm,Experiment1 MAL335 #4 norm,,0.96025658962403,0.0141689035577802
Norm,Experiment1 MAL335 #5 norm,,0.972658526474373,0.0137484557618879
Norm,Experiment1 MAL335 #6 norm,,0.993846134783124,0.0140100778581969
Norm,Experiment1 MAL335 #7 norm,,0.923881246016021,0.0197041449173657
Norm,Experiment1 MAL335 #8 norm,,0.985692766275212,0.0358727163958958
Norm,Experiment1 ASP334 #1 norm,,0.933433459562933,0.0216053089432989
Norm,Experiment1 ASP334 #2 norm,,0.95549582936392,0.0298177980619604
Norm,Experiment1 ASP334 #3 norm,,1.02969188630425,0.205594303641985
Norm,Experiment1 ASP334 #4 norm,,0.944214566320616,0.249643043964801
Norm,Experiment1 ASP334 #5 norm,,0.903898135826738,0.218389895463246
Norm,Experiment1 ASP334 #6 norm,,1.00550613153118,0.033346077863085
Norm,Experiment1 ASP334 #7 norm,,0.978075302504669,0.0301102461787739
Norm,Experiment1 ASP334 #8 norm,,0.968760702370866,0.080791448848871
Norm,Experiment1 GLU348 #1 norm,,0.991805473492285,0.0220195525397496
Norm,Experiment1 GLU348 #2 norm,,0.948352170536471,0.0188651271756928
Norm,Experiment1 GLU348 #3 norm,,0.978267223500942,0.0112789677868485
Norm,Experiment1 GLU348 #4 norm,,0.971397344697317,0.035064188685909
Norm,Experiment1 GLU348 #5 norm,,0.951521112992095,0.0220930059006911
Norm,Experiment1 GLU348 #6 norm,,0.987188241673922,0.0128200680064481
Norm,Experiment1 GLU348 #7 norm,,1.01281752183622,0.0155487800058036
Norm,Experiment1 GLU348 #8 norm,,0.975989500832953,0.0215370123583375
Norm,Experiment1 THR320 #1 norm,,0.988440455009662,0.010419991657279
Norm,Experiment1 THR320 #2 norm,,1.03997962399346,0.0150188131755781
Norm,Experiment1 THR320 #3 norm,,0.976182259941021,0.0102397014079783
Norm,Experiment1 THR320 #4 norm,,0.982325160506062,0.0281712509918906
Norm,Experiment1 THR320 #5 norm,,0.97460678777976,0.0208762803922029
Norm,Experiment1 THR320 #6 norm,,1.00316626046895,0.0115815251413358
Norm,Experiment1 THR320 #7 norm,,0.995288506740516,0.014430885981263
Norm,Experiment1 THR320 #8 norm,,0.959069897829403,0.0265856229897179
Norm,Experiment1 ALA116 #1 norm,,0.977984828311835,0.00997117070856646
Norm,Experiment1 ALA116 #2 norm,,1.01465727120315,0.0101728514650117
Norm,Experiment1 ALA116 #3 norm,,0.991494392161683,0.0176459365182734
Norm,Experiment1 ALA116 #4 norm,,1.08099940043055,0.0230239203798132
Norm,Experiment1 ALA116 #5 norm,,0.901311880283126,0.0915044214936524
Norm,Experiment1 ALA116 #6 norm,,0.984600905448113,0.0857236485225563
Norm,Experiment1 ALA116 #7 norm,,1.01624892539569,0.062163426621216
Norm,Experiment1 ALA116 #8 norm,,0.963669444053404,0.126509495168154
Norm,Experiment1 PYR #1 norm,,0.975779306242753,0.0170746866049458
Norm,Experiment1 PYR #2 norm,,0.881468605105034,0.0391261294284627
Norm,Experiment1 PYR #3 norm,,0.9204611095449,0.0892417362581809
Norm,Experiment1 PYR #4 norm,,1.05752609871472,0.0446891318085538
Norm,Experiment1 PYR #5 norm,,1.02674702054454,0.0592590738971515
Norm,Experiment1 PYR #6 norm,,1.04524490859396,0.0602551046536364
Norm,Experiment1 PYR #7 norm,,1.00234567001525,0.10165370054537
Norm,Experiment1 PYR #8 norm,,0.979783988837339,0.0626949487723543
