type,id,eqn,val,std
Net flux,CO2.t,CO2.t -> CO2,50.2878128942562,1.11282945031405
Net flux,CO2_sink,dummy -> Sink,50.2878128942561,1.11282945031405
Net flux,RUBICSO_CO2,RUBP.p + CO2 -> 3PGA.p + 3PGA.p + dummy,60.8596272239179,1.21989322425825
Net flux,GAPDH.p net,3PGA.p <-> TP.p,142.387351571113,2.65640028945953
Exch flux,GAPDH.p exch,3PGA.p <-> TP.p,1.0000000116861e-07,0
Net flux,ALD,TP.p + E4P.p -> SBP,26.275575386699,0.490264647961914
Net flux,SBP,SBP -> S7P.p,26.275575386699,0.490264647961914
Net flux,FBA.p net,TP.p + TP.p <-> FBP.p,30.4072827478994,0.639610260029331
Exch flux,FBA.p exch,TP.p + TP.p <-> FBP.p,31465.3306589968,358.285572503405
Net flux,PFK.p net,FBP.p <-> F6P.p,30.4072827479031,0.639610260029331
Exch flux,PFK.p exch,FBP.p <-> F6P.p,26761.6319628562,608.26574727737
Net flux,TK1 net,TP.p + EC2 <-> X5P.p,52.5511507733979,0.980529295923828
Exch flux,TK1 exch,TP.p + EC2 <-> X5P.p,62.8584983947147,669.170361547238
Net flux,TK2 net,S7P.p <-> R5P.p + EC2,26.275575386699,0.490264647961914
Exch flux,TK2 exch,S7P.p <-> R5P.p + EC2,37.8023567661389,366.459797075742
Net flux,TK3 net,F6P.p <-> E4P.p + EC2,26.2755753866986,0.490264647961914
Exch flux,TK3 exch,F6P.p <-> E4P.p + EC2,31458.0894447676,512.000234725947
Net flux,PPE net,X5P.p <-> RU5P.p,52.5511507733979,0.980529295923828
Exch flux,PPE exch,X5P.p <-> RU5P.p,136.761045177996,512
Net flux,PPI net,R5P.p <-> RU5P.p,26.275575386699,0.490264647961914
Exch flux,PPI exch,R5P.p <-> RU5P.p,236.739022239584,512.000234725947
Net flux,PRK,RU5P.p -> RUBP.p,78.8267261600971,1.47079394388574
Net flux,RUBISCO_O2,RUBP.p -> 3PGA.p + 2PG.p,17.9670989361792,0.580934864105026
Net flux,GLYdil net,GLY.p <-> GLY.x + dummyGLY,0.00699558763400177,0.00103131001236598
Exch flux,GLYdil exch,GLY.p <-> GLY.x + dummyGLY,0.0493659316993771,512.156491771541
Net flux,SERdil net,SER.p <-> SER.x + dummySER,4.45585768644869,355.57149333167
Exch flux,SERdil exch,SER.p <-> SER.x + dummySER,1.56893963519797,355.544151488695
Net flux,GK,GA.p -> 3PGA.p,2.9937556346583,0.546005193439872
Net flux,PGI.p net,F6P.p <-> G6P.p,4.13170736120331,0.341408076762459
Exch flux,PGI.p exch,F6P.p <-> G6P.p,4.29647180782975,711.368354092751
Net flux,PGM.p,G6P.p -> ADPG.p,4.13170736120332,0.341408076762459
Net flux,Starch,ADPG.p -> Starch,4.1317073612033,0.341408076762459
Net flux,FBA.c net,TP.c + TP.c <-> FBP.c,1.37302995760548,0.202416096659226
Exch flux,FBA.c exch,TP.c + TP.c <-> FBP.c,20.9540289763368,560.542931725782
Net flux,PFK.c net,FBP.c <-> F6P.c,1.37302995760549,0.202416096659226
Exch flux,PFK.c exch,FBP.c <-> F6P.c,5.60708217720749,532.622029144989
Net flux,PGI.c net,F6P.c <-> G6P.c,0.686514978802762,0.101208048329613
Exch flux,PGI.c exch,F6P.c <-> G6P.c,227.547372408195,663.735707925493
Net flux,PGM.c net,G6P.c <-> UDPG.c,0.686514978799096,0.101208048329613
Exch flux,PGM.c exch,G6P.c <-> UDPG.c,48481.4395435793,667.547702862264
Net flux,SPS,F6P.c + UDPG.c -> S6P,0.686514978802709,0.101208048329613
Net flux,PGAM.c net,3PGA.c <-> PEP.c,0.292757447560956,0.0431591601196263
Exch flux,PGAM.c exch,3PGA.c <-> PEP.c,2.8255464684359,618.337207337299
Net flux,PK.c,PEP.c -> PYR.c,0.132888704446863,0.019590841921194
Net flux,PDH,PYR.c + dummy -> ACA + CO2,0.110597563084826,0.0163046165818838
Net flux,CS,OAA + ACA -> CIT,0.110597563084822,0.0163046165818838
Net flux,ACO net,CIT <-> ICI,0.110597563084866,0.0163046165818838
Exch flux,ACO exch,CIT <-> ICI,1154.94694353428,665.423003053867
Net flux,IDH,ICI + dummy -> AKG + CO2,0.110597563084838,0.0163046165818838
Net flux,MDH net,MAL <-> OAA,2.1316282072803e-14,0
Exch flux,MDH exch,MAL <-> OAA,0.000544457569453982,0.754161600014153
Net flux,PPC,PEP.c + CO2 -> OAA + dummy,0.159868743114067,0.0235683182119119
Net flux,T_3PGA net,3PGA.p <-> 3PGA.c,0.292757447560938,0.0431591601196263
Exch flux,T_3PGA exch,3PGA.p <-> 3PGA.c,7.80976636866054,582.884888378733
Net flux,T_DHAP net,TP.p <-> TP.c,2.746059915211,0.404832193318453
Exch flux,T_DHAP exch,TP.p <-> TP.c,9.99999998363421e-08,0
Net flux,ALT,PYR.c -> ALA.c,0.022291141361664,0.00328622533032384
Net flux,ASPT,OAA -> ASP,0.0492711800287704,0.00726370163002811
Net flux,GLUDH,AKG -> GLU,0.110597563084815,0.0163046165818838
Net flux,PCR net,GLU <-> PRO,-2.48689957516035e-14,0
Exch flux,PCR exch,GLU <-> PRO,0.0974317577379331,669.925877908402
Net flux,GS net,GLU <-> GLN,0,0
Exch flux,GS exch,GLU <-> GLN,0.0976566890649195,618.660746065616
Net flux,TS net,ASP <-> THR,0,0
Exch flux,TS exch,ASP <-> THR,0.0108329416833115,361.761467381198
Net flux,AS net,ASP <-> ASN,1.06581410364015e-14,0
Exch flux,AS exch,ASP <-> ASN,0.010590211373021,361.760983319997
Net flux,G_3PGA.p,0*3PGA.p -> 3PGA,2.46866295583459e-06,856.662220140366
Net flux,G_3PGA.c,0*3PGA.c -> 3PGA,92.9119081393414,619.245605535
Net flux,G_DHAP.p,0*TP.p -> TP,40.685379842242,856.214226978314
Net flux,G_DHAP.c,0*TP.c -> TP,51.8471856996947,596.509161698503
Net flux,G_F6P.p,0*F6P.p -> F6P,48.6686345030749,838.361857786841
Net flux,G_F6P.c,0*F6P.c -> F6P,36.546576817712,597.156766685582
Net flux,G_FBP.p,0*FBP.p -> FBP,2.46866127895373e-06,855.615415627288
Net flux,G_FBP.c,0*FBP.c -> FBP,83.4512310487171,610.920880092431
Net flux,G_G6P.p,0*G6P.p -> G6P,19.0549768397257,850.762425408841
Net flux,G_G6P.c,0*G6P.c -> G6P,58.8549499993083,590.19580679758
Net flux,G_RU5P.p,0*RU5P.p -> P5P,2.46865369746274e-06,824.859861231542
Net flux,G_X5P.p,0*X5P.p -> P5P,92.8477691494946,594.753100014275
Net flux,G_R5P.p,0*R5P.p -> R5P,82.2810779884949,626.179914655751
Net flux,G_GA.p,0*GA.p -> GA,37.7953386762878,1.54162220960691
Net flux,G_SER.p,0*SER.p -> SER,99.9997802196787,651.093449895222
Net flux,G_GLY.p,0*GLY.p -> GLY,61.672109470406,935.087337689461
Net flux,G_RUBP.p,0*RUBP.p -> RUBP,92.5302752673063,684.788017440645
Net flux,G_S7P.p,0*S7P.p -> S7P,98.4567310636212,611.549303814137
Net flux,G_2PG.p,0*2PG.p -> 2PG,87.0427532706349,614.491970562957
Net flux,G_ADPG.p,0*ADPG.p -> ADPG,95.0805622183377,641.965206912962
Net flux,G_PEP.c,0*PEP.c -> PEP,89.2305410445615,606.997657327434
Net flux,G_UDPG.c,0*UDPG.c -> UDPG,72.4268033045549,619.912035568546
Net flux,G_ALA.c,0*ALA.c -> ALA,68.0525243708277,4.39567389998893
Net flux,(1-G)_GA,0*GA.x -> GA,62.2046613237142,1.54162220960691
Net flux,(1-G)_SER,0*SER.x -> SER,1.0000000116861e-07,0
Net flux,(1-G)_GLY,0*GLY.x -> GLY,38.3152927733432,2.18137294899443
Net flux,(1-G)_R5P,0*R5P.x -> R5P,17.718922011502,626.179914655751
Net flux,(1-G)_RUBP,0*RUBP.x -> RUBP,7.46972473269241,684.788017440645
Net flux,(1-G)_3PGA,0*3PGA.x -> 3PGA,7.08808939199593,623.52889869625
Net flux,(1-G)_TP,0*TP.x -> TP,7.46743445806383,606.107455096572
Net flux,(1-G)_F6P,0*F6P.x -> F6P,14.7847886792169,624.695508094124
Net flux,(1-G)_FBP,0*FBP.x -> FBP,16.5487664826163,601.072454775901
Net flux,(1-G)_G6P,0*G6P.x -> G6P,22.0900731609643,624.90543100425
Net flux,(1-G)_RU5P,0*RU5P.x -> P5P,7.15222838185311,610.805405725914
Net flux,(1-G)_S7P,0*S7P.x -> S7P,1.54326893637677,611.549303814137
Net flux,(1-G)_2PG,0*2PG.x -> 2PG,12.9572467293675,614.491970562957
Net flux,(1-G)_ADPG,0*ADPG.x -> ADPG,4.91943778166132,641.965206912962
Net flux,(1-G)_PEP,0*PEP.x -> PEP,10.7694589554367,606.997657327434
Net flux,(1-G)_UDPG,0*UDPG.x -> UDPG,27.5731966954463,619.912035568546
Net flux,(1-G)_ALA,0*ALA.x -> ALA,31.9474756291721,4.39567389998893
Net flux,PGASink,3PGA -> Sink,100,0
Net flux,DHAPSink,TP -> Sink,100.000000000001,0
Net flux,F6PSink,F6P -> Sink,100.000000000004,0
Net flux,FBPSink,FBP -> Sink,99.9999999999947,0
Net flux,G6PSink,G6P -> Sink,99.9999999999983,0
Net flux,P5PSink,P5P -> Sink,100.000000000001,0
Net flux,R5PSink,R5P -> Sink,99.9999999999968,0
Net flux,GASink,GA -> Sink,100.000000000002,0
Net flux,SERSink,SER -> Sink,99.9999999999996,0
Net flux,GLYSink,GLY -> Sink,100.000000000001,0
Net flux,RUBPSink,RUBP -> Sink,99.9999999999987,0
Net flux,S7PSink,S7P -> Sink,99.9999999999979,0
Net flux,2PGSink,2PG -> Sink,100.000000000002,0
Net flux,ADPGSink,ADPG -> Sink,99.999999999999,0
Net flux,PEPSink,PEP -> Sink,99.9999999999983,0
Net flux,UDPGSink,UDPG -> Sink,100.000000000001,0
Net flux,ALASink,ALA -> Sink,99.9999999999998,0
Net flux,S6Pout-LL,S6P + 0.1611*GLU + 0.07177*ASP + 0.03247*ALA.c + 0.01019*dummyGLY + 0.03484*dummySER -> Sink,0.686514978802744,0.101208048329613
Net flux,PGP.p,2PG.p -> Glyc.p,17.9670989361792,0.580934864105026
Net flux,GOX,Glyc.p -> Glyx.p,17.9670989361792,0.580934864105026
Net flux,GGT,Glyx.p -> GLY.p,17.9670989361792,0.580934864105026
Net flux,SGAT,SER.p -> HPA.p,2.99375563465828,0.546005193439872
Net flux,HPR.p,HPA.p -> GA.p,2.99375563465828,0.546005193439872
Net flux,T_GLY-m net,GLY.p <-> GLY.m,17.9449867309741,892.503094110325
Exch flux,T_GLY-m exch,GLY.p <-> GLY.m,45101.1702958633,627.800922999269
Net flux,GDC.m,GLY.m + dummy -> myTHF.m + CO2,10.5104879466051,0.554824092589688
Net flux,T_SER-m net,SER.p <-> SER.m,-10.5104879466051,0.554824092589688
Exch flux,T_SER-m exch,SER.p <-> SER.m,10.2652682032651,56.2456966797792
Net flux,mSHMT,GLY.m + myTHF.m -> SER.m,10.5104879466051,0.554824092589688
Net flux,T_SER-c net,SER.p <-> SER.c,3.06087462549816,355.53903265146
Exch flux,T_SER-c exch,SER.p <-> SER.c,0.0613252829879558,355.564723504412
Net flux,T_Gly-c net,GLY.p <-> GLY.c,0.0151166175779411,892.502904977899
Exch flux,T_Gly-c exch,GLY.p <-> GLY.c,2.65050946901546e-05,620.243828627689
Net flux,cSHMT,SER.c -> GLY.c + meTHF.c,3.06087452549816,355.53903265146
Net flux,FmTHF-reductase net,meTHF.c <-> FmTHF.c,3.06087452549816,355.53903265146
Exch flux,FmTHF-reductase exch,meTHF.c <-> FmTHF.c,5.69505268212658,721.024831046926
Net flux,Met-synthase,FmTHF.c + Hcy.c -> Met.c,3.06087452549814,355.53903265146
Net flux,SAM-synthase,Met.c -> SAM.c,3.06087452549815,355.53903265146
Net flux,Methylation,SAM.c -> SAH.c + Acceptor.c,3.06087452549814,355.53903265146
Net flux,hydrolysis,SAH.c -> Hcy.c,3.06087452549814,355.53903265146
Net flux,G_SER.m,0*SER.m -> SER,0.000219580320866442,651.093449895222
Net flux,G_SER.c,0*SER.c -> SER,1.0000000116861e-07,0
Net flux,G_Gly.m,0*GLY.m -> GLY,0.00010514295037467,643.609190335942
Net flux,G_Gly.c,0*GLY.c -> GLY,0.0124926133017027,645.267463880358
Net flux,T_GLY-c-m,GLY.c -> GLY.m,3.07598916224305,892.503442332018
Net flux,G_Glyc,0*Glyc.p -> Glyc,19.6263491282663,1.10424709499752
Net flux,G_Glyx,0*Glyx.p -> Glyx,13.3728685544412,1.96166528760925
Net flux,G_HPA,0*HPA.p -> HPA,5.67246663986901,1.40204567000786
Net flux,(1-G)_Glyc,0*Glyc.x -> Glyc,80.3736508717343,1.10424709499752
Net flux,(1-G)_Glyx,0*Glyx.x -> Glyx,86.6271314455597,1.96166528760925
Net flux,(1-G)_HPA,0*HPA.x -> HPA,94.3275333601309,1.40204567000786
Net flux,GlycSink,Glyc -> Sink,100.000000000001,0
Net flux,GlyxSink,Glyx -> Sink,100.000000000001,0
Net flux,HPASink,HPA -> Sink,99.9999999999998,0
Net flux,SERex,dummySER -> outSER,4.43193730361986,355.571498098681
Net flux,G_PYR,0*PYR.c -> PYR,32.4530031572491,2.03420123987314
Net flux,(1-G)_PYR,0*PYR.x -> PYR,67.5469968427511,2.03420123987314
Net flux,PYRSink,PYR -> Sink,100,0
Net flux,G_meTHF,0*meTHF.c -> meTHF,93.6720811360024,3.7478547058487
Net flux,G_FmTHF,0*FmTHF.c -> FmTHF,78.7549355727992,2.83732155397504
Net flux,G_Met,0*Met.c -> Met,63.1751401540986,3.87920506344449
Net flux,G_SAM,0*SAM.c -> SAM,67.5175729698795,3.95776000205783
Net flux,(1-G)_meTHF,0*meTHF.x -> meTHF,6.32791886399762,3.7478547058487
Net flux,(1-G)_FmTHF,0*FmTHF.x -> FmTHF,21.2450644272009,2.83732155397504
Net flux,(1-G)_Met,0*Met.x -> Met,36.8248598459015,3.87920506344449
Net flux,(1-G)_SAM,0*SAM.x -> SAM,32.4824270301205,3.95776000205783
Net flux,meTHFSink,meTHF -> Sink,99.9999999999999,0
Net flux,FmTHFSink,FmTHF -> Sink,100,0
Net flux,MetSink,Met -> Sink,100,0
Net flux,SAMsink,SAM -> Sink,100,0
Net flux,Met-protein,Met.c -> Protein,6.51983996113883e-15,0
Net flux,GLY-protein,GLY.c -> Protein,1.980833078008e-06,355.577215989608
Net flux,SER-protein,SER.c -> Protein,1.0000000116861e-07,1.40937703167269e-13
Pool,2PG pool,,0,0
Pool,2PG.p pool,,3.81985830341423e-06,611.327716902035
Pool,2PG.x pool,,1,Inf
Pool,3PGA pool,,0,0
Pool,3PGA.c pool,,1.48283374398018e-05,613.226891904509
Pool,3PGA.p pool,,4.08746946741531e-06,645.261050089649
Pool,3PGA.x pool,,1,Inf
Pool,ACA pool,,2.72078828993933e-06,620.032569803251
Pool,ADPG pool,,0,0
Pool,ADPG.p pool,,9.9999999999999e-08,Inf
Pool,ADPG.x pool,,1,Inf
Pool,AKG pool,,2.73416980681529e-06,590.231606697289
Pool,ALA pool,,0,0
Pool,ALA.c pool,,0.00448018782144926,0.00119600295359196
Pool,ALA.x pool,,1,Inf
Pool,ASN pool,,7566.042543056,606.862530414426
Pool,ASP pool,,1.82737736347817e-05,608.394028445269
Pool,Acceptor.c pool,,1,Inf
Pool,CIT pool,,3.65436814995145,3.12206992139093
Pool,CO2 pool,,0.00028043180581327,641.113986813432
Pool,CO2.t pool,,1,Inf
Pool,E4P.p pool,,0,0
Pool,EC2 pool,,0,0
Pool,F6P pool,,0,0
Pool,F6P.c pool,,3.82968303443597e-06,619.770503718913
Pool,F6P.p pool,,4.04328896151223e-06,644.606259930584
Pool,F6P.x pool,,1,Inf
Pool,FBP pool,,0,0
Pool,FBP.c pool,,3.82964425073331e-06,646.509633403015
Pool,FBP.p pool,,3.92976475511284e-06,608.377080499226
Pool,FBP.x pool,,1,Inf
Pool,FmTHF pool,,0.310777490798752,618.822103841857
Pool,FmTHF.c pool,,2.66356160551987e-06,650.1749195271
Pool,FmTHF.x pool,,1,Inf
Pool,G6P pool,,0,0
Pool,G6P.c pool,,9.87470110291157e-06,600.73942003632
Pool,G6P.p pool,,3.8811234815672e-06,625.395470079431
Pool,G6P.x pool,,1,Inf
Pool,GA pool,,0,0
Pool,GA.p pool,,4.26494509561433e-06,611.759993702178
Pool,GA.x pool,,1,Inf
Pool,GLN pool,,8.84933752654793,606.921114900612
Pool,GLU pool,,2.73353842209409e-06,622.7916047238
Pool,GLY pool,,0,0
Pool,GLY.c pool,,0.303765429881671,34.9104727504484
Pool,GLY.m pool,,1.172346198816,0.124171806182887
Pool,GLY.p pool,,0.000425359555925461,601.863872129132
Pool,GLY.x pool,,1,Inf
Pool,Glyc pool,,3.19412978061197,0.788420301315537
Pool,Glyc.p pool,,2.29594128283838e-05,636.468352675196
Pool,Glyc.x pool,,1,Inf
Pool,Glyx pool,,15.8844360860805,6.09505347958256
Pool,Glyx.p pool,,3.52813749798552e-05,641.665544105289
Pool,Glyx.x pool,,1,Inf
Pool,HPA pool,,0.000179215806606078,679.29287226526
Pool,HPA.p pool,,3.18854448944247e-06,644.460607694187
Pool,HPA.x pool,,1,Inf
Pool,Hcy.c pool,,1,Inf
Pool,ICI pool,,0.00371528044461255,612.687685771399
Pool,MAL pool,,0.00192519337690794,2.66378635589254
Pool,Met pool,,0.00815377660861643,668.050472722598
Pool,Met.c pool,,2.68303580402263e-06,657.854178496067
Pool,Met.x pool,,1,Inf
Pool,OAA pool,,0.133955409897433,0.0350340437551919
Pool,P5P pool,,0,0
Pool,PEP pool,,0,0
Pool,PEP.c pool,,5.16323646661736e-06,651.895145987933
Pool,PEP.x pool,,1,Inf
Pool,PRO pool,,5.40561780546168,595.263189962963
Pool,PYR pool,,0.0789849612822356,665.873638132941
Pool,PYR.c pool,,0.00957479069986395,0.00229199967162226
Pool,PYR.x pool,,1,Inf
Pool,Protein pool,,1,Inf
Pool,R5P pool,,0,0
Pool,R5P.p pool,,4.57041050313883e-05,639.911060353645
Pool,R5P.x pool,,1,Inf
Pool,RU5P.p pool,,3.93262050603955e-06,624.814639820239
Pool,RU5P.x pool,,1,Inf
Pool,RUBP pool,,0,0
Pool,RUBP.p pool,,3.95253404973297e-06,647.294048848515
Pool,RUBP.x pool,,1,Inf
Pool,S6P pool,,1,Inf
Pool,S7P pool,,0,0
Pool,S7P.p pool,,4.21837076179759e-06,584.547332926895
Pool,S7P.x pool,,1,Inf
Pool,SAH.c pool,,1,Inf
Pool,SAM pool,,4.0137569448262,1.35537318511117
Pool,SAM.c pool,,2.73981873870755e-06,635.238858686183
Pool,SAM.x pool,,1,Inf
Pool,SBP pool,,0,0
Pool,SER pool,,0,0
Pool,SER.c pool,,1.00000000002876e-07,0
Pool,SER.m pool,,0.667704961683305,0.0886197028273676
Pool,SER.p pool,,1.00000000002876e-07,0
Pool,SER.x pool,,1,Inf
Pool,Sink pool,,1,Inf
Pool,Starch pool,,1,Inf
Pool,THR pool,,3873.9407516766,640.220352717348
Pool,TP pool,,0,0
Pool,TP.c pool,,4.1876129837114e-06,634.602446116266
Pool,TP.p pool,,4.25911184592939e-06,639.513254064051
Pool,TP.x pool,,1,Inf
Pool,UDPG pool,,0,0
Pool,UDPG.c pool,,0.122275634757703,634.909959568877
Pool,UDPG.x pool,,1,Inf
Pool,X5P.p pool,,4.04896573765759e-06,628.637240607579
Pool,dummy pool,,1,Inf
Pool,dummyGLY pool,,1,Inf
Pool,dummySER pool,,1,Inf
Pool,meTHF pool,,0.465577318134193,0.89660655238897
Pool,meTHF.c pool,,2.66477999863254e-06,609.88091438206
Pool,meTHF.x pool,,1,Inf
Pool,myTHF.m pool,,1.00000000002876e-07,0
Pool,outSER pool,,1,Inf
Norm,Experiment1 Glyc205 #1 norm,,0.997212346724521,0.0130795064895218
Norm,Experiment1 Glyc205 #2 norm,,1.03554585456692,0.0255831417382169
Norm,Experiment1 Glyc205 #3 norm,,0.964547913691005,0.0209467139078662
Norm,Experiment1 Glyc205 #4 norm,,0.979716812996196,0.0300617485445498
Norm,Experiment1 Glyc205 #5 norm,,1.08430027074499,0.0373541190586153
Norm,Experiment1 Glyc205 #6 norm,,0.987360067795452,0.0273987308500499
Norm,Experiment1 Glyc205 #7 norm,,0.980673774058034,0.0352008083639473
Norm,Experiment1 Glyc205 #8 norm,,0.969625164748455,0.0292633901808107
Norm,Experiment1 Glyx160 #1 norm,,1.0071885343542,0.0111772729936242
Norm,Experiment1 Glyx160 #2 norm,,0.980092805432637,0.0132099851529306
Norm,Experiment1 Glyx160 #3 norm,,0.970158429846923,0.0177509550423226
Norm,Experiment1 Glyx160 #4 norm,,1.00591692886532,0.0158991946015176
Norm,Experiment1 Glyx160 #5 norm,,0.961771574753926,0.0347745683862037
Norm,Experiment1 Glyx160 #6 norm,,1.00425240845044,0.0199886203244942
Norm,Experiment1 Glyx160 #7 norm,,0.988503495707222,0.0395816318768251
Norm,Experiment1 Glyx160 #8 norm,,0.992611231146789,0.0374747026875418
Norm,Experiment1 GLY276 #1 norm,,0.988800170707873,0.0100125961371101
Norm,Experiment1 GLY276 #2 norm,,1.01095841318401,0.0208984037764279
Norm,Experiment1 GLY276 #3 norm,,1.1067945466406,0.0477188653018556
Norm,Experiment1 GLY276 #4 norm,,1.04535225001535,0.0639187220692883
Norm,Experiment1 GLY276 #5 norm,,1.00127344833761,0.125233635506415
Norm,Experiment1 GLY276 #6 norm,,0.867149127727779,0.0791446103005609
Norm,Experiment1 GLY276 #7 norm,,1.04116983759617,0.0691851262333546
Norm,Experiment1 GLY276 #8 norm,,1.03029061831747,0.0686574467373374
Norm,Experiment1 HPA262 #1 norm,,0.992629730826916,0.0109261934971257
Norm,Experiment1 HPA262 #2 norm,,0.967539958339205,0.0260058663217036
Norm,Experiment1 HPA262 #3 norm,,0.9509983621471,0.0125862826012481
Norm,Experiment1 HPA262 #4 norm,,0.958901129204341,0.0356135524603242
Norm,Experiment1 HPA262 #5 norm,,0.905823779822539,0.0236950669507407
Norm,Experiment1 HPA262 #6 norm,,0.974638331291343,0.0356653633422463
Norm,Experiment1 HPA262 #7 norm,,0.969630867867682,0.0248385756002698
Norm,Experiment1 HPA262 #8 norm,,1.04419052068313,0.0248585434612595
Norm,Experiment1 GA307 #1 norm,,1.02291219833321,0.0125021225798633
Norm,Experiment1 GA307 #2 norm,,0.965380509772123,0.0298011650443685
Norm,Experiment1 GA307 #3 norm,,0.937784515475245,0.029335667378589
Norm,Experiment1 GA307 #4 norm,,0.98303940778539,0.0196803916114963
Norm,Experiment1 GA307 #5 norm,,1.00117493390961,0.05684530155969
Norm,Experiment1 GA307 #6 norm,,1.06400392793117,0.0418548961636413
Norm,Experiment1 GA307 #7 norm,,1.00120988559843,0.0427968934290554
Norm,Experiment1 GA307 #8 norm,,0.958341720125369,0.0349965878144027
Norm,Experiment1 SER306 #1 norm,,0.973767212085297,0.013904050825095
Norm,Experiment1 SER306 #2 norm,,0.969381082096989,0.0145363221559283
Norm,Experiment1 SER306 #3 norm,,0.958825743517302,0.040280971725225
Norm,Experiment1 SER306 #4 norm,,0.985142833889953,0.0586351896503212
Norm,Experiment1 SER306 #5 norm,,0.840733673270148,0.0876437898476991
Norm,Experiment1 SER306 #6 norm,,0.820830083190434,0.0535365808424647
Norm,Experiment1 SER306 #7 norm,,1.01776937638852,0.0449519487853027
Norm,Experiment1 SER306 #8 norm,,0.983231904532665,0.0543939798642203
Norm,Experiment1 meTHF #1 norm,,1.03225334229534,0.0104643702011408
Norm,Experiment1 meTHF #2 norm,,1.01378243563561,0.0102780549019725
Norm,Experiment1 meTHF #3 norm,,0.960593245102881,0.0697363788148349
Norm,Experiment1 meTHF #4 norm,,0.990111330133562,0.0522665199952202
Norm,Experiment1 meTHF #5 norm,,0.947625049831769,0.105869616439392
Norm,Experiment1 meTHF #6 norm,,1.00448708171862,0.107559209281756
Norm,Experiment1 meTHF #7 norm,,1.00315653790268,0.0598873479975682
Norm,Experiment1 meTHF #8 norm,,0.942160174101771,0.086424363350435
Norm,Experiment1 FmTHF #1 norm,,1.01373348236528,0.0102723582599326
Norm,Experiment1 FmTHF #2 norm,,1.02051077902532,0.0237604878649962
Norm,Experiment1 FmTHF #3 norm,,0.978782921248745,0.029502623572281
Norm,Experiment1 FmTHF #4 norm,,1.00333607927413,0.0248253004760816
Norm,Experiment1 FmTHF #5 norm,,0.959996414150518,0.0594468371067518
Norm,Experiment1 FmTHF #6 norm,,1.00658214332113,0.0701879917826361
Norm,Experiment1 FmTHF #7 norm,,1.01606322121491,0.0536279714919192
Norm,Experiment1 FmTHF #8 norm,,1.02018846085119,0.0889683925842435
Norm,Experiment1 Met176 #1 norm,,0.933887561324069,0.0233263130853738
Norm,Experiment1 Met176 #2 norm,,0.930866638411125,0.0337544715236873
Norm,Experiment1 Met176 #3 norm,,0.982559946198867,0.0517568259771571
Norm,Experiment1 Met176 #4 norm,,0.934646652174179,0.034739618716864
Norm,Experiment1 Met176 #5 norm,,1.02466307708398,0.090040521467386
Norm,Experiment1 Met176 #6 norm,,1.01172923108406,0.143940043076973
Norm,Experiment1 Met176 #7 norm,,0.999976703400769,0.0969558997113512
Norm,Experiment1 Met176 #8 norm,,0.998204808132903,0.0943840187382683
Norm,Experiment1 SAM #1 norm,,1.01173075670355,0.0120889845341855
Norm,Experiment1 SAM #2 norm,,1.00420884668486,0.012443762674251
Norm,Experiment1 SAM #3 norm,,0.996981867223634,0.0140982374233164
Norm,Experiment1 SAM #4 norm,,1.01538766421184,0.0226001220832172
Norm,Experiment1 SAM #5 norm,,0.972475810181715,0.0389854898053862
Norm,Experiment1 SAM #6 norm,,1.01957094634879,0.0609730985354423
Norm,Experiment1 SAM #7 norm,,1.00253027512671,0.0923669550010796
Norm,Experiment1 SAM #8 norm,,0.998377256313757,0.087095525508053
Norm,Experiment1 CIT465 #1 norm,,0.963238562139115,0.0113887887352978
Norm,Experiment1 CIT465 #2 norm,,0.995924665451546,0.0135021879314051
Norm,Experiment1 CIT465 #3 norm,,1.03654710080691,0.0121357585339536
Norm,Experiment1 CIT465 #4 norm,,0.977021895081573,0.0165333147662356
Norm,Experiment1 CIT465 #5 norm,,0.991430739646257,0.013474899072793
Norm,Experiment1 CIT465 #6 norm,,0.958825827778654,0.0122774912827181
Norm,Experiment1 CIT465 #7 norm,,0.979963405071897,0.0158378179676423
Norm,Experiment1 CIT465 #8 norm,,1.00832677650413,0.026970725521002
Norm,Experiment1 MAL335 #1 norm,,0.975381322517608,0.0122386035734287
Norm,Experiment1 MAL335 #2 norm,,0.962176577058847,0.0107358840218932
Norm,Experiment1 MAL335 #3 norm,,1.00501218041299,0.0105285593022411
Norm,Experiment1 MAL335 #4 norm,,0.982094332537711,0.0144288142103553
Norm,Experiment1 MAL335 #5 norm,,0.949939489704622,0.0135931467019831
Norm,Experiment1 MAL335 #6 norm,,0.984322666977466,0.0131371767903407
Norm,Experiment1 MAL335 #7 norm,,1.0223568729128,0.0302647600512167
Norm,Experiment1 MAL335 #8 norm,,0.970976360726435,0.0375930293940609
Norm,Experiment1 ASP334 #1 norm,,1.04222460369096,0.0245045613782952
Norm,Experiment1 ASP334 #2 norm,,0.968101565411999,0.0290190980212125
Norm,Experiment1 ASP334 #3 norm,,1.00217946816366,0.020327035951196
Norm,Experiment1 ASP334 #4 norm,,0.948557458126357,0.0172052599387316
Norm,Experiment1 ASP334 #5 norm,,1.04168031574091,0.0262395493103013
Norm,Experiment1 ASP334 #6 norm,,0.888376249070494,0.0281201681376185
Norm,Experiment1 ASP334 #7 norm,,0.983397151851114,0.0325058295789179
Norm,Experiment1 ASP334 #8 norm,,0.958848231042333,0.0866515777741097
Norm,Experiment1 GLU348 #1 norm,,1.00491880889296,0.0211883034577834
Norm,Experiment1 GLU348 #2 norm,,0.967157019322948,0.0191732526835994
Norm,Experiment1 GLU348 #3 norm,,0.990832947972292,0.0112183146147622
Norm,Experiment1 GLU348 #4 norm,,0.981103406893701,0.0360861680060521
Norm,Experiment1 GLU348 #5 norm,,0.957727672141526,0.0242344593668267
Norm,Experiment1 GLU348 #6 norm,,1.0269319352448,0.0135241469346737
Norm,Experiment1 GLU348 #7 norm,,0.968373003764921,0.0135148625089607
Norm,Experiment1 GLU348 #8 norm,,0.991593262139185,0.0172904124606824
Norm,Experiment1 THR320 #1 norm,,1.01377256310159,0.0105178177155118
Norm,Experiment1 THR320 #2 norm,,0.97060481351841,0.0143369324032388
Norm,Experiment1 THR320 #3 norm,,1.00798146346284,0.0106231274820397
Norm,Experiment1 THR320 #4 norm,,0.956684403942122,0.0279931585349274
Norm,Experiment1 THR320 #5 norm,,0.950539467476328,0.0200659427702749
Norm,Experiment1 THR320 #6 norm,,0.979293057825355,0.0111993191921063
Norm,Experiment1 THR320 #7 norm,,0.977824436494705,0.0138276762780785
Norm,Experiment1 THR320 #8 norm,,0.891820256954896,0.0236500096705641
Norm,Experiment1 ALA116 #1 norm,,0.984926920154781,0.00996893500992706
Norm,Experiment1 ALA116 #2 norm,,1.02776941327979,0.0105094968132021
Norm,Experiment1 ALA116 #3 norm,,1.02260444464504,0.0188824440407325
Norm,Experiment1 ALA116 #4 norm,,1.0352926357222,0.0218939960992973
Norm,Experiment1 ALA116 #5 norm,,0.89672613405377,0.117228237922705
Norm,Experiment1 ALA116 #6 norm,,0.975510209246423,0.075856614845964
Norm,Experiment1 ALA116 #7 norm,,1.01919584272443,0.0607279607208318
Norm,Experiment1 ALA116 #8 norm,,0.964268978338893,0.084157084335701
Norm,Experiment1 PYR #1 norm,,0.985825666785481,0.0172439773095542
Norm,Experiment1 PYR #2 norm,,1.10483137029617,0.0538305540996006
Norm,Experiment1 PYR #3 norm,,0.906382359330148,0.091525700750538
Norm,Experiment1 PYR #4 norm,,1.07764387477481,0.0430594252142784
Norm,Experiment1 PYR #5 norm,,0.943847449554638,0.0529926478156071
Norm,Experiment1 PYR #6 norm,,1.02398353789523,0.0485889712838484
Norm,Experiment1 PYR #7 norm,,1.00969873444643,0.106743686397579
Norm,Experiment1 PYR #8 norm,,1.00230361804579,0.0593669396126145
