type,id,eqn,val,std
Net flux,CO2.t,CO2.t -> CO2,48.0666211065518,1.12163903991026
Net flux,CO2_sink,dummy -> Sink,48.0666211065518,1.12163903991026
Net flux,RUBICSO_CO2,RUBP.p + CO2 -> 3PGA.p + 3PGA.p + dummy,57.8114787653501,1.20633909173495
Net flux,GAPDH.p net,3PGA.p <-> TP.p,135.056638044891,2.6613196755971
Exch flux,GAPDH.p exch,3PGA.p <-> TP.p,28278.5498500755,1409.19358778232
Net flux,ALD,TP.p + E4P.p -> SBP,25.0324197373357,0.486137735305458
Net flux,SBP,SBP -> S7P.p,25.0324197373357,0.486137735305458
Net flux,FBA.p net,TP.p + TP.p <-> FBP.p,28.4838600359981,0.647298437986995
Exch flux,FBA.p exch,TP.p + TP.p <-> FBP.p,19723.3480433953,1834.58251873989
Net flux,PFK.p net,FBP.p <-> F6P.p,28.4838600360012,0.647298437986995
Exch flux,PFK.p exch,FBP.p <-> F6P.p,1.00005976833017e-07,5.65365157464587e-16
Net flux,TK1 net,TP.p + EC2 <-> X5P.p,50.0648394746714,0.972275470610917
Exch flux,TK1 exch,TP.p + EC2 <-> X5P.p,691.986610268983,2882.75697172098
Net flux,TK2 net,S7P.p <-> R5P.p + EC2,25.0324197373357,0.486137735305458
Exch flux,TK2 exch,S7P.p <-> R5P.p + EC2,37.9838423052654,3835.46621180453
Net flux,TK3 net,F6P.p <-> E4P.p + EC2,25.0324197373347,0.486137735305458
Exch flux,TK3 exch,F6P.p <-> E4P.p + EC2,7448.34365837738,1963.20178559756
Net flux,PPE net,X5P.p <-> RU5P.p,50.0648394746714,0.972275470610917
Exch flux,PPE exch,X5P.p <-> RU5P.p,811.68252869093,3487.11956306669
Net flux,PPI net,R5P.p <-> RU5P.p,25.0324197373358,0.486137735305458
Exch flux,PPI exch,R5P.p <-> RU5P.p,239.811434072666,3612.56373878795
Net flux,PRK,RU5P.p -> RUBP.p,75.0972592120072,1.4584132059304
Net flux,RUBISCO_O2,RUBP.p -> 3PGA.p + 2PG.p,17.2857804466571,0.594834277436453
Net flux,GLYdil net,GLY.p <-> GLY.x + dummyGLY,0.00762125069334019,0.00107031955014801
Exch flux,GLYdil exch,GLY.p <-> GLY.x + dummyGLY,1.0000000116861e-07,0
Net flux,SERdil net,SER.p <-> SER.x + dummySER,0.0260598456137515,0.00365980025010411
Exch flux,SERdil exch,SER.p <-> SER.x + dummySER,1.57787082457669,0.793083447919872
Net flux,GK,GA.p -> 3PGA.p,2.4668408080328,0.624485637854528
Net flux,PGI.p net,F6P.p <-> G6P.p,3.45144029866671,0.352237433678435
Exch flux,PGI.p exch,F6P.p <-> G6P.p,3.713980497847,3542.72546066075
Net flux,PGM.p,G6P.p -> ADPG.p,3.45144029866669,0.352237433678435
Net flux,Starch,ADPG.p -> Starch,3.45144029866667,0.352237433678435
Net flux,FBA.c net,TP.c + TP.c <-> FBP.c,1.49582938044115,0.210072532090062
Exch flux,FBA.c exch,TP.c + TP.c <-> FBP.c,27.002760138374,2936.73838899818
Net flux,PFK.c net,FBP.c <-> F6P.c,1.49582938044114,0.210072532090062
Exch flux,PFK.c exch,FBP.c <-> F6P.c,12.6137373202357,21.3031623543672
Net flux,PGI.c net,F6P.c <-> G6P.c,0.747914690220597,0.105036266045031
Exch flux,PGI.c exch,F6P.c <-> G6P.c,232.821857779092,4096.16437130492
Net flux,PGM.c net,G6P.c <-> UDPG.c,0.747914690218749,0.105036266045031
Exch flux,PGM.c exch,G6P.c <-> UDPG.c,48482.7822312,3108.5513531588
Net flux,SPS,F6P.c + UDPG.c -> S6P,0.747914690220547,0.105036266045031
Net flux,PGAM.c net,3PGA.c <-> PEP.c,0.318940740497192,0.044791665228782
Exch flux,PGAM.c exch,3PGA.c <-> PEP.c,0.010624660240675,3919.78101562487
Net flux,PK.c,PEP.c -> PYR.c,0.144773846585938,0.0203318699830931
Net flux,PDH,PYR.c + dummy -> ACA + CO2,0.120489056594514,0.0169213424157452
Net flux,CS,OAA + ACA -> CIT,0.120489056594536,0.0169213424157452
Net flux,ACO net,CIT <-> ICI,0.120489056594579,0.0169213424157452
Exch flux,ACO exch,CIT <-> ICI,1158.58932268756,3773.39652167681
Net flux,IDH,ICI + dummy -> AKG + CO2,0.120489056594518,0.0169213424157452
Net flux,MDH net,MAL <-> OAA,0,0
Exch flux,MDH exch,MAL <-> OAA,0.327144413850554,0.0710247638276553
Net flux,PPC,PEP.c + CO2 -> OAA + dummy,0.174166893911522,0.0244597952866489
Net flux,T_3PGA net,3PGA.p <-> 3PGA.c,0.318940740497169,0.044791665228782
Exch flux,T_3PGA exch,3PGA.p <-> 3PGA.c,1.0000000116861e-07,0
Net flux,T_DHAP net,TP.p <-> TP.c,2.99165876088239,0.420145064180123
Exch flux,T_DHAP exch,TP.p <-> TP.c,7.69655713918504,3.68165748960034
Net flux,ALT,PYR.c -> ALA.c,0.0242847899914678,0.00341052755508697
Net flux,ASPT,OAA -> ASP,0.0536778373171418,0.00753845280333918
Net flux,GLUDH,AKG -> GLU,0.120489056594502,0.0169213424157452
Net flux,PCR net,GLU <-> PRO,3.5527136788005e-14,0
Exch flux,PCR exch,GLU <-> PRO,1.0000000116861e-07,0
Net flux,GS net,GLU <-> GLN,-2.8421709430404e-14,0
Exch flux,GS exch,GLU <-> GLN,1.00040772110788e-07,0
Net flux,TS net,ASP <-> THR,-6.3948846218409e-14,0
Exch flux,TS exch,ASP <-> THR,1.0000000116861e-07,0
Net flux,AS net,ASP <-> ASN,-3.5527136788005e-15,0
Exch flux,AS exch,ASP <-> ASN,1.0000000116861e-07,0
Net flux,G_3PGA.p,0*3PGA.p -> 3PGA,2.46866309794314e-06,5107.31863237141
Net flux,G_3PGA.c,0*3PGA.c -> 3PGA,92.9119081389541,3613.61738292896
Net flux,G_DHAP.p,0*TP.p -> TP,40.6853798422419,4865.93859701707
Net flux,G_DHAP.c,0*TP.c -> TP,51.8471856996948,3404.27535967493
Net flux,G_F6P.p,0*F6P.p -> F6P,48.6686345030749,5334.3865683314
Net flux,G_F6P.c,0*F6P.c -> F6P,36.546576817712,3798.07802888981
Net flux,G_FBP.p,0*FBP.p -> FBP,2.46866142106228e-06,5235.75421930054
Net flux,G_FBP.c,0*FBP.c -> FBP,83.4512310471127,3792.26791419428
Net flux,G_G6P.p,0*G6P.p -> G6P,19.0549768397257,5261.8097461282
Net flux,G_G6P.c,0*G6P.c -> G6P,58.8549499993082,3775.07868589232
Net flux,G_RU5P.p,0*RU5P.p -> P5P,2.46865385378214e-06,4608.09865713639
Net flux,G_X5P.p,0*X5P.p -> P5P,92.8477691507676,2992.92906797746
Net flux,G_R5P.p,0*R5P.p -> R5P,82.281077988495,3588.01285147733
Net flux,G_GA.p,0*GA.p -> GA,42.7079406816146,1.65776601473142
Net flux,G_SER.p,0*SER.p -> SER,99.9818446458983,6270.43111837249
Net flux,G_GLY.p,0*GLY.p -> GLY,9.36767417564691,5.73956033693128
Net flux,G_RUBP.p,0*RUBP.p -> RUBP,92.5302752673063,3669.71807729419
Net flux,G_S7P.p,0*S7P.p -> S7P,98.4567310636212,3525.30582594529
Net flux,G_2PG.p,0*2PG.p -> 2PG,87.0427532706349,3465.38869320414
Net flux,G_ADPG.p,0*ADPG.p -> ADPG,95.0805622183402,3604.73673738285
Net flux,G_PEP.c,0*PEP.c -> PEP,89.2305410445616,3560.51535125678
Net flux,G_UDPG.c,0*UDPG.c -> UDPG,72.4268033045549,3369.99246454864
Net flux,G_ALA.c,0*ALA.c -> ALA,63.499614381881,4.42840379211955
Net flux,(1-G)_GA,0*GA.x -> GA,57.2920593183874,1.65776601473142
Net flux,(1-G)_SER,0*SER.x -> SER,0.00713508840427579,3642.81705089952
Net flux,(1-G)_GLY,0*GLY.x -> GLY,24.47691958714,3.18717666393012
Net flux,(1-G)_R5P,0*R5P.x -> R5P,17.718922011502,3588.01285147733
Net flux,(1-G)_RUBP,0*RUBP.x -> RUBP,7.46972473269241,3669.71807729419
Net flux,(1-G)_3PGA,0*3PGA.x -> 3PGA,7.08808939238313,3500.87645450956
Net flux,(1-G)_TP,0*TP.x -> TP,7.46743445806383,3572.83874802277
Net flux,(1-G)_F6P,0*F6P.x -> F6P,14.7847886792169,3600.45146391285
Net flux,(1-G)_FBP,0*FBP.x -> FBP,16.5487664842206,3675.95821914096
Net flux,(1-G)_G6P,0*G6P.x -> G6P,22.0900731609643,3686.28402371714
Net flux,(1-G)_RU5P,0*RU5P.x -> P5P,7.15222838057996,3483.37494983689
Net flux,(1-G)_S7P,0*S7P.x -> S7P,1.54326893637673,3525.30582594529
Net flux,(1-G)_2PG,0*2PG.x -> 2PG,12.9572467293675,3465.38869320414
Net flux,(1-G)_ADPG,0*ADPG.x -> ADPG,4.91943778165874,3604.73673738285
Net flux,(1-G)_PEP,0*PEP.x -> PEP,10.7694589554367,3560.51535125678
Net flux,(1-G)_UDPG,0*UDPG.x -> UDPG,27.5731966954463,3369.99246454864
Net flux,(1-G)_ALA,0*ALA.x -> ALA,36.5003856181187,4.42840379211955
Net flux,PGASink,3PGA -> Sink,100,0
Net flux,DHAPSink,TP -> Sink,100.000000000001,0
Net flux,F6PSink,F6P -> Sink,100.000000000004,0
Net flux,FBPSink,FBP -> Sink,99.9999999999947,0
Net flux,G6PSink,G6P -> Sink,99.9999999999982,0
Net flux,P5PSink,P5P -> Sink,100.000000000001,0
Net flux,R5PSink,R5P -> Sink,99.9999999999969,0
Net flux,GASink,GA -> Sink,100.000000000002,0
Net flux,SERSink,SER -> Sink,99.9999999999996,0
Net flux,GLYSink,GLY -> Sink,100.000000000001,0
Net flux,RUBPSink,RUBP -> Sink,99.9999999999987,0
Net flux,S7PSink,S7P -> Sink,99.9999999999979,0
Net flux,2PGSink,2PG -> Sink,100.000000000002,0
Net flux,ADPGSink,ADPG -> Sink,99.999999999999,0
Net flux,PEPSink,PEP -> Sink,99.9999999999983,0
Net flux,UDPGSink,UDPG -> Sink,100.000000000001,0
Net flux,ALASink,ALA -> Sink,99.9999999999997,0
Net flux,S6Pout-LL,S6P + 0.1611*GLU + 0.07177*ASP + 0.03247*ALA.c + 0.01019*dummyGLY + 0.03484*dummySER -> Sink,0.747914690220551,0.105036266045031
Net flux,PGP.p,2PG.p -> Glyc.p,17.2857804466571,0.594834277436453
Net flux,GOX,Glyc.p -> Glyx.p,17.2857804466572,0.594834277436453
Net flux,GGT,Glyx.p -> GLY.p,17.2857804466571,0.594834277436453
Net flux,SGAT,SER.p -> HPA.p,2.46684080803282,0.624485637854528
Net flux,HPR.p,HPA.p -> GA.p,2.4668408080328,0.624485637854528
Net flux,T_GLY-m net,GLY.p <-> GLY.m,19.3560927790386,1.147389742047
Exch flux,T_GLY-m exch,GLY.p <-> GLY.m,109224.838036665,3541.08576744278
Net flux,GDC.m,GLY.m + dummy -> myTHF.m + CO2,9.67804643952097,0.573694871034865
Net flux,T_SER-m net,SER.p <-> SER.m,-9.67804643952097,0.573694871034865
Exch flux,T_SER-m exch,SER.p <-> SER.m,1.00000002056788e-07,6.80306017802619e-13
Net flux,mSHMT,GLY.m + myTHF.m -> SER.m,9.67804643952098,0.573694871034865
Net flux,T_SER-c net,SER.p <-> SER.c,7.18514578587446,0.968743093414735
Exch flux,T_SER-c exch,SER.p <-> SER.c,1.00000000280431e-07,0.827439844431574
Net flux,T_Gly-c net,GLY.p <-> GLY.c,-2.07793358307849,1.01544473394344
Exch flux,T_Gly-c exch,GLY.p <-> GLY.c,0.271282620152348,4.24436846319695
Net flux,cSHMT,SER.c -> GLY.c + meTHF.c,7.18514568587445,0.968743093413022
Net flux,FmTHF-reductase net,meTHF.c <-> FmTHF.c,7.18514568587445,0.968743093413022
Exch flux,FmTHF-reductase exch,meTHF.c <-> FmTHF.c,1.61464267472523,3582.43674097808
Net flux,Met-synthase,FmTHF.c + Hcy.c -> Met.c,7.18514568587444,0.968743093413022
Net flux,SAM-synthase,Met.c -> SAM.c,7.18514568587443,0.968743093413022
Net flux,Methylation,SAM.c -> SAH.c + Acceptor.c,7.18514568587444,0.968743093413022
Net flux,hydrolysis,SAH.c -> Hcy.c,7.18514568587443,0.968743093413022
Net flux,G_SER.m,0*SER.m -> SER,0.0110201555323144,3660.71127711715
Net flux,G_SER.c,0*SER.c -> SER,1.10164641853316e-07,3719.31686168789
Net flux,G_Gly.m,0*GLY.m -> GLY,1.0000000116861e-07,0
Net flux,G_Gly.c,0*GLY.c -> GLY,66.1554061372144,7.72040009420096
Net flux,T_GLY-c-m,GLY.c -> GLY.m,9.99996876416276e-08,1.25056097237117e-12
Net flux,G_Glyc,0*Glyc.p -> Glyc,23.7198619334993,1.24133493353291
Net flux,G_Glyx,0*Glyx.p -> Glyx,11.5367073460926,2.12965113222531
Net flux,G_HPA,0*HPA.p -> HPA,7.97058921824934,1.37802759684745
Net flux,(1-G)_Glyc,0*Glyc.x -> Glyc,76.2801380665014,1.24133493353291
Net flux,(1-G)_Glyx,0*Glyx.x -> Glyx,88.4632926539083,2.12965113222531
Net flux,(1-G)_HPA,0*HPA.x -> HPA,92.0294107817506,1.37802759684745
Net flux,GlycSink,Glyc -> Sink,100.000000000001,0
Net flux,GlyxSink,Glyx -> Sink,100.000000000001,0
Net flux,HPASink,HPA -> Sink,99.9999999999998,0
Net flux,SERex,dummySER -> outSER,9.99918681188205e-08,3.03431187904519e-12
Net flux,G_PYR,0*PYR.c -> PYR,32.4490971165244,1.7927807871559
Net flux,(1-G)_PYR,0*PYR.x -> PYR,67.5509028834758,1.7927807871559
Net flux,PYRSink,PYR -> Sink,100,0
Net flux,G_meTHF,0*meTHF.c -> meTHF,99.1426526549963,3624.91293652027
Net flux,G_FmTHF,0*FmTHF.c -> FmTHF,84.5062063358856,3.19032346560131
Net flux,G_Met,0*Met.c -> Met,67.3571145885245,4.18205326152696
Net flux,G_SAM,0*SAM.c -> SAM,71.2088525284527,4.10202731298806
Net flux,(1-G)_meTHF,0*meTHF.x -> meTHF,0.857347345003696,3624.91293652027
Net flux,(1-G)_FmTHF,0*FmTHF.x -> FmTHF,15.4937936641144,3.19032346560131
Net flux,(1-G)_Met,0*Met.x -> Met,32.6428854114756,4.18205326152696
Net flux,(1-G)_SAM,0*SAM.x -> SAM,28.7911474715473,4.10202731298806
Net flux,meTHFSink,meTHF -> Sink,99.9999999999999,0
Net flux,FmTHFSink,FmTHF -> Sink,100,0
Net flux,MetSink,Met -> Sink,100,0
Net flux,SAMsink,SAM -> Sink,99.9999999999999,0
Net flux,Met-protein,Met.c -> Protein,-1.22918616120154e-14,0
Net flux,GLY-protein,GLY.c -> Protein,5.10721200279628,0.614160952736295
Net flux,SER-protein,SER.c -> Protein,1.00000000280431e-07,1.00653064828352e-12
Pool,2PG pool,,0,0
Pool,2PG.p pool,,2.87139567890308e-06,3587.68813707029
Pool,2PG.x pool,,1,Inf
Pool,3PGA pool,,0,0
Pool,3PGA.c pool,,1.00000000000273e-07,0
Pool,3PGA.p pool,,3.31694408042233e-06,3721.5377988084
Pool,3PGA.x pool,,1,Inf
Pool,ACA pool,,2.11076813651931e-06,3506.05458440842
Pool,ADPG pool,,0,0
Pool,ADPG.p pool,,9.9999999999999e-08,Inf
Pool,ADPG.x pool,,1,Inf
Pool,AKG pool,,2.64709476984354e-06,3472.58582442564
Pool,ALA pool,,0,0
Pool,ALA.c pool,,0.00519363378278636,0.00132930258626291
Pool,ALA.x pool,,1,Inf
Pool,ASN pool,,7566.06819373616,3474.76643119904
Pool,ASP pool,,2.24436060760765e-07,3654.91152513161
Pool,Acceptor.c pool,,1,Inf
Pool,CIT pool,,7.05161812598568,382.717062591072
Pool,CO2 pool,,3.97099287855388e-05,3559.52872831352
Pool,CO2.t pool,,1,Inf
Pool,E4P.p pool,,0,0
Pool,EC2 pool,,0,0
Pool,F6P pool,,0,0
Pool,F6P.c pool,,3.82981095650603e-06,3628.50978107166
Pool,F6P.p pool,,2.82686774840942e-06,3482.049670084
Pool,F6P.x pool,,1,Inf
Pool,FBP pool,,0,0
Pool,FBP.c pool,,3.77548241933437e-06,3444.33164649836
Pool,FBP.p pool,,2.65921811601046e-06,3663.06196084241
Pool,FBP.x pool,,1,Inf
Pool,FmTHF pool,,2.33225452424792,0.822669241816535
Pool,FmTHF.c pool,,1.33207272363225e-06,3595.2673335043
Pool,FmTHF.x pool,,1,Inf
Pool,G6P pool,,0,0
Pool,G6P.c pool,,9.87594865306394e-06,3480.39015734698
Pool,G6P.p pool,,3.24774480608468e-06,3498.54758004227
Pool,G6P.x pool,,1,Inf
Pool,GA pool,,0,0
Pool,GA.p pool,,2.0354108645022e-06,3574.1215782269
Pool,GA.x pool,,1,Inf
Pool,GLN pool,,8.8386775498816,3629.63178344003
Pool,GLU pool,,2.64707380454243e-06,3562.27299292309
Pool,GLY pool,,0,0
Pool,GLY.c pool,,1.00022025386163e-07,3509.42285491457
Pool,GLY.m pool,,0.284767538805408,0.0853707329343861
Pool,GLY.p pool,,0.000423841681904762,3705.82449837631
Pool,GLY.x pool,,1,Inf
Pool,Glyc pool,,6.63789305565007,1.5410135936515
Pool,Glyc.p pool,,7.05023146122278e-06,3608.11991565504
Pool,Glyc.x pool,,1,Inf
Pool,Glyx pool,,16.7308751157292,8.14714347594206
Pool,Glyx.p pool,,8.52110211186621e-06,3669.14469113801
Pool,Glyx.x pool,,1,Inf
Pool,HPA pool,,0.000161713532452336,3517.8104463292
Pool,HPA.p pool,,1.69608362805311e-06,3270.6824141039
Pool,HPA.x pool,,1,Inf
Pool,Hcy.c pool,,1,Inf
Pool,ICI pool,,0.00392582063384472,3701.9520814442
Pool,MAL pool,,0.426583984881228,0.0920631208240846
Pool,Met pool,,0.000141114347781392,3424.4149741067
Pool,Met.c pool,,1.32330738540479e-06,3605.10448079601
Pool,Met.x pool,,1,Inf
Pool,OAA pool,,0.0987073911197461,0.0208963234935538
Pool,P5P pool,,0,0
Pool,PEP pool,,0,0
Pool,PEP.c pool,,0.00810646071375483,0.00296854284368702
Pool,PEP.x pool,,1,Inf
Pool,PRO pool,,5.39499638370911,3741.8286838122
Pool,PYR pool,,1e-07,0
Pool,PYR.c pool,,0.00323537959919391,0.00167598531778332
Pool,PYR.x pool,,1,Inf
Pool,Protein pool,,1,Inf
Pool,R5P pool,,0,0
Pool,R5P.p pool,,5.69091474808991e-06,3685.11271991531
Pool,R5P.x pool,,1,Inf
Pool,RU5P.p pool,,2.71731892966745e-06,3814.62368117821
Pool,RU5P.x pool,,1,Inf
Pool,RUBP pool,,0,0
Pool,RUBP.p pool,,2.71744193630737e-06,3627.31202178355
Pool,RUBP.x pool,,1,Inf
Pool,S6P pool,,1,Inf
Pool,S7P pool,,0,0
Pool,S7P.p pool,,2.42535682650914e-06,3328.07145580127
Pool,S7P.x pool,,1,Inf
Pool,SAH.c pool,,1,Inf
Pool,SAM pool,,6.46937189542691,1.80634879643242
Pool,SAM.c pool,,2.58647395919574e-06,3543.31564465722
Pool,SAM.x pool,,1,Inf
Pool,SBP pool,,0,0
Pool,SER pool,,0,0
Pool,SER.c pool,,2.47582860066387e-06,3458.73367555437
Pool,SER.m pool,,0.990984061073573,0.105881294652042
Pool,SER.p pool,,1.00000000002876e-07,0
Pool,SER.x pool,,1,Inf
Pool,Sink pool,,1,Inf
Pool,Starch pool,,1,Inf
Pool,THR pool,,3889.77444320236,3666.83025595917
Pool,TP pool,,0,0
Pool,TP.c pool,,4.12579861626192e-06,3650.2773446642
Pool,TP.p pool,,3.4053662401281e-06,3338.73194025957
Pool,TP.x pool,,1,Inf
Pool,UDPG pool,,0,0
Pool,UDPG.c pool,,0.51402646671135,0.132277976413616
Pool,UDPG.x pool,,1,Inf
Pool,X5P.p pool,,2.7729381347991e-06,3528.41587541292
Pool,dummy pool,,1,Inf
Pool,dummyGLY pool,,1,Inf
Pool,dummySER pool,,1,Inf
Pool,meTHF pool,,3.9696643483491,1.47714067618497
Pool,meTHF.c pool,,1.33820420450716e-06,3543.62774436027
Pool,meTHF.x pool,,1,Inf
Pool,myTHF.m pool,,3.7080435929917e-06,3618.03998559744
Pool,outSER pool,,1,Inf
Norm,Experiment1 Glyc205 #1 norm,,0.96847118659166,0.012751827841489
Norm,Experiment1 Glyc205 #2 norm,,1.00487984408577,0.0233707106958636
Norm,Experiment1 Glyc205 #3 norm,,0.986593953274752,0.0202720861111725
Norm,Experiment1 Glyc205 #4 norm,,0.944663384545579,0.030258592802396
Norm,Experiment1 Glyc205 #5 norm,,1.01190553113327,0.036652423931694
Norm,Experiment1 Glyc205 #6 norm,,1.03434778822312,0.0263270415002706
Norm,Experiment1 Glyc205 #7 norm,,0.971874031824245,0.0349395381996273
Norm,Experiment1 Glyc205 #8 norm,,0.972812962422869,0.0288993728512086
Norm,Experiment1 Glyx160 #1 norm,,0.986985093678726,0.0111132672064366
Norm,Experiment1 Glyx160 #2 norm,,0.965555508618896,0.0129663000564506
Norm,Experiment1 Glyx160 #3 norm,,0.983321058294392,0.0175735608124973
Norm,Experiment1 Glyx160 #4 norm,,0.999761525261243,0.015477189269286
Norm,Experiment1 Glyx160 #5 norm,,0.975166317286772,0.0358356272224569
Norm,Experiment1 Glyx160 #6 norm,,1.01200517237308,0.0205849447407191
Norm,Experiment1 Glyx160 #7 norm,,0.985419730469326,0.0379425064969848
Norm,Experiment1 Glyx160 #8 norm,,0.992405439952575,0.0396389257355712
Norm,Experiment1 GLY276 #1 norm,,1.00832576261942,0.0103028437279846
Norm,Experiment1 GLY276 #2 norm,,0.96420444171752,0.026105041601256
Norm,Experiment1 GLY276 #3 norm,,1.00809501185409,0.197236864291044
Norm,Experiment1 GLY276 #4 norm,,0.979658561433496,0.182531942222917
Norm,Experiment1 GLY276 #5 norm,,0.989866853680496,0.12607368726764
Norm,Experiment1 GLY276 #6 norm,,0.866207991717064,0.087898713674585
Norm,Experiment1 GLY276 #7 norm,,1.02542638851241,0.0587410904135733
Norm,Experiment1 GLY276 #8 norm,,0.988332153435023,0.0698977018790016
Norm,Experiment1 HPA262 #1 norm,,1.02335965686448,0.0111785059326946
Norm,Experiment1 HPA262 #2 norm,,0.947537890961883,0.0268587350936189
Norm,Experiment1 HPA262 #3 norm,,0.977456329065629,0.0131422413547783
Norm,Experiment1 HPA262 #4 norm,,0.986319815932459,0.0372205838254378
Norm,Experiment1 HPA262 #5 norm,,0.982498150323254,0.0238325734960256
Norm,Experiment1 HPA262 #6 norm,,1.0147299276912,0.0351000177335174
Norm,Experiment1 HPA262 #7 norm,,0.992095945558404,0.0260891226911075
Norm,Experiment1 HPA262 #8 norm,,1.01594129276221,0.0244106768645158
Norm,Experiment1 GA307 #1 norm,,0.998861351762446,0.0122043939483075
Norm,Experiment1 GA307 #2 norm,,0.929092147031633,0.0282551314669259
Norm,Experiment1 GA307 #3 norm,,0.920070983460803,0.0276317956095439
Norm,Experiment1 GA307 #4 norm,,0.994363145693741,0.0209102359516292
Norm,Experiment1 GA307 #5 norm,,0.90879491448208,0.0586841815212334
Norm,Experiment1 GA307 #6 norm,,1.03701510750459,0.0456093106350306
Norm,Experiment1 GA307 #7 norm,,0.960970527549227,0.0435698629394847
Norm,Experiment1 GA307 #8 norm,,1.02612486866638,0.0382791619948714
Norm,Experiment1 SER306 #1 norm,,1.01154678453471,0.0140656162679242
Norm,Experiment1 SER306 #2 norm,,1.00971713368558,0.0169291997084257
Norm,Experiment1 SER306 #3 norm,,0.987493376591933,0.0426092283417369
Norm,Experiment1 SER306 #4 norm,,1.04655465149233,0.0469233579076929
Norm,Experiment1 SER306 #5 norm,,1.01483100094981,0.102187641586326
Norm,Experiment1 SER306 #6 norm,,1.05979394561921,0.0712748231374098
Norm,Experiment1 SER306 #7 norm,,1.01533646080434,0.0477036697890738
Norm,Experiment1 SER306 #8 norm,,0.986242539628956,0.0497299664128603
Norm,Experiment1 meTHF #1 norm,,0.998325677763647,0.00990692120564196
Norm,Experiment1 meTHF #2 norm,,1.0239979922736,0.0100461316360384
Norm,Experiment1 meTHF #3 norm,,0.893253399553052,0.0602455058268015
Norm,Experiment1 meTHF #4 norm,,0.985547674473788,0.0472283189468683
Norm,Experiment1 meTHF #5 norm,,0.954701063163773,0.101328470187729
Norm,Experiment1 meTHF #6 norm,,0.982015574540088,0.109084640215049
Norm,Experiment1 meTHF #7 norm,,1.03668356544053,0.0599225587669683
Norm,Experiment1 meTHF #8 norm,,0.952211553458233,0.0860279451327948
Norm,Experiment1 FmTHF #1 norm,,1.00017242350575,0.00991714163906182
Norm,Experiment1 FmTHF #2 norm,,0.989968976100649,0.0231640645874845
Norm,Experiment1 FmTHF #3 norm,,0.971260675282314,0.0308389527923688
Norm,Experiment1 FmTHF #4 norm,,1.02459655606253,0.0274232342556106
Norm,Experiment1 FmTHF #5 norm,,0.937119329164621,0.0551306295779919
Norm,Experiment1 FmTHF #6 norm,,1.00373375327628,0.0701339552923546
Norm,Experiment1 FmTHF #7 norm,,0.986080345042277,0.0509781944800885
Norm,Experiment1 FmTHF #8 norm,,1.07268404482605,0.0943317959246865
Norm,Experiment1 Met176 #1 norm,,0.955498341840015,0.0256638683882256
Norm,Experiment1 Met176 #2 norm,,0.913012986442316,0.0317147862552584
Norm,Experiment1 Met176 #3 norm,,0.88309794733244,0.0559351275183239
Norm,Experiment1 Met176 #4 norm,,0.981976549099908,0.037012292734154
Norm,Experiment1 Met176 #5 norm,,1.00225206390566,0.0752578731923991
Norm,Experiment1 Met176 #6 norm,,0.976662519960696,0.119828639340669
Norm,Experiment1 Met176 #7 norm,,0.996812256180295,0.105521109819257
Norm,Experiment1 Met176 #8 norm,,0.994985638177068,0.113413292662386
Norm,Experiment1 SAM #1 norm,,1.00619848640598,0.0118348194154921
Norm,Experiment1 SAM #2 norm,,0.986898508697614,0.0119711569641717
Norm,Experiment1 SAM #3 norm,,1.00230230404254,0.0143296522933448
Norm,Experiment1 SAM #4 norm,,1.00361451297378,0.0223983050733051
Norm,Experiment1 SAM #5 norm,,1.01173459927121,0.0411630491056067
Norm,Experiment1 SAM #6 norm,,0.986152176982679,0.0675645241196684
Norm,Experiment1 SAM #7 norm,,1.00104342995213,0.0844979702025099
Norm,Experiment1 SAM #8 norm,,0.99444930262862,0.0792972588972275
Norm,Experiment1 CIT465 #1 norm,,0.989682285461427,0.0117420354553274
Norm,Experiment1 CIT465 #2 norm,,0.967859467203803,0.0133442144656798
Norm,Experiment1 CIT465 #3 norm,,0.96398649882976,0.0112162740367915
Norm,Experiment1 CIT465 #4 norm,,0.979041701165062,0.0165027358792789
Norm,Experiment1 CIT465 #5 norm,,0.954613628242665,0.0129794712079615
Norm,Experiment1 CIT465 #6 norm,,0.987206925115488,0.0125734447887283
Norm,Experiment1 CIT465 #7 norm,,0.99540177875736,0.0118574848245003
Norm,Experiment1 CIT465 #8 norm,,1.03236442401733,0.866636766446803
Norm,Experiment1 MAL335 #1 norm,,0.992205638582797,0.0126052908409921
Norm,Experiment1 MAL335 #2 norm,,0.993684676654923,0.0109645286684512
Norm,Experiment1 MAL335 #3 norm,,0.961711877370455,0.0100941824602985
Norm,Experiment1 MAL335 #4 norm,,0.965569326098894,0.0147826995218461
Norm,Experiment1 MAL335 #5 norm,,0.986709686017794,0.0140988639656855
Norm,Experiment1 MAL335 #6 norm,,0.966846546516115,0.0136666665601493
Norm,Experiment1 MAL335 #7 norm,,0.988400458930318,0.0206929377303387
Norm,Experiment1 MAL335 #8 norm,,1.00246815838609,0.0332412467172752
Norm,Experiment1 ASP334 #1 norm,,1.00112912513761,0.0233984922895035
Norm,Experiment1 ASP334 #2 norm,,0.95628278639278,0.0295494173987757
Norm,Experiment1 ASP334 #3 norm,,0.955364168424746,0.0205749442626498
Norm,Experiment1 ASP334 #4 norm,,0.981798721884925,0.0197529478996972
Norm,Experiment1 ASP334 #5 norm,,0.942519155799026,0.0284393835150206
Norm,Experiment1 ASP334 #6 norm,,0.998515167823745,0.0333663139599725
Norm,Experiment1 ASP334 #7 norm,,0.992268824074245,0.0317001806812836
Norm,Experiment1 ASP334 #8 norm,,0.982376875746599,0.0894122058324557
Norm,Experiment1 GLU348 #1 norm,,0.963845602544175,0.0216890291841946
Norm,Experiment1 GLU348 #2 norm,,0.918829080157426,0.0187107481728518
Norm,Experiment1 GLU348 #3 norm,,0.950190044119607,0.0110867378320586
Norm,Experiment1 GLU348 #4 norm,,0.994683298310693,0.0372203329462012
Norm,Experiment1 GLU348 #5 norm,,0.978423552632428,0.0227111053014364
Norm,Experiment1 GLU348 #6 norm,,1.01609623625742,0.0131991913989081
Norm,Experiment1 GLU348 #7 norm,,0.975018302407839,0.0140034145746237
Norm,Experiment1 GLU348 #8 norm,,0.963089779071082,0.80847434979871
Norm,Experiment1 THR320 #1 norm,,1.02903311884622,0.0107659697430043
Norm,Experiment1 THR320 #2 norm,,0.976410841535418,0.0140585515685347
Norm,Experiment1 THR320 #3 norm,,1.01033972363274,0.0107724096693639
Norm,Experiment1 THR320 #4 norm,,1.03035218474898,0.0305749816636044
Norm,Experiment1 THR320 #5 norm,,0.980774998966434,0.0205004431930374
Norm,Experiment1 THR320 #6 norm,,0.981198929557365,0.0114408279063066
Norm,Experiment1 THR320 #7 norm,,0.986547381928073,0.0140039602165777
Norm,Experiment1 THR320 #8 norm,,0.887395664990666,0.0234815237295596
Norm,Experiment1 ALA116 #1 norm,,0.981213661808369,0.00993975816552438
Norm,Experiment1 ALA116 #2 norm,,1.01057039516176,0.0101047111360917
Norm,Experiment1 ALA116 #3 norm,,1.03122509334893,0.0189467990232519
Norm,Experiment1 ALA116 #4 norm,,1.03911175249537,0.0223333019858382
Norm,Experiment1 ALA116 #5 norm,,1.04295065881287,0.115153974519728
Norm,Experiment1 ALA116 #6 norm,,0.970958472005212,0.082580282887167
Norm,Experiment1 ALA116 #7 norm,,1.01001168070424,0.0607775264208427
Norm,Experiment1 ALA116 #8 norm,,0.967853027684527,0.0893655373732317
Norm,Experiment1 PYR #1 norm,,0.93924381507991,0.0164446920797518
Norm,Experiment1 PYR #2 norm,,1.08053105946317,0.0461087568630118
Norm,Experiment1 PYR #3 norm,,0.994149088036066,0.104376754460946
Norm,Experiment1 PYR #4 norm,,1.05471823412551,0.0495411826775599
Norm,Experiment1 PYR #5 norm,,1.01245223294381,0.0519052256039144
Norm,Experiment1 PYR #6 norm,,1.04378734374861,0.0557732111987986
Norm,Experiment1 PYR #7 norm,,1.02055155985978,0.101371060210814
Norm,Experiment1 PYR #8 norm,,0.959616400518394,0.0638800025641613
