type,id,eqn,val,std
Net flux,CO2.t,CO2.t -> CO2,49.6662386219205,1.09950311847671
Net flux,CO2_sink,dummy -> Sink,49.6662386219205,1.09950311847671
Net flux,RUBICSO_CO2,RUBP.p + CO2 -> 3PGA.p + 3PGA.p + dummy,60.4180165352718,1.17569151781814
Net flux,GAPDH.p net,3PGA.p <-> TP.p,143.241432715727,2.64317709366951
Exch flux,GAPDH.p exch,3PGA.p <-> TP.p,0.0247239888427657,0.711971977911155
Net flux,ALD,TP.p + E4P.p -> SBP,26.3369358161029,0.474689512849911
Net flux,SBP,SBP -> S7P.p,26.3369358161029,0.474689512849911
Net flux,FBA.p net,TP.p + TP.p <-> FBP.p,30.854445453715,0.637381838704489
Exch flux,FBA.p exch,TP.p + TP.p <-> FBP.p,22872.5726652469,9.01669827953753
Net flux,PFK.p net,FBP.p <-> F6P.p,30.8544454537182,0.637381838704489
Exch flux,PFK.p exch,FBP.p <-> F6P.p,1.00003134662074e-07,1.54237449845087e-15
Net flux,TK1 net,TP.p + EC2 <-> X5P.p,52.6738716322057,0.949379025699823
Exch flux,TK1 exch,TP.p + EC2 <-> X5P.p,1.0000000116861e-07,1.00970994706017e-15
Net flux,TK2 net,S7P.p <-> R5P.p + EC2,26.3369358161028,0.474689512849911
Exch flux,TK2 exch,S7P.p <-> R5P.p + EC2,37.9963137717541,19.8798906232353
Net flux,TK3 net,F6P.p <-> E4P.p + EC2,26.3369358161035,0.474689512849911
Exch flux,TK3 exch,F6P.p <-> E4P.p + EC2,11615.7490181274,19.5130650290862
Net flux,PPE net,X5P.p <-> RU5P.p,52.6738716322056,0.949379025699823
Exch flux,PPE exch,X5P.p <-> RU5P.p,95.8668902326962,12.5120611020792
Net flux,PPI net,R5P.p <-> RU5P.p,26.3369358161029,0.474689512849911
Exch flux,PPI exch,R5P.p <-> RU5P.p,239.429818350816,10.6197638604217
Net flux,PRK,RU5P.p -> RUBP.p,79.0108074483087,1.42406853854974
Net flux,RUBISCO_O2,RUBP.p -> 3PGA.p + 2PG.p,18.5927909130369,0.5895941092839
Net flux,GLYdil net,GLY.p <-> GLY.x + dummyGLY,0.00642411828206235,0.00132478880601039
Exch flux,GLYdil exch,GLY.p <-> GLY.x + dummyGLY,0.134748232032919,0.236182156413937
Net flux,SERdil net,SER.p <-> SER.x + dummySER,3.80945448173421,0.843417257227352
Exch flux,SERdil exch,SER.p <-> SER.x + dummySER,1.3320763857006,0.821918935587012
Net flux,GK,GA.p -> 3PGA.p,4.08145083226368,0.881041862187688
Net flux,PGI.p net,F6P.p <-> G6P.p,4.517509637614,0.350417610225456
Exch flux,PGI.p exch,F6P.p <-> G6P.p,3.33406427722619,22.9083653548981
Net flux,PGM.p,G6P.p -> ADPG.p,4.51750963761401,0.350417610225456
Net flux,Starch,ADPG.p -> Starch,4.51750963761399,0.350417610225456
Net flux,FBA.c net,TP.c + TP.c <-> FBP.c,1.26086717998988,0.260017430031487
Exch flux,FBA.c exch,TP.c + TP.c <-> FBP.c,21.0322701069842,12.7467711843947
Net flux,PFK.c net,FBP.c <-> F6P.c,1.26086717998989,0.260017430031487
Exch flux,PFK.c exch,FBP.c <-> F6P.c,5.68651535914776,16.2580956320244
Net flux,PGI.c net,F6P.c <-> G6P.c,0.630433589994965,0.130008715015743
Exch flux,PGI.c exch,F6P.c <-> G6P.c,227.534497030043,16.2565361249594
Net flux,PGM.c net,G6P.c <-> UDPG.c,0.630433589991299,0.130008715015743
Exch flux,PGM.c exch,G6P.c <-> UDPG.c,48481.4251188692,16.2560162560244
Net flux,SPS,F6P.c + UDPG.c -> S6P,0.630433589994912,0.130008715015743
Net flux,PGAM.c net,3PGA.c <-> PEP.c,0.268842100117848,0.05544091643131
Exch flux,PGAM.c exch,3PGA.c <-> PEP.c,9.99988618577419e-08,6.38583725195721e-16
Net flux,PK.c,PEP.c -> PYR.c,0.122033030015622,0.0251657869655937
Net flux,PDH,PYR.c + dummy -> ACA + CO2,0.101562851347995,0.0209444039890351
Net flux,CS,OAA + ACA -> CIT,0.101562851347991,0.0209444039890351
Net flux,ACO net,CIT <-> ICI,0.101562851348035,0.0209444039890351
Exch flux,ACO exch,CIT <-> ICI,1222.23600702002,20.3747918230412
Net flux,IDH,ICI + dummy -> AKG + CO2,0.101562851348007,0.0209444039890351
Net flux,MDH net,MAL <-> OAA,2.1316282072803e-14,0
Exch flux,MDH exch,MAL <-> OAA,2.10009262815447e-05,0.432619701111942
Net flux,PPC,PEP.c + CO2 -> OAA + dummy,0.1468090701022,0.0302751294657152
Net flux,T_3PGA net,3PGA.p <-> 3PGA.c,0.26884210011783,0.05544091643131
Exch flux,T_3PGA exch,3PGA.p <-> 3PGA.c,1.0000000116861e-07,0
Net flux,T_DHAP net,TP.p <-> TP.c,2.52173435997981,0.520034860062974
Exch flux,T_DHAP exch,TP.p <-> TP.c,9.99999998363421e-08,0
Net flux,ALT,PYR.c -> ALA.c,0.0204701786671404,0.00422138297656084
Net flux,ASPT,OAA -> ASP,0.045246218753962,0.00933072547667986
Net flux,GLUDH,AKG -> GLU,0.101562851347984,0.0209444039890351
Net flux,PCR net,GLU <-> PRO,-2.48689957516035e-14,0
Exch flux,PCR exch,GLU <-> PRO,1.0000000116861e-07,0
Net flux,GS net,GLU <-> GLN,0,0
Exch flux,GS exch,GLU <-> GLN,1.00045440376562e-07,0
Net flux,TS net,ASP <-> THR,0,0
Exch flux,TS exch,ASP <-> THR,0.0333491435402848,0.0183208342084809
Net flux,AS net,ASP <-> ASN,1.06581410364015e-14,0
Exch flux,AS exch,ASP <-> ASN,0.00507679492974944,0.0121022244443249
Net flux,G_3PGA.p,0*3PGA.p -> 3PGA,2.46866294162373e-06,26.9832154589455
Net flux,G_3PGA.c,0*3PGA.c -> 3PGA,92.9119081386963,18.6408931030116
Net flux,G_DHAP.p,0*TP.p -> TP,40.685379842242,28.0204469823565
Net flux,G_DHAP.c,0*TP.c -> TP,51.8471856996947,19.8706247710299
Net flux,G_F6P.p,0*F6P.p -> F6P,48.6686345030749,26.8399905806333
Net flux,G_F6P.c,0*F6P.c -> F6P,36.546576817712,20.3472761562334
Net flux,G_FBP.p,0*FBP.p -> FBP,2.46866126474288e-06,30.0164003464529
Net flux,G_FBP.c,0*FBP.c -> FBP,83.4512310452145,21.1624772207785
Net flux,G_G6P.p,0*G6P.p -> G6P,19.0549768397257,28.684026694886
Net flux,G_G6P.c,0*G6P.c -> G6P,58.8549499993083,20.0998339994182
Net flux,G_RU5P.p,0*RU5P.p -> P5P,2.46865368325189e-06,28.1428926074649
Net flux,G_X5P.p,0*X5P.p -> P5P,92.8477691497397,20.6936046309786
Net flux,G_R5P.p,0*R5P.p -> R5P,82.2810779884949,19.7426188907903
Net flux,G_GA.p,0*GA.p -> GA,40.9472584866295,1.61021596289378
Net flux,G_SER.p,0*SER.p -> SER,99.9994099487464,20.108420342337
Net flux,G_GLY.p,0*GLY.p -> GLY,21.48711803343,20.0160553047089
Net flux,G_RUBP.p,0*RUBP.p -> RUBP,92.5302752673064,20.4181905741897
Net flux,G_S7P.p,0*S7P.p -> S7P,98.4567310636212,19.6161136195146
Net flux,G_2PG.p,0*2PG.p -> 2PG,87.0427532706349,20.2885925836262
Net flux,G_ADPG.p,0*ADPG.p -> ADPG,95.0805622183377,20.8429643755599
Net flux,G_PEP.c,0*PEP.c -> PEP,89.2305410445615,20.9794272734892
Net flux,G_UDPG.c,0*UDPG.c -> UDPG,72.4268033045549,19.9283802502586
Net flux,G_ALA.c,0*ALA.c -> ALA,77.6196283736764,6.27218369552926
Net flux,(1-G)_GA,0*GA.x -> GA,59.0527415133726,1.61021596289378
Net flux,(1-G)_SER,0*SER.x -> SER,0.000589850191829555,20.108420342337
Net flux,(1-G)_GLY,0*GLY.x -> GLY,33.8166909933495,2.64767903205225
Net flux,(1-G)_R5P,0*R5P.x -> R5P,17.718922011502,19.7426188907903
Net flux,(1-G)_RUBP,0*RUBP.x -> RUBP,7.4697247326924,20.4181905741897
Net flux,(1-G)_3PGA,0*3PGA.x -> 3PGA,7.08808939264107,19.2195715749122
Net flux,(1-G)_TP,0*TP.x -> TP,7.46743445806383,20.0580429162333
Net flux,(1-G)_F6P,0*F6P.x -> F6P,14.7847886792169,18.0055781323949
Net flux,(1-G)_FBP,0*FBP.x -> FBP,16.548766486119,20.0714612371432
Net flux,(1-G)_G6P,0*G6P.x -> G6P,22.0900731609643,20.4489025447992
Net flux,(1-G)_RU5P,0*RU5P.x -> P5P,7.15222838160801,19.8501931300424
Net flux,(1-G)_S7P,0*S7P.x -> S7P,1.54326893637677,19.6161136195146
Net flux,(1-G)_2PG,0*2PG.x -> 2PG,12.9572467293675,20.2885925836262
Net flux,(1-G)_ADPG,0*ADPG.x -> ADPG,4.91943778166132,20.8429643755599
Net flux,(1-G)_PEP,0*PEP.x -> PEP,10.7694589554367,20.9794272734892
Net flux,(1-G)_UDPG,0*UDPG.x -> UDPG,27.5731966954463,19.9283802502586
Net flux,(1-G)_ALA,0*ALA.x -> ALA,22.3803716263234,6.27218369552926
Net flux,PGASink,3PGA -> Sink,100,0
Net flux,DHAPSink,TP -> Sink,100.000000000001,0
Net flux,F6PSink,F6P -> Sink,100.000000000004,0
Net flux,FBPSink,FBP -> Sink,99.9999999999947,0
Net flux,G6PSink,G6P -> Sink,99.9999999999983,0
Net flux,P5PSink,P5P -> Sink,100.000000000001,0
Net flux,R5PSink,R5P -> Sink,99.9999999999968,0
Net flux,GASink,GA -> Sink,100.000000000002,0
Net flux,SERSink,SER -> Sink,99.9999999999996,0
Net flux,GLYSink,GLY -> Sink,100.000000000001,0
Net flux,RUBPSink,RUBP -> Sink,99.9999999999987,0
Net flux,S7PSink,S7P -> Sink,99.9999999999979,0
Net flux,2PGSink,2PG -> Sink,100.000000000002,0
Net flux,ADPGSink,ADPG -> Sink,99.999999999999,0
Net flux,PEPSink,PEP -> Sink,99.9999999999983,0
Net flux,UDPGSink,UDPG -> Sink,100.000000000001,0
Net flux,ALASink,ALA -> Sink,99.9999999999998,0
Net flux,S6Pout-LL,S6P + 0.1611*GLU + 0.07177*ASP + 0.03247*ALA.c + 0.01019*dummyGLY + 0.03484*dummySER -> Sink,0.630433589994947,0.130008715015743
Net flux,PGP.p,2PG.p -> Glyc.p,18.5927909130369,0.5895941092839
Net flux,GOX,Glyc.p -> Glyx.p,18.592790913037,0.5895941092839
Net flux,GGT,Glyx.p -> GLY.p,18.5927909130369,0.5895941092839
Net flux,SGAT,SER.p -> HPA.p,4.08145083226367,0.881041862187688
Net flux,HPR.p,HPA.p -> GA.p,4.08145083226366,0.881041862187688
Net flux,T_GLY-m net,GLY.p <-> GLY.m,18.5864530459512,17.9562623659371
Exch flux,T_GLY-m exch,GLY.p <-> GLY.m,134865.35579073,19.7400887253867
Net flux,GDC.m,GLY.m + dummy -> myTHF.m + CO2,10.695461280757,0.436822516110898
Net flux,T_SER-m net,SER.p <-> SER.m,-10.695461280757,0.436822516110898
Exch flux,T_SER-m exch,SER.p <-> SER.m,4.65555795577178,11.8416023824666
Net flux,mSHMT,GLY.m + myTHF.m -> SER.m,10.695461280757,0.436822516110898
Net flux,T_SER-c net,SER.p <-> SER.c,2.80455596675913,0.705634462100949
Exch flux,T_SER-c exch,SER.p <-> SER.c,1.00000000280431e-07,1.04723568033072e-15
Net flux,T_Gly-c net,GLY.p <-> GLY.c,-8.62512087369538e-05,17.9465800174926
Exch flux,T_Gly-c exch,GLY.p <-> GLY.c,9.99999998363421e-08,0
Net flux,cSHMT,SER.c -> GLY.c + meTHF.c,2.80455586675914,0.705634462100949
Net flux,FmTHF-reductase net,meTHF.c <-> FmTHF.c,2.80455586675914,0.705634462100949
Exch flux,FmTHF-reductase exch,meTHF.c <-> FmTHF.c,6.10356427870381,20.6889104859366
Net flux,Met-synthase,FmTHF.c + Hcy.c -> Met.c,2.80455586675912,0.705634462100949
Net flux,SAM-synthase,Met.c -> SAM.c,2.80455586675912,0.705634462100949
Net flux,Methylation,SAM.c -> SAH.c + Acceptor.c,2.80455586675912,0.705634462100949
Net flux,hydrolysis,SAH.c -> Hcy.c,2.80455586675911,0.705634462100949
Net flux,G_SER.m,0*SER.m -> SER,1.0000000116861e-07,0
Net flux,G_SER.c,0*SER.c -> SER,1.01061377932865e-07,0
Net flux,G_Gly.m,0*GLY.m -> GLY,0.000258312678685257,19.6545804365909
Net flux,G_Gly.c,0*GLY.c -> GLY,44.6959326605431,5.27506850704912
Net flux,T_GLY-c-m,GLY.c -> GLY.m,2.80446951555045,17.9604469409681
Net flux,G_Glyc,0*Glyc.p -> Glyc,22.0457365135479,1.15643531050131
Net flux,G_Glyx,0*Glyx.p -> Glyx,8.2274381947062,1.09214923178397
Net flux,G_HPA,0*HPA.p -> HPA,6.75486527774257,1.33111341454217
Net flux,(1-G)_Glyc,0*Glyc.x -> Glyc,77.9542634864527,1.15643531050131
Net flux,(1-G)_Glyx,0*Glyx.x -> Glyx,91.7725618052947,1.09214923178397
Net flux,(1-G)_HPA,0*HPA.x -> HPA,93.2451347222573,1.33111341454217
Net flux,GlycSink,Glyc -> Sink,100.000000000001,0
Net flux,GlyxSink,Glyx -> Sink,100.000000000001,0
Net flux,HPASink,HPA -> Sink,99.9999999999998,0
Net flux,SERex,dummySER -> outSER,3.78748815428844,0.846512483564922
Net flux,G_PYR,0*PYR.c -> PYR,27.8871611867072,1.72088165996766
Net flux,(1-G)_PYR,0*PYR.x -> PYR,72.1128388132931,1.72088165996766
Net flux,PYRSink,PYR -> Sink,100,0
Net flux,G_meTHF,0*meTHF.c -> meTHF,95.4190431456474,3.9395919113382
Net flux,G_FmTHF,0*FmTHF.c -> FmTHF,75.2838966201166,2.92642129867004
Net flux,G_Met,0*Met.c -> Met,60.8485482005162,4.06438682775725
Net flux,G_SAM,0*SAM.c -> SAM,68.4044556556598,3.9177426195797
Net flux,(1-G)_meTHF,0*meTHF.x -> meTHF,4.58095685435264,3.9395919113382
Net flux,(1-G)_FmTHF,0*FmTHF.x -> FmTHF,24.7161033798835,2.92642129867004
Net flux,(1-G)_Met,0*Met.x -> Met,39.1514517994838,4.06438682775725
Net flux,(1-G)_SAM,0*SAM.x -> SAM,31.5955443443402,3.9177426195797
Net flux,meTHFSink,meTHF -> Sink,99.9999999999999,0
Net flux,FmTHFSink,FmTHF -> Sink,100,0
Net flux,MetSink,Met -> Sink,100,0
Net flux,SAMsink,SAM -> Sink,100,0
Net flux,Met-protein,Met.c -> Protein,6.51983996113883e-15,0
Net flux,GLY-protein,GLY.c -> Protein,9.99999834050413e-08,4.08776141609935e-15
Net flux,SER-protein,SER.c -> Protein,1.0000000116861e-07,9.33644701601118e-16
Pool,2PG pool,,0,0
Pool,2PG.p pool,,3.33946362372977e-06,19.7460588367372
Pool,2PG.x pool,,1,Inf
Pool,3PGA pool,,0,0
Pool,3PGA.c pool,,0.00346166783206855,0.187704124312433
Pool,3PGA.p pool,,3.73806140917969e-06,20.2701331071277
Pool,3PGA.x pool,,1,Inf
Pool,ACA pool,,1.86514233457629e-06,21.0526987524622
Pool,ADPG pool,,0,0
Pool,ADPG.p pool,,9.9999999999999e-08,Inf
Pool,ADPG.x pool,,1,Inf
Pool,AKG pool,,1.73419429734214e-06,19.7890827604467
Pool,ALA pool,,0,0
Pool,ALA.c pool,,0.00591271273763939,0.00178235887416353
Pool,ALA.x pool,,1,Inf
Pool,ASN pool,,7548.2914723967,21.3628882884976
Pool,ASP pool,,2.51338689704161e-07,19.9263604776794
Pool,Acceptor.c pool,,1,Inf
Pool,CIT pool,,2.54609165329584,1.11114365216853
Pool,CO2 pool,,0.359738370694939,0.149208710542187
Pool,CO2.t pool,,1,Inf
Pool,E4P.p pool,,0,0
Pool,EC2 pool,,0,0
Pool,F6P pool,,0,0
Pool,F6P.c pool,,3.82970921670078e-06,20.9353829764045
Pool,F6P.p pool,,3.53227552660712e-06,19.7126661034386
Pool,F6P.x pool,,1,Inf
Pool,FBP pool,,0,0
Pool,FBP.c pool,,3.82966535138389e-06,20.4387565404561
Pool,FBP.p pool,,3.24447811345946e-06,20.5391622020573
Pool,FBP.x pool,,1,Inf
Pool,FmTHF pool,,0.795669652191024,0.643376046021156
Pool,FmTHF.c pool,,1.554352552962e-06,20.308239686704
Pool,FmTHF.x pool,,1,Inf
Pool,G6P pool,,0,0
Pool,G6P.c pool,,9.87487569307665e-06,20.3166348328245
Pool,G6P.p pool,,3.67540773767699e-06,20.0198298039723
Pool,G6P.x pool,,1,Inf
Pool,GA pool,,0,0
Pool,GA.p pool,,3.27650992694293e-06,21.2324538448709
Pool,GA.x pool,,1,Inf
Pool,GLN pool,,8.83867754981744,20.7954351157718
Pool,GLU pool,,1.73419734452641e-06,20.2442218203679
Pool,GLY pool,,0,0
Pool,GLY.c pool,,1.00000000058387e-07,0
Pool,GLY.m pool,,0.274599845563231,0.0864602291416781
Pool,GLY.p pool,,0.000427454525587238,21.0578465605153
Pool,GLY.x pool,,1,Inf
Pool,Glyc pool,,4.71826251055973,1.23525908375027
Pool,Glyc.p pool,,1.13514070738526e-05,20.4140831778599
Pool,Glyc.x pool,,1,Inf
Pool,Glyx pool,,2.67402659318397,1.46537478866189
Pool,Glyx.p pool,,1.36912394130995e-05,21.11928410294
Pool,Glyx.x pool,,1,Inf
Pool,HPA pool,,0.000149310999427109,19.8283032672312
Pool,HPA.p pool,,2.42641921171092e-06,21.1929540798709
Pool,HPA.x pool,,1,Inf
Pool,Hcy.c pool,,1,Inf
Pool,ICI pool,,0.00366346068496262,20.3474204385653
Pool,MAL pool,,8.18807003255059e-05,1.68663542674695
Pool,Met pool,,0.000107164404536645,21.0467646351977
Pool,Met.c pool,,1.45716550111395e-06,20.5958867948334
Pool,Met.x pool,,1,Inf
Pool,OAA pool,,0.0752931377981751,0.0225567161202313
Pool,P5P pool,,0,0
Pool,PEP pool,,0,0
Pool,PEP.c pool,,0.00336241435442187,0.186353138343245
Pool,PEP.x pool,,1,Inf
Pool,PRO pool,,5.39499638364502,20.9143204915078
Pool,PYR pool,,0.000116982233507054,20.8875562634525
Pool,PYR.c pool,,0.0009473545843128,0.00195850395362594
Pool,PYR.x pool,,1,Inf
Pool,Protein pool,,1,Inf
Pool,R5P pool,,0,0
Pool,R5P.p pool,,9.27363818587786e-06,21.1772388600099
Pool,R5P.x pool,,1,Inf
Pool,RU5P.p pool,,3.31251053722941e-06,20.5855381250013
Pool,RU5P.x pool,,1,Inf
Pool,RUBP pool,,0,0
Pool,RUBP.p pool,,3.31918304415447e-06,20.3603270264482
Pool,RUBP.x pool,,1,Inf
Pool,S6P pool,,1,Inf
Pool,S7P pool,,0,0
Pool,S7P.p pool,,3.2184637864545e-06,21.0732691594394
Pool,S7P.x pool,,1,Inf
Pool,SAH.c pool,,1,Inf
Pool,SAM pool,,6.057204134883,1.67157487684283
Pool,SAM.c pool,,3.67488858550932e-06,20.9929255617349
Pool,SAM.x pool,,1,Inf
Pool,SBP pool,,0,0
Pool,SER pool,,0,0
Pool,SER.c pool,,1.00000000002876e-07,0
Pool,SER.m pool,,1.29506862136226,0.108069319753065
Pool,SER.p pool,,1.00000000002876e-07,0
Pool,SER.x pool,,1,Inf
Pool,Sink pool,,1,Inf
Pool,Starch pool,,1,Inf
Pool,THR pool,,1154.46803412295,18.9606061529551
Pool,TP pool,,0,0
Pool,TP.c pool,,4.18762389692054e-06,20.7625856023863
Pool,TP.p pool,,3.83731256206806e-06,19.4930278119471
Pool,TP.x pool,,1,Inf
Pool,UDPG pool,,0,0
Pool,UDPG.c pool,,0.171477063265668,21.3182033328669
Pool,UDPG.x pool,,1,Inf
Pool,X5P.p pool,,3.40179874463778e-06,19.4371657187193
Pool,dummy pool,,1,Inf
Pool,dummyGLY pool,,1,Inf
Pool,dummySER pool,,1,Inf
Pool,meTHF pool,,1.0000000631526e-07,20.1224931318895
Pool,meTHF.c pool,,1.58278257478168e-06,20.4078317835429
Pool,meTHF.x pool,,1,Inf
Pool,myTHF.m pool,,6.71245393588229e-06,20.9626548476228
Pool,outSER pool,,1,Inf
Norm,Experiment1 Glyc205 #1 norm,,0.975734613002924,0.0129247925707588
Norm,Experiment1 Glyc205 #2 norm,,0.9985262605306,0.0231267060242216
Norm,Experiment1 Glyc205 #3 norm,,0.985606902754093,0.0218035275949786
Norm,Experiment1 Glyc205 #4 norm,,0.98920091605286,0.0320694975998177
Norm,Experiment1 Glyc205 #5 norm,,1.01757131192165,0.0355131028437979
Norm,Experiment1 Glyc205 #6 norm,,1.02875111186016,0.0282098381972277
Norm,Experiment1 Glyc205 #7 norm,,0.978949408715941,0.035920841878567
Norm,Experiment1 Glyc205 #8 norm,,0.976477117414156,0.0287258114240659
Norm,Experiment1 Glyx160 #1 norm,,0.994829071092895,0.0110822827907367
Norm,Experiment1 Glyx160 #2 norm,,0.991112859411722,0.0160934004579019
Norm,Experiment1 Glyx160 #3 norm,,0.938902231840524,0.0190849904048331
Norm,Experiment1 Glyx160 #4 norm,,1.01359383569324,0.0151131300477761
Norm,Experiment1 Glyx160 #5 norm,,1.00549068282487,0.0348710466234887
Norm,Experiment1 Glyx160 #6 norm,,1.02384012346204,0.0201046427087579
Norm,Experiment1 Glyx160 #7 norm,,0.969827281152583,0.0375143750208943
Norm,Experiment1 Glyx160 #8 norm,,0.951391428739183,0.0337898099819964
Norm,Experiment1 GLY276 #1 norm,,1.00158634437042,0.0102330977711136
Norm,Experiment1 GLY276 #2 norm,,1.02670564677554,0.0230763349171628
Norm,Experiment1 GLY276 #3 norm,,0.952273277314201,0.0406049910682033
Norm,Experiment1 GLY276 #4 norm,,1.00599207695925,0.0625304949501072
Norm,Experiment1 GLY276 #5 norm,,1.01607593688647,0.196122561794284
Norm,Experiment1 GLY276 #6 norm,,0.955121612398071,0.0871123663607122
Norm,Experiment1 GLY276 #7 norm,,1.01348305917035,0.0597509627724106
Norm,Experiment1 GLY276 #8 norm,,0.993622428879628,0.0645497279369555
Norm,Experiment1 HPA262 #1 norm,,1.01093006502149,0.0110512436747148
Norm,Experiment1 HPA262 #2 norm,,0.938678161964725,0.0269889337691326
Norm,Experiment1 HPA262 #3 norm,,0.955291257562969,0.0127798039373297
Norm,Experiment1 HPA262 #4 norm,,0.89486603954909,0.0343770081423543
Norm,Experiment1 HPA262 #5 norm,,0.953370457926994,0.0241872192884362
Norm,Experiment1 HPA262 #6 norm,,0.951749926981861,0.0326659150801084
Norm,Experiment1 HPA262 #7 norm,,1.00599804602577,0.0257658271823001
Norm,Experiment1 HPA262 #8 norm,,0.990926498854985,0.0224983388963435
Norm,Experiment1 GA307 #1 norm,,0.998565648078974,0.0121206158789651
Norm,Experiment1 GA307 #2 norm,,0.965699882669722,0.0302289572091401
Norm,Experiment1 GA307 #3 norm,,0.951440970991,0.0290565155196215
Norm,Experiment1 GA307 #4 norm,,1.00947222583088,0.0199418423237816
Norm,Experiment1 GA307 #5 norm,,0.985928387364152,0.0534115865373566
Norm,Experiment1 GA307 #6 norm,,1.04467284962209,0.0414329568652682
Norm,Experiment1 GA307 #7 norm,,0.971141984398301,0.0417211756817849
Norm,Experiment1 GA307 #8 norm,,0.98041142981565,0.0374746103189175
Norm,Experiment1 SER306 #1 norm,,0.985933923552656,0.0143986851390362
Norm,Experiment1 SER306 #2 norm,,0.983221531958351,0.0152656866864016
Norm,Experiment1 SER306 #3 norm,,0.913567667754214,0.0383627328578264
Norm,Experiment1 SER306 #4 norm,,0.977166278410197,0.0443452625961445
Norm,Experiment1 SER306 #5 norm,,1.00790920004071,0.104507445353255
Norm,Experiment1 SER306 #6 norm,,0.940936837050904,0.0660487653674795
Norm,Experiment1 SER306 #7 norm,,1.02022744969044,0.0529027320994044
Norm,Experiment1 SER306 #8 norm,,0.975261868545564,0.050259909352252
Norm,Experiment1 meTHF #1 norm,,0.996935735411338,0.00989109183755707
Norm,Experiment1 meTHF #2 norm,,1.00496733517571,0.0106829202050534
Norm,Experiment1 meTHF #3 norm,,0.93609769447596,0.0650312368125848
Norm,Experiment1 meTHF #4 norm,,1.02166467241851,0.0477618638127211
Norm,Experiment1 meTHF #5 norm,,0.997695046611921,0.0971731988974251
Norm,Experiment1 meTHF #6 norm,,1.04515019303694,0.160511229957375
Norm,Experiment1 meTHF #7 norm,,1.00103846248161,0.0616507133271729
Norm,Experiment1 meTHF #8 norm,,0.953706386883445,0.101351105744662
Norm,Experiment1 FmTHF #1 norm,,0.995898967747013,0.0100285550975129
Norm,Experiment1 FmTHF #2 norm,,0.978283437195118,0.0241596064561256
Norm,Experiment1 FmTHF #3 norm,,0.947477241721218,0.0311801238057205
Norm,Experiment1 FmTHF #4 norm,,1.00713115510663,0.0277971904123371
Norm,Experiment1 FmTHF #5 norm,,1.00701636882697,0.0582761045349403
Norm,Experiment1 FmTHF #6 norm,,1.01041056429939,0.0685168269789147
Norm,Experiment1 FmTHF #7 norm,,0.998018713861953,0.0544125695732563
Norm,Experiment1 FmTHF #8 norm,,1.05831159403179,0.0965031174128421
Norm,Experiment1 Met176 #1 norm,,0.983503251677614,0.0244834023650212
Norm,Experiment1 Met176 #2 norm,,0.878698495261312,0.0318008235923231
Norm,Experiment1 Met176 #3 norm,,0.879853074129313,0.0567344791464608
Norm,Experiment1 Met176 #4 norm,,0.989476072210592,0.0374743169395302
Norm,Experiment1 Met176 #5 norm,,0.985222614783726,0.0696927153300686
Norm,Experiment1 Met176 #6 norm,,0.985757257656879,0.164357609803505
Norm,Experiment1 Met176 #7 norm,,1.00482679355771,0.114947760184448
Norm,Experiment1 Met176 #8 norm,,0.999925755878313,0.107611689470558
Norm,Experiment1 SAM #1 norm,,1.00662337427754,0.0118905766305128
Norm,Experiment1 SAM #2 norm,,0.993036603208495,0.011820672822438
Norm,Experiment1 SAM #3 norm,,0.981526390386563,0.013502683596468
Norm,Experiment1 SAM #4 norm,,1.0597626063835,0.0230681454012567
Norm,Experiment1 SAM #5 norm,,0.982496385319474,0.0382646132889227
Norm,Experiment1 SAM #6 norm,,0.988299005231319,0.0632616123737417
Norm,Experiment1 SAM #7 norm,,1.0046638127302,0.0841980772113465
Norm,Experiment1 SAM #8 norm,,0.981527613182173,0.0808905200784222
Norm,Experiment1 CIT465 #1 norm,,0.979931207689669,0.011918985467656
Norm,Experiment1 CIT465 #2 norm,,0.985408656720317,0.0131943839851463
Norm,Experiment1 CIT465 #3 norm,,0.993257328014306,0.0114560777215815
Norm,Experiment1 CIT465 #4 norm,,0.965908312732686,0.0163060906132675
Norm,Experiment1 CIT465 #5 norm,,0.99328611201411,0.0136834250185002
Norm,Experiment1 CIT465 #6 norm,,1.00937802366209,0.0130189494457285
Norm,Experiment1 CIT465 #7 norm,,1.00082976551667,0.0138826012547281
Norm,Experiment1 CIT465 #8 norm,,1.05010613743338,0.020286485333052
Norm,Experiment1 MAL335 #1 norm,,1.01596187096056,0.0127526973443836
Norm,Experiment1 MAL335 #2 norm,,1.02264832671548,0.0114244306219276
Norm,Experiment1 MAL335 #3 norm,,0.958720191676996,0.0100801732012648
Norm,Experiment1 MAL335 #4 norm,,1.01483707587824,0.0149469034349092
Norm,Experiment1 MAL335 #5 norm,,0.92672169905123,0.0131044610223424
Norm,Experiment1 MAL335 #6 norm,,0.951149711761511,0.0166285233808469
Norm,Experiment1 MAL335 #7 norm,,0.945434484744509,0.0279325512109047
Norm,Experiment1 MAL335 #8 norm,,1.03770775134456,0.0416296258180286
Norm,Experiment1 ASP334 #1 norm,,0.991161589799745,0.0219888536374179
Norm,Experiment1 ASP334 #2 norm,,0.953816469533785,0.0297258175022625
Norm,Experiment1 ASP334 #3 norm,,0.970319142043545,0.0199449395877677
Norm,Experiment1 ASP334 #4 norm,,0.999379372208568,0.0178576911106509
Norm,Experiment1 ASP334 #5 norm,,0.929456401265247,0.0278103299948755
Norm,Experiment1 ASP334 #6 norm,,0.980587476496288,0.032716744722637
Norm,Experiment1 ASP334 #7 norm,,0.999325075912345,0.0327511735839578
Norm,Experiment1 ASP334 #8 norm,,0.995689352792515,0.084798127510236
Norm,Experiment1 GLU348 #1 norm,,0.961623647396046,0.021052867888281
Norm,Experiment1 GLU348 #2 norm,,0.964339453643398,0.0196827022092908
Norm,Experiment1 GLU348 #3 norm,,0.985960171888109,0.0110413419400566
Norm,Experiment1 GLU348 #4 norm,,0.972581203868172,0.0334851822752307
Norm,Experiment1 GLU348 #5 norm,,0.998256798778863,0.0241555178587966
Norm,Experiment1 GLU348 #6 norm,,0.99385287261197,0.0128900936219466
Norm,Experiment1 GLU348 #7 norm,,0.982313097174863,0.0152404187011603
Norm,Experiment1 GLU348 #8 norm,,0.993309327775105,0.0221917183685356
Norm,Experiment1 THR320 #1 norm,,0.947820017314879,0.009868544311061
Norm,Experiment1 THR320 #2 norm,,0.986018021899139,0.0146859703214395
Norm,Experiment1 THR320 #3 norm,,1.02355902136326,0.0110383929821823
Norm,Experiment1 THR320 #4 norm,,0.967769697902273,0.0270302461756441
Norm,Experiment1 THR320 #5 norm,,0.979928615461056,0.0200680549261209
Norm,Experiment1 THR320 #6 norm,,1.04521857240813,0.0119843320143473
Norm,Experiment1 THR320 #7 norm,,0.973365359588747,0.0135965646064505
Norm,Experiment1 THR320 #8 norm,,0.901887524414887,0.0246127758252923
Norm,Experiment1 ALA116 #1 norm,,0.98414346904186,0.00983580388830547
Norm,Experiment1 ALA116 #2 norm,,1.01042811724381,0.0101631228336915
Norm,Experiment1 ALA116 #3 norm,,1.02997028605645,0.0179402763554066
Norm,Experiment1 ALA116 #4 norm,,1.06310795840371,0.0280767441214606
Norm,Experiment1 ALA116 #5 norm,,0.934913219080037,0.0870750414180289
Norm,Experiment1 ALA116 #6 norm,,0.987309209868276,0.0740002383664907
Norm,Experiment1 ALA116 #7 norm,,1.01895680987039,0.0632052363689841
Norm,Experiment1 ALA116 #8 norm,,0.954056480720092,0.106998262424481
Norm,Experiment1 PYR #1 norm,,0.981451423509011,0.0169732015907506
Norm,Experiment1 PYR #2 norm,,0.981003314718653,0.0673316651175969
Norm,Experiment1 PYR #3 norm,,0.955396921790342,0.133837333882318
Norm,Experiment1 PYR #4 norm,,1.02938054707228,0.0672790105550881
Norm,Experiment1 PYR #5 norm,,1.04476967549994,0.0505539112352233
Norm,Experiment1 PYR #6 norm,,1.02472784742479,0.0570360408959573
Norm,Experiment1 PYR #7 norm,,0.948851930785066,0.102934867426419
Norm,Experiment1 PYR #8 norm,,0.967996910764467,0.0665212325191548
