type,id,eqn,val,std
Net flux,CO2.t,CO2.t -> CO2,48.8398006029314,1.11040388966358
Net flux,CO2_sink,dummy -> Sink,48.8398006029314,1.11040388966358
Net flux,RUBICSO_CO2,RUBP.p + CO2 -> 3PGA.p + 3PGA.p + dummy,59.7660635375771,1.22049892895912
Net flux,GAPDH.p net,3PGA.p <-> TP.p,141.244613212204,2.66350655601476
Exch flux,GAPDH.p exch,3PGA.p <-> TP.p,2.73977969555972e-06,0
Net flux,ALD,TP.p + E4P.p -> SBP,26.1136415914214,0.490160048309051
Net flux,SBP,SBP -> S7P.p,26.1136415914214,0.490160048309051
Net flux,FBA.p net,TP.p + TP.p <-> FBP.p,29.5831383988407,0.642868763399541
Exch flux,FBA.p exch,TP.p + TP.p <-> FBP.p,26159.6348352756,59.870285833816
Net flux,PFK.p net,FBP.p <-> F6P.p,29.5831383988443,0.642868763399541
Exch flux,PFK.p exch,FBP.p <-> F6P.p,12881.5085934636,3588.27672760412
Net flux,TK1 net,TP.p + EC2 <-> X5P.p,52.2272831828427,0.980320096618103
Exch flux,TK1 exch,TP.p + EC2 <-> X5P.p,513.725230414228,3526.02571537497
Net flux,TK2 net,S7P.p <-> R5P.p + EC2,26.1136415914213,0.490160048309051
Exch flux,TK2 exch,S7P.p <-> R5P.p + EC2,37.7960464467009,2982.48581340732
Net flux,TK3 net,F6P.p <-> E4P.p + EC2,26.1136415914225,0.490160048309051
Exch flux,TK3 exch,F6P.p <-> E4P.p + EC2,18199.2422791868,3380.21895707981
Net flux,PPE net,X5P.p <-> RU5P.p,52.2272831828427,0.980320096618103
Exch flux,PPE exch,X5P.p <-> RU5P.p,622.672250036568,3538.6677440812
Net flux,PPI net,R5P.p <-> RU5P.p,26.1136415914214,0.490160048309051
Exch flux,PPI exch,R5P.p <-> RU5P.p,236.296622344473,3534.86873909874
Net flux,PRK,RU5P.p -> RUBP.p,78.3409247742642,1.47048014492715
Net flux,RUBISCO_O2,RUBP.p -> 3PGA.p + 2PG.p,18.5748612366871,0.588523399889784
Net flux,GLYdil net,GLY.p <-> GLY.x + dummyGLY,0.00952105615356658,0.00110833677318394
Exch flux,GLYdil exch,GLY.p <-> GLY.x + dummyGLY,1.0000000116861e-07,0
Net flux,SERdil net,SER.p <-> SER.x + dummySER,4.18647055518692,21.1034241387105
Exch flux,SERdil exch,SER.p <-> SER.x + dummySER,1.53760510583892,21.2107968859958
Net flux,GK,GA.p -> 3PGA.p,3.5360703553297,0.539898886589603
Net flux,PGI.p net,F6P.p <-> G6P.p,3.46949680742067,0.345922136844495
Exch flux,PGI.p exch,F6P.p <-> G6P.p,4.99030626269513,3679.821231418
Net flux,PGM.p,G6P.p -> ADPG.p,3.46949680742068,0.345922136844495
Net flux,Starch,ADPG.p -> Starch,3.46949680742066,0.345922136844495
Net flux,FBA.c net,TP.c + TP.c <-> FBP.c,1.86870582012489,0.217534204746223
Exch flux,FBA.c exch,TP.c + TP.c <-> FBP.c,20.4189403181209,3989.44217447786
Net flux,PFK.c net,FBP.c <-> F6P.c,1.86870582012491,0.217534204746223
Exch flux,PFK.c exch,FBP.c <-> F6P.c,5.07318668834747,3549.80962400602
Net flux,PGI.c net,F6P.c <-> G6P.c,0.934352910062472,0.108767102373112
Exch flux,PGI.c exch,F6P.c <-> G6P.c,227.227933785944,3936.71520247745
Net flux,PGM.c net,G6P.c <-> UDPG.c,0.934352910058806,0.108767102373112
Exch flux,PGM.c exch,G6P.c <-> UDPG.c,48481.4243080482,3770.58507661103
Net flux,SPS,F6P.c + UDPG.c -> S6P,0.934352910062419,0.108767102373112
Net flux,PGAM.c net,3PGA.c <-> PEP.c,0.398445454967526,0.046382643136162
Exch flux,PGAM.c exch,3PGA.c <-> PEP.c,2.61049135025647,3752.06121008264
Net flux,PK.c,PEP.c -> PYR.c,0.180862692801305,0.021054048006439
Net flux,PDH,PYR.c + dummy -> ACA + CO2,0.150524253811414,0.0175223801922188
Net flux,CS,OAA + ACA -> CIT,0.15052425381141,0.0175223801922188
Net flux,ACO net,CIT <-> ICI,0.150524253811454,0.0175223801922188
Exch flux,ACO exch,CIT <-> ICI,1155.40470972404,3716.43284419128
Net flux,IDH,ICI + dummy -> AKG + CO2,0.150524253811426,0.0175223801922188
Net flux,MDH net,MAL <-> OAA,2.1316282072803e-14,0
Exch flux,MDH exch,MAL <-> OAA,0.413528474430109,0.0974971768924102
Net flux,PPC,PEP.c + CO2 -> OAA + dummy,0.217582762166649,0.0253285951295923
Net flux,T_3PGA net,3PGA.p <-> 3PGA.c,0.398445454967508,0.046382643136162
Exch flux,T_3PGA exch,3PGA.p <-> 3PGA.c,7.36540840367464,3922.02166956818
Net flux,T_DHAP net,TP.p <-> TP.c,3.73741164024984,0.435068409492447
Exch flux,T_DHAP exch,TP.p <-> TP.c,9.99999998363421e-08,0
Net flux,ALT,PYR.c -> ALA.c,0.0303384389898025,0.00353166781407286
Net flux,ASPT,OAA -> ASP,0.067058508355333,0.00780621493730815
Net flux,GLUDH,AKG -> GLU,0.150524253811403,0.0175223801922188
Net flux,PCR net,GLU <-> PRO,-2.48689957516035e-14,0
Exch flux,PCR exch,GLU <-> PRO,1.0000000116861e-07,0
Net flux,GS net,GLU <-> GLN,0,0
Exch flux,GS exch,GLU <-> GLN,1.0004275452502e-07,0
Net flux,TS net,ASP <-> THR,0,0
Exch flux,TS exch,ASP <-> THR,1.0000000116861e-07,0
Net flux,AS net,ASP <-> ASN,1.06581410364015e-14,0
Exch flux,AS exch,ASP <-> ASN,3.07181910130794e-07,0
Net flux,G_3PGA.p,0*3PGA.p -> 3PGA,2.46866292741288e-06,5227.95081663872
Net flux,G_3PGA.c,0*3PGA.c -> 3PGA,92.9119081396606,3688.33637756503
Net flux,G_DHAP.p,0*TP.p -> TP,40.685379842242,5147.6216959524
Net flux,G_DHAP.c,0*TP.c -> TP,51.8471856996947,3828.98900699281
Net flux,G_F6P.p,0*F6P.p -> F6P,48.6686345030749,5074.7577870343
Net flux,G_F6P.c,0*F6P.c -> F6P,36.546576817712,3652.58096779945
Net flux,G_FBP.p,0*FBP.p -> FBP,2.46866126474288e-06,4696.08782540973
Net flux,G_FBP.c,0*FBP.c -> FBP,83.4512310472669,3343.62753211112
Net flux,G_G6P.p,0*G6P.p -> G6P,19.0549768397257,4645.55995866217
Net flux,G_G6P.c,0*G6P.c -> G6P,58.8549499993083,3195.61828934933
Net flux,G_RU5P.p,0*RU5P.p -> P5P,2.46865367614646e-06,5045.47507935331
Net flux,G_X5P.p,0*X5P.p -> P5P,92.8477691497757,3541.04395194638
Net flux,G_R5P.p,0*R5P.p -> R5P,82.2810779884949,3745.63209330875
Net flux,G_GA.p,0*GA.p -> GA,39.8383184383823,1.49929092037591
Net flux,G_SER.p,0*SER.p -> SER,99.9993814946117,5999.65697354918
Net flux,G_GLY.p,0*GLY.p -> GLY,58.5132996142055,4704.6435725302
Net flux,G_RUBP.p,0*RUBP.p -> RUBP,92.5302752673063,3408.30156677689
Net flux,G_S7P.p,0*S7P.p -> S7P,98.4567310636212,3231.13835436332
Net flux,G_2PG.p,0*2PG.p -> 2PG,87.0427532706349,3434.82388009805
Net flux,G_ADPG.p,0*ADPG.p -> ADPG,95.0805622183377,3451.00632216994
Net flux,G_PEP.c,0*PEP.c -> PEP,89.2305410445615,3331.38025164553
Net flux,G_UDPG.c,0*UDPG.c -> UDPG,72.4268033045549,3736.56616857354
Net flux,G_ALA.c,0*ALA.c -> ALA,70.2734164383595,4.55718601745905
Net flux,(1-G)_GA,0*GA.x -> GA,60.1616815616197,1.49929092037591
Net flux,(1-G)_SER,0*SER.x -> SER,0.000506027287233479,3600.60315251108
Net flux,(1-G)_GLY,0*GLY.x -> GLY,41.4643992016566,2.68095980508785
Net flux,(1-G)_R5P,0*R5P.x -> R5P,17.718922011502,3745.63209330875
Net flux,(1-G)_RUBP,0*RUBP.x -> RUBP,7.46972473269241,3408.30156677689
Net flux,(1-G)_3PGA,0*3PGA.x -> 3PGA,7.08808939167682,3551.75142766143
Net flux,(1-G)_TP,0*TP.x -> TP,7.46743445806383,3389.60759828072
Net flux,(1-G)_F6P,0*F6P.x -> F6P,14.7847886792169,3555.08540340168
Net flux,(1-G)_FBP,0*FBP.x -> FBP,16.5487664840666,3287.39512758379
Net flux,(1-G)_G6P,0*G6P.x -> G6P,22.0900731609643,3496.38115634863
Net flux,(1-G)_RU5P,0*RU5P.x -> P5P,7.15222838157205,3513.34594829282
Net flux,(1-G)_S7P,0*S7P.x -> S7P,1.54326893637677,3231.13835436332
Net flux,(1-G)_2PG,0*2PG.x -> 2PG,12.9572467293675,3434.82388009805
Net flux,(1-G)_ADPG,0*ADPG.x -> ADPG,4.91943778166132,3451.00632216994
Net flux,(1-G)_PEP,0*PEP.x -> PEP,10.7694589554367,3331.38025164553
Net flux,(1-G)_UDPG,0*UDPG.x -> UDPG,27.5731966954463,3736.56616857354
Net flux,(1-G)_ALA,0*ALA.x -> ALA,29.7265835616403,4.55718601745905
Net flux,PGASink,3PGA -> Sink,100,0
Net flux,DHAPSink,TP -> Sink,100.000000000001,0
Net flux,F6PSink,F6P -> Sink,100.000000000004,0
Net flux,FBPSink,FBP -> Sink,99.9999999999947,0
Net flux,G6PSink,G6P -> Sink,99.9999999999983,0
Net flux,P5PSink,P5P -> Sink,100.000000000001,0
Net flux,R5PSink,R5P -> Sink,99.9999999999968,0
Net flux,GASink,GA -> Sink,100.000000000002,0
Net flux,SERSink,SER -> Sink,99.9999999999996,0
Net flux,GLYSink,GLY -> Sink,100.000000000001,0
Net flux,RUBPSink,RUBP -> Sink,99.9999999999987,0
Net flux,S7PSink,S7P -> Sink,99.9999999999979,0
Net flux,2PGSink,2PG -> Sink,100.000000000002,0
Net flux,ADPGSink,ADPG -> Sink,99.999999999999,0
Net flux,PEPSink,PEP -> Sink,99.9999999999983,0
Net flux,UDPGSink,UDPG -> Sink,100.000000000001,0
Net flux,ALASink,ALA -> Sink,99.9999999999998,0
Net flux,S6Pout-LL,S6P + 0.1611*GLU + 0.07177*ASP + 0.03247*ALA.c + 0.01019*dummyGLY + 0.03484*dummySER -> Sink,0.934352910062454,0.108767102373112
Net flux,PGP.p,2PG.p -> Glyc.p,18.5748612366871,0.588523399889784
Net flux,GOX,Glyc.p -> Glyx.p,18.5748612366871,0.588523399889784
Net flux,GGT,Glyx.p -> GLY.p,18.5748612366871,0.588523399889784
Net flux,SGAT,SER.p -> HPA.p,3.53607035532969,0.539898886589603
Net flux,HPR.p,HPA.p -> GA.p,3.53607035532969,0.539898886589603
Net flux,T_GLY-m net,GLY.p <-> GLY.m,18.5410497462799,5332.43937928717
Exch flux,T_GLY-m exch,GLY.p <-> GLY.m,60005.421830826,3598.09596323029
Net flux,GDC.m,GLY.m + dummy -> myTHF.m + CO2,10.8427971891899,0.550116925545536
Net flux,T_SER-m net,SER.p <-> SER.m,-10.8427971891899,0.550116925545536
Exch flux,T_SER-m exch,SER.p <-> SER.m,141.531833779525,3415.51956236682
Net flux,mSHMT,GLY.m + myTHF.m -> SER.m,10.8427971891899,0.550116925545536
Net flux,T_SER-c net,SER.p <-> SER.c,3.12025627867328,21.1055510587711
Exch flux,T_SER-c exch,SER.p <-> SER.c,0.0200362263640574,21.2598421059751
Net flux,T_Gly-c net,GLY.p <-> GLY.c,0.0242904342577233,5332.43934679766
Exch flux,T_Gly-c exch,GLY.p <-> GLY.c,4.38134944875657e-05,3785.49723761765
Net flux,cSHMT,SER.c -> GLY.c + meTHF.c,3.12025617867328,21.1055510587711
Net flux,FmTHF-reductase net,meTHF.c <-> FmTHF.c,3.12025617867328,21.1055510587711
Exch flux,FmTHF-reductase exch,meTHF.c <-> FmTHF.c,5.63280040143926,3392.38519483355
Net flux,Met-synthase,FmTHF.c + Hcy.c -> Met.c,3.12025617867326,21.1055510587711
Net flux,SAM-synthase,Met.c -> SAM.c,3.12025617867327,21.1055510587711
Net flux,Methylation,SAM.c -> SAH.c + Acceptor.c,3.12025617867326,21.1055510587711
Net flux,hydrolysis,SAH.c -> Hcy.c,3.12025617867325,21.1055510587711
Net flux,G_SER.m,0*SER.m -> SER,0.000111349077489109,3733.86516703336
Net flux,G_SER.c,0*SER.c -> SER,1.12902317894736e-06,3356.00598818607
Net flux,G_Gly.m,0*GLY.m -> GLY,0.000118756420430799,3396.8164399449
Net flux,G_Gly.c,0*GLY.c -> GLY,0.0221824277186862,3376.88748166083
Net flux,T_GLY-c-m,GLY.c -> GLY.m,3.14454463210401,5332.4394363489
Net flux,G_Glyc,0*Glyc.p -> Glyc,24.0044551917966,1.38271499934725
Net flux,G_Glyx,0*Glyx.p -> Glyx,15.8108811957252,2.02349159738856
Net flux,G_HPA,0*HPA.p -> HPA,8.0232761691037,1.32875383199789
Net flux,(1-G)_Glyc,0*Glyc.x -> Glyc,75.995544808204,1.38271499934725
Net flux,(1-G)_Glyx,0*Glyx.x -> Glyx,84.1891188042757,2.02349159738856
Net flux,(1-G)_HPA,0*HPA.x -> HPA,91.9767238308962,1.32875383199789
Net flux,GlycSink,Glyc -> Sink,100.000000000001,0
Net flux,GlyxSink,Glyx -> Sink,100.000000000001,0
Net flux,HPASink,HPA -> Sink,99.9999999999998,0
Net flux,SERex,dummySER -> outSER,4.15391470426466,21.1033787126609
Net flux,G_PYR,0*PYR.c -> PYR,34.0787481661706,2.15743780098763
Net flux,(1-G)_PYR,0*PYR.x -> PYR,65.9212518338296,2.15743780098763
Net flux,PYRSink,PYR -> Sink,100,0
Net flux,G_meTHF,0*meTHF.c -> meTHF,99.986077790733,3382.7227568664
Net flux,G_FmTHF,0*FmTHF.c -> FmTHF,82.0287148101026,2.98869293424426
Net flux,G_Met,0*Met.c -> Met,62.5599647883843,4.45207297755358
Net flux,G_SAM,0*SAM.c -> SAM,73.8320645333091,4.58982919024803
Net flux,(1-G)_meTHF,0*meTHF.x -> meTHF,0.0139222092669939,3382.7227568664
Net flux,(1-G)_FmTHF,0*FmTHF.x -> FmTHF,17.9712851898975,2.98869293424426
Net flux,(1-G)_Met,0*Met.x -> Met,37.4400352116158,4.45207297755358
Net flux,(1-G)_SAM,0*SAM.x -> SAM,26.1679354666909,4.58982919024803
Net flux,meTHFSink,meTHF -> Sink,99.9999999999999,0
Net flux,FmTHFSink,FmTHF -> Sink,100,0
Net flux,MetSink,Met -> Sink,100,0
Net flux,SAMsink,SAM -> Sink,100,0
Net flux,Met-protein,Met.c -> Protein,6.51983996113883e-15,0
Net flux,GLY-protein,GLY.c -> Protein,1.98082702507207e-06,21.1411914945142
Net flux,SER-protein,SER.c -> Protein,1.00000002056788e-07,1.02436474443088e-15
Pool,2PG pool,,0,0
Pool,2PG.p pool,,3.83116083549499e-06,3292.85321637008
Pool,2PG.x pool,,1,Inf
Pool,3PGA pool,,0,0
Pool,3PGA.c pool,,1.5848129689501e-05,3386.72585744507
Pool,3PGA.p pool,,4.10670214839705e-06,3332.94934903755
Pool,3PGA.x pool,,1,Inf
Pool,ACA pool,,2.49650949837383e-06,3405.75613838025
Pool,ADPG pool,,0,0
Pool,ADPG.p pool,,9.9999999999999e-08,Inf
Pool,ADPG.x pool,,1,Inf
Pool,AKG pool,,2.62855325197661e-06,3389.90483652085
Pool,ALA pool,,0,0
Pool,ALA.c pool,,0.00615508500338036,0.00158180338339166
Pool,ALA.x pool,,1,Inf
Pool,ASN pool,,7566.06819373588,3439.04371049639
Pool,ASP pool,,0.00270016310801273,0.00241734153883352
Pool,Acceptor.c pool,,1,Inf
Pool,CIT pool,,6.72183271570877,4.78940773295999
Pool,CO2 pool,,0.000393363448682424,3372.00107404498
Pool,CO2.t pool,,1,Inf
Pool,E4P.p pool,,0,0
Pool,EC2 pool,,0,0
Pool,F6P pool,,0,0
Pool,F6P.c pool,,3.82969279102491e-06,3327.64837315076
Pool,F6P.p pool,,4.07940948439654e-06,3483.56083683838
Pool,F6P.x pool,,1,Inf
Pool,FBP pool,,0,0
Pool,FBP.c pool,,3.82964878615044e-06,3307.46962940775
Pool,FBP.p pool,,3.96387223193214e-06,3620.02438289972
Pool,FBP.x pool,,1,Inf
Pool,FmTHF pool,,0.658453437851583,0.612971868022439
Pool,FmTHF.c pool,,2.52496821046504e-06,3428.29796218302
Pool,FmTHF.x pool,,1,Inf
Pool,G6P pool,,0,0
Pool,G6P.c pool,,9.87476638565752e-06,3414.22244479037
Pool,G6P.p pool,,3.90193675803098e-06,3349.58532085578
Pool,G6P.x pool,,1,Inf
Pool,GA pool,,0,0
Pool,GA.p pool,,4.22888310596801e-06,3453.12622419276
Pool,GA.x pool,,1,Inf
Pool,GLN pool,,8.83867754988718,3576.05729940207
Pool,GLU pool,,2.62854505198724e-06,3467.76984377752
Pool,GLY pool,,0,0
Pool,GLY.c pool,,0.272087380394015,1.81409104713229
Pool,GLY.m pool,,1.01019852095968,0.11681293881197
Pool,GLY.p pool,,0.000425602803749804,3521.18317303128
Pool,GLY.x pool,,1,Inf
Pool,Glyc pool,,8.99447434701018,2.01966009690333
Pool,Glyc.p pool,,2.33493019547359e-05,3357.80812092079
Pool,Glyc.x pool,,1,Inf
Pool,Glyx pool,,16.0723703858977,5.13331012163186
Pool,Glyx.p pool,,3.66909286682355e-05,3399.88685177477
Pool,Glyx.x pool,,1,Inf
Pool,HPA pool,,0.000178199070319413,3460.16015073639
Pool,HPA.p pool,,3.15929510114352e-06,3408.259595449
Pool,HPA.x pool,,1,Inf
Pool,Hcy.c pool,,1,Inf
Pool,ICI pool,,0.00389368548313959,3325.0078513188
Pool,MAL pool,,0.608137512776194,0.147702262211939
Pool,Met pool,,0.00234552844375579,3211.19415448264
Pool,Met.c pool,,2.54038622416994e-06,3261.06286088418
Pool,Met.x pool,,1,Inf
Pool,OAA pool,,0.132019794288329,0.0441310549326536
Pool,P5P pool,,0,0
Pool,PEP pool,,0,0
Pool,PEP.c pool,,5.48283683358279e-06,3422.65989564128
Pool,PEP.x pool,,1,Inf
Pool,PRO pool,,5.39499638371469,3716.91199180049
Pool,PYR pool,,1e-07,0
Pool,PYR.c pool,,0.0157303046336997,0.00357627111785601
Pool,PYR.x pool,,1,Inf
Pool,Protein pool,,1,Inf
Pool,R5P pool,,0,0
Pool,R5P.p pool,,4.93308878964266e-05,3522.17191369484
Pool,R5P.x pool,,1,Inf
Pool,RU5P.p pool,,3.95709280917508e-06,3556.91361481499
Pool,RU5P.x pool,,1,Inf
Pool,RUBP pool,,0,0
Pool,RUBP.p pool,,3.98044605474798e-06,3532.79544096225
Pool,RUBP.x pool,,1,Inf
Pool,S6P pool,,1,Inf
Pool,S7P pool,,0,0
Pool,S7P.p pool,,4.25673671157275e-06,3569.96018216402
Pool,S7P.x pool,,1,Inf
Pool,SAH.c pool,,1,Inf
Pool,SAM pool,,7.09840237281283,1.87984960954875
Pool,SAM.c pool,,2.78612498412809e-06,3236.03053045916
Pool,SAM.x pool,,1,Inf
Pool,SBP pool,,0,0
Pool,SER pool,,0,0
Pool,SER.c pool,,1.00000000002876e-07,0
Pool,SER.m pool,,0.860033208798121,0.0969086653710893
Pool,SER.p pool,,0.00113915714288813,3430.23912574366
Pool,SER.x pool,,1,Inf
Pool,Sink pool,,1,Inf
Pool,Starch pool,,1,Inf
Pool,THR pool,,3889.78285144408,3497.03386077295
Pool,TP pool,,0,0
Pool,TP.c pool,,4.18761401689942e-06,3391.97447762347
Pool,TP.p pool,,4.27908792131704e-06,3373.95457689074
Pool,TP.x pool,,1,Inf
Pool,UDPG pool,,0,0
Pool,UDPG.c pool,,0.141809051144343,3402.3468850706
Pool,UDPG.x pool,,1,Inf
Pool,X5P.p pool,,4.07408798293087e-06,3243.08645828706
Pool,dummy pool,,1,Inf
Pool,dummyGLY pool,,1,Inf
Pool,dummySER pool,,1,Inf
Pool,meTHF pool,,1.68748080322605,1.05411884785192
Pool,meTHF.c pool,,2.52529110189191e-06,3425.77806573448
Pool,meTHF.x pool,,1,Inf
Pool,myTHF.m pool,,1.00000000030631e-07,0
Pool,outSER pool,,1,Inf
Norm,Experiment1 Glyc205 #1 norm,,0.967335578726027,0.0127492300119376
Norm,Experiment1 Glyc205 #2 norm,,0.997743233040758,0.0225434109754408
Norm,Experiment1 Glyc205 #3 norm,,0.971436890264592,0.0187253778457599
Norm,Experiment1 Glyc205 #4 norm,,0.999547047440623,0.0303747671705662
Norm,Experiment1 Glyc205 #5 norm,,0.999164914618619,0.0376002753536901
Norm,Experiment1 Glyc205 #6 norm,,1.01326458165676,0.0272057223899341
Norm,Experiment1 Glyc205 #7 norm,,1.01666748522697,0.0377790484147039
Norm,Experiment1 Glyc205 #8 norm,,0.966448795340412,0.0305551656882838
Norm,Experiment1 Glyx160 #1 norm,,0.976948810962843,0.0106877810261031
Norm,Experiment1 Glyx160 #2 norm,,0.979414242037735,0.0132116043020642
Norm,Experiment1 Glyx160 #3 norm,,0.93627442747346,0.0166231232777796
Norm,Experiment1 Glyx160 #4 norm,,1.01207526742759,0.0151497807301842
Norm,Experiment1 Glyx160 #5 norm,,0.952437044029703,0.0334585549104898
Norm,Experiment1 Glyx160 #6 norm,,1.03849732224088,0.0208409451131225
Norm,Experiment1 Glyx160 #7 norm,,0.985056091623102,0.039460377470516
Norm,Experiment1 Glyx160 #8 norm,,1.00330883313424,0.0400239305684965
Norm,Experiment1 GLY276 #1 norm,,0.997419793106744,0.0101870114213939
Norm,Experiment1 GLY276 #2 norm,,1.01050866526617,0.0210212539178157
Norm,Experiment1 GLY276 #3 norm,,1.03557070320106,0.0432762205797597
Norm,Experiment1 GLY276 #4 norm,,0.998747166034487,0.0598285560862327
Norm,Experiment1 GLY276 #5 norm,,1.02538327414459,0.122493578787214
Norm,Experiment1 GLY276 #6 norm,,0.976731536422853,0.0923462987375149
Norm,Experiment1 GLY276 #7 norm,,1.01912371786144,0.0919155865949403
Norm,Experiment1 GLY276 #8 norm,,1.00679574028989,0.0778067561278583
Norm,Experiment1 HPA262 #1 norm,,0.994384385559784,0.0108478600026055
Norm,Experiment1 HPA262 #2 norm,,0.939388517482098,0.0275027697937626
Norm,Experiment1 HPA262 #3 norm,,0.975061430501343,0.0133615879025806
Norm,Experiment1 HPA262 #4 norm,,0.919387431732991,0.0321843651634575
Norm,Experiment1 HPA262 #5 norm,,0.949611848950832,0.023819339590832
Norm,Experiment1 HPA262 #6 norm,,0.940432973581069,0.033484376461636
Norm,Experiment1 HPA262 #7 norm,,0.979759250858005,0.0243786565203402
Norm,Experiment1 HPA262 #8 norm,,1.06625012893656,0.0245476708170998
Norm,Experiment1 GA307 #1 norm,,0.993042113787529,0.012106775413646
Norm,Experiment1 GA307 #2 norm,,0.930423029646043,0.0288394479785218
Norm,Experiment1 GA307 #3 norm,,0.966408085997018,0.0300644883620746
Norm,Experiment1 GA307 #4 norm,,1.00520405129743,0.019644134094235
Norm,Experiment1 GA307 #5 norm,,0.936850004269503,0.0549154075331109
Norm,Experiment1 GA307 #6 norm,,1.0325614372196,0.0400715252427317
Norm,Experiment1 GA307 #7 norm,,0.995909565869844,0.0439174948501694
Norm,Experiment1 GA307 #8 norm,,0.969980274996933,0.0332360355164922
Norm,Experiment1 SER306 #1 norm,,1.01246710377332,0.0144194926473116
Norm,Experiment1 SER306 #2 norm,,1.02848491219366,0.0150935253943946
Norm,Experiment1 SER306 #3 norm,,0.974055813260032,0.0379359954654034
Norm,Experiment1 SER306 #4 norm,,1.0242424676119,0.0456532723304337
Norm,Experiment1 SER306 #5 norm,,1.01989130651333,0.0952121074047824
Norm,Experiment1 SER306 #6 norm,,0.831082946241503,0.0569976859746096
Norm,Experiment1 SER306 #7 norm,,0.9967351221824,0.0454704588960594
Norm,Experiment1 SER306 #8 norm,,1.00271275358739,0.0904064648919067
Norm,Experiment1 meTHF #1 norm,,1.01305673882139,0.0100689688953174
Norm,Experiment1 meTHF #2 norm,,1.00159334404665,0.00998449935108345
Norm,Experiment1 meTHF #3 norm,,0.993730642259965,0.0633982165669002
Norm,Experiment1 meTHF #4 norm,,0.992304374982988,0.0541502321993351
Norm,Experiment1 meTHF #5 norm,,0.990323330974669,0.0936011997329189
Norm,Experiment1 meTHF #6 norm,,0.983956110569312,0.110968163300569
Norm,Experiment1 meTHF #7 norm,,0.948163745631552,0.0614673543650704
Norm,Experiment1 meTHF #8 norm,,1.02050317319924,0.0930951572475875
Norm,Experiment1 FmTHF #1 norm,,1.00000533028097,0.0100226583858652
Norm,Experiment1 FmTHF #2 norm,,1.03336113746608,0.023610266612339
Norm,Experiment1 FmTHF #3 norm,,0.98574817209474,0.0332417291789723
Norm,Experiment1 FmTHF #4 norm,,0.993566693738789,0.0266696042437884
Norm,Experiment1 FmTHF #5 norm,,0.989664686804403,0.05669888979312
Norm,Experiment1 FmTHF #6 norm,,1.00091080648781,0.0653700786568489
Norm,Experiment1 FmTHF #7 norm,,1.00144619705295,0.0553650330954947
Norm,Experiment1 FmTHF #8 norm,,1.06709316598505,0.0923886626488263
Norm,Experiment1 Met176 #1 norm,,0.967541327022033,0.0249334354236328
Norm,Experiment1 Met176 #2 norm,,0.901711452707134,0.0301597947483316
Norm,Experiment1 Met176 #3 norm,,0.856830156984809,0.0520786736053536
Norm,Experiment1 Met176 #4 norm,,0.936103431189578,0.0357869851081545
Norm,Experiment1 Met176 #5 norm,,0.954309953944889,0.072014488950339
Norm,Experiment1 Met176 #6 norm,,1.00519615579705,0.119753917565709
Norm,Experiment1 Met176 #7 norm,,1.00809836793895,0.127817876143332
Norm,Experiment1 Met176 #8 norm,,0.998899828133695,0.123050019512621
Norm,Experiment1 SAM #1 norm,,0.993441160266193,0.0117563420516252
Norm,Experiment1 SAM #2 norm,,0.99110302652772,0.012011405480374
Norm,Experiment1 SAM #3 norm,,0.994997413056917,0.0138196791827009
Norm,Experiment1 SAM #4 norm,,1.03437751572485,0.0211631877595234
Norm,Experiment1 SAM #5 norm,,1.0000711539169,0.0406414915446838
Norm,Experiment1 SAM #6 norm,,0.988906978812987,0.057877828534728
Norm,Experiment1 SAM #7 norm,,1.00862378927412,0.106390673380605
Norm,Experiment1 SAM #8 norm,,0.984192408937614,0.0833692886136221
Norm,Experiment1 CIT465 #1 norm,,0.990241099136204,0.011689312370232
Norm,Experiment1 CIT465 #2 norm,,0.965484067847443,0.0130938667061075
Norm,Experiment1 CIT465 #3 norm,,0.95473152392681,0.0111019286357644
Norm,Experiment1 CIT465 #4 norm,,1.01402936671357,0.017112866166816
Norm,Experiment1 CIT465 #5 norm,,0.983620970734663,0.0129377050758978
Norm,Experiment1 CIT465 #6 norm,,0.963633980338356,0.012204695837053
Norm,Experiment1 CIT465 #7 norm,,1.0039765760997,0.0121012875947995
Norm,Experiment1 CIT465 #8 norm,,1.00272157118917,0.0194726523872088
Norm,Experiment1 MAL335 #1 norm,,0.984900531360014,0.0121329328890136
Norm,Experiment1 MAL335 #2 norm,,0.996335687121734,0.0108145525235903
Norm,Experiment1 MAL335 #3 norm,,0.97804834786613,0.0101163010379829
Norm,Experiment1 MAL335 #4 norm,,0.991141402880274,0.0146693627126878
Norm,Experiment1 MAL335 #5 norm,,0.952552685743272,0.0134727732878396
Norm,Experiment1 MAL335 #6 norm,,1.01738545878004,0.0147844526185531
Norm,Experiment1 MAL335 #7 norm,,0.934707615414006,0.021105464410477
Norm,Experiment1 MAL335 #8 norm,,1.00196639882512,0.0349483325310742
Norm,Experiment1 ASP334 #1 norm,,0.987307071223885,0.0224350224484103
Norm,Experiment1 ASP334 #2 norm,,0.977519461754163,0.0296167957201257
Norm,Experiment1 ASP334 #3 norm,,0.948458490424357,0.0205503377375928
Norm,Experiment1 ASP334 #4 norm,,0.956268472120317,0.0224251232353146
Norm,Experiment1 ASP334 #5 norm,,0.943864281131944,0.0308425827193516
Norm,Experiment1 ASP334 #6 norm,,0.950688586217991,0.0324154220473018
Norm,Experiment1 ASP334 #7 norm,,0.977028191604738,0.0298830484430339
Norm,Experiment1 ASP334 #8 norm,,0.960455317664679,0.0786519876890009
Norm,Experiment1 GLU348 #1 norm,,1.00752959190331,0.0217913598829001
Norm,Experiment1 GLU348 #2 norm,,0.980556430046287,0.019488956223661
Norm,Experiment1 GLU348 #3 norm,,1.01233252049598,0.0116528552360175
Norm,Experiment1 GLU348 #4 norm,,0.98433400050043,0.0359648770473423
Norm,Experiment1 GLU348 #5 norm,,1.03704107296708,0.0243273649813496
Norm,Experiment1 GLU348 #6 norm,,1.00372543856198,0.0130769284859467
Norm,Experiment1 GLU348 #7 norm,,0.99183595329776,0.0139629097002841
Norm,Experiment1 GLU348 #8 norm,,0.981864983367509,0.0216068728260819
Norm,Experiment1 THR320 #1 norm,,0.980948375945097,0.0101179184238357
Norm,Experiment1 THR320 #2 norm,,1.02522240665325,0.014575086645012
Norm,Experiment1 THR320 #3 norm,,1.02032313162679,0.0105806410702905
Norm,Experiment1 THR320 #4 norm,,0.908114134370504,0.0270395985749813
Norm,Experiment1 THR320 #5 norm,,1.01250704067187,0.0218020359844548
Norm,Experiment1 THR320 #6 norm,,1.03066925240063,0.0117001799766771
Norm,Experiment1 THR320 #7 norm,,0.977847771062756,0.0137972785801798
Norm,Experiment1 THR320 #8 norm,,0.877604351772834,0.0237572204934086
Norm,Experiment1 ALA116 #1 norm,,1.00100405516292,0.0100703498641372
Norm,Experiment1 ALA116 #2 norm,,1.00617082572661,0.010090127151949
Norm,Experiment1 ALA116 #3 norm,,1.02819566470784,0.0187915233333812
Norm,Experiment1 ALA116 #4 norm,,1.08191965040476,0.0228627442715438
Norm,Experiment1 ALA116 #5 norm,,0.978343044005588,0.0990122752065321
Norm,Experiment1 ALA116 #6 norm,,0.961116298806268,0.085522949279026
Norm,Experiment1 ALA116 #7 norm,,1.0179619828543,0.0594753601377346
Norm,Experiment1 ALA116 #8 norm,,0.946225625938576,0.0849103934790934
Norm,Experiment1 PYR #1 norm,,0.963798889431249,0.0171580561978101
Norm,Experiment1 PYR #2 norm,,0.978091891221999,0.0456359431131589
Norm,Experiment1 PYR #3 norm,,0.830582308717368,0.117739499735451
Norm,Experiment1 PYR #4 norm,,1.0501517608093,0.0468224404094343
Norm,Experiment1 PYR #5 norm,,1.02365996148238,0.0507707445629467
Norm,Experiment1 PYR #6 norm,,1.02782375911652,0.0493040292269672
Norm,Experiment1 PYR #7 norm,,0.999694105539967,0.113731649381566
Norm,Experiment1 PYR #8 norm,,1.01486827952382,0.0588512065030938
