type,id,eqn,val,std
Net flux,CO2.t,CO2.t -> CO2,48.3457753101736,1.09221669869351
Net flux,CO2_sink,dummy -> Sink,48.3457753101736,1.09221669869351
Net flux,RUBICSO_CO2,RUBP.p + CO2 -> 3PGA.p + 3PGA.p + dummy,57.3459751885052,1.18429294597908
Net flux,GAPDH.p net,3PGA.p <-> TP.p,137.864773298395,2.65943645847174
Exch flux,GAPDH.p exch,3PGA.p <-> TP.p,1.0000000116861e-07,2.31915695939273e-13
Net flux,ALD,TP.p + E4P.p -> SBP,24.9116327691952,0.473067770914956
Net flux,SBP,SBP -> S7P.p,24.9116327691952,0.473067770914956
Net flux,FBA.p net,TP.p + TP.p <-> FBP.p,29.6708296627294,0.652170366469745
Exch flux,FBA.p exch,TP.p + TP.p <-> FBP.p,21504.1938279271,1660.66471426292
Net flux,PFK.p net,FBP.p <-> F6P.p,29.6708296627325,0.652170366469745
Exch flux,PFK.p exch,FBP.p <-> F6P.p,1.00027392591073e-07,2.80909733062345e-13
Net flux,TK1 net,TP.p + EC2 <-> X5P.p,49.8232655383904,0.946135541829911
Exch flux,TK1 exch,TP.p + EC2 <-> X5P.p,1.0000000116861e-07,0
Net flux,TK2 net,S7P.p <-> R5P.p + EC2,24.9116327691952,0.473067770914956
Exch flux,TK2 exch,S7P.p <-> R5P.p + EC2,39.4700548475499,3747.30475553175
Net flux,TK3 net,F6P.p <-> E4P.p + EC2,24.9116327691945,0.473067770914956
Exch flux,TK3 exch,F6P.p <-> E4P.p + EC2,6903.6329769459,3674.43120464804
Net flux,PPE net,X5P.p <-> RU5P.p,49.8232655383904,0.946135541829911
Exch flux,PPE exch,X5P.p <-> RU5P.p,73.3496398896695,3736.12889143527
Net flux,PPI net,R5P.p <-> RU5P.p,24.9116327691953,0.473067770914956
Exch flux,PPI exch,R5P.p <-> RU5P.p,241.790679920769,3823.62809510473
Net flux,PRK,RU5P.p -> RUBP.p,74.7348983075857,1.41920331277198
Net flux,RUBISCO_O2,RUBP.p -> 3PGA.p + 2PG.p,17.3889231190805,0.60323816926031
Net flux,GLYdil net,GLY.p <-> GLY.x + dummyGLY,0.0096504794074761,0.00108617427833784
Exch flux,GLYdil exch,GLY.p <-> GLY.x + dummyGLY,0.57405549923152,0.106695321787161
Net flux,SERdil net,SER.p <-> SER.x + dummySER,2.2759114133026,0.514825243601171
Exch flux,SERdil exch,SER.p <-> SER.x + dummySER,1.00002736758142e-07,8.12627428342666e-13
Net flux,GK,GA.p -> 3PGA.p,6.18776147438513,0.491753594387273
Net flux,PGI.p net,F6P.p <-> G6P.p,4.75919689353645,0.336136525510941
Exch flux,PGI.p exch,F6P.p <-> G6P.p,1.0001645733837e-07,3754.21595066258
Net flux,PGM.p,G6P.p -> ADPG.p,4.75919689353645,0.336136525510941
Net flux,Starch,ADPG.p -> Starch,4.75919689353643,0.336136525510941
Net flux,FBA.c net,TP.c + TP.c <-> FBP.c,1.89410783267159,0.213184353202732
Exch flux,FBA.c exch,TP.c + TP.c <-> FBP.c,20.3948407721778,3851.16807305569
Net flux,PFK.c net,FBP.c <-> F6P.c,1.8941078326716,0.213184353202732
Exch flux,PFK.c exch,FBP.c <-> F6P.c,5.04804323755644,4002.1790794472
Net flux,PGI.c net,F6P.c <-> G6P.c,0.947053916335818,0.106592176601366
Exch flux,PGI.c exch,F6P.c <-> G6P.c,227.220592361661,2436.73105352045
Net flux,PGM.c net,G6P.c <-> UDPG.c,0.947053916330333,0.106592176601366
Exch flux,PGM.c exch,G6P.c <-> UDPG.c,48481.4257672944,3885.29868410932
Net flux,SPS,F6P.c + UDPG.c -> S6P,0.947053916335765,0.106592176601366
Net flux,PGAM.c net,3PGA.c <-> PEP.c,0.403861672081161,0.0454551677710637
Exch flux,PGAM.c exch,3PGA.c <-> PEP.c,3.45976109454072,3699.35705092096
Net flux,PK.c,PEP.c -> PYR.c,0.183321226585043,0.0206330476236943
Net flux,PDH,PYR.c + dummy -> ACA + CO2,0.15257038592195,0.0171719996444956
Net flux,CS,OAA + ACA -> CIT,0.152570385921946,0.0171719996444956
Net flux,ACO net,CIT <-> ICI,0.15257038592199,0.0171719996444956
Exch flux,ACO exch,CIT <-> ICI,1728.39734746534,3751.62251614741
Net flux,IDH,ICI + dummy -> AKG + CO2,0.152570385921962,0.0171719996444956
Net flux,MDH net,MAL <-> OAA,2.1316282072803e-14,0
Exch flux,MDH exch,MAL <-> OAA,0.452971154897874,0.10188998825608
Net flux,PPC,PEP.c + CO2 -> OAA + dummy,0.220540445497,0.0248221201554953
Net flux,T_3PGA net,3PGA.p <-> 3PGA.c,0.403861672081142,0.0454551677710637
Exch flux,T_3PGA exch,3PGA.p <-> 3PGA.c,0.104124118581865,4.6075512095368
Net flux,T_DHAP net,TP.p <-> TP.c,3.78821566534322,0.426368706405464
Exch flux,T_DHAP exch,TP.p <-> TP.c,9.99999998363421e-08,0
Net flux,ALT,PYR.c -> ALA.c,0.0307508406634593,0.00346104797317309
Net flux,ASPT,OAA -> ASP,0.0679700595754891,0.00765012051288487
Net flux,GLUDH,AKG -> GLU,0.152570385921939,0.0171719996444956
Net flux,PCR net,GLU <-> PRO,-2.48689957516035e-14,0
Exch flux,PCR exch,GLU <-> PRO,1.05841262865169e-07,0
Net flux,GS net,GLU <-> GLN,0,0
Exch flux,GS exch,GLU <-> GLN,1.05884630841047e-07,0
Net flux,TS net,ASP <-> THR,0,0
Exch flux,TS exch,ASP <-> THR,1.0000000116861e-07,0
Net flux,AS net,ASP <-> ASN,1.06581410364015e-14,0
Exch flux,AS exch,ASP <-> ASN,1.0000000116861e-07,0
Net flux,G_3PGA.p,0*3PGA.p -> 3PGA,2.46866295583459e-06,4749.11083326771
Net flux,G_3PGA.c,0*3PGA.c -> 3PGA,92.9119081391661,2356.58964156914
Net flux,G_DHAP.p,0*TP.p -> TP,40.685379842242,5377.76323690518
Net flux,G_DHAP.c,0*TP.c -> TP,51.8471856996947,3884.96365953841
Net flux,G_F6P.p,0*F6P.p -> F6P,48.6686345030749,5028.36921786543
Net flux,G_F6P.c,0*F6P.c -> F6P,36.546576817712,3029.40267165138
Net flux,G_FBP.p,0*FBP.p -> FBP,2.46866129316459e-06,4723.70051749484
Net flux,G_FBP.c,0*FBP.c -> FBP,83.4512310454891,3029.40267165138
Net flux,G_G6P.p,0*G6P.p -> G6P,19.0549768397257,4823.05147755672
Net flux,G_G6P.c,0*G6P.c -> G6P,58.8549499993083,3029.40267165138
Net flux,G_RU5P.p,0*RU5P.p -> P5P,2.46865371877902e-06,4680.68676604371
Net flux,G_X5P.p,0*X5P.p -> P5P,92.8477691501936,3029.40267165138
Net flux,G_R5P.p,0*R5P.p -> R5P,82.2810779884949,4257.73801191314
Net flux,G_GA.p,0*GA.p -> GA,34.2439065672507,1.37390841166246
Net flux,G_SER.p,0*SER.p -> SER,86.3668069854336,3845.30082509397
Net flux,G_GLY.p,0*GLY.p -> GLY,18.2318987353191,4011.43035403659
Net flux,G_RUBP.p,0*RUBP.p -> RUBP,92.5302752673063,3522.04309440901
Net flux,G_S7P.p,0*S7P.p -> S7P,98.4567310636212,3659.39381477172
Net flux,G_2PG.p,0*2PG.p -> 2PG,87.0427532706349,3654.30613012335
Net flux,G_ADPG.p,0*ADPG.p -> ADPG,95.0805622183377,3941.14789580035
Net flux,G_PEP.c,0*PEP.c -> PEP,89.2305410445615,3784.74155886618
Net flux,G_UDPG.c,0*UDPG.c -> UDPG,72.4268033045549,3407.65426678763
Net flux,G_ALA.c,0*ALA.c -> ALA,69.0212113739743,5.29896147337534
Net flux,(1-G)_GA,0*GA.x -> GA,65.7560934327514,1.37390841166246
Net flux,(1-G)_SER,0*SER.x -> SER,13.6331660789973,1.59238485821593
Net flux,(1-G)_GLY,0*GLY.x -> GLY,37.3241898253137,2.24436931191749
Net flux,(1-G)_R5P,0*R5P.x -> R5P,17.718922011502,4257.73801191314
Net flux,(1-G)_RUBP,0*RUBP.x -> RUBP,7.46972473269241,3522.04309440901
Net flux,(1-G)_3PGA,0*3PGA.x -> 3PGA,7.0880893921712,4159.868550631
Net flux,(1-G)_TP,0*TP.x -> TP,7.46743445806383,3692.17214806317
Net flux,(1-G)_F6P,0*F6P.x -> F6P,14.7847886792169,4013.37967854625
Net flux,(1-G)_FBP,0*FBP.x -> FBP,16.5487664858443,3624.37112227383
Net flux,(1-G)_G6P,0*G6P.x -> G6P,22.0900731609643,3752.93818336427
Net flux,(1-G)_RU5P,0*RU5P.x -> P5P,7.15222838115414,3568.12948963574
Net flux,(1-G)_S7P,0*S7P.x -> S7P,1.54326893637677,3659.39381477172
Net flux,(1-G)_2PG,0*2PG.x -> 2PG,12.9572467293675,3654.30613012335
Net flux,(1-G)_ADPG,0*ADPG.x -> ADPG,4.91943778166132,3941.14789580035
Net flux,(1-G)_PEP,0*PEP.x -> PEP,10.7694589554367,3784.74155886618
Net flux,(1-G)_UDPG,0*UDPG.x -> UDPG,27.5731966954463,3407.65426678763
Net flux,(1-G)_ALA,0*ALA.x -> ALA,30.9787886260255,5.29896147337534
Net flux,PGASink,3PGA -> Sink,100,0
Net flux,DHAPSink,TP -> Sink,100.000000000001,0
Net flux,F6PSink,F6P -> Sink,100.000000000004,0
Net flux,FBPSink,FBP -> Sink,99.9999999999947,0
Net flux,G6PSink,G6P -> Sink,99.9999999999983,0
Net flux,P5PSink,P5P -> Sink,100.000000000001,0
Net flux,R5PSink,R5P -> Sink,99.9999999999968,0
Net flux,GASink,GA -> Sink,100.000000000002,0
Net flux,SERSink,SER -> Sink,99.9999999999996,0
Net flux,GLYSink,GLY -> Sink,100.000000000001,0
Net flux,RUBPSink,RUBP -> Sink,99.9999999999987,0
Net flux,S7PSink,S7P -> Sink,99.9999999999979,0
Net flux,2PGSink,2PG -> Sink,100.000000000002,0
Net flux,ADPGSink,ADPG -> Sink,99.999999999999,0
Net flux,PEPSink,PEP -> Sink,99.9999999999983,0
Net flux,UDPGSink,UDPG -> Sink,100.000000000001,0
Net flux,ALASink,ALA -> Sink,99.9999999999998,0
Net flux,S6Pout-LL,S6P + 0.1611*GLU + 0.07177*ASP + 0.03247*ALA.c + 0.01019*dummyGLY + 0.03484*dummySER -> Sink,0.9470539163358,0.106592176601366
Net flux,PGP.p,2PG.p -> Glyc.p,17.3889231190805,0.60323816926031
Net flux,GOX,Glyc.p -> Glyx.p,17.3889231190805,0.60323816926031
Net flux,GGT,Glyx.p -> GLY.p,17.3889231190805,0.60323816926031
Net flux,SGAT,SER.p -> HPA.p,6.18776147438512,0.491753594387273
Net flux,HPR.p,HPA.p -> GA.p,6.18776147438511,0.491753594387273
Net flux,T_GLY-m net,GLY.p <-> GLY.m,17.3848352652858,3918.51594006957
Exch flux,T_GLY-m exch,GLY.p <-> GLY.m,191212.927890225,3764.11646232224
Net flux,GDC.m,GLY.m + dummy -> myTHF.m + CO2,8.91559955198541,0.423125226027447
Net flux,T_SER-m net,SER.p <-> SER.m,-8.91559955198541,0.423125226027447
Exch flux,T_SER-m exch,SER.p <-> SER.m,11.1887971277418,3362.81292065738
Net flux,mSHMT,GLY.m + myTHF.m -> SER.m,8.91559955198541,0.423125226027447
Net flux,T_SER-c net,SER.p <-> SER.c,0.451926664297678,0.777636256880974
Exch flux,T_SER-c exch,SER.p <-> SER.c,1.8358335818908,1.63188303326902
Net flux,T_Gly-c net,GLY.p <-> GLY.c,-0.00556262559573018,3918.51589362165
Exch flux,T_Gly-c exch,GLY.p <-> GLY.c,1.00000000724521e-07,0
Net flux,cSHMT,SER.c -> GLY.c + meTHF.c,0.45192656429768,0.77763625690066
Net flux,FmTHF-reductase net,meTHF.c <-> FmTHF.c,0.451926564297681,0.77763625690066
Exch flux,FmTHF-reductase exch,meTHF.c <-> FmTHF.c,8.33480360073624,3615.87941363273
Net flux,Met-synthase,FmTHF.c + Hcy.c -> Met.c,0.45192656429766,0.77763625690066
Net flux,SAM-synthase,Met.c -> SAM.c,0.451926564297669,0.77763625690066
Net flux,Methylation,SAM.c -> SAH.c + Acceptor.c,0.451926564297664,0.77763625690066
Net flux,hydrolysis,SAH.c -> Hcy.c,0.451926564297656,0.77763625690066
Net flux,G_SER.m,0*SER.m -> SER,1.0000000116861e-07,0
Net flux,G_SER.c,0*SER.c -> SER,2.68355686507959e-05,3845.30049534861
Net flux,G_Gly.m,0*GLY.m -> GLY,0.000868192649580379,4011.42837966403
Net flux,G_Gly.c,0*GLY.c -> GLY,44.4430432467188,4.99204767961663
Net flux,T_GLY-c-m,GLY.c -> GLY.m,0.446363838702073,3918.5159707888
Net flux,G_Glyc,0*Glyc.p -> Glyc,22.8162391422211,1.27883482031903
Net flux,G_Glyx,0*Glyx.p -> Glyx,11.0302064265309,1.17618736147568
Net flux,G_HPA,0*HPA.p -> HPA,6.09400866151546,1.17847847699403
Net flux,(1-G)_Glyc,0*Glyc.x -> Glyc,77.1837608577795,1.27883482031903
Net flux,(1-G)_Glyx,0*Glyx.x -> Glyx,88.96979357347,1.17618736147568
Net flux,(1-G)_HPA,0*HPA.x -> HPA,93.9059913384844,1.17847847699403
Net flux,GlycSink,Glyc -> Sink,100.000000000001,0
Net flux,GlyxSink,Glyx -> Sink,100.000000000001,0
Net flux,HPASink,HPA -> Sink,99.9999999999998,0
Net flux,SERex,dummySER -> outSER,2.24291301860209,0.515416726648833
Net flux,G_PYR,0*PYR.c -> PYR,31.4735952843203,1.77608333658313
Net flux,(1-G)_PYR,0*PYR.x -> PYR,68.52640471568,1.77608333658313
Net flux,PYRSink,PYR -> Sink,100,0
Net flux,G_meTHF,0*meTHF.c -> meTHF,85.4771427720685,3.16797774511176
Net flux,G_FmTHF,0*FmTHF.c -> FmTHF,68.2869189366931,2.30560329648408
Net flux,G_Met,0*Met.c -> Met,58.5756975882749,3.82049979212313
Net flux,G_SAM,0*SAM.c -> SAM,59.5198065605369,3.05339964774601
Net flux,(1-G)_meTHF,0*meTHF.x -> meTHF,14.5228572279314,3.16797774511176
Net flux,(1-G)_FmTHF,0*FmTHF.x -> FmTHF,31.713081063307,2.30560329648408
Net flux,(1-G)_Met,0*Met.x -> Met,41.4243024117251,3.82049979212313
Net flux,(1-G)_SAM,0*SAM.x -> SAM,40.4801934394631,3.05339964774601
Net flux,meTHFSink,meTHF -> Sink,99.9999999999999,0
Net flux,FmTHFSink,FmTHF -> Sink,100,0
Net flux,MetSink,Met -> Sink,100,0
Net flux,SAMsink,SAM -> Sink,100,0
Net flux,Met-protein,Met.c -> Protein,6.51983996113883e-15,0
Net flux,GLY-protein,GLY.c -> Protein,9.99999079098757e-08,8.10310887417844e-13
Net flux,SER-protein,SER.c -> Protein,1.00000002056788e-07,6.98611459118979e-13
Pool,2PG pool,,0,0
Pool,2PG.p pool,,1.33116278525258e-07,3726.31375011448
Pool,2PG.x pool,,1,Inf
Pool,3PGA pool,,0,0
Pool,3PGA.c pool,,0.0082582046400741,0.00485790305332429
Pool,3PGA.p pool,,1.44343640689272e-07,3616.16693330659
Pool,3PGA.x pool,,1,Inf
Pool,ACA pool,,5.74028646419074e-07,3743.0517345439
Pool,ADPG pool,,0,0
Pool,ADPG.p pool,,9.9999999999999e-08,Inf
Pool,ADPG.x pool,,1,Inf
Pool,AKG pool,,5.08709911722423e-07,3720.7895464475
Pool,ALA pool,,0,0
Pool,ALA.c pool,,0.00605004314301807,0.0015904738230869
Pool,ALA.x pool,,1,Inf
Pool,ASN pool,,7566.06819363225,3910.61720442131
Pool,ASP pool,,1.00000000000002e-07,0
Pool,Acceptor.c pool,,1,Inf
Pool,CIT pool,,18.6127098191684,4111.23715880321
Pool,CO2 pool,,0.288814473564977,0.159751823615733
Pool,CO2.t pool,,1,Inf
Pool,E4P.p pool,,0,0
Pool,EC2 pool,,0,0
Pool,F6P pool,,0,0
Pool,F6P.c pool,,3.82970802289172e-06,3579.77229329648
Pool,F6P.p pool,,1e-07,0
Pool,F6P.x pool,,1,Inf
Pool,FBP pool,,0,0
Pool,FBP.c pool,,3.82966388591953e-06,3565.9527743908
Pool,FBP.p pool,,1e-07,0
Pool,FBP.x pool,,1,Inf
Pool,FmTHF pool,,0.10684994510552,3861.41495935354
Pool,FmTHF.c pool,,1e-07,0
Pool,FmTHF.x pool,,1,Inf
Pool,G6P pool,,0,0
Pool,G6P.c pool,,9.87486744701756e-06,3886.60409660921
Pool,G6P.p pool,,2.99954701394465e-06,3896.18939549773
Pool,G6P.x pool,,1,Inf
Pool,GA pool,,0,0
Pool,GA.p pool,,1.35748282424242e-07,3574.47919011439
Pool,GA.x pool,,1,Inf
Pool,GLN pool,,8.83867754850221,4041.90903985632
Pool,GLU pool,,5.08708700875275e-07,3627.02112559439
Pool,GLY pool,,0,0
Pool,GLY.c pool,,1.00000000002876e-07,0
Pool,GLY.m pool,,0.230659344104545,0.0767923542808819
Pool,GLY.p pool,,0.000415700545161104,3595.59570657489
Pool,GLY.x pool,,1,Inf
Pool,Glyc pool,,7.02739194253257,1.73428792775489
Pool,Glyc.p pool,,1.33195909832467e-07,3438.48067990701
Pool,Glyc.x pool,,1,Inf
Pool,Glyx pool,,5.62653029227884,2.17737517708667
Pool,Glyx.p pool,,1.88936706394557e-07,3669.06870366887
Pool,Glyx.x pool,,1,Inf
Pool,HPA pool,,0.00639755172462528,3940.47866424144
Pool,HPA.p pool,,1.39822545917219e-07,3903.84035798183
Pool,HPA.x pool,,1,Inf
Pool,Hcy.c pool,,1,Inf
Pool,ICI pool,,0.00243499994007053,4022.03070109028
Pool,MAL pool,,0.632078401187204,0.142520676535285
Pool,Met pool,,1.07515637220018e-06,3868.50057906229
Pool,Met.c pool,,1e-07,0
Pool,Met.x pool,,1,Inf
Pool,OAA pool,,0.143194784271981,0.0286024094714655
Pool,P5P pool,,0,0
Pool,PEP pool,,0,0
Pool,PEP.c pool,,1.00000000000002e-07,0
Pool,PEP.x pool,,1,Inf
Pool,PRO pool,,5.39499638233086,3650.74835683835
Pool,PYR pool,,9.99999998363421e-08,0
Pool,PYR.c pool,,0.00546037989938442,0.00240210272084768
Pool,PYR.x pool,,1,Inf
Pool,Protein pool,,1,Inf
Pool,R5P pool,,0,0
Pool,R5P.p pool,,1.00000000000002e-07,0
Pool,R5P.x pool,,1,Inf
Pool,RU5P.p pool,,1e-07,0
Pool,RU5P.x pool,,1,Inf
Pool,RUBP pool,,0,0
Pool,RUBP.p pool,,1e-07,0
Pool,RUBP.x pool,,1,Inf
Pool,S6P pool,,1,Inf
Pool,S7P pool,,0,0
Pool,S7P.p pool,,1e-07,0
Pool,S7P.x pool,,1,Inf
Pool,SAH.c pool,,1,Inf
Pool,SAM pool,,1.87226229062321,655.436327382948
Pool,SAM.c pool,,0.00818222260378498,2.95955405671616
Pool,SAM.x pool,,1,Inf
Pool,SBP pool,,0,0
Pool,SER pool,,0,0
Pool,SER.c pool,,1.00000000002876e-07,0
Pool,SER.m pool,,1.0410280319558,0.0808659662664116
Pool,SER.p pool,,1.00000000000002e-07,0
Pool,SER.x pool,,1,Inf
Pool,Sink pool,,1,Inf
Pool,Starch pool,,1,Inf
Pool,THR pool,,3888.92443151843,3752.64163112004
Pool,TP pool,,0,0
Pool,TP.c pool,,4.18762291742842e-06,3813.82615168718
Pool,TP.p pool,,1.61939949257326e-07,3653.52449471958
Pool,TP.x pool,,1,Inf
Pool,UDPG pool,,0,0
Pool,UDPG.c pool,,0.169028691854517,3857.89818605608
Pool,UDPG.x pool,,1,Inf
Pool,X5P.p pool,,1e-07,0
Pool,dummy pool,,1,Inf
Pool,dummyGLY pool,,1,Inf
Pool,dummySER pool,,1,Inf
Pool,meTHF pool,,0.643273560299324,0.853670798435227
Pool,meTHF.c pool,,1e-07,0
Pool,meTHF.x pool,,1,Inf
Pool,myTHF.m pool,,1.00000000002876e-07,0
Pool,outSER pool,,1,Inf
Norm,Experiment1 Glyc205 #1 norm,,0.987269565856389,0.0131568740416256
Norm,Experiment1 Glyc205 #2 norm,,0.975401522424146,0.022035371823585
Norm,Experiment1 Glyc205 #3 norm,,0.967837483074871,0.0193198387940398
Norm,Experiment1 Glyc205 #4 norm,,0.97070825655955,0.0307748352272397
Norm,Experiment1 Glyc205 #5 norm,,1.0197562776362,0.0341152848689802
Norm,Experiment1 Glyc205 #6 norm,,1.0302824608145,0.0274818807578095
Norm,Experiment1 Glyc205 #7 norm,,0.998119400893209,0.0364000072423086
Norm,Experiment1 Glyc205 #8 norm,,0.957427515771738,0.0312404366268789
Norm,Experiment1 Glyx160 #1 norm,,1.0197583557834,0.0113862066258324
Norm,Experiment1 Glyx160 #2 norm,,0.996040579235005,0.0146537188547457
Norm,Experiment1 Glyx160 #3 norm,,0.957530968496062,0.0188295018489954
Norm,Experiment1 Glyx160 #4 norm,,0.997811298267058,0.0172593455009003
Norm,Experiment1 Glyx160 #5 norm,,0.969150733876589,0.0318614758347512
Norm,Experiment1 Glyx160 #6 norm,,1.02851031390593,0.0205564956554381
Norm,Experiment1 Glyx160 #7 norm,,0.977394678870667,0.0368721981430093
Norm,Experiment1 Glyx160 #8 norm,,0.947131040885644,0.0340574400898345
Norm,Experiment1 GLY276 #1 norm,,0.991199893042232,0.0100662780214335
Norm,Experiment1 GLY276 #2 norm,,0.979097563668389,0.0236058655252907
Norm,Experiment1 GLY276 #3 norm,,0.936418892468073,0.0462849092588194
Norm,Experiment1 GLY276 #4 norm,,0.993357982136308,0.0691060970109059
Norm,Experiment1 GLY276 #5 norm,,1.04781387602255,0.147204069015723
Norm,Experiment1 GLY276 #6 norm,,0.917360146350145,0.082954124892072
Norm,Experiment1 GLY276 #7 norm,,1.03306588697351,0.0593222339173961
Norm,Experiment1 GLY276 #8 norm,,0.98302362710043,0.0647530966334518
Norm,Experiment1 HPA262 #1 norm,,0.984942763109923,0.0107778070114136
Norm,Experiment1 HPA262 #2 norm,,0.964686096510908,0.0273828820682974
Norm,Experiment1 HPA262 #3 norm,,0.994646564697851,0.0135385625756832
Norm,Experiment1 HPA262 #4 norm,,0.889878560358211,0.0332691456277608
Norm,Experiment1 HPA262 #5 norm,,0.957954054402953,0.0235300711885436
Norm,Experiment1 HPA262 #6 norm,,1.06895643079594,0.0390860353843183
Norm,Experiment1 HPA262 #7 norm,,0.957431337630292,0.0242670301317283
Norm,Experiment1 HPA262 #8 norm,,1.00028453109484,0.023444138386635
Norm,Experiment1 GA307 #1 norm,,1.00636560483273,0.0121083158732029
Norm,Experiment1 GA307 #2 norm,,0.952881673170011,0.0301687794617835
Norm,Experiment1 GA307 #3 norm,,0.937618856067749,0.0282698511372509
Norm,Experiment1 GA307 #4 norm,,0.98020622986777,0.0195275317675011
Norm,Experiment1 GA307 #5 norm,,0.985228067306711,0.0565055717076717
Norm,Experiment1 GA307 #6 norm,,1.04901015221414,0.0427494969760633
Norm,Experiment1 GA307 #7 norm,,0.954260258060215,0.0482141968441284
Norm,Experiment1 GA307 #8 norm,,0.940168878724187,0.0348152163745184
Norm,Experiment1 SER306 #1 norm,,0.976535895482503,0.013877111910666
Norm,Experiment1 SER306 #2 norm,,0.963055079271629,0.015348575733415
Norm,Experiment1 SER306 #3 norm,,0.956371072272609,0.039170092770053
Norm,Experiment1 SER306 #4 norm,,1.01674913081831,0.0451868434366984
Norm,Experiment1 SER306 #5 norm,,1.00875798110693,0.0826241181363034
Norm,Experiment1 SER306 #6 norm,,0.931738425406583,0.0632986686254204
Norm,Experiment1 SER306 #7 norm,,0.994901674790076,0.0416489406268293
Norm,Experiment1 SER306 #8 norm,,1.00235947563082,0.0529618465104107
Norm,Experiment1 meTHF #1 norm,,0.99889088051415,0.00995890994430344
Norm,Experiment1 meTHF #2 norm,,1.00097558670168,0.0100350849588659
Norm,Experiment1 meTHF #3 norm,,0.967956630699832,0.0680399351461909
Norm,Experiment1 meTHF #4 norm,,1.01069071481086,0.0538110678672091
Norm,Experiment1 meTHF #5 norm,,0.969135007401632,0.111700251685362
Norm,Experiment1 meTHF #6 norm,,0.967904007447524,0.118937892675381
Norm,Experiment1 meTHF #7 norm,,1.01022129106196,0.0593994325798973
Norm,Experiment1 meTHF #8 norm,,1.00193482960614,0.0888239974725119
Norm,Experiment1 FmTHF #1 norm,,1.0054874949143,0.00998877516422306
Norm,Experiment1 FmTHF #2 norm,,1.0381727411814,0.0239898251482339
Norm,Experiment1 FmTHF #3 norm,,0.980337147657359,0.0300918955731682
Norm,Experiment1 FmTHF #4 norm,,0.996750968111179,0.0234747243196661
Norm,Experiment1 FmTHF #5 norm,,0.983404805750592,0.0593670692342666
Norm,Experiment1 FmTHF #6 norm,,1.00243502211354,0.0675831772941427
Norm,Experiment1 FmTHF #7 norm,,0.987733377492601,0.0529068352016771
Norm,Experiment1 FmTHF #8 norm,,1.04919255911137,0.0908513517654669
Norm,Experiment1 Met176 #1 norm,,0.966031063040938,0.0255860903268041
Norm,Experiment1 Met176 #2 norm,,0.891641198106725,0.0305872082687556
Norm,Experiment1 Met176 #3 norm,,0.912752404873014,0.0543219416887515
Norm,Experiment1 Met176 #4 norm,,0.958267782897689,0.035539918605651
Norm,Experiment1 Met176 #5 norm,,1.05466156767723,0.0908982698954062
Norm,Experiment1 Met176 #6 norm,,1.00111280682017,0.132926320272964
Norm,Experiment1 Met176 #7 norm,,0.995448353723209,0.116485716722607
Norm,Experiment1 Met176 #8 norm,,1.00595846456469,0.127893111851294
Norm,Experiment1 SAM #1 norm,,0.979498565657747,0.0115351784289763
Norm,Experiment1 SAM #2 norm,,0.985786922606746,0.0119599888958249
Norm,Experiment1 SAM #3 norm,,0.993215195818779,0.0140376614728507
Norm,Experiment1 SAM #4 norm,,1.00811703908196,0.0275849554989765
Norm,Experiment1 SAM #5 norm,,1.00357335045433,0.0440156649113429
Norm,Experiment1 SAM #6 norm,,0.991620455994452,0.0576595673037269
Norm,Experiment1 SAM #7 norm,,1.00536262767001,0.078856584489311
Norm,Experiment1 SAM #8 norm,,0.97647252771098,0.0885010044501083
Norm,Experiment1 CIT465 #1 norm,,1.00811273724449,0.0120654858494616
Norm,Experiment1 CIT465 #2 norm,,0.982945894125646,0.0133617490297253
Norm,Experiment1 CIT465 #3 norm,,0.962647612605525,0.0112618865193344
Norm,Experiment1 CIT465 #4 norm,,0.945555647545098,0.0161782645883724
Norm,Experiment1 CIT465 #5 norm,,0.971788150481326,0.0131245332326608
Norm,Experiment1 CIT465 #6 norm,,1.00479133246885,0.0127340120332613
Norm,Experiment1 CIT465 #7 norm,,1.01948262597583,0.0123220822957473
Norm,Experiment1 CIT465 #8 norm,,1.02173204790191,0.0132801851358698
Norm,Experiment1 MAL335 #1 norm,,0.984123176587196,0.0124601201928736
Norm,Experiment1 MAL335 #2 norm,,0.977898819110669,0.010966599882247
Norm,Experiment1 MAL335 #3 norm,,0.979460436269827,0.0102170793209915
Norm,Experiment1 MAL335 #4 norm,,0.990722842734816,0.0143762369299587
Norm,Experiment1 MAL335 #5 norm,,0.940978512681693,0.0132436681546528
Norm,Experiment1 MAL335 #6 norm,,0.960864944995411,0.0133231228497229
Norm,Experiment1 MAL335 #7 norm,,0.977033787320483,0.0207543224887233
Norm,Experiment1 MAL335 #8 norm,,1.03098031202617,0.0358251549027211
Norm,Experiment1 ASP334 #1 norm,,0.973390657890347,0.0217389570303643
Norm,Experiment1 ASP334 #2 norm,,0.879964226174103,0.0286863226726855
Norm,Experiment1 ASP334 #3 norm,,0.978788920379885,0.0195369469261899
Norm,Experiment1 ASP334 #4 norm,,0.997065664665699,0.0194578302088993
Norm,Experiment1 ASP334 #5 norm,,0.964368931631708,0.0276016699721686
Norm,Experiment1 ASP334 #6 norm,,1.00602755453306,0.0303747541376484
Norm,Experiment1 ASP334 #7 norm,,0.963328555543788,0.0302595197108597
Norm,Experiment1 ASP334 #8 norm,,0.957309555373633,0.0950454872824818
Norm,Experiment1 GLU348 #1 norm,,0.966333099656496,0.0205813126228338
Norm,Experiment1 GLU348 #2 norm,,0.948372850505463,0.0198525239980841
Norm,Experiment1 GLU348 #3 norm,,0.959628802804925,0.0112201247184281
Norm,Experiment1 GLU348 #4 norm,,1.0210758144146,0.0372238157895139
Norm,Experiment1 GLU348 #5 norm,,0.932084402945487,0.0225863160722841
Norm,Experiment1 GLU348 #6 norm,,1.0069751657562,0.0132217281239658
Norm,Experiment1 GLU348 #7 norm,,0.972052809041793,0.0136700360742501
Norm,Experiment1 GLU348 #8 norm,,0.959943900629402,0.0167068374810438
Norm,Experiment1 THR320 #1 norm,,1.0436695743657,0.0107334133887499
Norm,Experiment1 THR320 #2 norm,,0.959422281701322,0.0135828900977675
Norm,Experiment1 THR320 #3 norm,,0.986356359344457,0.0103817122290204
Norm,Experiment1 THR320 #4 norm,,0.945501399366859,0.0272550745317198
Norm,Experiment1 THR320 #5 norm,,0.991169957464765,0.0203294308629353
Norm,Experiment1 THR320 #6 norm,,0.966027204153424,0.0111304198167026
Norm,Experiment1 THR320 #7 norm,,1.01661130812719,0.0145992463102234
Norm,Experiment1 THR320 #8 norm,,0.841650622981211,0.0222437351849029
Norm,Experiment1 ALA116 #1 norm,,1.01385593099103,0.00992432843645809
Norm,Experiment1 ALA116 #2 norm,,1.0319277937353,0.0102861757518754
Norm,Experiment1 ALA116 #3 norm,,1.01435724399473,0.018212844566265
Norm,Experiment1 ALA116 #4 norm,,1.03347435987789,0.0236910841667579
Norm,Experiment1 ALA116 #5 norm,,0.952113884523219,0.106889649776986
Norm,Experiment1 ALA116 #6 norm,,0.969946062770383,0.0866967548429958
Norm,Experiment1 ALA116 #7 norm,,1.02712705291397,0.0597791267915713
Norm,Experiment1 ALA116 #8 norm,,0.939749079271971,0.118032595080007
Norm,Experiment1 PYR #1 norm,,0.992193204775754,0.0172110372395127
Norm,Experiment1 PYR #2 norm,,0.933954403468713,0.0388593979217744
Norm,Experiment1 PYR #3 norm,,0.881347182996597,0.475606719319078
Norm,Experiment1 PYR #4 norm,,1.05040600964417,0.0441180246410665
Norm,Experiment1 PYR #5 norm,,1.00037323765352,0.0514731751406361
Norm,Experiment1 PYR #6 norm,,1.0155076022945,0.0535641707998053
Norm,Experiment1 PYR #7 norm,,1.00214203435692,0.109311014875312
Norm,Experiment1 PYR #8 norm,,0.985763265607955,0.058290729882451
