type,id,eqn,val,std
Net flux,CO2.t,CO2.t -> CO2,48.2661816867919,1.1491169118199
Net flux,CO2_sink,dummy -> Sink,48.2661816867919,1.1491169118199
Net flux,RUBICSO_CO2,RUBP.p + CO2 -> 3PGA.p + 3PGA.p + dummy,57.8206111131259,1.21214637074167
Net flux,GAPDH.p net,3PGA.p <-> TP.p,138.127784851898,2.68392371082336
Exch flux,GAPDH.p exch,3PGA.p <-> TP.p,1.0000000116861e-07,0.905188020400028
Net flux,ALD,TP.p + E4P.p -> SBP,25.1658501696534,0.483205898757486
Net flux,SBP,SBP -> S7P.p,25.1658501696534,0.483205898757486
Net flux,FBA.p net,TP.p + TP.p <-> FBP.p,29.5828127249624,0.665100275344286
Exch flux,FBA.p exch,TP.p + TP.p <-> FBP.p,21295.6717951739,1594.39065422574
Net flux,PFK.p net,FBP.p <-> F6P.p,29.5828127249656,0.665100275344286
Exch flux,PFK.p exch,FBP.p <-> F6P.p,1.00004783121221e-07,1.06390242878764e-14
Net flux,TK1 net,TP.p + EC2 <-> X5P.p,50.3317003393067,0.966411797514972
Exch flux,TK1 exch,TP.p + EC2 <-> X5P.p,1.0000000116861e-07,0
Net flux,TK2 net,S7P.p <-> R5P.p + EC2,25.1658501696533,0.483205898757486
Exch flux,TK2 exch,S7P.p <-> R5P.p + EC2,38.1881388276529,3621.07539302504
Net flux,TK3 net,F6P.p <-> E4P.p + EC2,25.1658501696547,0.483205898757486
Exch flux,TK3 exch,F6P.p <-> E4P.p + EC2,8844.52521152111,3338.7971696162
Net flux,PPE net,X5P.p <-> RU5P.p,50.3317003393067,0.966411797514972
Exch flux,PPE exch,X5P.p <-> RU5P.p,93.8233234680333,3525.61148018361
Net flux,PPI net,R5P.p <-> RU5P.p,25.1658501696534,0.483205898757486
Exch flux,PPI exch,R5P.p <-> RU5P.p,241.739627670353,2095.61198006606
Net flux,PRK,RU5P.p -> RUBP.p,75.4975505089602,1.44961769627245
Net flux,RUBISCO_O2,RUBP.p -> 3PGA.p + 2PG.p,17.6769393958342,0.595292224404725
Net flux,GLYdil net,GLY.p <-> GLY.x + dummyGLY,0.00882609115495114,0.00132615422389533
Exch flux,GLYdil exch,GLY.p <-> GLY.x + dummyGLY,0.113769446613688,0.870766644161171
Net flux,SERdil net,SER.p <-> SER.x + dummySER,3.01207187255329,1.01406885824075
Exch flux,SERdil exch,SER.p <-> SER.x + dummySER,1.39746119739033,1.3694015605642
Net flux,GK,GA.p -> 3PGA.p,5.17898518389511,1.03681454538574
Net flux,PGI.p net,F6P.p <-> G6P.p,4.41696255531382,0.409211439822428
Exch flux,PGI.p exch,F6P.p <-> G6P.p,2.42601770848967,3454.19257302478
Net flux,PGM.p,G6P.p -> ADPG.p,4.41696255531383,0.409211439822428
Net flux,Starch,ADPG.p -> Starch,4.41696255531381,0.409211439822428
Net flux,FBA.c net,TP.c + TP.c <-> FBP.c,1.73230444650472,0.260285421758383
Exch flux,FBA.c exch,TP.c + TP.c <-> FBP.c,20.5570158934899,1787.03143335073
Net flux,PFK.c net,FBP.c <-> F6P.c,1.73230444650473,0.260285421758383
Exch flux,PFK.c exch,FBP.c <-> F6P.c,5.21117073392743,2942.65327991815
Net flux,PGI.c net,F6P.c <-> G6P.c,0.866152223252385,0.130142710879192
Exch flux,PGI.c exch,F6P.c <-> G6P.c,227.295416450874,2942.65327128455
Net flux,PGM.c net,G6P.c <-> UDPG.c,0.866152223250538,0.130142710879192
Exch flux,PGM.c exch,G6P.c <-> UDPG.c,48481.4243050346,2942.65326840668
Net flux,SPS,F6P.c + UDPG.c -> S6P,0.866152223252332,0.130142710879192
Net flux,PGAM.c net,3PGA.c <-> PEP.c,0.369361954082973,0.0554980576347704
Exch flux,PGAM.c exch,3PGA.c <-> PEP.c,2.87475431151724,2942.65326893002
Net flux,PK.c,PEP.c -> PYR.c,0.16766108585481,0.0251917245714193
Net flux,PDH,PYR.c + dummy -> ACA + CO2,0.139537123165797,0.020965990726709
Net flux,CS,OAA + ACA -> CIT,0.139537123165793,0.020965990726709
Net flux,ACO net,CIT <-> ICI,0.139537123165837,0.020965990726709
Exch flux,ACO exch,CIT <-> ICI,1214.1407227877,2942.65326840668
Net flux,IDH,ICI + dummy -> AKG + CO2,0.139537123165809,0.020965990726709
Net flux,MDH net,MAL <-> OAA,2.1316282072803e-14,0
Exch flux,MDH exch,MAL <-> OAA,0.282209264237835,0.0960050668736936
Net flux,PPC,PEP.c + CO2 -> OAA + dummy,0.201700868228591,0.0303063330983557
Net flux,T_3PGA net,3PGA.p <-> 3PGA.c,0.369361954082954,0.0554980576347704
Exch flux,T_3PGA exch,3PGA.p <-> 3PGA.c,7.46076741108851,3525.53381626994
Net flux,T_DHAP net,TP.p <-> TP.c,3.46460889300949,0.520570843516766
Exch flux,T_DHAP exch,TP.p <-> TP.c,9.99999998363421e-08,2973.53544352032
Net flux,ALT,PYR.c -> ALA.c,0.0281239626889811,0.00422573382262591
Net flux,ASPT,OAA -> ASP,0.0621637450626646,0.009340342363378
Net flux,GLUDH,AKG -> GLU,0.139537123165786,0.020965990726709
Net flux,PCR net,GLU <-> PRO,-2.48689957516035e-14,0
Exch flux,PCR exch,GLU <-> PRO,1.0000000116861e-07,0
Net flux,GS net,GLU <-> GLN,0,0
Exch flux,GS exch,GLU <-> GLN,1.00041667394635e-07,0
Net flux,TS net,ASP <-> THR,0,0
Exch flux,TS exch,ASP <-> THR,1.0000000116861e-07,0
Net flux,AS net,ASP <-> ASN,1.06581410364015e-14,0
Exch flux,AS exch,ASP <-> ASN,1.0000000116861e-07,0
Net flux,G_3PGA.p,0*3PGA.p -> 3PGA,2.46866292741288e-06,5449.18788550047
Net flux,G_3PGA.c,0*3PGA.c -> 3PGA,92.9119081387679,4067.85622866389
Net flux,G_DHAP.p,0*TP.p -> TP,40.685379842242,5286.10076563942
Net flux,G_DHAP.c,0*TP.c -> TP,51.8471856996947,3932.37785187678
Net flux,G_F6P.p,0*F6P.p -> F6P,48.6686345030749,4854.84262043164
Net flux,G_F6P.c,0*F6P.c -> F6P,36.546576817712,3537.23927366055
Net flux,G_FBP.p,0*FBP.p -> FBP,2.46866125053202e-06,5276.82632076745
Net flux,G_FBP.c,0*FBP.c -> FBP,83.4512310499943,4102.11770743806
Net flux,G_G6P.p,0*G6P.p -> G6P,19.0549768397257,5299.18523711811
Net flux,G_G6P.c,0*G6P.c -> G6P,58.8549499993083,3857.68657249431
Net flux,G_RU5P.p,0*RU5P.p -> P5P,2.46865366904103e-06,5022.33834450013
Net flux,G_X5P.p,0*X5P.p -> P5P,92.8477691496115,3476.98607035393
Net flux,G_R5P.p,0*R5P.p -> R5P,82.2810779884949,3523.62542705765
Net flux,G_GA.p,0*GA.p -> GA,42.8119036249509,1.77693981683597
Net flux,G_SER.p,0*SER.p -> SER,97.944488073569,3.67354131563079
Net flux,G_GLY.p,0*GLY.p -> GLY,21.5810858472075,3509.06703400449
Net flux,G_RUBP.p,0*RUBP.p -> RUBP,92.5302752673064,3530.11106945707
Net flux,G_S7P.p,0*S7P.p -> S7P,98.4567310636212,3484.5831795224
Net flux,G_2PG.p,0*2PG.p -> 2PG,87.0427532706349,3320.15684490185
Net flux,G_ADPG.p,0*ADPG.p -> ADPG,95.0805622183377,3383.13394118198
Net flux,G_PEP.c,0*PEP.c -> PEP,89.2305410445615,3619.58539018043
Net flux,G_UDPG.c,0*UDPG.c -> UDPG,72.4268033045549,3376.35087311248
Net flux,G_ALA.c,0*ALA.c -> ALA,75.0352167444676,7.23151660100112
Net flux,(1-G)_GA,0*GA.x -> GA,57.1880963750512,1.77693981683597
Net flux,(1-G)_SER,0*SER.x -> SER,2.05551172643061,3.67354131563079
Net flux,(1-G)_GLY,0*GLY.x -> GLY,29.147857839257,3.26489382531261
Net flux,(1-G)_R5P,0*R5P.x -> R5P,17.718922011502,3523.62542705765
Net flux,(1-G)_RUBP,0*RUBP.x -> RUBP,7.4697247326924,3530.11106945707
Net flux,(1-G)_3PGA,0*3PGA.x -> 3PGA,7.08808939256948,3432.25704861832
Net flux,(1-G)_TP,0*TP.x -> TP,7.46743445806383,3484.71973655982
Net flux,(1-G)_F6P,0*F6P.x -> F6P,14.7847886792169,3405.12879030343
Net flux,(1-G)_FBP,0*FBP.x -> FBP,16.5487664813392,3179.70573710869
Net flux,(1-G)_G6P,0*G6P.x -> G6P,22.0900731609643,3584.76045302125
Net flux,(1-G)_RU5P,0*RU5P.x -> P5P,7.15222838173629,3510.04251416345
Net flux,(1-G)_S7P,0*S7P.x -> S7P,1.54326893637677,3484.5831795224
Net flux,(1-G)_2PG,0*2PG.x -> 2PG,12.9572467293675,3320.15684490185
Net flux,(1-G)_ADPG,0*ADPG.x -> ADPG,4.91943778166132,3383.13394118198
Net flux,(1-G)_PEP,0*PEP.x -> PEP,10.7694589554367,3619.58539018043
Net flux,(1-G)_UDPG,0*UDPG.x -> UDPG,27.5731966954463,3376.35087311248
Net flux,(1-G)_ALA,0*ALA.x -> ALA,24.9647832555322,7.23151660100112
Net flux,PGASink,3PGA -> Sink,100,0
Net flux,DHAPSink,TP -> Sink,100.000000000001,0
Net flux,F6PSink,F6P -> Sink,100.000000000004,0
Net flux,FBPSink,FBP -> Sink,99.9999999999947,0
Net flux,G6PSink,G6P -> Sink,99.9999999999983,0
Net flux,P5PSink,P5P -> Sink,100.000000000001,0
Net flux,R5PSink,R5P -> Sink,99.9999999999968,0
Net flux,GASink,GA -> Sink,100.000000000002,0
Net flux,SERSink,SER -> Sink,99.9999999999996,0
Net flux,GLYSink,GLY -> Sink,100.000000000001,0
Net flux,RUBPSink,RUBP -> Sink,99.9999999999987,0
Net flux,S7PSink,S7P -> Sink,99.9999999999979,0
Net flux,2PGSink,2PG -> Sink,100.000000000002,0
Net flux,ADPGSink,ADPG -> Sink,99.999999999999,0
Net flux,PEPSink,PEP -> Sink,99.9999999999983,0
Net flux,UDPGSink,UDPG -> Sink,100.000000000001,0
Net flux,ALASink,ALA -> Sink,99.9999999999998,0
Net flux,S6Pout-LL,S6P + 0.1611*GLU + 0.07177*ASP + 0.03247*ALA.c + 0.01019*dummyGLY + 0.03484*dummySER -> Sink,0.866152223252367,0.130142710879192
Net flux,PGP.p,2PG.p -> Glyc.p,17.6769393958343,0.595292224404725
Net flux,GOX,Glyc.p -> Glyx.p,17.6769393958343,0.595292224404725
Net flux,GGT,Glyx.p -> GLY.p,17.6769393958343,0.595292224404725
Net flux,SGAT,SER.p -> HPA.p,5.1789851838951,1.03681454538574
Net flux,HPR.p,HPA.p -> GA.p,5.17898518389509,1.03681454538574
Net flux,T_GLY-m net,GLY.p <-> GLY.m,17.6682046048227,3289.60419395305
Exch flux,T_GLY-m exch,GLY.p <-> GLY.m,173949.772242024,3573.74197664572
Net flux,GDC.m,GLY.m + dummy -> myTHF.m + CO2,9.47705604823097,0.457295925717551
Net flux,T_SER-m net,SER.p <-> SER.m,-9.47705604823102,0.457295925717551
Exch flux,T_SER-m exch,SER.p <-> SER.m,473.385164593962,3439.36973306156
Net flux,mSHMT,GLY.m + myTHF.m -> SER.m,9.47705604823097,0.457295925717551
Net flux,T_SER-c net,SER.p <-> SER.c,1.28599899178256,0.762677615294105
Exch flux,T_SER-c exch,SER.p <-> SER.c,0.0929143553871166,0.879634185245613
Net flux,T_Gly-c net,GLY.p <-> GLY.c,-9.13001370417277e-05,3289.6041400894
Exch flux,T_Gly-c exch,GLY.p <-> GLY.c,9.99999998363421e-08,0
Net flux,cSHMT,SER.c -> GLY.c + meTHF.c,1.28599889178257,0.762677615276581
Net flux,FmTHF-reductase net,meTHF.c <-> FmTHF.c,1.28599889178257,0.762677615276581
Exch flux,FmTHF-reductase exch,meTHF.c <-> FmTHF.c,7.62852493109623,3671.69569858657
Net flux,Met-synthase,FmTHF.c + Hcy.c -> Met.c,1.28599889178255,0.762677615276581
Net flux,SAM-synthase,Met.c -> SAM.c,1.28599889178256,0.762677615276581
Net flux,Methylation,SAM.c -> SAH.c + Acceptor.c,1.28599889178255,0.762677615276581
Net flux,hydrolysis,SAH.c -> Hcy.c,1.28599889178254,0.762677615276581
Net flux,G_SER.m,0*SER.m -> SER,1.0000000116861e-07,0
Net flux,G_SER.c,0*SER.c -> SER,1.0000000116861e-07,0
Net flux,G_Gly.m,0*GLY.m -> GLY,0.000358605539226176,3509.0640635658
Net flux,G_Gly.c,0*GLY.c -> GLY,49.2706977079975,6.63356286898638
Net flux,T_GLY-c-m,GLY.c -> GLY.m,1.28590749164561,3289.60422850052
Net flux,G_Glyc,0*Glyc.p -> Glyc,22.0657090645482,1.24669858239551
Net flux,G_Glyx,0*Glyx.p -> Glyx,7.58930005710056,1.12264305946084
Net flux,G_HPA,0*HPA.p -> HPA,9.33004229332383,1.32991573872522
Net flux,(1-G)_Glyc,0*Glyc.x -> Glyc,77.9342909354524,1.24669858239551
Net flux,(1-G)_Glyx,0*Glyx.x -> Glyx,92.4106999429003,1.12264305946084
Net flux,(1-G)_HPA,0*HPA.x -> HPA,90.6699577066761,1.32991573872522
Net flux,GlycSink,Glyc -> Sink,100.000000000001,0
Net flux,GlyxSink,Glyx -> Sink,100.000000000001,0
Net flux,HPASink,HPA -> Sink,99.9999999999998,0
Net flux,SERex,dummySER -> outSER,2.9818923522109,1.01665248416189
Net flux,G_PYR,0*PYR.c -> PYR,31.8686182791875,1.98614362603445
Net flux,(1-G)_PYR,0*PYR.x -> PYR,68.1313817208127,1.98614362603445
Net flux,PYRSink,PYR -> Sink,100,0
Net flux,G_meTHF,0*meTHF.c -> meTHF,99.9999999,0
Net flux,G_FmTHF,0*FmTHF.c -> FmTHF,78.414200017119,3.18675882636625
Net flux,G_Met,0*Met.c -> Met,63.4950349184662,4.63168203919313
Net flux,G_SAM,0*SAM.c -> SAM,70.1365142929432,4.33521415912012
Net flux,(1-G)_meTHF,0*meTHF.x -> meTHF,1.0000000116861e-07,0
Net flux,(1-G)_FmTHF,0*FmTHF.x -> FmTHF,21.5857999828811,3.18675882636625
Net flux,(1-G)_Met,0*Met.x -> Met,36.5049650815338,4.63168203919313
Net flux,(1-G)_SAM,0*SAM.x -> SAM,29.8634857070569,4.33521415912012
Net flux,meTHFSink,meTHF -> Sink,99.9999999999999,0
Net flux,FmTHFSink,FmTHF -> Sink,100,0
Net flux,MetSink,Met -> Sink,100,0
Net flux,SAMsink,SAM -> Sink,100,0
Net flux,Met-protein,Met.c -> Protein,6.51983996113883e-15,0
Net flux,GLY-protein,GLY.c -> Protein,9.99999443251909e-08,5.66969480392985e-13
Net flux,SER-protein,SER.c -> Protein,9.99999976158961e-08,8.17863043087286e-13
Pool,2PG pool,,0,0
Pool,2PG.p pool,,2.89194490067991e-06,3360.49861980926
Pool,2PG.x pool,,1,Inf
Pool,3PGA pool,,0,0
Pool,3PGA.c pool,,5.88635200737718e-06,3641.41828648299
Pool,3PGA.p pool,,3.09639962408974e-06,3417.68809068046
Pool,3PGA.x pool,,1,Inf
Pool,ACA pool,,1.39254356793097e-06,3586.06627636058
Pool,ADPG pool,,0,0
Pool,ADPG.p pool,,9.9999999999999e-08,Inf
Pool,ADPG.x pool,,1,Inf
Pool,AKG pool,,2.00193501179297e-06,3391.51425856934
Pool,ALA pool,,0,0
Pool,ALA.c pool,,0.00776511601758321,0.00250562138204657
Pool,ALA.x pool,,1,Inf
Pool,ASN pool,,7566.06819373904,3479.27945139965
Pool,ASP pool,,0.000778394175471167,0.0141734321126873
Pool,Acceptor.c pool,,1,Inf
Pool,CIT pool,,4.50205954896125,2.36244342454564
Pool,CO2 pool,,0.212706711309277,0.163001018838108
Pool,CO2.t pool,,1,Inf
Pool,E4P.p pool,,0,0
Pool,EC2 pool,,0,0
Pool,F6P pool,,0,0
Pool,F6P.c pool,,3.82971041022981e-06,3304.42595143327
Pool,F6P.p pool,,2.80186708644579e-06,3481.47087122736
Pool,F6P.x pool,,1,Inf
Pool,FBP pool,,0,0
Pool,FBP.c pool,,3.8296669833089e-06,3482.70677832761
Pool,FBP.p pool,,2.39345873096779e-06,3533.24485637778
Pool,FBP.x pool,,1,Inf
Pool,FmTHF pool,,0.000347167448162436,3386.38932004739
Pool,FmTHF.c pool,,2.35354959801935e-07,3401.17338442
Pool,FmTHF.x pool,,1,Inf
Pool,G6P pool,,0,0
Pool,G6P.c pool,,9.87488358013545e-06,3614.71840944445
Pool,G6P.p pool,,3.31631091549971e-06,3594.50358706818
Pool,G6P.x pool,,1,Inf
Pool,GA pool,,0,0
Pool,GA.p pool,,2.74481379453505e-06,3511.33967601528
Pool,GA.x pool,,1,Inf
Pool,GLN pool,,8.83867754978418,3534.90121976041
Pool,GLU pool,,2.001930685567e-06,3286.06285259949
Pool,GLY pool,,0,0
Pool,GLY.c pool,,1.00000000002876e-07,0
Pool,GLY.m pool,,0.398746136688694,0.0903983580110917
Pool,GLY.p pool,,0.000428482910879735,3662.69934637366
Pool,GLY.x pool,,1,Inf
Pool,Glyc pool,,5.95729978847783,1.48501297297534
Pool,Glyc.p pool,,6.86781451064339e-06,3584.76861806483
Pool,Glyc.x pool,,1,Inf
Pool,Glyx pool,,2.93032607314741,1.76752019135284
Pool,Glyx.p pool,,8.16070896203821e-06,3575.91112177925
Pool,Glyx.x pool,,1,Inf
Pool,HPA pool,,0.000144214645550727,3419.97757675908
Pool,HPA.p pool,,2.12142158164513e-06,3507.88924476481
Pool,HPA.x pool,,1,Inf
Pool,Hcy.c pool,,1,Inf
Pool,ICI pool,,0.00362134592438721,3626.75393982358
Pool,MAL pool,,0.747970955592163,0.283417283513436
Pool,Met pool,,5.70768589378265e-05,3344.97488420607
Pool,Met.c pool,,2.56233941540016e-07,3603.48291388534
Pool,Met.x pool,,1,Inf
Pool,OAA pool,,0.144402029061688,0.0396810717281969
Pool,P5P pool,,0,0
Pool,PEP pool,,0,0
Pool,PEP.c pool,,3.26188913452651e-06,3409.90503830446
Pool,PEP.x pool,,1,Inf
Pool,PRO pool,,5.39499638361179,3486.99390835975
Pool,PYR pool,,1e-07,0
Pool,PYR.c pool,,0.00762789298541082,0.00228081167862832
Pool,PYR.x pool,,1,Inf
Pool,Protein pool,,1,Inf
Pool,R5P pool,,0,0
Pool,R5P.p pool,,4.49973340556886e-06,3549.7174719602
Pool,R5P.x pool,,1,Inf
Pool,RU5P.p pool,,2.4931079804252e-06,3441.54815500705
Pool,RU5P.x pool,,1,Inf
Pool,RUBP pool,,0,0
Pool,RUBP.p pool,,2.49480590554492e-06,3483.31046577286
Pool,RUBP.x pool,,1,Inf
Pool,S6P pool,,1,Inf
Pool,S7P pool,,0,0
Pool,S7P.p pool,,2.20172965660303e-06,3488.95845362907
Pool,S7P.x pool,,1,Inf
Pool,SAH.c pool,,1,Inf
Pool,SAM pool,,4.50216646053664,1.41804167861306
Pool,SAM.c pool,,2.02897498306683e-06,3557.87798832811
Pool,SAM.x pool,,1,Inf
Pool,SBP pool,,0,0
Pool,SER pool,,0,0
Pool,SER.c pool,,1.00000000002876e-07,0
Pool,SER.m pool,,1.15928892202961,0.0976586604451892
Pool,SER.p pool,,0.000100092997826149,3795.67019323538
Pool,SER.x pool,,1,Inf
Pool,Sink pool,,1,Inf
Pool,Starch pool,,1,Inf
Pool,THR pool,,3889.77483355367,3632.89485936948
Pool,TP pool,,0,0
Pool,TP.c pool,,4.18762511313293e-06,3580.43684092096
Pool,TP.p pool,,3.1961206082086e-06,3428.93115142789
Pool,TP.x pool,,1,Inf
Pool,UDPG pool,,0,0
Pool,UDPG.c pool,,0.173632529675991,3497.17835083679
Pool,UDPG.x pool,,1,Inf
Pool,X5P.p pool,,2.55064803417956e-06,3502.24107212794
Pool,dummy pool,,1,Inf
Pool,dummyGLY pool,,1,Inf
Pool,dummySER pool,,1,Inf
Pool,meTHF pool,,0.316197482705127,0.854506642501854
Pool,meTHF.c pool,,2.38424761666165e-07,3427.637673524
Pool,meTHF.x pool,,1,Inf
Pool,myTHF.m pool,,1.00000000002876e-07,0
Pool,outSER pool,,1,Inf
Norm,Experiment1 Glyc205 #1 norm,,1.00747191811254,0.0129538305980822
Norm,Experiment1 Glyc205 #2 norm,,1.01802031814469,0.023907153541675
Norm,Experiment1 Glyc205 #3 norm,,0.954821450424086,0.0196160649722108
Norm,Experiment1 Glyc205 #4 norm,,0.998267790098239,0.0317243979622689
Norm,Experiment1 Glyc205 #5 norm,,1.02164131295101,0.0354741551135201
Norm,Experiment1 Glyc205 #6 norm,,1.02113401373241,0.0277468302272094
Norm,Experiment1 Glyc205 #7 norm,,0.966292377260882,0.0350454324481302
Norm,Experiment1 Glyc205 #8 norm,,0.9859391193299,0.0297936709846232
Norm,Experiment1 Glyx160 #1 norm,,0.981348421342642,0.0109626887269606
Norm,Experiment1 Glyx160 #2 norm,,1.00182392622538,0.0164415595398741
Norm,Experiment1 Glyx160 #3 norm,,0.997444450350412,0.0209478408302973
Norm,Experiment1 Glyx160 #4 norm,,1.01027539825425,0.0156509514287858
Norm,Experiment1 Glyx160 #5 norm,,1.00412314804474,0.0347590673992092
Norm,Experiment1 Glyx160 #6 norm,,1.03321034094661,0.0202249247905156
Norm,Experiment1 Glyx160 #7 norm,,0.945191001490885,0.0366758479788675
Norm,Experiment1 Glyx160 #8 norm,,0.933159542691975,0.0328211685175776
Norm,Experiment1 GLY276 #1 norm,,1.00916761762469,0.0102396264309407
Norm,Experiment1 GLY276 #2 norm,,1.00876541336171,0.0225709122355275
Norm,Experiment1 GLY276 #3 norm,,1.01648078482454,0.0481804079252946
Norm,Experiment1 GLY276 #4 norm,,0.969583242894433,0.0579830163437536
Norm,Experiment1 GLY276 #5 norm,,0.999397531410448,0.131757962514342
Norm,Experiment1 GLY276 #6 norm,,0.932404781674828,0.0869091041858698
Norm,Experiment1 GLY276 #7 norm,,1.02616412119842,0.071442722550532
Norm,Experiment1 GLY276 #8 norm,,0.984423933775546,0.0646442900059966
Norm,Experiment1 HPA262 #1 norm,,1.0225778519784,0.0111946216540039
Norm,Experiment1 HPA262 #2 norm,,0.954511588712103,0.0283739266948754
Norm,Experiment1 HPA262 #3 norm,,0.971260325561916,0.0131343865892911
Norm,Experiment1 HPA262 #4 norm,,0.971487266101832,0.0337751546554194
Norm,Experiment1 HPA262 #5 norm,,0.950225204416773,0.0232443740275867
Norm,Experiment1 HPA262 #6 norm,,0.899737832308758,0.0317608992979357
Norm,Experiment1 HPA262 #7 norm,,0.979897964124383,0.0254927077564186
Norm,Experiment1 HPA262 #8 norm,,1.03820048700646,0.0240731589213987
Norm,Experiment1 GA307 #1 norm,,0.977095094645703,0.0118306345036639
Norm,Experiment1 GA307 #2 norm,,0.967661365308758,0.030349919935946
Norm,Experiment1 GA307 #3 norm,,0.957403579636449,0.0283756458920518
Norm,Experiment1 GA307 #4 norm,,1.00554350311595,0.0201715303402617
Norm,Experiment1 GA307 #5 norm,,0.960681709965817,0.0514605820748632
Norm,Experiment1 GA307 #6 norm,,1.05152897840274,0.0433723338484814
Norm,Experiment1 GA307 #7 norm,,0.986476290527898,0.0422458252274551
Norm,Experiment1 GA307 #8 norm,,0.975310741219642,0.0343486582333878
Norm,Experiment1 SER306 #1 norm,,0.963398534094714,0.0137620517076008
Norm,Experiment1 SER306 #2 norm,,0.940935429977074,0.0145760397460878
Norm,Experiment1 SER306 #3 norm,,0.881859046054191,0.0386916936705217
Norm,Experiment1 SER306 #4 norm,,1.06095203651373,0.0454861159108121
Norm,Experiment1 SER306 #5 norm,,1.07211687539136,0.102216048250901
Norm,Experiment1 SER306 #6 norm,,0.948460808043987,0.0675850189157191
Norm,Experiment1 SER306 #7 norm,,1.00133596667979,0.114146954238093
Norm,Experiment1 SER306 #8 norm,,0.978744856284348,0.125972044798572
Norm,Experiment1 meTHF #1 norm,,1.01314448627864,0.0100812398795681
Norm,Experiment1 meTHF #2 norm,,1.02874599799729,0.0105511047541207
Norm,Experiment1 meTHF #3 norm,,1.01822194378205,0.0670201396946187
Norm,Experiment1 meTHF #4 norm,,0.936561210600867,0.0470670397659316
Norm,Experiment1 meTHF #5 norm,,0.97698664250998,0.0809058661835007
Norm,Experiment1 meTHF #6 norm,,0.982421297083059,0.106163311851811
Norm,Experiment1 meTHF #7 norm,,0.986612759710017,0.0567195283535008
Norm,Experiment1 meTHF #8 norm,,0.95507486994439,0.0880072589039022
Norm,Experiment1 FmTHF #1 norm,,1.00172080813608,0.0098953947967236
Norm,Experiment1 FmTHF #2 norm,,0.98188281115714,0.0238226804965095
Norm,Experiment1 FmTHF #3 norm,,0.949531403754859,0.0311592954113993
Norm,Experiment1 FmTHF #4 norm,,1.02292417479921,0.0250532697164335
Norm,Experiment1 FmTHF #5 norm,,0.996392280726799,0.0581138949470286
Norm,Experiment1 FmTHF #6 norm,,1.00044762108363,0.0611745800367505
Norm,Experiment1 FmTHF #7 norm,,0.990900981461278,0.0573423166159301
Norm,Experiment1 FmTHF #8 norm,,1.05157400362685,0.0947560493573402
Norm,Experiment1 Met176 #1 norm,,0.945546131636515,0.0248978525708194
Norm,Experiment1 Met176 #2 norm,,0.866288780853506,0.0313474332827033
Norm,Experiment1 Met176 #3 norm,,0.922250553789175,0.0508054842659248
Norm,Experiment1 Met176 #4 norm,,0.987522598643503,0.0369398410827668
Norm,Experiment1 Met176 #5 norm,,0.987634872785311,0.0773076905014168
Norm,Experiment1 Met176 #6 norm,,0.931282416189392,0.171585593591231
Norm,Experiment1 Met176 #7 norm,,1.00058778669388,0.135172006576834
Norm,Experiment1 Met176 #8 norm,,0.995660659170161,0.104013631220564
Norm,Experiment1 SAM #1 norm,,0.995828694857486,0.0117977135892945
Norm,Experiment1 SAM #2 norm,,0.982979776603821,0.0118544997501892
Norm,Experiment1 SAM #3 norm,,1.00637125338442,0.0139904487676693
Norm,Experiment1 SAM #4 norm,,1.01419394349839,0.0233363145708237
Norm,Experiment1 SAM #5 norm,,0.968813527746479,0.0388992240210467
Norm,Experiment1 SAM #6 norm,,1.02147994259303,0.0595042904069527
Norm,Experiment1 SAM #7 norm,,1.00823398137719,0.0917784079668788
Norm,Experiment1 SAM #8 norm,,0.995599918797082,0.088281871724986
Norm,Experiment1 CIT465 #1 norm,,1.02223664455372,0.0121083213364135
Norm,Experiment1 CIT465 #2 norm,,1.00356966463368,0.0137878810584865
Norm,Experiment1 CIT465 #3 norm,,0.946263950157407,0.0110327609017221
Norm,Experiment1 CIT465 #4 norm,,1.01412310177512,0.0171905587705759
Norm,Experiment1 CIT465 #5 norm,,0.957334652328638,0.0129661765142178
Norm,Experiment1 CIT465 #6 norm,,0.98221023430303,0.0128884934074775
Norm,Experiment1 CIT465 #7 norm,,0.9693673594578,0.0132369632901309
Norm,Experiment1 CIT465 #8 norm,,1.04297020619782,0.020424266983818
Norm,Experiment1 MAL335 #1 norm,,0.987133762244447,0.0124672490543436
Norm,Experiment1 MAL335 #2 norm,,1.00520664431202,0.0111571746591404
Norm,Experiment1 MAL335 #3 norm,,0.990634550100133,0.0103384201089709
Norm,Experiment1 MAL335 #4 norm,,0.960293838224983,0.0141701439215615
Norm,Experiment1 MAL335 #5 norm,,0.972799820346818,0.0137604822473443
Norm,Experiment1 MAL335 #6 norm,,0.994241509385652,0.0141168210642864
Norm,Experiment1 MAL335 #7 norm,,0.924764594968726,0.0198419604048681
Norm,Experiment1 MAL335 #8 norm,,0.986831171407654,0.0359905851383965
Norm,Experiment1 ASP334 #1 norm,,0.933433459562933,0.0216053089438906
Norm,Experiment1 ASP334 #2 norm,,0.956079195617757,0.0299085297332346
Norm,Experiment1 ASP334 #3 norm,,1.03131893322669,0.227682261973095
Norm,Experiment1 ASP334 #4 norm,,0.947267378721629,0.262654044915629
Norm,Experiment1 ASP334 #5 norm,,0.908335727886499,0.222645084378452
Norm,Experiment1 ASP334 #6 norm,,1.01011104644554,0.0339916885172889
Norm,Experiment1 ASP334 #7 norm,,0.980076472493604,0.0300661221549651
Norm,Experiment1 ASP334 #8 norm,,0.963960249219129,0.0800468928805617
Norm,Experiment1 GLU348 #1 norm,,0.991805473492285,0.022019552540376
Norm,Experiment1 GLU348 #2 norm,,0.948353668753054,0.0188651206380762
Norm,Experiment1 GLU348 #3 norm,,0.978274084902356,0.011278407077352
Norm,Experiment1 GLU348 #4 norm,,0.971417192199758,0.0350654046465907
Norm,Experiment1 GLU348 #5 norm,,0.951567187440752,0.0220983388311759
Norm,Experiment1 GLU348 #6 norm,,0.987268227605638,0.0128556930794636
Norm,Experiment1 GLU348 #7 norm,,1.01299277885772,0.0155835215621133
Norm,Experiment1 GLU348 #8 norm,,0.976370538393325,0.021631691357985
Norm,Experiment1 THR320 #1 norm,,0.988440455009662,0.0104199916573454
Norm,Experiment1 THR320 #2 norm,,1.03997962399346,0.0150188131757768
Norm,Experiment1 THR320 #3 norm,,0.976182259941021,0.0102397014080413
Norm,Experiment1 THR320 #4 norm,,0.982325160506064,0.0281712509932024
Norm,Experiment1 THR320 #5 norm,,0.974606787779769,0.0208762803927369
Norm,Experiment1 THR320 #6 norm,,1.00316626046897,0.0115815251414272
Norm,Experiment1 THR320 #7 norm,,0.995288506740556,0.0144308859814399
Norm,Experiment1 THR320 #8 norm,,0.959069897829418,0.0265856229908209
Norm,Experiment1 ALA116 #1 norm,,0.977984828311835,0.00997117070862463
Norm,Experiment1 ALA116 #2 norm,,1.01471680527391,0.0102564201570508
Norm,Experiment1 ALA116 #3 norm,,0.991798416483765,0.0176771167150754
Norm,Experiment1 ALA116 #4 norm,,1.08161424644677,0.0230793764604256
Norm,Experiment1 ALA116 #5 norm,,0.902168324896796,0.0914036210345833
Norm,Experiment1 ALA116 #6 norm,,0.980381124010506,0.0854774841222183
Norm,Experiment1 ALA116 #7 norm,,1.01666388673302,0.0621507839028043
Norm,Experiment1 ALA116 #8 norm,,0.960421708083703,0.125468801668363
Norm,Experiment1 PYR #1 norm,,0.975779306242753,0.0170746866052379
Norm,Experiment1 PYR #2 norm,,0.883937933090926,0.0395760936728739
Norm,Experiment1 PYR #3 norm,,0.926738347344954,0.0899643142584334
Norm,Experiment1 PYR #4 norm,,1.06275973261338,0.045803203977191
Norm,Experiment1 PYR #5 norm,,1.0265443957024,0.0592699362719367
Norm,Experiment1 PYR #6 norm,,1.04448320385911,0.0605714093988022
Norm,Experiment1 PYR #7 norm,,0.999986648512901,0.101382103996431
Norm,Experiment1 PYR #8 norm,,0.978854552293749,0.0625495609713173
