type,id,eqn,val,std
Net flux,CO2.t,CO2.t -> CO2,49.6550999720736,1.14023287183983
Net flux,CO2_sink,dummy -> Sink,49.6550999720735,1.14023287183983
Net flux,RUBICSO_CO2,RUBP.p + CO2 -> 3PGA.p + 3PGA.p + dummy,57.9246025931884,1.25706980634251
Net flux,GAPDH.p net,3PGA.p <-> TP.p,137.888308226843,2.74243978780335
Exch flux,GAPDH.p exch,3PGA.p <-> TP.p,1.0000000116861e-07,8.74942280214788e-13
Net flux,ALD,TP.p + E4P.p -> SBP,25.2824942615894,0.489488406527315
Net flux,SBP,SBP -> S7P.p,25.2824942615894,0.489488406527315
Net flux,FBA.p net,TP.p + TP.p <-> FBP.p,29.4164408102188,0.669766591476522
Exch flux,FBA.p exch,TP.p + TP.p <-> FBP.p,20090.5957950467,2278.24875379593
Net flux,PFK.p net,FBP.p <-> F6P.p,29.4164408102219,0.669766591476522
Exch flux,PFK.p exch,FBP.p <-> F6P.p,1.0000059091908e-07,2.78955429046248e-12
Net flux,TK1 net,TP.p + EC2 <-> X5P.p,50.5649885231788,0.978976813054629
Exch flux,TK1 exch,TP.p + EC2 <-> X5P.p,1.00000004721323e-07,0
Net flux,TK2 net,S7P.p <-> R5P.p + EC2,25.2824942615894,0.489488406527315
Exch flux,TK2 exch,S7P.p <-> R5P.p + EC2,38.4162936217174,1454.64413938388
Net flux,TK3 net,F6P.p <-> E4P.p + EC2,25.2824942615889,0.489488406527315
Exch flux,TK3 exch,F6P.p <-> E4P.p + EC2,6379.05544409668,3817.52946469356
Net flux,PPE net,X5P.p <-> RU5P.p,50.5649885231787,0.978976813054629
Exch flux,PPE exch,X5P.p <-> RU5P.p,56.2114230203164,3817.25248552428
Net flux,PPI net,R5P.p <-> RU5P.p,25.2824942615895,0.489488406527315
Exch flux,PPI exch,R5P.p <-> RU5P.p,245.782456112546,3848.99470091404
Net flux,PRK,RU5P.p -> RUBP.p,75.8474827847683,1.46846521958439
Net flux,RUBISCO_O2,RUBP.p -> 3PGA.p + 2PG.p,17.9228801915799,0.596606263184234
Net flux,GLYdil net,GLY.p <-> GLY.x + dummyGLY,0.00817223688560631,0.00104704394124521
Exch flux,GLYdil exch,GLY.p <-> GLY.x + dummyGLY,1.0000000116861e-07,0
Net flux,SERdil net,SER.p <-> SER.x + dummySER,0.0279438618536005,0.00358021272431555
Exch flux,SERdil exch,SER.p <-> SER.x + dummySER,0.955918343769994,0.581111902301665
Net flux,GK,GA.p -> 3PGA.p,4.45822173970933,0.454853988413237
Net flux,PGI.p net,F6P.p <-> G6P.p,4.13394654863327,0.34298001621473
Exch flux,PGI.p exch,F6P.p <-> G6P.p,2.58486123441489,3927.30008576797
Net flux,PGM.p,G6P.p -> ADPG.p,4.13394654863327,0.34298001621473
Net flux,Starch,ADPG.p -> Starch,4.13394654863325,0.34298001621473
Net flux,FBA.c net,TP.c + TP.c <-> FBP.c,1.60397191081575,0.205504207377514
Exch flux,FBA.c exch,TP.c + TP.c <-> FBP.c,20.8185677295863,3871.13739080702
Net flux,PFK.c net,FBP.c <-> F6P.c,1.60397191081576,0.205504207377514
Exch flux,PFK.c exch,FBP.c <-> F6P.c,5.46866575563884,3989.16277109269
Net flux,PGI.c net,F6P.c <-> G6P.c,0.801985955407901,0.102752103688757
Exch flux,PGI.c exch,F6P.c <-> G6P.c,227.481038384178,2948.60404122604
Net flux,PGM.c net,G6P.c <-> UDPG.c,0.801985955404234,0.102752103688757
Exch flux,PGM.c exch,G6P.c <-> UDPG.c,48481.4545712889,2948.6040394357
Net flux,SPS,F6P.c + UDPG.c -> S6P,0.801985955407847,0.102752103688757
Net flux,PGAM.c net,3PGA.c <-> PEP.c,0.341998890824738,0.0438176068133085
Exch flux,PGAM.c exch,3PGA.c <-> PEP.c,5.55347570130809,2948.60403976127
Net flux,PK.c,PEP.c -> PYR.c,0.15524042138842,0.019889724743452
Net flux,PDH,PYR.c + dummy -> ACA + CO2,0.12919993741612,0.0165533639291009
Net flux,CS,OAA + ACA -> CIT,0.129199937416116,0.0165533639291009
Net flux,ACO net,CIT <-> ICI,0.129199937416161,0.0165533639291009
Exch flux,ACO exch,CIT <-> ICI,1205.27495813724,2948.6040394357
Net flux,IDH,ICI + dummy -> AKG + CO2,0.129199937416133,0.0165533639291009
Net flux,MDH net,MAL <-> OAA,2.1316282072803e-14,0
Exch flux,MDH exch,MAL <-> OAA,0.232757195817314,0.0686325517408551
Net flux,PPC,PEP.c + CO2 -> OAA + dummy,0.186758469435381,0.0239278823338574
Net flux,T_3PGA net,3PGA.p <-> 3PGA.c,0.341998890824719,0.0438176068133085
Exch flux,T_3PGA exch,3PGA.p <-> 3PGA.c,1.0000000116861e-07,0
Net flux,T_DHAP net,TP.p <-> TP.c,3.20794382163155,0.411008414755027
Exch flux,T_DHAP exch,TP.p <-> TP.c,9.99999998363421e-08,0
Net flux,ALT,PYR.c -> ALA.c,0.0260404839720974,0.00333636080776854
Net flux,ASPT,OAA -> ASP,0.0575585320197003,0.00737451845976823
Net flux,GLUDH,AKG -> GLU,0.129199937416109,0.0165533639291009
Net flux,PCR net,GLU <-> PRO,-2.48689957516035e-14,0
Exch flux,PCR exch,GLU <-> PRO,1.0000000116861e-07,0
Net flux,GS net,GLU <-> GLN,0,0
Exch flux,GS exch,GLU <-> GLN,1.00042292672242e-07,0
Net flux,TS net,ASP <-> THR,0,0
Exch flux,TS exch,ASP <-> THR,1.0000000116861e-07,0
Net flux,AS net,ASP <-> ASN,1.06581410364015e-14,0
Exch flux,AS exch,ASP <-> ASN,1.0000000116861e-07,0
Net flux,G_3PGA.p,0*3PGA.p -> 3PGA,2.46866294162373e-06,5315.35801677552
Net flux,G_3PGA.c,0*3PGA.c -> 3PGA,92.9119081388849,3699.25479721112
Net flux,G_DHAP.p,0*TP.p -> TP,40.685379842242,5473.34154649123
Net flux,G_DHAP.c,0*TP.c -> TP,51.8471856996947,3675.87626026976
Net flux,G_F6P.p,0*F6P.p -> F6P,48.6686345030749,5209.50602118159
Net flux,G_F6P.c,0*F6P.c -> F6P,36.546576817712,3662.62896938145
Net flux,G_FBP.p,0*FBP.p -> FBP,2.46866126474288e-06,5349.66211289625
Net flux,G_FBP.c,0*FBP.c -> FBP,83.4512310463066,3621.24104218623
Net flux,G_G6P.p,0*G6P.p -> G6P,19.0549768397257,5328.496813015
Net flux,G_G6P.c,0*G6P.c -> G6P,58.8549499993083,3734.92966334649
Net flux,G_RU5P.p,0*RU5P.p -> P5P,2.46865369746274e-06,5062.4329385412
Net flux,G_X5P.p,0*X5P.p -> P5P,92.8477691502572,3608.40664351155
Net flux,G_R5P.p,0*R5P.p -> R5P,82.2810779884949,3757.45672993224
Net flux,G_GA.p,0*GA.p -> GA,40.3849469043762,1.72552072443245
Net flux,G_SER.p,0*SER.p -> SER,97.7855413922623,3883.61829013968
Net flux,G_GLY.p,0*GLY.p -> GLY,2.62880685293049,3594.6344764363
Net flux,G_RUBP.p,0*RUBP.p -> RUBP,92.5302752673063,3844.17317968532
Net flux,G_S7P.p,0*S7P.p -> S7P,98.4567310636212,3614.80078958413
Net flux,G_2PG.p,0*2PG.p -> 2PG,87.0427532706349,3787.96386113682
Net flux,G_ADPG.p,0*ADPG.p -> ADPG,95.0805622183377,3857.38742647047
Net flux,G_PEP.c,0*PEP.c -> PEP,89.2305410445615,3596.44126954497
Net flux,G_UDPG.c,0*UDPG.c -> UDPG,72.4268033045549,3685.73638669407
Net flux,G_ALA.c,0*ALA.c -> ALA,74.4406627471481,6.22037007483293
Net flux,(1-G)_GA,0*GA.x -> GA,59.6150530956259,1.72552072443245
Net flux,(1-G)_SER,0*SER.x -> SER,2.21445243279647,3.09602868895372
Net flux,(1-G)_GLY,0*GLY.x -> GLY,34.6121263555307,2.60888804143648
Net flux,(1-G)_R5P,0*R5P.x -> R5P,17.718922011502,3757.45672993224
Net flux,(1-G)_RUBP,0*RUBP.x -> RUBP,7.46972473269241,3844.17317968532
Net flux,(1-G)_3PGA,0*3PGA.x -> 3PGA,7.08808939245246,3919.45147467479
Net flux,(1-G)_TP,0*TP.x -> TP,7.46743445806383,3933.94007327169
Net flux,(1-G)_F6P,0*F6P.x -> F6P,14.7847886792169,3800.08055239625
Net flux,(1-G)_FBP,0*FBP.x -> FBP,16.5487664850268,3929.52311521981
Net flux,(1-G)_G6P,0*G6P.x -> G6P,22.0900731609643,3843.0789908844
Net flux,(1-G)_RU5P,0*RU5P.x -> P5P,7.15222838109054,3786.6420164797
Net flux,(1-G)_S7P,0*S7P.x -> S7P,1.54326893637677,3614.80078958413
Net flux,(1-G)_2PG,0*2PG.x -> 2PG,12.9572467293675,3787.96386113682
Net flux,(1-G)_ADPG,0*ADPG.x -> ADPG,4.91943778166132,3857.38742647047
Net flux,(1-G)_PEP,0*PEP.x -> PEP,10.7694589554367,3596.44126954497
Net flux,(1-G)_UDPG,0*UDPG.x -> UDPG,27.5731966954463,3685.73638669407
Net flux,(1-G)_ALA,0*ALA.x -> ALA,25.5593372528517,6.22037007483293
Net flux,PGASink,3PGA -> Sink,100,0
Net flux,DHAPSink,TP -> Sink,100.000000000001,0
Net flux,F6PSink,F6P -> Sink,100.000000000004,0
Net flux,FBPSink,FBP -> Sink,99.9999999999947,0
Net flux,G6PSink,G6P -> Sink,99.9999999999983,0
Net flux,P5PSink,P5P -> Sink,100.000000000001,0
Net flux,R5PSink,R5P -> Sink,99.9999999999968,0
Net flux,GASink,GA -> Sink,100.000000000002,0
Net flux,SERSink,SER -> Sink,99.9999999999996,0
Net flux,GLYSink,GLY -> Sink,100.000000000001,0
Net flux,RUBPSink,RUBP -> Sink,99.9999999999987,0
Net flux,S7PSink,S7P -> Sink,99.9999999999979,0
Net flux,2PGSink,2PG -> Sink,100.000000000002,0
Net flux,ADPGSink,ADPG -> Sink,99.999999999999,0
Net flux,PEPSink,PEP -> Sink,99.9999999999983,0
Net flux,UDPGSink,UDPG -> Sink,100.000000000001,0
Net flux,ALASink,ALA -> Sink,99.9999999999998,0
Net flux,S6Pout-LL,S6P + 0.1611*GLU + 0.07177*ASP + 0.03247*ALA.c + 0.01019*dummyGLY + 0.03484*dummySER -> Sink,0.801985955407883,0.102752103688757
Net flux,PGP.p,2PG.p -> Glyc.p,17.9228801915799,0.596606263184234
Net flux,GOX,Glyc.p -> Glyx.p,17.9228801915799,0.596606263184234
Net flux,GGT,Glyx.p -> GLY.p,17.9228801915799,0.596606263184234
Net flux,SGAT,SER.p -> HPA.p,4.45822173970931,0.454853988413237
Net flux,HPR.p,HPA.p -> GA.p,4.45822173970931,0.454853988413237
Net flux,T_GLY-m net,GLY.p <-> GLY.m,8.46513796728686,3842.14862163575
Exch flux,T_GLY-m exch,GLY.p <-> GLY.m,86613.0495610607,3728.6914880458
Net flux,GDC.m,GLY.m + dummy -> myTHF.m + CO2,8.19786121571822,0.829131612420433
Net flux,T_SER-m net,SER.p <-> SER.m,-8.19786121571821,0.829131612420433
Exch flux,T_SER-m exch,SER.p <-> SER.m,186.628015996142,3790.66561177585
Net flux,mSHMT,GLY.m + myTHF.m -> SER.m,8.19786121571822,0.829131612420433
Net flux,T_SER-c net,SER.p <-> SER.c,3.7116956141553,1.01208462708833
Exch flux,T_SER-c exch,SER.p <-> SER.c,1.00000000280431e-07,0.582117723448818
Net flux,T_Gly-c net,GLY.p <-> GLY.c,9.44956998739213,3842.14864835744
Exch flux,T_Gly-c exch,GLY.p <-> GLY.c,7.13056339339327,3842.14583609606
Net flux,cSHMT,SER.c -> GLY.c + meTHF.c,3.71169547060573,1.01208462708606
Net flux,FmTHF-reductase net,meTHF.c <-> FmTHF.c,3.71169547060573,1.01208462708606
Exch flux,FmTHF-reductase exch,meTHF.c <-> FmTHF.c,5.9305369999396,3778.36277882665
Net flux,Met-synthase,FmTHF.c + Hcy.c -> Met.c,3.71169547060571,1.01208462708606
Net flux,SAM-synthase,Met.c -> SAM.c,3.71169547060572,1.01208462708606
Net flux,Methylation,SAM.c -> SAH.c + Acceptor.c,3.71169547060572,1.01208462708606
Net flux,hydrolysis,SAH.c -> Hcy.c,3.71169547060571,1.01208462708606
Net flux,G_SER.m,0*SER.m -> SER,1.0000000116861e-07,0
Net flux,G_SER.c,0*SER.c -> SER,6.07494079574167e-06,3883.61705605885
Net flux,G_Gly.m,0*GLY.m -> GLY,0.000157589130555635,3594.61015282712
Net flux,G_Gly.c,0*GLY.c -> GLY,62.7589092024095,13.9296175671375
Net flux,T_GLY-c-m,GLY.c -> GLY.m,7.93058446413428,3842.14826135435
Net flux,G_Glyc,0*Glyc.p -> Glyc,22.9662708260355,1.25680551752099
Net flux,G_Glyx,0*Glyx.p -> Glyx,18.6618119380267,2.99310683496486
Net flux,G_HPA,0*HPA.p -> HPA,6.16946775387702,1.44348415869922
Net flux,(1-G)_Glyc,0*Glyc.x -> Glyc,77.0337291739651,1.25680551752099
Net flux,(1-G)_Glyx,0*Glyx.x -> Glyx,81.3381880619742,2.99310683496486
Net flux,(1-G)_HPA,0*HPA.x -> HPA,93.8305322461229,1.44348415869922
Net flux,GlycSink,Glyc -> Sink,100.000000000001,0
Net flux,GlyxSink,Glyx -> Sink,100.000000000001,0
Net flux,HPASink,HPA -> Sink,99.9999999999998,0
Net flux,SERex,dummySER -> outSER,9.99997080697312e-08,1.71734942318428e-12
Net flux,G_PYR,0*PYR.c -> PYR,32.0290816711289,1.72013568065118
Net flux,(1-G)_PYR,0*PYR.x -> PYR,67.9709183288713,1.72013568065118
Net flux,PYRSink,PYR -> Sink,100,0
Net flux,G_meTHF,0*meTHF.c -> meTHF,99.9999999,0
Net flux,G_FmTHF,0*FmTHF.c -> FmTHF,79.8790239316891,3.28662553802527
Net flux,G_Met,0*Met.c -> Met,66.7845488325506,4.56437316815855
Net flux,G_SAM,0*SAM.c -> SAM,63.3834539347604,4.32267322963674
Net flux,(1-G)_meTHF,0*meTHF.x -> meTHF,1.0000000116861e-07,0
Net flux,(1-G)_FmTHF,0*FmTHF.x -> FmTHF,20.120976068311,3.28662553802527
Net flux,(1-G)_Met,0*Met.x -> Met,33.2154511674494,4.56437316815855
Net flux,(1-G)_SAM,0*SAM.x -> SAM,36.6165460652396,4.32267322963674
Net flux,meTHFSink,meTHF -> Sink,99.9999999999999,0
Net flux,FmTHFSink,FmTHF -> Sink,100,0
Net flux,MetSink,Met -> Sink,100,0
Net flux,SAMsink,SAM -> Sink,100,0
Net flux,Met-protein,Met.c -> Protein,6.51983996113883e-15,0
Net flux,GLY-protein,GLY.c -> Protein,5.23068099386361,0.907855458011843
Net flux,SER-protein,SER.c -> Protein,1.43549566899992e-07,2.35158960793379e-14
Pool,2PG pool,,0,0
Pool,2PG.p pool,,2.75505282473385e-06,3836.50030321497
Pool,2PG.x pool,,1,Inf
Pool,3PGA pool,,0,0
Pool,3PGA.c pool,,0.0155181735651875,0.00397869008735762
Pool,3PGA.p pool,,3.13163718900807e-06,3855.07895519222
Pool,3PGA.x pool,,1,Inf
Pool,ACA pool,,1.82389035655166e-06,3821.14025084651
Pool,ADPG pool,,0,0
Pool,ADPG.p pool,,9.9999999999999e-08,Inf
Pool,ADPG.x pool,,1,Inf
Pool,AKG pool,,2.09455549008316e-06,3864.62557250084
Pool,ALA pool,,0,0
Pool,ALA.c pool,,0.00644936724814617,0.00170205913482212
Pool,ALA.x pool,,1,Inf
Pool,ASN pool,,7566.06819373747,3716.53131095074
Pool,ASP pool,,1.04273744907679e-07,3681.35712249057
Pool,Acceptor.c pool,,1,Inf
Pool,CIT pool,,5.34125526913855,3.34824384444495
Pool,CO2 pool,,0.188256988702971,0.317732763586526
Pool,CO2.t pool,,1,Inf
Pool,E4P.p pool,,0,0
Pool,EC2 pool,,0,0
Pool,F6P pool,,0,0
Pool,F6P.c pool,,3.82976340199286e-06,3796.12567403522
Pool,F6P.p pool,,2.68759389209997e-06,3806.74875006889
Pool,F6P.x pool,,1,Inf
Pool,FBP pool,,0,0
Pool,FBP.c pool,,3.82971096408577e-06,3733.82538894596
Pool,FBP.p pool,,2.43248399787128e-06,3699.38891650247
Pool,FBP.x pool,,1,Inf
Pool,FmTHF pool,,0.365664818264101,3795.88408179076
Pool,FmTHF.c pool,,7.61324348555594e-07,3680.60968474194
Pool,FmTHF.x pool,,1,Inf
Pool,G6P pool,,0,0
Pool,G6P.c pool,,9.87523554061809e-06,3853.72885084306
Pool,G6P.p pool,,3.21913987200639e-06,3767.98771202977
Pool,G6P.x pool,,1,Inf
Pool,GA pool,,0,0
Pool,GA.p pool,,3.76121865857612e-06,3827.61100388081
Pool,GA.x pool,,1,Inf
Pool,GLN pool,,8.83867754970161,3776.94421814575
Pool,GLU pool,,2.0945555025463e-06,3695.73535322705
Pool,GLY pool,,0,0
Pool,GLY.c pool,,0.754773167746484,0.195561916835422
Pool,GLY.m pool,,0.0218519583254993,3795.456284062
Pool,GLY.p pool,,0.000420633119431351,3701.30442697267
Pool,GLY.x pool,,1,Inf
Pool,Glyc pool,,7.01036862783312,1.67632258031064
Pool,Glyc.p pool,,6.36879453612273e-06,3793.31348901942
Pool,Glyc.x pool,,1,Inf
Pool,Glyx pool,,27.6751597560336,9.47000381792144
Pool,Glyx.p pool,,1.32896156846803e-05,3880.24840744659
Pool,Glyx.x pool,,1,Inf
Pool,HPA pool,,0.000114599396466154,3720.77513938791
Pool,HPA.p pool,,2.43071827028132e-06,3860.26958378627
Pool,HPA.x pool,,1,Inf
Pool,Hcy.c pool,,1,Inf
Pool,ICI pool,,0.00355292659094603,3794.54605566187
Pool,MAL pool,,0.53577796443666,0.185267223243039
Pool,Met pool,,3.42693347272003e-05,3811.96467866879
Pool,Met.c pool,,5.7531816223331e-07,3767.60558268082
Pool,Met.x pool,,1,Inf
Pool,OAA pool,,0.156384369594773,0.0287740093183164
Pool,P5P pool,,0,0
Pool,PEP pool,,0,0
Pool,PEP.c pool,,6.22515630075143e-06,3768.80069363263
Pool,PEP.x pool,,1,Inf
Pool,PRO pool,,5.39499638352929,3743.03023414019
Pool,PYR pool,,1e-07,0
Pool,PYR.c pool,,0.00112067510103812,0.00167568778317999
Pool,PYR.x pool,,1,Inf
Pool,Protein pool,,1,Inf
Pool,R5P pool,,0,0
Pool,R5P.p pool,,4.31950039186561e-06,3686.45399217545
Pool,R5P.x pool,,1,Inf
Pool,RU5P.p pool,,2.54050583937061e-06,3758.44587567582
Pool,RU5P.x pool,,1,Inf
Pool,RUBP pool,,0,0
Pool,RUBP.p pool,,2.54070672796259e-06,3834.42999891718
Pool,RUBP.x pool,,1,Inf
Pool,S6P pool,,1,Inf
Pool,S7P pool,,0,0
Pool,S7P.p pool,,2.25612195976609e-06,3798.58826366199
Pool,S7P.x pool,,1,Inf
Pool,SAH.c pool,,1,Inf
Pool,SAM pool,,4.9825945397123,1.5833844161571
Pool,SAM.c pool,,2.64669010847181e-06,3694.42545162127
Pool,SAM.x pool,,1,Inf
Pool,SBP pool,,0,0
Pool,SER pool,,0,0
Pool,SER.c pool,,1.00000000002876e-07,0
Pool,SER.m pool,,0.986434719384333,0.128913933637318
Pool,SER.p pool,,0.000828961317789123,3890.83828312423
Pool,SER.x pool,,1,Inf
Pool,Sink pool,,1,Inf
Pool,Starch pool,,1,Inf
Pool,THR pool,,1167.87051266699,3696.79398045216
Pool,TP pool,,0,0
Pool,TP.c pool,,4.18764693888221e-06,3956.53422374838
Pool,TP.p pool,,3.22796095733829e-06,3784.34991172906
Pool,TP.x pool,,1,Inf
Pool,UDPG pool,,0,0
Pool,UDPG.c pool,,0.308572754178047,3700.43613147236
Pool,UDPG.x pool,,1,Inf
Pool,X5P.p pool,,2.61691541307935e-06,3784.23320145857
Pool,dummy pool,,1,Inf
Pool,dummyGLY pool,,1,Inf
Pool,dummySER pool,,1,Inf
Pool,meTHF pool,,3.26349595518183,1.31690050754316
Pool,meTHF.c pool,,8.29338489423086e-07,3772.35619611645
Pool,meTHF.x pool,,1,Inf
Pool,myTHF.m pool,,1.00000000002876e-07,0
Pool,outSER pool,,1,Inf
Norm,Experiment1 Glyc205 #1 norm,,0.979988156643031,0.0128413985083804
Norm,Experiment1 Glyc205 #2 norm,,0.967214252317961,0.0223572301388932
Norm,Experiment1 Glyc205 #3 norm,,0.978390770833282,0.0204063847356077
Norm,Experiment1 Glyc205 #4 norm,,0.96458032566604,0.0318799097260946
Norm,Experiment1 Glyc205 #5 norm,,1.02487456676298,0.036814136407204
Norm,Experiment1 Glyc205 #6 norm,,1.00125788732428,0.0266536107166179
Norm,Experiment1 Glyc205 #7 norm,,0.987943187650444,0.034625165877666
Norm,Experiment1 Glyc205 #8 norm,,0.968526265290128,0.0292710082874589
Norm,Experiment1 Glyx160 #1 norm,,1.01097607276739,0.0112243035338536
Norm,Experiment1 Glyx160 #2 norm,,0.998841916139684,0.0135312603658994
Norm,Experiment1 Glyx160 #3 norm,,0.943870004540554,0.0164708864424645
Norm,Experiment1 Glyx160 #4 norm,,0.995054910990642,0.0140263116508961
Norm,Experiment1 Glyx160 #5 norm,,0.946827186450034,0.0343164825822474
Norm,Experiment1 Glyx160 #6 norm,,1.0271288835615,0.0211416513732561
Norm,Experiment1 Glyx160 #7 norm,,0.978859386130659,0.0369394441413662
Norm,Experiment1 Glyx160 #8 norm,,0.991658524540596,0.0427125800507527
Norm,Experiment1 GLY276 #1 norm,,0.963778076401185,0.0100479166076711
Norm,Experiment1 GLY276 #2 norm,,0.985582060969998,0.0329118767525401
Norm,Experiment1 GLY276 #3 norm,,0.928578334923455,0.0534498704365475
Norm,Experiment1 GLY276 #4 norm,,1.0045315623823,0.0621046593811841
Norm,Experiment1 GLY276 #5 norm,,0.977936737618582,0.158013923277859
Norm,Experiment1 GLY276 #6 norm,,0.931987067228293,0.0951913461139413
Norm,Experiment1 GLY276 #7 norm,,1.02629842159859,0.0676756183583991
Norm,Experiment1 GLY276 #8 norm,,0.994763707041723,0.0689495607084102
Norm,Experiment1 HPA262 #1 norm,,0.994042506182374,0.0110049792786975
Norm,Experiment1 HPA262 #2 norm,,0.966624397687326,0.027587586053381
Norm,Experiment1 HPA262 #3 norm,,0.935292000994674,0.0124653794637175
Norm,Experiment1 HPA262 #4 norm,,0.96867579184197,0.0376593154951844
Norm,Experiment1 HPA262 #5 norm,,0.946659449169547,0.0246074070390198
Norm,Experiment1 HPA262 #6 norm,,0.956335724593344,0.0328685552950232
Norm,Experiment1 HPA262 #7 norm,,0.964460415869004,0.0255460081987982
Norm,Experiment1 HPA262 #8 norm,,1.05260908983728,0.0256978933171859
Norm,Experiment1 GA307 #1 norm,,0.985767396036323,0.012241564531626
Norm,Experiment1 GA307 #2 norm,,1.00471545297456,0.0296233193042868
Norm,Experiment1 GA307 #3 norm,,0.996111824401448,0.0306722729310101
Norm,Experiment1 GA307 #4 norm,,0.975419671434295,0.0188234899500276
Norm,Experiment1 GA307 #5 norm,,0.955372368593228,0.0494413876563793
Norm,Experiment1 GA307 #6 norm,,1.0486808901253,0.0417108848375337
Norm,Experiment1 GA307 #7 norm,,0.964187599629745,0.0426457271776899
Norm,Experiment1 GA307 #8 norm,,0.972175805332374,0.034495638676221
Norm,Experiment1 SER306 #1 norm,,1.02043562065485,0.0147583327857232
Norm,Experiment1 SER306 #2 norm,,1.01836908216727,0.0257593579001726
Norm,Experiment1 SER306 #3 norm,,1.00534481351487,0.0469133847903155
Norm,Experiment1 SER306 #4 norm,,1.00639776896787,0.0497286359879665
Norm,Experiment1 SER306 #5 norm,,1.06070677538582,0.0971436682203332
Norm,Experiment1 SER306 #6 norm,,1.00336486008489,0.0711943453424384
Norm,Experiment1 SER306 #7 norm,,0.997897652163252,0.0428625553215376
Norm,Experiment1 SER306 #8 norm,,0.990249010341005,0.0500963688747927
Norm,Experiment1 meTHF #1 norm,,0.996393025088665,0.00984121408962599
Norm,Experiment1 meTHF #2 norm,,1.01702792725439,0.0101286924783473
Norm,Experiment1 meTHF #3 norm,,0.986024914319153,0.0620235748900977
Norm,Experiment1 meTHF #4 norm,,0.9835283121321,0.0482107110433912
Norm,Experiment1 meTHF #5 norm,,1.01664679431791,0.098921794551472
Norm,Experiment1 meTHF #6 norm,,1.01225858143735,0.129730355895191
Norm,Experiment1 meTHF #7 norm,,1.0031455510531,0.0708361259800275
Norm,Experiment1 meTHF #8 norm,,0.952616751378593,0.0874020645605843
Norm,Experiment1 FmTHF #1 norm,,1.00615629127497,0.0100848658189369
Norm,Experiment1 FmTHF #2 norm,,0.9778449179105,0.0237320512419691
Norm,Experiment1 FmTHF #3 norm,,0.997274901287945,0.0302459850741964
Norm,Experiment1 FmTHF #4 norm,,1.01320523359942,0.0238463821549487
Norm,Experiment1 FmTHF #5 norm,,0.985665298754999,0.0562545656546577
Norm,Experiment1 FmTHF #6 norm,,0.999922239938839,0.0695301936554733
Norm,Experiment1 FmTHF #7 norm,,0.97496194116907,0.0532039675470451
Norm,Experiment1 FmTHF #8 norm,,1.09232547031799,0.092805162006867
Norm,Experiment1 Met176 #1 norm,,0.945228333950112,0.0246444835234643
Norm,Experiment1 Met176 #2 norm,,0.871162600833936,0.0309657510258407
Norm,Experiment1 Met176 #3 norm,,0.951677471291438,0.0518229781775327
Norm,Experiment1 Met176 #4 norm,,0.993795964541009,0.0393242949475553
Norm,Experiment1 Met176 #5 norm,,1.0571194892057,0.0813647601510649
Norm,Experiment1 Met176 #6 norm,,1.0147801578913,0.164536940323271
Norm,Experiment1 Met176 #7 norm,,1.00490376875556,0.0977831906788193
Norm,Experiment1 Met176 #8 norm,,0.984382784182882,0.148943608734173
Norm,Experiment1 SAM #1 norm,,1.01040179310056,0.0118083265760091
Norm,Experiment1 SAM #2 norm,,0.989138931206762,0.0121635839419186
Norm,Experiment1 SAM #3 norm,,1.00876198559113,0.0144175834090627
Norm,Experiment1 SAM #4 norm,,1.00822882586522,0.0221365307875778
Norm,Experiment1 SAM #5 norm,,0.960341898040022,0.0394635238823412
Norm,Experiment1 SAM #6 norm,,1.04495612091628,0.075981801903951
Norm,Experiment1 SAM #7 norm,,1.00039271012725,0.0894407555702789
Norm,Experiment1 SAM #8 norm,,1.00447878723928,0.0921614721229102
Norm,Experiment1 CIT465 #1 norm,,0.986189500575512,0.0118510303456839
Norm,Experiment1 CIT465 #2 norm,,0.979784382170301,0.013046988907886
Norm,Experiment1 CIT465 #3 norm,,0.987633883812599,0.011432188110048
Norm,Experiment1 CIT465 #4 norm,,1.00540664418309,0.0165132924808262
Norm,Experiment1 CIT465 #5 norm,,1.01047697695894,0.0137466386719827
Norm,Experiment1 CIT465 #6 norm,,0.972801090698186,0.0124335410007266
Norm,Experiment1 CIT465 #7 norm,,1.01542161153043,0.0136848532112851
Norm,Experiment1 CIT465 #8 norm,,0.988631003327126,0.0185827284372305
Norm,Experiment1 MAL335 #1 norm,,0.967752706095375,0.0122792904116281
Norm,Experiment1 MAL335 #2 norm,,1.02693690825473,0.0115199694081216
Norm,Experiment1 MAL335 #3 norm,,1.00965216569734,0.0104343224796938
Norm,Experiment1 MAL335 #4 norm,,0.936684909736145,0.0138115668648415
Norm,Experiment1 MAL335 #5 norm,,0.955833192998358,0.0136927635296231
Norm,Experiment1 MAL335 #6 norm,,0.963879551249361,0.0133290772748258
Norm,Experiment1 MAL335 #7 norm,,0.984202288167981,0.0209763852979912
Norm,Experiment1 MAL335 #8 norm,,0.995835590348322,0.0384849961186525
Norm,Experiment1 ASP334 #1 norm,,0.982755655580677,0.0228828693817358
Norm,Experiment1 ASP334 #2 norm,,0.960783661703103,0.0302171342546768
Norm,Experiment1 ASP334 #3 norm,,0.964804403962128,0.0195747807431678
Norm,Experiment1 ASP334 #4 norm,,0.993428284566492,0.0173326014742051
Norm,Experiment1 ASP334 #5 norm,,0.93972173672464,0.0259585449884299
Norm,Experiment1 ASP334 #6 norm,,0.952288557372327,0.0308741570888408
Norm,Experiment1 ASP334 #7 norm,,1.0430387424295,0.0321801956621401
Norm,Experiment1 ASP334 #8 norm,,0.980151722875162,0.0781628758076507
Norm,Experiment1 GLU348 #1 norm,,0.934809906706091,0.0206888856856088
Norm,Experiment1 GLU348 #2 norm,,0.917342462572933,0.0184685984747855
Norm,Experiment1 GLU348 #3 norm,,0.997056405938102,0.0113874808644615
Norm,Experiment1 GLU348 #4 norm,,0.92155702865418,0.0335831473137757
Norm,Experiment1 GLU348 #5 norm,,0.982186558961697,0.0234637590488644
Norm,Experiment1 GLU348 #6 norm,,0.983322219368667,0.0128387887460788
Norm,Experiment1 GLU348 #7 norm,,0.980011899128465,0.0153391508312832
Norm,Experiment1 GLU348 #8 norm,,0.941127362561907,0.020512456643099
Norm,Experiment1 THR320 #1 norm,,0.981584676169429,0.0103027999376219
Norm,Experiment1 THR320 #2 norm,,1.06273819028326,0.0154396185912569
Norm,Experiment1 THR320 #3 norm,,1.00039145280128,0.0104165486451813
Norm,Experiment1 THR320 #4 norm,,0.955012596262034,0.0278192616725291
Norm,Experiment1 THR320 #5 norm,,1.03748948066982,0.0218579241916421
Norm,Experiment1 THR320 #6 norm,,0.979496201833855,0.0110766963721294
Norm,Experiment1 THR320 #7 norm,,1.02495514142347,0.0147365136179122
Norm,Experiment1 THR320 #8 norm,,0.844498298518507,0.022753675193721
Norm,Experiment1 ALA116 #1 norm,,0.989603704478502,0.00985359423309159
Norm,Experiment1 ALA116 #2 norm,,1.02022289369131,0.0102070739612353
Norm,Experiment1 ALA116 #3 norm,,1.00392230527592,0.0177461112534965
Norm,Experiment1 ALA116 #4 norm,,1.01277789507694,0.0256620725471919
Norm,Experiment1 ALA116 #5 norm,,1.06985287781979,0.114709155120975
Norm,Experiment1 ALA116 #6 norm,,1.00486626000606,0.0879817912231309
Norm,Experiment1 ALA116 #7 norm,,1.01861938889976,0.0638221620131607
Norm,Experiment1 ALA116 #8 norm,,0.947228310027064,0.106169877836728
Norm,Experiment1 PYR #1 norm,,0.985774361005852,0.0171856436306088
Norm,Experiment1 PYR #2 norm,,1.00891711509085,0.0569554253013652
Norm,Experiment1 PYR #3 norm,,0.917782934361912,0.0855412735002389
Norm,Experiment1 PYR #4 norm,,1.05172646020496,0.0433978418203499
Norm,Experiment1 PYR #5 norm,,1.00926947269045,0.0551157949507064
Norm,Experiment1 PYR #6 norm,,1.03850121800477,0.0522017808945318
Norm,Experiment1 PYR #7 norm,,0.973978040289296,0.114471479140708
Norm,Experiment1 PYR #8 norm,,0.991803218316968,0.0568801825997694
