type,id,eqn,val,std
Net flux,CO2.t,CO2.t -> CO2,48.2933794083547,1.2034149807608
Net flux,CO2_sink,dummy -> Sink,48.2933794083547,1.2034149807608
Net flux,RUBICSO_CO2,RUBP.p + CO2 -> 3PGA.p + 3PGA.p + dummy,60.3727572042979,1.32410599213088
Net flux,GAPDH.p net,3PGA.p <-> TP.p,141.390225430826,2.80358087036492
Exch flux,GAPDH.p exch,3PGA.p <-> TP.p,0.00137305531927012,1.00307876004567
Net flux,ALD,TP.p + E4P.p -> SBP,26.0926242465054,0.51344606098572
Net flux,SBP,SBP -> S7P.p,26.0926242465054,0.51344606098572
Net flux,FBA.p net,TP.p + TP.p <-> FBP.p,29.3487175280497,0.687523911494505
Exch flux,FBA.p exch,TP.p + TP.p <-> FBP.p,21508.5316704118,1762.20088298462
Net flux,PFK.p net,FBP.p <-> F6P.p,29.3487175280529,0.687523911494505
Exch flux,PFK.p exch,FBP.p <-> F6P.p,1.00004385217289e-07,3.48782082240114e-15
Net flux,TK1 net,TP.p + EC2 <-> X5P.p,52.1852484930107,1.02689212197144
Exch flux,TK1 exch,TP.p + EC2 <-> X5P.p,1.0000000116861e-07,0
Net flux,TK2 net,S7P.p <-> R5P.p + EC2,26.0926242465053,0.51344606098572
Exch flux,TK2 exch,S7P.p <-> R5P.p + EC2,38.9316717515866,4974.92967468299
Net flux,TK3 net,F6P.p <-> E4P.p + EC2,26.0926242465066,0.51344606098572
Exch flux,TK3 exch,F6P.p <-> E4P.p + EC2,8540.87012558503,4855.53032808672
Net flux,PPE net,X5P.p <-> RU5P.p,52.1852484930106,1.02689212197144
Exch flux,PPE exch,X5P.p <-> RU5P.p,96.1323393387246,4794.39010391703
Net flux,PPI net,R5P.p <-> RU5P.p,26.0926242465054,0.51344606098572
Exch flux,PPI exch,R5P.p <-> RU5P.p,245.091562188835,748.195943579122
Net flux,PRK,RU5P.p -> RUBP.p,78.2778727395161,1.54033818295845
Net flux,RUBISCO_O2,RUBP.p -> 3PGA.p + 2PG.p,17.9051155352182,0.602180556623645
Net flux,GLYdil net,GLY.p <-> GLY.x + dummyGLY,0.0112470026756952,0.00132317981828779
Exch flux,GLYdil exch,GLY.p <-> GLY.x + dummyGLY,0.348357300867207,0.22877417769778
Net flux,SERdil net,SER.p <-> SER.x + dummySER,0.0384575711581405,0.00452441874364136
Exch flux,SERdil exch,SER.p <-> SER.x + dummySER,0.624060472169703,0.47054686993437
Net flux,GK,GA.p -> 3PGA.p,3.21026985610114,1.11650980098854
Net flux,PGI.p net,F6P.p <-> G6P.p,3.25609328154927,0.432906482380684
Exch flux,PGI.p exch,F6P.p <-> G6P.p,0.00456802180385907,5035.02688768671
Net flux,PGM.p,G6P.p -> ADPG.p,3.25609328154928,0.432906482380684
Net flux,Starch,ADPG.p -> Starch,3.25609328154926,0.432906482380684
Net flux,FBA.c net,TP.c + TP.c <-> FBP.c,2.20745881760377,0.259701632827826
Exch flux,FBA.c exch,TP.c + TP.c <-> FBP.c,20.0797303013625,5063.97670535956
Net flux,PFK.c net,FBP.c <-> F6P.c,2.20745881760378,0.259701632827826
Exch flux,PFK.c exch,FBP.c <-> F6P.c,4.73226531558476,5183.23852472689
Net flux,PGI.c net,F6P.c <-> G6P.c,1.10372940880191,0.129850816413913
Exch flux,PGI.c exch,F6P.c <-> G6P.c,227.059676899381,5131.62531709105
Net flux,PGM.c net,G6P.c <-> UDPG.c,1.10372940880188,0.129850816413913
Exch flux,PGM.c exch,G6P.c <-> UDPG.c,48481.4243665757,5038.01367822686
Net flux,SPS,F6P.c + UDPG.c -> S6P,1.10372940880186,0.129850816413913
Net flux,PGAM.c net,3PGA.c <-> PEP.c,0.470674369089732,0.0553735821072928
Exch flux,PGAM.c exch,3PGA.c <-> PEP.c,28.8036801866268,5052.12044375422
Net flux,PK.c,PEP.c -> PYR.c,0.213648901661521,0.0251352225377327
Net flux,PDH,PYR.c + dummy -> ACA + CO2,0.177810807757583,0.0209189665340229
Net flux,CS,OAA + ACA -> CIT,0.177810807757579,0.0209189665340229
Net flux,ACO net,CIT <-> ICI,0.177810807757623,0.0209189665340229
Exch flux,ACO exch,CIT <-> ICI,1155.78854841845,5076.72391250102
Net flux,IDH,ICI + dummy -> AKG + CO2,0.177810807757596,0.0209189665340229
Net flux,MDH net,MAL <-> OAA,2.1316282072803e-14,0
Exch flux,MDH exch,MAL <-> OAA,0.112237584019496,0.110540494321386
Net flux,PPC,PEP.c + CO2 -> OAA + dummy,0.257025467427275,0.0302383596001927
Net flux,T_3PGA net,3PGA.p <-> 3PGA.c,0.470674369089714,0.0553735821072928
Exch flux,T_3PGA exch,3PGA.p <-> 3PGA.c,1.0000000116861e-07,0
Net flux,T_DHAP net,TP.p <-> TP.c,4.4149176352076,0.519403265655653
Exch flux,T_DHAP exch,TP.p <-> TP.c,9.99999998363421e-08,0
Net flux,ALT,PYR.c -> ALA.c,0.0358380939037357,0.00421625600747594
Net flux,ASPT,OAA -> ASP,0.0792146596696763,0.00931939308914344
Net flux,GLUDH,AKG -> GLU,0.177810807757572,0.0209189665340229
Net flux,PCR net,GLU <-> PRO,-2.1316282072803e-14,0
Exch flux,PCR exch,GLU <-> PRO,37.9430934658436,5270.20058149338
Net flux,GS net,GLU <-> GLN,0,0
Exch flux,GS exch,GLU <-> GLN,4801.47346001109,5214.96876082676
Net flux,TS net,ASP <-> THR,0,0
Exch flux,TS exch,ASP <-> THR,1.0000000116861e-07,0
Net flux,AS net,ASP <-> ASN,1.06581410364015e-14,0
Exch flux,AS exch,ASP <-> ASN,1.0000000116861e-07,0
Net flux,G_3PGA.p,0*3PGA.p -> 3PGA,2.46866289899117e-06,7336.44406423225
Net flux,G_3PGA.c,0*3PGA.c -> 3PGA,92.9119081393293,5139.87974740995
Net flux,G_DHAP.p,0*TP.p -> TP,40.685379842242,7339.25327960862
Net flux,G_DHAP.c,0*TP.c -> TP,51.8471856996947,5069.63249898367
Net flux,G_F6P.p,0*F6P.p -> F6P,48.6686345030749,7207.48017042277
Net flux,G_F6P.c,0*F6P.c -> F6P,36.546576817712,5049.63457387276
Net flux,G_FBP.p,0*FBP.p -> FBP,2.46866123632117e-06,7040.94762178071
Net flux,G_FBP.c,0*FBP.c -> FBP,83.45123104729,5159.76290938427
Net flux,G_G6P.p,0*G6P.p -> G6P,19.0549768397257,6839.94341667396
Net flux,G_G6P.c,0*G6P.c -> G6P,58.8549499993083,5279.10251736788
Net flux,G_RU5P.p,0*RU5P.p -> P5P,2.46865364061932e-06,7097.89800398523
Net flux,G_X5P.p,0*X5P.p -> P5P,92.8477691502267,5136.06293169106
Net flux,G_R5P.p,0*R5P.p -> R5P,82.2810779884949,5200.57588458776
Net flux,G_GA.p,0*GA.p -> GA,37.8825261871094,1.6440762623569
Net flux,G_SER.p,0*SER.p -> SER,89.1960991852568,7218.69531571829
Net flux,G_GLY.p,0*GLY.p -> GLY,1.00000015379464e-07,3.1377785938107e-16
Net flux,G_RUBP.p,0*RUBP.p -> RUBP,92.5302752673064,5141.21665116606
Net flux,G_S7P.p,0*S7P.p -> S7P,98.4567310636212,5049.23382260181
Net flux,G_2PG.p,0*2PG.p -> 2PG,87.0427532706349,5002.24527216967
Net flux,G_ADPG.p,0*ADPG.p -> ADPG,95.0805622183377,5277.25954664988
Net flux,G_PEP.c,0*PEP.c -> PEP,89.2305410445615,4946.05197474241
Net flux,G_UDPG.c,0*UDPG.c -> UDPG,72.4268033045549,4931.81456953873
Net flux,G_ALA.c,0*ALA.c -> ALA,65.0400521818753,4.93586894236136
Net flux,(1-G)_GA,0*GA.x -> GA,62.1174738128927,1.6440762623569
Net flux,(1-G)_SER,0*SER.x -> SER,10.8039006131051,2.83866888447814
Net flux,(1-G)_GLY,0*GLY.x -> GLY,30.3190340169495,2.91512269576638
Net flux,(1-G)_R5P,0*R5P.x -> R5P,17.718922011502,5200.57588458776
Net flux,(1-G)_RUBP,0*RUBP.x -> RUBP,7.4697247326924,5141.21665116606
Net flux,(1-G)_3PGA,0*3PGA.x -> 3PGA,7.08808939200812,5224.52167139835
Net flux,(1-G)_TP,0*TP.x -> TP,7.46743445806383,5198.57107552445
Net flux,(1-G)_F6P,0*F6P.x -> F6P,14.7847886792169,5084.89941903183
Net flux,(1-G)_FBP,0*FBP.x -> FBP,16.5487664840435,4952.50525643021
Net flux,(1-G)_G6P,0*G6P.x -> G6P,22.0900731609643,4885.31990266808
Net flux,(1-G)_RU5P,0*RU5P.x -> P5P,7.15222838112105,4977.03055622254
Net flux,(1-G)_S7P,0*S7P.x -> S7P,1.54326893637677,5049.23382260181
Net flux,(1-G)_2PG,0*2PG.x -> 2PG,12.9572467293675,5002.24527216967
Net flux,(1-G)_ADPG,0*ADPG.x -> ADPG,4.91943778166132,5277.25954664988
Net flux,(1-G)_PEP,0*PEP.x -> PEP,10.7694589554367,4946.05197474241
Net flux,(1-G)_UDPG,0*UDPG.x -> UDPG,27.5731966954463,4931.81456953873
Net flux,(1-G)_ALA,0*ALA.x -> ALA,34.9599478181244,4.93586894236136
Net flux,PGASink,3PGA -> Sink,100,0
Net flux,DHAPSink,TP -> Sink,100.000000000001,0
Net flux,F6PSink,F6P -> Sink,100.000000000004,0
Net flux,FBPSink,FBP -> Sink,99.9999999999947,0
Net flux,G6PSink,G6P -> Sink,99.9999999999983,0
Net flux,P5PSink,P5P -> Sink,100.000000000001,0
Net flux,R5PSink,R5P -> Sink,99.9999999999968,0
Net flux,GASink,GA -> Sink,100.000000000002,0
Net flux,SERSink,SER -> Sink,99.9999999999996,0
Net flux,GLYSink,GLY -> Sink,100.000000000001,0
Net flux,RUBPSink,RUBP -> Sink,99.9999999999987,0
Net flux,S7PSink,S7P -> Sink,99.9999999999979,0
Net flux,2PGSink,2PG -> Sink,100.000000000002,0
Net flux,ADPGSink,ADPG -> Sink,99.999999999999,0
Net flux,PEPSink,PEP -> Sink,99.9999999999983,0
Net flux,UDPGSink,UDPG -> Sink,100.000000000001,0
Net flux,ALASink,ALA -> Sink,99.9999999999998,0
Net flux,S6Pout-LL,S6P + 0.1611*GLU + 0.07177*ASP + 0.03247*ALA.c + 0.01019*dummyGLY + 0.03484*dummySER -> Sink,1.10372940880189,0.129850816413913
Net flux,PGP.p,2PG.p -> Glyc.p,17.9051155352182,0.602180556623645
Net flux,GOX,Glyc.p -> Glyx.p,17.9051155352182,0.602180556623645
Net flux,GGT,Glyx.p -> GLY.p,17.9051155352182,0.602180556623645
Net flux,SGAT,SER.p -> HPA.p,3.21026985610113,1.11650980098854
Net flux,HPR.p,HPA.p -> GA.p,3.21026985610112,1.11650980098854
Net flux,T_GLY-m net,GLY.p <-> GLY.m,15.7534938832396,1.06467892380457
Exch flux,T_GLY-m exch,GLY.p <-> GLY.m,176116.490873309,5050.70949825605
Net flux,GDC.m,GLY.m + dummy -> myTHF.m + CO2,11.9807816478549,0.880870906454106
Net flux,T_SER-m net,SER.p <-> SER.m,-11.9807816478549,0.880870906454106
Exch flux,T_SER-m exch,SER.p <-> SER.m,9.99999714146327e-08,1.05743982558585e-13
Net flux,mSHMT,GLY.m + myTHF.m -> SER.m,11.9807816478549,0.880870906454106
Net flux,T_SER-c net,SER.p <-> SER.c,8.73205422059565,1.5182594948918
Exch flux,T_SER-c exch,SER.p <-> SER.c,0.00203637309406446,1.24584212422255
Net flux,T_Gly-c net,GLY.p <-> GLY.c,2.14037464929056,0.871067066401494
Exch flux,T_Gly-c exch,GLY.p <-> GLY.c,9.99999998363421e-08,0
Net flux,cSHMT,SER.c -> GLY.c + meTHF.c,8.73205412059565,1.51825949489165
Net flux,FmTHF-reductase net,meTHF.c <-> FmTHF.c,8.73205412059565,1.51825949489165
Exch flux,FmTHF-reductase exch,meTHF.c <-> FmTHF.c,16.1966421897133,4970.65857096279
Net flux,Met-synthase,FmTHF.c + Hcy.c -> Met.c,8.73205412059563,1.51825949489165
Net flux,SAM-synthase,Met.c -> SAM.c,8.73205412059564,1.51825949489165
Net flux,Methylation,SAM.c -> SAH.c + Acceptor.c,8.73205412059563,1.51825949489165
Net flux,hydrolysis,SAH.c -> Hcy.c,8.73205412059562,1.51825949489165
Net flux,G_SER.m,0*SER.m -> SER,1.01580340583496e-07,5127.49652228741
Net flux,G_SER.c,0*SER.c -> SER,1.00057416574373e-07,4982.93912037358
Net flux,G_Gly.m,0*GLY.m -> GLY,1.0000000116861e-07,1.96579781934677e-16
Net flux,G_Gly.c,0*GLY.c -> GLY,69.6809657830517,2.91512269576638
Net flux,T_GLY-c-m,GLY.c -> GLY.m,8.20806941245792,2.13809214044032
Net flux,G_Glyc,0*Glyc.p -> Glyc,20.8635884096395,1.16141543654142
Net flux,G_Glyx,0*Glyx.p -> Glyx,9.84071689155949,1.14817059232132
Net flux,G_HPA,0*HPA.p -> HPA,6.75965864526514,1.30336188901909
Net flux,(1-G)_Glyc,0*Glyc.x -> Glyc,79.1364115903611,1.16141543654142
Net flux,(1-G)_Glyx,0*Glyx.x -> Glyx,90.1592831084414,1.14817059232132
Net flux,(1-G)_HPA,0*HPA.x -> HPA,93.2403413547348,1.30336188901909
Net flux,GlycSink,Glyc -> Sink,100.000000000001,0
Net flux,GlyxSink,Glyx -> Sink,100.000000000001,0
Net flux,HPASink,HPA -> Sink,99.9999999999998,0
Net flux,SERex,dummySER -> outSER,9.99991582872894e-08,8.06777214476773e-13
Net flux,G_PYR,0*PYR.c -> PYR,33.6570360985133,1.75795815775179
Net flux,(1-G)_PYR,0*PYR.x -> PYR,66.3429639014869,1.75795815775179
Net flux,PYRSink,PYR -> Sink,100,0
Net flux,G_meTHF,0*meTHF.c -> meTHF,99.9999999,5025.84895150371
Net flux,G_FmTHF,0*FmTHF.c -> FmTHF,75.6097421672954,3.15174327933814
Net flux,G_Met,0*Met.c -> Met,54.9801114979717,3.86798067477708
Net flux,G_SAM,0*SAM.c -> SAM,62.1575599170971,3.74971687004821
Net flux,(1-G)_meTHF,0*meTHF.x -> meTHF,1.0000000116861e-07,5025.84895150371
Net flux,(1-G)_FmTHF,0*FmTHF.x -> FmTHF,24.3902578327047,3.15174327933814
Net flux,(1-G)_Met,0*Met.x -> Met,45.0198885020284,3.86798067477708
Net flux,(1-G)_SAM,0*SAM.x -> SAM,37.8424400829029,3.74971687004821
Net flux,meTHFSink,meTHF -> Sink,99.9999999999999,0
Net flux,FmTHFSink,FmTHF -> Sink,100,0
Net flux,MetSink,Met -> Sink,100,0
Net flux,SAMsink,SAM -> Sink,100,0
Net flux,Met-protein,Met.c -> Protein,6.51983996113883e-15,0
Net flux,GLY-protein,GLY.c -> Protein,2.66435935742831,1.21117284865332
Net flux,SER-protein,SER.c -> Protein,1.0000000116861e-07,7.93370698707987e-15
Pool,2PG pool,,0,0
Pool,2PG.p pool,,5.87664453548148e-07,5047.81954551114
Pool,2PG.x pool,,1,Inf
Pool,3PGA pool,,0,0
Pool,3PGA.c pool,,0.0273360914304177,0.00633601676024743
Pool,3PGA.p pool,,4.35769050042396e-07,4984.07971549117
Pool,3PGA.x pool,,1,Inf
Pool,ACA pool,,1.36494070077511e-06,5013.33223900139
Pool,ADPG pool,,0,0
Pool,ADPG.p pool,,9.9999999999999e-08,Inf
Pool,ADPG.x pool,,1,Inf
Pool,AKG pool,,2.73177047692927e-06,5143.43352251064
Pool,ALA pool,,0,0
Pool,ALA.c pool,,0.00786018246089359,0.00240161367789112
Pool,ALA.x pool,,1,Inf
Pool,ASN pool,,7566.06583439649,5018.61571327205
Pool,ASP pool,,1e-07,0
Pool,Acceptor.c pool,,1,Inf
Pool,CIT pool,,14.5179535746739,1818.84829222486
Pool,CO2 pool,,0.386162296039376,0.157346253118855
Pool,CO2.t pool,,1,Inf
Pool,E4P.p pool,,0,0
Pool,EC2 pool,,0,0
Pool,F6P pool,,0,0
Pool,F6P.c pool,,3.82970685218291e-06,5029.99319318284
Pool,F6P.p pool,,2.49222809922704e-07,5137.17127963014
Pool,F6P.x pool,,1,Inf
Pool,FBP pool,,0,0
Pool,FBP.c pool,,3.82966275766657e-06,4985.15162598881
Pool,FBP.p pool,,2.2806057035036e-07,5164.35032676609
Pool,FBP.x pool,,1,Inf
Pool,FmTHF pool,,1.59342201850653,0.701685849051967
Pool,FmTHF.c pool,,7.90981562979645e-07,5218.40967333586
Pool,FmTHF.x pool,,1,Inf
Pool,G6P pool,,0,0
Pool,G6P.c pool,,9.87486006922914e-06,5054.28795904974
Pool,G6P.p pool,,1.94791246322447e-06,4996.06825994079
Pool,G6P.x pool,,1,Inf
Pool,GA pool,,0,0
Pool,GA.p pool,,1e-07,0
Pool,GA.x pool,,1,Inf
Pool,GLN pool,,3212.41175409481,4717.82106427337
Pool,GLU pool,,2.73230662560776e-06,4932.65804555177
Pool,GLY pool,,0,0
Pool,GLY.c pool,,1.00000000002876e-07,0
Pool,GLY.m pool,,0.112619173459866,0.100095615015978
Pool,GLY.p pool,,0.000432186282816032,5051.63479405541
Pool,GLY.x pool,,1,Inf
Pool,Glyc pool,,4.83351155907181,1.3320558831569
Pool,Glyc.p pool,,6.11832354711639e-07,5013.79676104705
Pool,Glyc.x pool,,1,Inf
Pool,Glyx pool,,4.50044814078205,1.86761496386174
Pool,Glyx.p pool,,9.86184514101648e-07,5011.98649883253
Pool,Glyx.x pool,,1,Inf
Pool,HPA pool,,1.89457379050188e-05,5182.25786670851
Pool,HPA.p pool,,1e-07,0
Pool,HPA.x pool,,1,Inf
Pool,Hcy.c pool,,1,Inf
Pool,ICI pool,,0.00371008873347513,5050.84048071488
Pool,MAL pool,,0.166658835372061,0.160604611446976
Pool,Met pool,,4.46129342392913e-06,4696.51012855827
Pool,Met.c pool,,5.49852489703569e-07,4924.5739189527
Pool,Met.x pool,,1,Inf
Pool,OAA pool,,0.288019935215365,0.0681049332196342
Pool,P5P pool,,0,0
Pool,PEP pool,,0,0
Pool,PEP.c pool,,9.71859861043927e-07,4959.76165565778
Pool,PEP.x pool,,1,Inf
Pool,PRO pool,,29.988040266321,5250.31756247596
Pool,PYR pool,,9.99999998363421e-08,0
Pool,PYR.c pool,,1.00000000000273e-07,0
Pool,PYR.x pool,,1,Inf
Pool,Protein pool,,1,Inf
Pool,R5P pool,,0,0
Pool,R5P.p pool,,2.51921933852374e-07,4888.29156495329
Pool,R5P.x pool,,1,Inf
Pool,RU5P.p pool,,2.5293643430671e-07,5107.43208316584
Pool,RU5P.x pool,,1,Inf
Pool,RUBP pool,,0,0
Pool,RUBP.p pool,,2.52825279624303e-07,5098.11586373355
Pool,RUBP.x pool,,1,Inf
Pool,S6P pool,,1,Inf
Pool,S7P pool,,0,0
Pool,S7P.p pool,,1.82121883648224e-07,5133.05943367382
Pool,S7P.x pool,,1,Inf
Pool,SAH.c pool,,1,Inf
Pool,SAM pool,,2.72923624690243,168.504993500189
Pool,SAM.c pool,,0.236952678800336,14.8053979177696
Pool,SAM.x pool,,1,Inf
Pool,SBP pool,,0,0
Pool,SER pool,,0,0
Pool,SER.c pool,,1e-07,0
Pool,SER.m pool,,1.21575908883152,0.0869886300183423
Pool,SER.p pool,,1.00000000002876e-07,0
Pool,SER.x pool,,1,Inf
Pool,Sink pool,,1,Inf
Pool,Starch pool,,1,Inf
Pool,THR pool,,2160.88519327006,5000.97314846925
Pool,TP pool,,0,0
Pool,TP.c pool,,4.18762226348491e-06,4966.23987036212
Pool,TP.p pool,,4.51623019108695e-07,5021.9701802586
Pool,TP.x pool,,1,Inf
Pool,UDPG pool,,0,0
Pool,UDPG.c pool,,0.166609924412664,4907.18087077435
Pool,UDPG.x pool,,1,Inf
Pool,X5P.p pool,,2.5558179573768e-07,5021.83044312887
Pool,dummy pool,,1,Inf
Pool,dummyGLY pool,,1,Inf
Pool,dummySER pool,,1,Inf
Pool,meTHF pool,,3.41384095709374,1.20777523519426
Pool,meTHF.c pool,,9.99999999999999e-08,0
Pool,meTHF.x pool,,1,Inf
Pool,myTHF.m pool,,5.71285317796046e-07,5167.04313374875
Pool,outSER pool,,1,Inf
Norm,Experiment1 Glyc205 #1 norm,,0.973220107706236,0.0126823586682322
Norm,Experiment1 Glyc205 #2 norm,,0.969103414510991,0.0236011384115248
Norm,Experiment1 Glyc205 #3 norm,,0.974408389329039,0.0212838847388845
Norm,Experiment1 Glyc205 #4 norm,,1.01241254361754,0.0329116178930845
Norm,Experiment1 Glyc205 #5 norm,,0.99269876726311,0.0336053911104166
Norm,Experiment1 Glyc205 #6 norm,,1.01893083008573,0.0275409589767846
Norm,Experiment1 Glyc205 #7 norm,,0.989732210244291,0.0352951733307348
Norm,Experiment1 Glyc205 #8 norm,,0.970175434385279,0.0291376036001422
Norm,Experiment1 Glyx160 #1 norm,,0.996345868458031,0.011095867815183
Norm,Experiment1 Glyx160 #2 norm,,1.00185293301383,0.0143443814748808
Norm,Experiment1 Glyx160 #3 norm,,0.967397379173931,0.019183640987698
Norm,Experiment1 Glyx160 #4 norm,,1.01994391630826,0.0171374690820832
Norm,Experiment1 Glyx160 #5 norm,,0.983011495593453,0.0357441305468239
Norm,Experiment1 Glyx160 #6 norm,,1.03263192770266,0.020987565769986
Norm,Experiment1 Glyx160 #7 norm,,0.956926370667892,0.0348231311659627
Norm,Experiment1 Glyx160 #8 norm,,1.00134554735199,0.0346712721642417
Norm,Experiment1 GLY276 #1 norm,,0.984062281450743,0.010028098399247
Norm,Experiment1 GLY276 #2 norm,,0.984138839119705,0.024660357184024
Norm,Experiment1 GLY276 #3 norm,,0.959395034683357,0.0412978901295766
Norm,Experiment1 GLY276 #4 norm,,1.003229953177,0.0617700731593999
Norm,Experiment1 GLY276 #5 norm,,0.990882439515892,0.146711635779236
Norm,Experiment1 GLY276 #6 norm,,0.861188012334398,0.0854606479947451
Norm,Experiment1 GLY276 #7 norm,,1.06553465278795,0.0705729111314474
Norm,Experiment1 GLY276 #8 norm,,0.968539705503718,0.0674155220825292
Norm,Experiment1 HPA262 #1 norm,,0.986862490883831,0.0107261565265436
Norm,Experiment1 HPA262 #2 norm,,0.924055602503323,0.0262256679387825
Norm,Experiment1 HPA262 #3 norm,,0.954940252426369,0.0128843734206887
Norm,Experiment1 HPA262 #4 norm,,0.991584687885385,0.0370986887815364
Norm,Experiment1 HPA262 #5 norm,,1.01048197133648,0.0254678285261584
Norm,Experiment1 HPA262 #6 norm,,0.985288880458292,0.0351143440299501
Norm,Experiment1 HPA262 #7 norm,,0.961671949183728,0.024466112784605
Norm,Experiment1 HPA262 #8 norm,,1.0007506803247,0.0239555737954028
Norm,Experiment1 GA307 #1 norm,,0.983951017766378,0.0120095231033189
Norm,Experiment1 GA307 #2 norm,,0.996655017044932,0.0303774687698364
Norm,Experiment1 GA307 #3 norm,,0.97377740796471,0.0297063787016649
Norm,Experiment1 GA307 #4 norm,,0.962771267360141,0.0188589605625673
Norm,Experiment1 GA307 #5 norm,,0.932736504543624,0.0474822429224729
Norm,Experiment1 GA307 #6 norm,,1.035528100102,0.0387051271511834
Norm,Experiment1 GA307 #7 norm,,0.975373772406525,0.0433360988120217
Norm,Experiment1 GA307 #8 norm,,1.00368970049603,0.037837518115399
Norm,Experiment1 SER306 #1 norm,,0.994765171385085,0.0144760546962151
Norm,Experiment1 SER306 #2 norm,,0.996211716315738,0.0195926470932396
Norm,Experiment1 SER306 #3 norm,,0.994584358881834,0.0441526254466233
Norm,Experiment1 SER306 #4 norm,,1.02055744698217,0.045135373959133
Norm,Experiment1 SER306 #5 norm,,1.03728199159669,0.0961156335493989
Norm,Experiment1 SER306 #6 norm,,1.10758226582033,0.0776096289407403
Norm,Experiment1 SER306 #7 norm,,1.00891396105511,0.043342904101139
Norm,Experiment1 SER306 #8 norm,,0.978300687218521,0.0490219535265733
Norm,Experiment1 meTHF #1 norm,,1.00179710067414,0.00992877671680256
Norm,Experiment1 meTHF #2 norm,,1.02380007082069,0.0101952274454761
Norm,Experiment1 meTHF #3 norm,,0.961314835823889,0.0600127844864682
Norm,Experiment1 meTHF #4 norm,,0.973523197354572,0.0472986762420582
Norm,Experiment1 meTHF #5 norm,,1.01218148802173,0.0934442415251773
Norm,Experiment1 meTHF #6 norm,,0.992081758195227,0.1389125235711
Norm,Experiment1 meTHF #7 norm,,1.00136487921748,0.0575013857956324
Norm,Experiment1 meTHF #8 norm,,0.973970353073573,0.102876174818975
Norm,Experiment1 FmTHF #1 norm,,1.00510565535727,0.0101914943468601
Norm,Experiment1 FmTHF #2 norm,,0.988134994680143,0.0241340372619116
Norm,Experiment1 FmTHF #3 norm,,0.994521472948802,0.0330402271805627
Norm,Experiment1 FmTHF #4 norm,,1.00772955583896,0.0272576365628258
Norm,Experiment1 FmTHF #5 norm,,0.946650598781343,0.0679862840281754
Norm,Experiment1 FmTHF #6 norm,,1.00320178317172,0.0674167819649281
Norm,Experiment1 FmTHF #7 norm,,1.00278879424136,0.0533225570192458
Norm,Experiment1 FmTHF #8 norm,,1.01225087449403,0.074415106303951
Norm,Experiment1 Met176 #1 norm,,0.948588307690375,0.0239792130736139
Norm,Experiment1 Met176 #2 norm,,0.921347636300716,0.0323764300578384
Norm,Experiment1 Met176 #3 norm,,0.911757561608292,0.0483086827971718
Norm,Experiment1 Met176 #4 norm,,1.02615277161857,0.040645013530416
Norm,Experiment1 Met176 #5 norm,,0.984259832275995,0.0864329047142005
Norm,Experiment1 Met176 #6 norm,,1.01982964847356,0.125627578088155
Norm,Experiment1 Met176 #7 norm,,0.993039334035513,0.106274429034922
Norm,Experiment1 Met176 #8 norm,,1.00138217233968,0.102110650668717
Norm,Experiment1 SAM #1 norm,,1.01044823570549,0.0120304256539975
Norm,Experiment1 SAM #2 norm,,0.999888731579217,0.0120486824398941
Norm,Experiment1 SAM #3 norm,,1.03393479385809,0.0145173863535121
Norm,Experiment1 SAM #4 norm,,1.00685737456882,0.0270613605548942
Norm,Experiment1 SAM #5 norm,,0.974464066023207,0.0408137916208595
Norm,Experiment1 SAM #6 norm,,1.02072701801985,0.0698528583787794
Norm,Experiment1 SAM #7 norm,,1.00072714472866,0.0891076417572086
Norm,Experiment1 SAM #8 norm,,0.998842197088556,0.0816464744414208
Norm,Experiment1 CIT465 #1 norm,,1.01224532195479,0.0120728111740632
Norm,Experiment1 CIT465 #2 norm,,0.9877725793066,0.013400478820638
Norm,Experiment1 CIT465 #3 norm,,0.984342651316493,0.0114019163163843
Norm,Experiment1 CIT465 #4 norm,,1.02565524141124,0.0169970162119527
Norm,Experiment1 CIT465 #5 norm,,0.990791489633878,0.0134764884281961
Norm,Experiment1 CIT465 #6 norm,,0.992787010095106,0.0124808778099758
Norm,Experiment1 CIT465 #7 norm,,0.952745222644753,0.0111538026913696
Norm,Experiment1 CIT465 #8 norm,,0.990678795060081,1.39766168701969
Norm,Experiment1 MAL335 #1 norm,,1.048486340979,0.0132187149499244
Norm,Experiment1 MAL335 #2 norm,,0.969185639289954,0.0107681918664387
Norm,Experiment1 MAL335 #3 norm,,1.00643508372584,0.0106758537450367
Norm,Experiment1 MAL335 #4 norm,,0.965267161647568,0.0140096779719819
Norm,Experiment1 MAL335 #5 norm,,0.962830718439024,0.0138843924904855
Norm,Experiment1 MAL335 #6 norm,,0.984667556615203,0.013309192781282
Norm,Experiment1 MAL335 #7 norm,,0.941587985288609,0.0194708220269768
Norm,Experiment1 MAL335 #8 norm,,1.01760665397121,0.0380346255969649
Norm,Experiment1 ASP334 #1 norm,,0.927798828568474,0.0224586436418901
Norm,Experiment1 ASP334 #2 norm,,0.920165072708723,0.0297402880317677
Norm,Experiment1 ASP334 #3 norm,,1.00429528942351,0.0200296269989116
Norm,Experiment1 ASP334 #4 norm,,0.952442471119101,0.0156601433727632
Norm,Experiment1 ASP334 #5 norm,,0.967062572422558,0.0255433761812099
Norm,Experiment1 ASP334 #6 norm,,0.989785548618548,0.0338974910752693
Norm,Experiment1 ASP334 #7 norm,,0.995459408129693,0.030613404734219
Norm,Experiment1 ASP334 #8 norm,,0.98869126411261,0.0826228862364084
Norm,Experiment1 GLU348 #1 norm,,0.978812220307954,0.0209956553088431
Norm,Experiment1 GLU348 #2 norm,,0.977786773803357,0.019914342286953
Norm,Experiment1 GLU348 #3 norm,,0.968036463104713,0.0110169713355461
Norm,Experiment1 GLU348 #4 norm,,0.950342803681169,0.034638642059276
Norm,Experiment1 GLU348 #5 norm,,1.02445899086688,0.0248493242149331
Norm,Experiment1 GLU348 #6 norm,,1.00530449888611,0.0130008233609481
Norm,Experiment1 GLU348 #7 norm,,0.974780162917065,0.0136105482453776
Norm,Experiment1 GLU348 #8 norm,,1.01973711300638,0.0175578837876984
Norm,Experiment1 THR320 #1 norm,,1.01202324505144,0.0105030171828378
Norm,Experiment1 THR320 #2 norm,,0.982755949318133,0.0143083888260411
Norm,Experiment1 THR320 #3 norm,,0.98023777072953,0.0105177767296867
Norm,Experiment1 THR320 #4 norm,,0.99248925440749,0.0296459745726397
Norm,Experiment1 THR320 #5 norm,,0.928236482790432,0.0192379817194822
Norm,Experiment1 THR320 #6 norm,,0.969733714973252,0.0109896244656723
Norm,Experiment1 THR320 #7 norm,,0.97916624671556,0.0136665019260789
Norm,Experiment1 THR320 #8 norm,,0.92326900508738,0.025672272993238
Norm,Experiment1 ALA116 #1 norm,,0.984199103380757,0.0099433348085877
Norm,Experiment1 ALA116 #2 norm,,1.02844136236917,0.010423347095798
Norm,Experiment1 ALA116 #3 norm,,0.994438687759572,0.0176942915931949
Norm,Experiment1 ALA116 #4 norm,,1.05729095894334,0.0232642819363104
Norm,Experiment1 ALA116 #5 norm,,0.932822760591778,0.100202441868374
Norm,Experiment1 ALA116 #6 norm,,0.985194661138038,0.0816927286013299
Norm,Experiment1 ALA116 #7 norm,,1.00470358898035,0.0604668314900765
Norm,Experiment1 ALA116 #8 norm,,0.987284895553995,0.0958626224944844
Norm,Experiment1 PYR #1 norm,,0.97286123835977,0.0168336802962874
Norm,Experiment1 PYR #2 norm,,0.902965905841368,0.0413889760753821
Norm,Experiment1 PYR #3 norm,,1.07123670012028,0.113861111462478
Norm,Experiment1 PYR #4 norm,,1.09842896395687,0.0480803090010344
Norm,Experiment1 PYR #5 norm,,1.00178454913016,0.0545522281285419
Norm,Experiment1 PYR #6 norm,,1.02195052711193,0.0523301798781541
Norm,Experiment1 PYR #7 norm,,0.996797437533565,0.102134924031034
Norm,Experiment1 PYR #8 norm,,0.999067746126004,0.0571367150479633
