type,id,eqn,val,std
Net flux,CO2.t,CO2.t -> CO2,48.3379844620493,1.10081535110123
Net flux,CO2_sink,dummy -> Sink,48.3379844620493,1.10081535110123
Net flux,RUBICSO_CO2,RUBP.p + CO2 -> 3PGA.p + 3PGA.p + dummy,59.3476205187998,1.21447000225729
Net flux,GAPDH.p net,3PGA.p <-> TP.p,141.768671372702,2.6759142587729
Exch flux,GAPDH.p exch,3PGA.p <-> TP.p,0.400456282755385,0.243079954012828
Net flux,ALD,TP.p + E4P.p -> SBP,25.9173649874111,0.484240889480254
Net flux,SBP,SBP -> S7P.p,25.9173649874111,0.484240889480254
Net flux,FBA.p net,TP.p + TP.p <-> FBP.p,30.5065753845265,0.65272645443464
Exch flux,FBA.p exch,TP.p + TP.p <-> FBP.p,20018.5397032157,2970.0784764421
Net flux,PFK.p net,FBP.p <-> F6P.p,30.5065753845297,0.65272645443464
Exch flux,PFK.p exch,FBP.p <-> F6P.p,1.00007014225412e-07,3.46329868952189e-13
Net flux,TK1 net,TP.p + EC2 <-> X5P.p,51.8347299748221,0.968481778960509
Exch flux,TK1 exch,TP.p + EC2 <-> X5P.p,9.99999976158961e-08,0
Net flux,TK2 net,S7P.p <-> R5P.p + EC2,25.917364987411,0.484240889480254
Exch flux,TK2 exch,S7P.p <-> R5P.p + EC2,38.2897384447941,3860.81213661798
Net flux,TK3 net,F6P.p <-> E4P.p + EC2,25.9173649874101,0.484240889480254
Exch flux,TK3 exch,F6P.p <-> E4P.p + EC2,6560.5143482828,2158.22109251828
Net flux,PPE net,X5P.p <-> RU5P.p,51.8347299748221,0.968481778960509
Exch flux,PPE exch,X5P.p <-> RU5P.p,49.5126499745517,445.229813998791
Net flux,PPI net,R5P.p <-> RU5P.p,25.9173649874111,0.484240889480254
Exch flux,PPI exch,R5P.p <-> RU5P.p,241.900348532161,3746.31175226054
Net flux,PRK,RU5P.p -> RUBP.p,77.7520949622333,1.45272266844076
Net flux,RUBISCO_O2,RUBP.p -> 3PGA.p + 2PG.p,18.4044744434335,0.599664917992804
Net flux,GLYdil net,GLY.p <-> GLY.x + dummyGLY,0.00765122682150121,0.00107644622136105
Exch flux,GLYdil exch,GLY.p <-> GLY.x + dummyGLY,1.0000000116861e-07,0
Net flux,SERdil net,SER.p <-> SER.x + dummySER,2.46510986369871,0.547322383189197
Exch flux,SERdil exch,SER.p <-> SER.x + dummySER,0.973460561414306,7.89642579115063
Net flux,GK,GA.p -> 3PGA.p,4.9891510992995,0.605064180771129
Net flux,PGI.p net,F6P.p <-> G6P.p,4.58921039711889,0.349036200992036
Exch flux,PGI.p exch,F6P.p <-> G6P.p,0.672496323278448,3560.53805189924
Net flux,PGM.p,G6P.p -> ADPG.p,4.5892103971189,0.349036200992036
Net flux,Starch,ADPG.p -> Starch,4.58921039711888,0.349036200992036
Net flux,FBA.c net,TP.c + TP.c <-> FBP.c,1.50171282070369,0.211275018641044
Exch flux,FBA.c exch,TP.c + TP.c <-> FBP.c,20.7904327515904,3839.70200095786
Net flux,PFK.c net,FBP.c <-> F6P.c,1.50171282070371,0.211275018641044
Exch flux,PFK.c exch,FBP.c <-> F6P.c,5.44461016748793,3665.33229449423
Net flux,PGI.c net,F6P.c <-> G6P.c,0.750856410351872,0.105637509320522
Exch flux,PGI.c exch,F6P.c <-> G6P.c,227.413581407936,2948.604041328
Net flux,PGM.c net,G6P.c <-> UDPG.c,0.750856410348206,0.105637509320522
Exch flux,PGM.c exch,G6P.c <-> UDPG.c,48481.4249799991,2948.6040394357
Net flux,SPS,F6P.c + UDPG.c -> S6P,0.750856410351819,0.105637509320522
Net flux,PGAM.c net,3PGA.c <-> PEP.c,0.320195207629962,0.0450480595123719
Exch flux,PGAM.c exch,3PGA.c <-> PEP.c,3.35714414720725,2948.60403977982
Net flux,PK.c,PEP.c -> PYR.c,0.145343275351855,0.0204482527154265
Net flux,PDH,PYR.c + dummy -> ACA + CO2,0.120962967707742,0.0170182027709431
Net flux,CS,OAA + ACA -> CIT,0.120962967707738,0.0170182027709431
Net flux,ACO net,CIT <-> ICI,0.120962967707783,0.0170182027709431
Exch flux,ACO exch,CIT <-> ICI,1155.06071837881,2948.6040394357
Net flux,IDH,ICI + dummy -> AKG + CO2,0.120962967707755,0.0170182027709431
Net flux,MDH net,MAL <-> OAA,2.1316282072803e-14,0
Exch flux,MDH exch,MAL <-> OAA,0.230981053509382,0.0687342141056099
Net flux,PPC,PEP.c + CO2 -> OAA + dummy,0.174851932278989,0.0245998067992771
Net flux,T_3PGA net,3PGA.p <-> 3PGA.c,0.320195207629943,0.0450480595123719
Exch flux,T_3PGA exch,3PGA.p <-> 3PGA.c,1.0000000116861e-07,0
Net flux,T_DHAP net,TP.p <-> TP.c,3.00342564140744,0.422550037282087
Exch flux,T_DHAP exch,TP.p <-> TP.c,9.99999998363421e-08,0
Net flux,ALT,PYR.c -> ALA.c,0.0243803076441946,0.00343004993249727
Net flux,ASPT,OAA -> ASP,0.0538889645708902,0.00758160405201717
Net flux,GLUDH,AKG -> GLU,0.120962967707732,0.0170182027709431
Net flux,PCR net,GLU <-> PRO,-2.48689957516035e-14,0
Exch flux,PCR exch,GLU <-> PRO,4.78663969971649e-06,4099.54494941709
Net flux,GS net,GLU <-> GLN,0,0
Exch flux,GS exch,GLU <-> GLN,4.78664503589243e-06,4036.38597625466
Net flux,TS net,ASP <-> THR,0,0
Exch flux,TS exch,ASP <-> THR,1.0000000116861e-07,0
Net flux,AS net,ASP <-> ASN,1.06581410364015e-14,0
Exch flux,AS exch,ASP <-> ASN,1.0000000116861e-07,0
Net flux,G_3PGA.p,0*3PGA.p -> 3PGA,2.46866293451831e-06,5305.57535912387
Net flux,G_3PGA.c,0*3PGA.c -> 3PGA,92.9119081394097,3704.55364446226
Net flux,G_DHAP.p,0*TP.p -> TP,40.685379842242,5380.62024653506
Net flux,G_DHAP.c,0*TP.c -> TP,51.8471856996947,3715.8447896968
Net flux,G_F6P.p,0*F6P.p -> F6P,48.6686345030749,5305.22785886624
Net flux,G_F6P.c,0*F6P.c -> F6P,36.546576817712,3742.06146447966
Net flux,G_FBP.p,0*FBP.p -> FBP,2.46866126474288e-06,5534.70214433427
Net flux,G_FBP.c,0*FBP.c -> FBP,83.4512310453277,3920.47743461552
Net flux,G_G6P.p,0*G6P.p -> G6P,19.0549768397257,5127.21167022661
Net flux,G_G6P.c,0*G6P.c -> G6P,58.8549499993083,3720.2750223274
Net flux,G_RU5P.p,0*RU5P.p -> P5P,2.46865367614646e-06,5420.06622255851
Net flux,G_X5P.p,0*X5P.p -> P5P,92.8477691498399,3819.09827651848
Net flux,G_R5P.p,0*R5P.p -> R5P,82.2810779884949,3662.93843016214
Net flux,G_GA.p,0*GA.p -> GA,37.3566528549865,1.68200587547452
Net flux,G_SER.p,0*SER.p -> SER,94.5794006710448,3722.9613062324
Net flux,G_GLY.p,0*GLY.p -> GLY,16.126895067372,3762.21018743688
Net flux,G_RUBP.p,0*RUBP.p -> RUBP,92.5302752673064,3753.982755864
Net flux,G_S7P.p,0*S7P.p -> S7P,98.4567310636212,3720.6454919304
Net flux,G_2PG.p,0*2PG.p -> 2PG,87.0427532706349,3892.13499634381
Net flux,G_ADPG.p,0*ADPG.p -> ADPG,95.0805622183377,3586.54358161998
Net flux,G_PEP.c,0*PEP.c -> PEP,89.2305410445615,3851.87666014607
Net flux,G_UDPG.c,0*UDPG.c -> UDPG,72.4268033045549,3816.32638937862
Net flux,G_ALA.c,0*ALA.c -> ALA,65.421608800229,5.34831778797472
Net flux,(1-G)_GA,0*GA.x -> GA,62.6433471450156,1.68200587547452
Net flux,(1-G)_SER,0*SER.x -> SER,5.42059912895485,2.83473065643344
Net flux,(1-G)_GLY,0*GLY.x -> GLY,33.2619331045047,2.97628508895912
Net flux,(1-G)_R5P,0*R5P.x -> R5P,17.718922011502,3662.93843016214
Net flux,(1-G)_RUBP,0*RUBP.x -> RUBP,7.4697247326924,3753.982755864
Net flux,(1-G)_3PGA,0*3PGA.x -> 3PGA,7.08808939192764,3842.95650075802
Net flux,(1-G)_TP,0*TP.x -> TP,7.46743445806383,3988.91965297099
Net flux,(1-G)_F6P,0*F6P.x -> F6P,14.7847886792169,3914.39831055596
Net flux,(1-G)_FBP,0*FBP.x -> FBP,16.5487664860057,3774.92385059089
Net flux,(1-G)_G6P,0*G6P.x -> G6P,22.0900731609643,3603.76518469667
Net flux,(1-G)_RU5P,0*RU5P.x -> P5P,7.15222838150788,3786.0120160856
Net flux,(1-G)_S7P,0*S7P.x -> S7P,1.54326893637677,3720.6454919304
Net flux,(1-G)_2PG,0*2PG.x -> 2PG,12.9572467293675,3892.13499634381
Net flux,(1-G)_ADPG,0*ADPG.x -> ADPG,4.91943778166132,3586.54358161998
Net flux,(1-G)_PEP,0*PEP.x -> PEP,10.7694589554367,3851.87666014607
Net flux,(1-G)_UDPG,0*UDPG.x -> UDPG,27.5731966954463,3816.32638937862
Net flux,(1-G)_ALA,0*ALA.x -> ALA,34.5783911997708,5.34831778797472
Net flux,PGASink,3PGA -> Sink,100,0
Net flux,DHAPSink,TP -> Sink,100.000000000001,0
Net flux,F6PSink,F6P -> Sink,100.000000000004,0
Net flux,FBPSink,FBP -> Sink,99.9999999999947,0
Net flux,G6PSink,G6P -> Sink,99.9999999999983,0
Net flux,P5PSink,P5P -> Sink,100.000000000001,0
Net flux,R5PSink,R5P -> Sink,99.9999999999968,0
Net flux,GASink,GA -> Sink,100.000000000002,0
Net flux,SERSink,SER -> Sink,99.9999999999996,0
Net flux,GLYSink,GLY -> Sink,100.000000000001,0
Net flux,RUBPSink,RUBP -> Sink,99.9999999999987,0
Net flux,S7PSink,S7P -> Sink,99.9999999999979,0
Net flux,2PGSink,2PG -> Sink,100.000000000002,0
Net flux,ADPGSink,ADPG -> Sink,99.999999999999,0
Net flux,PEPSink,PEP -> Sink,99.9999999999983,0
Net flux,UDPGSink,UDPG -> Sink,100.000000000001,0
Net flux,ALASink,ALA -> Sink,99.9999999999998,0
Net flux,S6Pout-LL,S6P + 0.1611*GLU + 0.07177*ASP + 0.03247*ALA.c + 0.01019*dummyGLY + 0.03484*dummySER -> Sink,0.750856410351854,0.105637509320522
Net flux,PGP.p,2PG.p -> Glyc.p,18.4044744434335,0.599664917992804
Net flux,GOX,Glyc.p -> Glyx.p,18.4044744434335,0.599664917992804
Net flux,GGT,Glyx.p -> GLY.p,18.4044744434335,0.599664917992804
Net flux,SGAT,SER.p -> HPA.p,4.98915109929948,0.605064180771129
Net flux,HPR.p,HPA.p -> GA.p,4.98915109929948,0.605064180771129
Net flux,T_GLY-m net,GLY.p <-> GLY.m,18.3969340309268,3829.45084282211
Exch flux,T_GLY-m exch,GLY.p <-> GLY.m,150720.87012159,3617.50675332881
Net flux,GDC.m,GLY.m + dummy -> myTHF.m + CO2,10.9425620536138,0.517447041722666
Net flux,T_SER-m net,SER.p <-> SER.m,-10.9425620536138,0.517447041722666
Exch flux,T_SER-m exch,SER.p <-> SER.m,16.2038006236349,157.674716523066
Net flux,mSHMT,GLY.m + myTHF.m -> SER.m,10.9425620536138,0.517447041722666
Net flux,T_SER-c net,SER.p <-> SER.c,3.4883010906156,0.943634568430752
Exch flux,T_SER-c exch,SER.p <-> SER.c,9.46150775344989e-05,7.89300321796191
Net flux,T_Gly-c net,GLY.p <-> GLY.c,-0.000110814308416085,3829.45079585697
Exch flux,T_Gly-c exch,GLY.p <-> GLY.c,9.99999998363421e-08,0
Net flux,cSHMT,SER.c -> GLY.c + meTHF.c,3.48830099061561,0.943634568467036
Net flux,FmTHF-reductase net,meTHF.c <-> FmTHF.c,3.48830099061561,0.943634568467036
Exch flux,FmTHF-reductase exch,meTHF.c <-> FmTHF.c,5.39708426279549,3732.28491885867
Net flux,Met-synthase,FmTHF.c + Hcy.c -> Met.c,3.48830099061559,0.943634568467036
Net flux,SAM-synthase,Met.c -> SAM.c,3.4883009906156,0.943634568467036
Net flux,Methylation,SAM.c -> SAH.c + Acceptor.c,3.4883009906156,0.943634568467036
Net flux,hydrolysis,SAH.c -> Hcy.c,3.48830099061559,0.943634568467036
Net flux,G_SER.m,0*SER.m -> SER,1.0000000116861e-07,3722.96022702042
Net flux,G_SER.c,0*SER.c -> SER,1.0000000116861e-07,0
Net flux,G_Gly.m,0*GLY.m -> GLY,0.000285047173047559,3762.20809500743
Net flux,G_Gly.c,0*GLY.c -> GLY,50.6108867809516,5.65209178764125
Net flux,T_GLY-c-m,GLY.c -> GLY.m,3.48819007630726,3829.45091211742
Net flux,G_Glyc,0*Glyc.p -> Glyc,22.2674470591953,1.06373036693786
Net flux,G_Glyx,0*Glyx.p -> Glyx,13.6001870470021,1.77613305246691
Net flux,G_HPA,0*HPA.p -> HPA,6.33974383043705,1.28111763718451
Net flux,(1-G)_Glyc,0*Glyc.x -> Glyc,77.7325529408053,1.06373036693786
Net flux,(1-G)_Glyx,0*Glyx.x -> Glyx,86.3998129529988,1.77613305246691
Net flux,(1-G)_HPA,0*HPA.x -> HPA,93.6602561695628,1.28111763718451
Net flux,GlycSink,Glyc -> Sink,100.000000000001,0
Net flux,GlyxSink,Glyx -> Sink,100.000000000001,0
Net flux,HPASink,HPA -> Sink,99.9999999999998,0
Net flux,SERex,dummySER -> outSER,2.43894761911623,0.548027091905608
Net flux,G_PYR,0*PYR.c -> PYR,33.5675297887064,1.79129036505917
Net flux,(1-G)_PYR,0*PYR.x -> PYR,66.4324702112938,1.79129036505917
Net flux,PYRSink,PYR -> Sink,100,0
Net flux,G_meTHF,0*meTHF.c -> meTHF,93.0864666095879,4.0890158726998
Net flux,G_FmTHF,0*FmTHF.c -> FmTHF,78.6817194119934,3.31946973176554
Net flux,G_Met,0*Met.c -> Met,51.8063179448201,4.25597424865027
Net flux,G_SAM,0*SAM.c -> SAM,61.3653676493918,3.69361774673895
Net flux,(1-G)_meTHF,0*meTHF.x -> meTHF,6.91353339041205,4.0890158726998
Net flux,(1-G)_FmTHF,0*FmTHF.x -> FmTHF,21.3182805880067,3.31946973176554
Net flux,(1-G)_Met,0*Met.x -> Met,48.19368205518,4.25597424865027
Net flux,(1-G)_SAM,0*SAM.x -> SAM,38.6346323506082,3.69361774673895
Net flux,meTHFSink,meTHF -> Sink,99.9999999999999,0
Net flux,FmTHFSink,FmTHF -> Sink,100,0
Net flux,MetSink,Met -> Sink,100,0
Net flux,SAMsink,SAM -> Sink,100,0
Net flux,Met-protein,Met.c -> Protein,6.51983996113883e-15,0
Net flux,GLY-protein,GLY.c -> Protein,9.99999620887593e-08,1.38386186239749e-13
Net flux,SER-protein,SER.c -> Protein,9.99999976158961e-08,8.30035736867329e-13
Pool,2PG pool,,0,0
Pool,2PG.p pool,,2.51046898268711e-06,3377.51918863853
Pool,2PG.x pool,,1,Inf
Pool,3PGA pool,,0,0
Pool,3PGA.c pool,,0.0142403886663453,0.00324181458937823
Pool,3PGA.p pool,,2.64702014546445e-06,3641.08917313159
Pool,3PGA.x pool,,1,Inf
Pool,ACA pool,,2.16664480496132e-06,3682.699218713
Pool,ADPG pool,,0,0
Pool,ADPG.p pool,,9.9999999999999e-08,Inf
Pool,ADPG.x pool,,1,Inf
Pool,AKG pool,,2.73312232263143e-06,3882.96853949987
Pool,ALA pool,,0,0
Pool,ALA.c pool,,0.00545040847955065,0.00146055419718559
Pool,ALA.x pool,,1,Inf
Pool,ASN pool,,7565.21829204237,3770.16061487472
Pool,ASP pool,,1e-07,0
Pool,Acceptor.c pool,,1,Inf
Pool,CIT pool,,10.5488929955926,1163.10292218168
Pool,CO2 pool,,0.405116994770938,0.154252178503109
Pool,CO2.t pool,,1,Inf
Pool,E4P.p pool,,0,0
Pool,EC2 pool,,0,0
Pool,F6P pool,,0,0
Pool,F6P.c pool,,3.82970839720685e-06,3680.1182309854
Pool,F6P.p pool,,2.16144515817523e-06,3721.19507402105
Pool,F6P.x pool,,1,Inf
Pool,FBP pool,,0,0
Pool,FBP.c pool,,3.82966440619338e-06,3878.59722779323
Pool,FBP.p pool,,1.87466305048007e-06,3690.55678311836
Pool,FBP.x pool,,1,Inf
Pool,FmTHF pool,,1.25947174387503,0.638228413201939
Pool,FmTHF.c pool,,3.67342004459123e-07,3767.73175644044
Pool,FmTHF.x pool,,1,Inf
Pool,G6P pool,,0,0
Pool,G6P.c pool,,9.87487013246749e-06,3728.89660855036
Pool,G6P.p pool,,3.09114317425068e-06,3780.05627190017
Pool,G6P.x pool,,1,Inf
Pool,GA pool,,0,0
Pool,GA.p pool,,2.46441867326542e-06,3841.77931067755
Pool,GA.x pool,,1,Inf
Pool,GLN pool,,8.84352283020808,3811.83745392527
Pool,GLU pool,,2.73319887945758e-06,3657.46813295267
Pool,GLY pool,,0,0
Pool,GLY.c pool,,1.00000000058387e-07,0
Pool,GLY.m pool,,0.183191246812153,0.088607014471533
Pool,GLY.p pool,,0.000425232064361066,3793.05834554881
Pool,GLY.x pool,,1,Inf
Pool,Glyc pool,,3.47965690791369,0.919117792821411
Pool,Glyc.p pool,,5.0417145841436e-06,3707.46424319548
Pool,Glyc.x pool,,1,Inf
Pool,Glyx pool,,12.0585408124007,4.51340444681759
Pool,Glyx.p pool,,7.32054404476219e-06,3664.36990047476
Pool,Glyx.x pool,,1,Inf
Pool,HPA pool,,0.000170326777699832,3668.2130359199
Pool,HPA.p pool,,2.04545604927032e-06,3864.38462958243
Pool,HPA.x pool,,1,Inf
Pool,Hcy.c pool,,1,Inf
Pool,ICI pool,,0.00369439416870034,3733.00221800827
Pool,MAL pool,,0.329235082134076,0.0926075675944758
Pool,Met pool,,5.16647414350849e-05,3902.95420770392
Pool,Met.c pool,,3.25058145092805e-07,3716.14640282527
Pool,Met.x pool,,1,Inf
Pool,OAA pool,,0.12649525042717,0.0246912076113981
Pool,P5P pool,,0,0
Pool,PEP pool,,0,0
Pool,PEP.c pool,,1.00000000000002e-07,0
Pool,PEP.x pool,,1,Inf
Pool,PRO pool,,5.39995584602411,3712.23718356655
Pool,PYR pool,,1e-07,0
Pool,PYR.c pool,,0.000730701064236428,0.00242423781441503
Pool,PYR.x pool,,1,Inf
Pool,Protein pool,,1,Inf
Pool,R5P pool,,0,0
Pool,R5P.p pool,,2.78244907935696e-06,3623.64209285116
Pool,R5P.x pool,,1,Inf
Pool,RU5P.p pool,,1.97675330843112e-06,3697.96330147301
Pool,RU5P.x pool,,1,Inf
Pool,RUBP pool,,0,0
Pool,RUBP.p pool,,1.9793787407812e-06,3712.30598318205
Pool,RUBP.x pool,,1,Inf
Pool,S6P pool,,1,Inf
Pool,S7P pool,,0,0
Pool,S7P.p pool,,1.65202913483033e-06,3734.97017146071
Pool,S7P.x pool,,1,Inf
Pool,SAH.c pool,,1,Inf
Pool,SAM pool,,4.08783984607858,1.63253332531835
Pool,SAM.c pool,,2.97787719998225e-06,3758.7937051341
Pool,SAM.x pool,,1,Inf
Pool,SBP pool,,0,0
Pool,SER pool,,0,0
Pool,SER.c pool,,9.99999999994061e-08,0
Pool,SER.m pool,,1.23192803401048,0.0944477599083002
Pool,SER.p pool,,0.000129564803846974,3673.33095670904
Pool,SER.x pool,,1,Inf
Pool,Sink pool,,1,Inf
Pool,Starch pool,,1,Inf
Pool,THR pool,,3793.24499124397,3839.71897632998
Pool,TP pool,,0,0
Pool,TP.c pool,,4.18762329335516e-06,3552.42725179194
Pool,TP.p pool,,2.70659403510096e-06,3669.67501886134
Pool,TP.x pool,,1,Inf
Pool,UDPG pool,,0,0
Pool,UDPG.c pool,,0.169823284102835,3694.86263487931
Pool,UDPG.x pool,,1,Inf
Pool,X5P.p pool,,2.02497925544235e-06,3659.02476111764
Pool,dummy pool,,1,Inf
Pool,dummyGLY pool,,1,Inf
Pool,dummySER pool,,1,Inf
Pool,meTHF pool,,0.643706222099525,0.766690403832166
Pool,meTHF.c pool,,3.72187062403843e-07,3595.4064223286
Pool,meTHF.x pool,,1,Inf
Pool,myTHF.m pool,,1.00000000002876e-07,0
Pool,outSER pool,,1,Inf
Norm,Experiment1 Glyc205 #1 norm,,0.994621198470489,0.013104324992122
Norm,Experiment1 Glyc205 #2 norm,,0.977636364091033,0.0237631947076838
Norm,Experiment1 Glyc205 #3 norm,,0.995674004517411,0.0224654446298166
Norm,Experiment1 Glyc205 #4 norm,,1.02692839407608,0.0331582267640543
Norm,Experiment1 Glyc205 #5 norm,,1.02119987067214,0.0335290810318977
Norm,Experiment1 Glyc205 #6 norm,,1.01892930355414,0.0277014975837128
Norm,Experiment1 Glyc205 #7 norm,,0.947743564430918,0.0324896813558497
Norm,Experiment1 Glyc205 #8 norm,,0.99042260550279,0.0288497840785008
Norm,Experiment1 Glyx160 #1 norm,,0.974467116192486,0.0106122564421498
Norm,Experiment1 Glyx160 #2 norm,,1.02696382863368,0.0137709221809942
Norm,Experiment1 Glyx160 #3 norm,,0.954348875219747,0.0168207839395478
Norm,Experiment1 Glyx160 #4 norm,,1.00850761771133,0.0161536448403136
Norm,Experiment1 Glyx160 #5 norm,,0.918921065504333,0.0333611529905711
Norm,Experiment1 Glyx160 #6 norm,,1.00222310569763,0.0190168596198594
Norm,Experiment1 Glyx160 #7 norm,,0.989415431669821,0.0382758502767485
Norm,Experiment1 Glyx160 #8 norm,,0.991942125460212,0.0373774532556874
Norm,Experiment1 GLY276 #1 norm,,1.01549401387287,0.0102841502737526
Norm,Experiment1 GLY276 #2 norm,,0.973622091904266,0.0237486629262788
Norm,Experiment1 GLY276 #3 norm,,0.950026032457406,0.0416702521317621
Norm,Experiment1 GLY276 #4 norm,,1.01314651294447,0.0608534390255714
Norm,Experiment1 GLY276 #5 norm,,1.01948203195027,0.144054986003825
Norm,Experiment1 GLY276 #6 norm,,0.968343761773837,0.0932554342659826
Norm,Experiment1 GLY276 #7 norm,,1.03009501949893,0.0614501434848934
Norm,Experiment1 GLY276 #8 norm,,0.959141390790284,0.072329710257731
Norm,Experiment1 HPA262 #1 norm,,1.01698649715514,0.0110524685788555
Norm,Experiment1 HPA262 #2 norm,,0.991908712246442,0.0294905341781217
Norm,Experiment1 HPA262 #3 norm,,0.97959349412796,0.0131675698298409
Norm,Experiment1 HPA262 #4 norm,,0.937581991920931,0.0359679689002915
Norm,Experiment1 HPA262 #5 norm,,0.990402275918816,0.0242966261520908
Norm,Experiment1 HPA262 #6 norm,,0.986421651569667,0.0333624576822688
Norm,Experiment1 HPA262 #7 norm,,0.972646924597552,0.024557516377518
Norm,Experiment1 HPA262 #8 norm,,1.01961092792792,0.0235561578269738
Norm,Experiment1 GA307 #1 norm,,0.97184241390964,0.0117975770208881
Norm,Experiment1 GA307 #2 norm,,0.983721707354535,0.029495368357755
Norm,Experiment1 GA307 #3 norm,,0.938924291963346,0.0297392895367628
Norm,Experiment1 GA307 #4 norm,,1.0288604518064,0.0205387666963079
Norm,Experiment1 GA307 #5 norm,,0.996796650730577,0.0531967983628725
Norm,Experiment1 GA307 #6 norm,,1.02590413123233,0.0416347371448593
Norm,Experiment1 GA307 #7 norm,,0.979971360350686,0.0426314943924848
Norm,Experiment1 GA307 #8 norm,,0.99373082933988,0.0344497359037424
Norm,Experiment1 SER306 #1 norm,,0.976848864995038,0.0142206428251351
Norm,Experiment1 SER306 #2 norm,,0.972285094827469,0.0160476122687411
Norm,Experiment1 SER306 #3 norm,,0.961465327970988,0.0418343195768675
Norm,Experiment1 SER306 #4 norm,,1.03122994536733,0.0442762929436393
Norm,Experiment1 SER306 #5 norm,,1.04949602203199,0.119220506820708
Norm,Experiment1 SER306 #6 norm,,0.907736155815154,0.0635156589499829
Norm,Experiment1 SER306 #7 norm,,1.01147299140236,0.042500384392523
Norm,Experiment1 SER306 #8 norm,,0.981630919139685,0.0493623876585195
Norm,Experiment1 meTHF #1 norm,,1.0194715424504,0.0101542359942087
Norm,Experiment1 meTHF #2 norm,,1.01126723010374,0.0100574608158696
Norm,Experiment1 meTHF #3 norm,,0.988744127265135,0.0608565601427038
Norm,Experiment1 meTHF #4 norm,,0.993350795562637,0.0481755645651645
Norm,Experiment1 meTHF #5 norm,,0.977690107032908,0.0949665786198781
Norm,Experiment1 meTHF #6 norm,,1.01570025284659,0.109456639196672
Norm,Experiment1 meTHF #7 norm,,0.997519836102393,0.0602833585310164
Norm,Experiment1 meTHF #8 norm,,0.947504697135857,0.0837015252779111
Norm,Experiment1 FmTHF #1 norm,,1.02176972969973,0.0103731593590281
Norm,Experiment1 FmTHF #2 norm,,1.02991601417974,0.0248799486782467
Norm,Experiment1 FmTHF #3 norm,,0.940161141141671,0.031748368672143
Norm,Experiment1 FmTHF #4 norm,,1.00798655982069,0.0271381991430447
Norm,Experiment1 FmTHF #5 norm,,0.982935563295736,0.0605284115824837
Norm,Experiment1 FmTHF #6 norm,,1.00023832289694,0.0618476500214224
Norm,Experiment1 FmTHF #7 norm,,1.00341676206291,0.0538576371972862
Norm,Experiment1 FmTHF #8 norm,,1.04651190925892,0.0983674217314676
Norm,Experiment1 Met176 #1 norm,,0.942824701404305,0.0247746501101128
Norm,Experiment1 Met176 #2 norm,,0.909904103544532,0.0339343931097934
Norm,Experiment1 Met176 #3 norm,,0.943970789950831,0.0520607203858854
Norm,Experiment1 Met176 #4 norm,,0.985162483224596,0.0376897179059048
Norm,Experiment1 Met176 #5 norm,,0.943628053927015,0.0734146907463894
Norm,Experiment1 Met176 #6 norm,,0.986954130224506,0.138546617238808
Norm,Experiment1 Met176 #7 norm,,1.01650618877257,0.133110142131598
Norm,Experiment1 Met176 #8 norm,,1.00857719501588,0.110210103462473
Norm,Experiment1 SAM #1 norm,,0.999613837564932,0.0117952616410018
Norm,Experiment1 SAM #2 norm,,0.989663468952901,0.011964773357462
Norm,Experiment1 SAM #3 norm,,0.997452255321828,0.0145585528446435
Norm,Experiment1 SAM #4 norm,,1.02258309171406,0.0272175807350456
Norm,Experiment1 SAM #5 norm,,0.977554034428514,0.0430937549715132
Norm,Experiment1 SAM #6 norm,,0.99957117626437,0.0648478648370432
Norm,Experiment1 SAM #7 norm,,0.99985631241811,0.0816024222192942
Norm,Experiment1 SAM #8 norm,,0.99806359666378,0.0780534100669167
Norm,Experiment1 CIT465 #1 norm,,0.982704595399008,0.0118203271015236
Norm,Experiment1 CIT465 #2 norm,,0.973854033261137,0.0132809845935576
Norm,Experiment1 CIT465 #3 norm,,0.987168576616902,0.011380168304489
Norm,Experiment1 CIT465 #4 norm,,0.955729958118791,0.0162227371182028
Norm,Experiment1 CIT465 #5 norm,,0.967714271935595,0.0131964801513601
Norm,Experiment1 CIT465 #6 norm,,0.968937399841781,0.0124858760761395
Norm,Experiment1 CIT465 #7 norm,,1.02782542219929,0.0122615665485595
Norm,Experiment1 CIT465 #8 norm,,0.997436576565523,1.15477435758291
Norm,Experiment1 MAL335 #1 norm,,0.962086535782524,0.012166241972523
Norm,Experiment1 MAL335 #2 norm,,0.984544848877276,0.0109978222373744
Norm,Experiment1 MAL335 #3 norm,,0.990532615699244,0.0101849166660387
Norm,Experiment1 MAL335 #4 norm,,0.969680109459183,0.0142392105287304
Norm,Experiment1 MAL335 #5 norm,,0.976585066680515,0.0137228594973537
Norm,Experiment1 MAL335 #6 norm,,0.948909415233498,0.0130750448694325
Norm,Experiment1 MAL335 #7 norm,,0.965699464402262,0.0212885353199932
Norm,Experiment1 MAL335 #8 norm,,1.00261829753549,0.0375193244088147
Norm,Experiment1 ASP334 #1 norm,,0.971899754199706,0.0223643003154328
Norm,Experiment1 ASP334 #2 norm,,0.909936308138065,0.0285355144674251
Norm,Experiment1 ASP334 #3 norm,,0.985042235925213,0.0200673830220044
Norm,Experiment1 ASP334 #4 norm,,0.996566009744992,0.0178025478729891
Norm,Experiment1 ASP334 #5 norm,,0.913114251801364,0.0255776941948222
Norm,Experiment1 ASP334 #6 norm,,0.980600143048932,0.0316471967990312
Norm,Experiment1 ASP334 #7 norm,,0.980587269810326,0.03045793507172
Norm,Experiment1 ASP334 #8 norm,,0.985298315002548,0.0814369803737819
Norm,Experiment1 GLU348 #1 norm,,0.989072382237907,0.0205629138004229
Norm,Experiment1 GLU348 #2 norm,,0.969801780785449,0.0193126256873918
Norm,Experiment1 GLU348 #3 norm,,1.0347246636749,0.0117412149141683
Norm,Experiment1 GLU348 #4 norm,,0.965377197046451,0.0348450404420757
Norm,Experiment1 GLU348 #5 norm,,1.00815820888427,0.0249366231486073
Norm,Experiment1 GLU348 #6 norm,,0.981710868842575,0.0125381143262758
Norm,Experiment1 GLU348 #7 norm,,0.999988338343588,0.0143683456409666
Norm,Experiment1 GLU348 #8 norm,,0.962067930788719,1.11369875659089
Norm,Experiment1 THR320 #1 norm,,1.00494803623094,0.0104211825405226
Norm,Experiment1 THR320 #2 norm,,1.02716485544589,0.0149914052807791
Norm,Experiment1 THR320 #3 norm,,1.02046718217225,0.0106386434632658
Norm,Experiment1 THR320 #4 norm,,0.978976136558641,0.0281074646467031
Norm,Experiment1 THR320 #5 norm,,0.969043024129725,0.0202988483017488
Norm,Experiment1 THR320 #6 norm,,0.997869645020237,0.0116407059475937
Norm,Experiment1 THR320 #7 norm,,0.975763224613732,0.0141134450778856
Norm,Experiment1 THR320 #8 norm,,0.883735293383041,0.0251497654825698
Norm,Experiment1 ALA116 #1 norm,,1.01075011796106,0.0101621471350649
Norm,Experiment1 ALA116 #2 norm,,1.00331447980993,0.0101225789284274
Norm,Experiment1 ALA116 #3 norm,,1.01804866018173,0.018577742790666
Norm,Experiment1 ALA116 #4 norm,,1.08212641167651,0.0231529298234075
Norm,Experiment1 ALA116 #5 norm,,0.907809063903858,0.103356088129148
Norm,Experiment1 ALA116 #6 norm,,0.972806036946133,0.0695631229242581
Norm,Experiment1 ALA116 #7 norm,,1.01011227005403,0.0625972647483388
Norm,Experiment1 ALA116 #8 norm,,0.948850270843553,0.104313837236135
Norm,Experiment1 PYR #1 norm,,0.992791981827846,0.0172559658369083
Norm,Experiment1 PYR #2 norm,,0.980218521257941,0.0811701993849642
Norm,Experiment1 PYR #3 norm,,0.97379404408959,0.11287099575454
Norm,Experiment1 PYR #4 norm,,1.04530471629923,0.0645575215567323
Norm,Experiment1 PYR #5 norm,,1.0591193217897,0.0598979194745257
Norm,Experiment1 PYR #6 norm,,1.04437189865606,0.059086754830997
Norm,Experiment1 PYR #7 norm,,0.987683382251742,0.0883794722815059
Norm,Experiment1 PYR #8 norm,,0.990908915176763,0.0643156370966128
