type,id,eqn,val,std
Net flux,CO2.t,CO2.t -> CO2,48.7528442520861,1.13535305079167
Net flux,CO2_sink,dummy -> Sink,48.752844252086,1.13535305079167
Net flux,RUBICSO_CO2,RUBP.p + CO2 -> 3PGA.p + 3PGA.p + dummy,55.81375897496,1.20990075501919
Net flux,GAPDH.p net,3PGA.p <-> TP.p,132.906792632221,2.69768520641069
Exch flux,GAPDH.p exch,3PGA.p <-> TP.p,1.11377216902194,0.446018485219403
Net flux,ALD,TP.p + E4P.p -> SBP,24.2281974280985,0.483330625299793
Net flux,SBP,SBP -> S7P.p,24.2281974280985,0.483330625299793
Net flux,FBA.p net,TP.p + TP.p <-> FBP.p,28.90375255248,0.661281302785028
Exch flux,FBA.p exch,TP.p + TP.p <-> FBP.p,22250.8059528178,1328.42046925125
Net flux,PFK.p net,FBP.p <-> F6P.p,28.9037525524831,0.661281302785028
Exch flux,PFK.p exch,FBP.p <-> F6P.p,1.00004157843614e-07,3.98547910863877e-13
Net flux,TK1 net,TP.p + EC2 <-> X5P.p,48.456394856197,0.966661250599586
Exch flux,TK1 exch,TP.p + EC2 <-> X5P.p,1.0000000116861e-07,0
Net flux,TK2 net,S7P.p <-> R5P.p + EC2,24.2281974280985,0.483330625299793
Exch flux,TK2 exch,S7P.p <-> R5P.p + EC2,37.8458650338141,3043.15760541112
Net flux,TK3 net,F6P.p <-> E4P.p + EC2,24.2281974280995,0.483330625299793
Exch flux,TK3 exch,F6P.p <-> E4P.p + EC2,9974.71474983112,3696.82158051575
Net flux,PPE net,X5P.p <-> RU5P.p,48.4563948561969,0.966661250599586
Exch flux,PPE exch,X5P.p <-> RU5P.p,98.7473577011363,3505.88284660788
Net flux,PPI net,R5P.p <-> RU5P.p,24.2281974280985,0.483330625299793
Exch flux,PPI exch,R5P.p <-> RU5P.p,243.149917287746,2966.60794660218
Net flux,PRK,RU5P.p -> RUBP.p,72.6845922842956,1.44999187589938
Net flux,RUBISCO_O2,RUBP.p -> 3PGA.p + 2PG.p,16.8708333093356,0.585170387528972
Net flux,GLYdil net,GLY.p <-> GLY.x + dummyGLY,0.00615143613143943,0.00104821817519717
Exch flux,GLYdil exch,GLY.p <-> GLY.x + dummyGLY,0.384115555773754,0.140873845908846
Net flux,SERdil net,SER.p <-> SER.x + dummySER,2.14301716856929,3388.75669305058
Exch flux,SERdil exch,SER.p <-> SER.x + dummySER,1.05246499189492,3388.75657893906
Net flux,GK,GA.p -> 3PGA.p,4.6658720328178,0.50888875015805
Net flux,PGI.p net,F6P.p <-> G6P.p,4.67555512438297,0.345899087641996
Exch flux,PGI.p exch,F6P.p <-> G6P.p,4.27831973621315,2196.44451373232
Net flux,PGM.p,G6P.p -> ADPG.p,4.67555512438298,0.345899087641996
Net flux,Starch,ADPG.p -> Starch,4.67555512438296,0.345899087641996
Net flux,FBA.c net,TP.c + TP.c <-> FBP.c,1.20734762147914,0.20573467625791
Exch flux,FBA.c exch,TP.c + TP.c <-> FBP.c,21.0884845801485,3144.4973596243
Net flux,PFK.c net,FBP.c <-> F6P.c,1.20734762147915,0.20573467625791
Exch flux,PFK.c exch,FBP.c <-> F6P.c,5.74270735913031,1554.8715830707
Net flux,PGI.c net,F6P.c <-> G6P.c,0.603673810739593,0.102867338128955
Exch flux,PGI.c exch,F6P.c <-> G6P.c,227.555328022935,2948.60404123005
Net flux,PGM.c net,G6P.c <-> UDPG.c,0.603673810735927,0.102867338128955
Exch flux,PGM.c exch,G6P.c <-> UDPG.c,48481.4238126525,2948.6040394357
Net flux,SPS,F6P.c + UDPG.c -> S6P,0.60367381073954,0.102867338128955
Net flux,PGAM.c net,3PGA.c <-> PEP.c,0.257430659851974,0.0438667476320736
Exch flux,PGAM.c exch,3PGA.c <-> PEP.c,1.53963607676177,2948.604039762
Net flux,PK.c,PEP.c -> PYR.c,0.11685313954505,0.0199120306290461
Net flux,PDH,PYR.c + dummy -> ACA + CO2,0.097251850910157,0.0165719281885688
Net flux,CS,OAA + ACA -> CIT,0.097251850910153,0.0165719281885688
Net flux,ACO net,CIT <-> ICI,0.0972518509101974,0.0165719281885688
Exch flux,ACO exch,CIT <-> ICI,1157.54578030903,2948.6040394357
Net flux,IDH,ICI + dummy -> AKG + CO2,0.0972518509101694,0.0165719281885688
Net flux,MDH net,MAL <-> OAA,2.1316282072803e-14,0
Exch flux,MDH exch,MAL <-> OAA,0.210570083447401,0.0604470602036031
Net flux,PPC,PEP.c + CO2 -> OAA + dummy,0.140577520306898,0.0239547170380567
Net flux,T_3PGA net,3PGA.p <-> 3PGA.c,0.257430659851956,0.0438667476320736
Exch flux,T_3PGA exch,3PGA.p <-> 3PGA.c,1.0000000116861e-07,0
Net flux,T_DHAP net,TP.p <-> TP.c,2.41469524295833,0.41146935251582
Exch flux,T_DHAP exch,TP.p <-> TP.c,9.99999998363421e-08,0
Net flux,ALT,PYR.c -> ALA.c,0.0196012886347472,0.00334010246884709
Net flux,ASPT,OAA -> ASP,0.0433256693968385,0.00738278885944841
Net flux,GLUDH,AKG -> GLU,0.0972518509101463,0.0165719281885688
Net flux,PCR net,GLU <-> PRO,-2.48689957516035e-14,0
Exch flux,PCR exch,GLU <-> PRO,1.0000000116861e-07,0
Net flux,GS net,GLU <-> GLN,0,0
Exch flux,GS exch,GLU <-> GLN,1.00044779571817e-07,0
Net flux,TS net,ASP <-> THR,0,0
Exch flux,TS exch,ASP <-> THR,1.0000000116861e-07,0
Net flux,AS net,ASP <-> ASN,1.06581410364015e-14,0
Exch flux,AS exch,ASP <-> ASN,1.0000000116861e-07,0
Net flux,G_3PGA.p,0*3PGA.p -> 3PGA,2.46866295583459e-06,4701.34355556754
Net flux,G_3PGA.c,0*3PGA.c -> 3PGA,92.9119081388524,3051.53805765883
Net flux,G_DHAP.p,0*TP.p -> TP,40.685379842242,4974.14988710015
Net flux,G_DHAP.c,0*TP.c -> TP,51.8471856996947,3153.53020138242
Net flux,G_F6P.p,0*F6P.p -> F6P,48.6686345030749,4829.47516679175
Net flux,G_F6P.c,0*F6P.c -> F6P,36.546576817712,3402.5917115421
Net flux,G_FBP.p,0*FBP.p -> FBP,2.46866129316459e-06,5007.87140266686
Net flux,G_FBP.c,0*FBP.c -> FBP,83.4512310463318,3572.42264579551
Net flux,G_G6P.p,0*G6P.p -> G6P,19.0549768397257,4921.84362442916
Net flux,G_G6P.c,0*G6P.c -> G6P,58.8549499993083,3397.31639285164
Net flux,G_RU5P.p,0*RU5P.p -> P5P,2.4686537116736e-06,5233.65479869058
Net flux,G_X5P.p,0*X5P.p -> P5P,92.8477691497059,3612.16928921825
Net flux,G_R5P.p,0*R5P.p -> R5P,82.2810779884949,3495.60669627083
Net flux,G_GA.p,0*GA.p -> GA,39.2415835345338,1.72612282486403
Net flux,G_SER.p,0*SER.p -> SER,99.9590235440554,3476.44350265868
Net flux,G_GLY.p,0*GLY.p -> GLY,59.1122165057493,5029.93459898918
Net flux,G_RUBP.p,0*RUBP.p -> RUBP,92.5302752673063,3729.37773954468
Net flux,G_S7P.p,0*S7P.p -> S7P,98.4567310636212,3459.35626794484
Net flux,G_2PG.p,0*2PG.p -> 2PG,87.0427532706349,3852.83710433318
Net flux,G_ADPG.p,0*ADPG.p -> ADPG,95.0805622183377,3721.80444133632
Net flux,G_PEP.c,0*PEP.c -> PEP,89.2305410445615,3558.62276925651
Net flux,G_UDPG.c,0*UDPG.c -> UDPG,72.4268033045549,3598.41473374567
Net flux,G_ALA.c,0*ALA.c -> ALA,82.2262751680684,8.57278432248869
Net flux,(1-G)_GA,0*GA.x -> GA,60.7584164654682,1.72612282486403
Net flux,(1-G)_SER,0*SER.x -> SER,0.0409762559441909,3476.44350265868
Net flux,(1-G)_GLY,0*GLY.x -> GLY,40.8768897342315,2.25786756206128
Net flux,(1-G)_R5P,0*R5P.x -> R5P,17.718922011502,3495.60669627083
Net flux,(1-G)_RUBP,0*RUBP.x -> RUBP,7.46972473269241,3729.37773954468
Net flux,(1-G)_3PGA,0*3PGA.x -> 3PGA,7.08808939248491,3476.03286671341
Net flux,(1-G)_TP,0*TP.x -> TP,7.46743445806383,3657.17225750474
Net flux,(1-G)_F6P,0*F6P.x -> F6P,14.7847886792169,3581.19298818881
Net flux,(1-G)_FBP,0*FBP.x -> FBP,16.5487664850016,3578.93263065838
Net flux,(1-G)_G6P,0*G6P.x -> G6P,22.0900731609643,3508.41788849169
Net flux,(1-G)_RU5P,0*RU5P.x -> P5P,7.15222838164183,3793.94676216717
Net flux,(1-G)_S7P,0*S7P.x -> S7P,1.54326893637677,3459.35626794484
Net flux,(1-G)_2PG,0*2PG.x -> 2PG,12.9572467293675,3852.83710433318
Net flux,(1-G)_ADPG,0*ADPG.x -> ADPG,4.91943778166132,3721.80444133632
Net flux,(1-G)_PEP,0*PEP.x -> PEP,10.7694589554367,3558.62276925651
Net flux,(1-G)_UDPG,0*UDPG.x -> UDPG,27.5731966954463,3598.41473374567
Net flux,(1-G)_ALA,0*ALA.x -> ALA,17.7737248319314,8.57278432248869
Net flux,PGASink,3PGA -> Sink,100,0
Net flux,DHAPSink,TP -> Sink,100.000000000001,0
Net flux,F6PSink,F6P -> Sink,100.000000000004,0
Net flux,FBPSink,FBP -> Sink,99.9999999999947,0
Net flux,G6PSink,G6P -> Sink,99.9999999999983,0
Net flux,P5PSink,P5P -> Sink,100.000000000001,0
Net flux,R5PSink,R5P -> Sink,99.9999999999968,0
Net flux,GASink,GA -> Sink,100.000000000002,0
Net flux,SERSink,SER -> Sink,99.9999999999996,0
Net flux,GLYSink,GLY -> Sink,100.000000000001,0
Net flux,RUBPSink,RUBP -> Sink,99.9999999999987,0
Net flux,S7PSink,S7P -> Sink,99.9999999999979,0
Net flux,2PGSink,2PG -> Sink,100.000000000002,0
Net flux,ADPGSink,ADPG -> Sink,99.999999999999,0
Net flux,PEPSink,PEP -> Sink,99.9999999999983,0
Net flux,UDPGSink,UDPG -> Sink,100.000000000001,0
Net flux,ALASink,ALA -> Sink,99.9999999999998,0
Net flux,S6Pout-LL,S6P + 0.1611*GLU + 0.07177*ASP + 0.03247*ALA.c + 0.01019*dummyGLY + 0.03484*dummySER -> Sink,0.603673810739576,0.102867338128955
Net flux,PGP.p,2PG.p -> Glyc.p,16.8708333093356,0.585170387528972
Net flux,GOX,Glyc.p -> Glyx.p,16.8708333093356,0.585170387528972
Net flux,GGT,Glyx.p -> GLY.p,16.8708333093356,0.585170387528972
Net flux,SGAT,SER.p -> HPA.p,4.66587203281779,0.50888875015805
Net flux,HPR.p,HPA.p -> GA.p,4.66587203281778,0.50888875015805
Net flux,T_GLY-m net,GLY.p <-> GLY.m,14.0139769827074,1.3630349941248
Exch flux,T_GLY-m exch,GLY.p <-> GLY.m,142853.485542072,3618.21446532721
Net flux,GDC.m,GLY.m + dummy -> myTHF.m + CO2,7.00698854136069,0.681517497097982
Net flux,T_SER-m net,SER.p <-> SER.m,-7.00698854136067,0.681517497097982
Exch flux,T_SER-m exch,SER.p <-> SER.m,99.0072928990468,3625.01223442481
Net flux,mSHMT,GLY.m + myTHF.m -> SER.m,7.00698854136069,0.681517497097982
Net flux,T_SER-c net,SER.p <-> SER.c,0.198099339973593,3388.75657665719
Exch flux,T_SER-c exch,SER.p <-> SER.c,1.00000000280431e-07,3388.75657665713
Net flux,T_Gly-c net,GLY.p <-> GLY.c,2.85070489048271,1.31010539950097
Exch flux,T_Gly-c exch,GLY.p <-> GLY.c,1.00000000280431e-07,7.61789013798668e-14
Net flux,cSHMT,SER.c -> GLY.c + meTHF.c,0.198099239973598,3388.75657665719
Net flux,FmTHF-reductase net,meTHF.c <-> FmTHF.c,0.198099239973597,3388.75657665719
Exch flux,FmTHF-reductase exch,meTHF.c <-> FmTHF.c,8.59084957526824,4916.5549813092
Net flux,Met-synthase,FmTHF.c + Hcy.c -> Met.c,0.198099239973578,3388.75657665719
Net flux,SAM-synthase,Met.c -> SAM.c,0.198099239973587,3388.75657665719
Net flux,Methylation,SAM.c -> SAH.c + Acceptor.c,0.198099239973582,3388.75657665719
Net flux,hydrolysis,SAH.c -> Hcy.c,0.198099239973574,3388.75657665719
Net flux,G_SER.m,0*SER.m -> SER,1.0000000116861e-07,0
Net flux,G_SER.c,0*SER.c -> SER,1.0000000116861e-07,0
Net flux,G_Gly.m,0*GLY.m -> GLY,0.000252018069549109,3489.62726754922
Net flux,G_Gly.c,0*GLY.c -> GLY,0.0106417419508951,3742.56074357306
Net flux,T_GLY-c-m,GLY.c -> GLY.m,9.99999665296514e-08,1.9911137193048e-12
Net flux,G_Glyc,0*Glyc.p -> Glyc,21.0118661618399,1.19418095159455
Net flux,G_Glyx,0*Glyx.p -> Glyx,13.326464511516,2.15168559418871
Net flux,G_HPA,0*HPA.p -> HPA,7.17093914755858,1.35746612481041
Net flux,(1-G)_Glyc,0*Glyc.x -> Glyc,78.9881338381607,1.19418095159455
Net flux,(1-G)_Glyx,0*Glyx.x -> Glyx,86.6735354884848,2.15168559418871
Net flux,(1-G)_HPA,0*HPA.x -> HPA,92.8290608524413,1.35746612481041
Net flux,GlycSink,Glyc -> Sink,100.000000000001,0
Net flux,GlyxSink,Glyx -> Sink,100.000000000001,0
Net flux,HPASink,HPA -> Sink,99.9999999999998,0
Net flux,SERex,dummySER -> outSER,2.12198323762494,3388.75669318955
Net flux,G_PYR,0*PYR.c -> PYR,27.9130810831287,1.71426812285464
Net flux,(1-G)_PYR,0*PYR.x -> PYR,72.0869189168715,1.71426812285464
Net flux,PYRSink,PYR -> Sink,100,0
Net flux,G_meTHF,0*meTHF.c -> meTHF,99.9999999,0
Net flux,G_FmTHF,0*FmTHF.c -> FmTHF,76.9427411593007,2.65123120454623
Net flux,G_Met,0*Met.c -> Met,60.6244049647912,4.16918618237852
Net flux,G_SAM,0*SAM.c -> SAM,70.7199399430287,3.58096905344893
Net flux,(1-G)_meTHF,0*meTHF.x -> meTHF,1.0000000116861e-07,0
Net flux,(1-G)_FmTHF,0*FmTHF.x -> FmTHF,23.0572588406994,2.65123120454623
Net flux,(1-G)_Met,0*Met.x -> Met,39.3755950352089,4.16918618237852
Net flux,(1-G)_SAM,0*SAM.x -> SAM,29.2800600569713,3.58096905344893
Net flux,meTHFSink,meTHF -> Sink,99.9999999999999,0
Net flux,FmTHFSink,FmTHF -> Sink,100,0
Net flux,MetSink,Met -> Sink,100,0
Net flux,SAMsink,SAM -> Sink,100,0
Net flux,Met-protein,Met.c -> Protein,6.51983996113883e-15,0
Net flux,GLY-protein,GLY.c -> Protein,3.04880403045638,3388.75682173395
Net flux,SER-protein,SER.c -> Protein,9.99999985040745e-08,1.22353528055483e-15
Pool,2PG pool,,0,0
Pool,2PG.p pool,,3.95617870146739e-06,3538.73585919424
Pool,2PG.x pool,,1,Inf
Pool,3PGA pool,,0,0
Pool,3PGA.c pool,,0.00850565973518598,0.002824843549341
Pool,3PGA.p pool,,4.39005592310553e-06,3833.14196196905
Pool,3PGA.x pool,,1,Inf
Pool,ACA pool,,2.64511703065118e-06,3833.82158426127
Pool,ADPG pool,,0,0
Pool,ADPG.p pool,,9.9999999999999e-08,Inf
Pool,ADPG.x pool,,1,Inf
Pool,AKG pool,,2.61203144034432e-06,3657.38122876606
Pool,ALA pool,,0,0
Pool,ALA.c pool,,0.00713055634682688,0.00200695493850724
Pool,ALA.x pool,,1,Inf
Pool,ASN pool,,7566.06813212811,3812.62043182042
Pool,ASP pool,,2.28913730476074e-07,3498.52471353382
Pool,Acceptor.c pool,,1,Inf
Pool,CIT pool,,30.6163828679952,3582.29418283264
Pool,CO2 pool,,0.147898281773457,0.134679567548274
Pool,CO2.t pool,,1,Inf
Pool,E4P.p pool,,0,0
Pool,EC2 pool,,0,0
Pool,F6P pool,,0,0
Pool,F6P.c pool,,3.82973573234179e-06,3695.63877577423
Pool,F6P.p pool,,4.55214268904349e-06,3529.46835794881
Pool,F6P.x pool,,1,Inf
Pool,FBP pool,,0,0
Pool,FBP.c pool,,3.82969204066892e-06,3803.24207220328
Pool,FBP.p pool,,4.44043042445488e-06,3461.33059919691
Pool,FBP.x pool,,1,Inf
Pool,FmTHF pool,,0.172618443781215,3615.06626132745
Pool,FmTHF.c pool,,5.9500837595784e-07,3596.7330022469
Pool,FmTHF.x pool,,1,Inf
Pool,G6P pool,,0,0
Pool,G6P.c pool,,9.87505176639776e-06,3693.21944664258
Pool,G6P.p pool,,4.08908324880065e-06,3432.66035989052
Pool,G6P.x pool,,1,Inf
Pool,GA pool,,0,0
Pool,GA.p pool,,2.69082694097615e-06,3398.28571727632
Pool,GA.x pool,,1,Inf
Pool,GLN pool,,8.83867754989381,3682.46346748148
Pool,GLU pool,,2.61203389458588e-06,3682.32320927249
Pool,GLY pool,,0,0
Pool,GLY.c pool,,28.5763533206367,3581.19866263622
Pool,GLY.m pool,,1.08141321746117,0.136689428420564
Pool,GLY.p pool,,0.000428429237039678,3765.46697513504
Pool,GLY.x pool,,1,Inf
Pool,Glyc pool,,4.8891687908371,1.24550893504616
Pool,Glyc.p pool,,2.85089593847391e-05,3530.46144965826
Pool,Glyc.x pool,,1,Inf
Pool,Glyx pool,,17.6176213384703,7.11727064715094
Pool,Glyx.p pool,,7.77239880713662e-05,3770.463836388
Pool,Glyx.x pool,,1,Inf
Pool,HPA pool,,0.000170272307492573,3815.86903109474
Pool,HPA.p pool,,2.18971722000877e-06,3535.23593516569
Pool,HPA.x pool,,1,Inf
Pool,Hcy.c pool,,1,Inf
Pool,ICI pool,,0.00368599293633523,3597.99968501143
Pool,MAL pool,,0.407042077931206,0.124463856570603
Pool,Met pool,,0.000260112951013985,3589.13146354294
Pool,Met.c pool,,5.05478604511982e-07,3765.19594134944
Pool,Met.x pool,,1,Inf
Pool,OAA pool,,0.0965604292479574,0.021563824497233
Pool,P5P pool,,0,0
Pool,PEP pool,,0,0
Pool,PEP.c pool,,5.28671866413465e-05,3783.75965862741
Pool,PEP.x pool,,1,Inf
Pool,PRO pool,,5.39499638372133,3740.25930934565
Pool,PYR pool,,1e-07,0
Pool,PYR.c pool,,0.00152430299254486,0.00123063342842973
Pool,PYR.x pool,,1,Inf
Pool,Protein pool,,1,Inf
Pool,R5P pool,,0,0
Pool,R5P.p pool,,0.000265472498453692,3633.69748076568
Pool,R5P.x pool,,1,Inf
Pool,RU5P.p pool,,4.40240035429608e-06,3784.18466736694
Pool,RU5P.x pool,,1,Inf
Pool,RUBP pool,,0,0
Pool,RUBP.p pool,,4.418701660244e-06,3559.3219122694
Pool,RUBP.x pool,,1,Inf
Pool,S6P pool,,1,Inf
Pool,S7P pool,,0,0
Pool,S7P.p pool,,4.96401864764875e-06,3693.46234068064
Pool,S7P.x pool,,1,Inf
Pool,SAH.c pool,,1,Inf
Pool,SAM pool,,3.16063349403866,1.09083837166054
Pool,SAM.c pool,,1.86295507052286e-06,3490.97493235006
Pool,SAM.x pool,,1,Inf
Pool,SBP pool,,0,0
Pool,SER pool,,0,0
Pool,SER.c pool,,1.00000000002876e-07,0
Pool,SER.m pool,,0.516639037977541,0.0911934588958594
Pool,SER.p pool,,9.999999997512e-08,0
Pool,SER.x pool,,1,Inf
Pool,Sink pool,,1,Inf
Pool,Starch pool,,1,Inf
Pool,THR pool,,3889.76540630619,3809.7741926712
Pool,TP pool,,0,0
Pool,TP.c pool,,4.18764001555553e-06,3474.74722052042
Pool,TP.p pool,,4.54616476778352e-06,3597.5510162936
Pool,TP.x pool,,1,Inf
Pool,UDPG pool,,0,0
Pool,UDPG.c pool,,0.239914174987933,3514.32460203049
Pool,UDPG.x pool,,1,Inf
Pool,X5P.p pool,,4.54760728167858e-06,3677.8364302051
Pool,dummy pool,,1,Inf
Pool,dummyGLY pool,,1,Inf
Pool,dummySER pool,,1,Inf
Pool,meTHF pool,,0.47387084166297,0.767008678923568
Pool,meTHF.c pool,,5.96213790035653e-07,3684.49973608945
Pool,meTHF.x pool,,1,Inf
Pool,myTHF.m pool,,6.0621828338527e-05,3549.45276996881
Pool,outSER pool,,1,Inf
Norm,Experiment1 Glyc205 #1 norm,,1.00640099780391,0.0132676257811469
Norm,Experiment1 Glyc205 #2 norm,,0.967542235539548,0.0220966437485728
Norm,Experiment1 Glyc205 #3 norm,,1.01162304664354,0.0218289840631351
Norm,Experiment1 Glyc205 #4 norm,,0.997178588613418,0.0312421489903228
Norm,Experiment1 Glyc205 #5 norm,,0.998873088895097,0.033790964841143
Norm,Experiment1 Glyc205 #6 norm,,1.01518668522063,0.0278253246248509
Norm,Experiment1 Glyc205 #7 norm,,0.979750771199317,0.0347239680541582
Norm,Experiment1 Glyc205 #8 norm,,0.988740086390892,0.0296718744255393
Norm,Experiment1 Glyx160 #1 norm,,0.999841793399713,0.0109316881869625
Norm,Experiment1 Glyx160 #2 norm,,0.971124305612701,0.0130045107010953
Norm,Experiment1 Glyx160 #3 norm,,0.992355588854808,0.017889483217224
Norm,Experiment1 Glyx160 #4 norm,,1.0027570431621,0.015216425032527
Norm,Experiment1 Glyx160 #5 norm,,0.989387158785262,0.0354326323962309
Norm,Experiment1 Glyx160 #6 norm,,0.996398744822298,0.0200979320736787
Norm,Experiment1 Glyx160 #7 norm,,0.966913161079099,0.0414611037738094
Norm,Experiment1 Glyx160 #8 norm,,1.00165239067539,0.0398712399262623
Norm,Experiment1 GLY276 #1 norm,,1.01917836233056,0.010550677004921
Norm,Experiment1 GLY276 #2 norm,,1.01391346475537,0.0210521370222557
Norm,Experiment1 GLY276 #3 norm,,1.04100439537737,0.0474708797173667
Norm,Experiment1 GLY276 #4 norm,,1.023144512203,0.0638906845052539
Norm,Experiment1 GLY276 #5 norm,,0.99693953601184,0.113167464140812
Norm,Experiment1 GLY276 #6 norm,,0.928429570315145,0.0748015497418392
Norm,Experiment1 GLY276 #7 norm,,1.03184898751809,0.0685939532324829
Norm,Experiment1 GLY276 #8 norm,,1.01128392389386,0.0782141608630696
Norm,Experiment1 HPA262 #1 norm,,1.01115568235589,0.0111225517009002
Norm,Experiment1 HPA262 #2 norm,,1.00931781360897,0.029590049585286
Norm,Experiment1 HPA262 #3 norm,,0.99111361019546,0.0132012074583199
Norm,Experiment1 HPA262 #4 norm,,0.931783165691876,0.0340310158331442
Norm,Experiment1 HPA262 #5 norm,,0.959746599850958,0.0243053953135996
Norm,Experiment1 HPA262 #6 norm,,0.946583355582974,0.0326140034857563
Norm,Experiment1 HPA262 #7 norm,,0.993117853945901,0.0251142888302735
Norm,Experiment1 HPA262 #8 norm,,0.991732483623596,0.0230504039254775
Norm,Experiment1 GA307 #1 norm,,0.997817740450358,0.0121364341467557
Norm,Experiment1 GA307 #2 norm,,0.956445160537953,0.0291991575062526
Norm,Experiment1 GA307 #3 norm,,0.906580206680603,0.0299141159171741
Norm,Experiment1 GA307 #4 norm,,0.956807325359968,0.0190131024880869
Norm,Experiment1 GA307 #5 norm,,0.957669043148726,0.0523980552139313
Norm,Experiment1 GA307 #6 norm,,1.03925555437994,0.0420624392389852
Norm,Experiment1 GA307 #7 norm,,1.00085055952815,0.0485179658391514
Norm,Experiment1 GA307 #8 norm,,0.984866712991191,0.0389618996452039
Norm,Experiment1 SER306 #1 norm,,0.980402067123658,0.0142200707069463
Norm,Experiment1 SER306 #2 norm,,0.978010574788218,0.0148099604800683
Norm,Experiment1 SER306 #3 norm,,1.01267302321839,0.0427220445115463
Norm,Experiment1 SER306 #4 norm,,0.977050965400167,0.0450872349647748
Norm,Experiment1 SER306 #5 norm,,0.937328751093599,0.0817847135790303
Norm,Experiment1 SER306 #6 norm,,0.881652744192606,0.0633950955362915
Norm,Experiment1 SER306 #7 norm,,1.0153276253992,0.0450490380891681
Norm,Experiment1 SER306 #8 norm,,0.97702575264071,0.056124098114719
Norm,Experiment1 meTHF #1 norm,,0.989567698343632,0.00989233879413253
Norm,Experiment1 meTHF #2 norm,,1.00658885416804,0.0101234256451554
Norm,Experiment1 meTHF #3 norm,,0.912671217659044,0.0613045524262043
Norm,Experiment1 meTHF #4 norm,,0.974503983618672,0.0465081395549352
Norm,Experiment1 meTHF #5 norm,,1.03219544618774,0.0964790691713885
Norm,Experiment1 meTHF #6 norm,,0.960718285259759,0.145101629140959
Norm,Experiment1 meTHF #7 norm,,0.970463172496788,0.0572832972746079
Norm,Experiment1 meTHF #8 norm,,1.20933773459138,0.110456109321438
Norm,Experiment1 FmTHF #1 norm,,1.0093044515547,0.0100417057658762
Norm,Experiment1 FmTHF #2 norm,,1.07405539496075,0.0249190054063904
Norm,Experiment1 FmTHF #3 norm,,1.02312057493729,0.0298949540609286
Norm,Experiment1 FmTHF #4 norm,,0.982841192656591,0.0226556473333815
Norm,Experiment1 FmTHF #5 norm,,0.945318825345097,0.060050700164077
Norm,Experiment1 FmTHF #6 norm,,1.00265868160173,0.0724727699677661
Norm,Experiment1 FmTHF #7 norm,,1.0056973333158,0.0470366411641901
Norm,Experiment1 FmTHF #8 norm,,1.0292603334923,0.0900562686965484
Norm,Experiment1 Met176 #1 norm,,0.963457337173677,0.024800189817483
Norm,Experiment1 Met176 #2 norm,,0.895889940517255,0.0326644702070445
Norm,Experiment1 Met176 #3 norm,,0.927054700517027,0.0554338968543922
Norm,Experiment1 Met176 #4 norm,,0.9702525161507,0.0372778125924633
Norm,Experiment1 Met176 #5 norm,,0.979116067587604,0.0766470297056794
Norm,Experiment1 Met176 #6 norm,,0.993529390153421,0.128797939731728
Norm,Experiment1 Met176 #7 norm,,1.00079576626675,0.105048189252979
Norm,Experiment1 Met176 #8 norm,,1.0017004451078,0.117273035338944
Norm,Experiment1 SAM #1 norm,,1.01278078162679,0.0116238786083048
Norm,Experiment1 SAM #2 norm,,0.988832118379394,0.0118836948184824
Norm,Experiment1 SAM #3 norm,,0.986810542768143,0.0138311283108942
Norm,Experiment1 SAM #4 norm,,1.01872318884006,0.0232262891171394
Norm,Experiment1 SAM #5 norm,,0.974021320722349,0.0383560266851991
Norm,Experiment1 SAM #6 norm,,1.01285140960929,0.0543740017498745
Norm,Experiment1 SAM #7 norm,,1.0069385730629,0.0802871353813086
Norm,Experiment1 SAM #8 norm,,1.00300808949393,0.0928718274824176
Norm,Experiment1 CIT465 #1 norm,,0.969802651068333,0.0116036763297064
Norm,Experiment1 CIT465 #2 norm,,0.964851902253198,0.013349825245667
Norm,Experiment1 CIT465 #3 norm,,0.96963147374878,0.0112381009632174
Norm,Experiment1 CIT465 #4 norm,,0.959033228906269,0.0160120229861695
Norm,Experiment1 CIT465 #5 norm,,0.991968413483888,0.0136453923515904
Norm,Experiment1 CIT465 #6 norm,,0.97277598920811,0.0123867948079179
Norm,Experiment1 CIT465 #7 norm,,1.01160600705544,0.011983086485343
Norm,Experiment1 CIT465 #8 norm,,1.03326539505267,0.0136966507181547
Norm,Experiment1 MAL335 #1 norm,,0.984501076066555,0.0122391555614313
Norm,Experiment1 MAL335 #2 norm,,1.00667678069811,0.0111616068055108
Norm,Experiment1 MAL335 #3 norm,,0.971442873597406,0.0102292512991057
Norm,Experiment1 MAL335 #4 norm,,0.973898812684084,0.0140872647511854
Norm,Experiment1 MAL335 #5 norm,,0.938058285206227,0.0133555001223073
Norm,Experiment1 MAL335 #6 norm,,0.988246873662735,0.0139283398246632
Norm,Experiment1 MAL335 #7 norm,,0.955523023141855,0.0200712221622199
Norm,Experiment1 MAL335 #8 norm,,1.00049662817355,0.0343144904381802
Norm,Experiment1 ASP334 #1 norm,,0.979749305293284,0.023780737082832
Norm,Experiment1 ASP334 #2 norm,,0.890147077904897,0.0280462900403573
Norm,Experiment1 ASP334 #3 norm,,0.970147424392214,0.0198652780618385
Norm,Experiment1 ASP334 #4 norm,,0.978066992005015,0.0179116313170556
Norm,Experiment1 ASP334 #5 norm,,0.940235703493507,0.0271310790282241
Norm,Experiment1 ASP334 #6 norm,,0.993531703565988,0.0305687222756245
Norm,Experiment1 ASP334 #7 norm,,1.0225407974672,0.0327093314234841
Norm,Experiment1 ASP334 #8 norm,,0.955272850353244,0.105746538503415
Norm,Experiment1 GLU348 #1 norm,,0.964884895515975,0.0208759519205658
Norm,Experiment1 GLU348 #2 norm,,0.968746969480335,0.0188856469089071
Norm,Experiment1 GLU348 #3 norm,,0.948675713573955,0.0107320868387901
Norm,Experiment1 GLU348 #4 norm,,0.931728168449384,0.0334925752554086
Norm,Experiment1 GLU348 #5 norm,,1.01734961817461,0.0247287363909585
Norm,Experiment1 GLU348 #6 norm,,0.995164425339011,0.0126288599521614
Norm,Experiment1 GLU348 #7 norm,,0.965823855136315,0.0135652007988515
Norm,Experiment1 GLU348 #8 norm,,0.952986731078724,0.0163072854975553
Norm,Experiment1 THR320 #1 norm,,0.991462833402022,0.0104230362369766
Norm,Experiment1 THR320 #2 norm,,1.0069530692406,0.0143829864900273
Norm,Experiment1 THR320 #3 norm,,1.00244297109937,0.0105476655563617
Norm,Experiment1 THR320 #4 norm,,1.01018611691609,0.029660193872743
Norm,Experiment1 THR320 #5 norm,,1.01249152503169,0.0205537857800225
Norm,Experiment1 THR320 #6 norm,,0.967407129879146,0.0108685067745363
Norm,Experiment1 THR320 #7 norm,,1.00772021504942,0.014473941552949
Norm,Experiment1 THR320 #8 norm,,0.871779199312275,0.0225417736880963
Norm,Experiment1 ALA116 #1 norm,,1.01021478370903,0.0100886788111735
Norm,Experiment1 ALA116 #2 norm,,1.01838346919515,0.0102402990267733
Norm,Experiment1 ALA116 #3 norm,,1.00446924385379,0.0178860210698518
Norm,Experiment1 ALA116 #4 norm,,1.06605094659677,0.0231900571349262
Norm,Experiment1 ALA116 #5 norm,,0.985165487055439,0.100207335904837
Norm,Experiment1 ALA116 #6 norm,,0.978128883122542,0.0823195659779732
Norm,Experiment1 ALA116 #7 norm,,1.00700649674887,0.0612098873588503
Norm,Experiment1 ALA116 #8 norm,,0.963853898080188,0.102392210356337
Norm,Experiment1 PYR #1 norm,,1.01267750903691,0.0173816036041294
Norm,Experiment1 PYR #2 norm,,0.98447079125987,0.048791847153806
Norm,Experiment1 PYR #3 norm,,0.908056359481964,0.112649507857516
Norm,Experiment1 PYR #4 norm,,1.0313841258628,0.0427463338714993
Norm,Experiment1 PYR #5 norm,,1.05497425263439,0.0549122669598232
Norm,Experiment1 PYR #6 norm,,1.02586101505075,0.0505684964788964
Norm,Experiment1 PYR #7 norm,,1.007126707187,0.10746036009347
Norm,Experiment1 PYR #8 norm,,0.991382087860812,0.0594682291960891
