type,id,eqn,val,std
Net flux,CO2.t,CO2.t -> CO2,47.6443542478873,1.10113512503665
Net flux,CO2_sink,dummy -> Sink,47.6443542478872,1.10113512503665
Net flux,RUBICSO_CO2,RUBP.p + CO2 -> 3PGA.p + 3PGA.p + dummy,58.0642181223457,1.22462207703448
Net flux,GAPDH.p net,3PGA.p <-> TP.p,139.350824594442,2.67156344272829
Exch flux,GAPDH.p exch,3PGA.p <-> TP.p,1.46607697686334,0.501113447583329
Net flux,ALD,TP.p + E4P.p -> SBP,25.4507369806663,0.48981938826429
Net flux,SBP,SBP -> S7P.p,25.4507369806663,0.48981938826429
Net flux,FBA.p net,TP.p + TP.p <-> FBP.p,29.9490212315759,0.649105854303678
Exch flux,FBA.p exch,TP.p + TP.p <-> FBP.p,21949.0494632014,2063.32218018403
Net flux,PFK.p net,FBP.p <-> F6P.p,29.9490212315791,0.649105854303678
Exch flux,PFK.p exch,FBP.p <-> F6P.p,9.99988571948052e-08,1.20485182897764e-12
Net flux,TK1 net,TP.p + EC2 <-> X5P.p,50.9014739613325,0.979638776528579
Exch flux,TK1 exch,TP.p + EC2 <-> X5P.p,1.00000026037605e-07,0
Net flux,TK2 net,S7P.p <-> R5P.p + EC2,25.4507369806662,0.48981938826429
Exch flux,TK2 exch,S7P.p <-> R5P.p + EC2,38.7771373870166,1849.26807792067
Net flux,TK3 net,F6P.p <-> E4P.p + EC2,25.4507369806661,0.48981938826429
Exch flux,TK3 exch,F6P.p <-> E4P.p + EC2,5985.50919385598,2832.6408688843
Net flux,PPE net,X5P.p <-> RU5P.p,50.9014739613325,0.979638776528579
Exch flux,PPE exch,X5P.p <-> RU5P.p,85.5074540890273,2689.44449203787
Net flux,PPI net,R5P.p <-> RU5P.p,25.4507369806663,0.48981938826429
Exch flux,PPI exch,R5P.p <-> RU5P.p,240.506300160562,2433.40817422086
Net flux,PRK,RU5P.p -> RUBP.p,76.3522109419989,1.46945816479287
Net flux,RUBISCO_O2,RUBP.p -> 3PGA.p + 2PG.p,18.2879928196532,0.594293271443682
Net flux,GLYdil net,GLY.p <-> GLY.x + dummyGLY,0.00789870510471502,0.00103198412738482
Exch flux,GLYdil exch,GLY.p <-> GLY.x + dummyGLY,1.0000000116861e-07,0
Net flux,SERdil net,SER.p <-> SER.x + dummySER,0.0329994892539673,0.812556196502943
Exch flux,SERdil exch,SER.p <-> SER.x + dummySER,1.38750171000535,0.477142113286444
Net flux,GK,GA.p -> 3PGA.p,5.26494742458688,0.625852344445635
Net flux,PGI.p net,F6P.p <-> G6P.p,4.4982842509114,0.355055320545226
Exch flux,PGI.p exch,F6P.p <-> G6P.p,9.99922136202258e-08,2879.68408397996
Net flux,PGM.p,G6P.p -> ADPG.p,4.49828425091141,0.355055320545226
Net flux,Starch,ADPG.p -> Starch,4.49828425091139,0.355055320545226
Net flux,FBA.c net,TP.c + TP.c <-> FBP.c,1.55028559464336,0.202548406135857
Exch flux,FBA.c exch,TP.c + TP.c <-> FBP.c,20.7187692480847,3132.80085991099
Net flux,PFK.c net,FBP.c <-> F6P.c,1.55028559464337,0.202548406135857
Exch flux,PFK.c exch,FBP.c <-> F6P.c,5.36784864397559,2792.24882399491
Net flux,PGI.c net,F6P.c <-> G6P.c,0.775142797321706,0.101274203067929
Exch flux,PGI.c exch,F6P.c <-> G6P.c,227.369721640589,2862.18635877376
Net flux,PGM.c net,G6P.c <-> UDPG.c,0.775142797319859,0.101274203067929
Exch flux,PGM.c exch,G6P.c <-> UDPG.c,48481.4203499809,2811.19703753941
Net flux,SPS,F6P.c + UDPG.c -> S6P,0.775142797321653,0.101274203067929
Net flux,PGAM.c net,3PGA.c <-> PEP.c,0.33055189448923,0.0431873710739086
Exch flux,PGAM.c exch,3PGA.c <-> PEP.c,0.501265086907157,2865.4480309165
Net flux,PK.c,PEP.c -> PYR.c,0.15004439127771,0.0196036474564253
Net flux,PDH,PYR.c + dummy -> ACA + CO2,0.124875504648531,0.0163152740844339
Net flux,CS,OAA + ACA -> CIT,0.124875504648527,0.0163152740844339
Net flux,ACO net,CIT <-> ICI,0.124875504648571,0.0163152740844339
Exch flux,ACO exch,CIT <-> ICI,1676.83549593887,2696.64048606633
Net flux,IDH,ICI + dummy -> AKG + CO2,0.124875504648543,0.0163152740844339
Net flux,MDH net,MAL <-> OAA,2.1316282072803e-14,0
Exch flux,MDH exch,MAL <-> OAA,0.291838671430206,0.0724073096629323
Net flux,PPC,PEP.c + CO2 -> OAA + dummy,0.180507503212403,0.0235837236234703
Net flux,T_3PGA net,3PGA.p <-> 3PGA.c,0.330551894489211,0.0431873710739086
Exch flux,T_3PGA exch,3PGA.p <-> 3PGA.c,1.0000000116861e-07,0
Net flux,T_DHAP net,TP.p <-> TP.c,3.10057118928678,0.405096812271714
Exch flux,T_DHAP exch,TP.p <-> TP.c,9.99999998363421e-08,0
Net flux,ALT,PYR.c -> ALA.c,0.0251688866289765,0.00328837336437865
Net flux,ASPT,OAA -> ASP,0.0556319985637426,0.00726844955013304
Net flux,GLUDH,AKG -> GLU,0.12487550464852,0.0163152740844339
Net flux,PCR net,GLU <-> PRO,-2.48689957516035e-14,0
Exch flux,PCR exch,GLU <-> PRO,1.0000000116861e-07,0
Net flux,GS net,GLU <-> GLN,0,0
Exch flux,GS exch,GLU <-> GLN,1.00043045847542e-07,0
Net flux,TS net,ASP <-> THR,0,0
Exch flux,TS exch,ASP <-> THR,1.0000000116861e-07,0
Net flux,AS net,ASP <-> ASN,1.06581410364015e-14,0
Exch flux,AS exch,ASP <-> ASN,1.0000000116861e-07,0
Net flux,G_3PGA.p,0*3PGA.p -> 3PGA,2.46866294162373e-06,4018.21139498524
Net flux,G_3PGA.c,0*3PGA.c -> 3PGA,92.9119081394532,2899.53139878041
Net flux,G_DHAP.p,0*TP.p -> TP,40.685379842242,3805.42758772257
Net flux,G_DHAP.c,0*TP.c -> TP,51.8471856996947,2737.41949338133
Net flux,G_F6P.p,0*F6P.p -> F6P,48.6686345030749,3995.62457335614
Net flux,G_F6P.c,0*F6P.c -> F6P,36.546576817712,2845.4384247276
Net flux,G_FBP.p,0*FBP.p -> FBP,2.46866127895373e-06,3324.24940040533
Net flux,G_FBP.c,0*FBP.c -> FBP,83.4512310457258,1696.61646863353
Net flux,G_G6P.p,0*G6P.p -> G6P,19.0549768397257,3518.91563289443
Net flux,G_G6P.c,0*G6P.c -> G6P,58.8549499993083,2151.32459597369
Net flux,G_RU5P.p,0*RU5P.p -> P5P,2.46865368325189e-06,3627.91319106061
Net flux,G_X5P.p,0*X5P.p -> P5P,92.8477691497759,2151.32459597369
Net flux,G_R5P.p,0*R5P.p -> R5P,82.2810779884949,2559.57714235063
Net flux,G_GA.p,0*GA.p -> GA,40.0702790481635,1.83930341979632
Net flux,G_SER.p,0*SER.p -> SER,96.9351247520537,2897.88081261996
Net flux,G_GLY.p,0*GLY.p -> GLY,24.1055454940504,2918.47363986143
Net flux,G_RUBP.p,0*RUBP.p -> RUBP,92.5302752673063,2765.70380082328
Net flux,G_S7P.p,0*S7P.p -> S7P,98.4567310636212,2770.3157753207
Net flux,G_2PG.p,0*2PG.p -> 2PG,87.0427532706349,2826.78255782021
Net flux,G_ADPG.p,0*ADPG.p -> ADPG,95.0805622183377,2868.4057588787
Net flux,G_PEP.c,0*PEP.c -> PEP,89.2305410445615,2852.03208742342
Net flux,G_UDPG.c,0*UDPG.c -> UDPG,72.4268033045549,2939.88900898011
Net flux,G_ALA.c,0*ALA.c -> ALA,68.0049814721299,5.03232359845514
Net flux,(1-G)_GA,0*GA.x -> GA,59.9297209518385,1.83930341979632
Net flux,(1-G)_SER,0*SER.x -> SER,3.0648748734243,3.41395297288042
Net flux,(1-G)_GLY,0*GLY.x -> GLY,30.6454876655417,3.03934522763529
Net flux,(1-G)_R5P,0*R5P.x -> R5P,17.718922011502,2559.57714235063
Net flux,(1-G)_RUBP,0*RUBP.x -> RUBP,7.46972473269241,2765.70380082328
Net flux,(1-G)_3PGA,0*3PGA.x -> 3PGA,7.08808939188417,2729.28726211144
Net flux,(1-G)_TP,0*TP.x -> TP,7.46743445806383,2782.2658932283
Net flux,(1-G)_F6P,0*F6P.x -> F6P,14.7847886792169,2756.08810495414
Net flux,(1-G)_FBP,0*FBP.x -> FBP,16.5487664856076,2755.75218402249
Net flux,(1-G)_G6P,0*G6P.x -> G6P,22.0900731609643,2784.70280536136
Net flux,(1-G)_RU5P,0*RU5P.x -> P5P,7.1522283815718,2921.2251889627
Net flux,(1-G)_S7P,0*S7P.x -> S7P,1.54326893637677,2770.3157753207
Net flux,(1-G)_2PG,0*2PG.x -> 2PG,12.9572467293675,2826.78255782021
Net flux,(1-G)_ADPG,0*ADPG.x -> ADPG,4.91943778166132,2868.4057588787
Net flux,(1-G)_PEP,0*PEP.x -> PEP,10.7694589554367,2852.03208742342
Net flux,(1-G)_UDPG,0*UDPG.x -> UDPG,27.5731966954463,2939.88900898011
Net flux,(1-G)_ALA,0*ALA.x -> ALA,31.9950185278699,5.03232359845514
Net flux,PGASink,3PGA -> Sink,100,0
Net flux,DHAPSink,TP -> Sink,100.000000000001,0
Net flux,F6PSink,F6P -> Sink,100.000000000004,0
Net flux,FBPSink,FBP -> Sink,99.9999999999947,0
Net flux,G6PSink,G6P -> Sink,99.9999999999983,0
Net flux,P5PSink,P5P -> Sink,100.000000000001,0
Net flux,R5PSink,R5P -> Sink,99.9999999999968,0
Net flux,GASink,GA -> Sink,100.000000000002,0
Net flux,SERSink,SER -> Sink,99.9999999999996,0
Net flux,GLYSink,GLY -> Sink,100.000000000001,0
Net flux,RUBPSink,RUBP -> Sink,99.9999999999987,0
Net flux,S7PSink,S7P -> Sink,99.9999999999979,0
Net flux,2PGSink,2PG -> Sink,100.000000000002,0
Net flux,ADPGSink,ADPG -> Sink,99.999999999999,0
Net flux,PEPSink,PEP -> Sink,99.9999999999983,0
Net flux,UDPGSink,UDPG -> Sink,100.000000000001,0
Net flux,ALASink,ALA -> Sink,99.9999999999998,0
Net flux,S6Pout-LL,S6P + 0.1611*GLU + 0.07177*ASP + 0.03247*ALA.c + 0.01019*dummyGLY + 0.03484*dummySER -> Sink,0.775142797321688,0.101274203067929
Net flux,PGP.p,2PG.p -> Glyc.p,18.2879928196532,0.594293271443682
Net flux,GOX,Glyc.p -> Glyx.p,18.2879928196532,0.594293271443682
Net flux,GGT,Glyx.p -> GLY.p,18.2879928196532,0.594293271443682
Net flux,SGAT,SER.p -> HPA.p,5.26494742458686,0.625852344445635
Net flux,HPR.p,HPA.p -> GA.p,5.26494742458686,0.625852344445635
Net flux,T_GLY-m net,GLY.p <-> GLY.m,18.2802327849204,2784.67423368623
Exch flux,T_GLY-m exch,GLY.p <-> GLY.m,321205.968384883,2925.83564700097
Net flux,GDC.m,GLY.m + dummy -> myTHF.m + CO2,10.3506203683737,0.567473866441911
Net flux,T_SER-m net,SER.p <-> SER.m,-10.3506203683737,0.567473866441911
Exch flux,T_SER-m exch,SER.p <-> SER.m,1.00000010494483e-07,5.80704372645576e-13
Net flux,mSHMT,GLY.m + myTHF.m -> SER.m,10.3506203683737,0.567473866441911
Net flux,T_SER-c net,SER.p <-> SER.c,5.05267345453289,1.28419083883432
Exch flux,T_SER-c exch,SER.p <-> SER.c,0.13175368112832,0.466101798785261
Net flux,T_Gly-c net,GLY.p <-> GLY.c,-0.00013867038200166,2784.67417025095
Exch flux,T_Gly-c exch,GLY.p <-> GLY.c,9.99999998363421e-08,0
Net flux,cSHMT,SER.c -> GLY.c + meTHF.c,5.05267335453289,1.28419083881921
Net flux,FmTHF-reductase net,meTHF.c <-> FmTHF.c,5.0526733545329,1.28419083881921
Exch flux,FmTHF-reductase exch,meTHF.c <-> FmTHF.c,5.00135178070278,2950.57664010239
Net flux,Met-synthase,FmTHF.c + Hcy.c -> Met.c,5.05267335453287,1.28419083881921
Net flux,SAM-synthase,Met.c -> SAM.c,5.05267335453288,1.28419083881921
Net flux,Methylation,SAM.c -> SAH.c + Acceptor.c,5.05267335453288,1.28419083881921
Net flux,hydrolysis,SAH.c -> Hcy.c,5.05267335453287,1.28419083881921
Net flux,G_SER.m,0*SER.m -> SER,1.0000000116861e-07,0
Net flux,G_SER.c,0*SER.c -> SER,2.74521639198611e-07,2897.87880166498
Net flux,G_Gly.m,0*GLY.m -> GLY,0.00194365005308939,2918.47101676968
Net flux,G_Gly.c,0*GLY.c -> GLY,45.247023190356,5.74951357584991
Net flux,T_GLY-c-m,GLY.c -> GLY.m,2.421007951817,2784.67436317466
Net flux,G_Glyc,0*Glyc.p -> Glyc,24.1876531794872,1.25825883225318
Net flux,G_Glyx,0*Glyx.p -> Glyx,13.0894329984345,1.42850560041757
Net flux,G_HPA,0*HPA.p -> HPA,7.65879455354603,1.29497044993613
Net flux,(1-G)_Glyc,0*Glyc.x -> Glyc,75.8123468205134,1.25825883225318
Net flux,(1-G)_Glyx,0*Glyx.x -> Glyx,86.9105670015664,1.42850560041757
Net flux,(1-G)_HPA,0*HPA.x -> HPA,92.3412054464539,1.29497044993613
Net flux,GlycSink,Glyc -> Sink,100.000000000001,0
Net flux,GlyxSink,Glyx -> Sink,100.000000000001,0
Net flux,HPASink,HPA -> Sink,99.9999999999998,0
Net flux,SERex,dummySER -> outSER,0.00599102908767746,0.812535677896271
Net flux,G_PYR,0*PYR.c -> PYR,33.0753968719136,1.82237651501582
Net flux,(1-G)_PYR,0*PYR.x -> PYR,66.9246031280866,1.82237651501582
Net flux,PYRSink,PYR -> Sink,100,0
Net flux,G_meTHF,0*meTHF.c -> meTHF,98.1117564611602,5.94466938388517
Net flux,G_FmTHF,0*FmTHF.c -> FmTHF,75.3655964274203,3.32888445354901
Net flux,G_Met,0*Met.c -> Met,60.6916627938311,4.51287350133028
Net flux,G_SAM,0*SAM.c -> SAM,67.5231404271652,5.5677285856499
Net flux,(1-G)_meTHF,0*meTHF.x -> meTHF,1.8882435388398,5.94466938388517
Net flux,(1-G)_FmTHF,0*FmTHF.x -> FmTHF,24.6344035725798,3.32888445354901
Net flux,(1-G)_Met,0*Met.x -> Met,39.308337206169,4.51287350133028
Net flux,(1-G)_SAM,0*SAM.x -> SAM,32.4768595728348,5.5677285856499
Net flux,meTHFSink,meTHF -> Sink,99.9999999999999,0
Net flux,FmTHFSink,FmTHF -> Sink,100,0
Net flux,MetSink,Met -> Sink,100,0
Net flux,SAMsink,SAM -> Sink,100,0
Net flux,Met-protein,Met.c -> Protein,6.51983996113883e-15,0
Net flux,GLY-protein,GLY.c -> Protein,2.63152673233393,1.02601801104267
Net flux,SER-protein,SER.c -> Protein,1.00000000280431e-07,6.52506032457226e-13
Pool,2PG pool,,0,0
Pool,2PG.p pool,,1.13677596095075e-07,2897.94283078661
Pool,2PG.x pool,,1,Inf
Pool,3PGA pool,,0,0
Pool,3PGA.c pool,,0.013738120750951,0.00368277491063724
Pool,3PGA.p pool,,1.05315597515018e-07,2830.99771390432
Pool,3PGA.x pool,,1,Inf
Pool,ACA pool,,1.5150623733434e-07,2918.79488272194
Pool,ADPG pool,,0,0
Pool,ADPG.p pool,,9.9999999999999e-08,Inf
Pool,ADPG.x pool,,1,Inf
Pool,AKG pool,,4.80290940201539e-07,2888.72110041101
Pool,ALA pool,,0,0
Pool,ALA.c pool,,0.00464704914063298,0.00124062633869602
Pool,ALA.x pool,,1,Inf
Pool,ASN pool,,7566.12152461103,2832.16831630181
Pool,ASP pool,,1e-07,0
Pool,Acceptor.c pool,,1,Inf
Pool,CIT pool,,4.48636918037199,2.51521290312158
Pool,CO2 pool,,1.69237060220799e-06,2754.53410400486
Pool,CO2.t pool,,1,Inf
Pool,E4P.p pool,,0,0
Pool,EC2 pool,,0,0
Pool,F6P pool,,0,0
Pool,F6P.c pool,,3.82971945028116e-06,2727.34678271619
Pool,F6P.p pool,,1e-07,0
Pool,F6P.x pool,,1,Inf
Pool,FBP pool,,0,0
Pool,FBP.c pool,,3.82967423104568e-06,2768.51661958651
Pool,FBP.p pool,,1e-07,0
Pool,FBP.x pool,,1,Inf
Pool,FmTHF pool,,2.59604441612935e-05,2870.81817468762
Pool,FmTHF.c pool,,1e-07,0
Pool,FmTHF.x pool,,1,Inf
Pool,G6P pool,,0,0
Pool,G6P.c pool,,9.87494371500732e-06,2735.65538805773
Pool,G6P.p pool,,3.03604583658222e-06,2912.76910762718
Pool,G6P.x pool,,1,Inf
Pool,GA pool,,0,0
Pool,GA.p pool,,1e-07,0
Pool,GA.x pool,,1,Inf
Pool,GLN pool,,8.83867754477908,2725.23507492117
Pool,GLU pool,,4.80292047305236e-07,2724.81646237414
Pool,GLY pool,,0,0
Pool,GLY.c pool,,9.99999999994061e-08,0
Pool,GLY.m pool,,0.32891012522617,0.0598303623227207
Pool,GLY.p pool,,0.000434001915554483,2738.99085577194
Pool,GLY.x pool,,1,Inf
Pool,Glyc pool,,7.60195011831548,1.66493950478369
Pool,Glyc.p pool,,1.16666528328638e-07,2750.45335091174
Pool,Glyc.x pool,,1,Inf
Pool,Glyx pool,,7.63544940420205,2.52245125959888
Pool,Glyx.p pool,,1.501955647255e-07,2841.13185236678
Pool,Glyx.x pool,,1,Inf
Pool,HPA pool,,9.00003528220413e-07,2842.22788679377
Pool,HPA.p pool,,1e-07,0
Pool,HPA.x pool,,1,Inf
Pool,Hcy.c pool,,1,Inf
Pool,ICI pool,,0.00251257359647944,2934.29173826068
Pool,MAL pool,,0.332211717225704,0.0788797888887449
Pool,Met pool,,4.88508869534684e-07,2823.30792104842
Pool,Met.c pool,,1e-07,0
Pool,Met.x pool,,1,Inf
Pool,OAA pool,,0.121808962165442,0.0234279739940744
Pool,P5P pool,,0,0
Pool,PEP pool,,0,0
Pool,PEP.c pool,,9.99999999999482e-08,0
Pool,PEP.x pool,,1,Inf
Pool,PRO pool,,5.39497146775777,2810.8888766798
Pool,PYR pool,,9.99999999473644e-08,0
Pool,PYR.c pool,,0.00212670711618766,0.00143844291568786
Pool,PYR.x pool,,1,Inf
Pool,Protein pool,,1,Inf
Pool,R5P pool,,0,0
Pool,R5P.p pool,,1e-07,0
Pool,R5P.x pool,,1,Inf
Pool,RU5P.p pool,,1e-07,0
Pool,RU5P.x pool,,1,Inf
Pool,RUBP pool,,0,0
Pool,RUBP.p pool,,1e-07,0
Pool,RUBP.x pool,,1,Inf
Pool,S6P pool,,1,Inf
Pool,S7P pool,,0,0
Pool,S7P.p pool,,1e-07,0
Pool,S7P.x pool,,1,Inf
Pool,SAH.c pool,,1,Inf
Pool,SAM pool,,2.84198668769401,12.9707449488654
Pool,SAM.c pool,,0.198263887747365,0.744253911229721
Pool,SAM.x pool,,1,Inf
Pool,SBP pool,,0,0
Pool,SER pool,,0,0
Pool,SER.c pool,,1.00000000002876e-07,0
Pool,SER.m pool,,1.04611052200538,0.0821651913501494
Pool,SER.p pool,,1.00000000002876e-07,0
Pool,SER.x pool,,1,Inf
Pool,Sink pool,,1,Inf
Pool,Starch pool,,1,Inf
Pool,THR pool,,3874.07634119848,2879.76818089825
Pool,TP pool,,0,0
Pool,TP.c pool,,4.18762874011808e-06,2780.1592324643
Pool,TP.p pool,,1.16995456183585e-07,2741.10501605211
Pool,TP.x pool,,1,Inf
Pool,UDPG pool,,0,0
Pool,UDPG.c pool,,0.193665982727258,2831.49457347568
Pool,UDPG.x pool,,1,Inf
Pool,X5P.p pool,,1e-07,0
Pool,dummy pool,,1,Inf
Pool,dummyGLY pool,,1,Inf
Pool,dummySER pool,,1,Inf
Pool,meTHF pool,,0.845377191181921,0.724281913519762
Pool,meTHF.c pool,,1e-07,0
Pool,meTHF.x pool,,1,Inf
Pool,myTHF.m pool,,1.00000000002876e-07,0
Pool,outSER pool,,1,Inf
Norm,Experiment1 Glyc205 #1 norm,,0.978308711948738,0.0129038353192401
Norm,Experiment1 Glyc205 #2 norm,,0.980320203930123,0.0229488538069288
Norm,Experiment1 Glyc205 #3 norm,,0.976913649453333,0.0192586601048456
Norm,Experiment1 Glyc205 #4 norm,,0.985376276950895,0.0321846691143462
Norm,Experiment1 Glyc205 #5 norm,,1.02568891137113,0.036732399582327
Norm,Experiment1 Glyc205 #6 norm,,1.00921213629773,0.0263698554871495
Norm,Experiment1 Glyc205 #7 norm,,0.978629007649263,0.0347995234537597
Norm,Experiment1 Glyc205 #8 norm,,0.982810474405361,0.0294529455698192
Norm,Experiment1 Glyx160 #1 norm,,1.00155078968341,0.0109937134668921
Norm,Experiment1 Glyx160 #2 norm,,0.956143165465861,0.0134480574179486
Norm,Experiment1 Glyx160 #3 norm,,0.991619625128202,0.0182889926436433
Norm,Experiment1 Glyx160 #4 norm,,1.00194336982368,0.0161345160547218
Norm,Experiment1 Glyx160 #5 norm,,1.00512506179726,0.0359945680978273
Norm,Experiment1 Glyx160 #6 norm,,1.0276770988844,0.0198992877863175
Norm,Experiment1 Glyx160 #7 norm,,0.944288776093564,0.0362050157642084
Norm,Experiment1 Glyx160 #8 norm,,1.02017035266988,0.0368315453394457
Norm,Experiment1 GLY276 #1 norm,,0.994929779342048,0.0102002073513198
Norm,Experiment1 GLY276 #2 norm,,0.997135616022915,0.0231504207367503
Norm,Experiment1 GLY276 #3 norm,,0.936425168104592,0.038651164023069
Norm,Experiment1 GLY276 #4 norm,,0.974153461551952,0.0649517865472656
Norm,Experiment1 GLY276 #5 norm,,1.0298761207813,0.120390738483783
Norm,Experiment1 GLY276 #6 norm,,0.970666336741163,0.0834483774272756
Norm,Experiment1 GLY276 #7 norm,,1.02636997506029,0.0612820156180339
Norm,Experiment1 GLY276 #8 norm,,0.98622047008881,0.0666726976529246
Norm,Experiment1 HPA262 #1 norm,,0.99439305631162,0.0106315137844285
Norm,Experiment1 HPA262 #2 norm,,0.940362589578454,0.0281543031203958
Norm,Experiment1 HPA262 #3 norm,,0.946775920588721,0.0126906068900416
Norm,Experiment1 HPA262 #4 norm,,0.853162990267267,0.0298833736927689
Norm,Experiment1 HPA262 #5 norm,,0.981671500288638,0.0236037811409369
Norm,Experiment1 HPA262 #6 norm,,0.971114532882904,0.0341973849356382
Norm,Experiment1 HPA262 #7 norm,,0.949701482740069,0.0236916460232095
Norm,Experiment1 HPA262 #8 norm,,1.0642269161437,0.0246512709821955
Norm,Experiment1 GA307 #1 norm,,0.998024762437513,0.0121866047756049
Norm,Experiment1 GA307 #2 norm,,0.965331864870422,0.0303015912873033
Norm,Experiment1 GA307 #3 norm,,0.938111876971228,0.027798306380891
Norm,Experiment1 GA307 #4 norm,,0.982795389547712,0.0192700432809155
Norm,Experiment1 GA307 #5 norm,,1.05099915257719,0.0647132560925011
Norm,Experiment1 GA307 #6 norm,,1.06285171042348,0.0419908144260268
Norm,Experiment1 GA307 #7 norm,,0.999514207062307,0.0403054579363509
Norm,Experiment1 GA307 #8 norm,,0.964529560325752,0.0349199044982209
Norm,Experiment1 SER306 #1 norm,,1.00198234515901,0.0140102517474
Norm,Experiment1 SER306 #2 norm,,0.976330089722329,0.0153113054476315
Norm,Experiment1 SER306 #3 norm,,0.967870068624204,0.0407077511334633
Norm,Experiment1 SER306 #4 norm,,1.03496633362465,0.0432697577545912
Norm,Experiment1 SER306 #5 norm,,1.03626987661311,0.102906063347426
Norm,Experiment1 SER306 #6 norm,,0.887850364918701,0.0663129043026961
Norm,Experiment1 SER306 #7 norm,,1.00887547258211,0.0676158189457596
Norm,Experiment1 SER306 #8 norm,,0.997914741137118,0.0781847432605503
Norm,Experiment1 meTHF #1 norm,,0.989724940195317,0.00991492647951261
Norm,Experiment1 meTHF #2 norm,,1.00298836878666,0.0102646231397062
Norm,Experiment1 meTHF #3 norm,,1.01229709093717,0.0662851264884875
Norm,Experiment1 meTHF #4 norm,,0.998020367815669,0.0481017943772205
Norm,Experiment1 meTHF #5 norm,,0.998897601074219,0.0876657921495775
Norm,Experiment1 meTHF #6 norm,,1.03866625729313,0.115645430710787
Norm,Experiment1 meTHF #7 norm,,0.995453613493586,0.059028742785892
Norm,Experiment1 meTHF #8 norm,,0.956640537915353,0.0840888073857448
Norm,Experiment1 FmTHF #1 norm,,1.00996897981338,0.010102478645161
Norm,Experiment1 FmTHF #2 norm,,0.984314011800169,0.0234492885376991
Norm,Experiment1 FmTHF #3 norm,,1.00492378557449,0.0313472981168569
Norm,Experiment1 FmTHF #4 norm,,1.00747855964489,0.0241424983173313
Norm,Experiment1 FmTHF #5 norm,,0.970951155916499,0.0585079826609898
Norm,Experiment1 FmTHF #6 norm,,1.00289416940958,0.0608869374031212
Norm,Experiment1 FmTHF #7 norm,,0.994837342917756,0.0600428990611436
Norm,Experiment1 FmTHF #8 norm,,1.03963581429987,0.095410860125268
Norm,Experiment1 Met176 #1 norm,,1.00299103964347,0.024504986871048
Norm,Experiment1 Met176 #2 norm,,0.887910959099123,0.0311142412341007
Norm,Experiment1 Met176 #3 norm,,1.01086726906121,0.0573309529045692
Norm,Experiment1 Met176 #4 norm,,0.955530180779348,0.0372419446794892
Norm,Experiment1 Met176 #5 norm,,0.984491441504428,0.0693220596498117
Norm,Experiment1 Met176 #6 norm,,1.01719629515622,0.140310094611089
Norm,Experiment1 Met176 #7 norm,,0.999687158468909,0.116237698851786
Norm,Experiment1 Met176 #8 norm,,0.999595979505779,0.130980744008782
Norm,Experiment1 SAM #1 norm,,0.993026396349493,0.0115474728731751
Norm,Experiment1 SAM #2 norm,,1.01508705568851,0.0123903061340484
Norm,Experiment1 SAM #3 norm,,0.993226275603589,0.0139531659892434
Norm,Experiment1 SAM #4 norm,,1.01136085004372,0.0235356617436353
Norm,Experiment1 SAM #5 norm,,0.986768270966439,0.0405274509773834
Norm,Experiment1 SAM #6 norm,,1.01076859502708,0.0661085056350825
Norm,Experiment1 SAM #7 norm,,1.0036198588818,0.097758483750123
Norm,Experiment1 SAM #8 norm,,0.994484013181036,0.084221302856339
Norm,Experiment1 CIT465 #1 norm,,0.990723727316068,0.0119172354417664
Norm,Experiment1 CIT465 #2 norm,,0.988993924388889,0.0131567697940925
Norm,Experiment1 CIT465 #3 norm,,1.00305385872282,0.011925741501668
Norm,Experiment1 CIT465 #4 norm,,0.967275053069192,0.0167362898123549
Norm,Experiment1 CIT465 #5 norm,,1.00348881286116,0.0136305682583389
Norm,Experiment1 CIT465 #6 norm,,0.978828203696242,0.0124027037534373
Norm,Experiment1 CIT465 #7 norm,,1.01800770402455,0.0138156263093628
Norm,Experiment1 CIT465 #8 norm,,1.00152628259002,0.0190842366723214
Norm,Experiment1 MAL335 #1 norm,,0.996881536513439,0.0123496438743151
Norm,Experiment1 MAL335 #2 norm,,0.985888400150108,0.0110101729309327
Norm,Experiment1 MAL335 #3 norm,,1.01772948100244,0.0107197334738587
Norm,Experiment1 MAL335 #4 norm,,0.956294913971861,0.0139276237374575
Norm,Experiment1 MAL335 #5 norm,,0.986122389599519,0.0140459264319071
Norm,Experiment1 MAL335 #6 norm,,0.985904202169506,0.0139243126945105
Norm,Experiment1 MAL335 #7 norm,,0.976603902771644,0.0212779498508443
Norm,Experiment1 MAL335 #8 norm,,0.991431996908239,0.0341125798330776
Norm,Experiment1 ASP334 #1 norm,,0.943951731445806,0.0226433378196799
Norm,Experiment1 ASP334 #2 norm,,0.953560959756525,0.0321145806307486
Norm,Experiment1 ASP334 #3 norm,,0.970670193119031,0.0200621460998045
Norm,Experiment1 ASP334 #4 norm,,1.02188600222489,0.0189632700222101
Norm,Experiment1 ASP334 #5 norm,,0.957252898107285,0.0271805186527783
Norm,Experiment1 ASP334 #6 norm,,0.994943405739963,0.0318505025200586
Norm,Experiment1 ASP334 #7 norm,,1.00190431924394,0.0324711486266434
Norm,Experiment1 ASP334 #8 norm,,0.987776437290848,0.0970763114478152
Norm,Experiment1 GLU348 #1 norm,,1.03504761577891,0.0222729696173534
Norm,Experiment1 GLU348 #2 norm,,0.976700795124053,0.0191965313380298
Norm,Experiment1 GLU348 #3 norm,,0.996423315627876,0.0112521469379221
Norm,Experiment1 GLU348 #4 norm,,1.01531665348721,0.0376318569891084
Norm,Experiment1 GLU348 #5 norm,,1.0218151631304,0.0245523598667507
Norm,Experiment1 GLU348 #6 norm,,0.984907008684998,0.0127473075392698
Norm,Experiment1 GLU348 #7 norm,,0.970678554514076,0.0151132684701594
Norm,Experiment1 GLU348 #8 norm,,0.992576437984708,0.0214132809768258
Norm,Experiment1 THR320 #1 norm,,0.991099790622381,0.0103622285314503
Norm,Experiment1 THR320 #2 norm,,1.00167926359369,0.0142313628564615
Norm,Experiment1 THR320 #3 norm,,0.960910427196989,0.0099505199723504
Norm,Experiment1 THR320 #4 norm,,0.942225983968769,0.0268141001609258
Norm,Experiment1 THR320 #5 norm,,0.974720229479653,0.020292498808284
Norm,Experiment1 THR320 #6 norm,,0.987255877817935,0.0113166693926074
Norm,Experiment1 THR320 #7 norm,,0.991649085010615,0.0138918861630682
Norm,Experiment1 THR320 #8 norm,,0.882309646285401,0.0230264194124346
Norm,Experiment1 ALA116 #1 norm,,0.99724065581704,0.00988273592233738
Norm,Experiment1 ALA116 #2 norm,,1.02757136853065,0.0102971175937024
Norm,Experiment1 ALA116 #3 norm,,1.00413971324878,0.0180453101451586
Norm,Experiment1 ALA116 #4 norm,,1.03021658029711,0.0237597711893068
Norm,Experiment1 ALA116 #5 norm,,1.01273870402808,0.0844152717796859
Norm,Experiment1 ALA116 #6 norm,,0.948039546793022,0.0842922585569705
Norm,Experiment1 ALA116 #7 norm,,1.0116304947164,0.0602517943354655
Norm,Experiment1 ALA116 #8 norm,,0.985232082249151,0.1255887766631
Norm,Experiment1 PYR #1 norm,,0.955047187250489,0.0167532113439478
Norm,Experiment1 PYR #2 norm,,1.00411294931096,0.0469303498412836
Norm,Experiment1 PYR #3 norm,,1.00837436631521,0.112483437992644
Norm,Experiment1 PYR #4 norm,,1.07856080188581,0.0481824381516059
Norm,Experiment1 PYR #5 norm,,1.02968661683427,0.0578892112753588
Norm,Experiment1 PYR #6 norm,,1.00837364010434,0.0562521219906071
Norm,Experiment1 PYR #7 norm,,1.01089072743778,0.101360584514263
Norm,Experiment1 PYR #8 norm,,0.993951385193924,0.0619054740796178
