type,id,eqn,val,std
Net flux,CO2.t,CO2.t -> CO2,46.6919722689632,1.08401440800089
Net flux,CO2_sink,dummy -> Sink,46.6919722689632,1.08401440800089
Net flux,RUBICSO_CO2,RUBP.p + CO2 -> 3PGA.p + 3PGA.p + dummy,55.5641551751176,1.14061630196737
Net flux,GAPDH.p net,3PGA.p <-> TP.p,133.711537513266,2.66655636180378
Exch flux,GAPDH.p exch,3PGA.p <-> TP.p,1.0000000116861e-07,0.520650634214207
Net flux,ALD,TP.p + E4P.p -> SBP,24.3952683015059,0.473494377433026
Net flux,SBP,SBP -> S7P.p,24.3952683015059,0.473494377433026
Net flux,FBA.p net,TP.p + TP.p <-> FBP.p,30.2427724075314,0.639335796091195
Exch flux,FBA.p exch,TP.p + TP.p <-> FBP.p,32642.5594468721,33.6885935023052
Net flux,PFK.p net,FBP.p <-> F6P.p,30.2427724075351,0.639335796091195
Exch flux,PFK.p exch,FBP.p <-> F6P.p,30105.7007652897,79.4761768883229
Net flux,TK1 net,TP.p + EC2 <-> X5P.p,48.7905366030117,0.946988754866051
Exch flux,TK1 exch,TP.p + EC2 <-> X5P.p,24.939881615064,76.2041418635826
Net flux,TK2 net,S7P.p <-> R5P.p + EC2,24.3952683015058,0.473494377433026
Exch flux,TK2 exch,S7P.p <-> R5P.p + EC2,37.8016461417924,79.967158166622
Net flux,TK3 net,F6P.p <-> E4P.p + EC2,24.3952683015086,0.473494377433026
Exch flux,TK3 exch,F6P.p <-> E4P.p + EC2,33995.829960711,77.2198772380233
Net flux,PPE net,X5P.p <-> RU5P.p,48.7905366030117,0.946988754866051
Exch flux,PPE exch,X5P.p <-> RU5P.p,103.61661544254,82.0496570397449
Net flux,PPI net,R5P.p <-> RU5P.p,24.3952683015059,0.473494377433026
Exch flux,PPI exch,R5P.p <-> RU5P.p,238.651906622548,64.2532191055779
Net flux,PRK,RU5P.p -> RUBP.p,73.1858049045177,1.42048313229908
Net flux,RUBISCO_O2,RUBP.p -> 3PGA.p + 2PG.p,17.6216497294001,0.580064642004173
Net flux,GLYdil net,GLY.p <-> GLY.x + dummyGLY,0.000102378404385206,0.00132609710317807
Exch flux,GLYdil exch,GLY.p <-> GLY.x + dummyGLY,0.00236314643627367,67.7243642099826
Net flux,SERdil net,SER.p <-> SER.x + dummySER,3.78439800359965,0.764471814564263
Exch flux,SERdil exch,SER.p <-> SER.x + dummySER,1.53668910136505,0.598924690407284
Net flux,GK,GA.p -> 3PGA.p,4.96586185431452,0.767437973658024
Net flux,PGI.p net,F6P.p <-> G6P.p,5.84750410602532,0.322207723061631
Exch flux,PGI.p exch,F6P.p <-> G6P.p,2.5557146588115,65.3182569092684
Net flux,PGM.p,G6P.p -> ADPG.p,5.84750410602532,0.322207723061631
Net flux,Starch,ADPG.p -> Starch,5.8475041060253,0.322207723061631
Net flux,FBA.c net,TP.c + TP.c <-> FBP.c,0.0200938968409972,0.260274210633609
Exch flux,FBA.c exch,TP.c + TP.c <-> FBP.c,22.2729836818336,72.2727795695287
Net flux,PFK.c net,FBP.c <-> F6P.c,0.0200938968410087,0.260274210633609
Exch flux,PFK.c exch,FBP.c <-> F6P.c,6.92724744676674,86.3366648655227
Net flux,PGI.c net,F6P.c <-> G6P.c,0.0100469484205234,0.130137105316805
Exch flux,PGI.c exch,F6P.c <-> G6P.c,228.154954111762,75.2723680315817
Net flux,PGM.c net,G6P.c <-> UDPG.c,0.010046948416857,0.130137105316805
Exch flux,PGM.c exch,G6P.c <-> UDPG.c,48481.4251239103,73.058995314427
Net flux,SPS,F6P.c + UDPG.c -> S6P,0.0100469484204702,0.130137105316805
Net flux,PGAM.c net,3PGA.c <-> PEP.c,0.00428442068395629,0.0554956671913201
Exch flux,PGAM.c exch,3PGA.c <-> PEP.c,3.21022088843306,86.8259726656817
Net flux,PK.c,PEP.c -> PYR.c,0.00194478780523566,0.0251906394761684
Net flux,PDH,PYR.c + dummy -> ACA + CO2,0.00161856339078037,0.0209650876665548
Net flux,CS,OAA + ACA -> CIT,0.00161856339077637,0.0209650876665548
Net flux,ACO net,CIT <-> ICI,0.00161856339082078,0.0209650876665548
Exch flux,ACO exch,CIT <-> ICI,1154.96899228,86.0753009302955
Net flux,IDH,ICI + dummy -> AKG + CO2,0.0016185633907928,0.0209650876665548
Net flux,MDH net,MAL <-> OAA,2.1316282072803e-14,0
Exch flux,MDH exch,MAL <-> OAA,0.000759517293140277,0.0008203235805808
Net flux,PPC,PEP.c + CO2 -> OAA + dummy,0.0023396328782388,0.0303050277151244
Net flux,T_3PGA net,3PGA.p <-> 3PGA.c,0.00428442068393764,0.0554956671913201
Exch flux,T_3PGA exch,3PGA.p <-> 3PGA.c,8.17652959329039,80.3672460827856
Net flux,T_DHAP net,TP.p <-> TP.c,0.0401877936820414,0.520548421267218
Exch flux,T_DHAP exch,TP.p <-> TP.c,0.000879232098180971,79.1207342828876
Net flux,ALT,PYR.c -> ALA.c,0.000326224415105658,0.00422555180964092
Net flux,ASPT,OAA -> ASP,0.000721069488124781,0.00933994004859686
Net flux,GLUDH,AKG -> GLU,0.00161856339076971,0.0209650876665548
Net flux,PCR net,GLU <-> PRO,-2.48689957516035e-14,0
Exch flux,PCR exch,GLU <-> PRO,1.0000000116861e-07,0
Net flux,GS net,GLU <-> GLN,0,0
Exch flux,GS exch,GLU <-> GLN,1.00040772110788e-07,0
Net flux,TS net,ASP <-> THR,0,0
Exch flux,TS exch,ASP <-> THR,0.000159655832405292,42.2969033869148
Net flux,AS net,ASP <-> ASN,1.06581410364015e-14,0
Exch flux,AS exch,ASP <-> ASN,0.000159651149314044,42.2969028173226
Net flux,G_3PGA.p,0*3PGA.p -> 3PGA,2.46866294872916e-06,122.589503265668
Net flux,G_3PGA.c,0*3PGA.c -> 3PGA,92.9119081393201,89.6407604342297
Net flux,G_DHAP.p,0*TP.p -> TP,40.685379842242,110.066689309453
Net flux,G_DHAP.c,0*TP.c -> TP,51.8471856996947,77.5093219819123
Net flux,G_F6P.p,0*F6P.p -> F6P,48.6686345030749,117.662146111648
Net flux,G_F6P.c,0*F6P.c -> F6P,36.546576817712,80.4212388986687
Net flux,G_FBP.p,0*FBP.p -> FBP,2.46866127895373e-06,118.866914276415
Net flux,G_FBP.c,0*FBP.c -> FBP,83.4512310475236,81.2599886003128
Net flux,G_G6P.p,0*G6P.p -> G6P,19.0549768397257,115.806919621329
Net flux,G_G6P.c,0*G6P.c -> G6P,58.8549499993083,81.0881367064773
Net flux,G_RU5P.p,0*RU5P.p -> P5P,2.46865369746274e-06,115.163922369378
Net flux,G_X5P.p,0*X5P.p -> P5P,92.8477691495056,86.2728679543789
Net flux,G_R5P.p,0*R5P.p -> R5P,82.2810779884949,79.3405895683041
Net flux,G_GA.p,0*GA.p -> GA,40.2288688142864,1.6533263822817
Net flux,G_SER.p,0*SER.p -> SER,99.9999764572381,82.9575548483565
Net flux,G_GLY.p,0*GLY.p -> GLY,58.7189092927761,111.870148458585
Net flux,G_RUBP.p,0*RUBP.p -> RUBP,92.5302752673063,82.4655698930951
Net flux,G_S7P.p,0*S7P.p -> S7P,98.4567310636212,77.7614499412414
Net flux,G_2PG.p,0*2PG.p -> 2PG,87.0427532706349,76.1367208470159
Net flux,G_ADPG.p,0*ADPG.p -> ADPG,95.0805622183377,75.8315647020433
Net flux,G_PEP.c,0*PEP.c -> PEP,89.2305410445615,80.684068105541
Net flux,G_UDPG.c,0*UDPG.c -> UDPG,72.4268033045549,82.093480863929
Net flux,G_ALA.c,0*ALA.c -> ALA,81.0222547859377,60.6692044285607
Net flux,(1-G)_GA,0*GA.x -> GA,59.7711311857157,1.6533263822817
Net flux,(1-G)_SER,0*SER.x -> SER,1.0000000116861e-07,0
Net flux,(1-G)_GLY,0*GLY.x -> GLY,41.2809830058905,2.18080851063281
Net flux,(1-G)_R5P,0*R5P.x -> R5P,17.718922011502,79.3405895683041
Net flux,(1-G)_RUBP,0*RUBP.x -> RUBP,7.46972473269241,82.4655698930951
Net flux,(1-G)_3PGA,0*3PGA.x -> 3PGA,7.08808939201729,83.9082244554587
Net flux,(1-G)_TP,0*TP.x -> TP,7.46743445806383,80.4419361067882
Net flux,(1-G)_F6P,0*F6P.x -> F6P,14.7847886792169,80.7476213395874
Net flux,(1-G)_FBP,0*FBP.x -> FBP,16.5487664838098,83.0174052200676
Net flux,(1-G)_G6P,0*G6P.x -> G6P,22.0900731609643,81.9595364932338
Net flux,(1-G)_RU5P,0*RU5P.x -> P5P,7.15222838184211,79.303035458262
Net flux,(1-G)_S7P,0*S7P.x -> S7P,1.54326893637677,77.7614499412414
Net flux,(1-G)_2PG,0*2PG.x -> 2PG,12.9572467293675,76.1367208470159
Net flux,(1-G)_ADPG,0*ADPG.x -> ADPG,4.91943778166132,75.8315647020433
Net flux,(1-G)_PEP,0*PEP.x -> PEP,10.7694589554367,80.684068105541
Net flux,(1-G)_UDPG,0*UDPG.x -> UDPG,27.5731966954463,82.093480863929
Net flux,(1-G)_ALA,0*ALA.x -> ALA,18.9777452140621,60.6692044285607
Net flux,PGASink,3PGA -> Sink,100,0
Net flux,DHAPSink,TP -> Sink,100.000000000001,0
Net flux,F6PSink,F6P -> Sink,100.000000000004,0
Net flux,FBPSink,FBP -> Sink,99.9999999999947,0
Net flux,G6PSink,G6P -> Sink,99.9999999999983,0
Net flux,P5PSink,P5P -> Sink,100.000000000001,0
Net flux,R5PSink,R5P -> Sink,99.9999999999968,0
Net flux,GASink,GA -> Sink,100.000000000002,0
Net flux,SERSink,SER -> Sink,99.9999999999996,0
Net flux,GLYSink,GLY -> Sink,100.000000000001,0
Net flux,RUBPSink,RUBP -> Sink,99.9999999999987,0
Net flux,S7PSink,S7P -> Sink,99.9999999999979,0
Net flux,2PGSink,2PG -> Sink,100.000000000002,0
Net flux,ADPGSink,ADPG -> Sink,99.999999999999,0
Net flux,PEPSink,PEP -> Sink,99.9999999999983,0
Net flux,UDPGSink,UDPG -> Sink,100.000000000001,0
Net flux,ALASink,ALA -> Sink,99.9999999999998,0
Net flux,S6Pout-LL,S6P + 0.1611*GLU + 0.07177*ASP + 0.03247*ALA.c + 0.01019*dummyGLY + 0.03484*dummySER -> Sink,0.0100469484205057,0.130137105316805
Net flux,PGP.p,2PG.p -> Glyc.p,17.6216497294001,0.580064642004173
Net flux,GOX,Glyc.p -> Glyx.p,17.6216497294001,0.580064642004173
Net flux,GGT,Glyx.p -> GLY.p,17.6216497294001,0.580064642004173
Net flux,SGAT,SER.p -> HPA.p,4.9658618543145,0.767437973658024
Net flux,HPR.p,HPA.p -> GA.p,4.9658618543145,0.767437973658024
Net flux,T_GLY-m net,GLY.p <-> GLY.m,17.6192687937,106.397617615986
Exch flux,T_GLY-m exch,GLY.p <-> GLY.m,22374.0899367822,82.118882775669
Net flux,GDC.m,GLY.m + dummy -> myTHF.m + CO2,8.87128541225223,0.294776670530481
Net flux,T_SER-m net,SER.p <-> SER.m,-8.87128541225223,0.294776670530481
Exch flux,T_SER-m exch,SER.p <-> SER.m,10.1940076248659,34.7166858949592
Net flux,mSHMT,GLY.m + myTHF.m -> SER.m,8.87128541225223,0.294776670530481
Net flux,T_SER-c net,SER.p <-> SER.c,0.12102555433806,0.159673230986509
Exch flux,T_SER-c exch,SER.p <-> SER.c,1.00000000280431e-07,9.38143486282134e-17
Net flux,T_Gly-c net,GLY.p <-> GLY.c,0.00227855729688953,106.396036383997
Exch flux,T_Gly-c exch,GLY.p <-> GLY.c,4.29542420388174e-06,76.7655390224059
Net flux,cSHMT,SER.c -> GLY.c + meTHF.c,0.121025454338063,0.15967323098651
Net flux,FmTHF-reductase net,meTHF.c <-> FmTHF.c,0.121025454338064,0.15967323098651
Exch flux,FmTHF-reductase exch,meTHF.c <-> FmTHF.c,8.63091970215237,78.6065566120878
Net flux,Met-synthase,FmTHF.c + Hcy.c -> Met.c,0.121025454338043,0.15967323098651
Net flux,SAM-synthase,Met.c -> SAM.c,0.121025454338053,0.15967323098651
Net flux,Methylation,SAM.c -> SAH.c + Acceptor.c,0.121025454338047,0.15967323098651
Net flux,hydrolysis,SAH.c -> Hcy.c,0.12102545433804,0.15967323098651
Net flux,G_SER.m,0*SER.m -> SER,2.3342761529932e-05,82.9575548483565
Net flux,G_SER.c,0*SER.c -> SER,1.0000000116861e-07,0
Net flux,G_Gly.m,0*GLY.m -> GLY,9.32595856646401e-05,80.6668771127036
Net flux,G_Gly.c,0*GLY.c -> GLY,1.44417489167381e-05,81.9608094094044
Net flux,T_GLY-c-m,GLY.c -> GLY.m,0.123302030805648,106.39615619826
Net flux,G_Glyc,0*Glyc.p -> Glyc,22.896009801251,1.21161467504785
Net flux,G_Glyx,0*Glyx.p -> Glyx,15.7790367901951,1.90928114341514
Net flux,G_HPA,0*HPA.p -> HPA,8.30774240045216,1.32303742342152
Net flux,(1-G)_Glyc,0*Glyc.x -> Glyc,77.1039901987497,1.21161467504785
Net flux,(1-G)_Glyx,0*Glyx.x -> Glyx,84.2209632098058,1.90928114341514
Net flux,(1-G)_HPA,0*HPA.x -> HPA,91.6922575995477,1.32303742342152
Net flux,GlycSink,Glyc -> Sink,100.000000000001,0
Net flux,GlyxSink,Glyx -> Sink,100.000000000001,0
Net flux,HPASink,HPA -> Sink,99.9999999999998,0
Net flux,SERex,dummySER -> outSER,3.78404793570638,0.767906183004141
Net flux,G_PYR,0*PYR.c -> PYR,27.7245060163332,1.79311695456175
Net flux,(1-G)_PYR,0*PYR.x -> PYR,72.275493983667,1.79311695456175
Net flux,PYRSink,PYR -> Sink,100,0
Net flux,G_meTHF,0*meTHF.c -> meTHF,99.9999999,0
Net flux,G_FmTHF,0*FmTHF.c -> FmTHF,82.6928390199747,3.02760830919402
Net flux,G_Met,0*Met.c -> Met,66.8411840039397,4.7421027263237
Net flux,G_SAM,0*SAM.c -> SAM,66.0868150605444,3.5958299876242
Net flux,(1-G)_meTHF,0*meTHF.x -> meTHF,1.0000000116861e-07,0
Net flux,(1-G)_FmTHF,0*FmTHF.x -> FmTHF,17.3071609800254,3.02760830919402
Net flux,(1-G)_Met,0*Met.x -> Met,33.1588159960603,4.7421027263237
Net flux,(1-G)_SAM,0*SAM.x -> SAM,33.9131849394556,3.5958299876242
Net flux,meTHFSink,meTHF -> Sink,99.9999999999999,0
Net flux,FmTHFSink,FmTHF -> Sink,100,0
Net flux,MetSink,Met -> Sink,100,0
Net flux,SAMsink,SAM -> Sink,100,0
Net flux,Met-protein,Met.c -> Protein,6.51983996113883e-15,0
Net flux,GLY-protein,GLY.c -> Protein,1.9808293370005e-06,2.99862548497539e-16
Net flux,SER-protein,SER.c -> Protein,9.99999993922529e-08,2.82174515911288e-16
Pool,2PG pool,,0,0
Pool,2PG.p pool,,3.81766976212523e-06,73.9107682097189
Pool,2PG.x pool,,1,Inf
Pool,3PGA pool,,0,0
Pool,3PGA.c pool,,1.41359803029972e-05,76.6152303658654
Pool,3PGA.p pool,,4.07304595660221e-06,77.5217760623931
Pool,3PGA.x pool,,1,Inf
Pool,ACA pool,,2.7372032777886e-06,75.2110622072412
Pool,ADPG pool,,0,0
Pool,ADPG.p pool,,9.9999999999999e-08,Inf
Pool,ADPG.x pool,,1,Inf
Pool,AKG pool,,2.73423192490491e-06,76.2173410686808
Pool,ALA pool,,0,0
Pool,ALA.c pool,,0.00206794042469287,0.00254404348020725
Pool,ALA.x pool,,1,Inf
Pool,ASN pool,,7566.0681937262,74.8698719547721
Pool,ASP pool,,9.95756333343613e-06,0.000380466356788049
Pool,Acceptor.c pool,,1,Inf
Pool,CIT pool,,0.261679367271296,74.5054577324088
Pool,CO2 pool,,0.000255645254828306,78.418848031565
Pool,CO2.t pool,,1,Inf
Pool,E4P.p pool,,0,0
Pool,EC2 pool,,0,0
Pool,F6P pool,,0,0
Pool,F6P.c pool,,3.82970857539852e-06,75.2413414479367
Pool,F6P.p pool,,4.01933915588899e-06,77.8549833141045
Pool,F6P.x pool,,1,Inf
Pool,FBP pool,,0,0
Pool,FBP.c pool,,3.82966458954103e-06,79.0357870027401
Pool,FBP.p pool,,3.90713624168027e-06,75.5600883512506
Pool,FBP.x pool,,1,Inf
Pool,FmTHF pool,,0.374768301978245,0.651953292355738
Pool,FmTHF.c pool,,2.707283217868e-06,80.424801699717
Pool,FmTHF.x pool,,1,Inf
Pool,G6P pool,,0,0
Pool,G6P.c pool,,9.87487137152391e-06,81.2040922428476
Pool,G6P.p pool,,3.8701683507668e-06,79.5951010883159
Pool,G6P.x pool,,1,Inf
Pool,GA pool,,0,0
Pool,GA.p pool,,4.30557419932535e-06,78.4993681940777
Pool,GA.x pool,,1,Inf
Pool,GLN pool,,8.83867754992171,76.2122710180763
Pool,GLU pool,,2.73423121535706e-06,78.0467443558283
Pool,GLY pool,,0,0
Pool,GLY.c pool,,0.921384185625991,74.7717937337957
Pool,GLY.m pool,,1.05133903537717,0.105989714206027
Pool,GLY.p pool,,0.000425136494201841,77.9130557296275
Pool,GLY.x pool,,1,Inf
Pool,Glyc pool,,5.92912878341551,1.36741470602796
Pool,Glyc.p pool,,2.28899523509557e-05,79.5433320422759
Pool,Glyc.x pool,,1,Inf
Pool,Glyx pool,,15.5219986035924,4.91371917595998
Pool,Glyx.p pool,,3.53358312897296e-05,77.1113554619395
Pool,Glyx.x pool,,1,Inf
Pool,HPA pool,,0.000179685318643405,78.0425428241487
Pool,HPA.p pool,,3.21600025801907e-06,78.1690419995725
Pool,HPA.x pool,,1,Inf
Pool,Hcy.c pool,,1,Inf
Pool,ICI pool,,0.00361079204129322,76.8030461914494
Pool,MAL pool,,0.00222379630147198,0.00200004606003108
Pool,Met pool,,0.0778323301124726,77.6125174467162
Pool,Met.c pool,,2.71925351168052e-06,79.8396730939065
Pool,Met.x pool,,1,Inf
Pool,OAA pool,,0.00130570931169991,0.000529045984952309
Pool,P5P pool,,0,0
Pool,PEP pool,,0,0
Pool,PEP.c pool,,4.92559277066321e-06,79.3710866438455
Pool,PEP.x pool,,1,Inf
Pool,PRO pool,,5.3949963837492,75.740852183836
Pool,PYR pool,,2.5290283092035,0.900790307655089
Pool,PYR.c pool,,8.9985544634073e-06,2.66424473617259e-05
Pool,PYR.x pool,,1,Inf
Pool,Protein pool,,1,Inf
Pool,R5P pool,,0,0
Pool,R5P.p pool,,4.31723109617151e-05,79.3428262921163
Pool,R5P.x pool,,1,Inf
Pool,RU5P.p pool,,3.91283556023184e-06,75.6616719261992
Pool,RU5P.x pool,,1,Inf
Pool,RUBP pool,,0,0
Pool,RUBP.p pool,,3.9321238894267e-06,71.0789998866393
Pool,RUBP.x pool,,1,Inf
Pool,S6P pool,,1,Inf
Pool,S7P pool,,0,0
Pool,S7P.p pool,,4.18758724475635e-06,82.787427451301
Pool,S7P.x pool,,1,Inf
Pool,SAH.c pool,,1,Inf
Pool,SAM pool,,2.12231052563991,0.974495568048563
Pool,SAM.c pool,,2.73407759022287e-06,74.9079477960835
Pool,SAM.x pool,,1,Inf
Pool,SBP pool,,0,0
Pool,SER pool,,0,0
Pool,SER.c pool,,1.00000000002876e-07,0
Pool,SER.m pool,,0.644787709340726,0.0784873330008083
Pool,SER.p pool,,1.00000000002876e-07,0
Pool,SER.x pool,,1,Inf
Pool,Sink pool,,1,Inf
Pool,Starch pool,,1,Inf
Pool,THR pool,,3889.78324187144,81.3922012589716
Pool,TP pool,,0,0
Pool,TP.c pool,,4.18762339884187e-06,75.149786353886
Pool,TP.p pool,,4.24578132408419e-06,80.0333197978116
Pool,TP.x pool,,1,Inf
Pool,UDPG pool,,0,0
Pool,UDPG.c pool,,0.170190207050033,78.4262500908641
Pool,UDPG.x pool,,1,Inf
Pool,X5P.p pool,,4.02845986755672e-06,74.9625489612754
Pool,dummy pool,,1,Inf
Pool,dummyGLY pool,,1,Inf
Pool,dummySER pool,,1,Inf
Pool,meTHF pool,,0.629700192191967,0.893767205668798
Pool,meTHF.c pool,,2.70728843985965e-06,78.0898926010138
Pool,meTHF.x pool,,1,Inf
Pool,myTHF.m pool,,0.00536254872778218,71.6777756311664
Pool,outSER pool,,1,Inf
Norm,Experiment1 Glyc205 #1 norm,,0.981582006083624,0.0128053680157202
Norm,Experiment1 Glyc205 #2 norm,,1.01025204038006,0.0239306376314971
Norm,Experiment1 Glyc205 #3 norm,,0.943791131239046,0.0197292319624951
Norm,Experiment1 Glyc205 #4 norm,,0.994545625111979,0.0315161100840814
Norm,Experiment1 Glyc205 #5 norm,,1.0087328427396,0.0342804732279093
Norm,Experiment1 Glyc205 #6 norm,,1.02550984583464,0.0285598295060969
Norm,Experiment1 Glyc205 #7 norm,,0.985967803332392,0.0338567490404583
Norm,Experiment1 Glyc205 #8 norm,,0.977681374277681,0.0291451595890671
Norm,Experiment1 Glyx160 #1 norm,,0.942824176702974,0.0104062532628932
Norm,Experiment1 Glyx160 #2 norm,,1.02715987824057,0.0137077734878638
Norm,Experiment1 Glyx160 #3 norm,,0.950306388404203,0.0168220432661347
Norm,Experiment1 Glyx160 #4 norm,,1.02266235507552,0.0156604042899492
Norm,Experiment1 Glyx160 #5 norm,,0.978097731189857,0.0380676497999468
Norm,Experiment1 Glyx160 #6 norm,,1.02313828675898,0.0196956746450467
Norm,Experiment1 Glyx160 #7 norm,,0.979451865628409,0.0371784183335726
Norm,Experiment1 Glyx160 #8 norm,,0.987114908545961,0.0366007571489555
Norm,Experiment1 GLY276 #1 norm,,1.0021660413752,0.0101066894971633
Norm,Experiment1 GLY276 #2 norm,,0.974822593176913,0.020412804330047
Norm,Experiment1 GLY276 #3 norm,,1.000912223145,0.0429358451916105
Norm,Experiment1 GLY276 #4 norm,,1.00507159583158,0.071218480928512
Norm,Experiment1 GLY276 #5 norm,,0.965821833182855,0.111716763840577
Norm,Experiment1 GLY276 #6 norm,,0.918421277696288,0.104233853998361
Norm,Experiment1 GLY276 #7 norm,,1.02491285059387,0.0626940139271488
Norm,Experiment1 GLY276 #8 norm,,0.991906721351388,0.0775371627266969
Norm,Experiment1 HPA262 #1 norm,,0.975105602002837,0.0106025283446561
Norm,Experiment1 HPA262 #2 norm,,0.928562935211078,0.0280924309524969
Norm,Experiment1 HPA262 #3 norm,,0.968931056457778,0.0130376310117875
Norm,Experiment1 HPA262 #4 norm,,0.942566493062575,0.0335790065662316
Norm,Experiment1 HPA262 #5 norm,,0.915196389504808,0.0234638019287161
Norm,Experiment1 HPA262 #6 norm,,0.919444417470454,0.0322043261958434
Norm,Experiment1 HPA262 #7 norm,,0.968719781807541,0.0243829783305074
Norm,Experiment1 HPA262 #8 norm,,1.05067575209133,0.0240813675416625
Norm,Experiment1 GA307 #1 norm,,0.990516230735479,0.0120905983057394
Norm,Experiment1 GA307 #2 norm,,0.929126049959223,0.0285950064180655
Norm,Experiment1 GA307 #3 norm,,0.921097330780708,0.0283862448749753
Norm,Experiment1 GA307 #4 norm,,0.968967869131604,0.0192339253061721
Norm,Experiment1 GA307 #5 norm,,1.05061350281726,0.0577887305511545
Norm,Experiment1 GA307 #6 norm,,1.04284942517632,0.0431045788866143
Norm,Experiment1 GA307 #7 norm,,0.95211211001696,0.039165575683226
Norm,Experiment1 GA307 #8 norm,,0.988195834362783,0.0367115881700146
Norm,Experiment1 SER306 #1 norm,,0.950836149630671,0.0135976733849051
Norm,Experiment1 SER306 #2 norm,,1.00228432063926,0.0147961320256981
Norm,Experiment1 SER306 #3 norm,,0.883190618195256,0.0380844052130949
Norm,Experiment1 SER306 #4 norm,,0.983615157755453,0.0492292575162115
Norm,Experiment1 SER306 #5 norm,,0.967437186609044,0.0947340482603147
Norm,Experiment1 SER306 #6 norm,,1.01609739896927,0.0744551789707441
Norm,Experiment1 SER306 #7 norm,,0.988986330089274,0.0499522889384574
Norm,Experiment1 SER306 #8 norm,,0.988101074049914,0.0499982781296009
Norm,Experiment1 meTHF #1 norm,,0.994719842088684,0.00964292812303825
Norm,Experiment1 meTHF #2 norm,,1.01949225514406,0.0103278211420954
Norm,Experiment1 meTHF #3 norm,,0.925980635017474,0.0602617209843659
Norm,Experiment1 meTHF #4 norm,,1.02145225183479,0.056548858150456
Norm,Experiment1 meTHF #5 norm,,0.937425052326519,0.0954579984021766
Norm,Experiment1 meTHF #6 norm,,0.99682436249755,0.106479277276427
Norm,Experiment1 meTHF #7 norm,,0.994324714039975,0.0559004403038326
Norm,Experiment1 meTHF #8 norm,,1.03766202983643,0.0961757938954271
Norm,Experiment1 FmTHF #1 norm,,1.00627173635175,0.0102186193429726
Norm,Experiment1 FmTHF #2 norm,,0.996021395054237,0.0233569542671234
Norm,Experiment1 FmTHF #3 norm,,0.955850102928632,0.0305818225556284
Norm,Experiment1 FmTHF #4 norm,,0.997309243749856,0.026977313109855
Norm,Experiment1 FmTHF #5 norm,,0.980433591164467,0.0652234826536888
Norm,Experiment1 FmTHF #6 norm,,0.993032135427026,0.0569962833363763
Norm,Experiment1 FmTHF #7 norm,,1.00366115637566,0.050385599239462
Norm,Experiment1 FmTHF #8 norm,,1.07119912626585,0.108512511755244
Norm,Experiment1 Met176 #1 norm,,0.962263115985167,0.0240217155162817
Norm,Experiment1 Met176 #2 norm,,0.906190352957836,0.0312093625282728
Norm,Experiment1 Met176 #3 norm,,0.87417026030948,0.056153776230394
Norm,Experiment1 Met176 #4 norm,,0.942651315825848,0.0360273919939923
Norm,Experiment1 Met176 #5 norm,,0.983803186547363,0.0814962316506034
Norm,Experiment1 Met176 #6 norm,,1.01149509055013,0.125067397236246
Norm,Experiment1 Met176 #7 norm,,0.998323314178651,0.119882190839225
Norm,Experiment1 Met176 #8 norm,,0.997145109659506,0.13959737058857
Norm,Experiment1 SAM #1 norm,,1.01689286701012,0.0118033132351199
Norm,Experiment1 SAM #2 norm,,0.999745098788778,0.0122190056121731
Norm,Experiment1 SAM #3 norm,,0.963418782928931,0.013247994266985
Norm,Experiment1 SAM #4 norm,,1.03360255672725,0.0238357881472529
Norm,Experiment1 SAM #5 norm,,1.00704067560838,0.0366219880997894
Norm,Experiment1 SAM #6 norm,,1.02101983863888,0.0609405109504472
Norm,Experiment1 SAM #7 norm,,1.00294342529631,0.0882804993064433
Norm,Experiment1 SAM #8 norm,,1.00003418396311,0.0849342369818477
Norm,Experiment1 CIT465 #1 norm,,0.982065610485748,0.0116175355554056
Norm,Experiment1 CIT465 #2 norm,,1.07450513139227,0.0143907142237686
Norm,Experiment1 CIT465 #3 norm,,1.02785364582844,0.0119019571810013
Norm,Experiment1 CIT465 #4 norm,,0.979404227790203,0.0163400549779808
Norm,Experiment1 CIT465 #5 norm,,0.994879900285114,0.0139422125031867
Norm,Experiment1 CIT465 #6 norm,,1.02296116279744,0.0134050191453377
Norm,Experiment1 CIT465 #7 norm,,1.01719213386372,0.0119387567682215
Norm,Experiment1 CIT465 #8 norm,,0.997594718176078,0.0130308086621127
Norm,Experiment1 MAL335 #1 norm,,1.01836698973994,0.0128597874112464
Norm,Experiment1 MAL335 #2 norm,,1.0053238655315,0.0110161392545586
Norm,Experiment1 MAL335 #3 norm,,1.00273916115759,0.0104899127703373
Norm,Experiment1 MAL335 #4 norm,,0.994049257143168,0.0144320042799553
Norm,Experiment1 MAL335 #5 norm,,0.970337910900934,0.013906357975236
Norm,Experiment1 MAL335 #6 norm,,0.943643604006679,0.0129519975118235
Norm,Experiment1 MAL335 #7 norm,,0.984823524960126,0.0200769528984857
Norm,Experiment1 MAL335 #8 norm,,0.988836535295135,0.0340785699494448
Norm,Experiment1 ASP334 #1 norm,,0.975807471079914,0.0226942785265122
Norm,Experiment1 ASP334 #2 norm,,0.967476808780585,0.0306429597801573
Norm,Experiment1 ASP334 #3 norm,,0.964135152169986,0.0200400182587871
Norm,Experiment1 ASP334 #4 norm,,1.00358122648265,0.424998527541921
Norm,Experiment1 ASP334 #5 norm,,0.931861818518174,0.0270303024225284
Norm,Experiment1 ASP334 #6 norm,,1.0141889730841,0.0321582299069452
Norm,Experiment1 ASP334 #7 norm,,0.974145310892756,0.0307493368236014
Norm,Experiment1 ASP334 #8 norm,,0.965217945726381,0.0752863244617345
Norm,Experiment1 GLU348 #1 norm,,0.969914400875685,0.0213901210340359
Norm,Experiment1 GLU348 #2 norm,,0.963357340242898,0.0193027946535055
Norm,Experiment1 GLU348 #3 norm,,1.02626322130768,0.0115801274753199
Norm,Experiment1 GLU348 #4 norm,,0.97317898820795,0.0383291725955592
Norm,Experiment1 GLU348 #5 norm,,0.975621602519044,0.0231376434173266
Norm,Experiment1 GLU348 #6 norm,,1.01762739438254,0.0131373444957888
Norm,Experiment1 GLU348 #7 norm,,0.966446754504655,0.0138695569034823
Norm,Experiment1 GLU348 #8 norm,,0.994398105384192,0.0168098264912357
Norm,Experiment1 THR320 #1 norm,,1.02561687270943,0.010656915602647
Norm,Experiment1 THR320 #2 norm,,0.974050368997296,0.0139194199609288
Norm,Experiment1 THR320 #3 norm,,0.975827662115119,0.0103528974299899
Norm,Experiment1 THR320 #4 norm,,1.00478842413166,0.029405860054475
Norm,Experiment1 THR320 #5 norm,,0.976243428644368,0.020576281938031
Norm,Experiment1 THR320 #6 norm,,0.980547902825034,0.0113804377492037
Norm,Experiment1 THR320 #7 norm,,0.9987285739373,0.0143601416979261
Norm,Experiment1 THR320 #8 norm,,0.894157897122857,0.023582932702586
Norm,Experiment1 ALA116 #1 norm,,0.991807275069345,0.00979662418820455
Norm,Experiment1 ALA116 #2 norm,,1.00576757317462,0.0101780116888624
Norm,Experiment1 ALA116 #3 norm,,1.02219927073386,0.0175160224071906
Norm,Experiment1 ALA116 #4 norm,,1.02156204665473,0.0195990253163306
Norm,Experiment1 ALA116 #5 norm,,0.902952632685051,0.0828455238398577
Norm,Experiment1 ALA116 #6 norm,,0.680613567800545,0.0681523130663263
Norm,Experiment1 ALA116 #7 norm,,0.378395628200374,0.0533121228082645
Norm,Experiment1 ALA116 #8 norm,,0.440755352274803,0.101072935400216
Norm,Experiment1 PYR #1 norm,,0.93427437304999,0.0161870916124886
Norm,Experiment1 PYR #2 norm,,0.97651092607933,0.0910167250493812
Norm,Experiment1 PYR #3 norm,,1.04065035274176,0.122335957856923
Norm,Experiment1 PYR #4 norm,,1.08709060220805,0.0477000870795146
Norm,Experiment1 PYR #5 norm,,1.01533379558413,0.0529004906430121
Norm,Experiment1 PYR #6 norm,,1.03796710511759,0.0579007563630681
Norm,Experiment1 PYR #7 norm,,0.946821270196604,0.103764227833404
Norm,Experiment1 PYR #8 norm,,0.977989690226573,0.0642527989295442
