type,id,eqn,val,std
Net flux,CO2.t,CO2.t -> CO2,48.5311047804398,1.17304107314521
Net flux,CO2_sink,dummy -> Sink,48.5311047804397,1.17304107314521
Net flux,RUBICSO_CO2,RUBP.p + CO2 -> 3PGA.p + 3PGA.p + dummy,57.8396382548712,1.35796505378598
Net flux,GAPDH.p net,3PGA.p <-> TP.p,139.428464348072,2.85815839809967
Exch flux,GAPDH.p exch,3PGA.p <-> TP.p,2.11195552122012,0.804782322878097
Net flux,ALD,TP.p + E4P.p -> SBP,25.6513029264882,0.519094310126538
Net flux,SBP,SBP -> S7P.p,25.6513029264883,0.519094310126538
Net flux,FBA.p net,TP.p + TP.p <-> FBP.p,29.4767867578739,0.68863595718828
Exch flux,FBA.p exch,TP.p + TP.p <-> FBP.p,22301.0143121585,2872.39456252995
Net flux,PFK.p net,FBP.p <-> F6P.p,29.4767867578771,0.68863595718828
Exch flux,PFK.p exch,FBP.p <-> F6P.p,9.99952902702717e-08,1.76146400747487e-12
Net flux,TK1 net,TP.p + EC2 <-> X5P.p,51.3026058529765,1.03818862025308
Exch flux,TK1 exch,TP.p + EC2 <-> X5P.p,9.99999976158961e-08,0
Net flux,TK2 net,S7P.p <-> R5P.p + EC2,25.6513029264882,0.519094310126538
Exch flux,TK2 exch,S7P.p <-> R5P.p + EC2,37.8263259296738,4580.07849020614
Net flux,TK3 net,F6P.p <-> E4P.p + EC2,25.6513029264879,0.519094310126538
Exch flux,TK3 exch,F6P.p <-> E4P.p + EC2,4233.80748273166,4899.29611421379
Net flux,PPE net,X5P.p <-> RU5P.p,51.3026058529764,1.03818862025308
Exch flux,PPE exch,X5P.p <-> RU5P.p,96.2423382091853,5115.13553113039
Net flux,PPI net,R5P.p <-> RU5P.p,25.6513029264883,0.519094310126538
Exch flux,PPI exch,R5P.p <-> RU5P.p,236.130400559273,4112.09439731763
Net flux,PRK,RU5P.p -> RUBP.p,76.9539087794648,1.55728293037961
Net flux,RUBISCO_O2,RUBP.p -> 3PGA.p + 2PG.p,19.1142705245936,0.602287181024703
Net flux,GLYdil net,GLY.p <-> GLY.x + dummyGLY,0.00896970177965528,0.00114854337132994
Exch flux,GLYdil exch,GLY.p <-> GLY.x + dummyGLY,0.459391287312258,0.160768427481829
Net flux,SERdil net,SER.p <-> SER.x + dummySER,4.12442411643157,4648.23495037743
Exch flux,SERdil exch,SER.p <-> SER.x + dummySER,0.935212584270047,4648.23470989937
Net flux,GK,GA.p -> 3PGA.p,5.0102892103902,0.583671097768144
Net flux,PGI.p net,F6P.p <-> G6P.p,3.82548383139032,0.354998379506196
Exch flux,PGI.p exch,F6P.p <-> G6P.p,4.30831411625224,5724.472391172
Net flux,PGM.p,G6P.p -> ADPG.p,3.82548383139033,0.354998379506196
Net flux,Starch,ADPG.p -> Starch,3.8254838313903,0.354998379506196
Net flux,FBA.c net,TP.c + TP.c <-> FBP.c,1.7604910264272,0.225425588903405
Exch flux,FBA.c exch,TP.c + TP.c <-> FBP.c,20.6299820746753,5304.04768457822
Net flux,PFK.c net,FBP.c <-> F6P.c,1.76049102642721,0.225425588903405
Exch flux,PFK.c exch,FBP.c <-> F6P.c,5.28369570855132,4706.53285910626
Net flux,PGI.c net,F6P.c <-> G6P.c,0.880245513213623,0.112712794451702
Exch flux,PGI.c exch,F6P.c <-> G6P.c,227.340837839323,4872.70810164237
Net flux,PGM.c net,G6P.c <-> UDPG.c,0.880245513209957,0.112712794451702
Exch flux,PGM.c exch,G6P.c <-> UDPG.c,48481.4367633855,4905.64088078555
Net flux,SPS,F6P.c + UDPG.c -> S6P,0.88024551321357,0.112712794451702
Net flux,PGAM.c net,3PGA.c <-> PEP.c,0.375371896654809,0.0480652439782557
Exch flux,PGAM.c exch,3PGA.c <-> PEP.c,2.11786446164797,4747.84411036871
Net flux,PK.c,PEP.c -> PYR.c,0.170389123992585,0.0218178156285492
Net flux,PDH,PYR.c + dummy -> ACA + CO2,0.141807552178721,0.0181580311266186
Net flux,CS,OAA + ACA -> CIT,0.141807552178717,0.0181580311266186
Net flux,ACO net,CIT <-> ICI,0.141807552178761,0.0181580311266186
Exch flux,ACO exch,CIT <-> ICI,1161.70344359234,4876.98123885427
Net flux,IDH,ICI + dummy -> AKG + CO2,0.141807552178733,0.0181580311266186
Net flux,MDH net,MAL <-> OAA,2.1316282072803e-14,0
Exch flux,MDH exch,MAL <-> OAA,0.0768444075674353,0.0915411801169669
Net flux,PPC,PEP.c + CO2 -> OAA + dummy,0.204982772661743,0.0262474283665277
Net flux,T_3PGA net,3PGA.p <-> 3PGA.c,0.375371896654791,0.0480652439782557
Exch flux,T_3PGA exch,3PGA.p <-> 3PGA.c,5.36593580991624,4769.90778528165
Net flux,T_DHAP net,TP.p <-> TP.c,3.52098205285444,0.450851177806809
Exch flux,T_DHAP exch,TP.p <-> TP.c,9.99999998363421e-08,0
Net flux,ALT,PYR.c -> ALA.c,0.0285815718140594,0.00365978441997774
Net flux,ASPT,OAA -> ASP,0.0631752204833471,0.00808939723839213
Net flux,GLUDH,AKG -> GLU,0.14180755217871,0.0181580311266186
Net flux,PCR net,GLU <-> PRO,-2.48689957516035e-14,0
Exch flux,PCR exch,GLU <-> PRO,1.0000000116861e-07,0
Net flux,GS net,GLU <-> GLN,0,0
Exch flux,GS exch,GLU <-> GLN,1.00040594475104e-07,0
Net flux,TS net,ASP <-> THR,0,0
Exch flux,TS exch,ASP <-> THR,1.0000000116861e-07,0
Net flux,AS net,ASP <-> ASN,1.06581410364015e-14,0
Exch flux,AS exch,ASP <-> ASN,1.0000000116861e-07,0
Net flux,G_3PGA.p,0*3PGA.p -> 3PGA,2.46866295583459e-06,6666.19507114769
Net flux,G_3PGA.c,0*3PGA.c -> 3PGA,92.9119081392799,4700.49649036204
Net flux,G_DHAP.p,0*TP.p -> TP,40.685379842242,7016.10186942479
Net flux,G_DHAP.c,0*TP.c -> TP,51.8471856996947,5099.75393146225
Net flux,G_F6P.p,0*F6P.p -> F6P,48.6686345030749,6521.73611466431
Net flux,G_F6P.c,0*F6P.c -> F6P,36.546576817712,4978.50406205487
Net flux,G_FBP.p,0*FBP.p -> FBP,2.46866126474288e-06,6892.15548324118
Net flux,G_FBP.c,0*FBP.c -> FBP,83.4512310467171,5075.56020694114
Net flux,G_G6P.p,0*G6P.p -> G6P,19.0549768397257,7100.72011368668
Net flux,G_G6P.c,0*G6P.c -> G6P,58.8549499993083,5062.38680556165
Net flux,G_RU5P.p,0*RU5P.p -> P5P,2.46865369035731e-06,6867.89240251957
Net flux,G_X5P.p,0*X5P.p -> P5P,92.8477691502869,4844.3800232307
Net flux,G_R5P.p,0*R5P.p -> R5P,82.2810779884949,4607.56999358969
Net flux,G_GA.p,0*GA.p -> GA,37.3057406158384,1.89593185060483
Net flux,G_SER.p,0*SER.p -> SER,96.2946996628954,6752.953030858
Net flux,G_GLY.p,0*GLY.p -> GLY,9.79568404854708,5492.79376523418
Net flux,G_RUBP.p,0*RUBP.p -> RUBP,92.5302752673063,4888.48641540214
Net flux,G_S7P.p,0*S7P.p -> S7P,98.4567310636212,5107.53158507949
Net flux,G_2PG.p,0*2PG.p -> 2PG,87.0427532706349,4754.97552185206
Net flux,G_ADPG.p,0*ADPG.p -> ADPG,95.0805622183377,5042.7605879527
Net flux,G_PEP.c,0*PEP.c -> PEP,89.2305410445615,4780.3796629268
Net flux,G_UDPG.c,0*UDPG.c -> UDPG,72.4268033045549,5058.86608512415
Net flux,G_ALA.c,0*ALA.c -> ALA,81.8347514702978,9.31850095866595
Net flux,(1-G)_GA,0*GA.x -> GA,62.6942593841637,1.89593185060483
Net flux,(1-G)_SER,0*SER.x -> SER,3.70529788621768,3.88901683114063
Net flux,(1-G)_GLY,0*GLY.x -> GLY,38.0895524371687,2.49559834854897
Net flux,(1-G)_R5P,0*R5P.x -> R5P,17.718922011502,4607.56999358969
Net flux,(1-G)_RUBP,0*RUBP.x -> RUBP,7.46972473269241,4888.48641540214
Net flux,(1-G)_3PGA,0*3PGA.x -> 3PGA,7.08808939205742,4757.19684649033
Net flux,(1-G)_TP,0*TP.x -> TP,7.46743445806383,4867.03959363892
Net flux,(1-G)_F6P,0*F6P.x -> F6P,14.7847886792169,4396.60833301988
Net flux,(1-G)_FBP,0*FBP.x -> FBP,16.5487664846163,4898.03803703119
Net flux,(1-G)_G6P,0*G6P.x -> G6P,22.0900731609643,4976.81649408474
Net flux,(1-G)_RU5P,0*RU5P.x -> P5P,7.15222838106083,4729.23962895089
Net flux,(1-G)_S7P,0*S7P.x -> S7P,1.54326893637677,5107.53158507949
Net flux,(1-G)_2PG,0*2PG.x -> 2PG,12.9572467293675,4754.97552185206
Net flux,(1-G)_ADPG,0*ADPG.x -> ADPG,4.91943778166132,5042.7605879527
Net flux,(1-G)_PEP,0*PEP.x -> PEP,10.7694589554367,4780.3796629268
Net flux,(1-G)_UDPG,0*UDPG.x -> UDPG,27.5731966954463,5058.86608512415
Net flux,(1-G)_ALA,0*ALA.x -> ALA,18.165248529702,9.31850095866595
Net flux,PGASink,3PGA -> Sink,100,0
Net flux,DHAPSink,TP -> Sink,100.000000000001,0
Net flux,F6PSink,F6P -> Sink,100.000000000004,0
Net flux,FBPSink,FBP -> Sink,99.9999999999947,0
Net flux,G6PSink,G6P -> Sink,99.9999999999983,0
Net flux,P5PSink,P5P -> Sink,100.000000000001,0
Net flux,R5PSink,R5P -> Sink,99.9999999999968,0
Net flux,GASink,GA -> Sink,100.000000000002,0
Net flux,SERSink,SER -> Sink,99.9999999999996,0
Net flux,GLYSink,GLY -> Sink,100.000000000001,0
Net flux,RUBPSink,RUBP -> Sink,99.9999999999987,0
Net flux,S7PSink,S7P -> Sink,99.9999999999979,0
Net flux,2PGSink,2PG -> Sink,100.000000000002,0
Net flux,ADPGSink,ADPG -> Sink,99.999999999999,0
Net flux,PEPSink,PEP -> Sink,99.9999999999983,0
Net flux,UDPGSink,UDPG -> Sink,100.000000000001,0
Net flux,ALASink,ALA -> Sink,99.9999999999998,0
Net flux,S6Pout-LL,S6P + 0.1611*GLU + 0.07177*ASP + 0.03247*ALA.c + 0.01019*dummyGLY + 0.03484*dummySER -> Sink,0.880245513213605,0.112712794451702
Net flux,PGP.p,2PG.p -> Glyc.p,19.1142705245937,0.602287181024703
Net flux,GOX,Glyc.p -> Glyx.p,19.1142705245937,0.602287181024703
Net flux,GGT,Glyx.p -> GLY.p,19.1142705245937,0.602287181024703
Net flux,SGAT,SER.p -> HPA.p,5.01028921039019,0.583671097768144
Net flux,HPR.p,HPA.p -> GA.p,5.01028921039018,0.583671097768144
Net flux,T_GLY-m net,GLY.p <-> GLY.m,10.7851995219389,5271.56623807192
Exch flux,T_GLY-m exch,GLY.p <-> GLY.m,109118.354479746,5159.76576448009
Net flux,GDC.m,GLY.m + dummy -> myTHF.m + CO2,9.22990114273613,1.15188105865068
Net flux,T_SER-m net,SER.p <-> SER.m,-9.22990114273611,1.15188105865068
Exch flux,T_SER-m exch,SER.p <-> SER.m,178.145730966247,5101.31863732959
Net flux,mSHMT,GLY.m + myTHF.m -> SER.m,9.22990114273613,1.15188105865068
Net flux,T_SER-c net,SER.p <-> SER.c,0.095187815914354,4648.23470951812
Exch flux,T_SER-c exch,SER.p <-> SER.c,0.0397828206929001,4648.23469415668
Net flux,T_Gly-c net,GLY.p <-> GLY.c,8.32010130087808,5271.5662237054
Exch flux,T_Gly-c exch,GLY.p <-> GLY.c,0.0154083912994256,5271.56461372015
Net flux,cSHMT,SER.c -> GLY.c + meTHF.c,0.0217790949383204,4908.42571943553
Net flux,FmTHF-reductase net,meTHF.c <-> FmTHF.c,0.0217790949383208,4908.42571943553
Exch flux,FmTHF-reductase exch,meTHF.c <-> FmTHF.c,9.24719342037295,7179.53239979198
Net flux,Met-synthase,FmTHF.c + Hcy.c -> Met.c,0.0217790949383003,4908.42571943553
Net flux,SAM-synthase,Met.c -> SAM.c,0.02177909493831,4908.42571943553
Net flux,Methylation,SAM.c -> SAH.c + Acceptor.c,0.0217790949383047,4908.42571943553
Net flux,hydrolysis,SAH.c -> Hcy.c,0.0217790949382968,4908.42571943553
Net flux,G_SER.m,0*SER.m -> SER,1.16768585911586e-07,4874.07607618124
Net flux,G_SER.c,0*SER.c -> SER,2.3341179442582e-06,4833.66230837154
Net flux,G_Gly.m,0*GLY.m -> GLY,0.000195930884647311,5492.78896810189
Net flux,G_Gly.c,0*GLY.c -> GLY,52.1145675834008,7.30643504042771
Net flux,T_GLY-c-m,GLY.c -> GLY.m,7.67460276353637,5271.56588585517
Net flux,G_Glyc,0*Glyc.p -> Glyc,24.1747163180774,1.57323627616553
Net flux,G_Glyx,0*Glyx.p -> Glyx,14.8005873965412,2.21245965138021
Net flux,G_HPA,0*HPA.p -> HPA,8.86207523337708,1.32147748928491
Net flux,(1-G)_Glyc,0*Glyc.x -> Glyc,75.8252836819232,1.57323627616553
Net flux,(1-G)_Glyx,0*Glyx.x -> Glyx,85.1994126034596,2.21245965138021
Net flux,(1-G)_HPA,0*HPA.x -> HPA,91.1379247666228,1.32147748928491
Net flux,GlycSink,Glyc -> Sink,100.000000000001,0
Net flux,GlyxSink,Glyx -> Sink,100.000000000001,0
Net flux,HPASink,HPA -> Sink,99.9999999999998,0
Net flux,SERex,dummySER -> outSER,4.0937535406839,4648.23495050929
Net flux,G_PYR,0*PYR.c -> PYR,28.804020140254,1.96663017347935
Net flux,(1-G)_PYR,0*PYR.x -> PYR,71.1959798597462,1.96663017347935
Net flux,PYRSink,PYR -> Sink,100,0
Net flux,G_meTHF,0*meTHF.c -> meTHF,99.9999999,0
Net flux,G_FmTHF,0*FmTHF.c -> FmTHF,78.686610669352,3.63350978542803
Net flux,G_Met,0*Met.c -> Met,59.6019178590687,4.04996060810734
Net flux,G_SAM,0*SAM.c -> SAM,63.3242096444105,4.63054739980166
Net flux,(1-G)_meTHF,0*meTHF.x -> meTHF,1.0000000116861e-07,0
Net flux,(1-G)_FmTHF,0*FmTHF.x -> FmTHF,21.3133893306481,3.63350978542803
Net flux,(1-G)_Met,0*Met.x -> Met,40.3980821409313,4.04996060810734
Net flux,(1-G)_SAM,0*SAM.x -> SAM,36.6757903555896,4.63054739980166
Net flux,meTHFSink,meTHF -> Sink,99.9999999999999,0
Net flux,FmTHFSink,FmTHF -> Sink,100,0
Net flux,MetSink,Met -> Sink,100,0
Net flux,SAMsink,SAM -> Sink,100,0
Net flux,Met-protein,Met.c -> Protein,6.51983996113883e-15,0
Net flux,GLY-protein,GLY.c -> Protein,0.66727763228006,4908.42626358481
Net flux,SER-protein,SER.c -> Protein,0.0734087209760368,6674.97132535335
Pool,2PG pool,,0,0
Pool,2PG.p pool,,3.6539711101223e-06,4964.98654437685
Pool,2PG.x pool,,1,Inf
Pool,3PGA pool,,0,0
Pool,3PGA.c pool,,1.67129097281179e-05,4996.13927804243
Pool,3PGA.p pool,,3.90787087769063e-06,4948.13185428417
Pool,3PGA.x pool,,1,Inf
Pool,ACA pool,,2.49030590755311e-06,5284.4755659654
Pool,ADPG pool,,0,0
Pool,ADPG.p pool,,9.9999999999999e-08,Inf
Pool,ADPG.x pool,,1,Inf
Pool,AKG pool,,2.61387941057869e-06,4797.50715326386
Pool,ALA pool,,0,0
Pool,ALA.c pool,,0.0122288045598783,0.00318520282579159
Pool,ALA.x pool,,1,Inf
Pool,ASN pool,,7565.68727310742,5076.11582352414
Pool,ASP pool,,2.49850302934998e-07,4900.75974531756
Pool,Acceptor.c pool,,1,Inf
Pool,CIT pool,,9.53821666629102,666.041020107396
Pool,CO2 pool,,0.34008394595152,0.240733529141369
Pool,CO2.t pool,,1,Inf
Pool,E4P.p pool,,0,0
Pool,EC2 pool,,0,0
Pool,F6P pool,,0,0
Pool,F6P.c pool,,3.82975200875713e-06,4788.85331349325
Pool,F6P.p pool,,3.74253869018296e-06,4949.14599645391
Pool,F6P.x pool,,1,Inf
Pool,FBP pool,,0,0
Pool,FBP.c pool,,3.82971081119317e-06,5279.06386111941
Pool,FBP.p pool,,3.59928697380228e-06,4936.23454621674
Pool,FBP.x pool,,1,Inf
Pool,FmTHF pool,,2.27357955104421,0.870967205411467
Pool,FmTHF.c pool,,4.83921449703593e-07,5049.33307067623
Pool,FmTHF.x pool,,1,Inf
Pool,G6P pool,,0,0
Pool,G6P.c pool,,9.87515995872119e-06,4981.07418359501
Pool,G6P.p pool,,3.74093984684318e-06,5085.54766561325
Pool,G6P.x pool,,1,Inf
Pool,GA pool,,0,0
Pool,GA.p pool,,2.79148540363228e-06,4895.93591583234
Pool,GA.x pool,,1,Inf
Pool,GLN pool,,8.8386775498353,4753.18915037244
Pool,GLU pool,,2.61388046259712e-06,4754.16462324782
Pool,GLY pool,,0,0
Pool,GLY.c pool,,0.48270058221587,0.171925409442322
Pool,GLY.m pool,,0.13042020419518,0.148734872457943
Pool,GLY.p pool,,0.000432302301527246,4821.8300838541
Pool,GLY.x pool,,1,Inf
Pool,Glyc pool,,13.0251107952798,3.04182902441184
Pool,Glyc.p pool,,1.79249260227112e-05,5002.82966340716
Pool,Glyc.x pool,,1,Inf
Pool,Glyx pool,,18.8803317758365,6.97149256429438
Pool,Glyx.p pool,,3.81464646866483e-05,4855.52307752953
Pool,Glyx.x pool,,1,Inf
Pool,HPA pool,,0.000153019501359638,4858.05739009556
Pool,HPA.p pool,,2.18014946817735e-06,5222.28491910481
Pool,HPA.x pool,,1,Inf
Pool,Hcy.c pool,,1,Inf
Pool,ICI pool,,0.00371527639322287,4995.75616656642
Pool,MAL pool,,0.12516840999832,0.145541071723944
Pool,Met pool,,0.000152873730070551,4887.78426300699
Pool,Met.c pool,,1e-07,0
Pool,Met.x pool,,1,Inf
Pool,OAA pool,,0.227900420018649,0.0380668783538878
Pool,P5P pool,,0,0
Pool,PEP pool,,0,0
Pool,PEP.c pool,,6.73669135478517e-06,4954.96703816021
Pool,PEP.x pool,,1,Inf
Pool,PRO pool,,5.39499638366285,4913.99556235113
Pool,PYR pool,,0.000377736484699156,5134.47252766651
Pool,PYR.c pool,,0.00686923905227868,0.00208397981443427
Pool,PYR.x pool,,1,Inf
Pool,Protein pool,,1,Inf
Pool,R5P pool,,0,0
Pool,R5P.p pool,,2.20018206716029e-05,5079.38457258373
Pool,R5P.x pool,,1,Inf
Pool,RU5P.p pool,,3.61604572917192e-06,5093.64371566245
Pool,RU5P.x pool,,1,Inf
Pool,RUBP pool,,0,0
Pool,RUBP.p pool,,3.63958830602711e-06,4980.6258889884
Pool,RUBP.x pool,,1,Inf
Pool,S6P pool,,1,Inf
Pool,S7P pool,,0,0
Pool,S7P.p pool,,3.70991857805697e-06,5140.81997633422
Pool,S7P.x pool,,1,Inf
Pool,SAH.c pool,,1,Inf
Pool,SAM pool,,5.58263582577407,1.68746572970329
Pool,SAM.c pool,,1.84697087448686e-06,4890.23277515679
Pool,SAM.x pool,,1,Inf
Pool,SBP pool,,0,0
Pool,SER pool,,0,0
Pool,SER.c pool,,1.00000000002876e-07,0
Pool,SER.m pool,,1.03978376696294,0.16531272454167
Pool,SER.p pool,,1.00005712245867e-07,5055.78729672716
Pool,SER.x pool,,1,Inf
Pool,Sink pool,,1,Inf
Pool,Starch pool,,1,Inf
Pool,THR pool,,3574.83538827893,5049.70227897344
Pool,TP pool,,0,0
Pool,TP.c pool,,4.18765142985517e-06,4965.53856792762
Pool,TP.p pool,,4.05813183439185e-06,4843.72170777221
Pool,TP.x pool,,1,Inf
Pool,UDPG pool,,0,0
Pool,UDPG.c pool,,0.297542814768128,5291.74068647087
Pool,UDPG.x pool,,1,Inf
Pool,X5P.p pool,,3.71468188173491e-06,4792.0127145616
Pool,dummy pool,,1,Inf
Pool,dummyGLY pool,,1,Inf
Pool,dummySER pool,,1,Inf
Pool,meTHF pool,,1.07203715280309,0.837226910062434
Pool,meTHF.c pool,,4.95426901951914e-07,5235.97304894453
Pool,meTHF.x pool,,1,Inf
Pool,myTHF.m pool,,3.07704728683861e-05,5085.75419058703
Pool,outSER pool,,1,Inf
Norm,Experiment1 Glyc205 #1 norm,,1.01295978628478,0.0135350376363353
Norm,Experiment1 Glyc205 #2 norm,,0.960751359360115,0.0215936159223537
Norm,Experiment1 Glyc205 #3 norm,,0.949678978496062,0.0171161666186584
Norm,Experiment1 Glyc205 #4 norm,,0.995805929383646,0.0308926337645178
Norm,Experiment1 Glyc205 #5 norm,,0.991813951590186,0.0348876631110948
Norm,Experiment1 Glyc205 #6 norm,,1.02771344022157,0.0281019805581083
Norm,Experiment1 Glyc205 #7 norm,,0.9716906853331,0.0357143016059182
Norm,Experiment1 Glyc205 #8 norm,,0.999552941853376,0.0317895833964354
Norm,Experiment1 Glyx160 #1 norm,,1.00179151570855,0.0112498732422432
Norm,Experiment1 Glyx160 #2 norm,,0.964593933768735,0.0125882874740271
Norm,Experiment1 Glyx160 #3 norm,,0.995487988127517,0.0175091830415143
Norm,Experiment1 Glyx160 #4 norm,,0.992421569769539,0.0147695354905315
Norm,Experiment1 Glyx160 #5 norm,,0.94331503365579,0.0335193165759698
Norm,Experiment1 Glyx160 #6 norm,,1.02512622344408,0.0208221286483318
Norm,Experiment1 Glyx160 #7 norm,,0.949290150654189,0.0388154263176954
Norm,Experiment1 Glyx160 #8 norm,,0.998946796979087,0.0410931029405242
Norm,Experiment1 GLY276 #1 norm,,0.991783421422556,0.0100235111623266
Norm,Experiment1 GLY276 #2 norm,,0.972514061346883,0.0269770646034578
Norm,Experiment1 GLY276 #3 norm,,1.01559674191879,0.0451908532957244
Norm,Experiment1 GLY276 #4 norm,,1.01510433065572,0.0697913755654116
Norm,Experiment1 GLY276 #5 norm,,1.02458416884808,0.111748781566546
Norm,Experiment1 GLY276 #6 norm,,0.999430670293359,0.1008877244771
Norm,Experiment1 GLY276 #7 norm,,1.03229391663047,0.0671786186554895
Norm,Experiment1 GLY276 #8 norm,,0.968878656286243,0.0707162720164418
Norm,Experiment1 HPA262 #1 norm,,1.01684950894222,0.011159629733248
Norm,Experiment1 HPA262 #2 norm,,0.962336688216358,0.0286907458319519
Norm,Experiment1 HPA262 #3 norm,,0.935701586474917,0.0130265465956848
Norm,Experiment1 HPA262 #4 norm,,0.941319261724219,0.0345891292865986
Norm,Experiment1 HPA262 #5 norm,,0.971239698053636,0.0246679637978843
Norm,Experiment1 HPA262 #6 norm,,0.935402791278834,0.0346318838316692
Norm,Experiment1 HPA262 #7 norm,,1.04159965856564,0.0268530147881443
Norm,Experiment1 HPA262 #8 norm,,1.04122207913267,0.0243385378500576
Norm,Experiment1 GA307 #1 norm,,0.982830327313309,0.0120064254321678
Norm,Experiment1 GA307 #2 norm,,0.948706163471718,0.0297542252245539
Norm,Experiment1 GA307 #3 norm,,0.985758447964272,0.028746872822582
Norm,Experiment1 GA307 #4 norm,,0.97051708978555,0.0196898925656884
Norm,Experiment1 GA307 #5 norm,,1.02118259810892,0.0583717346554411
Norm,Experiment1 GA307 #6 norm,,1.06073136689203,0.044833072424018
Norm,Experiment1 GA307 #7 norm,,0.97357649919123,0.0474142639842535
Norm,Experiment1 GA307 #8 norm,,0.987643396379603,0.0358951677476858
Norm,Experiment1 SER306 #1 norm,,0.975384976592318,0.0140404035296062
Norm,Experiment1 SER306 #2 norm,,1.01585568729585,0.022711589041132
Norm,Experiment1 SER306 #3 norm,,0.936059332682357,0.0396608077492826
Norm,Experiment1 SER306 #4 norm,,1.03067739171605,0.0463579937959841
Norm,Experiment1 SER306 #5 norm,,1.03759491748784,0.0948705917981797
Norm,Experiment1 SER306 #6 norm,,0.913189529848817,0.0703368283606566
Norm,Experiment1 SER306 #7 norm,,1.02567233836631,0.0491424037900764
Norm,Experiment1 SER306 #8 norm,,0.981140386989837,0.0522440487776809
Norm,Experiment1 meTHF #1 norm,,1.01957996980526,0.010323651647594
Norm,Experiment1 meTHF #2 norm,,1.02863926580828,0.0104262246881379
Norm,Experiment1 meTHF #3 norm,,0.972215758075968,0.0648376636700536
Norm,Experiment1 meTHF #4 norm,,0.979082765266876,0.0518714462610088
Norm,Experiment1 meTHF #5 norm,,0.964408398354187,0.0917524366222597
Norm,Experiment1 meTHF #6 norm,,0.995229558416838,0.109183159087845
Norm,Experiment1 meTHF #7 norm,,0.998063005591633,0.0698002133991357
Norm,Experiment1 meTHF #8 norm,,0.940601244627642,0.0967481918253741
Norm,Experiment1 FmTHF #1 norm,,0.994662111668282,0.00993661164039606
Norm,Experiment1 FmTHF #2 norm,,1.01897962512558,0.0236309515838266
Norm,Experiment1 FmTHF #3 norm,,0.979228133505353,0.0302272810899512
Norm,Experiment1 FmTHF #4 norm,,1.01493280813853,0.0282711345260131
Norm,Experiment1 FmTHF #5 norm,,0.961566945179745,0.0615931554477111
Norm,Experiment1 FmTHF #6 norm,,1.0007309716869,0.0702078044986114
Norm,Experiment1 FmTHF #7 norm,,0.99059064379387,0.0518048975560914
Norm,Experiment1 FmTHF #8 norm,,1.02371972473283,0.0843135159623487
Norm,Experiment1 Met176 #1 norm,,0.963855615294836,0.0242934793474485
Norm,Experiment1 Met176 #2 norm,,0.894447166408317,0.0323032031498748
Norm,Experiment1 Met176 #3 norm,,0.905133501476612,0.0497687463427465
Norm,Experiment1 Met176 #4 norm,,0.973358616503491,0.0395190973932546
Norm,Experiment1 Met176 #5 norm,,1.00386024754478,0.0733468325992397
Norm,Experiment1 Met176 #6 norm,,0.99246514947494,0.146914435031038
Norm,Experiment1 Met176 #7 norm,,1.00258255678829,0.104282372074667
Norm,Experiment1 Met176 #8 norm,,0.99978445201859,0.0890478618333597
Norm,Experiment1 SAM #1 norm,,1.00323489526836,0.0119490405649827
Norm,Experiment1 SAM #2 norm,,0.991654975719951,0.0123705767782737
Norm,Experiment1 SAM #3 norm,,0.995784985592797,0.0141901186210681
Norm,Experiment1 SAM #4 norm,,1.01016318321848,0.0227094002008682
Norm,Experiment1 SAM #5 norm,,0.995139489815428,0.0386932842331885
Norm,Experiment1 SAM #6 norm,,1.00076264407099,0.0584842764180364
Norm,Experiment1 SAM #7 norm,,0.999776593575319,0.0912826260153912
Norm,Experiment1 SAM #8 norm,,0.996028036301781,0.0927891259888882
Norm,Experiment1 CIT465 #1 norm,,0.994079631931379,0.0121138676677336
Norm,Experiment1 CIT465 #2 norm,,0.973589319485225,0.0131840451354676
Norm,Experiment1 CIT465 #3 norm,,0.993849466048724,0.0115962545117253
Norm,Experiment1 CIT465 #4 norm,,0.935742830621258,0.0159016728874154
Norm,Experiment1 CIT465 #5 norm,,0.963107311105669,0.0129853815410129
Norm,Experiment1 CIT465 #6 norm,,0.998584770385756,0.01283130394803
Norm,Experiment1 CIT465 #7 norm,,0.999395232713367,0.0119769476758184
Norm,Experiment1 CIT465 #8 norm,,1.0200023082705,0.975964345683751
Norm,Experiment1 MAL335 #1 norm,,0.992162282770228,0.0123457896799315
Norm,Experiment1 MAL335 #2 norm,,0.961399207673681,0.0106390712581929
Norm,Experiment1 MAL335 #3 norm,,0.9844035164333,0.0104446828086163
Norm,Experiment1 MAL335 #4 norm,,0.930466877939943,0.014052042521073
Norm,Experiment1 MAL335 #5 norm,,0.921146687606374,0.0133571945417392
Norm,Experiment1 MAL335 #6 norm,,1.00218380213031,0.013661568842
Norm,Experiment1 MAL335 #7 norm,,0.996226652966221,0.020246512865332
Norm,Experiment1 MAL335 #8 norm,,1.00307383710272,0.033893013033645
Norm,Experiment1 ASP334 #1 norm,,0.976246811572959,0.0225206720304616
Norm,Experiment1 ASP334 #2 norm,,0.891519314037443,0.0268911133449742
Norm,Experiment1 ASP334 #3 norm,,0.991322386378934,0.0208650155864843
Norm,Experiment1 ASP334 #4 norm,,0.997452319568145,0.0162720300089807
Norm,Experiment1 ASP334 #5 norm,,0.931835475221396,0.0257514826235598
Norm,Experiment1 ASP334 #6 norm,,0.947689104028368,0.0318819137815922
Norm,Experiment1 ASP334 #7 norm,,1.00744814796463,0.0302741524897963
Norm,Experiment1 ASP334 #8 norm,,0.984460518964269,0.0890113691980861
Norm,Experiment1 GLU348 #1 norm,,0.990504331734192,0.0215579898819492
Norm,Experiment1 GLU348 #2 norm,,0.943297732686076,0.0187996965739069
Norm,Experiment1 GLU348 #3 norm,,0.996969712882791,0.0112558830204789
Norm,Experiment1 GLU348 #4 norm,,0.996080212104427,0.0371955234300925
Norm,Experiment1 GLU348 #5 norm,,0.931551744406238,0.0219114020203521
Norm,Experiment1 GLU348 #6 norm,,0.993436734028441,0.0128517793755841
Norm,Experiment1 GLU348 #7 norm,,1.0376139831349,0.0145410983595687
Norm,Experiment1 GLU348 #8 norm,,0.964494072032096,0.922837363655407
Norm,Experiment1 THR320 #1 norm,,0.970125534864703,0.0101326367373198
Norm,Experiment1 THR320 #2 norm,,1.03213994449311,0.0146511196601886
Norm,Experiment1 THR320 #3 norm,,0.990902892825231,0.0102145878409678
Norm,Experiment1 THR320 #4 norm,,0.992795087821274,0.0293968380405045
Norm,Experiment1 THR320 #5 norm,,0.954370517868312,0.0203991778809781
Norm,Experiment1 THR320 #6 norm,,1.000571843886,0.0114108993223076
Norm,Experiment1 THR320 #7 norm,,0.978140189011841,0.0138911543921274
Norm,Experiment1 THR320 #8 norm,,0.913518174316752,0.0235551291564287
Norm,Experiment1 ALA116 #1 norm,,0.9986928921223,0.00986387490955158
Norm,Experiment1 ALA116 #2 norm,,0.994652711474345,0.0102070405027867
Norm,Experiment1 ALA116 #3 norm,,1.05641647988267,0.0191733003592114
Norm,Experiment1 ALA116 #4 norm,,1.04296459728909,0.0218869719636274
Norm,Experiment1 ALA116 #5 norm,,1.11658782353419,0.127497163195284
Norm,Experiment1 ALA116 #6 norm,,0.982161760769931,0.0705444010518855
Norm,Experiment1 ALA116 #7 norm,,1.00538472173842,0.0653387355601846
Norm,Experiment1 ALA116 #8 norm,,0.985974480607914,0.0994519129937539
Norm,Experiment1 PYR #1 norm,,1.00770196671465,0.0172955638745921
Norm,Experiment1 PYR #2 norm,,0.943532123703224,0.0416532023655543
Norm,Experiment1 PYR #3 norm,,1.0089902123726,0.141460078353275
Norm,Experiment1 PYR #4 norm,,0.988612355024784,0.044507402787945
Norm,Experiment1 PYR #5 norm,,1.05933403334029,0.0547737125107755
Norm,Experiment1 PYR #6 norm,,1.08701649821687,0.0621813271442742
Norm,Experiment1 PYR #7 norm,,0.922407198759503,0.0904239104049789
Norm,Experiment1 PYR #8 norm,,1.00968865609265,0.0669147898019041
