type,id,eqn,val,std
Net flux,CO2.t,CO2.t -> CO2,49.5777938566768,1.10256564313479
Net flux,CO2_sink,dummy -> Sink,49.5777938566768,1.10256564313479
Net flux,RUBICSO_CO2,RUBP.p + CO2 -> 3PGA.p + 3PGA.p + dummy,59.5709407379036,1.21142756860662
Net flux,GAPDH.p net,3PGA.p <-> TP.p,140.038368919477,2.65771147457937
Exch flux,GAPDH.p exch,3PGA.p <-> TP.p,1.13247752166522,0.445463683923453
Net flux,ALD,TP.p + E4P.p -> SBP,25.5478428157052,0.48646528311402
Net flux,SBP,SBP -> S7P.p,25.5478428157052,0.48646528311402
Net flux,FBA.p net,TP.p + TP.p <-> FBP.p,29.9550528112377,0.644167076288812
Exch flux,FBA.p exch,TP.p + TP.p <-> FBP.p,20114.6602506034,2309.17289184385
Net flux,PFK.p net,FBP.p <-> F6P.p,29.9550528112408,0.644167076288812
Exch flux,PFK.p exch,FBP.p <-> F6P.p,9.99989708816429e-08,7.52766224993043e-13
Net flux,TK1 net,TP.p + EC2 <-> X5P.p,51.0956856314103,0.972930566228039
Exch flux,TK1 exch,TP.p + EC2 <-> X5P.p,1.0000000116861e-07,0
Net flux,TK2 net,S7P.p <-> R5P.p + EC2,25.5478428157051,0.48646528311402
Exch flux,TK2 exch,S7P.p <-> R5P.p + EC2,38.6070706909212,4861.0790366491
Net flux,TK3 net,F6P.p <-> E4P.p + EC2,25.5478428157048,0.48646528311402
Exch flux,TK3 exch,F6P.p <-> E4P.p + EC2,7731.42986414936,4557.93841688681
Net flux,PPE net,X5P.p <-> RU5P.p,51.0956856314102,0.972930566228039
Exch flux,PPE exch,X5P.p <-> RU5P.p,84.6329992875467,4623.08061092196
Net flux,PPI net,R5P.p <-> RU5P.p,25.5478428157053,0.48646528311402
Exch flux,PPI exch,R5P.p <-> RU5P.p,238.302403093992,3914.68270068788
Net flux,PRK,RU5P.p -> RUBP.p,76.6435284471156,1.45939584940791
Net flux,RUBISCO_O2,RUBP.p -> 3PGA.p + 2PG.p,17.072587709212,0.593352610404913
Net flux,GLYdil net,GLY.p <-> GLY.x + dummyGLY,0.00887736203008416,0.00110911930553114
Exch flux,GLYdil exch,GLY.p <-> GLY.x + dummyGLY,1.0000000116861e-07,0
Net flux,SERdil net,SER.p <-> SER.x + dummySER,2.95297690935931,1.66628980030094
Exch flux,SERdil exch,SER.p <-> SER.x + dummySER,1.36326508051147,0.279065391941178
Net flux,GK,GA.p -> 3PGA.p,4.19540731680365,0.581378711506821
Net flux,PGI.p net,F6P.p <-> G6P.p,4.40720999553627,0.349227303809417
Exch flux,PGI.p exch,F6P.p <-> G6P.p,9.99966793813201e-08,2.48604370661938e-13
Net flux,PGM.p,G6P.p -> ADPG.p,4.40720999553627,0.349227303809417
Net flux,Starch,ADPG.p -> Starch,4.40720999553625,0.349227303809417
Net flux,FBA.c net,TP.c + TP.c <-> FBP.c,1.74236742494032,0.217687793974082
Exch flux,FBA.c exch,TP.c + TP.c <-> FBP.c,20.5996515723429,4153.17525394225
Net flux,PFK.c net,FBP.c <-> F6P.c,1.74236742494033,0.217687793974082
Exch flux,PFK.c exch,FBP.c <-> F6P.c,5.25205865619786,4153.17525394225
Net flux,PGI.c net,F6P.c <-> G6P.c,0.871183712470184,0.108843896987041
Exch flux,PGI.c exch,F6P.c <-> G6P.c,227.217263422346,4153.17524966348
Net flux,PGM.c net,G6P.c <-> UDPG.c,0.871183712464699,0.108843896987041
Exch flux,PGM.c exch,G6P.c <-> UDPG.c,48481.4064783314,4153.17524823722
Net flux,SPS,F6P.c + UDPG.c -> S6P,0.871183712470131,0.108843896987041
Net flux,PGAM.c net,3PGA.c <-> PEP.c,0.371507582345924,0.0464153914200182
Exch flux,PGAM.c exch,3PGA.c <-> PEP.c,1.00000030700542e-07,6.25496391796276e-14
Net flux,PK.c,PEP.c -> PYR.c,0.168635031222642,0.0210689131676745
Net flux,PDH,PYR.c + dummy -> ACA + CO2,0.140347696078793,0.0175347517396962
Net flux,CS,OAA + ACA -> CIT,0.140347696078789,0.0175347517396962
Net flux,ACO net,CIT <-> ICI,0.140347696078834,0.0175347517396962
Exch flux,ACO exch,CIT <-> ICI,1356.7947010504,5795.27254002265
Net flux,IDH,ICI + dummy -> AKG + CO2,0.140347696078806,0.0175347517396962
Net flux,MDH net,MAL <-> OAA,2.1316282072803e-14,0
Exch flux,MDH exch,MAL <-> OAA,0.379689934673898,0.0963137763010795
Net flux,PPC,PEP.c + CO2 -> OAA + dummy,0.202872551122574,0.0253464782590238
Net flux,T_3PGA net,3PGA.p <-> 3PGA.c,0.371507582345906,0.0464153914200182
Exch flux,T_3PGA exch,3PGA.p <-> 3PGA.c,1.39783671333551,4300.26671972432
Net flux,T_DHAP net,TP.p <-> TP.c,3.48473484988069,0.435375587948164
Exch flux,T_DHAP exch,TP.p <-> TP.c,9.99999998363421e-08,0
Net flux,ALT,PYR.c -> ALA.c,0.0282873351439303,0.0035341613321004
Net flux,ASPT,OAA -> ASP,0.0625248550439916,0.00781172646987994
Net flux,GLUDH,AKG -> GLU,0.140347696078783,0.0175347517396962
Net flux,PCR net,GLU <-> PRO,-2.48689957516035e-14,0
Exch flux,PCR exch,GLU <-> PRO,1.0000000116861e-07,0
Net flux,GS net,GLU <-> GLN,0,0
Exch flux,GS exch,GLU <-> GLN,1.00042001349721e-07,0
Net flux,TS net,ASP <-> THR,0,0
Exch flux,TS exch,ASP <-> THR,1.0000000116861e-07,0
Net flux,AS net,ASP <-> ASN,1.06581410364015e-14,0
Exch flux,AS exch,ASP <-> ASN,1.0000000116861e-07,0
Net flux,G_3PGA.p,0*3PGA.p -> 3PGA,2.46866293451831e-06,7016.10327311343
Net flux,G_3PGA.c,0*3PGA.c -> 3PGA,92.9119081391617,4601.88768142625
Net flux,G_DHAP.p,0*TP.p -> TP,40.685379842242,6797.6636348703
Net flux,G_DHAP.c,0*TP.c -> TP,51.8471856996947,4730.00115776656
Net flux,G_F6P.p,0*F6P.p -> F6P,48.6686345030749,6721.10728153399
Net flux,G_F6P.c,0*F6P.c -> F6P,36.546576817712,4491.42594384644
Net flux,G_FBP.p,0*FBP.p -> FBP,2.46866125053202e-06,7003.43430034786
Net flux,G_FBP.c,0*FBP.c -> FBP,83.4512310479156,4870.44034922776
Net flux,G_G6P.p,0*G6P.p -> G6P,19.0549768397257,7072.7019477987
Net flux,G_G6P.c,0*G6P.c -> G6P,58.8549499993083,4935.34998474416
Net flux,G_RU5P.p,0*RU5P.p -> P5P,2.46865369035731e-06,6567.94582825225
Net flux,G_X5P.p,0*X5P.p -> P5P,92.8477691495629,4696.16276371756
Net flux,G_R5P.p,0*R5P.p -> R5P,82.2810779884949,5068.82435572316
Net flux,G_GA.p,0*GA.p -> GA,40.0324161955113,1.71491016159825
Net flux,G_SER.p,0*SER.p -> SER,98.7045254863657,7322.23432676011
Net flux,G_GLY.p,0*GLY.p -> GLY,16.5472487749509,5454.48909609229
Net flux,G_RUBP.p,0*RUBP.p -> RUBP,92.5302752673063,4611.31400444744
Net flux,G_S7P.p,0*S7P.p -> S7P,98.4567310636212,5111.75656490054
Net flux,G_2PG.p,0*2PG.p -> 2PG,87.0427532706349,4984.30327780847
Net flux,G_ADPG.p,0*ADPG.p -> ADPG,95.0805622183377,4977.66032409644
Net flux,G_PEP.c,0*PEP.c -> PEP,89.2305410445615,4717.15170040497
Net flux,G_UDPG.c,0*UDPG.c -> UDPG,72.4268033045549,4535.51355367698
Net flux,G_ALA.c,0*ALA.c -> ALA,99.4332370120896,5106.52357576374
Net flux,(1-G)_GA,0*GA.x -> GA,59.9675838044908,1.71491016159825
Net flux,(1-G)_SER,0*SER.x -> SER,1.29543847884848,3.74273028514548
Net flux,(1-G)_GLY,0*GLY.x -> GLY,30.37016268224,3.12498406812271
Net flux,(1-G)_R5P,0*R5P.x -> R5P,17.718922011502,5068.82435572316
Net flux,(1-G)_RUBP,0*RUBP.x -> RUBP,7.46972473269241,4611.31400444744
Net flux,(1-G)_3PGA,0*3PGA.x -> 3PGA,7.08808939217567,5049.90388504598
Net flux,(1-G)_TP,0*TP.x -> TP,7.46743445806383,4868.58300063199
Net flux,(1-G)_F6P,0*F6P.x -> F6P,14.7847886792169,4992.34874083924
Net flux,(1-G)_FBP,0*FBP.x -> FBP,16.5487664834178,4967.5700030454
Net flux,(1-G)_G6P,0*G6P.x -> G6P,22.0900731609643,4761.64597301896
Net flux,(1-G)_RU5P,0*RU5P.x -> P5P,7.15222838178486,4728.55771261654
Net flux,(1-G)_S7P,0*S7P.x -> S7P,1.54326893637677,5111.75656490054
Net flux,(1-G)_2PG,0*2PG.x -> 2PG,12.9572467293675,4984.30327780847
Net flux,(1-G)_ADPG,0*ADPG.x -> ADPG,4.91943778166132,4977.66032409644
Net flux,(1-G)_PEP,0*PEP.x -> PEP,10.7694589554367,4717.15170040497
Net flux,(1-G)_UDPG,0*UDPG.x -> UDPG,27.5731966954463,4535.51355367698
Net flux,(1-G)_ALA,0*ALA.x -> ALA,0.566762987910181,5106.52357576374
Net flux,PGASink,3PGA -> Sink,100,0
Net flux,DHAPSink,TP -> Sink,100.000000000001,0
Net flux,F6PSink,F6P -> Sink,100.000000000004,0
Net flux,FBPSink,FBP -> Sink,99.9999999999947,0
Net flux,G6PSink,G6P -> Sink,99.9999999999983,0
Net flux,P5PSink,P5P -> Sink,100.000000000001,0
Net flux,R5PSink,R5P -> Sink,99.9999999999968,0
Net flux,GASink,GA -> Sink,100.000000000002,0
Net flux,SERSink,SER -> Sink,99.9999999999996,0
Net flux,GLYSink,GLY -> Sink,100.000000000001,0
Net flux,RUBPSink,RUBP -> Sink,99.9999999999987,0
Net flux,S7PSink,S7P -> Sink,99.9999999999979,0
Net flux,2PGSink,2PG -> Sink,100.000000000002,0
Net flux,ADPGSink,ADPG -> Sink,99.999999999999,0
Net flux,PEPSink,PEP -> Sink,99.9999999999983,0
Net flux,UDPGSink,UDPG -> Sink,100.000000000001,0
Net flux,ALASink,ALA -> Sink,99.9999999999998,0
Net flux,S6Pout-LL,S6P + 0.1611*GLU + 0.07177*ASP + 0.03247*ALA.c + 0.01019*dummyGLY + 0.03484*dummySER -> Sink,0.871183712470167,0.108843896987041
Net flux,PGP.p,2PG.p -> Glyc.p,17.072587709212,0.593352610404913
Net flux,GOX,Glyc.p -> Glyx.p,17.072587709212,0.593352610404913
Net flux,GGT,Glyx.p -> GLY.p,17.072587709212,0.593352610404913
Net flux,SGAT,SER.p -> HPA.p,4.19540731680364,0.581378711506821
Net flux,HPR.p,HPA.p -> GA.p,4.19540731680363,0.581378711506821
Net flux,T_GLY-m net,GLY.p <-> GLY.m,16.9589381565165,4815.12117327107
Exch flux,T_GLY-m exch,GLY.p <-> GLY.m,184034.79976017,4942.21309534185
Net flux,GDC.m,GLY.m + dummy -> myTHF.m + CO2,9.91532404019191,0.511577218088207
Net flux,T_SER-m net,SER.p <-> SER.m,-9.91532404019199,0.511577218088207
Exch flux,T_SER-m exch,SER.p <-> SER.m,11109.9892897726,4756.85738075299
Net flux,mSHMT,GLY.m + myTHF.m -> SER.m,9.91532404019191,0.511577218088207
Net flux,T_SER-c net,SER.p <-> SER.c,2.76693981402896,1.48454416903512
Exch flux,T_SER-c exch,SER.p <-> SER.c,0.215710655478271,0.40079815947394
Net flux,T_Gly-c net,GLY.p <-> GLY.c,0.104772190644698,4815.12113514144
Exch flux,T_Gly-c exch,GLY.p <-> GLY.c,0.00011314544100971,4815.12079837531
Net flux,cSHMT,SER.c -> GLY.c + meTHF.c,2.76693971402896,0.89985655200782
Net flux,FmTHF-reductase net,meTHF.c <-> FmTHF.c,2.76693971402896,0.89985655200782
Exch flux,FmTHF-reductase exch,meTHF.c <-> FmTHF.c,5.93658177832817,4586.17756674887
Net flux,Met-synthase,FmTHF.c + Hcy.c -> Met.c,2.76693971402894,0.89985655200782
Net flux,SAM-synthase,Met.c -> SAM.c,2.76693971402895,0.89985655200782
Net flux,Methylation,SAM.c -> SAH.c + Acceptor.c,2.76693971402895,0.89985655200782
Net flux,hydrolysis,SAH.c -> Hcy.c,2.76693971402894,0.89985655200782
Net flux,G_SER.m,0*SER.m -> SER,3.59347853695624e-05,4797.87877522724
Net flux,G_SER.c,0*SER.c -> SER,1.00000065117456e-07,4985.23290876993
Net flux,G_Gly.m,0*GLY.m -> GLY,0.000701269135305438,5454.48526243205
Net flux,G_Gly.c,0*GLY.c -> GLY,53.081887273675,8.25880253822631
Net flux,T_GLY-c-m,GLY.c -> GLY.m,2.87170992384661,4815.12123517333
Net flux,G_Glyc,0*Glyc.p -> Glyc,20.6318002537922,1.07038245313594
Net flux,G_Glyx,0*Glyx.p -> Glyx,14.1547991305448,2.11169761330303
Net flux,G_HPA,0*HPA.p -> HPA,8.22039631458095,1.36405260164732
Net flux,(1-G)_Glyc,0*Glyc.x -> Glyc,79.3681997462084,1.07038245313594
Net flux,(1-G)_Glyx,0*Glyx.x -> Glyx,85.8452008694561,2.11169761330303
Net flux,(1-G)_HPA,0*HPA.x -> HPA,91.7796036854189,1.36405260164732
Net flux,GlycSink,Glyc -> Sink,100.000000000001,0
Net flux,GlyxSink,Glyx -> Sink,100.000000000001,0
Net flux,HPASink,HPA -> Sink,99.9999999999998,0
Net flux,SERex,dummySER -> outSER,2.92262207580136,1.66641875987433
Net flux,G_PYR,0*PYR.c -> PYR,31.1427668279703,1.8933351960188
Net flux,(1-G)_PYR,0*PYR.x -> PYR,68.85723317203,1.8933351960188
Net flux,PYRSink,PYR -> Sink,100,0
Net flux,G_meTHF,0*meTHF.c -> meTHF,98.7172200616576,8.47462821034539
Net flux,G_FmTHF,0*FmTHF.c -> FmTHF,77.1873351488251,2.98907707523936
Net flux,G_Met,0*Met.c -> Met,67.9048533893518,4.41694800555538
Net flux,G_SAM,0*SAM.c -> SAM,74.0612484968187,4.51709319978116
Net flux,(1-G)_meTHF,0*meTHF.x -> meTHF,1.28277993834234,8.47462821034539
Net flux,(1-G)_FmTHF,0*FmTHF.x -> FmTHF,22.812664851175,2.98907707523936
Net flux,(1-G)_Met,0*Met.x -> Met,32.0951466106482,4.41694800555538
Net flux,(1-G)_SAM,0*SAM.x -> SAM,25.9387515031813,4.51709319978116
Net flux,meTHFSink,meTHF -> Sink,99.9999999999999,0
Net flux,FmTHFSink,FmTHF -> Sink,100,0
Net flux,MetSink,Met -> Sink,100,0
Net flux,SAMsink,SAM -> Sink,100,0
Net flux,Met-protein,Met.c -> Protein,6.51983996113883e-15,0
Net flux,GLY-protein,GLY.c -> Protein,1.98082708369185e-06,9.73543535022043e-15
Net flux,SER-protein,SER.c -> Protein,1.00000000280431e-07,1.68361344071658
Pool,2PG pool,,0,0
Pool,2PG.p pool,,8.83899765247956e-07,4848.02156829119
Pool,2PG.x pool,,1,Inf
Pool,3PGA pool,,0,0
Pool,3PGA.c pool,,1.58873677870671e-06,4917.87477351672
Pool,3PGA.p pool,,1.0776335411498e-06,4867.62905316968
Pool,3PGA.x pool,,1,Inf
Pool,ACA pool,,7.59961251155561e-06,4699.49847579477
Pool,ADPG pool,,0,0
Pool,ADPG.p pool,,9.9999999999999e-08,Inf
Pool,ADPG.x pool,,1,Inf
Pool,AKG pool,,1.12500561213035e-06,4780.72249493408
Pool,ALA pool,,0,0
Pool,ALA.c pool,,0.0132347254740824,0.00194952205742628
Pool,ALA.x pool,,1,Inf
Pool,ASN pool,,7566.06819373638,4918.40364184646
Pool,ASP pool,,0.000184458310845533,4822.07670112211
Pool,Acceptor.c pool,,1,Inf
Pool,CIT pool,,3.39347165286934,1.12088739778235
Pool,CO2 pool,,0.313829322950086,0.14625517096153
Pool,CO2.t pool,,1,Inf
Pool,E4P.p pool,,0,0
Pool,EC2 pool,,0,0
Pool,F6P pool,,0,0
Pool,F6P.c pool,,3.82980651872221e-06,5141.44598628601
Pool,F6P.p pool,,7.39757302834467e-07,4740.87117540227
Pool,F6P.x pool,,1,Inf
Pool,FBP pool,,0,0
Pool,FBP.c pool,,3.82976906629572e-06,5124.0664099546
Pool,FBP.p pool,,5.44933080664724e-07,4763.79405457818
Pool,FBP.x pool,,1,Inf
Pool,FmTHF pool,,0.00335154429947986,4667.59433283483
Pool,FmTHF.c pool,,1.6373818164937e-07,4672.73903297568
Pool,FmTHF.x pool,,1,Inf
Pool,G6P pool,,0,0
Pool,G6P.c pool,,9.87552264857908e-06,4728.32862532733
Pool,G6P.p pool,,2.69023340182631e-06,4867.73630121317
Pool,G6P.x pool,,1,Inf
Pool,GA pool,,0,0
Pool,GA.p pool,,4.75267360026331e-07,4576.52157414631
Pool,GA.x pool,,1,Inf
Pool,GLN pool,,8.83867754760882,4615.53022349029
Pool,GLU pool,,1.12500969007532e-06,5092.75433729409
Pool,GLY pool,,0,0
Pool,GLY.c pool,,1.00000000965786e-07,4718.93853924627
Pool,GLY.m pool,,0.336624830094494,0.0905564788882742
Pool,GLY.p pool,,0.000428086745342615,4847.10842220515
Pool,GLY.x pool,,1,Inf
Pool,Glyc pool,,3.17546417578332,0.893194133162615
Pool,Glyc.p pool,,8.74375434052576e-07,4953.51676271165
Pool,Glyc.x pool,,1,Inf
Pool,Glyx pool,,16.9385004911954,6.41158761778142
Pool,Glyx.p pool,,9.80960577190635e-07,4884.48402635526
Pool,Glyx.x pool,,1,Inf
Pool,HPA pool,,5.06594963652689e-05,4943.05984137023
Pool,HPA.p pool,,3.89260264361095e-07,4871.9763767779
Pool,HPA.x pool,,1,Inf
Pool,Hcy.c pool,,1,Inf
Pool,ICI pool,,0.00323997717813881,4750.83051503698
Pool,MAL pool,,0.55264171979034,0.134596909672852
Pool,Met pool,,6.02735666031197e-06,4730.01972433736
Pool,Met.c pool,,1.63027448040156e-07,4820.44375603542
Pool,Met.x pool,,1,Inf
Pool,OAA pool,,0.145357533506287,0.0293928823822697
Pool,P5P pool,,0,0
Pool,PEP pool,,0,0
Pool,PEP.c pool,,5.06194145728925e-06,4920.28868110366
Pool,PEP.x pool,,1,Inf
Pool,PRO pool,,5.39499638143825,4980.95527260249
Pool,PYR pool,,9.99999998363421e-08,0
Pool,PYR.c pool,,0.00613909835981917,0.00156997383896463
Pool,PYR.x pool,,1,Inf
Pool,Protein pool,,1,Inf
Pool,R5P pool,,0,0
Pool,R5P.p pool,,1.00000000000002e-07,0
Pool,R5P.x pool,,1,Inf
Pool,RU5P.p pool,,5.97437256387215e-07,5065.97726484646
Pool,RU5P.x pool,,1,Inf
Pool,RUBP pool,,0,0
Pool,RUBP.p pool,,5.97573547488678e-07,4618.28788824078
Pool,RUBP.x pool,,1,Inf
Pool,S6P pool,,1,Inf
Pool,S7P pool,,0,0
Pool,S7P.p pool,,4.21080334251493e-07,4726.38216077843
Pool,S7P.x pool,,1,Inf
Pool,SAH.c pool,,1,Inf
Pool,SAM pool,,4.19075940072748,1.32330087866543
Pool,SAM.c pool,,2.52679791325516e-06,4746.62113183941
Pool,SAM.x pool,,1,Inf
Pool,SBP pool,,0,0
Pool,SER pool,,0,0
Pool,SER.c pool,,1.00000000002876e-07,0
Pool,SER.m pool,,1.27256875419807,0.108317987102635
Pool,SER.p pool,,0.000154856417618649,4550.22334416268
Pool,SER.x pool,,1,Inf
Pool,Sink pool,,1,Inf
Pool,Starch pool,,1,Inf
Pool,THR pool,,3889.66355474929,4730.79221316375
Pool,TP pool,,0,0
Pool,TP.c pool,,4.18768850855032e-06,4736.61107457617
Pool,TP.p pool,,1.08211791602241e-06,4765.64900709095
Pool,TP.x pool,,1,Inf
Pool,UDPG pool,,0,0
Pool,UDPG.c pool,,0.627898866630611,4611.08084386438
Pool,UDPG.x pool,,1,Inf
Pool,X5P.p pool,,6.05465557979121e-07,5137.61004319762
Pool,dummy pool,,1,Inf
Pool,dummyGLY pool,,1,Inf
Pool,dummySER pool,,1,Inf
Pool,meTHF pool,,0.912984189994269,0.836265434111934
Pool,meTHF.c pool,,1.63329353965252e-07,4804.46136711924
Pool,meTHF.x pool,,1,Inf
Pool,myTHF.m pool,,1.00000000002876e-07,0
Pool,outSER pool,,1,Inf
Norm,Experiment1 Glyc205 #1 norm,,0.993359561693325,0.0133247689413939
Norm,Experiment1 Glyc205 #2 norm,,0.992473871346201,0.024659363720474
Norm,Experiment1 Glyc205 #3 norm,,1.00444376682132,0.024061240815725
Norm,Experiment1 Glyc205 #4 norm,,0.994411237533754,0.0297923766851504
Norm,Experiment1 Glyc205 #5 norm,,0.987239354272979,0.0321699550980609
Norm,Experiment1 Glyc205 #6 norm,,1.04731439132029,0.0275368880833554
Norm,Experiment1 Glyc205 #7 norm,,0.988178334890825,0.0354864700251552
Norm,Experiment1 Glyc205 #8 norm,,0.967045009843692,0.028284306228053
Norm,Experiment1 Glyx160 #1 norm,,0.985836490839007,0.0110700056145393
Norm,Experiment1 Glyx160 #2 norm,,0.965040503554938,0.0126404950490089
Norm,Experiment1 Glyx160 #3 norm,,0.962214571463094,0.0169619299749861
Norm,Experiment1 Glyx160 #4 norm,,1.00104898336064,0.0153075605334707
Norm,Experiment1 Glyx160 #5 norm,,0.949841879868363,0.0351018418365912
Norm,Experiment1 Glyx160 #6 norm,,1.01624489612921,0.0201393792328594
Norm,Experiment1 Glyx160 #7 norm,,0.939398135417175,0.0378619508068624
Norm,Experiment1 Glyx160 #8 norm,,1.01495192664285,0.0411534490336907
Norm,Experiment1 GLY276 #1 norm,,1.02228272611684,0.0103851818939041
Norm,Experiment1 GLY276 #2 norm,,1.04193640591091,0.0275698476117228
Norm,Experiment1 GLY276 #3 norm,,0.943131960878942,0.172274847066097
Norm,Experiment1 GLY276 #4 norm,,0.980059037853172,0.194129363039215
Norm,Experiment1 GLY276 #5 norm,,0.962722333616956,0.122124810091777
Norm,Experiment1 GLY276 #6 norm,,0.909621204526286,0.0863985402948364
Norm,Experiment1 GLY276 #7 norm,,1.02796748852795,0.0608387712560691
Norm,Experiment1 GLY276 #8 norm,,0.989876103007444,0.076026577888882
Norm,Experiment1 HPA262 #1 norm,,1.03244396171635,0.0113670431652744
Norm,Experiment1 HPA262 #2 norm,,1.00769628408596,0.0291243810368057
Norm,Experiment1 HPA262 #3 norm,,0.977477199670395,0.0132790096352772
Norm,Experiment1 HPA262 #4 norm,,0.893746875637248,0.0336765698491094
Norm,Experiment1 HPA262 #5 norm,,0.915800655746596,0.0230745356120434
Norm,Experiment1 HPA262 #6 norm,,1.01692870579223,0.036108537839231
Norm,Experiment1 HPA262 #7 norm,,0.975356605832095,0.0254836589935121
Norm,Experiment1 HPA262 #8 norm,,1.07527983860914,0.0251619552733566
Norm,Experiment1 GA307 #1 norm,,0.989180300580381,0.0122356007798082
Norm,Experiment1 GA307 #2 norm,,0.955428007460952,0.0285239043572852
Norm,Experiment1 GA307 #3 norm,,0.968682093722146,0.0301048424219092
Norm,Experiment1 GA307 #4 norm,,0.9804183217056,0.0199103659874105
Norm,Experiment1 GA307 #5 norm,,0.956091020466376,0.0498991733966329
Norm,Experiment1 GA307 #6 norm,,1.05002620573243,0.0409164861191816
Norm,Experiment1 GA307 #7 norm,,0.952009759217574,0.0448822721383669
Norm,Experiment1 GA307 #8 norm,,0.98930692774516,0.038191607556736
Norm,Experiment1 SER306 #1 norm,,1.0028825370019,0.0142504767463667
Norm,Experiment1 SER306 #2 norm,,0.995085406211777,0.0153288520178317
Norm,Experiment1 SER306 #3 norm,,0.957760205682064,0.0414632834518077
Norm,Experiment1 SER306 #4 norm,,0.979300993100264,0.0441492107317255
Norm,Experiment1 SER306 #5 norm,,1.02545228431439,0.0875257318482385
Norm,Experiment1 SER306 #6 norm,,0.970358948514988,0.072703725558242
Norm,Experiment1 SER306 #7 norm,,1.00119393707965,0.053109579669452
Norm,Experiment1 SER306 #8 norm,,0.991133366119396,0.0633880884559289
Norm,Experiment1 meTHF #1 norm,,0.981166170764971,0.0095464644812501
Norm,Experiment1 meTHF #2 norm,,0.999025829948854,0.0102599388208339
Norm,Experiment1 meTHF #3 norm,,1.0085355523253,0.0705074503822123
Norm,Experiment1 meTHF #4 norm,,1.0058631425749,0.0497168547622235
Norm,Experiment1 meTHF #5 norm,,0.978800868702261,0.0981717877993305
Norm,Experiment1 meTHF #6 norm,,0.985951829997677,0.106000488126331
Norm,Experiment1 meTHF #7 norm,,0.994716200047149,0.0565008683426217
Norm,Experiment1 meTHF #8 norm,,1.03573130995247,0.113277075188682
Norm,Experiment1 FmTHF #1 norm,,0.991087304864678,0.00989550038500217
Norm,Experiment1 FmTHF #2 norm,,1.00575991207134,0.0233027799319107
Norm,Experiment1 FmTHF #3 norm,,0.973189112175172,0.0310173130583443
Norm,Experiment1 FmTHF #4 norm,,1.00851434629785,0.0243123082482534
Norm,Experiment1 FmTHF #5 norm,,0.984970779876983,0.0639827314403236
Norm,Experiment1 FmTHF #6 norm,,1.00233868877043,0.0632346964151548
Norm,Experiment1 FmTHF #7 norm,,0.997899166438239,0.0483210610746108
Norm,Experiment1 FmTHF #8 norm,,1.02618502150937,0.0946884666987535
Norm,Experiment1 Met176 #1 norm,,1.00418112729895,0.0260606429308959
Norm,Experiment1 Met176 #2 norm,,0.932448954957643,0.0330092151147505
Norm,Experiment1 Met176 #3 norm,,0.949385028950429,0.0536959598742417
Norm,Experiment1 Met176 #4 norm,,0.951158411238844,0.0356875858862729
Norm,Experiment1 Met176 #5 norm,,0.957915427286706,0.0698914590964591
Norm,Experiment1 Met176 #6 norm,,1.00224071698926,0.147368037851623
Norm,Experiment1 Met176 #7 norm,,0.990587298154303,0.103129890299113
Norm,Experiment1 Met176 #8 norm,,0.99640492377718,0.121432334536791
Norm,Experiment1 SAM #1 norm,,0.995234274304542,0.0116770221870181
Norm,Experiment1 SAM #2 norm,,0.99367349219809,0.0120376778754565
Norm,Experiment1 SAM #3 norm,,0.987973697248678,0.0137461784570722
Norm,Experiment1 SAM #4 norm,,1.0163014126244,0.0239671629806178
Norm,Experiment1 SAM #5 norm,,1.00307040555434,0.0417164421477187
Norm,Experiment1 SAM #6 norm,,0.988337595173997,0.0662429977722491
Norm,Experiment1 SAM #7 norm,,1.00278042292805,0.0977965032913477
Norm,Experiment1 SAM #8 norm,,0.985795053781548,0.0884620019292688
Norm,Experiment1 CIT465 #1 norm,,0.981212398528692,0.0118556516128036
Norm,Experiment1 CIT465 #2 norm,,0.977068166551844,0.0135061775746858
Norm,Experiment1 CIT465 #3 norm,,0.989670788386212,0.0112932166753414
Norm,Experiment1 CIT465 #4 norm,,0.974853198462162,0.0166756707418643
Norm,Experiment1 CIT465 #5 norm,,1.00166186644014,0.0136123837995489
Norm,Experiment1 CIT465 #6 norm,,1.01052751373668,0.0129984589404595
Norm,Experiment1 CIT465 #7 norm,,0.988771033525058,0.0130269638129234
Norm,Experiment1 CIT465 #8 norm,,0.993437269611624,0.0178227538149322
Norm,Experiment1 MAL335 #1 norm,,0.986880063228187,0.0123914164270715
Norm,Experiment1 MAL335 #2 norm,,0.988106318706056,0.010779837874557
Norm,Experiment1 MAL335 #3 norm,,1.000512358003,0.010547484011856
Norm,Experiment1 MAL335 #4 norm,,1.00171640250378,0.0151252996128712
Norm,Experiment1 MAL335 #5 norm,,0.949219235962432,0.0134148227479227
Norm,Experiment1 MAL335 #6 norm,,1.03453836399112,0.0144025403000177
Norm,Experiment1 MAL335 #7 norm,,0.959660550639501,0.0210022075039676
Norm,Experiment1 MAL335 #8 norm,,0.98120145223351,0.0337837382570255
Norm,Experiment1 ASP334 #1 norm,,0.970578791982766,0.0227052605881375
Norm,Experiment1 ASP334 #2 norm,,1.02770057519036,0.0332308135759173
Norm,Experiment1 ASP334 #3 norm,,0.953273557001322,0.0198630119536001
Norm,Experiment1 ASP334 #4 norm,,0.987319442624014,0.0189972219215065
Norm,Experiment1 ASP334 #5 norm,,1.00015093580022,0.0300141455872529
Norm,Experiment1 ASP334 #6 norm,,0.944618060504846,0.0306447874362862
Norm,Experiment1 ASP334 #7 norm,,0.962581047200801,0.0307452536514486
Norm,Experiment1 ASP334 #8 norm,,0.973987234942543,0.0842843391695009
Norm,Experiment1 GLU348 #1 norm,,1.03630766580534,0.02241662519383
Norm,Experiment1 GLU348 #2 norm,,0.930376771735945,0.0183024302614773
Norm,Experiment1 GLU348 #3 norm,,1.03119451078065,0.0118465648522264
Norm,Experiment1 GLU348 #4 norm,,0.944484296441088,0.0332905906933037
Norm,Experiment1 GLU348 #5 norm,,0.978486663046138,0.0236120050968387
Norm,Experiment1 GLU348 #6 norm,,0.974939047343623,0.0126715990185868
Norm,Experiment1 GLU348 #7 norm,,0.965884127769352,0.0145552251641673
Norm,Experiment1 GLU348 #8 norm,,0.994700534271332,0.0212501226535342
Norm,Experiment1 THR320 #1 norm,,1.02620627586469,0.0107530963208911
Norm,Experiment1 THR320 #2 norm,,1.00745167857564,0.0143458552323931
Norm,Experiment1 THR320 #3 norm,,0.996877799443768,0.0103191170528517
Norm,Experiment1 THR320 #4 norm,,1.0010383436863,0.0300518339261563
Norm,Experiment1 THR320 #5 norm,,0.976311132383442,0.0205034944579025
Norm,Experiment1 THR320 #6 norm,,0.987525742255514,0.0112253379716266
Norm,Experiment1 THR320 #7 norm,,0.933969449632005,0.0133667084556877
Norm,Experiment1 THR320 #8 norm,,0.917005491479189,0.0254276559965985
Norm,Experiment1 ALA116 #1 norm,,1.01588052315284,0.0101902233494382
Norm,Experiment1 ALA116 #2 norm,,1.0166860699373,0.0104061307233973
Norm,Experiment1 ALA116 #3 norm,,0.9937679159932,0.0181069432085363
Norm,Experiment1 ALA116 #4 norm,,1.03995179008737,0.0210358850571617
Norm,Experiment1 ALA116 #5 norm,,0.951329198048528,0.110738401313776
Norm,Experiment1 ALA116 #6 norm,,0.974068233881832,0.0873305895994554
Norm,Experiment1 ALA116 #7 norm,,1.00386518439746,0.0583606644312499
Norm,Experiment1 ALA116 #8 norm,,0.982030140159115,0.10874272633795
Norm,Experiment1 PYR #1 norm,,0.994118699436335,0.0175122674714216
Norm,Experiment1 PYR #2 norm,,1.01661024696889,0.0446518558882996
Norm,Experiment1 PYR #3 norm,,0.936647087451581,0.0993444265377124
Norm,Experiment1 PYR #4 norm,,1.03923713579765,0.0465745349457251
Norm,Experiment1 PYR #5 norm,,1.06919443814066,0.0609863027368251
Norm,Experiment1 PYR #6 norm,,1.02610821063609,0.0554179351399123
Norm,Experiment1 PYR #7 norm,,0.989795486597855,0.113089653702799
Norm,Experiment1 PYR #8 norm,,0.985376256081889,0.0679884556957984
