type,id,eqn,val,std
Net flux,CO2.t,CO2.t -> CO2,47.0793465168765,1.10822364442498
Net flux,CO2_sink,dummy -> Sink,47.0793465168765,1.10822364442498
Net flux,RUBICSO_CO2,RUBP.p + CO2 -> 3PGA.p + 3PGA.p + dummy,57.3386129852232,1.21699926638186
Net flux,GAPDH.p net,3PGA.p <-> TP.p,134.866310817128,2.66061845512479
Exch flux,GAPDH.p exch,3PGA.p <-> TP.p,2.73930638172715e-06,0
Net flux,ALD,TP.p + E4P.p -> SBP,24.9664535045479,0.489996048346845
Net flux,SBP,SBP -> S7P.p,24.9664535045479,0.489996048346845
Net flux,FBA.p net,TP.p + TP.p <-> FBP.p,28.4658331372993,0.64145709406099
Exch flux,FBA.p exch,TP.p + TP.p <-> FBP.p,26641.1672012269,999.412613266285
Net flux,PFK.p net,FBP.p <-> F6P.p,28.465833137303,0.64145709406099
Exch flux,PFK.p exch,FBP.p <-> F6P.p,15845.1968839376,1707.83859246439
Net flux,TK1 net,TP.p + EC2 <-> X5P.p,49.9329070090957,0.979992096693691
Exch flux,TK1 exch,TP.p + EC2 <-> X5P.p,1.0000000116861e-07,0
Net flux,TK2 net,S7P.p <-> R5P.p + EC2,24.9664535045478,0.489996048346845
Exch flux,TK2 exch,S7P.p <-> R5P.p + EC2,37.8155554750616,1674.83544211934
Net flux,TK3 net,F6P.p <-> E4P.p + EC2,24.9664535045486,0.489996048346845
Exch flux,TK3 exch,F6P.p <-> E4P.p + EC2,21611.6573789093,1619.8949426357
Net flux,PPE net,X5P.p <-> RU5P.p,49.9329070090956,0.979992096693691
Exch flux,PPE exch,X5P.p <-> RU5P.p,83.7840412138963,2044.89510071569
Net flux,PPI net,R5P.p <-> RU5P.p,24.9664535045479,0.489996048346845
Exch flux,PPI exch,R5P.p <-> RU5P.p,238.212768896286,1453.84498760017
Net flux,PRK,RU5P.p -> RUBP.p,74.8993605136437,1.46998814504054
Net flux,RUBISCO_O2,RUBP.p -> 3PGA.p + 2PG.p,17.5607475284204,0.582926365278583
Net flux,GLYdil net,GLY.p <-> GLY.x + dummyGLY,0.00773238606358717,0.00105662226053993
Exch flux,GLYdil exch,GLY.p <-> GLY.x + dummyGLY,1.0000000116861e-07,0
Net flux,SERdil net,SER.p <-> SER.x + dummySER,4.40960301368232,2.07182073255482
Exch flux,SERdil exch,SER.p <-> SER.x + dummySER,1.43840908902641,0.174492648554794
Net flux,GK,GA.p -> 3PGA.p,2.95192894857955,0.526748347634401
Net flux,PGI.p net,F6P.p <-> G6P.p,3.49937963275328,0.344530724903534
Exch flux,PGI.p exch,F6P.p <-> G6P.p,4.89650303669151,1530.11204387563
Net flux,PGM.p,G6P.p -> ADPG.p,3.49937963275329,0.344530724903534
Net flux,Starch,ADPG.p -> Starch,3.49937963275326,0.344530724903534
Net flux,FBA.c net,TP.c + TP.c <-> FBP.c,1.51764201443803,0.207384153162807
Exch flux,FBA.c exch,TP.c + TP.c <-> FBP.c,42.4981401599422,2043.3419676113
Net flux,PFK.c net,FBP.c <-> F6P.c,1.51764201443804,0.207384153162807
Exch flux,PFK.c exch,FBP.c <-> F6P.c,28.8529311440631,1563.85609767382
Net flux,PGI.c net,F6P.c <-> G6P.c,0.758821007219041,0.103692076581404
Exch flux,PGI.c exch,F6P.c <-> G6P.c,245.791608054836,1655.78198578114
Net flux,PGM.c net,G6P.c <-> UDPG.c,0.758821007213555,0.103692076581404
Exch flux,PGM.c exch,G6P.c <-> UDPG.c,48484.1924403887,1795.06090920572
Net flux,SPS,F6P.c + UDPG.c -> S6P,0.758821007218987,0.103692076581404
Net flux,PGAM.c net,3PGA.c <-> PEP.c,0.3235916303186,0.0442184492208748
Exch flux,PGAM.c exch,3PGA.c <-> PEP.c,2.83915865131076,1698.74056241102
Net flux,PK.c,PEP.c -> PYR.c,0.146884982367204,0.020071675299473
Net flux,PDH,PYR.c + dummy -> ACA + CO2,0.122246064262941,0.0167047935530522
Net flux,CS,OAA + ACA -> CIT,0.122246064262937,0.0167047935530522
Net flux,ACO net,CIT <-> ICI,0.122246064262981,0.0167047935530522
Exch flux,ACO exch,CIT <-> ICI,1154.84622896696,1765.91940589326
Net flux,IDH,ICI + dummy -> AKG + CO2,0.122246064262953,0.0167047935530522
Net flux,MDH net,MAL <-> OAA,2.1316282072803e-14,0
Exch flux,MDH exch,MAL <-> OAA,0.00236951750100189,0.398125639595765
Net flux,PPC,PEP.c + CO2 -> OAA + dummy,0.176706647950915,0.0241467738863173
Net flux,T_3PGA net,3PGA.p <-> 3PGA.c,0.323591630318582,0.0442184492208748
Exch flux,T_3PGA exch,3PGA.p <-> 3PGA.c,7.95605818946676,1637.62084337465
Net flux,T_DHAP net,TP.p <-> TP.c,3.03528402887611,0.414768306325615
Exch flux,T_DHAP exch,TP.p <-> TP.c,37.1706289698301,1796.80518536938
Net flux,ALT,PYR.c -> ALA.c,0.024638918104402,0.00336688172887867
Net flux,ASPT,OAA -> ASP,0.0544605836881853,0.00744198035080739
Net flux,GLUDH,AKG -> GLU,0.12224606426293,0.0167047935530522
Net flux,PCR net,GLU <-> PRO,-2.48689957516035e-14,0
Exch flux,PCR exch,GLU <-> PRO,1.0000000116861e-07,0
Net flux,GS net,GLU <-> GLN,0,0
Exch flux,GS exch,GLU <-> GLN,1.00040750794506e-07,0
Net flux,TS net,ASP <-> THR,0,0
Exch flux,TS exch,ASP <-> THR,0.0222370168265726,1012.68749981666
Net flux,AS net,ASP <-> ASN,1.06581410364015e-14,0
Exch flux,AS exch,ASP <-> ASN,0.0214627747208667,1012.68390029044
Net flux,G_3PGA.p,0*3PGA.p -> 3PGA,2.46866294162373e-06,2427.75921509479
Net flux,G_3PGA.c,0*3PGA.c -> 3PGA,92.9119081394786,1674.70500142939
Net flux,G_DHAP.p,0*TP.p -> TP,40.685379842242,2397.39573127611
Net flux,G_DHAP.c,0*TP.c -> TP,51.8471856996947,1657.77062317297
Net flux,G_F6P.p,0*F6P.p -> F6P,48.6686345030749,2317.08082484101
Net flux,G_F6P.c,0*F6P.c -> F6P,36.546576817712,1591.09865614093
Net flux,G_FBP.p,0*FBP.p -> FBP,2.46866127895373e-06,2412.86174554586
Net flux,G_FBP.c,0*FBP.c -> FBP,83.451231048303,1706.84900244795
Net flux,G_G6P.p,0*G6P.p -> G6P,19.0549768397257,2375.64917027982
Net flux,G_G6P.c,0*G6P.c -> G6P,58.8549499993083,1640.03642316628
Net flux,G_RU5P.p,0*RU5P.p -> P5P,2.46865369746274e-06,2323.05658805472
Net flux,G_X5P.p,0*X5P.p -> P5P,92.8477691498485,1668.2301267387
Net flux,G_R5P.p,0*R5P.p -> R5P,82.2810779884949,1632.35558476061
Net flux,G_GA.p,0*GA.p -> GA,40.115906432347,1.49722422805796
Net flux,G_SER.p,0*SER.p -> SER,99.9918401612451,2590.45536703126
Net flux,G_GLY.p,0*GLY.p -> GLY,58.8829373607373,2454.74704345271
Net flux,G_RUBP.p,0*RUBP.p -> RUBP,92.5302752673063,1593.53160802795
Net flux,G_S7P.p,0*S7P.p -> S7P,98.4567310636212,1813.43103277982
Net flux,G_2PG.p,0*2PG.p -> 2PG,87.0427532706349,1767.67038201585
Net flux,G_ADPG.p,0*ADPG.p -> ADPG,95.0805622183377,1697.01640036236
Net flux,G_PEP.c,0*PEP.c -> PEP,89.2305410445615,1701.19483053932
Net flux,G_UDPG.c,0*UDPG.c -> UDPG,72.4268033045549,1707.00882303965
Net flux,G_ALA.c,0*ALA.c -> ALA,73.5350208185898,7.62163078043793
Net flux,(1-G)_GA,0*GA.x -> GA,59.8840935676551,1.49722422805796
Net flux,(1-G)_SER,0*SER.x -> SER,0.00815497864116921,1801.04232350824
Net flux,(1-G)_GLY,0*GLY.x -> GLY,41.0648644286297,1.99697748185122
Net flux,(1-G)_R5P,0*R5P.x -> R5P,17.718922011502,1632.35558476061
Net flux,(1-G)_RUBP,0*RUBP.x -> RUBP,7.46972473269241,1593.53160802795
Net flux,(1-G)_3PGA,0*3PGA.x -> 3PGA,7.08808939185873,1664.3833410608
Net flux,(1-G)_TP,0*TP.x -> TP,7.46743445806383,1705.28101609912
Net flux,(1-G)_F6P,0*F6P.x -> F6P,14.7847886792169,1715.73872032753
Net flux,(1-G)_FBP,0*FBP.x -> FBP,16.5487664830304,1719.89140255477
Net flux,(1-G)_G6P,0*G6P.x -> G6P,22.0900731609643,1729.9405291836
Net flux,(1-G)_RU5P,0*RU5P.x -> P5P,7.15222838149926,1650.83280075022
Net flux,(1-G)_S7P,0*S7P.x -> S7P,1.54326893637677,1813.43103277982
Net flux,(1-G)_2PG,0*2PG.x -> 2PG,12.9572467293675,1767.67038201585
Net flux,(1-G)_ADPG,0*ADPG.x -> ADPG,4.91943778166132,1697.01640036236
Net flux,(1-G)_PEP,0*PEP.x -> PEP,10.7694589554367,1701.19483053932
Net flux,(1-G)_UDPG,0*UDPG.x -> UDPG,27.5731966954463,1707.00882303965
Net flux,(1-G)_ALA,0*ALA.x -> ALA,26.4649791814099,7.62163078043793
Net flux,PGASink,3PGA -> Sink,100,0
Net flux,DHAPSink,TP -> Sink,100.000000000001,0
Net flux,F6PSink,F6P -> Sink,100.000000000004,0
Net flux,FBPSink,FBP -> Sink,99.9999999999947,0
Net flux,G6PSink,G6P -> Sink,99.9999999999983,0
Net flux,P5PSink,P5P -> Sink,100.000000000001,0
Net flux,R5PSink,R5P -> Sink,99.9999999999968,0
Net flux,GASink,GA -> Sink,100.000000000002,0
Net flux,SERSink,SER -> Sink,99.9999999999996,0
Net flux,GLYSink,GLY -> Sink,100.000000000001,0
Net flux,RUBPSink,RUBP -> Sink,99.9999999999987,0
Net flux,S7PSink,S7P -> Sink,99.9999999999979,0
Net flux,2PGSink,2PG -> Sink,100.000000000002,0
Net flux,ADPGSink,ADPG -> Sink,99.999999999999,0
Net flux,PEPSink,PEP -> Sink,99.9999999999983,0
Net flux,UDPGSink,UDPG -> Sink,100.000000000001,0
Net flux,ALASink,ALA -> Sink,99.9999999999998,0
Net flux,S6Pout-LL,S6P + 0.1611*GLU + 0.07177*ASP + 0.03247*ALA.c + 0.01019*dummyGLY + 0.03484*dummySER -> Sink,0.758821007219023,0.103692076581404
Net flux,PGP.p,2PG.p -> Glyc.p,17.5607475284204,0.582926365278583
Net flux,GOX,Glyc.p -> Glyx.p,17.5607475284204,0.582926365278583
Net flux,GGT,Glyx.p -> GLY.p,17.5607475284204,0.582926365278583
Net flux,SGAT,SER.p -> HPA.p,2.95192894857953,0.526748347634401
Net flux,HPR.p,HPA.p -> GA.p,2.95192894857953,0.526748347634401
Net flux,T_GLY-m net,GLY.p <-> GLY.m,17.3192259718271,2444.05751517938
Exch flux,T_GLY-m exch,GLY.p <-> GLY.m,60817.1178544385,1749.14435911546
Net flux,GDC.m,GLY.m + dummy -> myTHF.m + CO2,10.1914809877717,0.561847948323854
Net flux,T_SER-m net,SER.p <-> SER.m,-10.1914809877717,0.561847948323854
Exch flux,T_SER-m exch,SER.p <-> SER.m,202.239950549466,1769.89476840579
Net flux,mSHMT,GLY.m + myTHF.m -> SER.m,10.1914809877717,0.561847948323854
Net flux,T_SER-c net,SER.p <-> SER.c,2.82994902550983,1.79888617393904
Exch flux,T_SER-c exch,SER.p <-> SER.c,1.00000000280431e-07,0
Net flux,T_Gly-c net,GLY.p <-> GLY.c,0.233789170534825,2444.05744564025
Exch flux,T_Gly-c exch,GLY.p <-> GLY.c,0.000600094330159173,1684.44957997842
Net flux,cSHMT,SER.c -> GLY.c + meTHF.c,2.8299488140211,3.40647376173166
Net flux,FmTHF-reductase net,meTHF.c <-> FmTHF.c,2.8299488140211,3.40647376173166
Exch flux,FmTHF-reductase exch,meTHF.c <-> FmTHF.c,5.92478217588839,1750.09968762991
Net flux,Met-synthase,FmTHF.c + Hcy.c -> Met.c,2.82994881402108,3.40647376173166
Net flux,SAM-synthase,Met.c -> SAM.c,2.82994881402109,3.40647376173166
Net flux,Methylation,SAM.c -> SAH.c + Acceptor.c,2.82994881402109,3.40647376173166
Net flux,hydrolysis,SAH.c -> Hcy.c,2.82994881402108,3.40647376173166
Net flux,G_SER.m,0*SER.m -> SER,1.0000000116861e-07,0
Net flux,G_SER.c,0*SER.c -> SER,4.76011331684845e-06,1678.49492746017
Net flux,G_Gly.m,0*GLY.m -> GLY,0.00011917964860686,1728.94977434736
Net flux,G_Gly.c,0*GLY.c -> GLY,0.0520790309855741,1661.07775852562
Net flux,T_GLY-c-m,GLY.c -> GLY.m,3.06373600372143,2444.05765000895
Net flux,G_Glyc,0*Glyc.p -> Glyc,21.4069463601544,1.1938562060101
Net flux,G_Glyx,0*Glyx.p -> Glyx,14.7504298432162,2.45415100150539
Net flux,G_HPA,0*HPA.p -> HPA,8.62272853132858,1.33238556801781
Net flux,(1-G)_Glyc,0*Glyc.x -> Glyc,78.5930536398463,1.1938562060101
Net flux,(1-G)_Glyx,0*Glyx.x -> Glyx,85.2495701567847,2.45415100150539
Net flux,(1-G)_HPA,0*HPA.x -> HPA,91.3772714686713,1.33238556801781
Net flux,GlycSink,Glyc -> Sink,100.000000000001,0
Net flux,GlyxSink,Glyx -> Sink,100.000000000001,0
Net flux,HPASink,HPA -> Sink,99.9999999999998,0
Net flux,SERex,dummySER -> outSER,4.38316325701058,2.07230594637069
Net flux,G_PYR,0*PYR.c -> PYR,29.9292310348489,1.800272291589
Net flux,(1-G)_PYR,0*PYR.x -> PYR,70.0707689651513,1.800272291589
Net flux,PYRSink,PYR -> Sink,100,0
Net flux,G_meTHF,0*meTHF.c -> meTHF,99.9983810224926,1754.18464858097
Net flux,G_FmTHF,0*FmTHF.c -> FmTHF,78.0749688027543,2.81395727783484
Net flux,G_Met,0*Met.c -> Met,66.9296272780248,4.33258030518325
Net flux,G_SAM,0*SAM.c -> SAM,70.8475374667257,4.13754842785891
Net flux,(1-G)_meTHF,0*meTHF.x -> meTHF,0.00161897750741957,1754.18464858097
Net flux,(1-G)_FmTHF,0*FmTHF.x -> FmTHF,21.9250311972458,2.81395727783484
Net flux,(1-G)_Met,0*Met.x -> Met,33.0703727219753,4.33258030518325
Net flux,(1-G)_SAM,0*SAM.x -> SAM,29.1524625332743,4.13754842785891
Net flux,meTHFSink,meTHF -> Sink,99.9999999999999,0
Net flux,FmTHFSink,FmTHF -> Sink,100,0
Net flux,MetSink,Met -> Sink,100,0
Net flux,SAMsink,SAM -> Sink,100,0
Net flux,Met-protein,Met.c -> Protein,6.51983996113883e-15,0
Net flux,GLY-protein,GLY.c -> Protein,1.98083453284426e-06,3.67411764385957
Net flux,SER-protein,SER.c -> Protein,2.11488734080945e-07,3.94167094200761
Pool,2PG pool,,0,0
Pool,2PG.p pool,,3.79703160839888e-06,1800.77004152877
Pool,2PG.x pool,,1,Inf
Pool,3PGA pool,,0,0
Pool,3PGA.c pool,,1.44340005305553e-05,1807.11642208964
Pool,3PGA.p pool,,4.06856615542249e-06,1842.28719606483
Pool,3PGA.x pool,,1,Inf
Pool,ACA pool,,2.75388003135792e-06,1719.7888357153
Pool,ADPG pool,,0,0
Pool,ADPG.p pool,,9.9999999999999e-08,Inf
Pool,ADPG.x pool,,1,Inf
Pool,AKG pool,,2.74004428236713e-06,1703.75739903581
Pool,ALA pool,,0,0
Pool,ALA.c pool,,0.00803045778941488,0.00214725875042163
Pool,ALA.x pool,,1,Inf
Pool,ASN pool,,7565.38195806957,1836.51831932263
Pool,ASP pool,,1.58204285909791e-06,1818.0309969497
Pool,Acceptor.c pool,,1,Inf
Pool,CIT pool,,7.06276172238634,381.213687438466
Pool,CO2 pool,,0.000258997331542838,1730.05567490414
Pool,CO2.t pool,,1,Inf
Pool,E4P.p pool,,0,0
Pool,EC2 pool,,0,0
Pool,F6P pool,,0,0
Pool,F6P.c pool,,3.83332428016482e-06,1847.33125083652
Pool,F6P.p pool,,4.01023786415657e-06,1837.01233784646
Pool,F6P.x pool,,1,Inf
Pool,FBP pool,,0,0
Pool,FBP.c pool,,3.83268802808731e-06,1801.65799869714
Pool,FBP.p pool,,3.89853339995362e-06,1650.48777076696
Pool,FBP.x pool,,1,Inf
Pool,FmTHF pool,,0.288929149090049,1803.56197525187
Pool,FmTHF.c pool,,2.35273756437046e-06,1821.86026392968
Pool,FmTHF.x pool,,1,Inf
Pool,G6P pool,,0,0
Pool,G6P.c pool,,9.89875681914473e-06,1772.72272741136
Pool,G6P.p pool,,3.8670955731238e-06,1842.54413146249
Pool,G6P.x pool,,1,Inf
Pool,GA pool,,0,0
Pool,GA.p pool,,4.23234567964724e-06,1770.44315429186
Pool,GA.x pool,,1,Inf
Pool,GLN pool,,8.83867754991328,1733.78035155373
Pool,GLU pool,,2.74004629649327e-06,1785.46689219692
Pool,GLY pool,,0,0
Pool,GLY.c pool,,0.318113384805101,0.366954801436549
Pool,GLY.m pool,,0.842134348143701,0.120188011700745
Pool,GLY.p pool,,0.000425358888253628,1773.94394342706
Pool,GLY.x pool,,1,Inf
Pool,Glyc pool,,5.91481618414818,1.44212652512521
Pool,Glyc.p pool,,2.21618159178155e-05,1640.55417641796
Pool,Glyc.x pool,,1,Inf
Pool,Glyx pool,,24.4276660801973,9.58855840392196
Pool,Glyx.p pool,,3.37082539151369e-05,1831.45962905268
Pool,Glyx.x pool,,1,Inf
Pool,HPA pool,,0.000179203946583173,1808.50539945779
Pool,HPA.p pool,,3.17045235283508e-06,1737.57774488835
Pool,HPA.x pool,,1,Inf
Pool,Hcy.c pool,,1,Inf
Pool,ICI pool,,0.00371259191464738,1819.14682536813
Pool,MAL pool,,0.0081154259478641,1.35523263919841
Pool,Met pool,,0.00241558525302843,1755.5184148974
Pool,Met.c pool,,2.42457449211822e-06,1749.64409037398
Pool,Met.x pool,,1,Inf
Pool,OAA pool,,0.0921427702158821,0.0246600088430813
Pool,P5P pool,,0,0
Pool,PEP pool,,0,0
Pool,PEP.c pool,,5.04542359817948e-06,1807.7797698196
Pool,PEP.x pool,,1,Inf
Pool,PRO pool,,5.39499638374078,1693.51064198614
Pool,PYR pool,,1.00000000058387e-07,0
Pool,PYR.c pool,,0.0059612645796857,0.00153902499180381
Pool,PYR.x pool,,1,Inf
Pool,Protein pool,,1,Inf
Pool,R5P pool,,0,0
Pool,R5P.p pool,,4.21201778430503e-05,1772.89034354714
Pool,R5P.x pool,,1,Inf
Pool,RU5P.p pool,,3.90391523914545e-06,1761.08760308814
Pool,RU5P.x pool,,1,Inf
Pool,RUBP pool,,0,0
Pool,RUBP.p pool,,3.92204233193015e-06,1746.75633590437
Pool,RUBP.x pool,,1,Inf
Pool,S6P pool,,1,Inf
Pool,S7P pool,,0,0
Pool,S7P.p pool,,4.17136920343406e-06,1837.53645816767
Pool,S7P.x pool,,1,Inf
Pool,SAH.c pool,,1,Inf
Pool,SAM pool,,3.96397697854219,1.34598640037121
Pool,SAM.c pool,,2.7698277492051e-06,1813.72814443517
Pool,SAM.x pool,,1,Inf
Pool,SBP pool,,0,0
Pool,SER pool,,0,0
Pool,SER.c pool,,1.00000000002876e-07,0
Pool,SER.m pool,,0.913168498190498,0.101299685775718
Pool,SER.p pool,,0.000887815086709813,1805.65793114623
Pool,SER.x pool,,1,Inf
Pool,Sink pool,,1,Inf
Pool,Starch pool,,1,Inf
Pool,THR pool,,3812.36218009252,1787.40979093609
Pool,TP pool,,0,0
Pool,TP.c pool,,4.18816052128801e-06,1810.45474926326
Pool,TP.p pool,,4.24069881424444e-06,1797.58411812638
Pool,TP.x pool,,1,Inf
Pool,UDPG pool,,0,0
Pool,UDPG.c pool,,0.0441960348809053,0.0380254975418323
Pool,UDPG.x pool,,1,Inf
Pool,X5P.p pool,,4.0192403012981e-06,1781.861304576
Pool,dummy pool,,1,Inf
Pool,dummyGLY pool,,1,Inf
Pool,dummySER pool,,1,Inf
Pool,meTHF pool,,0.200804582517836,1845.06282595866
Pool,meTHF.c pool,,2.35350695670826e-06,1778.96644199186
Pool,meTHF.x pool,,1,Inf
Pool,myTHF.m pool,,1.00000000002876e-07,0
Pool,outSER pool,,1,Inf
Norm,Experiment1 Glyc205 #1 norm,,0.994224715799558,0.0131891544774805
Norm,Experiment1 Glyc205 #2 norm,,1.03056980674516,0.0233512984150626
Norm,Experiment1 Glyc205 #3 norm,,0.942537821843726,0.0195498254379559
Norm,Experiment1 Glyc205 #4 norm,,0.992468153392491,0.0318837742035869
Norm,Experiment1 Glyc205 #5 norm,,1.0178112841376,0.0329650297754079
Norm,Experiment1 Glyc205 #6 norm,,1.04015742136747,0.0270226340881726
Norm,Experiment1 Glyc205 #7 norm,,0.976701220897944,0.0367414451328905
Norm,Experiment1 Glyc205 #8 norm,,0.956423567366707,0.0276247436003459
Norm,Experiment1 Glyx160 #1 norm,,1.01271586797965,0.0110789396470463
Norm,Experiment1 Glyx160 #2 norm,,0.987098916092842,0.0129409334156592
Norm,Experiment1 Glyx160 #3 norm,,0.980570402402165,0.0168699561311437
Norm,Experiment1 Glyx160 #4 norm,,1.02340677545092,0.0148125826026128
Norm,Experiment1 Glyx160 #5 norm,,0.958818137769376,0.0343823559340358
Norm,Experiment1 Glyx160 #6 norm,,1.00587156249655,0.0207050154285156
Norm,Experiment1 Glyx160 #7 norm,,0.952481777691681,0.0353483788897844
Norm,Experiment1 Glyx160 #8 norm,,1.01273501028021,0.0411397597038603
Norm,Experiment1 GLY276 #1 norm,,1.01028192947254,0.0103300425787935
Norm,Experiment1 GLY276 #2 norm,,0.996581848922449,0.020530441090482
Norm,Experiment1 GLY276 #3 norm,,1.04321801376029,0.0464199982173236
Norm,Experiment1 GLY276 #4 norm,,1.01162929139214,0.0540973502071633
Norm,Experiment1 GLY276 #5 norm,,1.01506568019263,0.112200045275043
Norm,Experiment1 GLY276 #6 norm,,0.954859588127598,0.0825608907856878
Norm,Experiment1 GLY276 #7 norm,,1.02495372373946,0.0626442229524895
Norm,Experiment1 GLY276 #8 norm,,1.01073394078524,0.0668019495047568
Norm,Experiment1 HPA262 #1 norm,,0.978926804513578,0.0107368057467801
Norm,Experiment1 HPA262 #2 norm,,0.960913004187226,0.0278820059919191
Norm,Experiment1 HPA262 #3 norm,,0.994555468526785,0.0132201712940421
Norm,Experiment1 HPA262 #4 norm,,1.00735765906345,0.0386420861978377
Norm,Experiment1 HPA262 #5 norm,,0.940946887422448,0.0244964303561233
Norm,Experiment1 HPA262 #6 norm,,0.925012884276996,0.0335282326740333
Norm,Experiment1 HPA262 #7 norm,,0.989099553161167,0.0249237319706602
Norm,Experiment1 HPA262 #8 norm,,1.01849077086932,0.0237706108811385
Norm,Experiment1 GA307 #1 norm,,0.959069123986103,0.0116685266002211
Norm,Experiment1 GA307 #2 norm,,0.960840303606492,0.0290051005181949
Norm,Experiment1 GA307 #3 norm,,0.958520538280507,0.0290732389695078
Norm,Experiment1 GA307 #4 norm,,0.996288487495039,0.0200712937982383
Norm,Experiment1 GA307 #5 norm,,0.985030231789539,0.0538964130784107
Norm,Experiment1 GA307 #6 norm,,1.02819042080292,0.0399610459445301
Norm,Experiment1 GA307 #7 norm,,0.982159293930507,0.0439961394337486
Norm,Experiment1 GA307 #8 norm,,0.980092409177981,0.0351170941702709
Norm,Experiment1 SER306 #1 norm,,0.973999729885222,0.0136188713729351
Norm,Experiment1 SER306 #2 norm,,0.965761896206364,0.0142206594477462
Norm,Experiment1 SER306 #3 norm,,0.900481497713467,0.0365149459959451
Norm,Experiment1 SER306 #4 norm,,1.00896730146868,0.0452486391789944
Norm,Experiment1 SER306 #5 norm,,0.974844735507878,0.0894250760021776
Norm,Experiment1 SER306 #6 norm,,0.800516846418113,0.0536887603677397
Norm,Experiment1 SER306 #7 norm,,1.02273119211829,0.045931841997152
Norm,Experiment1 SER306 #8 norm,,0.980191243265782,0.0507526484022217
Norm,Experiment1 meTHF #1 norm,,1.0054925900683,0.0100620796712502
Norm,Experiment1 meTHF #2 norm,,1.01066179251454,0.0102154670514994
Norm,Experiment1 meTHF #3 norm,,0.949931226209752,0.0580003572856173
Norm,Experiment1 meTHF #4 norm,,0.976400359414712,0.0458060359380527
Norm,Experiment1 meTHF #5 norm,,0.999406557747807,0.0852772543454308
Norm,Experiment1 meTHF #6 norm,,1.01478203217824,0.122298925371262
Norm,Experiment1 meTHF #7 norm,,0.99606784336629,0.0556830989159613
Norm,Experiment1 meTHF #8 norm,,0.967041566754206,0.0827908203512405
Norm,Experiment1 FmTHF #1 norm,,0.995771808024875,0.00989913437857513
Norm,Experiment1 FmTHF #2 norm,,0.975915398063968,0.0224319689010074
Norm,Experiment1 FmTHF #3 norm,,0.992330547748379,0.0310169118266541
Norm,Experiment1 FmTHF #4 norm,,1.00621422730322,0.0245499520356103
Norm,Experiment1 FmTHF #5 norm,,0.984956046238453,0.0660219499696639
Norm,Experiment1 FmTHF #6 norm,,1.00389858624231,0.0648370091603478
Norm,Experiment1 FmTHF #7 norm,,0.991301719378017,0.0521532575054994
Norm,Experiment1 FmTHF #8 norm,,1.08970091886643,0.106441447398626
Norm,Experiment1 Met176 #1 norm,,0.993725146171567,0.0247817405016849
Norm,Experiment1 Met176 #2 norm,,0.877707739257682,0.0325114581750506
Norm,Experiment1 Met176 #3 norm,,0.894420849414989,0.0548711102339699
Norm,Experiment1 Met176 #4 norm,,0.951641501904043,0.038560475143292
Norm,Experiment1 Met176 #5 norm,,0.956049138084076,0.0712683868216363
Norm,Experiment1 Met176 #6 norm,,1.02353949384817,0.139912939380039
Norm,Experiment1 Met176 #7 norm,,1.00179326386284,0.0976583081644692
Norm,Experiment1 Met176 #8 norm,,0.968911239897983,0.141023909205672
Norm,Experiment1 SAM #1 norm,,0.992890813618036,0.0114519800590107
Norm,Experiment1 SAM #2 norm,,0.987218489544429,0.0119188538124448
Norm,Experiment1 SAM #3 norm,,1.02473149094824,0.0142411051980666
Norm,Experiment1 SAM #4 norm,,0.99194839949569,0.0227242969874946
Norm,Experiment1 SAM #5 norm,,0.985651380202283,0.0403028084078549
Norm,Experiment1 SAM #6 norm,,1.01917825772639,0.0671134959563647
Norm,Experiment1 SAM #7 norm,,1.01208100784425,0.0981041237313457
Norm,Experiment1 SAM #8 norm,,0.991622267404714,0.089308768862432
Norm,Experiment1 CIT465 #1 norm,,1.01199486198921,0.0122109151820911
Norm,Experiment1 CIT465 #2 norm,,0.994900638913641,0.0135413527379707
Norm,Experiment1 CIT465 #3 norm,,1.00068737671454,0.0115807941201636
Norm,Experiment1 CIT465 #4 norm,,1.0055982401024,0.0166517837543103
Norm,Experiment1 CIT465 #5 norm,,0.970824699828805,0.0132777655137124
Norm,Experiment1 CIT465 #6 norm,,1.02604288684193,0.0128263987871299
Norm,Experiment1 CIT465 #7 norm,,1.03327478121532,0.0124802420174237
Norm,Experiment1 CIT465 #8 norm,,1.00898598349418,0.884143101384431
Norm,Experiment1 MAL335 #1 norm,,0.980913974189222,0.0122512760852861
Norm,Experiment1 MAL335 #2 norm,,0.994286688962508,0.0110098078091356
Norm,Experiment1 MAL335 #3 norm,,0.999598367040835,0.0103915980431115
Norm,Experiment1 MAL335 #4 norm,,0.995969341266266,0.0144063108736731
Norm,Experiment1 MAL335 #5 norm,,0.993356576667107,0.0143439759476852
Norm,Experiment1 MAL335 #6 norm,,0.996215297994302,0.0166530238547744
Norm,Experiment1 MAL335 #7 norm,,0.967283587880441,0.0265538440719163
Norm,Experiment1 MAL335 #8 norm,,0.984894478707939,0.0368226840246695
Norm,Experiment1 ASP334 #1 norm,,0.988001603213004,0.0222169454185247
Norm,Experiment1 ASP334 #2 norm,,0.975964138886439,0.0298277423318625
Norm,Experiment1 ASP334 #3 norm,,0.934547579282625,0.0197485235461247
Norm,Experiment1 ASP334 #4 norm,,0.974470057026644,0.016246057494374
Norm,Experiment1 ASP334 #5 norm,,0.899252604256164,0.0241697116974112
Norm,Experiment1 ASP334 #6 norm,,1.01596015788084,0.0315745385427176
Norm,Experiment1 ASP334 #7 norm,,1.00789319429435,0.030258506929673
Norm,Experiment1 ASP334 #8 norm,,0.947782210937965,0.106201778740672
Norm,Experiment1 GLU348 #1 norm,,0.972825894625501,0.0206957140227454
Norm,Experiment1 GLU348 #2 norm,,1.04972383713924,0.0209426622294782
Norm,Experiment1 GLU348 #3 norm,,0.982341719697812,0.0110982225618878
Norm,Experiment1 GLU348 #4 norm,,0.949988743160385,0.0357188613261418
Norm,Experiment1 GLU348 #5 norm,,1.01143372781845,0.0241808714438097
Norm,Experiment1 GLU348 #6 norm,,1.00702886651209,0.0131387704961094
Norm,Experiment1 GLU348 #7 norm,,1.00294089089167,0.014354951872074
Norm,Experiment1 GLU348 #8 norm,,0.955017543058212,0.836851037340802
Norm,Experiment1 THR320 #1 norm,,0.996265982786978,0.0105772128665274
Norm,Experiment1 THR320 #2 norm,,0.977638187938298,0.0139094925193166
Norm,Experiment1 THR320 #3 norm,,1.00843484075594,0.0104803728069735
Norm,Experiment1 THR320 #4 norm,,0.971572391102558,0.0264269790731825
Norm,Experiment1 THR320 #5 norm,,1.02253114369044,0.0220207006433455
Norm,Experiment1 THR320 #6 norm,,0.956814273966197,0.0108186615652073
Norm,Experiment1 THR320 #7 norm,,0.981060958817559,0.0140736431378725
Norm,Experiment1 THR320 #8 norm,,0.915230626238097,0.0258800174487001
Norm,Experiment1 ALA116 #1 norm,,1.00993402183277,0.0102094201966457
Norm,Experiment1 ALA116 #2 norm,,0.992069876148549,0.00988062415590288
Norm,Experiment1 ALA116 #3 norm,,0.995522108679872,0.0177501195253094
Norm,Experiment1 ALA116 #4 norm,,1.05984906115331,0.021778694066997
Norm,Experiment1 ALA116 #5 norm,,1.01327907864958,0.106782055068532
Norm,Experiment1 ALA116 #6 norm,,0.948609196953313,0.0796387463329655
Norm,Experiment1 ALA116 #7 norm,,1.00963411839779,0.065703182347259
Norm,Experiment1 ALA116 #8 norm,,0.961054985632223,0.119389615875527
Norm,Experiment1 PYR #1 norm,,1.00269111341427,0.0179421640152231
Norm,Experiment1 PYR #2 norm,,1.06760001424164,0.0488697271874514
Norm,Experiment1 PYR #3 norm,,0.923528107879058,0.113412677601399
Norm,Experiment1 PYR #4 norm,,1.06716104430171,0.0436815391982239
Norm,Experiment1 PYR #5 norm,,1.00028694158717,0.0499270985194311
Norm,Experiment1 PYR #6 norm,,1.02294505563071,0.0510566864544577
Norm,Experiment1 PYR #7 norm,,0.938955173759633,0.122945510689081
Norm,Experiment1 PYR #8 norm,,1.00415125279459,0.0642206414426763
