type,id,eqn,val,std
Net flux,CO2.t,CO2.t -> CO2,47.1999470970923,1.09971934740553
Net flux,CO2_sink,dummy -> Sink,47.1999470970923,1.09971934740553
Net flux,RUBICSO_CO2,RUBP.p + CO2 -> 3PGA.p + 3PGA.p + dummy,57.1174356024766,1.21487835829942
Net flux,GAPDH.p net,3PGA.p <-> TP.p,136.844727999493,2.66116698469472
Exch flux,GAPDH.p exch,3PGA.p <-> TP.p,5.4981874445409,1.64525215651352
Net flux,ALD,TP.p + E4P.p -> SBP,25.2028254666954,0.484877647398521
Net flux,SBP,SBP -> S7P.p,25.2028254666954,0.484877647398521
Net flux,FBA.p net,TP.p + TP.p <-> FBP.p,28.9128526569657,0.645972559489599
Exch flux,FBA.p exch,TP.p + TP.p <-> FBP.p,22901.3036164649,106.904814626572
Net flux,PFK.p net,FBP.p <-> F6P.p,28.9128526569689,0.645972559489599
Exch flux,PFK.p exch,FBP.p <-> F6P.p,1.00012144343964e-07,6.22874826386608e-14
Net flux,TK1 net,TP.p + EC2 <-> X5P.p,50.4056509333914,0.969755294797042
Exch flux,TK1 exch,TP.p + EC2 <-> X5P.p,14850.9884230384,441.647514496888
Net flux,TK2 net,S7P.p <-> R5P.p + EC2,25.2028254666953,0.484877647398521
Exch flux,TK2 exch,S7P.p <-> R5P.p + EC2,37.9731022903312,518.983047108625
Net flux,TK3 net,F6P.p <-> E4P.p + EC2,25.2028254666948,0.484877647398521
Exch flux,TK3 exch,F6P.p <-> E4P.p + EC2,19062.0554764788,394.07138946674
Net flux,PPE net,X5P.p <-> RU5P.p,50.4056509333914,0.969755294797042
Exch flux,PPE exch,X5P.p <-> RU5P.p,14991.1809796799,198.604628343428
Net flux,PPI net,R5P.p <-> RU5P.p,25.2028254666954,0.484877647398521
Exch flux,PPI exch,R5P.p <-> RU5P.p,239.158692625316,415.362473163478
Net flux,PRK,RU5P.p -> RUBP.p,75.6084764000861,1.45463294219556
Net flux,RUBISCO_O2,RUBP.p -> 3PGA.p + 2PG.p,18.4910407976096,0.595373858318246
Net flux,GLYdil net,GLY.p <-> GLY.x + dummyGLY,0.00868836666224837,0.00110771938253575
Exch flux,GLYdil exch,GLY.p <-> GLY.x + dummyGLY,1.0000000116861e-07,0
Net flux,SERdil net,SER.p <-> SER.x + dummySER,0.0297086916957809,0.00378768347751575
Exch flux,SERdil exch,SER.p <-> SER.x + dummySER,1.47520488306888,0.763892596282254
Net flux,GK,GA.p -> 3PGA.p,4.48241433642489,0.543354590098589
Net flux,PGI.p net,F6P.p <-> G6P.p,3.71002719027341,0.347033597221185
Exch flux,PGI.p exch,F6P.p <-> G6P.p,3.1192414993209,138.64728608629
Net flux,PGM.p,G6P.p -> ADPG.p,3.71002719027342,0.347033597221185
Net flux,Starch,ADPG.p -> Starch,3.7100271902734,0.347033597221185
Net flux,FBA.c net,TP.c + TP.c <-> FBP.c,1.70527314273569,0.217413028956875
Exch flux,FBA.c exch,TP.c + TP.c <-> FBP.c,20.7472450718163,367.092362067785
Net flux,PFK.c net,FBP.c <-> F6P.c,1.7052731427357,0.217413028956875
Exch flux,PFK.c exch,FBP.c <-> F6P.c,5.39861533622057,367.092362067785
Net flux,PGI.c net,F6P.c <-> G6P.c,0.852636571367867,0.108706514478437
Exch flux,PGI.c exch,F6P.c <-> G6P.c,227.327040406918,367.092313781134
Net flux,PGM.c net,G6P.c <-> UDPG.c,0.852636571362382,0.108706514478437
Exch flux,PGM.c exch,G6P.c <-> UDPG.c,48481.4283245074,367.092297685582
Net flux,SPS,F6P.c + UDPG.c -> S6P,0.852636571367814,0.108706514478437
Net flux,PGAM.c net,3PGA.c <-> PEP.c,0.363598339493632,0.0463568060342336
Exch flux,PGAM.c exch,3PGA.c <-> PEP.c,2.59974647337127,367.092300612576
Net flux,PK.c,PEP.c -> PYR.c,0.165044861119362,0.0210423200076062
Net flux,PDH,PYR.c + dummy -> ACA + CO2,0.137359751647141,0.017512619482509
Net flux,CS,OAA + ACA -> CIT,0.137359751647137,0.017512619482509
Net flux,ACO net,CIT <-> ICI,0.137359751647182,0.017512619482509
Exch flux,ACO exch,CIT <-> ICI,1156.50861466748,367.092297685582
Net flux,IDH,ICI + dummy -> AKG + CO2,0.137359751647154,0.017512619482509
Net flux,MDH net,MAL <-> OAA,2.1316282072803e-14,0
Exch flux,MDH exch,MAL <-> OAA,0.000776643627162343,0.369876144586037
Net flux,PPC,PEP.c + CO2 -> OAA + dummy,0.198553478374243,0.0253144860266058
Net flux,T_3PGA net,3PGA.p <-> 3PGA.c,0.36359833949361,0.0463568060342336
Exch flux,T_3PGA exch,3PGA.p <-> 3PGA.c,3.86595675296023,2.19462499175093
Net flux,T_DHAP net,TP.p <-> TP.c,3.41054628547142,0.43482605791375
Exch flux,T_DHAP exch,TP.p <-> TP.c,9.99999998363421e-08,0
Net flux,ALT,PYR.c -> ALA.c,0.0276851094723025,0.00352970052512018
Net flux,ASPT,OAA -> ASP,0.061193726726972,0.00780186654413889
Net flux,GLUDH,AKG -> GLU,0.137359751647131,0.017512619482509
Net flux,PCR net,GLU <-> PRO,-2.48689957516035e-14,0
Exch flux,PCR exch,GLU <-> PRO,1.0000000116861e-07,0
Net flux,GS net,GLU <-> GLN,0,0
Exch flux,GS exch,GLU <-> GLN,1.00043926920534e-07,0
Net flux,TS net,ASP <-> THR,0,0
Exch flux,TS exch,ASP <-> THR,0.062336368664532,0.0218719945190662
Net flux,AS net,ASP <-> ASN,1.06581410364015e-14,0
Exch flux,AS exch,ASP <-> ASN,1.0000000116861e-07,0
Net flux,G_3PGA.p,0*3PGA.p -> 3PGA,2.46866297004544e-06,589.775249977605
Net flux,G_3PGA.c,0*3PGA.c -> 3PGA,92.911908139309,411.441013114709
Net flux,G_DHAP.p,0*TP.p -> TP,40.685379842242,614.459465701944
Net flux,G_DHAP.c,0*TP.c -> TP,51.8471856996947,461.295867156907
Net flux,G_F6P.p,0*F6P.p -> F6P,48.6686345030749,551.952345699912
Net flux,G_F6P.c,0*F6P.c -> F6P,36.546576817712,383.06963840892
Net flux,G_FBP.p,0*FBP.p -> FBP,2.46866126474288e-06,575.755515103843
Net flux,G_FBP.c,0*FBP.c -> FBP,83.4512310510399,440.788967109796
Net flux,G_G6P.p,0*G6P.p -> G6P,19.0549768397257,611.438301137029
Net flux,G_G6P.c,0*G6P.c -> G6P,58.8549499993083,484.305365465838
Net flux,G_RU5P.p,0*RU5P.p -> P5P,2.46865369746274e-06,594.383011122409
Net flux,G_X5P.p,0*X5P.p -> P5P,92.8477691498331,431.315653071321
Net flux,G_R5P.p,0*R5P.p -> R5P,82.2810779884949,424.841930215064
Net flux,G_GA.p,0*GA.p -> GA,43.2178931552179,1.62040807958799
Net flux,G_SER.p,0*SER.p -> SER,99.9896043121351,577.509629625183
Net flux,G_GLY.p,0*GLY.p -> GLY,1.0000000116861e-07,6.2365525844342e-14
Net flux,G_RUBP.p,0*RUBP.p -> RUBP,92.5302752673063,454.475402084228
Net flux,G_S7P.p,0*S7P.p -> S7P,98.4567310636212,419.909254459636
Net flux,G_2PG.p,0*2PG.p -> 2PG,87.0427532706349,406.233782664735
Net flux,G_ADPG.p,0*ADPG.p -> ADPG,95.0805622183377,413.505680215282
Net flux,G_PEP.c,0*PEP.c -> PEP,89.2305410445615,414.232277799102
Net flux,G_UDPG.c,0*UDPG.c -> UDPG,72.4268033045549,395.426236805137
Net flux,G_ALA.c,0*ALA.c -> ALA,79.8247263711373,8.00960452424825
Net flux,(1-G)_GA,0*GA.x -> GA,56.7821068447842,1.62040807958799
Net flux,(1-G)_SER,0*SER.x -> SER,1.0000000116861e-07,0
Net flux,(1-G)_GLY,0*GLY.x -> GLY,32.1642958809176,2.961418252822
Net flux,(1-G)_R5P,0*R5P.x -> R5P,17.718922011502,424.841930215064
Net flux,(1-G)_RUBP,0*RUBP.x -> RUBP,7.46972473269241,454.475402084228
Net flux,(1-G)_3PGA,0*3PGA.x -> 3PGA,7.08808939202835,428.017785945289
Net flux,(1-G)_TP,0*TP.x -> TP,7.46743445806383,415.977890766456
Net flux,(1-G)_F6P,0*F6P.x -> F6P,14.7847886792169,396.788414136167
Net flux,(1-G)_FBP,0*FBP.x -> FBP,16.5487664802935,385.648097488465
Net flux,(1-G)_G6P,0*G6P.x -> G6P,22.0900731609643,387.825724340711
Net flux,(1-G)_RU5P,0*RU5P.x -> P5P,7.15222838151465,416.499670628922
Net flux,(1-G)_S7P,0*S7P.x -> S7P,1.54326893637677,419.909254459636
Net flux,(1-G)_2PG,0*2PG.x -> 2PG,12.9572467293675,406.233782664735
Net flux,(1-G)_ADPG,0*ADPG.x -> ADPG,4.91943778166132,413.505680215282
Net flux,(1-G)_PEP,0*PEP.x -> PEP,10.7694589554367,414.232277799102
Net flux,(1-G)_UDPG,0*UDPG.x -> UDPG,27.5731966954463,395.426236805137
Net flux,(1-G)_ALA,0*ALA.x -> ALA,20.1752736288625,8.00960452424825
Net flux,PGASink,3PGA -> Sink,100,0
Net flux,DHAPSink,TP -> Sink,100.000000000001,0
Net flux,F6PSink,F6P -> Sink,100.000000000004,0
Net flux,FBPSink,FBP -> Sink,99.9999999999947,0
Net flux,G6PSink,G6P -> Sink,99.9999999999983,0
Net flux,P5PSink,P5P -> Sink,100.000000000001,0
Net flux,R5PSink,R5P -> Sink,99.9999999999968,0
Net flux,GASink,GA -> Sink,100.000000000002,0
Net flux,SERSink,SER -> Sink,99.9999999999996,0
Net flux,GLYSink,GLY -> Sink,100.000000000001,0
Net flux,RUBPSink,RUBP -> Sink,99.9999999999987,0
Net flux,S7PSink,S7P -> Sink,99.9999999999979,0
Net flux,2PGSink,2PG -> Sink,100.000000000002,0
Net flux,ADPGSink,ADPG -> Sink,99.999999999999,0
Net flux,PEPSink,PEP -> Sink,99.9999999999983,0
Net flux,UDPGSink,UDPG -> Sink,100.000000000001,0
Net flux,ALASink,ALA -> Sink,99.9999999999998,0
Net flux,S6Pout-LL,S6P + 0.1611*GLU + 0.07177*ASP + 0.03247*ALA.c + 0.01019*dummyGLY + 0.03484*dummySER -> Sink,0.852636571367849,0.108706514478437
Net flux,PGP.p,2PG.p -> Glyc.p,18.4910407976096,0.595373858318246
Net flux,GOX,Glyc.p -> Glyx.p,18.4910407976096,0.595373858318246
Net flux,GGT,Glyx.p -> GLY.p,18.4910407976096,0.595373858318246
Net flux,SGAT,SER.p -> HPA.p,4.48241433642488,0.543354590098589
Net flux,HPR.p,HPA.p -> GA.p,4.48241433642487,0.543354590098589
Net flux,T_GLY-m net,GLY.p <-> GLY.m,16.5951404099033,406.656271173123
Exch flux,T_GLY-m exch,GLY.p <-> GLY.m,70951.6400905987,403.125089870457
Net flux,GDC.m,GLY.m + dummy -> myTHF.m + CO2,9.84132248046402,0.535321444874881
Net flux,T_SER-m net,SER.p <-> SER.m,-9.84132248046403,0.535321444874881
Exch flux,T_SER-m exch,SER.p <-> SER.m,7.00190637966927,19.8702883443097
Net flux,mSHMT,GLY.m + myTHF.m -> SER.m,9.84132248046402,0.535321444874881
Net flux,T_SER-c net,SER.p <-> SER.c,5.32919945234334,0.93768604576774
Exch flux,T_SER-c exch,SER.p <-> SER.c,1.00000000280431e-07,0.783901295529982
Net flux,T_Gly-c net,GLY.p <-> GLY.c,1.88721202102392,406.655872074848
Exch flux,T_Gly-c exch,GLY.p <-> GLY.c,0.000126606698684473,406.655374724968
Net flux,cSHMT,SER.c -> GLY.c + meTHF.c,5.32919922999141,0.93768604576774
Net flux,FmTHF-reductase net,meTHF.c <-> FmTHF.c,5.32919922999141,0.93768604576774
Exch flux,FmTHF-reductase exch,meTHF.c <-> FmTHF.c,4.13110939953875,410.170079962893
Net flux,Met-synthase,FmTHF.c + Hcy.c -> Met.c,5.32919922999139,0.93768604576774
Net flux,SAM-synthase,Met.c -> SAM.c,5.3291992299914,0.93768604576774
Net flux,Methylation,SAM.c -> SAH.c + Acceptor.c,5.3291992299914,0.93768604576774
Net flux,hydrolysis,SAH.c -> Hcy.c,5.32919922999139,0.93768604576774
Net flux,G_SER.m,0*SER.m -> SER,0.010395487131575,400.877217722946
Net flux,G_SER.c,0*SER.c -> SER,1.00732886920696e-07,398.64738757793
Net flux,G_Gly.m,0*GLY.m -> GLY,1.0000000116861e-07,0
Net flux,G_Gly.c,0*GLY.c -> GLY,67.8357039190836,2.961418252822
Net flux,T_GLY-c-m,GLY.c -> GLY.m,3.08750455100466,406.657519009894
Net flux,G_Glyc,0*Glyc.p -> Glyc,22.073164329585,1.15925688826547
Net flux,G_Glyx,0*Glyx.p -> Glyx,9.95932885420229,1.76398699033193
Net flux,G_HPA,0*HPA.p -> HPA,8.12784124319615,1.34940182914863
Net flux,(1-G)_Glyc,0*Glyc.x -> Glyc,77.9268356704157,1.15925688826547
Net flux,(1-G)_Glyx,0*Glyx.x -> Glyx,90.0406711457986,1.76398699033193
Net flux,(1-G)_HPA,0*HPA.x -> HPA,91.8721587568037,1.34940182914863
Net flux,GlycSink,Glyc -> Sink,100.000000000001,0
Net flux,GlyxSink,Glyx -> Sink,100.000000000001,0
Net flux,HPASink,HPA -> Sink,99.9999999999998,0
Net flux,SERex,dummySER -> outSER,9.99974645310431e-08,9.07906949091487e-15
Net flux,G_PYR,0*PYR.c -> PYR,31.8875549170126,1.75955370143241
Net flux,(1-G)_PYR,0*PYR.x -> PYR,68.1124450829876,1.75955370143241
Net flux,PYRSink,PYR -> Sink,100,0
Net flux,G_meTHF,0*meTHF.c -> meTHF,98.613543546621,4.25803762167934
Net flux,G_FmTHF,0*FmTHF.c -> FmTHF,84.1429915141553,3.00277987016763
Net flux,G_Met,0*Met.c -> Met,65.8565137188364,5.039563818471
Net flux,G_SAM,0*SAM.c -> SAM,63.3468521099647,4.1191768539839
Net flux,(1-G)_meTHF,0*meTHF.x -> meTHF,1.38645645337895,4.25803762167934
Net flux,(1-G)_FmTHF,0*FmTHF.x -> FmTHF,15.8570084858448,3.00277987016763
Net flux,(1-G)_Met,0*Met.x -> Met,34.1434862811637,5.039563818471
Net flux,(1-G)_SAM,0*SAM.x -> SAM,36.6531478900353,4.1191768539839
Net flux,meTHFSink,meTHF -> Sink,99.9999999999999,0
Net flux,FmTHFSink,FmTHF -> Sink,100,0
Net flux,MetSink,Met -> Sink,100,0
Net flux,SAMsink,SAM -> Sink,100,0
Net flux,Met-protein,Met.c -> Protein,6.51983996113883e-15,0
Net flux,GLY-protein,GLY.c -> Protein,4.1289067000107,0.466956936697723
Net flux,SER-protein,SER.c -> Protein,2.22351929757281e-07,1.24920870476315e-15
Pool,2PG pool,,0,0
Pool,2PG.p pool,,2.7098387264781e-06,417.41434656705
Pool,2PG.x pool,,1,Inf
Pool,3PGA pool,,0,0
Pool,3PGA.c pool,,0.177219631672437,0.0762064873862113
Pool,3PGA.p pool,,3.20867257547698e-06,409.895195769919
Pool,3PGA.x pool,,1,Inf
Pool,ACA pool,,2.72313048464163e-06,412.886501167968
Pool,ADPG pool,,0,0
Pool,ADPG.p pool,,9.9999999999999e-08,Inf
Pool,ADPG.x pool,,1,Inf
Pool,AKG pool,,2.69861624730198e-06,411.038913266227
Pool,ALA pool,,0,0
Pool,ALA.c pool,,0.00853791444617493,0.00214463739160254
Pool,ALA.x pool,,1,Inf
Pool,ASN pool,,7544.19046851011,400.484321204946
Pool,ASP pool,,9.99999999999482e-08,0
Pool,Acceptor.c pool,,1,Inf
Pool,CIT pool,,5.04476452996072,3.8544840723226
Pool,CO2 pool,,4.81989844435401e-05,427.974626880054
Pool,CO2.t pool,,1,Inf
Pool,E4P.p pool,,0,0
Pool,EC2 pool,,0,0
Pool,F6P pool,,0,0
Pool,F6P.c pool,,3.82980457654038e-06,380.849677272419
Pool,F6P.p pool,,2.70100028878658e-06,420.217584407418
Pool,F6P.x pool,,1,Inf
Pool,FBP pool,,0,0
Pool,FBP.c pool,,3.82974113806138e-06,429.829098049647
Pool,FBP.p pool,,2.58444856879468e-06,411.66340259207
Pool,FBP.x pool,,1,Inf
Pool,FmTHF pool,,1.06983803286253,0.634388150262162
Pool,FmTHF.c pool,,1.00528929346497e-06,414.869229454258
Pool,FmTHF.x pool,,1,Inf
Pool,G6P pool,,0,0
Pool,G6P.c pool,,9.87550952513846e-06,385.013627149258
Pool,G6P.p pool,,3.29885503820452e-06,401.887985377291
Pool,G6P.x pool,,1,Inf
Pool,GA pool,,0,0
Pool,GA.p pool,,3.80582864931659e-06,413.294370999357
Pool,GA.x pool,,1,Inf
Pool,GLN pool,,8.83867754983695,400.915582150275
Pool,GLU pool,,2.69861851323587e-06,407.749485135343
Pool,GLY pool,,0,0
Pool,GLY.c pool,,1.00004398362387e-07,395.215155431229
Pool,GLY.m pool,,0.235237259289544,0.069446396686972
Pool,GLY.p pool,,0.000422221542176129,402.168935889864
Pool,GLY.x pool,,1,Inf
Pool,Glyc pool,,5.10422075706011,1.23366597781423
Pool,Glyc.p pool,,6.19599511319152e-06,414.625477809297
Pool,Glyc.x pool,,1,Inf
Pool,Glyx pool,,10.9019816016849,5.76151359744497
Pool,Glyx.p pool,,7.66740308668574e-06,392.476890267872
Pool,Glyx.x pool,,1,Inf
Pool,HPA pool,,0.00014789182769678,408.297451837709
Pool,HPA.p pool,,2.73609133352019e-06,432.417784337841
Pool,HPA.x pool,,1,Inf
Pool,Hcy.c pool,,1,Inf
Pool,ICI pool,,0.00374446351915612,410.304940422842
Pool,MAL pool,,0.00250062907299747,1.18847318040644
Pool,Met pool,,5.12698863673196e-05,393.979471287821
Pool,Met.c pool,,8.7281046187737e-07,391.072942773556
Pool,Met.x pool,,1,Inf
Pool,OAA pool,,0.0860241736119298,0.0247046227192476
Pool,P5P pool,,0,0
Pool,PEP pool,,0,0
Pool,PEP.c pool,,5.99926846254131e-06,417.507259081454
Pool,PEP.x pool,,1,Inf
Pool,PRO pool,,5.3949963836645,406.214973659835
Pool,PYR pool,,9.99999998363421e-08,0
Pool,PYR.c pool,,0.000574252897084338,0.0136359519423925
Pool,PYR.x pool,,1,Inf
Pool,Protein pool,,1,Inf
Pool,R5P pool,,0,0
Pool,R5P.p pool,,5.88219612641474e-06,403.447568307748
Pool,R5P.x pool,,1,Inf
Pool,RU5P.p pool,,2.61017316855463e-06,390.131228545813
Pool,RU5P.x pool,,1,Inf
Pool,RUBP pool,,0,0
Pool,RUBP.p pool,,2.62419118819778e-06,398.799104081638
Pool,RUBP.x pool,,1,Inf
Pool,S6P pool,,1,Inf
Pool,S7P pool,,0,0
Pool,S7P.p pool,,2.31136297439507e-06,392.174006987124
Pool,S7P.x pool,,1,Inf
Pool,SAH.c pool,,1,Inf
Pool,SAM pool,,4.40441544964106,1.47566997895782
Pool,SAM.c pool,,2.51256578876898e-06,414.347812642317
Pool,SAM.x pool,,1,Inf
Pool,SBP pool,,0,0
Pool,SER pool,,0,0
Pool,SER.c pool,,1.00000000002876e-07,0
Pool,SER.m pool,,1.15951989159795,0.10760124159042
Pool,SER.p pool,,1.00000000002876e-07,0
Pool,SER.x pool,,1,Inf
Pool,Sink pool,,1,Inf
Pool,Starch pool,,1,Inf
Pool,THR pool,,0.270594757354815,0.127736488314564
Pool,TP pool,,0,0
Pool,TP.c pool,,4.18766040821548e-06,414.584440851174
Pool,TP.p pool,,3.3345245040133e-06,390.455146228131
Pool,TP.x pool,,1,Inf
Pool,UDPG pool,,0,0
Pool,UDPG.c pool,,0.521037267651921,405.524963311991
Pool,UDPG.x pool,,1,Inf
Pool,X5P.p pool,,2.65912974073607e-06,395.826360207058
Pool,dummy pool,,1,Inf
Pool,dummyGLY pool,,1,Inf
Pool,dummySER pool,,1,Inf
Pool,meTHF pool,,1.22631763395643,0.957115620059334
Pool,meTHF.c pool,,1.0739176579772e-06,410.299358363817
Pool,meTHF.x pool,,1,Inf
Pool,myTHF.m pool,,4.23518609775344e-06,406.574366988946
Pool,outSER pool,,1,Inf
Norm,Experiment1 Glyc205 #1 norm,,0.959910258782895,0.0129658804461416
Norm,Experiment1 Glyc205 #2 norm,,1.00973530692858,0.0243909675211426
Norm,Experiment1 Glyc205 #3 norm,,0.972721240193776,0.0200959653239353
Norm,Experiment1 Glyc205 #4 norm,,0.996089505389311,0.0304099903147786
Norm,Experiment1 Glyc205 #5 norm,,1.03541596538735,0.0340745344867863
Norm,Experiment1 Glyc205 #6 norm,,1.01363974313157,0.0258671483814495
Norm,Experiment1 Glyc205 #7 norm,,0.984016092862982,0.0349035555812756
Norm,Experiment1 Glyc205 #8 norm,,0.979441762778203,0.0282747943106653
Norm,Experiment1 Glyx160 #1 norm,,0.992839721973218,0.0109638340391905
Norm,Experiment1 Glyx160 #2 norm,,0.955448913264979,0.0126165301607767
Norm,Experiment1 Glyx160 #3 norm,,0.955369541055355,0.0174641070297613
Norm,Experiment1 Glyx160 #4 norm,,1.03449423084076,0.0171642241640822
Norm,Experiment1 Glyx160 #5 norm,,0.941167716523567,0.0330830943726433
Norm,Experiment1 Glyx160 #6 norm,,1.00239431979107,0.0200259579949013
Norm,Experiment1 Glyx160 #7 norm,,0.966321885013434,0.0414948828226095
Norm,Experiment1 Glyx160 #8 norm,,0.988750216300255,0.0371061317795023
Norm,Experiment1 GLY276 #1 norm,,1.00290575093437,0.010195028481729
Norm,Experiment1 GLY276 #2 norm,,0.982358394803421,0.0242994665332515
Norm,Experiment1 GLY276 #3 norm,,0.977507437496781,0.0437183008514513
Norm,Experiment1 GLY276 #4 norm,,1.00587036044504,0.0557809523810558
Norm,Experiment1 GLY276 #5 norm,,1.02181285033075,0.143012271200716
Norm,Experiment1 GLY276 #6 norm,,0.985294132574437,0.0828860262848835
Norm,Experiment1 GLY276 #7 norm,,1.01663956895681,0.0700473219255619
Norm,Experiment1 GLY276 #8 norm,,0.995999557892183,0.0715056386725369
Norm,Experiment1 HPA262 #1 norm,,1.03762425163517,0.0111785398411656
Norm,Experiment1 HPA262 #2 norm,,0.970531477795525,0.0287551579374285
Norm,Experiment1 HPA262 #3 norm,,0.979066020401345,0.0132123220146707
Norm,Experiment1 HPA262 #4 norm,,0.921869566719891,0.0368233282168105
Norm,Experiment1 HPA262 #5 norm,,0.922690669373269,0.0231094351981087
Norm,Experiment1 HPA262 #6 norm,,0.973921586667492,0.0346045064182271
Norm,Experiment1 HPA262 #7 norm,,0.96538371542008,0.0249568667087766
Norm,Experiment1 HPA262 #8 norm,,0.988841454836543,0.0235293492025942
Norm,Experiment1 GA307 #1 norm,,1.00735452857588,0.0121686747148949
Norm,Experiment1 GA307 #2 norm,,1.03728925717399,0.0306858575255964
Norm,Experiment1 GA307 #3 norm,,0.979957505567492,0.0319919520036214
Norm,Experiment1 GA307 #4 norm,,0.989069619779051,0.0200211181393765
Norm,Experiment1 GA307 #5 norm,,0.944599717825551,0.0521714878695407
Norm,Experiment1 GA307 #6 norm,,1.02536772325385,0.0402709113479856
Norm,Experiment1 GA307 #7 norm,,0.999403173351127,0.0439577934980437
Norm,Experiment1 GA307 #8 norm,,0.982554293098275,0.0357573091728563
Norm,Experiment1 SER306 #1 norm,,0.969254786497031,0.0137559462949937
Norm,Experiment1 SER306 #2 norm,,1.0043162728622,0.0168637019614027
Norm,Experiment1 SER306 #3 norm,,0.96092940659816,0.043316598799526
Norm,Experiment1 SER306 #4 norm,,1.01481375811591,0.0518919544560344
Norm,Experiment1 SER306 #5 norm,,1.00919472446278,0.0813542450240677
Norm,Experiment1 SER306 #6 norm,,0.919085618646451,0.0592997878763149
Norm,Experiment1 SER306 #7 norm,,1.00713562798951,0.0476172602657914
Norm,Experiment1 SER306 #8 norm,,0.996759392585183,0.0545357210881441
Norm,Experiment1 meTHF #1 norm,,0.997991456847849,0.0100240809830018
Norm,Experiment1 meTHF #2 norm,,1.01960740614095,0.010540002183852
Norm,Experiment1 meTHF #3 norm,,0.934750632517699,0.0652065504034637
Norm,Experiment1 meTHF #4 norm,,0.991759370031812,0.0523584620184495
Norm,Experiment1 meTHF #5 norm,,0.955364952658309,0.10666392735409
Norm,Experiment1 meTHF #6 norm,,0.991580883439434,0.106360259245212
Norm,Experiment1 meTHF #7 norm,,1.01373925680209,0.0610423863162296
Norm,Experiment1 meTHF #8 norm,,0.939677151617408,0.0883978811531743
Norm,Experiment1 FmTHF #1 norm,,1.01030739026134,0.00999361666687996
Norm,Experiment1 FmTHF #2 norm,,0.943714448452551,0.0228703843001457
Norm,Experiment1 FmTHF #3 norm,,0.946709842316175,0.0315098517824432
Norm,Experiment1 FmTHF #4 norm,,1.01808171712265,0.0272302031653013
Norm,Experiment1 FmTHF #5 norm,,0.99133043739083,0.0588655358577713
Norm,Experiment1 FmTHF #6 norm,,0.999589743145352,0.0649439323903627
Norm,Experiment1 FmTHF #7 norm,,1.00685896907369,0.0520792430780766
Norm,Experiment1 FmTHF #8 norm,,1.02505416876948,0.0824553188377962
Norm,Experiment1 Met176 #1 norm,,0.996216448188106,0.025474043027191
Norm,Experiment1 Met176 #2 norm,,0.881783921327848,0.0323507356361173
Norm,Experiment1 Met176 #3 norm,,0.883993076720821,0.0514729076034604
Norm,Experiment1 Met176 #4 norm,,0.986292126571077,0.037579496114926
Norm,Experiment1 Met176 #5 norm,,0.965943585416926,0.0837053192919568
Norm,Experiment1 Met176 #6 norm,,1.0005629610309,0.145407006942129
Norm,Experiment1 Met176 #7 norm,,0.998509324210189,0.142682087927933
Norm,Experiment1 Met176 #8 norm,,0.98798565322416,0.152059193393607
Norm,Experiment1 SAM #1 norm,,1.00814406179069,0.011990756620971
Norm,Experiment1 SAM #2 norm,,0.988485637550626,0.0119933996787872
Norm,Experiment1 SAM #3 norm,,0.999180531466611,0.0145983326170608
Norm,Experiment1 SAM #4 norm,,1.01193785770598,0.0233919327273083
Norm,Experiment1 SAM #5 norm,,0.979742216206162,0.0384885004714446
Norm,Experiment1 SAM #6 norm,,1.01643967726744,0.0683772846819946
Norm,Experiment1 SAM #7 norm,,1.00355447386064,0.108322931855274
Norm,Experiment1 SAM #8 norm,,1.00188586305547,0.0844422025448586
Norm,Experiment1 CIT465 #1 norm,,0.975847535831476,0.0115877232661125
Norm,Experiment1 CIT465 #2 norm,,1.01296518893855,0.0138839464117706
Norm,Experiment1 CIT465 #3 norm,,1.0091749086094,0.0118355879601278
Norm,Experiment1 CIT465 #4 norm,,0.922769306267116,0.0156846293941989
Norm,Experiment1 CIT465 #5 norm,,1.02763618188238,0.0140970922749417
Norm,Experiment1 CIT465 #6 norm,,1.00615973919742,0.0131195312026379
Norm,Experiment1 CIT465 #7 norm,,1.01866989932443,0.0148628336760392
Norm,Experiment1 CIT465 #8 norm,,0.992521106599214,0.022533273038598
Norm,Experiment1 MAL335 #1 norm,,0.993799967071089,0.0124345706828595
Norm,Experiment1 MAL335 #2 norm,,0.992156425785106,0.0110738396196912
Norm,Experiment1 MAL335 #3 norm,,0.975512203536558,0.0104278904585225
Norm,Experiment1 MAL335 #4 norm,,1.00974574143593,0.0147462750937184
Norm,Experiment1 MAL335 #5 norm,,0.99081197926461,0.0140668981951274
Norm,Experiment1 MAL335 #6 norm,,0.939062415328716,0.0162666395777552
Norm,Experiment1 MAL335 #7 norm,,0.969292816538711,0.0277153936122333
Norm,Experiment1 MAL335 #8 norm,,1.01394259513558,0.0382406114592058
Norm,Experiment1 ASP334 #1 norm,,1.09153962194471,0.0259311586070166
Norm,Experiment1 ASP334 #2 norm,,0.936457543306197,0.0309710782210279
Norm,Experiment1 ASP334 #3 norm,,0.976568631963462,0.0197083848446825
Norm,Experiment1 ASP334 #4 norm,,1.01893886995818,0.0173050901495714
Norm,Experiment1 ASP334 #5 norm,,0.939848342720016,0.0258503844490576
Norm,Experiment1 ASP334 #6 norm,,1.00373556057842,0.0314489672113347
Norm,Experiment1 ASP334 #7 norm,,0.963824693860382,0.0319021620334112
Norm,Experiment1 ASP334 #8 norm,,0.996468420370114,0.101841583101723
Norm,Experiment1 GLU348 #1 norm,,0.98165262217474,0.0220493311936184
Norm,Experiment1 GLU348 #2 norm,,1.01719789962625,0.0201034756362585
Norm,Experiment1 GLU348 #3 norm,,0.973587472005034,0.0108503807864997
Norm,Experiment1 GLU348 #4 norm,,0.924985306891313,0.0342709011274033
Norm,Experiment1 GLU348 #5 norm,,1.03595806528804,0.0252747921519193
Norm,Experiment1 GLU348 #6 norm,,1.03475353884503,0.0135632439735031
Norm,Experiment1 GLU348 #7 norm,,0.974950108789717,0.01624926227492
Norm,Experiment1 GLU348 #8 norm,,0.956282183579567,0.0241805922923678
Norm,Experiment1 THR320 #1 norm,,0.982596952036497,0.0102478921124844
Norm,Experiment1 THR320 #2 norm,,1.00681223383054,0.0146626159973748
Norm,Experiment1 THR320 #3 norm,,0.992005975185119,0.0101691103470146
Norm,Experiment1 THR320 #4 norm,,1.00063505687934,0.0276249556282382
Norm,Experiment1 THR320 #5 norm,,0.991205649642209,0.0215088950804927
Norm,Experiment1 THR320 #6 norm,,1.00561229632914,0.0117615424737067
Norm,Experiment1 THR320 #7 norm,,1.03935634939427,0.0181679235298792
Norm,Experiment1 THR320 #8 norm,,0.992814191961516,0.0395946091387514
Norm,Experiment1 ALA116 #1 norm,,1.02918868577091,0.0102672444506776
Norm,Experiment1 ALA116 #2 norm,,1.00619503321101,0.0103671675338498
Norm,Experiment1 ALA116 #3 norm,,0.975879063576129,0.0171456999574414
Norm,Experiment1 ALA116 #4 norm,,1.0457648920525,0.0220753369818504
Norm,Experiment1 ALA116 #5 norm,,1.049135419521,0.097042353096981
Norm,Experiment1 ALA116 #6 norm,,1.0018277279213,0.0738013204033296
Norm,Experiment1 ALA116 #7 norm,,1.0267460458399,0.0631266754794291
Norm,Experiment1 ALA116 #8 norm,,0.903084325975483,0.126010135211694
Norm,Experiment1 PYR #1 norm,,0.987057481610474,0.017579673502754
Norm,Experiment1 PYR #2 norm,,0.934573609636819,0.403219075967616
Norm,Experiment1 PYR #3 norm,,1.01857510422556,0.355190405907055
Norm,Experiment1 PYR #4 norm,,1.0097614024968,0.0435652737390644
Norm,Experiment1 PYR #5 norm,,1.04225280742638,0.0577174542638916
Norm,Experiment1 PYR #6 norm,,1.04555097247617,0.0565794173045235
Norm,Experiment1 PYR #7 norm,,1.0196746259198,0.113377565200301
Norm,Experiment1 PYR #8 norm,,0.97486654368915,0.0569730531305571
