type,id,eqn,val,std
Net flux,CO2.t,CO2.t -> CO2,47.4323504295225,1.15978688918302
Net flux,CO2_sink,dummy -> Sink,47.4323504295225,1.15978688918302
Net flux,RUBICSO_CO2,RUBP.p + CO2 -> 3PGA.p + 3PGA.p + dummy,60.4149454720171,1.30370799468383
Net flux,GAPDH.p net,3PGA.p <-> TP.p,141.912062024165,2.76517534682652
Exch flux,GAPDH.p exch,3PGA.p <-> TP.p,1.0000000116861e-07,0.888049735311603
Net flux,ALD,TP.p + E4P.p -> SBP,26.2022535223649,0.508705473566092
Net flux,SBP,SBP -> S7P.p,26.2022535223649,0.508705473566092
Net flux,FBA.p net,TP.p + TP.p <-> FBP.p,30.3800288571547,0.669334291383079
Exch flux,FBA.p exch,TP.p + TP.p <-> FBP.p,18664.5233782131,1259.33229382524
Net flux,PFK.p net,FBP.p <-> F6P.p,30.3800288571578,0.669334291383079
Exch flux,PFK.p exch,FBP.p <-> F6P.p,9.99949492097585e-08,5.0182972260729e-13
Net flux,TK1 net,TP.p + EC2 <-> X5P.p,52.4045070447297,1.01741094713218
Exch flux,TK1 exch,TP.p + EC2 <-> X5P.p,9.99999976158961e-08,0
Net flux,TK2 net,S7P.p <-> R5P.p + EC2,26.2022535223648,0.508705473566092
Exch flux,TK2 exch,S7P.p <-> R5P.p + EC2,37.9199168180207,2541.94775784521
Net flux,TK3 net,F6P.p <-> E4P.p + EC2,26.2022535223641,0.508705473566092
Exch flux,TK3 exch,F6P.p <-> E4P.p + EC2,7594.70587999362,2565.21206273694
Net flux,PPE net,X5P.p <-> RU5P.p,52.4045070447297,1.01741094713218
Exch flux,PPE exch,X5P.p <-> RU5P.p,58.2351424380126,2092.57450732021
Net flux,PPI net,R5P.p <-> RU5P.p,26.2022535223649,0.508705473566092
Exch flux,PPI exch,R5P.p <-> RU5P.p,235.967289455285,2528.13284702098
Net flux,PRK,RU5P.p -> RUBP.p,78.6067605670947,1.52611642069828
Net flux,RUBISCO_O2,RUBP.p -> 3PGA.p + 2PG.p,18.1918150950776,0.587534819685423
Net flux,GLYdil net,GLY.p <-> GLY.x + dummyGLY,0.00648400843467556,0.00132615398657888
Exch flux,GLYdil exch,GLY.p <-> GLY.x + dummyGLY,1.0000000116861e-07,0
Net flux,SERdil net,SER.p <-> SER.x + dummySER,2.09787119873673,1.05840653917476
Exch flux,SERdil exch,SER.p <-> SER.x + dummySER,0.860366264871374,1.02878227873527
Net flux,GK,GA.p -> 3PGA.p,3.16170442046829,1.07014475139932
Net flux,PGI.p net,F6P.p <-> G6P.p,4.17777533479124,0.40771046128795
Exch flux,PGI.p exch,F6P.p <-> G6P.p,0.944694747818211,2637.50597908343
Net flux,PGM.p,G6P.p -> ADPG.p,4.17777533479125,0.40771046128795
Net flux,Starch,ADPG.p -> Starch,4.17777533479122,0.40771046128795
Net flux,FBA.c net,TP.c + TP.c <-> FBP.c,1.27262187137604,0.260285375138117
Exch flux,FBA.c exch,TP.c + TP.c <-> FBP.c,21.0096465198217,1957.25987480084
Net flux,PFK.c net,FBP.c <-> F6P.c,1.27262187137605,0.260285375138117
Exch flux,PFK.c exch,FBP.c <-> F6P.c,5.6637373356515,2589.99481177273
Net flux,PGI.c net,F6P.c <-> G6P.c,0.636310935688044,0.130142687569058
Exch flux,PGI.c exch,F6P.c <-> G6P.c,227.524048484803,2530.38502105004
Net flux,PGM.c net,G6P.c <-> UDPG.c,0.636310935682559,0.130142687569058
Exch flux,PGM.c exch,G6P.c <-> UDPG.c,48481.4239416977,2089.21137336595
Net flux,SPS,F6P.c + UDPG.c -> S6P,0.636310935687991,0.130142687569058
Net flux,PGAM.c net,3PGA.c <-> PEP.c,0.271348435414706,0.0554980476666887
Exch flux,PGAM.c exch,3PGA.c <-> PEP.c,3.11787182543874,2089.21137410308
Net flux,PK.c,PEP.c -> PYR.c,0.123170707821294,0.0251917200238704
Net flux,PDH,PYR.c + dummy -> ACA + CO2,0.102509691739402,0.0209659869662724
Net flux,CS,OAA + ACA -> CIT,0.102509691739398,0.0209659869662724
Net flux,ACO net,CIT <-> ICI,0.102509691739442,0.0209659869662724
Exch flux,ACO exch,CIT <-> ICI,1161.81461284002,2089.21137336595
Net flux,IDH,ICI + dummy -> AKG + CO2,0.102509691739414,0.0209659869662724
Net flux,MDH net,MAL <-> OAA,2.1316282072803e-14,0
Exch flux,MDH exch,MAL <-> OAA,0.0942230317211497,0.0725903918254802
Net flux,PPC,PEP.c + CO2 -> OAA + dummy,0.148177727593839,0.030306327661496
Net flux,T_3PGA net,3PGA.p <-> 3PGA.c,0.271348435414687,0.0554980476666887
Exch flux,T_3PGA exch,3PGA.p <-> 3PGA.c,6.8867489826776,2381.38371582275
Net flux,T_DHAP net,TP.p <-> TP.c,2.54524374275213,0.520570750276233
Exch flux,T_DHAP exch,TP.p <-> TP.c,9.99999998363421e-08,0
Net flux,ALT,PYR.c -> ALA.c,0.0206610160818042,0.00422573306915271
Net flux,ASPT,OAA -> ASP,0.0456680358544215,0.00934034069050543
Net flux,GLUDH,AKG -> GLU,0.102509691739391,0.0209659869662724
Net flux,PCR net,GLU <-> PRO,-2.48689957516035e-14,0
Exch flux,PCR exch,GLU <-> PRO,1.0000000116861e-07,0
Net flux,GS net,GLU <-> GLN,0,0
Exch flux,GS exch,GLU <-> GLN,1.0004888650883e-07,0
Net flux,TS net,ASP <-> THR,0,0
Exch flux,TS exch,ASP <-> THR,1.0000000116861e-07,0
Net flux,AS net,ASP <-> ASN,1.06581410364015e-14,0
Exch flux,AS exch,ASP <-> ASN,1.0000000116861e-07,0
Net flux,G_3PGA.p,0*3PGA.p -> 3PGA,2.46866294872916e-06,3732.36055975543
Net flux,G_3PGA.c,0*3PGA.c -> 3PGA,92.911908139095,2633.94777003612
Net flux,G_DHAP.p,0*TP.p -> TP,40.685379842242,3769.14895355939
Net flux,G_DHAP.c,0*TP.c -> TP,51.8471856996947,2697.87502782767
Net flux,G_F6P.p,0*F6P.p -> F6P,48.6686345030749,3677.31640413882
Net flux,G_F6P.c,0*F6P.c -> F6P,36.546576817712,2621.51499707978
Net flux,G_FBP.p,0*FBP.p -> FBP,2.46866126474288e-06,3846.22689740055
Net flux,G_FBP.c,0*FBP.c -> FBP,83.4512310465222,2714.79133955662
Net flux,G_G6P.p,0*G6P.p -> G6P,19.0549768397257,3492.03140258049
Net flux,G_G6P.c,0*G6P.c -> G6P,58.8549499993083,2557.17418939173
Net flux,G_RU5P.p,0*RU5P.p -> P5P,2.46865369035731e-06,3646.86294768445
Net flux,G_X5P.p,0*X5P.p -> P5P,92.8477691496475,2622.93161351357
Net flux,G_R5P.p,0*R5P.p -> R5P,82.2810779884949,2631.28932344168
Net flux,G_GA.p,0*GA.p -> GA,38.2190600665465,1.57078551821954
Net flux,G_SER.p,0*SER.p -> SER,89.6860033044804,2533.46257050659
Net flux,G_GLY.p,0*GLY.p -> GLY,15.4374285210429,2627.47382699508
Net flux,G_RUBP.p,0*RUBP.p -> RUBP,92.5302752673063,2605.05297685288
Net flux,G_S7P.p,0*S7P.p -> S7P,98.4567310636212,2376.49870214696
Net flux,G_2PG.p,0*2PG.p -> 2PG,87.0427532706349,2633.61501674227
Net flux,G_ADPG.p,0*ADPG.p -> ADPG,95.0805622183377,2637.08344406036
Net flux,G_PEP.c,0*PEP.c -> PEP,89.2305410445615,2548.39948639043
Net flux,G_UDPG.c,0*UDPG.c -> UDPG,72.4268033045549,2634.11457401459
Net flux,G_ALA.c,0*ALA.c -> ALA,78.4929873707737,7.0285719289073
Net flux,(1-G)_GA,0*GA.x -> GA,61.7809399334555,1.57078551821954
Net flux,(1-G)_SER,0*SER.x -> SER,10.313980704366,2.43264510925659
Net flux,(1-G)_GLY,0*GLY.x -> GLY,30.742961292226,2.98783859375222
Net flux,(1-G)_R5P,0*R5P.x -> R5P,17.718922011502,2631.28932344168
Net flux,(1-G)_RUBP,0*RUBP.x -> RUBP,7.46972473269241,2605.05297685288
Net flux,(1-G)_3PGA,0*3PGA.x -> 3PGA,7.08808939224238,2595.80835913933
Net flux,(1-G)_TP,0*TP.x -> TP,7.46743445806383,2531.58425458334
Net flux,(1-G)_F6P,0*F6P.x -> F6P,14.7847886792169,2631.30951319942
Net flux,(1-G)_FBP,0*FBP.x -> FBP,16.5487664848112,2508.85615898983
Net flux,(1-G)_G6P,0*G6P.x -> G6P,22.0900731609643,2471.29740939379
Net flux,(1-G)_RU5P,0*RU5P.x -> P5P,7.15222838170026,2589.32726745396
Net flux,(1-G)_S7P,0*S7P.x -> S7P,1.54326893637677,2376.49870214696
Net flux,(1-G)_2PG,0*2PG.x -> 2PG,12.9572467293675,2633.61501674227
Net flux,(1-G)_ADPG,0*ADPG.x -> ADPG,4.91943778166132,2637.08344406036
Net flux,(1-G)_PEP,0*PEP.x -> PEP,10.7694589554367,2548.39948639043
Net flux,(1-G)_UDPG,0*UDPG.x -> UDPG,27.5731966954463,2634.11457401459
Net flux,(1-G)_ALA,0*ALA.x -> ALA,21.5070126292261,7.0285719289073
Net flux,PGASink,3PGA -> Sink,100,0
Net flux,DHAPSink,TP -> Sink,100.000000000001,0
Net flux,F6PSink,F6P -> Sink,100.000000000004,0
Net flux,FBPSink,FBP -> Sink,99.9999999999947,0
Net flux,G6PSink,G6P -> Sink,99.9999999999983,0
Net flux,P5PSink,P5P -> Sink,100.000000000001,0
Net flux,R5PSink,R5P -> Sink,99.9999999999968,0
Net flux,GASink,GA -> Sink,100.000000000002,0
Net flux,SERSink,SER -> Sink,99.9999999999996,0
Net flux,GLYSink,GLY -> Sink,100.000000000001,0
Net flux,RUBPSink,RUBP -> Sink,99.9999999999987,0
Net flux,S7PSink,S7P -> Sink,99.9999999999979,0
Net flux,2PGSink,2PG -> Sink,100.000000000002,0
Net flux,ADPGSink,ADPG -> Sink,99.999999999999,0
Net flux,PEPSink,PEP -> Sink,99.9999999999983,0
Net flux,UDPGSink,UDPG -> Sink,100.000000000001,0
Net flux,ALASink,ALA -> Sink,99.9999999999998,0
Net flux,S6Pout-LL,S6P + 0.1611*GLU + 0.07177*ASP + 0.03247*ALA.c + 0.01019*dummyGLY + 0.03484*dummySER -> Sink,0.636310935688027,0.130142687569058
Net flux,PGP.p,2PG.p -> Glyc.p,18.1918150950776,0.587534819685423
Net flux,GOX,Glyc.p -> Glyx.p,18.1918150950776,0.587534819685423
Net flux,GGT,Glyx.p -> GLY.p,18.1918150950776,0.587534819685423
Net flux,SGAT,SER.p -> HPA.p,3.16170442046827,1.07014475139932
Net flux,HPR.p,HPA.p -> GA.p,3.16170442046827,1.07014475139932
Net flux,T_GLY-m net,GLY.p <-> GLY.m,18.1855443554959,2585.24830710897
Exch flux,T_GLY-m exch,GLY.p <-> GLY.m,106623.021501162,2794.78444684448
Net flux,GDC.m,GLY.m + dummy -> myTHF.m + CO2,12.9257533866097,0.802586349786528
Net flux,T_SER-m net,SER.p <-> SER.m,-12.9257533866097,0.802586349786528
Exch flux,T_SER-m exch,SER.p <-> SER.m,24.8793127928161,2523.39784798862
Net flux,mSHMT,GLY.m + myTHF.m -> SER.m,12.9257533866097,0.802586349786528
Net flux,T_SER-c net,SER.p <-> SER.c,7.66617776740468,1.51623359134895
Exch flux,T_SER-c exch,SER.p <-> SER.c,1.00000000280431e-07,2.78762625043738e-16
Net flux,T_Gly-c net,GLY.p <-> GLY.c,-0.000213268868879624,2585.24824034545
Exch flux,T_Gly-c exch,GLY.p <-> GLY.c,9.99999998363421e-08,0
Net flux,cSHMT,SER.c -> GLY.c + meTHF.c,7.66617766740468,1.51623359134895
Net flux,FmTHF-reductase net,meTHF.c <-> FmTHF.c,7.66617766740468,1.51623359134895
Exch flux,FmTHF-reductase exch,meTHF.c <-> FmTHF.c,2.4174002928814,2576.28866684597
Net flux,Met-synthase,FmTHF.c + Hcy.c -> Met.c,7.66617766740466,1.51623359134895
Net flux,SAM-synthase,Met.c -> SAM.c,7.66617766740467,1.51623359134895
Net flux,Methylation,SAM.c -> SAH.c + Acceptor.c,7.66617766740467,1.51623359134895
Net flux,hydrolysis,SAH.c -> Hcy.c,7.66617766740466,1.51623359134895
Net flux,G_SER.m,0*SER.m -> SER,1.0000000116861e-07,0
Net flux,G_SER.c,0*SER.c -> SER,1.58911531613626e-05,2533.4614025832
Net flux,G_Gly.m,0*GLY.m -> GLY,0.000196154890137024,2627.47192970932
Net flux,G_Gly.c,0*GLY.c -> GLY,53.8194140318422,5.00778943275715
Net flux,T_GLY-c-m,GLY.c -> GLY.m,7.66596241770762,2585.24868497797
Net flux,G_Glyc,0*Glyc.p -> Glyc,22.9709614847946,1.57121610449955
Net flux,G_Glyx,0*Glyx.p -> Glyx,15.6498107119927,2.03076789417828
Net flux,G_HPA,0*HPA.p -> HPA,9.67405163266109,1.22866802095148
Net flux,(1-G)_Glyc,0*Glyc.x -> Glyc,77.029038515206,1.57121610449955
Net flux,(1-G)_Glyx,0*Glyx.x -> Glyx,84.3501892880082,2.03076789417828
Net flux,(1-G)_HPA,0*HPA.x -> HPA,90.3259483673388,1.22866802095148
Net flux,GlycSink,Glyc -> Sink,100.000000000001,0
Net flux,GlyxSink,Glyx -> Sink,100.000000000001,0
Net flux,HPASink,HPA -> Sink,99.9999999999998,0
Net flux,SERex,dummySER -> outSER,2.07570008572498,1.06088099861699
Net flux,G_PYR,0*PYR.c -> PYR,33.9411011638896,2.03118667694586
Net flux,(1-G)_PYR,0*PYR.x -> PYR,66.0588988361106,2.03118667694586
Net flux,PYRSink,PYR -> Sink,100,0
Net flux,G_meTHF,0*meTHF.c -> meTHF,95.0835693163477,4.12143198395765
Net flux,G_FmTHF,0*FmTHF.c -> FmTHF,81.0430255188973,3.3004126584493
Net flux,G_Met,0*Met.c -> Met,60.246392878337,3.93402959648209
Net flux,G_SAM,0*SAM.c -> SAM,62.8372019584005,3.82246878554054
Net flux,(1-G)_meTHF,0*meTHF.x -> meTHF,4.91643068365227,4.12143198395765
Net flux,(1-G)_FmTHF,0*FmTHF.x -> FmTHF,18.9569744811027,3.3004126584493
Net flux,(1-G)_Met,0*Met.x -> Met,39.7536071216631,3.93402959648209
Net flux,(1-G)_SAM,0*SAM.x -> SAM,37.1627980415995,3.82246878554054
Net flux,meTHFSink,meTHF -> Sink,99.9999999999999,0
Net flux,FmTHFSink,FmTHF -> Sink,100,0
Net flux,MetSink,Met -> Sink,100,0
Net flux,SAMsink,SAM -> Sink,100,0
Net flux,Met-protein,Met.c -> Protein,6.51983996113883e-15,0
Net flux,GLY-protein,GLY.c -> Protein,1.98082821611933e-06,7.80920537506558e-16
Net flux,SER-protein,SER.c -> Protein,9.99999976158961e-08,7.39351579948987e-16
Pool,2PG pool,,0,0
Pool,2PG.p pool,,2.39094485470932e-06,2629.39389302039
Pool,2PG.x pool,,1,Inf
Pool,3PGA pool,,0,0
Pool,3PGA.c pool,,2.1414826557271e-06,2507.77270834708
Pool,3PGA.p pool,,2.39527455797416e-06,2555.48910647848
Pool,3PGA.x pool,,1,Inf
Pool,ACA pool,,2.13987101139419e-06,2531.32204551971
Pool,ADPG pool,,0,0
Pool,ADPG.p pool,,9.9999999999999e-08,Inf
Pool,ADPG.x pool,,1,Inf
Pool,AKG pool,,2.59695857531193e-06,2554.06632258535
Pool,ALA pool,,0,0
Pool,ALA.c pool,,0.0055861845828612,0.0019968808108048
Pool,ALA.x pool,,1,Inf
Pool,ASN pool,,7565.9413733064,2539.35843674188
Pool,ASP pool,,1e-07,0
Pool,Acceptor.c pool,,1,Inf
Pool,CIT pool,,16.6652065827883,2575.55917602082
Pool,CO2 pool,,0.470831236741526,0.103370581910032
Pool,CO2.t pool,,1,Inf
Pool,E4P.p pool,,0,0
Pool,EC2 pool,,0,0
Pool,F6P pool,,0,0
Pool,F6P.c pool,,3.82968244871988e-06,2649.69657159052
Pool,F6P.p pool,,1.90193992694324e-06,2738.55169868503
Pool,F6P.x pool,,1,Inf
Pool,FBP pool,,0,0
Pool,FBP.c pool,,3.82963801436529e-06,2701.45915525006
Pool,FBP.p pool,,1.61064836509451e-06,2684.10453204594
Pool,FBP.x pool,,1,Inf
Pool,FmTHF pool,,1.49800391766865,0.633895461163411
Pool,FmTHF.c pool,,8.65907460723563e-07,2621.93423943961
Pool,FmTHF.x pool,,1,Inf
Pool,G6P pool,,0,0
Pool,G6P.c pool,,9.87469753241804e-06,2656.96643538228
Pool,G6P.p pool,,2.80563636201022e-06,2510.95595670501
Pool,G6P.x pool,,1,Inf
Pool,GA pool,,0,0
Pool,GA.p pool,,1.23512598999204e-06,2723.05450360156
Pool,GA.x pool,,1,Inf
Pool,GLN pool,,8.83867754990152,2335.89911161903
Pool,GLU pool,,2.59696377707573e-06,2584.22618351749
Pool,GLY pool,,0,0
Pool,GLY.c pool,,9.99999999994061e-08,0
Pool,GLY.m pool,,0.0303721248420121,2551.33043543144
Pool,GLY.p pool,,0.000428717771920031,2610.22787035973
Pool,GLY.x pool,,1,Inf
Pool,Glyc pool,,13.8219620544152,3.30524869735681
Pool,Glyc.p pool,,4.28216126844933e-06,2579.56425736388
Pool,Glyc.x pool,,1,Inf
Pool,Glyx pool,,20.516693811595,6.62125314221093
Pool,Glyx.p pool,,9.84010624600461e-06,2581.34909510745
Pool,Glyx.x pool,,1,Inf
Pool,HPA pool,,0.000134779058897284,2576.91138104997
Pool,HPA.p pool,,1.05785566224042e-06,2383.107506918
Pool,HPA.x pool,,1,Inf
Pool,Hcy.c pool,,1,Inf
Pool,ICI pool,,0.00366146241353312,2534.78463297646
Pool,MAL pool,,0.17345019206404,0.131255441470478
Pool,Met pool,,1.78575427078192e-05,2664.64063999689
Pool,Met.c pool,,8.89421735291204e-07,2722.29955085112
Pool,Met.x pool,,1,Inf
Pool,OAA pool,,0.170316186528997,0.0548025654584575
Pool,P5P pool,,0,0
Pool,PEP pool,,0,0
Pool,PEP.c pool,,1.30970754241529e-06,2745.56028842435
Pool,PEP.x pool,,1,Inf
Pool,PRO pool,,5.39499638372903,2603.11125287571
Pool,PYR pool,,9.99999998363421e-08,0
Pool,PYR.c pool,,0.00709777631917596,0.00240141030445816
Pool,PYR.x pool,,1,Inf
Pool,Protein pool,,1,Inf
Pool,R5P pool,,0,0
Pool,R5P.p pool,,2.18152881263158e-06,2497.1089519995
Pool,R5P.x pool,,1,Inf
Pool,RU5P.p pool,,1.72727110342593e-06,2590.20066504428
Pool,RU5P.x pool,,1,Inf
Pool,RUBP pool,,0,0
Pool,RUBP.p pool,,1.72760249523592e-06,2719.29783858736
Pool,RUBP.x pool,,1,Inf
Pool,S6P pool,,1,Inf
Pool,S7P pool,,0,0
Pool,S7P.p pool,,1.38607452132141e-06,2588.97256539741
Pool,S7P.x pool,,1,Inf
Pool,SAH.c pool,,1,Inf
Pool,SAM pool,,4.45959902353404,1.327668983469
Pool,SAM.c pool,,1.86280623409727e-06,2520.31005459155
Pool,SAM.x pool,,1,Inf
Pool,SBP pool,,0,0
Pool,SER pool,,0,0
Pool,SER.c pool,,1.00000000002876e-07,0
Pool,SER.m pool,,1.44908850290593,0.0899571697987317
Pool,SER.p pool,,0.000123209741984548,2520.08894237762
Pool,SER.x pool,,1,Inf
Pool,Sink pool,,1,Inf
Pool,Starch pool,,1,Inf
Pool,THR pool,,3713.83129693306,2414.70508287188
Pool,TP pool,,0,0
Pool,TP.c pool,,4.18760734852326e-06,2525.25621681289
Pool,TP.p pool,,2.46679556727694e-06,2706.90698869092
Pool,TP.x pool,,1,Inf
Pool,UDPG pool,,0,0
Pool,UDPG.c pool,,0.126829937878704,2618.28567770225
Pool,UDPG.x pool,,1,Inf
Pool,X5P.p pool,,1.74799037656311e-06,2446.36553953925
Pool,dummy pool,,1,Inf
Pool,dummyGLY pool,,1,Inf
Pool,dummySER pool,,1,Inf
Pool,meTHF pool,,1.24521392968781,0.800392823813174
Pool,meTHF.c pool,,9.91214267385723e-07,2687.32624529832
Pool,meTHF.x pool,,1,Inf
Pool,myTHF.m pool,,1.00000000002876e-07,0
Pool,outSER pool,,1,Inf
Norm,Experiment1 Glyc205 #1 norm,,1.01088743489767,0.0131880970916628
Norm,Experiment1 Glyc205 #2 norm,,0.941859824671865,0.0207296317906492
Norm,Experiment1 Glyc205 #3 norm,,0.937290979229009,0.0162734905291663
Norm,Experiment1 Glyc205 #4 norm,,1.01938377225567,0.0320564651629866
Norm,Experiment1 Glyc205 #5 norm,,0.997722319445937,0.0345955805737742
Norm,Experiment1 Glyc205 #6 norm,,1.02711087417486,0.0289061774264868
Norm,Experiment1 Glyc205 #7 norm,,0.969392255298103,0.0337107506194325
Norm,Experiment1 Glyc205 #8 norm,,1.0011185596061,0.0318656921530849
Norm,Experiment1 Glyx160 #1 norm,,1.00931213571359,0.0112115021829448
Norm,Experiment1 Glyx160 #2 norm,,0.981190136886571,0.0127936589501873
Norm,Experiment1 Glyx160 #3 norm,,0.945909499027864,0.0167669334784706
Norm,Experiment1 Glyx160 #4 norm,,1.00024797866037,0.0147394026798964
Norm,Experiment1 Glyx160 #5 norm,,0.957205846393949,0.0332990948992506
Norm,Experiment1 Glyx160 #6 norm,,1.01694833307485,0.0205567841481783
Norm,Experiment1 Glyx160 #7 norm,,0.96057221983365,0.0373319366908217
Norm,Experiment1 Glyx160 #8 norm,,1.01605092531576,0.0377451143436062
Norm,Experiment1 GLY276 #1 norm,,1.01044644080351,0.010269930282008
Norm,Experiment1 GLY276 #2 norm,,0.990432406058131,0.0241372900611526
Norm,Experiment1 GLY276 #3 norm,,0.985558703665473,0.0414945654378997
Norm,Experiment1 GLY276 #4 norm,,1.00786533697072,0.0562341536142801
Norm,Experiment1 GLY276 #5 norm,,1.01052601697118,0.13761875856051
Norm,Experiment1 GLY276 #6 norm,,0.993175775263949,0.0750132034409982
Norm,Experiment1 GLY276 #7 norm,,1.02024569188955,0.064189696050458
Norm,Experiment1 GLY276 #8 norm,,1.00538195807512,0.0873057019838398
Norm,Experiment1 HPA262 #1 norm,,0.997371993488911,0.0107112042265346
Norm,Experiment1 HPA262 #2 norm,,0.930747179604899,0.0262716503105533
Norm,Experiment1 HPA262 #3 norm,,0.993212334437688,0.0134046344712453
Norm,Experiment1 HPA262 #4 norm,,0.915398191482572,0.0323225719457255
Norm,Experiment1 HPA262 #5 norm,,0.987799026149238,0.0236101756266423
Norm,Experiment1 HPA262 #6 norm,,0.990947935172108,0.0361560795036983
Norm,Experiment1 HPA262 #7 norm,,0.949109673124823,0.0235895544640917
Norm,Experiment1 HPA262 #8 norm,,1.02499236789566,0.0237098511345214
Norm,Experiment1 GA307 #1 norm,,0.968682456660185,0.0119633915658993
Norm,Experiment1 GA307 #2 norm,,0.993366201730803,0.0309134331897767
Norm,Experiment1 GA307 #3 norm,,0.958118902351791,0.0292219646653903
Norm,Experiment1 GA307 #4 norm,,0.994458475004972,0.0197104686910905
Norm,Experiment1 GA307 #5 norm,,0.994176042595595,0.054731851060619
Norm,Experiment1 GA307 #6 norm,,1.03715121021285,0.042998096204042
Norm,Experiment1 GA307 #7 norm,,0.985144515419266,0.0421298915631573
Norm,Experiment1 GA307 #8 norm,,0.971972931539703,0.0358497739970698
Norm,Experiment1 SER306 #1 norm,,0.995683494124046,0.0143132836566005
Norm,Experiment1 SER306 #2 norm,,1.01529179975335,0.0159858307652783
Norm,Experiment1 SER306 #3 norm,,1.01209512893705,0.0430110053826389
Norm,Experiment1 SER306 #4 norm,,0.992927893057484,0.0417815093116182
Norm,Experiment1 SER306 #5 norm,,1.02426181591238,0.0993805547786928
Norm,Experiment1 SER306 #6 norm,,0.940949293123611,0.062605796749103
Norm,Experiment1 SER306 #7 norm,,0.995235119028587,0.0429597560606851
Norm,Experiment1 SER306 #8 norm,,1.00288470649937,0.0540288448236611
Norm,Experiment1 meTHF #1 norm,,0.994863457944141,0.00987776375650284
Norm,Experiment1 meTHF #2 norm,,1.00836919011657,0.0101953227599223
Norm,Experiment1 meTHF #3 norm,,1.0985789735657,0.0689387674050253
Norm,Experiment1 meTHF #4 norm,,0.989902690280707,0.0479562768498841
Norm,Experiment1 meTHF #5 norm,,0.954163838322216,0.0938124950282778
Norm,Experiment1 meTHF #6 norm,,1.01165519236841,0.137745538725596
Norm,Experiment1 meTHF #7 norm,,0.944223839031407,0.0577460492540198
Norm,Experiment1 meTHF #8 norm,,1.13383931865687,0.111338763927044
Norm,Experiment1 FmTHF #1 norm,,0.997948971191743,0.00990474899391545
Norm,Experiment1 FmTHF #2 norm,,0.985925991475085,0.0233538112875083
Norm,Experiment1 FmTHF #3 norm,,0.9805641118142,0.0313403013741075
Norm,Experiment1 FmTHF #4 norm,,1.01022555362697,0.0271226515661218
Norm,Experiment1 FmTHF #5 norm,,0.966036384464503,0.0598168550136329
Norm,Experiment1 FmTHF #6 norm,,0.999720566411015,0.0693129076318873
Norm,Experiment1 FmTHF #7 norm,,0.972614826908884,0.057942333026813
Norm,Experiment1 FmTHF #8 norm,,1.08049311800771,0.0830719400807592
Norm,Experiment1 Met176 #1 norm,,0.958762909649541,0.024881228101828
Norm,Experiment1 Met176 #2 norm,,0.866191436458491,0.030585327448265
Norm,Experiment1 Met176 #3 norm,,0.932090797701329,0.0522809615781477
Norm,Experiment1 Met176 #4 norm,,0.99528539357036,0.0378074042746444
Norm,Experiment1 Met176 #5 norm,,0.969489860221045,0.0711117639497367
Norm,Experiment1 Met176 #6 norm,,0.997274139825415,0.131204376918002
Norm,Experiment1 Met176 #7 norm,,1.0001557810111,0.11179164643182
Norm,Experiment1 Met176 #8 norm,,0.99279206452604,0.107071685425565
Norm,Experiment1 SAM #1 norm,,1.02087502195302,0.0118923328038888
Norm,Experiment1 SAM #2 norm,,0.983231258102488,0.0118861621073543
Norm,Experiment1 SAM #3 norm,,0.968961653871832,0.0138908512233149
Norm,Experiment1 SAM #4 norm,,1.02283504068688,0.0228855250835195
Norm,Experiment1 SAM #5 norm,,0.986176204306291,0.0390885403299081
Norm,Experiment1 SAM #6 norm,,1.01841297798651,0.0641973929078819
Norm,Experiment1 SAM #7 norm,,1.0011098593033,0.0922773635029418
Norm,Experiment1 SAM #8 norm,,0.995726586522702,0.0854466401751468
Norm,Experiment1 CIT465 #1 norm,,1.00748266492313,0.01221060022617
Norm,Experiment1 CIT465 #2 norm,,1.02606588872517,0.0139481863783153
Norm,Experiment1 CIT465 #3 norm,,0.97082712189489,0.0114265007520625
Norm,Experiment1 CIT465 #4 norm,,0.987274208759875,0.0161368460521988
Norm,Experiment1 CIT465 #5 norm,,0.965842307891118,0.0129927460644202
Norm,Experiment1 CIT465 #6 norm,,0.988193086193604,0.0126891017023562
Norm,Experiment1 CIT465 #7 norm,,0.980650957566936,0.0117546585775975
Norm,Experiment1 CIT465 #8 norm,,1.03039756168761,0.0132838029311446
Norm,Experiment1 MAL335 #1 norm,,0.997429959138089,0.0122199073653742
Norm,Experiment1 MAL335 #2 norm,,1.02192882292375,0.011590707921707
Norm,Experiment1 MAL335 #3 norm,,0.945209704275398,0.00975155106461569
Norm,Experiment1 MAL335 #4 norm,,0.988213821691253,0.0146904865185433
Norm,Experiment1 MAL335 #5 norm,,0.956222395952299,0.0138012179791786
Norm,Experiment1 MAL335 #6 norm,,0.984330250864483,0.0134846335786978
Norm,Experiment1 MAL335 #7 norm,,0.986177171066842,0.020765315613886
Norm,Experiment1 MAL335 #8 norm,,1.0055843004699,0.0372818374712166
Norm,Experiment1 ASP334 #1 norm,,0.996135621517617,0.0231149230237368
Norm,Experiment1 ASP334 #2 norm,,0.936572803266443,0.0302414513621672
Norm,Experiment1 ASP334 #3 norm,,0.979794200184917,0.0200995672137053
Norm,Experiment1 ASP334 #4 norm,,0.967132791154044,0.0162765352621185
Norm,Experiment1 ASP334 #5 norm,,0.891258163258628,0.025135012499075
Norm,Experiment1 ASP334 #6 norm,,0.980364234976717,0.03031314280604
Norm,Experiment1 ASP334 #7 norm,,0.999992959094415,0.0310383840317917
Norm,Experiment1 ASP334 #8 norm,,1.00338275399641,0.0918677294089666
Norm,Experiment1 GLU348 #1 norm,,1.03121660008392,0.0227463284531924
Norm,Experiment1 GLU348 #2 norm,,0.997647008324298,0.0202290009881988
Norm,Experiment1 GLU348 #3 norm,,0.980174260768534,0.010979407082283
Norm,Experiment1 GLU348 #4 norm,,0.962826712243913,0.0331015678156583
Norm,Experiment1 GLU348 #5 norm,,0.981113249573255,0.0225289690785172
Norm,Experiment1 GLU348 #6 norm,,0.951712293200371,0.0124515992039054
Norm,Experiment1 GLU348 #7 norm,,0.992071790338349,0.0138797606155252
Norm,Experiment1 GLU348 #8 norm,,0.99111735153239,0.0170972201865308
Norm,Experiment1 THR320 #1 norm,,1.00584994566458,0.010622702173065
Norm,Experiment1 THR320 #2 norm,,1.04028184310145,0.014797248263897
Norm,Experiment1 THR320 #3 norm,,0.954321627522211,0.0100673616205267
Norm,Experiment1 THR320 #4 norm,,1.03753432790717,0.0309006288941863
Norm,Experiment1 THR320 #5 norm,,0.995187245308646,0.0211733739345406
Norm,Experiment1 THR320 #6 norm,,1.00834587333349,0.0114470951385722
Norm,Experiment1 THR320 #7 norm,,0.953556446370214,0.013625730591708
Norm,Experiment1 THR320 #8 norm,,0.880645710392501,0.0238403397733474
Norm,Experiment1 ALA116 #1 norm,,0.968313055725634,0.0096498209093175
Norm,Experiment1 ALA116 #2 norm,,0.993621781656188,0.0100741119856746
Norm,Experiment1 ALA116 #3 norm,,1.00606465773891,0.0179758474483761
Norm,Experiment1 ALA116 #4 norm,,1.05830377684435,0.0220084099138185
Norm,Experiment1 ALA116 #5 norm,,1.00510952126023,0.10820758939838
Norm,Experiment1 ALA116 #6 norm,,0.972559922211661,0.0834231082493622
Norm,Experiment1 ALA116 #7 norm,,1.03040741193396,0.063568696255179
Norm,Experiment1 ALA116 #8 norm,,0.874236854648557,0.111667963808151
Norm,Experiment1 PYR #1 norm,,0.973748046457039,0.0167390112337146
Norm,Experiment1 PYR #2 norm,,0.95704092566204,0.0462598989502238
Norm,Experiment1 PYR #3 norm,,0.943373171998874,0.0893874680155071
Norm,Experiment1 PYR #4 norm,,1.02853500628091,0.0449366592009334
Norm,Experiment1 PYR #5 norm,,1.04089336238761,0.0530143806320863
Norm,Experiment1 PYR #6 norm,,1.06226181038681,0.0569249763454557
Norm,Experiment1 PYR #7 norm,,0.950775259846154,0.0934901070927923
Norm,Experiment1 PYR #8 norm,,0.978723031608942,0.0642105392078587
