type,id,eqn,val,std
Net flux,CO2.t,CO2.t -> CO2,47.5082882179988,1.14787925991201
Net flux,CO2_sink,dummy -> Sink,47.5082882179987,1.14787925991201
Net flux,RUBICSO_CO2,RUBP.p + CO2 -> 3PGA.p + 3PGA.p + dummy,57.6392131942659,1.22636719257108
Net flux,GAPDH.p net,3PGA.p <-> TP.p,136.158153392031,2.69153007452148
Exch flux,GAPDH.p exch,3PGA.p <-> TP.p,0.00627269522058072,0.896531090484803
Net flux,ALD,TP.p + E4P.p -> SBP,24.8132615365145,0.484314260289457
Net flux,SBP,SBP -> S7P.p,24.8132615365145,0.484314260289457
Net flux,FBA.p net,TP.p + TP.p <-> FBP.p,29.135285494136,0.66874817977885
Exch flux,FBA.p exch,TP.p + TP.p <-> FBP.p,20638.3299895365,2045.66876326095
Net flux,PFK.p net,FBP.p <-> F6P.p,29.1352854941392,0.66874817977885
Exch flux,PFK.p exch,FBP.p <-> F6P.p,9.99917375565929e-08,4.54231610763873e-13
Net flux,TK1 net,TP.p + EC2 <-> X5P.p,49.6265230730289,0.968628520578913
Exch flux,TK1 exch,TP.p + EC2 <-> X5P.p,9.99999976158961e-08,0
Net flux,TK2 net,S7P.p <-> R5P.p + EC2,24.8132615365144,0.484314260289457
Exch flux,TK2 exch,S7P.p <-> R5P.p + EC2,37.8500958686283,4189.44150920937
Net flux,TK3 net,F6P.p <-> E4P.p + EC2,24.8132615365139,0.484314260289457
Exch flux,TK3 exch,F6P.p <-> E4P.p + EC2,7025.72402834114,5164.59235980483
Net flux,PPE net,X5P.p <-> RU5P.p,49.6265230730289,0.968628520578913
Exch flux,PPE exch,X5P.p <-> RU5P.p,74.7601528809482,5264.28310292435
Net flux,PPI net,R5P.p <-> RU5P.p,24.8132615365145,0.484314260289457
Exch flux,PPI exch,R5P.p <-> RU5P.p,237.885628852874,4995.08930186353
Net flux,PRK,RU5P.p -> RUBP.p,74.4397846095436,1.45294278086837
Net flux,RUBISCO_O2,RUBP.p -> 3PGA.p + 2PG.p,16.8005714152776,0.59692261115653
Net flux,GLYdil net,GLY.p <-> GLY.x + dummyGLY,0.00878326488075487,0.00132615424335407
Exch flux,GLYdil exch,GLY.p <-> GLY.x + dummyGLY,1.0000000116861e-07,0
Net flux,SERdil net,SER.p <-> SER.x + dummySER,2.2911337264738,1.02539810325299
Exch flux,SERdil exch,SER.p <-> SER.x + dummySER,0.885613356586873,1.02382124708995
Net flux,GK,GA.p -> 3PGA.p,4.44672531106219,1.06088715030383
Net flux,PGI.p net,F6P.p <-> G6P.p,4.32202395762464,0.41407284864069
Exch flux,PGI.p exch,F6P.p <-> G6P.p,3.95365799377753,4144.8605954189
Net flux,PGM.p,G6P.p -> ADPG.p,4.32202395762465,0.41407284864069
Net flux,Starch,ADPG.p -> Starch,4.32202395762463,0.41407284864069
Net flux,FBA.c net,TP.c + TP.c <-> FBP.c,1.72389889710394,0.260285425627042
Exch flux,FBA.c exch,TP.c + TP.c <-> FBP.c,20.6287604192058,4144.86058290849
Net flux,PFK.c net,FBP.c <-> F6P.c,1.72389889710395,0.260285425627042
Exch flux,PFK.c exch,FBP.c <-> F6P.c,5.28143749208748,4144.86058290849
Net flux,PGI.c net,F6P.c <-> G6P.c,0.861949448551997,0.130142712813521
Exch flux,PGI.c exch,F6P.c <-> G6P.c,227.336604491191,4144.86057677905
Net flux,PGM.c net,G6P.c <-> UDPG.c,0.861949448546511,0.130142712813521
Exch flux,PGM.c exch,G6P.c <-> UDPG.c,48481.4322573031,4144.8605747359
Net flux,SPS,F6P.c + UDPG.c -> S6P,0.861949448551943,0.130142712813521
Net flux,PGAM.c net,3PGA.c <-> PEP.c,0.367569722840284,0.0554980584440237
Exch flux,PGAM.c exch,3PGA.c <-> PEP.c,2.59610540058725,4144.86057510745
Net flux,PK.c,PEP.c -> PYR.c,0.166847554756181,0.0251917249155741
Net flux,PDH,PYR.c + dummy -> ACA + CO2,0.138860056161735,0.0209659910339988
Net flux,CS,OAA + ACA -> CIT,0.138860056161731,0.0209659910339988
Net flux,ACO net,CIT <-> ICI,0.138860056161775,0.0209659910339988
Exch flux,ACO exch,CIT <-> ICI,1155.51122954286,4144.8605747359
Net flux,IDH,ICI + dummy -> AKG + CO2,0.138860056161747,0.0209659910339988
Net flux,MDH net,MAL <-> OAA,2.1316282072803e-14,0
Exch flux,MDH exch,MAL <-> OAA,0.00694856507145403,0.54972289526349
Net flux,PPC,PEP.c + CO2 -> OAA + dummy,0.200722168084076,0.0303063335335966
Net flux,T_3PGA net,3PGA.p <-> 3PGA.c,0.367569722840265,0.0554980584440237
Exch flux,T_3PGA exch,3PGA.p <-> 3PGA.c,7.08664865457542,5735.38364318986
Net flux,T_DHAP net,TP.p <-> TP.c,3.44779779420794,0.520570851254085
Exch flux,T_DHAP exch,TP.p <-> TP.c,9.99999998363421e-08,0
Net flux,ALT,PYR.c -> ALA.c,0.0279874985945281,0.00422573388479213
Net flux,ASPT,OAA -> ASP,0.061862111922667,0.00934034249831101
Net flux,GLUDH,AKG -> GLU,0.138860056161724,0.0209659910339988
Net flux,PCR net,GLU <-> PRO,-2.48689957516035e-14,0
Exch flux,PCR exch,GLU <-> PRO,1.0000000116861e-07,0
Net flux,GS net,GLU <-> GLN,0,0
Exch flux,GS exch,GLU <-> GLN,1.00042534256772e-07,0
Net flux,TS net,ASP <-> THR,0,0
Exch flux,TS exch,ASP <-> THR,0.0405299084316368,0.0280223109293996
Net flux,AS net,ASP <-> ASN,1.06581410364015e-14,0
Exch flux,AS exch,ASP <-> ASN,0.0207550995442816,0.0206480217929926
Net flux,G_3PGA.p,0*3PGA.p -> 3PGA,2.46866292741288e-06,7896.1755757071
Net flux,G_3PGA.c,0*3PGA.c -> 3PGA,92.9119081391217,5784.33216460455
Net flux,G_DHAP.p,0*TP.p -> TP,40.685379842242,6959.47584696784
Net flux,G_DHAP.c,0*TP.c -> TP,51.8471856996947,4563.0190714249
Net flux,G_F6P.p,0*F6P.p -> F6P,48.6686345030749,7053.87395447381
Net flux,G_F6P.c,0*F6P.c -> F6P,36.546576817712,5096.5103546722
Net flux,G_FBP.p,0*FBP.p -> FBP,2.46866126474288e-06,7245.32315752603
Net flux,G_FBP.c,0*FBP.c -> FBP,83.451231047571,5225.78761374964
Net flux,G_G6P.p,0*G6P.p -> G6P,19.0549768397257,6912.8295045348
Net flux,G_G6P.c,0*G6P.c -> G6P,58.8549499993083,4976.68965606701
Net flux,G_RU5P.p,0*RU5P.p -> P5P,2.46865368325189e-06,7493.69887184245
Net flux,G_X5P.p,0*X5P.p -> P5P,92.8477691499279,5328.91415168212
Net flux,G_R5P.p,0*R5P.p -> R5P,82.2810779884949,5171.36392034184
Net flux,G_GA.p,0*GA.p -> GA,38.7630161253161,1.61720419947051
Net flux,G_SER.p,0*SER.p -> SER,97.4511722147309,5318.77262807868
Net flux,G_GLY.p,0*GLY.p -> GLY,23.0095119933382,4812.32053541972
Net flux,G_RUBP.p,0*RUBP.p -> RUBP,92.5302752673064,5078.27306816075
Net flux,G_S7P.p,0*S7P.p -> S7P,98.4567310636212,4978.98067438517
Net flux,G_2PG.p,0*2PG.p -> 2PG,87.0427532706349,5232.91371214369
Net flux,G_ADPG.p,0*ADPG.p -> ADPG,95.0805622183377,5153.25341785309
Net flux,G_PEP.c,0*PEP.c -> PEP,89.2305410445615,5051.70181789696
Net flux,G_UDPG.c,0*UDPG.c -> UDPG,72.4268033045549,5253.28427163125
Net flux,G_ALA.c,0*ALA.c -> ALA,74.6926306541637,7.66372245321335
Net flux,(1-G)_GA,0*GA.x -> GA,61.2369838746859,1.61720419947051
Net flux,(1-G)_SER,0*SER.x -> SER,2.54882755918089,2.69613822912801
Net flux,(1-G)_GLY,0*GLY.x -> GLY,31.2053530553427,2.89456598649568
Net flux,(1-G)_R5P,0*R5P.x -> R5P,17.718922011502,5171.36392034184
Net flux,(1-G)_RUBP,0*RUBP.x -> RUBP,7.4697247326924,5078.27306816075
Net flux,(1-G)_3PGA,0*3PGA.x -> 3PGA,7.08808939221568,5364.46693650132
Net flux,(1-G)_TP,0*TP.x -> TP,7.46743445806383,5035.60870786929
Net flux,(1-G)_F6P,0*F6P.x -> F6P,14.7847886792169,4826.06404142319
Net flux,(1-G)_FBP,0*FBP.x -> FBP,16.5487664837624,5125.47148248545
Net flux,(1-G)_G6P,0*G6P.x -> G6P,22.0900731609643,4882.44933554341
Net flux,(1-G)_RU5P,0*RU5P.x -> P5P,7.15222838141986,5334.6598155554
Net flux,(1-G)_S7P,0*S7P.x -> S7P,1.54326893637677,4978.98067438517
Net flux,(1-G)_2PG,0*2PG.x -> 2PG,12.9572467293675,5232.91371214369
Net flux,(1-G)_ADPG,0*ADPG.x -> ADPG,4.91943778166132,5153.25341785309
Net flux,(1-G)_PEP,0*PEP.x -> PEP,10.7694589554367,5051.70181789696
Net flux,(1-G)_UDPG,0*UDPG.x -> UDPG,27.5731966954463,5253.28427163125
Net flux,(1-G)_ALA,0*ALA.x -> ALA,25.3073693458361,7.66372245321335
Net flux,PGASink,3PGA -> Sink,100,0
Net flux,DHAPSink,TP -> Sink,100.000000000001,0
Net flux,F6PSink,F6P -> Sink,100.000000000004,0
Net flux,FBPSink,FBP -> Sink,99.9999999999947,0
Net flux,G6PSink,G6P -> Sink,99.9999999999983,0
Net flux,P5PSink,P5P -> Sink,100.000000000001,0
Net flux,R5PSink,R5P -> Sink,99.9999999999968,0
Net flux,GASink,GA -> Sink,100.000000000002,0
Net flux,SERSink,SER -> Sink,99.9999999999996,0
Net flux,GLYSink,GLY -> Sink,100.000000000001,0
Net flux,RUBPSink,RUBP -> Sink,99.9999999999987,0
Net flux,S7PSink,S7P -> Sink,99.9999999999979,0
Net flux,2PGSink,2PG -> Sink,100.000000000002,0
Net flux,ADPGSink,ADPG -> Sink,99.999999999999,0
Net flux,PEPSink,PEP -> Sink,99.9999999999983,0
Net flux,UDPGSink,UDPG -> Sink,100.000000000001,0
Net flux,ALASink,ALA -> Sink,99.9999999999998,0
Net flux,S6Pout-LL,S6P + 0.1611*GLU + 0.07177*ASP + 0.03247*ALA.c + 0.01019*dummyGLY + 0.03484*dummySER -> Sink,0.861949448551979,0.130142712813521
Net flux,PGP.p,2PG.p -> Glyc.p,16.8005714152776,0.59692261115653
Net flux,GOX,Glyc.p -> Glyx.p,16.8005714152777,0.59692261115653
Net flux,GGT,Glyx.p -> GLY.p,16.8005714152776,0.59692261115653
Net flux,SGAT,SER.p -> HPA.p,4.44672531106218,1.06088715030383
Net flux,HPR.p,HPA.p -> GA.p,4.44672531106217,1.06088715030383
Net flux,T_GLY-m net,GLY.p <-> GLY.m,16.7918791720731,5160.61491557574
Exch flux,T_GLY-m exch,GLY.p <-> GLY.m,67881.0431885591,5210.39846307957
Net flux,GDC.m,GLY.m + dummy -> myTHF.m + CO2,10.0539270320281,0.462623398055473
Net flux,T_SER-m net,SER.p <-> SER.m,-10.0539270320281,0.462623398055473
Exch flux,T_SER-m exch,SER.p <-> SER.m,8.06149224167668,43.3443398442612
Net flux,mSHMT,GLY.m + myTHF.m -> SER.m,10.0539270320281,0.462623398055473
Net flux,T_SER-c net,SER.p <-> SER.c,3.31606799449207,0.802128573604601
Exch flux,T_SER-c exch,SER.p <-> SER.c,1.00000000280431e-07,1.6862051317612e-14
Net flux,T_Gly-c net,GLY.p <-> GLY.c,-9.10216946525821e-05,5160.61488105173
Exch flux,T_Gly-c exch,GLY.p <-> GLY.c,9.99999998363421e-08,0
Net flux,cSHMT,SER.c -> GLY.c + meTHF.c,3.31606789449207,0.802128573604601
Net flux,FmTHF-reductase net,meTHF.c <-> FmTHF.c,3.31606789449207,0.802128573604601
Exch flux,FmTHF-reductase exch,meTHF.c <-> FmTHF.c,5.66378958756243,5203.45394406411
Net flux,Met-synthase,FmTHF.c + Hcy.c -> Met.c,3.31606789449205,0.802128573604601
Net flux,SAM-synthase,Met.c -> SAM.c,3.31606789449206,0.802128573604601
Net flux,Methylation,SAM.c -> SAH.c + Acceptor.c,3.31606789449205,0.802128573604601
Net flux,hydrolysis,SAH.c -> Hcy.c,3.31606789449205,0.802128573604601
Net flux,G_SER.m,0*SER.m -> SER,1.0000000116861e-07,0
Net flux,G_SER.c,0*SER.c -> SER,1.26087861929136e-07,5318.77194472892
Net flux,G_Gly.m,0*GLY.m -> GLY,0.000123990022636633,4812.31844095814
Net flux,G_Gly.c,0*GLY.c -> GLY,45.7850109612977,5.85907125392884
Net flux,T_GLY-c-m,GLY.c -> GLY.m,3.31597489196462,5160.61494338973
Net flux,G_Glyc,0*Glyc.p -> Glyc,19.2761620856943,1.11618925587141
Net flux,G_Glyx,0*Glyx.p -> Glyx,14.7375578952392,2.16920215564316
Net flux,G_HPA,0*HPA.p -> HPA,8.80400646264353,1.28011925483542
Net flux,(1-G)_Glyc,0*Glyc.x -> Glyc,80.7238379143063,1.11618925587141
Net flux,(1-G)_Glyx,0*Glyx.x -> Glyx,85.2624421047616,2.16920215564316
Net flux,(1-G)_HPA,0*HPA.x -> HPA,91.1959935373564,1.28011925483542
Net flux,GlycSink,Glyc -> Sink,100.000000000001,0
Net flux,GlyxSink,Glyx -> Sink,100.000000000001,0
Net flux,HPASink,HPA -> Sink,99.9999999999998,0
Net flux,SERex,dummySER -> outSER,2.26110064427626,1.02795375941519
Net flux,G_PYR,0*PYR.c -> PYR,31.4942949732896,2.03979235942809
Net flux,(1-G)_PYR,0*PYR.x -> PYR,68.5057050267106,2.03979235942809
Net flux,PYRSink,PYR -> Sink,100,0
Net flux,G_meTHF,0*meTHF.c -> meTHF,99.9999747956747,5197.36076909187
Net flux,G_FmTHF,0*FmTHF.c -> FmTHF,72.3038463731122,3.10431865597228
Net flux,G_Met,0*Met.c -> Met,64.1662762880182,4.15789342898625
Net flux,G_SAM,0*SAM.c -> SAM,67.7787680184913,3.8396142630046
Net flux,(1-G)_meTHF,0*meTHF.x -> meTHF,2.52043252828571e-05,5197.36076909187
Net flux,(1-G)_FmTHF,0*FmTHF.x -> FmTHF,27.6961536268878,3.10431865597228
Net flux,(1-G)_Met,0*Met.x -> Met,35.8337237119819,4.15789342898625
Net flux,(1-G)_SAM,0*SAM.x -> SAM,32.2212319815088,3.8396142630046
Net flux,meTHFSink,meTHF -> Sink,99.9999999999999,0
Net flux,FmTHFSink,FmTHF -> Sink,100,0
Net flux,MetSink,Met -> Sink,100,0
Net flux,SAMsink,SAM -> Sink,100,0
Net flux,Met-protein,Met.c -> Protein,6.51983996113883e-15,0
Net flux,GLY-protein,GLY.c -> Protein,1.98083283287076e-06,1.13558038847568e-13
Net flux,SER-protein,SER.c -> Protein,9.99999976158961e-08,5.67809331003404e-14
Pool,2PG pool,,0,0
Pool,2PG.p pool,,3.70748846097472e-06,5229.31040489707
Pool,2PG.x pool,,1,Inf
Pool,3PGA pool,,0,0
Pool,3PGA.c pool,,1.50347198273296e-05,5225.40732548925
Pool,3PGA.p pool,,3.99003337529084e-06,4991.50615414417
Pool,3PGA.x pool,,1,Inf
Pool,ACA pool,,2.6417990558352e-06,4923.40496496344
Pool,ADPG pool,,0,0
Pool,ADPG.p pool,,9.9999999999999e-08,Inf
Pool,ADPG.x pool,,1,Inf
Pool,AKG pool,,2.71830914036221e-06,4871.28238787913
Pool,ALA pool,,0,0
Pool,ALA.c pool,,0.0079237282048009,0.00263547480729747
Pool,ALA.x pool,,1,Inf
Pool,ASN pool,,7559.00001687041,5173.31610606696
Pool,ASP pool,,2.99574061380698e-06,5317.78364274442
Pool,Acceptor.c pool,,1,Inf
Pool,CIT pool,,10.8994452486263,1114.81562933674
Pool,CO2 pool,,0.243350947906787,0.119077622374387
Pool,CO2.t pool,,1,Inf
Pool,E4P.p pool,,0,0
Pool,EC2 pool,,0,0
Pool,F6P pool,,0,0
Pool,F6P.c pool,,3.82972419850155e-06,4960.42906007265
Pool,F6P.p pool,,3.90028385828126e-06,4885.01916129303
Pool,F6P.x pool,,1,Inf
Pool,FBP pool,,0,0
Pool,FBP.c pool,,3.82968155250488e-06,4970.74863903014
Pool,FBP.p pool,,3.74700052670721e-06,4909.11729367037
Pool,FBP.x pool,,1,Inf
Pool,FmTHF pool,,1.33291521802611,0.717893794143974
Pool,FmTHF.c pool,,2.27266325209296e-06,5200.76260230909
Pool,FmTHF.x pool,,1,Inf
Pool,G6P pool,,0,0
Pool,G6P.c pool,,9.87497499257249e-06,5212.233918681
Pool,G6P.p pool,,3.82891353961225e-06,4883.29231000271
Pool,G6P.x pool,,1,Inf
Pool,GA pool,,0,0
Pool,GA.p pool,,3.72433728445889e-06,4944.42239286897
Pool,GA.x pool,,1,Inf
Pool,GLN pool,,8.83867754991261,5182.75856378307
Pool,GLU pool,,2.7183177536846e-06,5340.19306705538
Pool,GLY pool,,0,0
Pool,GLY.c pool,,0.0337921287941172,0.0663727846321225
Pool,GLY.m pool,,0.227038447184002,0.0754496537899501
Pool,GLY.p pool,,0.000425001448848829,5412.95812026156
Pool,GLY.x pool,,1,Inf
Pool,Glyc pool,,4.43813341603195,1.25479513599332
Pool,Glyc.p pool,,1.93089620731619e-05,5118.20125619124
Pool,Glyc.x pool,,1,Inf
Pool,Glyx pool,,21.9431405369446,7.82917886363706
Pool,Glyx.p pool,,2.82318727039081e-05,5312.24751522934
Pool,Glyx.x pool,,1,Inf
Pool,HPA pool,,0.000163982555768809,5165.78928721087
Pool,HPA.p pool,,2.77523001857748e-06,5134.42166252466
Pool,HPA.x pool,,1,Inf
Pool,Hcy.c pool,,1,Inf
Pool,ICI pool,,0.00370113399973316,5176.53531558965
Pool,MAL pool,,0.0310008377583628,2.41005992572777
Pool,Met pool,,0.00035943045710899,4966.73225251798
Pool,Met.c pool,,2.16215885574825e-06,5050.63503423168
Pool,Met.x pool,,1,Inf
Pool,OAA pool,,0.0871600067038658,0.0283544478918049
Pool,P5P pool,,0,0
Pool,PEP pool,,0,0
Pool,PEP.c pool,,5.48013410308233e-06,5095.10140321333
Pool,PEP.x pool,,1,Inf
Pool,PRO pool,,5.3949961640773,5205.76329445551
Pool,PYR pool,,1e-07,0
Pool,PYR.c pool,,0.00985622929553318,0.00299040169365202
Pool,PYR.x pool,,1,Inf
Pool,Protein pool,,1,Inf
Pool,R5P pool,,0,0
Pool,R5P.p pool,,3.04008751062634e-05,5470.51375203419
Pool,R5P.x pool,,1,Inf
Pool,RU5P.p pool,,3.77078458093403e-06,5359.10128517054
Pool,RU5P.x pool,,1,Inf
Pool,RUBP pool,,0,0
Pool,RUBP.p pool,,3.78179481931585e-06,5200.51557088137
Pool,RUBP.x pool,,1,Inf
Pool,S6P pool,,1,Inf
Pool,S7P pool,,0,0
Pool,S7P.p pool,,3.94306326352062e-06,5124.51706911389
Pool,S7P.x pool,,1,Inf
Pool,SAH.c pool,,1,Inf
Pool,SAM pool,,4.2539186266836,1.29727243527301
Pool,SAM.c pool,,2.75648858202809e-06,5054.10354079625
Pool,SAM.x pool,,1,Inf
Pool,SBP pool,,0,0
Pool,SER pool,,0,0
Pool,SER.c pool,,1.00000000002876e-07,0
Pool,SER.m pool,,1.17483233590925,0.104324335795026
Pool,SER.p pool,,1.00000000002876e-07,0
Pool,SER.x pool,,1,Inf
Pool,Sink pool,,1,Inf
Pool,Starch pool,,1,Inf
Pool,THR pool,,1743.69734957452,5076.88148932168
Pool,TP pool,,0,0
Pool,TP.c pool,,4.18763391690598e-06,5057.10786758115
Pool,TP.p pool,,4.14953800138498e-06,5077.85821075254
Pool,TP.x pool,,1,Inf
Pool,UDPG pool,,0,0
Pool,UDPG.c pool,,0.201641275492472,5075.82420273965
Pool,UDPG.x pool,,1,Inf
Pool,X5P.p pool,,3.87673056116069e-06,5084.96308247746
Pool,dummy pool,,1,Inf
Pool,dummyGLY pool,,1,Inf
Pool,dummySER pool,,1,Inf
Pool,meTHF pool,,1.25138434384555,0.885681274166733
Pool,meTHF.c pool,,2.32912500268828e-06,5173.31248961719
Pool,meTHF.x pool,,1,Inf
Pool,myTHF.m pool,,3.03268693476853e-05,4993.43697916273
Pool,outSER pool,,1,Inf
Norm,Experiment1 Glyc205 #1 norm,,0.983516869358063,0.0129513922652603
Norm,Experiment1 Glyc205 #2 norm,,0.990148624541436,0.0235261706286792
Norm,Experiment1 Glyc205 #3 norm,,0.977541077138618,0.0219776413487798
Norm,Experiment1 Glyc205 #4 norm,,1.00628398403532,0.0334517716839003
Norm,Experiment1 Glyc205 #5 norm,,0.999804009430237,0.0346518497591372
Norm,Experiment1 Glyc205 #6 norm,,1.01913987164336,0.0273194086904417
Norm,Experiment1 Glyc205 #7 norm,,0.981256441692279,0.0334196921228989
Norm,Experiment1 Glyc205 #8 norm,,0.968439120287925,0.027829616340179
Norm,Experiment1 Glyx160 #1 norm,,0.971707209342874,0.0108948043232645
Norm,Experiment1 Glyx160 #2 norm,,0.972852794360545,0.0127079486515308
Norm,Experiment1 Glyx160 #3 norm,,0.96416834977541,0.0169929033733264
Norm,Experiment1 Glyx160 #4 norm,,1.03278396438265,0.01499053847245
Norm,Experiment1 Glyx160 #5 norm,,0.942907225704299,0.0330077820386079
Norm,Experiment1 Glyx160 #6 norm,,1.01690981494678,0.0206236085154271
Norm,Experiment1 Glyx160 #7 norm,,0.982847220789118,0.0380290241522381
Norm,Experiment1 Glyx160 #8 norm,,1.00529915404588,0.0393200005266208
Norm,Experiment1 GLY276 #1 norm,,0.987262723625559,0.0099872388114487
Norm,Experiment1 GLY276 #2 norm,,0.976698595548518,0.0234651680840648
Norm,Experiment1 GLY276 #3 norm,,1.01679184567665,0.0522892710358372
Norm,Experiment1 GLY276 #4 norm,,0.990582682288922,0.0689804417015398
Norm,Experiment1 GLY276 #5 norm,,0.987566002020852,0.132136657161455
Norm,Experiment1 GLY276 #6 norm,,0.925628426984087,0.0844465653694992
Norm,Experiment1 GLY276 #7 norm,,1.04470580913102,0.0679381123958063
Norm,Experiment1 GLY276 #8 norm,,0.972655409443998,0.066226668124866
Norm,Experiment1 HPA262 #1 norm,,0.97833701241198,0.0104209763445435
Norm,Experiment1 HPA262 #2 norm,,0.909211821477286,0.0271864633454599
Norm,Experiment1 HPA262 #3 norm,,0.958930541329617,0.013087906161085
Norm,Experiment1 HPA262 #4 norm,,0.895476464312425,0.034218079265748
Norm,Experiment1 HPA262 #5 norm,,0.95605127017767,0.0239577291825628
Norm,Experiment1 HPA262 #6 norm,,0.925665010340238,0.0332789208994929
Norm,Experiment1 HPA262 #7 norm,,0.995945285394093,0.0256973864566544
Norm,Experiment1 HPA262 #8 norm,,1.02114148063597,0.0239605801284343
Norm,Experiment1 GA307 #1 norm,,0.982695579062285,0.0120529435458486
Norm,Experiment1 GA307 #2 norm,,0.963345405196383,0.0298070721147694
Norm,Experiment1 GA307 #3 norm,,0.958686524205288,0.0298658018057498
Norm,Experiment1 GA307 #4 norm,,0.983510156537193,0.0195155939059547
Norm,Experiment1 GA307 #5 norm,,0.95711075363774,0.0571912265581869
Norm,Experiment1 GA307 #6 norm,,1.0518613064772,0.040676624545648
Norm,Experiment1 GA307 #7 norm,,0.978753652292081,0.0426932182446971
Norm,Experiment1 GA307 #8 norm,,0.981430064481379,0.0360285281578061
Norm,Experiment1 SER306 #1 norm,,1.00855723469554,0.0143327717090497
Norm,Experiment1 SER306 #2 norm,,1.02344628098462,0.0166232100675461
Norm,Experiment1 SER306 #3 norm,,0.935414828423824,0.0382648387030171
Norm,Experiment1 SER306 #4 norm,,1.02666624659091,0.0528637078194382
Norm,Experiment1 SER306 #5 norm,,1.0536735851808,0.114844958439982
Norm,Experiment1 SER306 #6 norm,,0.952401458387506,0.0713159168189127
Norm,Experiment1 SER306 #7 norm,,1.02208734563559,0.0548583957557482
Norm,Experiment1 SER306 #8 norm,,0.977905529203102,0.0472793750044111
Norm,Experiment1 meTHF #1 norm,,1.00286497524181,0.00992805091241004
Norm,Experiment1 meTHF #2 norm,,1.01773571473878,0.0101410018487504
Norm,Experiment1 meTHF #3 norm,,0.964844992937959,0.0594213293947937
Norm,Experiment1 meTHF #4 norm,,0.982855232717993,0.0554929612141129
Norm,Experiment1 meTHF #5 norm,,0.988451805159542,0.0984418532578684
Norm,Experiment1 meTHF #6 norm,,0.966073097538234,0.12887518215751
Norm,Experiment1 meTHF #7 norm,,0.993175520016033,0.0600682994955816
Norm,Experiment1 meTHF #8 norm,,1.03415207111763,0.105226009852626
Norm,Experiment1 FmTHF #1 norm,,0.982209335790014,0.00968765409226019
Norm,Experiment1 FmTHF #2 norm,,0.988995845116943,0.0230637369945801
Norm,Experiment1 FmTHF #3 norm,,0.96717871165856,0.0305644057470566
Norm,Experiment1 FmTHF #4 norm,,1.02747400225023,0.0272158221036685
Norm,Experiment1 FmTHF #5 norm,,0.938878627411694,0.0500573185916
Norm,Experiment1 FmTHF #6 norm,,1.0004714648692,0.0647281850310764
Norm,Experiment1 FmTHF #7 norm,,0.985930461848353,0.0557451085419514
Norm,Experiment1 FmTHF #8 norm,,1.03093304986577,0.0970383930167602
Norm,Experiment1 Met176 #1 norm,,0.995164941669895,0.0256185593396505
Norm,Experiment1 Met176 #2 norm,,0.903300497540169,0.0322919036071723
Norm,Experiment1 Met176 #3 norm,,0.956284029625569,0.0570534178979096
Norm,Experiment1 Met176 #4 norm,,0.972716702879153,0.0371502737703445
Norm,Experiment1 Met176 #5 norm,,0.96088638857545,0.0847967362727789
Norm,Experiment1 Met176 #6 norm,,1.00550942871086,0.107043680293942
Norm,Experiment1 Met176 #7 norm,,0.998767157896751,0.100202655724161
Norm,Experiment1 Met176 #8 norm,,0.983608011721234,0.140168893847749
Norm,Experiment1 SAM #1 norm,,1.01114201960684,0.0119483001465788
Norm,Experiment1 SAM #2 norm,,0.978751726891021,0.0117974604962303
Norm,Experiment1 SAM #3 norm,,0.997374412204475,0.0145441245809529
Norm,Experiment1 SAM #4 norm,,1.02798081000231,0.0233129734208024
Norm,Experiment1 SAM #5 norm,,0.982377406744917,0.0384472305190581
Norm,Experiment1 SAM #6 norm,,0.996130675918141,0.062946755603192
Norm,Experiment1 SAM #7 norm,,1.00372458911456,0.0903211527034089
Norm,Experiment1 SAM #8 norm,,0.988467353126841,0.0824832054559465
Norm,Experiment1 CIT465 #1 norm,,0.991750822078002,0.0116167066296689
Norm,Experiment1 CIT465 #2 norm,,0.967070253364501,0.0132306790562088
Norm,Experiment1 CIT465 #3 norm,,0.9887366485407,0.0115475047133647
Norm,Experiment1 CIT465 #4 norm,,0.999971800322966,0.0164564407201364
Norm,Experiment1 CIT465 #5 norm,,0.952074976442653,0.0130220394115349
Norm,Experiment1 CIT465 #6 norm,,1.04007318859802,0.0133118801335892
Norm,Experiment1 CIT465 #7 norm,,0.982097100143333,0.0116502334794045
Norm,Experiment1 CIT465 #8 norm,,1.02306991388844,1.22871830100068
Norm,Experiment1 MAL335 #1 norm,,0.984876806844846,0.0120864277882981
Norm,Experiment1 MAL335 #2 norm,,0.991139975809295,0.0111858977184876
Norm,Experiment1 MAL335 #3 norm,,0.984217261432539,0.0103605777851404
Norm,Experiment1 MAL335 #4 norm,,0.965428869952702,0.0140371031578278
Norm,Experiment1 MAL335 #5 norm,,0.937560025975903,0.0135303300511304
Norm,Experiment1 MAL335 #6 norm,,0.94530268485207,0.016720139634391
Norm,Experiment1 MAL335 #7 norm,,0.97100559706309,0.0280986380216702
Norm,Experiment1 MAL335 #8 norm,,1.00240628216052,0.039158716545295
Norm,Experiment1 ASP334 #1 norm,,0.993032537937156,0.0220009813003455
Norm,Experiment1 ASP334 #2 norm,,0.941175286508482,0.0305848199940559
Norm,Experiment1 ASP334 #3 norm,,1.01028677464804,0.0219562166958118
Norm,Experiment1 ASP334 #4 norm,,0.985121766371021,0.0169433040632131
Norm,Experiment1 ASP334 #5 norm,,0.976804647930824,0.0265509612829028
Norm,Experiment1 ASP334 #6 norm,,0.948238588353825,0.0306493635060593
Norm,Experiment1 ASP334 #7 norm,,0.983220604093318,0.0308117388719686
Norm,Experiment1 ASP334 #8 norm,,0.966777237047232,0.086824874789429
Norm,Experiment1 GLU348 #1 norm,,0.970026330244167,0.0209682232473285
Norm,Experiment1 GLU348 #2 norm,,0.969048890370721,0.0189747253055187
Norm,Experiment1 GLU348 #3 norm,,0.976199552432075,0.0109688074577725
Norm,Experiment1 GLU348 #4 norm,,1.04484207943458,0.0360985653434664
Norm,Experiment1 GLU348 #5 norm,,1.00095013294311,0.0245292747983703
Norm,Experiment1 GLU348 #6 norm,,0.987481960126159,0.0127546192077551
Norm,Experiment1 GLU348 #7 norm,,0.970156347176574,0.0138546525566984
Norm,Experiment1 GLU348 #8 norm,,1.01263293691728,1.21617554694944
Norm,Experiment1 THR320 #1 norm,,0.985425118069766,0.0101006970145652
Norm,Experiment1 THR320 #2 norm,,0.998536011124429,0.014445973841396
Norm,Experiment1 THR320 #3 norm,,1.00112253493966,0.0106187190059679
Norm,Experiment1 THR320 #4 norm,,0.964692878886389,0.0278836164374705
Norm,Experiment1 THR320 #5 norm,,1.00427333691441,0.0211994430266247
Norm,Experiment1 THR320 #6 norm,,1.00509691197059,0.0113211734038023
Norm,Experiment1 THR320 #7 norm,,0.966189114874717,0.0134450145954341
Norm,Experiment1 THR320 #8 norm,,0.853747901543305,0.0224675261801601
Norm,Experiment1 ALA116 #1 norm,,0.974139011354981,0.00978978056806133
Norm,Experiment1 ALA116 #2 norm,,1.03411597709129,0.0105448423062478
Norm,Experiment1 ALA116 #3 norm,,0.993730042945648,0.0177969053304752
Norm,Experiment1 ALA116 #4 norm,,1.03353210294217,0.0204808654031797
Norm,Experiment1 ALA116 #5 norm,,0.983084873050601,0.0990669548623
Norm,Experiment1 ALA116 #6 norm,,0.984162229773489,0.0852624992123505
Norm,Experiment1 ALA116 #7 norm,,1.00665252935954,0.0597593567971013
Norm,Experiment1 ALA116 #8 norm,,0.959572394854393,0.119106638349565
Norm,Experiment1 PYR #1 norm,,1.03282305085268,0.0182734680243751
Norm,Experiment1 PYR #2 norm,,0.950048601076455,0.0437320960429068
Norm,Experiment1 PYR #3 norm,,0.871431817171771,0.108252560331835
Norm,Experiment1 PYR #4 norm,,1.06656570804276,0.0496465431023536
Norm,Experiment1 PYR #5 norm,,1.09007737484306,0.0589912877602116
Norm,Experiment1 PYR #6 norm,,1.02938524312445,0.0550568931421283
Norm,Experiment1 PYR #7 norm,,1.03976674977065,0.105762166848261
Norm,Experiment1 PYR #8 norm,,0.965855145941483,0.0581566938092615
