type,id,eqn,val,std
Net flux,CO2.t,CO2.t -> CO2,47.8954955591468,1.0908889641473
Net flux,CO2_sink,dummy -> Sink,47.8954955591468,1.0908889641473
Net flux,RUBICSO_CO2,RUBP.p + CO2 -> 3PGA.p + 3PGA.p + dummy,58.728940499524,1.19821042718145
Net flux,GAPDH.p net,3PGA.p <-> TP.p,141.361000177623,2.67346175335216
Exch flux,GAPDH.p exch,3PGA.p <-> TP.p,2.91155931717924,0.995470319425016
Net flux,ALD,TP.p + E4P.p -> SBP,25.7518122895626,0.480550323496961
Net flux,SBP,SBP -> S7P.p,25.7518122895626,0.480550323496961
Net flux,FBA.p net,TP.p + TP.p <-> FBP.p,30.1232151925324,0.652691865234932
Exch flux,FBA.p exch,TP.p + TP.p <-> FBP.p,21097.5914795516,1374.75537106219
Net flux,PFK.p net,FBP.p <-> F6P.p,30.1232151925355,0.652691865234932
Exch flux,PFK.p exch,FBP.p <-> F6P.p,1.00006147363274e-07,3441.5582851837
Net flux,TK1 net,TP.p + EC2 <-> X5P.p,51.5036245791251,0.961100646993922
Exch flux,TK1 exch,TP.p + EC2 <-> X5P.p,1.00000026037605e-07,0
Net flux,TK2 net,S7P.p <-> R5P.p + EC2,25.7518122895626,0.480550323496961
Exch flux,TK2 exch,S7P.p <-> R5P.p + EC2,37.9960642233046,3676.66241595495
Net flux,TK3 net,F6P.p <-> E4P.p + EC2,25.7518122895635,0.480550323496961
Exch flux,TK3 exch,F6P.p <-> E4P.p + EC2,8273.73365065348,2698.77165200752
Net flux,PPE net,X5P.p <-> RU5P.p,51.5036245791251,0.961100646993922
Exch flux,PPE exch,X5P.p <-> RU5P.p,112.281446614743,2649.52953538936
Net flux,PPI net,R5P.p <-> RU5P.p,25.7518122895626,0.480550323496961
Exch flux,PPI exch,R5P.p <-> RU5P.p,240.889226151791,3451.20659104364
Net flux,PRK,RU5P.p -> RUBP.p,77.2554368686878,1.4416509704909
Net flux,RUBISCO_O2,RUBP.p -> 3PGA.p + 2PG.p,18.5264963691638,0.599288199323243
Net flux,GLYdil net,GLY.p <-> GLY.x + dummyGLY,0.00983114112354855,0.00107866255351551
Exch flux,GLYdil exch,GLY.p <-> GLY.x + dummyGLY,1.0000000116861e-07,0
Net flux,SERdil net,SER.p <-> SER.x + dummySER,1.98135920325967,0.53649479064211
Exch flux,SERdil exch,SER.p <-> SER.x + dummySER,0.879466756124053,0.219502718192006
Net flux,GK,GA.p -> 3PGA.p,5.78804497042561,0.555468999013359
Net flux,PGI.p net,F6P.p <-> G6P.p,4.37140290297133,0.344201439505246
Exch flux,PGI.p exch,F6P.p <-> G6P.p,3.70334732803579,3483.78406075517
Net flux,PGM.p,G6P.p -> ADPG.p,4.37140290297134,0.344201439505246
Net flux,Starch,ADPG.p -> Starch,4.37140290297132,0.344201439505246
Net flux,FBA.c net,TP.c + TP.c <-> FBP.c,1.92956646193126,0.211710020474862
Exch flux,FBA.c exch,TP.c + TP.c <-> FBP.c,20.6402053990013,3971.3578765027
Net flux,PFK.c net,FBP.c <-> F6P.c,1.92956646193126,0.211710020474862
Exch flux,PFK.c exch,FBP.c <-> F6P.c,5.2777080589046,3844.89897734391
Net flux,PGI.c net,F6P.c <-> G6P.c,0.964783230965651,0.105855010237431
Exch flux,PGI.c exch,F6P.c <-> G6P.c,226.914293152737,3703.77398816863
Net flux,PGM.c net,G6P.c <-> UDPG.c,0.964783230963803,0.105855010237431
Exch flux,PGM.c exch,G6P.c <-> UDPG.c,48481.3440571224,4066.85556925848
Net flux,SPS,F6P.c + UDPG.c -> S6P,0.964783230965597,0.105855010237431
Net flux,PGAM.c net,3PGA.c <-> PEP.c,0.411422161013701,0.0451408104727855
Exch flux,PGAM.c exch,3PGA.c <-> PEP.c,0.0668414006136626,44.973054363137
Net flux,PK.c,PEP.c -> PYR.c,0.186753090018022,0.0204903542472742
Net flux,PDH,PYR.c + dummy -> ACA + CO2,0.155426578508655,0.0170532421128491
Net flux,CS,OAA + ACA -> CIT,0.155426578508651,0.0170532421128491
Net flux,ACO net,CIT <-> ICI,0.155426578508695,0.0170532421128491
Exch flux,ACO exch,CIT <-> ICI,1202.27824527311,2966.67532632125
Net flux,IDH,ICI + dummy -> AKG + CO2,0.155426578508667,0.0170532421128491
Net flux,MDH net,MAL <-> OAA,2.1316282072803e-14,0
Exch flux,MDH exch,MAL <-> OAA,0.515092551576146,0.0940765029121539
Net flux,PPC,PEP.c + CO2 -> OAA + dummy,0.224669070994742,0.024650456149347
Net flux,T_3PGA net,3PGA.p <-> 3PGA.c,0.411422161013682,0.0451408104727855
Exch flux,T_3PGA exch,3PGA.p <-> 3PGA.c,1.0000000116861e-07,0
Net flux,T_DHAP net,TP.p <-> TP.c,3.85913292386255,0.423420040949725
Exch flux,T_DHAP exch,TP.p <-> TP.c,9.99999998363421e-08,0
Net flux,ALT,PYR.c -> ALA.c,0.031326511509506,0.00343711218289457
Net flux,ASPT,OAA -> ASP,0.0692424924864123,0.00759721410551106
Net flux,GLUDH,AKG -> GLU,0.155426578508644,0.0170532421128491
Net flux,PCR net,GLU <-> PRO,-2.48689957516035e-14,0
Exch flux,PCR exch,GLU <-> PRO,1.0000000116861e-07,0
Net flux,GS net,GLU <-> GLN,0,0
Exch flux,GS exch,GLU <-> GLN,1.00041013695318e-07,0
Net flux,TS net,ASP <-> THR,0,0
Exch flux,TS exch,ASP <-> THR,1.0000000116861e-07,0
Net flux,AS net,ASP <-> ASN,1.06581410364015e-14,0
Exch flux,AS exch,ASP <-> ASN,1.17246759856471e-07,0
Net flux,G_3PGA.p,0*3PGA.p -> 3PGA,2.46866294162373e-06,5422.67070223752
Net flux,G_3PGA.c,0*3PGA.c -> 3PGA,92.9119081400117,3757.70160561325
Net flux,G_DHAP.p,0*TP.p -> TP,40.685379842242,5006.68300149264
Net flux,G_DHAP.c,0*TP.c -> TP,51.8471856996947,3201.02440882093
Net flux,G_F6P.p,0*F6P.p -> F6P,48.6686345030749,5509.03535504528
Net flux,G_F6P.c,0*F6P.c -> F6P,36.546576817712,3852.64715851546
Net flux,G_FBP.p,0*FBP.p -> FBP,2.46866126474288e-06,4947.92311859421
Net flux,G_FBP.c,0*FBP.c -> FBP,83.4512310483237,3010.36631648579
Net flux,G_G6P.p,0*G6P.p -> G6P,19.0549768397257,5496.05759832339
Net flux,G_G6P.c,0*G6P.c -> G6P,58.8549499993083,3733.80885262344
Net flux,G_RU5P.p,0*RU5P.p -> P5P,2.46865369035731e-06,5485.30061621903
Net flux,G_X5P.p,0*X5P.p -> P5P,92.8477691499506,3732.96989556855
Net flux,G_R5P.p,0*R5P.p -> R5P,82.2810779884949,3695.56435631777
Net flux,G_GA.p,0*GA.p -> GA,37.5383157970688,1.64672473786366
Net flux,G_SER.p,0*SER.p -> SER,94.2902561188954,2.73114916436011
Net flux,G_GLY.p,0*GLY.p -> GLY,17.6871688424706,3886.57094612376
Net flux,G_RUBP.p,0*RUBP.p -> RUBP,92.5302752673063,3866.95894933037
Net flux,G_S7P.p,0*S7P.p -> S7P,98.4567310636212,3508.10158923084
Net flux,G_2PG.p,0*2PG.p -> 2PG,87.0427532706349,3881.65816138683
Net flux,G_ADPG.p,0*ADPG.p -> ADPG,95.0805622183377,3866.64859016459
Net flux,G_PEP.c,0*PEP.c -> PEP,89.2305410445615,3883.73227785186
Net flux,G_UDPG.c,0*UDPG.c -> UDPG,72.4268033045549,3882.8950493499
Net flux,G_ALA.c,0*ALA.c -> ALA,79.1966462470098,7.81315536787719
Net flux,(1-G)_GA,0*GA.x -> GA,62.4616842029333,1.64672473786366
Net flux,(1-G)_SER,0*SER.x -> SER,5.70974368110416,2.73114916436011
Net flux,(1-G)_GLY,0*GLY.x -> GLY,32.9053492899906,2.91794579433702
Net flux,(1-G)_R5P,0*R5P.x -> R5P,17.718922011502,3695.56435631777
Net flux,(1-G)_RUBP,0*RUBP.x -> RUBP,7.46972473269241,3866.95894933037
Net flux,(1-G)_3PGA,0*3PGA.x -> 3PGA,7.0880893913257,3825.82139709417
Net flux,(1-G)_TP,0*TP.x -> TP,7.46743445806383,3814.77676711713
Net flux,(1-G)_F6P,0*F6P.x -> F6P,14.7847886792169,3959.14031675317
Net flux,(1-G)_FBP,0*FBP.x -> FBP,16.5487664830097,3996.98774776258
Net flux,(1-G)_G6P,0*G6P.x -> G6P,22.0900731609643,3874.47157540892
Net flux,(1-G)_RU5P,0*RU5P.x -> P5P,7.1522283813971,3893.03202639586
Net flux,(1-G)_S7P,0*S7P.x -> S7P,1.54326893637677,3508.10158923084
Net flux,(1-G)_2PG,0*2PG.x -> 2PG,12.9572467293675,3881.65816138683
Net flux,(1-G)_ADPG,0*ADPG.x -> ADPG,4.91943778166132,3866.64859016459
Net flux,(1-G)_PEP,0*PEP.x -> PEP,10.7694589554367,3883.73227785186
Net flux,(1-G)_UDPG,0*UDPG.x -> UDPG,27.5731966954463,3882.8950493499
Net flux,(1-G)_ALA,0*ALA.x -> ALA,20.80335375299,7.81315536787719
Net flux,PGASink,3PGA -> Sink,100,0
Net flux,DHAPSink,TP -> Sink,100.000000000001,0
Net flux,F6PSink,F6P -> Sink,100.000000000004,0
Net flux,FBPSink,FBP -> Sink,99.9999999999947,0
Net flux,G6PSink,G6P -> Sink,99.9999999999983,0
Net flux,P5PSink,P5P -> Sink,100.000000000001,0
Net flux,R5PSink,R5P -> Sink,99.9999999999968,0
Net flux,GASink,GA -> Sink,100.000000000002,0
Net flux,SERSink,SER -> Sink,99.9999999999996,0
Net flux,GLYSink,GLY -> Sink,100.000000000001,0
Net flux,RUBPSink,RUBP -> Sink,99.9999999999987,0
Net flux,S7PSink,S7P -> Sink,99.9999999999979,0
Net flux,2PGSink,2PG -> Sink,100.000000000002,0
Net flux,ADPGSink,ADPG -> Sink,99.999999999999,0
Net flux,PEPSink,PEP -> Sink,99.9999999999983,0
Net flux,UDPGSink,UDPG -> Sink,100.000000000001,0
Net flux,ALASink,ALA -> Sink,99.9999999999998,0
Net flux,S6Pout-LL,S6P + 0.1611*GLU + 0.07177*ASP + 0.03247*ALA.c + 0.01019*dummyGLY + 0.03484*dummySER -> Sink,0.964783230965633,0.105855010237431
Net flux,PGP.p,2PG.p -> Glyc.p,18.5264963691638,0.599288199323243
Net flux,GOX,Glyc.p -> Glyx.p,18.5264963691638,0.599288199323243
Net flux,GGT,Glyx.p -> GLY.p,18.5264963691638,0.599288199323243
Net flux,SGAT,SER.p -> HPA.p,5.78804497042559,0.555468999013359
Net flux,HPR.p,HPA.p -> GA.p,5.78804497042559,0.555468999013359
Net flux,T_GLY-m net,GLY.p <-> GLY.m,21.4945216087071,0.957103402353839
Exch flux,T_GLY-m exch,GLY.p <-> GLY.m,105626.55089983,3743.36586384837
Net flux,GDC.m,GLY.m + dummy -> myTHF.m + CO2,10.747260854355,0.478551701149376
Net flux,T_SER-m net,SER.p <-> SER.m,-10.7472608543551,0.478551701149376
Exch flux,T_SER-m exch,SER.p <-> SER.m,412.207026217394,3693.89794447651
Net flux,mSHMT,GLY.m + myTHF.m -> SER.m,10.747260854355,0.478551701149376
Net flux,T_SER-c net,SER.p <-> SER.c,2.97785668066976,0.860652778212421
Exch flux,T_SER-c exch,SER.p <-> SER.c,1.00000000280431e-07,2.30070114963702e-13
Net flux,T_Gly-c net,GLY.p <-> GLY.c,-2.97785638066977,0.860652778230385
Exch flux,T_Gly-c exch,GLY.p <-> GLY.c,9.99999998363421e-08,1.12668540808991e-12
Net flux,cSHMT,SER.c -> GLY.c + meTHF.c,2.97785658066976,0.860652778217703
Net flux,FmTHF-reductase net,meTHF.c <-> FmTHF.c,2.97785658066976,0.860652778217703
Exch flux,FmTHF-reductase exch,meTHF.c <-> FmTHF.c,5.83329579024921,3863.92740203864
Net flux,Met-synthase,FmTHF.c + Hcy.c -> Met.c,2.97785658066974,0.860652778217703
Net flux,SAM-synthase,Met.c -> SAM.c,2.97785658066975,0.860652778217703
Net flux,Methylation,SAM.c -> SAH.c + Acceptor.c,2.97785658066975,0.860652778217703
Net flux,hydrolysis,SAH.c -> Hcy.c,2.97785658066974,0.860652778217703
Net flux,G_SER.m,0*SER.m -> SER,1.0000000116861e-07,0
Net flux,G_SER.c,0*SER.c -> SER,1.0000000116861e-07,0
Net flux,G_Gly.m,0*GLY.m -> GLY,0.000222408710232713,3886.56916497595
Net flux,G_Gly.c,0*GLY.c -> GLY,49.4072594588298,5.38020184568203
Net flux,T_GLY-c-m,GLY.c -> GLY.m,1.00000062008831e-07,5.78873968209293e-13
Net flux,G_Glyc,0*Glyc.p -> Glyc,22.3266805973184,1.12228437484357
Net flux,G_Glyx,0*Glyx.p -> Glyx,7.78864184825699,0.957625537425496
Net flux,G_HPA,0*HPA.p -> HPA,7.11173980610425,1.29695802759772
Net flux,(1-G)_Glyc,0*Glyc.x -> Glyc,77.6733194026822,1.12228437484357
Net flux,(1-G)_Glyx,0*Glyx.x -> Glyx,92.2113581517439,0.957625537425496
Net flux,(1-G)_HPA,0*HPA.x -> HPA,92.8882601938957,1.29695802759772
Net flux,GlycSink,Glyc -> Sink,100.000000000001,0
Net flux,GlyxSink,Glyx -> Sink,100.000000000001,0
Net flux,HPASink,HPA -> Sink,99.9999999999998,0
Net flux,SERex,dummySER -> outSER,1.94774306239819,0.537278644653824
Net flux,G_PYR,0*PYR.c -> PYR,31.3579790585806,1.74091411811238
Net flux,(1-G)_PYR,0*PYR.x -> PYR,68.6420209414196,1.74091411811238
Net flux,PYRSink,PYR -> Sink,100,0
Net flux,G_meTHF,0*meTHF.c -> meTHF,88.7274270583345,3.85460024017086
Net flux,G_FmTHF,0*FmTHF.c -> FmTHF,76.2741876113173,3.21327709893162
Net flux,G_Met,0*Met.c -> Met,59.9024408484155,3.96218757114712
Net flux,G_SAM,0*SAM.c -> SAM,67.6717625522618,3.68163947383993
Net flux,(1-G)_meTHF,0*meTHF.x -> meTHF,11.2725729416655,3.85460024017086
Net flux,(1-G)_FmTHF,0*FmTHF.x -> FmTHF,23.7258123886828,3.21327709893162
Net flux,(1-G)_Met,0*Met.x -> Met,40.0975591515845,3.96218757114712
Net flux,(1-G)_SAM,0*SAM.x -> SAM,32.3282374477382,3.68163947383993
Net flux,meTHFSink,meTHF -> Sink,99.9999999999999,0
Net flux,FmTHFSink,FmTHF -> Sink,100,0
Net flux,MetSink,Met -> Sink,100,0
Net flux,SAMsink,SAM -> Sink,100,0
Net flux,Met-protein,Met.c -> Protein,6.51983996113883e-15,0
Net flux,GLY-protein,GLY.c -> Protein,9.99999620887593e-08,5.14938263634041e-13
Net flux,SER-protein,SER.c -> Protein,9.99999976158961e-08,1.29226533901282e-13
Pool,2PG pool,,0,0
Pool,2PG.p pool,,3.56620172491319e-06,3749.2158852789
Pool,2PG.x pool,,1,Inf
Pool,3PGA pool,,0,0
Pool,3PGA.c pool,,0.00454284647627229,0.00438073949840108
Pool,3PGA.p pool,,3.8537196579156e-06,3664.65336929432
Pool,3PGA.x pool,,1,Inf
Pool,ACA pool,,1.4523480339122e-06,3660.3886324844
Pool,ADPG pool,,0,0
Pool,ADPG.p pool,,9.9999999999999e-08,Inf
Pool,ADPG.x pool,,1,Inf
Pool,AKG pool,,2.14653525502755e-06,3722.93751801711
Pool,ALA pool,,0,0
Pool,ALA.c pool,,0.0103134069234995,0.00268361774279927
Pool,ALA.x pool,,1,Inf
Pool,ASN pool,,7566.06819373413,3825.5402318005
Pool,ASP pool,,1e-07,0
Pool,Acceptor.c pool,,1,Inf
Pool,CIT pool,,5.51561408540521,3.03343582382052
Pool,CO2 pool,,0.251156297404149,0.136599071512099
Pool,CO2.t pool,,1,Inf
Pool,E4P.p pool,,0,0
Pool,EC2 pool,,0,0
Pool,F6P pool,,0,0
Pool,F6P.c pool,,3.82983229667906e-06,3777.18341344585
Pool,F6P.p pool,,3.71516673370418e-06,3830.26957407473
Pool,F6P.x pool,,1,Inf
Pool,FBP pool,,0,0
Pool,FBP.c pool,,3.82982970537545e-06,3711.26693903226
Pool,FBP.p pool,,3.41351078869196e-06,3632.94425092505
Pool,FBP.x pool,,1,Inf
Pool,FmTHF pool,,1.7364727278105,0.739760424861035
Pool,FmTHF.c pool,,6.11159806073602e-07,3802.87920922182
Pool,FmTHF.x pool,,1,Inf
Pool,G6P pool,,0,0
Pool,G6P.c pool,,9.87569132811256e-06,3915.47964248371
Pool,G6P.p pool,,3.74709021284998e-06,3603.33574121309
Pool,G6P.x pool,,1,Inf
Pool,GA pool,,0,0
Pool,GA.p pool,,1.65912348604227e-06,3651.3521246458
Pool,GA.x pool,,1,Inf
Pool,GLN pool,,8.83867754985896,3692.39262918078
Pool,GLU pool,,2.14652629689641e-06,3733.99406992167
Pool,GLY pool,,0,0
Pool,GLY.c pool,,1.00000000002876e-07,0
Pool,GLY.m pool,,0.18501123299516,0.0772071858548333
Pool,GLY.p pool,,0.000426534986113839,3683.85356579575
Pool,GLY.x pool,,1,Inf
Pool,Glyc pool,,4.26741924965388,1.10477940421347
Pool,Glyc.p pool,,1.57027895183633e-05,3617.42278127554
Pool,Glyc.x pool,,1,Inf
Pool,Glyx pool,,2.15294364447992,1.45621647627025
Pool,Glyx.p pool,,2.00963551960205e-05,3516.89037670721
Pool,Glyx.x pool,,1,Inf
Pool,HPA pool,,0.000138416688168724,3791.13764801442
Pool,HPA.p pool,,1.42090997151499e-06,3711.52765066295
Pool,HPA.x pool,,1,Inf
Pool,Hcy.c pool,,1,Inf
Pool,ICI pool,,0.00369307750282373,3759.19604291311
Pool,MAL pool,,0.602964747552763,0.110700649790266
Pool,Met pool,,3.95000915145063e-05,3491.58480109551
Pool,Met.c pool,,5.99091564071617e-07,3738.06127470518
Pool,Met.x pool,,1,Inf
Pool,OAA pool,,0.112707829659794,0.0233981273216828
Pool,P5P pool,,0,0
Pool,PEP pool,,0,0
Pool,PEP.c pool,,0.00328434069692004,0.00742164711126865
Pool,PEP.x pool,,1,Inf
Pool,PRO pool,,5.3949963836865,3476.47132193687
Pool,PYR pool,,9.99999999999482e-08,0
Pool,PYR.c pool,,0.00338427027780461,0.00337969002746027
Pool,PYR.x pool,,1,Inf
Pool,Protein pool,,1,Inf
Pool,R5P pool,,0,0
Pool,R5P.p pool,,8.93200831191594e-06,3612.60491198881
Pool,R5P.x pool,,1,Inf
Pool,RU5P.p pool,,3.45413978067361e-06,3687.72050058894
Pool,RU5P.x pool,,1,Inf
Pool,RUBP pool,,0,0
Pool,RUBP.p pool,,3.47243104625203e-06,3749.53934593893
Pool,RUBP.x pool,,1,Inf
Pool,S6P pool,,1,Inf
Pool,S7P pool,,0,0
Pool,S7P.p pool,,3.42510778410944e-06,3720.54987881886
Pool,S7P.x pool,,1,Inf
Pool,SAH.c pool,,1,Inf
Pool,SAM pool,,6.89991403103348,1.75914666492628
Pool,SAM.c pool,,3.52055539745337e-06,3893.3429616961
Pool,SAM.x pool,,1,Inf
Pool,SBP pool,,0,0
Pool,SER pool,,0,0
Pool,SER.c pool,,1.00000000030631e-07,0
Pool,SER.m pool,,1.29754010200019,0.0951247484957023
Pool,SER.p pool,,0.000241043760957047,3918.10986650929
Pool,SER.x pool,,1,Inf
Pool,Sink pool,,1,Inf
Pool,Starch pool,,1,Inf
Pool,THR pool,,3889.76553369901,3806.7261834271
Pool,TP pool,,0,0
Pool,TP.c pool,,4.18773672610431e-06,3804.29547103345
Pool,TP.p pool,,3.94602532633035e-06,3712.99361486144
Pool,TP.x pool,,1,Inf
Pool,UDPG pool,,0,0
Pool,UDPG.c pool,,1.85628321767234,3523.14447632868
Pool,UDPG.x pool,,1,Inf
Pool,X5P.p pool,,3.5512367770538e-06,3625.51131329177
Pool,dummy pool,,1,Inf
Pool,dummyGLY pool,,1,Inf
Pool,dummySER pool,,1,Inf
Pool,meTHF pool,,1.1836476413949,0.917124321132524
Pool,meTHF.c pool,,6.15019995923052e-07,3786.72370260277
Pool,meTHF.x pool,,1,Inf
Pool,myTHF.m pool,,1.00000000002876e-07,0
Pool,outSER pool,,1,Inf
Norm,Experiment1 Glyc205 #1 norm,,0.99862308890743,0.0131547432453566
Norm,Experiment1 Glyc205 #2 norm,,1.01307751784793,0.0242044105208825
Norm,Experiment1 Glyc205 #3 norm,,0.985303636894544,0.0228981826172164
Norm,Experiment1 Glyc205 #4 norm,,0.995168316985852,0.0326173329184349
Norm,Experiment1 Glyc205 #5 norm,,1.0046460213508,0.0368844205487188
Norm,Experiment1 Glyc205 #6 norm,,1.01040586402577,0.0272213702526661
Norm,Experiment1 Glyc205 #7 norm,,0.97910739114084,0.0335676494556007
Norm,Experiment1 Glyc205 #8 norm,,0.998873063615142,0.028651192391911
Norm,Experiment1 Glyx160 #1 norm,,0.97587255586703,0.010856464154827
Norm,Experiment1 Glyx160 #2 norm,,1.00042289030266,0.0188282146377673
Norm,Experiment1 Glyx160 #3 norm,,0.972859639428867,0.0220571280534922
Norm,Experiment1 Glyx160 #4 norm,,1.01134459201154,0.0155662412650293
Norm,Experiment1 Glyx160 #5 norm,,0.987579498210249,0.036191266034399
Norm,Experiment1 Glyx160 #6 norm,,1.03094749714897,0.0193628496118995
Norm,Experiment1 Glyx160 #7 norm,,0.897415162901907,0.0349767287615359
Norm,Experiment1 Glyx160 #8 norm,,0.954385617068114,0.0334845515832578
Norm,Experiment1 GLY276 #1 norm,,0.991112064603643,0.0100344667272567
Norm,Experiment1 GLY276 #2 norm,,0.999284235252381,0.0241088778369287
Norm,Experiment1 GLY276 #3 norm,,1.00260622949544,0.0433080430608775
Norm,Experiment1 GLY276 #4 norm,,0.98073356638075,0.0536702659547201
Norm,Experiment1 GLY276 #5 norm,,0.991573116811189,0.183913164478699
Norm,Experiment1 GLY276 #6 norm,,0.853921181951637,0.0910182317955993
Norm,Experiment1 GLY276 #7 norm,,1.03512269087899,0.0685697857881901
Norm,Experiment1 GLY276 #8 norm,,0.985965408774722,0.0650612671814869
Norm,Experiment1 HPA262 #1 norm,,0.990055482006202,0.0109110285989256
Norm,Experiment1 HPA262 #2 norm,,0.961572014264151,0.027885009795758
Norm,Experiment1 HPA262 #3 norm,,0.942804285171047,0.0125465093882712
Norm,Experiment1 HPA262 #4 norm,,0.919332735373069,0.0349108450800095
Norm,Experiment1 HPA262 #5 norm,,0.924498188604043,0.0226945253276774
Norm,Experiment1 HPA262 #6 norm,,0.972904599742991,0.0349294179867553
Norm,Experiment1 HPA262 #7 norm,,0.986378544524672,0.0256077819912597
Norm,Experiment1 HPA262 #8 norm,,1.01031175002899,0.0242256182612055
Norm,Experiment1 GA307 #1 norm,,1.00443664336316,0.0122270562604187
Norm,Experiment1 GA307 #2 norm,,0.943879297760856,0.030165989156379
Norm,Experiment1 GA307 #3 norm,,0.912430742201208,0.0300060115483432
Norm,Experiment1 GA307 #4 norm,,0.975840977228435,0.0196093734624066
Norm,Experiment1 GA307 #5 norm,,0.981290251866767,0.0535696778122506
Norm,Experiment1 GA307 #6 norm,,1.02833674836482,0.0413889918205942
Norm,Experiment1 GA307 #7 norm,,0.994080725871803,0.045359424862768
Norm,Experiment1 GA307 #8 norm,,1.01930421309586,0.0356161079714629
Norm,Experiment1 SER306 #1 norm,,1.00071253348453,0.0146843829028351
Norm,Experiment1 SER306 #2 norm,,1.03992531396485,0.0176859577728176
Norm,Experiment1 SER306 #3 norm,,0.962670822387914,0.0419735876188431
Norm,Experiment1 SER306 #4 norm,,1.01172629025379,0.0440415483744834
Norm,Experiment1 SER306 #5 norm,,0.974133097043845,0.0792658054858808
Norm,Experiment1 SER306 #6 norm,,1.04207914783116,0.0699930766426819
Norm,Experiment1 SER306 #7 norm,,1.00562882476124,0.0410850651107039
Norm,Experiment1 SER306 #8 norm,,1.01067252176046,0.0555351002665734
Norm,Experiment1 meTHF #1 norm,,1.00177681069613,0.0100637100049264
Norm,Experiment1 meTHF #2 norm,,1.00151922338351,0.00998059467196016
Norm,Experiment1 meTHF #3 norm,,1.01952140488554,0.0702934519017391
Norm,Experiment1 meTHF #4 norm,,1.01496239393956,0.0515294400033307
Norm,Experiment1 meTHF #5 norm,,0.962670791446048,0.0871054568849802
Norm,Experiment1 meTHF #6 norm,,1.00690951098699,0.138415426172588
Norm,Experiment1 meTHF #7 norm,,0.963055241428605,0.0557551105201699
Norm,Experiment1 meTHF #8 norm,,1.08114116312399,0.0931841118794476
Norm,Experiment1 FmTHF #1 norm,,0.994442192753049,0.00992976026705753
Norm,Experiment1 FmTHF #2 norm,,1.00118358814316,0.0232673525922424
Norm,Experiment1 FmTHF #3 norm,,0.975194667801469,0.0309880174940883
Norm,Experiment1 FmTHF #4 norm,,1.01804139010291,0.0279970993187687
Norm,Experiment1 FmTHF #5 norm,,0.929509847340037,0.0565948921198526
Norm,Experiment1 FmTHF #6 norm,,1.00710041702165,0.062018507663135
Norm,Experiment1 FmTHF #7 norm,,0.986970162168548,0.0545296883117385
Norm,Experiment1 FmTHF #8 norm,,1.08004936279309,0.0962632701805593
Norm,Experiment1 Met176 #1 norm,,0.980562115268353,0.0242197782056789
Norm,Experiment1 Met176 #2 norm,,0.847250831249069,0.0300767055179638
Norm,Experiment1 Met176 #3 norm,,0.951083034836285,0.0537865017581593
Norm,Experiment1 Met176 #4 norm,,0.981621929222394,0.0369895361978965
Norm,Experiment1 Met176 #5 norm,,0.971213072198574,0.086245507337955
Norm,Experiment1 Met176 #6 norm,,1.00924379324413,0.102173301712469
Norm,Experiment1 Met176 #7 norm,,0.999435830254339,0.114616260129534
Norm,Experiment1 Met176 #8 norm,,0.994010670176354,0.109658727365449
Norm,Experiment1 SAM #1 norm,,1.00452550469303,0.0118076785706512
Norm,Experiment1 SAM #2 norm,,0.97745197658412,0.0117509327310326
Norm,Experiment1 SAM #3 norm,,1.00505977202889,0.0142148238560838
Norm,Experiment1 SAM #4 norm,,1.02869983494903,0.0220962183342141
Norm,Experiment1 SAM #5 norm,,0.979434331448782,0.0398938334562501
Norm,Experiment1 SAM #6 norm,,0.999468661187039,0.0620399850836309
Norm,Experiment1 SAM #7 norm,,1.0030303261187,0.0820776332673031
Norm,Experiment1 SAM #8 norm,,0.993857403977356,0.0670353276694716
Norm,Experiment1 CIT465 #1 norm,,1.00394066803179,0.0118893497903495
Norm,Experiment1 CIT465 #2 norm,,0.977281976927772,0.0132513159516585
Norm,Experiment1 CIT465 #3 norm,,1.00731218662318,0.011829020262644
Norm,Experiment1 CIT465 #4 norm,,0.972115354155106,0.0164065906631805
Norm,Experiment1 CIT465 #5 norm,,0.989975438489362,0.0136557270824277
Norm,Experiment1 CIT465 #6 norm,,1.00257885213112,0.0126136629638451
Norm,Experiment1 CIT465 #7 norm,,1.00724492281785,0.0137209519791753
Norm,Experiment1 CIT465 #8 norm,,1.05308179873051,0.0205586414141003
Norm,Experiment1 MAL335 #1 norm,,1.00449664605777,0.0124705118288422
Norm,Experiment1 MAL335 #2 norm,,0.948491276324003,0.0104330490065685
Norm,Experiment1 MAL335 #3 norm,,0.986349501532622,0.0101715061850433
Norm,Experiment1 MAL335 #4 norm,,0.990744752543136,0.0142638773983517
Norm,Experiment1 MAL335 #5 norm,,0.985761195423522,0.0143069314256136
Norm,Experiment1 MAL335 #6 norm,,0.964710128651887,0.013797560311318
Norm,Experiment1 MAL335 #7 norm,,0.998013494012415,0.0222771930407247
Norm,Experiment1 MAL335 #8 norm,,0.987009558048253,0.0345716257828755
Norm,Experiment1 ASP334 #1 norm,,0.971784841453843,0.0223089944097818
Norm,Experiment1 ASP334 #2 norm,,0.970393146312737,0.0302261705602373
Norm,Experiment1 ASP334 #3 norm,,0.988867742957873,0.0211632150531219
Norm,Experiment1 ASP334 #4 norm,,0.970752241876528,0.0200121891048414
Norm,Experiment1 ASP334 #5 norm,,1.00514781430435,0.029398345699102
Norm,Experiment1 ASP334 #6 norm,,1.00376206096159,0.0322946775607688
Norm,Experiment1 ASP334 #7 norm,,0.998289568643338,0.0309501097569026
Norm,Experiment1 ASP334 #8 norm,,0.953300218543872,0.0873179399970739
Norm,Experiment1 GLU348 #1 norm,,1.02252964570197,0.0212744001173232
Norm,Experiment1 GLU348 #2 norm,,0.996972254296153,0.0198777755298551
Norm,Experiment1 GLU348 #3 norm,,0.952227204110429,0.0107625661277791
Norm,Experiment1 GLU348 #4 norm,,0.945538161880308,0.0340285527042783
Norm,Experiment1 GLU348 #5 norm,,0.978297398507827,0.0224170496139818
Norm,Experiment1 GLU348 #6 norm,,0.987512031535746,0.0127788595151275
Norm,Experiment1 GLU348 #7 norm,,0.964142461072983,0.0150406460907287
Norm,Experiment1 GLU348 #8 norm,,1.02275581751468,0.0226589096744531
Norm,Experiment1 THR320 #1 norm,,1.02713127079163,0.010628758362851
Norm,Experiment1 THR320 #2 norm,,0.992515789127385,0.0145831124131877
Norm,Experiment1 THR320 #3 norm,,1.02402235979589,0.0107152802860602
Norm,Experiment1 THR320 #4 norm,,1.00019809643846,0.0296400093203558
Norm,Experiment1 THR320 #5 norm,,1.00045208263203,0.020709698976875
Norm,Experiment1 THR320 #6 norm,,1.02710041197903,0.0118342496555616
Norm,Experiment1 THR320 #7 norm,,0.96947210916505,0.0140033115520298
Norm,Experiment1 THR320 #8 norm,,0.903803190486884,0.024995297168054
Norm,Experiment1 ALA116 #1 norm,,0.995881096783851,0.0100307248762573
Norm,Experiment1 ALA116 #2 norm,,0.992816095780117,0.0097855619878696
Norm,Experiment1 ALA116 #3 norm,,1.05024574659964,0.0185436614242221
Norm,Experiment1 ALA116 #4 norm,,1.05600375740645,0.0257220363462178
Norm,Experiment1 ALA116 #5 norm,,0.981716220637174,0.116070727795539
Norm,Experiment1 ALA116 #6 norm,,0.957868692413087,0.075918585967242
Norm,Experiment1 ALA116 #7 norm,,1.01105434904439,0.0672362316739493
Norm,Experiment1 ALA116 #8 norm,,0.981395967017388,0.111846498911558
Norm,Experiment1 PYR #1 norm,,0.987563430946143,0.0168650391646887
Norm,Experiment1 PYR #2 norm,,1.02212341077639,1.28825330674969
Norm,Experiment1 PYR #3 norm,,0.90583687925032,0.121580272692969
Norm,Experiment1 PYR #4 norm,,1.08487976220723,0.0463370207416557
Norm,Experiment1 PYR #5 norm,,1.04954592613925,0.0546023750086737
Norm,Experiment1 PYR #6 norm,,1.03887929287116,0.0559059184437778
Norm,Experiment1 PYR #7 norm,,0.935728927225712,0.113145458696877
Norm,Experiment1 PYR #8 norm,,0.965151809355093,0.0608443252777986
