type,id,eqn,val,std
Net flux,CO2.t,CO2.t -> CO2,47.4789416935912,1.13360951093622
Net flux,CO2_sink,dummy -> Sink,47.4789416935911,1.13360951093622
Net flux,RUBICSO_CO2,RUBP.p + CO2 -> 3PGA.p + 3PGA.p + dummy,57.6953835952727,1.21176629748569
Net flux,GAPDH.p net,3PGA.p <-> TP.p,138.063305172665,2.70088716257243
Exch flux,GAPDH.p exch,3PGA.p <-> TP.p,0.00745486065510903,0.817921481244522
Net flux,ALD,TP.p + E4P.p -> SBP,25.2676012258721,0.48518479558535
Net flux,SBP,SBP -> S7P.p,25.2676012258721,0.48518479558535
Net flux,FBA.p net,TP.p + TP.p <-> FBP.p,29.6847917783198,0.662267182029155
Exch flux,FBA.p exch,TP.p + TP.p <-> FBP.p,21209.8906764207,1742.39998259715
Net flux,PFK.p net,FBP.p <-> F6P.p,29.6847917783229,0.662267182029155
Exch flux,PFK.p exch,FBP.p <-> F6P.p,1.00014261761316e-07,1.74030601122702e-14
Net flux,TK1 net,TP.p + EC2 <-> X5P.p,50.5352024517442,0.9703695911707
Exch flux,TK1 exch,TP.p + EC2 <-> X5P.p,1.0000000116861e-07,0
Net flux,TK2 net,S7P.p <-> R5P.p + EC2,25.2676012258721,0.48518479558535
Exch flux,TK2 exch,S7P.p <-> R5P.p + EC2,40.158020383479,2639.50151072571
Net flux,TK3 net,F6P.p <-> E4P.p + EC2,25.2676012258726,0.48518479558535
Exch flux,TK3 exch,F6P.p <-> E4P.p + EC2,8384.67605111163,3711.74308875453
Net flux,PPE net,X5P.p <-> RU5P.p,50.5352024517441,0.9703695911707
Exch flux,PPE exch,X5P.p <-> RU5P.p,92.8563462365391,3805.60074819853
Net flux,PPI net,R5P.p <-> RU5P.p,25.2676012258721,0.48518479558535
Exch flux,PPI exch,R5P.p <-> RU5P.p,255.774785240421,3785.4716096856
Net flux,PRK,RU5P.p -> RUBP.p,75.8028036776164,1.45555438675605
Net flux,RUBISCO_O2,RUBP.p -> 3PGA.p + 2PG.p,18.1074200823436,0.597315344818871
Net flux,GLYdil net,GLY.p <-> GLY.x + dummyGLY,0.00736461344809669,0.00132615460629206
Exch flux,GLYdil exch,GLY.p <-> GLY.x + dummyGLY,1.0000000116861e-07,0
Net flux,SERdil net,SER.p <-> SER.x + dummySER,3.07485420749795,0.98032234475485
Exch flux,SERdil exch,SER.p <-> SER.x + dummySER,1.70220128046893,0.942871477691932
Net flux,GK,GA.p -> 3PGA.p,4.87331866118836,0.980448317250742
Net flux,PGI.p net,F6P.p <-> G6P.p,4.41719055245152,0.38818369665078
Exch flux,PGI.p exch,F6P.p <-> G6P.p,0.00070052508522167,3509.51628586583
Net flux,PGM.p,G6P.p -> ADPG.p,4.41719055245153,0.38818369665078
Net flux,Starch,ADPG.p -> Starch,4.4171905524515,0.38818369665078
Net flux,FBA.c net,TP.c + TP.c <-> FBP.c,1.44545896919955,0.26028549677439
Exch flux,FBA.c exch,TP.c + TP.c <-> FBP.c,20.7740341630119,3746.84366005523
Net flux,PFK.c net,FBP.c <-> F6P.c,1.44545896919955,0.26028549677439
Exch flux,PFK.c exch,FBP.c <-> F6P.c,5.41086122923418,3685.68934603313
Net flux,PGI.c net,F6P.c <-> G6P.c,0.722729484599796,0.130142748387195
Exch flux,PGI.c exch,F6P.c <-> G6P.c,226.97248837268,3377.2381937424
Net flux,PGM.c net,G6P.c <-> UDPG.c,0.722729484594311,0.130142748387195
Exch flux,PGM.c exch,G6P.c <-> UDPG.c,48481.3064877627,3660.73760284848
Net flux,SPS,F6P.c + UDPG.c -> S6P,0.722729484599743,0.130142748387195
Net flux,PGAM.c net,3PGA.c <-> PEP.c,0.308200761413258,0.055498073620665
Exch flux,PGAM.c exch,3PGA.c <-> PEP.c,3.07710721115579,3743.21198998513
Net flux,PK.c,PEP.c -> PYR.c,0.139898746333905,0.0251917318058028
Net flux,PDH,PYR.c + dummy -> ACA + CO2,0.116431719968846,0.0209659967639748
Net flux,CS,OAA + ACA -> CIT,0.116431719968842,0.0209659967639748
Net flux,ACO net,CIT <-> ICI,0.116431719968887,0.0209659967639748
Exch flux,ACO exch,CIT <-> ICI,1155.01218706128,3676.09038200035
Net flux,IDH,ICI + dummy -> AKG + CO2,0.116431719968859,0.0209659967639748
Net flux,MDH net,MAL <-> OAA,2.1316282072803e-14,0
Exch flux,MDH exch,MAL <-> OAA,0.272836943582455,0.0859775895349338
Net flux,PPC,PEP.c + CO2 -> OAA + dummy,0.168302015079326,0.0303063418197813
Net flux,T_3PGA net,3PGA.p <-> 3PGA.c,0.308200761413239,0.055498073620665
Exch flux,T_3PGA exch,3PGA.p <-> 3PGA.c,1.0000000116861e-07,0
Net flux,T_DHAP net,TP.p <-> TP.c,2.89091793839914,0.520570993548781
Exch flux,T_DHAP exch,TP.p <-> TP.c,9.99999998363421e-08,0
Net flux,ALT,PYR.c -> ALA.c,0.0234670263649701,0.00422573504127453
Net flux,ASPT,OAA -> ASP,0.0518702951097818,0.00934034505149965
Net flux,GLUDH,AKG -> GLU,0.116431719968836,0.0209659967639748
Net flux,PCR net,GLU <-> PRO,-2.48689957516035e-14,0
Exch flux,PCR exch,GLU <-> PRO,1.0000000116861e-07,0
Net flux,GS net,GLU <-> GLN,0,0
Exch flux,GS exch,GLU <-> GLN,1.0000000116861e-07,0
Net flux,TS net,ASP <-> THR,0,0
Exch flux,TS exch,ASP <-> THR,1.0000000116861e-07,0
Net flux,AS net,ASP <-> ASN,1.06581410364015e-14,0
Exch flux,AS exch,ASP <-> ASN,1.0000000116861e-07,0
Net flux,G_3PGA.p,0*3PGA.p -> 3PGA,2.46866295583459e-06,4738.88623822795
Net flux,G_3PGA.c,0*3PGA.c -> 3PGA,92.9119081390961,3305.06763516764
Net flux,G_DHAP.p,0*TP.p -> TP,40.685379842242,4901.59685744465
Net flux,G_DHAP.c,0*TP.c -> TP,51.8471856996947,3704.16866798269
Net flux,G_F6P.p,0*F6P.p -> F6P,48.6686345030749,5432.65516985936
Net flux,G_F6P.c,0*F6P.c -> F6P,36.546576817712,3690.90434284304
Net flux,G_FBP.p,0*FBP.p -> FBP,2.46866129316459e-06,5452.35872625998
Net flux,G_FBP.c,0*FBP.c -> FBP,83.4512310460169,3678.48101551936
Net flux,G_G6P.p,0*G6P.p -> G6P,19.0549768397257,5002.87305636378
Net flux,G_G6P.c,0*G6P.c -> G6P,58.8549499993083,3340.27149336796
Net flux,G_RU5P.p,0*RU5P.p -> P5P,2.46865369746274e-06,5149.67598691616
Net flux,G_X5P.p,0*X5P.p -> P5P,92.8477691494684,3723.71690434976
Net flux,G_R5P.p,0*R5P.p -> R5P,82.2810779884949,3298.68270674423
Net flux,G_GA.p,0*GA.p -> GA,39.684537456162,1.58637226252113
Net flux,G_SER.p,0*SER.p -> SER,99.9999566902666,5323.39945018015
Net flux,G_GLY.p,0*GLY.p -> GLY,15.4400138869307,3780.98241950777
Net flux,G_RUBP.p,0*RUBP.p -> RUBP,92.5302752673063,3894.36284852909
Net flux,G_S7P.p,0*S7P.p -> S7P,98.4567310636212,3716.34062663646
Net flux,G_2PG.p,0*2PG.p -> 2PG,87.0427532706349,3542.20725492876
Net flux,G_ADPG.p,0*ADPG.p -> ADPG,95.0805622183377,3765.45443329906
Net flux,G_PEP.c,0*PEP.c -> PEP,89.2305410445615,3631.68109572963
Net flux,G_UDPG.c,0*UDPG.c -> UDPG,72.4268033045549,3616.10597541812
Net flux,G_ALA.c,0*ALA.c -> ALA,99.9999998999998,0
Net flux,(1-G)_GA,0*GA.x -> GA,60.3154625438401,1.58637226252113
Net flux,(1-G)_SER,0*SER.x -> SER,4.31096759569982e-05,3871.32412698426
Net flux,(1-G)_GLY,0*GLY.x -> GLY,34.892537505471,3.36560136525712
Net flux,(1-G)_R5P,0*R5P.x -> R5P,17.718922011502,3298.68270674423
Net flux,(1-G)_RUBP,0*RUBP.x -> RUBP,7.46972473269241,3894.36284852909
Net flux,(1-G)_3PGA,0*3PGA.x -> 3PGA,7.08808939224125,3519.07659383938
Net flux,(1-G)_TP,0*TP.x -> TP,7.46743445806383,3360.56960624053
Net flux,(1-G)_F6P,0*F6P.x -> F6P,14.7847886792169,3917.33054573096
Net flux,(1-G)_FBP,0*FBP.x -> FBP,16.5487664853165,3915.24204741345
Net flux,(1-G)_G6P,0*G6P.x -> G6P,22.0900731609643,3706.13352061423
Net flux,(1-G)_RU5P,0*RU5P.x -> P5P,7.15222838187935,3657.50699211277
Net flux,(1-G)_S7P,0*S7P.x -> S7P,1.54326893637677,3716.34062663646
Net flux,(1-G)_2PG,0*2PG.x -> 2PG,12.9572467293675,3542.20725492876
Net flux,(1-G)_ADPG,0*ADPG.x -> ADPG,4.91943778166132,3765.45443329906
Net flux,(1-G)_PEP,0*PEP.x -> PEP,10.7694589554367,3631.68109572963
Net flux,(1-G)_UDPG,0*UDPG.x -> UDPG,27.5731966954463,3616.10597541812
Net flux,(1-G)_ALA,0*ALA.x -> ALA,1.0000000116861e-07,0
Net flux,PGASink,3PGA -> Sink,100,0
Net flux,DHAPSink,TP -> Sink,100.000000000001,0
Net flux,F6PSink,F6P -> Sink,100.000000000004,0
Net flux,FBPSink,FBP -> Sink,99.9999999999947,0
Net flux,G6PSink,G6P -> Sink,99.9999999999983,0
Net flux,P5PSink,P5P -> Sink,100.000000000001,0
Net flux,R5PSink,R5P -> Sink,99.9999999999968,0
Net flux,GASink,GA -> Sink,100.000000000002,0
Net flux,SERSink,SER -> Sink,99.9999999999996,0
Net flux,GLYSink,GLY -> Sink,100.000000000001,0
Net flux,RUBPSink,RUBP -> Sink,99.9999999999987,0
Net flux,S7PSink,S7P -> Sink,99.9999999999979,0
Net flux,2PGSink,2PG -> Sink,100.000000000002,0
Net flux,ADPGSink,ADPG -> Sink,99.999999999999,0
Net flux,PEPSink,PEP -> Sink,99.9999999999983,0
Net flux,UDPGSink,UDPG -> Sink,100.000000000001,0
Net flux,ALASink,ALA -> Sink,99.9999999999998,0
Net flux,S6Pout-LL,S6P + 0.1611*GLU + 0.07177*ASP + 0.03247*ALA.c + 0.01019*dummyGLY + 0.03484*dummySER -> Sink,0.722729484599778,0.130142748387195
Net flux,PGP.p,2PG.p -> Glyc.p,18.1074200823436,0.597315344818871
Net flux,GOX,Glyc.p -> Glyx.p,18.1074200823437,0.597315344818871
Net flux,GGT,Glyx.p -> GLY.p,18.1074200823437,0.597315344818871
Net flux,SGAT,SER.p -> HPA.p,4.87331866118835,0.980448317250742
Net flux,HPR.p,HPA.p -> GA.p,4.87331866118834,0.980448317250742
Net flux,T_GLY-m net,GLY.p <-> GLY.m,11.9037698186876,3514.80596254808
Exch flux,T_GLY-m exch,GLY.p <-> GLY.m,177391.269545488,3754.43605344319
Net flux,GDC.m,GLY.m + dummy -> myTHF.m + CO2,10.1518804768223,0.53237889372056
Net flux,T_SER-m net,SER.p <-> SER.m,-10.1518804768223,0.53237889372056
Exch flux,T_SER-m exch,SER.p <-> SER.m,0.885212465723097,9.99081579737417
Net flux,mSHMT,GLY.m + myTHF.m -> SER.m,10.1518804768223,0.53237889372056
Net flux,T_SER-c net,SER.p <-> SER.c,2.20370760813597,0.944374837540991
Exch flux,T_SER-c exch,SER.p <-> SER.c,2.48110999261413,1.19396844369009
Net flux,T_Gly-c net,GLY.p <-> GLY.c,6.19628565021135,3514.80591277671
Exch flux,T_Gly-c exch,GLY.p <-> GLY.c,1.69221199616065,3514.80255210317
Net flux,cSHMT,SER.c -> GLY.c + meTHF.c,2.20370746557431,0.944374837594881
Net flux,FmTHF-reductase net,meTHF.c <-> FmTHF.c,2.20370746557431,0.944374837594881
Exch flux,FmTHF-reductase exch,meTHF.c <-> FmTHF.c,5.82474506453029,3583.48518487214
Net flux,Met-synthase,FmTHF.c + Hcy.c -> Met.c,2.20370746557429,0.944374837594881
Net flux,SAM-synthase,Met.c -> SAM.c,2.2037074655743,0.944374837594881
Net flux,Methylation,SAM.c -> SAH.c + Acceptor.c,2.20370746557429,0.944374837594881
Net flux,hydrolysis,SAH.c -> Hcy.c,2.20370746557429,0.944374837594881
Net flux,G_SER.m,0*SER.m -> SER,1.0000000116861e-07,0
Net flux,G_SER.c,0*SER.c -> SER,1.00057036434009e-07,3655.71024259618
Net flux,G_Gly.m,0*GLY.m -> GLY,0.000551441633021454,3780.97042505415
Net flux,G_Gly.c,0*GLY.c -> GLY,49.6668971659665,9.82230785259773
Net flux,T_GLY-c-m,GLY.c -> GLY.m,8.3999911349604,3514.80562377498
Net flux,G_Glyc,0*Glyc.p -> Glyc,23.247880914051,1.36937757845739
Net flux,G_Glyx,0*Glyx.p -> Glyx,13.5387377914382,2.01305386582419
Net flux,G_HPA,0*HPA.p -> HPA,6.44215643363001,1.40369534994541
Net flux,(1-G)_Glyc,0*Glyc.x -> Glyc,76.7521190859496,1.36937757845739
Net flux,(1-G)_Glyx,0*Glyx.x -> Glyx,86.4612622085626,2.01305386582419
Net flux,(1-G)_HPA,0*HPA.x -> HPA,93.5578435663699,1.40369534994541
Net flux,GlycSink,Glyc -> Sink,100.000000000001,0
Net flux,GlyxSink,Glyx -> Sink,100.000000000001,0
Net flux,HPASink,HPA -> Sink,99.9999999999998,0
Net flux,SERex,dummySER -> outSER,3.04967199518323,0.982994575240167
Net flux,G_PYR,0*PYR.c -> PYR,31.7421435653451,1.61444524646072
Net flux,(1-G)_PYR,0*PYR.x -> PYR,68.2578564346552,1.61444524646072
Net flux,PYRSink,PYR -> Sink,100,0
Net flux,G_meTHF,0*meTHF.c -> meTHF,98.9245285975635,3552.7547541806
Net flux,G_FmTHF,0*FmTHF.c -> FmTHF,83.9194511841498,3.13502128502376
Net flux,G_Met,0*Met.c -> Met,63.3635489365116,4.11673359739673
Net flux,G_SAM,0*SAM.c -> SAM,67.5919024506868,3.84509280996803
Net flux,(1-G)_meTHF,0*meTHF.x -> meTHF,1.07547140243648,3552.7547541806
Net flux,(1-G)_FmTHF,0*FmTHF.x -> FmTHF,16.0805488158502,3.13502128502376
Net flux,(1-G)_Met,0*Met.x -> Met,36.6364510634885,4.11673359739673
Net flux,(1-G)_SAM,0*SAM.x -> SAM,32.4080975493133,3.84509280996803
Net flux,meTHFSink,meTHF -> Sink,99.9999999999999,0
Net flux,FmTHFSink,FmTHF -> Sink,100,0
Net flux,MetSink,Met -> Sink,100,0
Net flux,SAMsink,SAM -> Sink,100,0
Net flux,Met-protein,Met.c -> Protein,6.51983996113883e-15,0
Net flux,GLY-protein,GLY.c -> Protein,1.98082530111776e-06,1.72108699320059e-13
Net flux,SER-protein,SER.c -> Protein,1.42561660254614e-07,3.34366297515975e-13
Pool,2PG pool,,0,0
Pool,2PG.p pool,,2.05670709059458e-07,3688.17060428945
Pool,2PG.x pool,,1,Inf
Pool,3PGA pool,,0,0
Pool,3PGA.c pool,,0.00740680425964214,0.00291351200048337
Pool,3PGA.p pool,,1.06401634056666e-07,3661.54952493639
Pool,3PGA.x pool,,1,Inf
Pool,ACA pool,,2.73354376685485e-06,3707.33043045621
Pool,ADPG pool,,0,0
Pool,ADPG.p pool,,9.9999999999999e-08,Inf
Pool,ADPG.x pool,,1,Inf
Pool,AKG pool,,2.72663791460011e-06,3477.27622076775
Pool,ALA pool,,0,0
Pool,ALA.c pool,,0.0117728280845669,0.00285643770815357
Pool,ALA.x pool,,1,Inf
Pool,ASN pool,,7566.06621423097,3508.75444318145
Pool,ASP pool,,1.00000000000002e-07,0
Pool,Acceptor.c pool,,1,Inf
Pool,CIT pool,,3170951.54315605,3706.16563534062
Pool,CO2 pool,,0.275613189474155,0.171804144170245
Pool,CO2.t pool,,1,Inf
Pool,E4P.p pool,,0,0
Pool,EC2 pool,,0,0
Pool,F6P pool,,0,0
Pool,F6P.c pool,,3.82988317465599e-06,3570.03127129814
Pool,F6P.p pool,,1.05951279176404e-07,3669.47871538146
Pool,F6P.x pool,,1,Inf
Pool,FBP pool,,0,0
Pool,FBP.c pool,,3.82985577910591e-06,3617.23007248473
Pool,FBP.p pool,,1e-07,0
Pool,FBP.x pool,,1,Inf
Pool,FmTHF pool,,1.36559622930306,0.690091392463076
Pool,FmTHF.c pool,,1e-07,0
Pool,FmTHF.x pool,,1,Inf
Pool,G6P pool,,0,0
Pool,G6P.c pool,,9.87603205444687e-06,3662.49323958967
Pool,G6P.p pool,,2.85385904802958e-06,3700.3765393174
Pool,G6P.x pool,,1,Inf
Pool,GA pool,,0,0
Pool,GA.p pool,,1e-07,0
Pool,GA.x pool,,1,Inf
Pool,GLN pool,,8.83867937164139,3532.34191370927
Pool,GLU pool,,2.72675001830531e-06,3648.51146933481
Pool,GLY pool,,0,0
Pool,GLY.c pool,,0.329944587739948,0.13877897883488
Pool,GLY.m pool,,0.205324758223814,0.114520216975406
Pool,GLY.p pool,,0.00039796259884807,3796.13928702199
Pool,GLY.x pool,,1,Inf
Pool,Glyc pool,,8.33280802116424,1.9715088570147
Pool,Glyc.p pool,,2.06767673611463e-07,3715.46692984311
Pool,Glyc.x pool,,1,Inf
Pool,Glyx pool,,14.6232071173773,5.61265486198514
Pool,Glyx.p pool,,8.06027154205283e-07,3874.05894942453
Pool,Glyx.x pool,,1,Inf
Pool,HPA pool,,1.65697132910624e-06,3757.43922846793
Pool,HPA.p pool,,1e-07,0
Pool,HPA.x pool,,1,Inf
Pool,Hcy.c pool,,1,Inf
Pool,ICI pool,,0.00367958599326311,3549.99926114349
Pool,MAL pool,,0.386801625426467,0.117348509850747
Pool,Met pool,,8.09628578147679e-07,3849.65207454907
Pool,Met.c pool,,1e-07,0
Pool,Met.x pool,,1,Inf
Pool,OAA pool,,0.118982068168138,0.0331866422920577
Pool,P5P pool,,0,0
Pool,PEP pool,,0,0
Pool,PEP.c pool,,1.00000000000002e-07,0
Pool,PEP.x pool,,1,Inf
Pool,PRO pool,,5.39499820504504,3631.2224872245
Pool,PYR pool,,1e-07,0
Pool,PYR.c pool,,0.00105099084547379,0.00110696910058675
Pool,PYR.x pool,,1,Inf
Pool,Protein pool,,1,Inf
Pool,R5P pool,,0,0
Pool,R5P.p pool,,1e-07,0
Pool,R5P.x pool,,1,Inf
Pool,RU5P.p pool,,1.01023532925e-07,3635.37363154105
Pool,RU5P.x pool,,1,Inf
Pool,RUBP pool,,0,0
Pool,RUBP.p pool,,1.01316103165059e-07,3649.54552660818
Pool,RUBP.x pool,,1,Inf
Pool,S6P pool,,1,Inf
Pool,S7P pool,,0,0
Pool,S7P.p pool,,1e-07,0
Pool,S7P.x pool,,1,Inf
Pool,SAH.c pool,,1,Inf
Pool,SAM pool,,1.54182349298644,81.6794243349452
Pool,SAM.c pool,,0.0349034083082307,1.81500952930251
Pool,SAM.x pool,,1,Inf
Pool,SBP pool,,0,0
Pool,SER pool,,0,0
Pool,SER.c pool,,1.00000000002876e-07,0
Pool,SER.m pool,,0.955278676235998,0.128127634535799
Pool,SER.p pool,,1.00000000002876e-07,3868.12777708605
Pool,SER.x pool,,1,Inf
Pool,Sink pool,,1,Inf
Pool,Starch pool,,1,Inf
Pool,THR pool,,3888.1412796273,3650.61946940126
Pool,TP pool,,0,0
Pool,TP.c pool,,4.18774355599516e-06,3795.89319527044
Pool,TP.p pool,,1.83749431380103e-07,3576.12146225537
Pool,TP.x pool,,1,Inf
Pool,UDPG pool,,0,0
Pool,UDPG.c pool,,3.86953207831035,3820.98536168031
Pool,UDPG.x pool,,1,Inf
Pool,X5P.p pool,,1.02877548660446e-07,3885.42991722911
Pool,dummy pool,,1,Inf
Pool,dummyGLY pool,,1,Inf
Pool,dummySER pool,,1,Inf
Pool,meTHF pool,,1.21733148133893,0.886705899600303
Pool,meTHF.c pool,,1e-07,0
Pool,meTHF.x pool,,1,Inf
Pool,myTHF.m pool,,1.50527860045803e-07,3896.09953749039
Pool,outSER pool,,1,Inf
Norm,Experiment1 Glyc205 #1 norm,,0.977875410008587,0.0127961221466536
Norm,Experiment1 Glyc205 #2 norm,,0.978380228963531,0.0231080294292141
Norm,Experiment1 Glyc205 #3 norm,,0.958249475869408,0.0185758091118165
Norm,Experiment1 Glyc205 #4 norm,,0.969552938165195,0.0320223787979389
Norm,Experiment1 Glyc205 #5 norm,,1.0202345476419,0.0340761029426503
Norm,Experiment1 Glyc205 #6 norm,,1.02492392696069,0.0279480605746405
Norm,Experiment1 Glyc205 #7 norm,,0.997458158310803,0.0366574377542435
Norm,Experiment1 Glyc205 #8 norm,,0.982979869373961,0.0309633299030282
Norm,Experiment1 Glyx160 #1 norm,,1.00739889231623,0.0112562155130517
Norm,Experiment1 Glyx160 #2 norm,,1.00067778864714,0.0133019766672911
Norm,Experiment1 Glyx160 #3 norm,,0.972536122853154,0.0168048582001298
Norm,Experiment1 Glyx160 #4 norm,,1.01548738693037,0.0156224291808418
Norm,Experiment1 Glyx160 #5 norm,,0.945423855922032,0.0337006785066405
Norm,Experiment1 Glyx160 #6 norm,,1.01565698571585,0.0201493725091195
Norm,Experiment1 Glyx160 #7 norm,,1.00321589463543,0.0403470769394606
Norm,Experiment1 Glyx160 #8 norm,,0.992688191257062,0.0386671359238866
Norm,Experiment1 GLY276 #1 norm,,0.989527935433161,0.0102036064579697
Norm,Experiment1 GLY276 #2 norm,,0.973409511998987,0.0267349738422372
Norm,Experiment1 GLY276 #3 norm,,1.02029957950003,0.0456062648050091
Norm,Experiment1 GLY276 #4 norm,,0.99588321613065,0.0571608200074789
Norm,Experiment1 GLY276 #5 norm,,0.993501252892558,0.143799956796241
Norm,Experiment1 GLY276 #6 norm,,0.874278756422891,0.0927737356308441
Norm,Experiment1 GLY276 #7 norm,,1.03403246888985,0.0815381826862654
Norm,Experiment1 GLY276 #8 norm,,1.00611947497066,0.0748747356080307
Norm,Experiment1 HPA262 #1 norm,,0.982787975950927,0.0108179063754135
Norm,Experiment1 HPA262 #2 norm,,0.971300501304309,0.0282415680160643
Norm,Experiment1 HPA262 #3 norm,,0.957590728085455,0.0131312741313954
Norm,Experiment1 HPA262 #4 norm,,0.93812623526515,0.0335285161499462
Norm,Experiment1 HPA262 #5 norm,,0.928128050671455,0.0232520726319838
Norm,Experiment1 HPA262 #6 norm,,0.939000394074955,0.0319308347704541
Norm,Experiment1 HPA262 #7 norm,,0.995459305067433,0.0258922581126983
Norm,Experiment1 HPA262 #8 norm,,1.05515234426701,0.0248739571530449
Norm,Experiment1 GA307 #1 norm,,1.0260144380868,0.0126505198029541
Norm,Experiment1 GA307 #2 norm,,0.984815441574623,0.0320886297391865
Norm,Experiment1 GA307 #3 norm,,0.970875884480467,0.030273985608153
Norm,Experiment1 GA307 #4 norm,,0.983508917036825,0.0219432723548791
Norm,Experiment1 GA307 #5 norm,,0.949559741935761,0.0527358946787231
Norm,Experiment1 GA307 #6 norm,,1.02702686354157,0.0421360267595277
Norm,Experiment1 GA307 #7 norm,,0.960117282696175,0.041874275082355
Norm,Experiment1 GA307 #8 norm,,1.00426780270131,0.0376545892496923
Norm,Experiment1 SER306 #1 norm,,0.994439126972444,0.0143040202842889
Norm,Experiment1 SER306 #2 norm,,0.999302763662632,0.0187265129250171
Norm,Experiment1 SER306 #3 norm,,1.01657106478521,0.0482701503647468
Norm,Experiment1 SER306 #4 norm,,0.983163973357258,0.0421202106755657
Norm,Experiment1 SER306 #5 norm,,1.11854687895195,0.101031182093706
Norm,Experiment1 SER306 #6 norm,,0.922638473422485,0.0643883214135104
Norm,Experiment1 SER306 #7 norm,,1.01474240347297,0.0448342122936598
Norm,Experiment1 SER306 #8 norm,,0.972640718588971,0.0550367798808436
Norm,Experiment1 meTHF #1 norm,,0.981602507780212,0.00982535118200161
Norm,Experiment1 meTHF #2 norm,,0.993676553198484,0.0101535383065329
Norm,Experiment1 meTHF #3 norm,,1.07933935808235,0.0671856682497911
Norm,Experiment1 meTHF #4 norm,,1.03083567308363,0.0534744198951556
Norm,Experiment1 meTHF #5 norm,,0.958126905828752,0.080444388611738
Norm,Experiment1 meTHF #6 norm,,0.990728181696408,0.138655283628283
Norm,Experiment1 meTHF #7 norm,,1.00340567479774,0.0608151470956104
Norm,Experiment1 meTHF #8 norm,,0.960581662496138,0.0883343862380482
Norm,Experiment1 FmTHF #1 norm,,0.992852630279673,0.00986261927641107
Norm,Experiment1 FmTHF #2 norm,,1.00727969986311,0.0232305336067818
Norm,Experiment1 FmTHF #3 norm,,0.944199539649886,0.0297494021938313
Norm,Experiment1 FmTHF #4 norm,,1.02083786851718,0.0273740095000396
Norm,Experiment1 FmTHF #5 norm,,0.955522404617658,0.0649563303359545
Norm,Experiment1 FmTHF #6 norm,,1.00013001190941,0.0640189717906156
Norm,Experiment1 FmTHF #7 norm,,0.993378764846514,0.0535050358055231
Norm,Experiment1 FmTHF #8 norm,,1.02692247536294,0.0926562528769715
Norm,Experiment1 Met176 #1 norm,,0.922342254592961,0.0235428836672285
Norm,Experiment1 Met176 #2 norm,,0.923379721779169,0.0327808892277507
Norm,Experiment1 Met176 #3 norm,,0.944547012093541,0.0533097671474818
Norm,Experiment1 Met176 #4 norm,,0.9836286257204,0.0365328102321888
Norm,Experiment1 Met176 #5 norm,,0.970311401538906,0.0771705422655318
Norm,Experiment1 Met176 #6 norm,,0.997554513196243,0.105877179989384
Norm,Experiment1 Met176 #7 norm,,1.0033353495498,0.114166233110569
Norm,Experiment1 Met176 #8 norm,,0.999628044360199,0.111540318708837
Norm,Experiment1 SAM #1 norm,,1.00321706433914,0.0118137695714444
Norm,Experiment1 SAM #2 norm,,1.0015643434733,0.0120719375847822
Norm,Experiment1 SAM #3 norm,,0.998805110978677,0.0138365327543883
Norm,Experiment1 SAM #4 norm,,1.00699402516105,0.0261527919283151
Norm,Experiment1 SAM #5 norm,,0.977531840165018,0.0404673459845884
Norm,Experiment1 SAM #6 norm,,1.0327120651008,0.0722778690585742
Norm,Experiment1 SAM #7 norm,,1.00024634243788,0.0945191175032438
Norm,Experiment1 SAM #8 norm,,1.00550597535599,0.0862402012520971
Norm,Experiment1 CIT465 #1 norm,,1.00204424149754,0.0118730799260336
Norm,Experiment1 CIT465 #2 norm,,1.00893138117394,0.0138231109823474
Norm,Experiment1 CIT465 #3 norm,,0.949498237375944,0.0112521944893336
Norm,Experiment1 CIT465 #4 norm,,0.986512346929689,0.0169162075438761
Norm,Experiment1 CIT465 #5 norm,,0.960660084212492,0.0129599799620739
Norm,Experiment1 CIT465 #6 norm,,1.01900859809293,0.0130041500921761
Norm,Experiment1 CIT465 #7 norm,,1.02470730184494,0.0124355995313785
Norm,Experiment1 CIT465 #8 norm,,1.00495158382906,0.0130257231258865
Norm,Experiment1 MAL335 #1 norm,,1.00539993285679,0.0127473819072967
Norm,Experiment1 MAL335 #2 norm,,0.967794587993874,0.0107768132253615
Norm,Experiment1 MAL335 #3 norm,,0.978992739718904,0.0101649638226254
Norm,Experiment1 MAL335 #4 norm,,1.02337174096069,0.0151661192688641
Norm,Experiment1 MAL335 #5 norm,,0.939552235614625,0.0136878786529742
Norm,Experiment1 MAL335 #6 norm,,0.972220701763633,0.0136602350555248
Norm,Experiment1 MAL335 #7 norm,,0.971866430089597,0.0205087715112337
Norm,Experiment1 MAL335 #8 norm,,1.01380703294326,0.0356259880488943
Norm,Experiment1 ASP334 #1 norm,,0.986091586085468,0.0236819887186214
Norm,Experiment1 ASP334 #2 norm,,0.914003819790277,0.0277970146700387
Norm,Experiment1 ASP334 #3 norm,,0.999845632390069,0.0201232678777993
Norm,Experiment1 ASP334 #4 norm,,1.02099500322158,0.0190782692917522
Norm,Experiment1 ASP334 #5 norm,,0.967703919271072,0.0279822365668854
Norm,Experiment1 ASP334 #6 norm,,0.975059585472277,0.0302853175737489
Norm,Experiment1 ASP334 #7 norm,,0.994403831236445,0.0328038719219378
Norm,Experiment1 ASP334 #8 norm,,0.979064291280889,0.0861000897111433
Norm,Experiment1 GLU348 #1 norm,,0.960563202336922,0.0208321032670032
Norm,Experiment1 GLU348 #2 norm,,0.978907116049577,0.0197633812279082
Norm,Experiment1 GLU348 #3 norm,,1.01963787928693,0.0115296772060708
Norm,Experiment1 GLU348 #4 norm,,0.951208608031994,0.0338927281952017
Norm,Experiment1 GLU348 #5 norm,,0.982189987293234,0.0231145995581664
Norm,Experiment1 GLU348 #6 norm,,0.988615311006022,0.0129643475974928
Norm,Experiment1 GLU348 #7 norm,,1.00260434953837,0.0143376436865661
Norm,Experiment1 GLU348 #8 norm,,0.996026411182623,0.0168651901256604
Norm,Experiment1 THR320 #1 norm,,0.99979765594505,0.0104305593555753
Norm,Experiment1 THR320 #2 norm,,1.03019915474094,0.015218074491353
Norm,Experiment1 THR320 #3 norm,,1.02432291964174,0.0108606563497624
Norm,Experiment1 THR320 #4 norm,,0.974517819357969,0.0297128241427313
Norm,Experiment1 THR320 #5 norm,,0.989148990292692,0.0203749377840165
Norm,Experiment1 THR320 #6 norm,,0.948111276414358,0.0108587827555671
Norm,Experiment1 THR320 #7 norm,,0.946288551509908,0.0136898675920107
Norm,Experiment1 THR320 #8 norm,,0.889810405382457,0.0254137742261248
Norm,Experiment1 ALA116 #1 norm,,1.00356571983592,0.0100465518111805
Norm,Experiment1 ALA116 #2 norm,,1.01210182378792,0.0101662312626229
Norm,Experiment1 ALA116 #3 norm,,1.00990544681197,0.018267591888173
Norm,Experiment1 ALA116 #4 norm,,1.05948840185103,0.0227952076953146
Norm,Experiment1 ALA116 #5 norm,,1.01015945768568,0.116888977459685
Norm,Experiment1 ALA116 #6 norm,,0.972112568191505,0.0835225646208492
Norm,Experiment1 ALA116 #7 norm,,1.01405645860981,0.0608450881834187
Norm,Experiment1 ALA116 #8 norm,,0.978229289611888,0.106560369352001
Norm,Experiment1 PYR #1 norm,,0.979299195596702,0.0170007981905888
Norm,Experiment1 PYR #2 norm,,1.01562485325648,0.0516355074376889
Norm,Experiment1 PYR #3 norm,,1.01295677849117,0.106968260265121
Norm,Experiment1 PYR #4 norm,,1.02288411020654,0.0451902383505538
Norm,Experiment1 PYR #5 norm,,1.01513284366957,0.0517914501848454
Norm,Experiment1 PYR #6 norm,,1.02416136213565,0.0526594377187745
Norm,Experiment1 PYR #7 norm,,1.00137735638135,0.0902616168679318
Norm,Experiment1 PYR #8 norm,,0.974401375854656,0.0645351395791728
