type,id,eqn,val,std
Net flux,CO2.t,CO2.t -> CO2,47.6690593536126,1.08284408884705
Net flux,CO2_sink,dummy -> Sink,47.6690593536125,1.08284408884705
Net flux,RUBICSO_CO2,RUBP.p + CO2 -> 3PGA.p + 3PGA.p + dummy,57.6887482890102,1.18214161811867
Net flux,GAPDH.p net,3PGA.p <-> TP.p,137.414811420595,2.61044095860077
Exch flux,GAPDH.p exch,3PGA.p <-> TP.p,77.9818740637252,7.89634719618495
Net flux,ALD,TP.p + E4P.p -> SBP,25.0438656219677,0.473153041066788
Net flux,SBP,SBP -> S7P.p,25.0438656219677,0.473153041066788
Net flux,FBA.p net,TP.p + TP.p <-> FBP.p,29.5561694458665,0.635975935758011
Exch flux,FBA.p exch,TP.p + TP.p <-> FBP.p,20559.6197444643,8.18819687351354
Net flux,PFK.p net,FBP.p <-> F6P.p,29.5561694458697,0.635975935758011
Exch flux,PFK.p exch,FBP.p <-> F6P.p,9.99960008130074e-08,3.80568872236197e-15
Net flux,TK1 net,TP.p + EC2 <-> X5P.p,50.0877312439354,0.946306082133575
Exch flux,TK1 exch,TP.p + EC2 <-> X5P.p,498.277620189328,14.0397615972199
Net flux,TK2 net,S7P.p <-> R5P.p + EC2,25.0438656219677,0.473153041066788
Exch flux,TK2 exch,S7P.p <-> R5P.p + EC2,37.9331283763214,13.3987219278747
Net flux,TK3 net,F6P.p <-> E4P.p + EC2,25.0438656219667,0.473153041066788
Exch flux,TK3 exch,F6P.p <-> E4P.p + EC2,7691.47066015022,13.7653008028832
Net flux,PPE net,X5P.p <-> RU5P.p,50.0877312439353,0.946306082133575
Exch flux,PPE exch,X5P.p <-> RU5P.p,570.284286158505,14.2137730561226
Net flux,PPI net,R5P.p <-> RU5P.p,25.0438656219677,0.473153041066788
Exch flux,PPI exch,R5P.p <-> RU5P.p,239.597026264355,8.29122746429112
Net flux,PRK,RU5P.p -> RUBP.p,75.1315968659031,1.41945912320036
Net flux,RUBISCO_O2,RUBP.p -> 3PGA.p + 2PG.p,17.4428485768929,0.589608963049847
Net flux,GLYdil net,GLY.p <-> GLY.x + dummyGLY,0.00807780575139105,0.00101968366448807
Exch flux,GLYdil exch,GLY.p <-> GLY.x + dummyGLY,1.0000000116861e-07,0
Net flux,SERdil net,SER.p <-> SER.x + dummySER,2.55337998137092,0.452504155822196
Exch flux,SERdil exch,SER.p <-> SER.x + dummySER,0.919461079798914,1.4719676318723
Net flux,GK,GA.p -> 3PGA.p,4.93251332010884,0.525502168716371
Net flux,PGI.p net,F6P.p <-> G6P.p,4.51230382390235,0.341760911748617
Exch flux,PGI.p exch,F6P.p <-> G6P.p,3.55993488330411,11.4311895702631
Net flux,PGM.p,G6P.p -> ADPG.p,4.51230382390235,0.341760911748617
Net flux,Starch,ADPG.p -> Starch,4.51230382390233,0.341760911748617
Net flux,FBA.c net,TP.c + TP.c <-> FBP.c,1.58543783147616,0.200134183412778
Exch flux,FBA.c exch,TP.c + TP.c <-> FBP.c,20.9519173964123,12.1818366820023
Net flux,PFK.c net,FBP.c <-> F6P.c,1.58543783147617,0.200134183412778
Exch flux,PFK.c exch,FBP.c <-> F6P.c,5.65871544212548,11.5101393864918
Net flux,PGI.c net,F6P.c <-> G6P.c,0.792718915738106,0.100067091706389
Exch flux,PGI.c exch,F6P.c <-> G6P.c,227.981433448938,12.6271086540643
Net flux,PGM.c net,G6P.c <-> UDPG.c,0.79271891573444,0.100067091706389
Exch flux,PGM.c exch,G6P.c <-> UDPG.c,48481.5968353662,11.6731528240535
Net flux,SPS,F6P.c + UDPG.c -> S6P,0.792718915738053,0.100067091706389
Net flux,PGAM.c net,3PGA.c <-> PEP.c,0.338047054426437,0.0426726105872729
Exch flux,PGAM.c exch,3PGA.c <-> PEP.c,1.5004956671664,15.4401691729044
Net flux,PK.c,PEP.c -> PYR.c,0.153446600519295,0.0193699869416048
Net flux,PDH,PYR.c + dummy -> ACA + CO2,0.127707017325479,0.0161208084738988
Net flux,CS,OAA + ACA -> CIT,0.127707017325475,0.0161208084738988
Net flux,ACO net,CIT <-> ICI,0.12770701732552,0.0161208084738988
Exch flux,ACO exch,CIT <-> ICI,1170.14426710073,12.242648673019
Net flux,IDH,ICI + dummy -> AKG + CO2,0.127707017325492,0.0161208084738988
Net flux,MDH net,MAL <-> OAA,2.1316282072803e-14,0
Exch flux,MDH exch,MAL <-> OAA,1.60022370394586e-05,0.416119932527332
Net flux,PPC,PEP.c + CO2 -> OAA + dummy,0.184600453907797,0.0233026236456663
Net flux,T_3PGA net,3PGA.p <-> 3PGA.c,0.338047054426415,0.0426726105872729
Exch flux,T_3PGA exch,3PGA.p <-> 3PGA.c,0.0640984121053201,1.39609225694802
Net flux,T_DHAP net,TP.p <-> TP.c,3.17087566295238,0.400268366825556
Exch flux,T_DHAP exch,TP.p <-> TP.c,1.29890937936056,14.3509207075607
Net flux,ALT,PYR.c -> ALA.c,0.0257395831940113,0.00324917846770647
Net flux,ASPT,OAA -> ASP,0.0568934365825295,0.00718181517176754
Net flux,GLUDH,AKG -> GLU,0.127707017325469,0.0161208084738988
Net flux,PCR net,GLU <-> PRO,-2.48689957516035e-14,0
Exch flux,PCR exch,GLU <-> PRO,1.0000000116861e-07,0
Net flux,GS net,GLU <-> GLN,0,0
Exch flux,GS exch,GLU <-> GLN,1.00104116995681e-07,0
Net flux,TS net,ASP <-> THR,0,0
Exch flux,TS exch,ASP <-> THR,0.0770961511511032,0.0215902739998417
Net flux,AS net,ASP <-> ASN,1.06581410364015e-14,0
Exch flux,AS exch,ASP <-> ASN,1.0000000116861e-07,0
Net flux,G_3PGA.p,0*3PGA.p -> 3PGA,2.46866294872916e-06,20.0854859165077
Net flux,G_3PGA.c,0*3PGA.c -> 3PGA,92.9119081392463,15.4680310674904
Net flux,G_DHAP.p,0*TP.p -> TP,40.685379842242,19.9872807398314
Net flux,G_DHAP.c,0*TP.c -> TP,51.8471856996947,15.0585313411333
Net flux,G_F6P.p,0*F6P.p -> F6P,48.6686345030749,20.2168844782686
Net flux,G_F6P.c,0*F6P.c -> F6P,36.546576817712,13.9678199345165
Net flux,G_FBP.p,0*FBP.p -> FBP,2.46866126474288e-06,21.1522482598095
Net flux,G_FBP.c,0*FBP.c -> FBP,83.4512310463845,15.3998892122435
Net flux,G_G6P.p,0*G6P.p -> G6P,19.0549768397257,19.0758327457383
Net flux,G_G6P.c,0*G6P.c -> G6P,58.8549499993083,13.6367219049459
Net flux,G_RU5P.p,0*RU5P.p -> P5P,2.46865369746274e-06,18.9134415859966
Net flux,G_X5P.p,0*X5P.p -> P5P,92.8477691500754,13.6561099185901
Net flux,G_R5P.p,0*R5P.p -> R5P,82.2810779884949,14.305181477059
Net flux,G_GA.p,0*GA.p -> GA,41.8712878556192,1.59125052266799
Net flux,G_SER.p,0*SER.p -> SER,97.0611713762094,13.716037795778
Net flux,G_GLY.p,0*GLY.p -> GLY,19.5210314744047,14.0414591582082
Net flux,G_RUBP.p,0*RUBP.p -> RUBP,92.5302752673063,14.04991624228
Net flux,G_S7P.p,0*S7P.p -> S7P,98.4567310636212,13.6668165717036
Net flux,G_2PG.p,0*2PG.p -> 2PG,87.0427532706349,13.4687389914173
Net flux,G_ADPG.p,0*ADPG.p -> ADPG,95.0805622183377,13.8686923463661
Net flux,G_PEP.c,0*PEP.c -> PEP,89.2305410445615,13.5580303222505
Net flux,G_UDPG.c,0*UDPG.c -> UDPG,72.4268033045549,13.2456070339714
Net flux,G_ALA.c,0*ALA.c -> ALA,75.8415081803673,6.1488003971409
Net flux,(1-G)_GA,0*GA.x -> GA,58.1287121443828,1.59125052266799
Net flux,(1-G)_SER,0*SER.x -> SER,2.93882841008715,2.59464655901304
Net flux,(1-G)_GLY,0*GLY.x -> GLY,28.133271506086,2.80746972481921
Net flux,(1-G)_R5P,0*R5P.x -> R5P,17.718922011502,14.305181477059
Net flux,(1-G)_RUBP,0*RUBP.x -> RUBP,7.46972473269241,14.04991624228
Net flux,(1-G)_3PGA,0*3PGA.x -> 3PGA,7.08808939209106,12.7827536801754
Net flux,(1-G)_TP,0*TP.x -> TP,7.46743445806383,13.3051061219369
Net flux,(1-G)_F6P,0*F6P.x -> F6P,14.7847886792169,14.3158981861077
Net flux,(1-G)_FBP,0*FBP.x -> FBP,16.5487664849489,15.0359380436344
Net flux,(1-G)_G6P,0*G6P.x -> G6P,22.0900731609643,14.2026549398502
Net flux,(1-G)_RU5P,0*RU5P.x -> P5P,7.15222838127235,13.4037438977894
Net flux,(1-G)_S7P,0*S7P.x -> S7P,1.54326893637677,13.6668165717036
Net flux,(1-G)_2PG,0*2PG.x -> 2PG,12.9572467293675,13.4687389914173
Net flux,(1-G)_ADPG,0*ADPG.x -> ADPG,4.91943778166132,13.8686923463661
Net flux,(1-G)_PEP,0*PEP.x -> PEP,10.7694589554367,13.5580303222505
Net flux,(1-G)_UDPG,0*UDPG.x -> UDPG,27.5731966954463,13.2456070339714
Net flux,(1-G)_ALA,0*ALA.x -> ALA,24.1584918196325,6.1488003971409
Net flux,PGASink,3PGA -> Sink,100,0
Net flux,DHAPSink,TP -> Sink,100.000000000001,0
Net flux,F6PSink,F6P -> Sink,100.000000000004,0
Net flux,FBPSink,FBP -> Sink,99.9999999999947,0
Net flux,G6PSink,G6P -> Sink,99.9999999999983,0
Net flux,P5PSink,P5P -> Sink,100.000000000001,0
Net flux,R5PSink,R5P -> Sink,99.9999999999968,0
Net flux,GASink,GA -> Sink,100.000000000002,0
Net flux,SERSink,SER -> Sink,99.9999999999996,0
Net flux,GLYSink,GLY -> Sink,100.000000000001,0
Net flux,RUBPSink,RUBP -> Sink,99.9999999999987,0
Net flux,S7PSink,S7P -> Sink,99.9999999999979,0
Net flux,2PGSink,2PG -> Sink,100.000000000002,0
Net flux,ADPGSink,ADPG -> Sink,99.999999999999,0
Net flux,PEPSink,PEP -> Sink,99.9999999999983,0
Net flux,UDPGSink,UDPG -> Sink,100.000000000001,0
Net flux,ALASink,ALA -> Sink,99.9999999999998,0
Net flux,S6Pout-LL,S6P + 0.1611*GLU + 0.07177*ASP + 0.03247*ALA.c + 0.01019*dummyGLY + 0.03484*dummySER -> Sink,0.792718915738089,0.100067091706389
Net flux,PGP.p,2PG.p -> Glyc.p,17.4428485768929,0.589608963049847
Net flux,GOX,Glyc.p -> Glyx.p,17.4428485768929,0.589608963049847
Net flux,GGT,Glyx.p -> GLY.p,17.4428485768929,0.589608963049847
Net flux,SGAT,SER.p -> HPA.p,4.93251332010882,0.525502168716371
Net flux,HPR.p,HPA.p -> GA.p,4.93251332010882,0.525502168716371
Net flux,T_GLY-m net,GLY.p <-> GLY.m,17.4348889959074,14.0482320763325
Exch flux,T_GLY-m exch,GLY.p <-> GLY.m,91797.8850815236,13.2920396278719
Net flux,GDC.m,GLY.m + dummy -> myTHF.m + CO2,9.94887535465491,0.463995792472224
Net flux,T_SER-m net,SER.p <-> SER.m,-9.94887535465489,0.463995792472224
Exch flux,T_SER-m exch,SER.p <-> SER.m,178.994439995812,14.4730453239979
Net flux,mSHMT,GLY.m + myTHF.m -> SER.m,9.94887535465491,0.463995792472224
Net flux,T_SER-c net,SER.p <-> SER.c,2.46298205317513,0.823057380261287
Exch flux,T_SER-c exch,SER.p <-> SER.c,7.36439107660303e-05,1.4954897045283
Net flux,T_Gly-c net,GLY.p <-> GLY.c,-0.000118224777067244,14.035850343483
Exch flux,T_Gly-c exch,GLY.p <-> GLY.c,9.99999998363421e-08,0
Net flux,cSHMT,SER.c -> GLY.c + meTHF.c,2.46298191900239,0.823057380261288
Net flux,FmTHF-reductase net,meTHF.c <-> FmTHF.c,2.46298191900239,0.823057380261288
Exch flux,FmTHF-reductase exch,meTHF.c <-> FmTHF.c,6.67904656600547,13.8076609217025
Net flux,Met-synthase,FmTHF.c + Hcy.c -> Met.c,2.46298191900237,0.823057380261288
Net flux,SAM-synthase,Met.c -> SAM.c,2.46298191900238,0.823057380261288
Net flux,Methylation,SAM.c -> SAH.c + Acceptor.c,2.46298191900237,0.823057380261288
Net flux,hydrolysis,SAH.c -> Hcy.c,2.46298191900237,0.823057380261288
Net flux,G_SER.m,0*SER.m -> SER,1.0000000116861e-07,0
Net flux,G_SER.c,0*SER.c -> SER,1.13703070070414e-07,13.4683889923534
Net flux,G_Gly.m,0*GLY.m -> GLY,0.000161165832089694,13.3380609483924
Net flux,G_Gly.c,0*GLY.c -> GLY,52.3455358536784,5.77815036352991
Net flux,T_GLY-c-m,GLY.c -> GLY.m,2.46286171339127,14.0599615338693
Net flux,G_Glyc,0*Glyc.p -> Glyc,20.8674267604149,1.09903883257163
Net flux,G_Glyx,0*Glyx.p -> Glyx,9.53087813458625,1.23388906748025
Net flux,G_HPA,0*HPA.p -> HPA,8.71503770181936,1.27624734197953
Net flux,(1-G)_Glyc,0*Glyc.x -> Glyc,79.1325732395857,1.09903883257163
Net flux,(1-G)_Glyx,0*Glyx.x -> Glyx,90.4691218654146,1.23388906748025
Net flux,(1-G)_HPA,0*HPA.x -> HPA,91.2849622981805,1.27624734197953
Net flux,GlycSink,Glyc -> Sink,100.000000000001,0
Net flux,GlyxSink,Glyx -> Sink,100.000000000001,0
Net flux,HPASink,HPA -> Sink,99.9999999999998,0
Net flux,SERex,dummySER -> outSER,2.52575911288991,0.4529653787688
Net flux,G_PYR,0*PYR.c -> PYR,28.164525924923,1.89703030879492
Net flux,(1-G)_PYR,0*PYR.x -> PYR,71.8354740750772,1.89703030879492
Net flux,PYRSink,PYR -> Sink,100,0
Net flux,G_meTHF,0*meTHF.c -> meTHF,99.6493345926083,13.7586199458953
Net flux,G_FmTHF,0*FmTHF.c -> FmTHF,78.4158505304579,2.84127577937049
Net flux,G_Met,0*Met.c -> Met,58.6649712584816,3.8315149249441
Net flux,G_SAM,0*SAM.c -> SAM,63.1283579404197,3.62193138756111
Net flux,(1-G)_meTHF,0*meTHF.x -> meTHF,0.350665407391674,13.7586199458953
Net flux,(1-G)_FmTHF,0*FmTHF.x -> FmTHF,21.5841494695422,2.84127577937049
Net flux,(1-G)_Met,0*Met.x -> Met,41.3350287415184,3.8315149249441
Net flux,(1-G)_SAM,0*SAM.x -> SAM,36.8716420595803,3.62193138756111
Net flux,meTHFSink,meTHF -> Sink,99.9999999999999,0
Net flux,FmTHFSink,FmTHF -> Sink,100,0
Net flux,MetSink,Met -> Sink,100,0
Net flux,SAMsink,SAM -> Sink,100,0
Net flux,Met-protein,Met.c -> Protein,6.51983996113883e-15,0
Net flux,GLY-protein,GLY.c -> Protein,1.98083408520233e-06,1.34964471443212e-15
Net flux,SER-protein,SER.c -> Protein,1.34172747578987e-07,4.26058386386233e-15
Pool,2PG pool,,0,0
Pool,2PG.p pool,,3.42629507788505e-06,14.191300021747
Pool,2PG.x pool,,1,Inf
Pool,3PGA pool,,0,0
Pool,3PGA.c pool,,0.0124619477689579,0.004441246273028
Pool,3PGA.p pool,,3.89036907203449e-06,13.5048600172648
Pool,3PGA.x pool,,1,Inf
Pool,ACA pool,,2.5807211679345e-06,14.538667459878
Pool,ADPG pool,,0,0
Pool,ADPG.p pool,,9.9999999999999e-08,Inf
Pool,ADPG.x pool,,1,Inf
Pool,AKG pool,,2.50102296307006e-06,14.0986399365537
Pool,ALA pool,,0,0
Pool,ALA.c pool,,0.00728728254367548,0.00186235736756838
Pool,ALA.x pool,,1,Inf
Pool,ASN pool,,7566.06819374034,13.0866131440772
Pool,ASP pool,,1.82137321254194e-06,13.732764834594
Pool,Acceptor.c pool,,1,Inf
Pool,CIT pool,,4.9531747671032,3.28385327950678
Pool,CO2 pool,,0.156708925077957,0.18386695854433
Pool,CO2.t pool,,1,Inf
Pool,E4P.p pool,,0,0
Pool,EC2 pool,,0,0
Pool,F6P pool,,0,0
Pool,F6P.c pool,,3.81343415873004e-06,13.3739883182968
Pool,F6P.p pool,,3.73184935616988e-06,14.7188821988312
Pool,F6P.x pool,,1,Inf
Pool,FBP pool,,0,0
Pool,FBP.c pool,,3.79572529447198e-06,13.3799467488726
Pool,FBP.p pool,,3.58284410790348e-06,13.6595719649595
Pool,FBP.x pool,,1,Inf
Pool,FmTHF pool,,0.00116184388787841,13.5197001842063
Pool,FmTHF.c pool,,1.49729019575856e-06,14.2430133478664
Pool,FmTHF.x pool,,1,Inf
Pool,G6P pool,,0,0
Pool,G6P.c pool,,9.76791840021897e-06,14.4329547872886
Pool,G6P.p pool,,3.76457521721463e-06,13.8317742957821
Pool,G6P.x pool,,1,Inf
Pool,GA pool,,0,0
Pool,GA.p pool,,2.84345677677861e-06,13.8632310494733
Pool,GA.x pool,,1,Inf
Pool,GLN pool,,8.83867754991173,14.3943952564026
Pool,GLU pool,,2.5010243012641e-06,13.6225159203841
Pool,GLY pool,,0,0
Pool,GLY.c pool,,9.99999999473644e-08,0
Pool,GLY.m pool,,0.314336460061115,0.0660756609286808
Pool,GLY.p pool,,0.000425581981222998,13.8701916966047
Pool,GLY.x pool,,1,Inf
Pool,Glyc pool,,3.87547332758837,0.984336623652231
Pool,Glyc.p pool,,1.33188701909709e-05,13.7605569391101
Pool,Glyc.x pool,,1,Inf
Pool,Glyx pool,,6.52953244347991,2.84597862149817
Pool,Glyx.p pool,,1.81442598105222e-05,14.0347531200984
Pool,Glyx.x pool,,1,Inf
Pool,HPA pool,,0.000150289823864897,14.5724304047802
Pool,HPA.p pool,,2.21507513513472e-06,13.8475381656716
Pool,HPA.x pool,,1,Inf
Pool,Hcy.c pool,,1,Inf
Pool,ICI pool,,0.00364865572610567,13.933614675027
Pool,MAL pool,,7.29778979953719e-05,1.89761066913517
Pool,Met pool,,0.000195670286036583,14.3151546032783
Pool,Met.c pool,,1.39008361714304e-06,14.4163262452716
Pool,Met.x pool,,1,Inf
Pool,OAA pool,,0.061676998309682,0.0179676322918541
Pool,P5P pool,,0,0
Pool,PEP pool,,0,0
Pool,PEP.c pool,,0.00011823965799292,12.6641567914125
Pool,PEP.x pool,,1,Inf
Pool,PRO pool,,5.39499638373924,13.685801279418
Pool,PYR pool,,1.00053484321789e-07,13.4608453625696
Pool,PYR.c pool,,0.00310283755719213,0.00262528537211596
Pool,PYR.x pool,,1,Inf
Pool,Protein pool,,1,Inf
Pool,R5P pool,,0,0
Pool,R5P.p pool,,2.11945617236141e-05,14.110725059914
Pool,R5P.x pool,,1,Inf
Pool,RU5P.p pool,,3.60108327615782e-06,13.7763608032088
Pool,RU5P.x pool,,1,Inf
Pool,RUBP pool,,0,0
Pool,RUBP.p pool,,3.60859208848979e-06,13.3204970659998
Pool,RUBP.x pool,,1,Inf
Pool,S6P pool,,1,Inf
Pool,S7P pool,,0,0
Pool,S7P.p pool,,3.64371364250733e-06,14.2025850083821
Pool,S7P.x pool,,1,Inf
Pool,SAH.c pool,,1,Inf
Pool,SAM pool,,2.98336016558666,1.08536313021356
Pool,SAM.c pool,,2.71437659144965e-06,13.4736964795996
Pool,SAM.x pool,,1,Inf
Pool,SBP pool,,0,0
Pool,SER pool,,0,0
Pool,SER.c pool,,1.00000000002876e-07,0
Pool,SER.m pool,,1.26769614330326,0.0927524261537301
Pool,SER.p pool,,0.00021818512004777,13.984313107257
Pool,SER.x pool,,1,Inf
Pool,Sink pool,,1,Inf
Pool,Starch pool,,1,Inf
Pool,THR pool,,0.188115126862622,0.0551913236326145
Pool,TP pool,,0,0
Pool,TP.c pool,,4.16248511687068e-06,14.2100673528914
Pool,TP.p pool,,4.04769843698347e-06,13.9840397688093
Pool,TP.x pool,,1,Inf
Pool,UDPG pool,,0,0
Pool,UDPG.c pool,,1.00000000002876e-07,0
Pool,UDPG.x pool,,1,Inf
Pool,X5P.p pool,,3.69807187078506e-06,13.5751776195939
Pool,dummy pool,,1,Inf
Pool,dummyGLY pool,,1,Inf
Pool,dummySER pool,,1,Inf
Pool,meTHF pool,,1.14489423199759,0.871688328018255
Pool,meTHF.c pool,,1.56116189806083e-06,13.604298579921
Pool,meTHF.x pool,,1,Inf
Pool,myTHF.m pool,,9.999999997512e-08,0
Pool,outSER pool,,1,Inf
Norm,Experiment1 Glyc205 #1 norm,,0.99039266287947,0.0130442812974084
Norm,Experiment1 Glyc205 #2 norm,,1.00004191242599,0.0246844554244195
Norm,Experiment1 Glyc205 #3 norm,,0.967284314110864,0.0217648656872487
Norm,Experiment1 Glyc205 #4 norm,,1.03291682210621,0.0347513879851995
Norm,Experiment1 Glyc205 #5 norm,,0.989975149140715,0.0343535319442006
Norm,Experiment1 Glyc205 #6 norm,,1.03185642212806,0.0275401521817032
Norm,Experiment1 Glyc205 #7 norm,,0.992797453246311,0.0348808000339199
Norm,Experiment1 Glyc205 #8 norm,,0.976633430183104,0.0282801811069126
Norm,Experiment1 Glyx160 #1 norm,,1.02523226954846,0.0113503590434618
Norm,Experiment1 Glyx160 #2 norm,,1.00256370038827,0.0141106727580754
Norm,Experiment1 Glyx160 #3 norm,,0.986093507766218,0.0187474154681586
Norm,Experiment1 Glyx160 #4 norm,,0.991179923884418,0.0169746276668651
Norm,Experiment1 Glyx160 #5 norm,,0.986621210826463,0.0351373380764933
Norm,Experiment1 Glyx160 #6 norm,,1.02019595105226,0.0205347866463243
Norm,Experiment1 Glyx160 #7 norm,,0.927898949067111,0.0364745270005052
Norm,Experiment1 Glyx160 #8 norm,,1.00655709503946,0.0360961482633528
Norm,Experiment1 GLY276 #1 norm,,1.01529665007332,0.0103193537305455
Norm,Experiment1 GLY276 #2 norm,,0.976518927713285,0.0220594762768248
Norm,Experiment1 GLY276 #3 norm,,1.03236778644739,0.0498376185055272
Norm,Experiment1 GLY276 #4 norm,,0.995572160670063,0.0624765648051781
Norm,Experiment1 GLY276 #5 norm,,0.995692410059579,0.14229494950266
Norm,Experiment1 GLY276 #6 norm,,0.980620108033469,0.0980707775201163
Norm,Experiment1 GLY276 #7 norm,,1.02015263686198,0.0616118149204761
Norm,Experiment1 GLY276 #8 norm,,0.969031164273667,0.0744604263704536
Norm,Experiment1 HPA262 #1 norm,,0.983960268536461,0.0106215478079349
Norm,Experiment1 HPA262 #2 norm,,0.978872345177964,0.0288921187604733
Norm,Experiment1 HPA262 #3 norm,,0.921531253657565,0.0122077094825472
Norm,Experiment1 HPA262 #4 norm,,0.944459017661215,0.0336154805066625
Norm,Experiment1 HPA262 #5 norm,,0.914590792264242,0.0224182148835861
Norm,Experiment1 HPA262 #6 norm,,0.997973314639542,0.0363228850416517
Norm,Experiment1 HPA262 #7 norm,,0.936687854607215,0.0239079876270517
Norm,Experiment1 HPA262 #8 norm,,1.01514411153633,0.0237018673344345
Norm,Experiment1 GA307 #1 norm,,0.996932182720573,0.0118810834342319
Norm,Experiment1 GA307 #2 norm,,0.867201674148021,0.0269074110808384
Norm,Experiment1 GA307 #3 norm,,0.932316880617649,0.0288981328640317
Norm,Experiment1 GA307 #4 norm,,1.01313869291042,0.0202674479985204
Norm,Experiment1 GA307 #5 norm,,0.976354330845553,0.0534405970257027
Norm,Experiment1 GA307 #6 norm,,1.05384615731872,0.0443002652048645
Norm,Experiment1 GA307 #7 norm,,0.995440689541511,0.0449187841913021
Norm,Experiment1 GA307 #8 norm,,1.00513853006368,0.0332000777614371
Norm,Experiment1 SER306 #1 norm,,1.00602147217744,0.0144592466955458
Norm,Experiment1 SER306 #2 norm,,0.976449771414235,0.015371895775168
Norm,Experiment1 SER306 #3 norm,,0.978380545496062,0.0415459791857548
Norm,Experiment1 SER306 #4 norm,,1.03554164429197,0.0453309451896865
Norm,Experiment1 SER306 #5 norm,,0.992955774319569,0.102238697206162
Norm,Experiment1 SER306 #6 norm,,0.969488135260106,0.0616361265581892
Norm,Experiment1 SER306 #7 norm,,1.03953921687288,0.0480291235750486
Norm,Experiment1 SER306 #8 norm,,0.945575814846457,0.0467724780105032
Norm,Experiment1 meTHF #1 norm,,1.00104371800267,0.0100413925626568
Norm,Experiment1 meTHF #2 norm,,1.02397958729411,0.0103978679266299
Norm,Experiment1 meTHF #3 norm,,1.02399665595229,0.0669566212517378
Norm,Experiment1 meTHF #4 norm,,0.979670086562717,0.0512756875265094
Norm,Experiment1 meTHF #5 norm,,0.981078170939465,0.0837833016655441
Norm,Experiment1 meTHF #6 norm,,1.0002027274093,0.118736113870763
Norm,Experiment1 meTHF #7 norm,,0.998512019893824,0.0611105463015659
Norm,Experiment1 meTHF #8 norm,,0.876811410518588,0.0912561482187022
Norm,Experiment1 FmTHF #1 norm,,0.995090379365402,0.0099653362327861
Norm,Experiment1 FmTHF #2 norm,,1.000567732757,0.0246745701234182
Norm,Experiment1 FmTHF #3 norm,,0.99984468252941,0.0312222558057669
Norm,Experiment1 FmTHF #4 norm,,1.00849046216587,0.024829122400833
Norm,Experiment1 FmTHF #5 norm,,0.964992360991091,0.0544841825760845
Norm,Experiment1 FmTHF #6 norm,,1.00242739303943,0.064847775337934
Norm,Experiment1 FmTHF #7 norm,,0.984640571020847,0.0541703849930567
Norm,Experiment1 FmTHF #8 norm,,1.08076320028216,0.0895042573389768
Norm,Experiment1 Met176 #1 norm,,0.994772551446816,0.0257299574906636
Norm,Experiment1 Met176 #2 norm,,0.883164730491476,0.0320679162306969
Norm,Experiment1 Met176 #3 norm,,0.93669633230769,0.0493184174147416
Norm,Experiment1 Met176 #4 norm,,0.981312160580795,0.0353453560556991
Norm,Experiment1 Met176 #5 norm,,0.982417520068677,0.0757304030247185
Norm,Experiment1 Met176 #6 norm,,0.976162565451349,0.102768569549576
Norm,Experiment1 Met176 #7 norm,,0.999299299514469,0.132661925583533
Norm,Experiment1 Met176 #8 norm,,0.996976214344602,0.105414361834022
Norm,Experiment1 SAM #1 norm,,0.974777372392442,0.0117514730158758
Norm,Experiment1 SAM #2 norm,,0.988486272518803,0.0118074316674816
Norm,Experiment1 SAM #3 norm,,1.00160054460708,0.0147111081613457
Norm,Experiment1 SAM #4 norm,,1.01273793321609,0.0239132345527637
Norm,Experiment1 SAM #5 norm,,0.981843929463639,0.0373853425075371
Norm,Experiment1 SAM #6 norm,,1.009462059219,0.0615404491759086
Norm,Experiment1 SAM #7 norm,,1.0000444932278,0.111859974000584
Norm,Experiment1 SAM #8 norm,,1.00088679613039,0.0886085656018388
Norm,Experiment1 CIT465 #1 norm,,0.974082281032365,0.0116101321756839
Norm,Experiment1 CIT465 #2 norm,,1.02763336721243,0.0141257950764213
Norm,Experiment1 CIT465 #3 norm,,1.01952156083634,0.012124924639327
Norm,Experiment1 CIT465 #4 norm,,0.999004766146946,0.0170349820983242
Norm,Experiment1 CIT465 #5 norm,,1.00976735054078,0.013866474005968
Norm,Experiment1 CIT465 #6 norm,,0.99690368442194,0.0127409468013913
Norm,Experiment1 CIT465 #7 norm,,1.00232786363628,0.0138743221068975
Norm,Experiment1 CIT465 #8 norm,,1.00618143393714,0.0202060854861557
Norm,Experiment1 MAL335 #1 norm,,0.974626894571941,0.0124806909835804
Norm,Experiment1 MAL335 #2 norm,,0.983847718696622,0.0108868652547512
Norm,Experiment1 MAL335 #3 norm,,0.999586436146892,0.0105064432950145
Norm,Experiment1 MAL335 #4 norm,,1.01579501238571,0.0146117483124096
Norm,Experiment1 MAL335 #5 norm,,0.996706249630244,0.0141347841357984
Norm,Experiment1 MAL335 #6 norm,,1.02291609894078,0.0188200621231615
Norm,Experiment1 MAL335 #7 norm,,1.00856418905753,0.0295119523478885
Norm,Experiment1 MAL335 #8 norm,,0.995886297898405,0.040091078012614
Norm,Experiment1 ASP334 #1 norm,,1.04300452586211,0.0250025803081122
Norm,Experiment1 ASP334 #2 norm,,0.980936236053914,0.0297341033596013
Norm,Experiment1 ASP334 #3 norm,,0.958699717864186,0.0198695621308221
Norm,Experiment1 ASP334 #4 norm,,0.97662677241718,0.0168541942523583
Norm,Experiment1 ASP334 #5 norm,,0.892965252966296,0.0246257988838656
Norm,Experiment1 ASP334 #6 norm,,0.989357992007482,0.031137365592734
Norm,Experiment1 ASP334 #7 norm,,0.997368013143032,0.0299986902125458
Norm,Experiment1 ASP334 #8 norm,,0.975713580219373,0.0910894283164519
Norm,Experiment1 GLU348 #1 norm,,0.944472199585615,0.0204018053905822
Norm,Experiment1 GLU348 #2 norm,,0.997583964713616,0.0199377008440428
Norm,Experiment1 GLU348 #3 norm,,0.985338547500444,0.0111508378699031
Norm,Experiment1 GLU348 #4 norm,,0.94663456732532,0.0357702159143552
Norm,Experiment1 GLU348 #5 norm,,0.984481259397901,0.0233467002950167
Norm,Experiment1 GLU348 #6 norm,,0.978965309947274,0.0127369471760511
Norm,Experiment1 GLU348 #7 norm,,0.995451859330765,0.0156274212189083
Norm,Experiment1 GLU348 #8 norm,,0.996942471614127,0.0228095248910837
Norm,Experiment1 THR320 #1 norm,,0.968792146628985,0.0100362458862959
Norm,Experiment1 THR320 #2 norm,,0.95881045515509,0.0140582189713682
Norm,Experiment1 THR320 #3 norm,,1.00063936199652,0.0107556512038624
Norm,Experiment1 THR320 #4 norm,,0.978684634009527,0.0290974541225656
Norm,Experiment1 THR320 #5 norm,,0.989618121306181,0.0207658558458657
Norm,Experiment1 THR320 #6 norm,,1.0630155372525,0.012545974665372
Norm,Experiment1 THR320 #7 norm,,0.996390348337803,0.0169517277827721
Norm,Experiment1 THR320 #8 norm,,1.0008004683069,0.0359216870951054
Norm,Experiment1 ALA116 #1 norm,,1.01616995297666,0.0101852303089155
Norm,Experiment1 ALA116 #2 norm,,0.987432376161686,0.00974645122833619
Norm,Experiment1 ALA116 #3 norm,,0.975188597732381,0.0171725727512367
Norm,Experiment1 ALA116 #4 norm,,1.04199781275847,0.0252825392565586
Norm,Experiment1 ALA116 #5 norm,,1.05174462619521,0.105032308567771
Norm,Experiment1 ALA116 #6 norm,,0.989687697352327,0.079353416846721
Norm,Experiment1 ALA116 #7 norm,,1.02727586950659,0.0577787204213685
Norm,Experiment1 ALA116 #8 norm,,0.865671235505059,0.102189465149641
Norm,Experiment1 PYR #1 norm,,0.949050517865417,0.016809352149328
Norm,Experiment1 PYR #2 norm,,0.987964449094616,0.0464077546658952
Norm,Experiment1 PYR #3 norm,,1.04203288165013,0.118993163915494
Norm,Experiment1 PYR #4 norm,,1.00100911525324,0.270838816088005
Norm,Experiment1 PYR #5 norm,,1.04801596116023,0.0564517768332459
Norm,Experiment1 PYR #6 norm,,1.04717647861244,0.0571711690754642
Norm,Experiment1 PYR #7 norm,,0.965518435483971,0.122305872414022
Norm,Experiment1 PYR #8 norm,,1.03644414986307,0.0697552357594894
