type,id,eqn,val,std
Net flux,CO2.t,CO2.t -> CO2,48.0261123471195,1.1324521867019
Net flux,CO2_sink,dummy -> Sink,48.0261123471194,1.1324521867019
Net flux,RUBICSO_CO2,RUBP.p + CO2 -> 3PGA.p + 3PGA.p + dummy,59.4766998749155,1.25885355755173
Net flux,GAPDH.p net,3PGA.p <-> TP.p,142.01249236002,2.7368675380762
Exch flux,GAPDH.p exch,3PGA.p <-> TP.p,1.0000000116861e-07,0.807209048329287
Net flux,ALD,TP.p + E4P.p -> SBP,25.7828169852119,0.495131430127614
Net flux,SBP,SBP -> S7P.p,25.7828169852119,0.495131430127614
Net flux,FBA.p net,TP.p + TP.p <-> FBP.p,30.7320787927601,0.669620627421376
Exch flux,FBA.p exch,TP.p + TP.p <-> FBP.p,20424.6986685187,61.1420577070629
Net flux,PFK.p net,FBP.p <-> F6P.p,30.7320787927633,0.669620627421376
Exch flux,PFK.p exch,FBP.p <-> F6P.p,9.99956029090754e-08,1.24557025001155e-14
Net flux,TK1 net,TP.p + EC2 <-> X5P.p,51.5656339704237,0.990262860255228
Exch flux,TK1 exch,TP.p + EC2 <-> X5P.p,9.99999976158961e-08,0
Net flux,TK2 net,S7P.p <-> R5P.p + EC2,25.7828169852118,0.495131430127614
Exch flux,TK2 exch,S7P.p <-> R5P.p + EC2,38.1371227267287,105.651684421425
Net flux,TK3 net,F6P.p <-> E4P.p + EC2,25.782816985211,0.495131430127614
Exch flux,TK3 exch,F6P.p <-> E4P.p + EC2,6595.1369964456,115.197832933384
Net flux,PPE net,X5P.p <-> RU5P.p,51.5656339704236,0.990262860255228
Exch flux,PPE exch,X5P.p <-> RU5P.p,84.2546305546052,115.105440237002
Net flux,PPI net,R5P.p <-> RU5P.p,25.7828169852119,0.495131430127614
Exch flux,PPI exch,R5P.p <-> RU5P.p,240.276833213779,91.4676818444174
Net flux,PRK,RU5P.p -> RUBP.p,77.3484509556357,1.48539429038284
Net flux,RUBISCO_O2,RUBP.p -> 3PGA.p + 2PG.p,17.8717510807202,0.599771712878433
Net flux,GLYdil net,GLY.p <-> GLY.x + dummyGLY,0.00815170402854193,0.001326132979006
Exch flux,GLYdil exch,GLY.p <-> GLY.x + dummyGLY,1.0000000116861e-07,0
Net flux,SERdil net,SER.p <-> SER.x + dummySER,0.955990030055879,1.01631803256278
Exch flux,SERdil exch,SER.p <-> SER.x + dummySER,0.808152611144415,1.29338878251951
Net flux,GK,GA.p -> 3PGA.p,5.52848114339672,1.0232709186099
Net flux,PGI.p net,F6P.p <-> G6P.p,4.94926180755168,0.398492253642952
Exch flux,PGI.p exch,F6P.p <-> G6P.p,2.05396273592569,64.1889366013889
Net flux,PGM.p,G6P.p -> ADPG.p,4.94926180755169,0.398492253642952
Net flux,Starch,ADPG.p -> Starch,4.94926180755167,0.398492253642952
Net flux,FBA.c net,TP.c + TP.c <-> FBP.c,1.59994190942963,0.26028125201253
Exch flux,FBA.c exch,TP.c + TP.c <-> FBP.c,20.7437044431781,97.313223730594
Net flux,PFK.c net,FBP.c <-> F6P.c,1.59994190942964,0.26028125201253
Exch flux,PFK.c exch,FBP.c <-> F6P.c,5.43221088988045,130.04839051431
Net flux,PGI.c net,F6P.c <-> G6P.c,0.799970954714837,0.130140626006265
Exch flux,PGI.c exch,F6P.c <-> G6P.c,228.251477923991,130.048195164773
Net flux,PGM.c net,G6P.c <-> UDPG.c,0.799970954707533,0.130140626006265
Exch flux,PGM.c exch,G6P.c <-> UDPG.c,48481.6750951527,130.048130048195
Net flux,SPS,F6P.c + UDPG.c -> S6P,0.799970954714784,0.130140626006265
Net flux,PGAM.c net,3PGA.c <-> PEP.c,0.341139613928402,0.0554971685541174
Exch flux,PGAM.c exch,3PGA.c <-> PEP.c,2.67448493496273,130.048141889717
Net flux,PK.c,PEP.c -> PYR.c,0.1548503777041,0.0251913209760241
Net flux,PDH,PYR.c + dummy -> ACA + CO2,0.128875320804314,0.0209656548496211
Net flux,CS,OAA + ACA -> CIT,0.12887532080431,0.0209656548496211
Net flux,ACO net,CIT <-> ICI,0.128875320804354,0.0209656548496211
Exch flux,ACO exch,CIT <-> ICI,1204.07041227734,130.048130048195
Net flux,IDH,ICI + dummy -> AKG + CO2,0.128875320804327,0.0209656548496211
Net flux,MDH net,MAL <-> OAA,2.1316282072803e-14,0
Exch flux,MDH exch,MAL <-> OAA,9.96838854376847e-05,0.476647646269901
Net flux,PPC,PEP.c + CO2 -> OAA + dummy,0.186289236224503,0.0303058475781373
Net flux,T_3PGA net,3PGA.p <-> 3PGA.c,0.341139613928384,0.0554971685541174
Exch flux,T_3PGA exch,3PGA.p <-> 3PGA.c,6.2906825674285,130.047931652376
Net flux,T_DHAP net,TP.p <-> TP.c,3.1998838188593,0.52056250402506
Exch flux,T_DHAP exch,TP.p <-> TP.c,9.99999998363421e-08,0
Net flux,ALT,PYR.c -> ALA.c,0.0259750568995838,0.0042256661264298
Net flux,ASPT,OAA -> ASP,0.0574139154199453,0.00934019272847642
Net flux,GLUDH,AKG -> GLU,0.128875320804303,0.0209656548496211
Net flux,PCR net,GLU <-> PRO,-2.48689957516035e-14,0
Exch flux,PCR exch,GLU <-> PRO,1.0000000116861e-07,0
Net flux,GS net,GLU <-> GLN,0,0
Exch flux,GS exch,GLU <-> GLN,1.0000000116861e-07,0
Net flux,TS net,ASP <-> THR,0,0
Exch flux,TS exch,ASP <-> THR,0.105580331242734,0.0289836446603791
Net flux,AS net,ASP <-> ASN,1.06581410364015e-14,0
Exch flux,AS exch,ASP <-> ASN,1.0000000116861e-07,0
Net flux,G_3PGA.p,0*3PGA.p -> 3PGA,2.46866295583459e-06,158.092012395855
Net flux,G_3PGA.c,0*3PGA.c -> 3PGA,92.9119081391512,99.9328792497504
Net flux,G_DHAP.p,0*TP.p -> TP,40.685379842242,159.544085605142
Net flux,G_DHAP.c,0*TP.c -> TP,51.8471856996947,121.662513355213
Net flux,G_F6P.p,0*F6P.p -> F6P,48.6686345030749,154.943792881925
Net flux,G_F6P.c,0*F6P.c -> F6P,36.546576817712,114.014186417759
Net flux,G_FBP.p,0*FBP.p -> FBP,2.46866126474288e-06,151.064506186431
Net flux,G_FBP.c,0*FBP.c -> FBP,83.4512310488505,106.099954886616
Net flux,G_G6P.p,0*G6P.p -> G6P,19.0549768397257,148.924320339705
Net flux,G_G6P.c,0*G6P.c -> G6P,58.8549499993083,101.830248190829
Net flux,G_RU5P.p,0*RU5P.p -> P5P,2.46865369746274e-06,147.885410025572
Net flux,G_X5P.p,0*X5P.p -> P5P,92.8477691499333,106.415672516597
Net flux,G_R5P.p,0*R5P.p -> R5P,82.2810779884949,109.271933040978
Net flux,G_GA.p,0*GA.p -> GA,37.4701388908187,1.55666324143426
Net flux,G_SER.p,0*SER.p -> SER,90.5187632848715,112.500448589026
Net flux,G_GLY.p,0*GLY.p -> GLY,1.00000008274037e-07,1.68766688711613e-15
Net flux,G_RUBP.p,0*RUBP.p -> RUBP,92.5302752673063,111.970953344869
Net flux,G_S7P.p,0*S7P.p -> S7P,98.4567310636212,104.390368906501
Net flux,G_2PG.p,0*2PG.p -> 2PG,87.0427532706349,100.43131209019
Net flux,G_ADPG.p,0*ADPG.p -> ADPG,95.0805622183377,115.865926494162
Net flux,G_PEP.c,0*PEP.c -> PEP,89.2305410445615,110.612896419154
Net flux,G_UDPG.c,0*UDPG.c -> UDPG,72.4268033045549,112.304857039672
Net flux,G_ALA.c,0*ALA.c -> ALA,76.6554354564954,7.69393120092434
Net flux,(1-G)_GA,0*GA.x -> GA,62.5298611091834,1.55666324143426
Net flux,(1-G)_SER,0*SER.x -> SER,9.48123452168069,2.44318330949691
Net flux,(1-G)_GLY,0*GLY.x -> GLY,31.3932242502328,2.97801508311729
Net flux,(1-G)_R5P,0*R5P.x -> R5P,17.718922011502,109.271933040978
Net flux,(1-G)_RUBP,0*RUBP.x -> RUBP,7.46972473269241,111.970953344869
Net flux,(1-G)_3PGA,0*3PGA.x -> 3PGA,7.08808939218612,121.25295741377
Net flux,(1-G)_TP,0*TP.x -> TP,7.46743445806383,103.406391278563
Net flux,(1-G)_F6P,0*F6P.x -> F6P,14.7847886792169,106.878106236273
Net flux,(1-G)_FBP,0*FBP.x -> FBP,16.5487664824829,107.983707443864
Net flux,(1-G)_G6P,0*G6P.x -> G6P,22.0900731609643,106.403633805683
Net flux,(1-G)_RU5P,0*RU5P.x -> P5P,7.15222838141446,103.739856893602
Net flux,(1-G)_S7P,0*S7P.x -> S7P,1.54326893637677,104.390368906501
Net flux,(1-G)_2PG,0*2PG.x -> 2PG,12.9572467293675,100.43131209019
Net flux,(1-G)_ADPG,0*ADPG.x -> ADPG,4.91943778166132,115.865926494162
Net flux,(1-G)_PEP,0*PEP.x -> PEP,10.7694589554367,110.612896419154
Net flux,(1-G)_UDPG,0*UDPG.x -> UDPG,27.5731966954463,112.304857039672
Net flux,(1-G)_ALA,0*ALA.x -> ALA,23.3445645435044,7.69393120092434
Net flux,PGASink,3PGA -> Sink,100,0
Net flux,DHAPSink,TP -> Sink,100.000000000001,0
Net flux,F6PSink,F6P -> Sink,100.000000000004,0
Net flux,FBPSink,FBP -> Sink,99.9999999999947,0
Net flux,G6PSink,G6P -> Sink,99.9999999999983,0
Net flux,P5PSink,P5P -> Sink,100.000000000001,0
Net flux,R5PSink,R5P -> Sink,99.9999999999968,0
Net flux,GASink,GA -> Sink,100.000000000002,0
Net flux,SERSink,SER -> Sink,99.9999999999996,0
Net flux,GLYSink,GLY -> Sink,100.000000000001,0
Net flux,RUBPSink,RUBP -> Sink,99.9999999999987,0
Net flux,S7PSink,S7P -> Sink,99.9999999999979,0
Net flux,2PGSink,2PG -> Sink,100.000000000002,0
Net flux,ADPGSink,ADPG -> Sink,99.999999999999,0
Net flux,PEPSink,PEP -> Sink,99.9999999999983,0
Net flux,UDPGSink,UDPG -> Sink,100.000000000001,0
Net flux,ALASink,ALA -> Sink,99.9999999999998,0
Net flux,S6Pout-LL,S6P + 0.1611*GLU + 0.07177*ASP + 0.03247*ALA.c + 0.01019*dummyGLY + 0.03484*dummySER -> Sink,0.799970954714819,0.130140626006265
Net flux,PGP.p,2PG.p -> Glyc.p,17.8717510807202,0.599771712878433
Net flux,GOX,Glyc.p -> Glyx.p,17.8717510807202,0.599771712878433
Net flux,GGT,Glyx.p -> GLY.p,17.8717510807202,0.599771712878433
Net flux,SGAT,SER.p -> HPA.p,5.5284811433967,1.0232709186099
Net flux,HPR.p,HPA.p -> GA.p,5.5284811433967,1.0232709186099
Net flux,T_GLY-m net,GLY.p <-> GLY.m,15.9561773105961,110.585706062086
Exch flux,T_GLY-m exch,GLY.p <-> GLY.m,100343.019410783,118.546778609515
Net flux,GDC.m,GLY.m + dummy -> myTHF.m + CO2,11.3791261224115,0.659046024255838
Net flux,T_SER-m net,SER.p <-> SER.m,-11.3791261224115,0.659046024255838
Exch flux,T_SER-m exch,SER.p <-> SER.m,136.615285844253,113.87235574789
Net flux,mSHMT,GLY.m + myTHF.m -> SER.m,11.3791261224115,0.659046024255838
Net flux,T_SER-c net,SER.p <-> SER.c,4.89465494895892,1.24212596517873
Exch flux,T_SER-c exch,SER.p <-> SER.c,0.0355849889017712,1.08839445097374
Net flux,T_Gly-c net,GLY.p <-> GLY.c,1.9074220660923,110.583590839538
Exch flux,T_Gly-c exch,GLY.p <-> GLY.c,0.0998284175725739,110.572492808041
Net flux,cSHMT,SER.c -> GLY.c + meTHF.c,4.89465484895892,1.24212596517873
Net flux,FmTHF-reductase net,meTHF.c <-> FmTHF.c,4.89465484895892,1.24212596517873
Exch flux,FmTHF-reductase exch,meTHF.c <-> FmTHF.c,4.20677069066007,114.262153280864
Net flux,Met-synthase,FmTHF.c + Hcy.c -> Met.c,4.8946548489589,1.24212596517873
Net flux,SAM-synthase,Met.c -> SAM.c,4.89465484895891,1.24212596517873
Net flux,Methylation,SAM.c -> SAH.c + Acceptor.c,4.8946548489589,1.24212596517873
Net flux,hydrolysis,SAH.c -> Hcy.c,4.8946548489589,1.24212596517873
Net flux,G_SER.m,0*SER.m -> SER,1.0000000116861e-07,0
Net flux,G_SER.c,0*SER.c -> SER,2.09344739943162e-06,112.473916034067
Net flux,G_Gly.m,0*GLY.m -> GLY,1.0000000116861e-07,6.11379973079951e-16
Net flux,G_Gly.c,0*GLY.c -> GLY,68.6067755497684,2.97801508311729
Net flux,T_GLY-c-m,GLY.c -> GLY.m,6.80207493422368,110.596909709134
Net flux,G_Glyc,0*Glyc.p -> Glyc,25.0433309409372,1.49519112561564
Net flux,G_Glyx,0*Glyx.p -> Glyx,6.80052141564701,0.779166515666406
Net flux,G_HPA,0*HPA.p -> HPA,7.69201785024955,1.24699924516136
Net flux,(1-G)_Glyc,0*Glyc.x -> Glyc,74.9566690590634,1.49519112561564
Net flux,(1-G)_Glyx,0*Glyx.x -> Glyx,93.1994785843538,0.779166515666406
Net flux,(1-G)_HPA,0*HPA.x -> HPA,92.3079821497504,1.24699924516136
Net flux,GlycSink,Glyc -> Sink,100.000000000001,0
Net flux,GlyxSink,Glyx -> Sink,100.000000000001,0
Net flux,HPASink,HPA -> Sink,99.9999999999998,0
Net flux,SERex,dummySER -> outSER,0.928116477286689,1.0188966264267
Net flux,G_PYR,0*PYR.c -> PYR,30.5675827264888,1.93738605457566
Net flux,(1-G)_PYR,0*PYR.x -> PYR,69.4324172735115,1.93738605457566
Net flux,PYRSink,PYR -> Sink,100,0
Net flux,G_meTHF,0*meTHF.c -> meTHF,92.6847534975203,4.09461389895244
Net flux,G_FmTHF,0*FmTHF.c -> FmTHF,73.7126039220267,3.00758796187293
Net flux,G_Met,0*Met.c -> Met,66.9865453565789,4.03121192775435
Net flux,G_SAM,0*SAM.c -> SAM,65.1575279954836,3.52542675945307
Net flux,(1-G)_meTHF,0*meTHF.x -> meTHF,7.31524650247966,4.09461389895244
Net flux,(1-G)_FmTHF,0*FmTHF.x -> FmTHF,26.2873960779734,3.00758796187293
Net flux,(1-G)_Met,0*Met.x -> Met,33.0134546434211,4.03121192775435
Net flux,(1-G)_SAM,0*SAM.x -> SAM,34.8424720045164,3.52542675945307
Net flux,meTHFSink,meTHF -> Sink,99.9999999999999,0
Net flux,FmTHFSink,FmTHF -> Sink,100,0
Net flux,MetSink,Met -> Sink,100,0
Net flux,SAMsink,SAM -> Sink,100,0
Net flux,Met-protein,Met.c -> Protein,6.51983996113883e-15,0
Net flux,GLY-protein,GLY.c -> Protein,1.98082756508455e-06,5.02483393680257e-15
Net flux,SER-protein,SER.c -> Protein,9.99999985040745e-08,2.91557660112125e-14
Pool,2PG pool,,0,0
Pool,2PG.p pool,,3.04129690558474e-06,114.064118503268
Pool,2PG.x pool,,1,Inf
Pool,3PGA pool,,0,0
Pool,3PGA.c pool,,7.84764180816365e-06,114.219209806969
Pool,3PGA.p pool,,3.30400236471309e-06,110.347727904344
Pool,3PGA.x pool,,1,Inf
Pool,ACA pool,,2.06745300424945e-06,120.173544693131
Pool,ADPG pool,,0,0
Pool,ADPG.p pool,,9.9999999999999e-08,Inf
Pool,ADPG.x pool,,1,Inf
Pool,AKG pool,,2.09565672448661e-06,110.928172512211
Pool,ALA pool,,0,0
Pool,ALA.c pool,,0.00814198701108494,0.00245972637372479
Pool,ALA.x pool,,1,Inf
Pool,ASN pool,,7563.15559540825,109.815409642761
Pool,ASP pool,,2.3806497381645e-05,118.73116061633
Pool,Acceptor.c pool,,1,Inf
Pool,CIT pool,,9.3700737786893,91.3343375935069
Pool,CO2 pool,,0.431114368735275,0.100992970053491
Pool,CO2.t pool,,1,Inf
Pool,E4P.p pool,,0,0
Pool,EC2 pool,,0,0
Pool,F6P pool,,0,0
Pool,F6P.c pool,,3.8160460107568e-06,118.455361997342
Pool,F6P.p pool,,3.04001661035763e-06,110.335738034645
Pool,F6P.x pool,,1,Inf
Pool,FBP pool,,0,0
Pool,FBP.c pool,,3.79853490023091e-06,114.261501574045
Pool,FBP.p pool,,2.7629544131708e-06,106.741976989512
Pool,FBP.x pool,,1,Inf
Pool,FmTHF pool,,1.68558746024193,0.706504562964388
Pool,FmTHF.c pool,,7.27245610090588e-07,113.001294912699
Pool,FmTHF.x pool,,1,Inf
Pool,G6P pool,,0,0
Pool,G6P.c pool,,9.78011956978341e-06,108.017330764116
Pool,G6P.p pool,,3.50842379032274e-06,117.092587697334
Pool,G6P.x pool,,1,Inf
Pool,GA pool,,0,0
Pool,GA.p pool,,3.00472709784356e-06,111.926419610036
Pool,GA.x pool,,1,Inf
Pool,GLN pool,,8.83888008358775,111.096746875571
Pool,GLU pool,,2.09641745743185e-06,114.512651874191
Pool,GLY pool,,0,0
Pool,GLY.c pool,,0.050691125316154,0.0664824490278407
Pool,GLY.m pool,,3.98343030689388e-05,114.804465449655
Pool,GLY.p pool,,3.91472741003427e-05,109.47366723504
Pool,GLY.x pool,,1,Inf
Pool,Glyc pool,,11.8934788791262,2.62600022127524
Pool,Glyc.p pool,,8.6679455874771e-06,114.979031252398
Pool,Glyc.x pool,,1,Inf
Pool,Glyx pool,,0.00071422138688844,112.231861634543
Pool,Glyx.p pool,,1.17377271337487e-05,123.217284162057
Pool,Glyx.x pool,,1,Inf
Pool,HPA pool,,0.000135884738612095,113.979302275983
Pool,HPA.p pool,,2.39346413095528e-06,113.442943999343
Pool,HPA.x pool,,1,Inf
Pool,Hcy.c pool,,1,Inf
Pool,ICI pool,,0.00353692229890697,116.642544487366
Pool,MAL pool,,0.000650153552513095,3.1076505850093
Pool,Met pool,,4.03900189533371e-05,118.68386824407
Pool,Met.c pool,,7.58273189793109e-07,112.189583839803
Pool,Met.x pool,,1,Inf
Pool,OAA pool,,0.0463702532872575,0.0141955904717212
Pool,P5P pool,,0,0
Pool,PEP pool,,0,0
Pool,PEP.c pool,,3.79370416371854e-06,115.272616504264
Pool,PEP.x pool,,1,Inf
Pool,PRO pool,,5.39519845988992,112.710273077155
Pool,PYR pool,,1e-07,0
Pool,PYR.c pool,,0.00617698377665718,0.00181799604018682
Pool,PYR.x pool,,1,Inf
Pool,Protein pool,,1,Inf
Pool,R5P pool,,0,0
Pool,R5P.p pool,,7.62297475741757e-06,110.180060026999
Pool,R5P.x pool,,1,Inf
Pool,RU5P.p pool,,2.84841294869935e-06,111.220550583009
Pool,RU5P.x pool,,1,Inf
Pool,RUBP pool,,0,0
Pool,RUBP.p pool,,2.84728135443881e-06,109.936489281474
Pool,RUBP.x pool,,1,Inf
Pool,S6P pool,,1,Inf
Pool,S7P pool,,0,0
Pool,S7P.p pool,,2.64477901641138e-06,115.321190208935
Pool,S7P.x pool,,1,Inf
Pool,SAH.c pool,,1,Inf
Pool,SAM pool,,4.16538339813694,1.15247777186338
Pool,SAM.c pool,,4.46039273002092e-06,118.621572035436
Pool,SAM.x pool,,1,Inf
Pool,SBP pool,,0,0
Pool,SER pool,,0,0
Pool,SER.c pool,,1.00000000002876e-07,0
Pool,SER.m pool,,1.26779985164868,0.0832885510345685
Pool,SER.p pool,,0.00017200164236235,112.934292301749
Pool,SER.x pool,,1,Inf
Pool,Sink pool,,1,Inf
Pool,Starch pool,,1,Inf
Pool,THR pool,,0.241653869081474,0.0664347361199409
Pool,TP pool,,0,0
Pool,TP.c pool,,4.16439204833719e-06,112.183040084723
Pool,TP.p pool,,3.47508547010109e-06,116.82086117214
Pool,TP.x pool,,1,Inf
Pool,UDPG pool,,0,0
Pool,UDPG.c pool,,1.00000000002876e-07,0
Pool,UDPG.x pool,,1,Inf
Pool,X5P.p pool,,2.92054154974825e-06,111.872886894753
Pool,dummy pool,,1,Inf
Pool,dummyGLY pool,,1,Inf
Pool,dummySER pool,,1,Inf
Pool,meTHF pool,,1.37891987716188,0.725720790261594
Pool,meTHF.c pool,,7.52993823941833e-07,117.28254501383
Pool,meTHF.x pool,,1,Inf
Pool,myTHF.m pool,,1.00000000002876e-07,0
Pool,outSER pool,,1,Inf
Norm,Experiment1 Glyc205 #1 norm,,0.948397698697555,0.0123681226052334
Norm,Experiment1 Glyc205 #2 norm,,1.00122012801562,0.0224657771014751
Norm,Experiment1 Glyc205 #3 norm,,0.968491108968908,0.0173464859910042
Norm,Experiment1 Glyc205 #4 norm,,1.00052271621988,0.0303580410700152
Norm,Experiment1 Glyc205 #5 norm,,0.969321868754376,0.0345487089354731
Norm,Experiment1 Glyc205 #6 norm,,1.02698469480877,0.0272315118614323
Norm,Experiment1 Glyc205 #7 norm,,1.00831853790592,0.0371514506399118
Norm,Experiment1 Glyc205 #8 norm,,0.968550981176587,0.0304774391735164
Norm,Experiment1 Glyx160 #1 norm,,1.01757371206498,0.0111386650105836
Norm,Experiment1 Glyx160 #2 norm,,1.00524693357128,0.0148486193878312
Norm,Experiment1 Glyx160 #3 norm,,1.00120172243488,0.0185229500737839
Norm,Experiment1 Glyx160 #4 norm,,1.03189133233444,0.0150600698070727
Norm,Experiment1 Glyx160 #5 norm,,0.928312782618683,0.0316661833197113
Norm,Experiment1 Glyx160 #6 norm,,1.00344397564918,0.0179958228761185
Norm,Experiment1 Glyx160 #7 norm,,0.936293585081678,0.0367019021418552
Norm,Experiment1 Glyx160 #8 norm,,0.957269889089836,0.0321969816313346
Norm,Experiment1 GLY276 #1 norm,,1.01752116403343,0.0104402281130604
Norm,Experiment1 GLY276 #2 norm,,0.987861832617515,0.0274696899536491
Norm,Experiment1 GLY276 #3 norm,,0.949742986031845,0.045677688011682
Norm,Experiment1 GLY276 #4 norm,,0.999769301500707,0.0634345601082634
Norm,Experiment1 GLY276 #5 norm,,0.9553773805274,0.125050106620403
Norm,Experiment1 GLY276 #6 norm,,0.891149242200216,0.0761735159462933
Norm,Experiment1 GLY276 #7 norm,,1.04666482363649,0.0679648399059288
Norm,Experiment1 GLY276 #8 norm,,0.982809000153528,0.0695936388001116
Norm,Experiment1 HPA262 #1 norm,,0.99221396169475,0.0107246925105318
Norm,Experiment1 HPA262 #2 norm,,0.978978225368037,0.0288187129399529
Norm,Experiment1 HPA262 #3 norm,,0.989305596563486,0.0133111989234265
Norm,Experiment1 HPA262 #4 norm,,0.910784463671527,0.0343278685207624
Norm,Experiment1 HPA262 #5 norm,,1.02589481382129,0.0255539866451722
Norm,Experiment1 HPA262 #6 norm,,0.970554285959033,0.0353999025557832
Norm,Experiment1 HPA262 #7 norm,,0.921104526998779,0.0233993266459027
Norm,Experiment1 HPA262 #8 norm,,1.0420936494154,0.0238697099090028
Norm,Experiment1 GA307 #1 norm,,0.992305067232817,0.0121563674821499
Norm,Experiment1 GA307 #2 norm,,0.930989055380637,0.0277453373077447
Norm,Experiment1 GA307 #3 norm,,1.00792819456956,0.031917561698394
Norm,Experiment1 GA307 #4 norm,,0.987531542764804,0.0194835226425313
Norm,Experiment1 GA307 #5 norm,,0.977088428803283,0.0573865671029881
Norm,Experiment1 GA307 #6 norm,,1.04270207225325,0.0418046318868767
Norm,Experiment1 GA307 #7 norm,,0.979261728885229,0.0422782859802108
Norm,Experiment1 GA307 #8 norm,,1.00807269778164,0.03660276904721
Norm,Experiment1 SER306 #1 norm,,0.941856134201448,0.0136318315585082
Norm,Experiment1 SER306 #2 norm,,0.999592979133277,0.0163397435172633
Norm,Experiment1 SER306 #3 norm,,0.992687055575061,0.0433060430941112
Norm,Experiment1 SER306 #4 norm,,1.01063212417,0.0447089027305434
Norm,Experiment1 SER306 #5 norm,,1.05684275605161,0.116667120202348
Norm,Experiment1 SER306 #6 norm,,1.03996342722678,0.0661391807507789
Norm,Experiment1 SER306 #7 norm,,0.994190557476056,0.0428669161053596
Norm,Experiment1 SER306 #8 norm,,0.96522570434713,0.053496942424689
Norm,Experiment1 meTHF #1 norm,,0.989328570175132,0.00988867510400152
Norm,Experiment1 meTHF #2 norm,,1.0098891606557,0.0115220625821614
Norm,Experiment1 meTHF #3 norm,,1.01367119965476,0.0778204392368776
Norm,Experiment1 meTHF #4 norm,,0.998010163458419,0.04697964222526
Norm,Experiment1 meTHF #5 norm,,0.975992227492397,0.0869890470076512
Norm,Experiment1 meTHF #6 norm,,1.01293195384049,0.134353956634401
Norm,Experiment1 meTHF #7 norm,,1.00625380968579,0.0626967905890583
Norm,Experiment1 meTHF #8 norm,,0.908064554191513,0.0987966661272618
Norm,Experiment1 FmTHF #1 norm,,1.00775993527855,0.0101731283186225
Norm,Experiment1 FmTHF #2 norm,,0.958215832311816,0.0214205601981831
Norm,Experiment1 FmTHF #3 norm,,0.976907186431008,0.0312762121605644
Norm,Experiment1 FmTHF #4 norm,,1.01269120542831,0.0277669730813105
Norm,Experiment1 FmTHF #5 norm,,0.963487993291062,0.0615211587589738
Norm,Experiment1 FmTHF #6 norm,,1.00658390157301,0.0617308585977455
Norm,Experiment1 FmTHF #7 norm,,0.987708345308061,0.0556779922387449
Norm,Experiment1 FmTHF #8 norm,,1.06640853579967,0.0895517962154793
Norm,Experiment1 Met176 #1 norm,,0.978904438863586,0.0236489950707031
Norm,Experiment1 Met176 #2 norm,,0.885090704423492,0.0309490552180222
Norm,Experiment1 Met176 #3 norm,,0.920165909138745,0.0500117172431222
Norm,Experiment1 Met176 #4 norm,,0.978329029201931,0.0384679844246304
Norm,Experiment1 Met176 #5 norm,,0.987476183612376,0.0830915975831433
Norm,Experiment1 Met176 #6 norm,,1.00881930939477,0.130005162488484
Norm,Experiment1 Met176 #7 norm,,0.992176151313976,0.109262661405587
Norm,Experiment1 Met176 #8 norm,,0.99173377412809,0.113865605378965
Norm,Experiment1 SAM #1 norm,,1.00584201856863,0.0116315982431772
Norm,Experiment1 SAM #2 norm,,0.99226295555609,0.0121847017959963
Norm,Experiment1 SAM #3 norm,,1.02444753965489,0.0149790139607458
Norm,Experiment1 SAM #4 norm,,1.00848907064218,0.0227530901100398
Norm,Experiment1 SAM #5 norm,,0.977494993515612,0.0371623766005533
Norm,Experiment1 SAM #6 norm,,1.00277706908397,0.0561736641782744
Norm,Experiment1 SAM #7 norm,,1.00363190012272,0.100160029009737
Norm,Experiment1 SAM #8 norm,,0.99334191742483,0.0726329015734299
Norm,Experiment1 CIT465 #1 norm,,1.01278565073365,0.0120087727907128
Norm,Experiment1 CIT465 #2 norm,,1.00558856629251,0.0136849380901423
Norm,Experiment1 CIT465 #3 norm,,0.938810624138519,0.0111575763189736
Norm,Experiment1 CIT465 #4 norm,,0.981757674642382,0.016724025256539
Norm,Experiment1 CIT465 #5 norm,,0.98045129541676,0.0129229145648829
Norm,Experiment1 CIT465 #6 norm,,0.994897456159376,0.0127921092241758
Norm,Experiment1 CIT465 #7 norm,,1.0078946833846,0.0120407910923938
Norm,Experiment1 CIT465 #8 norm,,1.02833161047287,0.130510358880307
Norm,Experiment1 MAL335 #1 norm,,0.940715466134495,0.0118786176264548
Norm,Experiment1 MAL335 #2 norm,,0.972386079592646,0.0108653638595726
Norm,Experiment1 MAL335 #3 norm,,0.982581854125532,0.0102298055086338
Norm,Experiment1 MAL335 #4 norm,,0.988840787590149,0.0145274227855262
Norm,Experiment1 MAL335 #5 norm,,1.00224091921869,0.0143429495444215
Norm,Experiment1 MAL335 #6 norm,,1.00736277765288,0.0199158764965689
Norm,Experiment1 MAL335 #7 norm,,0.944785201081822,0.0273992742081395
Norm,Experiment1 MAL335 #8 norm,,1.01962291604736,0.0399743942250579
Norm,Experiment1 ASP334 #1 norm,,1.01459903660965,0.0237580086373564
Norm,Experiment1 ASP334 #2 norm,,1.00556906323522,0.032090232456654
Norm,Experiment1 ASP334 #3 norm,,0.953817259201812,0.0196335530946346
Norm,Experiment1 ASP334 #4 norm,,0.990001941237483,0.0182395231215944
Norm,Experiment1 ASP334 #5 norm,,1.00007598672829,0.029037084896612
Norm,Experiment1 ASP334 #6 norm,,0.971752376847432,0.0320050061387751
Norm,Experiment1 ASP334 #7 norm,,1.00340381298538,0.031690970999848
Norm,Experiment1 ASP334 #8 norm,,0.925683100220865,0.0855070503980804
Norm,Experiment1 GLU348 #1 norm,,0.94312533132227,0.0218827895275807
Norm,Experiment1 GLU348 #2 norm,,0.973875109898336,0.0194639347031993
Norm,Experiment1 GLU348 #3 norm,,0.986663065482525,0.0112629845831059
Norm,Experiment1 GLU348 #4 norm,,0.992762312175861,0.0350433167147464
Norm,Experiment1 GLU348 #5 norm,,0.980798036277653,0.023796481603399
Norm,Experiment1 GLU348 #6 norm,,0.967590485860677,0.01274318736938
Norm,Experiment1 GLU348 #7 norm,,0.968546349127386,0.013753336305724
Norm,Experiment1 GLU348 #8 norm,,1.03818991327697,0.132194575086631
Norm,Experiment1 THR320 #1 norm,,0.989009314310687,0.0101204526512554
Norm,Experiment1 THR320 #2 norm,,0.968743996420355,0.0139761445118323
Norm,Experiment1 THR320 #3 norm,,0.968502486789721,0.0102745115800285
Norm,Experiment1 THR320 #4 norm,,1.01963011926216,0.030484478848721
Norm,Experiment1 THR320 #5 norm,,1.03126891143151,0.0210865442218879
Norm,Experiment1 THR320 #6 norm,,0.990571117847497,0.011870085685858
Norm,Experiment1 THR320 #7 norm,,0.993891495053798,0.0167833725352375
Norm,Experiment1 THR320 #8 norm,,1.00729709470764,0.033173112140403
Norm,Experiment1 ALA116 #1 norm,,0.983254555785177,0.00993031024221785
Norm,Experiment1 ALA116 #2 norm,,1.00772154221602,0.0100156334642347
Norm,Experiment1 ALA116 #3 norm,,1.01312386487991,0.018171901650175
Norm,Experiment1 ALA116 #4 norm,,1.01449654001404,0.0207458803407223
Norm,Experiment1 ALA116 #5 norm,,1.01625879182932,0.103412058881169
Norm,Experiment1 ALA116 #6 norm,,0.983671538296696,0.0822502227204551
Norm,Experiment1 ALA116 #7 norm,,1.01190488951766,0.0602161746435051
Norm,Experiment1 ALA116 #8 norm,,0.951224178856453,0.116768227065499
Norm,Experiment1 PYR #1 norm,,0.966091771731413,0.0168478997442862
Norm,Experiment1 PYR #2 norm,,0.963287756168766,0.0449680096064771
Norm,Experiment1 PYR #3 norm,,0.979237155774338,0.120918065989043
Norm,Experiment1 PYR #4 norm,,1.02488146291635,0.0416045259133927
Norm,Experiment1 PYR #5 norm,,1.03673079917772,0.0550030239803367
Norm,Experiment1 PYR #6 norm,,1.03584578652943,0.0583680169412355
Norm,Experiment1 PYR #7 norm,,0.981328795836791,0.102280159620257
Norm,Experiment1 PYR #8 norm,,0.977406404788777,0.0665448637856853
