type,id,eqn,val,std
Net flux,CO2.t,CO2.t -> CO2,47.3458501616485,1.09437041845834
Net flux,CO2_sink,dummy -> Sink,47.3458501616485,1.09437041845834
Net flux,RUBICSO_CO2,RUBP.p + CO2 -> 3PGA.p + 3PGA.p + dummy,58.0889394818363,1.22723876840524
Net flux,GAPDH.p net,3PGA.p <-> TP.p,139.48837944479,2.67749090370254
Exch flux,GAPDH.p exch,3PGA.p <-> TP.p,1.56134117132979,0.54325906122669
Net flux,ALD,TP.p + E4P.p -> SBP,25.4198175595226,0.486226926951542
Net flux,SBP,SBP -> S7P.p,25.4198175595226,0.486226926951542
Net flux,FBA.p net,TP.p + TP.p <-> FBP.p,29.9756863942966,0.652956882911429
Exch flux,FBA.p exch,TP.p + TP.p <-> FBP.p,21933.3259213948,703.972097516214
Net flux,PFK.p net,FBP.p <-> F6P.p,29.9756863942998,0.652956882911429
Exch flux,PFK.p exch,FBP.p <-> F6P.p,9.99992977313013e-08,4.26913771660076e-15
Net flux,TK1 net,TP.p + EC2 <-> X5P.p,50.8396351190452,0.972453853903084
Exch flux,TK1 exch,TP.p + EC2 <-> X5P.p,9.99999976158961e-08,0
Net flux,TK2 net,S7P.p <-> R5P.p + EC2,25.4198175595226,0.486226926951542
Exch flux,TK2 exch,S7P.p <-> R5P.p + EC2,37.9658561695455,3733.72631567298
Net flux,TK3 net,F6P.p <-> E4P.p + EC2,25.4198175595247,0.486226926951542
Exch flux,TK3 exch,F6P.p <-> E4P.p + EC2,8348.04504419376,3004.70515604953
Net flux,PPE net,X5P.p <-> RU5P.p,50.8396351190452,0.972453853903084
Exch flux,PPE exch,X5P.p <-> RU5P.p,81.2037355127963,3665.60820712392
Net flux,PPI net,R5P.p <-> RU5P.p,25.4198175595227,0.486226926951542
Exch flux,PPI exch,R5P.p <-> RU5P.p,238.35506482018,3785.62988342859
Net flux,PRK,RU5P.p -> RUBP.p,76.2594526785679,1.45868078085506
Net flux,RUBISCO_O2,RUBP.p -> 3PGA.p + 2PG.p,18.1705131967316,0.597980253505475
Net flux,GLYdil net,GLY.p <-> GLY.x + dummyGLY,0.00834956875801396,0.0010730493339095
Exch flux,GLYdil exch,GLY.p <-> GLY.x + dummyGLY,0.254386581215257,0.166051772996235
Net flux,SERdil net,SER.p <-> SER.x + dummySER,1.89718537491406,1631.83589562976
Exch flux,SERdil exch,SER.p <-> SER.x + dummySER,0.468010385170309,1631.83588635714
Net flux,GK,GA.p -> 3PGA.p,5.48940731393993,0.644967155433189
Net flux,PGI.p net,F6P.p <-> G6P.p,4.55586883477621,0.342774206304598
Exch flux,PGI.p exch,F6P.p <-> G6P.p,3.3143339445539,2546.76000047985
Net flux,PGM.p,G6P.p -> ADPG.p,4.55586883477622,0.342774206304598
Net flux,Starch,ADPG.p -> Starch,4.5558688347762,0.342774206304598
Net flux,FBA.c net,TP.c + TP.c <-> FBP.c,1.6387769888097,0.21060830892581
Exch flux,FBA.c exch,TP.c + TP.c <-> FBP.c,20.6554183386764,4153.17525357721
Net flux,PFK.c net,FBP.c <-> F6P.c,1.63877698880971,0.21060830892581
Exch flux,PFK.c exch,FBP.c <-> F6P.c,5.30963690962244,4153.17525357721
Net flux,PGI.c net,F6P.c <-> G6P.c,0.819388494404876,0.105304154462905
Exch flux,PGI.c exch,F6P.c <-> G6P.c,227.345309044987,4153.17524957222
Net flux,PGM.c net,G6P.c <-> UDPG.c,0.819388494397572,0.105304154462905
Exch flux,PGM.c exch,G6P.c <-> UDPG.c,48481.4250705553,4153.17524823722
Net flux,SPS,F6P.c + UDPG.c -> S6P,0.819388494404823,0.105304154462905
Net flux,PGAM.c net,3PGA.c <-> PEP.c,0.349420029553852,0.0449059036501384
Exch flux,PGAM.c exch,3PGA.c <-> PEP.c,1.00000972169667e-07,2.54115695906504e-14
Net flux,PK.c,PEP.c -> PYR.c,0.158609030861875,0.0203837251839682
Net flux,PDH,PYR.c + dummy -> ACA + CO2,0.132003486448598,0.0169644992834017
Net flux,CS,OAA + ACA -> CIT,0.132003486448594,0.0169644992834017
Net flux,ACO net,CIT <-> ICI,0.132003486448639,0.0169644992834017
Exch flux,ACO exch,CIT <-> ICI,1281.09398175627,3422.70848821865
Net flux,IDH,ICI + dummy -> AKG + CO2,0.132003486448611,0.0169644992834017
Net flux,MDH net,MAL <-> OAA,2.1316282072803e-14,0
Exch flux,MDH exch,MAL <-> OAA,0.182266856415673,0.0745530124859985
Net flux,PPC,PEP.c + CO2 -> OAA + dummy,0.19081099869195,0.0245221784471205
Net flux,T_3PGA net,3PGA.p <-> 3PGA.c,0.34942002955383,0.0449059036501384
Exch flux,T_3PGA exch,3PGA.p <-> 3PGA.c,0.0163549431649237,3037.09889650364
Net flux,T_DHAP net,TP.p <-> TP.c,3.27755397761946,0.421216617851621
Exch flux,T_DHAP exch,TP.p <-> TP.c,9.99999998363421e-08,0
Net flux,ALT,PYR.c -> ALA.c,0.0266055444133582,0.00341922589606744
Net flux,ASPT,OAA -> ASP,0.0588075122434499,0.00755767916797077
Net flux,GLUDH,AKG -> GLU,0.132003486448588,0.0169644992834017
Net flux,PCR net,GLU <-> PRO,-2.48689957516035e-14,0
Exch flux,PCR exch,GLU <-> PRO,1.0000000116861e-07,0
Net flux,GS net,GLU <-> GLN,0,0
Exch flux,GS exch,GLU <-> GLN,1.000432945375e-07,0
Net flux,TS net,ASP <-> THR,0,0
Exch flux,TS exch,ASP <-> THR,1.0000000116861e-07,0
Net flux,AS net,ASP <-> ASN,1.06581410364015e-14,0
Exch flux,AS exch,ASP <-> ASN,1.0000000116861e-07,0
Net flux,G_3PGA.p,0*3PGA.p -> 3PGA,2.46866294162373e-06,5656.89839187397
Net flux,G_3PGA.c,0*3PGA.c -> 3PGA,92.9119081393639,4012.15443452411
Net flux,G_DHAP.p,0*TP.p -> TP,40.685379842242,5671.45465143259
Net flux,G_DHAP.c,0*TP.c -> TP,51.8471856996947,4047.0386546388
Net flux,G_F6P.p,0*F6P.p -> F6P,48.6686345030749,5552.69341232833
Net flux,G_F6P.c,0*F6P.c -> F6P,36.546576817712,3903.67786250093
Net flux,G_FBP.p,0*FBP.p -> FBP,2.46866127895373e-06,5675.81010493511
Net flux,G_FBP.c,0*FBP.c -> FBP,83.451231049375,3952.85609453688
Net flux,G_G6P.p,0*G6P.p -> G6P,19.0549768397257,5489.38184533622
Net flux,G_G6P.c,0*G6P.c -> G6P,58.8549499993083,3960.34207106153
Net flux,G_RU5P.p,0*RU5P.p -> P5P,2.46865369746274e-06,5499.98350918415
Net flux,G_X5P.p,0*X5P.p -> P5P,92.8477691498161,3943.07128540689
Net flux,G_R5P.p,0*R5P.p -> R5P,82.2810779884949,3832.09635151985
Net flux,G_GA.p,0*GA.p -> GA,36.1186741101679,1.59512872987925
Net flux,G_SER.p,0*SER.p -> SER,93.095024958082,5344.67496698845
Net flux,G_GLY.p,0*GLY.p -> GLY,19.8470026090104,3851.41024380934
Net flux,G_RUBP.p,0*RUBP.p -> RUBP,92.5302752673063,4024.73552962479
Net flux,G_S7P.p,0*S7P.p -> S7P,98.4567310636212,3809.04512875144
Net flux,G_2PG.p,0*2PG.p -> 2PG,87.0427532706349,3773.39730059446
Net flux,G_ADPG.p,0*ADPG.p -> ADPG,95.0805622183377,3863.56808588585
Net flux,G_PEP.c,0*PEP.c -> PEP,89.2305410445615,3710.23048141167
Net flux,G_UDPG.c,0*UDPG.c -> UDPG,72.4268033045549,3756.39882117633
Net flux,G_ALA.c,0*ALA.c -> ALA,84.3419892784759,8.40251280538912
Net flux,(1-G)_GA,0*GA.x -> GA,63.8813258898341,1.59512872987925
Net flux,(1-G)_SER,0*SER.x -> SER,6.90497483466689,2.82595766364116
Net flux,(1-G)_GLY,0*GLY.x -> GLY,34.2725611002759,2.82287538140148
Net flux,(1-G)_R5P,0*R5P.x -> R5P,17.718922011502,3832.09635151985
Net flux,(1-G)_RUBP,0*RUBP.x -> RUBP,7.46972473269241,4024.73552962479
Net flux,(1-G)_3PGA,0*3PGA.x -> 3PGA,7.08808939197349,3930.3319413957
Net flux,(1-G)_TP,0*TP.x -> TP,7.46743445806383,3901.76261577458
Net flux,(1-G)_F6P,0*F6P.x -> F6P,14.7847886792169,3930.75601371104
Net flux,(1-G)_FBP,0*FBP.x -> FBP,16.5487664819584,4065.17511379601
Net flux,(1-G)_G6P,0*G6P.x -> G6P,22.0900731609643,3600.56413669126
Net flux,(1-G)_RU5P,0*RU5P.x -> P5P,7.15222838153166,3889.88775228418
Net flux,(1-G)_S7P,0*S7P.x -> S7P,1.54326893637677,3809.04512875144
Net flux,(1-G)_2PG,0*2PG.x -> 2PG,12.9572467293675,3773.39730059446
Net flux,(1-G)_ADPG,0*ADPG.x -> ADPG,4.91943778166132,3863.56808588585
Net flux,(1-G)_PEP,0*PEP.x -> PEP,10.7694589554367,3710.23048141167
Net flux,(1-G)_UDPG,0*UDPG.x -> UDPG,27.5731966954463,3756.39882117633
Net flux,(1-G)_ALA,0*ALA.x -> ALA,15.6580107215239,8.40251280538912
Net flux,PGASink,3PGA -> Sink,100,0
Net flux,DHAPSink,TP -> Sink,100.000000000001,0
Net flux,F6PSink,F6P -> Sink,100.000000000004,0
Net flux,FBPSink,FBP -> Sink,99.9999999999947,0
Net flux,G6PSink,G6P -> Sink,99.9999999999983,0
Net flux,P5PSink,P5P -> Sink,100.000000000001,0
Net flux,R5PSink,R5P -> Sink,99.9999999999968,0
Net flux,GASink,GA -> Sink,100.000000000002,0
Net flux,SERSink,SER -> Sink,99.9999999999996,0
Net flux,GLYSink,GLY -> Sink,100.000000000001,0
Net flux,RUBPSink,RUBP -> Sink,99.9999999999987,0
Net flux,S7PSink,S7P -> Sink,99.9999999999979,0
Net flux,2PGSink,2PG -> Sink,100.000000000002,0
Net flux,ADPGSink,ADPG -> Sink,99.999999999999,0
Net flux,PEPSink,PEP -> Sink,99.9999999999983,0
Net flux,UDPGSink,UDPG -> Sink,100.000000000001,0
Net flux,ALASink,ALA -> Sink,99.9999999999998,0
Net flux,S6Pout-LL,S6P + 0.1611*GLU + 0.07177*ASP + 0.03247*ALA.c + 0.01019*dummyGLY + 0.03484*dummySER -> Sink,0.819388494404858,0.105304154462905
Net flux,PGP.p,2PG.p -> Glyc.p,18.1705131967316,0.597980253505475
Net flux,GOX,Glyc.p -> Glyx.p,18.1705131967316,0.597980253505475
Net flux,GGT,Glyx.p -> GLY.p,18.1705131967316,0.597980253505475
Net flux,SGAT,SER.p -> HPA.p,5.48940731393991,0.644967155433189
Net flux,HPR.p,HPA.p -> GA.p,5.48940731393991,0.644967155433189
Net flux,T_GLY-m net,GLY.p <-> GLY.m,18.1619173448271,5350.88129767184
Exch flux,T_GLY-m exch,GLY.p <-> GLY.m,94084.7072485445,3958.02693234584
Net flux,GDC.m,GLY.m + dummy -> myTHF.m + CO2,10.6698933459824,0.597192856752696
Net flux,T_SER-m net,SER.p <-> SER.m,-10.6698933459824,0.597192856752696
Exch flux,T_SER-m exch,SER.p <-> SER.m,1.00000005165413e-07,7.9972972692258e-13
Net flux,mSHMT,GLY.m + myTHF.m -> SER.m,10.6698933459824,0.597192856752696
Net flux,T_SER-c net,SER.p <-> SER.c,3.28330065712842,1631.83588813867
Exch flux,T_SER-c exch,SER.p <-> SER.c,0.0332700720402581,1631.83588813865
Net flux,T_Gly-c net,GLY.p <-> GLY.c,0.000246283138584769,5350.8812642495
Exch flux,T_Gly-c exch,GLY.p <-> GLY.c,8.40927264356139e-05,3928.47559042753
Net flux,cSHMT,SER.c -> GLY.c + meTHF.c,3.28330055712842,1631.83588813867
Net flux,FmTHF-reductase net,meTHF.c <-> FmTHF.c,3.28330055712842,1631.83588813867
Exch flux,FmTHF-reductase exch,meTHF.c <-> FmTHF.c,5.29479961904835,4243.99905195683
Net flux,Met-synthase,FmTHF.c + Hcy.c -> Met.c,3.2833005571284,1631.83588813867
Net flux,SAM-synthase,Met.c -> SAM.c,3.28330055712841,1631.83588813867
Net flux,Methylation,SAM.c -> SAH.c + Acceptor.c,3.2833005571284,1631.83588813867
Net flux,hydrolysis,SAH.c -> Hcy.c,3.2833005571284,1631.83588813867
Net flux,G_SER.m,0*SER.m -> SER,1.0000000116861e-07,3803.04469983044
Net flux,G_SER.c,0*SER.c -> SER,1.07250716752105e-07,3898.7487645573
Net flux,G_Gly.m,0*GLY.m -> GLY,0.000195944414990379,3851.40701597041
Net flux,G_Gly.c,0*GLY.c -> GLY,45.8802403463,6.49430385151854
Net flux,T_GLY-c-m,GLY.c -> GLY.m,3.1778693471298,5350.8813850466
Net flux,G_Glyc,0*Glyc.p -> Glyc,22.1106666943565,1.21909912232764
Net flux,G_Glyx,0*Glyx.p -> Glyx,12.4726088809982,1.82765153311981
Net flux,G_HPA,0*HPA.p -> HPA,7.92221105670179,1.2014317184692
Net flux,(1-G)_Glyc,0*Glyc.x -> Glyc,77.8893333056441,1.21909912232764
Net flux,(1-G)_Glyx,0*Glyx.x -> Glyx,87.5273911190027,1.82765153311981
Net flux,(1-G)_HPA,0*HPA.x -> HPA,92.0777889432981,1.2014317184692
Net flux,GlycSink,Glyc -> Sink,100.000000000001,0
Net flux,GlyxSink,Glyx -> Sink,100.000000000001,0
Net flux,HPASink,HPA -> Sink,99.9999999999998,0
Net flux,SERex,dummySER -> outSER,1.86863525280971,1631.83589606686
Net flux,G_PYR,0*PYR.c -> PYR,30.3381376190334,1.72092631013553
Net flux,(1-G)_PYR,0*PYR.x -> PYR,69.6618623809669,1.72092631013553
Net flux,PYRSink,PYR -> Sink,100,0
Net flux,G_meTHF,0*meTHF.c -> meTHF,93.4300449834383,4.15336178601537
Net flux,G_FmTHF,0*FmTHF.c -> FmTHF,73.2662511378003,3.0061276440001
Net flux,G_Met,0*Met.c -> Met,58.4457689594686,4.05875811965341
Net flux,G_SAM,0*SAM.c -> SAM,67.5013499858719,4.15424838732906
Net flux,(1-G)_meTHF,0*meTHF.x -> meTHF,6.56995501656173,4.15336178601537
Net flux,(1-G)_FmTHF,0*FmTHF.x -> FmTHF,26.7337488621997,3.0061276440001
Net flux,(1-G)_Met,0*Met.x -> Met,41.5542310405315,4.05875811965341
Net flux,(1-G)_SAM,0*SAM.x -> SAM,32.4986500141282,4.15424838732906
Net flux,meTHFSink,meTHF -> Sink,99.9999999999999,0
Net flux,FmTHFSink,FmTHF -> Sink,100,0
Net flux,MetSink,Met -> Sink,100,0
Net flux,SAMsink,SAM -> Sink,100,0
Net flux,Met-protein,Met.c -> Protein,6.51983996113883e-15,0
Net flux,GLY-protein,GLY.c -> Protein,0.105677493137233,1631.83595843616
Net flux,SER-protein,SER.c -> Protein,1.00000002056788e-07,3.6211206269711e-13
Pool,2PG pool,,0,0
Pool,2PG.p pool,,3.12166452965862e-06,3826.14311393103
Pool,2PG.x pool,,1,Inf
Pool,3PGA pool,,0,0
Pool,3PGA.c pool,,0.00269803764472404,0.802833034220442
Pool,3PGA.p pool,,3.6498578525742e-06,3862.38901925899
Pool,3PGA.x pool,,1,Inf
Pool,ACA pool,,1.44486812734486e-06,3855.09643715553
Pool,ADPG pool,,0,0
Pool,ADPG.p pool,,9.9999999999999e-08,Inf
Pool,ADPG.x pool,,1,Inf
Pool,AKG pool,,1.52301806372701e-06,3893.74626495697
Pool,ALA pool,,0,0
Pool,ALA.c pool,,0.00833284491771035,0.0022284919714825
Pool,ALA.x pool,,1,Inf
Pool,ASN pool,,7566.06819374001,3999.62809000262
Pool,ASP pool,,1.0000000000003e-07,0
Pool,Acceptor.c pool,,1,Inf
Pool,CIT pool,,1.92030585988225,0.442708017414966
Pool,CO2 pool,,0.133400661055623,0.200694867546339
Pool,CO2.t pool,,1,Inf
Pool,E4P.p pool,,0,0
Pool,EC2 pool,,0,0
Pool,F6P pool,,0,0
Pool,F6P.c pool,,3.82970633986196e-06,3704.72851133772
Pool,F6P.p pool,,3.55761702685634e-06,3689.40537902836
Pool,F6P.x pool,,1,Inf
Pool,FBP pool,,0,0
Pool,FBP.c pool,,3.82966235363536e-06,3786.36220043576
Pool,FBP.p pool,,3.10373211931645e-06,3829.73198838824
Pool,FBP.x pool,,1,Inf
Pool,FmTHF pool,,1.04604160406367,0.657648609748359
Pool,FmTHF.c pool,,1.07489071560289e-06,3796.75069632552
Pool,FmTHF.x pool,,1,Inf
Pool,G6P pool,,0,0
Pool,G6P.c pool,,9.87485643494834e-06,3688.10937031209
Pool,G6P.p pool,,3.68855381529975e-06,3761.19162576067
Pool,G6P.x pool,,1,Inf
Pool,GA pool,,0,0
Pool,GA.p pool,,2.11558552469769e-06,3691.95891316115
Pool,GA.x pool,,1,Inf
Pool,GLN pool,,8.83867754963674,3695.78164825027
Pool,GLU pool,,1.52302323235792e-06,3768.2698378253
Pool,GLY pool,,0,0
Pool,GLY.c pool,,9.99999999994061e-08,0
Pool,GLY.m pool,,0.279158261168016,0.0694156112128354
Pool,GLY.p pool,,0.000425583416926087,3574.32201396736
Pool,GLY.x pool,,1,Inf
Pool,Glyc pool,,6.0439959865428,1.47095812321544
Pool,Glyc.p pool,,8.95275906879113e-06,3820.07324914855
Pool,Glyc.x pool,,1,Inf
Pool,Glyx pool,,12.2680190746871,5.20086174798499
Pool,Glyx.p pool,,1.07302161825836e-05,3687.20417359677
Pool,Glyx.x pool,,1,Inf
Pool,HPA pool,,0.000116802457874064,3467.50874601619
Pool,HPA.p pool,,1.63895152890443e-06,3774.59149740474
Pool,HPA.x pool,,1,Inf
Pool,Hcy.c pool,,1,Inf
Pool,ICI pool,,0.00377902427865732,3692.54777267231
Pool,MAL pool,,0.26270611695159,0.101481133381785
Pool,Met pool,,5.30030156188891e-05,3890.55457746361
Pool,Met.c pool,,1.147227458642e-06,3913.96238978063
Pool,Met.x pool,,1,Inf
Pool,OAA pool,,0.164108575489052,0.0292965676827447
Pool,P5P pool,,0,0
Pool,PEP pool,,0,0
Pool,PEP.c pool,,0.00257818503310327,0.770112451551042
Pool,PEP.x pool,,1,Inf
Pool,PRO pool,,5.39499638346448,3746.52722692108
Pool,PYR pool,,1.00000000058387e-07,0
Pool,PYR.c pool,,0.00400188472414631,0.00239298901590483
Pool,PYR.x pool,,1,Inf
Pool,Protein pool,,1,Inf
Pool,R5P pool,,0,0
Pool,R5P.p pool,,8.12260536765938e-06,3651.93828141829
Pool,R5P.x pool,,1,Inf
Pool,RU5P.p pool,,3.17862897809798e-06,3674.21729999777
Pool,RU5P.x pool,,1,Inf
Pool,RUBP pool,,0,0
Pool,RUBP.p pool,,3.18205893366159e-06,3591.00030791043
Pool,RUBP.x pool,,1,Inf
Pool,S6P pool,,1,Inf
Pool,S7P pool,,0,0
Pool,S7P.p pool,,3.03200358841496e-06,3700.13227666521
Pool,S7P.x pool,,1,Inf
Pool,SAH.c pool,,1,Inf
Pool,SAM pool,,4.60415258346104,1.34014258702313
Pool,SAM.c pool,,3.03713585766832e-06,3735.38386888255
Pool,SAM.x pool,,1,Inf
Pool,SBP pool,,0,0
Pool,SER pool,,0,0
Pool,SER.c pool,,1.00000000002876e-07,0
Pool,SER.m pool,,1.14606197308786,0.086538937809462
Pool,SER.p pool,,1.00000000002876e-07,0
Pool,SER.x pool,,1,Inf
Pool,Sink pool,,1,Inf
Pool,Starch pool,,1,Inf
Pool,THR pool,,3889.75477589364,3656.93790789698
Pool,TP pool,,0,0
Pool,TP.c pool,,4.18762210600644e-06,3808.61928040064
Pool,TP.p pool,,3.73920577599313e-06,3693.5057669995
Pool,TP.x pool,,1,Inf
Pool,UDPG pool,,0,0
Pool,UDPG.c pool,,0.163369362896528,3581.19434059445
Pool,UDPG.x pool,,1,Inf
Pool,X5P.p pool,,3.25785315073673e-06,3875.92148214151
Pool,dummy pool,,1,Inf
Pool,dummyGLY pool,,1,Inf
Pool,dummySER pool,,1,Inf
Pool,meTHF pool,,0.602865700638578,0.817639967217432
Pool,meTHF.c pool,,1.05599561472179e-06,3781.99566649144
Pool,meTHF.x pool,,1,Inf
Pool,myTHF.m pool,,3.80293731330134e-06,3648.29507072212
Pool,outSER pool,,1,Inf
Norm,Experiment1 Glyc205 #1 norm,,1.0008318052786,0.0130599473762826
Norm,Experiment1 Glyc205 #2 norm,,1.00432777712737,0.0235128167921852
Norm,Experiment1 Glyc205 #3 norm,,0.988338114309899,0.0202258135203946
Norm,Experiment1 Glyc205 #4 norm,,0.983387581703652,0.0307579035451857
Norm,Experiment1 Glyc205 #5 norm,,1.01529981988005,0.0349298412696069
Norm,Experiment1 Glyc205 #6 norm,,0.989433236798714,0.0270024241247883
Norm,Experiment1 Glyc205 #7 norm,,0.971131103813425,0.0359396314909717
Norm,Experiment1 Glyc205 #8 norm,,1.01809748981434,0.0302420796240362
Norm,Experiment1 Glyx160 #1 norm,,0.986537037861395,0.0109919156954141
Norm,Experiment1 Glyx160 #2 norm,,0.992829271148935,0.0136003688384396
Norm,Experiment1 Glyx160 #3 norm,,0.955550857046222,0.0171909899546614
Norm,Experiment1 Glyx160 #4 norm,,1.01481892479838,0.0166843406344317
Norm,Experiment1 Glyx160 #5 norm,,0.961123219412521,0.0334302890335504
Norm,Experiment1 Glyx160 #6 norm,,1.01507709041344,0.0196982723584459
Norm,Experiment1 Glyx160 #7 norm,,0.965225777551401,0.040450659375345
Norm,Experiment1 Glyx160 #8 norm,,0.993440592404286,0.0387781623907557
Norm,Experiment1 GLY276 #1 norm,,1.0042109753294,0.0104018965447138
Norm,Experiment1 GLY276 #2 norm,,1.00652201887445,0.0302049429577322
Norm,Experiment1 GLY276 #3 norm,,1.01733840540293,0.0525549293170213
Norm,Experiment1 GLY276 #4 norm,,0.989930582638348,0.0558614998178282
Norm,Experiment1 GLY276 #5 norm,,1.00454014659918,0.140048352156834
Norm,Experiment1 GLY276 #6 norm,,0.872322261065653,0.0732951736991312
Norm,Experiment1 GLY276 #7 norm,,1.03423388436413,0.0610377784234815
Norm,Experiment1 GLY276 #8 norm,,0.964590028692965,0.0753880173898996
Norm,Experiment1 HPA262 #1 norm,,0.990692967290925,0.010794207811578
Norm,Experiment1 HPA262 #2 norm,,0.978507750494293,0.0278334076861019
Norm,Experiment1 HPA262 #3 norm,,0.953787078292112,0.0127597871974345
Norm,Experiment1 HPA262 #4 norm,,0.937949837381884,0.0340702981561678
Norm,Experiment1 HPA262 #5 norm,,0.88984494757529,0.0222956000601962
Norm,Experiment1 HPA262 #6 norm,,0.956200853743872,0.0317879245655593
Norm,Experiment1 HPA262 #7 norm,,1.00704057292413,0.0249010402586011
Norm,Experiment1 HPA262 #8 norm,,1.0448050799454,0.024123004914478
Norm,Experiment1 GA307 #1 norm,,0.990419169668842,0.011833376919141
Norm,Experiment1 GA307 #2 norm,,0.941576480280663,0.0289811152036309
Norm,Experiment1 GA307 #3 norm,,0.9622095253421,0.027882117406595
Norm,Experiment1 GA307 #4 norm,,0.997334316160066,0.0201829505136984
Norm,Experiment1 GA307 #5 norm,,0.890895962683213,0.0478211205643908
Norm,Experiment1 GA307 #6 norm,,1.09009266319088,0.0433725448813352
Norm,Experiment1 GA307 #7 norm,,0.99480001671913,0.0462051416160798
Norm,Experiment1 GA307 #8 norm,,0.979436167015539,0.0354060980513607
Norm,Experiment1 SER306 #1 norm,,0.977484559301429,0.0138848392220508
Norm,Experiment1 SER306 #2 norm,,1.01392265582672,0.016449687111529
Norm,Experiment1 SER306 #3 norm,,0.941167802927014,0.0446632083711041
Norm,Experiment1 SER306 #4 norm,,1.01338753860377,0.0449180654437786
Norm,Experiment1 SER306 #5 norm,,1.02549703430031,0.0878344415781285
Norm,Experiment1 SER306 #6 norm,,0.866830585510968,0.060488489548252
Norm,Experiment1 SER306 #7 norm,,0.988593784253143,0.0456334050170894
Norm,Experiment1 SER306 #8 norm,,1.00645734393017,0.0523760563551658
Norm,Experiment1 meTHF #1 norm,,1.00404942929247,0.0100743682620851
Norm,Experiment1 meTHF #2 norm,,0.996731325074629,0.00995025262403776
Norm,Experiment1 meTHF #3 norm,,0.941319125280065,0.0632358654407209
Norm,Experiment1 meTHF #4 norm,,1.00358908165761,0.0533381764276914
Norm,Experiment1 meTHF #5 norm,,1.03495745389689,0.104618298744387
Norm,Experiment1 meTHF #6 norm,,0.961680222491821,0.140306904898207
Norm,Experiment1 meTHF #7 norm,,1.02473825480801,0.0615642879185685
Norm,Experiment1 meTHF #8 norm,,1.02323139297916,0.10475124809214
Norm,Experiment1 FmTHF #1 norm,,1.00731106109154,0.0100612447002712
Norm,Experiment1 FmTHF #2 norm,,1.01033959657571,0.024730652886575
Norm,Experiment1 FmTHF #3 norm,,0.960304157855323,0.0336001086967035
Norm,Experiment1 FmTHF #4 norm,,1.00651115669621,0.0277704766755368
Norm,Experiment1 FmTHF #5 norm,,0.985712466432986,0.0581487991163343
Norm,Experiment1 FmTHF #6 norm,,1.00373472022587,0.0609171352573321
Norm,Experiment1 FmTHF #7 norm,,0.996127709519746,0.0520327976927545
Norm,Experiment1 FmTHF #8 norm,,1.05654510024124,0.0979988022865901
Norm,Experiment1 Met176 #1 norm,,0.940292310126544,0.0233318580776569
Norm,Experiment1 Met176 #2 norm,,0.930503108955094,0.0334164564271905
Norm,Experiment1 Met176 #3 norm,,0.86100096406824,0.0469928740508424
Norm,Experiment1 Met176 #4 norm,,0.968279470001097,0.0384026181822301
Norm,Experiment1 Met176 #5 norm,,0.966905547186285,0.0708816103354529
Norm,Experiment1 Met176 #6 norm,,1.00372691505964,0.109808695571367
Norm,Experiment1 Met176 #7 norm,,1.00011141871452,0.106650489698388
Norm,Experiment1 Met176 #8 norm,,0.986707260291509,0.135115663997774
Norm,Experiment1 SAM #1 norm,,1.00126597463433,0.0118634754174857
Norm,Experiment1 SAM #2 norm,,1.01375854184463,0.0122859013201187
Norm,Experiment1 SAM #3 norm,,0.989677417092281,0.0145672487418134
Norm,Experiment1 SAM #4 norm,,1.01930825049644,0.0233812217265259
Norm,Experiment1 SAM #5 norm,,0.978118099607253,0.0403353043089296
Norm,Experiment1 SAM #6 norm,,1.00648239583699,0.0615388067488849
Norm,Experiment1 SAM #7 norm,,0.997715863663682,0.106318706043994
Norm,Experiment1 SAM #8 norm,,1.00551599299938,0.0921682647499622
Norm,Experiment1 CIT465 #1 norm,,0.986027422571827,0.0118431994592083
Norm,Experiment1 CIT465 #2 norm,,0.999421941192827,0.01380832759946
Norm,Experiment1 CIT465 #3 norm,,0.944174271680436,0.0111826817815691
Norm,Experiment1 CIT465 #4 norm,,0.990551020379937,0.0165275338832985
Norm,Experiment1 CIT465 #5 norm,,1.01978093684882,0.0138406239761455
Norm,Experiment1 CIT465 #6 norm,,1.00862376019399,0.0129176718563241
Norm,Experiment1 CIT465 #7 norm,,1.01971705848379,0.0138892710939345
Norm,Experiment1 CIT465 #8 norm,,1.01406948139846,0.0195362027831277
Norm,Experiment1 MAL335 #1 norm,,0.958981349751296,0.0120137963347081
Norm,Experiment1 MAL335 #2 norm,,0.995370824783718,0.0110894810208608
Norm,Experiment1 MAL335 #3 norm,,0.934269093713548,0.00974962904194693
Norm,Experiment1 MAL335 #4 norm,,0.966721931628606,0.0143384440496118
Norm,Experiment1 MAL335 #5 norm,,0.95105527782005,0.0133868687965712
Norm,Experiment1 MAL335 #6 norm,,1.0359628772991,0.0144001084362859
Norm,Experiment1 MAL335 #7 norm,,0.9813159056455,0.020940704075217
Norm,Experiment1 MAL335 #8 norm,,0.975172541795063,0.0356124150956065
Norm,Experiment1 ASP334 #1 norm,,1.01104699419159,0.0231953815719493
Norm,Experiment1 ASP334 #2 norm,,0.948774745889658,0.0309396030326431
Norm,Experiment1 ASP334 #3 norm,,0.966696435936202,0.0203886794307481
Norm,Experiment1 ASP334 #4 norm,,0.993249805934026,0.017298952028597
Norm,Experiment1 ASP334 #5 norm,,0.942215422825434,0.0263425707993405
Norm,Experiment1 ASP334 #6 norm,,0.989127390144982,0.0316222134672797
Norm,Experiment1 ASP334 #7 norm,,1.00392562880148,0.0315487800382442
Norm,Experiment1 ASP334 #8 norm,,0.991535610976105,0.100111352716518
Norm,Experiment1 GLU348 #1 norm,,1.00763764906925,0.021557854136836
Norm,Experiment1 GLU348 #2 norm,,0.949351824358542,0.0194472379946157
Norm,Experiment1 GLU348 #3 norm,,1.00645136835255,0.011593598893319
Norm,Experiment1 GLU348 #4 norm,,0.984758601018704,0.0360328214403332
Norm,Experiment1 GLU348 #5 norm,,0.997886911170719,0.0236408905056833
Norm,Experiment1 GLU348 #6 norm,,1.01163858416772,0.0135323227367742
Norm,Experiment1 GLU348 #7 norm,,0.98440167654235,0.015553638924951
Norm,Experiment1 GLU348 #8 norm,,0.993751921996133,0.0223726031978606
Norm,Experiment1 THR320 #1 norm,,0.982161789519797,0.0101117966710553
Norm,Experiment1 THR320 #2 norm,,1.02195593371294,0.0147036331201786
Norm,Experiment1 THR320 #3 norm,,0.98814239470866,0.0105347109794152
Norm,Experiment1 THR320 #4 norm,,0.974372071431067,0.0280268395460594
Norm,Experiment1 THR320 #5 norm,,0.980243946620651,0.0208034503088458
Norm,Experiment1 THR320 #6 norm,,0.979474644148307,0.0112750416149662
Norm,Experiment1 THR320 #7 norm,,0.96530399855408,0.0135395127698627
Norm,Experiment1 THR320 #8 norm,,0.896745688269101,0.0249964064827529
Norm,Experiment1 ALA116 #1 norm,,0.999279365280475,0.0099077667012353
Norm,Experiment1 ALA116 #2 norm,,1.00290202669734,0.0097955253640349
Norm,Experiment1 ALA116 #3 norm,,1.01521581947234,0.0181962287553699
Norm,Experiment1 ALA116 #4 norm,,1.03770366363384,0.0268764842570017
Norm,Experiment1 ALA116 #5 norm,,1.02927458495673,0.0901392517741665
Norm,Experiment1 ALA116 #6 norm,,0.984896588121243,0.0883191898437381
Norm,Experiment1 ALA116 #7 norm,,1.0205689008635,0.0682795603594106
Norm,Experiment1 ALA116 #8 norm,,0.948092407523755,0.106711500901357
Norm,Experiment1 PYR #1 norm,,1.01336436416336,0.0173603796440656
Norm,Experiment1 PYR #2 norm,,0.932318187211281,0.0828565230429281
Norm,Experiment1 PYR #3 norm,,0.976518927502615,0.113816765406242
Norm,Experiment1 PYR #4 norm,,1.02346129786196,0.0524899082802431
Norm,Experiment1 PYR #5 norm,,1.05829056251583,0.0560944310551582
Norm,Experiment1 PYR #6 norm,,1.02161887419408,0.0493757818975246
Norm,Experiment1 PYR #7 norm,,1.0510787339138,0.119150686512317
Norm,Experiment1 PYR #8 norm,,0.961411068858782,0.0610679537274719
