type,id,eqn,val,std
Net flux,CO2.t,CO2.t -> CO2,50.1141033000091,1.09242272958825
Net flux,CO2_sink,dummy -> Sink,50.1141033000091,1.09242272958825
Net flux,RUBICSO_CO2,RUBP.p + CO2 -> 3PGA.p + 3PGA.p + dummy,58.9732749359328,1.14786710145979
Net flux,GAPDH.p net,3PGA.p <-> TP.p,139.862725474175,2.60998665895554
Exch flux,GAPDH.p exch,3PGA.p <-> TP.p,2.74028134583659e-06,0
Net flux,ALD,TP.p + E4P.p -> SBP,25.5224388442962,0.475712617374661
Net flux,SBP,SBP -> S7P.p,25.5224388442962,0.475712617374661
Net flux,FBA.p net,TP.p + TP.p <-> FBP.p,31.6242988385857,0.634136629324074
Exch flux,FBA.p exch,TP.p + TP.p <-> FBP.p,32838.8501118343,45.1106532449324
Net flux,PFK.p net,FBP.p <-> F6P.p,31.624298838582,0.634136629324074
Exch flux,PFK.p exch,FBP.p <-> F6P.p,30176.7320981765,83.225668290418
Net flux,TK1 net,TP.p + EC2 <-> X5P.p,51.0448776885924,0.951425234749322
Exch flux,TK1 exch,TP.p + EC2 <-> X5P.p,17.2788963134632,75.803632932327
Net flux,TK2 net,S7P.p <-> R5P.p + EC2,25.5224388442962,0.475712617374661
Exch flux,TK2 exch,S7P.p <-> R5P.p + EC2,37.8014235977954,74.7694683265618
Net flux,TK3 net,F6P.p <-> E4P.p + EC2,25.5224388442948,0.475712617374661
Exch flux,TK3 exch,F6P.p <-> E4P.p + EC2,34050.5496256604,74.896533017277
Net flux,PPE net,X5P.p <-> RU5P.p,51.0448776885924,0.951425234749322
Exch flux,PPE exch,X5P.p <-> RU5P.p,100.369794943961,74.4011037585541
Net flux,PPI net,R5P.p <-> RU5P.p,25.5224388442963,0.475712617374661
Exch flux,PPI exch,R5P.p <-> RU5P.p,237.530310480295,64.2532354905048
Net flux,PRK,RU5P.p -> RUBP.p,76.5673165328888,1.42713785212385
Net flux,RUBISCO_O2,RUBP.p -> 3PGA.p + 2PG.p,17.5940415969559,0.581169641768022
Net flux,GLYdil net,GLY.p <-> GLY.x + dummyGLY,0.000119251695359424,4.591993437285e-05
Exch flux,GLYdil exch,GLY.p <-> GLY.x + dummyGLY,0.00769515021870859,90.8266800617098
Net flux,SERdil net,SER.p <-> SER.x + dummySER,4.4086694868428,0.487610139904606
Exch flux,SERdil exch,SER.p <-> SER.x + dummySER,1.65620468269589,0.177802721697918
Net flux,GK,GA.p -> 3PGA.p,4.32712455422057,0.483963836273922
Net flux,PGI.p net,F6P.p <-> G6P.p,6.10185999428608,0.317272078950923
Exch flux,PGI.p exch,F6P.p <-> G6P.p,2.30057065105867,64.441183418819
Net flux,PGM.p,G6P.p -> ADPG.p,6.10185999428608,0.317272078950923
Net flux,Starch,ADPG.p -> Starch,6.10185999428606,0.317272078950923
Net flux,FBA.c net,TP.c + TP.c <-> FBP.c,0.0234056320623601,0.00901274472383484
Exch flux,FBA.c exch,TP.c + TP.c <-> FBP.c,22.2699031979655,81.6326141954302
Net flux,PFK.c net,FBP.c <-> F6P.c,0.0234056320623681,0.00901274472383484
Exch flux,PFK.c exch,FBP.c <-> F6P.c,6.92416721627141,68.6134567483918
Net flux,PGI.c net,F6P.c <-> G6P.c,0.0117028160312032,0.00450637236191742
Exch flux,PGI.c exch,F6P.c <-> G6P.c,228.153523432636,72.9895453871459
Net flux,PGM.c net,G6P.c <-> UDPG.c,0.0117028160311747,0.00450637236191742
Exch flux,PGM.c exch,G6P.c <-> UDPG.c,48481.4251851977,74.2674887575343
Net flux,SPS,F6P.c + UDPG.c -> S6P,0.0117028160311499,0.00450637236191742
Net flux,PGAM.c net,3PGA.c <-> PEP.c,0.0049905488679487,0.00192169743046439
Exch flux,PGAM.c exch,3PGA.c <-> PEP.c,3.21001276792792,69.0080493788941
Net flux,PK.c,PEP.c -> PYR.c,0.00226531409899833,0.000872298498250263
Net flux,PDH,PYR.c + dummy -> ACA + CO2,0.00188532366242322,0.000725976588657132
Net flux,CS,OAA + ACA -> CIT,0.00188532366241922,0.000725976588657132
Net flux,ACO net,CIT <-> ICI,0.00188532366246363,0.000725976588657132
Exch flux,ACO exch,CIT <-> ICI,1154.97104168006,83.2376338417732
Net flux,IDH,ICI + dummy -> AKG + CO2,0.00188532366243566,0.000725976588657132
Net flux,MDH net,MAL <-> OAA,2.1316282072803e-14,0
Exch flux,MDH exch,MAL <-> OAA,0.00233977049191481,0.00138520139997061
Net flux,PPC,PEP.c + CO2 -> OAA + dummy,0.00272523476937803,0.00104939893393411
Net flux,T_3PGA net,3PGA.p <-> 3PGA.c,0.00499054886793004,0.00192169743046439
Exch flux,T_3PGA exch,3PGA.p <-> 3PGA.c,8.17951043868576,71.1173912402356
Net flux,T_DHAP net,TP.p <-> TP.c,0.0468112641247607,0.0180254894476697
Exch flux,T_DHAP exch,TP.p <-> TP.c,0.00627389394693489,80.768486832335
Net flux,ALT,PYR.c -> ALA.c,0.000379990436543354,0.000146321910775599
Net flux,ASPT,OAA -> ASP,0.000839911106484292,0.000323422344880712
Net flux,GLUDH,AKG -> GLU,0.00188532366241256,0.000725976588657132
Net flux,PCR net,GLU <-> PRO,-2.48689957516035e-14,0
Exch flux,PCR exch,GLU <-> PRO,1.0000000116861e-07,0
Net flux,GS net,GLU <-> GLN,0,0
Exch flux,GS exch,GLU <-> GLN,1.00041958717156e-07,0
Net flux,TS net,ASP <-> THR,0,0
Exch flux,TS exch,ASP <-> THR,1.0000000116861e-07,90.1214576838046
Net flux,AS net,ASP <-> ASN,1.06581410364015e-14,0
Exch flux,AS exch,ASP <-> ASN,1.12530518237008e-07,70.0385698972437
Net flux,G_3PGA.p,0*3PGA.p -> 3PGA,2.46866291320202e-06,115.371798307812
Net flux,G_3PGA.c,0*3PGA.c -> 3PGA,92.9119081390654,86.1781341213033
Net flux,G_DHAP.p,0*TP.p -> TP,40.685379842242,101.349684489218
Net flux,G_DHAP.c,0*TP.c -> TP,51.8471856996947,74.5531040460194
Net flux,G_F6P.p,0*F6P.p -> F6P,48.6686345030749,107.856283218345
Net flux,G_F6P.c,0*F6P.c -> F6P,36.546576817712,75.9432411126665
Net flux,G_FBP.p,0*FBP.p -> FBP,2.46866125053202e-06,113.129611531627
Net flux,G_FBP.c,0*FBP.c -> FBP,83.4512310472446,75.0190771750987
Net flux,G_G6P.p,0*G6P.p -> G6P,19.0549768397257,104.834277660333
Net flux,G_G6P.c,0*G6P.c -> G6P,58.8549499993083,77.1825591973294
Net flux,G_RU5P.p,0*RU5P.p -> P5P,2.46865366904103e-06,110.241107504369
Net flux,G_X5P.p,0*X5P.p -> P5P,92.8477691502191,75.083495412898
Net flux,G_R5P.p,0*R5P.p -> R5P,82.2810779884949,75.6040906450592
Net flux,G_GA.p,0*GA.p -> GA,41.8350002215498,1.58386115849054
Net flux,G_SER.p,0*SER.p -> SER,99.9999234449266,76.3496697519212
Net flux,G_GLY.p,0*GLY.p -> GLY,54.9098195936582,111.202185022266
Net flux,G_RUBP.p,0*RUBP.p -> RUBP,92.5302752673063,78.0124163328491
Net flux,G_S7P.p,0*S7P.p -> S7P,98.4567310636212,76.7765469293663
Net flux,G_2PG.p,0*2PG.p -> 2PG,87.0427532706349,73.5910577600706
Net flux,G_ADPG.p,0*ADPG.p -> ADPG,95.0805622183377,78.223565003817
Net flux,G_PEP.c,0*PEP.c -> PEP,89.2305410445615,72.7060253600748
Net flux,G_UDPG.c,0*UDPG.c -> UDPG,72.4268033045549,78.3797222874646
Net flux,G_ALA.c,0*ALA.c -> ALA,78.9760581464232,60.8810299900038
Net flux,(1-G)_GA,0*GA.x -> GA,58.1649997784523,1.58386115849054
Net flux,(1-G)_SER,0*SER.x -> SER,1.0000000116861e-07,0
Net flux,(1-G)_GLY,0*GLY.x -> GLY,45.0900613171073,2.01079337244193
Net flux,(1-G)_R5P,0*R5P.x -> R5P,17.718922011502,75.6040906450592
Net flux,(1-G)_RUBP,0*RUBP.x -> RUBP,7.46972473269241,78.0124163328491
Net flux,(1-G)_3PGA,0*3PGA.x -> 3PGA,7.08808939227197,76.7778715325651
Net flux,(1-G)_TP,0*TP.x -> TP,7.46743445806383,71.7280123622591
Net flux,(1-G)_F6P,0*F6P.x -> F6P,14.7847886792169,80.4075459445052
Net flux,(1-G)_FBP,0*FBP.x -> FBP,16.5487664840888,76.6105680395395
Net flux,(1-G)_G6P,0*G6P.x -> G6P,22.0900731609643,78.9611100421744
Net flux,(1-G)_RU5P,0*RU5P.x -> P5P,7.15222838112864,74.7347486347961
Net flux,(1-G)_S7P,0*S7P.x -> S7P,1.54326893637677,76.7765469293663
Net flux,(1-G)_2PG,0*2PG.x -> 2PG,12.9572467293675,73.5910577600706
Net flux,(1-G)_ADPG,0*ADPG.x -> ADPG,4.91943778166132,78.223565003817
Net flux,(1-G)_PEP,0*PEP.x -> PEP,10.7694589554367,72.7060253600748
Net flux,(1-G)_UDPG,0*UDPG.x -> UDPG,27.5731966954463,78.3797222874646
Net flux,(1-G)_ALA,0*ALA.x -> ALA,21.0239418535766,60.8810299900038
Net flux,PGASink,3PGA -> Sink,100,0
Net flux,DHAPSink,TP -> Sink,100.000000000001,0
Net flux,F6PSink,F6P -> Sink,100.000000000004,0
Net flux,FBPSink,FBP -> Sink,99.9999999999947,0
Net flux,G6PSink,G6P -> Sink,99.9999999999983,0
Net flux,P5PSink,P5P -> Sink,100.000000000001,0
Net flux,R5PSink,R5P -> Sink,99.9999999999968,0
Net flux,GASink,GA -> Sink,100.000000000002,0
Net flux,SERSink,SER -> Sink,99.9999999999996,0
Net flux,GLYSink,GLY -> Sink,100.000000000001,0
Net flux,RUBPSink,RUBP -> Sink,99.9999999999987,0
Net flux,S7PSink,S7P -> Sink,99.9999999999979,0
Net flux,2PGSink,2PG -> Sink,100.000000000002,0
Net flux,ADPGSink,ADPG -> Sink,99.999999999999,0
Net flux,PEPSink,PEP -> Sink,99.9999999999983,0
Net flux,UDPGSink,UDPG -> Sink,100.000000000001,0
Net flux,ALASink,ALA -> Sink,99.9999999999998,0
Net flux,S6Pout-LL,S6P + 0.1611*GLU + 0.07177*ASP + 0.03247*ALA.c + 0.01019*dummyGLY + 0.03484*dummySER -> Sink,0.0117028160311854,0.00450637236191742
Net flux,PGP.p,2PG.p -> Glyc.p,17.5940415969559,0.581169641768022
Net flux,GOX,Glyc.p -> Glyx.p,17.5940415969559,0.581169641768022
Net flux,GGT,Glyx.p -> GLY.p,17.5940415969559,0.581169641768022
Net flux,SGAT,SER.p -> HPA.p,4.32712455422055,0.483963836273922
Net flux,HPR.p,HPA.p -> GA.p,4.32712455422055,0.483963836273922
Net flux,T_GLY-m net,GLY.p <-> GLY.m,17.5867954843452,103.53115296061
Exch flux,T_GLY-m exch,GLY.p <-> GLY.m,22262.6823544509,76.5949094060867
Net flux,GDC.m,GLY.m + dummy -> myTHF.m + CO2,8.85812622336758,0.294854426665499
Net flux,T_SER-m net,SER.p <-> SER.m,-8.85812622336758,0.294854426665499
Exch flux,T_SER-m exch,SER.p <-> SER.m,20.8593570137656,56.3598970620829
Net flux,mSHMT,GLY.m + myTHF.m -> SER.m,8.85812622336758,0.294854426665499
Net flux,T_SER-c net,SER.p <-> SER.c,0.122332182304218,0.147400951264945
Exch flux,T_SER-c exch,SER.p <-> SER.c,1.00000000280431e-07,3.65868394966289e-15
Net flux,T_Gly-c net,GLY.p <-> GLY.c,0.00712686091335346,103.52952175277
Exch flux,T_Gly-c exch,GLY.p <-> GLY.c,4.32949561490759e-06,78.3231449354171
Net flux,cSHMT,SER.c -> GLY.c + meTHF.c,0.122332082304222,0.147400951264933
Net flux,FmTHF-reductase net,meTHF.c <-> FmTHF.c,0.122332082304222,0.147400951264933
Exch flux,FmTHF-reductase exch,meTHF.c <-> FmTHF.c,8.62944200704756,77.9089734548004
Net flux,Met-synthase,FmTHF.c + Hcy.c -> Met.c,0.122332082304201,0.147400951264933
Net flux,SAM-synthase,Met.c -> SAM.c,0.122332082304211,0.147400951264933
Net flux,Methylation,SAM.c -> SAH.c + Acceptor.c,0.122332082304206,0.147400951264933
Net flux,hydrolysis,SAH.c -> Hcy.c,0.122332082304198,0.147400951264933
Net flux,G_SER.m,0*SER.m -> SER,7.63544824806672e-05,76.3496697519212
Net flux,G_SER.c,0*SER.c -> SER,1.005905332363e-07,0
Net flux,G_Gly.m,0*GLY.m -> GLY,9.32888733373716e-05,77.0863627964528
Net flux,G_Gly.c,0*GLY.c -> GLY,2.58003623727632e-05,77.1456792961625
Net flux,T_GLY-c-m,GLY.c -> GLY.m,0.129456962387965,103.529626684337
Net flux,G_Glyc,0*Glyc.p -> Glyc,22.7710512215208,1.13176395800681
Net flux,G_Glyx,0*Glyx.p -> Glyx,9.73310588151841,1.21279084962039
Net flux,G_HPA,0*HPA.p -> HPA,10.0859047114323,1.31865965916873
Net flux,(1-G)_Glyc,0*Glyc.x -> Glyc,77.2289487784798,1.13176395800681
Net flux,(1-G)_Glyx,0*Glyx.x -> Glyx,90.2668941184824,1.21279084962039
Net flux,(1-G)_HPA,0*HPA.x -> HPA,89.9140952885676,1.31865965916873
Net flux,GlycSink,Glyc -> Sink,100.000000000001,0
Net flux,GlyxSink,Glyx -> Sink,100.000000000001,0
Net flux,HPASink,HPA -> Sink,99.9999999999998,0
Net flux,SERex,dummySER -> outSER,4.40826172321226,0.487581957433962
Net flux,G_PYR,0*PYR.c -> PYR,28.7554214255943,1.71582047261057
Net flux,(1-G)_PYR,0*PYR.x -> PYR,71.244578574406,1.71582047261057
Net flux,PYRSink,PYR -> Sink,100,0
Net flux,G_meTHF,0*meTHF.c -> meTHF,99.9999974067296,78.4869257272824
Net flux,G_FmTHF,0*FmTHF.c -> FmTHF,90.2267345945425,3.12262236470548
Net flux,G_Met,0*Met.c -> Met,53.0313519367046,4.60277178531524
Net flux,G_SAM,0*SAM.c -> SAM,60.7291778450335,3.58251329369485
Net flux,(1-G)_meTHF,0*meTHF.x -> meTHF,2.59327039486834e-06,78.4869257272824
Net flux,(1-G)_FmTHF,0*FmTHF.x -> FmTHF,9.77326540545759,3.12262236470548
Net flux,(1-G)_Met,0*Met.x -> Met,46.9686480632954,4.60277178531524
Net flux,(1-G)_SAM,0*SAM.x -> SAM,39.2708221549665,3.58251329369485
Net flux,meTHFSink,meTHF -> Sink,99.9999999999999,0
Net flux,FmTHFSink,FmTHF -> Sink,100,0
Net flux,MetSink,Met -> Sink,100,0
Net flux,SAMsink,SAM -> Sink,100,0
Net flux,Met-protein,Met.c -> Protein,6.51983996113883e-15,0
Net flux,GLY-protein,GLY.c -> Protein,1.98082964253388e-06,3.35630900883573e-15
Net flux,SER-protein,SER.c -> Protein,9.99999993922529e-08,2.96736361988118e-15
Pool,2PG pool,,0,0
Pool,2PG.p pool,,3.81786951554285e-06,75.1343616558069
Pool,2PG.x pool,,1,Inf
Pool,3PGA pool,,0,0
Pool,3PGA.c pool,,1.41275788482649e-05,77.0895112319697
Pool,3PGA.p pool,,4.07284805966379e-06,78.997742793517
Pool,3PGA.x pool,,1,Inf
Pool,ACA pool,,2.7235753005396e-06,78.7953977595138
Pool,ADPG pool,,0,0
Pool,ADPG.p pool,,9.9999999999999e-08,Inf
Pool,ADPG.x pool,,1,Inf
Pool,AKG pool,,2.726782396931e-06,77.1407694135495
Pool,ALA pool,,0,0
Pool,ALA.c pool,,0.00262200166695751,0.00342104936269381
Pool,ALA.x pool,,1,Inf
Pool,ASN pool,,7566.0681937406,75.8232382213472
Pool,ASP pool,,5.53138874844704e-06,75.5898118990382
Pool,Acceptor.c pool,,1,Inf
Pool,CIT pool,,0.196985941454144,81.1384590024192
Pool,CO2 pool,,0.000254537940431038,79.596290652626
Pool,CO2.t pool,,1,Inf
Pool,E4P.p pool,,0,0
Pool,EC2 pool,,0,0
Pool,F6P pool,,0,0
Pool,F6P.c pool,,3.82970864465575e-06,78.7605764340657
Pool,F6P.p pool,,4.01896792973756e-06,78.7237678635563
Pool,F6P.x pool,,1,Inf
Pool,FBP pool,,0,0
Pool,FBP.c pool,,3.82966466431717e-06,79.0278286115971
Pool,FBP.p pool,,3.90678538818902e-06,80.8862562192681
Pool,FBP.x pool,,1,Inf
Pool,FmTHF pool,,0.274738568786711,78.6649280584177
Pool,FmTHF.c pool,,2.70638712621785e-06,77.1215987637651
Pool,FmTHF.x pool,,1,Inf
Pool,G6P pool,,0,0
Pool,G6P.c pool,,9.87487196778543e-06,75.4465231159126
Pool,G6P.p pool,,3.87010318068511e-06,74.6897520962042
Pool,G6P.x pool,,1,Inf
Pool,GA pool,,0,0
Pool,GA.p pool,,4.30545792198311e-06,86.4253219386093
Pool,GA.x pool,,1,Inf
Pool,GLN pool,,8.83867754992043,77.8031934470752
Pool,GLU pool,,2.72678387834916e-06,81.7661594045523
Pool,GLY pool,,0,0
Pool,GLY.c pool,,0.942647199765932,77.9223733845102
Pool,GLY.m pool,,1.07159942708055,0.104440017357464
Pool,GLY.p pool,,0.000425139166649631,80.9798534769372
Pool,GLY.x pool,,1,Inf
Pool,Glyc pool,,4.40204893699489,0.968637565042503
Pool,Glyc.p pool,,2.28973225481157e-05,82.0100665585559
Pool,Glyc.x pool,,1,Inf
Pool,Glyx pool,,5.96306241863771,2.42562330920361
Pool,Glyx.p pool,,3.53344876422085e-05,85.506324229479
Pool,Glyx.x pool,,1,Inf
Pool,HPA pool,,0.000179684980181568,76.4937801280603
Pool,HPA.p pool,,3.21593151802703e-06,81.8040056286715
Pool,HPA.x pool,,1,Inf
Pool,Hcy.c pool,,1,Inf
Pool,ICI pool,,0.00359537859847675,77.8968122924913
Pool,MAL pool,,0.00395288438744136,0.00229429345577139
Pool,Met pool,,0.339818253273604,82.7346968064389
Pool,Met.c pool,,2.72281846775952e-06,77.4274044831167
Pool,Met.x pool,,1,Inf
Pool,OAA pool,,0.00261506358633296,0.00115244875530014
Pool,P5P pool,,0,0
Pool,PEP pool,,0,0
Pool,PEP.c pool,,4.92372227623313e-06,79.5106821861864
Pool,PEP.x pool,,1,Inf
Pool,PRO pool,,5.39499638374791,84.1753222012644
Pool,PYR pool,,2.26479506100789,0.935760402992617
Pool,PYR.c pool,,6.17828223518274e-06,0.000123940584253637
Pool,PYR.x pool,,1,Inf
Pool,Protein pool,,1,Inf
Pool,R5P pool,,0,0
Pool,R5P.p pool,,4.31262243870201e-05,76.4807552133869
Pool,R5P.x pool,,1,Inf
Pool,RU5P.p pool,,3.91248061533226e-06,78.8239235360071
Pool,RU5P.x pool,,1,Inf
Pool,RUBP pool,,0,0
Pool,RUBP.p pool,,3.93181567448164e-06,78.3796702140945
Pool,RUBP.x pool,,1,Inf
Pool,S6P pool,,1,Inf
Pool,S7P pool,,0,0
Pool,S7P.p pool,,4.18708339020515e-06,77.1135735868058
Pool,S7P.x pool,,1,Inf
Pool,SAH.c pool,,1,Inf
Pool,SAM pool,,1.72266987003246,1.02263888130907
Pool,SAM.c pool,,2.73416949809302e-06,80.4406261423977
Pool,SAM.x pool,,1,Inf
Pool,SBP pool,,0,0
Pool,SER pool,,0,0
Pool,SER.c pool,,1.00000000002876e-07,0
Pool,SER.m pool,,0.75860374687382,0.0798445025421881
Pool,SER.p pool,,0.00979876385830376,79.3547745620039
Pool,SER.x pool,,1,Inf
Pool,Sink pool,,1,Inf
Pool,Starch pool,,1,Inf
Pool,THR pool,,3889.78324936513,78.3081979661891
Pool,TP pool,,0,0
Pool,TP.c pool,,4.18762343602463e-06,80.7637278707199
Pool,TP.p pool,,4.2455741576217e-06,74.6926963145725
Pool,TP.x pool,,1,Inf
Pool,UDPG pool,,0,0
Pool,UDPG.c pool,,0.170371652075373,79.9380481022072
Pool,UDPG.x pool,,1,Inf
Pool,X5P.p pool,,4.02809890464077e-06,78.392263050623
Pool,dummy pool,,1,Inf
Pool,dummyGLY pool,,1,Inf
Pool,dummySER pool,,1,Inf
Pool,meTHF pool,,0.428831904175368,0.885449297607225
Pool,meTHF.c pool,,2.70633930472463e-06,80.9145140257816
Pool,meTHF.x pool,,1,Inf
Pool,myTHF.m pool,,1.00000000002876e-07,0
Pool,outSER pool,,1,Inf
Norm,Experiment1 Glyc205 #1 norm,,0.974484657684663,0.0128928989103425
Norm,Experiment1 Glyc205 #2 norm,,1.0224387486841,0.0248076620551982
Norm,Experiment1 Glyc205 #3 norm,,0.97862819200686,0.0208341203110161
Norm,Experiment1 Glyc205 #4 norm,,0.958151661913376,0.0310721961602305
Norm,Experiment1 Glyc205 #5 norm,,0.993114926641647,0.0343246320099958
Norm,Experiment1 Glyc205 #6 norm,,1.04365711383938,0.0282462490821662
Norm,Experiment1 Glyc205 #7 norm,,0.968804706555759,0.034601551646544
Norm,Experiment1 Glyc205 #8 norm,,1.00135908743634,0.0303094672273121
Norm,Experiment1 Glyx160 #1 norm,,0.995764563119561,0.0108462380154859
Norm,Experiment1 Glyx160 #2 norm,,0.967138320115635,0.0142137835718724
Norm,Experiment1 Glyx160 #3 norm,,0.945174808146813,0.0183792880754685
Norm,Experiment1 Glyx160 #4 norm,,1.02217124471438,0.0170784120365526
Norm,Experiment1 Glyx160 #5 norm,,0.953910498868741,0.0314977667602127
Norm,Experiment1 Glyx160 #6 norm,,1.01140762205199,0.020299441295457
Norm,Experiment1 Glyx160 #7 norm,,0.938015834122957,0.0377292849461609
Norm,Experiment1 Glyx160 #8 norm,,1.01303596192698,0.0362116759659919
Norm,Experiment1 GLY276 #1 norm,,1.01321437629974,0.0102871939515501
Norm,Experiment1 GLY276 #2 norm,,1.02457805654484,0.020615755671618
Norm,Experiment1 GLY276 #3 norm,,1.01252766447196,0.0415305464030491
Norm,Experiment1 GLY276 #4 norm,,1.03715989333195,0.0636677923925471
Norm,Experiment1 GLY276 #5 norm,,0.985393102609125,0.1239007347145
Norm,Experiment1 GLY276 #6 norm,,0.963186374740926,0.0882138963667974
Norm,Experiment1 GLY276 #7 norm,,1.00426762426694,0.0676080322232297
Norm,Experiment1 GLY276 #8 norm,,0.999868353697059,0.0635261027819675
Norm,Experiment1 HPA262 #1 norm,,0.990959199240162,0.0108211010026286
Norm,Experiment1 HPA262 #2 norm,,0.954784675892354,0.0268594417744811
Norm,Experiment1 HPA262 #3 norm,,0.979321166553224,0.0128433224171171
Norm,Experiment1 HPA262 #4 norm,,0.893103634281613,0.0329963850911841
Norm,Experiment1 HPA262 #5 norm,,0.938932488898351,0.0230739572521477
Norm,Experiment1 HPA262 #6 norm,,0.94158715208517,0.0331911047254491
Norm,Experiment1 HPA262 #7 norm,,0.973634851551585,0.0247243745850159
Norm,Experiment1 HPA262 #8 norm,,1.02879560982722,0.0235316054662712
Norm,Experiment1 GA307 #1 norm,,0.980611084192165,0.0119893977781892
Norm,Experiment1 GA307 #2 norm,,0.914987898825745,0.0289958784498421
Norm,Experiment1 GA307 #3 norm,,0.916274848622074,0.0280981240821042
Norm,Experiment1 GA307 #4 norm,,0.975071708692224,0.0187469525790904
Norm,Experiment1 GA307 #5 norm,,0.968854602687064,0.0539547113793978
Norm,Experiment1 GA307 #6 norm,,1.03369109710381,0.038535437540792
Norm,Experiment1 GA307 #7 norm,,0.977997815960756,0.0438548553651267
Norm,Experiment1 GA307 #8 norm,,0.974981328672166,0.0343340196752571
Norm,Experiment1 SER306 #1 norm,,0.925896840547816,0.0131918048125662
Norm,Experiment1 SER306 #2 norm,,1.00651889817788,0.0151631458547071
Norm,Experiment1 SER306 #3 norm,,0.978798558994213,0.038402770413104
Norm,Experiment1 SER306 #4 norm,,0.954875968151785,0.0507550922955442
Norm,Experiment1 SER306 #5 norm,,1.05406327583119,0.0922260753003077
Norm,Experiment1 SER306 #6 norm,,0.866631800110633,0.0554813108857018
Norm,Experiment1 SER306 #7 norm,,1.01618516254016,0.0491300841919884
Norm,Experiment1 SER306 #8 norm,,0.986864163989395,0.0587543750753624
Norm,Experiment1 meTHF #1 norm,,0.977382843021103,0.00976823791037536
Norm,Experiment1 meTHF #2 norm,,1.0124776971215,0.0102110159184842
Norm,Experiment1 meTHF #3 norm,,0.982067801428749,0.0637073880972285
Norm,Experiment1 meTHF #4 norm,,0.990018682421924,0.0487959972214148
Norm,Experiment1 meTHF #5 norm,,0.922432967518013,0.0949257709049779
Norm,Experiment1 meTHF #6 norm,,0.986004743321028,0.12708220654758
Norm,Experiment1 meTHF #7 norm,,0.977230325867387,0.0543774494263011
Norm,Experiment1 meTHF #8 norm,,0.902862702945763,0.0769531754521233
Norm,Experiment1 FmTHF #1 norm,,0.996782265483741,0.00996137189787669
Norm,Experiment1 FmTHF #2 norm,,1.00574356237392,0.0236971716035216
Norm,Experiment1 FmTHF #3 norm,,1.02495040739697,0.0322967340595756
Norm,Experiment1 FmTHF #4 norm,,0.985898715566868,0.0233639990313947
Norm,Experiment1 FmTHF #5 norm,,0.963848718367958,0.0618771722329394
Norm,Experiment1 FmTHF #6 norm,,0.977502853891335,0.0695982011362854
Norm,Experiment1 FmTHF #7 norm,,0.973801867551643,0.052735299240428
Norm,Experiment1 FmTHF #8 norm,,1.06952035040738,0.0875236834263522
Norm,Experiment1 Met176 #1 norm,,0.966248407600966,0.0236616368218232
Norm,Experiment1 Met176 #2 norm,,0.922791264044762,0.03302448697585
Norm,Experiment1 Met176 #3 norm,,0.895045757461212,0.0473608806229529
Norm,Experiment1 Met176 #4 norm,,0.900941510947732,0.0340769777110203
Norm,Experiment1 Met176 #5 norm,,1.05419768159763,0.100020269346961
Norm,Experiment1 Met176 #6 norm,,1.0119492179142,0.12322243271486
Norm,Experiment1 Met176 #7 norm,,1.00025625687948,0.104837049051247
Norm,Experiment1 Met176 #8 norm,,1.01767597786965,0.132596311870995
Norm,Experiment1 SAM #1 norm,,0.984841110316671,0.0115365296393892
Norm,Experiment1 SAM #2 norm,,0.981117089017874,0.0119740788361229
Norm,Experiment1 SAM #3 norm,,0.981587871824693,0.0136297685766764
Norm,Experiment1 SAM #4 norm,,1.03157524038041,0.0242689520429895
Norm,Experiment1 SAM #5 norm,,1.01634060636301,0.0382418076203343
Norm,Experiment1 SAM #6 norm,,1.01250971224348,0.0662156551559938
Norm,Experiment1 SAM #7 norm,,0.989609844091966,0.0918283823658193
Norm,Experiment1 SAM #8 norm,,0.99960852064155,0.0818462870814466
Norm,Experiment1 CIT465 #1 norm,,0.979835670788361,0.0116911249852365
Norm,Experiment1 CIT465 #2 norm,,0.99335504708675,0.0132569694110356
Norm,Experiment1 CIT465 #3 norm,,0.990899548333925,0.0114153343454796
Norm,Experiment1 CIT465 #4 norm,,0.95846573046468,0.0161266996229401
Norm,Experiment1 CIT465 #5 norm,,0.975618343038679,0.0133077273751893
Norm,Experiment1 CIT465 #6 norm,,1.03468824165321,0.0131506715354913
Norm,Experiment1 CIT465 #7 norm,,0.965548325648451,0.0117075125821977
Norm,Experiment1 CIT465 #8 norm,,1.00954455625645,0.0134285144461032
Norm,Experiment1 MAL335 #1 norm,,1.04949441028381,0.0129958694375203
Norm,Experiment1 MAL335 #2 norm,,0.986375571920709,0.0111448648788798
Norm,Experiment1 MAL335 #3 norm,,0.983304391532811,0.0104781314677785
Norm,Experiment1 MAL335 #4 norm,,0.973936684547969,0.0142860415797959
Norm,Experiment1 MAL335 #5 norm,,0.951994080465693,0.0140671503074549
Norm,Experiment1 MAL335 #6 norm,,0.991820553304421,0.0138372587961944
Norm,Experiment1 MAL335 #7 norm,,0.981524391982192,0.0203455773016179
Norm,Experiment1 MAL335 #8 norm,,1.01037846708607,0.0371214487077774
Norm,Experiment1 ASP334 #1 norm,,0.97453048360565,0.0231352088152549
Norm,Experiment1 ASP334 #2 norm,,0.97566004239763,0.0310450412002747
Norm,Experiment1 ASP334 #3 norm,,0.963437841275899,0.0192579503508022
Norm,Experiment1 ASP334 #4 norm,,0.9808627792078,0.016844185220322
Norm,Experiment1 ASP334 #5 norm,,0.954839256672563,0.0260336922478522
Norm,Experiment1 ASP334 #6 norm,,0.964910834647617,0.0297601484922107
Norm,Experiment1 ASP334 #7 norm,,0.996714429911752,0.0306961610060313
Norm,Experiment1 ASP334 #8 norm,,0.951250237681422,0.0956251715868755
Norm,Experiment1 GLU348 #1 norm,,1.00421588693442,0.0209721254566082
Norm,Experiment1 GLU348 #2 norm,,0.932980570788215,0.0190373610519805
Norm,Experiment1 GLU348 #3 norm,,1.00326749131181,0.0114928169200449
Norm,Experiment1 GLU348 #4 norm,,0.963188390745691,0.0346931161976393
Norm,Experiment1 GLU348 #5 norm,,0.971636231661665,0.0227498208126346
Norm,Experiment1 GLU348 #6 norm,,0.970996659504343,0.0124933462890988
Norm,Experiment1 GLU348 #7 norm,,0.976939146720957,0.0137670128086061
Norm,Experiment1 GLU348 #8 norm,,0.990538939105523,0.0173603540236129
Norm,Experiment1 THR320 #1 norm,,1.03360444152571,0.0106794643707525
Norm,Experiment1 THR320 #2 norm,,1.00877161508423,0.0144707037007111
Norm,Experiment1 THR320 #3 norm,,0.970794792469709,0.0102446909528336
Norm,Experiment1 THR320 #4 norm,,0.966749436893095,0.0294866740245541
Norm,Experiment1 THR320 #5 norm,,0.996726646299149,0.0204926635440519
Norm,Experiment1 THR320 #6 norm,,0.946704799380239,0.0109511902960729
Norm,Experiment1 THR320 #7 norm,,0.992448428426349,0.0141908876605889
Norm,Experiment1 THR320 #8 norm,,0.938252232467016,0.0255077818203299
Norm,Experiment1 ALA116 #1 norm,,0.987177188338267,0.00998797417741764
Norm,Experiment1 ALA116 #2 norm,,1.00329213232968,0.0101859620266009
Norm,Experiment1 ALA116 #3 norm,,0.983880510638371,0.0177231370772446
Norm,Experiment1 ALA116 #4 norm,,0.983282596855937,0.0185348852713468
Norm,Experiment1 ALA116 #5 norm,,0.763595270258053,0.0797861014747312
Norm,Experiment1 ALA116 #6 norm,,0.702075823439371,0.0730084061499812
Norm,Experiment1 ALA116 #7 norm,,0.376516892025672,0.0537289445302169
Norm,Experiment1 ALA116 #8 norm,,0.48653154655185,0.0959176640112274
Norm,Experiment1 PYR #1 norm,,0.972021556490314,0.0167997061776315
Norm,Experiment1 PYR #2 norm,,0.996364299469969,0.393023702251003
Norm,Experiment1 PYR #3 norm,,1.00491994097311,0.105127453928185
Norm,Experiment1 PYR #4 norm,,1.07713659487141,0.0441952778483763
Norm,Experiment1 PYR #5 norm,,1.08493053484303,0.0571511240184531
Norm,Experiment1 PYR #6 norm,,1.01118021872801,0.0549977600123465
Norm,Experiment1 PYR #7 norm,,0.944086643733165,0.079390147695085
Norm,Experiment1 PYR #8 norm,,0.978543610450341,0.067112559285628
