type,id,eqn,val,std
Net flux,CO2.t,CO2.t -> CO2,46.9778445950873,1.09650461214069
Net flux,CO2_sink,dummy -> Sink,46.9778445950873,1.09650461214069
Net flux,RUBICSO_CO2,RUBP.p + CO2 -> 3PGA.p + 3PGA.p + dummy,57.6264427046486,1.18604267271354
Net flux,GAPDH.p net,3PGA.p <-> TP.p,139.230479852545,2.66553715789779
Exch flux,GAPDH.p exch,3PGA.p <-> TP.p,4.29732927660977,1.43743254352734
Net flux,ALD,TP.p + E4P.p -> SBP,25.5235438042222,0.479146139108778
Net flux,SBP,SBP -> S7P.p,25.5235438042222,0.479146139108778
Net flux,FBA.p net,TP.p + TP.p <-> FBP.p,29.7552662081544,0.649779525515952
Exch flux,FBA.p exch,TP.p + TP.p <-> FBP.p,21954.7653665166,3579.01219477996
Net flux,PFK.p net,FBP.p <-> F6P.p,29.7552662081575,0.649779525515952
Exch flux,PFK.p exch,FBP.p <-> F6P.p,9.99995535266862e-08,4.40350680039041e-13
Net flux,TK1 net,TP.p + EC2 <-> X5P.p,51.0470876084444,0.958292278217556
Exch flux,TK1 exch,TP.p + EC2 <-> X5P.p,1.00000026037605e-07,0
Net flux,TK2 net,S7P.p <-> R5P.p + EC2,25.5235438042222,0.479146139108778
Exch flux,TK2 exch,S7P.p <-> R5P.p + EC2,41.0757079636055,3826.56316459748
Net flux,TK3 net,F6P.p <-> E4P.p + EC2,25.5235438042237,0.479146139108778
Exch flux,TK3 exch,F6P.p <-> E4P.p + EC2,8393.38820567151,4162.97919710479
Net flux,PPE net,X5P.p <-> RU5P.p,51.0470876084443,0.958292278217556
Exch flux,PPE exch,X5P.p <-> RU5P.p,126.057161042629,4151.17516362813
Net flux,PPI net,R5P.p <-> RU5P.p,25.5235438042222,0.479146139108778
Exch flux,PPI exch,R5P.p <-> RU5P.p,254.984127615647,3867.52433481821
Net flux,PRK,RU5P.p -> RUBP.p,76.5706314126667,1.43743841725161
Net flux,RUBISCO_O2,RUBP.p -> 3PGA.p + 2PG.p,18.9441887080181,0.594208657087758
Net flux,GLYdil net,GLY.p <-> GLY.x + dummyGLY,0.0080228825700388,0.00103221786822811
Exch flux,GLYdil exch,GLY.p <-> GLY.x + dummyGLY,0.678808253593765,0.120864402336701
Net flux,SERdil net,SER.p <-> SER.x + dummySER,2.98874341865488,0.492336518557874
Exch flux,SERdil exch,SER.p <-> SER.x + dummySER,9.9999788005789e-08,3.10262095187928e-12
Net flux,GK,GA.p -> 3PGA.p,5.36915431650283,0.507540269182664
Net flux,PGI.p net,F6P.p <-> G6P.p,4.231722403935,0.338095176311659
Exch flux,PGI.p exch,F6P.p <-> G6P.p,9.99982994187576e-08,3852.91408086198
Net flux,PGM.p,G6P.p -> ADPG.p,4.23172240393501,0.338095176311659
Net flux,Starch,ADPG.p -> Starch,4.23172240393498,0.338095176311659
Net flux,FBA.c net,TP.c + TP.c <-> FBP.c,1.57465801178115,0.202594281687461
Exch flux,FBA.c exch,TP.c + TP.c <-> FBP.c,20.7151127597623,4113.97004905384
Net flux,PFK.c net,FBP.c <-> F6P.c,1.57465801178116,0.202594281687461
Exch flux,PFK.c exch,FBP.c <-> F6P.c,5.36885137370963,3722.59661363984
Net flux,PGI.c net,F6P.c <-> G6P.c,0.787329005890598,0.101297140843731
Exch flux,PGI.c exch,F6P.c <-> G6P.c,227.407255003106,4067.60185541944
Net flux,PGM.c net,G6P.c <-> UDPG.c,0.787329005885113,0.101297140843731
Exch flux,PGM.c exch,G6P.c <-> UDPG.c,48481.4322891065,2459.86939966264
Net flux,SPS,F6P.c + UDPG.c -> S6P,0.787329005890545,0.101297140843731
Net flux,PGAM.c net,3PGA.c <-> PEP.c,0.335748581271486,0.0431971529145518
Exch flux,PGAM.c exch,3PGA.c <-> PEP.c,1.00000950853385e-07,4.36720435916066e-13
Net flux,PK.c,PEP.c -> PYR.c,0.152403275670543,0.0196080875709355
Net flux,PDH,PYR.c + dummy -> ACA + CO2,0.126838702848959,0.0163189693841388
Net flux,CS,OAA + ACA -> CIT,0.126838702848955,0.0163189693841388
Net flux,ACO net,CIT <-> ICI,0.126838702849,0.0163189693841388
Exch flux,ACO exch,CIT <-> ICI,2745.87989416809,4339.79797470356
Net flux,IDH,ICI + dummy -> AKG + CO2,0.126838702848972,0.0163189693841388
Net flux,MDH net,MAL <-> OAA,2.1316282072803e-14,0
Exch flux,MDH exch,MAL <-> OAA,0.415384809196532,0.115955114540677
Net flux,PPC,PEP.c + CO2 -> OAA + dummy,0.18334530560137,0.0235890652489232
Net flux,T_3PGA net,3PGA.p <-> 3PGA.c,0.335748581271467,0.0431971529145518
Exch flux,T_3PGA exch,3PGA.p <-> 3PGA.c,1.0000000116861e-07,0
Net flux,T_DHAP net,TP.p <-> TP.c,3.14931602356234,0.405188563374922
Exch flux,T_DHAP exch,TP.p <-> TP.c,9.99999998363421e-08,0
Net flux,ALT,PYR.c -> ALA.c,0.0255645728212681,0.0032891181636671
Net flux,ASPT,OAA -> ASP,0.0565066027527361,0.00727009579624198
Net flux,GLUDH,AKG -> GLU,0.126838702848949,0.0163189693841388
Net flux,PCR net,GLU <-> PRO,-2.48689957516035e-14,0
Exch flux,PCR exch,GLU <-> PRO,0.020718045661603,4030.12398015199
Net flux,GS net,GLU <-> GLN,0,0
Exch flux,GS exch,GLU <-> GLN,1.0000000116861e-07,0
Net flux,TS net,ASP <-> THR,0,0
Exch flux,TS exch,ASP <-> THR,1.0000000116861e-07,0
Net flux,AS net,ASP <-> ASN,1.06581410364015e-14,0
Exch flux,AS exch,ASP <-> ASN,2.4989427060973e-07,5.96146025511945e-14
Net flux,G_3PGA.p,0*3PGA.p -> 3PGA,2.46866297004544e-06,6058.69662532983
Net flux,G_3PGA.c,0*3PGA.c -> 3PGA,92.9119081389561,4197.50655270547
Net flux,G_DHAP.p,0*TP.p -> TP,40.685379842242,5820.22848320414
Net flux,G_DHAP.c,0*TP.c -> TP,51.8471856996947,3845.29791549667
Net flux,G_F6P.p,0*F6P.p -> F6P,48.6686345030749,6018.80185938103
Net flux,G_F6P.c,0*F6P.c -> F6P,36.546576817712,4139.7140341708
Net flux,G_FBP.p,0*FBP.p -> FBP,2.46866129316459e-06,6007.0093706765
Net flux,G_FBP.c,0*FBP.c -> FBP,83.4512310519445,4122.54994410225
Net flux,G_G6P.p,0*G6P.p -> G6P,19.0549768397257,5899.27228917084
Net flux,G_G6P.c,0*G6P.c -> G6P,58.8549499993083,3963.92103907245
Net flux,G_RU5P.p,0*RU5P.p -> P5P,2.4686537116736e-06,5852.42003795702
Net flux,G_X5P.p,0*X5P.p -> P5P,92.8477691502675,3893.85114801569
Net flux,G_R5P.p,0*R5P.p -> R5P,82.2810779884949,3982.54538124328
Net flux,G_GA.p,0*GA.p -> GA,38.2001420616352,1.32114107043926
Net flux,G_SER.p,0*SER.p -> SER,86.7108171141285,1.58080910917952
Net flux,G_GLY.p,0*GLY.p -> GLY,13.2949798642342,4036.74069630169
Net flux,G_RUBP.p,0*RUBP.p -> RUBP,92.5302752673063,2861.86373406531
Net flux,G_S7P.p,0*S7P.p -> S7P,98.4567310636212,4369.06666666667
Net flux,G_2PG.p,0*2PG.p -> 2PG,87.0427532706349,4369.06666666667
Net flux,G_ADPG.p,0*ADPG.p -> ADPG,95.0805622183377,4369.06666666667
Net flux,G_PEP.c,0*PEP.c -> PEP,89.2305410445615,4369.06666666667
Net flux,G_UDPG.c,0*UDPG.c -> UDPG,72.4268033045549,4369.06666666667
Net flux,G_ALA.c,0*ALA.c -> ALA,70.2347754483559,5.64027929062573
Net flux,(1-G)_GA,0*GA.x -> GA,61.7998579383668,1.32114107043926
Net flux,(1-G)_SER,0*SER.x -> SER,13.2891826858711,1.58080910917952
Net flux,(1-G)_GLY,0*GLY.x -> GLY,35.5704504933401,2.42047931559682
Net flux,(1-G)_R5P,0*R5P.x -> R5P,17.718922011502,3982.54538124328
Net flux,(1-G)_RUBP,0*RUBP.x -> RUBP,7.46972473269241,2861.86373406531
Net flux,(1-G)_3PGA,0*3PGA.x -> 3PGA,7.08808939238126,4369.06666666667
Net flux,(1-G)_TP,0*TP.x -> TP,7.46743445806383,4369.06666666667
Net flux,(1-G)_F6P,0*F6P.x -> F6P,14.7847886792169,4369.06666666667
Net flux,(1-G)_FBP,0*FBP.x -> FBP,16.5487664793889,4369.06666666667
Net flux,(1-G)_G6P,0*G6P.x -> G6P,22.0900731609643,4369.06666666667
Net flux,(1-G)_RU5P,0*RU5P.x -> P5P,7.15222838108018,4369.06666666667
Net flux,(1-G)_S7P,0*S7P.x -> S7P,1.54326893637677,4369.06666666667
Net flux,(1-G)_2PG,0*2PG.x -> 2PG,12.9572467293675,4369.06666666667
Net flux,(1-G)_ADPG,0*ADPG.x -> ADPG,4.91943778166132,4369.06666666667
Net flux,(1-G)_PEP,0*PEP.x -> PEP,10.7694589554367,4369.06666666667
Net flux,(1-G)_UDPG,0*UDPG.x -> UDPG,27.5731966954463,4369.06666666667
Net flux,(1-G)_ALA,0*ALA.x -> ALA,29.7652245516439,5.64027929062573
Net flux,PGASink,3PGA -> Sink,100,0
Net flux,DHAPSink,TP -> Sink,100.000000000001,0
Net flux,F6PSink,F6P -> Sink,100.000000000004,0
Net flux,FBPSink,FBP -> Sink,99.9999999999947,0
Net flux,G6PSink,G6P -> Sink,99.9999999999983,0
Net flux,P5PSink,P5P -> Sink,100.000000000001,0
Net flux,R5PSink,R5P -> Sink,99.9999999999968,0
Net flux,GASink,GA -> Sink,100.000000000002,0
Net flux,SERSink,SER -> Sink,99.9999999999996,0
Net flux,GLYSink,GLY -> Sink,100.000000000001,0
Net flux,RUBPSink,RUBP -> Sink,99.9999999999987,0
Net flux,S7PSink,S7P -> Sink,99.9999999999979,0
Net flux,2PGSink,2PG -> Sink,100.000000000002,0
Net flux,ADPGSink,ADPG -> Sink,99.999999999999,0
Net flux,PEPSink,PEP -> Sink,99.9999999999983,0
Net flux,UDPGSink,UDPG -> Sink,100.000000000001,0
Net flux,ALASink,ALA -> Sink,99.9999999999998,0
Net flux,S6Pout-LL,S6P + 0.1611*GLU + 0.07177*ASP + 0.03247*ALA.c + 0.01019*dummyGLY + 0.03484*dummySER -> Sink,0.78732900589058,0.101297140843731
Net flux,PGP.p,2PG.p -> Glyc.p,18.9441887080181,0.594208657087758
Net flux,GOX,Glyc.p -> Glyx.p,18.9441887080181,0.594208657087758
Net flux,GGT,Glyx.p -> GLY.p,18.9441887080181,0.594208657087758
Net flux,SGAT,SER.p -> HPA.p,5.36915431650281,0.507540269182664
Net flux,HPR.p,HPA.p -> GA.p,5.36915431650281,0.507540269182664
Net flux,T_GLY-m net,GLY.p <-> GLY.m,18.9364274739637,3784.80203012938
Exch flux,T_GLY-m exch,GLY.p <-> GLY.m,289355.170677384,3142.51650215484
Net flux,GDC.m,GLY.m + dummy -> myTHF.m + CO2,10.5782660094651,0.442413729229357
Net flux,T_SER-m net,SER.p <-> SER.m,-10.5782660094651,0.442413729229357
Exch flux,T_SER-m exch,SER.p <-> SER.m,9.99999874018442e-08,1.12615588567591e-13
Net flux,mSHMT,GLY.m + myTHF.m -> SER.m,10.5782660094651,0.442413729229357
Net flux,T_SER-c net,SER.p <-> SER.c,2.22036827430737,0.755708540250338
Exch flux,T_SER-c exch,SER.p <-> SER.c,1.00000000280431e-07,1.23656032954638e-12
Net flux,T_Gly-c net,GLY.p <-> GLY.c,-0.000261648536258541,3784.80198346983
Exch flux,T_Gly-c exch,GLY.p <-> GLY.c,9.99999998363421e-08,0
Net flux,cSHMT,SER.c -> GLY.c + meTHF.c,2.22036817430738,0.755708540295862
Net flux,FmTHF-reductase net,meTHF.c <-> FmTHF.c,2.22036817430738,0.755708540295862
Exch flux,FmTHF-reductase exch,meTHF.c <-> FmTHF.c,6.79335758281954,3987.28976427937
Net flux,Met-synthase,FmTHF.c + Hcy.c -> Met.c,2.22036817430736,0.755708540295862
Net flux,SAM-synthase,Met.c -> SAM.c,2.22036817430737,0.755708540295862
Net flux,Methylation,SAM.c -> SAH.c + Acceptor.c,2.22036817430736,0.755708540295862
Net flux,hydrolysis,SAH.c -> Hcy.c,2.22036817430736,0.755708540295862
Net flux,G_SER.m,0*SER.m -> SER,1.0000000116861e-07,2.7420392441863e-14
Net flux,G_SER.c,0*SER.c -> SER,1.0000000116861e-07,1.21923770205061e-13
Net flux,G_Gly.m,0*GLY.m -> GLY,0.0028286800796451,4036.73926344655
Net flux,G_Gly.c,0*GLY.c -> GLY,51.1317409623473,4.61025710608886
Net flux,T_GLY-c-m,GLY.c -> GLY.m,2.22010454494588,3784.80205891647
Net flux,G_Glyc,0*Glyc.p -> Glyc,18.7235706801661,1.12736960749917
Net flux,G_Glyx,0*Glyx.p -> Glyx,13.987106559663,2.07913199134568
Net flux,G_HPA,0*HPA.p -> HPA,5.07558991426326,1.21770622834109
Net flux,(1-G)_Glyc,0*Glyc.x -> Glyc,81.2764293198345,1.12736960749917
Net flux,(1-G)_Glyx,0*Glyx.x -> Glyx,86.0128934403379,2.07913199134568
Net flux,(1-G)_HPA,0*HPA.x -> HPA,94.9244100857366,1.21770622834109
Net flux,GlycSink,Glyc -> Sink,100.000000000001,0
Net flux,GlyxSink,Glyx -> Sink,100.000000000001,0
Net flux,HPASink,HPA -> Sink,99.9999999999998,0
Net flux,SERex,dummySER -> outSER,2.96131035191308,0.492888257020091
Net flux,G_PYR,0*PYR.c -> PYR,31.617535901239,1.7857885876324
Net flux,(1-G)_PYR,0*PYR.x -> PYR,68.3824640987612,1.7857885876324
Net flux,PYRSink,PYR -> Sink,100,0
Net flux,G_meTHF,0*meTHF.c -> meTHF,87.7858755885691,3.62258747001266
Net flux,G_FmTHF,0*FmTHF.c -> FmTHF,70.799208129559,2.37644254763076
Net flux,G_Met,0*Met.c -> Met,51.9568108109052,3.69537419013051
Net flux,G_SAM,0*SAM.c -> SAM,68.8148387214744,4.49226712440032
Net flux,(1-G)_meTHF,0*meTHF.x -> meTHF,12.2141244114308,3.62258747001266
Net flux,(1-G)_FmTHF,0*FmTHF.x -> FmTHF,29.2007918704411,2.37644254763076
Net flux,(1-G)_Met,0*Met.x -> Met,48.0431891890948,3.69537419013051
Net flux,(1-G)_SAM,0*SAM.x -> SAM,31.1851612785257,4.49226712440032
Net flux,meTHFSink,meTHF -> Sink,99.9999999999999,0
Net flux,FmTHFSink,FmTHF -> Sink,100,0
Net flux,MetSink,Met -> Sink,100,0
Net flux,SAMsink,SAM -> Sink,100,0
Net flux,Met-protein,Met.c -> Protein,6.51983996113883e-15,0
Net flux,GLY-protein,GLY.c -> Protein,1.98082527091969e-06,2.24185633511553e-13
Net flux,SER-protein,SER.c -> Protein,9.99999976158961e-08,7.39121305737825e-13
Pool,2PG pool,,0,0
Pool,2PG.p pool,,1e-07,0
Pool,2PG.x pool,,1,Inf
Pool,3PGA pool,,0,0
Pool,3PGA.c pool,,1.00000000000057e-07,0
Pool,3PGA.p pool,,1.05499426748226e-07,3742.5373645509
Pool,3PGA.x pool,,1,Inf
Pool,ACA pool,,1e-07,0
Pool,ADPG pool,,0,0
Pool,ADPG.p pool,,9.9999999999999e-08,Inf
Pool,ADPG.x pool,,1,Inf
Pool,AKG pool,,1.55444652864394e-07,4035.80423434974
Pool,ALA pool,,0,0
Pool,ALA.c pool,,0.00633686668853918,0.00159743070863912
Pool,ALA.x pool,,1,Inf
Pool,ASN pool,,7566.06819211506,4006.10781295167
Pool,ASP pool,,9.99999999999999e-08,0
Pool,Acceptor.c pool,,1,Inf
Pool,CIT pool,,3.13669484640096,1.13421299090129
Pool,CO2 pool,,3.82446128076871e-07,3816.21122317041
Pool,CO2.t pool,,1,Inf
Pool,E4P.p pool,,0,0
Pool,EC2 pool,,0,0
Pool,F6P pool,,0,0
Pool,F6P.c pool,,3.82970467818764e-06,4006.25808057693
Pool,F6P.p pool,,1.15873777714372e-07,3898.38214290261
Pool,F6P.x pool,,1,Inf
Pool,FBP pool,,0,0
Pool,FBP.c pool,,3.82966128480601e-06,3906.04688768764
Pool,FBP.p pool,,1e-07,0
Pool,FBP.x pool,,1,Inf
Pool,FmTHF pool,,1e-07,0
Pool,FmTHF.c pool,,1e-07,0
Pool,FmTHF.x pool,,1,Inf
Pool,G6P pool,,0,0
Pool,G6P.c pool,,9.87484510151014e-06,3807.07714377317
Pool,G6P.p pool,,2.9499899542678e-06,4028.58864580703
Pool,G6P.x pool,,1,Inf
Pool,GA pool,,0,0
Pool,GA.p pool,,1e-07,0
Pool,GA.x pool,,1,Inf
Pool,GLN pool,,9.09990858681395,3989.77382037913
Pool,GLU pool,,1.79883262456247e-07,3848.41736222334
Pool,GLY pool,,0,0
Pool,GLY.c pool,,1.00000000002876e-07,1.27348062603661e-13
Pool,GLY.m pool,,0.244256842417557,0.0600864059300965
Pool,GLY.p pool,,0.000403678905891336,4073.66261433395
Pool,GLY.x pool,,1,Inf
Pool,Glyc pool,,3.9210121653429,1.07570242243703
Pool,Glyc.p pool,,1e-07,0
Pool,Glyc.x pool,,1,Inf
Pool,Glyx pool,,17.7511062397265,6.72434626561411
Pool,Glyx.p pool,,1e-07,0
Pool,Glyx.x pool,,1,Inf
Pool,HPA pool,,9.48469870966302e-06,3987.77849091286
Pool,HPA.p pool,,1e-07,0
Pool,HPA.x pool,,1,Inf
Pool,Hcy.c pool,,1,Inf
Pool,ICI pool,,0.00166123004713564,4159.48603383167
Pool,MAL pool,,0.403930929497801,0.0993084001216748
Pool,Met pool,,1.15047483988003e-06,3950.73904847898
Pool,Met.c pool,,1e-07,0
Pool,Met.x pool,,1,Inf
Pool,OAA pool,,0.146697255929517,0.0329664109203064
Pool,P5P pool,,0,0
Pool,PEP pool,,0,0
Pool,PEP.c pool,,0.00645801970372289,0.00366592742471503
Pool,PEP.x pool,,1,Inf
Pool,PRO pool,,217.979411291117,4055.96702597123
Pool,PYR pool,,1.00000000058387e-07,0
Pool,PYR.c pool,,0.00529859964995179,0.00233754804999629
Pool,PYR.x pool,,1,Inf
Pool,Protein pool,,1,Inf
Pool,R5P pool,,0,0
Pool,R5P.p pool,,1e-07,0
Pool,R5P.x pool,,1,Inf
Pool,RU5P.p pool,,1e-07,0
Pool,RU5P.x pool,,1,Inf
Pool,RUBP pool,,0,0
Pool,RUBP.p pool,,1e-07,0
Pool,RUBP.x pool,,1,Inf
Pool,S6P pool,,1,Inf
Pool,S7P pool,,0,0
Pool,S7P.p pool,,1e-07,0
Pool,S7P.x pool,,1,Inf
Pool,SAH.c pool,,1,Inf
Pool,SAM pool,,6.05380126574889,4.47874478607322
Pool,SAM.c pool,,0.0204282969359352,0.0640421378658399
Pool,SAM.x pool,,1,Inf
Pool,SBP pool,,0,0
Pool,SER pool,,0,0
Pool,SER.c pool,,1.00000000002876e-07,0
Pool,SER.m pool,,1.27743468798831,0.0932822887089017
Pool,SER.p pool,,1.00000000002876e-07,1.30140329863716e-13
Pool,SER.x pool,,1,Inf
Pool,Sink pool,,1,Inf
Pool,Starch pool,,1,Inf
Pool,THR pool,,3887.44197258129,4230.29659608059
Pool,TP pool,,0,0
Pool,TP.c pool,,4.18762147345086e-06,3975.67081115904
Pool,TP.p pool,,1.50952551413966e-07,4061.60966640759
Pool,TP.x pool,,1,Inf
Pool,UDPG pool,,0,0
Pool,UDPG.c pool,,0.162700422319466,4033.66064581384
Pool,UDPG.x pool,,1,Inf
Pool,X5P.p pool,,1e-07,0
Pool,dummy pool,,1,Inf
Pool,dummyGLY pool,,1,Inf
Pool,dummySER pool,,1,Inf
Pool,meTHF pool,,3.46010390939843,1.51368297932048
Pool,meTHF.c pool,,1e-07,0
Pool,meTHF.x pool,,1,Inf
Pool,myTHF.m pool,,1e-07,0
Pool,outSER pool,,1,Inf
Norm,Experiment1 Glyc205 #1 norm,,0.965393921279191,0.0128324532456274
Norm,Experiment1 Glyc205 #2 norm,,1.00037710813146,0.0248433905974206
Norm,Experiment1 Glyc205 #3 norm,,1.00010082284622,0.0222707604595644
Norm,Experiment1 Glyc205 #4 norm,,0.962079692532414,0.0307606574162509
Norm,Experiment1 Glyc205 #5 norm,,1.03336426241799,0.0347607834797983
Norm,Experiment1 Glyc205 #6 norm,,1.0398767042574,0.0281041621963599
Norm,Experiment1 Glyc205 #7 norm,,0.976534079066306,0.0348774366715262
Norm,Experiment1 Glyc205 #8 norm,,0.950958794819405,0.0283664893350354
Norm,Experiment1 Glyx160 #1 norm,,0.96328029123841,0.0105686607273489
Norm,Experiment1 Glyx160 #2 norm,,0.989190049879302,0.0133711608925763
Norm,Experiment1 Glyx160 #3 norm,,0.944757234050918,0.0170542242510494
Norm,Experiment1 Glyx160 #4 norm,,0.990126814172416,0.015094735295585
Norm,Experiment1 Glyx160 #5 norm,,0.997999026198397,0.0362471369428222
Norm,Experiment1 Glyx160 #6 norm,,1.01602464135156,0.0204683734657246
Norm,Experiment1 Glyx160 #7 norm,,0.961256645149538,0.0374314218816942
Norm,Experiment1 Glyx160 #8 norm,,0.997294970753191,0.0397767721482774
Norm,Experiment1 GLY276 #1 norm,,1.01408938797309,0.0102452620867635
Norm,Experiment1 GLY276 #2 norm,,0.994793913667745,0.0234862929998912
Norm,Experiment1 GLY276 #3 norm,,0.970647372994346,0.0446626233281198
Norm,Experiment1 GLY276 #4 norm,,1.00485586453394,0.0627079293396303
Norm,Experiment1 GLY276 #5 norm,,1.01080513874119,0.12865446813626
Norm,Experiment1 GLY276 #6 norm,,0.927573587218485,0.0896236837379728
Norm,Experiment1 GLY276 #7 norm,,1.0381728453207,0.0609497276859971
Norm,Experiment1 GLY276 #8 norm,,0.953935164336851,0.0718453843601885
Norm,Experiment1 HPA262 #1 norm,,0.988325864866639,0.0109509648662517
Norm,Experiment1 HPA262 #2 norm,,0.951110186885585,0.0272539668407363
Norm,Experiment1 HPA262 #3 norm,,0.999673181662947,0.0135554857983615
Norm,Experiment1 HPA262 #4 norm,,0.945675529714747,0.0365428991994719
Norm,Experiment1 HPA262 #5 norm,,0.967703955164372,0.022812006925531
Norm,Experiment1 HPA262 #6 norm,,0.878362429786421,0.0306266041661779
Norm,Experiment1 HPA262 #7 norm,,0.966691573557747,0.0244993698406518
Norm,Experiment1 HPA262 #8 norm,,1.05568499820982,0.0248721721722111
Norm,Experiment1 GA307 #1 norm,,1.00266123381893,0.0123311804143301
Norm,Experiment1 GA307 #2 norm,,0.964851748900155,0.029465783031032
Norm,Experiment1 GA307 #3 norm,,0.95577298881227,0.0312492059193555
Norm,Experiment1 GA307 #4 norm,,1.01908778950751,0.0197536791971785
Norm,Experiment1 GA307 #5 norm,,0.940374843061715,0.0541460662031201
Norm,Experiment1 GA307 #6 norm,,1.04255529103778,0.0406763519648553
Norm,Experiment1 GA307 #7 norm,,1.00464879855968,0.0465861766272034
Norm,Experiment1 GA307 #8 norm,,0.998752972999443,0.0374970635705673
Norm,Experiment1 SER306 #1 norm,,1.00790458915628,0.0146541863111297
Norm,Experiment1 SER306 #2 norm,,0.983645393628525,0.0154459420711119
Norm,Experiment1 SER306 #3 norm,,0.987832835154963,0.0406991736550359
Norm,Experiment1 SER306 #4 norm,,0.958769958670512,0.0424252022612022
Norm,Experiment1 SER306 #5 norm,,1.07207291518351,0.0985489825594007
Norm,Experiment1 SER306 #6 norm,,0.912763934525067,0.0594936805797878
Norm,Experiment1 SER306 #7 norm,,1.00845280701997,0.0437158318620362
Norm,Experiment1 SER306 #8 norm,,0.968780180118499,0.0493534670393864
Norm,Experiment1 meTHF #1 norm,,1.00505731719878,0.0101481409794903
Norm,Experiment1 meTHF #2 norm,,0.998892497861179,0.0101025471009866
Norm,Experiment1 meTHF #3 norm,,0.957464315080819,0.0562247164555314
Norm,Experiment1 meTHF #4 norm,,1.02934764859821,0.051978509194328
Norm,Experiment1 meTHF #5 norm,,1.00437460501723,0.106453382877961
Norm,Experiment1 meTHF #6 norm,,1.00820193831993,0.112602894969034
Norm,Experiment1 meTHF #7 norm,,1.01595180686879,0.0600869705209632
Norm,Experiment1 meTHF #8 norm,,0.928192183640348,0.0856709215337783
Norm,Experiment1 FmTHF #1 norm,,0.995898415491481,0.0100202163507782
Norm,Experiment1 FmTHF #2 norm,,1.00737444742206,0.0243997359203719
Norm,Experiment1 FmTHF #3 norm,,0.987622527933517,0.0307172793848398
Norm,Experiment1 FmTHF #4 norm,,1.00053393828242,0.0228894586440732
Norm,Experiment1 FmTHF #5 norm,,0.965209409589622,0.0536590024580652
Norm,Experiment1 FmTHF #6 norm,,1.00649025984875,0.0615719274817616
Norm,Experiment1 FmTHF #7 norm,,0.991944451099823,0.0523456759059234
Norm,Experiment1 FmTHF #8 norm,,1.10554977080996,0.108929934194366
Norm,Experiment1 Met176 #1 norm,,0.97424514824756,0.0244346072676507
Norm,Experiment1 Met176 #2 norm,,0.903837479385663,0.031848461503428
Norm,Experiment1 Met176 #3 norm,,0.932737333898068,0.0556363982034875
Norm,Experiment1 Met176 #4 norm,,1.00610918647807,0.0383318444985445
Norm,Experiment1 Met176 #5 norm,,0.962473858741809,0.0728846750900141
Norm,Experiment1 Met176 #6 norm,,1.05061200594757,0.142296468391733
Norm,Experiment1 Met176 #7 norm,,0.989745115220343,0.126787864484179
Norm,Experiment1 Met176 #8 norm,,1.00196285439351,0.104497572161261
Norm,Experiment1 SAM #1 norm,,1.0050763686724,0.0118372044890726
Norm,Experiment1 SAM #2 norm,,0.964980864556764,0.0116621846099368
Norm,Experiment1 SAM #3 norm,,1.01895287853759,0.0144404213348657
Norm,Experiment1 SAM #4 norm,,1.00123928486413,0.0255735725044731
Norm,Experiment1 SAM #5 norm,,0.982864119630003,0.0370489388621475
Norm,Experiment1 SAM #6 norm,,1.01734405758114,0.0667183305680003
Norm,Experiment1 SAM #7 norm,,1.01585311237947,0.103670042605915
Norm,Experiment1 SAM #8 norm,,0.990504361519303,0.091363493667655
Norm,Experiment1 CIT465 #1 norm,,0.992475409289943,0.0119647306709222
Norm,Experiment1 CIT465 #2 norm,,1.00610356938696,0.0136414969944285
Norm,Experiment1 CIT465 #3 norm,,1.00524662047303,0.0118261162468312
Norm,Experiment1 CIT465 #4 norm,,1.00643113702567,0.01720377973116
Norm,Experiment1 CIT465 #5 norm,,0.948525914853045,0.0133173488794482
Norm,Experiment1 CIT465 #6 norm,,0.990073926119889,0.0124726839384297
Norm,Experiment1 CIT465 #7 norm,,0.99420694477972,0.0129661382173442
Norm,Experiment1 CIT465 #8 norm,,1.0178789330777,0.018391040858306
Norm,Experiment1 MAL335 #1 norm,,0.94587379251797,0.0119280317447165
Norm,Experiment1 MAL335 #2 norm,,0.973832645027983,0.0109635773850553
Norm,Experiment1 MAL335 #3 norm,,0.998295573119738,0.0105459820674548
Norm,Experiment1 MAL335 #4 norm,,0.964302694198814,0.0138916411345441
Norm,Experiment1 MAL335 #5 norm,,0.962315352767081,0.0140410495317402
Norm,Experiment1 MAL335 #6 norm,,0.992363946461637,0.0141868623039758
Norm,Experiment1 MAL335 #7 norm,,0.978584317793128,0.0216361496007418
Norm,Experiment1 MAL335 #8 norm,,0.995993174532498,0.033609492702286
Norm,Experiment1 ASP334 #1 norm,,0.986416663751345,0.0234696460092409
Norm,Experiment1 ASP334 #2 norm,,0.944906944861921,0.029984280401079
Norm,Experiment1 ASP334 #3 norm,,0.970612192308643,0.020486475876339
Norm,Experiment1 ASP334 #4 norm,,1.00568742011722,0.0193035847718234
Norm,Experiment1 ASP334 #5 norm,,0.935034364286376,0.027720278418678
Norm,Experiment1 ASP334 #6 norm,,0.97300796030697,0.0324760949639787
Norm,Experiment1 ASP334 #7 norm,,1.00828625785769,0.0326999973167412
Norm,Experiment1 ASP334 #8 norm,,0.982151894416847,0.0934667036895093
Norm,Experiment1 GLU348 #1 norm,,0.968693475076633,0.0217088510741146
Norm,Experiment1 GLU348 #2 norm,,0.954889808310296,0.0191736096887556
Norm,Experiment1 GLU348 #3 norm,,0.975504019601852,0.0111392677418979
Norm,Experiment1 GLU348 #4 norm,,0.99913170750135,0.0379117442518829
Norm,Experiment1 GLU348 #5 norm,,1.00126682299226,0.024037582229938
Norm,Experiment1 GLU348 #6 norm,,1.00466250061139,0.0130419569970619
Norm,Experiment1 GLU348 #7 norm,,0.98733486954307,0.0145611786282115
Norm,Experiment1 GLU348 #8 norm,,0.948973731122326,0.0193076200508741
Norm,Experiment1 THR320 #1 norm,,0.998331446833911,0.0102655960061323
Norm,Experiment1 THR320 #2 norm,,0.985961498616292,0.0139054666059935
Norm,Experiment1 THR320 #3 norm,,0.975002824983517,0.0101962207053141
Norm,Experiment1 THR320 #4 norm,,0.986570328724073,0.0287592200236234
Norm,Experiment1 THR320 #5 norm,,1.03726119467973,0.0219128669130905
Norm,Experiment1 THR320 #6 norm,,1.00441049394388,0.0115729809916143
Norm,Experiment1 THR320 #7 norm,,0.958488909390539,0.0136212016251431
Norm,Experiment1 THR320 #8 norm,,0.880131420239323,0.0235448486985986
Norm,Experiment1 ALA116 #1 norm,,1.00348208540532,0.0101866326798628
Norm,Experiment1 ALA116 #2 norm,,1.00385857263072,0.0102599415485372
Norm,Experiment1 ALA116 #3 norm,,1.00874161087058,0.0177091885503241
Norm,Experiment1 ALA116 #4 norm,,1.01482314249985,0.0210505170580692
Norm,Experiment1 ALA116 #5 norm,,0.963106983639176,0.109956022680041
Norm,Experiment1 ALA116 #6 norm,,1.04296180946629,0.0949997846782896
Norm,Experiment1 ALA116 #7 norm,,1.01792158355188,0.0624273976983549
Norm,Experiment1 ALA116 #8 norm,,0.953415285547792,0.102504748876183
Norm,Experiment1 PYR #1 norm,,0.983482364915427,0.0172343906012553
Norm,Experiment1 PYR #2 norm,,0.971279637015311,0.0443975950879104
Norm,Experiment1 PYR #3 norm,,1.01765158090543,0.0972875974658926
Norm,Experiment1 PYR #4 norm,,1.0472722036776,0.0440514740027387
Norm,Experiment1 PYR #5 norm,,1.04427955164607,0.0513527460422933
Norm,Experiment1 PYR #6 norm,,1.03119882484267,0.0539091210794706
Norm,Experiment1 PYR #7 norm,,1.02530604818085,0.107101514523842
Norm,Experiment1 PYR #8 norm,,0.976037178077312,0.0578621977377976
