type,id,eqn,val,std
Net flux,CO2.t,CO2.t -> CO2,46.3091616343261,1.12420177942629
Net flux,CO2_sink,dummy -> Sink,46.309161634326,1.12420177942629
Net flux,RUBICSO_CO2,RUBP.p + CO2 -> 3PGA.p + 3PGA.p + dummy,57.2365426971396,1.24725013460662
Net flux,GAPDH.p net,3PGA.p <-> TP.p,136.894612069627,2.72894241040251
Exch flux,GAPDH.p exch,3PGA.p <-> TP.p,1.00000079328311e-07,0.825525125373413
Net flux,ALD,TP.p + E4P.p -> SBP,24.9429371515603,0.494014061674202
Net flux,SBP,SBP -> S7P.p,24.9429371515603,0.494014061674202
Net flux,FBA.p net,TP.p + TP.p <-> FBP.p,29.5771842622271,0.662652145059127
Exch flux,FBA.p exch,TP.p + TP.p <-> FBP.p,18049.7535235175,1839.20208514875
Net flux,PFK.p net,FBP.p <-> F6P.p,29.5771842622302,0.662652145059127
Exch flux,PFK.p exch,FBP.p <-> F6P.p,1.00016009696446e-07,2.29488157157894e-16
Net flux,TK1 net,TP.p + EC2 <-> X5P.p,49.8858743031206,0.988028123348405
Exch flux,TK1 exch,TP.p + EC2 <-> X5P.p,1.0000000116861e-07,0
Net flux,TK2 net,S7P.p <-> R5P.p + EC2,24.9429371515603,0.494014061674202
Exch flux,TK2 exch,S7P.p <-> R5P.p + EC2,37.8465749289394,3140.80311749977
Net flux,TK3 net,F6P.p <-> E4P.p + EC2,24.9429371515598,0.494014061674202
Exch flux,TK3 exch,F6P.p <-> E4P.p + EC2,5186.93377869286,4010.62448444251
Net flux,PPE net,X5P.p <-> RU5P.p,49.8858743031206,0.988028123348405
Exch flux,PPE exch,X5P.p <-> RU5P.p,96.7691713583956,4025.90928376781
Net flux,PPI net,R5P.p <-> RU5P.p,24.9429371515604,0.494014061674202
Exch flux,PPI exch,R5P.p <-> RU5P.p,237.44444571067,3920.44684056102
Net flux,PRK,RU5P.p -> RUBP.p,74.8288114546811,1.48204218502261
Net flux,RUBISCO_O2,RUBP.p -> 3PGA.p + 2PG.p,17.5922687575414,0.596704654790641
Net flux,GLYdil net,GLY.p <-> GLY.x + dummyGLY,0.00741687325052709,0.00132615371056593
Exch flux,GLYdil exch,GLY.p <-> GLY.x + dummyGLY,1.0000000116861e-07,0
Net flux,SERdil net,SER.p <-> SER.x + dummySER,1.04990329334024,1.29449743073026
Exch flux,SERdil exch,SER.p <-> SER.x + dummySER,0.843252150482591,0.953947157670325
Net flux,GK,GA.p -> 3PGA.p,5.13964569297253,0.985147827278915
Net flux,PGI.p net,F6P.p <-> G6P.p,4.63424711067159,0.384482188775759
Exch flux,PGI.p exch,F6P.p <-> G6P.p,3.68080424249081,4062.28441532244
Net flux,PGM.p,G6P.p -> ADPG.p,4.63424711067159,0.384482188775759
Net flux,Starch,ADPG.p -> Starch,4.63424711067157,0.384482188775759
Net flux,FBA.c net,TP.c + TP.c <-> FBP.c,1.45571604524231,0.26028532098561
Exch flux,FBA.c exch,TP.c + TP.c <-> FBP.c,119.882734687874,4026.60421481815
Net flux,PFK.c net,FBP.c <-> F6P.c,1.45571604524233,0.26028532098561
Exch flux,PFK.c exch,FBP.c <-> F6P.c,107.335488381371,3021.86863698581
Net flux,PGI.c net,F6P.c <-> G6P.c,0.727858022621206,0.130142660492805
Exch flux,PGI.c exch,F6P.c <-> G6P.c,314.914377284,3526.29832145415
Net flux,PGM.c net,G6P.c <-> UDPG.c,0.72785802261933,0.130142660492805
Exch flux,PGM.c exch,G6P.c <-> UDPG.c,48715.444365968,2954.59105887824
Net flux,SPS,F6P.c + UDPG.c -> S6P,0.727858022621124,0.130142660492805
Net flux,PGAM.c net,3PGA.c <-> PEP.c,0.310387775166686,0.0554980361504332
Exch flux,PGAM.c exch,3PGA.c <-> PEP.c,4.21197305529068,2954.59105939947
Net flux,PK.c,PEP.c -> PYR.c,0.140891477438721,0.0251917147824368
Net flux,PDH,PYR.c + dummy -> ACA + CO2,0.11725792744433,0.0209659826136951
Net flux,CS,OAA + ACA -> CIT,0.117257927444326,0.0209659826136951
Net flux,ACO net,CIT <-> ICI,0.117257927444371,0.0209659826136951
Exch flux,ACO exch,CIT <-> ICI,1189.7575454934,2954.59105887824
Net flux,IDH,ICI + dummy -> AKG + CO2,0.117257927444343,0.0209659826136951
Net flux,MDH net,MAL <-> OAA,2.1316282072803e-14,0
Exch flux,MDH exch,MAL <-> OAA,0.45697877134679,0.114085725722299
Net flux,PPC,PEP.c + CO2 -> OAA + dummy,0.169496297727483,0.0303063213679965
Net flux,T_3PGA net,3PGA.p <-> 3PGA.c,0.310387775166667,0.0554980361504332
Exch flux,T_3PGA exch,3PGA.p <-> 3PGA.c,1.0000000116861e-07,0
Net flux,T_DHAP net,TP.p <-> TP.c,2.91143209048468,0.52057064197122
Exch flux,T_DHAP exch,TP.p <-> TP.c,145.696554725429,4116.09106352206
Net flux,ALT,PYR.c -> ALA.c,0.0236335499945295,0.00422573218737768
Net flux,ASPT,OAA -> ASP,0.052238370283592,0.00934033874498346
Net flux,GLUDH,AKG -> GLU,0.11725792744432,0.0209659826136951
Net flux,PCR net,GLU <-> PRO,-2.48689957516035e-14,0
Exch flux,PCR exch,GLU <-> PRO,1.0000000116861e-07,0
Net flux,GS net,GLU <-> GLN,0,0
Exch flux,GS exch,GLU <-> GLN,1.00043550332884e-07,0
Net flux,TS net,ASP <-> THR,0,0
Exch flux,TS exch,ASP <-> THR,1.0000000116861e-07,0
Net flux,AS net,ASP <-> ASN,1.06581410364015e-14,0
Exch flux,AS exch,ASP <-> ASN,1.0000000116861e-07,0
Net flux,G_3PGA.p,0*3PGA.p -> 3PGA,2.46866296294002e-06,5247.47494496319
Net flux,G_3PGA.c,0*3PGA.c -> 3PGA,92.9119081394497,3414.13962935512
Net flux,G_DHAP.p,0*TP.p -> TP,40.685379842242,5414.9408315692
Net flux,G_DHAP.c,0*TP.c -> TP,51.8471856996947,3857.70166771191
Net flux,G_F6P.p,0*F6P.p -> F6P,48.6686345030749,5596.3300287739
Net flux,G_F6P.c,0*F6P.c -> F6P,36.546576817712,3904.83728030669
Net flux,G_FBP.p,0*FBP.p -> FBP,2.46866127895373e-06,5534.0955529152
Net flux,G_FBP.c,0*FBP.c -> FBP,83.4512310460203,3814.22064973209
Net flux,G_G6P.p,0*G6P.p -> G6P,19.0549768397257,5575.37529704243
Net flux,G_G6P.c,0*G6P.c -> G6P,58.8549499993083,3978.30382784214
Net flux,G_RU5P.p,0*RU5P.p -> P5P,2.4686537116736e-06,5720.3440365601
Net flux,G_X5P.p,0*X5P.p -> P5P,92.8477691502745,4054.53196727141
Net flux,G_R5P.p,0*R5P.p -> R5P,82.2810779884949,4038.72787515025
Net flux,G_GA.p,0*GA.p -> GA,38.3847029307,1.58207747697121
Net flux,G_SER.p,0*SER.p -> SER,91.985728052742,3938.89788548751
Net flux,G_GLY.p,0*GLY.p -> GLY,13.3441034617098,3959.92393037034
Net flux,G_RUBP.p,0*RUBP.p -> RUBP,92.5302752673063,4095.48768740557
Net flux,G_S7P.p,0*S7P.p -> S7P,98.4567310636212,3994.07470959591
Net flux,G_2PG.p,0*2PG.p -> 2PG,87.0427532706349,4030.34731766319
Net flux,G_ADPG.p,0*ADPG.p -> ADPG,95.0805622183377,3973.37504942569
Net flux,G_PEP.c,0*PEP.c -> PEP,89.2305410445615,4095.462758108
Net flux,G_UDPG.c,0*UDPG.c -> UDPG,72.4268033045549,4046.26028265837
Net flux,G_ALA.c,0*ALA.c -> ALA,88.6259310412068,10.1951117585697
Net flux,(1-G)_GA,0*GA.x -> GA,61.6152970693021,1.58207747697121
Net flux,(1-G)_SER,0*SER.x -> SER,8.01427161873849,2.46406017903809
Net flux,(1-G)_GLY,0*GLY.x -> GLY,31.485716086958,3.08357334793896
Net flux,(1-G)_R5P,0*R5P.x -> R5P,17.718922011502,4038.72787515025
Net flux,(1-G)_RUBP,0*RUBP.x -> RUBP,7.46972473269241,4095.48768740557
Net flux,(1-G)_3PGA,0*3PGA.x -> 3PGA,7.08808939188762,3957.69745165429
Net flux,(1-G)_TP,0*TP.x -> TP,7.46743445806383,3970.63896638032
Net flux,(1-G)_F6P,0*F6P.x -> F6P,14.7847886792169,4035.39159404457
Net flux,(1-G)_FBP,0*FBP.x -> FBP,16.5487664853131,4058.38839770975
Net flux,(1-G)_G6P,0*G6P.x -> G6P,22.0900731609643,4068.84048466014
Net flux,(1-G)_RU5P,0*RU5P.x -> P5P,7.15222838107321,4106.27526092543
Net flux,(1-G)_S7P,0*S7P.x -> S7P,1.54326893637677,3994.07470959591
Net flux,(1-G)_2PG,0*2PG.x -> 2PG,12.9572467293675,4030.34731766319
Net flux,(1-G)_ADPG,0*ADPG.x -> ADPG,4.91943778166132,3973.37504942569
Net flux,(1-G)_PEP,0*PEP.x -> PEP,10.7694589554367,4095.462758108
Net flux,(1-G)_UDPG,0*UDPG.x -> UDPG,27.5731966954463,4046.26028265837
Net flux,(1-G)_ALA,0*ALA.x -> ALA,11.374068958793,10.1951117585697
Net flux,PGASink,3PGA -> Sink,100,0
Net flux,DHAPSink,TP -> Sink,100.000000000001,0
Net flux,F6PSink,F6P -> Sink,100.000000000004,0
Net flux,FBPSink,FBP -> Sink,99.9999999999947,0
Net flux,G6PSink,G6P -> Sink,99.9999999999983,0
Net flux,P5PSink,P5P -> Sink,100.000000000001,0
Net flux,R5PSink,R5P -> Sink,99.9999999999968,0
Net flux,GASink,GA -> Sink,100.000000000002,0
Net flux,SERSink,SER -> Sink,99.9999999999996,0
Net flux,GLYSink,GLY -> Sink,100.000000000001,0
Net flux,RUBPSink,RUBP -> Sink,99.9999999999987,0
Net flux,S7PSink,S7P -> Sink,99.9999999999979,0
Net flux,2PGSink,2PG -> Sink,100.000000000002,0
Net flux,ADPGSink,ADPG -> Sink,99.999999999999,0
Net flux,PEPSink,PEP -> Sink,99.9999999999983,0
Net flux,UDPGSink,UDPG -> Sink,100.000000000001,0
Net flux,ALASink,ALA -> Sink,99.9999999999998,0
Net flux,S6Pout-LL,S6P + 0.1611*GLU + 0.07177*ASP + 0.03247*ALA.c + 0.01019*dummyGLY + 0.03484*dummySER -> Sink,0.72785802262116,0.130142660492805
Net flux,PGP.p,2PG.p -> Glyc.p,17.5922687575414,0.596704654790641
Net flux,GOX,Glyc.p -> Glyx.p,17.5922687575414,0.596704654790641
Net flux,GGT,Glyx.p -> GLY.p,17.5922687575414,0.596704654790641
Net flux,SGAT,SER.p -> HPA.p,5.13964569297251,0.985147827278915
Net flux,HPR.p,HPA.p -> GA.p,5.13964569297251,0.985147827278915
Net flux,T_GLY-m net,GLY.p <-> GLY.m,17.5849993220618,3958.90766551773
Exch flux,T_GLY-m exch,GLY.p <-> GLY.m,96797.7632174585,3959.83212174656
Net flux,GDC.m,GLY.m + dummy -> myTHF.m + CO2,10.8623615056529,0.627093876324392
Net flux,T_SER-m net,SER.p <-> SER.m,-10.8623615056529,0.627093876324392
Exch flux,T_SER-m exch,SER.p <-> SER.m,1527.76447238368,4012.14194281897
Net flux,mSHMT,GLY.m + myTHF.m -> SER.m,10.8623615056529,0.627093876324392
Net flux,T_SER-c net,SER.p <-> SER.c,4.67281251934009,1.51653701678036
Exch flux,T_SER-c exch,SER.p <-> SER.c,1.00000000280431e-07,2.5440636651893e-13
Net flux,T_Gly-c net,GLY.p <-> GLY.c,-0.000147437781261139,3958.90762054862
Exch flux,T_Gly-c exch,GLY.p <-> GLY.c,9.99999998363421e-08,0
Net flux,cSHMT,SER.c -> GLY.c + meTHF.c,4.67281221393251,1.51653701678036
Net flux,FmTHF-reductase net,meTHF.c <-> FmTHF.c,4.67281221393251,1.51653701678036
Exch flux,FmTHF-reductase exch,meTHF.c <-> FmTHF.c,4.5774353215823,3851.15383778411
Net flux,Met-synthase,FmTHF.c + Hcy.c -> Met.c,4.67281221393249,1.51653701678036
Net flux,SAM-synthase,Met.c -> SAM.c,4.6728122139325,1.51653701678036
Net flux,Methylation,SAM.c -> SAH.c + Acceptor.c,4.67281221393249,1.51653701678036
Net flux,hydrolysis,SAH.c -> Hcy.c,4.67281221393248,1.51653701678036
Net flux,G_SER.m,0*SER.m -> SER,1.0000000116861e-07,0
Net flux,G_SER.c,0*SER.c -> SER,2.28519049016995e-07,3938.89711476092
Net flux,G_Gly.m,0*GLY.m -> GLY,0.000168673125436669,3959.92202591935
Net flux,G_Gly.c,0*GLY.c -> GLY,55.170011778208,5.70056002476425
Net flux,T_GLY-c-m,GLY.c -> GLY.m,4.13972368923356,3958.90779124414
Net flux,G_Glyc,0*Glyc.p -> Glyc,22.5763803702493,1.14777749364121
Net flux,G_Glyx,0*Glyx.p -> Glyx,11.6624306198578,1.44459494351183
Net flux,G_HPA,0*HPA.p -> HPA,7.86157061103239,1.27421460398966
Net flux,(1-G)_Glyc,0*Glyc.x -> Glyc,77.4236196297513,1.14777749364121
Net flux,(1-G)_Glyx,0*Glyx.x -> Glyx,88.337569380143,1.44459494351183
Net flux,(1-G)_HPA,0*HPA.x -> HPA,92.1384293889675,1.27421460398966
Net flux,GlycSink,Glyc -> Sink,100.000000000001,0
Net flux,GlyxSink,Glyx -> Sink,100.000000000001,0
Net flux,HPASink,HPA -> Sink,99.9999999999998,0
Net flux,SERex,dummySER -> outSER,1.02454238631958,1.29651778108451
Net flux,G_PYR,0*PYR.c -> PYR,32.5340223513993,1.78185001048849
Net flux,(1-G)_PYR,0*PYR.x -> PYR,67.4659776486009,1.78185001048849
Net flux,PYRSink,PYR -> Sink,100,0
Net flux,G_meTHF,0*meTHF.c -> meTHF,99.9999999,0
Net flux,G_FmTHF,0*FmTHF.c -> FmTHF,80.9480994973922,3.29423131591203
Net flux,G_Met,0*Met.c -> Met,70.126072569242,4.18168604376716
Net flux,G_SAM,0*SAM.c -> SAM,60.5124582565553,3.24739832482329
Net flux,(1-G)_meTHF,0*meTHF.x -> meTHF,1.0000000116861e-07,0
Net flux,(1-G)_FmTHF,0*FmTHF.x -> FmTHF,19.0519005026078,3.29423131591203
Net flux,(1-G)_Met,0*Met.x -> Met,29.8739274307581,4.18168604376716
Net flux,(1-G)_SAM,0*SAM.x -> SAM,39.4875417434447,3.24739832482329
Net flux,meTHFSink,meTHF -> Sink,99.9999999999999,0
Net flux,FmTHFSink,FmTHF -> Sink,100,0
Net flux,MetSink,Met -> Sink,100,0
Net flux,SAMsink,SAM -> Sink,100,0
Net flux,Met-protein,Met.c -> Protein,6.51983996113883e-15,0
Net flux,GLY-protein,GLY.c -> Protein,0.532941086917711,1.05014129626352
Net flux,SER-protein,SER.c -> Protein,3.05407590772688e-07,1.43597478659395e-12
Pool,2PG pool,,0,0
Pool,2PG.p pool,,3.74802261218445e-06,3756.89857575789
Pool,2PG.x pool,,1,Inf
Pool,3PGA pool,,0,0
Pool,3PGA.c pool,,0.00600026958802937,0.00255044800513811
Pool,3PGA.p pool,,4.04214833641978e-06,3946.2913142892
Pool,3PGA.x pool,,1,Inf
Pool,ACA pool,,2.09645844210613e-06,3928.33338673061
Pool,ADPG pool,,0,0
Pool,ADPG.p pool,,9.9999999999999e-08,Inf
Pool,ADPG.x pool,,1,Inf
Pool,AKG pool,,2.16817554574315e-06,3884.6582820893
Pool,ALA pool,,0,0
Pool,ALA.c pool,,0.010518149529181,0.00352389491582956
Pool,ALA.x pool,,1,Inf
Pool,ASN pool,,7566.06819373248,3776.2102984075
Pool,ASP pool,,4.38937205858917e-07,3930.11576997061
Pool,Acceptor.c pool,,1,Inf
Pool,CIT pool,,4.48176065233543,2.66611748986318
Pool,CO2 pool,,0.000188937548546124,4081.98281687968
Pool,CO2.t pool,,1,Inf
Pool,E4P.p pool,,0,0
Pool,EC2 pool,,0,0
Pool,F6P pool,,0,0
Pool,F6P.c pool,,3.83252056338509e-06,4045.18031273883
Pool,F6P.p pool,,3.9370660128408e-06,3985.53433874059
Pool,F6P.x pool,,1,Inf
Pool,FBP pool,,0,0
Pool,FBP.c pool,,3.82819932782098e-06,3968.46481984097
Pool,FBP.p pool,,3.87524213140949e-06,3991.68971142575
Pool,FBP.x pool,,1,Inf
Pool,FmTHF pool,,2.10746312824483,0.825095659976379
Pool,FmTHF.c pool,,1.6643494068394e-06,3973.91224907897
Pool,FmTHF.x pool,,1,Inf
Pool,G6P pool,,0,0
Pool,G6P.c pool,,9.89040034735572e-06,3902.93269892361
Pool,G6P.p pool,,3.84347480502373e-06,3710.37912651463
Pool,G6P.x pool,,1,Inf
Pool,GA pool,,0,0
Pool,GA.p pool,,3.99574846576787e-06,3684.56766038639
Pool,GA.x pool,,1,Inf
Pool,GLN pool,,8.8386775498791,3936.43581435739
Pool,GLU pool,,2.16817333286804e-06,4022.91302034372
Pool,GLY pool,,0,0
Pool,GLY.c pool,,1e-07,0
Pool,GLY.m pool,,9.99999999473644e-08,0
Pool,GLY.p pool,,0.12759910555562,0.0972591356449819
Pool,GLY.x pool,,1,Inf
Pool,Glyc pool,,4.25323558264028,1.19095975274702
Pool,Glyc.p pool,,2.05037784445483e-05,3586.4604125869
Pool,Glyc.x pool,,1,Inf
Pool,Glyx pool,,6.77724976168424,2.76150929598181
Pool,Glyx.p pool,,3.32943565115905e-05,3913.04352070973
Pool,Glyx.x pool,,1,Inf
Pool,HPA pool,,0.000142473255438372,3896.2033305281
Pool,HPA.p pool,,2.78520631393003e-06,3890.42532736885
Pool,HPA.x pool,,1,Inf
Pool,Hcy.c pool,,1,Inf
Pool,ICI pool,,0.00362775915661277,4019.72127174146
Pool,MAL pool,,0.621852574478263,0.161873435096686
Pool,Met pool,,5.90444000451892e-05,3865.20042112152
Pool,Met.c pool,,1.58436126347314e-06,3966.95634836422
Pool,Met.x pool,,1,Inf
Pool,OAA pool,,0.0657353249664761,0.0202747513763545
Pool,P5P pool,,0,0
Pool,PEP pool,,0,0
Pool,PEP.c pool,,8.51759258237748e-06,3937.53937047098
Pool,PEP.x pool,,1,Inf
Pool,PRO pool,,5.39499638370662,3994.17752523408
Pool,PYR pool,,1.00000000058387e-07,0
Pool,PYR.c pool,,0.00251163807405821,0.00141755860850776
Pool,PYR.x pool,,1,Inf
Pool,Protein pool,,1,Inf
Pool,R5P pool,,0,0
Pool,R5P.p pool,,3.87808892975249e-05,3845.11839716191
Pool,R5P.x pool,,1,Inf
Pool,RU5P.p pool,,3.87490924375148e-06,3808.31120781072
Pool,RU5P.x pool,,1,Inf
Pool,RUBP pool,,0,0
Pool,RUBP.p pool,,3.88527104260252e-06,3814.28977287645
Pool,RUBP.x pool,,1,Inf
Pool,S6P pool,,1,Inf
Pool,S7P pool,,0,0
Pool,S7P.p pool,,4.09138646578042e-06,3884.37352355572
Pool,S7P.x pool,,1,Inf
Pool,SAH.c pool,,1,Inf
Pool,SAM pool,,2.85774079585114,1.06463946914033
Pool,SAM.c pool,,3.27654387209818e-06,3950.85980020816
Pool,SAM.x pool,,1,Inf
Pool,SBP pool,,0,0
Pool,SER pool,,0,0
Pool,SER.c pool,,1.00000000002876e-07,0
Pool,SER.m pool,,1.29399283460187,0.0882960594164211
Pool,SER.p pool,,0.000639898728927678,3758.90983070161
Pool,SER.x pool,,1,Inf
Pool,Sink pool,,1,Inf
Pool,Starch pool,,1,Inf
Pool,THR pool,,3889.74310370365,3846.97437740672
Pool,TP pool,,0,0
Pool,TP.c pool,,4.17984477677001e-06,3969.03409317494
Pool,TP.p pool,,4.2271198228326e-06,3681.30071500008
Pool,TP.x pool,,1,Inf
Pool,UDPG pool,,0,0
Pool,UDPG.c pool,,0.0958651674834711,0.0434960326696623
Pool,UDPG.x pool,,1,Inf
Pool,X5P.p pool,,3.9871961934127e-06,3979.46632308386
Pool,dummy pool,,1,Inf
Pool,dummyGLY pool,,1,Inf
Pool,dummySER pool,,1,Inf
Pool,meTHF pool,,0.644423301522551,0.812168648559778
Pool,meTHF.c pool,,1.7426815413181e-06,3980.63871159566
Pool,meTHF.x pool,,1,Inf
Pool,myTHF.m pool,,1.00000000002876e-07,0
Pool,outSER pool,,1,Inf
Norm,Experiment1 Glyc205 #1 norm,,0.980406860884736,0.0129791679367239
Norm,Experiment1 Glyc205 #2 norm,,1.00197878120313,0.023258202505593
Norm,Experiment1 Glyc205 #3 norm,,0.995147156377289,0.0214439387838764
Norm,Experiment1 Glyc205 #4 norm,,0.995841182129721,0.0309557532405054
Norm,Experiment1 Glyc205 #5 norm,,1.01398079052321,0.0342208063448787
Norm,Experiment1 Glyc205 #6 norm,,1.04103505850597,0.0276535735024457
Norm,Experiment1 Glyc205 #7 norm,,1.00573998045357,0.0379634385259776
Norm,Experiment1 Glyc205 #8 norm,,0.955115091338791,0.0290294378413552
Norm,Experiment1 Glyx160 #1 norm,,0.980594609944233,0.0106261844562141
Norm,Experiment1 Glyx160 #2 norm,,0.997311184621473,0.0139029855111632
Norm,Experiment1 Glyx160 #3 norm,,0.93937565310956,0.0180297277200899
Norm,Experiment1 Glyx160 #4 norm,,1.02669503498119,0.0172180296007653
Norm,Experiment1 Glyx160 #5 norm,,0.959787719097235,0.0325134409833987
Norm,Experiment1 Glyx160 #6 norm,,1.0405484507544,0.0207167043463918
Norm,Experiment1 Glyx160 #7 norm,,0.935167647861264,0.0366651367879173
Norm,Experiment1 Glyx160 #8 norm,,0.996384055686318,0.0383970727117467
Norm,Experiment1 GLY276 #1 norm,,0.989889700403919,0.010146518258526
Norm,Experiment1 GLY276 #2 norm,,0.993924066534532,0.0247445668363692
Norm,Experiment1 GLY276 #3 norm,,0.953074864435043,0.0393434186703815
Norm,Experiment1 GLY276 #4 norm,,1.00430663366798,0.0586374341537276
Norm,Experiment1 GLY276 #5 norm,,0.988447981672647,0.106216706133127
Norm,Experiment1 GLY276 #6 norm,,0.897540020027744,0.0930381725662008
Norm,Experiment1 GLY276 #7 norm,,1.03840798001336,0.0707713609105185
Norm,Experiment1 GLY276 #8 norm,,0.970814820993454,0.073766755491912
Norm,Experiment1 HPA262 #1 norm,,1.00980185798529,0.0108751040620896
Norm,Experiment1 HPA262 #2 norm,,0.941237718980649,0.0269040684069043
Norm,Experiment1 HPA262 #3 norm,,0.942763372668983,0.012555005759771
Norm,Experiment1 HPA262 #4 norm,,0.936439003110955,0.0338329151027599
Norm,Experiment1 HPA262 #5 norm,,0.920249638346009,0.022948559171795
Norm,Experiment1 HPA262 #6 norm,,1.046973335603,0.0355240799087259
Norm,Experiment1 HPA262 #7 norm,,0.983208216242403,0.0254896864230824
Norm,Experiment1 HPA262 #8 norm,,1.05013956044693,0.0247482641855054
Norm,Experiment1 GA307 #1 norm,,0.980803925565527,0.0122115306614844
Norm,Experiment1 GA307 #2 norm,,1.0168119488735,0.0299451575488044
Norm,Experiment1 GA307 #3 norm,,0.988986127210303,0.032759929028937
Norm,Experiment1 GA307 #4 norm,,0.979352761873807,0.0193371430644615
Norm,Experiment1 GA307 #5 norm,,1.00700922898861,0.0570345444837958
Norm,Experiment1 GA307 #6 norm,,1.07235193743534,0.042092388423021
Norm,Experiment1 GA307 #7 norm,,0.98969595981475,0.046300894438426
Norm,Experiment1 GA307 #8 norm,,0.976133359604946,0.0338462954144622
Norm,Experiment1 SER306 #1 norm,,0.969899324584612,0.0136544346475505
Norm,Experiment1 SER306 #2 norm,,0.995064246371636,0.0190089809350448
Norm,Experiment1 SER306 #3 norm,,0.978946472440972,0.0444813296979427
Norm,Experiment1 SER306 #4 norm,,0.999329509350877,0.0435094844980733
Norm,Experiment1 SER306 #5 norm,,0.990648211642818,0.0842760989786506
Norm,Experiment1 SER306 #6 norm,,0.997292535677825,0.067667344969085
Norm,Experiment1 SER306 #7 norm,,1.01451511609674,0.0473481415043265
Norm,Experiment1 SER306 #8 norm,,0.976046578942992,0.0478066014022097
Norm,Experiment1 meTHF #1 norm,,1.01528717362102,0.0101695117286085
Norm,Experiment1 meTHF #2 norm,,1.00351033951597,0.0101509267029046
Norm,Experiment1 meTHF #3 norm,,0.981387701703549,0.0640240469873688
Norm,Experiment1 meTHF #4 norm,,0.995057386278786,0.0524352351773013
Norm,Experiment1 meTHF #5 norm,,1.00453180551976,0.0957097382435104
Norm,Experiment1 meTHF #6 norm,,1.0257102697669,0.142227830196332
Norm,Experiment1 meTHF #7 norm,,1.01297270210113,0.0597166622651397
Norm,Experiment1 meTHF #8 norm,,0.962975434553873,0.0987255542726587
Norm,Experiment1 FmTHF #1 norm,,0.990616585022873,0.0098660140572231
Norm,Experiment1 FmTHF #2 norm,,1.01165947021058,0.0239015506303419
Norm,Experiment1 FmTHF #3 norm,,1.0024128782424,0.0325721508269681
Norm,Experiment1 FmTHF #4 norm,,1.0085013483485,0.0274548429287511
Norm,Experiment1 FmTHF #5 norm,,0.953612863135907,0.0559188029661298
Norm,Experiment1 FmTHF #6 norm,,1.00281229962616,0.0620917886347747
Norm,Experiment1 FmTHF #7 norm,,0.983486767634956,0.0574010205760819
Norm,Experiment1 FmTHF #8 norm,,1.08333789188416,0.0966473682777471
Norm,Experiment1 Met176 #1 norm,,0.977299177954809,0.0239780178254065
Norm,Experiment1 Met176 #2 norm,,0.893790782469469,0.031522229087804
Norm,Experiment1 Met176 #3 norm,,0.934448836184538,0.0573383716588488
Norm,Experiment1 Met176 #4 norm,,0.957014368975365,0.0371222418999459
Norm,Experiment1 Met176 #5 norm,,0.960917012770381,0.0775880443362618
Norm,Experiment1 Met176 #6 norm,,0.994760215390292,0.16507637432387
Norm,Experiment1 Met176 #7 norm,,0.983988193083252,0.11315706590715
Norm,Experiment1 Met176 #8 norm,,0.974096160954426,0.101938723386555
Norm,Experiment1 SAM #1 norm,,0.993850265107999,0.0115300354838313
Norm,Experiment1 SAM #2 norm,,1.00934437226367,0.012097326436201
Norm,Experiment1 SAM #3 norm,,1.00574590595816,0.0151293328076784
Norm,Experiment1 SAM #4 norm,,1.03040829519764,0.0240455894625248
Norm,Experiment1 SAM #5 norm,,0.94413851864556,0.0369217309914606
Norm,Experiment1 SAM #6 norm,,1.02020509220969,0.0612166597417917
Norm,Experiment1 SAM #7 norm,,0.999168811374879,0.0841524834772808
Norm,Experiment1 SAM #8 norm,,0.9982816548707,0.0751335653180642
Norm,Experiment1 CIT465 #1 norm,,1.00620268378491,0.0122006652422392
Norm,Experiment1 CIT465 #2 norm,,1.01621038000595,0.0135153034367573
Norm,Experiment1 CIT465 #3 norm,,0.986487668262301,0.0115017256955753
Norm,Experiment1 CIT465 #4 norm,,0.971251361868052,0.0162906169340153
Norm,Experiment1 CIT465 #5 norm,,0.982433759779493,0.0133638828365981
Norm,Experiment1 CIT465 #6 norm,,1.01786873289791,0.0131636464887968
Norm,Experiment1 CIT465 #7 norm,,0.938760895093136,0.0128994662283522
Norm,Experiment1 CIT465 #8 norm,,1.0240965574581,0.0196261689764675
Norm,Experiment1 MAL335 #1 norm,,0.986318306779331,0.0122948208784945
Norm,Experiment1 MAL335 #2 norm,,0.978629960193388,0.0108236911241241
Norm,Experiment1 MAL335 #3 norm,,0.942758700358271,0.00989298688338671
Norm,Experiment1 MAL335 #4 norm,,0.947559379627408,0.0140280603409905
Norm,Experiment1 MAL335 #5 norm,,0.976825705762333,0.0138584609742012
Norm,Experiment1 MAL335 #6 norm,,0.95450408958191,0.0133359222231971
Norm,Experiment1 MAL335 #7 norm,,1.01080495536569,0.0216930867163321
Norm,Experiment1 MAL335 #8 norm,,1.01507634760617,0.0333843315042587
Norm,Experiment1 ASP334 #1 norm,,0.967090884982704,0.0224332854872107
Norm,Experiment1 ASP334 #2 norm,,1.02980037794517,0.0349340192971628
Norm,Experiment1 ASP334 #3 norm,,0.976569821146902,0.0221101432922277
Norm,Experiment1 ASP334 #4 norm,,0.987482553350612,0.0219109777406309
Norm,Experiment1 ASP334 #5 norm,,1.00143281597922,0.0296464281485923
Norm,Experiment1 ASP334 #6 norm,,0.995328506374849,0.031507528072376
Norm,Experiment1 ASP334 #7 norm,,1.00380689822004,0.031982852265391
Norm,Experiment1 ASP334 #8 norm,,0.895900232737094,0.0827847125669411
Norm,Experiment1 GLU348 #1 norm,,0.935629901579912,0.0196789070318089
Norm,Experiment1 GLU348 #2 norm,,0.910659093483993,0.0179384983087238
Norm,Experiment1 GLU348 #3 norm,,0.969652348033888,0.0109554909952285
Norm,Experiment1 GLU348 #4 norm,,0.971344388356068,0.0349253773597147
Norm,Experiment1 GLU348 #5 norm,,0.989925497254986,0.0229429155201867
Norm,Experiment1 GLU348 #6 norm,,1.03682484686524,0.0133544420261102
Norm,Experiment1 GLU348 #7 norm,,0.961225314621896,0.015141058267936
Norm,Experiment1 GLU348 #8 norm,,0.970548133487853,0.021731118755393
Norm,Experiment1 THR320 #1 norm,,1.01839324400167,0.0107410603164845
Norm,Experiment1 THR320 #2 norm,,1.0107247963687,0.0143155210532493
Norm,Experiment1 THR320 #3 norm,,0.990349170404731,0.0104453319786346
Norm,Experiment1 THR320 #4 norm,,0.956386528269422,0.028063799080853
Norm,Experiment1 THR320 #5 norm,,0.962853016880787,0.0204166317059821
Norm,Experiment1 THR320 #6 norm,,1.0076036973424,0.0116014428612854
Norm,Experiment1 THR320 #7 norm,,0.99218172344611,0.0143877491341021
Norm,Experiment1 THR320 #8 norm,,0.903407875598616,0.0259567284727708
Norm,Experiment1 ALA116 #1 norm,,0.975303670691046,0.00970852416640982
Norm,Experiment1 ALA116 #2 norm,,0.968880780737668,0.00957159591902352
Norm,Experiment1 ALA116 #3 norm,,0.989183844488203,0.0175283133325827
Norm,Experiment1 ALA116 #4 norm,,1.03331671602562,0.0231651369205674
Norm,Experiment1 ALA116 #5 norm,,1.02223191123415,0.0950140752263642
Norm,Experiment1 ALA116 #6 norm,,0.970161620802483,0.0876578777169373
Norm,Experiment1 ALA116 #7 norm,,1.00520745391644,0.0697888964072844
Norm,Experiment1 ALA116 #8 norm,,0.990623599636451,0.104059113602467
Norm,Experiment1 PYR #1 norm,,1.00298341688905,0.0171729674821775
Norm,Experiment1 PYR #2 norm,,0.924566681982506,0.0425182923247374
Norm,Experiment1 PYR #3 norm,,0.951138309454856,0.117881108363327
Norm,Experiment1 PYR #4 norm,,1.02899795171758,0.045669403977584
Norm,Experiment1 PYR #5 norm,,1.0110561504839,0.0550893830869401
Norm,Experiment1 PYR #6 norm,,1.02806114825435,0.0584554885653565
Norm,Experiment1 PYR #7 norm,,0.933800597161565,0.107030556985214
Norm,Experiment1 PYR #8 norm,,0.972391341469173,0.0665621540776546
