type,id,eqn,val,std
Net flux,CO2.t,CO2.t -> CO2,49.0061410431999,1.09494976554381
Net flux,CO2_sink,dummy -> Sink,49.0061410431998,1.09494976554381
Net flux,RUBICSO_CO2,RUBP.p + CO2 -> 3PGA.p + 3PGA.p + dummy,60.2803569501304,1.21587893588542
Net flux,GAPDH.p net,3PGA.p <-> TP.p,144.938314302284,2.67323752098207
Exch flux,GAPDH.p exch,3PGA.p <-> TP.p,0.176625477522144,0.197181506815581
Net flux,ALD,TP.p + E4P.p -> SBP,26.4680296696306,0.484146034081497
Net flux,SBP,SBP -> S7P.p,26.4680296696306,0.484146034081497
Net flux,FBA.p net,TP.p + TP.p <-> FBP.p,31.5427929297548,0.650148108580411
Exch flux,FBA.p exch,TP.p + TP.p <-> FBP.p,22484.2341822983,1420.21215173626
Net flux,PFK.p net,FBP.p <-> F6P.p,31.542792929758,0.650148108580411
Exch flux,PFK.p exch,FBP.p <-> F6P.p,9.99863942752199e-08,1.08999430289611e-12
Net flux,TK1 net,TP.p + EC2 <-> X5P.p,52.9360593392612,0.968292068162993
Exch flux,TK1 exch,TP.p + EC2 <-> X5P.p,8223.37804984779,2643.09470346691
Net flux,TK2 net,S7P.p <-> R5P.p + EC2,26.4680296696306,0.484146034081497
Exch flux,TK2 exch,S7P.p <-> R5P.p + EC2,38.0437595276635,2101.38337779242
Net flux,TK3 net,F6P.p <-> E4P.p + EC2,26.4680296696315,0.484146034081497
Exch flux,TK3 exch,F6P.p <-> E4P.p + EC2,14800.3756120829,1181.71082577555
Net flux,PPE net,X5P.p <-> RU5P.p,52.9360593392612,0.968292068162993
Exch flux,PPE exch,X5P.p <-> RU5P.p,8272.62065036292,2543.32010350701
Net flux,PPI net,R5P.p <-> RU5P.p,26.4680296696306,0.484146034081497
Exch flux,PPI exch,R5P.p <-> RU5P.p,242.014692087027,1353.5135882529
Net flux,PRK,RU5P.p -> RUBP.p,79.4040890088918,1.45243810216627
Net flux,RUBISCO_O2,RUBP.p -> 3PGA.p + 2PG.p,19.1237320587614,0.596639536603378
Net flux,GLYdil net,GLY.p <-> GLY.x + dummyGLY,0.00623790895780729,0.000975149808393038
Exch flux,GLYdil exch,GLY.p <-> GLY.x + dummyGLY,1.0000000116861e-07,0
Net flux,SERdil net,SER.p <-> SER.x + dummySER,2.38304448972308,0.527840306398064
Exch flux,SERdil exch,SER.p <-> SER.x + dummySER,1.3019666481112,2.91317952434638
Net flux,GK,GA.p -> 3PGA.p,5.51491779330695,0.592579005685977
Net flux,PGI.p net,F6P.p <-> G6P.p,5.07476326012578,0.339893417961721
Exch flux,PGI.p exch,F6P.p <-> G6P.p,2.55537001348214,2521.15106619356
Net flux,PGM.p,G6P.p -> ADPG.p,5.07476326012579,0.339893417961721
Net flux,Starch,ADPG.p -> Starch,5.07476326012577,0.339893417961721
Net flux,FBA.c net,TP.c + TP.c <-> FBP.c,1.22431971693733,0.191393485238568
Exch flux,FBA.c exch,TP.c + TP.c <-> FBP.c,21.3099857191721,1156.67282513658
Net flux,PFK.c net,FBP.c <-> F6P.c,1.22431971693733,0.191393485238568
Exch flux,PFK.c exch,FBP.c <-> F6P.c,5.96224405809684,2279.21106689302
Net flux,PGI.c net,F6P.c <-> G6P.c,0.612159858468686,0.0956967426192842
Exch flux,PGI.c exch,F6P.c <-> G6P.c,227.359211973274,2352.43805024182
Net flux,PGM.c net,G6P.c <-> UDPG.c,0.61215985846502,0.0956967426192842
Exch flux,PGM.c exch,G6P.c <-> UDPG.c,48481.3838926102,2954.59105887824
Net flux,SPS,F6P.c + UDPG.c -> S6P,0.612159858468633,0.0956967426192842
Net flux,PGAM.c net,3PGA.c <-> PEP.c,0.26104945004526,0.0408089189599557
Exch flux,PGAM.c exch,3PGA.c <-> PEP.c,1.00001133818139e-07,6.58627441638023e-14
Net flux,PK.c,PEP.c -> PYR.c,0.118495783803986,0.0185240184767029
Net flux,PDH,PYR.c + dummy -> ACA + CO2,0.09861895319928,0.0154167452618734
Net flux,CS,OAA + ACA -> CIT,0.098618953199276,0.0154167452618734
Net flux,ACO net,CIT <-> ICI,0.0986189531993205,0.0154167452618734
Exch flux,ACO exch,CIT <-> ICI,1170.52621811099,2752.60523734795
Net flux,IDH,ICI + dummy -> AKG + CO2,0.0986189531992925,0.0154167452618734
Net flux,MDH net,MAL <-> OAA,2.1316282072803e-14,0
Exch flux,MDH exch,MAL <-> OAA,0.0767193849202883,0.0544612529624701
Net flux,PPC,PEP.c + CO2 -> OAA + dummy,0.142553666241702,0.0222849004686507
Net flux,T_3PGA net,3PGA.p <-> 3PGA.c,0.261049450045242,0.0408089189599557
Exch flux,T_3PGA exch,3PGA.p <-> 3PGA.c,1.0000000116861e-07,0
Net flux,T_DHAP net,TP.p <-> TP.c,2.4486394338747,0.382786970477137
Exch flux,T_DHAP exch,TP.p <-> TP.c,9.99999998363421e-08,0
Net flux,ALT,PYR.c -> ALA.c,0.0198768306045036,0.00310727323861455
Net flux,ASPT,OAA -> ASP,0.0439347130424064,0.00686815520710656
Net flux,GLUDH,AKG -> GLU,0.0986189531992694,0.0154167452618734
Net flux,PCR net,GLU <-> PRO,-2.48689957516035e-14,0
Exch flux,PCR exch,GLU <-> PRO,1.0000000116861e-07,0
Net flux,GS net,GLU <-> GLN,0,0
Exch flux,GS exch,GLU <-> GLN,1.0004264794361e-07,0
Net flux,TS net,ASP <-> THR,0,0
Exch flux,TS exch,ASP <-> THR,0.0227225630048622,0.0135227096122881
Net flux,AS net,ASP <-> ASN,1.06581410364015e-14,0
Exch flux,AS exch,ASP <-> ASN,1.0000000116861e-07,0
Net flux,G_3PGA.p,0*3PGA.p -> 3PGA,2.46866294872916e-06,3232.38020005675
Net flux,G_3PGA.c,0*3PGA.c -> 3PGA,92.9119081385814,2307.90622218875
Net flux,G_DHAP.p,0*TP.p -> TP,40.685379842242,3347.87296212496
Net flux,G_DHAP.c,0*TP.c -> TP,51.8471856996947,2362.16438892883
Net flux,G_F6P.p,0*F6P.p -> F6P,48.6686345030749,3502.74481199268
Net flux,G_F6P.c,0*F6P.c -> F6P,36.546576817712,2607.7146306476
Net flux,G_FBP.p,0*FBP.p -> FBP,2.46866126474288e-06,3270.66234077065
Net flux,G_FBP.c,0*FBP.c -> FBP,83.4512310498296,2384.50585083702
Net flux,G_G6P.p,0*G6P.p -> G6P,19.0549768397257,3229.1432721334
Net flux,G_G6P.c,0*G6P.c -> G6P,58.8549499993083,2279.93514858163
Net flux,G_RU5P.p,0*RU5P.p -> P5P,2.46865367614646e-06,3256.25370714958
Net flux,G_X5P.p,0*X5P.p -> P5P,92.8477691499065,2276.21514157314
Net flux,G_R5P.p,0*R5P.p -> R5P,82.2810779884949,2411.35056605611
Net flux,G_GA.p,0*GA.p -> GA,38.7542675014813,1.75073974724343
Net flux,G_SER.p,0*SER.p -> SER,97.3305181116947,3.21001981073824
Net flux,G_GLY.p,0*GLY.p -> GLY,9.43613077403811,2338.10739827579
Net flux,G_RUBP.p,0*RUBP.p -> RUBP,92.5302752673063,2424.42914931393
Net flux,G_S7P.p,0*S7P.p -> S7P,98.4567310636212,2400.72222284669
Net flux,G_2PG.p,0*2PG.p -> 2PG,87.0427532706349,2694.48634117569
Net flux,G_ADPG.p,0*ADPG.p -> ADPG,95.0805622183377,2387.35217664124
Net flux,G_PEP.c,0*PEP.c -> PEP,89.2305410445615,2381.06275673181
Net flux,G_UDPG.c,0*UDPG.c -> UDPG,72.4268033045549,2261.9399386805
Net flux,G_ALA.c,0*ALA.c -> ALA,73.2888082563985,7.33713568984697
Net flux,(1-G)_GA,0*GA.x -> GA,61.2457324985208,1.75073974724343
Net flux,(1-G)_SER,0*SER.x -> SER,2.66948168830487,3.21001981073824
Net flux,(1-G)_GLY,0*GLY.x -> GLY,27.1275484677023,3.64892479349826
Net flux,(1-G)_R5P,0*R5P.x -> R5P,17.718922011502,2411.35056605611
Net flux,(1-G)_RUBP,0*RUBP.x -> RUBP,7.46972473269241,2424.42914931393
Net flux,(1-G)_3PGA,0*3PGA.x -> 3PGA,7.08808939275597,2380.89716693326
Net flux,(1-G)_TP,0*TP.x -> TP,7.46743445806383,2477.50153550014
Net flux,(1-G)_F6P,0*F6P.x -> F6P,14.7847886792169,2409.94813630206
Net flux,(1-G)_FBP,0*FBP.x -> FBP,16.5487664815038,2366.34876059762
Net flux,(1-G)_G6P,0*G6P.x -> G6P,22.0900731609643,2338.6661599457
Net flux,(1-G)_RU5P,0*RU5P.x -> P5P,7.15222838144121,2470.56016590042
Net flux,(1-G)_S7P,0*S7P.x -> S7P,1.54326893637677,2400.72222284669
Net flux,(1-G)_2PG,0*2PG.x -> 2PG,12.9572467293675,2694.48634117569
Net flux,(1-G)_ADPG,0*ADPG.x -> ADPG,4.91943778166132,2387.35217664124
Net flux,(1-G)_PEP,0*PEP.x -> PEP,10.7694589554367,2381.06275673181
Net flux,(1-G)_UDPG,0*UDPG.x -> UDPG,27.5731966954463,2261.9399386805
Net flux,(1-G)_ALA,0*ALA.x -> ALA,26.7111917436013,7.33713568984697
Net flux,PGASink,3PGA -> Sink,100,0
Net flux,DHAPSink,TP -> Sink,100.000000000001,0
Net flux,F6PSink,F6P -> Sink,100.000000000004,0
Net flux,FBPSink,FBP -> Sink,99.9999999999947,0
Net flux,G6PSink,G6P -> Sink,99.9999999999983,0
Net flux,P5PSink,P5P -> Sink,100.000000000001,0
Net flux,R5PSink,R5P -> Sink,99.9999999999968,0
Net flux,GASink,GA -> Sink,100.000000000002,0
Net flux,SERSink,SER -> Sink,99.9999999999996,0
Net flux,GLYSink,GLY -> Sink,100.000000000001,0
Net flux,RUBPSink,RUBP -> Sink,99.9999999999987,0
Net flux,S7PSink,S7P -> Sink,99.9999999999979,0
Net flux,2PGSink,2PG -> Sink,100.000000000002,0
Net flux,ADPGSink,ADPG -> Sink,99.999999999999,0
Net flux,PEPSink,PEP -> Sink,99.9999999999983,0
Net flux,UDPGSink,UDPG -> Sink,100.000000000001,0
Net flux,ALASink,ALA -> Sink,99.9999999999998,0
Net flux,S6Pout-LL,S6P + 0.1611*GLU + 0.07177*ASP + 0.03247*ALA.c + 0.01019*dummyGLY + 0.03484*dummySER -> Sink,0.612159858468669,0.0956967426192842
Net flux,PGP.p,2PG.p -> Glyc.p,19.1237320587615,0.596639536603378
Net flux,GOX,Glyc.p -> Glyx.p,19.1237320587615,0.596639536603378
Net flux,GGT,Glyx.p -> GLY.p,19.1237320587615,0.596639536603378
Net flux,SGAT,SER.p -> HPA.p,5.51491779330694,0.592579005685977
Net flux,HPR.p,HPA.p -> GA.p,5.51491779330694,0.592579005685977
Net flux,T_GLY-m net,GLY.p <-> GLY.m,19.1176119738957,2481.54645999822
Exch flux,T_GLY-m exch,GLY.p <-> GLY.m,115389.642516588,2502.93349015763
Net flux,GDC.m,GLY.m + dummy -> myTHF.m + CO2,11.2195316667735,0.532820454967328
Net flux,T_SER-m net,SER.p <-> SER.m,-11.2195316667735,0.532820454967328
Exch flux,T_SER-m exch,SER.p <-> SER.m,1.00000005165413e-07,10.0403199361027
Net flux,mSHMT,GLY.m + myTHF.m -> SER.m,11.2195316667735,0.532820454967328
Net flux,T_SER-c net,SER.p <-> SER.c,3.32156938374348,0.981689189337316
Exch flux,T_SER-c exch,SER.p <-> SER.c,1.00000000280431e-07,2.9402529560232
Net flux,T_Gly-c net,GLY.p <-> GLY.c,-0.000117824103941455,2481.54638825666
Exch flux,T_Gly-c exch,GLY.p <-> GLY.c,9.99999998363421e-08,0
Net flux,cSHMT,SER.c -> GLY.c + meTHF.c,3.32156928374349,0.981689189336771
Net flux,FmTHF-reductase net,meTHF.c <-> FmTHF.c,3.32156928374349,0.981689189336771
Exch flux,FmTHF-reductase exch,meTHF.c <-> FmTHF.c,5.46787792723798,2457.97336338044
Net flux,Met-synthase,FmTHF.c + Hcy.c -> Met.c,3.32156928374347,0.981689189336771
Net flux,SAM-synthase,Met.c -> SAM.c,3.32156928374348,0.981689189336771
Net flux,Methylation,SAM.c -> SAH.c + Acceptor.c,3.32156928374347,0.981689189336771
Net flux,hydrolysis,SAH.c -> Hcy.c,3.32156928374346,0.981689189336771
Net flux,G_SER.m,0*SER.m -> SER,1.0000000116861e-07,0
Net flux,G_SER.c,0*SER.c -> SER,1.0000000116861e-07,0
Net flux,G_Gly.m,0*GLY.m -> GLY,0.000216309226814815,2338.10421114493
Net flux,G_Gly.c,0*GLY.c -> GLY,63.436104449034,6.25499371760414
Net flux,T_GLY-c-m,GLY.c -> GLY.m,3.32145135963949,2481.54658243058
Net flux,G_Glyc,0*Glyc.p -> Glyc,20.9225755321232,1.2332891853302
Net flux,G_Glyx,0*Glyx.p -> Glyx,10.4159500234853,1.38331591337928
Net flux,G_HPA,0*HPA.p -> HPA,9.06348972992898,1.28342609762229
Net flux,(1-G)_Glyc,0*Glyc.x -> Glyc,79.0774244678774,1.2332891853302
Net flux,(1-G)_Glyx,0*Glyx.x -> Glyx,89.5840499765155,1.38331591337928
Net flux,(1-G)_HPA,0*HPA.x -> HPA,90.9365102700709,1.28342609762229
Net flux,GlycSink,Glyc -> Sink,100.000000000001,0
Net flux,GlyxSink,Glyx -> Sink,100.000000000001,0
Net flux,HPASink,HPA -> Sink,99.9999999999998,0
Net flux,SERex,dummySER -> outSER,2.36171487766833,0.528539304550011
Net flux,G_PYR,0*PYR.c -> PYR,30.8725662633174,1.74476689662963
Net flux,(1-G)_PYR,0*PYR.x -> PYR,69.1274337366828,1.74476689662963
Net flux,PYRSink,PYR -> Sink,100,0
Net flux,G_meTHF,0*meTHF.c -> meTHF,96.9427561957794,4.75586549295207
Net flux,G_FmTHF,0*FmTHF.c -> FmTHF,78.391617435765,3.90164271868582
Net flux,G_Met,0*Met.c -> Met,62.8094628154893,4.48944532666555
Net flux,G_SAM,0*SAM.c -> SAM,68.9199117356735,4.22391688018369
Net flux,(1-G)_meTHF,0*meTHF.x -> meTHF,3.05724380422063,4.75586549295207
Net flux,(1-G)_FmTHF,0*FmTHF.x -> FmTHF,21.6083825642351,3.90164271868582
Net flux,(1-G)_Met,0*Met.x -> Met,37.1905371845107,4.48944532666555
Net flux,(1-G)_SAM,0*SAM.x -> SAM,31.0800882643265,4.22391688018369
Net flux,meTHFSink,meTHF -> Sink,99.9999999999999,0
Net flux,FmTHFSink,FmTHF -> Sink,100,0
Net flux,MetSink,Met -> Sink,100,0
Net flux,SAMsink,SAM -> Sink,100,0
Net flux,Met-protein,Met.c -> Protein,6.51983996113883e-15,0
Net flux,GLY-protein,GLY.c -> Protein,1.00000086433738e-07,6.69086592714836e-13
Net flux,SER-protein,SER.c -> Protein,9.99999993922529e-08,3.90197330420011e-13
Pool,2PG pool,,0,0
Pool,2PG.p pool,,3.24106742919464e-06,2580.91992468287
Pool,2PG.x pool,,1,Inf
Pool,3PGA pool,,0,0
Pool,3PGA.c pool,,0.000653946530098215,2.4854173414645
Pool,3PGA.p pool,,3.68341247547785e-06,2489.65542040522
Pool,3PGA.x pool,,1,Inf
Pool,ACA pool,,2.93387617515521e-06,2506.31614831533
Pool,ADPG pool,,0,0
Pool,ADPG.p pool,,9.9999999999999e-08,Inf
Pool,ADPG.x pool,,1,Inf
Pool,AKG pool,,2.3990544794257e-06,2376.62394997558
Pool,ALA pool,,0,0
Pool,ALA.c pool,,0.0061344985135913,0.0017203223922255
Pool,ALA.x pool,,1,Inf
Pool,ASN pool,,7566.06819373967,2376.56007221837
Pool,ASP pool,,3.48670850901273e-07,2438.63280783625
Pool,Acceptor.c pool,,1,Inf
Pool,CIT pool,,2.87670952680029,1.39374831946003
Pool,CO2 pool,,0.3712820145761,0.174245469080621
Pool,CO2.t pool,,1,Inf
Pool,E4P.p pool,,0,0
Pool,EC2 pool,,0,0
Pool,F6P pool,,0,0
Pool,F6P.c pool,,3.82982499386469e-06,2470.91771493076
Pool,F6P.p pool,,3.44235195080121e-06,2414.91156171203
Pool,F6P.x pool,,1,Inf
Pool,FBP pool,,0,0
Pool,FBP.c pool,,3.82981386035686e-06,2509.59052682541
Pool,FBP.p pool,,3.18788999954235e-06,2542.67194131679
Pool,FBP.x pool,,1,Inf
Pool,FmTHF pool,,2.86446089957709,0.987178744121676
Pool,FmTHF.c pool,,1.83708521613319e-06,2586.15926631
Pool,FmTHF.x pool,,1,Inf
Pool,G6P pool,,0,0
Pool,G6P.c pool,,9.87564520955498e-06,2476.34839180828
Pool,G6P.p pool,,3.66396539013198e-06,2562.78138667353
Pool,G6P.x pool,,1,Inf
Pool,GA pool,,0,0
Pool,GA.p pool,,3.15531375521323e-06,2577.97297312054
Pool,GA.x pool,,1,Inf
Pool,GLN pool,,8.83867754961691,2458.09795119499
Pool,GLU pool,,2.3990612641505e-06,2445.86917859533
Pool,GLY pool,,0,0
Pool,GLY.c pool,,1.00000000002876e-07,0
Pool,GLY.m pool,,0.128604406601,0.0958565146242469
Pool,GLY.p pool,,0.000426313893516535,2491.23828861726
Pool,GLY.x pool,,1,Inf
Pool,Glyc pool,,4.85541356863607,1.40722275402696
Pool,Glyc.p pool,,1.05588291028487e-05,2526.5826344731
Pool,Glyc.x pool,,1,Inf
Pool,Glyx pool,,7.1252518667407,3.23787478648401
Pool,Glyx.p pool,,1.51052355802443e-05,2544.7155684537
Pool,Glyx.x pool,,1,Inf
Pool,HPA pool,,0.000137482102232979,2638.59383953778
Pool,HPA.p pool,,2.32751773901648e-06,2634.08471324319
Pool,HPA.x pool,,1,Inf
Pool,Hcy.c pool,,1,Inf
Pool,ICI pool,,0.00377960132346145,2598.45449546028
Pool,MAL pool,,0.188758309536837,0.0949607181086997
Pool,Met pool,,0.000226239339330594,2368.4782912001
Pool,Met.c pool,,1.76096731578776e-06,2612.57568737183
Pool,Met.x pool,,1,Inf
Pool,OAA pool,,0.0650901439593565,0.0189016078610886
Pool,P5P pool,,0,0
Pool,PEP pool,,0,0
Pool,PEP.c pool,,0.000621551097292978,2.48183415088274
Pool,PEP.x pool,,1,Inf
Pool,PRO pool,,5.39499638344466,2323.33466672656
Pool,PYR pool,,1.00000000058387e-07,0
Pool,PYR.c pool,,0.00315855584023308,0.00116503078479757
Pool,PYR.x pool,,1,Inf
Pool,Protein pool,,1,Inf
Pool,R5P pool,,0,0
Pool,R5P.p pool,,1.06988934832809e-05,2393.4953679281
Pool,R5P.x pool,,1,Inf
Pool,RU5P.p pool,,3.25563574744805e-06,2491.8471210454
Pool,RU5P.x pool,,1,Inf
Pool,RUBP pool,,0,0
Pool,RUBP.p pool,,3.25922320701708e-06,2517.23795454007
Pool,RUBP.x pool,,1,Inf
Pool,S6P pool,,1,Inf
Pool,S7P pool,,0,0
Pool,S7P.p pool,,3.15092681446378e-06,2697.5446968646
Pool,S7P.x pool,,1,Inf
Pool,SAH.c pool,,1,Inf
Pool,SAM pool,,5.09457742842734,1.36215801234799
Pool,SAM.c pool,,2.71638779224134e-06,2376.89140590664
Pool,SAM.x pool,,1,Inf
Pool,SBP pool,,0,0
Pool,SER pool,,0,0
Pool,SER.c pool,,1e-07,0
Pool,SER.m pool,,1.15950136392724,0.111473984639528
Pool,SER.p pool,,1.00000000002876e-07,0
Pool,SER.x pool,,1,Inf
Pool,Sink pool,,1,Inf
Pool,Starch pool,,1,Inf
Pool,THR pool,,1873.47579452637,2429.69553280759
Pool,TP pool,,0,0
Pool,TP.c pool,,4.18772486321932e-06,2648.98182548398
Pool,TP.p pool,,3.78874348674864e-06,2430.65928574061
Pool,TP.x pool,,1,Inf
Pool,UDPG pool,,0,0
Pool,UDPG.c pool,,1.23984271942124,2690.28809846699
Pool,UDPG.x pool,,1,Inf
Pool,X5P.p pool,,3.34206329962002e-06,2598.02517087903
Pool,dummy pool,,1,Inf
Pool,dummyGLY pool,,1,Inf
Pool,dummySER pool,,1,Inf
Pool,meTHF pool,,1.43160644216205,0.86457334310822
Pool,meTHF.c pool,,1.84384743194821e-06,2413.30034791927
Pool,meTHF.x pool,,1,Inf
Pool,myTHF.m pool,,1.00000000002876e-07,0
Pool,outSER pool,,1,Inf
Norm,Experiment1 Glyc205 #1 norm,,0.985797835105055,0.0128525057996031
Norm,Experiment1 Glyc205 #2 norm,,0.975260087863238,0.0230850237965837
Norm,Experiment1 Glyc205 #3 norm,,0.966088742939503,0.0215588582791692
Norm,Experiment1 Glyc205 #4 norm,,1.03006447905902,0.0338214523324552
Norm,Experiment1 Glyc205 #5 norm,,1.00454386073971,0.0336441021227105
Norm,Experiment1 Glyc205 #6 norm,,1.0097664378686,0.0286284165019742
Norm,Experiment1 Glyc205 #7 norm,,0.975632368945459,0.035773580837313
Norm,Experiment1 Glyc205 #8 norm,,0.980669857378806,0.030723991822144
Norm,Experiment1 Glyx160 #1 norm,,1.0408264146308,0.0115223104374993
Norm,Experiment1 Glyx160 #2 norm,,0.982098237918988,0.0137074147312943
Norm,Experiment1 Glyx160 #3 norm,,0.9801294042341,0.018537371482271
Norm,Experiment1 Glyx160 #4 norm,,1.01675644227084,0.0175644907900011
Norm,Experiment1 Glyx160 #5 norm,,0.951284874980402,0.0311321141706636
Norm,Experiment1 Glyx160 #6 norm,,1.02823720678284,0.0196835465215845
Norm,Experiment1 Glyx160 #7 norm,,0.962663707836986,0.0366520330864513
Norm,Experiment1 Glyx160 #8 norm,,0.997440003668544,0.0338003108304316
Norm,Experiment1 GLY276 #1 norm,,0.966809622654709,0.00992483696795529
Norm,Experiment1 GLY276 #2 norm,,1.01501419126493,0.0258539137014241
Norm,Experiment1 GLY276 #3 norm,,1.00485144038763,0.0464642856285489
Norm,Experiment1 GLY276 #4 norm,,0.967716266804613,0.0590752483322069
Norm,Experiment1 GLY276 #5 norm,,0.98549767486346,0.130455890778698
Norm,Experiment1 GLY276 #6 norm,,0.973413540485371,0.096774933771876
Norm,Experiment1 GLY276 #7 norm,,1.02611364409567,0.0721936629354193
Norm,Experiment1 GLY276 #8 norm,,0.972323866263698,0.0776587727947002
Norm,Experiment1 HPA262 #1 norm,,0.968888267218836,0.010656879785267
Norm,Experiment1 HPA262 #2 norm,,0.973739363321196,0.0277944337578697
Norm,Experiment1 HPA262 #3 norm,,0.948459347618687,0.0126305869841132
Norm,Experiment1 HPA262 #4 norm,,0.940200618151343,0.033801268694313
Norm,Experiment1 HPA262 #5 norm,,0.92974232893361,0.0229236089326913
Norm,Experiment1 HPA262 #6 norm,,0.925840753648603,0.0315032618031857
Norm,Experiment1 HPA262 #7 norm,,1.01605582695639,0.025747463530063
Norm,Experiment1 HPA262 #8 norm,,0.99455703893767,0.0233492253610368
Norm,Experiment1 GA307 #1 norm,,1.01053623197568,0.0123021858201964
Norm,Experiment1 GA307 #2 norm,,0.996266444893481,0.0305995735309879
Norm,Experiment1 GA307 #3 norm,,0.950664964162172,0.029545435822732
Norm,Experiment1 GA307 #4 norm,,0.987798245968851,0.0210859745160642
Norm,Experiment1 GA307 #5 norm,,0.972776660730094,0.0555109533095189
Norm,Experiment1 GA307 #6 norm,,1.02983516338357,0.0424004997791811
Norm,Experiment1 GA307 #7 norm,,1.00172918607799,0.0475535251491247
Norm,Experiment1 GA307 #8 norm,,0.99020397671026,0.0371281633481859
Norm,Experiment1 SER306 #1 norm,,1.01368741365505,0.0147469337841803
Norm,Experiment1 SER306 #2 norm,,0.985824886234432,0.0192570115187793
Norm,Experiment1 SER306 #3 norm,,0.926159783085847,0.0408519208678897
Norm,Experiment1 SER306 #4 norm,,1.01496277118825,0.0456309236058125
Norm,Experiment1 SER306 #5 norm,,1.02600408885786,0.0911413673656123
Norm,Experiment1 SER306 #6 norm,,0.874325109189361,0.0687277631131608
Norm,Experiment1 SER306 #7 norm,,1.01038862646013,0.0469850491039497
Norm,Experiment1 SER306 #8 norm,,0.989241809477939,0.0476209655456687
Norm,Experiment1 meTHF #1 norm,,0.989691800899247,0.00981531330457619
Norm,Experiment1 meTHF #2 norm,,1.00724720335554,0.0101138156184529
Norm,Experiment1 meTHF #3 norm,,0.835347063048074,0.0532786261894091
Norm,Experiment1 meTHF #4 norm,,1.05503563995784,0.0564735048015871
Norm,Experiment1 meTHF #5 norm,,0.971818449940089,0.0940539311698315
Norm,Experiment1 meTHF #6 norm,,1.03991282418973,0.146298179700806
Norm,Experiment1 meTHF #7 norm,,0.9824861796684,0.0624756136562735
Norm,Experiment1 meTHF #8 norm,,0.985711674158609,0.0930072175394972
Norm,Experiment1 FmTHF #1 norm,,1.0084142843708,0.0101140415993486
Norm,Experiment1 FmTHF #2 norm,,1.02289903523228,0.0237111974392889
Norm,Experiment1 FmTHF #3 norm,,0.980860776941949,0.0306599889972239
Norm,Experiment1 FmTHF #4 norm,,1.00963307612722,0.0285511073894862
Norm,Experiment1 FmTHF #5 norm,,0.967221207222743,0.0637742386275782
Norm,Experiment1 FmTHF #6 norm,,1.00145509895748,0.0598479683226274
Norm,Experiment1 FmTHF #7 norm,,0.9785381959336,0.0548683665395053
Norm,Experiment1 FmTHF #8 norm,,1.09552268904234,0.106185320314779
Norm,Experiment1 Met176 #1 norm,,0.976546958236441,0.0249584961801006
Norm,Experiment1 Met176 #2 norm,,0.958688713735767,0.0346874153468535
Norm,Experiment1 Met176 #3 norm,,0.934538748603782,0.0518633735039622
Norm,Experiment1 Met176 #4 norm,,0.988562268052018,0.0375244843135353
Norm,Experiment1 Met176 #5 norm,,1.03118669063367,0.0764100445029829
Norm,Experiment1 Met176 #6 norm,,1.04442815942025,0.193254691645459
Norm,Experiment1 Met176 #7 norm,,0.999924092519271,0.164109454398483
Norm,Experiment1 Met176 #8 norm,,1.00481635747695,0.10204064485931
Norm,Experiment1 SAM #1 norm,,1.01082777195657,0.0120035880993044
Norm,Experiment1 SAM #2 norm,,0.985285832458827,0.0119805655241509
Norm,Experiment1 SAM #3 norm,,1.02389765953404,0.0148133574873564
Norm,Experiment1 SAM #4 norm,,0.990213642998249,0.0230355707023743
Norm,Experiment1 SAM #5 norm,,0.993973476065496,0.0380786747033724
Norm,Experiment1 SAM #6 norm,,1.01126619011262,0.0655361943168944
Norm,Experiment1 SAM #7 norm,,1.00922785944281,0.099939357012601
Norm,Experiment1 SAM #8 norm,,0.993365273789744,0.0773819754395184
Norm,Experiment1 CIT465 #1 norm,,1.02944701474312,0.0122936927441683
Norm,Experiment1 CIT465 #2 norm,,0.981067479046765,0.0132336908763269
Norm,Experiment1 CIT465 #3 norm,,0.929293970255672,0.0107902799433463
Norm,Experiment1 CIT465 #4 norm,,0.992443439026195,0.0164473678849357
Norm,Experiment1 CIT465 #5 norm,,0.9533555399723,0.0131675330126253
Norm,Experiment1 CIT465 #6 norm,,1.01358677181784,0.0127240271258042
Norm,Experiment1 CIT465 #7 norm,,0.993141843277963,0.0138309499132654
Norm,Experiment1 CIT465 #8 norm,,1.01055489594144,0.0198132746394002
Norm,Experiment1 MAL335 #1 norm,,1.01100513200804,0.0123572860891518
Norm,Experiment1 MAL335 #2 norm,,1.00807828552592,0.0113876129856036
Norm,Experiment1 MAL335 #3 norm,,0.98021053366884,0.0101893012126701
Norm,Experiment1 MAL335 #4 norm,,0.944135856957237,0.0136841868187001
Norm,Experiment1 MAL335 #5 norm,,0.971264711918457,0.0141476371334396
Norm,Experiment1 MAL335 #6 norm,,1.03293326742036,0.0141098293362423
Norm,Experiment1 MAL335 #7 norm,,1.00503650956831,0.0204582233185394
Norm,Experiment1 MAL335 #8 norm,,0.999341506083864,0.0351943840066086
Norm,Experiment1 ASP334 #1 norm,,1.00429389330089,0.024193768347063
Norm,Experiment1 ASP334 #2 norm,,0.967022025981365,0.0310106795986048
Norm,Experiment1 ASP334 #3 norm,,0.990421891305437,0.0197481769117194
Norm,Experiment1 ASP334 #4 norm,,0.9967245774043,0.018329349453753
Norm,Experiment1 ASP334 #5 norm,,0.936075766838363,0.0285132374722595
Norm,Experiment1 ASP334 #6 norm,,0.986007719375154,0.0351444166334142
Norm,Experiment1 ASP334 #7 norm,,1.01495957411797,0.0328117965105277
Norm,Experiment1 ASP334 #8 norm,,0.995700583068715,0.0790665784441903
Norm,Experiment1 GLU348 #1 norm,,0.968303174631097,0.0207088310731988
Norm,Experiment1 GLU348 #2 norm,,0.958381511750324,0.0185979163903446
Norm,Experiment1 GLU348 #3 norm,,0.994957405173704,0.0112980084626615
Norm,Experiment1 GLU348 #4 norm,,1.00045371601362,0.0365927608258472
Norm,Experiment1 GLU348 #5 norm,,0.953710675085124,0.0224861676031639
Norm,Experiment1 GLU348 #6 norm,,0.996478536959942,0.0126561039226564
Norm,Experiment1 GLU348 #7 norm,,0.950568038273316,0.0152157015372965
Norm,Experiment1 GLU348 #8 norm,,1.00272711570732,0.0225588036342122
Norm,Experiment1 THR320 #1 norm,,0.95672876624673,0.00998665561980519
Norm,Experiment1 THR320 #2 norm,,0.974546571599171,0.0144519857877025
Norm,Experiment1 THR320 #3 norm,,1.00312493392127,0.0105205131955286
Norm,Experiment1 THR320 #4 norm,,0.99187158373276,0.0277014780419806
Norm,Experiment1 THR320 #5 norm,,1.04166712414851,0.0212539527130293
Norm,Experiment1 THR320 #6 norm,,0.990435519328151,0.011347844729558
Norm,Experiment1 THR320 #7 norm,,0.966818275056588,0.0139564878208325
Norm,Experiment1 THR320 #8 norm,,0.919108132241805,0.0256927668714513
Norm,Experiment1 ALA116 #1 norm,,0.987527968350608,0.00987699625034293
Norm,Experiment1 ALA116 #2 norm,,1.02169765143276,0.0102761732989527
Norm,Experiment1 ALA116 #3 norm,,1.0211836606034,0.0189874473137358
Norm,Experiment1 ALA116 #4 norm,,1.03472454888028,0.022919974823037
Norm,Experiment1 ALA116 #5 norm,,0.976688969115857,0.0864483782614747
Norm,Experiment1 ALA116 #6 norm,,0.976406211584848,0.0813497004234291
Norm,Experiment1 ALA116 #7 norm,,1.00918678720509,0.0589425601391129
Norm,Experiment1 ALA116 #8 norm,,0.976011727679781,0.111510343554993
Norm,Experiment1 PYR #1 norm,,1.01404914875373,0.0171787516983795
Norm,Experiment1 PYR #2 norm,,1.01140761581944,0.496903681546981
Norm,Experiment1 PYR #3 norm,,0.975083022528032,0.481648518673083
Norm,Experiment1 PYR #4 norm,,1.00635602161432,0.0458244732153643
Norm,Experiment1 PYR #5 norm,,1.02237055802089,0.0563369427532449
Norm,Experiment1 PYR #6 norm,,1.02710036860254,0.0532032317670701
Norm,Experiment1 PYR #7 norm,,0.990652661816022,0.115066807845123
Norm,Experiment1 PYR #8 norm,,1.00335232384903,0.0609792208261633
