type,id,eqn,val,std
Net flux,CO2.t,CO2.t -> CO2,46.8652630340876,1.09527966413396
Net flux,CO2_sink,dummy -> Sink,46.8652630340876,1.09527966413396
Net flux,RUBICSO_CO2,RUBP.p + CO2 -> 3PGA.p + 3PGA.p + dummy,57.4673344383163,1.24146636784275
Net flux,GAPDH.p net,3PGA.p <-> TP.p,136.866598901077,2.69537941506529
Exch flux,GAPDH.p exch,3PGA.p <-> TP.p,10.3182191060434,3.00950355233087
Net flux,ALD,TP.p + E4P.p -> SBP,25.0141042256479,0.491057570204633
Net flux,SBP,SBP -> S7P.p,25.0141042256479,0.491057570204633
Net flux,FBA.p net,TP.p + TP.p <-> FBP.p,29.6785666353971,0.654246174187606
Exch flux,FBA.p exch,TP.p + TP.p <-> FBP.p,19958.310661519,1257.43139575179
Net flux,PFK.p net,FBP.p <-> F6P.p,29.6785666354003,0.654246174187606
Exch flux,PFK.p exch,FBP.p <-> F6P.p,1.0001484440636e-07,5.04208834021968e-13
Net flux,TK1 net,TP.p + EC2 <-> X5P.p,50.0282084512958,0.982115140409266
Exch flux,TK1 exch,TP.p + EC2 <-> X5P.p,1.0000000116861e-07,0
Net flux,TK2 net,S7P.p <-> R5P.p + EC2,25.0141042256479,0.491057570204633
Exch flux,TK2 exch,S7P.p <-> R5P.p + EC2,39.3872086316401,2223.04969339262
Net flux,TK3 net,F6P.p <-> E4P.p + EC2,25.0141042256473,0.491057570204633
Exch flux,TK3 exch,F6P.p <-> E4P.p + EC2,6524.54478206293,2645.87233787815
Net flux,PPE net,X5P.p <-> RU5P.p,50.0282084512958,0.982115140409266
Exch flux,PPE exch,X5P.p <-> RU5P.p,89.6888062157976,2276.3722431311
Net flux,PPI net,R5P.p <-> RU5P.p,25.014104225648,0.491057570204633
Exch flux,PPI exch,R5P.p <-> RU5P.p,255.789086121749,2427.25633728363
Net flux,PRK,RU5P.p -> RUBP.p,75.0423126769439,1.4731727106139
Net flux,RUBISCO_O2,RUBP.p -> 3PGA.p + 2PG.p,17.5749782386275,0.593097940322499
Net flux,GLYdil net,GLY.p <-> GLY.x + dummyGLY,0.00628507214863561,0.000969122954736901
Exch flux,GLYdil exch,GLY.p <-> GLY.x + dummyGLY,1.0000000116861e-07,0
Net flux,SERdil net,SER.p <-> SER.x + dummySER,2.33175723757084,2376.39632812174
Exch flux,SERdil exch,SER.p <-> SER.x + dummySER,0.672787755100117,2376.39495043975
Net flux,GK,GA.p -> 3PGA.p,4.61997496217196,0.585253785079093
Net flux,PGI.p net,F6P.p <-> G6P.p,4.66446240975232,0.34744091747012
Exch flux,PGI.p exch,F6P.p <-> G6P.p,0.0279850185532453,2426.94686695658
Net flux,PGM.p,G6P.p -> ADPG.p,4.66446240975233,0.34744091747012
Net flux,Starch,ADPG.p -> Starch,4.66446240975231,0.34744091747012
Net flux,FBA.c net,TP.c + TP.c <-> FBP.c,1.2335764766649,0.190210589814878
Exch flux,FBA.c exch,TP.c + TP.c <-> FBP.c,21.0571138486986,2076.58763283003
Net flux,PFK.c net,FBP.c <-> F6P.c,1.23357647666491,0.190210589814878
Exch flux,PFK.c exch,FBP.c <-> F6P.c,5.71101879362853,2076.58763283003
Net flux,PGI.c net,F6P.c <-> G6P.c,0.616788238332475,0.0951052949074388
Exch flux,PGI.c exch,F6P.c <-> G6P.c,227.549914543247,2076.58762629646
Net flux,PGM.c net,G6P.c <-> UDPG.c,0.616788238330628,0.0951052949074388
Exch flux,PGM.c exch,G6P.c <-> UDPG.c,48481.425580529,2076.58762411861
Net flux,SPS,F6P.c + UDPG.c -> S6P,0.616788238332422,0.0951052949074388
Net flux,PGAM.c net,3PGA.c <-> PEP.c,0.263023176354449,0.040556702005648
Exch flux,PGAM.c exch,3PGA.c <-> PEP.c,2.28299592780551,2076.58762451465
Net flux,PK.c,PEP.c -> PYR.c,0.119391699294205,0.0184095319169409
Net flux,PDH,PYR.c + dummy -> ACA + CO2,0.099364585195604,0.015321463015505
Net flux,CS,OAA + ACA -> CIT,0.0993645851956,0.015321463015505
Net flux,ACO net,CIT <-> ICI,0.0993645851956444,0.015321463015505
Exch flux,ACO exch,CIT <-> ICI,1448.97213106554,2076.58762411861
Net flux,IDH,ICI + dummy -> AKG + CO2,0.0993645851956164,0.015321463015505
Net flux,MDH net,MAL <-> OAA,2.1316282072803e-14,0
Exch flux,MDH exch,MAL <-> OAA,0.118198197917302,0.0495779883401962
Net flux,PPC,PEP.c + CO2 -> OAA + dummy,0.143631477060672,0.0221471700569066
Net flux,T_3PGA net,3PGA.p <-> 3PGA.c,0.26302317635443,0.040556702005648
Exch flux,T_3PGA exch,3PGA.p <-> 3PGA.c,1.0000000116861e-07,0
Net flux,T_DHAP net,TP.p <-> TP.c,2.46715295332985,0.380421179629755
Exch flux,T_DHAP exch,TP.p <-> TP.c,9.99999998363421e-08,0
Net flux,ALT,PYR.c -> ALA.c,0.0200271140986825,0.00308806893237117
Net flux,ASPT,OAA -> ASP,0.0442668918652795,0.00682570702060188
Net flux,GLUDH,AKG -> GLU,0.0993645851955933,0.015321463015505
Net flux,PCR net,GLU <-> PRO,-2.48689957516035e-14,0
Exch flux,PCR exch,GLU <-> PRO,1.0000000116861e-07,0
Net flux,GS net,GLU <-> GLN,0,0
Exch flux,GS exch,GLU <-> GLN,1.00041525286088e-07,0
Net flux,TS net,ASP <-> THR,0,0
Exch flux,TS exch,ASP <-> THR,1.0000000116861e-07,0
Net flux,AS net,ASP <-> ASN,1.06581410364015e-14,0
Exch flux,AS exch,ASP <-> ASN,1.0000000116861e-07,0
Net flux,G_3PGA.p,0*3PGA.p -> 3PGA,2.46866294872916e-06,3300.10843390511
Net flux,G_3PGA.c,0*3PGA.c -> 3PGA,92.9119081397677,2268.70344904852
Net flux,G_DHAP.p,0*TP.p -> TP,40.685379842242,3385.53830355498
Net flux,G_DHAP.c,0*TP.c -> TP,51.8471856996947,2401.0387984658
Net flux,G_F6P.p,0*F6P.p -> F6P,48.6686345030749,3351.49186239527
Net flux,G_F6P.c,0*F6P.c -> F6P,36.546576817712,2359.74830716767
Net flux,G_FBP.p,0*FBP.p -> FBP,2.46866126474288e-06,3411.90565752551
Net flux,G_FBP.c,0*FBP.c -> FBP,83.4512310463802,2351.58572447409
Net flux,G_G6P.p,0*G6P.p -> G6P,19.0549768397257,3313.77745722912
Net flux,G_G6P.c,0*G6P.c -> G6P,58.8549499993083,2321.26107601458
Net flux,G_RU5P.p,0*RU5P.p -> P5P,2.46865368325189e-06,3146.98011181347
Net flux,G_X5P.p,0*X5P.p -> P5P,92.8477691494364,2291.92228236636
Net flux,G_R5P.p,0*R5P.p -> R5P,82.2810779884949,2247.39067807523
Net flux,G_GA.p,0*GA.p -> GA,38.6451501263522,1.54024828301277
Net flux,G_SER.p,0*SER.p -> SER,90.9716651541184,2319.22570605462
Net flux,G_GLY.p,0*GLY.p -> GLY,25.2394615386048,2213.94251515017
Net flux,G_RUBP.p,0*RUBP.p -> RUBP,92.5302752673063,2475.75926179406
Net flux,G_S7P.p,0*S7P.p -> S7P,98.4567310636212,2439.56816218553
Net flux,G_2PG.p,0*2PG.p -> 2PG,87.0427532706349,2344.7729386151
Net flux,G_ADPG.p,0*ADPG.p -> ADPG,95.0805622183377,2436.96383922138
Net flux,G_PEP.c,0*PEP.c -> PEP,89.2305410445615,2409.52023408345
Net flux,G_UDPG.c,0*UDPG.c -> UDPG,72.4268033045549,2265.19257246256
Net flux,G_ALA.c,0*ALA.c -> ALA,66.3483627070547,5.19433800730697
Net flux,(1-G)_GA,0*GA.x -> GA,61.3548498736499,1.54024828301277
Net flux,(1-G)_SER,0*SER.x -> SER,9.02832358936157,2.44585295415352
Net flux,(1-G)_GLY,0*GLY.x -> GLY,36.0609336615746,3.00121924210305
Net flux,(1-G)_R5P,0*R5P.x -> R5P,17.718922011502,2247.39067807523
Net flux,(1-G)_RUBP,0*RUBP.x -> RUBP,7.46972473269241,2475.75926179406
Net flux,(1-G)_3PGA,0*3PGA.x -> 3PGA,7.08808939156962,2344.33227223224
Net flux,(1-G)_TP,0*TP.x -> TP,7.46743445806383,2323.98500082158
Net flux,(1-G)_F6P,0*F6P.x -> F6P,14.7847886792169,2381.85493965068
Net flux,(1-G)_FBP,0*FBP.x -> FBP,16.5487664849532,2520.8851658289
Net flux,(1-G)_G6P,0*G6P.x -> G6P,22.0900731609643,2412.8049467219
Net flux,(1-G)_RU5P,0*RU5P.x -> P5P,7.15222838191137,2342.48584218099
Net flux,(1-G)_S7P,0*S7P.x -> S7P,1.54326893637677,2439.56816218553
Net flux,(1-G)_2PG,0*2PG.x -> 2PG,12.9572467293675,2344.7729386151
Net flux,(1-G)_ADPG,0*ADPG.x -> ADPG,4.91943778166132,2436.96383922138
Net flux,(1-G)_PEP,0*PEP.x -> PEP,10.7694589554367,2409.52023408345
Net flux,(1-G)_UDPG,0*UDPG.x -> UDPG,27.5731966954463,2265.19257246256
Net flux,(1-G)_ALA,0*ALA.x -> ALA,33.6516372929451,5.19433800730697
Net flux,PGASink,3PGA -> Sink,100,0
Net flux,DHAPSink,TP -> Sink,100.000000000001,0
Net flux,F6PSink,F6P -> Sink,100.000000000004,0
Net flux,FBPSink,FBP -> Sink,99.9999999999947,0
Net flux,G6PSink,G6P -> Sink,99.9999999999983,0
Net flux,P5PSink,P5P -> Sink,100.000000000001,0
Net flux,R5PSink,R5P -> Sink,99.9999999999968,0
Net flux,GASink,GA -> Sink,100.000000000002,0
Net flux,SERSink,SER -> Sink,99.9999999999996,0
Net flux,GLYSink,GLY -> Sink,100.000000000001,0
Net flux,RUBPSink,RUBP -> Sink,99.9999999999987,0
Net flux,S7PSink,S7P -> Sink,99.9999999999979,0
Net flux,2PGSink,2PG -> Sink,100.000000000002,0
Net flux,ADPGSink,ADPG -> Sink,99.999999999999,0
Net flux,PEPSink,PEP -> Sink,99.9999999999983,0
Net flux,UDPGSink,UDPG -> Sink,100.000000000001,0
Net flux,ALASink,ALA -> Sink,99.9999999999998,0
Net flux,S6Pout-LL,S6P + 0.1611*GLU + 0.07177*ASP + 0.03247*ALA.c + 0.01019*dummyGLY + 0.03484*dummySER -> Sink,0.616788238332457,0.0951052949074388
Net flux,PGP.p,2PG.p -> Glyc.p,17.5749782386276,0.593097940322499
Net flux,GOX,Glyc.p -> Glyx.p,17.5749782386276,0.593097940322499
Net flux,GGT,Glyx.p -> GLY.p,17.5749782386276,0.593097940322499
Net flux,SGAT,SER.p -> HPA.p,4.61997496217194,0.585253785079093
Net flux,HPR.p,HPA.p -> GA.p,4.61997496217194,0.585253785079093
Net flux,T_GLY-m net,GLY.p <-> GLY.m,16.3458837153157,2323.1822301855
Exch flux,T_GLY-m exch,GLY.p <-> GLY.m,231980.178209304,2401.31996223275
Net flux,GDC.m,GLY.m + dummy -> myTHF.m + CO2,10.5469737108984,0.614649346855078
Net flux,T_SER-m net,SER.p <-> SER.m,-10.5469737108984,0.614649346855078
Exch flux,T_SER-m exch,SER.p <-> SER.m,47.72696206014,2582.37123771742
Net flux,mSHMT,GLY.m + myTHF.m -> SER.m,10.5469737108984,0.614649346855078
Net flux,T_SER-c net,SER.p <-> SER.c,3.59524151115563,2376.39658530208
Exch flux,T_SER-c exch,SER.p <-> SER.c,0.0505862371154508,2376.39494316253
Net flux,T_Gly-c net,GLY.p <-> GLY.c,1.22280945115029,2323.18217137077
Exch flux,T_Gly-c exch,GLY.p <-> GLY.c,0.527862864796256,2323.18126222383
Net flux,cSHMT,SER.c -> GLY.c + meTHF.c,3.52525435531788,1.15439000880751
Net flux,FmTHF-reductase net,meTHF.c <-> FmTHF.c,3.52525435531788,1.15439000880751
Exch flux,FmTHF-reductase exch,meTHF.c <-> FmTHF.c,13.3754295250682,2453.44090363749
Net flux,Met-synthase,FmTHF.c + Hcy.c -> Met.c,3.52525435531786,1.15439000880751
Net flux,SAM-synthase,Met.c -> SAM.c,3.52525435531787,1.15439000880751
Net flux,Methylation,SAM.c -> SAH.c + Acceptor.c,3.52525435531787,1.15439000880751
Net flux,hydrolysis,SAH.c -> Hcy.c,3.52525435531786,1.15439000880751
Net flux,G_SER.m,0*SER.m -> SER,1.0000000116861e-07,0
Net flux,G_SER.c,0*SER.c -> SER,1.11565196370123e-05,2319.2244163571
Net flux,G_Gly.m,0*GLY.m -> GLY,0.000869896423381533,2213.93340913471
Net flux,G_Gly.c,0*GLY.c -> GLY,38.6987349033984,6.80643305942628
Net flux,T_GLY-c-m,GLY.c -> GLY.m,4.74806370646824,2323.1820969232
Net flux,G_Glyc,0*Glyc.p -> Glyc,24.4492200492829,1.21834841184986
Net flux,G_Glyx,0*Glyx.p -> Glyx,14.3635526572515,2.15011796649437
Net flux,G_HPA,0*HPA.p -> HPA,7.52350950680268,1.26009174367876
Net flux,(1-G)_Glyc,0*Glyc.x -> Glyc,75.5507799507177,1.21834841184986
Net flux,(1-G)_Glyx,0*Glyx.x -> Glyx,85.6364473427493,2.15011796649437
Net flux,(1-G)_HPA,0*HPA.x -> HPA,92.4764904931972,1.26009174367876
Net flux,GlycSink,Glyc -> Sink,100.000000000001,0
Net flux,GlyxSink,Glyx -> Sink,100.000000000001,0
Net flux,HPASink,HPA -> Sink,99.9999999999998,0
Net flux,SERex,dummySER -> outSER,2.31026635792462,2376.39632823596
Net flux,G_PYR,0*PYR.c -> PYR,30.5220585626367,1.68361787414553
Net flux,(1-G)_PYR,0*PYR.x -> PYR,69.4779414373635,1.68361787414553
Net flux,PYRSink,PYR -> Sink,100,0
Net flux,G_meTHF,0*meTHF.c -> meTHF,99.9939968323199,2355.44311960405
Net flux,G_FmTHF,0*FmTHF.c -> FmTHF,70.9472283481158,2.79115743428735
Net flux,G_Met,0*Met.c -> Met,58.1143940782623,4.13880456727181
Net flux,G_SAM,0*SAM.c -> SAM,71.6282553603926,4.48207059698317
Net flux,(1-G)_meTHF,0*meTHF.x -> meTHF,0.00600316768006337,2355.44311960405
Net flux,(1-G)_FmTHF,0*FmTHF.x -> FmTHF,29.0527716518843,2.79115743428735
Net flux,(1-G)_Met,0*Met.x -> Met,41.8856059217377,4.13880456727181
Net flux,(1-G)_SAM,0*SAM.x -> SAM,28.3717446396074,4.48207059698317
Net flux,meTHFSink,meTHF -> Sink,99.9999999999999,0
Net flux,FmTHFSink,FmTHF -> Sink,100,0
Net flux,MetSink,Met -> Sink,100,0
Net flux,SAMsink,SAM -> Sink,100,0
Net flux,Met-protein,Met.c -> Protein,6.51983996113883e-15,0
Net flux,GLY-protein,GLY.c -> Protein,9.99999638651161e-08,7.14139457762235e-13
Net flux,SER-protein,SER.c -> Protein,0.0699871558377492,2376.39637899468
Pool,2PG pool,,0,0
Pool,2PG.p pool,,1.16806757409902e-06,2438.22874510176
Pool,2PG.x pool,,1,Inf
Pool,3PGA pool,,0,0
Pool,3PGA.c pool,,0.00910663177893197,0.00289061558526443
Pool,3PGA.p pool,,1.84266193925202e-06,2459.31474208082
Pool,3PGA.x pool,,1,Inf
Pool,ACA pool,,4.66733208410106e-07,2371.40423580203
Pool,ADPG pool,,0,0
Pool,ADPG.p pool,,9.9999999999999e-08,Inf
Pool,ADPG.x pool,,1,Inf
Pool,AKG pool,,5.43681659802479e-07,2375.94519213759
Pool,ALA pool,,0,0
Pool,ALA.c pool,,0.00432943696509648,0.00117805796714852
Pool,ALA.x pool,,1,Inf
Pool,ASN pool,,7566.06815136181,2395.24288440535
Pool,ASP pool,,1e-07,0
Pool,Acceptor.c pool,,1,Inf
Pool,CIT pool,,3.44976418576159,1.87664922072455
Pool,CO2 pool,,0.335586331471177,0.174991767080346
Pool,CO2.t pool,,1,Inf
Pool,E4P.p pool,,0,0
Pool,EC2 pool,,0,0
Pool,F6P pool,,0,0
Pool,F6P.c pool,,3.82970800347629e-06,2309.84983081532
Pool,F6P.p pool,,1.46531600247305e-06,2368.55931323807
Pool,F6P.x pool,,1,Inf
Pool,FBP pool,,0,0
Pool,FBP.c pool,,3.8296640901519e-06,2405.08561084224
Pool,FBP.p pool,,7.2459415286565e-07,2349.65119191194
Pool,FBP.x pool,,1,Inf
Pool,FmTHF pool,,0.580993687892866,0.712030322828825
Pool,FmTHF.c pool,,2.05772254348645e-07,2417.57322542428
Pool,FmTHF.x pool,,1,Inf
Pool,G6P pool,,0,0
Pool,G6P.c pool,,9.87486749850443e-06,2513.72941306322
Pool,G6P.p pool,,2.79481817481007e-06,2514.78347361709
Pool,G6P.x pool,,1,Inf
Pool,GA pool,,0,0
Pool,GA.p pool,,5.67774495136166e-07,2495.10438606895
Pool,GA.x pool,,1,Inf
Pool,GLN pool,,8.83867754639194,2313.31963274481
Pool,GLU pool,,5.43680982042876e-07,2517.35811652747
Pool,GLY pool,,0,0
Pool,GLY.c pool,,0.395193088174299,0.155175682254512
Pool,GLY.m pool,,0.0905149266523615,0.128546617369775
Pool,GLY.p pool,,0.000447788264218952,2471.86981445431
Pool,GLY.x pool,,1,Inf
Pool,Glyc pool,,6.85238680923356,1.58078533717905
Pool,Glyc.p pool,,7.0334653835367e-07,2318.6760290929
Pool,Glyc.x pool,,1,Inf
Pool,Glyx pool,,21.4710020290218,8.02869286324822
Pool,Glyx.p pool,,0.0898922469746261,0.106916199315192
Pool,Glyx.x pool,,1,Inf
Pool,HPA pool,,1.74766056390361e-05,2398.26506111657
Pool,HPA.p pool,,3.35495385930204e-07,2348.12607132612
Pool,HPA.x pool,,1,Inf
Pool,Hcy.c pool,,1,Inf
Pool,ICI pool,,0.00297062743765383,2365.0339833572
Pool,MAL pool,,0.236827384762401,0.103248290051323
Pool,Met pool,,2.88327450221558e-06,2342.7600213962
Pool,Met.c pool,,1.09056869047167e-07,2575.34554349159
Pool,Met.x pool,,1,Inf
Pool,OAA pool,,0.133118051340412,0.025892501437832
Pool,P5P pool,,0,0
Pool,PEP pool,,0,0
Pool,PEP.c pool,,1.00002627999266e-07,2568.18958800581
Pool,PEP.x pool,,1,Inf
Pool,PRO pool,,5.39499638022235,2370.50768627036
Pool,PYR pool,,1e-07,2429.36396558358
Pool,PYR.c pool,,0.00104856513155016,0.00107399183575309
Pool,PYR.x pool,,1,Inf
Pool,Protein pool,,1,Inf
Pool,R5P pool,,0,0
Pool,R5P.p pool,,9.99999999999999e-08,0
Pool,R5P.x pool,,1,Inf
Pool,RU5P.p pool,,8.53917930675549e-07,2609.64960241508
Pool,RU5P.x pool,,1,Inf
Pool,RUBP pool,,0,0
Pool,RUBP.p pool,,8.52324465550773e-07,2381.58746317215
Pool,RUBP.x pool,,1,Inf
Pool,S6P pool,,1,Inf
Pool,S7P pool,,0,0
Pool,S7P.p pool,,3.6392657563037e-07,2568.9940996377
Pool,S7P.x pool,,1,Inf
Pool,SAH.c pool,,1,Inf
Pool,SAM pool,,7.02791852198079,1.87952720513586
Pool,SAM.c pool,,7.26874301775336e-06,2408.23638007972
Pool,SAM.x pool,,1,Inf
Pool,SBP pool,,0,0
Pool,SER pool,,0,0
Pool,SER.c pool,,9.999999997512e-08,0
Pool,SER.m pool,,1.09408160439115,0.111427491453724
Pool,SER.p pool,,9.87937339167585e-05,2475.19901696365
Pool,SER.x pool,,1,Inf
Pool,Sink pool,,1,Inf
Pool,Starch pool,,1,Inf
Pool,THR pool,,3879.30974642357,2440.7259181497
Pool,TP pool,,0,0
Pool,TP.c pool,,4.1876231197764e-06,2517.88219267914
Pool,TP.p pool,,1.74214248973145e-06,2378.9453157747
Pool,TP.x pool,,1,Inf
Pool,UDPG pool,,0,0
Pool,UDPG.c pool,,0.169044597962571,2465.7088534524
Pool,UDPG.x pool,,1,Inf
Pool,X5P.p pool,,8.71010425498932e-07,2387.48659600054
Pool,dummy pool,,1,Inf
Pool,dummyGLY pool,,1,Inf
Pool,dummySER pool,,1,Inf
Pool,meTHF pool,,2.05941703713222,1.00889351987763
Pool,meTHF.c pool,,2.96008501618415e-07,2644.35195706367
Pool,meTHF.x pool,,1,Inf
Pool,myTHF.m pool,,1.00000000002876e-07,0
Pool,outSER pool,,1,Inf
Norm,Experiment1 Glyc205 #1 norm,,0.965773477451562,0.0126629766829596
Norm,Experiment1 Glyc205 #2 norm,,0.96970293794049,0.0220148737721983
Norm,Experiment1 Glyc205 #3 norm,,1.00079000307718,0.0204047670932583
Norm,Experiment1 Glyc205 #4 norm,,0.991138046975385,0.030617000694358
Norm,Experiment1 Glyc205 #5 norm,,0.981620064301007,0.0361114995174621
Norm,Experiment1 Glyc205 #6 norm,,1.03243866704567,0.0268455008562875
Norm,Experiment1 Glyc205 #7 norm,,0.977554035938025,0.0351612163110366
Norm,Experiment1 Glyc205 #8 norm,,0.981939074108159,0.0301555507964498
Norm,Experiment1 Glyx160 #1 norm,,1.00478841952578,0.0111367639799786
Norm,Experiment1 Glyx160 #2 norm,,0.971997831461561,0.012972822819004
Norm,Experiment1 Glyx160 #3 norm,,1.0090623379187,0.0176025026608481
Norm,Experiment1 Glyx160 #4 norm,,1.0313049737974,0.0152830807110269
Norm,Experiment1 Glyx160 #5 norm,,0.969502049093952,0.0349547241205575
Norm,Experiment1 Glyx160 #6 norm,,0.992999053061898,0.0208636093666762
Norm,Experiment1 Glyx160 #7 norm,,0.926657603611353,0.0354230705277932
Norm,Experiment1 Glyx160 #8 norm,,1.01657129454235,0.0389672982406057
Norm,Experiment1 GLY276 #1 norm,,0.995115475238277,0.0101526792489687
Norm,Experiment1 GLY276 #2 norm,,0.996218932756471,0.0267507811478808
Norm,Experiment1 GLY276 #3 norm,,0.972409156953443,0.0472992300834997
Norm,Experiment1 GLY276 #4 norm,,0.987697483755635,0.0681037506763516
Norm,Experiment1 GLY276 #5 norm,,0.99479209351639,0.131214891070832
Norm,Experiment1 GLY276 #6 norm,,0.875238532719623,0.077030227653816
Norm,Experiment1 GLY276 #7 norm,,1.03345408448531,0.0684522719697918
Norm,Experiment1 GLY276 #8 norm,,0.988837530271152,0.0696062232296872
Norm,Experiment1 HPA262 #1 norm,,0.980568304281439,0.0108226907588411
Norm,Experiment1 HPA262 #2 norm,,0.946494624979881,0.026310334168889
Norm,Experiment1 HPA262 #3 norm,,0.972880999722946,0.0131336957237995
Norm,Experiment1 HPA262 #4 norm,,0.908862605976379,0.0353726673844841
Norm,Experiment1 HPA262 #5 norm,,0.934204001194892,0.0230388719630011
Norm,Experiment1 HPA262 #6 norm,,1.02030974685606,0.0348573923595036
Norm,Experiment1 HPA262 #7 norm,,1.00658428897256,0.0260114692617789
Norm,Experiment1 HPA262 #8 norm,,1.00247147063498,0.0230885668364714
Norm,Experiment1 GA307 #1 norm,,0.961303158880635,0.0118531169519992
Norm,Experiment1 GA307 #2 norm,,0.986746660867427,0.0308051572308771
Norm,Experiment1 GA307 #3 norm,,0.961545579557013,0.0323535248944207
Norm,Experiment1 GA307 #4 norm,,0.987855246063788,0.0200495645283337
Norm,Experiment1 GA307 #5 norm,,1.00387818595098,0.0565229385766736
Norm,Experiment1 GA307 #6 norm,,1.03978208122536,0.0423412513910831
Norm,Experiment1 GA307 #7 norm,,0.967036127878497,0.0424493888494417
Norm,Experiment1 GA307 #8 norm,,0.968110321582231,0.0338427073457275
Norm,Experiment1 SER306 #1 norm,,0.990210374709326,0.0145502353635891
Norm,Experiment1 SER306 #2 norm,,1.00870044006971,0.0209804468347701
Norm,Experiment1 SER306 #3 norm,,0.933324049718264,0.0421365054589815
Norm,Experiment1 SER306 #4 norm,,1.05517789661123,0.0498624351692643
Norm,Experiment1 SER306 #5 norm,,1.1096384309092,0.0974225106392747
Norm,Experiment1 SER306 #6 norm,,0.970209578169962,0.0615638199655162
Norm,Experiment1 SER306 #7 norm,,1.00801911165918,0.0461414114011905
Norm,Experiment1 SER306 #8 norm,,0.994329898251757,0.0535492311218007
Norm,Experiment1 meTHF #1 norm,,1.00543115729824,0.0101660376447273
Norm,Experiment1 meTHF #2 norm,,1.0342300447,0.0103225050038588
Norm,Experiment1 meTHF #3 norm,,1.10209497343496,0.0706959566204028
Norm,Experiment1 meTHF #4 norm,,0.990678022549479,0.0513175579801396
Norm,Experiment1 meTHF #5 norm,,0.974218948703177,0.102388606302981
Norm,Experiment1 meTHF #6 norm,,1.02101976118396,0.12543729807603
Norm,Experiment1 meTHF #7 norm,,0.975837077310932,0.0539906108435909
Norm,Experiment1 meTHF #8 norm,,0.865001976530839,0.0827557700306466
Norm,Experiment1 FmTHF #1 norm,,0.994122744852964,0.0101083774436798
Norm,Experiment1 FmTHF #2 norm,,0.990943125255369,0.022329230984794
Norm,Experiment1 FmTHF #3 norm,,0.970957950625063,0.0336444935403819
Norm,Experiment1 FmTHF #4 norm,,1.01789077824747,0.027530113507971
Norm,Experiment1 FmTHF #5 norm,,0.948110160605137,0.0563454028913505
Norm,Experiment1 FmTHF #6 norm,,1.00980226647574,0.067366802542818
Norm,Experiment1 FmTHF #7 norm,,0.989202546169772,0.0508736695581879
Norm,Experiment1 FmTHF #8 norm,,1.08092872421099,0.104433532165197
Norm,Experiment1 Met176 #1 norm,,0.994272628048957,0.0251072012433735
Norm,Experiment1 Met176 #2 norm,,0.84789895335792,0.0319504151809479
Norm,Experiment1 Met176 #3 norm,,0.91170103859592,0.0541287971639073
Norm,Experiment1 Met176 #4 norm,,0.978469446568286,0.0374822028735729
Norm,Experiment1 Met176 #5 norm,,0.96891449168971,0.0793816185867105
Norm,Experiment1 Met176 #6 norm,,1.00879344699446,0.109562798279677
Norm,Experiment1 Met176 #7 norm,,1.00201432275393,0.125878644426991
Norm,Experiment1 Met176 #8 norm,,0.996197663944239,0.124317982380034
Norm,Experiment1 SAM #1 norm,,1.00427721098944,0.011951685664021
Norm,Experiment1 SAM #2 norm,,0.986556990594689,0.0118856835992613
Norm,Experiment1 SAM #3 norm,,0.993193341456022,0.0137818476226326
Norm,Experiment1 SAM #4 norm,,1.02580406299039,0.0223280451992361
Norm,Experiment1 SAM #5 norm,,0.989046952762976,0.0400402244289828
Norm,Experiment1 SAM #6 norm,,1.00111769825484,0.065856147394751
Norm,Experiment1 SAM #7 norm,,1.01511829912947,0.0907926862325758
Norm,Experiment1 SAM #8 norm,,0.970549817880959,0.0916987336185258
Norm,Experiment1 CIT465 #1 norm,,0.998446571189474,0.0117651458065779
Norm,Experiment1 CIT465 #2 norm,,0.975680876716694,0.0134639865331595
Norm,Experiment1 CIT465 #3 norm,,0.995396526178821,0.0116314592681774
Norm,Experiment1 CIT465 #4 norm,,0.949914617556071,0.0159627220650507
Norm,Experiment1 CIT465 #5 norm,,1.03132776385291,0.014095274937785
Norm,Experiment1 CIT465 #6 norm,,0.953020089057433,0.0119580167940887
Norm,Experiment1 CIT465 #7 norm,,0.990427865487738,0.0133943756456718
Norm,Experiment1 CIT465 #8 norm,,1.02659366315379,0.0197921286737408
Norm,Experiment1 MAL335 #1 norm,,0.972457929211683,0.0122293417729477
Norm,Experiment1 MAL335 #2 norm,,0.962024652469171,0.0106633943409431
Norm,Experiment1 MAL335 #3 norm,,0.966385917472794,0.0101137657233906
Norm,Experiment1 MAL335 #4 norm,,0.994978957373958,0.0149315886330524
Norm,Experiment1 MAL335 #5 norm,,0.972411178326183,0.0138489550737539
Norm,Experiment1 MAL335 #6 norm,,1.03031035469963,0.0141901228213302
Norm,Experiment1 MAL335 #7 norm,,0.995218574134252,0.0205891878914094
Norm,Experiment1 MAL335 #8 norm,,0.967257333836759,0.0359928051595377
Norm,Experiment1 ASP334 #1 norm,,0.991800962772189,0.0227117607324519
Norm,Experiment1 ASP334 #2 norm,,0.9879253909663,0.031062330072015
Norm,Experiment1 ASP334 #3 norm,,0.973269466739116,0.0198060212005859
Norm,Experiment1 ASP334 #4 norm,,0.951508536274422,0.0163394292727323
Norm,Experiment1 ASP334 #5 norm,,0.969456286010341,0.0264782288813761
Norm,Experiment1 ASP334 #6 norm,,0.997228884038859,0.0301608625249962
Norm,Experiment1 ASP334 #7 norm,,1.0215670200379,0.0316532517371805
Norm,Experiment1 ASP334 #8 norm,,0.976747601098178,0.0781985185824628
Norm,Experiment1 GLU348 #1 norm,,1.0110968997142,0.0220865772483729
Norm,Experiment1 GLU348 #2 norm,,0.971028188831021,0.0192690460205324
Norm,Experiment1 GLU348 #3 norm,,1.0040575332975,0.0111691049880978
Norm,Experiment1 GLU348 #4 norm,,0.968840153818857,0.0352368029946203
Norm,Experiment1 GLU348 #5 norm,,0.995194631703491,0.0227384113165476
Norm,Experiment1 GLU348 #6 norm,,1.01754088928327,0.0135112988767792
Norm,Experiment1 GLU348 #7 norm,,0.992684658524823,0.0152835116904644
Norm,Experiment1 GLU348 #8 norm,,0.944130896366225,0.0208893079338245
Norm,Experiment1 THR320 #1 norm,,0.988302215006923,0.010297304352156
Norm,Experiment1 THR320 #2 norm,,1.00658162356493,0.0144619270881487
Norm,Experiment1 THR320 #3 norm,,0.95048700633781,0.0100145537009724
Norm,Experiment1 THR320 #4 norm,,1.00567347112016,0.0299045072968686
Norm,Experiment1 THR320 #5 norm,,1.01130420763166,0.0211925433416779
Norm,Experiment1 THR320 #6 norm,,0.977514122407366,0.0112078547427749
Norm,Experiment1 THR320 #7 norm,,0.995138333038584,0.0140897455034052
Norm,Experiment1 THR320 #8 norm,,0.917728904451589,0.0245316652881681
Norm,Experiment1 ALA116 #1 norm,,0.990597658207064,0.00983601956886962
Norm,Experiment1 ALA116 #2 norm,,1.02126041984181,0.0101984121150061
Norm,Experiment1 ALA116 #3 norm,,0.98463992934972,0.0180044454993348
Norm,Experiment1 ALA116 #4 norm,,1.00215458496718,0.0240450464097717
Norm,Experiment1 ALA116 #5 norm,,1.07027530297285,0.102518493853136
Norm,Experiment1 ALA116 #6 norm,,0.988201460763473,0.0791700776534127
Norm,Experiment1 ALA116 #7 norm,,1.00542858533853,0.0647892051042639
Norm,Experiment1 ALA116 #8 norm,,0.958780749364342,0.111351496534199
Norm,Experiment1 PYR #1 norm,,0.977404452150442,0.0168571967134178
Norm,Experiment1 PYR #2 norm,,0.960015721165242,0.0461882619007249
Norm,Experiment1 PYR #3 norm,,0.959326986621343,0.124964432118098
Norm,Experiment1 PYR #4 norm,,1.05798020325674,0.0490086163506464
Norm,Experiment1 PYR #5 norm,,1.01302629323278,0.05035227249946
Norm,Experiment1 PYR #6 norm,,1.01284065572241,0.0527341125016915
Norm,Experiment1 PYR #7 norm,,1.01114390175212,0.101468636474938
Norm,Experiment1 PYR #8 norm,,0.99245203632622,0.0607827876968131
