type,id,eqn,val,std
Net flux,CO2.t,CO2.t -> CO2,45.9839270532571,1.13086175685032
Net flux,CO2_sink,dummy -> Sink,45.9839270532571,1.13086175685032
Net flux,RUBICSO_CO2,RUBP.p + CO2 -> 3PGA.p + 3PGA.p + dummy,56.8276566863437,1.22708469380978
Net flux,GAPDH.p net,3PGA.p <-> TP.p,136.631378500027,2.69350437651382
Exch flux,GAPDH.p exch,3PGA.p <-> TP.p,0.0106941075093943,0.832144895397122
Net flux,ALD,TP.p + E4P.p -> SBP,25.0858687179285,0.485919220165199
Net flux,SBP,SBP -> S7P.p,25.0858687179285,0.485919220165199
Net flux,FBA.p net,TP.p + TP.p <-> FBP.p,29.2893889501938,0.662649833138497
Exch flux,FBA.p exch,TP.p + TP.p <-> FBP.p,21187.8414636067,1596.84686614538
Net flux,PFK.p net,FBP.p <-> F6P.p,29.289388950197,0.662649833138497
Exch flux,PFK.p exch,FBP.p <-> F6P.p,1.00000207226003e-07,6.777000807896e-13
Net flux,TK1 net,TP.p + EC2 <-> X5P.p,50.171737435857,0.971838440330399
Exch flux,TK1 exch,TP.p + EC2 <-> X5P.p,1.0000000116861e-07,0
Net flux,TK2 net,S7P.p <-> R5P.p + EC2,25.0858687179285,0.485919220165199
Exch flux,TK2 exch,S7P.p <-> R5P.p + EC2,37.8122059156799,4128.37995052212
Net flux,TK3 net,F6P.p <-> E4P.p + EC2,25.085868717928,0.485919220165199
Exch flux,TK3 exch,F6P.p <-> E4P.p + EC2,7019.52404316627,2114.53924808882
Net flux,PPE net,X5P.p <-> RU5P.p,50.171737435857,0.971838440330399
Exch flux,PPE exch,X5P.p <-> RU5P.p,69.0659012546414,3525.46648517874
Net flux,PPI net,R5P.p <-> RU5P.p,25.0858687179286,0.485919220165199
Exch flux,PPI exch,R5P.p <-> RU5P.p,236.136637113801,3604.76419447389
Net flux,PRK,RU5P.p -> RUBP.p,75.2576061537857,1.4577576604956
Net flux,RUBISCO_O2,RUBP.p -> 3PGA.p + 2PG.p,18.4299494674419,0.597372845030849
Net flux,GLYdil net,GLY.p <-> GLY.x + dummyGLY,0.00712024835080882,0.00132615392409984
Exch flux,GLYdil exch,GLY.p <-> GLY.x + dummyGLY,1.0000000116861e-07,0
Net flux,SERdil net,SER.p <-> SER.x + dummySER,2.79742858169763,0.97969510921772
Exch flux,SERdil exch,SER.p <-> SER.x + dummySER,1.08938772233494,3.00548731485409
Net flux,GK,GA.p -> 3PGA.p,4.84409001776878,1.02144718489041
Net flux,PGI.p net,F6P.p <-> G6P.p,4.20352023226837,0.400063437897829
Exch flux,PGI.p exch,F6P.p <-> G6P.p,4.25274690567257,4120.5728142242
Net flux,PGM.p,G6P.p -> ADPG.p,4.20352023226837,0.400063437897829
Net flux,Starch,ADPG.p -> Starch,4.20352023226835,0.400063437897829
Net flux,FBA.c net,TP.c + TP.c <-> FBP.c,1.39749722292255,0.260285362888156
Exch flux,FBA.c exch,TP.c + TP.c <-> FBP.c,20.9159596850326,3032.54414912393
Net flux,PFK.c net,FBP.c <-> F6P.c,1.39749722292256,0.260285362888156
Exch flux,PFK.c exch,FBP.c <-> F6P.c,5.56887207747174,3834.26555421902
Net flux,PGI.c net,F6P.c <-> G6P.c,0.698748611461298,0.130142681444078
Exch flux,PGI.c exch,F6P.c <-> G6P.c,227.370797949079,3469.83674967778
Net flux,PGM.c net,G6P.c <-> UDPG.c,0.69874861145945,0.130142681444078
Exch flux,PGM.c exch,G6P.c <-> UDPG.c,48481.4003858177,3727.39171750621
Net flux,SPS,F6P.c + UDPG.c -> S6P,0.698748611461244,0.130142681444078
Net flux,PGAM.c net,3PGA.c <-> PEP.c,0.297974357871948,0.0554980451792461
Exch flux,PGAM.c exch,3PGA.c <-> PEP.c,1.66298911204936,3413.39976430029
Net flux,PK.c,PEP.c -> PYR.c,0.135256768720786,0.0251917188864445
Net flux,PDH,PYR.c + dummy -> ACA + CO2,0.112568401306549,0.0209659860073642
Net flux,CS,OAA + ACA -> CIT,0.112568401306545,0.0209659860073642
Net flux,ACO net,CIT <-> ICI,0.112568401306589,0.0209659860073642
Exch flux,ACO exch,CIT <-> ICI,1160.58487493715,3614.86805658847
Net flux,IDH,ICI + dummy -> AKG + CO2,0.112568401306561,0.0209659860073642
Net flux,MDH net,MAL <-> OAA,2.1316282072803e-14,0
Exch flux,MDH exch,MAL <-> OAA,0.0784441218236864,0.108816517737355
Net flux,PPC,PEP.c + CO2 -> OAA + dummy,0.162717589151135,0.0303063262928604
Net flux,T_3PGA net,3PGA.p <-> 3PGA.c,0.297974357871929,0.0554980451792461
Exch flux,T_3PGA exch,3PGA.p <-> 3PGA.c,3.27644085330902,3644.88158288275
Net flux,T_DHAP net,TP.p <-> TP.c,2.79499444584514,0.520570725776312
Exch flux,T_DHAP exch,TP.p <-> TP.c,9.99999998363421e-08,0
Net flux,ALT,PYR.c -> ALA.c,0.0226883674141487,0.00422573287433632
Net flux,ASPT,OAA -> ASP,0.0501491878446838,0.00934034024939052
Net flux,GLUDH,AKG -> GLU,0.112568401306538,0.0209659860073642
Net flux,PCR net,GLU <-> PRO,-2.48689957516035e-14,0
Exch flux,PCR exch,GLU <-> PRO,0.18171702496738,3498.16353860814
Net flux,GS net,GLU <-> GLN,0,0
Exch flux,GS exch,GLU <-> GLN,0.0703308248303074,3704.98796213129
Net flux,TS net,ASP <-> THR,0,0
Exch flux,TS exch,ASP <-> THR,0.0225644396045297,0.0262953818932418
Net flux,AS net,ASP <-> ASN,1.06581410364015e-14,0
Exch flux,AS exch,ASP <-> ASN,0.00975776539813467,0.016530556813535
Net flux,G_3PGA.p,0*3PGA.p -> 3PGA,2.46866294162373e-06,4895.80554220218
Net flux,G_3PGA.c,0*3PGA.c -> 3PGA,92.9119081390786,3577.90370289352
Net flux,G_DHAP.p,0*TP.p -> TP,40.685379842242,4834.56504694412
Net flux,G_DHAP.c,0*TP.c -> TP,51.8471856996947,3487.55793510641
Net flux,G_F6P.p,0*F6P.p -> F6P,48.6686345030749,4569.36520416178
Net flux,G_F6P.c,0*F6P.c -> F6P,36.546576817712,3272.66149474647
Net flux,G_FBP.p,0*FBP.p -> FBP,2.46866125053202e-06,4935.42703678938
Net flux,G_FBP.c,0*FBP.c -> FBP,83.4512310439174,3284.21939351509
Net flux,G_G6P.p,0*G6P.p -> G6P,19.0549768397257,4851.00749726326
Net flux,G_G6P.c,0*G6P.c -> G6P,58.8549499993083,3540.81846819733
Net flux,G_RU5P.p,0*RU5P.p -> P5P,2.46865366904103e-06,5014.85968381629
Net flux,G_X5P.p,0*X5P.p -> P5P,92.8477691502242,3184.05941685533
Net flux,G_R5P.p,0*R5P.p -> R5P,82.2810779884949,3173.70282306039
Net flux,G_GA.p,0*GA.p -> GA,41.7801961406381,1.71496630887586
Net flux,G_SER.p,0*SER.p -> SER,95.9511995816257,3397.45291806305
Net flux,G_GLY.p,0*GLY.p -> GLY,20.0046201698341,3182.5152389001
Net flux,G_RUBP.p,0*RUBP.p -> RUBP,92.5302752673063,3381.84020895814
Net flux,G_S7P.p,0*S7P.p -> S7P,98.4567310636212,3239.57471880275
Net flux,G_2PG.p,0*2PG.p -> 2PG,87.0427532706349,3535.03097840453
Net flux,G_ADPG.p,0*ADPG.p -> ADPG,95.0805622183377,3182.07682355225
Net flux,G_PEP.c,0*PEP.c -> PEP,89.2305410445615,3310.55320020972
Net flux,G_UDPG.c,0*UDPG.c -> UDPG,72.4268033045549,3519.18807415544
Net flux,G_ALA.c,0*ALA.c -> ALA,65.4518500554642,4.94902234588662
Net flux,(1-G)_GA,0*GA.x -> GA,58.219803859364,1.71496630887586
Net flux,(1-G)_SER,0*SER.x -> SER,4.04880005660124,2.69807527295311
Net flux,(1-G)_GLY,0*GLY.x -> GLY,29.2040692135187,3.20872051256551
Net flux,(1-G)_R5P,0*R5P.x -> R5P,17.718922011502,3173.70282306039
Net flux,(1-G)_RUBP,0*RUBP.x -> RUBP,7.46972473269241,3381.84020895814
Net flux,(1-G)_3PGA,0*3PGA.x -> 3PGA,7.0880893922588,3403.92193132333
Net flux,(1-G)_TP,0*TP.x -> TP,7.46743445806383,3168.33000565607
Net flux,(1-G)_F6P,0*F6P.x -> F6P,14.7847886792169,3478.83048491128
Net flux,(1-G)_FBP,0*FBP.x -> FBP,16.548766487416,3787.79773081542
Net flux,(1-G)_G6P,0*G6P.x -> G6P,22.0900731609643,3405.39415187226
Net flux,(1-G)_RU5P,0*RU5P.x -> P5P,7.15222838112352,3553.85052863607
Net flux,(1-G)_S7P,0*S7P.x -> S7P,1.54326893637677,3239.57471880275
Net flux,(1-G)_2PG,0*2PG.x -> 2PG,12.9572467293675,3535.03097840453
Net flux,(1-G)_ADPG,0*ADPG.x -> ADPG,4.91943778166132,3182.07682355225
Net flux,(1-G)_PEP,0*PEP.x -> PEP,10.7694589554367,3310.55320020972
Net flux,(1-G)_UDPG,0*UDPG.x -> UDPG,27.5731966954463,3519.18807415544
Net flux,(1-G)_ALA,0*ALA.x -> ALA,34.5481499445356,4.94902234588662
Net flux,PGASink,3PGA -> Sink,100,0
Net flux,DHAPSink,TP -> Sink,100.000000000001,0
Net flux,F6PSink,F6P -> Sink,100.000000000004,0
Net flux,FBPSink,FBP -> Sink,99.9999999999947,0
Net flux,G6PSink,G6P -> Sink,99.9999999999983,0
Net flux,P5PSink,P5P -> Sink,100.000000000001,0
Net flux,R5PSink,R5P -> Sink,99.9999999999968,0
Net flux,GASink,GA -> Sink,100.000000000002,0
Net flux,SERSink,SER -> Sink,99.9999999999996,0
Net flux,GLYSink,GLY -> Sink,100.000000000001,0
Net flux,RUBPSink,RUBP -> Sink,99.9999999999987,0
Net flux,S7PSink,S7P -> Sink,99.9999999999979,0
Net flux,2PGSink,2PG -> Sink,100.000000000002,0
Net flux,ADPGSink,ADPG -> Sink,99.999999999999,0
Net flux,PEPSink,PEP -> Sink,99.9999999999983,0
Net flux,UDPGSink,UDPG -> Sink,100.000000000001,0
Net flux,ALASink,ALA -> Sink,99.9999999999998,0
Net flux,S6Pout-LL,S6P + 0.1611*GLU + 0.07177*ASP + 0.03247*ALA.c + 0.01019*dummyGLY + 0.03484*dummySER -> Sink,0.69874861146128,0.130142681444078
Net flux,PGP.p,2PG.p -> Glyc.p,18.429949467442,0.597372845030849
Net flux,GOX,Glyc.p -> Glyx.p,18.429949467442,0.597372845030849
Net flux,GGT,Glyx.p -> GLY.p,18.429949467442,0.597372845030849
Net flux,SGAT,SER.p -> HPA.p,4.84409001776876,1.02144718489041
Net flux,HPR.p,HPA.p -> GA.p,4.84409001776876,1.02144718489041
Net flux,T_GLY-m net,GLY.p <-> GLY.m,18.4230016029178,4708.38021285722
Exch flux,T_GLY-m exch,GLY.p <-> GLY.m,111563.243777084,3376.91629205707
Net flux,GDC.m,GLY.m + dummy -> myTHF.m + CO2,10.7813104196248,0.506570229478404
Net flux,T_SER-m net,SER.p <-> SER.m,-10.7813104196248,0.506570229478404
Exch flux,T_SER-m exch,SER.p <-> SER.m,17.5175812148838,90.8637106477493
Net flux,mSHMT,GLY.m + myTHF.m -> SER.m,10.7813104196248,0.506570229478404
Net flux,T_SER-c net,SER.p <-> SER.c,3.13979182015835,0.917196724563259
Exch flux,T_SER-c exch,SER.p <-> SER.c,0.0318216264110021,2.71982115190766
Net flux,T_Gly-c net,GLY.p <-> GLY.c,-0.000172383841809065,4708.38017496191
Exch flux,T_Gly-c exch,GLY.p <-> GLY.c,9.99999998363421e-08,3292.84240828232
Net flux,cSHMT,SER.c -> GLY.c + meTHF.c,3.13979172015836,0.917196724563259
Net flux,FmTHF-reductase net,meTHF.c <-> FmTHF.c,3.13979172015836,0.917196724563259
Exch flux,FmTHF-reductase exch,meTHF.c <-> FmTHF.c,5.64095833283277,3141.00727640196
Net flux,Met-synthase,FmTHF.c + Hcy.c -> Met.c,3.13979172015834,0.917196724563259
Net flux,SAM-synthase,Met.c -> SAM.c,3.13979172015835,0.917196724563259
Net flux,Methylation,SAM.c -> SAH.c + Acceptor.c,3.13979172015834,0.917196724563259
Net flux,hydrolysis,SAH.c -> Hcy.c,3.13979172015833,0.917196724563259
Net flux,G_SER.m,0*SER.m -> SER,1.0000000116861e-07,0
Net flux,G_SER.c,0*SER.c -> SER,2.61772694187812e-07,3397.45184672691
Net flux,G_Gly.m,0*GLY.m -> GLY,0.000189775610362375,3182.5125281131
Net flux,G_Gly.c,0*GLY.c -> GLY,50.7911208410381,6.10202475810648
Net flux,T_GLY-c-m,GLY.c -> GLY.m,3.13961923631657,4708.38026429664
Net flux,G_Glyc,0*Glyc.p -> Glyc,25.0264406072273,1.40214008725374
Net flux,G_Glyx,0*Glyx.p -> Glyx,14.3114668026024,1.9857843377188
Net flux,G_HPA,0*HPA.p -> HPA,7.41491707938826,1.29699296685827
Net flux,(1-G)_Glyc,0*Glyc.x -> Glyc,74.9735593927734,1.40214008725374
Net flux,(1-G)_Glyx,0*Glyx.x -> Glyx,85.6885331973984,1.9857843377188
Net flux,(1-G)_HPA,0*HPA.x -> HPA,92.5850829206116,1.29699296685827
Net flux,GlycSink,Glyc -> Sink,100.000000000001,0
Net flux,GlyxSink,Glyx -> Sink,100.000000000001,0
Net flux,HPASink,HPA -> Sink,99.9999999999998,0
Net flux,SERex,dummySER -> outSER,2.77308193988602,0.982370865527232
Net flux,G_PYR,0*PYR.c -> PYR,30.1216000981112,2.27092103852912
Net flux,(1-G)_PYR,0*PYR.x -> PYR,69.8783999018891,2.27092103852912
Net flux,PYRSink,PYR -> Sink,100,0
Net flux,G_meTHF,0*meTHF.c -> meTHF,99.9999999,0
Net flux,G_FmTHF,0*FmTHF.c -> FmTHF,78.3522641773512,2.90329536062857
Net flux,G_Met,0*Met.c -> Met,65.8305854347975,4.06786829735928
Net flux,G_SAM,0*SAM.c -> SAM,72.3063952976419,4.48775746062138
Net flux,(1-G)_meTHF,0*meTHF.x -> meTHF,1.0000000116861e-07,0
Net flux,(1-G)_FmTHF,0*FmTHF.x -> FmTHF,21.6477358226488,2.90329536062857
Net flux,(1-G)_Met,0*Met.x -> Met,34.1694145652026,4.06786829735928
Net flux,(1-G)_SAM,0*SAM.x -> SAM,27.6936047023581,4.48775746062138
Net flux,meTHFSink,meTHF -> Sink,99.9999999999999,0
Net flux,FmTHFSink,FmTHF -> Sink,100,0
Net flux,MetSink,Met -> Sink,100,0
Net flux,SAMsink,SAM -> Sink,100,0
Net flux,Met-protein,Met.c -> Protein,6.51983996113883e-15,0
Net flux,GLY-protein,GLY.c -> Protein,1.00000015379464e-07,5.05451986265677e-15
Net flux,SER-protein,SER.c -> Protein,9.99999940631824e-08,8.62363300132073e-16
Pool,2PG pool,,0,0
Pool,2PG.p pool,,3.83721967437297e-06,3617.81126810819
Pool,2PG.x pool,,1,Inf
Pool,3PGA pool,,0,0
Pool,3PGA.c pool,,2.67428890794746e-05,3510.64103574707
Pool,3PGA.p pool,,4.11790773371212e-06,3348.65957716311
Pool,3PGA.x pool,,1,Inf
Pool,ACA pool,,2.22660615591796e-06,3128.95901739805
Pool,ADPG pool,,0,0
Pool,ADPG.p pool,,9.9999999999999e-08,Inf
Pool,ADPG.x pool,,1,Inf
Pool,AKG pool,,2.6187658069868e-06,3462.68140107526
Pool,ALA pool,,0,0
Pool,ALA.c pool,,0.00439638187081477,0.001594758678782
Pool,ALA.x pool,,1,Inf
Pool,ASN pool,,7562.70052829055,3673.67600815823
Pool,ASP pool,,0.000774892645872108,0.027705573991835
Pool,Acceptor.c pool,,1,Inf
Pool,CIT pool,,3.92705963646313,118.18012928677
Pool,CO2 pool,,0.210896787810954,0.170060952939115
Pool,CO2.t pool,,1,Inf
Pool,E4P.p pool,,0,0
Pool,EC2 pool,,0,0
Pool,F6P pool,,0,0
Pool,F6P.c pool,,3.82976506041412e-06,3348.49393455797
Pool,F6P.p pool,,4.08101459903191e-06,3519.53895138172
Pool,F6P.x pool,,1,Inf
Pool,FBP pool,,0,0
Pool,FBP.c pool,,3.82971950440863e-06,3426.28284573708
Pool,FBP.p pool,,3.94351108727871e-06,3318.49154053829
Pool,FBP.x pool,,1,Inf
Pool,FmTHF pool,,0.00077004777666233,3440.0212002131
Pool,FmTHF.c pool,,1.52924021177385e-06,3385.35604720758
Pool,FmTHF.x pool,,1,Inf
Pool,G6P pool,,0,0
Pool,G6P.c pool,,9.87524769786936e-06,3402.1880306986
Pool,G6P.p pool,,3.9125604020068e-06,3391.36571772084
Pool,G6P.x pool,,1,Inf
Pool,GA pool,,0,0
Pool,GA.p pool,,3.0349207094494e-06,3446.54823065548
Pool,GA.x pool,,1,Inf
Pool,GLN pool,,8.86953121290382,3455.29269934196
Pool,GLU pool,,2.69325416273171e-06,3592.28402564595
Pool,GLY pool,,0,0
Pool,GLY.c pool,,9.99999999994061e-08,0
Pool,GLY.m pool,,0.27632827005638,0.0828176437507202
Pool,GLY.p pool,,0.000426875412048141,3362.24578690823
Pool,GLY.x pool,,1,Inf
Pool,Glyc pool,,10.6410589703211,2.3355060600189
Pool,Glyc.p pool,,2.32208958641359e-05,3385.71967782211
Pool,Glyc.x pool,,1,Inf
Pool,Glyx pool,,18.8118010272744,6.72395333483174
Pool,Glyx.p pool,,5.1605556777761e-05,3524.2217692158
Pool,Glyx.x pool,,1,Inf
Pool,HPA pool,,0.000171914351237979,3375.65177846788
Pool,HPA.p pool,,2.41940441200994e-06,3466.53324086707
Pool,HPA.x pool,,1,Inf
Pool,Hcy.c pool,,1,Inf
Pool,ICI pool,,0.00370228793388642,3645.53432697854
Pool,MAL pool,,0.278183989601379,0.28239681814594
Pool,Met pool,,0.000181374454418397,3385.15145700306
Pool,Met.c pool,,1.66570854322883e-06,3724.86048955129
Pool,Met.x pool,,1,Inf
Pool,OAA pool,,0.0648973720726923,0.0284208666922455
Pool,P5P pool,,0,0
Pool,PEP pool,,0,0
Pool,PEP.c pool,,9.74559955084386e-06,3693.07979073466
Pool,PEP.x pool,,1,Inf
Pool,PRO pool,,5.50829750171049,3644.75490029476
Pool,PYR pool,,1.00000000002876e-07,0
Pool,PYR.c pool,,0.0104009882416526,0.00333969109713102
Pool,PYR.x pool,,1,Inf
Pool,Protein pool,,1,Inf
Pool,R5P pool,,0,0
Pool,R5P.p pool,,4.05283006623899e-05,3468.06498474063
Pool,R5P.x pool,,1,Inf
Pool,RU5P.p pool,,3.95239886748741e-06,3368.41126641755
Pool,RU5P.x pool,,1,Inf
Pool,RUBP pool,,0,0
Pool,RUBP.p pool,,3.96577102997289e-06,3515.42138949659
Pool,RUBP.x pool,,1,Inf
Pool,S6P pool,,1,Inf
Pool,S7P pool,,0,0
Pool,S7P.p pool,,4.21348413246308e-06,3255.19379683292
Pool,S7P.x pool,,1,Inf
Pool,SAH.c pool,,1,Inf
Pool,SAM pool,,7.39374412292512,1.99557853079157
Pool,SAM.c pool,,2.69704150361937e-06,3732.27840915155
Pool,SAM.x pool,,1,Inf
Pool,SBP pool,,0,0
Pool,SER pool,,0,0
Pool,SER.c pool,,9.999999997512e-08,0
Pool,SER.m pool,,1.31107095150976,0.0990637651185172
Pool,SER.p pool,,0.000345795844854872,3467.04839328017
Pool,SER.x pool,,1,Inf
Pool,Sink pool,,1,Inf
Pool,Starch pool,,1,Inf
Pool,THR pool,,2272.80548064735,3508.63097691346
Pool,TP pool,,0,0
Pool,TP.c pool,,4.18765575770019e-06,3448.58071290279
Pool,TP.p pool,,4.26843474409798e-06,3336.49817246616
Pool,TP.x pool,,1,Inf
Pool,UDPG pool,,0,0
Pool,UDPG.c pool,,0.32408219650145,3511.21819741909
Pool,UDPG.x pool,,1,Inf
Pool,X5P.p pool,,4.06526715437201e-06,3557.96400343338
Pool,dummy pool,,1,Inf
Pool,dummyGLY pool,,1,Inf
Pool,dummySER pool,,1,Inf
Pool,meTHF pool,,0.334502014053584,0.755432341759332
Pool,meTHF.c pool,,1.53456781645251e-06,3618.53280606109
Pool,meTHF.x pool,,1,Inf
Pool,myTHF.m pool,,1.00000000002876e-07,0
Pool,outSER pool,,1,Inf
Norm,Experiment1 Glyc205 #1 norm,,0.986319304280283,0.0132297802050817
Norm,Experiment1 Glyc205 #2 norm,,0.997245423911838,0.0218053889777914
Norm,Experiment1 Glyc205 #3 norm,,0.960319751502819,0.0180232096769093
Norm,Experiment1 Glyc205 #4 norm,,0.929751589133328,0.0291981613731427
Norm,Experiment1 Glyc205 #5 norm,,1.0070996705058,0.035898661642851
Norm,Experiment1 Glyc205 #6 norm,,1.02207411206041,0.026958614544927
Norm,Experiment1 Glyc205 #7 norm,,0.972649691607643,0.0352615483726462
Norm,Experiment1 Glyc205 #8 norm,,0.972950465434318,0.0298047830461401
Norm,Experiment1 Glyx160 #1 norm,,0.994726186420423,0.0107918545771771
Norm,Experiment1 Glyx160 #2 norm,,1.00639187926785,0.013202459750819
Norm,Experiment1 Glyx160 #3 norm,,0.953990161843481,0.0164709867521004
Norm,Experiment1 Glyx160 #4 norm,,0.990446078262858,0.0149803407025266
Norm,Experiment1 Glyx160 #5 norm,,0.960160797016294,0.0343801178454693
Norm,Experiment1 Glyx160 #6 norm,,1.02406455470782,0.0206098553625434
Norm,Experiment1 Glyx160 #7 norm,,0.964996130972455,0.0374935366195972
Norm,Experiment1 Glyx160 #8 norm,,0.998383165481409,0.0358106477987672
Norm,Experiment1 GLY276 #1 norm,,1.02145272360045,0.0105589672723286
Norm,Experiment1 GLY276 #2 norm,,0.988827081557173,0.0242556043804821
Norm,Experiment1 GLY276 #3 norm,,0.954544162234497,0.0454572948099909
Norm,Experiment1 GLY276 #4 norm,,0.993247160574352,0.0566041160825278
Norm,Experiment1 GLY276 #5 norm,,0.956657443451041,0.164264929199055
Norm,Experiment1 GLY276 #6 norm,,0.922497822846589,0.0986156378408691
Norm,Experiment1 GLY276 #7 norm,,1.03994433120738,0.0717264699988838
Norm,Experiment1 GLY276 #8 norm,,0.975590332008043,0.0710046708222435
Norm,Experiment1 HPA262 #1 norm,,0.998407250728978,0.0108489998133125
Norm,Experiment1 HPA262 #2 norm,,1.00165858040472,0.0280547113669227
Norm,Experiment1 HPA262 #3 norm,,0.992864910238673,0.0133501152482363
Norm,Experiment1 HPA262 #4 norm,,0.894552675292956,0.0328166747632222
Norm,Experiment1 HPA262 #5 norm,,0.974953733282487,0.024630863088963
Norm,Experiment1 HPA262 #6 norm,,1.05776352347496,0.0368336444138172
Norm,Experiment1 HPA262 #7 norm,,1.00199389560042,0.0256675633750704
Norm,Experiment1 HPA262 #8 norm,,1.00031007463361,0.0227087771766425
Norm,Experiment1 GA307 #1 norm,,1.0103695858136,0.0124545318077039
Norm,Experiment1 GA307 #2 norm,,0.959861646137297,0.0294311852461397
Norm,Experiment1 GA307 #3 norm,,0.934012353049753,0.0300304029578518
Norm,Experiment1 GA307 #4 norm,,0.999298526648419,0.020126666158759
Norm,Experiment1 GA307 #5 norm,,0.963204936202686,0.0514510522919833
Norm,Experiment1 GA307 #6 norm,,1.04325682184005,0.0445229675275364
Norm,Experiment1 GA307 #7 norm,,0.97068383072022,0.0454634171155062
Norm,Experiment1 GA307 #8 norm,,1.01265448543437,0.0374117105777477
Norm,Experiment1 SER306 #1 norm,,1.01284018389582,0.0143035452361561
Norm,Experiment1 SER306 #2 norm,,1.02029643451818,0.0166202230107695
Norm,Experiment1 SER306 #3 norm,,1.04647235526355,0.0424886306224076
Norm,Experiment1 SER306 #4 norm,,1.00225110193988,0.0411587575113593
Norm,Experiment1 SER306 #5 norm,,1.05946179673619,0.104123699303381
Norm,Experiment1 SER306 #6 norm,,0.980587824780783,0.0668641315210388
Norm,Experiment1 SER306 #7 norm,,1.01420559677281,0.0457505647631014
Norm,Experiment1 SER306 #8 norm,,0.983284741019271,0.049789245518797
Norm,Experiment1 meTHF #1 norm,,1.01330894947161,0.0101238690369762
Norm,Experiment1 meTHF #2 norm,,1.00733782920627,0.0105645721912056
Norm,Experiment1 meTHF #3 norm,,0.926638605322648,0.0570716798724428
Norm,Experiment1 meTHF #4 norm,,1.0151840276429,0.0487941901018467
Norm,Experiment1 meTHF #5 norm,,0.979687042106081,0.0815974301152082
Norm,Experiment1 meTHF #6 norm,,1.04410460779484,0.146063269192239
Norm,Experiment1 meTHF #7 norm,,0.958202553604001,0.0612148723039632
Norm,Experiment1 meTHF #8 norm,,0.993207104796197,0.0826561859125474
Norm,Experiment1 FmTHF #1 norm,,1.00589504721669,0.0100872818175062
Norm,Experiment1 FmTHF #2 norm,,0.990722268941495,0.0242646715958813
Norm,Experiment1 FmTHF #3 norm,,1.0043761554539,0.0307401789813177
Norm,Experiment1 FmTHF #4 norm,,1.00901140833428,0.0239193182763809
Norm,Experiment1 FmTHF #5 norm,,0.969479970341383,0.0587161266143987
Norm,Experiment1 FmTHF #6 norm,,1.00235246420932,0.0622904133469619
Norm,Experiment1 FmTHF #7 norm,,0.991666330224192,0.0502251848465193
Norm,Experiment1 FmTHF #8 norm,,1.06933816952099,0.0948385598843843
Norm,Experiment1 Met176 #1 norm,,0.992337374255591,0.024420623562883
Norm,Experiment1 Met176 #2 norm,,0.898156050277515,0.0321943324685006
Norm,Experiment1 Met176 #3 norm,,1.0838369733143,0.0563920228969836
Norm,Experiment1 Met176 #4 norm,,0.941285448440864,0.0345630606817037
Norm,Experiment1 Met176 #5 norm,,1.00660715258371,0.0774155598850484
Norm,Experiment1 Met176 #6 norm,,1.03058948419244,0.146889687990496
Norm,Experiment1 Met176 #7 norm,,1.00258568664259,0.0973431156077368
Norm,Experiment1 Met176 #8 norm,,0.986633049672172,0.112838538176226
Norm,Experiment1 SAM #1 norm,,1.01483679473894,0.011765537410495
Norm,Experiment1 SAM #2 norm,,1.01114383814358,0.0120508522101102
Norm,Experiment1 SAM #3 norm,,0.989468266791119,0.0137635493110435
Norm,Experiment1 SAM #4 norm,,1.0204872346435,0.0223877669559678
Norm,Experiment1 SAM #5 norm,,0.967197936563072,0.042790165954853
Norm,Experiment1 SAM #6 norm,,1.0067636754138,0.0657537763408025
Norm,Experiment1 SAM #7 norm,,0.984343219554007,0.111968506431271
Norm,Experiment1 SAM #8 norm,,1.01568738016115,0.0803533483348757
Norm,Experiment1 CIT465 #1 norm,,0.999548430003934,0.0118538695747215
Norm,Experiment1 CIT465 #2 norm,,1.0030027298372,0.013581269184489
Norm,Experiment1 CIT465 #3 norm,,0.984926882130365,0.0114250226186013
Norm,Experiment1 CIT465 #4 norm,,1.05322046669772,0.0172915031612151
Norm,Experiment1 CIT465 #5 norm,,0.96024280082545,0.013130613577951
Norm,Experiment1 CIT465 #6 norm,,0.976037906028397,0.0125728024265798
Norm,Experiment1 CIT465 #7 norm,,0.974532091012884,0.342808401039533
Norm,Experiment1 CIT465 #8 norm,,1.02560328562751,0.797027306183729
Norm,Experiment1 MAL335 #1 norm,,0.985597308134695,0.012034968515341
Norm,Experiment1 MAL335 #2 norm,,1.00381212251115,0.0113397236120292
Norm,Experiment1 MAL335 #3 norm,,0.984657855717064,0.0105301867286286
Norm,Experiment1 MAL335 #4 norm,,1.028096600621,0.0151109991434669
Norm,Experiment1 MAL335 #5 norm,,0.980120604147373,0.0140993493001191
Norm,Experiment1 MAL335 #6 norm,,0.96551505799782,0.013635099217734
Norm,Experiment1 MAL335 #7 norm,,1.004869298829,0.0210641995225261
Norm,Experiment1 MAL335 #8 norm,,0.990536548182044,0.0356192452477185
Norm,Experiment1 ASP334 #1 norm,,0.964466015245994,0.0230597541734696
Norm,Experiment1 ASP334 #2 norm,,0.966921864644717,0.0305444510845904
Norm,Experiment1 ASP334 #3 norm,,0.924935782532502,0.378082506520232
Norm,Experiment1 ASP334 #4 norm,,1.00771797568995,0.45562013854669
Norm,Experiment1 ASP334 #5 norm,,0.967193369088973,0.0310036136407231
Norm,Experiment1 ASP334 #6 norm,,0.983065943434666,0.0323563547888327
Norm,Experiment1 ASP334 #7 norm,,0.978681165995894,0.0292511297559891
Norm,Experiment1 ASP334 #8 norm,,0.956144954965069,0.0943375838472171
Norm,Experiment1 GLU348 #1 norm,,0.97760711523958,0.0223509491249802
Norm,Experiment1 GLU348 #2 norm,,0.964958793672559,0.0198960693344653
Norm,Experiment1 GLU348 #3 norm,,0.959547913964917,0.0109177262307206
Norm,Experiment1 GLU348 #4 norm,,0.937412287478012,0.037211774842165
Norm,Experiment1 GLU348 #5 norm,,0.993993941920951,0.0234866151053567
Norm,Experiment1 GLU348 #6 norm,,1.01183368927882,0.0132390534064666
Norm,Experiment1 GLU348 #7 norm,,0.995862718555426,0.0142777731100012
Norm,Experiment1 GLU348 #8 norm,,0.98680582273113,0.0170409822250045
Norm,Experiment1 THR320 #1 norm,,0.978551684613626,0.0103065297021234
Norm,Experiment1 THR320 #2 norm,,0.983874146320084,0.0141932226359142
Norm,Experiment1 THR320 #3 norm,,1.01121714877,0.0108253024741735
Norm,Experiment1 THR320 #4 norm,,1.00904658986787,0.0296536650696343
Norm,Experiment1 THR320 #5 norm,,0.981068207862083,0.0207052412847987
Norm,Experiment1 THR320 #6 norm,,1.05561106145745,0.0121536599443869
Norm,Experiment1 THR320 #7 norm,,0.970716636465969,0.0140729964024811
Norm,Experiment1 THR320 #8 norm,,0.880934100622346,0.024232176692201
Norm,Experiment1 ALA116 #1 norm,,0.995162708862489,0.00980575599104521
Norm,Experiment1 ALA116 #2 norm,,0.99572080761369,0.00988541427212918
Norm,Experiment1 ALA116 #3 norm,,1.01874007313855,0.0184114331715465
Norm,Experiment1 ALA116 #4 norm,,1.035765254227,0.0222105886634745
Norm,Experiment1 ALA116 #5 norm,,1.07013057641467,0.115195590450434
Norm,Experiment1 ALA116 #6 norm,,0.943927172973104,0.0869161077995389
Norm,Experiment1 ALA116 #7 norm,,1.01663597322353,0.0645651351157014
Norm,Experiment1 ALA116 #8 norm,,0.964321515218559,0.0977199683144658
Norm,Experiment1 PYR #1 norm,,0.97785795827735,0.0169690798199887
Norm,Experiment1 PYR #2 norm,,0.915674229590066,0.0410542025511945
Norm,Experiment1 PYR #3 norm,,0.992327026064206,0.111648836052843
Norm,Experiment1 PYR #4 norm,,1.06260991045843,0.0449964578639165
Norm,Experiment1 PYR #5 norm,,1.01193295882299,0.0506167769019134
Norm,Experiment1 PYR #6 norm,,1.04441779344517,0.0535170707574572
Norm,Experiment1 PYR #7 norm,,0.927635001016211,0.0891538746792205
Norm,Experiment1 PYR #8 norm,,0.998488782770332,0.0651267682292029
