type,id,eqn,val,std
Net flux,CO2.t,CO2.t -> CO2,49.7529552339781,1.1382907929537
Net flux,CO2_sink,dummy -> Sink,49.7529552339781,1.1382907929537
Net flux,RUBICSO_CO2,RUBP.p + CO2 -> 3PGA.p + 3PGA.p + dummy,58.9412315955058,1.17346578821273
Net flux,GAPDH.p net,3PGA.p <-> TP.p,140.097932320141,2.66416759909543
Exch flux,GAPDH.p exch,3PGA.p <-> TP.p,0.0207113685167286,0.855692071295952
Net flux,ALD,TP.p + E4P.p -> SBP,25.5912156654655,0.476135506504428
Net flux,SBP,SBP -> S7P.p,25.5912156654655,0.476135506504428
Net flux,FBA.p net,TP.p + TP.p <-> FBP.p,29.8178560738525,0.659585770988369
Exch flux,FBA.p exch,TP.p + TP.p <-> FBP.p,20240.8804264122,20.3309766337666
Net flux,PFK.p net,FBP.p <-> F6P.p,29.8178560738556,0.659585770988369
Exch flux,PFK.p exch,FBP.p <-> F6P.p,1.00000463021388e-07,1.34985790228825e-14
Net flux,TK1 net,TP.p + EC2 <-> X5P.p,51.182431330931,0.952271013008856
Exch flux,TK1 exch,TP.p + EC2 <-> X5P.p,9.99999976158961e-08,0
Net flux,TK2 net,S7P.p <-> R5P.p + EC2,25.5912156654655,0.476135506504428
Exch flux,TK2 exch,S7P.p <-> R5P.p + EC2,37.8245488563812,56.0226760610699
Net flux,TK3 net,F6P.p <-> E4P.p + EC2,25.5912156654649,0.476135506504428
Exch flux,TK3 exch,F6P.p <-> E4P.p + EC2,5881.70717515514,59.7688944554467
Net flux,PPE net,X5P.p <-> RU5P.p,51.182431330931,0.952271013008856
Exch flux,PPE exch,X5P.p <-> RU5P.p,90.1795120009418,45.900750516836
Net flux,PPI net,R5P.p <-> RU5P.p,25.5912156654656,0.476135506504428
Exch flux,PPI exch,R5P.p <-> RU5P.p,235.485060128146,35.1016198278993
Net flux,PRK,RU5P.p -> RUBP.p,76.7736469963967,1.42840651951328
Net flux,RUBISCO_O2,RUBP.p -> 3PGA.p + 2PG.p,17.8324154008909,0.587746284598629
Net flux,GLYdil net,GLY.p <-> GLY.x + dummyGLY,0.00939664016595287,0.00132606924963306
Exch flux,GLYdil exch,GLY.p <-> GLY.x + dummyGLY,1.0000000116861e-07,0
Net flux,SERdil net,SER.p <-> SER.x + dummySER,3.92576713439097,1.0842131221822
Exch flux,SERdil exch,SER.p <-> SER.x + dummySER,1.35440645275057,0.96938858285507
Net flux,GK,GA.p -> 3PGA.p,4.77629251453642,0.989042654172938
Net flux,PGI.p net,F6P.p <-> G6P.p,4.22664040838821,0.39491590085552
Exch flux,PGI.p exch,F6P.p <-> G6P.p,4.67884454480165,59.018310688005
Net flux,PGM.p,G6P.p -> ADPG.p,4.22664040838822,0.39491590085552
Net flux,Starch,ADPG.p -> Starch,4.2266404083882,0.39491590085552
Net flux,FBA.c net,TP.c + TP.c <-> FBP.c,1.844286588017,0.260268743794512
Exch flux,FBA.c exch,TP.c + TP.c <-> FBP.c,20.4501727133083,45.8872753277829
Net flux,PFK.c net,FBP.c <-> F6P.c,1.844286588017,0.260268743794512
Exch flux,PFK.c exch,FBP.c <-> F6P.c,5.10402961690277,45.8872753277829
Net flux,PGI.c net,F6P.c <-> G6P.c,0.922143294008521,0.130134371897256
Exch flux,PGI.c exch,F6P.c <-> G6P.c,227.192161148121,45.8867217410822
Net flux,PGM.c net,G6P.c <-> UDPG.c,0.922143294003035,0.130134371897256
Exch flux,PGM.c exch,G6P.c <-> UDPG.c,48481.4123640419,45.8865372106978
Net flux,SPS,F6P.c + UDPG.c -> S6P,0.922143294008468,0.130134371897256
Net flux,PGAM.c net,3PGA.c <-> PEP.c,0.393238786297201,0.0554945015518574
Exch flux,PGAM.c exch,3PGA.c <-> PEP.c,1.14303982655015,45.8865707678015
Net flux,PK.c,PEP.c -> PYR.c,0.178499277421146,0.0251901103681533
Net flux,PDH,PYR.c + dummy -> ACA + CO2,0.148557284664735,0.0209646473126526
Net flux,CS,OAA + ACA -> CIT,0.148557284664731,0.0209646473126526
Net flux,ACO net,CIT <-> ICI,0.148557284664776,0.0209646473126526
Exch flux,ACO exch,CIT <-> ICI,1171.32580799779,45.8865372106978
Net flux,IDH,ICI + dummy -> AKG + CO2,0.148557284664748,0.0209646473126526
Net flux,MDH net,MAL <-> OAA,2.1316282072803e-14,0
Exch flux,MDH exch,MAL <-> OAA,7.02944381671955e-05,0.390139075651911
Net flux,PPC,PEP.c + CO2 -> OAA + dummy,0.214739508875801,0.0303043911837155
Net flux,T_3PGA net,3PGA.p <-> 3PGA.c,0.393238786297182,0.0554945015518574
Exch flux,T_3PGA exch,3PGA.p <-> 3PGA.c,1.0000000116861e-07,0
Net flux,T_DHAP net,TP.p <-> TP.c,3.68857317603403,0.520537487589024
Exch flux,T_DHAP exch,TP.p <-> TP.c,9.99999998363421e-08,0
Net flux,ALT,PYR.c -> ALA.c,0.0299419927564923,0.00422546305550449
Net flux,ASPT,OAA -> ASP,0.0661822242109362,0.00933974387106591
Net flux,GLUDH,AKG -> GLU,0.148557284664725,0.0209646473126526
Net flux,PCR net,GLU <-> PRO,-2.48689957516035e-14,0
Exch flux,PCR exch,GLU <-> PRO,1.0000000116861e-07,0
Net flux,GS net,GLU <-> GLN,0,0
Exch flux,GS exch,GLU <-> GLN,1.00045404849425e-07,0
Net flux,TS net,ASP <-> THR,0,0
Exch flux,TS exch,ASP <-> THR,0.128102513611964,0.0320591579313033
Net flux,AS net,ASP <-> ASN,1.06581410364015e-14,0
Exch flux,AS exch,ASP <-> ASN,1.0000000116861e-07,0
Net flux,G_3PGA.p,0*3PGA.p -> 3PGA,2.46866295583459e-06,76.8993385578346
Net flux,G_3PGA.c,0*3PGA.c -> 3PGA,92.9119081400777,48.1403926137419
Net flux,G_DHAP.p,0*TP.p -> TP,40.685379842242,74.6192086574944
Net flux,G_DHAP.c,0*TP.c -> TP,51.8471856996947,46.005887498494
Net flux,G_F6P.p,0*F6P.p -> F6P,48.6686345030749,87.6455806348437
Net flux,G_F6P.c,0*F6P.c -> F6P,36.546576817712,62.9051896669184
Net flux,G_FBP.p,0*FBP.p -> FBP,2.46866129316459e-06,80.2073567548153
Net flux,G_FBP.c,0*FBP.c -> FBP,83.4512310482062,50.8427936541667
Net flux,G_G6P.p,0*G6P.p -> G6P,19.0549768397257,84.0117135687902
Net flux,G_G6P.c,0*G6P.c -> G6P,58.8549499993083,58.4718393761828
Net flux,G_RU5P.p,0*RU5P.p -> P5P,2.4686537116736e-06,86.9749577893125
Net flux,G_X5P.p,0*X5P.p -> P5P,92.8477691500361,63.2091292494248
Net flux,G_R5P.p,0*R5P.p -> R5P,82.2810779884949,60.6494555319822
Net flux,G_GA.p,0*GA.p -> GA,39.9507412715857,1.56255978032227
Net flux,G_SER.p,0*SER.p -> SER,99.9991919724321,57.9823577173017
Net flux,G_GLY.p,0*GLY.p -> GLY,59.2632653322068,82.0777700472323
Net flux,G_RUBP.p,0*RUBP.p -> RUBP,92.5302752673063,60.6112041393984
Net flux,G_S7P.p,0*S7P.p -> S7P,98.4567310636212,62.3077480277598
Net flux,G_2PG.p,0*2PG.p -> 2PG,87.0427532706349,60.6715161701955
Net flux,G_ADPG.p,0*ADPG.p -> ADPG,95.0805622183377,60.8843377790267
Net flux,G_PEP.c,0*PEP.c -> PEP,89.2305410445615,58.6191426166651
Net flux,G_UDPG.c,0*UDPG.c -> UDPG,72.4268033045549,58.7571211556583
Net flux,G_ALA.c,0*ALA.c -> ALA,72.4019417780189,5.11427145134459
Net flux,(1-G)_GA,0*GA.x -> GA,60.0492587284164,1.56255978032227
Net flux,(1-G)_SER,0*SER.x -> SER,1.0000000116861e-07,0
Net flux,(1-G)_GLY,0*GLY.x -> GLY,40.7254741965712,2.11436979000532
Net flux,(1-G)_R5P,0*R5P.x -> R5P,17.718922011502,60.6494555319822
Net flux,(1-G)_RUBP,0*RUBP.x -> RUBP,7.46972473269241,60.6112041393984
Net flux,(1-G)_3PGA,0*3PGA.x -> 3PGA,7.0880893912596,59.7674665113476
Net flux,(1-G)_TP,0*TP.x -> TP,7.46743445806383,58.7897355762661
Net flux,(1-G)_F6P,0*F6P.x -> F6P,14.7847886792169,60.5762848950008
Net flux,(1-G)_FBP,0*FBP.x -> FBP,16.5487664831272,61.3759996384884
Net flux,(1-G)_G6P,0*G6P.x -> G6P,22.0900731609643,59.6421249998266
Net flux,(1-G)_RU5P,0*RU5P.x -> P5P,7.1522283813116,59.7684181970377
Net flux,(1-G)_S7P,0*S7P.x -> S7P,1.54326893637677,62.3077480277598
Net flux,(1-G)_2PG,0*2PG.x -> 2PG,12.9572467293675,60.6715161701955
Net flux,(1-G)_ADPG,0*ADPG.x -> ADPG,4.91943778166132,60.8843377790267
Net flux,(1-G)_PEP,0*PEP.x -> PEP,10.7694589554367,58.6191426166651
Net flux,(1-G)_UDPG,0*UDPG.x -> UDPG,27.5731966954463,58.7571211556583
Net flux,(1-G)_ALA,0*ALA.x -> ALA,27.5980582219808,5.11427145134459
Net flux,PGASink,3PGA -> Sink,100,0
Net flux,DHAPSink,TP -> Sink,100.000000000001,0
Net flux,F6PSink,F6P -> Sink,100.000000000004,0
Net flux,FBPSink,FBP -> Sink,99.9999999999947,0
Net flux,G6PSink,G6P -> Sink,99.9999999999983,0
Net flux,P5PSink,P5P -> Sink,100.000000000001,0
Net flux,R5PSink,R5P -> Sink,99.9999999999968,0
Net flux,GASink,GA -> Sink,100.000000000002,0
Net flux,SERSink,SER -> Sink,99.9999999999996,0
Net flux,GLYSink,GLY -> Sink,100.000000000001,0
Net flux,RUBPSink,RUBP -> Sink,99.9999999999987,0
Net flux,S7PSink,S7P -> Sink,99.9999999999979,0
Net flux,2PGSink,2PG -> Sink,100.000000000002,0
Net flux,ADPGSink,ADPG -> Sink,99.999999999999,0
Net flux,PEPSink,PEP -> Sink,99.9999999999983,0
Net flux,UDPGSink,UDPG -> Sink,100.000000000001,0
Net flux,ALASink,ALA -> Sink,99.9999999999998,0
Net flux,S6Pout-LL,S6P + 0.1611*GLU + 0.07177*ASP + 0.03247*ALA.c + 0.01019*dummyGLY + 0.03484*dummySER -> Sink,0.922143294008503,0.130134371897256
Net flux,PGP.p,2PG.p -> Glyc.p,17.8324154008909,0.587746284598629
Net flux,GOX,Glyc.p -> Glyx.p,17.8324154008909,0.587746284598629
Net flux,GGT,Glyx.p -> GLY.p,17.8324154008909,0.587746284598629
Net flux,SGAT,SER.p -> HPA.p,4.77629251453641,0.989042654172938
Net flux,HPR.p,HPA.p -> GA.p,4.7762925145364,0.989042654172938
Net flux,T_GLY-m net,GLY.p <-> GLY.m,17.8230527805281,61.7169387082494
Exch flux,T_GLY-m exch,GLY.p <-> GLY.m,169248.083910281,57.2876686949217
Net flux,GDC.m,GLY.m + dummy -> myTHF.m + CO2,9.10590130107402,0.305475112114036
Net flux,T_SER-m net,SER.p <-> SER.m,-9.10590130107391,0.305475112114036
Exch flux,T_SER-m exch,SER.p <-> SER.m,535.432556721224,58.1149089351781
Net flux,mSHMT,GLY.m + myTHF.m -> SER.m,9.10590130107402,0.305475112114036
Net flux,T_SER-c net,SER.p <-> SER.c,0.40384165214663,0.435034697765923
Exch flux,T_SER-c exch,SER.p <-> SER.c,1.00000000280431e-07,0
Net flux,T_Gly-c net,GLY.p <-> GLY.c,-3.40198071384634e-05,61.7141399990179
Exch flux,T_Gly-c exch,GLY.p <-> GLY.c,9.99999998363421e-08,0
Net flux,cSHMT,SER.c -> GLY.c + meTHF.c,0.403841552146638,61.0211996842623
Net flux,FmTHF-reductase net,meTHF.c <-> FmTHF.c,0.403841552146638,61.0211996842623
Exch flux,FmTHF-reductase exch,meTHF.c <-> FmTHF.c,8.27266386218598,83.9655882092503
Net flux,Met-synthase,FmTHF.c + Hcy.c -> Met.c,0.403841552146618,61.0211996842623
Net flux,SAM-synthase,Met.c -> SAM.c,0.403841552146627,61.0211996842623
Net flux,Methylation,SAM.c -> SAH.c + Acceptor.c,0.403841552146622,61.0211996842623
Net flux,hydrolysis,SAH.c -> Hcy.c,0.403841552146614,61.0211996842623
Net flux,G_SER.m,0*SER.m -> SER,0.000807827567467001,57.9823577173017
Net flux,G_SER.c,0*SER.c -> SER,1.0000000116861e-07,0
Net flux,G_Gly.m,0*GLY.m -> GLY,0.000311562930146891,59.532959527721
Net flux,G_Gly.c,0*GLY.c -> GLY,0.010948908293134,56.750115113823
Net flux,T_GLY-c-m,GLY.c -> GLY.m,0.388749821615954,61.714354834425
Net flux,G_Glyc,0*Glyc.p -> Glyc,22.7545855683888,1.13279448247131
Net flux,G_Glyx,0*Glyx.p -> Glyx,13.2243737879172,1.39959721318119
Net flux,G_HPA,0*HPA.p -> HPA,9.27079749815511,1.35782698612729
Net flux,(1-G)_Glyc,0*Glyc.x -> Glyc,77.2454144316118,1.13279448247131
Net flux,(1-G)_Glyx,0*Glyx.x -> Glyx,86.7756262120837,1.39959721318119
Net flux,(1-G)_HPA,0*HPA.x -> HPA,90.7292025018448,1.35782698612729
Net flux,GlycSink,Glyc -> Sink,100.000000000001,0
Net flux,GlyxSink,Glyx -> Sink,100.000000000001,0
Net flux,HPASink,HPA -> Sink,99.9999999999998,0
Net flux,SERex,dummySER -> outSER,3.89363670563723,1.08662448665481
Net flux,G_PYR,0*PYR.c -> PYR,33.0307667952115,1.73848528298899
Net flux,(1-G)_PYR,0*PYR.x -> PYR,66.9692332047887,1.73848528298899
Net flux,PYRSink,PYR -> Sink,100,0
Net flux,G_meTHF,0*meTHF.c -> meTHF,99.9412511381533,58.0535222563071
Net flux,G_FmTHF,0*FmTHF.c -> FmTHF,82.8087019429998,2.80959627176303
Net flux,G_Met,0*Met.c -> Met,60.5243522153155,4.58284783614787
Net flux,G_SAM,0*SAM.c -> SAM,64.8666045855865,4.09486176348507
Net flux,(1-G)_meTHF,0*meTHF.x -> meTHF,0.0587488618466665,58.0535222563071
Net flux,(1-G)_FmTHF,0*FmTHF.x -> FmTHF,17.1912980570003,2.80959627176303
Net flux,(1-G)_Met,0*Met.x -> Met,39.4756477846845,4.58284783614787
Net flux,(1-G)_SAM,0*SAM.x -> SAM,35.1333954144136,4.09486176348507
Net flux,meTHFSink,meTHF -> Sink,99.9999999999999,0
Net flux,FmTHFSink,FmTHF -> Sink,100,0
Net flux,MetSink,Met -> Sink,100,0
Net flux,SAMsink,SAM -> Sink,100,0
Net flux,Met-protein,Met.c -> Protein,6.51983996113883e-15,0
Net flux,GLY-protein,GLY.c -> Protein,0.0150577107235765,61.0214169592743
Net flux,SER-protein,SER.c -> Protein,9.99999958395392e-08,61.022750397655
Pool,2PG pool,,0,0
Pool,2PG.p pool,,3.88794036973419e-06,58.5700954269393
Pool,2PG.x pool,,1,Inf
Pool,3PGA pool,,0,0
Pool,3PGA.c pool,,0.0100921162862328,0.00393207185708886
Pool,3PGA.p pool,,4.27558121262593e-06,59.5129946573684
Pool,3PGA.x pool,,1,Inf
Pool,ACA pool,,2.57145651670916e-06,54.5898836684814
Pool,ADPG pool,,0,0
Pool,ADPG.p pool,,9.9999999999999e-08,Inf
Pool,ADPG.x pool,,1,Inf
Pool,AKG pool,,2.51302399347961e-06,58.6401156201202
Pool,ALA pool,,0,0
Pool,ALA.c pool,,0.0071879980575585,0.00194121614075534
Pool,ALA.x pool,,1,Inf
Pool,ASN pool,,7527.14365502993,59.9454210906651
Pool,ASP pool,,1.00000000000001e-07,0
Pool,Acceptor.c pool,,1,Inf
Pool,CIT pool,,4.25035982342389,2.01035979908603
Pool,CO2 pool,,0.158926790463379,0.122736248762078
Pool,CO2.t pool,,1,Inf
Pool,E4P.p pool,,0,0
Pool,EC2 pool,,0,0
Pool,F6P pool,,0,0
Pool,F6P.c pool,,3.82976422026166e-06,57.3164520083125
Pool,F6P.p pool,,4.54894876612742e-06,59.6986130251053
Pool,F6P.x pool,,1,Inf
Pool,FBP pool,,0,0
Pool,FBP.c pool,,3.82972038973385e-06,57.8491884263101
Pool,FBP.p pool,,4.20658628123759e-06,57.2824578894711
Pool,FBP.x pool,,1,Inf
Pool,FmTHF pool,,0.000275014093377604,53.8170116821188
Pool,FmTHF.c pool,,1.48190196720461e-07,56.8710583061698
Pool,FmTHF.x pool,,1,Inf
Pool,G6P pool,,0,0
Pool,G6P.c pool,,9.8752414783531e-06,57.2707892749153
Pool,G6P.p pool,,4.12273255073252e-06,55.1907931756622
Pool,G6P.x pool,,1,Inf
Pool,GA pool,,0,0
Pool,GA.p pool,,3.11165723720564e-06,60.8358591549757
Pool,GA.x pool,,1,Inf
Pool,GLN pool,,8.83867754989672,57.4457556486512
Pool,GLU pool,,2.51302729673959e-06,56.8200567079047
Pool,GLY pool,,0,0
Pool,GLY.c pool,,54.0291254241554,59.720217003548
Pool,GLY.m pool,,0.937486473569763,0.109882401887008
Pool,GLY.p pool,,0.000428889052831555,58.7337023770967
Pool,GLY.x pool,,1,Inf
Pool,Glyc pool,,4.44278530616385,1.01588067089688
Pool,Glyc.p pool,,2.49960212538e-05,56.7289215291109
Pool,Glyc.x pool,,1,Inf
Pool,Glyx pool,,7.10279615177997,2.3789695954595
Pool,Glyx.p pool,,3.8780334674867e-05,59.1999413415413
Pool,Glyx.x pool,,1,Inf
Pool,HPA pool,,0.000161897790036705,58.0431200296735
Pool,HPA.p pool,,2.42367334219304e-06,57.1129122109427
Pool,HPA.x pool,,1,Inf
Pool,Hcy.c pool,,1,Inf
Pool,ICI pool,,0.0036742736545912,56.8424761309928
Pool,MAL pool,,0.000362858974737955,2.01341263806193
Pool,Met pool,,7.45086981386629e-05,58.3237570038228
Pool,Met.c pool,,2.25991009867342e-07,56.5281413108561
Pool,Met.x pool,,1,Inf
Pool,OAA pool,,0.0422574920580904,0.0123783265319346
Pool,P5P pool,,0,0
Pool,PEP pool,,0,0
Pool,PEP.c pool,,6.12039194925711e-05,58.0719390604567
Pool,PEP.x pool,,1,Inf
Pool,PRO pool,,5.39499638372423,55.66877240667
Pool,PYR pool,,1.00000218377978e-07,58.6545936524943
Pool,PYR.c pool,,0.00351932589047465,0.00184805618363246
Pool,PYR.x pool,,1,Inf
Pool,Protein pool,,1,Inf
Pool,R5P pool,,0,0
Pool,R5P.p pool,,6.44896263038107e-05,57.4150828225255
Pool,R5P.x pool,,1,Inf
Pool,RU5P.p pool,,4.19032642032945e-06,57.8192657812314
Pool,RU5P.x pool,,1,Inf
Pool,RUBP pool,,0,0
Pool,RUBP.p pool,,4.20589658906994e-06,56.1417629654676
Pool,RUBP.x pool,,1,Inf
Pool,S6P pool,,1,Inf
Pool,S7P pool,,0,0
Pool,S7P.p pool,,4.58611633226856e-06,58.2603088841373
Pool,S7P.x pool,,1,Inf
Pool,SAH.c pool,,1,Inf
Pool,SAM pool,,5.67727665072443,1.80190176931325
Pool,SAM.c pool,,1.66723758723189e-06,58.4405679331273
Pool,SAM.x pool,,1,Inf
Pool,SBP pool,,0,0
Pool,SER pool,,0,0
Pool,SER.c pool,,1.00000000002876e-07,0
Pool,SER.m pool,,0.846589882243603,0.0874683860315875
Pool,SER.p pool,,0.000106901562089613,57.1575977051401
Pool,SER.x pool,,1,Inf
Pool,Sink pool,,1,Inf
Pool,Starch pool,,1,Inf
Pool,THR pool,,0.367849187999533,0.111628289247414
Pool,TP pool,,0,0
Pool,TP.c pool,,4.18765686016549e-06,56.6444311711291
Pool,TP.p pool,,4.4205518833698e-06,59.8428646280871
Pool,TP.x pool,,1,Inf
Pool,UDPG pool,,0,0
Pool,UDPG.c pool,,0.336352029211154,56.1147209809158
Pool,UDPG.x pool,,1,Inf
Pool,X5P.p pool,,4.31522068919424e-06,57.7422759920372
Pool,dummy pool,,1,Inf
Pool,dummyGLY pool,,1,Inf
Pool,dummySER pool,,1,Inf
Pool,meTHF pool,,0.000105622543220233,56.7399428727171
Pool,meTHF.c pool,,1.47238286646016e-07,59.5860169069646
Pool,meTHF.x pool,,1,Inf
Pool,myTHF.m pool,,1.00000000002876e-07,0
Pool,outSER pool,,1,Inf
Norm,Experiment1 Glyc205 #1 norm,,1.02930297930573,0.0134391080250467
Norm,Experiment1 Glyc205 #2 norm,,1.02647016916856,0.0252894724657715
Norm,Experiment1 Glyc205 #3 norm,,0.938202510059714,0.0199740414650944
Norm,Experiment1 Glyc205 #4 norm,,0.996287666422825,0.0300842352489779
Norm,Experiment1 Glyc205 #5 norm,,1.01279230126281,0.0337290895948965
Norm,Experiment1 Glyc205 #6 norm,,1.03855432750079,0.0281923365675715
Norm,Experiment1 Glyc205 #7 norm,,0.978224896976594,0.0343235570443094
Norm,Experiment1 Glyc205 #8 norm,,0.953596168581405,0.0284779616105012
Norm,Experiment1 Glyx160 #1 norm,,1.00779918328142,0.0112989923964658
Norm,Experiment1 Glyx160 #2 norm,,0.985932128450034,0.0139629687880908
Norm,Experiment1 Glyx160 #3 norm,,0.955852038606824,0.0179496751512117
Norm,Experiment1 Glyx160 #4 norm,,1.01259012937137,0.0168615739770297
Norm,Experiment1 Glyx160 #5 norm,,0.956230549564677,0.0344507876374173
Norm,Experiment1 Glyx160 #6 norm,,1.03103194653084,0.0200543354850854
Norm,Experiment1 Glyx160 #7 norm,,0.956761134107727,0.0373631985446826
Norm,Experiment1 Glyx160 #8 norm,,0.972029506577833,0.0356338144359701
Norm,Experiment1 GLY276 #1 norm,,1.00082684340971,0.0101923258205602
Norm,Experiment1 GLY276 #2 norm,,1.02335635709801,0.0214342218490216
Norm,Experiment1 GLY276 #3 norm,,1.07243878885364,0.0453529591110808
Norm,Experiment1 GLY276 #4 norm,,1.03783263447468,0.0645022838246981
Norm,Experiment1 GLY276 #5 norm,,0.985090335423702,0.131264118011125
Norm,Experiment1 GLY276 #6 norm,,0.905304231126345,0.0845116979658153
Norm,Experiment1 GLY276 #7 norm,,1.03591470345131,0.0644517897116088
Norm,Experiment1 GLY276 #8 norm,,1.0075896724394,0.0691138093629039
Norm,Experiment1 HPA262 #1 norm,,0.97656650721643,0.0106347820828784
Norm,Experiment1 HPA262 #2 norm,,0.972644552245767,0.0286993179195494
Norm,Experiment1 HPA262 #3 norm,,0.980989471625773,0.0127267709563257
Norm,Experiment1 HPA262 #4 norm,,0.961989243395262,0.0384410650323835
Norm,Experiment1 HPA262 #5 norm,,0.900548122736033,0.0224933048525308
Norm,Experiment1 HPA262 #6 norm,,0.934991654571788,0.0325919729204503
Norm,Experiment1 HPA262 #7 norm,,0.968622488205689,0.0242777430336965
Norm,Experiment1 HPA262 #8 norm,,1.0541182297606,0.0246943380046528
Norm,Experiment1 GA307 #1 norm,,0.964260854255048,0.0118414037319672
Norm,Experiment1 GA307 #2 norm,,0.960637090076049,0.0289412013273615
Norm,Experiment1 GA307 #3 norm,,0.96342280823732,0.0290901837505616
Norm,Experiment1 GA307 #4 norm,,0.964137857415967,0.018959442122766
Norm,Experiment1 GA307 #5 norm,,0.988283879061815,0.0518178172295093
Norm,Experiment1 GA307 #6 norm,,1.04350857539771,0.0440377123681217
Norm,Experiment1 GA307 #7 norm,,0.995348629082357,0.0429347914060258
Norm,Experiment1 GA307 #8 norm,,0.98603371875302,0.0369741469303821
Norm,Experiment1 SER306 #1 norm,,0.994570767511416,0.0141021872343513
Norm,Experiment1 SER306 #2 norm,,0.979093407579537,0.014560775583411
Norm,Experiment1 SER306 #3 norm,,0.931789190766057,0.0375379216997208
Norm,Experiment1 SER306 #4 norm,,0.996348993417312,0.0438121211110575
Norm,Experiment1 SER306 #5 norm,,0.930527772257112,0.0844262350209186
Norm,Experiment1 SER306 #6 norm,,0.830601433633154,0.0603019330738729
Norm,Experiment1 SER306 #7 norm,,1.0100073653368,0.0420334383035802
Norm,Experiment1 SER306 #8 norm,,0.997948370263328,0.0565557434023095
Norm,Experiment1 meTHF #1 norm,,0.991324534802003,0.0100749330151529
Norm,Experiment1 meTHF #2 norm,,1.00519303683664,0.010146810298961
Norm,Experiment1 meTHF #3 norm,,0.933498058509177,0.0590596311469653
Norm,Experiment1 meTHF #4 norm,,0.965212144366431,0.0434243624966293
Norm,Experiment1 meTHF #5 norm,,0.962997037320833,0.104129486378378
Norm,Experiment1 meTHF #6 norm,,0.954354871676983,0.0970764003783241
Norm,Experiment1 meTHF #7 norm,,1.00717452612363,0.0538797979197363
Norm,Experiment1 meTHF #8 norm,,0.973620043345573,0.0928107977031802
Norm,Experiment1 FmTHF #1 norm,,0.998595492450759,0.0101370272346086
Norm,Experiment1 FmTHF #2 norm,,0.980258693759427,0.0234348075221106
Norm,Experiment1 FmTHF #3 norm,,0.992927795977249,0.0304429926817968
Norm,Experiment1 FmTHF #4 norm,,1.00042291539302,0.0230162480364663
Norm,Experiment1 FmTHF #5 norm,,0.958497123660683,0.058462042117008
Norm,Experiment1 FmTHF #6 norm,,0.993354921138987,0.0615926882918981
Norm,Experiment1 FmTHF #7 norm,,0.997865511125075,0.052948636438369
Norm,Experiment1 FmTHF #8 norm,,1.05602985388446,0.0961556911141926
Norm,Experiment1 Met176 #1 norm,,0.958431743847876,0.0236971573348616
Norm,Experiment1 Met176 #2 norm,,0.853771193103101,0.0305063361495203
Norm,Experiment1 Met176 #3 norm,,0.849263216368431,0.0525283121657825
Norm,Experiment1 Met176 #4 norm,,0.936040861133816,0.0367559507671345
Norm,Experiment1 Met176 #5 norm,,0.979221434944756,0.0782427119141689
Norm,Experiment1 Met176 #6 norm,,0.975878184773622,0.179580570668022
Norm,Experiment1 Met176 #7 norm,,1.00220652608319,0.112057696727356
Norm,Experiment1 Met176 #8 norm,,1.00322031849035,0.127252097666999
Norm,Experiment1 SAM #1 norm,,0.993432683962505,0.0117825605548618
Norm,Experiment1 SAM #2 norm,,0.984241182092165,0.0122181546704876
Norm,Experiment1 SAM #3 norm,,0.984163825602091,0.0137787546077853
Norm,Experiment1 SAM #4 norm,,1.01038474168148,0.0217918336050164
Norm,Experiment1 SAM #5 norm,,0.978444229522796,0.0381212283543556
Norm,Experiment1 SAM #6 norm,,1.02056577573604,0.0659088794942081
Norm,Experiment1 SAM #7 norm,,0.999989314570154,0.0944069882264854
Norm,Experiment1 SAM #8 norm,,1.00154830153853,0.0827880108139856
Norm,Experiment1 CIT465 #1 norm,,1.02498950092972,0.0121610940906834
Norm,Experiment1 CIT465 #2 norm,,1.00478620291717,0.0134338711681332
Norm,Experiment1 CIT465 #3 norm,,0.988864454246292,0.0114716640274106
Norm,Experiment1 CIT465 #4 norm,,0.948679055245212,0.0158992617114734
Norm,Experiment1 CIT465 #5 norm,,0.95603399505747,0.0130603511723997
Norm,Experiment1 CIT465 #6 norm,,0.995683754395119,0.0130196368740589
Norm,Experiment1 CIT465 #7 norm,,1.03023263193446,0.014047197222096
Norm,Experiment1 CIT465 #8 norm,,1.0110893816105,0.0191353255318759
Norm,Experiment1 MAL335 #1 norm,,0.966509086770409,0.0123506476340951
Norm,Experiment1 MAL335 #2 norm,,1.00441607261376,0.0111057271622405
Norm,Experiment1 MAL335 #3 norm,,0.953790253587803,0.0100124906000019
Norm,Experiment1 MAL335 #4 norm,,0.983052285370089,0.0145715392838359
Norm,Experiment1 MAL335 #5 norm,,0.964745902928565,0.0137804804328487
Norm,Experiment1 MAL335 #6 norm,,1.00360053044781,0.0197302992690185
Norm,Experiment1 MAL335 #7 norm,,0.966409001552179,0.0260927536422735
Norm,Experiment1 MAL335 #8 norm,,1.01827067025219,0.0405459280568576
Norm,Experiment1 ASP334 #1 norm,,0.954215864469191,0.0222388776834264
Norm,Experiment1 ASP334 #2 norm,,0.974630378354906,0.0296820855327914
Norm,Experiment1 ASP334 #3 norm,,0.941591973846744,0.0199226976486948
Norm,Experiment1 ASP334 #4 norm,,0.99567072033081,0.0193355685664545
Norm,Experiment1 ASP334 #5 norm,,0.956968096039531,0.02876049510407
Norm,Experiment1 ASP334 #6 norm,,0.967119569340514,0.0308386320132691
Norm,Experiment1 ASP334 #7 norm,,0.984905881577737,0.0309409688276821
Norm,Experiment1 ASP334 #8 norm,,0.93963711342294,0.0964043989930299
Norm,Experiment1 GLU348 #1 norm,,0.964584914091165,0.0215911688614984
Norm,Experiment1 GLU348 #2 norm,,0.975417662859008,0.0192920822265663
Norm,Experiment1 GLU348 #3 norm,,0.996087944675492,0.0111952656906927
Norm,Experiment1 GLU348 #4 norm,,0.956772429406704,0.034829716854126
Norm,Experiment1 GLU348 #5 norm,,0.989502264539746,0.023714189673925
Norm,Experiment1 GLU348 #6 norm,,1.00909102909863,0.0131631839999035
Norm,Experiment1 GLU348 #7 norm,,0.992734178141441,0.0155567670558029
Norm,Experiment1 GLU348 #8 norm,,1.01872997421281,0.0222041499989221
Norm,Experiment1 THR320 #1 norm,,0.999269559389627,0.0102343076907141
Norm,Experiment1 THR320 #2 norm,,0.988808805452276,0.0141945385472133
Norm,Experiment1 THR320 #3 norm,,1.00351393518537,0.0106346647211044
Norm,Experiment1 THR320 #4 norm,,1.02296137754879,0.0299844419755019
Norm,Experiment1 THR320 #5 norm,,0.983228229872831,0.0204522589698668
Norm,Experiment1 THR320 #6 norm,,1.02409097496505,0.0121779811402592
Norm,Experiment1 THR320 #7 norm,,1.02369894247518,0.0177988426676514
Norm,Experiment1 THR320 #8 norm,,0.987653673721495,0.0340066697536853
Norm,Experiment1 ALA116 #1 norm,,1.00277049559276,0.0100311171094815
Norm,Experiment1 ALA116 #2 norm,,1.00373771575581,0.00993185290707926
Norm,Experiment1 ALA116 #3 norm,,0.993722520015429,0.0175776532833361
Norm,Experiment1 ALA116 #4 norm,,1.03065803455773,0.0219514899052537
Norm,Experiment1 ALA116 #5 norm,,1.02319792600165,0.101744913792126
Norm,Experiment1 ALA116 #6 norm,,0.98613781013476,0.0725625672116384
Norm,Experiment1 ALA116 #7 norm,,1.02857820466448,0.0587780321015767
Norm,Experiment1 ALA116 #8 norm,,0.943096183799916,0.0951005379139003
Norm,Experiment1 PYR #1 norm,,0.965517096297953,0.0168771699448773
Norm,Experiment1 PYR #2 norm,,0.974755779488512,0.0426140886022637
Norm,Experiment1 PYR #3 norm,,0.957869120816061,0.096867397628028
Norm,Experiment1 PYR #4 norm,,1.03515985299975,0.0412700688415108
Norm,Experiment1 PYR #5 norm,,1.0445434657652,0.0538101175272957
Norm,Experiment1 PYR #6 norm,,1.03320492325083,0.0542806946935219
Norm,Experiment1 PYR #7 norm,,0.976949099714428,0.1067477964461
Norm,Experiment1 PYR #8 norm,,0.9664111374174,0.0649808123158387
