type,id,eqn,val,std
Net flux,CO2.t,CO2.t -> CO2,47.2566466235231,1.07692963677365
Net flux,CO2_sink,dummy -> Sink,47.2566466235231,1.07692963677365
Net flux,RUBICSO_CO2,RUBP.p + CO2 -> 3PGA.p + 3PGA.p + dummy,56.3583441853388,1.13587760135473
Net flux,GAPDH.p net,3PGA.p <-> TP.p,135.632144496967,2.65043854741154
Exch flux,GAPDH.p exch,3PGA.p <-> TP.p,2.73884101886779e-06,0.520509080765544
Net flux,ALD,TP.p + E4P.p -> SBP,24.7887107026712,0.472302090951831
Net flux,SBP,SBP -> S7P.p,24.7887107026712,0.472302090951831
Net flux,FBA.p net,TP.p + TP.p <-> FBP.p,30.6198890884916,0.631905299398686
Exch flux,FBA.p exch,TP.p + TP.p <-> FBP.p,33094.4092298802,13.9062499284873
Net flux,PFK.p net,FBP.p <-> F6P.p,30.619889088488,0.631905299398686
Exch flux,PFK.p exch,FBP.p <-> F6P.p,30161.2558862819,29.2946039850479
Net flux,TK1 net,TP.p + EC2 <-> X5P.p,49.5774214053424,0.944604181903662
Exch flux,TK1 exch,TP.p + EC2 <-> X5P.p,38.3757961562419,28.6438632159426
Net flux,TK2 net,S7P.p <-> R5P.p + EC2,24.7887107026712,0.472302090951831
Exch flux,TK2 exch,S7P.p <-> R5P.p + EC2,37.8013479894859,29.2727214346567
Net flux,TK3 net,F6P.p <-> E4P.p + EC2,24.7887107026691,0.472302090951831
Exch flux,TK3 exch,F6P.p <-> E4P.p + EC2,34042.7369589208,30.2974905987694
Net flux,PPE net,X5P.p <-> RU5P.p,49.5774214053424,0.944604181903662
Exch flux,PPE exch,X5P.p <-> RU5P.p,109.070948566708,22.7163230361492
Net flux,PPI net,R5P.p <-> RU5P.p,24.7887107026713,0.472302090951831
Exch flux,PPI exch,R5P.p <-> RU5P.p,238.258944670551,32.1292088509988
Net flux,PRK,RU5P.p -> RUBP.p,74.3661321080138,1.41690627285549
Net flux,RUBISCO_O2,RUBP.p -> 3PGA.p + 2PG.p,18.007787922675,0.579632868561117
Net flux,GLYdil net,GLY.p <-> GLY.x + dummyGLY,6.68316550260784e-05,0.0013257943607526
Exch flux,GLYdil exch,GLY.p <-> GLY.x + dummyGLY,0.00856826538635858,29.7331575969612
Net flux,SERdil net,SER.p <-> SER.x + dummySER,3.99614229096763,0.745761543202054
Exch flux,SERdil exch,SER.p <-> SER.x + dummySER,1.53986552507639,0.602503333693631
Net flux,GK,GA.p -> 3PGA.p,4.910465032953,0.746233601165205
Net flux,PGI.p net,F6P.p <-> G6P.p,5.83117838581778,0.315431397396432
Exch flux,PGI.p exch,F6P.p <-> G6P.p,2.5721843921536,31.9780881852131
Net flux,PGM.p,G6P.p -> ADPG.p,5.83117838581779,0.315431397396432
Net flux,Starch,ADPG.p -> Starch,5.83117838581777,0.315431397396432
Net flux,FBA.c net,TP.c + TP.c <-> FBP.c,0.0131171059911246,0.260214791119196
Exch flux,FBA.c exch,TP.c + TP.c <-> FBP.c,22.2800712823728,30.0824457162484
Net flux,PFK.c net,FBP.c <-> F6P.c,0.0131171059911326,0.260214791119196
Exch flux,PFK.c exch,FBP.c <-> F6P.c,6.93433512303442,28.5891347760946
Net flux,PGI.c net,F6P.c <-> G6P.c,0.00655855299558539,0.130107395559598
Exch flux,PGI.c exch,F6P.c <-> G6P.c,228.158551105005,30.6987427926769
Net flux,PGM.c net,G6P.c <-> UDPG.c,0.00655855299555697,0.130107395559598
Exch flux,PGM.c exch,G6P.c <-> UDPG.c,48481.425150555,29.3706867750733
Net flux,SPS,F6P.c + UDPG.c -> S6P,0.0065585529955321,0.130107395559598
Net flux,PGAM.c net,3PGA.c <-> PEP.c,0.00279682933914405,0.0554829977624184
Exch flux,PGAM.c exch,3PGA.c <-> PEP.c,3.21238154477614,31.28270716569
Net flux,PK.c,PEP.c -> PYR.c,0.0012695391027715,0.0251848885584693
Net flux,PDH,PYR.c + dummy -> ACA + CO2,0.00105658288744559,0.0209603014246529
Net flux,CS,OAA + ACA -> CIT,0.00105658288744159,0.0209603014246529
Net flux,ACO net,CIT <-> ICI,0.001056582887486,0.0209603014246529
Exch flux,ACO exch,CIT <-> ICI,1154.9709480286,25.1369745547727
Net flux,IDH,ICI + dummy -> AKG + CO2,0.00105658288745802,0.0209603014246529
Net flux,MDH net,MAL <-> OAA,2.1316282072803e-14,0
Exch flux,MDH exch,MAL <-> OAA,0.00097748188596114,0.000801799125753701
Net flux,PPC,PEP.c + CO2 -> OAA + dummy,0.00152729023543596,0.0302981092039697
Net flux,T_3PGA net,3PGA.p <-> 3PGA.c,0.0027968293391254,0.0554829977624184
Exch flux,T_3PGA exch,3PGA.p <-> 3PGA.c,8.17991214290396,28.3394891354032
Net flux,T_DHAP net,TP.p <-> TP.c,0.0262342119822887,0.520429582238392
Exch flux,T_DHAP exch,TP.p <-> TP.c,0.0048999394725473,28.05030662614
Net flux,ALT,PYR.c -> ALA.c,0.000212956215748905,0.00422458713382073
Net flux,ASPT,OAA -> ASP,0.000470707348429356,0.00933780777931534
Net flux,GLUDH,AKG -> GLU,0.00105658288743493,0.0209603014246529
Net flux,PCR net,GLU <-> PRO,-2.48689957516035e-14,0
Exch flux,PCR exch,GLU <-> PRO,1.0000000116861e-07,0
Net flux,GS net,GLU <-> GLN,0,0
Exch flux,GS exch,GLU <-> GLN,1.00043699546859e-07,0
Net flux,TS net,ASP <-> THR,0,0
Exch flux,TS exch,ASP <-> THR,5.27851873997065e-05,11.5651036983834
Net flux,AS net,ASP <-> ASN,1.06581410364015e-14,0
Exch flux,AS exch,ASP <-> ASN,5.28929279219881e-05,11.5651036527088
Net flux,G_3PGA.p,0*3PGA.p -> 3PGA,2.46866297004544e-06,42.6446475367903
Net flux,G_3PGA.c,0*3PGA.c -> 3PGA,92.9119081386139,30.1491100441567
Net flux,G_DHAP.p,0*TP.p -> TP,40.685379842242,44.2660221137953
Net flux,G_DHAP.c,0*TP.c -> TP,51.8471856996947,30.9615985089232
Net flux,G_F6P.p,0*F6P.p -> F6P,48.6686345030749,40.96152426413
Net flux,G_F6P.c,0*F6P.c -> F6P,36.546576817712,28.6870960056167
Net flux,G_FBP.p,0*FBP.p -> FBP,2.46866127895373e-06,40.0989331640837
Net flux,G_FBP.c,0*FBP.c -> FBP,83.451231047617,28.6760902995132
Net flux,G_G6P.p,0*G6P.p -> G6P,19.0549768397257,41.3507886122986
Net flux,G_G6P.c,0*G6P.c -> G6P,58.8549499993083,29.4341285637744
Net flux,G_RU5P.p,0*RU5P.p -> P5P,2.46865369746274e-06,42.1195408237182
Net flux,G_X5P.p,0*X5P.p -> P5P,92.8477691495883,29.7983163121718
Net flux,G_R5P.p,0*R5P.p -> R5P,82.2810779884949,30.1355080713348
Net flux,G_GA.p,0*GA.p -> GA,41.516503407079,1.73779980275255
Net flux,G_SER.p,0*SER.p -> SER,99.9999586229646,26.9797183784007
Net flux,G_GLY.p,0*GLY.p -> GLY,55.2347399450525,40.128532867232
Net flux,G_RUBP.p,0*RUBP.p -> RUBP,92.5302752673063,29.3936854700009
Net flux,G_S7P.p,0*S7P.p -> S7P,98.4567310636212,27.3769715190085
Net flux,G_2PG.p,0*2PG.p -> 2PG,87.0427532706349,28.5292024190411
Net flux,G_ADPG.p,0*ADPG.p -> ADPG,95.0805622183377,28.7369144185222
Net flux,G_PEP.c,0*PEP.c -> PEP,89.2305410445615,29.809030002559
Net flux,G_UDPG.c,0*UDPG.c -> UDPG,72.4268033045549,27.1841437718952
Net flux,G_ALA.c,0*ALA.c -> ALA,80.8185276481068,22.6696536606791
Net flux,(1-G)_GA,0*GA.x -> GA,58.4834965929231,1.73779980275255
Net flux,(1-G)_SER,0*SER.x -> SER,1.0000000116861e-07,0
Net flux,(1-G)_GLY,0*GLY.x -> GLY,44.7651481481765,1.98761325782377
Net flux,(1-G)_R5P,0*R5P.x -> R5P,17.718922011502,30.1355080713348
Net flux,(1-G)_RUBP,0*RUBP.x -> RUBP,7.46972473269241,29.3936854700009
Net flux,(1-G)_3PGA,0*3PGA.x -> 3PGA,7.08808939272348,29.1945655135441
Net flux,(1-G)_TP,0*TP.x -> TP,7.46743445806383,30.8426771166165
Net flux,(1-G)_F6P,0*F6P.x -> F6P,14.7847886792169,30.2084519403074
Net flux,(1-G)_FBP,0*FBP.x -> FBP,16.5487664837164,27.7743182012079
Net flux,(1-G)_G6P,0*G6P.x -> G6P,22.0900731609643,28.7573969353307
Net flux,(1-G)_RU5P,0*RU5P.x -> P5P,7.1522283817594,29.3507197087066
Net flux,(1-G)_S7P,0*S7P.x -> S7P,1.54326893637677,27.3769715190085
Net flux,(1-G)_2PG,0*2PG.x -> 2PG,12.9572467293675,28.5292024190411
Net flux,(1-G)_ADPG,0*ADPG.x -> ADPG,4.91943778166132,28.7369144185222
Net flux,(1-G)_PEP,0*PEP.x -> PEP,10.7694589554367,29.809030002559
Net flux,(1-G)_UDPG,0*UDPG.x -> UDPG,27.5731966954463,27.1841437718952
Net flux,(1-G)_ALA,0*ALA.x -> ALA,19.181472351893,22.6696536606791
Net flux,PGASink,3PGA -> Sink,100,0
Net flux,DHAPSink,TP -> Sink,100.000000000001,0
Net flux,F6PSink,F6P -> Sink,100.000000000004,0
Net flux,FBPSink,FBP -> Sink,99.9999999999947,0
Net flux,G6PSink,G6P -> Sink,99.9999999999983,0
Net flux,P5PSink,P5P -> Sink,100.000000000001,0
Net flux,R5PSink,R5P -> Sink,99.9999999999968,0
Net flux,GASink,GA -> Sink,100.000000000002,0
Net flux,SERSink,SER -> Sink,99.9999999999996,0
Net flux,GLYSink,GLY -> Sink,100.000000000001,0
Net flux,RUBPSink,RUBP -> Sink,99.9999999999987,0
Net flux,S7PSink,S7P -> Sink,99.9999999999979,0
Net flux,2PGSink,2PG -> Sink,100.000000000002,0
Net flux,ADPGSink,ADPG -> Sink,99.999999999999,0
Net flux,PEPSink,PEP -> Sink,99.9999999999983,0
Net flux,UDPGSink,UDPG -> Sink,100.000000000001,0
Net flux,ALASink,ALA -> Sink,99.9999999999998,0
Net flux,S6Pout-LL,S6P + 0.1611*GLU + 0.07177*ASP + 0.03247*ALA.c + 0.01019*dummyGLY + 0.03484*dummySER -> Sink,0.00655855299556762,0.130107395559598
Net flux,PGP.p,2PG.p -> Glyc.p,18.007787922675,0.579632868561117
Net flux,GOX,Glyc.p -> Glyx.p,18.007787922675,0.579632868561117
Net flux,GGT,Glyx.p -> GLY.p,18.007787922675,0.579632868561117
Net flux,SGAT,SER.p -> HPA.p,4.91046503295299,0.746233601165205
Net flux,HPR.p,HPA.p -> GA.p,4.91046503295299,0.746233601165205
Net flux,T_GLY-m net,GLY.p <-> GLY.m,18.0002837353204,40.6291100689291
Exch flux,T_GLY-m exch,GLY.p <-> GLY.m,22862.2596521345,28.91674316814
Net flux,GDC.m,GLY.m + dummy -> myTHF.m + CO2,9.10111168627664,0.299601577361707
Net flux,T_SER-m net,SER.p <-> SER.m,-9.10111168627664,0.299601577361707
Exch flux,T_SER-m exch,SER.p <-> SER.m,20.8762016423687,22.1740162574447
Net flux,mSHMT,GLY.m + myTHF.m -> SER.m,9.10111168627664,0.299601577361707
Net flux,T_SER-c net,SER.p <-> SER.c,0.194504362355998,0.184426388258928
Exch flux,T_SER-c exch,SER.p <-> SER.c,1.00000000280431e-07,0
Net flux,T_Gly-c net,GLY.p <-> GLY.c,0.00743735569404214,40.6249751941453
Exch flux,T_Gly-c exch,GLY.p <-> GLY.c,4.31851229887315e-06,29.2152437169599
Net flux,cSHMT,SER.c -> GLY.c + meTHF.c,0.194504262356003,0.18442638825892
Net flux,FmTHF-reductase net,meTHF.c <-> FmTHF.c,0.194504262356004,0.18442638825892
Exch flux,FmTHF-reductase exch,meTHF.c <-> FmTHF.c,8.55729736700545,29.4118034292119
Net flux,Met-synthase,FmTHF.c + Hcy.c -> Met.c,0.194504262355983,0.18442638825892
Net flux,SAM-synthase,Met.c -> SAM.c,0.194504262355993,0.18442638825892
Net flux,Methylation,SAM.c -> SAH.c + Acceptor.c,0.194504262355987,0.18442638825892
Net flux,hydrolysis,SAH.c -> Hcy.c,0.194504262355979,0.18442638825892
Net flux,G_SER.m,0*SER.m -> SER,4.11770350154939e-05,26.9797183784007
Net flux,G_SER.c,0*SER.c -> SER,1.0000000116861e-07,0
Net flux,G_Gly.m,0*GLY.m -> GLY,9.35547993528019e-05,27.1577880072892
Net flux,G_Gly.c,0*GLY.c -> GLY,1.83519729155535e-05,28.4102720619973
Net flux,T_GLY-c-m,GLY.c -> GLY.m,0.201939637227343,40.6253938149213
Net flux,G_Glyc,0*Glyc.p -> Glyc,21.8081946697795,1.10176874531779
Net flux,G_Glyx,0*Glyx.p -> Glyx,10.2331512497887,1.19281727365104
Net flux,G_HPA,0*HPA.p -> HPA,6.64249986592323,1.37517502041311
Net flux,(1-G)_Glyc,0*Glyc.x -> Glyc,78.1918053302211,1.10176874531779
Net flux,(1-G)_Glyx,0*Glyx.x -> Glyx,89.7668487502121,1.19281727365104
Net flux,(1-G)_HPA,0*HPA.x -> HPA,93.3575001340767,1.37517502041311
Net flux,GlycSink,Glyc -> Sink,100.000000000001,0
Net flux,GlyxSink,Glyx -> Sink,100.000000000001,0
Net flux,HPASink,HPA -> Sink,99.9999999999998,0
Net flux,SERex,dummySER -> outSER,3.99591376995357,0.74928020297371
Net flux,G_PYR,0*PYR.c -> PYR,30.1194013566306,1.87083616275701
Net flux,(1-G)_PYR,0*PYR.x -> PYR,69.8805986433696,1.87083616275701
Net flux,PYRSink,PYR -> Sink,100,0
Net flux,G_meTHF,0*meTHF.c -> meTHF,99.9999999,0
Net flux,G_FmTHF,0*FmTHF.c -> FmTHF,81.2335728073222,2.75314052698042
Net flux,G_Met,0*Met.c -> Met,66.5967046374219,4.18750882715785
Net flux,G_SAM,0*SAM.c -> SAM,66.444590781461,3.61297925843143
Net flux,(1-G)_meTHF,0*meTHF.x -> meTHF,1.0000000116861e-07,0
Net flux,(1-G)_FmTHF,0*FmTHF.x -> FmTHF,18.7664271926779,2.75314052698042
Net flux,(1-G)_Met,0*Met.x -> Met,33.4032953625782,4.18750882715785
Net flux,(1-G)_SAM,0*SAM.x -> SAM,33.555409218539,3.61297925843143
Net flux,meTHFSink,meTHF -> Sink,99.9999999999999,0
Net flux,FmTHFSink,FmTHF -> Sink,100,0
Net flux,MetSink,Met -> Sink,100,0
Net flux,SAMsink,SAM -> Sink,100,0
Net flux,Met-protein,Met.c -> Protein,6.51983996113883e-15,0
Net flux,GLY-protein,GLY.c -> Protein,1.98082273428213e-06,1.69777710045053e-15
Net flux,SER-protein,SER.c -> Protein,9.99999976158961e-08,6.55798063766388e-15
Pool,2PG pool,,0,0
Pool,2PG.p pool,,3.8183482584818e-06,27.8097662055498
Pool,2PG.x pool,,1,Inf
Pool,3PGA pool,,0,0
Pool,3PGA.c pool,,1.41310487777203e-05,27.7030924697867
Pool,3PGA.p pool,,4.07313626691699e-06,27.7013294019024
Pool,3PGA.x pool,,1,Inf
Pool,ACA pool,,2.71469927551855e-06,28.6293426435923
Pool,ADPG pool,,0,0
Pool,ADPG.p pool,,9.9999999999999e-08,Inf
Pool,ADPG.x pool,,1,Inf
Pool,AKG pool,,2.72529963149208e-06,28.5713171204848
Pool,ALA pool,,0,0
Pool,ALA.c pool,,0.00236570635761062,0.00552841723475143
Pool,ALA.x pool,,1,Inf
Pool,ASN pool,,7566.06819374026,27.88374627493
Pool,ASP pool,,1.16345694471001e-05,1.60895039437016e-05
Pool,Acceptor.c pool,,1,Inf
Pool,CIT pool,,0.164877789458579,27.6601757983551
Pool,CO2 pool,,0.000255452366892051,28.5873710774844
Pool,CO2.t pool,,1,Inf
Pool,E4P.p pool,,0,0
Pool,EC2 pool,,0,0
Pool,F6P pool,,0,0
Pool,F6P.c pool,,3.82970863287077e-06,28.7944346992333
Pool,F6P.p pool,,4.01954567452584e-06,27.7572009107993
Pool,F6P.x pool,,1,Inf
Pool,FBP pool,,0,0
Pool,FBP.c pool,,3.82966464982845e-06,28.5071617540722
Pool,FBP.p pool,,3.90733133177465e-06,28.7067551181059
Pool,FBP.x pool,,1,Inf
Pool,FmTHF pool,,0.226442171222058,30.3939998518869
Pool,FmTHF.c pool,,2.71122934272134e-06,29.132024646898
Pool,FmTHF.x pool,,1,Inf
Pool,G6P pool,,0,0
Pool,G6P.c pool,,9.87487171412761e-06,28.0767072584679
Pool,G6P.p pool,,3.87022665854609e-06,28.7965997780013
Pool,G6P.x pool,,1,Inf
Pool,GA pool,,0,0
Pool,GA.p pool,,4.30592043432949e-06,27.4774810116926
Pool,GA.x pool,,1,Inf
Pool,GLN pool,,8.83867754991929,29.1868532011183
Pool,GLU pool,,2.72530324085548e-06,28.2905486542511
Pool,GLY pool,,0,0
Pool,GLY.c pool,,1.00483978008091,27.8520675979803
Pool,GLY.m pool,,0.889105899442576,0.0881141637790872
Pool,GLY.p pool,,0.000425115687610404,28.7596649212462
Pool,GLY.x pool,,1,Inf
Pool,Glyc pool,,3.94936111908256,0.916731460107416
Pool,Glyc.p pool,,2.29143272430007e-05,28.4319323571128
Pool,Glyc.x pool,,1,Inf
Pool,Glyx pool,,5.37817465166287,2.13293553240299
Pool,Glyx.p pool,,3.53934081860917e-05,27.2650465089049
Pool,Glyx.x pool,,1,Inf
Pool,HPA pool,,0.000179688302764866,27.881285004021
Pool,HPA.p pool,,3.21621808204929e-06,27.1675580583581
Pool,HPA.x pool,,1,Inf
Pool,Hcy.c pool,,1,Inf
Pool,ICI pool,,0.003585703597602,28.3665972571537
Pool,MAL pool,,0.00266131419325238,0.00176764866446041
Pool,Met pool,,0.040225203857127,28.979002138232
Pool,Met.c pool,,2.72528231468814e-06,29.0751887173192
Pool,Met.x pool,,1,Inf
Pool,OAA pool,,0.000873921657571906,0.000456172666564145
Pool,P5P pool,,0,0
Pool,PEP pool,,0,0
Pool,PEP.c pool,,4.92391644584561e-06,28.8891311644892
Pool,PEP.x pool,,1,Inf
Pool,PRO pool,,5.39499638374677,28.6379905893188
Pool,PYR pool,,3.78032049896959,1.06530537725121
Pool,PYR.c pool,,5.73201242307524e-06,0.000103947583986568
Pool,PYR.x pool,,1,Inf
Pool,Protein pool,,1,Inf
Pool,R5P pool,,0,0
Pool,R5P.p pool,,4.31877009891516e-05,29.3014949710299
Pool,R5P.x pool,,1,Inf
Pool,RU5P.p pool,,3.91297660769038e-06,27.174086530792
Pool,RU5P.x pool,,1,Inf
Pool,RUBP pool,,0,0
Pool,RUBP.p pool,,3.9323159755308e-06,27.5148969856043
Pool,RUBP.x pool,,1,Inf
Pool,S6P pool,,1,Inf
Pool,S7P pool,,0,0
Pool,S7P.p pool,,4.18783101863166e-06,27.1034053067677
Pool,S7P.x pool,,1,Inf
Pool,SAH.c pool,,1,Inf
Pool,SAM pool,,2.14175722845594,1.03633161808266
Pool,SAM.c pool,,2.73772163696663e-06,28.290324937859
Pool,SAM.x pool,,1,Inf
Pool,SBP pool,,0,0
Pool,SER pool,,0,0
Pool,SER.c pool,,1.00000000002876e-07,0
Pool,SER.m pool,,0.893311264905504,0.0816180964513021
Pool,SER.p pool,,0.0129455606570433,28.9311269171787
Pool,SER.x pool,,1,Inf
Pool,Sink pool,,1,Inf
Pool,Starch pool,,1,Inf
Pool,THR pool,,3889.78324722788,27.2514955986334
Pool,TP pool,,0,0
Pool,TP.c pool,,4.18762343748141e-06,28.7987039732224
Pool,TP.p pool,,4.24589651194059e-06,27.9136573064494
Pool,TP.x pool,,1,Inf
Pool,UDPG pool,,0,0
Pool,UDPG.c pool,,0.170291369839784,28.0837867158039
Pool,UDPG.x pool,,1,Inf
Pool,X5P.p pool,,4.0286055638893e-06,27.7549366385277
Pool,dummy pool,,1,Inf
Pool,dummyGLY pool,,1,Inf
Pool,dummySER pool,,1,Inf
Pool,meTHF pool,,0.497955680882021,0.856514473029581
Pool,meTHF.c pool,,2.71119010417907e-06,27.556746712404
Pool,meTHF.x pool,,1,Inf
Pool,myTHF.m pool,,1.00000000058387e-07,0
Pool,outSER pool,,1,Inf
Norm,Experiment1 Glyc205 #1 norm,,1.00119574085519,0.0129512551651245
Norm,Experiment1 Glyc205 #2 norm,,1.00809847158823,0.0239494937032101
Norm,Experiment1 Glyc205 #3 norm,,0.95545750580391,0.0210219261445679
Norm,Experiment1 Glyc205 #4 norm,,1.00566735961348,0.0315478914012948
Norm,Experiment1 Glyc205 #5 norm,,0.994354316335603,0.0324757115226881
Norm,Experiment1 Glyc205 #6 norm,,1.03933888287012,0.0280903748420208
Norm,Experiment1 Glyc205 #7 norm,,0.968699917545502,0.0336944968192399
Norm,Experiment1 Glyc205 #8 norm,,0.952859492354418,0.0283721707568682
Norm,Experiment1 Glyx160 #1 norm,,0.991023260579417,0.0110210038918289
Norm,Experiment1 Glyx160 #2 norm,,1.00085164031894,0.0145072302386116
Norm,Experiment1 Glyx160 #3 norm,,0.954829880100455,0.0184908906452708
Norm,Experiment1 Glyx160 #4 norm,,1.01310022704808,0.0170105522968143
Norm,Experiment1 Glyx160 #5 norm,,0.988204869222481,0.0348486991787535
Norm,Experiment1 Glyx160 #6 norm,,1.03178271698055,0.0210018648108209
Norm,Experiment1 Glyx160 #7 norm,,0.986848420341492,0.03730236283479
Norm,Experiment1 Glyx160 #8 norm,,0.941489240188613,0.0313536726863749
Norm,Experiment1 GLY276 #1 norm,,0.987613111454805,0.010193532605796
Norm,Experiment1 GLY276 #2 norm,,1.03357185294781,0.0212954728422583
Norm,Experiment1 GLY276 #3 norm,,1.00618196612814,0.0456233178793743
Norm,Experiment1 GLY276 #4 norm,,1.01649904829165,0.0555360396975244
Norm,Experiment1 GLY276 #5 norm,,0.974937785671825,0.119203077512715
Norm,Experiment1 GLY276 #6 norm,,0.969502267751615,0.0907411096302279
Norm,Experiment1 GLY276 #7 norm,,1.01416689979134,0.061050039079385
Norm,Experiment1 GLY276 #8 norm,,1.00157859042384,0.0727449461323207
Norm,Experiment1 HPA262 #1 norm,,1.01553587413834,0.0110224017070648
Norm,Experiment1 HPA262 #2 norm,,0.955806350339825,0.0272104240696722
Norm,Experiment1 HPA262 #3 norm,,0.955132315636379,0.0129140459057458
Norm,Experiment1 HPA262 #4 norm,,0.921263469878009,0.0352239240756557
Norm,Experiment1 HPA262 #5 norm,,0.957183856305319,0.0236719770347823
Norm,Experiment1 HPA262 #6 norm,,0.954023241753488,0.0325307056244455
Norm,Experiment1 HPA262 #7 norm,,0.980694451143278,0.0249994327094269
Norm,Experiment1 HPA262 #8 norm,,1.00507754233403,0.0231495036240195
Norm,Experiment1 GA307 #1 norm,,0.995036879371024,0.0120293556685502
Norm,Experiment1 GA307 #2 norm,,0.95386170364065,0.0298275897639845
Norm,Experiment1 GA307 #3 norm,,0.947902928874055,0.0301786489675814
Norm,Experiment1 GA307 #4 norm,,1.00018931229469,0.0193730297297865
Norm,Experiment1 GA307 #5 norm,,0.949777608483525,0.0582599055765955
Norm,Experiment1 GA307 #6 norm,,1.0509058221925,0.0430374109521862
Norm,Experiment1 GA307 #7 norm,,0.986161021368823,0.0419588276735552
Norm,Experiment1 GA307 #8 norm,,0.965528472516548,0.0346406052908665
Norm,Experiment1 SER306 #1 norm,,0.99255651481892,0.0140636833329491
Norm,Experiment1 SER306 #2 norm,,0.999017116838994,0.0148408181512081
Norm,Experiment1 SER306 #3 norm,,0.932050845009916,0.0383180518890564
Norm,Experiment1 SER306 #4 norm,,1.03303080174409,0.0459745040165128
Norm,Experiment1 SER306 #5 norm,,0.968129340673871,0.0916458045696361
Norm,Experiment1 SER306 #6 norm,,0.96717863638064,0.0608858568556164
Norm,Experiment1 SER306 #7 norm,,1.01320465656992,0.0467616594186032
Norm,Experiment1 SER306 #8 norm,,0.963376298318227,0.0498692539426244
Norm,Experiment1 meTHF #1 norm,,0.991669730176628,0.00982481695278648
Norm,Experiment1 meTHF #2 norm,,1.00738195222991,0.010167669884599
Norm,Experiment1 meTHF #3 norm,,1.01532736552583,0.0649669242325082
Norm,Experiment1 meTHF #4 norm,,0.984722225502754,0.0500898489113935
Norm,Experiment1 meTHF #5 norm,,0.987181739057929,0.0795125613454721
Norm,Experiment1 meTHF #6 norm,,0.986554574640365,0.140763766650022
Norm,Experiment1 meTHF #7 norm,,1.11475351063491,0.0656284889844407
Norm,Experiment1 meTHF #8 norm,,0.97427746242982,0.0921335174249083
Norm,Experiment1 FmTHF #1 norm,,0.986343011524445,0.00982588952938594
Norm,Experiment1 FmTHF #2 norm,,1.02968570392357,0.0246921772174889
Norm,Experiment1 FmTHF #3 norm,,1.01503478720445,0.0303356410990408
Norm,Experiment1 FmTHF #4 norm,,0.973067321990093,0.0222973712894339
Norm,Experiment1 FmTHF #5 norm,,0.98097652112317,0.0675444255116249
Norm,Experiment1 FmTHF #6 norm,,1.00082141183351,0.0685159583415272
Norm,Experiment1 FmTHF #7 norm,,0.988932533080376,0.049642685350822
Norm,Experiment1 FmTHF #8 norm,,1.03853550498132,0.0797665761929957
Norm,Experiment1 Met176 #1 norm,,0.976270205369361,0.024866774982342
Norm,Experiment1 Met176 #2 norm,,0.8637306750041,0.0322931088248003
Norm,Experiment1 Met176 #3 norm,,0.984797625849349,0.0583210583236966
Norm,Experiment1 Met176 #4 norm,,0.925605399984167,0.0346582836235341
Norm,Experiment1 Met176 #5 norm,,0.967349521123495,0.0653457787344028
Norm,Experiment1 Met176 #6 norm,,0.960432180829521,0.103574650874712
Norm,Experiment1 Met176 #7 norm,,1.00812997792249,0.136872784495724
Norm,Experiment1 Met176 #8 norm,,0.994551842872544,0.103806613126568
Norm,Experiment1 SAM #1 norm,,1.01173075637776,0.0120889828257153
Norm,Experiment1 SAM #2 norm,,1.00465919222542,0.0124494187964549
Norm,Experiment1 SAM #3 norm,,0.999599134202307,0.0141017772092446
Norm,Experiment1 SAM #4 norm,,1.02409412307158,0.0237109280107859
Norm,Experiment1 SAM #5 norm,,0.983739677531846,0.038551001575625
Norm,Experiment1 SAM #6 norm,,1.01971358170657,0.0610320590757584
Norm,Experiment1 SAM #7 norm,,0.999964711280787,0.0923777356150565
Norm,Experiment1 SAM #8 norm,,1.00107745596062,0.0872054493920143
Norm,Experiment1 CIT465 #1 norm,,0.976328786213882,0.0116267957991337
Norm,Experiment1 CIT465 #2 norm,,1.02173007696544,0.0136435958455247
Norm,Experiment1 CIT465 #3 norm,,0.977965382401001,0.0114452517337897
Norm,Experiment1 CIT465 #4 norm,,0.954183046605246,0.0165032909049603
Norm,Experiment1 CIT465 #5 norm,,0.955337033727764,0.0128402903283292
Norm,Experiment1 CIT465 #6 norm,,1.03816850277215,0.0133117404675458
Norm,Experiment1 CIT465 #7 norm,,0.963661505445802,0.0113741096810788
Norm,Experiment1 CIT465 #8 norm,,0.977748701637661,0.0130015331693922
Norm,Experiment1 MAL335 #1 norm,,0.975485570083649,0.0120764164822571
Norm,Experiment1 MAL335 #2 norm,,0.989798284964935,0.0110037520923904
Norm,Experiment1 MAL335 #3 norm,,1.01169625382892,0.0107427186975458
Norm,Experiment1 MAL335 #4 norm,,0.964569447790155,0.0140121228096927
Norm,Experiment1 MAL335 #5 norm,,0.995691043411937,0.0141958425791552
Norm,Experiment1 MAL335 #6 norm,,0.940327422285546,0.0129998287287451
Norm,Experiment1 MAL335 #7 norm,,0.961217087430906,0.0206020995819954
Norm,Experiment1 MAL335 #8 norm,,1.00144201899871,0.0353293604372822
Norm,Experiment1 ASP334 #1 norm,,0.952079603165303,0.021604906979
Norm,Experiment1 ASP334 #2 norm,,0.991268213369206,0.0305435969723472
Norm,Experiment1 ASP334 #3 norm,,0.944419178568882,0.0245845013006539
Norm,Experiment1 ASP334 #4 norm,,1.09044726560082,0.0343138465179742
Norm,Experiment1 ASP334 #5 norm,,0.914726872739578,0.0354184643025586
Norm,Experiment1 ASP334 #6 norm,,0.975304815605119,0.0362708308192072
Norm,Experiment1 ASP334 #7 norm,,0.97912962623311,0.0305858126830432
Norm,Experiment1 ASP334 #8 norm,,0.992568313933605,0.0823872919639223
Norm,Experiment1 GLU348 #1 norm,,0.966677357587433,0.0205491837226553
Norm,Experiment1 GLU348 #2 norm,,0.99229933524966,0.0199616985416154
Norm,Experiment1 GLU348 #3 norm,,0.983238005783072,0.0112087862104297
Norm,Experiment1 GLU348 #4 norm,,0.97011010848518,0.035625789297977
Norm,Experiment1 GLU348 #5 norm,,1.01291806078995,0.0237766226215966
Norm,Experiment1 GLU348 #6 norm,,1.02079188011581,0.013273917907689
Norm,Experiment1 GLU348 #7 norm,,0.957917475343494,0.0136993354009466
Norm,Experiment1 GLU348 #8 norm,,0.953530280609443,0.0157134577178169
Norm,Experiment1 THR320 #1 norm,,0.985300893846691,0.0102820171966275
Norm,Experiment1 THR320 #2 norm,,0.965651133892278,0.013985125121668
Norm,Experiment1 THR320 #3 norm,,1.02463654947773,0.0108054425289009
Norm,Experiment1 THR320 #4 norm,,0.980794390897993,0.0285128669342712
Norm,Experiment1 THR320 #5 norm,,0.95970461312229,0.0200687644750493
Norm,Experiment1 THR320 #6 norm,,1.00331533883606,0.0115236030662481
Norm,Experiment1 THR320 #7 norm,,1.0490683800577,0.0152880739142741
Norm,Experiment1 THR320 #8 norm,,0.910245060769332,0.0246774812847788
Norm,Experiment1 ALA116 #1 norm,,1.00515997124473,0.00993230260020762
Norm,Experiment1 ALA116 #2 norm,,0.999056717213305,0.010134056690987
Norm,Experiment1 ALA116 #3 norm,,1.00479920593454,0.0174865805840754
Norm,Experiment1 ALA116 #4 norm,,0.957868231616998,0.0184830405308789
Norm,Experiment1 ALA116 #5 norm,,0.798113619623546,0.0823408880234788
Norm,Experiment1 ALA116 #6 norm,,0.570083738127739,0.0624202800369829
Norm,Experiment1 ALA116 #7 norm,,0.376745397379726,0.0545734998104648
Norm,Experiment1 ALA116 #8 norm,,0.413555588880768,0.105191696968408
Norm,Experiment1 PYR #1 norm,,1.0065371011565,0.0172578056847818
Norm,Experiment1 PYR #2 norm,,0.983283052079865,0.425820882001476
Norm,Experiment1 PYR #3 norm,,1.00533926644282,0.361612095991956
Norm,Experiment1 PYR #4 norm,,1.06625931611781,0.0437237035052803
Norm,Experiment1 PYR #5 norm,,1.00465132232808,0.0510200532181613
Norm,Experiment1 PYR #6 norm,,0.996223463155141,0.0520376125227781
Norm,Experiment1 PYR #7 norm,,1.00928786929496,0.107726950078214
Norm,Experiment1 PYR #8 norm,,0.977876425021838,0.0599723057974379
