type,id,eqn,val,std
Net flux,CO2.t,CO2.t -> CO2,47.094984925838,1.08288968515239
Net flux,CO2_sink,dummy -> Sink,47.094984925838,1.08288968515239
Net flux,RUBICSO_CO2,RUBP.p + CO2 -> 3PGA.p + 3PGA.p + dummy,56.7952210650829,1.19032995077899
Net flux,GAPDH.p net,3PGA.p <-> TP.p,136.79442394061,2.65134587426311
Exch flux,GAPDH.p exch,3PGA.p <-> TP.p,0.589807054869503,0.300421987066981
Net flux,ALD,TP.p + E4P.p -> SBP,24.7681402733996,0.478800905715046
Net flux,SBP,SBP -> S7P.p,24.7681402733996,0.478800905715046
Net flux,FBA.p net,TP.p + TP.p <-> FBP.p,29.739320094166,0.648251782236819
Exch flux,FBA.p exch,TP.p + TP.p <-> FBP.p,21647.3987377237,1120.80827103325
Net flux,PFK.p net,FBP.p <-> F6P.p,29.7393200941692,0.648251782236819
Exch flux,PFK.p exch,FBP.p <-> F6P.p,9.99848026594918e-08,6.89078175460697e-13
Net flux,TK1 net,TP.p + EC2 <-> X5P.p,49.5362805467991,0.957601811430091
Exch flux,TK1 exch,TP.p + EC2 <-> X5P.p,9.99999976158961e-08,0
Net flux,TK2 net,S7P.p <-> R5P.p + EC2,24.7681402733995,0.478800905715046
Exch flux,TK2 exch,S7P.p <-> R5P.p + EC2,37.9481102374306,3621.32812731077
Net flux,TK3 net,F6P.p <-> E4P.p + EC2,24.7681402733988,0.478800905715046
Exch flux,TK3 exch,F6P.p <-> E4P.p + EC2,7627.29820237624,3599.39301759075
Net flux,PPE net,X5P.p <-> RU5P.p,49.536280546799,0.957601811430091
Exch flux,PPE exch,X5P.p <-> RU5P.p,62.90760093629,3582.12912471171
Net flux,PPI net,R5P.p <-> RU5P.p,24.7681402733996,0.478800905715046
Exch flux,PPI exch,R5P.p <-> RU5P.p,239.719469748795,3542.34918371595
Net flux,PRK,RU5P.p -> RUBP.p,74.3044208201988,1.43640271714514
Net flux,RUBISCO_O2,RUBP.p -> 3PGA.p + 2PG.p,17.5091997551159,0.594591366024663
Net flux,GLYdil net,GLY.p <-> GLY.x + dummyGLY,0.00767144706947676,0.00102091747689993
Exch flux,GLYdil exch,GLY.p <-> GLY.x + dummyGLY,1.0000000116861e-07,0
Net flux,SERdil net,SER.p <-> SER.x + dummySER,1.8527197739651,1.20011128525149
Exch flux,SERdil exch,SER.p <-> SER.x + dummySER,1.13447915252233,0.159437719344534
Net flux,GK,GA.p -> 3PGA.p,6.01582345751696,0.597879795222065
Net flux,PGI.p net,F6P.p <-> G6P.p,4.97117982077065,0.347674097612473
Exch flux,PGI.p exch,F6P.p <-> G6P.p,3.12179709420678,2930.85904009
Net flux,PGM.p,G6P.p -> ADPG.p,4.97117982077065,0.347674097612473
Net flux,Starch,ADPG.p -> Starch,4.97117982077063,0.347674097612473
Net flux,FBA.c net,TP.c + TP.c <-> FBP.c,1.50568146603474,0.20037634485071
Exch flux,FBA.c exch,TP.c + TP.c <-> FBP.c,20.8568300450433,2930.85902631817
Net flux,PFK.c net,FBP.c <-> F6P.c,1.50568146603475,0.20037634485071
Exch flux,PFK.c exch,FBP.c <-> F6P.c,5.51047018545512,2930.85902631817
Net flux,PGI.c net,F6P.c <-> G6P.c,0.752840733017393,0.100188172425355
Exch flux,PGI.c exch,F6P.c <-> G6P.c,227.325380565069,2930.85902118094
Net flux,PGM.c net,G6P.c <-> UDPG.c,0.752840733010089,0.100188172425355
Exch flux,PGM.c exch,G6P.c <-> UDPG.c,48481.4040904094,2930.85901946852
Net flux,SPS,F6P.c + UDPG.c -> S6P,0.75284073301734,0.100188172425355
Net flux,PGAM.c net,3PGA.c <-> PEP.c,0.321041402188979,0.0427242442529568
Exch flux,PGAM.c exch,3PGA.c <-> PEP.c,1.65983376953901,2930.85901977993
Net flux,PK.c,PEP.c -> PYR.c,0.145727380690381,0.0193934245363612
Net flux,PDH,PYR.c + dummy -> ACA + CO2,0.121282642089187,0.0161403145817313
Net flux,CS,OAA + ACA -> CIT,0.121282642089183,0.0161403145817313
Net flux,ACO net,CIT <-> ICI,0.121282642089227,0.0161403145817313
Exch flux,ACO exch,CIT <-> ICI,1142.86742798161,2930.85901946852
Net flux,IDH,ICI + dummy -> AKG + CO2,0.121282642089199,0.0161403145817313
Net flux,MDH net,MAL <-> OAA,2.1316282072803e-14,0
Exch flux,MDH exch,MAL <-> OAA,0.0274183746866896,0.0472773703065357
Net flux,PPC,PEP.c + CO2 -> OAA + dummy,0.175314021497662,0.0233308197081513
Net flux,T_3PGA net,3PGA.p <-> 3PGA.c,0.32104140218896,0.0427242442529568
Exch flux,T_3PGA exch,3PGA.p <-> 3PGA.c,1.0000000116861e-07,0
Net flux,T_DHAP net,TP.p <-> TP.c,3.01136293206953,0.40075268970142
Exch flux,T_DHAP exch,TP.p <-> TP.c,9.99999998363421e-08,0
Net flux,ALT,PYR.c -> ALA.c,0.0244447386010489,0.00325310995796172
Net flux,ASPT,OAA -> ASP,0.0540313794086866,0.0071905051358833
Net flux,GLUDH,AKG -> GLU,0.121282642089176,0.0161403145817313
Net flux,PCR net,GLU <-> PRO,-2.48689957516035e-14,0
Exch flux,PCR exch,GLU <-> PRO,0.0199925960100984,3243.86835674826
Net flux,GS net,GLU <-> GLN,0,0
Exch flux,GS exch,GLU <-> GLN,0.0124491185268667,3233.3680133748
Net flux,TS net,ASP <-> THR,0,0
Exch flux,TS exch,ASP <-> THR,0.0466949124204277,0.0250824781645092
Net flux,AS net,ASP <-> ASN,1.06581410364015e-14,0
Exch flux,AS exch,ASP <-> ASN,1.0000000116861e-07,0
Net flux,G_3PGA.p,0*3PGA.p -> 3PGA,2.1022374170343e-06,5167.86667057294
Net flux,G_3PGA.c,0*3PGA.c -> 3PGA,92.9119084884225,3407.9771531127
Net flux,G_DHAP.p,0*TP.p -> TP,40.6853798422514,5142.64822953197
Net flux,G_DHAP.c,0*TP.c -> TP,51.8471856998322,3746.67673396973
Net flux,G_F6P.p,0*F6P.p -> F6P,48.6686345032614,5507.87556856712
Net flux,G_F6P.c,0*F6P.c -> F6P,36.5465768177337,3842.42247839668
Net flux,G_FBP.p,0*FBP.p -> FBP,2.10223446117652e-06,5294.14856180991
Net flux,G_FBP.c,0*FBP.c -> FBP,83.4512313372622,3817.59958815193
Net flux,G_G6P.p,0*G6P.p -> G6P,19.0549768395407,5110.00177605694
Net flux,G_G6P.c,0*G6P.c -> G6P,58.8549499996569,3489.83849982244
Net flux,G_RU5P.p,0*RU5P.p -> P5P,2.10222547991634e-06,5140.83754726066
Net flux,G_X5P.p,0*X5P.p -> P5P,92.8477694984219,3468.65355902933
Net flux,G_R5P.p,0*R5P.p -> R5P,82.2810779887508,3658.90446580451
Net flux,G_GA.p,0*GA.p -> GA,44.3194581096285,1.56643188251586
Net flux,G_SER.p,0*SER.p -> SER,98.8628465421453,3865.77211340862
Net flux,G_GLY.p,0*GLY.p -> GLY,11.9069351658545,3710.74536375805
Net flux,G_RUBP.p,0*RUBP.p -> RUBP,92.5302752674636,3720.32437928121
Net flux,G_S7P.p,0*S7P.p -> S7P,98.4567310636579,3885.1337824424
Net flux,G_2PG.p,0*2PG.p -> 2PG,87.0427532708633,3611.35588262247
Net flux,G_ADPG.p,0*ADPG.p -> ADPG,95.0805622184478,3602.94572973116
Net flux,G_PEP.c,0*PEP.c -> PEP,89.2305410447667,4052.7872612955
Net flux,G_UDPG.c,0*UDPG.c -> UDPG,72.4268033047895,3534.683560445
Net flux,G_ALA.c,0*ALA.c -> ALA,78.3980912933278,6.53710075003726
Net flux,(1-G)_GA,0*GA.x -> GA,55.6805418903735,1.56643188251586
Net flux,(1-G)_SER,0*SER.x -> SER,1.1371532108359,3.6884674989994
Net flux,(1-G)_GLY,0*GLY.x -> GLY,28.0817015240259,2.94685807640088
Net flux,(1-G)_R5P,0*R5P.x -> R5P,17.7189220112461,3658.90446580451
Net flux,(1-G)_RUBP,0*RUBP.x -> RUBP,7.46972473253513,3720.32437928121
Net flux,(1-G)_3PGA,0*3PGA.x -> 3PGA,7.08808940934039,3804.55793646356
Net flux,(1-G)_TP,0*TP.x -> TP,7.46743445791693,3601.21798205752
Net flux,(1-G)_F6P,0*F6P.x -> F6P,14.7847886790088,3775.61847227229
Net flux,(1-G)_FBP,0*FBP.x -> FBP,16.548766560498,3520.79883612508
Net flux,(1-G)_G6P,0*G6P.x -> G6P,22.0900731608007,3499.59703654437
Net flux,(1-G)_RU5P,0*RU5P.x -> P5P,7.15222839935401,3804.25917176797
Net flux,(1-G)_S7P,0*S7P.x -> S7P,1.54326893634012,3885.1337824424
Net flux,(1-G)_2PG,0*2PG.x -> 2PG,12.9572467291391,3611.35588262247
Net flux,(1-G)_ADPG,0*ADPG.x -> ADPG,4.91943778155118,3602.94572973116
Net flux,(1-G)_PEP,0*PEP.x -> PEP,10.7694589552315,4052.7872612955
Net flux,(1-G)_UDPG,0*UDPG.x -> UDPG,27.5731966952117,3534.683560445
Net flux,(1-G)_ALA,0*ALA.x -> ALA,21.601908706672,6.53710075003726
Net flux,PGASink,3PGA -> Sink,100,0
Net flux,DHAPSink,TP -> Sink,100.000000000001,0
Net flux,F6PSink,F6P -> Sink,100.000000000004,0
Net flux,FBPSink,FBP -> Sink,99.9999999999947,0
Net flux,G6PSink,G6P -> Sink,99.9999999999983,0
Net flux,P5PSink,P5P -> Sink,100.000000000001,0
Net flux,R5PSink,R5P -> Sink,99.9999999999968,0
Net flux,GASink,GA -> Sink,100.000000000002,0
Net flux,SERSink,SER -> Sink,99.9999999999996,0
Net flux,GLYSink,GLY -> Sink,100.000000000001,0
Net flux,RUBPSink,RUBP -> Sink,99.9999999999987,0
Net flux,S7PSink,S7P -> Sink,99.9999999999979,0
Net flux,2PGSink,2PG -> Sink,100.000000000002,0
Net flux,ADPGSink,ADPG -> Sink,99.999999999999,0
Net flux,PEPSink,PEP -> Sink,99.9999999999983,0
Net flux,UDPGSink,UDPG -> Sink,100.000000000001,0
Net flux,ALASink,ALA -> Sink,99.9999999999998,0
Net flux,S6Pout-LL,S6P + 0.1611*GLU + 0.07177*ASP + 0.03247*ALA.c + 0.01019*dummyGLY + 0.03484*dummySER -> Sink,0.752840733017376,0.100188172425355
Net flux,PGP.p,2PG.p -> Glyc.p,17.5091997551159,0.594591366024663
Net flux,GOX,Glyc.p -> Glyx.p,17.5091997551159,0.594591366024663
Net flux,GGT,Glyx.p -> GLY.p,17.5091997551159,0.594591366024663
Net flux,SGAT,SER.p -> HPA.p,6.01582345751694,0.597879795222065
Net flux,HPR.p,HPA.p -> GA.p,6.01582345751694,0.597879795222065
Net flux,T_GLY-m net,GLY.p <-> GLY.m,17.4566021614883,4997.00669523648
Exch flux,T_GLY-m exch,GLY.p <-> GLY.m,99446.8659858329,3633.29180627292
Net flux,GDC.m,GLY.m + dummy -> myTHF.m + CO2,9.63298487656438,0.420942158749827
Net flux,T_SER-m net,SER.p <-> SER.m,-9.63298487656436,0.420942158749827
Exch flux,T_SER-m exch,SER.p <-> SER.m,644.590305755099,3825.97311595381
Net flux,mSHMT,GLY.m + myTHF.m -> SER.m,9.63298487656438,0.420942158749827
Net flux,T_SER-c net,SER.p <-> SER.c,1.76444164508233,0.980909520657951
Exch flux,T_SER-c exch,SER.p <-> SER.c,1.00000000280431e-07,0
Net flux,T_Gly-c net,GLY.p <-> GLY.c,0.0449261465454827,4997.00665985384
Exch flux,T_Gly-c exch,GLY.p <-> GLY.c,0.000123985795156933,3634.11781557686
Net flux,cSHMT,SER.c -> GLY.c + meTHF.c,1.76444154508233,0.72410352058472
Net flux,FmTHF-reductase net,meTHF.c <-> FmTHF.c,1.76444154508233,0.72410352058472
Exch flux,FmTHF-reductase exch,meTHF.c <-> FmTHF.c,7.32857287646122,3654.46666152665
Net flux,Met-synthase,FmTHF.c + Hcy.c -> Met.c,1.76444154508231,0.72410352058472
Net flux,SAM-synthase,Met.c -> SAM.c,1.76444154508232,0.72410352058472
Net flux,Methylation,SAM.c -> SAH.c + Acceptor.c,1.76444154508232,0.72410352058472
Net flux,hydrolysis,SAH.c -> Hcy.c,1.76444154508231,0.72410352058472
Net flux,G_SER.m,0*SER.m -> SER,1.0000000116861e-07,0
Net flux,G_SER.c,0*SER.c -> SER,1.4701840456155e-07,3865.770353764
Net flux,G_Gly.m,0*GLY.m -> GLY,0.000182493949790086,3710.74350171423
Net flux,G_Gly.c,0*GLY.c -> GLY,60.0111808161711,5.51898276130241
Net flux,T_GLY-c-m,GLY.c -> GLY.m,1.80936759162784,4997.00671231755
Net flux,G_Glyc,0*Glyc.p -> Glyc,22.06608693463,1.08110724414424
Net flux,G_Glyx,0*Glyx.p -> Glyx,10.1478044909268,1.19844333110015
Net flux,G_HPA,0*HPA.p -> HPA,9.56495138318984,1.3195871235342
Net flux,(1-G)_Glyc,0*Glyc.x -> Glyc,77.9339130653707,1.08110724414424
Net flux,(1-G)_Glyx,0*Glyx.x -> Glyx,89.852195509074,1.19844333110015
Net flux,(1-G)_HPA,0*HPA.x -> HPA,90.4350486168101,1.3195871235342
Net flux,GlycSink,Glyc -> Sink,100.000000000001,0
Net flux,GlyxSink,Glyx -> Sink,100.000000000001,0
Net flux,HPASink,HPA -> Sink,99.9999999999998,0
Net flux,SERex,dummySER -> outSER,1.82648838921977,1.20028154714451
Net flux,G_PYR,0*PYR.c -> PYR,33.3560307365369,1.74038239047322
Net flux,(1-G)_PYR,0*PYR.x -> PYR,66.6439692634633,1.74038239047322
Net flux,PYRSink,PYR -> Sink,100,0
Net flux,G_meTHF,0*meTHF.c -> meTHF,99.9999999,0
Net flux,G_FmTHF,0*FmTHF.c -> FmTHF,83.1213134870165,2.87325853923963
Net flux,G_Met,0*Met.c -> Met,68.0034420855236,4.21464606907419
Net flux,G_SAM,0*SAM.c -> SAM,70.1149269728125,3.92519842872812
Net flux,(1-G)_meTHF,0*meTHF.x -> meTHF,1.0000000116861e-07,0
Net flux,(1-G)_FmTHF,0*FmTHF.x -> FmTHF,16.8786865129836,2.87325853923963
Net flux,(1-G)_Met,0*Met.x -> Met,31.9965579144765,4.21464606907419
Net flux,(1-G)_SAM,0*SAM.x -> SAM,29.8850730271876,3.92519842872812
Net flux,meTHFSink,meTHF -> Sink,99.9999999999999,0
Net flux,FmTHFSink,FmTHF -> Sink,100,0
Net flux,MetSink,Met -> Sink,100,0
Net flux,SAMsink,SAM -> Sink,100,0
Net flux,Met-protein,Met.c -> Protein,6.51983996113883e-15,0
Net flux,GLY-protein,GLY.c -> Protein,1.0000000649768e-07,1.17944191802244e-15
Net flux,SER-protein,SER.c -> Protein,9.99999976158961e-08,1.18016519273722
Pool,2PG pool,,0,0
Pool,2PG.p pool,,3.04396698647505e-06,3682.78303543102
Pool,2PG.x pool,,1,Inf
Pool,3PGA pool,,0,0
Pool,3PGA.c pool,,0.0123587185015999,0.00336196098262676
Pool,3PGA.p pool,,3.45948933596917e-06,3672.11038955125
Pool,3PGA.x pool,,1,Inf
Pool,ACA pool,,1.58575444540815e-06,3755.95889285506
Pool,ADPG pool,,0,0
Pool,ADPG.p pool,,9.9999999999999e-08,Inf
Pool,ADPG.x pool,,1,Inf
Pool,AKG pool,,1.85899130425253e-06,3459.62793254024
Pool,ALA pool,,0,0
Pool,ALA.c pool,,0.00688890996219513,0.00166973127385514
Pool,ALA.x pool,,1,Inf
Pool,ASN pool,,7565.58179605309,3610.31231026752
Pool,ASP pool,,1.97589705866719e-07,3557.20039295932
Pool,Acceptor.c pool,,1,Inf
Pool,CIT pool,,3.39123822739552,1.94089577589666
Pool,CO2 pool,,0.312090030597459,0.157094081575258
Pool,CO2.t pool,,1,Inf
Pool,E4P.p pool,,0,0
Pool,EC2 pool,,0,0
Pool,F6P pool,,0,0
Pool,F6P.c pool,,3.28305160478109e-06,3696.79414207343
Pool,F6P.p pool,,3.30359872207188e-06,3773.44209383095
Pool,F6P.x pool,,1,Inf
Pool,FBP pool,,0,0
Pool,FBP.c pool,,3.28299772965527e-06,3682.96677406087
Pool,FBP.p pool,,3.10430701686166e-06,3683.59511849603
Pool,FBP.x pool,,1,Inf
Pool,FmTHF pool,,0.645522699568963,0.566164977950811
Pool,FmTHF.c pool,,1.15534376756578e-06,3508.05789040095
Pool,FmTHF.x pool,,1,Inf
Pool,G6P pool,,0,0
Pool,G6P.c pool,,9.85082117924338e-06,3595.80402961008
Pool,G6P.p pool,,3.26537589476659e-06,3483.32263155995
Pool,G6P.x pool,,1,Inf
Pool,GA pool,,0,0
Pool,GA.p pool,,2.51422871378386e-06,3460.45359717474
Pool,GA.x pool,,1,Inf
Pool,GLN pool,,8.45045338728806,3587.39197908066
Pool,GLU pool,,1.83985928189506e-06,3671.87053375416
Pool,GLY pool,,0,0
Pool,GLY.c pool,,1e-07,0
Pool,GLY.m pool,,0.176117242933556,0.0762656524817059
Pool,GLY.p pool,,0.000426907054519926,3636.71573617384
Pool,GLY.x pool,,1,Inf
Pool,Glyc pool,,3.02042971608909,0.875802494764391
Pool,Glyc.p pool,,1.4264317496962e-05,3317.4093258616
Pool,Glyc.x pool,,1,Inf
Pool,Glyx pool,,4.60271839162679,2.03517905767136
Pool,Glyx.p pool,,1.80436698685689e-05,3525.89033893102
Pool,Glyx.x pool,,1,Inf
Pool,HPA pool,,0.000138861914980096,3700.7045923758
Pool,HPA.p pool,,1.75100604917802e-06,3537.94127324823
Pool,HPA.x pool,,1,Inf
Pool,Hcy.c pool,,1,Inf
Pool,ICI pool,,0.00376434717683049,3441.13638725266
Pool,MAL pool,,0.0832879145297395,0.126914177506304
Pool,Met pool,,8.26479434155699e-05,3837.78792747528
Pool,Met.c pool,,8.35906564422472e-07,3605.05695800803
Pool,Met.x pool,,1,Inf
Pool,OAA pool,,0.0688342968744145,0.022118669187391
Pool,P5P pool,,0,0
Pool,PEP pool,,0,0
Pool,PEP.c pool,,2.85691443842732e-05,3400.38750857816
Pool,PEP.x pool,,1,Inf
Pool,PRO pool,,4.69593402289845,3596.03774839423
Pool,PYR pool,,1e-07,0
Pool,PYR.c pool,,0.00115030096652069,0.00142900194970393
Pool,PYR.x pool,,1,Inf
Pool,Protein pool,,1,Inf
Pool,R5P pool,,0,0
Pool,R5P.p pool,,1.03691071456504e-05,3609.36445553526
Pool,R5P.x pool,,1,Inf
Pool,RU5P.p pool,,3.13337137790152e-06,3642.74328756764
Pool,RU5P.x pool,,1,Inf
Pool,RUBP pool,,0,0
Pool,RUBP.p pool,,3.15085701939371e-06,3419.30732840021
Pool,RUBP.x pool,,1,Inf
Pool,S6P pool,,1,Inf
Pool,S7P pool,,0,0
Pool,S7P.p pool,,3.27291263486016e-06,3540.48962107453
Pool,S7P.x pool,,1,Inf
Pool,SAH.c pool,,1,Inf
Pool,SAM pool,,5.09158492015712,1.42047838660808
Pool,SAM.c pool,,2.15865663104324e-06,3759.70017684011
Pool,SAM.x pool,,1,Inf
Pool,SBP pool,,0,0
Pool,SER pool,,0,0
Pool,SER.c pool,,1.00000000002876e-07,0
Pool,SER.m pool,,1.26882076258709,0.0909211725190879
Pool,SER.p pool,,0.000325988344726882,3533.48950078886
Pool,SER.x pool,,1,Inf
Pool,Sink pool,,1,Inf
Pool,Starch pool,,1,Inf
Pool,THR pool,,0.145975700762788,0.0660500978275464
Pool,TP pool,,0,0
Pool,TP.c pool,,3.73188546057102e-06,3411.67424597858
Pool,TP.p pool,,3.62547519839854e-06,3671.04589507922
Pool,TP.x pool,,1,Inf
Pool,UDPG pool,,0,0
Pool,UDPG.c pool,,0.846088301395642,3528.74026386022
Pool,UDPG.x pool,,1,Inf
Pool,X5P.p pool,,3.26242193168825e-06,3267.9968901498
Pool,dummy pool,,1,Inf
Pool,dummyGLY pool,,1,Inf
Pool,dummySER pool,,1,Inf
Pool,meTHF pool,,1.84729846574718,0.962950102871432
Pool,meTHF.c pool,,1.19623179258642e-06,3452.60281152129
Pool,meTHF.x pool,,1,Inf
Pool,myTHF.m pool,,1.00000000002876e-07,0
Pool,outSER pool,,1,Inf
Norm,Experiment1 Glyc205 #1 norm,,0.961383615488053,0.0127807300685777
Norm,Experiment1 Glyc205 #2 norm,,0.994980663052181,0.0248404177837225
Norm,Experiment1 Glyc205 #3 norm,,0.978801681305601,0.022612294530365
Norm,Experiment1 Glyc205 #4 norm,,0.992037761730224,0.0321225672945548
Norm,Experiment1 Glyc205 #5 norm,,1.01092409729264,0.0331339961670011
Norm,Experiment1 Glyc205 #6 norm,,1.01800744964133,0.0275867612067032
Norm,Experiment1 Glyc205 #7 norm,,0.975957382499588,0.0344674596940842
Norm,Experiment1 Glyc205 #8 norm,,0.975006649515188,0.0287287945945261
Norm,Experiment1 Glyx160 #1 norm,,1.00398159944336,0.0111606702765222
Norm,Experiment1 Glyx160 #2 norm,,1.00671701324385,0.014659536855401
Norm,Experiment1 Glyx160 #3 norm,,0.979059918371478,0.0196750709577203
Norm,Experiment1 Glyx160 #4 norm,,1.01644302463225,0.0175051326740975
Norm,Experiment1 Glyx160 #5 norm,,0.990459747422982,0.0327289690796325
Norm,Experiment1 Glyx160 #6 norm,,1.02970266239528,0.0203852326973506
Norm,Experiment1 Glyx160 #7 norm,,0.917653338598139,0.0364221166539455
Norm,Experiment1 Glyx160 #8 norm,,0.955859073434485,0.0357716021046257
Norm,Experiment1 GLY276 #1 norm,,1.0114310448925,0.0102141793601123
Norm,Experiment1 GLY276 #2 norm,,0.990327174407325,0.0238087743269446
Norm,Experiment1 GLY276 #3 norm,,1.02059624218606,0.0424466256600486
Norm,Experiment1 GLY276 #4 norm,,1.00646778570943,0.0573587729984842
Norm,Experiment1 GLY276 #5 norm,,0.999430358994014,0.141845722327423
Norm,Experiment1 GLY276 #6 norm,,0.844265055099211,0.0847777352310416
Norm,Experiment1 GLY276 #7 norm,,1.06212693461118,0.0660683691322581
Norm,Experiment1 GLY276 #8 norm,,0.962228389456273,0.0687009426099915
Norm,Experiment1 HPA262 #1 norm,,1.00206509205378,0.0110158907989701
Norm,Experiment1 HPA262 #2 norm,,0.977989368667589,0.027364994555811
Norm,Experiment1 HPA262 #3 norm,,0.992740698638462,0.0133290444135602
Norm,Experiment1 HPA262 #4 norm,,0.910476685843431,0.0337219778493431
Norm,Experiment1 HPA262 #5 norm,,0.904116949580209,0.0232301078653209
Norm,Experiment1 HPA262 #6 norm,,0.976298963570349,0.0352770640951894
Norm,Experiment1 HPA262 #7 norm,,0.998966393381404,0.0250343670837864
Norm,Experiment1 HPA262 #8 norm,,1.03096900442256,0.0246248353619924
Norm,Experiment1 GA307 #1 norm,,0.990548588993525,0.0120149755608838
Norm,Experiment1 GA307 #2 norm,,0.995082445790661,0.0304377205266851
Norm,Experiment1 GA307 #3 norm,,0.949669499760093,0.0310248572924318
Norm,Experiment1 GA307 #4 norm,,0.978858923389455,0.0197547014027418
Norm,Experiment1 GA307 #5 norm,,0.969773678397438,0.0531104742862527
Norm,Experiment1 GA307 #6 norm,,1.04466299600765,0.0424742414925543
Norm,Experiment1 GA307 #7 norm,,0.996984909643204,0.0455450744258193
Norm,Experiment1 GA307 #8 norm,,0.978087815882266,0.0358223970877225
Norm,Experiment1 SER306 #1 norm,,0.964651555341431,0.0138073830564654
Norm,Experiment1 SER306 #2 norm,,1.00292250973577,0.0165472641790975
Norm,Experiment1 SER306 #3 norm,,0.997436750461092,0.0388397826867681
Norm,Experiment1 SER306 #4 norm,,1.033838137074,0.0478103721236181
Norm,Experiment1 SER306 #5 norm,,1.10092104474054,0.0922002657702358
Norm,Experiment1 SER306 #6 norm,,0.889486252524292,0.0601228964752768
Norm,Experiment1 SER306 #7 norm,,1.01614727450682,0.0432172576244777
Norm,Experiment1 SER306 #8 norm,,0.99250796775515,0.0572481858769661
Norm,Experiment1 meTHF #1 norm,,1.00048889847954,0.0100873857994785
Norm,Experiment1 meTHF #2 norm,,1.01400921670041,0.0101980419518895
Norm,Experiment1 meTHF #3 norm,,0.979351559355655,0.0560015474308004
Norm,Experiment1 meTHF #4 norm,,1.02778069032009,0.0539808939159004
Norm,Experiment1 meTHF #5 norm,,0.973823591354858,0.09017132590512
Norm,Experiment1 meTHF #6 norm,,1.03296055150526,0.124196406824714
Norm,Experiment1 meTHF #7 norm,,1.00179272736466,0.0601581301704714
Norm,Experiment1 meTHF #8 norm,,0.940881506600896,0.0948932476902211
Norm,Experiment1 FmTHF #1 norm,,1.00789010768015,0.0101244901001565
Norm,Experiment1 FmTHF #2 norm,,0.998950996885443,0.0237431355330822
Norm,Experiment1 FmTHF #3 norm,,1.0016359806411,0.0331012704823207
Norm,Experiment1 FmTHF #4 norm,,0.995796509238735,0.0258178550176431
Norm,Experiment1 FmTHF #5 norm,,0.99955563199105,0.0616031498849209
Norm,Experiment1 FmTHF #6 norm,,0.999107457974765,0.0609978772136623
Norm,Experiment1 FmTHF #7 norm,,0.997495924150897,0.0525802741279214
Norm,Experiment1 FmTHF #8 norm,,1.05709373604249,0.0906017468977984
Norm,Experiment1 Met176 #1 norm,,0.933407694415318,0.0237743192637416
Norm,Experiment1 Met176 #2 norm,,0.874024142803869,0.0301017726952983
Norm,Experiment1 Met176 #3 norm,,0.972838941570353,0.0527320861100542
Norm,Experiment1 Met176 #4 norm,,0.968058469300245,0.0368553200052906
Norm,Experiment1 Met176 #5 norm,,1.04609489693408,0.0774980886746288
Norm,Experiment1 Met176 #6 norm,,1.00142300769228,0.142539774254709
Norm,Experiment1 Met176 #7 norm,,0.99764270099119,0.120599006458211
Norm,Experiment1 Met176 #8 norm,,1.00361099091217,0.113012399108883
Norm,Experiment1 SAM #1 norm,,0.990989373858917,0.0118285946639292
Norm,Experiment1 SAM #2 norm,,0.989809255658741,0.0121894796691141
Norm,Experiment1 SAM #3 norm,,1.0025181215796,0.0142630060698012
Norm,Experiment1 SAM #4 norm,,1.03569777352296,0.0231861561922376
Norm,Experiment1 SAM #5 norm,,0.962214542410586,0.0374149021082597
Norm,Experiment1 SAM #6 norm,,1.01075538291435,0.0649063361478014
Norm,Experiment1 SAM #7 norm,,0.997649983601367,0.0875491321834766
Norm,Experiment1 SAM #8 norm,,1.00454512244995,0.0839485663102746
Norm,Experiment1 CIT465 #1 norm,,0.977760513607426,0.0119002458287073
Norm,Experiment1 CIT465 #2 norm,,0.968441127178467,0.0131001899566329
Norm,Experiment1 CIT465 #3 norm,,0.969691801684563,0.0113681928655313
Norm,Experiment1 CIT465 #4 norm,,0.998782090968197,0.017180997292056
Norm,Experiment1 CIT465 #5 norm,,1.00123181470412,0.0137728250957319
Norm,Experiment1 CIT465 #6 norm,,1.00465693690159,0.0128660990810858
Norm,Experiment1 CIT465 #7 norm,,0.994685358520443,0.0143252025515852
Norm,Experiment1 CIT465 #8 norm,,0.99145100713937,0.0218670826935188
Norm,Experiment1 MAL335 #1 norm,,0.988163188159832,0.0121815364305487
Norm,Experiment1 MAL335 #2 norm,,0.977150767973579,0.0106817423756302
Norm,Experiment1 MAL335 #3 norm,,0.955877140700458,0.00993154482356217
Norm,Experiment1 MAL335 #4 norm,,0.985487938832482,0.0144993229436782
Norm,Experiment1 MAL335 #5 norm,,1.01972661448535,0.0147085285759562
Norm,Experiment1 MAL335 #6 norm,,0.995939797847977,0.0136925814895372
Norm,Experiment1 MAL335 #7 norm,,0.959578856476307,0.0200135965746135
Norm,Experiment1 MAL335 #8 norm,,1.00497580971564,0.0363678298488195
Norm,Experiment1 ASP334 #1 norm,,0.967405918484417,0.0231616689420202
Norm,Experiment1 ASP334 #2 norm,,0.915039732816287,0.0296140278275629
Norm,Experiment1 ASP334 #3 norm,,0.960319385147837,0.0197250414505283
Norm,Experiment1 ASP334 #4 norm,,1.0308063729196,0.0180874379174078
Norm,Experiment1 ASP334 #5 norm,,0.982691260793314,0.0282132713859967
Norm,Experiment1 ASP334 #6 norm,,0.982156688521108,0.0340159908240871
Norm,Experiment1 ASP334 #7 norm,,0.970560609766379,0.0325444004470764
Norm,Experiment1 ASP334 #8 norm,,0.993697623207457,0.0926786047343491
Norm,Experiment1 GLU348 #1 norm,,0.979079106794603,0.0208234248818076
Norm,Experiment1 GLU348 #2 norm,,1.02208551872804,0.020713083475603
Norm,Experiment1 GLU348 #3 norm,,1.00267517144521,0.0113568774505115
Norm,Experiment1 GLU348 #4 norm,,1.00815261355544,0.0380884062520403
Norm,Experiment1 GLU348 #5 norm,,0.968706847058079,0.0223331540771189
Norm,Experiment1 GLU348 #6 norm,,1.06468036486479,0.0142200019327181
Norm,Experiment1 GLU348 #7 norm,,0.986975465621484,0.0151810113025829
Norm,Experiment1 GLU348 #8 norm,,0.994455805803492,0.0220812257110709
Norm,Experiment1 THR320 #1 norm,,1.00891491011866,0.0106058950981849
Norm,Experiment1 THR320 #2 norm,,1.0074185250048,0.0143810316223217
Norm,Experiment1 THR320 #3 norm,,1.01032843463783,0.0106279487631396
Norm,Experiment1 THR320 #4 norm,,0.940073124848565,0.0273604097661891
Norm,Experiment1 THR320 #5 norm,,0.986513976857944,0.0206286653648168
Norm,Experiment1 THR320 #6 norm,,0.999933009169815,0.012424198063412
Norm,Experiment1 THR320 #7 norm,,0.974090428616208,0.0165458158947692
Norm,Experiment1 THR320 #8 norm,,1.01315647681447,0.0373741185281475
Norm,Experiment1 ALA116 #1 norm,,0.975868563709896,0.00990078500375429
Norm,Experiment1 ALA116 #2 norm,,1.00685126408516,0.0100795690664872
Norm,Experiment1 ALA116 #3 norm,,0.992479993579963,0.0181538743842071
Norm,Experiment1 ALA116 #4 norm,,1.05076366529102,0.0256644308554921
Norm,Experiment1 ALA116 #5 norm,,1.00655672383231,0.0892115721600457
Norm,Experiment1 ALA116 #6 norm,,0.983079945205291,0.0834992788352941
Norm,Experiment1 ALA116 #7 norm,,1.00993595392475,0.0632972604478612
Norm,Experiment1 ALA116 #8 norm,,1.00338840148663,0.106060955686684
Norm,Experiment1 PYR #1 norm,,0.971819875870801,0.016928151092172
Norm,Experiment1 PYR #2 norm,,1.0307275901764,0.0513237449636443
Norm,Experiment1 PYR #3 norm,,0.984460967517395,0.0999589274836928
Norm,Experiment1 PYR #4 norm,,1.00501151283398,0.0452513563705698
Norm,Experiment1 PYR #5 norm,,1.03049688167698,0.0527377436438996
Norm,Experiment1 PYR #6 norm,,1.02036023286609,0.0533589978700578
Norm,Experiment1 PYR #7 norm,,0.951695685718066,0.0998590295105436
Norm,Experiment1 PYR #8 norm,,0.981175256863813,0.0613498412614689
