type,id,eqn,val,std
Net flux,CO2.t,CO2.t -> CO2,46.1123780596494,1.09333285758723
Net flux,CO2_sink,dummy -> Sink,46.1123780596494,1.09333285758723
Net flux,RUBICSO_CO2,RUBP.p + CO2 -> 3PGA.p + 3PGA.p + dummy,55.2377963209379,1.20303527566459
Net flux,GAPDH.p net,3PGA.p <-> TP.p,133.148773423526,2.64941223038597
Exch flux,GAPDH.p exch,3PGA.p <-> TP.p,0.904230211399351,0.36047588991483
Net flux,ALD,TP.p + E4P.p -> SBP,24.4057437582087,0.482216217123174
Net flux,SBP,SBP -> S7P.p,24.4057437582087,0.482216217123174
Net flux,FBA.p net,TP.p + TP.p <-> FBP.p,28.6289284476516,0.646805606357808
Exch flux,FBA.p exch,TP.p + TP.p <-> FBP.p,21778.3206658406,1675.6657851721
Net flux,PFK.p net,FBP.p <-> F6P.p,28.6289284476547,0.646805606357808
Exch flux,PFK.p exch,FBP.p <-> F6P.p,9.99858258410313e-08,7.56706970954873e-13
Net flux,TK1 net,TP.p + EC2 <-> X5P.p,48.8114875164174,0.964432434246348
Exch flux,TK1 exch,TP.p + EC2 <-> X5P.p,1.0000000116861e-07,0
Net flux,TK2 net,S7P.p <-> R5P.p + EC2,24.4057437582087,0.482216217123174
Exch flux,TK2 exch,S7P.p <-> R5P.p + EC2,38.5261673674425,3195.66024608067
Net flux,TK3 net,F6P.p <-> E4P.p + EC2,24.4057437582105,0.482216217123174
Exch flux,TK3 exch,F6P.p <-> E4P.p + EC2,8946.13286690412,3771.72157536646
Net flux,PPE net,X5P.p <-> RU5P.p,48.8114875164174,0.964432434246348
Exch flux,PPE exch,X5P.p <-> RU5P.p,95.1405453286601,3030.67743088934
Net flux,PPI net,R5P.p <-> RU5P.p,24.4057437582088,0.482216217123174
Exch flux,PPI exch,R5P.p <-> RU5P.p,242.644504114197,3150.78398084851
Net flux,PRK,RU5P.p -> RUBP.p,73.2172312746263,1.44664865101331
Net flux,RUBISCO_O2,RUBP.p -> 3PGA.p + 2PG.p,17.9794349536884,0.5979942459495
Net flux,GLYdil net,GLY.p <-> GLY.x + dummyGLY,0.00681121318353206,0.00104988830813127
Exch flux,GLYdil exch,GLY.p <-> GLY.x + dummyGLY,0.472492863474471,0.182861830858184
Net flux,SERdil net,SER.p <-> SER.x + dummySER,3.91437763307902,1.58747518382358
Exch flux,SERdil exch,SER.p <-> SER.x + dummySER,0.893416957780524,1.13972035695389
Net flux,GK,GA.p -> 3PGA.p,4.97878741284742,0.613091895336687
Net flux,PGI.p net,F6P.p <-> G6P.p,4.22318468944535,0.351985855882574
Exch flux,PGI.p exch,F6P.p <-> G6P.p,9.9991591895332e-08,5.41212780820039e-13
Net flux,PGM.p,G6P.p -> ADPG.p,4.22318468944536,0.351985855882574
Net flux,Starch,ADPG.p -> Starch,4.22318468944534,0.351985855882574
Net flux,FBA.c net,TP.c + TP.c <-> FBP.c,1.33684262679527,0.206062474621131
Exch flux,FBA.c exch,TP.c + TP.c <-> FBP.c,20.9486006829989,3626.63593427921
Net flux,PFK.c net,FBP.c <-> F6P.c,1.33684262679528,0.206062474621131
Exch flux,PFK.c exch,FBP.c <-> F6P.c,5.60204356105252,2180.26198627154
Net flux,PGI.c net,F6P.c <-> G6P.c,0.668421313397658,0.103031237310566
Exch flux,PGI.c exch,F6P.c <-> G6P.c,227.486500033882,2752.9811835944
Net flux,PGM.c net,G6P.c <-> UDPG.c,0.668421313392173,0.103031237310566
Exch flux,PGM.c exch,G6P.c <-> UDPG.c,48481.4229931617,2523.98072759709
Net flux,SPS,F6P.c + UDPG.c -> S6P,0.668421313397605,0.103031237310566
Net flux,PGAM.c net,3PGA.c <-> PEP.c,0.285041584885488,0.0439366408893619
Exch flux,PGAM.c exch,3PGA.c <-> PEP.c,1.00002995440107e-07,1.46099122749613e-13
Net flux,PK.c,PEP.c -> PYR.c,0.129386313634235,0.0199437567277122
Net flux,PDH,PYR.c + dummy -> ACA + CO2,0.107682673588402,0.0165983323943161
Net flux,CS,OAA + ACA -> CIT,0.107682673588398,0.0165983323943161
Net flux,ACO net,CIT <-> ICI,0.107682673588442,0.0165983323943161
Exch flux,ACO exch,CIT <-> ICI,1804.07244534205,3123.9872143748
Net flux,IDH,ICI + dummy -> AKG + CO2,0.107682673588414,0.0165983323943161
Net flux,MDH net,MAL <-> OAA,2.1316282072803e-14,0
Exch flux,MDH exch,MAL <-> OAA,0.208568860026752,0.0608098613642586
Net flux,PPC,PEP.c + CO2 -> OAA + dummy,0.155655271251226,0.0239928843233141
Net flux,T_3PGA net,3PGA.p <-> 3PGA.c,0.285041584885469,0.0439366408893619
Exch flux,T_3PGA exch,3PGA.p <-> 3PGA.c,1.0000000116861e-07,0
Net flux,T_DHAP net,TP.p <-> TP.c,2.67368525359059,0.412124949242263
Exch flux,T_DHAP exch,TP.p <-> TP.c,9.99999998363421e-08,0
Net flux,ALT,PYR.c -> ALA.c,0.0217036400460284,0.0033454242904537
Net flux,ASPT,OAA -> ASP,0.0479725976625811,0.00739455189381101
Net flux,GLUDH,AKG -> GLU,0.107682673588391,0.0165983323943161
Net flux,PCR net,GLU <-> PRO,-2.48689957516035e-14,0
Exch flux,PCR exch,GLU <-> PRO,1.0000000116861e-07,0
Net flux,GS net,GLU <-> GLN,0,0
Exch flux,GS exch,GLU <-> GLN,1.00044992734638e-07,0
Net flux,TS net,ASP <-> THR,0,0
Exch flux,TS exch,ASP <-> THR,1.0000000116861e-07,0
Net flux,AS net,ASP <-> ASN,1.06581410364015e-14,0
Exch flux,AS exch,ASP <-> ASN,1.0000000116861e-07,0
Net flux,G_3PGA.p,0*3PGA.p -> 3PGA,2.46866293451831e-06,5012.53114101264
Net flux,G_3PGA.c,0*3PGA.c -> 3PGA,92.9119081399614,3749.33675247227
Net flux,G_DHAP.p,0*TP.p -> TP,40.685379842242,5357.37404370982
Net flux,G_DHAP.c,0*TP.c -> TP,51.8471856996947,3730.45104754695
Net flux,G_F6P.p,0*F6P.p -> F6P,48.6686345030749,4994.22134161976
Net flux,G_F6P.c,0*F6P.c -> F6P,36.546576817712,3645.67599808531
Net flux,G_FBP.p,0*FBP.p -> FBP,2.46866126474288e-06,5035.63592967748
Net flux,G_FBP.c,0*FBP.c -> FBP,83.4512310480227,3500.86146165913
Net flux,G_G6P.p,0*G6P.p -> G6P,19.0549768397257,5248.90261797808
Net flux,G_G6P.c,0*G6P.c -> G6P,58.8549499993083,3666.33747709961
Net flux,G_RU5P.p,0*RU5P.p -> P5P,2.46865368325189e-06,5044.70329120913
Net flux,G_X5P.p,0*X5P.p -> P5P,92.8477691501719,3625.53163335195
Net flux,G_R5P.p,0*R5P.p -> R5P,82.2810779884949,3359.99936087987
Net flux,G_GA.p,0*GA.p -> GA,39.8491780689976,1.68373828217437
Net flux,G_SER.p,0*SER.p -> SER,99.9955978173676,3508.51447751786
Net flux,G_GLY.p,0*GLY.p -> GLY,21.7762380354028,3616.17084412757
Net flux,G_RUBP.p,0*RUBP.p -> RUBP,92.5302752673064,3756.9518626226
Net flux,G_S7P.p,0*S7P.p -> S7P,98.4567310636212,3362.78835820688
Net flux,G_2PG.p,0*2PG.p -> 2PG,87.0427532706349,3687.01464980188
Net flux,G_ADPG.p,0*ADPG.p -> ADPG,95.0805622183377,3523.73366604629
Net flux,G_PEP.c,0*PEP.c -> PEP,89.2305410445615,3606.90397706827
Net flux,G_UDPG.c,0*UDPG.c -> UDPG,72.4268033045549,3729.4798087363
Net flux,G_ALA.c,0*ALA.c -> ALA,75.2518133190767,8.01187099014484
Net flux,(1-G)_GA,0*GA.x -> GA,60.1508219310045,1.68373828217437
Net flux,(1-G)_SER,0*SER.x -> SER,0.0044019826319861,3508.51447751786
Net flux,(1-G)_GLY,0*GLY.x -> GLY,27.2758590540444,3.38855147460653
Net flux,(1-G)_R5P,0*R5P.x -> R5P,17.718922011502,3359.99936087987
Net flux,(1-G)_RUBP,0*RUBP.x -> RUBP,7.4697247326924,3756.9518626226
Net flux,(1-G)_3PGA,0*3PGA.x -> 3PGA,7.088089391376,3518.48629804876
Net flux,(1-G)_TP,0*TP.x -> TP,7.46743445806383,3737.00133024682
Net flux,(1-G)_F6P,0*F6P.x -> F6P,14.7847886792169,3334.64041408695
Net flux,(1-G)_FBP,0*FBP.x -> FBP,16.5487664833108,3610.51852592415
Net flux,(1-G)_G6P,0*G6P.x -> G6P,22.0900731609643,3657.67074594954
Net flux,(1-G)_RU5P,0*RU5P.x -> P5P,7.15222838117579,3625.65301635927
Net flux,(1-G)_S7P,0*S7P.x -> S7P,1.54326893637677,3362.78835820688
Net flux,(1-G)_2PG,0*2PG.x -> 2PG,12.9572467293675,3687.01464980188
Net flux,(1-G)_ADPG,0*ADPG.x -> ADPG,4.91943778166132,3523.73366604629
Net flux,(1-G)_PEP,0*PEP.x -> PEP,10.7694589554367,3606.90397706827
Net flux,(1-G)_UDPG,0*UDPG.x -> UDPG,27.5731966954463,3729.4798087363
Net flux,(1-G)_ALA,0*ALA.x -> ALA,24.7481866809231,8.01187099014484
Net flux,PGASink,3PGA -> Sink,100,0
Net flux,DHAPSink,TP -> Sink,100.000000000001,0
Net flux,F6PSink,F6P -> Sink,100.000000000004,0
Net flux,FBPSink,FBP -> Sink,99.9999999999947,0
Net flux,G6PSink,G6P -> Sink,99.9999999999983,0
Net flux,P5PSink,P5P -> Sink,100.000000000001,0
Net flux,R5PSink,R5P -> Sink,99.9999999999968,0
Net flux,GASink,GA -> Sink,100.000000000002,0
Net flux,SERSink,SER -> Sink,99.9999999999996,0
Net flux,GLYSink,GLY -> Sink,100.000000000001,0
Net flux,RUBPSink,RUBP -> Sink,99.9999999999987,0
Net flux,S7PSink,S7P -> Sink,99.9999999999979,0
Net flux,2PGSink,2PG -> Sink,100.000000000002,0
Net flux,ADPGSink,ADPG -> Sink,99.999999999999,0
Net flux,PEPSink,PEP -> Sink,99.9999999999983,0
Net flux,UDPGSink,UDPG -> Sink,100.000000000001,0
Net flux,ALASink,ALA -> Sink,99.9999999999998,0
Net flux,S6Pout-LL,S6P + 0.1611*GLU + 0.07177*ASP + 0.03247*ALA.c + 0.01019*dummyGLY + 0.03484*dummySER -> Sink,0.668421313397641,0.103031237310566
Net flux,PGP.p,2PG.p -> Glyc.p,17.9794349536884,0.5979942459495
Net flux,GOX,Glyc.p -> Glyx.p,17.9794349536884,0.5979942459495
Net flux,GGT,Glyx.p -> GLY.p,17.9794349536884,0.5979942459495
Net flux,SGAT,SER.p -> HPA.p,4.9787874128474,0.613091895336687
Net flux,HPR.p,HPA.p -> GA.p,4.9787874128474,0.613091895336687
Net flux,T_GLY-m net,GLY.p <-> GLY.m,17.9411277520703,3792.4517346506
Exch flux,T_GLY-m exch,GLY.p <-> GLY.m,151023.773869391,3673.58012547647
Net flux,GDC.m,GLY.m + dummy -> myTHF.m + CO2,9.06570818536285,0.466506832650189
Net flux,T_SER-m net,SER.p <-> SER.m,-9.06570818536285,0.466506832650189
Exch flux,T_SER-m exch,SER.p <-> SER.m,5.264664837506,21.5212296639333
Net flux,mSHMT,GLY.m + myTHF.m -> SER.m,9.06570818536285,0.466506832650189
Net flux,T_SER-c net,SER.p <-> SER.c,0.172543139436417,1.31080878499015
Exch flux,T_SER-c exch,SER.p <-> SER.c,0.0941700141221431,1.20139550812108
Net flux,T_Gly-c net,GLY.p <-> GLY.c,0.0314959884431687,3792.45168800264
Exch flux,T_Gly-c exch,GLY.p <-> GLY.c,0.00011026007228887,3792.45168733958
Net flux,cSHMT,SER.c -> GLY.c + meTHF.c,0.171573567349439,0.37244501613637
Net flux,FmTHF-reductase net,meTHF.c <-> FmTHF.c,0.171573567349439,0.37244501613637
Exch flux,FmTHF-reductase exch,meTHF.c <-> FmTHF.c,9.28858061364243,3662.15476021963
Net flux,Met-synthase,FmTHF.c + Hcy.c -> Met.c,0.171573567349419,0.37244501613637
Net flux,SAM-synthase,Met.c -> SAM.c,0.171573567349428,0.37244501613637
Net flux,Methylation,SAM.c -> SAH.c + Acceptor.c,0.171573567349423,0.37244501613637
Net flux,hydrolysis,SAH.c -> Hcy.c,0.171573567349415,0.37244501613637
Net flux,G_SER.m,0*SER.m -> SER,1.0000000116861e-07,0
Net flux,G_SER.c,0*SER.c -> SER,1.0000000116861e-07,0
Net flux,G_Gly.m,0*GLY.m -> GLY,0.000311942463113724,3616.16793842097
Net flux,G_Gly.c,0*GLY.c -> GLY,50.9475909680909,5.51759414986848
Net flux,T_GLY-c-m,GLY.c -> GLY.m,0.190288618664032,3792.45177790723
Net flux,G_Glyc,0*Glyc.p -> Glyc,20.2227975572143,1.0997116904957
Net flux,G_Glyx,0*Glyx.p -> Glyx,18.6451929687744,2.25999342235503
Net flux,G_HPA,0*HPA.p -> HPA,7.50553737372019,1.37869033328879
Net flux,(1-G)_Glyc,0*Glyc.x -> Glyc,79.7772024427863,1.0997116904957
Net flux,(1-G)_Glyx,0*Glyx.x -> Glyx,81.3548070312265,2.25999342235503
Net flux,(1-G)_HPA,0*HPA.x -> HPA,92.4944626262797,1.37869033328879
Net flux,GlycSink,Glyc -> Sink,100.000000000001,0
Net flux,GlyxSink,Glyx -> Sink,100.000000000001,0
Net flux,HPASink,HPA -> Sink,99.9999999999998,0
Net flux,SERex,dummySER -> outSER,3.89108769156203,1.58800044371523
Net flux,G_PYR,0*PYR.c -> PYR,30.9955197293264,1.7706815714389
Net flux,(1-G)_PYR,0*PYR.x -> PYR,69.0044802706739,1.7706815714389
Net flux,PYRSink,PYR -> Sink,100,0
Net flux,G_meTHF,0*meTHF.c -> meTHF,97.4705723474597,4.3975474682542
Net flux,G_FmTHF,0*FmTHF.c -> FmTHF,77.5785484207747,2.76643911376045
Net flux,G_Met,0*Met.c -> Met,65.2435838412981,4.15415407017758
Net flux,G_SAM,0*SAM.c -> SAM,70.0568103611752,3.95768245007578
Net flux,(1-G)_meTHF,0*meTHF.x -> meTHF,2.52942765254028,4.3975474682542
Net flux,(1-G)_FmTHF,0*FmTHF.x -> FmTHF,22.4214515792254,2.76643911376045
Net flux,(1-G)_Met,0*Met.x -> Met,34.7564161587019,4.15415407017758
Net flux,(1-G)_SAM,0*SAM.x -> SAM,29.9431896388248,3.95768245007578
Net flux,meTHFSink,meTHF -> Sink,99.9999999999999,0
Net flux,FmTHFSink,FmTHF -> Sink,100,0
Net flux,MetSink,Met -> Sink,100,0
Net flux,SAMsink,SAM -> Sink,100,0
Net flux,Met-protein,Met.c -> Protein,6.51983996113883e-15,0
Net flux,GLY-protein,GLY.c -> Protein,0.012780937128607,0.900446905463486
Net flux,SER-protein,SER.c -> Protein,0.000969572086981785,1.37990641168297
Pool,2PG pool,,0,0
Pool,2PG.p pool,,8.50295520820865e-07,3743.96909708869
Pool,2PG.x pool,,1,Inf
Pool,3PGA pool,,0,0
Pool,3PGA.c pool,,1.00000000000002e-07,3695.86483251099
Pool,3PGA.p pool,,9.20165535804884e-07,3696.68670732744
Pool,3PGA.x pool,,1,Inf
Pool,ACA pool,,1.7458025497462e-07,3711.26939537732
Pool,ADPG pool,,0,0
Pool,ADPG.p pool,,9.9999999999999e-08,Inf
Pool,ADPG.x pool,,1,Inf
Pool,AKG pool,,3.29511624505094e-07,3757.42299801289
Pool,ALA pool,,0,0
Pool,ALA.c pool,,0.00693281440397946,0.00207593865339959
Pool,ALA.x pool,,1,Inf
Pool,ASN pool,,7566.06814780111,3565.112320049
Pool,ASP pool,,1e-07,0
Pool,Acceptor.c pool,,1,Inf
Pool,CIT pool,,4.14850088706462,2.44128461081917
Pool,CO2 pool,,0.363485580764816,0.159374717932947
Pool,CO2.t pool,,1,Inf
Pool,E4P.p pool,,0,0
Pool,EC2 pool,,0,0
Pool,F6P pool,,0,0
Pool,F6P.c pool,,3.82972673530649e-06,3699.93141402212
Pool,F6P.p pool,,5.32298078938338e-07,3872.64601070904
Pool,F6P.x pool,,1,Inf
Pool,FBP pool,,0,0
Pool,FBP.c pool,,3.82968284968583e-06,3817.29883024923
Pool,FBP.p pool,,4.64711224249918e-07,3815.92757549647
Pool,FBP.x pool,,1,Inf
Pool,FmTHF pool,,1.00000000000273e-07,0
Pool,FmTHF.c pool,,1.08720294307884e-07,3697.17725355847
Pool,FmTHF.x pool,,1,Inf
Pool,G6P pool,,0,0
Pool,G6P.c pool,,9.87499234062042e-06,3659.58555329393
Pool,G6P.p pool,,2.6836697302736e-06,3723.17020611703
Pool,G6P.x pool,,1,Inf
Pool,GA pool,,0,0
Pool,GA.p pool,,8.02185848378943e-05,3597.41014489962
Pool,GA.x pool,,1,Inf
Pool,GLN pool,,8.83867754929058,3672.97207507877
Pool,GLU pool,,3.29512090848526e-07,3732.17151797616
Pool,GLY pool,,0,0
Pool,GLY.c pool,,0.0134565661168542,0.0186346606733949
Pool,GLY.m pool,,0.28144004054096,0.088667915648801
Pool,GLY.p pool,,0.00041993750791691,3685.36059272706
Pool,GLY.x pool,,1,Inf
Pool,Glyc pool,,3.27627126712496,1.02191012042924
Pool,Glyc.p pool,,8.48579456270494e-07,3499.26239876307
Pool,Glyc.x pool,,1,Inf
Pool,Glyx pool,,20.9432836275828,6.09554128126621
Pool,Glyx.p pool,,9.98346951031787e-07,3359.96756304748
Pool,Glyx.x pool,,1,Inf
Pool,HPA pool,,2.92723752197791e-05,3609.08825556923
Pool,HPA.p pool,,2.16470083713784e-06,3797.29251125642
Pool,HPA.x pool,,1,Inf
Pool,Hcy.c pool,,1,Inf
Pool,ICI pool,,0.00240907617209415,3443.82848773156
Pool,MAL pool,,0.37813326303032,0.112414779068226
Pool,Met pool,,8.28849478689757e-06,3752.35120197919
Pool,Met.c pool,,1e-07,0
Pool,Met.x pool,,1,Inf
Pool,OAA pool,,0.118980950255412,0.0250917863914874
Pool,P5P pool,,0,0
Pool,PEP pool,,0,0
Pool,PEP.c pool,,0.00204750982088403,0.00303762298026095
Pool,PEP.x pool,,1,Inf
Pool,PRO pool,,5.39499638311863,3538.15135654437
Pool,PYR pool,,1.00000000058387e-07,0
Pool,PYR.c pool,,0.00420278248223519,0.001955215237515
Pool,PYR.x pool,,1,Inf
Pool,Protein pool,,1,Inf
Pool,R5P pool,,0,0
Pool,R5P.p pool,,4.72960661753069e-07,3740.64450767066
Pool,R5P.x pool,,1,Inf
Pool,RU5P.p pool,,5.14267586420734e-07,3653.54498432974
Pool,RU5P.x pool,,1,Inf
Pool,RUBP pool,,0,0
Pool,RUBP.p pool,,5.14271375163477e-07,3797.40830846619
Pool,RUBP.x pool,,1,Inf
Pool,S6P pool,,1,Inf
Pool,S7P pool,,0,0
Pool,S7P.p pool,,3.57100121391667e-07,3800.39033880331
Pool,S7P.x pool,,1,Inf
Pool,SAH.c pool,,1,Inf
Pool,SAM pool,,1.74930431303704,197.800143447705
Pool,SAM.c pool,,0.00309162529094713,0.341785789828319
Pool,SAM.x pool,,1,Inf
Pool,SBP pool,,0,0
Pool,SER pool,,0,0
Pool,SER.c pool,,1.00000000002876e-07,0
Pool,SER.m pool,,1.17501609442044,0.121362438809962
Pool,SER.p pool,,1.00000000002876e-07,0
Pool,SER.x pool,,1,Inf
Pool,Sink pool,,1,Inf
Pool,Starch pool,,1,Inf
Pool,THR pool,,3889.5912873477,3693.73745944822
Pool,TP pool,,0,0
Pool,TP.c pool,,4.18763431061231e-06,3777.71354768217
Pool,TP.p pool,,9.18714159266115e-07,3769.81270611841
Pool,TP.x pool,,1,Inf
Pool,UDPG pool,,0,0
Pool,UDPG.c pool,,0.211643544862718,3600.31338531918
Pool,UDPG.x pool,,1,Inf
Pool,X5P.p pool,,5.19483182072835e-07,3781.09776833201
Pool,dummy pool,,1,Inf
Pool,dummyGLY pool,,1,Inf
Pool,dummySER pool,,1,Inf
Pool,meTHF pool,,1.06594811944605,0.818946785764517
Pool,meTHF.c pool,,1.09597748270414e-07,3723.34848623896
Pool,meTHF.x pool,,1,Inf
Pool,myTHF.m pool,,1.00000000002876e-07,0
Pool,outSER pool,,1,Inf
Norm,Experiment1 Glyc205 #1 norm,,0.994324028997678,0.0129242066240504
Norm,Experiment1 Glyc205 #2 norm,,0.990227384780439,0.0228133151422539
Norm,Experiment1 Glyc205 #3 norm,,0.991043493339074,0.0230034338325696
Norm,Experiment1 Glyc205 #4 norm,,1.01041535918848,0.0328706979342546
Norm,Experiment1 Glyc205 #5 norm,,0.999475425632445,0.0336697471958969
Norm,Experiment1 Glyc205 #6 norm,,0.988183848965556,0.0265667232199104
Norm,Experiment1 Glyc205 #7 norm,,0.97244727036628,0.0351357534947428
Norm,Experiment1 Glyc205 #8 norm,,0.9948333450962,0.0298134564914544
Norm,Experiment1 Glyx160 #1 norm,,1.0116900995975,0.0110899844058921
Norm,Experiment1 Glyx160 #2 norm,,1.0145835777907,0.0137736447761834
Norm,Experiment1 Glyx160 #3 norm,,0.967560794220949,0.016972985330296
Norm,Experiment1 Glyx160 #4 norm,,1.0030968611979,0.0144786511374744
Norm,Experiment1 Glyx160 #5 norm,,0.982618850651817,0.0355258561166257
Norm,Experiment1 Glyx160 #6 norm,,1.02392681650524,0.0205178562584927
Norm,Experiment1 Glyx160 #7 norm,,0.972294764340984,0.0390906371876418
Norm,Experiment1 Glyx160 #8 norm,,0.99381712151602,0.0392647560175877
Norm,Experiment1 GLY276 #1 norm,,0.987989778697727,0.0101061096135283
Norm,Experiment1 GLY276 #2 norm,,0.969905713912283,0.0234779513765513
Norm,Experiment1 GLY276 #3 norm,,0.984204484322236,0.0450423837940828
Norm,Experiment1 GLY276 #4 norm,,0.996302067220088,0.0652783766521074
Norm,Experiment1 GLY276 #5 norm,,1.01383267358835,0.163382328552294
Norm,Experiment1 GLY276 #6 norm,,0.942742126831836,0.0979166100815662
Norm,Experiment1 GLY276 #7 norm,,1.05803280144025,0.0750105056300263
Norm,Experiment1 GLY276 #8 norm,,0.963391863293224,0.0667828184689686
Norm,Experiment1 HPA262 #1 norm,,0.998262197602552,0.0109621953457913
Norm,Experiment1 HPA262 #2 norm,,0.907086750105539,0.0259676261686588
Norm,Experiment1 HPA262 #3 norm,,0.960899800255777,0.0130801001319176
Norm,Experiment1 HPA262 #4 norm,,0.916104665213108,0.0334605925377581
Norm,Experiment1 HPA262 #5 norm,,0.93094695234999,0.0232161311954054
Norm,Experiment1 HPA262 #6 norm,,0.960176901668078,0.0333913313478604
Norm,Experiment1 HPA262 #7 norm,,0.98157370530799,0.0254450010234379
Norm,Experiment1 HPA262 #8 norm,,1.06292408525286,0.0245842232674965
Norm,Experiment1 GA307 #1 norm,,1.01601184160433,0.0126901083070143
Norm,Experiment1 GA307 #2 norm,,1.0028255954448,0.0314498555288455
Norm,Experiment1 GA307 #3 norm,,1.02995374474592,0.0331014464541793
Norm,Experiment1 GA307 #4 norm,,0.970921970579788,0.0198121224781669
Norm,Experiment1 GA307 #5 norm,,1.0609995372911,0.0560619085662588
Norm,Experiment1 GA307 #6 norm,,1.04217415624126,0.0439759957640172
Norm,Experiment1 GA307 #7 norm,,0.986600756854017,0.0482830287426218
Norm,Experiment1 GA307 #8 norm,,0.950532695359629,0.0389294946899095
Norm,Experiment1 SER306 #1 norm,,1.04197024475716,0.015005471647071
Norm,Experiment1 SER306 #2 norm,,0.973935157928669,0.014816766118006
Norm,Experiment1 SER306 #3 norm,,0.946936836274638,0.0381360335564158
Norm,Experiment1 SER306 #4 norm,,0.99882995620331,0.0461924518240991
Norm,Experiment1 SER306 #5 norm,,1.07564174909135,0.103306664458479
Norm,Experiment1 SER306 #6 norm,,0.960666451468841,0.0699772610044514
Norm,Experiment1 SER306 #7 norm,,0.982495746863516,0.0488075668181853
Norm,Experiment1 SER306 #8 norm,,1.00393500534222,0.176008493177906
Norm,Experiment1 meTHF #1 norm,,0.999162697337735,0.00997365290079558
Norm,Experiment1 meTHF #2 norm,,1.00857629314097,0.0101005812206163
Norm,Experiment1 meTHF #3 norm,,0.896150233527269,0.0613803343665329
Norm,Experiment1 meTHF #4 norm,,1.02290922348318,0.0498453101847865
Norm,Experiment1 meTHF #5 norm,,0.973637355149575,0.0883358648175834
Norm,Experiment1 meTHF #6 norm,,0.997279187307114,0.112999880282114
Norm,Experiment1 meTHF #7 norm,,1.00993810980752,0.0652371351137731
Norm,Experiment1 meTHF #8 norm,,0.943854615346663,0.0999704800280416
Norm,Experiment1 FmTHF #1 norm,,1.00736998187025,0.0102314967291486
Norm,Experiment1 FmTHF #2 norm,,1.01837844987586,0.0241235649122515
Norm,Experiment1 FmTHF #3 norm,,0.967087526333809,0.030179081860373
Norm,Experiment1 FmTHF #4 norm,,1.01662485467342,0.0244593852470461
Norm,Experiment1 FmTHF #5 norm,,0.941744035618622,0.0547055080327173
Norm,Experiment1 FmTHF #6 norm,,1.0018448994447,0.0605527664147158
Norm,Experiment1 FmTHF #7 norm,,0.989187536526129,0.0507509828025416
Norm,Experiment1 FmTHF #8 norm,,1.02710604322708,0.0803105605936072
Norm,Experiment1 Met176 #1 norm,,0.934325037101143,0.0240792574006149
Norm,Experiment1 Met176 #2 norm,,0.903177902902987,0.0315519107328319
Norm,Experiment1 Met176 #3 norm,,0.834506593412179,0.051257287599684
Norm,Experiment1 Met176 #4 norm,,1.01782001488371,0.0385780041840509
Norm,Experiment1 Met176 #5 norm,,0.994287168255345,0.0675329739984386
Norm,Experiment1 Met176 #6 norm,,0.968852040097824,0.131843301435151
Norm,Experiment1 Met176 #7 norm,,0.99636366428071,0.106328930771645
Norm,Experiment1 Met176 #8 norm,,0.997950274133232,0.118993999251404
Norm,Experiment1 SAM #1 norm,,0.989390636888243,0.0116334058875324
Norm,Experiment1 SAM #2 norm,,0.998297349930537,0.0119829049932814
Norm,Experiment1 SAM #3 norm,,0.999334464186763,0.0142365780551105
Norm,Experiment1 SAM #4 norm,,1.01474723689214,0.0265429314889912
Norm,Experiment1 SAM #5 norm,,0.986800841527489,0.042689451774624
Norm,Experiment1 SAM #6 norm,,0.995844363253748,0.0658979821415119
Norm,Experiment1 SAM #7 norm,,1.00147587580766,0.0900959333433355
Norm,Experiment1 SAM #8 norm,,0.989763209125882,0.088169777411331
Norm,Experiment1 CIT465 #1 norm,,0.955495970174529,0.0113832030294125
Norm,Experiment1 CIT465 #2 norm,,0.974253932782896,0.0131489339633415
Norm,Experiment1 CIT465 #3 norm,,1.01044737917441,0.0119519156685042
Norm,Experiment1 CIT465 #4 norm,,0.993022191232998,0.0166758705685317
Norm,Experiment1 CIT465 #5 norm,,0.942005248565992,0.0128585084938638
Norm,Experiment1 CIT465 #6 norm,,0.97181254384374,0.0123046995023773
Norm,Experiment1 CIT465 #7 norm,,0.991877381773508,0.0134613174325244
Norm,Experiment1 CIT465 #8 norm,,1.03741814519219,0.0193959993616371
Norm,Experiment1 MAL335 #1 norm,,0.990316892016277,0.0127227708337842
Norm,Experiment1 MAL335 #2 norm,,0.990843906954967,0.0112920330283952
Norm,Experiment1 MAL335 #3 norm,,0.95961989833288,0.0101507596884591
Norm,Experiment1 MAL335 #4 norm,,1.00771631011226,0.0151144979919426
Norm,Experiment1 MAL335 #5 norm,,1.01148873482597,0.0143160371834808
Norm,Experiment1 MAL335 #6 norm,,0.942448208270128,0.0132008667325398
Norm,Experiment1 MAL335 #7 norm,,0.935676276054084,0.0198152487586483
Norm,Experiment1 MAL335 #8 norm,,1.02070179237762,0.0373628671878506
Norm,Experiment1 ASP334 #1 norm,,0.970116865899214,0.0224972376778762
Norm,Experiment1 ASP334 #2 norm,,0.928405834717717,0.0291879592328931
Norm,Experiment1 ASP334 #3 norm,,1.00050984811756,0.0203381125950345
Norm,Experiment1 ASP334 #4 norm,,0.999483830580592,0.0180012139684712
Norm,Experiment1 ASP334 #5 norm,,0.934524922508707,0.025492877915891
Norm,Experiment1 ASP334 #6 norm,,1.00733444998671,0.0323055864166858
Norm,Experiment1 ASP334 #7 norm,,0.992438663598042,0.030846238511135
Norm,Experiment1 ASP334 #8 norm,,0.95232341427532,0.0903475145681327
Norm,Experiment1 GLU348 #1 norm,,1.00118071863407,0.0207914234655144
Norm,Experiment1 GLU348 #2 norm,,0.944280007478233,0.0187126014290944
Norm,Experiment1 GLU348 #3 norm,,0.956408217656834,0.0110491526533303
Norm,Experiment1 GLU348 #4 norm,,0.948810807710657,0.0361148213348174
Norm,Experiment1 GLU348 #5 norm,,0.999425849886807,0.0232444881240849
Norm,Experiment1 GLU348 #6 norm,,0.980509484294227,0.0126778270320098
Norm,Experiment1 GLU348 #7 norm,,0.974330587439346,0.0150726852841703
Norm,Experiment1 GLU348 #8 norm,,0.996254940440063,0.0215340115880242
Norm,Experiment1 THR320 #1 norm,,0.992392113680567,0.0104042895083788
Norm,Experiment1 THR320 #2 norm,,0.985024447237707,0.0144818873285858
Norm,Experiment1 THR320 #3 norm,,0.957147320549271,0.0101679992283811
Norm,Experiment1 THR320 #4 norm,,0.977859418857342,0.0284441895957762
Norm,Experiment1 THR320 #5 norm,,0.983836474761116,0.0207556322262324
Norm,Experiment1 THR320 #6 norm,,1.0216646319503,0.011725214424173
Norm,Experiment1 THR320 #7 norm,,0.974900250668314,0.0137757811763276
Norm,Experiment1 THR320 #8 norm,,0.887140226461117,0.024248702067343
Norm,Experiment1 ALA116 #1 norm,,0.995338507465583,0.00994953605179349
Norm,Experiment1 ALA116 #2 norm,,0.995482972166481,0.00999878182774454
Norm,Experiment1 ALA116 #3 norm,,1.00003279159452,0.0183715872231786
Norm,Experiment1 ALA116 #4 norm,,1.06040064048548,0.0246075442344295
Norm,Experiment1 ALA116 #5 norm,,1.0615995556062,0.106187963539413
Norm,Experiment1 ALA116 #6 norm,,0.991792500367075,0.0709087297067813
Norm,Experiment1 ALA116 #7 norm,,1.02033436970326,0.065623555751297
Norm,Experiment1 ALA116 #8 norm,,0.911552628048355,0.104624851938332
Norm,Experiment1 PYR #1 norm,,1.00570077912931,0.0173094897894668
Norm,Experiment1 PYR #2 norm,,1.02901314117837,0.0521312048244094
Norm,Experiment1 PYR #3 norm,,0.846169686313136,0.111001270920895
Norm,Experiment1 PYR #4 norm,,1.09775595119809,0.0522312222781933
Norm,Experiment1 PYR #5 norm,,1.04408210020995,0.056486821817601
Norm,Experiment1 PYR #6 norm,,1.03769435041516,0.0496263556542389
Norm,Experiment1 PYR #7 norm,,0.949477008874105,0.0991114893515427
Norm,Experiment1 PYR #8 norm,,1.01810508754669,0.0660763355202279
