type,id,eqn,val,std
Net flux,CO2.t,CO2.t -> CO2,47.7734266869747,1.09342200878162
Net flux,CO2_sink,dummy -> Sink,47.7734266869747,1.09342200878162
Net flux,RUBICSO_CO2,RUBP.p + CO2 -> 3PGA.p + 3PGA.p + dummy,56.1256311681992,1.193595542753
Net flux,GAPDH.p net,3PGA.p <-> TP.p,136.155660846173,2.67980085877939
Exch flux,GAPDH.p exch,3PGA.p <-> TP.p,5.5904651937114,1.83648546260491
Net flux,ALD,TP.p + E4P.p -> SBP,24.7771027227629,0.478011300298398
Net flux,SBP,SBP -> S7P.p,24.7771027227629,0.478011300298398
Net flux,FBA.p net,TP.p + TP.p <-> FBP.p,28.7485818230161,0.652525061950176
Exch flux,FBA.p exch,TP.p + TP.p <-> FBP.p,22120.5518527322,2562.41867833386
Net flux,PFK.p net,FBP.p <-> F6P.p,28.7485818230193,0.652525061950176
Exch flux,PFK.p exch,FBP.p <-> F6P.p,9.99894069764196e-08,7.44005982176737e-13
Net flux,TK1 net,TP.p + EC2 <-> X5P.p,49.5542054455218,0.956022600596796
Exch flux,TK1 exch,TP.p + EC2 <-> X5P.p,38828.8828010259,6909.33071385709
Net flux,TK2 net,S7P.p <-> R5P.p + EC2,24.7771027227629,0.478011300298398
Exch flux,TK2 exch,S7P.p <-> R5P.p + EC2,38.2943630737354,6779.67708718008
Net flux,TK3 net,F6P.p <-> E4P.p + EC2,24.7771027227609,0.478011300298398
Exch flux,TK3 exch,F6P.p <-> E4P.p + EC2,31537.1469271632,3128.63459874189
Net flux,PPE net,X5P.p <-> RU5P.p,49.5542054455218,0.956022600596796
Exch flux,PPE exch,X5P.p <-> RU5P.p,38904.5147280915,6882.98069672512
Net flux,PPI net,R5P.p <-> RU5P.p,24.777102722763,0.478011300298398
Exch flux,PPI exch,R5P.p <-> RU5P.p,242.822490116408,6964.03057587491
Net flux,PRK,RU5P.p -> RUBP.p,74.3313081682889,1.4340339008952
Net flux,RUBISCO_O2,RUBP.p -> 3PGA.p + 2PG.p,18.2056770000897,0.588333307957258
Net flux,GLYdil net,GLY.p <-> GLY.x + dummyGLY,0.0110235140586425,0.00109730415568339
Exch flux,GLYdil exch,GLY.p <-> GLY.x + dummyGLY,0.126258878748352,0.626368605997837
Net flux,SERdil net,SER.p <-> SER.x + dummySER,0.949232054323971,6813.66441433589
Exch flux,SERdil exch,SER.p <-> SER.x + dummySER,1.45563189462307,6813.66433752755
Net flux,GK,GA.p -> 3PGA.p,6.16004313237007,0.392384280627202
Net flux,PGI.p net,F6P.p <-> G6P.p,3.97147910025773,0.331823692531237
Exch flux,PGI.p exch,F6P.p <-> G6P.p,1.48210304197097,5875.92703300922
Net flux,PGM.p,G6P.p -> ADPG.p,3.97147910025773,0.331823692531237
Net flux,Starch,ADPG.p -> Starch,3.97147910025771,0.331823692531237
Net flux,FBA.c net,TP.c + TP.c <-> FBP.c,2.16359451592144,0.215368823689155
Exch flux,FBA.c exch,TP.c + TP.c <-> FBP.c,20.3211367580422,6243.67062485169
Net flux,PFK.c net,FBP.c <-> F6P.c,2.16359451592145,0.215368823689155
Exch flux,PFK.c exch,FBP.c <-> F6P.c,4.96704231321265,7478.68697606438
Net flux,PGI.c net,F6P.c <-> G6P.c,1.08179725796074,0.107684411844577
Exch flux,PGI.c exch,F6P.c <-> G6P.c,226.577600733661,7299.15981149739
Net flux,PGM.c net,G6P.c <-> UDPG.c,1.08179725796072,0.107684411844577
Exch flux,PGM.c exch,G6P.c <-> UDPG.c,48481.3175434068,6429.51770561014
Net flux,SPS,F6P.c + UDPG.c -> S6P,1.08179725796069,0.107684411844577
Net flux,PGAM.c net,3PGA.c <-> PEP.c,0.461321622684676,0.0459209405692248
Exch flux,PGAM.c exch,3PGA.c <-> PEP.c,2.02283826550637,6999.00383954844
Net flux,PK.c,PEP.c -> PYR.c,0.209403495223263,0.020844471601972
Net flux,PDH,PYR.c + dummy -> ACA + CO2,0.174277538257643,0.0173479587414483
Net flux,CS,OAA + ACA -> CIT,0.174277538257639,0.0173479587414483
Net flux,ACO net,CIT <-> ICI,0.174277538257684,0.0173479587414483
Exch flux,ACO exch,CIT <-> ICI,1260.00094159844,7029.74106748643
Net flux,IDH,ICI + dummy -> AKG + CO2,0.174277538257656,0.0173479587414483
Net flux,MDH net,MAL <-> OAA,2.1316282072803e-14,0
Exch flux,MDH exch,MAL <-> OAA,0.161083935495064,0.139870290386366
Net flux,PPC,PEP.c + CO2 -> OAA + dummy,0.251918127461841,0.0250764689966553
Net flux,T_3PGA net,3PGA.p <-> 3PGA.c,0.461321622684654,0.0459209405692248
Exch flux,T_3PGA exch,3PGA.p <-> 3PGA.c,2.44574037820869,2.67893135009858
Net flux,T_DHAP net,TP.p <-> TP.c,4.32718903184293,0.430737647378309
Exch flux,T_DHAP exch,TP.p <-> TP.c,9.99999998363421e-08,0
Net flux,ALT,PYR.c -> ALA.c,0.0351259569659856,0.00349651285210046
Net flux,ASPT,OAA -> ASP,0.0776405892039544,0.00772851024238417
Net flux,GLUDH,AKG -> GLU,0.174277538257633,0.0173479587414483
Net flux,PCR net,GLU <-> PRO,-2.48689957516035e-14,0
Exch flux,PCR exch,GLU <-> PRO,0.00069140356879771,6489.83972161175
Net flux,GS net,GLU <-> GLN,0,0
Exch flux,GS exch,GLU <-> GLN,0.00048202058059843,6721.88015044359
Net flux,TS net,ASP <-> THR,0,0
Exch flux,TS exch,ASP <-> THR,0.0119030032857594,0.0166595681865794
Net flux,AS net,ASP <-> ASN,1.06581410364015e-14,0
Exch flux,AS exch,ASP <-> ASN,1.0000000116861e-07,0
Net flux,G_3PGA.p,0*3PGA.p -> 3PGA,2.46866296294002e-06,9810.48704722804
Net flux,G_3PGA.c,0*3PGA.c -> 3PGA,92.9119081385821,6835.98104815825
Net flux,G_DHAP.p,0*TP.p -> TP,40.685379842242,9842.28442756851
Net flux,G_DHAP.c,0*TP.c -> TP,51.8471856996947,7357.20715214406
Net flux,G_F6P.p,0*F6P.p -> F6P,48.6686345030749,10215.0527849908
Net flux,G_F6P.c,0*F6P.c -> F6P,36.546576817712,7190.59495241216
Net flux,G_FBP.p,0*FBP.p -> FBP,2.46866127895373e-06,9821.49966882363
Net flux,G_FBP.c,0*FBP.c -> FBP,83.451231049911,6938.56967043224
Net flux,G_G6P.p,0*G6P.p -> G6P,19.0549768397257,10209.5543565445
Net flux,G_G6P.c,0*G6P.c -> G6P,58.8549499993083,7126.45367841173
Net flux,G_RU5P.p,0*RU5P.p -> P5P,2.46865369035731e-06,9775.11652307575
Net flux,G_X5P.p,0*X5P.p -> P5P,92.8477691501139,6811.2236008786
Net flux,G_R5P.p,0*R5P.p -> R5P,82.2810779884949,6452.79499748868
Net flux,G_GA.p,0*GA.p -> GA,38.6052716979868,1.71639870373064
Net flux,G_SER.p,0*SER.p -> SER,99.9896986496659,9049.49609318294
Net flux,G_GLY.p,0*GLY.p -> GLY,16.2358013576685,6622.95395912707
Net flux,G_RUBP.p,0*RUBP.p -> RUBP,92.5302752673063,6346.4412814451
Net flux,G_S7P.p,0*S7P.p -> S7P,98.4567310636212,6525.74027752318
Net flux,G_2PG.p,0*2PG.p -> 2PG,87.0427532706349,6657.40735860041
Net flux,G_ADPG.p,0*ADPG.p -> ADPG,95.0805622183377,6923.69880558367
Net flux,G_PEP.c,0*PEP.c -> PEP,89.2305410445615,6809.86060113407
Net flux,G_UDPG.c,0*UDPG.c -> UDPG,72.4268033045549,6760.77159483034
Net flux,G_ALA.c,0*ALA.c -> ALA,98.0474310951023,9.2184720674689
Net flux,(1-G)_GA,0*GA.x -> GA,61.3947283020153,1.71639870373064
Net flux,(1-G)_SER,0*SER.x -> SER,1.0000000116861e-07,0
Net flux,(1-G)_GLY,0*GLY.x -> GLY,36.354631332244,3.18856306555437
Net flux,(1-G)_R5P,0*R5P.x -> R5P,17.718922011502,6452.79499748868
Net flux,(1-G)_RUBP,0*RUBP.x -> RUBP,7.46972473269241,6346.4412814451
Net flux,(1-G)_3PGA,0*3PGA.x -> 3PGA,7.08808939275525,6583.81059537917
Net flux,(1-G)_TP,0*TP.x -> TP,7.46743445806383,6491.4870667232
Net flux,(1-G)_F6P,0*F6P.x -> F6P,14.7847886792169,6804.25193018343
Net flux,(1-G)_FBP,0*FBP.x -> FBP,16.5487664814224,7288.30083567375
Net flux,(1-G)_G6P,0*G6P.x -> G6P,22.0900731609643,6987.33659797231
Net flux,(1-G)_RU5P,0*RU5P.x -> P5P,7.15222838123378,7072.30344640953
Net flux,(1-G)_S7P,0*S7P.x -> S7P,1.54326893637677,6525.74027752318
Net flux,(1-G)_2PG,0*2PG.x -> 2PG,12.9572467293675,6657.40735860041
Net flux,(1-G)_ADPG,0*ADPG.x -> ADPG,4.91943778166132,6923.69880558367
Net flux,(1-G)_PEP,0*PEP.x -> PEP,10.7694589554367,6809.86060113407
Net flux,(1-G)_UDPG,0*UDPG.x -> UDPG,27.5731966954463,6760.77159483034
Net flux,(1-G)_ALA,0*ALA.x -> ALA,1.95256890489745,9.2184720674689
Net flux,PGASink,3PGA -> Sink,100,0
Net flux,DHAPSink,TP -> Sink,100.000000000001,0
Net flux,F6PSink,F6P -> Sink,100.000000000004,0
Net flux,FBPSink,FBP -> Sink,99.9999999999947,0
Net flux,G6PSink,G6P -> Sink,99.9999999999983,0
Net flux,P5PSink,P5P -> Sink,100.000000000001,0
Net flux,R5PSink,R5P -> Sink,99.9999999999968,0
Net flux,GASink,GA -> Sink,100.000000000002,0
Net flux,SERSink,SER -> Sink,99.9999999999996,0
Net flux,GLYSink,GLY -> Sink,100.000000000001,0
Net flux,RUBPSink,RUBP -> Sink,99.9999999999987,0
Net flux,S7PSink,S7P -> Sink,99.9999999999979,0
Net flux,2PGSink,2PG -> Sink,100.000000000002,0
Net flux,ADPGSink,ADPG -> Sink,99.999999999999,0
Net flux,PEPSink,PEP -> Sink,99.9999999999983,0
Net flux,UDPGSink,UDPG -> Sink,100.000000000001,0
Net flux,ALASink,ALA -> Sink,99.9999999999998,0
Net flux,S6Pout-LL,S6P + 0.1611*GLU + 0.07177*ASP + 0.03247*ALA.c + 0.01019*dummyGLY + 0.03484*dummySER -> Sink,1.08179725796073,0.107684411844577
Net flux,PGP.p,2PG.p -> Glyc.p,18.2056770000897,0.588333307957258
Net flux,GOX,Glyc.p -> Glyx.p,18.2056770000897,0.588333307957258
Net flux,GGT,Glyx.p -> GLY.p,18.2056770000897,0.588333307957258
Net flux,SGAT,SER.p -> HPA.p,6.16004313237005,0.392384280627202
Net flux,HPR.p,HPA.p -> GA.p,6.16004313237005,0.392384280627202
Net flux,T_GLY-m net,GLY.p <-> GLY.m,16.5111349643266,1.02401521736869
Exch flux,T_GLY-m exch,GLY.p <-> GLY.m,88460.5030487314,6665.72750364505
Net flux,GDC.m,GLY.m + dummy -> myTHF.m + CO2,8.2555675321709,0.512007608618424
Net flux,T_SER-m net,SER.p <-> SER.m,-8.2555675321709,0.512007608618424
Exch flux,T_SER-m exch,SER.p <-> SER.m,42.9452302887769,6543.76553887824
Net flux,mSHMT,GLY.m + myTHF.m -> SER.m,8.2555675321709,0.512007608618424
Net flux,T_SER-c net,SER.p <-> SER.c,1.14629234547686,6813.66437763302
Exch flux,T_SER-c exch,SER.p <-> SER.c,0.0377574058885255,6813.66433505965
Net flux,T_Gly-c net,GLY.p <-> GLY.c,1.68351852168919,0.965525585850428
Exch flux,T_Gly-c exch,GLY.p <-> GLY.c,1.00000000280431e-07,3.89205754159305e-13
Net flux,cSHMT,SER.c -> GLY.c + meTHF.c,0.196945822171643,6547.20870283982
Net flux,FmTHF-reductase net,meTHF.c <-> FmTHF.c,0.196945822171644,6547.20870283982
Exch flux,FmTHF-reductase exch,meTHF.c <-> FmTHF.c,8.76556037379354,9156.6023531414
Net flux,Met-synthase,FmTHF.c + Hcy.c -> Met.c,0.196945822171623,6547.20870283982
Net flux,SAM-synthase,Met.c -> SAM.c,0.196945822171633,6547.20870283982
Net flux,Methylation,SAM.c -> SAH.c + Acceptor.c,0.196945822171627,6547.20870283982
Net flux,hydrolysis,SAH.c -> Hcy.c,0.19694582217162,6547.20870283982
Net flux,G_SER.m,0*SER.m -> SER,0.010300279970231,6282.96768229121
Net flux,G_SER.c,0*SER.c -> SER,9.70363483787651e-07,6664.54221280743
Net flux,G_Gly.m,0*GLY.m -> GLY,0.000160916015609303,6622.95247614672
Net flux,G_Gly.c,0*GLY.c -> GLY,47.4094063940731,5.03264628146435
Net flux,T_GLY-c-m,GLY.c -> GLY.m,9.99999585360456e-08,1.33380947975024e-12
Net flux,G_Glyc,0*Glyc.p -> Glyc,19.4407224673262,1.28796674168389
Net flux,G_Glyx,0*Glyx.p -> Glyx,13.8524056231416,2.01908006597936
Net flux,G_HPA,0*HPA.p -> HPA,5.83853102527554,1.46226085968235
Net flux,(1-G)_Glyc,0*Glyc.x -> Glyc,80.5592775326745,1.28796674168389
Net flux,(1-G)_Glyx,0*Glyx.x -> Glyx,86.1475943768593,2.01908006597936
Net flux,(1-G)_HPA,0*HPA.x -> HPA,94.1614689747244,1.46226085968235
Net flux,GlycSink,Glyc -> Sink,100.000000000001,0
Net flux,GlyxSink,Glyx -> Sink,100.000000000001,0
Net flux,HPASink,HPA -> Sink,99.9999999999998,0
Net flux,SERex,dummySER -> outSER,0.911538769614483,6813.66441436389
Net flux,G_PYR,0*PYR.c -> PYR,31.5986296656869,1.71850576239599
Net flux,(1-G)_PYR,0*PYR.x -> PYR,68.4013703343133,1.71850576239599
Net flux,PYRSink,PYR -> Sink,100,0
Net flux,G_meTHF,0*meTHF.c -> meTHF,99.9999999,0
Net flux,G_FmTHF,0*FmTHF.c -> FmTHF,78.7072155383769,3.12103025816934
Net flux,G_Met,0*Met.c -> Met,72.0424258544191,4.17445722257036
Net flux,G_SAM,0*SAM.c -> SAM,63.8377328099827,3.83959038458175
Net flux,(1-G)_meTHF,0*meTHF.x -> meTHF,1.0000000116861e-07,0
Net flux,(1-G)_FmTHF,0*FmTHF.x -> FmTHF,21.2927844616232,3.12103025816934
Net flux,(1-G)_Met,0*Met.x -> Met,27.957574145581,4.17445722257036
Net flux,(1-G)_SAM,0*SAM.x -> SAM,36.1622671900173,3.83959038458175
Net flux,meTHFSink,meTHF -> Sink,99.9999999999999,0
Net flux,FmTHFSink,FmTHF -> Sink,100,0
Net flux,MetSink,Met -> Sink,100,0
Net flux,SAMsink,SAM -> Sink,100,0
Net flux,Met-protein,Met.c -> Protein,6.51983996113883e-15,0
Net flux,GLY-protein,GLY.c -> Protein,1.8804642438609,6547.20877403253
Net flux,SER-protein,SER.c -> Protein,0.949346523305216,9410.69227039652
Pool,2PG pool,,0,0
Pool,2PG.p pool,,2.14531915215425e-06,6525.41195490796
Pool,2PG.x pool,,1,Inf
Pool,3PGA pool,,0,0
Pool,3PGA.c pool,,0.110399811505351,0.0900232708994863
Pool,3PGA.p pool,,2.67165264997555e-06,7271.85437744491
Pool,3PGA.x pool,,1,Inf
Pool,ACA pool,,8.90778886202203e-07,6655.57384350803
Pool,ADPG pool,,0,0
Pool,ADPG.p pool,,9.9999999999999e-08,Inf
Pool,ADPG.x pool,,1,Inf
Pool,AKG pool,,1.88778467735806e-06,6701.37594937209
Pool,ALA pool,,0,0
Pool,ALA.c pool,,0.0166896752160096,0.00269791866071689
Pool,ALA.x pool,,1,Inf
Pool,ASN pool,,7566.06819373872,6908.47336143551
Pool,ASP pool,,1e-07,0
Pool,Acceptor.c pool,,1,Inf
Pool,CIT pool,,2.91061242409733,0.761691073195197
Pool,CO2 pool,,0.0795565741418529,6985.93286399009
Pool,CO2.t pool,,1,Inf
Pool,E4P.p pool,,0,0
Pool,EC2 pool,,0,0
Pool,F6P pool,,0,0
Pool,F6P.c pool,,3.82988661486177e-06,6732.8234586237
Pool,F6P.p pool,,2.00529313611143e-06,6498.53865620555
Pool,F6P.x pool,,1,Inf
Pool,FBP pool,,0,0
Pool,FBP.c pool,,3.82986387575052e-06,6854.9098294219
Pool,FBP.p pool,,1.80968084146316e-06,6571.87932463288
Pool,FBP.x pool,,1,Inf
Pool,FmTHF pool,,0.513500493605623,0.578132826774424
Pool,FmTHF.c pool,,2.88092554345527e-07,6554.25326397345
Pool,FmTHF.x pool,,1,Inf
Pool,G6P pool,,0,0
Pool,G6P.c pool,,9.87605479567481e-06,6429.07281726353
Pool,G6P.p pool,,2.83676595636971e-06,6676.49650425152
Pool,G6P.x pool,,1,Inf
Pool,GA pool,,0,0
Pool,GA.p pool,,2.13154105294811e-06,6433.81867377711
Pool,GA.x pool,,1,Inf
Pool,GLN pool,,8.8386681000506,6625.19993506174
Pool,GLU pool,,1.88961348744747e-06,6611.8108928741
Pool,GLY pool,,0,0
Pool,GLY.c pool,,0.23965338502573,0.158517487242707
Pool,GLY.m pool,,0.268516424285906,0.0610347257288092
Pool,GLY.p pool,,0.000422203590154682,7152.32374880078
Pool,GLY.x pool,,1,Inf
Pool,Glyc pool,,4.74195295108791,1.42922198081734
Pool,Glyc.p pool,,3.19036455341885e-06,6450.85281054124
Pool,Glyc.x pool,,1,Inf
Pool,Glyx pool,,15.3653317523019,6.15514188415251
Pool,Glyx.p pool,,4.22564534139011e-06,6605.0338305929
Pool,Glyx.x pool,,1,Inf
Pool,HPA pool,,0.000119792495995223,6656.40398216497
Pool,HPA.p pool,,1.70185612098067e-06,6727.74720378356
Pool,HPA.x pool,,1,Inf
Pool,Hcy.c pool,,1,Inf
Pool,ICI pool,,0.00397560902868319,7247.91441164047
Pool,MAL pool,,0.335377246768225,0.234706337705526
Pool,Met pool,,2.77205540407752e-05,6547.23056796683
Pool,Met.c pool,,2.28510145998685e-07,7102.27041269142
Pool,Met.x pool,,1,Inf
Pool,OAA pool,,0.197076735622533,0.0412851120665265
Pool,P5P pool,,0,0
Pool,PEP pool,,0,0
Pool,PEP.c pool,,1.00006539449739e-07,6748.26432135928
Pool,PEP.x pool,,1,Inf
Pool,PRO pool,,5.39478218393119,6867.52952511024
Pool,PYR pool,,1.00006141905389e-07,7029.20780221602
Pool,PYR.c pool,,1.00095674046065e-07,6866.60900788117
Pool,PYR.x pool,,1,Inf
Pool,Protein pool,,1,Inf
Pool,R5P pool,,0,0
Pool,R5P.p pool,,1.00000000000002e-07,0
Pool,R5P.x pool,,1,Inf
Pool,RU5P.p pool,,1.92693960900465e-06,6608.82648758545
Pool,RU5P.x pool,,1,Inf
Pool,RUBP pool,,0,0
Pool,RUBP.p pool,,1.91043020651639e-06,7106.98033357497
Pool,RUBP.x pool,,1,Inf
Pool,S6P pool,,1,Inf
Pool,S7P pool,,0,0
Pool,S7P.p pool,,1.50773591505959e-06,6945.40688884949
Pool,S7P.x pool,,1,Inf
Pool,SAH.c pool,,1,Inf
Pool,SAM pool,,2.85692208739504,1.04283899790741
Pool,SAM.c pool,,1.99410435620751e-06,7321.29719126566
Pool,SAM.x pool,,1,Inf
Pool,SBP pool,,0,0
Pool,SER pool,,0,0
Pool,SER.c pool,,1.00000000002876e-07,0
Pool,SER.m pool,,0.996021021539237,0.101776951568068
Pool,SER.p pool,,1e-07,0
Pool,SER.x pool,,1,Inf
Pool,Sink pool,,1,Inf
Pool,Starch pool,,1,Inf
Pool,THR pool,,49.9165853066815,7229.06517263598
Pool,TP pool,,0,0
Pool,TP.c pool,,4.18775211970021e-06,6650.20570346291
Pool,TP.p pool,,2.68179897445422e-06,6850.45160366499
Pool,TP.x pool,,1,Inf
Pool,UDPG pool,,0,0
Pool,UDPG.c pool,,4.02743610977357,6373.44586060819
Pool,UDPG.x pool,,1,Inf
Pool,X5P.p pool,,1.95042795001329e-06,7184.91409915805
Pool,dummy pool,,1,Inf
Pool,dummyGLY pool,,1,Inf
Pool,dummySER pool,,1,Inf
Pool,meTHF pool,,2.83936808758909,1.13416140868046
Pool,meTHF.c pool,,2.93211225379536e-07,6669.64468017848
Pool,meTHF.x pool,,1,Inf
Pool,myTHF.m pool,,1.00000000002876e-07,0
Pool,outSER pool,,1,Inf
Norm,Experiment1 Glyc205 #1 norm,,0.9727240832853,0.0130634441933545
Norm,Experiment1 Glyc205 #2 norm,,0.969349174049617,0.0224178869387665
Norm,Experiment1 Glyc205 #3 norm,,0.971008032873581,0.0217360257601085
Norm,Experiment1 Glyc205 #4 norm,,1.01396788696079,0.0323219677782576
Norm,Experiment1 Glyc205 #5 norm,,1.01293346923037,0.033560584932784
Norm,Experiment1 Glyc205 #6 norm,,1.03111377299776,0.0299434920554898
Norm,Experiment1 Glyc205 #7 norm,,0.984180271985013,0.0353988523837431
Norm,Experiment1 Glyc205 #8 norm,,0.968220118186629,0.0307420462050196
Norm,Experiment1 Glyx160 #1 norm,,0.974956991254902,0.0107650489191447
Norm,Experiment1 Glyx160 #2 norm,,0.990203455938494,0.0130638382300078
Norm,Experiment1 Glyx160 #3 norm,,0.956445904330188,0.0173642099159956
Norm,Experiment1 Glyx160 #4 norm,,1.03643229863993,0.0159168699148371
Norm,Experiment1 Glyx160 #5 norm,,0.916891180664873,0.0331618242766015
Norm,Experiment1 Glyx160 #6 norm,,1.01215520586424,0.0203084389204245
Norm,Experiment1 Glyx160 #7 norm,,0.975675252422151,0.0380504599050354
Norm,Experiment1 Glyx160 #8 norm,,0.992803831693419,0.0380117076339303
Norm,Experiment1 GLY276 #1 norm,,1.00602346624284,0.0103832103864129
Norm,Experiment1 GLY276 #2 norm,,0.97891312733942,0.0236686769811389
Norm,Experiment1 GLY276 #3 norm,,1.05877673505923,0.0451675892646483
Norm,Experiment1 GLY276 #4 norm,,0.988582817597699,0.0686207905658714
Norm,Experiment1 GLY276 #5 norm,,0.979723529353946,0.126637156382009
Norm,Experiment1 GLY276 #6 norm,,0.906393299694468,0.0726772960391318
Norm,Experiment1 GLY276 #7 norm,,1.0200726530134,0.0674644167980381
Norm,Experiment1 GLY276 #8 norm,,0.984945119625413,0.0788158402125796
Norm,Experiment1 HPA262 #1 norm,,1.02772815550685,0.0113049182961438
Norm,Experiment1 HPA262 #2 norm,,1.00144115032086,0.0288443602851077
Norm,Experiment1 HPA262 #3 norm,,0.966278365638259,0.012946768337062
Norm,Experiment1 HPA262 #4 norm,,0.909890568594632,0.0328596418951198
Norm,Experiment1 HPA262 #5 norm,,0.956526787908431,0.0242419895339131
Norm,Experiment1 HPA262 #6 norm,,0.942888000288101,0.0327414570654658
Norm,Experiment1 HPA262 #7 norm,,0.984060725036378,0.0243493241793383
Norm,Experiment1 HPA262 #8 norm,,1.04455779161863,0.0247973444885545
Norm,Experiment1 GA307 #1 norm,,0.996760427561263,0.012170023065647
Norm,Experiment1 GA307 #2 norm,,0.997688710980293,0.0310295092879262
Norm,Experiment1 GA307 #3 norm,,0.963599513824819,0.0294506412756326
Norm,Experiment1 GA307 #4 norm,,0.966377618055393,0.019686937898008
Norm,Experiment1 GA307 #5 norm,,1.03804884409591,0.0592209087463143
Norm,Experiment1 GA307 #6 norm,,1.0383404424927,0.0444472705213603
Norm,Experiment1 GA307 #7 norm,,0.966284766063976,0.0404548336254204
Norm,Experiment1 GA307 #8 norm,,0.986349138721983,0.0357371864268602
Norm,Experiment1 SER306 #1 norm,,0.989752165232918,0.0141321452797286
Norm,Experiment1 SER306 #2 norm,,1.00280030563069,0.0157563674973462
Norm,Experiment1 SER306 #3 norm,,0.950869763314203,0.0370720365294585
Norm,Experiment1 SER306 #4 norm,,0.986539235945157,0.0430196283895721
Norm,Experiment1 SER306 #5 norm,,1.04740004614501,0.120745963811246
Norm,Experiment1 SER306 #6 norm,,0.955884425501994,0.0630594189724299
Norm,Experiment1 SER306 #7 norm,,0.979168086994592,0.0844633672318602
Norm,Experiment1 SER306 #8 norm,,1.01311704032502,0.100979811063134
Norm,Experiment1 meTHF #1 norm,,1.01276852697307,0.0102491822658599
Norm,Experiment1 meTHF #2 norm,,1.0121419492246,0.0100781115982892
Norm,Experiment1 meTHF #3 norm,,1.01296347969173,0.0656702811302682
Norm,Experiment1 meTHF #4 norm,,0.988386769062006,0.0489688709660323
Norm,Experiment1 meTHF #5 norm,,1.00264043280634,0.0909585852878038
Norm,Experiment1 meTHF #6 norm,,0.997950585093839,0.112176309989856
Norm,Experiment1 meTHF #7 norm,,1.02388239184522,0.0610120683719243
Norm,Experiment1 meTHF #8 norm,,0.968302294563785,0.0885668135758721
Norm,Experiment1 FmTHF #1 norm,,0.9951913105368,0.00979966222378045
Norm,Experiment1 FmTHF #2 norm,,1.00854159611854,0.0244426351668419
Norm,Experiment1 FmTHF #3 norm,,1.03362487151884,0.0336260533117669
Norm,Experiment1 FmTHF #4 norm,,0.98865333169493,0.0246615965180094
Norm,Experiment1 FmTHF #5 norm,,0.969277893796254,0.0587064246864313
Norm,Experiment1 FmTHF #6 norm,,1.007547539544,0.0676881018270462
Norm,Experiment1 FmTHF #7 norm,,0.990027726605529,0.0549676049214926
Norm,Experiment1 FmTHF #8 norm,,1.07054511230128,0.0872260092244315
Norm,Experiment1 Met176 #1 norm,,0.970922896073966,0.0244320080540221
Norm,Experiment1 Met176 #2 norm,,0.971793644984844,0.0354940690547725
Norm,Experiment1 Met176 #3 norm,,0.941323121162433,0.048691531474635
Norm,Experiment1 Met176 #4 norm,,0.957962992400857,0.0388242291200853
Norm,Experiment1 Met176 #5 norm,,0.984956907574625,0.0740338765560396
Norm,Experiment1 Met176 #6 norm,,0.99701697012121,0.119487706660833
Norm,Experiment1 Met176 #7 norm,,0.992721145251138,0.103925163660467
Norm,Experiment1 Met176 #8 norm,,0.986541152676158,0.110039511655102
Norm,Experiment1 SAM #1 norm,,1.00996350730565,0.0118847335212902
Norm,Experiment1 SAM #2 norm,,0.980058740831195,0.0119098024734989
Norm,Experiment1 SAM #3 norm,,1.00741379022592,0.0147735820771846
Norm,Experiment1 SAM #4 norm,,1.00689452876384,0.0237717619087637
Norm,Experiment1 SAM #5 norm,,0.985634740746414,0.0380892940931058
Norm,Experiment1 SAM #6 norm,,1.00726332605073,0.0589776352203282
Norm,Experiment1 SAM #7 norm,,1.00026390750299,0.11307907037483
Norm,Experiment1 SAM #8 norm,,1.00009161572531,0.0813260861912846
Norm,Experiment1 CIT465 #1 norm,,1.0221110946096,0.012018581910324
Norm,Experiment1 CIT465 #2 norm,,0.965082947421108,0.0130904387182168
Norm,Experiment1 CIT465 #3 norm,,1.01153573583944,0.0118471943416185
Norm,Experiment1 CIT465 #4 norm,,0.956901590270984,0.0157985914603499
Norm,Experiment1 CIT465 #5 norm,,0.955807082440728,0.0130347725594326
Norm,Experiment1 CIT465 #6 norm,,0.973133703781416,0.0127281548421571
Norm,Experiment1 CIT465 #7 norm,,1.02345784396875,0.0139526419812456
Norm,Experiment1 CIT465 #8 norm,,0.999039024499753,0.0187689080102179
Norm,Experiment1 MAL335 #1 norm,,0.966300367953235,0.0121021124829447
Norm,Experiment1 MAL335 #2 norm,,1.0100748275004,0.0113526643880629
Norm,Experiment1 MAL335 #3 norm,,0.964607421963992,0.0100645765256081
Norm,Experiment1 MAL335 #4 norm,,0.993153813090401,0.014622490895964
Norm,Experiment1 MAL335 #5 norm,,0.965524630451169,0.0144233083782158
Norm,Experiment1 MAL335 #6 norm,,1.00903649950863,0.0138305790285959
Norm,Experiment1 MAL335 #7 norm,,0.945585085777782,0.0200860359362297
Norm,Experiment1 MAL335 #8 norm,,1.02718671101144,0.0395061138178136
Norm,Experiment1 ASP334 #1 norm,,0.988059828592823,0.0231810364548999
Norm,Experiment1 ASP334 #2 norm,,0.904574998872952,0.028237959324085
Norm,Experiment1 ASP334 #3 norm,,0.990599101328129,0.0211077735845455
Norm,Experiment1 ASP334 #4 norm,,1.01685664321703,0.018976718165557
Norm,Experiment1 ASP334 #5 norm,,0.918647776606735,0.028451103480809
Norm,Experiment1 ASP334 #6 norm,,0.998882004260883,0.0322590028006417
Norm,Experiment1 ASP334 #7 norm,,0.998159154896384,0.0322806827663337
Norm,Experiment1 ASP334 #8 norm,,0.998697764155657,0.0895334916952528
Norm,Experiment1 GLU348 #1 norm,,1.0135612303081,0.0215907956339598
Norm,Experiment1 GLU348 #2 norm,,0.910151909626697,0.0180318574244584
Norm,Experiment1 GLU348 #3 norm,,1.00021805878994,0.0114628636279304
Norm,Experiment1 GLU348 #4 norm,,0.982130474407639,0.0380377108595271
Norm,Experiment1 GLU348 #5 norm,,0.989622174778347,0.0237163235709314
Norm,Experiment1 GLU348 #6 norm,,0.972001463706076,0.012771542771495
Norm,Experiment1 GLU348 #7 norm,,1.00971842663134,0.0157765369362257
Norm,Experiment1 GLU348 #8 norm,,0.984531757456035,0.0210127379111439
Norm,Experiment1 THR320 #1 norm,,1.03031521201922,0.0108666999624313
Norm,Experiment1 THR320 #2 norm,,1.04609543389372,0.0151507633903323
Norm,Experiment1 THR320 #3 norm,,1.0229414928165,0.0107120015679315
Norm,Experiment1 THR320 #4 norm,,0.992904399792644,0.0304128418735333
Norm,Experiment1 THR320 #5 norm,,1.02589644102591,0.0212402975771539
Norm,Experiment1 THR320 #6 norm,,0.953694064277878,0.0107989743713004
Norm,Experiment1 THR320 #7 norm,,0.993115088534981,0.0138633153970914
Norm,Experiment1 THR320 #8 norm,,0.907143301449959,0.0243746407777926
Norm,Experiment1 ALA116 #1 norm,,0.98349486087498,0.00982052957607311
Norm,Experiment1 ALA116 #2 norm,,0.999292520606982,0.0102561890824924
Norm,Experiment1 ALA116 #3 norm,,1.0233478099792,0.018325307804067
Norm,Experiment1 ALA116 #4 norm,,1.02042052220037,0.0204943260258443
Norm,Experiment1 ALA116 #5 norm,,1.09131150794969,0.11853644205486
Norm,Experiment1 ALA116 #6 norm,,0.962011700709786,0.0956344361610836
Norm,Experiment1 ALA116 #7 norm,,1.01828868165188,0.0852486507419262
Norm,Experiment1 ALA116 #8 norm,,0.966559954259283,0.0924229447872959
Norm,Experiment1 PYR #1 norm,,0.961136117630139,0.0166913781916776
Norm,Experiment1 PYR #2 norm,,0.980494538193177,0.0450512444110267
Norm,Experiment1 PYR #3 norm,,0.86780566066102,0.10653832904302
Norm,Experiment1 PYR #4 norm,,1.04134066435823,0.0416514265459921
Norm,Experiment1 PYR #5 norm,,1.00215053896558,0.0504189340389592
Norm,Experiment1 PYR #6 norm,,1.02587006433704,0.0527249041030443
Norm,Experiment1 PYR #7 norm,,1.0142636355877,0.105527299817665
Norm,Experiment1 PYR #8 norm,,0.988852511752112,0.060808019901276
