type,id,eqn,val,std
Net flux,CO2.t,CO2.t -> CO2,46.8040304819703,1.11938455652738
Net flux,CO2_sink,dummy -> Sink,46.8040304819703,1.11938455652738
Net flux,RUBICSO_CO2,RUBP.p + CO2 -> 3PGA.p + 3PGA.p + dummy,57.1799671153367,1.17651912177875
Net flux,GAPDH.p net,3PGA.p <-> TP.p,136.025689884855,2.67907571747708
Exch flux,GAPDH.p exch,3PGA.p <-> TP.p,1.0000000116861e-07,0.722002959642682
Net flux,ALD,TP.p + E4P.p -> SBP,25.0230588885169,0.478467823287513
Net flux,SBP,SBP -> S7P.p,25.0230588885169,0.478467823287513
Net flux,FBA.p net,TP.p + TP.p <-> FBP.p,29.1773721699501,0.650253785168575
Exch flux,FBA.p exch,TP.p + TP.p <-> FBP.p,22154.1275927683,1373.63845515594
Net flux,PFK.p net,FBP.p <-> F6P.p,29.1773721699533,0.650253785168575
Exch flux,PFK.p exch,FBP.p <-> F6P.p,9.99895206632573e-08,1.77517825174088e-13
Net flux,TK1 net,TP.p + EC2 <-> X5P.p,50.0461177770337,0.956935646575026
Exch flux,TK1 exch,TP.p + EC2 <-> X5P.p,9.99999976158961e-08,0
Net flux,TK2 net,S7P.p <-> R5P.p + EC2,25.0230588885168,0.478467823287513
Exch flux,TK2 exch,S7P.p <-> R5P.p + EC2,38.2200460675185,2552.5501680431
Net flux,TK3 net,F6P.p <-> E4P.p + EC2,25.0230588885161,0.478467823287513
Exch flux,TK3 exch,F6P.p <-> E4P.p + EC2,7958.86135740623,2725.48522733652
Net flux,PPE net,X5P.p <-> RU5P.p,50.0461177770337,0.956935646575026
Exch flux,PPE exch,X5P.p <-> RU5P.p,76.824737657916,1755.96148028376
Net flux,PPI net,R5P.p <-> RU5P.p,25.0230588885169,0.478467823287513
Exch flux,PPI exch,R5P.p <-> RU5P.p,240.11652249728,2584.00846339445
Net flux,PRK,RU5P.p -> RUBP.p,75.0691766655507,1.43540346970534
Net flux,RUBISCO_O2,RUBP.p -> 3PGA.p + 2PG.p,17.889209550214,0.588188546827706
Net flux,GLYdil net,GLY.p <-> GLY.x + dummyGLY,0.00662800622027504,0.00132615422814318
Exch flux,GLYdil exch,GLY.p <-> GLY.x + dummyGLY,1.0000000116861e-07,0
Net flux,SERdil net,SER.p <-> SER.x + dummySER,3.51082606111921,0.896644313058195
Exch flux,SERdil exch,SER.p <-> SER.x + dummySER,1.65208231153888,0.827163193884301
Net flux,GK,GA.p -> 3PGA.p,4.05392068420014,0.882159087192304
Net flux,PGI.p net,F6P.p <-> G6P.p,4.15431328143563,0.357498826509973
Exch flux,PGI.p exch,F6P.p <-> G6P.p,9.9999290625874e-08,8.65151185350209e-13
Net flux,PGM.p,G6P.p -> ADPG.p,4.15431328143563,0.357498826509973
Net flux,Starch,ADPG.p -> Starch,4.15431328143561,0.357498826509973
Net flux,FBA.c net,TP.c + TP.c <-> FBP.c,1.3008844397009,0.260285422184265
Exch flux,FBA.c exch,TP.c + TP.c <-> FBP.c,20.994542839289,2128.50318797773
Net flux,PFK.c net,FBP.c <-> F6P.c,1.30088443970091,0.260285422184265
Exch flux,PFK.c exch,FBP.c <-> F6P.c,5.64801724773608,2588.69483317948
Net flux,PGI.c net,F6P.c <-> G6P.c,0.650442219850476,0.130142711092133
Exch flux,PGI.c exch,F6P.c <-> G6P.c,227.450009557358,1666.14415128119
Net flux,PGM.c net,G6P.c <-> UDPG.c,0.650442219848628,0.130142711092133
Exch flux,PGM.c exch,G6P.c <-> UDPG.c,48481.4108108999,2681.11745367914
Net flux,SPS,F6P.c + UDPG.c -> S6P,0.650442219850422,0.130142711092133
Net flux,PGAM.c net,3PGA.c <-> PEP.c,0.277374580231748,0.0554980577785704
Exch flux,PGAM.c exch,3PGA.c <-> PEP.c,3.05292790901091,2582.73041262468
Net flux,PK.c,PEP.c -> PYR.c,0.125906100496116,0.0251917246271127
Net flux,PDH,PYR.c + dummy -> ACA + CO2,0.104786241617563,0.0209659907870864
Net flux,CS,OAA + ACA -> CIT,0.104786241617559,0.0209659907870864
Net flux,ACO net,CIT <-> ICI,0.104786241617603,0.0209659907870864
Exch flux,ACO exch,CIT <-> ICI,1442.51094314272,2773.3792174675
Net flux,IDH,ICI + dummy -> AKG + CO2,0.104786241617575,0.0209659907870864
Net flux,MDH net,MAL <-> OAA,2.1316282072803e-14,0
Exch flux,MDH exch,MAL <-> OAA,0.293595802575609,0.0753335405509784
Net flux,PPC,PEP.c + CO2 -> OAA + dummy,0.151468479736514,0.0303063331448481
Net flux,T_3PGA net,3PGA.p <-> 3PGA.c,0.277374580231729,0.0554980577785704
Exch flux,T_3PGA exch,3PGA.p <-> 3PGA.c,1.0000000116861e-07,0
Net flux,T_DHAP net,TP.p <-> TP.c,2.60176887940185,0.52057084436853
Exch flux,T_DHAP exch,TP.p <-> TP.c,9.99999998363421e-08,0
Net flux,ALT,PYR.c -> ALA.c,0.021119858878522,0.00422573384526251
Net flux,ASPT,OAA -> ASP,0.0466822381185945,0.00934034238465606
Net flux,GLUDH,AKG -> GLU,0.104786241617552,0.0209659907870864
Net flux,PCR net,GLU <-> PRO,-2.48689957516035e-14,0
Exch flux,PCR exch,GLU <-> PRO,1.0000000116861e-07,0
Net flux,GS net,GLU <-> GLN,0,0
Exch flux,GS exch,GLU <-> GLN,1.00041823714037e-07,0
Net flux,TS net,ASP <-> THR,0,0
Exch flux,TS exch,ASP <-> THR,1.0000000116861e-07,0
Net flux,AS net,ASP <-> ASN,1.06581410364015e-14,0
Exch flux,AS exch,ASP <-> ASN,1.0000000116861e-07,0
Net flux,G_3PGA.p,0*3PGA.p -> 3PGA,2.46866296294002e-06,3925.98561838228
Net flux,G_3PGA.c,0*3PGA.c -> 3PGA,92.9119081389861,2706.14907403433
Net flux,G_DHAP.p,0*TP.p -> TP,40.685379842242,3865.28812618657
Net flux,G_DHAP.c,0*TP.c -> TP,51.8471856996947,2884.84285713495
Net flux,G_F6P.p,0*F6P.p -> F6P,48.6686345030749,3523.46561768224
Net flux,G_F6P.c,0*F6P.c -> F6P,36.546576817712,2322.11663273175
Net flux,G_FBP.p,0*FBP.p -> FBP,2.46866127895373e-06,3527.83725092064
Net flux,G_FBP.c,0*FBP.c -> FBP,83.4512310492413,2529.27179192892
Net flux,G_G6P.p,0*G6P.p -> G6P,19.0549768397257,3850.09862351612
Net flux,G_G6P.c,0*G6P.c -> G6P,58.8549499993083,2641.63950961374
Net flux,G_RU5P.p,0*RU5P.p -> P5P,2.46865370456817e-06,3981.85241708264
Net flux,G_X5P.p,0*X5P.p -> P5P,92.8477691495795,2866.28051427153
Net flux,G_R5P.p,0*R5P.p -> R5P,82.2810779884949,2660.09904181046
Net flux,G_GA.p,0*GA.p -> GA,43.1387930206136,1.57383068685458
Net flux,G_SER.p,0*SER.p -> SER,99.9999996999996,0
Net flux,G_GLY.p,0*GLY.p -> GLY,9.99999940631824e-08,3.76056603694889e-13
Net flux,G_RUBP.p,0*RUBP.p -> RUBP,92.5302752673063,2710.6186811001
Net flux,G_S7P.p,0*S7P.p -> S7P,98.4567310636212,2645.57797235519
Net flux,G_2PG.p,0*2PG.p -> 2PG,87.0427532706349,2713.77036158685
Net flux,G_ADPG.p,0*ADPG.p -> ADPG,95.0805622183377,2652.29693197331
Net flux,G_PEP.c,0*PEP.c -> PEP,89.2305410445615,2747.20664651801
Net flux,G_UDPG.c,0*UDPG.c -> UDPG,72.4268033045549,2772.39007908742
Net flux,G_ALA.c,0*ALA.c -> ALA,72.4253791848017,5.76024399670581
Net flux,(1-G)_GA,0*GA.x -> GA,56.8612069793885,1.57383068685458
Net flux,(1-G)_SER,0*SER.x -> SER,1.0000000116861e-07,0
Net flux,(1-G)_GLY,0*GLY.x -> GLY,35.1919349523455,2.88592670738462
Net flux,(1-G)_R5P,0*R5P.x -> R5P,17.718922011502,2660.09904181046
Net flux,(1-G)_RUBP,0*RUBP.x -> RUBP,7.46972473269241,2710.6186811001
Net flux,(1-G)_3PGA,0*3PGA.x -> 3PGA,7.0880893923512,2771.3637564417
Net flux,(1-G)_TP,0*TP.x -> TP,7.46743445806383,2609.9029028262
Net flux,(1-G)_F6P,0*F6P.x -> F6P,14.7847886792169,2655.3790662329
Net flux,(1-G)_FBP,0*FBP.x -> FBP,16.5487664820921,2487.88304889134
Net flux,(1-G)_G6P,0*G6P.x -> G6P,22.0900731609643,2679.52260302649
Net flux,(1-G)_RU5P,0*RU5P.x -> P5P,7.15222838176816,2807.16446122722
Net flux,(1-G)_S7P,0*S7P.x -> S7P,1.54326893637677,2645.57797235519
Net flux,(1-G)_2PG,0*2PG.x -> 2PG,12.9572467293675,2713.77036158685
Net flux,(1-G)_ADPG,0*ADPG.x -> ADPG,4.91943778166132,2652.29693197331
Net flux,(1-G)_PEP,0*PEP.x -> PEP,10.7694589554367,2747.20664651801
Net flux,(1-G)_UDPG,0*UDPG.x -> UDPG,27.5731966954463,2772.39007908742
Net flux,(1-G)_ALA,0*ALA.x -> ALA,27.5746208151981,5.76024399670581
Net flux,PGASink,3PGA -> Sink,100,0
Net flux,DHAPSink,TP -> Sink,100.000000000001,0
Net flux,F6PSink,F6P -> Sink,100.000000000004,0
Net flux,FBPSink,FBP -> Sink,99.9999999999947,0
Net flux,G6PSink,G6P -> Sink,99.9999999999983,0
Net flux,P5PSink,P5P -> Sink,100.000000000001,0
Net flux,R5PSink,R5P -> Sink,99.9999999999968,0
Net flux,GASink,GA -> Sink,100.000000000002,0
Net flux,SERSink,SER -> Sink,99.9999999999996,0
Net flux,GLYSink,GLY -> Sink,100.000000000001,0
Net flux,RUBPSink,RUBP -> Sink,99.9999999999987,0
Net flux,S7PSink,S7P -> Sink,99.9999999999979,0
Net flux,2PGSink,2PG -> Sink,100.000000000002,0
Net flux,ADPGSink,ADPG -> Sink,99.999999999999,0
Net flux,PEPSink,PEP -> Sink,99.9999999999983,0
Net flux,UDPGSink,UDPG -> Sink,100.000000000001,0
Net flux,ALASink,ALA -> Sink,99.9999999999998,0
Net flux,S6Pout-LL,S6P + 0.1611*GLU + 0.07177*ASP + 0.03247*ALA.c + 0.01019*dummyGLY + 0.03484*dummySER -> Sink,0.650442219850458,0.130142711092133
Net flux,PGP.p,2PG.p -> Glyc.p,17.8892095502141,0.588188546827706
Net flux,GOX,Glyc.p -> Glyx.p,17.8892095502141,0.588188546827706
Net flux,GGT,Glyx.p -> GLY.p,17.8892095502141,0.588188546827706
Net flux,SGAT,SER.p -> HPA.p,4.05392068420013,0.882159087192304
Net flux,HPR.p,HPA.p -> GA.p,4.05392068420012,0.882159087192304
Net flux,T_GLY-m net,GLY.p <-> GLY.m,8.26922565152927,3.84733415718565
Exch flux,T_GLY-m exch,GLY.p <-> GLY.m,102078.831002869,2605.17887024133
Net flux,GDC.m,GLY.m + dummy -> myTHF.m + CO2,10.3178326298673,0.439220251647387
Net flux,T_SER-m net,SER.p <-> SER.m,-10.3178326298673,0.439220251647387
Exch flux,T_SER-m exch,SER.p <-> SER.m,9.99999909545579e-08,4.1345244319394e-14
Net flux,mSHMT,GLY.m + myTHF.m -> SER.m,10.3178326298673,0.439220251647387
Net flux,T_SER-c net,SER.p <-> SER.c,2.7530858845479,0.690297981051187
Exch flux,T_SER-c exch,SER.p <-> SER.c,1.00000000280431e-07,9.64541788717325e-14
Net flux,T_Gly-c net,GLY.p <-> GLY.c,9.6133558924556,3.8209025139892
Exch flux,T_Gly-c exch,GLY.p <-> GLY.c,9.99999998363421e-08,0
Net flux,cSHMT,SER.c -> GLY.c + meTHF.c,2.75308569656677,0.690297981050654
Net flux,FmTHF-reductase net,meTHF.c <-> FmTHF.c,2.75308569656677,0.690297981050654
Exch flux,FmTHF-reductase exch,meTHF.c <-> FmTHF.c,9.15212796563429,2609.03076355736
Net flux,Met-synthase,FmTHF.c + Hcy.c -> Met.c,2.75308569656675,0.690297981050654
Net flux,SAM-synthase,Met.c -> SAM.c,2.75308569656676,0.690297981050654
Net flux,Methylation,SAM.c -> SAH.c + Acceptor.c,2.75308569656675,0.690297981050654
Net flux,hydrolysis,SAH.c -> Hcy.c,2.75308569656675,0.690297981050654
Net flux,G_SER.m,0*SER.m -> SER,1.0000000116861e-07,0
Net flux,G_SER.c,0*SER.c -> SER,1.0000000116861e-07,0
Net flux,G_Gly.m,0*GLY.m -> GLY,1.0000000116861e-07,4.75297843471531e-14
Net flux,G_Gly.c,0*GLY.c -> GLY,64.8080648476558,2.88592670738462
Net flux,T_GLY-c-m,GLY.c -> GLY.m,12.3664396081964,3.63844111357965
Net flux,G_Glyc,0*Glyc.p -> Glyc,22.8412187728868,1.32124923368316
Net flux,G_Glyx,0*Glyx.p -> Glyx,16.2994775787029,2.60360785716234
Net flux,G_HPA,0*HPA.p -> HPA,9.17102595088095,1.34855866305651
Net flux,(1-G)_Glyc,0*Glyc.x -> Glyc,77.1587812271138,1.32124923368316
Net flux,(1-G)_Glyx,0*Glyx.x -> Glyx,83.7005224212979,2.60360785716234
Net flux,(1-G)_HPA,0*HPA.x -> HPA,90.828974049119,1.34855866305651
Net flux,GlycSink,Glyc -> Sink,100.000000000001,0
Net flux,GlyxSink,Glyx -> Sink,100.000000000001,0
Net flux,HPASink,HPA -> Sink,99.9999999999998,0
Net flux,SERex,dummySER -> outSER,3.48816256886078,0.899566584274742
Net flux,G_PYR,0*PYR.c -> PYR,31.8593468780767,1.65948160943501
Net flux,(1-G)_PYR,0*PYR.x -> PYR,68.1406531219235,1.65948160943501
Net flux,PYRSink,PYR -> Sink,100,0
Net flux,G_meTHF,0*meTHF.c -> meTHF,99.9999999,0
Net flux,G_FmTHF,0*FmTHF.c -> FmTHF,81.6267551897238,3.14871406844556
Net flux,G_Met,0*Met.c -> Met,62.0982537870807,4.55494432153291
Net flux,G_SAM,0*SAM.c -> SAM,68.5279846107664,4.23729053955481
Net flux,(1-G)_meTHF,0*meTHF.x -> meTHF,1.0000000116861e-07,0
Net flux,(1-G)_FmTHF,0*FmTHF.x -> FmTHF,18.3732448102763,3.14871406844556
Net flux,(1-G)_Met,0*Met.x -> Met,37.9017462129193,4.55494432153291
Net flux,(1-G)_SAM,0*SAM.x -> SAM,31.4720153892336,4.23729053955481
Net flux,meTHFSink,meTHF -> Sink,99.9999999999999,0
Net flux,FmTHFSink,FmTHF -> Sink,100,0
Net flux,MetSink,Met -> Sink,100,0
Net flux,SAMsink,SAM -> Sink,100,0
Net flux,Met-protein,Met.c -> Protein,6.51983996113883e-15,0
Net flux,GLY-protein,GLY.c -> Protein,1.98082602587135e-06,1.03617541490963e-12
Net flux,SER-protein,SER.c -> Protein,1.87981138211057e-07,1.1942071842509e-13
Pool,2PG pool,,0,0
Pool,2PG.p pool,,1.57450819352364e-06,2608.20393261686
Pool,2PG.x pool,,1,Inf
Pool,3PGA pool,,0,0
Pool,3PGA.c pool,,0.0127886046072156,0.00350778736957667
Pool,3PGA.p pool,,1.28170880181445e-06,2456.66784657211
Pool,3PGA.x pool,,1,Inf
Pool,ACA pool,,1.98521715542955e-07,2580.13090001714
Pool,ADPG pool,,0,0
Pool,ADPG.p pool,,9.9999999999999e-08,Inf
Pool,ADPG.x pool,,1,Inf
Pool,AKG pool,,6.87704391696092e-07,2669.72407159198
Pool,ALA pool,,0,0
Pool,ALA.c pool,,0.00490853504363487,0.00145577579438983
Pool,ALA.x pool,,1,Inf
Pool,ASN pool,,7566.06819370583,2484.92690708471
Pool,ASP pool,,1.00000000000002e-07,0
Pool,Acceptor.c pool,,1,Inf
Pool,CIT pool,,2.07558025882323,0.650334758193883
Pool,CO2 pool,,0.295676090454687,0.11215287204632
Pool,CO2.t pool,,1,Inf
Pool,E4P.p pool,,0,0
Pool,EC2 pool,,0,0
Pool,F6P pool,,0,0
Pool,F6P.c pool,,3.82978852777991e-06,2561.84913190674
Pool,F6P.p pool,,8.43803382864943e-07,2735.29457982455
Pool,F6P.x pool,,1,Inf
Pool,FBP pool,,0,0
Pool,FBP.c pool,,3.82974373469906e-06,2689.84745368334
Pool,FBP.p pool,,7.36330560734258e-07,2674.01907913877
Pool,FBP.x pool,,1,Inf
Pool,FmTHF pool,,1.69846100555951,0.740585518837541
Pool,FmTHF.c pool,,4.32776355675884e-07,2683.13924198634
Pool,FmTHF.x pool,,1,Inf
Pool,G6P pool,,0,0
Pool,G6P.c pool,,9.87540308547839e-06,2727.11713784821
Pool,G6P.p pool,,2.6740144259976e-06,2677.7106029461
Pool,G6P.x pool,,1,Inf
Pool,GA pool,,0,0
Pool,GA.p pool,,3.89197818074825e-07,2565.05347407048
Pool,GA.x pool,,1,Inf
Pool,GLN pool,,8.83867754798557,2681.99737904761
Pool,GLU pool,,6.87705645654888e-07,2532.13209160365
Pool,GLY pool,,0,0
Pool,GLY.c pool,,0.40521209176507,0.122600440105122
Pool,GLY.m pool,,1.00000000002876e-07,0
Pool,GLY.p pool,,1.09176062640618e-05,2720.2912288669
Pool,GLY.x pool,,1,Inf
Pool,Glyc pool,,7.93556022575963,1.91031001404041
Pool,Glyc.p pool,,1.82146966719366e-06,2485.75580639755
Pool,Glyc.x pool,,1,Inf
Pool,Glyx pool,,23.5954979110849,8.59910802320383
Pool,Glyx.p pool,,3.17129548326461e-06,2607.31787916266
Pool,Glyx.x pool,,1,Inf
Pool,HPA pool,,0.000217665506732337,2627.81741594896
Pool,HPA.p pool,,3.99484553577715e-07,2653.34532037898
Pool,HPA.x pool,,1,Inf
Pool,Hcy.c pool,,1,Inf
Pool,ICI pool,,0.00316175546558207,2767.47402241722
Pool,MAL pool,,0.342680588869647,0.0874207644891439
Pool,Met pool,,1.02801820442808e-05,2635.16713537438
Pool,Met.c pool,,2.92492391489255e-07,2450.70426795683
Pool,Met.x pool,,1,Inf
Pool,OAA pool,,0.0888312975214625,0.0226811264209583
Pool,P5P pool,,0,0
Pool,PEP pool,,0,0
Pool,PEP.c pool,,1.00000000000002e-07,0
Pool,PEP.x pool,,1,Inf
Pool,PRO pool,,5.39499638181466,2581.12923323487
Pool,PYR pool,,9.99999998363421e-08,0
Pool,PYR.c pool,,0.00107925795849508,0.00124651864335755
Pool,PYR.x pool,,1,Inf
Pool,Protein pool,,1,Inf
Pool,R5P pool,,0,0
Pool,R5P.p pool,,7.95553757673032e-07,2710.95325517466
Pool,R5P.x pool,,1,Inf
Pool,RU5P.p pool,,8.1257424348324e-07,2580.87129029068
Pool,RU5P.x pool,,1,Inf
Pool,RUBP pool,,0,0
Pool,RUBP.p pool,,8.1349509347391e-07,2689.38694938843
Pool,RUBP.x pool,,1,Inf
Pool,S6P pool,,1,Inf
Pool,S7P pool,,0,0
Pool,S7P.p pool,,5.82996248717604e-07,2518.16328607583
Pool,S7P.x pool,,1,Inf
Pool,SAH.c pool,,1,Inf
Pool,SAM pool,,5.95846266198686,1.68508475887933
Pool,SAM.c pool,,2.39786580889907e-06,2659.22317346904
Pool,SAM.x pool,,1,Inf
Pool,SBP pool,,0,0
Pool,SER pool,,0,0
Pool,SER.c pool,,1.00000000002876e-07,0
Pool,SER.m pool,,1.13507642085891,0.101515722419979
Pool,SER.p pool,,1.00000000002876e-07,0
Pool,SER.x pool,,1,Inf
Pool,Sink pool,,1,Inf
Pool,Starch pool,,1,Inf
Pool,THR pool,,3889.6315541062,2763.44943717701
Pool,TP pool,,0,0
Pool,TP.c pool,,4.18767051403838e-06,2619.06177065094
Pool,TP.p pool,,1.39220181786118e-06,2712.52888675109
Pool,TP.x pool,,1,Inf
Pool,UDPG pool,,0,0
Pool,UDPG.c pool,,0.465883912844732,2609.20116364108
Pool,UDPG.x pool,,1,Inf
Pool,X5P.p pool,,8.19492457722843e-07,2696.6113290385
Pool,dummy pool,,1,Inf
Pool,dummyGLY pool,,1,Inf
Pool,dummySER pool,,1,Inf
Pool,meTHF pool,,1.59946711324523,0.960515382339865
Pool,meTHF.c pool,,5.48689648980275e-07,2596.66861477199
Pool,meTHF.x pool,,1,Inf
Pool,myTHF.m pool,,1.42041516666325e-06,2617.33372341445
Pool,outSER pool,,1,Inf
Norm,Experiment1 Glyc205 #1 norm,,0.98388021627643,0.013167966797499
Norm,Experiment1 Glyc205 #2 norm,,1.01271221209339,0.0228149483362655
Norm,Experiment1 Glyc205 #3 norm,,0.956797202337517,0.0189551016263995
Norm,Experiment1 Glyc205 #4 norm,,0.987538210299263,0.0319892502819283
Norm,Experiment1 Glyc205 #5 norm,,0.981769609565841,0.0349859744550752
Norm,Experiment1 Glyc205 #6 norm,,1.03956724129474,0.0276405993638687
Norm,Experiment1 Glyc205 #7 norm,,0.980545664827053,0.0352718327853234
Norm,Experiment1 Glyc205 #8 norm,,0.965911838198706,0.0296978049619773
Norm,Experiment1 Glyx160 #1 norm,,0.995614306633532,0.0109359144361565
Norm,Experiment1 Glyx160 #2 norm,,0.987116003750121,0.012797368616841
Norm,Experiment1 Glyx160 #3 norm,,0.944808693665145,0.0166518358563729
Norm,Experiment1 Glyx160 #4 norm,,1.01581866166192,0.0147155275916587
Norm,Experiment1 Glyx160 #5 norm,,0.961086649882013,0.0344035983971463
Norm,Experiment1 Glyx160 #6 norm,,1.00168250803387,0.0204577332947662
Norm,Experiment1 Glyx160 #7 norm,,0.969943133777313,0.0393428650265378
Norm,Experiment1 Glyx160 #8 norm,,1.00496059514851,0.0418784484425503
Norm,Experiment1 GLY276 #1 norm,,1.01955435852775,0.0105639340033146
Norm,Experiment1 GLY276 #2 norm,,0.974360004594166,0.0203111091194111
Norm,Experiment1 GLY276 #3 norm,,0.929974242881579,0.0405951508393814
Norm,Experiment1 GLY276 #4 norm,,1.0041756240371,0.0576781000696896
Norm,Experiment1 GLY276 #5 norm,,1.02611366198719,0.154672264699609
Norm,Experiment1 GLY276 #6 norm,,0.906247809283152,0.0910506046523682
Norm,Experiment1 GLY276 #7 norm,,1.01735884616499,0.0618341989532976
Norm,Experiment1 GLY276 #8 norm,,1.0001194150076,0.0719616635806615
Norm,Experiment1 HPA262 #1 norm,,1.03197792220174,0.0110867712781975
Norm,Experiment1 HPA262 #2 norm,,0.974949763230047,0.028564179660129
Norm,Experiment1 HPA262 #3 norm,,0.993446980583029,0.0132170639876362
Norm,Experiment1 HPA262 #4 norm,,0.953627839977089,0.0359132358341991
Norm,Experiment1 HPA262 #5 norm,,0.962828390399996,0.0238288001163605
Norm,Experiment1 HPA262 #6 norm,,0.958021395521821,0.0327535551080054
Norm,Experiment1 HPA262 #7 norm,,0.961219789002559,0.0243455543109742
Norm,Experiment1 HPA262 #8 norm,,1.0313309780613,0.0239173251764509
Norm,Experiment1 GA307 #1 norm,,1.00994846268285,0.0122884285179025
Norm,Experiment1 GA307 #2 norm,,0.947757319490255,0.0286924111142743
Norm,Experiment1 GA307 #3 norm,,0.967630862865593,0.0294482908743712
Norm,Experiment1 GA307 #4 norm,,0.980157157898696,0.0201625705156101
Norm,Experiment1 GA307 #5 norm,,1.00454148257073,0.0522521702025169
Norm,Experiment1 GA307 #6 norm,,1.04382823269657,0.0434372475428419
Norm,Experiment1 GA307 #7 norm,,0.986078916685091,0.046107262609042
Norm,Experiment1 GA307 #8 norm,,0.977376678399044,0.0347950066829282
Norm,Experiment1 SER306 #1 norm,,1.02071245416993,0.0144461921770675
Norm,Experiment1 SER306 #2 norm,,1.02208278057472,0.016893379538838
Norm,Experiment1 SER306 #3 norm,,0.954376254851434,0.0393521140220118
Norm,Experiment1 SER306 #4 norm,,1.00574095306736,0.0425864003411883
Norm,Experiment1 SER306 #5 norm,,1.05471522070461,0.0971842929311863
Norm,Experiment1 SER306 #6 norm,,0.913514553787171,0.0661199853503563
Norm,Experiment1 SER306 #7 norm,,1.01906211610449,0.045520382819136
Norm,Experiment1 SER306 #8 norm,,0.990771885501436,0.0514270217703751
Norm,Experiment1 meTHF #1 norm,,1.01101295883033,0.00993725899118343
Norm,Experiment1 meTHF #2 norm,,1.01368294102281,0.0104034860840075
Norm,Experiment1 meTHF #3 norm,,0.982687293240072,0.0659273551808618
Norm,Experiment1 meTHF #4 norm,,1.02488440327499,0.0538775670115869
Norm,Experiment1 meTHF #5 norm,,0.946102017831273,0.0809985018814002
Norm,Experiment1 meTHF #6 norm,,1.00682179577294,0.121701052901415
Norm,Experiment1 meTHF #7 norm,,0.997346276148255,0.0528559779187665
Norm,Experiment1 meTHF #8 norm,,0.953148111727873,0.0838009243007732
Norm,Experiment1 FmTHF #1 norm,,1.00500757192251,0.0100741450639125
Norm,Experiment1 FmTHF #2 norm,,0.979107299161057,0.0234215969911535
Norm,Experiment1 FmTHF #3 norm,,1.00046402001217,0.031994436479607
Norm,Experiment1 FmTHF #4 norm,,1.00527668980573,0.0265911385051008
Norm,Experiment1 FmTHF #5 norm,,0.956496220822157,0.0598930499777493
Norm,Experiment1 FmTHF #6 norm,,1.0105102691266,0.0706366657790318
Norm,Experiment1 FmTHF #7 norm,,0.99428470305036,0.0538900908524171
Norm,Experiment1 FmTHF #8 norm,,1.06161118590098,0.0969113361000182
Norm,Experiment1 Met176 #1 norm,,0.976929126962666,0.0238298121161302
Norm,Experiment1 Met176 #2 norm,,0.857186715460479,0.0314619128696108
Norm,Experiment1 Met176 #3 norm,,0.963951683930921,0.0542896167307496
Norm,Experiment1 Met176 #4 norm,,1.02109871530408,0.0402233607453428
Norm,Experiment1 Met176 #5 norm,,1.02044136795676,0.0791851669818655
Norm,Experiment1 Met176 #6 norm,,0.955571748362715,0.137732046100116
Norm,Experiment1 Met176 #7 norm,,1.00092885714152,0.113157218127916
Norm,Experiment1 Met176 #8 norm,,1.00017236693875,0.13218316910884
Norm,Experiment1 SAM #1 norm,,0.998207162869168,0.0117327579584436
Norm,Experiment1 SAM #2 norm,,1.00742256483648,0.0121250143495528
Norm,Experiment1 SAM #3 norm,,0.991193740413088,0.0143255387786528
Norm,Experiment1 SAM #4 norm,,1.01120194391699,0.0214814519787662
Norm,Experiment1 SAM #5 norm,,0.973081352470228,0.0384762893351553
Norm,Experiment1 SAM #6 norm,,1.0219214940936,0.064573626518908
Norm,Experiment1 SAM #7 norm,,1.00000023224072,0.0960862231546765
Norm,Experiment1 SAM #8 norm,,1.0037345130601,0.0837614557138619
Norm,Experiment1 CIT465 #1 norm,,1.01938622631782,0.0122333421162342
Norm,Experiment1 CIT465 #2 norm,,0.944884171682215,0.0131340086414767
Norm,Experiment1 CIT465 #3 norm,,1.01048009456194,0.0121452324230779
Norm,Experiment1 CIT465 #4 norm,,0.961604036539079,0.0158382168773406
Norm,Experiment1 CIT465 #5 norm,,0.969129867916422,0.0130951818956634
Norm,Experiment1 CIT465 #6 norm,,0.984826533064936,0.0125128224591358
Norm,Experiment1 CIT465 #7 norm,,0.993089780423713,0.0131669131565155
Norm,Experiment1 CIT465 #8 norm,,1.02764244920121,0.0189250328301481
Norm,Experiment1 MAL335 #1 norm,,0.993764119538722,0.0122881849562773
Norm,Experiment1 MAL335 #2 norm,,0.977897931148481,0.0109744494726193
Norm,Experiment1 MAL335 #3 norm,,0.955871257098523,0.010063989367339
Norm,Experiment1 MAL335 #4 norm,,0.967879026365156,0.0144355003234313
Norm,Experiment1 MAL335 #5 norm,,0.97245183861431,0.0139529549080081
Norm,Experiment1 MAL335 #6 norm,,1.00477497592782,0.0143201607509464
Norm,Experiment1 MAL335 #7 norm,,0.948965810959413,0.0207308556101705
Norm,Experiment1 MAL335 #8 norm,,1.01425706741454,0.0348515151001188
Norm,Experiment1 ASP334 #1 norm,,1.00387000516414,0.022870625464103
Norm,Experiment1 ASP334 #2 norm,,0.904909962052946,0.0265076370861305
Norm,Experiment1 ASP334 #3 norm,,0.968167310112254,0.0206827125127181
Norm,Experiment1 ASP334 #4 norm,,1.01393413920166,0.0193634001035964
Norm,Experiment1 ASP334 #5 norm,,1.02072415721429,0.0308775915394289
Norm,Experiment1 ASP334 #6 norm,,0.938538479832632,0.0291908119756458
Norm,Experiment1 ASP334 #7 norm,,1.01157140407447,0.0315457822282703
Norm,Experiment1 ASP334 #8 norm,,0.948034550441795,0.100906402638185
Norm,Experiment1 GLU348 #1 norm,,0.925255090894399,0.019560594974802
Norm,Experiment1 GLU348 #2 norm,,0.953015385626426,0.0193024496537253
Norm,Experiment1 GLU348 #3 norm,,0.981813278916873,0.0109454592841379
Norm,Experiment1 GLU348 #4 norm,,1.0261880333397,0.0378461660570183
Norm,Experiment1 GLU348 #5 norm,,0.958451274628101,0.0227140220931445
Norm,Experiment1 GLU348 #6 norm,,1.02921027930358,0.0132176615404846
Norm,Experiment1 GLU348 #7 norm,,1.01250621166042,0.0158122096243124
Norm,Experiment1 GLU348 #8 norm,,0.98730017645268,0.0211731570337349
Norm,Experiment1 THR320 #1 norm,,1.04294264199482,0.0108804444833639
Norm,Experiment1 THR320 #2 norm,,0.990578158169785,0.0143393847108658
Norm,Experiment1 THR320 #3 norm,,1.02405539070644,0.0108172711569309
Norm,Experiment1 THR320 #4 norm,,0.954738860441585,0.0281870657744869
Norm,Experiment1 THR320 #5 norm,,1.01833565339301,0.0216569862179152
Norm,Experiment1 THR320 #6 norm,,0.976935522030081,0.0111886658417727
Norm,Experiment1 THR320 #7 norm,,0.971798767801502,0.0143407964594725
Norm,Experiment1 THR320 #8 norm,,0.826092350272589,0.021984188533748
Norm,Experiment1 ALA116 #1 norm,,1.01849002377516,0.0102635068974637
Norm,Experiment1 ALA116 #2 norm,,0.999414474860278,0.010086449879794
Norm,Experiment1 ALA116 #3 norm,,0.996704937241171,0.0173426985456252
Norm,Experiment1 ALA116 #4 norm,,1.04484057966127,0.0250490707810859
Norm,Experiment1 ALA116 #5 norm,,1.0186832041328,0.111890753412023
Norm,Experiment1 ALA116 #6 norm,,0.977523704315303,0.0804088485278404
Norm,Experiment1 ALA116 #7 norm,,1.02438457970757,0.071535752773431
Norm,Experiment1 ALA116 #8 norm,,0.958655699288598,0.107809476031506
Norm,Experiment1 PYR #1 norm,,0.977913502458754,0.0167944024260835
Norm,Experiment1 PYR #2 norm,,0.955249229545806,0.0482266061678395
Norm,Experiment1 PYR #3 norm,,1.01971131755891,0.111132395751595
Norm,Experiment1 PYR #4 norm,,1.03563317935772,0.0455962116663016
Norm,Experiment1 PYR #5 norm,,1.04083841267295,0.0495472391681451
Norm,Experiment1 PYR #6 norm,,1.03574394194906,0.0507255631879408
Norm,Experiment1 PYR #7 norm,,0.967958211722036,0.120046889325502
Norm,Experiment1 PYR #8 norm,,0.988692122780714,0.0542704413596158
