type,id,eqn,val,std
Net flux,CO2.t,CO2.t -> CO2,48.3239816955243,1.10423855598879
Net flux,CO2_sink,dummy -> Sink,48.3239816955243,1.10423855598879
Net flux,RUBICSO_CO2,RUBP.p + CO2 -> 3PGA.p + 3PGA.p + dummy,59.1849106528519,1.20995449270398
Net flux,GAPDH.p net,3PGA.p <-> TP.p,138.780598734018,2.6805612734456
Exch flux,GAPDH.p exch,3PGA.p <-> TP.p,1.0000000116861e-07,0.733807562861404
Net flux,ALD,TP.p + E4P.p -> SBP,25.4105874125382,0.482803359915343
Net flux,SBP,SBP -> S7P.p,25.4105874125382,0.482803359915343
Net flux,FBA.p net,TP.p + TP.p <-> FBP.p,29.9720671490468,0.648246157840806
Exch flux,FBA.p exch,TP.p + TP.p <-> FBP.p,20746.0496004597,7.02937141198182
Net flux,PFK.p net,FBP.p <-> F6P.p,29.9720671490499,0.648246157840806
Exch flux,PFK.p exch,FBP.p <-> F6P.p,9.9989833302061e-08,4.83056599219761e-15
Net flux,TK1 net,TP.p + EC2 <-> X5P.p,50.8211748250763,0.965606719830687
Exch flux,TK1 exch,TP.p + EC2 <-> X5P.p,1.0000000116861e-07,0
Net flux,TK2 net,S7P.p <-> R5P.p + EC2,25.4105874125381,0.482803359915343
Exch flux,TK2 exch,S7P.p <-> R5P.p + EC2,38.4361230305871,11.0687521014282
Net flux,TK3 net,F6P.p <-> E4P.p + EC2,25.410587412538,0.482803359915343
Exch flux,TK3 exch,F6P.p <-> E4P.p + EC2,7154.31516822878,19.8354694943667
Net flux,PPE net,X5P.p <-> RU5P.p,50.8211748250763,0.965606719830687
Exch flux,PPE exch,X5P.p <-> RU5P.p,83.6733333718844,19.9833046615716
Net flux,PPI net,R5P.p <-> RU5P.p,25.4105874125382,0.482803359915343
Exch flux,PPI exch,R5P.p <-> RU5P.p,241.418188352166,21.6021258699353
Net flux,PRK,RU5P.p -> RUBP.p,76.2317622376146,1.44841007974603
Net flux,RUBISCO_O2,RUBP.p -> 3PGA.p + 2PG.p,17.0468515847627,0.5876712850268
Net flux,GLYdil net,GLY.p <-> GLY.x + dummyGLY,0.00663547885020677,0.00132547830614043
Exch flux,GLYdil exch,GLY.p <-> GLY.x + dummyGLY,1.0000000116861e-07,0
Net flux,SERdil net,SER.p <-> SER.x + dummySER,2.59584323228123,0.931606716916495
Exch flux,SERdil exch,SER.p <-> SER.x + dummySER,1.20515986411716,0.883608347791528
Net flux,GK,GA.p -> 3PGA.p,3.64161314491337,0.924658060289788
Net flux,PGI.p net,F6P.p <-> G6P.p,4.56147973651127,0.363950571856179
Exch flux,PGI.p exch,F6P.p <-> G6P.p,2.74442406248514,23.0387735339036
Net flux,PGM.p,G6P.p -> ADPG.p,4.56147973651127,0.363950571856179
Net flux,Starch,ADPG.p -> Starch,4.56147973651125,0.363950571856179
Net flux,FBA.c net,TP.c + TP.c <-> FBP.c,1.30235109915157,0.260152758810682
Exch flux,FBA.c exch,TP.c + TP.c <-> FBP.c,31.0450112834856,9.65660820474375
Net flux,PFK.c net,FBP.c <-> F6P.c,1.30235109915158,0.260152758810682
Exch flux,PFK.c exch,FBP.c <-> F6P.c,17.1637050351141,10.3242658478768
Net flux,PGI.c net,F6P.c <-> G6P.c,0.651175549575811,0.130076379405341
Exch flux,PGI.c exch,F6P.c <-> G6P.c,236.879049609467,16.289409292149
Net flux,PGM.c net,G6P.c <-> UDPG.c,0.651175549573964,0.130076379405341
Exch flux,PGM.c exch,G6P.c <-> UDPG.c,48483.8268017742,16.2888899321799
Net flux,SPS,F6P.c + UDPG.c -> S6P,0.651175549575758,0.130076379405341
Net flux,PGAM.c net,3PGA.c <-> PEP.c,0.277687301361124,0.0554697712336134
Exch flux,PGAM.c exch,3PGA.c <-> PEP.c,2.91646916288339,16.2889843795797
Net flux,PK.c,PEP.c -> PYR.c,0.126048051131341,0.0251788847614923
Net flux,PDH,PYR.c + dummy -> ACA + CO2,0.104904381036663,0.0209553047222009
Net flux,CS,OAA + ACA -> CIT,0.104904381036659,0.0209553047222009
Net flux,ACO net,CIT <-> ICI,0.104904381036704,0.0209553047222009
Exch flux,ACO exch,CIT <-> ICI,1193.71553039366,16.2888899321799
Net flux,IDH,ICI + dummy -> AKG + CO2,0.104904381036676,0.0209553047222009
Net flux,MDH net,MAL <-> OAA,2.1316282072803e-14,0
Exch flux,MDH exch,MAL <-> OAA,3.11992760444468e-05,0.385288613226046
Net flux,PPC,PEP.c + CO2 -> OAA + dummy,0.151639250229755,0.0302908864721221
Net flux,T_3PGA net,3PGA.p <-> 3PGA.c,0.277687301361105,0.0554697712336134
Exch flux,T_3PGA exch,3PGA.p <-> 3PGA.c,1.0000000116861e-07,0
Net flux,T_DHAP net,TP.p <-> TP.c,2.60470219830319,0.520305517621363
Exch flux,T_DHAP exch,TP.p <-> TP.c,13.4444998297799,14.628043056844
Net flux,ALT,PYR.c -> ALA.c,0.021143670094703,0.00422358003929139
Net flux,ASPT,OAA -> ASP,0.0467348691930762,0.00933558174992128
Net flux,GLUDH,AKG -> GLU,0.104904381036653,0.0209553047222009
Net flux,PCR net,GLU <-> PRO,-2.48689957516035e-14,0
Exch flux,PCR exch,GLU <-> PRO,1.0000000116861e-07,0
Net flux,GS net,GLU <-> GLN,0,0
Exch flux,GS exch,GLU <-> GLN,1.00045731699083e-07,0
Net flux,TS net,ASP <-> THR,0,0
Exch flux,TS exch,ASP <-> THR,0.0497365761579189,0.0194482641164911
Net flux,AS net,ASP <-> ASN,1.06581410364015e-14,0
Exch flux,AS exch,ASP <-> ASN,1.0000000116861e-07,0
Net flux,G_3PGA.p,0*3PGA.p -> 3PGA,2.46866294872916e-06,27.3688574773871
Net flux,G_3PGA.c,0*3PGA.c -> 3PGA,92.9119081393015,20.1968151230927
Net flux,G_DHAP.p,0*TP.p -> TP,40.685379842242,28.5859220089345
Net flux,G_DHAP.c,0*TP.c -> TP,51.8471856996947,21.6240264581643
Net flux,G_F6P.p,0*F6P.p -> F6P,48.6686345030749,28.9057475497092
Net flux,G_F6P.c,0*F6P.c -> F6P,36.546576817712,22.5598902912119
Net flux,G_FBP.p,0*FBP.p -> FBP,2.46866126474288e-06,29.4158095701829
Net flux,G_FBP.c,0*FBP.c -> FBP,83.4512310479896,22.2556992346852
Net flux,G_G6P.p,0*G6P.p -> G6P,19.0549768397257,25.2663660862256
Net flux,G_G6P.c,0*G6P.c -> G6P,58.8549499993083,16.8572590761679
Net flux,G_RU5P.p,0*RU5P.p -> P5P,2.46865368325189e-06,26.2401389052152
Net flux,G_X5P.p,0*X5P.p -> P5P,92.8477691501725,17.9610135022286
Net flux,G_R5P.p,0*R5P.p -> R5P,82.2810779884949,19.7540323152673
Net flux,G_GA.p,0*GA.p -> GA,43.8759394673908,1.91985769557775
Net flux,G_SER.p,0*SER.p -> SER,96.1678670968992,27.3704793844965
Net flux,G_GLY.p,0*GLY.p -> GLY,16.7257840983838,18.8604835338594
Net flux,G_RUBP.p,0*RUBP.p -> RUBP,92.5302752673063,19.5221590223898
Net flux,G_S7P.p,0*S7P.p -> S7P,98.4567310636212,18.8359073690502
Net flux,G_2PG.p,0*2PG.p -> 2PG,87.0427532706349,17.4972912823596
Net flux,G_ADPG.p,0*ADPG.p -> ADPG,95.0805622183377,18.8816185542162
Net flux,G_PEP.c,0*PEP.c -> PEP,89.2305410445615,18.8769429377349
Net flux,G_UDPG.c,0*UDPG.c -> UDPG,72.4268033045549,19.0920660215683
Net flux,G_ALA.c,0*ALA.c -> ALA,78.0582519915966,6.22116170614335
Net flux,(1-G)_GA,0*GA.x -> GA,56.1240605326113,1.91985769557775
Net flux,(1-G)_SER,0*SER.x -> SER,3.83202508866139,3.31439070952406
Net flux,(1-G)_GLY,0*GLY.x -> GLY,26.7048179752018,3.11712544980852
Net flux,(1-G)_R5P,0*R5P.x -> R5P,17.718922011502,19.7540323152673
Net flux,(1-G)_RUBP,0*RUBP.x -> RUBP,7.46972473269241,19.5221590223898
Net flux,(1-G)_3PGA,0*3PGA.x -> 3PGA,7.08808939203585,18.5342095541725
Net flux,(1-G)_TP,0*TP.x -> TP,7.46743445806383,18.6811902076192
Net flux,(1-G)_F6P,0*F6P.x -> F6P,14.7847886792169,18.0783261164574
Net flux,(1-G)_FBP,0*FBP.x -> FBP,16.5487664833439,19.2081788190673
Net flux,(1-G)_G6P,0*G6P.x -> G6P,22.0900731609643,18.8056103192647
Net flux,(1-G)_RU5P,0*RU5P.x -> P5P,7.15222838117519,19.2356951616771
Net flux,(1-G)_S7P,0*S7P.x -> S7P,1.54326893637677,18.8359073690502
Net flux,(1-G)_2PG,0*2PG.x -> 2PG,12.9572467293675,17.4972912823596
Net flux,(1-G)_ADPG,0*ADPG.x -> ADPG,4.91943778166132,18.8816185542162
Net flux,(1-G)_PEP,0*PEP.x -> PEP,10.7694589554367,18.8769429377349
Net flux,(1-G)_UDPG,0*UDPG.x -> UDPG,27.5731966954463,19.0920660215683
Net flux,(1-G)_ALA,0*ALA.x -> ALA,21.9417480084032,6.22116170614335
Net flux,PGASink,3PGA -> Sink,100,0
Net flux,DHAPSink,TP -> Sink,100.000000000001,0
Net flux,F6PSink,F6P -> Sink,100.000000000004,0
Net flux,FBPSink,FBP -> Sink,99.9999999999947,0
Net flux,G6PSink,G6P -> Sink,99.9999999999983,0
Net flux,P5PSink,P5P -> Sink,100.000000000001,0
Net flux,R5PSink,R5P -> Sink,99.9999999999968,0
Net flux,GASink,GA -> Sink,100.000000000002,0
Net flux,SERSink,SER -> Sink,99.9999999999996,0
Net flux,GLYSink,GLY -> Sink,100.000000000001,0
Net flux,RUBPSink,RUBP -> Sink,99.9999999999987,0
Net flux,S7PSink,S7P -> Sink,99.9999999999979,0
Net flux,2PGSink,2PG -> Sink,100.000000000002,0
Net flux,ADPGSink,ADPG -> Sink,99.999999999999,0
Net flux,PEPSink,PEP -> Sink,99.9999999999983,0
Net flux,UDPGSink,UDPG -> Sink,100.000000000001,0
Net flux,ALASink,ALA -> Sink,99.9999999999998,0
Net flux,S6Pout-LL,S6P + 0.1611*GLU + 0.07177*ASP + 0.03247*ALA.c + 0.01019*dummyGLY + 0.03484*dummySER -> Sink,0.651175549575793,0.130076379405341
Net flux,PGP.p,2PG.p -> Glyc.p,17.0468515847627,0.5876712850268
Net flux,GOX,Glyc.p -> Glyx.p,17.0468515847627,0.5876712850268
Net flux,GGT,Glyx.p -> GLY.p,17.0468515847627,0.5876712850268
Net flux,SGAT,SER.p -> HPA.p,3.64161314491336,0.924658060289788
Net flux,HPR.p,HPA.p -> GA.p,3.64161314491335,0.924658060289788
Net flux,T_GLY-m net,GLY.p <-> GLY.m,17.0403733393759,18.7821057302292
Exch flux,T_GLY-m exch,GLY.p <-> GLY.m,116079.635003442,18.7191133565537
Net flux,GDC.m,GLY.m + dummy -> myTHF.m + CO2,10.8027594454841,0.605889676274694
Net flux,T_SER-m net,SER.p <-> SER.m,-10.8027594454843,0.605889676274694
Exch flux,T_SER-m exch,SER.p <-> SER.m,5212.20684603738,18.7099314029696
Net flux,mSHMT,GLY.m + myTHF.m -> SER.m,10.8027594454841,0.605889676274694
Net flux,T_SER-c net,SER.p <-> SER.c,4.56530306828947,1.09837859444685
Exch flux,T_SER-c exch,SER.p <-> SER.c,1.00000000280431e-07,0
Net flux,T_Gly-c net,GLY.p <-> GLY.c,-0.00015723347403851,18.7729096353869
Exch flux,T_Gly-c exch,GLY.p <-> GLY.c,9.99999998363421e-08,0
Net flux,cSHMT,SER.c -> GLY.c + meTHF.c,4.56530288505564,1.09837859444685
Net flux,FmTHF-reductase net,meTHF.c <-> FmTHF.c,4.56530288505564,1.09837859444685
Exch flux,FmTHF-reductase exch,meTHF.c <-> FmTHF.c,4.8183437342756,19.3262363637583
Net flux,Met-synthase,FmTHF.c + Hcy.c -> Met.c,4.56530288505562,1.09837859444685
Net flux,SAM-synthase,Met.c -> SAM.c,4.56530288505563,1.09837859444685
Net flux,Methylation,SAM.c -> SAH.c + Acceptor.c,4.56530288505563,1.09837859444685
Net flux,hydrolysis,SAH.c -> Hcy.c,4.56530288505562,1.09837859444685
Net flux,G_SER.m,0*SER.m -> SER,0.000107126835182214,20.0179264990726
Net flux,G_SER.c,0*SER.c -> SER,6.87603790794356e-07,18.7295610600437
Net flux,G_Gly.m,0*GLY.m -> GLY,0.00018221208560476,18.4692971928253
Net flux,G_Gly.c,0*GLY.c -> GLY,56.56921571433,5.60518420519909
Net flux,T_GLY-c-m,GLY.c -> GLY.m,4.56514555158165,18.8050145364536
Net flux,G_Glyc,0*Glyc.p -> Glyc,22.1058576648395,1.10106421525954
Net flux,G_Glyx,0*Glyx.p -> Glyx,12.6273314913136,1.81128376506568
Net flux,G_HPA,0*HPA.p -> HPA,5.48637353039723,1.3883190597948
Net flux,(1-G)_Glyc,0*Glyc.x -> Glyc,77.8941423351611,1.10106421525954
Net flux,(1-G)_Glyx,0*Glyx.x -> Glyx,87.3726685086873,1.81128376506568
Net flux,(1-G)_HPA,0*HPA.x -> HPA,94.5136264696027,1.3883190597948
Net flux,GlycSink,Glyc -> Sink,100.000000000001,0
Net flux,GlyxSink,Glyx -> Sink,100.000000000001,0
Net flux,HPASink,HPA -> Sink,99.9999999999998,0
Net flux,SERex,dummySER -> outSER,2.57315418846492,0.934416099213579
Net flux,G_PYR,0*PYR.c -> PYR,29.2117569855332,1.76152557809072
Net flux,(1-G)_PYR,0*PYR.x -> PYR,70.788243014467,1.76152557809072
Net flux,PYRSink,PYR -> Sink,100,0
Net flux,G_meTHF,0*meTHF.c -> meTHF,93.4604293142047,4.24670896602174
Net flux,G_FmTHF,0*FmTHF.c -> FmTHF,75.4007420784529,3.25305372521555
Net flux,G_Met,0*Met.c -> Met,69.5165971378629,4.76980783251286
Net flux,G_SAM,0*SAM.c -> SAM,70.9997894585598,4.5694316077916
Net flux,(1-G)_meTHF,0*meTHF.x -> meTHF,6.53957068579525,4.24670896602174
Net flux,(1-G)_FmTHF,0*FmTHF.x -> FmTHF,24.5992579215472,3.25305372521555
Net flux,(1-G)_Met,0*Met.x -> Met,30.4834028621372,4.76980783251286
Net flux,(1-G)_SAM,0*SAM.x -> SAM,29.0002105414402,4.5694316077916
Net flux,meTHFSink,meTHF -> Sink,99.9999999999999,0
Net flux,FmTHFSink,FmTHF -> Sink,100,0
Net flux,MetSink,Met -> Sink,100,0
Net flux,SAMsink,SAM -> Sink,100,0
Net flux,Met-protein,Met.c -> Protein,6.51983996113883e-15,0
Net flux,GLY-protein,GLY.c -> Protein,9.99999834050413e-08,4.51264651408724e-15
Net flux,SER-protein,SER.c -> Protein,1.83233828110474e-07,2.14829244578385e-15
Pool,2PG pool,,0,0
Pool,2PG.p pool,,2.56472245870142e-06,19.2910184927111
Pool,2PG.x pool,,1,Inf
Pool,3PGA pool,,0,0
Pool,3PGA.c pool,,0.0114723044168673,0.00311530864373456
Pool,3PGA.p pool,,3.29857841193329e-06,20.6461948998653
Pool,3PGA.x pool,,1,Inf
Pool,ACA pool,,2.68433613503988e-06,19.3887720250297
Pool,ADPG pool,,0,0
Pool,ADPG.p pool,,9.9999999999999e-08,Inf
Pool,ADPG.x pool,,1,Inf
Pool,AKG pool,,2.11566229401174e-06,20.4601012524245
Pool,ALA pool,,0,0
Pool,ALA.c pool,,0.00670726599251707,0.0018652227759554
Pool,ALA.x pool,,1,Inf
Pool,ASN pool,,7566.06819373813,19.4438225551224
Pool,ASP pool,,1.23449492737197e-07,20.5896814744404
Pool,Acceptor.c pool,,1,Inf
Pool,CIT pool,,7.05003610434437,16.2822374676421
Pool,CO2 pool,,0.334918140964668,0.146326127629803
Pool,CO2.t pool,,1,Inf
Pool,E4P.p pool,,0,0
Pool,EC2 pool,,0,0
Pool,F6P pool,,0,0
Pool,F6P.c pool,,3.82969067107829e-06,19.6776776756348
Pool,F6P.p pool,,3.14663214061246e-06,20.608435859617
Pool,F6P.x pool,,1,Inf
Pool,FBP pool,,0,0
Pool,FBP.c pool,,3.80016924716302e-06,19.4075333880923
Pool,FBP.p pool,,2.63422755175937e-06,19.4729064838609
Pool,FBP.x pool,,1,Inf
Pool,FmTHF pool,,0.000465410578407051,19.5733575090858
Pool,FmTHF.c pool,,1.05516795791227e-06,18.6412798453746
Pool,FmTHF.x pool,,1,Inf
Pool,G6P pool,,0,0
Pool,G6P.c pool,,9.8753246349577e-06,19.894745768562
Pool,G6P.p pool,,3.5974791622721e-06,19.1582870606991
Pool,G6P.x pool,,1,Inf
Pool,GA pool,,0,0
Pool,GA.p pool,,1.49679326702267e-06,18.90864244385
Pool,GA.x pool,,1,Inf
Pool,GLN pool,,8.83867754984298,20.6669113709452
Pool,GLU pool,,2.1156637544903e-06,20.9580577070954
Pool,GLY pool,,0,0
Pool,GLY.c pool,,1.00018396563056e-07,18.6937838132812
Pool,GLY.m pool,,0.0697275921918581,0.0911201657900499
Pool,GLY.p pool,,0.000420371099200611,20.0522971894243
Pool,GLY.x pool,,1,Inf
Pool,Glyc pool,,3.71350720857921,1.02201276911039
Pool,Glyc.p pool,,4.88920254235269e-06,18.4465248808263
Pool,Glyc.x pool,,1,Inf
Pool,Glyx pool,,13.0914249358517,5.22118456830605
Pool,Glyx.p pool,,4.07748287264927e-06,19.2692877206253
Pool,Glyx.x pool,,1,Inf
Pool,HPA pool,,0.000127004815048761,19.9243683615246
Pool,HPA.p pool,,1.24641649318311e-06,18.813224572645
Pool,HPA.x pool,,1,Inf
Pool,Hcy.c pool,,1,Inf
Pool,ICI pool,,0.00356994027611073,18.8860550563184
Pool,MAL pool,,0.000111341624384796,1.37484943611773
Pool,Met pool,,4.27122695898118e-05,18.4033666746352
Pool,Met.c pool,,9.90334859877694e-07,20.452290808618
Pool,Met.x pool,,1,Inf
Pool,OAA pool,,0.069259010495316,0.0227132215640503
Pool,P5P pool,,0,0
Pool,PEP pool,,0,0
Pool,PEP.c pool,,1.00000000000002e-07,0
Pool,PEP.x pool,,1,Inf
Pool,PRO pool,,5.39499638367053,20.3194851263728
Pool,PYR pool,,9.99999999473644e-08,0
Pool,PYR.c pool,,1.00000000000002e-07,0
Pool,PYR.x pool,,1,Inf
Pool,Protein pool,,1,Inf
Pool,R5P pool,,0,0
Pool,R5P.p pool,,1.00000000000002e-07,0
Pool,R5P.x pool,,1,Inf
Pool,RU5P.p pool,,2.73191402771813e-06,19.3093984892924
Pool,RU5P.x pool,,1,Inf
Pool,RUBP pool,,0,0
Pool,RUBP.p pool,,2.71772902912774e-06,20.0535414695316
Pool,RUBP.x pool,,1,Inf
Pool,S6P pool,,1,Inf
Pool,S7P pool,,0,0
Pool,S7P.p pool,,2.4379592295086e-06,20.4256507603205
Pool,S7P.x pool,,1,Inf
Pool,SAH.c pool,,1,Inf
Pool,SAM pool,,5.76605556533132,1.539754708312
Pool,SAM.c pool,,2.94838197678229e-06,19.1312687817184
Pool,SAM.x pool,,1,Inf
Pool,SBP pool,,0,0
Pool,SER pool,,0,0
Pool,SER.c pool,,1.00000000002876e-07,0
Pool,SER.m pool,,1.34388533060984,0.0916943541597299
Pool,SER.p pool,,0.000253653743095388,20.155024220679
Pool,SER.x pool,,1,Inf
Pool,Sink pool,,1,Inf
Pool,Starch pool,,1,Inf
Pool,THR pool,,0.141028369939467,0.0547876510408634
Pool,TP pool,,0,0
Pool,TP.c pool,,4.14413563290023e-06,20.0273966989903
Pool,TP.p pool,,3.39514571641119e-06,18.3994548823288
Pool,TP.x pool,,1,Inf
Pool,UDPG pool,,0,0
Pool,UDPG.c pool,,0.173134109482052,0.0721408207099858
Pool,UDPG.x pool,,1,Inf
Pool,X5P.p pool,,2.80751362849947e-06,20.6804699003796
Pool,dummy pool,,1,Inf
Pool,dummyGLY pool,,1,Inf
Pool,dummySER pool,,1,Inf
Pool,meTHF pool,,0.915314772876277,0.947041186580353
Pool,meTHF.c pool,,1.12572135458028e-06,18.664476103453
Pool,meTHF.x pool,,1,Inf
Pool,myTHF.m pool,,1.00000000002876e-07,0
Pool,outSER pool,,1,Inf
Norm,Experiment1 Glyc205 #1 norm,,0.982887754709304,0.0127648607889749
Norm,Experiment1 Glyc205 #2 norm,,1.03720115994313,0.0244065720104533
Norm,Experiment1 Glyc205 #3 norm,,0.986092893979763,0.0217501889884582
Norm,Experiment1 Glyc205 #4 norm,,0.984595041718825,0.0323498204863022
Norm,Experiment1 Glyc205 #5 norm,,1.01423563731432,0.0320173604370299
Norm,Experiment1 Glyc205 #6 norm,,1.01168918864327,0.0279129947450031
Norm,Experiment1 Glyc205 #7 norm,,0.971238113838267,0.0337710538516286
Norm,Experiment1 Glyc205 #8 norm,,1.00230207305824,0.0301193831098753
Norm,Experiment1 Glyx160 #1 norm,,1.0203687634246,0.0112345785820924
Norm,Experiment1 Glyx160 #2 norm,,1.00435724264851,0.0132603922194079
Norm,Experiment1 Glyx160 #3 norm,,0.961823923254752,0.0174049733346968
Norm,Experiment1 Glyx160 #4 norm,,1.00722268982485,0.0155796217089914
Norm,Experiment1 Glyx160 #5 norm,,0.952672031341637,0.0338636177847069
Norm,Experiment1 Glyx160 #6 norm,,1.02093379352456,0.0206476042730879
Norm,Experiment1 Glyx160 #7 norm,,1.01266604397475,0.0415697109152634
Norm,Experiment1 Glyx160 #8 norm,,0.983784829694882,0.0357679147337555
Norm,Experiment1 GLY276 #1 norm,,1.00390309242717,0.0102134765654101
Norm,Experiment1 GLY276 #2 norm,,1.00193474149191,0.0265139732922079
Norm,Experiment1 GLY276 #3 norm,,0.985928152273976,0.0419746351902642
Norm,Experiment1 GLY276 #4 norm,,1.00372121451525,0.0613157888332219
Norm,Experiment1 GLY276 #5 norm,,1.04033670572431,0.148887781363238
Norm,Experiment1 GLY276 #6 norm,,1.05133023468138,0.104990505820815
Norm,Experiment1 GLY276 #7 norm,,1.00143009687183,0.0552489666209564
Norm,Experiment1 GLY276 #8 norm,,1.00574225185519,0.069501109613673
Norm,Experiment1 HPA262 #1 norm,,0.992629730826916,0.0109261910415476
Norm,Experiment1 HPA262 #2 norm,,0.968537927432062,0.0260380319150946
Norm,Experiment1 HPA262 #3 norm,,0.95220553308201,0.0126516382425402
Norm,Experiment1 HPA262 #4 norm,,0.958008623908242,0.0355104375846041
Norm,Experiment1 HPA262 #5 norm,,0.90166184769104,0.0230676086224433
Norm,Experiment1 HPA262 #6 norm,,0.971145328411264,0.0353800391458234
Norm,Experiment1 HPA262 #7 norm,,0.969001699198653,0.0248681171603375
Norm,Experiment1 HPA262 #8 norm,,1.04419157482234,0.0249927483459783
Norm,Experiment1 GA307 #1 norm,,1.02363770614626,0.0126718617217249
Norm,Experiment1 GA307 #2 norm,,0.957953554885876,0.0300229402780386
Norm,Experiment1 GA307 #3 norm,,0.928113406481289,0.0283012297813787
Norm,Experiment1 GA307 #4 norm,,0.998902159029257,0.0195728434154787
Norm,Experiment1 GA307 #5 norm,,1.01767844057582,0.0611683680701437
Norm,Experiment1 GA307 #6 norm,,1.05205547423658,0.0450651393703327
Norm,Experiment1 GA307 #7 norm,,1.00088615626991,0.0419766340129845
Norm,Experiment1 GA307 #8 norm,,0.991024701189836,0.0351315212142633
Norm,Experiment1 SER306 #1 norm,,1.01591628544995,0.0147511778378492
Norm,Experiment1 SER306 #2 norm,,1.00404888397192,0.0219584322416235
Norm,Experiment1 SER306 #3 norm,,0.962259004974594,0.0467234437648738
Norm,Experiment1 SER306 #4 norm,,1.01978629183545,0.0502424621907083
Norm,Experiment1 SER306 #5 norm,,1.02096881258638,0.100750553557027
Norm,Experiment1 SER306 #6 norm,,0.955635218420235,0.0661665129239042
Norm,Experiment1 SER306 #7 norm,,1.00830726042126,0.0447631178321192
Norm,Experiment1 SER306 #8 norm,,0.982810108749493,0.0506347073844539
Norm,Experiment1 meTHF #1 norm,,0.990126040932648,0.00983131760607747
Norm,Experiment1 meTHF #2 norm,,1.0168213736215,0.0101672261721339
Norm,Experiment1 meTHF #3 norm,,0.939518002697342,0.0576415188737341
Norm,Experiment1 meTHF #4 norm,,0.9909087292323,0.0513836188225123
Norm,Experiment1 meTHF #5 norm,,0.957538830924371,0.0867503941693262
Norm,Experiment1 meTHF #6 norm,,0.981797296410395,0.133643314707275
Norm,Experiment1 meTHF #7 norm,,0.991481016311536,0.0558047218678879
Norm,Experiment1 meTHF #8 norm,,1.02312705968672,0.0961446730419113
Norm,Experiment1 FmTHF #1 norm,,1.03225334229534,0.0104643680439608
Norm,Experiment1 FmTHF #2 norm,,1.01555735804136,0.024501168863444
Norm,Experiment1 FmTHF #3 norm,,0.994260121705598,0.0331818596892783
Norm,Experiment1 FmTHF #4 norm,,1.0169813870685,0.0253475523613367
Norm,Experiment1 FmTHF #5 norm,,0.938870066670747,0.0649768913625043
Norm,Experiment1 FmTHF #6 norm,,1.00291826957777,0.0612898596527083
Norm,Experiment1 FmTHF #7 norm,,0.995159419695693,0.0521789288867821
Norm,Experiment1 FmTHF #8 norm,,1.02027678839699,0.0870361091077647
Norm,Experiment1 Met176 #1 norm,,0.958938088594512,0.0238153933328407
Norm,Experiment1 Met176 #2 norm,,0.88381988507257,0.0323392297983895
Norm,Experiment1 Met176 #3 norm,,0.942335701405275,0.0539322957901117
Norm,Experiment1 Met176 #4 norm,,0.993067371784608,0.0398222075884049
Norm,Experiment1 Met176 #5 norm,,0.970470928567924,0.0724156924506202
Norm,Experiment1 Met176 #6 norm,,0.988963399276205,0.153743787460987
Norm,Experiment1 Met176 #7 norm,,0.980655128976533,0.124536859493364
Norm,Experiment1 Met176 #8 norm,,1.00243578624084,0.129693013132435
Norm,Experiment1 SAM #1 norm,,0.988540001843994,0.0115023139476569
Norm,Experiment1 SAM #2 norm,,0.991192763372661,0.0121535821898525
Norm,Experiment1 SAM #3 norm,,1.01388439370057,0.0143577879643168
Norm,Experiment1 SAM #4 norm,,1.01792249121712,0.0221669392040716
Norm,Experiment1 SAM #5 norm,,0.967885548722411,0.0365154667180977
Norm,Experiment1 SAM #6 norm,,1.02990374884906,0.0685517337684312
Norm,Experiment1 SAM #7 norm,,1.02635790886654,0.113176170710959
Norm,Experiment1 SAM #8 norm,,0.977254089849448,0.0832720598469934
Norm,Experiment1 CIT465 #1 norm,,0.999806648157754,0.01188124697817
Norm,Experiment1 CIT465 #2 norm,,1.0134755743237,0.013519291748252
Norm,Experiment1 CIT465 #3 norm,,0.949984191466356,0.0109750361454095
Norm,Experiment1 CIT465 #4 norm,,0.952108638001596,0.0155877778507093
Norm,Experiment1 CIT465 #5 norm,,1.03683172819639,0.01428655465612
Norm,Experiment1 CIT465 #6 norm,,1.05826437849424,0.013258590989891
Norm,Experiment1 CIT465 #7 norm,,0.966525274836453,0.0115121140673103
Norm,Experiment1 CIT465 #8 norm,,1.0018539519517,0.0347096489594362
Norm,Experiment1 MAL335 #1 norm,,1.0098142679686,0.0127345439368365
Norm,Experiment1 MAL335 #2 norm,,0.945115062487395,0.010738105243473
Norm,Experiment1 MAL335 #3 norm,,0.964058090820259,0.0100557175579692
Norm,Experiment1 MAL335 #4 norm,,0.951057052690974,0.0138590627791173
Norm,Experiment1 MAL335 #5 norm,,0.972143746365276,0.0140092663875868
Norm,Experiment1 MAL335 #6 norm,,0.958830825084218,0.0172143032336703
Norm,Experiment1 MAL335 #7 norm,,0.958178264190266,0.0293314711162238
Norm,Experiment1 MAL335 #8 norm,,1.0035065479626,0.0399808965678772
Norm,Experiment1 ASP334 #1 norm,,1.04521719019569,0.0249213190923488
Norm,Experiment1 ASP334 #2 norm,,0.927315753731003,0.0291168291834168
Norm,Experiment1 ASP334 #3 norm,,0.963669124130455,0.0191577284475359
Norm,Experiment1 ASP334 #4 norm,,0.983986891906091,0.0165627175171668
Norm,Experiment1 ASP334 #5 norm,,0.9964257315337,0.0273973461091797
Norm,Experiment1 ASP334 #6 norm,,0.948348041315564,0.0299633984347775
Norm,Experiment1 ASP334 #7 norm,,1.0081644425606,0.0311500668237842
Norm,Experiment1 ASP334 #8 norm,,0.978655172808798,0.085445830008871
Norm,Experiment1 GLU348 #1 norm,,0.962843014239748,0.0207369266237812
Norm,Experiment1 GLU348 #2 norm,,1.0229250913252,0.0201506160457476
Norm,Experiment1 GLU348 #3 norm,,0.982518652954695,0.0111994862552392
Norm,Experiment1 GLU348 #4 norm,,0.944064236725861,0.0362520375871035
Norm,Experiment1 GLU348 #5 norm,,0.952865852137828,0.0219426395860605
Norm,Experiment1 GLU348 #6 norm,,1.04342885908585,0.0135714648496608
Norm,Experiment1 GLU348 #7 norm,,0.960774966448527,0.0133427135165967
Norm,Experiment1 GLU348 #8 norm,,0.947026789861678,0.0343803475681578
Norm,Experiment1 THR320 #1 norm,,0.985737261423722,0.0102004480899985
Norm,Experiment1 THR320 #2 norm,,1.01810715158334,0.0146053822286633
Norm,Experiment1 THR320 #3 norm,,1.00624317705844,0.0106193193492083
Norm,Experiment1 THR320 #4 norm,,0.987438774173688,0.0268117450687666
Norm,Experiment1 THR320 #5 norm,,0.994074001507227,0.0202587507237185
Norm,Experiment1 THR320 #6 norm,,1.01398244407947,0.0120791316842909
Norm,Experiment1 THR320 #7 norm,,1.03759599593586,0.0176136285286125
Norm,Experiment1 THR320 #8 norm,,0.985541751417222,0.0355967424221705
Norm,Experiment1 ALA116 #1 norm,,1.00773806827419,0.0100767603348391
Norm,Experiment1 ALA116 #2 norm,,0.983526263092043,0.00996013708928166
Norm,Experiment1 ALA116 #3 norm,,1.00699343226659,0.0175330349632076
Norm,Experiment1 ALA116 #4 norm,,1.04293969333474,0.0212009571047889
Norm,Experiment1 ALA116 #5 norm,,1.13125062769954,0.116482833800975
Norm,Experiment1 ALA116 #6 norm,,0.970073970438092,0.0783745067133512
Norm,Experiment1 ALA116 #7 norm,,1.02230714452731,0.0649295433973657
Norm,Experiment1 ALA116 #8 norm,,0.962180336108301,0.0963304762592185
Norm,Experiment1 PYR #1 norm,,1.04980428192052,0.0184070092851354
Norm,Experiment1 PYR #2 norm,,0.954327873321065,0.042223674258858
Norm,Experiment1 PYR #3 norm,,0.957937868759444,0.11867257035357
Norm,Experiment1 PYR #4 norm,,1.07302824176296,0.0480632899822176
Norm,Experiment1 PYR #5 norm,,1.02795366507785,0.0530341257020333
Norm,Experiment1 PYR #6 norm,,1.09741973724579,0.0579134767406774
Norm,Experiment1 PYR #7 norm,,0.874433838528092,0.0880227307474663
Norm,Experiment1 PYR #8 norm,,0.979106367102389,0.0608822457534541
