type,id,eqn,val,std
Net flux,CO2.t,CO2.t -> CO2,47.5752403853527,1.09252440115913
Net flux,CO2_sink,dummy -> Sink,47.5752403853527,1.09252440115913
Net flux,RUBICSO_CO2,RUBP.p + CO2 -> 3PGA.p + 3PGA.p + dummy,56.9461308424377,1.1505308854755
Net flux,GAPDH.p net,3PGA.p <-> TP.p,136.855330643346,2.6677234127345
Exch flux,GAPDH.p exch,3PGA.p <-> TP.p,2.7389780257181e-06,0.520887394589064
Net flux,ALD,TP.p + E4P.p -> SBP,25.2062424540775,0.4771397824171
Net flux,SBP,SBP -> S7P.p,25.2062424540775,0.4771397824171
Net flux,FBA.p net,TP.p + TP.p <-> FBP.p,30.5907459815717,0.639732455519463
Exch flux,FBA.p exch,TP.p + TP.p <-> FBP.p,32841.0025224934,33.8730085455415
Net flux,PFK.p net,FBP.p <-> F6P.p,30.590745981568,0.639732455519463
Exch flux,PFK.p exch,FBP.p <-> F6P.p,30218.410672723,105.567964779921
Net flux,TK1 net,TP.p + EC2 <-> X5P.p,50.412484908155,0.9542795648342
Exch flux,TK1 exch,TP.p + EC2 <-> X5P.p,28.3953335943917,109.737763186252
Net flux,TK2 net,S7P.p <-> R5P.p + EC2,25.2062424540775,0.4771397824171
Exch flux,TK2 exch,S7P.p <-> R5P.p + EC2,37.8014958291045,102.177014608521
Net flux,TK3 net,F6P.p <-> E4P.p + EC2,25.2062424540782,0.4771397824171
Exch flux,TK3 exch,F6P.p <-> E4P.p + EC2,34083.5955265712,90.5109256519453
Net flux,PPE net,X5P.p <-> RU5P.p,50.4124849081549,0.9542795648342
Exch flux,PPE exch,X5P.p <-> RU5P.p,104.278263798013,90.5096679918781
Net flux,PPI net,R5P.p <-> RU5P.p,25.2062424540775,0.4771397824171
Exch flux,PPI exch,R5P.p <-> RU5P.p,237.846350624579,90.5109256519453
Net flux,PRK,RU5P.p -> RUBP.p,75.6187273622326,1.4314193472513
Net flux,RUBISCO_O2,RUBP.p -> 3PGA.p + 2PG.p,18.6725965197948,0.583182393401857
Net flux,GLYdil net,GLY.p <-> GLY.x + dummyGLY,0.000140396082564109,0.00132613078845929
Exch flux,GLYdil exch,GLY.p <-> GLY.x + dummyGLY,0.00392738847288854,127.021381228656
Net flux,SERdil net,SER.p <-> SER.x + dummySER,5.00644838384997,0.791786897814106
Exch flux,SERdil exch,SER.p <-> SER.x + dummySER,1.56626597975234,0.617735155439618
Net flux,GK,GA.p -> 3PGA.p,4.29634785628605,0.797473664284183
Net flux,PGI.p net,F6P.p <-> G6P.p,5.38450352748873,0.335078778925582
Exch flux,PGI.p exch,F6P.p <-> G6P.p,3.01810502192877,111.735734037108
Net flux,PGM.p,G6P.p -> ADPG.p,5.38450352748873,0.335078778925582
Net flux,Starch,ADPG.p -> Starch,5.38450352748871,0.335078778925582
Net flux,FBA.c net,TP.c + TP.c <-> FBP.c,0.0275556589913393,0.260280822072621
Exch flux,FBA.c exch,TP.c + TP.c <-> FBP.c,22.2656304111649,116.386111870523
Net flux,PFK.c net,FBP.c <-> F6P.c,0.0275556589913508,0.260280822072621
Exch flux,PFK.c exch,FBP.c <-> F6P.c,6.91989427928471,119.455847444207
Net flux,PGI.c net,F6P.c <-> G6P.c,0.0137778294956945,0.130140411036311
Exch flux,PGI.c exch,F6P.c <-> G6P.c,228.151329114126,112.631288862682
Net flux,PGM.c net,G6P.c <-> UDPG.c,0.0137778294956661,0.130140411036311
Exch flux,PGM.c exch,G6P.c <-> UDPG.c,48481.4251496075,111.782643616369
Net flux,SPS,F6P.c + UDPG.c -> S6P,0.0137778294956412,0.130140411036311
Net flux,PGAM.c net,3PGA.c <-> PEP.c,0.00587541761005372,0.0554970768823139
Exch flux,PGAM.c exch,3PGA.c <-> PEP.c,3.20928560609521,116.370503411615
Net flux,PK.c,PEP.c -> PYR.c,0.00266697445514508,0.0251912793642802
Net flux,PDH,PYR.c + dummy -> ACA + CO2,0.00221960833137524,0.0209656202179629
Net flux,CS,OAA + ACA -> CIT,0.00221960833137125,0.0209656202179629
Net flux,ACO net,CIT <-> ICI,0.00221960833141566,0.0209656202179629
Exch flux,ACO exch,CIT <-> ICI,1154.97192500012,105.737033284744
Net flux,IDH,ICI + dummy -> AKG + CO2,0.00221960833138768,0.0209656202179629
Net flux,MDH net,MAL <-> OAA,2.1316282072803e-14,0
Exch flux,MDH exch,MAL <-> OAA,0.00161868277307065,0.00159787865256602
Net flux,PPC,PEP.c + CO2 -> OAA + dummy,0.00320844315442681,0.0303057975180338
Net flux,T_3PGA net,3PGA.p <-> 3PGA.c,0.00587541761003507,0.0554970768823139
Exch flux,T_3PGA exch,3PGA.p <-> 3PGA.c,8.1800884871542,107.843213697646
Net flux,T_DHAP net,TP.p <-> TP.c,0.0551113179827363,0.520561644145242
Exch flux,T_DHAP exch,TP.p <-> TP.c,0.00432803745525145,104.384898252554
Net flux,ALT,PYR.c -> ALA.c,0.000447366123624393,0.00422565914634452
Net flux,ASPT,OAA -> ASP,0.000988834822808426,0.00934017730007082
Net flux,GLUDH,AKG -> GLU,0.00221960833136459,0.0209656202179629
Net flux,PCR net,GLU <-> PRO,-2.48689957516035e-14,0
Exch flux,PCR exch,GLU <-> PRO,1.0000000116861e-07,0
Net flux,GS net,GLU <-> GLN,0,0
Exch flux,GS exch,GLU <-> GLN,1.00043457962329e-07,0
Net flux,TS net,ASP <-> THR,0,0
Exch flux,TS exch,ASP <-> THR,0.00012256626374807,63.6377501008821
Net flux,AS net,ASP <-> ASN,1.06581410364015e-14,0
Exch flux,AS exch,ASP <-> ASN,0.000122565958069032,63.6377497128702
Net flux,G_3PGA.p,0*3PGA.p -> 3PGA,2.46866296294002e-06,154.616417512781
Net flux,G_3PGA.c,0*3PGA.c -> 3PGA,92.9119081387721,118.867811385211
Net flux,G_DHAP.p,0*TP.p -> TP,40.685379842242,141.207943206385
Net flux,G_DHAP.c,0*TP.c -> TP,51.8471856996947,103.034442810791
Net flux,G_F6P.p,0*F6P.p -> F6P,48.6686345030749,150.082128722234
Net flux,G_F6P.c,0*F6P.c -> F6P,36.546576817712,109.617226595403
Net flux,G_FBP.p,0*FBP.p -> FBP,2.46866127895373e-06,149.341640398129
Net flux,G_FBP.c,0*FBP.c -> FBP,83.4512310504888,105.298063417346
Net flux,G_G6P.p,0*G6P.p -> G6P,19.0549768397257,154.08417346242
Net flux,G_G6P.c,0*G6P.c -> G6P,58.8549499993083,110.6904792877
Net flux,G_RU5P.p,0*RU5P.p -> P5P,2.46865370456817e-06,150.385607757055
Net flux,G_X5P.p,0*X5P.p -> P5P,92.8477691490966,108.0700040613
Net flux,G_R5P.p,0*R5P.p -> R5P,82.2810779884949,106.491672250601
Net flux,G_GA.p,0*GA.p -> GA,40.21528060896,1.59194869125113
Net flux,G_SER.p,0*SER.p -> SER,99.9999428072248,106.144443517757
Net flux,G_GLY.p,0*GLY.p -> GLY,61.1241944879766,143.608058713559
Net flux,G_RUBP.p,0*RUBP.p -> RUBP,92.5302752673063,111.229007507452
Net flux,G_S7P.p,0*S7P.p -> S7P,98.4567310636212,104.854146458482
Net flux,G_2PG.p,0*2PG.p -> 2PG,87.0427532706349,107.281871282426
Net flux,G_ADPG.p,0*ADPG.p -> ADPG,95.0805622183377,111.199081038885
Net flux,G_PEP.c,0*PEP.c -> PEP,89.2305410445615,115.123616573718
Net flux,G_UDPG.c,0*UDPG.c -> UDPG,72.4268033045549,105.754512439532
Net flux,G_ALA.c,0*ALA.c -> ALA,78.6472770048796,75.1143527848206
Net flux,(1-G)_GA,0*GA.x -> GA,59.7847193910421,1.59194869125113
Net flux,(1-G)_SER,0*SER.x -> SER,1.0000000116861e-07,0
Net flux,(1-G)_GLY,0*GLY.x -> GLY,38.8757029921639,2.14432444392678
Net flux,(1-G)_R5P,0*R5P.x -> R5P,17.718922011502,106.491672250601
Net flux,(1-G)_RUBP,0*RUBP.x -> RUBP,7.46972473269241,111.229007507452
Net flux,(1-G)_3PGA,0*3PGA.x -> 3PGA,7.08808939256525,103.641149071302
Net flux,(1-G)_TP,0*TP.x -> TP,7.46743445806383,109.575650143364
Net flux,(1-G)_F6P,0*F6P.x -> F6P,14.7847886792169,106.43422877208
Net flux,(1-G)_FBP,0*FBP.x -> FBP,16.5487664808446,105.060272155796
Net flux,(1-G)_G6P,0*G6P.x -> G6P,22.0900731609643,110.991757206046
Net flux,(1-G)_RU5P,0*RU5P.x -> P5P,7.1522283822511,102.919570931189
Net flux,(1-G)_S7P,0*S7P.x -> S7P,1.54326893637677,104.854146458482
Net flux,(1-G)_2PG,0*2PG.x -> 2PG,12.9572467293675,107.281871282426
Net flux,(1-G)_ADPG,0*ADPG.x -> ADPG,4.91943778166132,111.199081038885
Net flux,(1-G)_PEP,0*PEP.x -> PEP,10.7694589554367,115.123616573718
Net flux,(1-G)_UDPG,0*UDPG.x -> UDPG,27.5731966954463,105.754512439532
Net flux,(1-G)_ALA,0*ALA.x -> ALA,21.3527229951202,75.1143527848206
Net flux,PGASink,3PGA -> Sink,100,0
Net flux,DHAPSink,TP -> Sink,100.000000000001,0
Net flux,F6PSink,F6P -> Sink,100.000000000004,0
Net flux,FBPSink,FBP -> Sink,99.9999999999947,0
Net flux,G6PSink,G6P -> Sink,99.9999999999983,0
Net flux,P5PSink,P5P -> Sink,100.000000000001,0
Net flux,R5PSink,R5P -> Sink,99.9999999999968,0
Net flux,GASink,GA -> Sink,100.000000000002,0
Net flux,SERSink,SER -> Sink,99.9999999999996,0
Net flux,GLYSink,GLY -> Sink,100.000000000001,0
Net flux,RUBPSink,RUBP -> Sink,99.9999999999987,0
Net flux,S7PSink,S7P -> Sink,99.9999999999979,0
Net flux,2PGSink,2PG -> Sink,100.000000000002,0
Net flux,ADPGSink,ADPG -> Sink,99.999999999999,0
Net flux,PEPSink,PEP -> Sink,99.9999999999983,0
Net flux,UDPGSink,UDPG -> Sink,100.000000000001,0
Net flux,ALASink,ALA -> Sink,99.9999999999998,0
Net flux,S6Pout-LL,S6P + 0.1611*GLU + 0.07177*ASP + 0.03247*ALA.c + 0.01019*dummyGLY + 0.03484*dummySER -> Sink,0.0137778294956767,0.130140411036311
Net flux,PGP.p,2PG.p -> Glyc.p,18.6725965197949,0.583182393401857
Net flux,GOX,Glyc.p -> Glyx.p,18.6725965197949,0.583182393401857
Net flux,GGT,Glyx.p -> GLY.p,18.6725965197949,0.583182393401857
Net flux,SGAT,SER.p -> HPA.p,4.29634785628604,0.797473664284183
Net flux,HPR.p,HPA.p -> GA.p,4.29634785628603,0.797473664284183
Net flux,T_GLY-m net,GLY.p <-> GLY.m,18.6687009028319,143.655970942819
Exch flux,T_GLY-m exch,GLY.p <-> GLY.m,22210.3184177277,103.716021740517
Net flux,GDC.m,GLY.m + dummy -> myTHF.m + CO2,9.36965968357632,0.296289090085291
Net flux,T_SER-m net,SER.p <-> SER.m,-9.36965968357632,0.296289090085291
Exch flux,T_SER-m exch,SER.p <-> SER.m,17.8396307086854,83.0032965872009
Net flux,mSHMT,GLY.m + myTHF.m -> SER.m,9.36965968357632,0.296289090085291
Net flux,T_SER-c net,SER.p <-> SER.c,0.0668634434402984,0.164222367425306
Exch flux,T_SER-c exch,SER.p <-> SER.c,0.0445939801185036,0.776827873385597
Net flux,T_Gly-c net,GLY.p <-> GLY.c,0.00375522087557822,143.65478719623
Exch flux,T_Gly-c exch,GLY.p <-> GLY.c,4.27619360765519e-06,104.879216048597
Net flux,cSHMT,SER.c -> GLY.c + meTHF.c,0.0668633434403001,0.164222367425306
Net flux,FmTHF-reductase net,meTHF.c <-> FmTHF.c,0.0668633434402999,0.164222367425306
Exch flux,FmTHF-reductase exch,meTHF.c <-> FmTHF.c,8.68476744975307,106.105516882612
Net flux,Met-synthase,FmTHF.c + Hcy.c -> Met.c,0.06686334344028,0.164222367425306
Net flux,SAM-synthase,Met.c -> SAM.c,0.0668633434402897,0.164222367425306
Net flux,Methylation,SAM.c -> SAH.c + Acceptor.c,0.0668633434402843,0.164222367425306
Net flux,hydrolysis,SAH.c -> Hcy.c,0.0668633434402764,0.164222367425306
Net flux,G_SER.m,0*SER.m -> SER,5.6992774755571e-05,106.144443517757
Net flux,G_SER.c,0*SER.c -> SER,1.0000000116861e-07,0
Net flux,G_Gly.m,0*GLY.m -> GLY,9.31893753524093e-05,104.738402136814
Net flux,G_Gly.c,0*GLY.c -> GLY,9.3304854011933e-06,107.291236864519
Net flux,T_GLY-c-m,GLY.c -> GLY.m,0.0706184643159458,143.654881063584
Net flux,G_Glyc,0*Glyc.p -> Glyc,22.4148605509641,1.25201218569355
Net flux,G_Glyx,0*Glyx.p -> Glyx,14.6701656748554,1.7028841756122
Net flux,G_HPA,0*HPA.p -> HPA,9.40261950218797,1.28003069920181
Net flux,(1-G)_Glyc,0*Glyc.x -> Glyc,77.5851394490365,1.25201218569355
Net flux,(1-G)_Glyx,0*Glyx.x -> Glyx,85.3298343251454,1.7028841756122
Net flux,(1-G)_HPA,0*HPA.x -> HPA,90.5973804978119,1.28003069920181
Net flux,GlycSink,Glyc -> Sink,100.000000000001,0
Net flux,GlyxSink,Glyx -> Sink,100.000000000001,0
Net flux,HPASink,HPA -> Sink,99.9999999999998,0
Net flux,SERex,dummySER -> outSER,5.0059683200991,0.795099578725959
Net flux,G_PYR,0*PYR.c -> PYR,28.5761638483227,1.86016974170523
Net flux,(1-G)_PYR,0*PYR.x -> PYR,71.4238361516775,1.86016974170523
Net flux,PYRSink,PYR -> Sink,100,0
Net flux,G_meTHF,0*meTHF.c -> meTHF,99.9999990301313,102.487676365548
Net flux,G_FmTHF,0*FmTHF.c -> FmTHF,82.8282825347838,3.02168782563784
Net flux,G_Met,0*Met.c -> Met,62.4563693029929,4.35419137572962
Net flux,G_SAM,0*SAM.c -> SAM,63.2193543255418,3.66963657496941
Net flux,(1-G)_meTHF,0*meTHF.x -> meTHF,9.6986869380089e-07,102.487676365548
Net flux,(1-G)_FmTHF,0*FmTHF.x -> FmTHF,17.1717174652163,3.02168782563784
Net flux,(1-G)_Met,0*Met.x -> Met,37.5436306970071,4.35419137572962
Net flux,(1-G)_SAM,0*SAM.x -> SAM,36.7806456744582,3.66963657496941
Net flux,meTHFSink,meTHF -> Sink,99.9999999999999,0
Net flux,FmTHFSink,FmTHF -> Sink,100,0
Net flux,MetSink,Met -> Sink,100,0
Net flux,SAMsink,SAM -> Sink,100,0
Net flux,Met-protein,Met.c -> Protein,6.51983996113883e-15,0
Net flux,GLY-protein,GLY.c -> Protein,9.99999647532945e-08,3.33018403897929e-16
Net flux,SER-protein,SER.c -> Protein,1.00000002056788e-07,3.4576841934744e-16
Pool,2PG pool,,0,0
Pool,2PG.p pool,,3.81770957713202e-06,108.219978291077
Pool,2PG.x pool,,1,Inf
Pool,3PGA pool,,0,0
Pool,3PGA.c pool,,1.41274669970678e-05,107.009575941197
Pool,3PGA.p pool,,4.07287494061772e-06,104.141210824461
Pool,3PGA.x pool,,1,Inf
Pool,ACA pool,,2.71857420564889e-06,99.9799360816793
Pool,ADPG pool,,0,0
Pool,ADPG.p pool,,9.9999999999999e-08,Inf
Pool,ADPG.x pool,,1,Inf
Pool,AKG pool,,2.72185417844379e-06,107.936536500121
Pool,ALA pool,,0,0
Pool,ALA.c pool,,0.0026305408663777,0.00293861361527163
Pool,ALA.x pool,,1,Inf
Pool,ASN pool,,7566.06819374059,105.577588520829
Pool,ASP pool,,3.95710503080804e-06,105.390653289835
Pool,Acceptor.c pool,,1,Inf
Pool,CIT pool,,0.177012772089732,18.1371613854473
Pool,CO2 pool,,0.000254494918439331,111.666494720976
Pool,CO2.t pool,,1,Inf
Pool,E4P.p pool,,0,0
Pool,EC2 pool,,0,0
Pool,F6P pool,,0,0
Pool,F6P.c pool,,3.82970864444669e-06,107.485140060949
Pool,F6P.p pool,,4.01902798420981e-06,105.949455384926
Pool,F6P.x pool,,1,Inf
Pool,FBP pool,,0,0
Pool,FBP.c pool,,3.82966466113481e-06,108.634158822816
Pool,FBP.p pool,,3.90684217386114e-06,108.741543779773
Pool,FBP.x pool,,1,Inf
Pool,FmTHF pool,,0.528010731846231,0.677967788651838
Pool,FmTHF.c pool,,2.70213238099932e-06,102.812084518767
Pool,FmTHF.x pool,,1,Inf
Pool,G6P pool,,0,0
Pool,G6P.c pool,,9.87487167452106e-06,107.847268656459
Pool,G6P.p pool,,3.87009118470778e-06,110.344251967648
Pool,G6P.x pool,,1,Inf
Pool,GA pool,,0,0
Pool,GA.p pool,,4.30548423196205e-06,104.45571838708
Pool,GA.x pool,,1,Inf
Pool,GLN pool,,8.83867754991924,110.733185991769
Pool,GLU pool,,2.72185942828865e-06,107.912578076186
Pool,GLY pool,,0,0
Pool,GLY.c pool,,0.921810331265747,107.990720518171
Pool,GLY.m pool,,1.38168209885452,0.135804357292337
Pool,GLY.p pool,,0.000425185971269789,109.774861742346
Pool,GLY.x pool,,1,Inf
Pool,Glyc pool,,6.43073804902128,1.53792200914914
Pool,Glyc.p pool,,2.28916013737673e-05,102.687563882862
Pool,Glyc.x pool,,1,Inf
Pool,Glyx pool,,11.4089026862269,3.63137336726451
Pool,Glyx.p pool,,3.53358523255086e-05,104.32700340416
Pool,Glyx.x pool,,1,Inf
Pool,HPA pool,,0.000179695383270173,103.823637840419
Pool,HPA.p pool,,3.21601899759444e-06,102.879043159107
Pool,HPA.x pool,,1,Inf
Pool,Hcy.c pool,,1,Inf
Pool,ICI pool,,0.00358922434418982,104.146198615884
Pool,MAL pool,,0.00397399216762724,0.00316821910203736
Pool,Met pool,,0.476976256650184,107.388116372417
Pool,Met.c pool,,2.73061578616108e-06,105.066636385655
Pool,Met.x pool,,1,Inf
Pool,OAA pool,,0.00220426146576447,0.00104271953996016
Pool,P5P pool,,0,0
Pool,PEP pool,,0,0
Pool,PEP.c pool,,4.92345389376887e-06,108.314554402874
Pool,PEP.x pool,,1,Inf
Pool,PRO pool,,5.39499638374673,105.787357891433
Pool,PYR pool,,3.34194227986137,1.11036814466771
Pool,PYR.c pool,,8.48828262180091e-06,0.000199694539996004
Pool,PYR.x pool,,1,Inf
Pool,Protein pool,,1,Inf
Pool,R5P pool,,0,0
Pool,R5P.p pool,,4.31343325930833e-05,109.902008275582
Pool,R5P.x pool,,1,Inf
Pool,RU5P.p pool,,3.9125436695249e-06,103.026700151799
Pool,RU5P.x pool,,1,Inf
Pool,RUBP pool,,0,0
Pool,RUBP.p pool,,3.93186698341821e-06,106.299638440648
Pool,RUBP.x pool,,1,Inf
Pool,S6P pool,,1,Inf
Pool,S7P pool,,0,0
Pool,S7P.p pool,,4.18719874708018e-06,110.360841868236
Pool,S7P.x pool,,1,Inf
Pool,SAH.c pool,,1,Inf
Pool,SAM pool,,2.30387897531629,1.15304093850703
Pool,SAM.c pool,,2.74426786163836e-06,105.325911776659
Pool,SAM.x pool,,1,Inf
Pool,SBP pool,,0,0
Pool,SER pool,,0,0
Pool,SER.c pool,,1.00000000002876e-07,0
Pool,SER.m pool,,0.625957149187683,0.0824545144582556
Pool,SER.p pool,,0.0115471859566017,101.740135497456
Pool,SER.x pool,,1,Inf
Pool,Sink pool,,1,Inf
Pool,Starch pool,,1,Inf
Pool,THR pool,,3889.78324856308,105.342936846921
Pool,TP pool,,0,0
Pool,TP.c pool,,4.18762344964555e-06,106.911668174014
Pool,TP.p pool,,4.24560770311767e-06,110.609861207392
Pool,TP.x pool,,1,Inf
Pool,UDPG pool,,0,0
Pool,UDPG.c pool,,0.170279375632086,110.400473582193
Pool,UDPG.x pool,,1,Inf
Pool,X5P.p pool,,4.02816659128798e-06,107.184075247858
Pool,dummy pool,,1,Inf
Pool,dummyGLY pool,,1,Inf
Pool,dummySER pool,,1,Inf
Pool,meTHF pool,,0.471099616248574,0.881984754893099
Pool,meTHF.c pool,,2.70203984459743e-06,102.447675272995
Pool,meTHF.x pool,,1,Inf
Pool,myTHF.m pool,,1.00000000002876e-07,0
Pool,outSER pool,,1,Inf
Norm,Experiment1 Glyc205 #1 norm,,0.985826271324497,0.0127896940311099
Norm,Experiment1 Glyc205 #2 norm,,0.996808600602454,0.0241974650155228
Norm,Experiment1 Glyc205 #3 norm,,0.981649309619907,0.020195023190963
Norm,Experiment1 Glyc205 #4 norm,,0.994576404388644,0.0331548048201869
Norm,Experiment1 Glyc205 #5 norm,,1.0021183200985,0.0352459625762647
Norm,Experiment1 Glyc205 #6 norm,,1.01730926649141,0.0273292511178918
Norm,Experiment1 Glyc205 #7 norm,,0.957843566051937,0.0357842789193526
Norm,Experiment1 Glyc205 #8 norm,,0.984928976583896,0.0290226063192325
Norm,Experiment1 Glyx160 #1 norm,,1.00607282460693,0.0111534819658922
Norm,Experiment1 Glyx160 #2 norm,,0.983793322408004,0.0131944203814595
Norm,Experiment1 Glyx160 #3 norm,,0.995900877323228,0.0181518651533797
Norm,Experiment1 Glyx160 #4 norm,,0.985305557063269,0.0153334386714568
Norm,Experiment1 Glyx160 #5 norm,,0.998935677459938,0.0330537992829716
Norm,Experiment1 Glyx160 #6 norm,,1.02808605310259,0.0194125587249615
Norm,Experiment1 Glyx160 #7 norm,,0.968986580956363,0.0383956964607683
Norm,Experiment1 Glyx160 #8 norm,,0.972609202308933,0.0359569130650495
Norm,Experiment1 GLY276 #1 norm,,1.0170715404236,0.0105621024384731
Norm,Experiment1 GLY276 #2 norm,,1.00471316710285,0.0205887887372692
Norm,Experiment1 GLY276 #3 norm,,0.986533916430788,0.0440877058320288
Norm,Experiment1 GLY276 #4 norm,,1.02938198591745,0.0618242102826997
Norm,Experiment1 GLY276 #5 norm,,0.992188515293974,0.121739189909032
Norm,Experiment1 GLY276 #6 norm,,0.867340565321583,0.0906063958577993
Norm,Experiment1 GLY276 #7 norm,,1.03548117356957,0.067257871705446
Norm,Experiment1 GLY276 #8 norm,,0.997434646907579,0.0633885838018934
Norm,Experiment1 HPA262 #1 norm,,0.963997657128064,0.0104446528837425
Norm,Experiment1 HPA262 #2 norm,,0.955182408056723,0.0271099940098713
Norm,Experiment1 HPA262 #3 norm,,0.978283320586058,0.0129383968880724
Norm,Experiment1 HPA262 #4 norm,,0.991868715514431,0.035780572522236
Norm,Experiment1 HPA262 #5 norm,,0.970216557072886,0.0237812788041602
Norm,Experiment1 HPA262 #6 norm,,0.928529395155845,0.0310206024765732
Norm,Experiment1 HPA262 #7 norm,,0.99433709166785,0.0247546246921912
Norm,Experiment1 HPA262 #8 norm,,1.0220019326377,0.0235983702963017
Norm,Experiment1 GA307 #1 norm,,1.00815352338218,0.0123317349519842
Norm,Experiment1 GA307 #2 norm,,0.94455312559012,0.0288276521724307
Norm,Experiment1 GA307 #3 norm,,0.94074931692664,0.0283551958035439
Norm,Experiment1 GA307 #4 norm,,0.956688730038499,0.0188985762262752
Norm,Experiment1 GA307 #5 norm,,0.9857487179865,0.0559773911935725
Norm,Experiment1 GA307 #6 norm,,1.05300957625106,0.0446475273340049
Norm,Experiment1 GA307 #7 norm,,0.985911254553495,0.0445124791078691
Norm,Experiment1 GA307 #8 norm,,0.98157086291756,0.0347038737060525
Norm,Experiment1 SER306 #1 norm,,1.01388436214356,0.0143998234738595
Norm,Experiment1 SER306 #2 norm,,0.992562226052675,0.015119893750825
Norm,Experiment1 SER306 #3 norm,,0.916733036617032,0.0377384276428749
Norm,Experiment1 SER306 #4 norm,,1.00103328252776,0.0577798539524269
Norm,Experiment1 SER306 #5 norm,,0.939511192698709,0.0980604818464364
Norm,Experiment1 SER306 #6 norm,,0.871464903706591,0.059729257115344
Norm,Experiment1 SER306 #7 norm,,1.0116200571264,0.0444128223141999
Norm,Experiment1 SER306 #8 norm,,0.988318599483562,0.100842272499005
Norm,Experiment1 meTHF #1 norm,,1.02659946623336,0.0102082680816125
Norm,Experiment1 meTHF #2 norm,,0.987280562062829,0.00981656985653996
Norm,Experiment1 meTHF #3 norm,,0.994727163499497,0.0627498443186541
Norm,Experiment1 meTHF #4 norm,,1.01925427183063,0.0549978750721238
Norm,Experiment1 meTHF #5 norm,,0.948228455844095,0.081269053742976
Norm,Experiment1 meTHF #6 norm,,0.964070662214308,0.134439207603095
Norm,Experiment1 meTHF #7 norm,,0.973925108219877,0.0594728529506678
Norm,Experiment1 meTHF #8 norm,,1.01569197573708,0.119489969706946
Norm,Experiment1 FmTHF #1 norm,,1.00690875169067,0.0101596767303935
Norm,Experiment1 FmTHF #2 norm,,0.986013523776368,0.0232065367533524
Norm,Experiment1 FmTHF #3 norm,,0.976798902856987,0.0313835495337927
Norm,Experiment1 FmTHF #4 norm,,1.00909704194536,0.0281674459775517
Norm,Experiment1 FmTHF #5 norm,,0.973078033373637,0.0557238827429632
Norm,Experiment1 FmTHF #6 norm,,0.999155313823925,0.0682374100070696
Norm,Experiment1 FmTHF #7 norm,,0.979273476851091,0.0484897701365896
Norm,Experiment1 FmTHF #8 norm,,1.09883850897063,0.114419773042139
Norm,Experiment1 Met176 #1 norm,,0.927016778527148,0.0231585803958034
Norm,Experiment1 Met176 #2 norm,,0.89229101146837,0.0323246269946267
Norm,Experiment1 Met176 #3 norm,,0.869330916721462,0.050669255129148
Norm,Experiment1 Met176 #4 norm,,0.982360239222796,0.0366636147606743
Norm,Experiment1 Met176 #5 norm,,0.921034835465931,0.0745477584591794
Norm,Experiment1 Met176 #6 norm,,1.07216251172536,0.143974362192922
Norm,Experiment1 Met176 #7 norm,,0.998139500583585,0.120342963510203
Norm,Experiment1 Met176 #8 norm,,0.999877132125028,0.104937075256433
Norm,Experiment1 SAM #1 norm,,1.00393191523143,0.0118472971827392
Norm,Experiment1 SAM #2 norm,,0.98612918488145,0.0120735123116353
Norm,Experiment1 SAM #3 norm,,1.01362003147435,0.0138891354056133
Norm,Experiment1 SAM #4 norm,,1.01146865285605,0.024248739738748
Norm,Experiment1 SAM #5 norm,,1.01729589320544,0.0422488258013412
Norm,Experiment1 SAM #6 norm,,1.025621871879,0.0644960970016136
Norm,Experiment1 SAM #7 norm,,0.993335352242732,0.0930314089371349
Norm,Experiment1 SAM #8 norm,,1.00048955674254,0.085453665111841
Norm,Experiment1 CIT465 #1 norm,,0.990852658170093,0.0116597382849366
Norm,Experiment1 CIT465 #2 norm,,0.955387564560195,0.0131928552775505
Norm,Experiment1 CIT465 #3 norm,,0.983806406026485,0.0113767072669459
Norm,Experiment1 CIT465 #4 norm,,0.94669551441381,0.0158184262422915
Norm,Experiment1 CIT465 #5 norm,,1.0110778959202,0.0136282138612316
Norm,Experiment1 CIT465 #6 norm,,1.0241183228366,0.0129679105256734
Norm,Experiment1 CIT465 #7 norm,,1.04583082009302,0.0126283732511806
Norm,Experiment1 CIT465 #8 norm,,1.00608843978942,1.19126233562218
Norm,Experiment1 MAL335 #1 norm,,0.998636468708831,0.0121953853114098
Norm,Experiment1 MAL335 #2 norm,,0.982854389797988,0.0108854175303854
Norm,Experiment1 MAL335 #3 norm,,1.03466635178028,0.0107673865482426
Norm,Experiment1 MAL335 #4 norm,,0.980101727793448,0.0142262383639338
Norm,Experiment1 MAL335 #5 norm,,0.981620622313726,0.0140686545936177
Norm,Experiment1 MAL335 #6 norm,,0.986797904022827,0.0134564047150381
Norm,Experiment1 MAL335 #7 norm,,0.958992739645946,0.0199349579822378
Norm,Experiment1 MAL335 #8 norm,,1.02988386106232,0.0393993267507316
Norm,Experiment1 ASP334 #1 norm,,0.972225911929155,0.022077425978007
Norm,Experiment1 ASP334 #2 norm,,0.986184589733765,0.0308477373365923
Norm,Experiment1 ASP334 #3 norm,,0.977898660393251,0.0204899198465327
Norm,Experiment1 ASP334 #4 norm,,0.971426803873123,0.018225185067376
Norm,Experiment1 ASP334 #5 norm,,0.923670898393247,0.028009839984506
Norm,Experiment1 ASP334 #6 norm,,1.01306883709537,0.0320889247589307
Norm,Experiment1 ASP334 #7 norm,,1.01068005788267,0.0322618870737275
Norm,Experiment1 ASP334 #8 norm,,0.989591052655077,0.0887727205948682
Norm,Experiment1 GLU348 #1 norm,,1.0194200461591,0.0209249053112469
Norm,Experiment1 GLU348 #2 norm,,0.951841801723826,0.0187525151361809
Norm,Experiment1 GLU348 #3 norm,,0.990622068080744,0.0114444021636041
Norm,Experiment1 GLU348 #4 norm,,0.954509764366255,0.0341296958146093
Norm,Experiment1 GLU348 #5 norm,,0.98120421356933,0.0230622135375094
Norm,Experiment1 GLU348 #6 norm,,0.967189244321171,0.0123762787553324
Norm,Experiment1 GLU348 #7 norm,,0.985899415453646,0.0139904147352428
Norm,Experiment1 GLU348 #8 norm,,0.963542825766815,1.13791958200311
Norm,Experiment1 THR320 #1 norm,,0.965314512861555,0.01018874486933
Norm,Experiment1 THR320 #2 norm,,0.953078846149179,0.0140336224330846
Norm,Experiment1 THR320 #3 norm,,1.01381358893144,0.0106599528195202
Norm,Experiment1 THR320 #4 norm,,1.00166241020351,0.0292378097300567
Norm,Experiment1 THR320 #5 norm,,1.00241597288654,0.0215117740786753
Norm,Experiment1 THR320 #6 norm,,1.02233143380747,0.0117561139764719
Norm,Experiment1 THR320 #7 norm,,1.00437746552436,0.0142746021455401
Norm,Experiment1 THR320 #8 norm,,0.947471705587394,0.0255116206505438
Norm,Experiment1 ALA116 #1 norm,,0.996362934570715,0.0100093997610546
Norm,Experiment1 ALA116 #2 norm,,1.00174742694367,0.0098847458709509
Norm,Experiment1 ALA116 #3 norm,,0.966683622237046,0.0168697655640517
Norm,Experiment1 ALA116 #4 norm,,0.968317326582272,0.0192136913749941
Norm,Experiment1 ALA116 #5 norm,,0.844072326650024,0.0969354912806565
Norm,Experiment1 ALA116 #6 norm,,0.638655040806325,0.0766186653304515
Norm,Experiment1 ALA116 #7 norm,,0.467854543336997,0.0540450193620683
Norm,Experiment1 ALA116 #8 norm,,0.529246358794294,0.0840979911407789
Norm,Experiment1 PYR #1 norm,,1.01749584654835,0.01776941315352
Norm,Experiment1 PYR #2 norm,,0.964965873651998,0.415080291379355
Norm,Experiment1 PYR #3 norm,,0.974889956028149,0.296981809441118
Norm,Experiment1 PYR #4 norm,,1.08253940105736,0.044362614159957
Norm,Experiment1 PYR #5 norm,,1.02798925480253,0.057754137580913
Norm,Experiment1 PYR #6 norm,,1.02103965152472,0.0498133047437367
Norm,Experiment1 PYR #7 norm,,0.98740132588629,0.103148132365738
Norm,Experiment1 PYR #8 norm,,0.947979329217793,0.058828911277393
