type,id,eqn,val,std
Net flux,CO2.t,CO2.t -> CO2,48.9884725709358,1.1097870058867
Net flux,CO2_sink,dummy -> Sink,48.9884725709358,1.1097870058867
Net flux,RUBICSO_CO2,RUBP.p + CO2 -> 3PGA.p + 3PGA.p + dummy,57.3592168214595,1.16626800524331
Net flux,GAPDH.p net,3PGA.p <-> TP.p,133.23981539705,2.62748112578736
Exch flux,GAPDH.p exch,3PGA.p <-> TP.p,48588.6898183393,1479.68914522706
Net flux,ALD,TP.p + E4P.p -> SBP,24.6516950935064,0.479393731266045
Net flux,SBP,SBP -> S7P.p,24.6516950935064,0.479393731266045
Net flux,FBA.p net,TP.p + TP.p <-> FBP.p,28.5259629798857,0.641715866515935
Exch flux,FBA.p exch,TP.p + TP.p <-> FBP.p,20784.0326595622,938.844721862178
Net flux,PFK.p net,FBP.p <-> F6P.p,28.5259629798888,0.641715866515935
Exch flux,PFK.p exch,FBP.p <-> F6P.p,9.99895064524026e-08,1.19473991644036e-13
Net flux,TK1 net,TP.p + EC2 <-> X5P.p,49.3033901870131,0.95878746253209
Exch flux,TK1 exch,TP.p + EC2 <-> X5P.p,12640.5266708723,2662.68983989324
Net flux,TK2 net,S7P.p <-> R5P.p + EC2,24.6516950935063,0.479393731266045
Exch flux,TK2 exch,S7P.p <-> R5P.p + EC2,38.0533878340099,2663.77075318584
Net flux,TK3 net,F6P.p <-> E4P.p + EC2,24.6516950935074,0.479393731266045
Exch flux,TK3 exch,F6P.p <-> E4P.p + EC2,15121.7713897584,1884.40774829924
Net flux,PPE net,X5P.p <-> RU5P.p,49.3033901870131,0.95878746253209
Exch flux,PPE exch,X5P.p <-> RU5P.p,12645.0204618509,2929.72215403351
Net flux,PPI net,R5P.p <-> RU5P.p,24.6516950935064,0.479393731266045
Exch flux,PPI exch,R5P.p <-> RU5P.p,240.382339350669,2921.83512864085
Net flux,PRK,RU5P.p -> RUBP.p,73.9550852805192,1.43818119379813
Net flux,RUBISCO_O2,RUBP.p -> 3PGA.p + 2PG.p,16.5958684590597,0.579643834462408
Net flux,GLYdil net,GLY.p <-> GLY.x + dummyGLY,0.00568806858935744,0.000901859677771717
Exch flux,GLYdil exch,GLY.p <-> GLY.x + dummyGLY,0.267168035054787,0.286845845436576
Net flux,SERdil net,SER.p <-> SER.x + dummySER,6.10574631062303,0.554359624820045
Exch flux,SERdil exch,SER.p <-> SER.x + dummySER,1.34003373930963,0.380888037038488
Net flux,GK,GA.p -> 3PGA.p,2.1635525462289,0.529282402415316
Net flux,PGI.p net,F6P.p <-> G6P.p,3.87426788638071,0.346576385204133
Exch flux,PGI.p exch,F6P.p <-> G6P.p,2.33113069556975,2301.14513285475
Net flux,PGM.p,G6P.p -> ADPG.p,3.87426788638072,0.346576385204133
Net flux,Starch,ADPG.p -> Starch,3.8742678863807,0.346576385204133
Net flux,FBA.c net,TP.c + TP.c <-> FBP.c,1.11640207837628,0.177008768909001
Exch flux,FBA.c exch,TP.c + TP.c <-> FBP.c,21.4797509777807,2586.89211905555
Net flux,PFK.c net,FBP.c <-> F6P.c,1.11640207837629,0.177008768909001
Exch flux,PFK.c exch,FBP.c <-> F6P.c,6.22923899078134,78.1085364377727
Net flux,PGI.c net,F6P.c <-> G6P.c,0.558201039188162,0.0885043844545005
Exch flux,PGI.c exch,F6P.c <-> G6P.c,223.459160377628,2166.09283768838
Net flux,PGM.c net,G6P.c <-> UDPG.c,0.558201039180858,0.0885043844545005
Exch flux,PGM.c exch,G6P.c <-> UDPG.c,48480.4614469892,931.924832316997
Net flux,SPS,F6P.c + UDPG.c -> S6P,0.558201039188109,0.0885043844545005
Net flux,PGAM.c net,3PGA.c <-> PEP.c,0.238039251151616,0.037741809750125
Exch flux,PGAM.c exch,3PGA.c <-> PEP.c,1.00002233383023e-07,2093.47072853201
Net flux,PK.c,PEP.c -> PYR.c,0.108050975155642,0.0171317937034472
Net flux,PDH,PYR.c + dummy -> ACA + CO2,0.0899261874132713,0.0142580563528632
Net flux,CS,OAA + ACA -> CIT,0.0899261874132673,0.0142580563528632
Net flux,ACO net,CIT <-> ICI,0.0899261874133117,0.0142580563528632
Exch flux,ACO exch,CIT <-> ICI,1154.35954287843,2093.4707281918
Net flux,IDH,ICI + dummy -> AKG + CO2,0.0899261874132837,0.0142580563528632
Net flux,MDH net,MAL <-> OAA,2.1316282072803e-14,0
Exch flux,MDH exch,MAL <-> OAA,0.147085408014142,0.0564706992510872
Net flux,PPC,PEP.c + CO2 -> OAA + dummy,0.12998827599572,0.0206100160114415
Net flux,T_3PGA net,3PGA.p <-> 3PGA.c,0.238039251151598,0.037741809750125
Exch flux,T_3PGA exch,3PGA.p <-> 3PGA.c,1.0000000116861e-07,0
Net flux,T_DHAP net,TP.p <-> TP.c,2.2328041567526,0.354017537818002
Exch flux,T_DHAP exch,TP.p <-> TP.c,0.618990078095927,0.327843135396599
Net flux,ALT,PYR.c -> ALA.c,0.018124787742509,0.0028737373660509
Net flux,ASPT,OAA -> ASP,0.0400620885825471,0.00635195968103856
Net flux,GLUDH,AKG -> GLU,0.0899261874132606,0.0142580563528632
Net flux,PCR net,GLU <-> PRO,-2.48689957516035e-14,0
Exch flux,PCR exch,GLU <-> PRO,1.0000000116861e-07,0
Net flux,GS net,GLU <-> GLN,0,0
Exch flux,GS exch,GLU <-> GLN,1.0000000116861e-07,0
Net flux,TS net,ASP <-> THR,0,0
Exch flux,TS exch,ASP <-> THR,1.0000000116861e-07,0
Net flux,AS net,ASP <-> ASN,1.06581410364015e-14,0
Exch flux,AS exch,ASP <-> ASN,1.0000000116861e-07,0
Net flux,G_3PGA.p,0*3PGA.p -> 3PGA,2.1022374170343e-06,3469.93902922371
Net flux,G_3PGA.c,0*3PGA.c -> 3PGA,92.9119084884225,2467.50062771759
Net flux,G_DHAP.p,0*TP.p -> TP,40.6853798422514,3387.73439900445
Net flux,G_DHAP.c,0*TP.c -> TP,51.8471856998322,2331.61598707402
Net flux,G_F6P.p,0*F6P.p -> F6P,48.6686345032614,3732.04677198946
Net flux,G_F6P.c,0*F6P.c -> F6P,36.5465768177337,2846.72483890141
Net flux,G_FBP.p,0*FBP.p -> FBP,2.10223446117652e-06,3283.36130900027
Net flux,G_FBP.c,0*FBP.c -> FBP,83.4512313372622,2249.30276550868
Net flux,G_G6P.p,0*G6P.p -> G6P,19.0549768395407,3770.17525232159
Net flux,G_G6P.c,0*G6P.c -> G6P,58.8549499996569,2861.91381290097
Net flux,G_RU5P.p,0*RU5P.p -> P5P,2.10222547991634e-06,3550.2779436373
Net flux,G_X5P.p,0*X5P.p -> P5P,92.8477694984219,2696.3588761873
Net flux,G_R5P.p,0*R5P.p -> R5P,82.2810779887508,2456.98870064029
Net flux,G_GA.p,0*GA.p -> GA,40.3750803533371,1.5720167049353
Net flux,G_SER.p,0*SER.p -> SER,99.9938604278604,2586.57022293129
Net flux,G_GLY.p,0*GLY.p -> GLY,63.7024349445012,3601.69638808894
Net flux,G_RUBP.p,0*RUBP.p -> RUBP,92.5302752674636,2367.97617075168
Net flux,G_S7P.p,0*S7P.p -> S7P,98.4567310636579,2474.24657946233
Net flux,G_2PG.p,0*2PG.p -> 2PG,87.0427532708633,2685.03033471629
Net flux,G_ADPG.p,0*ADPG.p -> ADPG,95.0805622184478,2350.22807974894
Net flux,G_PEP.c,0*PEP.c -> PEP,89.2305410447667,2561.17469779915
Net flux,G_UDPG.c,0*UDPG.c -> UDPG,72.4268033047895,2428.65014952836
Net flux,G_ALA.c,0*ALA.c -> ALA,76.89350070377,7.27857344073035
Net flux,(1-G)_GA,0*GA.x -> GA,59.624919646665,1.5720167049353
Net flux,(1-G)_SER,0*SER.x -> SER,1.0000000116861e-07,0
Net flux,(1-G)_GLY,0*GLY.x -> GLY,36.2945020330537,2.47915340364207
Net flux,(1-G)_R5P,0*R5P.x -> R5P,17.7189220112461,2456.98870064029
Net flux,(1-G)_RUBP,0*RUBP.x -> RUBP,7.46972473253513,2367.97617075168
Net flux,(1-G)_3PGA,0*3PGA.x -> 3PGA,7.08808940934039,2412.2810784619
Net flux,(1-G)_TP,0*TP.x -> TP,7.46743445791693,2559.57978731845
Net flux,(1-G)_F6P,0*F6P.x -> F6P,14.7847886790088,2447.51554875316
Net flux,(1-G)_FBP,0*FBP.x -> FBP,16.548766560498,2412.52945797268
Net flux,(1-G)_G6P,0*G6P.x -> G6P,22.0900731608007,2461.13715169563
Net flux,(1-G)_RU5P,0*RU5P.x -> P5P,7.15222839935401,2412.17050698934
Net flux,(1-G)_S7P,0*S7P.x -> S7P,1.54326893634012,2474.24657946233
Net flux,(1-G)_2PG,0*2PG.x -> 2PG,12.9572467291391,2685.03033471629
Net flux,(1-G)_ADPG,0*ADPG.x -> ADPG,4.91943778155118,2350.22807974894
Net flux,(1-G)_PEP,0*PEP.x -> PEP,10.7694589552315,2561.17469779915
Net flux,(1-G)_UDPG,0*UDPG.x -> UDPG,27.5731966952117,2428.65014952836
Net flux,(1-G)_ALA,0*ALA.x -> ALA,23.1064992962298,7.27857344073035
Net flux,PGASink,3PGA -> Sink,100,0
Net flux,DHAPSink,TP -> Sink,100.000000000001,0
Net flux,F6PSink,F6P -> Sink,100.000000000004,0
Net flux,FBPSink,FBP -> Sink,99.9999999999947,0
Net flux,G6PSink,G6P -> Sink,99.9999999999983,0
Net flux,P5PSink,P5P -> Sink,100.000000000001,0
Net flux,R5PSink,R5P -> Sink,99.9999999999968,0
Net flux,GASink,GA -> Sink,100.000000000002,0
Net flux,SERSink,SER -> Sink,99.9999999999996,0
Net flux,GLYSink,GLY -> Sink,100.000000000001,0
Net flux,RUBPSink,RUBP -> Sink,99.9999999999987,0
Net flux,S7PSink,S7P -> Sink,99.9999999999979,0
Net flux,2PGSink,2PG -> Sink,100.000000000002,0
Net flux,ADPGSink,ADPG -> Sink,99.999999999999,0
Net flux,PEPSink,PEP -> Sink,99.9999999999983,0
Net flux,UDPGSink,UDPG -> Sink,100.000000000001,0
Net flux,ALASink,ALA -> Sink,99.9999999999998,0
Net flux,S6Pout-LL,S6P + 0.1611*GLU + 0.07177*ASP + 0.03247*ALA.c + 0.01019*dummyGLY + 0.03484*dummySER -> Sink,0.558201039188145,0.0885043844545005
Net flux,PGP.p,2PG.p -> Glyc.p,16.5958684590598,0.579643834462408
Net flux,GOX,Glyc.p -> Glyx.p,16.5958684590598,0.579643834462408
Net flux,GGT,Glyx.p -> GLY.p,16.5958684590598,0.579643834462408
Net flux,SGAT,SER.p -> HPA.p,2.16355254622889,0.529282402415316
Net flux,HPR.p,HPA.p -> GA.p,2.16355254622889,0.529282402415316
Net flux,T_GLY-m net,GLY.p <-> GLY.m,16.5156314414344,3597.52523135316
Exch flux,T_GLY-m exch,GLY.p <-> GLY.m,222303.766058379,2574.33629266815
Net flux,GDC.m,GLY.m + dummy -> myTHF.m + CO2,8.32088015169291,0.340235371014367
Net flux,T_SER-m net,SER.p <-> SER.m,-8.32088015169279,0.340235371014367
Exch flux,T_SER-m exch,SER.p <-> SER.m,1246.16514925391,2548.94921411545
Net flux,mSHMT,GLY.m + myTHF.m -> SER.m,8.32088015169291,0.340235371014367
Net flux,T_SER-c net,SER.p <-> SER.c,0.0515812948409708,0.341032430212394
Exch flux,T_SER-c exch,SER.p <-> SER.c,1.00000000280431e-07,2.56947646612386e-13
Net flux,T_Gly-c net,GLY.p <-> GLY.c,0.0745489490245057,3597.5251846403
Exch flux,T_Gly-c exch,GLY.p <-> GLY.c,0.000101515817417575,2573.57138090496
Net flux,cSHMT,SER.c -> GLY.c + meTHF.c,0.0515811948409771,0.341032430237619
Net flux,FmTHF-reductase net,meTHF.c <-> FmTHF.c,0.0515811948409777,0.341032430237619
Exch flux,FmTHF-reductase exch,meTHF.c <-> FmTHF.c,8.91492620361299,2667.15373171622
Net flux,Met-synthase,FmTHF.c + Hcy.c -> Met.c,0.051581194840957,0.341032430237619
Net flux,SAM-synthase,Met.c -> SAM.c,0.0515811948409667,0.341032430237619
Net flux,Methylation,SAM.c -> SAH.c + Acceptor.c,0.0515811948409614,0.341032430237619
Net flux,hydrolysis,SAH.c -> Hcy.c,0.0515811948409535,0.341032430237619
Net flux,G_SER.m,0*SER.m -> SER,0.00613937162792411,2586.57022293129
Net flux,G_SER.c,0*SER.c -> SER,1.00511257983271e-07,0
Net flux,G_Gly.m,0*GLY.m -> GLY,0.000460282563786052,2566.56575375919
Net flux,G_Gly.c,0*GLY.c -> GLY,0.00260273988250859,2514.67781837633
Net flux,T_GLY-c-m,GLY.c -> GLY.m,0.126128861939943,3597.52520080422
Net flux,G_Glyc,0*Glyc.p -> Glyc,23.7192785825853,1.30374212309485
Net flux,G_Glyx,0*Glyx.p -> Glyx,14.6129420496104,2.18514741650167
Net flux,G_HPA,0*HPA.p -> HPA,8.80182883855289,1.33562567994654
Net flux,(1-G)_Glyc,0*Glyc.x -> Glyc,76.2807214174153,1.30374212309485
Net flux,(1-G)_Glyx,0*Glyx.x -> Glyx,85.3870579503905,2.18514741650167
Net flux,(1-G)_HPA,0*HPA.x -> HPA,91.198171161447,1.33562567994654
Net flux,GlycSink,Glyc -> Sink,100.000000000001,0
Net flux,GlyxSink,Glyx -> Sink,100.000000000001,0
Net flux,HPASink,HPA -> Sink,99.9999999999998,0
Net flux,SERex,dummySER -> outSER,6.08629679683625,0.554987014003957
Net flux,G_PYR,0*PYR.c -> PYR,33.1832660990884,1.88678542380065
Net flux,(1-G)_PYR,0*PYR.x -> PYR,66.8167339009118,1.88678542380065
Net flux,PYRSink,PYR -> Sink,100,0
Net flux,G_meTHF,0*meTHF.c -> meTHF,99.9589115584483,2539.87437584362
Net flux,G_FmTHF,0*FmTHF.c -> FmTHF,78.7138396680191,2.88767407681892
Net flux,G_Met,0*Met.c -> Met,61.5032265399161,4.34259272422205
Net flux,G_SAM,0*SAM.c -> SAM,73.502058413857,3.77455758174442
Net flux,(1-G)_meTHF,0*meTHF.x -> meTHF,0.041088441551679,2539.87437584362
Net flux,(1-G)_FmTHF,0*FmTHF.x -> FmTHF,21.2861603319809,2.88767407681892
Net flux,(1-G)_Met,0*Met.x -> Met,38.496773460084,4.34259272422205
Net flux,(1-G)_SAM,0*SAM.x -> SAM,26.497941586143,3.77455758174442
Net flux,meTHFSink,meTHF -> Sink,99.9999999999999,0
Net flux,FmTHFSink,FmTHF -> Sink,100,0
Net flux,MetSink,Met -> Sink,100,0
Net flux,SAMsink,SAM -> Sink,100,0
Net flux,Met-protein,Met.c -> Protein,6.51983996113883e-15,0
Net flux,GLY-protein,GLY.c -> Protein,1.28192557191653e-06,2.2328634808799e-13
Net flux,SER-protein,SER.c -> Protein,9.99999958395392e-08,2.53543141767146e-13
Pool,2PG pool,,0,0
Pool,2PG.p pool,,2.10993670088946e-06,2501.45752649722
Pool,2PG.x pool,,1,Inf
Pool,3PGA pool,,0,0
Pool,3PGA.c pool,,0.0089609514169438,0.00316121496671488
Pool,3PGA.p pool,,2.49244152124488e-06,2674.66777828452
Pool,3PGA.x pool,,1,Inf
Pool,ACA pool,,1.3106340294463e-06,2500.9033617359
Pool,ADPG pool,,0,0
Pool,ADPG.p pool,,9.9999999999999e-08,Inf
Pool,ADPG.x pool,,1,Inf
Pool,AKG pool,,1.77550017573309e-06,2488.88328626866
Pool,ALA pool,,0,0
Pool,ALA.c pool,,0.00544480131160458,0.00150999075580139
Pool,ALA.x pool,,1,Inf
Pool,ASN pool,,7566.07673788337,2454.75090865219
Pool,ASP pool,,0.00136281191825117,0.00139114794223428
Pool,Acceptor.c pool,,1,Inf
Pool,CIT pool,,3.04113717478832,1.63574198551292
Pool,CO2 pool,,0.156335895130543,0.142665257789738
Pool,CO2.t pool,,1,Inf
Pool,E4P.p pool,,0,0
Pool,EC2 pool,,0,0
Pool,F6P pool,,0,0
Pool,F6P.c pool,,3.28307244141131e-06,2610.67651921351
Pool,F6P.p pool,,2.01027524175704e-06,2600.95893249637
Pool,F6P.x pool,,1,Inf
Pool,FBP pool,,0,0
Pool,FBP.c pool,,3.26446708002954e-06,2663.09841194326
Pool,FBP.p pool,,1.78734233760563e-06,2497.01917942292
Pool,FBP.x pool,,1,Inf
Pool,FmTHF pool,,0.0272215880802381,2510.95796806771
Pool,FmTHF.c pool,,1e-07,0
Pool,FmTHF.x pool,,1,Inf
Pool,G6P pool,,0,0
Pool,G6P.c pool,,9.85115068126629e-06,2571.00378198202
Pool,G6P.p pool,,2.53553862514221e-06,2463.5037287656
Pool,G6P.x pool,,1,Inf
Pool,GA pool,,0,0
Pool,GA.p pool,,7.17728557033912e-07,2429.2743192061
Pool,GA.x pool,,1,Inf
Pool,GLN pool,,8.83867753979696,2442.43574671388
Pool,GLU pool,,1.77545230878203e-06,2593.17728289104
Pool,GLY pool,,0,0
Pool,GLY.c pool,,245.328871118932,2568.4112214534
Pool,GLY.m pool,,1.49599543423866,0.138404901334894
Pool,GLY.p pool,,0.000426998206223367,2501.04152550746
Pool,GLY.x pool,,1,Inf
Pool,Glyc pool,,8.38092059456373,1.79325731155255
Pool,Glyc.p pool,,4.02870283793265e-06,2391.15729196519
Pool,Glyc.x pool,,1,Inf
Pool,Glyx pool,,18.3663204392462,6.52219889036539
Pool,Glyx.p pool,,4.54941717213381e-06,2478.38618610512
Pool,Glyx.x pool,,1,Inf
Pool,HPA pool,,9.82674317535162e-05,2463.59065535268
Pool,HPA.p pool,,5.75389912240758e-07,2575.67440077378
Pool,HPA.x pool,,1,Inf
Pool,Hcy.c pool,,1,Inf
Pool,ICI pool,,0.00384000574513938,2463.7098826534
Pool,MAL pool,,0.247059345244406,0.0984754176013426
Pool,Met pool,,3.60375757971319e-05,2593.71921491953
Pool,Met.c pool,,1e-07,0
Pool,Met.x pool,,1,Inf
Pool,OAA pool,,0.101650025840651,0.0296197421593926
Pool,P5P pool,,0,0
Pool,PEP pool,,0,0
Pool,PEP.c pool,,0.000765322135226175,0.0298196651579123
Pool,PEP.x pool,,1,Inf
Pool,PRO pool,,5.39499622162411,2491.02622575968
Pool,PYR pool,,1.00000000058387e-07,0
Pool,PYR.c pool,,0.00124926046195219,0.00114453468136293
Pool,PYR.x pool,,1,Inf
Pool,Protein pool,,1,Inf
Pool,R5P pool,,0,0
Pool,R5P.p pool,,1.1948996405824e-06,2504.23502637801
Pool,R5P.x pool,,1,Inf
Pool,RU5P.p pool,,1.89376883351613e-06,2572.16784442558
Pool,RU5P.x pool,,1,Inf
Pool,RUBP pool,,0,0
Pool,RUBP.p pool,,1.88027986715071e-06,2619.50152874119
Pool,RUBP.x pool,,1,Inf
Pool,S6P pool,,1,Inf
Pool,S7P pool,,0,0
Pool,S7P.p pool,,1.59514996893211e-06,2476.09909662158
Pool,S7P.x pool,,1,Inf
Pool,SAH.c pool,,1,Inf
Pool,SAM pool,,4.0517295772322,1.17531606898522
Pool,SAM.c pool,,1e-07,0
Pool,SAM.x pool,,1,Inf
Pool,SBP pool,,0,0
Pool,SER pool,,0,0
Pool,SER.c pool,,9.99999999998398e-08,0
Pool,SER.m pool,,0.405519579878753,0.0576145615283283
Pool,SER.p pool,,1.00000000002876e-07,0
Pool,SER.x pool,,1,Inf
Pool,Sink pool,,1,Inf
Pool,Starch pool,,1,Inf
Pool,THR pool,,3842.15392627566,2540.59957699901
Pool,TP pool,,0,0
Pool,TP.c pool,,3.71170434841747e-06,2484.60638729555
Pool,TP.p pool,,2.57424808012068e-06,2421.36332302594
Pool,TP.x pool,,1,Inf
Pool,UDPG pool,,0,0
Pool,UDPG.c pool,,3245.67772010245,2497.5375198307
Pool,UDPG.x pool,,1,Inf
Pool,X5P.p pool,,1.93732131743154e-06,2624.29121009306
Pool,dummy pool,,1,Inf
Pool,dummyGLY pool,,1,Inf
Pool,dummySER pool,,1,Inf
Pool,meTHF pool,,0.452910360380435,0.733622112149767
Pool,meTHF.c pool,,1e-07,0
Pool,meTHF.x pool,,1,Inf
Pool,myTHF.m pool,,1.00000000002876e-07,0
Pool,outSER pool,,1,Inf
Norm,Experiment1 Glyc205 #1 norm,,0.987118535471486,0.0128366162882201
Norm,Experiment1 Glyc205 #2 norm,,1.01006086554329,0.0222079978419534
Norm,Experiment1 Glyc205 #3 norm,,0.980825172783386,0.0186821070281615
Norm,Experiment1 Glyc205 #4 norm,,0.98214029645526,0.0306402737663838
Norm,Experiment1 Glyc205 #5 norm,,0.983096893296848,0.0327933267891844
Norm,Experiment1 Glyc205 #6 norm,,1.02687227567521,0.0255648576902586
Norm,Experiment1 Glyc205 #7 norm,,1.00276813702873,0.0356594860206389
Norm,Experiment1 Glyc205 #8 norm,,0.986854820542643,0.0301276947750756
Norm,Experiment1 Glyx160 #1 norm,,1.00951319096688,0.0110498309821149
Norm,Experiment1 Glyx160 #2 norm,,1.00026653883098,0.0133145899020976
Norm,Experiment1 Glyx160 #3 norm,,0.936282173576095,0.0161418606760704
Norm,Experiment1 Glyx160 #4 norm,,1.01250824132945,0.0151778938190121
Norm,Experiment1 Glyx160 #5 norm,,0.945656181545366,0.0333393073965661
Norm,Experiment1 Glyx160 #6 norm,,1.01527495661779,0.0201043442594118
Norm,Experiment1 Glyx160 #7 norm,,0.975099968508199,0.0390600115906123
Norm,Experiment1 Glyx160 #8 norm,,1.00457375551901,0.0406860516250671
Norm,Experiment1 GLY276 #1 norm,,0.997797974914926,0.00996006471454792
Norm,Experiment1 GLY276 #2 norm,,0.990632077863665,0.0195464328910694
Norm,Experiment1 GLY276 #3 norm,,1.06331833884451,0.0448071326081868
Norm,Experiment1 GLY276 #4 norm,,1.02608838864409,0.0631730834869452
Norm,Experiment1 GLY276 #5 norm,,1.00314834606462,0.135021336632221
Norm,Experiment1 GLY276 #6 norm,,0.881291122565079,0.0914255971565047
Norm,Experiment1 GLY276 #7 norm,,1.04707351110769,0.0729956845147131
Norm,Experiment1 GLY276 #8 norm,,1.01758530044786,0.0775445251479668
Norm,Experiment1 HPA262 #1 norm,,1.00381434306147,0.0112234648288798
Norm,Experiment1 HPA262 #2 norm,,0.949739290718526,0.027411682490118
Norm,Experiment1 HPA262 #3 norm,,0.962324628681546,0.012607732050088
Norm,Experiment1 HPA262 #4 norm,,0.933614821240058,0.0347073039238819
Norm,Experiment1 HPA262 #5 norm,,1.00000967100632,0.0247235713427356
Norm,Experiment1 HPA262 #6 norm,,0.91219671216266,0.0306024320496855
Norm,Experiment1 HPA262 #7 norm,,0.962501316691636,0.0243435307813298
Norm,Experiment1 HPA262 #8 norm,,1.05752223481727,0.0250152307233849
Norm,Experiment1 GA307 #1 norm,,0.988572366928346,0.0123892246207445
Norm,Experiment1 GA307 #2 norm,,0.952012219714535,0.0281713034233093
Norm,Experiment1 GA307 #3 norm,,0.900957418954997,0.0286812846097296
Norm,Experiment1 GA307 #4 norm,,0.986477537471089,0.0199006036976409
Norm,Experiment1 GA307 #5 norm,,0.963294293147981,0.0571257665800075
Norm,Experiment1 GA307 #6 norm,,1.03058611328321,0.0415981801928426
Norm,Experiment1 GA307 #7 norm,,0.985548523080099,0.0447641274009107
Norm,Experiment1 GA307 #8 norm,,0.985286843919176,0.0343525504043517
Norm,Experiment1 SER306 #1 norm,,1.01303397314584,0.0145477864049924
Norm,Experiment1 SER306 #2 norm,,0.955121818396868,0.0142284213786628
Norm,Experiment1 SER306 #3 norm,,0.967308002787514,0.0424843796193663
Norm,Experiment1 SER306 #4 norm,,1.03594463845608,0.0473975098424078
Norm,Experiment1 SER306 #5 norm,,0.889934825273276,0.0778982640329318
Norm,Experiment1 SER306 #6 norm,,0.882589607256684,0.0613440809049546
Norm,Experiment1 SER306 #7 norm,,1.00945853861844,0.0473131037328834
Norm,Experiment1 SER306 #8 norm,,1.00628772701024,0.135369781380421
Norm,Experiment1 meTHF #1 norm,,0.994329789264493,0.00987676798031013
Norm,Experiment1 meTHF #2 norm,,1.01948985892843,0.0103128657542446
Norm,Experiment1 meTHF #3 norm,,1.01750284477585,0.0645459896074966
Norm,Experiment1 meTHF #4 norm,,0.962307727923804,0.0461155696532078
Norm,Experiment1 meTHF #5 norm,,0.990102165775829,0.089261917618621
Norm,Experiment1 meTHF #6 norm,,0.966950460156292,0.113911239361264
Norm,Experiment1 meTHF #7 norm,,1.02806246371957,0.0571602737897158
Norm,Experiment1 meTHF #8 norm,,0.926114620763025,0.0811294448169809
Norm,Experiment1 FmTHF #1 norm,,1.00281615766876,0.0100509531171424
Norm,Experiment1 FmTHF #2 norm,,0.955957803559252,0.0230382571707381
Norm,Experiment1 FmTHF #3 norm,,0.967860766381658,0.0293519258019253
Norm,Experiment1 FmTHF #4 norm,,1.02328259342692,0.0237947181716557
Norm,Experiment1 FmTHF #5 norm,,0.972427514135743,0.0566754998476569
Norm,Experiment1 FmTHF #6 norm,,0.997552083369992,0.0628630181606558
Norm,Experiment1 FmTHF #7 norm,,1.00504248069989,0.0560084722654306
Norm,Experiment1 FmTHF #8 norm,,1.05188398891939,0.102276062255421
Norm,Experiment1 Met176 #1 norm,,0.956422656393579,0.0232363454114186
Norm,Experiment1 Met176 #2 norm,,0.901453536210129,0.0326406890571961
Norm,Experiment1 Met176 #3 norm,,0.960687105639074,0.0567429560390856
Norm,Experiment1 Met176 #4 norm,,0.935786702012841,0.0330456373131942
Norm,Experiment1 Met176 #5 norm,,1.00864303373403,0.0712586360276319
Norm,Experiment1 Met176 #6 norm,,0.951089517978818,0.135700807729583
Norm,Experiment1 Met176 #7 norm,,1.00376994486956,0.113852594988573
Norm,Experiment1 Met176 #8 norm,,1.00436778196886,0.119117478662371
Norm,Experiment1 SAM #1 norm,,0.989035711151753,0.0115822262161994
Norm,Experiment1 SAM #2 norm,,0.973124973840076,0.0118415497674382
Norm,Experiment1 SAM #3 norm,,0.99976977524344,0.0139163533154204
Norm,Experiment1 SAM #4 norm,,1.00587104677788,0.0225480279691898
Norm,Experiment1 SAM #5 norm,,0.98608698070679,0.0399713186688163
Norm,Experiment1 SAM #6 norm,,1.01158127831258,0.0690015219714632
Norm,Experiment1 SAM #7 norm,,1.01670716688967,0.0950832351093141
Norm,Experiment1 SAM #8 norm,,0.994363768230872,0.0702248974635166
Norm,Experiment1 CIT465 #1 norm,,1.00402255695037,0.0119390602076755
Norm,Experiment1 CIT465 #2 norm,,0.95671687165643,0.0126500770521376
Norm,Experiment1 CIT465 #3 norm,,0.992816339664265,0.0114513024781266
Norm,Experiment1 CIT465 #4 norm,,0.953839468068961,0.0163544052452908
Norm,Experiment1 CIT465 #5 norm,,1.01322982805187,0.0136682971613504
Norm,Experiment1 CIT465 #6 norm,,1.00828348005628,0.0126088597559188
Norm,Experiment1 CIT465 #7 norm,,1.00292956444256,0.0136116863257245
Norm,Experiment1 CIT465 #8 norm,,1.00556688011276,0.0193618669447113
Norm,Experiment1 MAL335 #1 norm,,0.9857881973739,0.012401908346917
Norm,Experiment1 MAL335 #2 norm,,1.02095859392167,0.011543349887244
Norm,Experiment1 MAL335 #3 norm,,0.986563953219835,0.0103408353356566
Norm,Experiment1 MAL335 #4 norm,,0.971985346919115,0.0144918904903777
Norm,Experiment1 MAL335 #5 norm,,0.969675946174956,0.0137462557134086
Norm,Experiment1 MAL335 #6 norm,,0.980208836694615,0.0135676115030601
Norm,Experiment1 MAL335 #7 norm,,0.984164568834272,0.0209380406290224
Norm,Experiment1 MAL335 #8 norm,,0.995964996602276,0.0363391614272701
Norm,Experiment1 ASP334 #1 norm,,0.973927816029247,0.0217344941620802
Norm,Experiment1 ASP334 #2 norm,,0.943836985576154,0.0312095311552048
Norm,Experiment1 ASP334 #3 norm,,0.950377952177704,0.018921364385291
Norm,Experiment1 ASP334 #4 norm,,1.03045442606481,0.0237705605593988
Norm,Experiment1 ASP334 #5 norm,,0.899289653432349,0.0307964909231214
Norm,Experiment1 ASP334 #6 norm,,0.959680180956586,0.03286048961154
Norm,Experiment1 ASP334 #7 norm,,0.985041951711427,0.0321873850026582
Norm,Experiment1 ASP334 #8 norm,,0.962121772496089,0.0814466652435653
Norm,Experiment1 GLU348 #1 norm,,0.969768017206078,0.0206894709941493
Norm,Experiment1 GLU348 #2 norm,,0.969293458429452,0.0189311860255271
Norm,Experiment1 GLU348 #3 norm,,1.01775984972703,0.0114214505922892
Norm,Experiment1 GLU348 #4 norm,,0.958250284628007,0.0367762489462451
Norm,Experiment1 GLU348 #5 norm,,0.967816123394394,0.0228148965861034
Norm,Experiment1 GLU348 #6 norm,,1.00613604136117,0.0133577256208556
Norm,Experiment1 GLU348 #7 norm,,0.989910034646589,0.0152276595331187
Norm,Experiment1 GLU348 #8 norm,,0.976838581809342,0.0216037158910386
Norm,Experiment1 THR320 #1 norm,,0.986470232147775,0.0104763672850659
Norm,Experiment1 THR320 #2 norm,,0.994921520772669,0.0146115353642631
Norm,Experiment1 THR320 #3 norm,,1.01040400113174,0.0107770227561514
Norm,Experiment1 THR320 #4 norm,,0.987017657264246,0.0286711977100016
Norm,Experiment1 THR320 #5 norm,,0.974011360417149,0.0202327078020228
Norm,Experiment1 THR320 #6 norm,,0.946661682911084,0.0108876067227875
Norm,Experiment1 THR320 #7 norm,,0.968411004282773,0.013695243110444
Norm,Experiment1 THR320 #8 norm,,0.894038749640421,0.0247163985474324
Norm,Experiment1 ALA116 #1 norm,,1.01006355945156,0.0101656648498611
Norm,Experiment1 ALA116 #2 norm,,1.02368232868334,0.0102375809863579
Norm,Experiment1 ALA116 #3 norm,,1.02493756800287,0.0188129744615505
Norm,Experiment1 ALA116 #4 norm,,1.03999703000005,0.0226677824350238
Norm,Experiment1 ALA116 #5 norm,,0.984598543713854,0.115908391505234
Norm,Experiment1 ALA116 #6 norm,,0.967458472403565,0.0808665639581478
Norm,Experiment1 ALA116 #7 norm,,1.00989109026679,0.0680330760873587
Norm,Experiment1 ALA116 #8 norm,,0.963470632733979,0.105573649347385
Norm,Experiment1 PYR #1 norm,,0.982034448916281,0.0173942334309048
Norm,Experiment1 PYR #2 norm,,1.00071473502881,0.467144388286919
Norm,Experiment1 PYR #3 norm,,0.979796265869684,0.626414127637272
Norm,Experiment1 PYR #4 norm,,1.06425337262078,0.0481442564416359
Norm,Experiment1 PYR #5 norm,,1.02683918519248,0.057207436953753
Norm,Experiment1 PYR #6 norm,,1.0176803454347,0.0591820249983685
Norm,Experiment1 PYR #7 norm,,0.960406542864817,0.103972550906704
Norm,Experiment1 PYR #8 norm,,1.00662905608561,0.063320142369728
