type,id,eqn,val,std
Net flux,CO2.t,CO2.t -> CO2,49.0541354093293,1.10010330915947
Net flux,CO2_sink,dummy -> Sink,49.0541354093293,1.10010330915947
Net flux,RUBICSO_CO2,RUBP.p + CO2 -> 3PGA.p + 3PGA.p + dummy,59.1824696966685,1.19120922610477
Net flux,GAPDH.p net,3PGA.p <-> TP.p,142.777370825822,2.64418034857479
Exch flux,GAPDH.p exch,3PGA.p <-> TP.p,0.35054637587848,0.32683785345658
Net flux,ALD,TP.p + E4P.p -> SBP,26.0797585411895,0.480174383856556
Net flux,SBP,SBP -> S7P.p,26.0797585411895,0.480174383856556
Net flux,FBA.p net,TP.p + TP.p <-> FBP.p,30.4193373449998,0.650325270360329
Exch flux,FBA.p exch,TP.p + TP.p <-> FBP.p,20475.0762378504,2351.83686974821
Net flux,PFK.p net,FBP.p <-> F6P.p,30.419337345003,0.650325270360329
Exch flux,PFK.p exch,FBP.p <-> F6P.p,1.00001599889765e-07,1.90237608643624e-12
Net flux,TK1 net,TP.p + EC2 <-> X5P.p,52.159517082379,0.960348767713111
Exch flux,TK1 exch,TP.p + EC2 <-> X5P.p,1.0000000116861e-07,0
Net flux,TK2 net,S7P.p <-> R5P.p + EC2,26.0797585411895,0.480174383856556
Exch flux,TK2 exch,S7P.p <-> R5P.p + EC2,38.0084854587002,4277.02935840187
Net flux,TK3 net,F6P.p <-> E4P.p + EC2,26.0797585411892,0.480174383856556
Exch flux,TK3 exch,F6P.p <-> E4P.p + EC2,7924.28773868068,5065.72632071271
Net flux,PPE net,X5P.p <-> RU5P.p,52.159517082379,0.960348767713111
Exch flux,PPE exch,X5P.p <-> RU5P.p,93.068501071685,4946.47166038869
Net flux,PPI net,R5P.p <-> RU5P.p,26.0797585411896,0.480174383856556
Exch flux,PPI exch,R5P.p <-> RU5P.p,238.348074772033,2911.82328687729
Net flux,PRK,RU5P.p -> RUBP.p,78.2392756235686,1.44052315156967
Net flux,RUBISCO_O2,RUBP.p -> 3PGA.p + 2PG.p,19.0568059269001,0.595326448172984
Net flux,GLYdil net,GLY.p <-> GLY.x + dummyGLY,0.00942427375496635,0.00109991713616645
Exch flux,GLYdil exch,GLY.p <-> GLY.x + dummyGLY,1.0000000116861e-07,0
Net flux,SERdil net,SER.p <-> SER.x + dummySER,3.25164374799986,1.17917653629571
Exch flux,SERdil exch,SER.p <-> SER.x + dummySER,1.17777129703414,0.17108865231241
Net flux,GK,GA.p -> 3PGA.p,5.75002072639573,0.663440847836074
Net flux,PGI.p net,F6P.p <-> G6P.p,4.33957880381307,0.366552626889619
Exch flux,PGI.p exch,F6P.p <-> G6P.p,3.89224826644598,5861.71805039792
Net flux,PGM.p,G6P.p -> ADPG.p,4.33957880381308,0.366552626889619
Net flux,Starch,ADPG.p -> Starch,4.33957880381306,0.366552626889619
Net flux,FBA.c net,TP.c + TP.c <-> FBP.c,1.84971025612323,0.215881675211629
Exch flux,FBA.c exch,TP.c + TP.c <-> FBP.c,20.5439510872506,5861.71804291241
Net flux,PFK.c net,FBP.c <-> F6P.c,1.84971025612324,0.215881675211629
Exch flux,PFK.c exch,FBP.c <-> F6P.c,5.19716911350224,5861.71804291241
Net flux,PGI.c net,F6P.c <-> G6P.c,0.924855128061637,0.107940837605814
Exch flux,PGI.c exch,F6P.c <-> G6P.c,227.109318555531,5861.71803993089
Net flux,PGM.c net,G6P.c <-> UDPG.c,0.924855128061608,0.107940837605814
Exch flux,PGM.c exch,G6P.c <-> UDPG.c,48481.3849017991,5861.71803893705
Net flux,SPS,F6P.c + UDPG.c -> S6P,0.924855128061584,0.107940837605814
Net flux,PGAM.c net,3PGA.c <-> PEP.c,0.394395220810378,0.0460302908865542
Exch flux,PGAM.c exch,3PGA.c <-> PEP.c,0.690094530863598,5861.71803911778
Net flux,PK.c,PEP.c -> PYR.c,0.179024207138958,0.0208941079455081
Net flux,PDH,PYR.c + dummy -> ACA + CO2,0.148994161130946,0.0173892689529157
Net flux,CS,OAA + ACA -> CIT,0.148994161130942,0.0173892689529157
Net flux,ACO net,CIT <-> ICI,0.148994161130986,0.0173892689529157
Exch flux,ACO exch,CIT <-> ICI,1156.68835730552,5861.71803893705
Net flux,IDH,ICI + dummy -> AKG + CO2,0.148994161130958,0.0173892689529157
Net flux,MDH net,MAL <-> OAA,2.1316282072803e-14,0
Exch flux,MDH exch,MAL <-> OAA,0.215856474419731,0.0925501277898485
Net flux,PPC,PEP.c + CO2 -> OAA + dummy,0.21537101367162,0.025136182862405
Net flux,T_3PGA net,3PGA.p <-> 3PGA.c,0.394395220810363,0.0460302908865542
Exch flux,T_3PGA exch,3PGA.p <-> 3PGA.c,0.407441407779846,5369.37067364344
Net flux,T_DHAP net,TP.p <-> TP.c,3.6994205122465,0.431763350423258
Exch flux,T_DHAP exch,TP.p <-> TP.c,9.99999998363421e-08,0
Net flux,ALT,PYR.c -> ALA.c,0.0300300460082081,0.00350483900328745
Net flux,ASPT,OAA -> ASP,0.0663768525410002,0.0077469139319579
Net flux,GLUDH,AKG -> GLU,0.148994161130935,0.0173892689529157
Net flux,PCR net,GLU <-> PRO,-2.48689957516035e-14,0
Exch flux,PCR exch,GLU <-> PRO,1.0000000116861e-07,0
Net flux,GS net,GLU <-> GLN,0,0
Exch flux,GS exch,GLU <-> GLN,1.00041354755831e-07,0
Net flux,TS net,ASP <-> THR,0,0
Exch flux,TS exch,ASP <-> THR,1.0000000116861e-07,0
Net flux,AS net,ASP <-> ASN,1.06581410364015e-14,0
Exch flux,AS exch,ASP <-> ASN,1.0000000116861e-07,0
Net flux,G_3PGA.p,0*3PGA.p -> 3PGA,2.46866294162373e-06,7331.16272931099
Net flux,G_3PGA.c,0*3PGA.c -> 3PGA,92.9119081396814,4954.14072149037
Net flux,G_DHAP.p,0*TP.p -> TP,40.685379842242,7348.17225596498
Net flux,G_DHAP.c,0*TP.c -> TP,51.8471856996947,5218.56899338207
Net flux,G_F6P.p,0*F6P.p -> F6P,48.6686345030749,6929.2500114439
Net flux,G_F6P.c,0*F6P.c -> F6P,36.546576817712,4788.86403156694
Net flux,G_FBP.p,0*FBP.p -> FBP,2.46866127895373e-06,7344.39651865437
Net flux,G_FBP.c,0*FBP.c -> FBP,83.4512310471422,5423.73457718952
Net flux,G_G6P.p,0*G6P.p -> G6P,19.0549768397257,7082.60920391527
Net flux,G_G6P.c,0*G6P.c -> G6P,58.8549499993083,4783.93600322456
Net flux,G_RU5P.p,0*RU5P.p -> P5P,2.46865369035731e-06,7174.77522971821
Net flux,G_X5P.p,0*X5P.p -> P5P,92.8477691502916,5129.41485872846
Net flux,G_R5P.p,0*R5P.p -> R5P,82.2810779884949,5185.68658763486
Net flux,G_GA.p,0*GA.p -> GA,39.8454393753565,1.60181768987819
Net flux,G_SER.p,0*SER.p -> SER,99.9763896678162,7132.34861731984
Net flux,G_GLY.p,0*GLY.p -> GLY,26.6597108880529,5122.78927842884
Net flux,G_RUBP.p,0*RUBP.p -> RUBP,92.5302752673063,5336.42886587635
Net flux,G_S7P.p,0*S7P.p -> S7P,98.4567310636212,5209.3306236551
Net flux,G_2PG.p,0*2PG.p -> 2PG,87.0427532706349,5019.17650772059
Net flux,G_ADPG.p,0*ADPG.p -> ADPG,95.0805622183377,4978.55405316774
Net flux,G_PEP.c,0*PEP.c -> PEP,89.2305410445615,5229.11819366047
Net flux,G_UDPG.c,0*UDPG.c -> UDPG,72.4268033045549,5140.29451167263
Net flux,G_ALA.c,0*ALA.c -> ALA,74.011210298773,7.46406664990034
Net flux,(1-G)_GA,0*GA.x -> GA,60.1545606246456,1.60181768987819
Net flux,(1-G)_SER,0*SER.x -> SER,0.0236101041578713,4831.04147901572
Net flux,(1-G)_GLY,0*GLY.x -> GLY,24.7867945640154,4.31984221286201
Net flux,(1-G)_R5P,0*R5P.x -> R5P,17.718922011502,5185.68658763486
Net flux,(1-G)_RUBP,0*RUBP.x -> RUBP,7.46972473269241,5336.42886587635
Net flux,(1-G)_3PGA,0*3PGA.x -> 3PGA,7.08808939165595,5284.48878637393
Net flux,(1-G)_TP,0*TP.x -> TP,7.46743445806383,5252.5420438902
Net flux,(1-G)_F6P,0*F6P.x -> F6P,14.7847886792169,5172.24471559561
Net flux,(1-G)_FBP,0*FBP.x -> FBP,16.5487664841912,5304.61479519285
Net flux,(1-G)_G6P,0*G6P.x -> G6P,22.0900731609643,5082.4765247738
Net flux,(1-G)_RU5P,0*RU5P.x -> P5P,7.15222838105611,5061.35606156074
Net flux,(1-G)_S7P,0*S7P.x -> S7P,1.54326893637677,5209.3306236551
Net flux,(1-G)_2PG,0*2PG.x -> 2PG,12.9572467293675,5019.17650772059
Net flux,(1-G)_ADPG,0*ADPG.x -> ADPG,4.91943778166132,4978.55405316774
Net flux,(1-G)_PEP,0*PEP.x -> PEP,10.7694589554367,5229.11819366047
Net flux,(1-G)_UDPG,0*UDPG.x -> UDPG,27.5731966954463,5140.29451167263
Net flux,(1-G)_ALA,0*ALA.x -> ALA,25.9887897012268,7.46406664990034
Net flux,PGASink,3PGA -> Sink,100,0
Net flux,DHAPSink,TP -> Sink,100.000000000001,0
Net flux,F6PSink,F6P -> Sink,100.000000000004,0
Net flux,FBPSink,FBP -> Sink,99.9999999999947,0
Net flux,G6PSink,G6P -> Sink,99.9999999999983,0
Net flux,P5PSink,P5P -> Sink,100.000000000001,0
Net flux,R5PSink,R5P -> Sink,99.9999999999968,0
Net flux,GASink,GA -> Sink,100.000000000002,0
Net flux,SERSink,SER -> Sink,99.9999999999996,0
Net flux,GLYSink,GLY -> Sink,100.000000000001,0
Net flux,RUBPSink,RUBP -> Sink,99.9999999999987,0
Net flux,S7PSink,S7P -> Sink,99.9999999999979,0
Net flux,2PGSink,2PG -> Sink,100.000000000002,0
Net flux,ADPGSink,ADPG -> Sink,99.999999999999,0
Net flux,PEPSink,PEP -> Sink,99.9999999999983,0
Net flux,UDPGSink,UDPG -> Sink,100.000000000001,0
Net flux,ALASink,ALA -> Sink,99.9999999999998,0
Net flux,S6Pout-LL,S6P + 0.1611*GLU + 0.07177*ASP + 0.03247*ALA.c + 0.01019*dummyGLY + 0.03484*dummySER -> Sink,0.924855128061619,0.107940837605814
Net flux,PGP.p,2PG.p -> Glyc.p,19.0568059269001,0.595326448172984
Net flux,GOX,Glyc.p -> Glyx.p,19.0568059269001,0.595326448172984
Net flux,GGT,Glyx.p -> GLY.p,19.0568059269001,0.595326448172984
Net flux,SGAT,SER.p -> HPA.p,5.75002072639572,0.663440847836074
Net flux,HPR.p,HPA.p -> GA.p,5.75002072639571,0.663440847836074
Net flux,T_GLY-m net,GLY.p <-> GLY.m,19.0473816531303,0.595415781274126
Exch flux,T_GLY-m exch,GLY.p <-> GLY.m,68614.3017617571,5019.50037745162
Net flux,GDC.m,GLY.m + dummy -> myTHF.m + CO2,10.0457169787495,0.3842906214033
Net flux,T_SER-m net,SER.p <-> SER.m,-10.0457169787495,0.3842906214033
Exch flux,T_SER-m exch,SER.p <-> SER.m,7.27041230023869,25.7738957422
Net flux,mSHMT,GLY.m + myTHF.m -> SER.m,10.0457169787495,0.3842906214033
Net flux,T_SER-c net,SER.p <-> SER.c,1.04405250435395,0.923936838931632
Exch flux,T_SER-c exch,SER.p <-> SER.c,0.520183227153366,0.533734568531779
Net flux,T_Gly-c net,GLY.p <-> GLY.c,0,0
Exch flux,T_Gly-c exch,GLY.p <-> GLY.c,9.99999998363421e-08,0
Net flux,cSHMT,SER.c -> GLY.c + meTHF.c,1.04405240435395,0.923936838889632
Net flux,FmTHF-reductase net,meTHF.c <-> FmTHF.c,1.04405240435395,0.923936838889632
Exch flux,FmTHF-reductase exch,meTHF.c <-> FmTHF.c,7.96434378001458,4825.02506162497
Net flux,Met-synthase,FmTHF.c + Hcy.c -> Met.c,1.04405240435393,0.923936838889632
Net flux,SAM-synthase,Met.c -> SAM.c,1.04405240435394,0.923936838889632
Net flux,Methylation,SAM.c -> SAH.c + Acceptor.c,1.04405240435394,0.923936838889632
Net flux,hydrolysis,SAH.c -> Hcy.c,1.04405240435393,0.923936838889632
Net flux,G_SER.m,0*SER.m -> SER,1.0000000116861e-07,0
Net flux,G_SER.c,0*SER.c -> SER,1.28025515522268e-07,5354.88685014476
Net flux,G_Gly.m,0*GLY.m -> GLY,0.000114310789200545,5122.78794395168
Net flux,G_Gly.c,0*GLY.c -> GLY,48.5533802371437,5.55930065852304
Net flux,T_GLY-c-m,GLY.c -> GLY.m,1.04405230435399,0.595330390487824
Net flux,G_Glyc,0*Glyc.p -> Glyc,23.36422054236,1.1973626483761
Net flux,G_Glyx,0*Glyx.p -> Glyx,12.0571278567264,1.18617051033983
Net flux,G_HPA,0*HPA.p -> HPA,8.5407949201818,1.32613143325298
Net flux,(1-G)_Glyc,0*Glyc.x -> Glyc,76.6357794576407,1.1973626483761
Net flux,(1-G)_Glyx,0*Glyx.x -> Glyx,87.9428721432745,1.18617051033983
Net flux,(1-G)_HPA,0*HPA.x -> HPA,91.4592050798181,1.32613143325298
Net flux,GlycSink,Glyc -> Sink,100.000000000001,0
Net flux,GlyxSink,Glyx -> Sink,100.000000000001,0
Net flux,HPASink,HPA -> Sink,99.9999999999998,0
Net flux,SERex,dummySER -> outSER,3.21941883025358,1.17966847367621
Net flux,G_PYR,0*PYR.c -> PYR,31.09210958128,1.86716124836048
Net flux,(1-G)_PYR,0*PYR.x -> PYR,68.9078904187202,1.86716124836048
Net flux,PYRSink,PYR -> Sink,100,0
Net flux,G_meTHF,0*meTHF.c -> meTHF,97.0366484239035,3.85278503135341
Net flux,G_FmTHF,0*FmTHF.c -> FmTHF,74.8590970992048,2.98174372500113
Net flux,G_Met,0*Met.c -> Met,65.220750207045,4.04836964454117
Net flux,G_SAM,0*SAM.c -> SAM,56.8196803016496,3.31844213630447
Net flux,(1-G)_meTHF,0*meTHF.x -> meTHF,2.96335157609645,3.85278503135341
Net flux,(1-G)_FmTHF,0*FmTHF.x -> FmTHF,25.1409029007953,2.98174372500113
Net flux,(1-G)_Met,0*Met.x -> Met,34.779249792955,4.04836964454117
Net flux,(1-G)_SAM,0*SAM.x -> SAM,43.1803196983504,3.31844213630447
Net flux,meTHFSink,meTHF -> Sink,99.9999999999999,0
Net flux,FmTHFSink,FmTHF -> Sink,100,0
Net flux,MetSink,Met -> Sink,100,0
Net flux,SAMsink,SAM -> Sink,100,0
Net flux,Met-protein,Met.c -> Protein,6.51983996113883e-15,0
Net flux,GLY-protein,GLY.c -> Protein,9.99999958395392e-08,1.07691069518344
Net flux,SER-protein,SER.c -> Protein,9.99999993922529e-08,1.11986549077825e-12
Pool,2PG pool,,0,0
Pool,2PG.p pool,,3.36241132504982e-06,4770.33303501408
Pool,2PG.x pool,,1,Inf
Pool,3PGA pool,,0,0
Pool,3PGA.c pool,,0.000107373101524162,4996.68100275921
Pool,3PGA.p pool,,3.93042627802946e-06,5264.80145673033
Pool,3PGA.x pool,,1,Inf
Pool,ACA pool,,2.46940905899517e-06,5171.66706677172
Pool,ADPG pool,,0,0
Pool,ADPG.p pool,,9.9999999999999e-08,Inf
Pool,ADPG.x pool,,1,Inf
Pool,AKG pool,,2.71388500738572e-06,5293.04423339046
Pool,ALA pool,,0,0
Pool,ALA.c pool,,0.00980193326837096,0.00253493296301117
Pool,ALA.x pool,,1,Inf
Pool,ASN pool,,7566.06812053518,5052.39998381587
Pool,ASP pool,,4.89064409454093e-07,5005.03085513584
Pool,Acceptor.c pool,,1,Inf
Pool,CIT pool,,4.44152296154205,2.10794418626798
Pool,CO2 pool,,0.235021774295641,0.147416425258894
Pool,CO2.t pool,,1,Inf
Pool,E4P.p pool,,0,0
Pool,EC2 pool,,0,0
Pool,F6P pool,,0,0
Pool,F6P.c pool,,3.82981251264279e-06,5051.99920812498
Pool,F6P.p pool,,3.85863108418517e-06,5085.92650878064
Pool,F6P.x pool,,1,Inf
Pool,FBP pool,,0,0
Pool,FBP.c pool,,3.82976795467554e-06,5043.01567620204
Pool,FBP.p pool,,3.5941875471102e-06,5024.28443261464
Pool,FBP.x pool,,1,Inf
Pool,FmTHF pool,,0.000227090263306659,5156.4787767082
Pool,FmTHF.c pool,,1.07475387998213e-06,5292.89674980194
Pool,FmTHF.x pool,,1,Inf
Pool,G6P pool,,0,0
Pool,G6P.c pool,,9.87556266531738e-06,4799.04864008
Pool,G6P.p pool,,3.83240667263631e-06,5235.35670000192
Pool,G6P.x pool,,1,Inf
Pool,GA pool,,0,0
Pool,GA.p pool,,3.40052612737732e-06,5436.69376016803
Pool,GA.x pool,,1,Inf
Pool,GLN pool,,8.83867754982205,5194.29553441635
Pool,GLU pool,,2.71389160720987e-06,5168.27881656725
Pool,GLY pool,,0,0
Pool,GLY.c pool,,0.0948721635970361,0.097536986169012
Pool,GLY.m pool,,0.345119791107791,0.0823764642138336
Pool,GLY.p pool,,0.000423473378208675,5204.38300301541
Pool,GLY.x pool,,1,Inf
Pool,Glyc pool,,5.83882414283521,1.39140131973845
Pool,Glyc.p pool,,1.22613235124625e-05,5066.02100549547
Pool,Glyc.x pool,,1,Inf
Pool,Glyx pool,,5.80952763259623,2.00328458974152
Pool,Glyx.p pool,,1.34823390095887e-05,5130.25313921166
Pool,Glyx.x pool,,1,Inf
Pool,HPA pool,,0.000149687618298344,5123.99364515056
Pool,HPA.p pool,,2.53125733572463e-06,4935.23683441839
Pool,HPA.x pool,,1,Inf
Pool,Hcy.c pool,,1,Inf
Pool,ICI pool,,0.00375045299142001,5295.73702619552
Pool,MAL pool,,0.273451498151742,0.106325739978729
Pool,Met pool,,0.000224122365718101,5108.20185094332
Pool,Met.c pool,,1.3590327075424e-06,5155.96040534156
Pool,Met.x pool,,1,Inf
Pool,OAA pool,,0.206967708125249,0.0358417221604349
Pool,P5P pool,,0,0
Pool,PEP pool,,0,0
Pool,PEP.c pool,,2.51053600863552e-05,4948.16104684037
Pool,PEP.x pool,,1,Inf
Pool,PRO pool,,5.39499638364962,4955.11223084572
Pool,PYR pool,,1.00000101920128e-07,4903.61977068233
Pool,PYR.c pool,,0.00767799706768677,0.00204344254033697
Pool,PYR.x pool,,1,Inf
Pool,Protein pool,,1,Inf
Pool,R5P pool,,0,0
Pool,R5P.p pool,,2.32180380517339e-05,5104.30401003485
Pool,R5P.x pool,,1,Inf
Pool,RU5P.p pool,,3.64300503086983e-06,5004.38172678964
Pool,RU5P.x pool,,1,Inf
Pool,RUBP pool,,0,0
Pool,RUBP.p pool,,3.6401147508186e-06,5478.54932366933
Pool,RUBP.x pool,,1,Inf
Pool,S6P pool,,1,Inf
Pool,S7P pool,,0,0
Pool,S7P.p pool,,3.71019247028619e-06,5023.78666097592
Pool,S7P.x pool,,1,Inf
Pool,SAH.c pool,,1,Inf
Pool,SAM pool,,2.57846654131286,1.21557116373513
Pool,SAM.c pool,,2.58337381665661e-06,5122.79711570084
Pool,SAM.x pool,,1,Inf
Pool,SBP pool,,0,0
Pool,SER pool,,0,0
Pool,SER.c pool,,1.00000000002876e-07,0
Pool,SER.m pool,,1.26018041190666,0.122729479159349
Pool,SER.p pool,,0.000139421890194082,5073.94781902459
Pool,SER.x pool,,1,Inf
Pool,Sink pool,,1,Inf
Pool,Starch pool,,1,Inf
Pool,THR pool,,3889.77357564028,4943.28184442869
Pool,TP pool,,0,0
Pool,TP.c pool,,4.18768484447353e-06,4962.6667551665
Pool,TP.p pool,,4.05464754281357e-06,4880.98325265909
Pool,TP.x pool,,1,Inf
Pool,UDPG pool,,0,0
Pool,UDPG.c pool,,0.809610108709809,4910.70447788993
Pool,UDPG.x pool,,1,Inf
Pool,X5P.p pool,,3.74646019775994e-06,5203.90970189866
Pool,dummy pool,,1,Inf
Pool,dummyGLY pool,,1,Inf
Pool,dummySER pool,,1,Inf
Pool,meTHF pool,,1.39441791933253,0.931690424587763
Pool,meTHF.c pool,,1.09801883056376e-06,5112.66689030937
Pool,meTHF.x pool,,1,Inf
Pool,myTHF.m pool,,1.00000000002876e-07,0
Pool,outSER pool,,1,Inf
Norm,Experiment1 Glyc205 #1 norm,,0.979817989175456,0.012654036390578
Norm,Experiment1 Glyc205 #2 norm,,1.01595572476437,0.0235130006860849
Norm,Experiment1 Glyc205 #3 norm,,0.99833430395731,0.0208702190844066
Norm,Experiment1 Glyc205 #4 norm,,0.986565373339541,0.0313861663884046
Norm,Experiment1 Glyc205 #5 norm,,0.996431197550543,0.0338933066432245
Norm,Experiment1 Glyc205 #6 norm,,1.05017768118316,0.0284643850075864
Norm,Experiment1 Glyc205 #7 norm,,1.00561802425287,0.0349804888782424
Norm,Experiment1 Glyc205 #8 norm,,0.965149911532813,0.0285549854408972
Norm,Experiment1 Glyx160 #1 norm,,0.996909518424792,0.0110564413578188
Norm,Experiment1 Glyx160 #2 norm,,0.982550603383267,0.0142015295530991
Norm,Experiment1 Glyx160 #3 norm,,0.990973936163386,0.019182335641232
Norm,Experiment1 Glyx160 #4 norm,,1.01543780399751,0.0170795183230454
Norm,Experiment1 Glyx160 #5 norm,,0.986185328723646,0.0345634706075044
Norm,Experiment1 Glyx160 #6 norm,,1.02443975622177,0.0204917334362127
Norm,Experiment1 Glyx160 #7 norm,,0.941510706562819,0.0361933075259083
Norm,Experiment1 Glyx160 #8 norm,,1.0208755674547,0.0360251146933694
Norm,Experiment1 GLY276 #1 norm,,0.984032269115067,0.0100124462979589
Norm,Experiment1 GLY276 #2 norm,,0.973074018950263,0.0222227357572786
Norm,Experiment1 GLY276 #3 norm,,1.00200719848138,0.0491333147588184
Norm,Experiment1 GLY276 #4 norm,,1.00621549681964,0.0633591722768161
Norm,Experiment1 GLY276 #5 norm,,0.989293082489171,0.114312771037228
Norm,Experiment1 GLY276 #6 norm,,0.944134330989135,0.0840941784802216
Norm,Experiment1 GLY276 #7 norm,,1.02217131647066,0.0695022807345747
Norm,Experiment1 GLY276 #8 norm,,0.973982986111136,0.0849135207578547
Norm,Experiment1 HPA262 #1 norm,,0.968236272257366,0.010816151374172
Norm,Experiment1 HPA262 #2 norm,,0.929257372360348,0.027319093068934
Norm,Experiment1 HPA262 #3 norm,,0.969433302679118,0.0131908188938532
Norm,Experiment1 HPA262 #4 norm,,0.910595555197453,0.0335989398384485
Norm,Experiment1 HPA262 #5 norm,,0.928743671442119,0.0230258830981823
Norm,Experiment1 HPA262 #6 norm,,0.893788508375592,0.0310813898224464
Norm,Experiment1 HPA262 #7 norm,,0.963431508753506,0.0243252874798875
Norm,Experiment1 HPA262 #8 norm,,1.05767042137859,0.0246298470613004
Norm,Experiment1 GA307 #1 norm,,1.0021216670577,0.0121193078275243
Norm,Experiment1 GA307 #2 norm,,0.939366024559467,0.0292570298363456
Norm,Experiment1 GA307 #3 norm,,0.962306282465915,0.0304123176351783
Norm,Experiment1 GA307 #4 norm,,0.977257338260382,0.0192812923570732
Norm,Experiment1 GA307 #5 norm,,1.02240754707832,0.0538260474030022
Norm,Experiment1 GA307 #6 norm,,1.03789487630497,0.0420694890601373
Norm,Experiment1 GA307 #7 norm,,0.980022937462467,0.0469051715098246
Norm,Experiment1 GA307 #8 norm,,0.998723618512564,0.0342314814116396
Norm,Experiment1 SER306 #1 norm,,0.971871921731376,0.0141693490370472
Norm,Experiment1 SER306 #2 norm,,0.993613382495122,0.0155509910430229
Norm,Experiment1 SER306 #3 norm,,0.982108394912779,0.0394609472435886
Norm,Experiment1 SER306 #4 norm,,1.02398432949767,0.0487707603144419
Norm,Experiment1 SER306 #5 norm,,1.048932605819,0.0969714811062091
Norm,Experiment1 SER306 #6 norm,,0.940678721684949,0.0694469706964147
Norm,Experiment1 SER306 #7 norm,,0.996785628409853,0.0519662588372075
Norm,Experiment1 SER306 #8 norm,,0.984171561026074,0.0480874495330089
Norm,Experiment1 meTHF #1 norm,,1.0069759016701,0.0100179851071857
Norm,Experiment1 meTHF #2 norm,,1.01283056142948,0.0101624921094618
Norm,Experiment1 meTHF #3 norm,,0.988059178988134,0.0672166808952507
Norm,Experiment1 meTHF #4 norm,,1.03945698753585,0.0545250317190587
Norm,Experiment1 meTHF #5 norm,,0.957609746101726,0.07184637211006
Norm,Experiment1 meTHF #6 norm,,1.00540299378174,0.110577617074251
Norm,Experiment1 meTHF #7 norm,,0.973292471617623,0.0553192985335231
Norm,Experiment1 meTHF #8 norm,,1.04200653704525,0.103360628569603
Norm,Experiment1 FmTHF #1 norm,,1.00370861317175,0.0101407373629585
Norm,Experiment1 FmTHF #2 norm,,0.995753472889365,0.0228861709979454
Norm,Experiment1 FmTHF #3 norm,,0.926635354777151,0.0298383180409587
Norm,Experiment1 FmTHF #4 norm,,1.00779762146143,0.0246865253006848
Norm,Experiment1 FmTHF #5 norm,,0.973172475275761,0.059489750497741
Norm,Experiment1 FmTHF #6 norm,,1.00660552363891,0.0720768183792672
Norm,Experiment1 FmTHF #7 norm,,0.990023028004314,0.0560291552178849
Norm,Experiment1 FmTHF #8 norm,,1.06600974749674,0.115500230782286
Norm,Experiment1 Met176 #1 norm,,0.985135891951293,0.0251305435592066
Norm,Experiment1 Met176 #2 norm,,0.885725491227445,0.030734097102606
Norm,Experiment1 Met176 #3 norm,,0.92634352502204,0.0544870574810725
Norm,Experiment1 Met176 #4 norm,,1.0063620210917,0.0402717652226786
Norm,Experiment1 Met176 #5 norm,,0.971627269798118,0.0767547610814095
Norm,Experiment1 Met176 #6 norm,,1.02686968069835,0.134020102476405
Norm,Experiment1 Met176 #7 norm,,1.00164086841445,0.0987172363398879
Norm,Experiment1 Met176 #8 norm,,0.992647055422487,0.114905745059855
Norm,Experiment1 SAM #1 norm,,0.975174645247461,0.0114565988267255
Norm,Experiment1 SAM #2 norm,,0.987085625305896,0.0121154867716505
Norm,Experiment1 SAM #3 norm,,0.991029554509255,0.0141868248576177
Norm,Experiment1 SAM #4 norm,,1.02231072272837,0.0236320944753848
Norm,Experiment1 SAM #5 norm,,0.969693282827553,0.0381418801659383
Norm,Experiment1 SAM #6 norm,,1.01497713211646,0.061394508521535
Norm,Experiment1 SAM #7 norm,,1.00156847433652,0.0974389135306903
Norm,Experiment1 SAM #8 norm,,0.999548006808346,0.071320804536098
Norm,Experiment1 CIT465 #1 norm,,0.999496584545152,0.0116509759774965
Norm,Experiment1 CIT465 #2 norm,,0.980695996586574,0.0129318667385615
Norm,Experiment1 CIT465 #3 norm,,0.977858070450623,0.0114123409183143
Norm,Experiment1 CIT465 #4 norm,,0.965600910263305,0.0160716084668237
Norm,Experiment1 CIT465 #5 norm,,1.00470416808033,0.0138217591563365
Norm,Experiment1 CIT465 #6 norm,,1.00362062328721,0.0129195537498394
Norm,Experiment1 CIT465 #7 norm,,1.02657944755751,0.0139251946274453
Norm,Experiment1 CIT465 #8 norm,,1.03047529393518,0.0199931563600253
Norm,Experiment1 MAL335 #1 norm,,0.976710904875684,0.0122831945700281
Norm,Experiment1 MAL335 #2 norm,,1.00963550690247,0.0112476293981514
Norm,Experiment1 MAL335 #3 norm,,0.994916673195548,0.0104288299940041
Norm,Experiment1 MAL335 #4 norm,,0.995708663935816,0.0144074826180531
Norm,Experiment1 MAL335 #5 norm,,0.957169252010256,0.0138253325155062
Norm,Experiment1 MAL335 #6 norm,,1.00163794096563,0.0139014135844126
Norm,Experiment1 MAL335 #7 norm,,0.968455759100641,0.0204744672327699
Norm,Experiment1 MAL335 #8 norm,,0.979682599303757,0.0371093720061115
Norm,Experiment1 ASP334 #1 norm,,1.0313893637097,0.0240083682423769
Norm,Experiment1 ASP334 #2 norm,,0.981573249506641,0.0305464875984069
Norm,Experiment1 ASP334 #3 norm,,0.943766845995467,0.0194186507389813
Norm,Experiment1 ASP334 #4 norm,,0.981353286541735,0.0167915974892115
Norm,Experiment1 ASP334 #5 norm,,1.00299431290937,0.0290866748169005
Norm,Experiment1 ASP334 #6 norm,,0.947735769330662,0.0314267268559499
Norm,Experiment1 ASP334 #7 norm,,1.02883261128553,0.0331979069752259
Norm,Experiment1 ASP334 #8 norm,,0.978866124907032,0.0826766963954227
Norm,Experiment1 GLU348 #1 norm,,1.05682020852982,0.022081902217755
Norm,Experiment1 GLU348 #2 norm,,0.981200925392024,0.0194281668689916
Norm,Experiment1 GLU348 #3 norm,,1.03287067646638,0.0117047308514023
Norm,Experiment1 GLU348 #4 norm,,0.98312675377533,0.0360527137114401
Norm,Experiment1 GLU348 #5 norm,,0.983420298068,0.0245455867830145
Norm,Experiment1 GLU348 #6 norm,,1.01231926221245,0.0130809855540976
Norm,Experiment1 GLU348 #7 norm,,1.03278127852941,0.0160907927956899
Norm,Experiment1 GLU348 #8 norm,,0.990825932359368,0.0221060794234726
Norm,Experiment1 THR320 #1 norm,,1.02691751297497,0.0107465824655642
Norm,Experiment1 THR320 #2 norm,,0.964836261797012,0.0139209136529439
Norm,Experiment1 THR320 #3 norm,,1.00901946700761,0.0105502611391247
Norm,Experiment1 THR320 #4 norm,,0.978267776532458,0.0291934001580674
Norm,Experiment1 THR320 #5 norm,,0.977875291957123,0.0207623528010192
Norm,Experiment1 THR320 #6 norm,,0.972245503502174,0.011117790854482
Norm,Experiment1 THR320 #7 norm,,1.00192339545966,0.0144563495922327
Norm,Experiment1 THR320 #8 norm,,0.932499394939499,0.0244356575917048
Norm,Experiment1 ALA116 #1 norm,,0.995425638403687,0.00972720853822264
Norm,Experiment1 ALA116 #2 norm,,1.0106798202043,0.010245095451905
Norm,Experiment1 ALA116 #3 norm,,0.99512125983268,0.017790550127281
Norm,Experiment1 ALA116 #4 norm,,1.03017921073034,0.0218204175389441
Norm,Experiment1 ALA116 #5 norm,,0.899363539821124,0.0867832499065474
Norm,Experiment1 ALA116 #6 norm,,1.02230528380382,0.0785150788622278
Norm,Experiment1 ALA116 #7 norm,,1.00564947195889,0.0676114252279974
Norm,Experiment1 ALA116 #8 norm,,0.984709958196227,0.104932232298218
Norm,Experiment1 PYR #1 norm,,0.990822185013068,0.0170615286158736
Norm,Experiment1 PYR #2 norm,,1.01554054655844,0.0478123687995321
Norm,Experiment1 PYR #3 norm,,0.964928856435212,0.0992745915622863
Norm,Experiment1 PYR #4 norm,,1.0582000617205,0.0484882491794592
Norm,Experiment1 PYR #5 norm,,0.989798911507083,0.0523478316532406
Norm,Experiment1 PYR #6 norm,,1.03521411718478,0.0541404022046528
Norm,Experiment1 PYR #7 norm,,0.952224358061362,0.0905654874917444
Norm,Experiment1 PYR #8 norm,,0.993089683875788,0.0623464584958665
