type,id,eqn,val,std
Net flux,CO2.t,CO2.t -> CO2,47.5316390935029,1.12793815065432
Net flux,CO2_sink,dummy -> Sink,47.5316390935028,1.12793815065432
Net flux,RUBICSO_CO2,RUBP.p + CO2 -> 3PGA.p + 3PGA.p + dummy,56.7980708574489,1.31256035647917
Net flux,GAPDH.p net,3PGA.p <-> TP.p,135.414048222656,2.76817085287721
Exch flux,GAPDH.p exch,3PGA.p <-> TP.p,4.23541627677427,1.40291648777374
Net flux,ALD,TP.p + E4P.p -> SBP,24.6936313202304,0.503527696914372
Net flux,SBP,SBP -> S7P.p,24.6936313202304,0.503527696914372
Net flux,FBA.p net,TP.p + TP.p <-> FBP.p,28.8809474212103,0.665771799470537
Exch flux,FBA.p exch,TP.p + TP.p <-> FBP.p,20669.2241317211,1427.19674315906
Net flux,PFK.p net,FBP.p <-> F6P.p,28.8809474212134,0.665771799470537
Exch flux,PFK.p exch,FBP.p <-> F6P.p,1.00007426340198e-07,9.66186875547809e-13
Net flux,TK1 net,TP.p + EC2 <-> X5P.p,49.3872626404608,1.00705539382874
Exch flux,TK1 exch,TP.p + EC2 <-> X5P.p,9.99999976158961e-08,0
Net flux,TK2 net,S7P.p <-> R5P.p + EC2,24.6936313202304,0.503527696914372
Exch flux,TK2 exch,S7P.p <-> R5P.p + EC2,38.495288093518,3889.11152487951
Net flux,TK3 net,F6P.p <-> E4P.p + EC2,24.6936313202314,0.503527696914372
Exch flux,TK3 exch,F6P.p <-> E4P.p + EC2,8786.70448232988,3607.68212099012
Net flux,PPE net,X5P.p <-> RU5P.p,49.3872626404608,1.00705539382874
Exch flux,PPE exch,X5P.p <-> RU5P.p,60.1372937662348,2423.34562234026
Net flux,PPI net,R5P.p <-> RU5P.p,24.6936313202305,0.503527696914372
Exch flux,PPI exch,R5P.p <-> RU5P.p,244.010493258491,3124.22709010689
Net flux,PRK,RU5P.p -> RUBP.p,74.0808939606913,1.51058309074312
Net flux,RUBISCO_O2,RUBP.p -> 3PGA.p + 2PG.p,17.2828231032424,0.600227323918396
Net flux,GLYdil net,GLY.p <-> GLY.x + dummyGLY,0.00909778337128131,0.00108026942260274
Exch flux,GLYdil exch,GLY.p <-> GLY.x + dummyGLY,1.0000000116861e-07,0
Net flux,SERdil net,SER.p <-> SER.x + dummySER,3.17123121292632,0.815616355978784
Exch flux,SERdil exch,SER.p <-> SER.x + dummySER,1.1737144236949,2.09742623169342
Net flux,GK,GA.p -> 3PGA.p,4.91581537123294,0.559302943289631
Net flux,PGI.p net,F6P.p <-> G6P.p,4.18731610098142,0.344311387247686
Exch flux,PGI.p exch,F6P.p <-> G6P.p,1.47904500661804,3818.93950602116
Net flux,PGM.p,G6P.p -> ADPG.p,4.18731610098143,0.344311387247686
Net flux,Starch,ADPG.p -> Starch,4.18731610098141,0.344311387247686
Net flux,FBA.c net,TP.c + TP.c <-> FBP.c,1.78562970976783,0.212025401893679
Exch flux,FBA.c exch,TP.c + TP.c <-> FBP.c,20.5317315938233,3697.02178777107
Net flux,PFK.c net,FBP.c <-> F6P.c,1.78562970976784,0.212025401893679
Exch flux,PFK.c exch,FBP.c <-> F6P.c,5.1852126076057,2153.31179721451
Net flux,PGI.c net,F6P.c <-> G6P.c,0.892814854883937,0.106012700946839
Exch flux,PGI.c exch,F6P.c <-> G6P.c,227.204216325577,3939.67675192992
Net flux,PGM.c net,G6P.c <-> UDPG.c,0.892814854880271,0.106012700946839
Exch flux,PGM.c exch,G6P.c <-> UDPG.c,48481.4090581923,2954.59105887824
Net flux,SPS,F6P.c + UDPG.c -> S6P,0.892814854883884,0.106012700946839
Net flux,PGAM.c net,3PGA.c <-> PEP.c,0.380731966717843,0.0452080562255115
Exch flux,PGAM.c exch,3PGA.c <-> PEP.c,0.000192623764056821,2954.59105922411
Net flux,PK.c,PEP.c -> PYR.c,0.172822171460133,0.0205208785111744
Net flux,PDH,PYR.c + dummy -> ACA + CO2,0.143832473121807,0.0170786461273329
Net flux,CS,OAA + ACA -> CIT,0.143832473121803,0.0170786461273329
Net flux,ACO net,CIT <-> ICI,0.143832473121847,0.0170786461273329
Exch flux,ACO exch,CIT <-> ICI,1291.12153459127,2954.59105887824
Net flux,IDH,ICI + dummy -> AKG + CO2,0.143832473121819,0.0170786461273329
Net flux,MDH net,MAL <-> OAA,2.1316282072803e-14,0
Exch flux,MDH exch,MAL <-> OAA,0.481403746948466,0.0998284438656044
Net flux,PPC,PEP.c + CO2 -> OAA + dummy,0.207909795257229,0.0246871777062749
Net flux,T_3PGA net,3PGA.p <-> 3PGA.c,0.380731966717825,0.0452080562255115
Exch flux,T_3PGA exch,3PGA.p <-> 3PGA.c,1.0000000116861e-07,0
Net flux,T_DHAP net,TP.p <-> TP.c,3.5712594195357,0.424050803787357
Exch flux,T_DHAP exch,TP.p <-> TP.c,9.99999998363421e-08,0
Net flux,ALT,PYR.c -> ALA.c,0.0289896983381237,0.00344223240203764
Net flux,ASPT,OAA -> ASP,0.0640773221350652,0.00760853155399495
Net flux,GLUDH,AKG -> GLU,0.143832473121796,0.0170786461273329
Net flux,PCR net,GLU <-> PRO,-2.48689957516035e-14,0
Exch flux,PCR exch,GLU <-> PRO,1.0000000116861e-07,0
Net flux,GS net,GLU <-> GLN,0,0
Exch flux,GS exch,GLU <-> GLN,1.00041134487583e-07,0
Net flux,TS net,ASP <-> THR,0,0
Exch flux,TS exch,ASP <-> THR,1.0000000116861e-07,0
Net flux,AS net,ASP <-> ASN,1.06581410364015e-14,0
Exch flux,AS exch,ASP <-> ASN,1.0000000116861e-07,0
Net flux,G_3PGA.p,0*3PGA.p -> 3PGA,2.46866292741288e-06,5263.59506671621
Net flux,G_3PGA.c,0*3PGA.c -> 3PGA,92.9119081398812,3259.08106369927
Net flux,G_DHAP.p,0*TP.p -> TP,40.685379842242,5201.97093853508
Net flux,G_DHAP.c,0*TP.c -> TP,51.8471856996947,3392.20281124055
Net flux,G_F6P.p,0*F6P.p -> F6P,48.6686345030749,5243.07535708337
Net flux,G_F6P.c,0*F6P.c -> F6P,36.546576817712,3668.82823258177
Net flux,G_FBP.p,0*FBP.p -> FBP,2.46866125053202e-06,5221.76894572194
Net flux,G_FBP.c,0*FBP.c -> FBP,83.4512310501849,3410.51740708475
Net flux,G_G6P.p,0*G6P.p -> G6P,19.0549768397257,5315.31711999166
Net flux,G_G6P.c,0*G6P.c -> G6P,58.8549499993083,3581.89955136258
Net flux,G_RU5P.p,0*RU5P.p -> P5P,2.46865366904103e-06,5199.98936856
Net flux,G_X5P.p,0*X5P.p -> P5P,92.8477691498806,3444.38526559487
Net flux,G_R5P.p,0*R5P.p -> R5P,82.2810779884949,3782.96189003562
Net flux,G_GA.p,0*GA.p -> GA,39.7947014193017,1.49455317666542
Net flux,G_SER.p,0*SER.p -> SER,99.9911850267123,5590.73139475105
Net flux,G_GLY.p,0*GLY.p -> GLY,11.3738722691332,4003.30837951637
Net flux,G_RUBP.p,0*RUBP.p -> RUBP,92.5302752673063,3821.88834769845
Net flux,G_S7P.p,0*S7P.p -> S7P,98.4567310636212,3744.75787559861
Net flux,G_2PG.p,0*2PG.p -> 2PG,87.0427532706349,3663.80333921217
Net flux,G_ADPG.p,0*ADPG.p -> ADPG,95.0805622183377,4012.15053174579
Net flux,G_PEP.c,0*PEP.c -> PEP,89.2305410445615,3814.03344629002
Net flux,G_UDPG.c,0*UDPG.c -> UDPG,72.4268033045549,3805.79763455622
Net flux,G_ALA.c,0*ALA.c -> ALA,78.7682837751116,7.79821450347724
Net flux,(1-G)_GA,0*GA.x -> GA,60.2052985807003,1.49455317666542
Net flux,(1-G)_SER,0*SER.x -> SER,0.00881476158999916,3920.6024395624
Net flux,(1-G)_GLY,0*GLY.x -> GLY,38.18647054062,3.51634239686582
Net flux,(1-G)_R5P,0*R5P.x -> R5P,17.718922011502,3782.96189003562
Net flux,(1-G)_RUBP,0*RUBP.x -> RUBP,7.46972473269241,3821.88834769845
Net flux,(1-G)_3PGA,0*3PGA.x -> 3PGA,7.08808939145613,4024.6116338001
Net flux,(1-G)_TP,0*TP.x -> TP,7.46743445806383,3924.37145730766
Net flux,(1-G)_F6P,0*F6P.x -> F6P,14.7847886792169,3723.85076678718
Net flux,(1-G)_FBP,0*FBP.x -> FBP,16.5487664811485,3985.39036944366
Net flux,(1-G)_G6P,0*G6P.x -> G6P,22.0900731609643,3975.90263288409
Net flux,(1-G)_RU5P,0*RU5P.x -> P5P,7.15222838146713,3947.2059791589
Net flux,(1-G)_S7P,0*S7P.x -> S7P,1.54326893637677,3744.75787559861
Net flux,(1-G)_2PG,0*2PG.x -> 2PG,12.9572467293675,3663.80333921217
Net flux,(1-G)_ADPG,0*ADPG.x -> ADPG,4.91943778166132,4012.15053174579
Net flux,(1-G)_PEP,0*PEP.x -> PEP,10.7694589554367,3814.03344629002
Net flux,(1-G)_UDPG,0*UDPG.x -> UDPG,27.5731966954463,3805.79763455622
Net flux,(1-G)_ALA,0*ALA.x -> ALA,21.2317162248882,7.79821450347724
Net flux,PGASink,3PGA -> Sink,100,0
Net flux,DHAPSink,TP -> Sink,100.000000000001,0
Net flux,F6PSink,F6P -> Sink,100.000000000004,0
Net flux,FBPSink,FBP -> Sink,99.9999999999947,0
Net flux,G6PSink,G6P -> Sink,99.9999999999983,0
Net flux,P5PSink,P5P -> Sink,100.000000000001,0
Net flux,R5PSink,R5P -> Sink,99.9999999999968,0
Net flux,GASink,GA -> Sink,100.000000000002,0
Net flux,SERSink,SER -> Sink,99.9999999999996,0
Net flux,GLYSink,GLY -> Sink,100.000000000001,0
Net flux,RUBPSink,RUBP -> Sink,99.9999999999987,0
Net flux,S7PSink,S7P -> Sink,99.9999999999979,0
Net flux,2PGSink,2PG -> Sink,100.000000000002,0
Net flux,ADPGSink,ADPG -> Sink,99.999999999999,0
Net flux,PEPSink,PEP -> Sink,99.9999999999983,0
Net flux,UDPGSink,UDPG -> Sink,100.000000000001,0
Net flux,ALASink,ALA -> Sink,99.9999999999998,0
Net flux,S6Pout-LL,S6P + 0.1611*GLU + 0.07177*ASP + 0.03247*ALA.c + 0.01019*dummyGLY + 0.03484*dummySER -> Sink,0.89281485488392,0.106012700946839
Net flux,PGP.p,2PG.p -> Glyc.p,17.2828231032424,0.600227323918396
Net flux,GOX,Glyc.p -> Glyx.p,17.2828231032424,0.600227323918396
Net flux,GGT,Glyx.p -> GLY.p,17.2828231032424,0.600227323918396
Net flux,SGAT,SER.p -> HPA.p,4.91581537123293,0.559302943289631
Net flux,HPR.p,HPA.p -> GA.p,4.91581537123292,0.559302943289631
Net flux,T_GLY-m net,GLY.p <-> GLY.m,10.9857328692742,3.07850001734706
Exch flux,T_GLY-m exch,GLY.p <-> GLY.m,79369.9266665701,3821.28346907351
Net flux,GDC.m,GLY.m + dummy -> myTHF.m + CO2,9.18667661295926,0.941339070360291
Net flux,T_SER-m net,SER.p <-> SER.m,-9.18667661295925,0.941339070360291
Exch flux,T_SER-m exch,SER.p <-> SER.m,85.6833106249639,3781.58647012531
Net flux,mSHMT,GLY.m + myTHF.m -> SER.m,9.18667661295926,0.941339070360291
Net flux,T_SER-c net,SER.p <-> SER.c,1.09963002879999,1.90622853766917
Exch flux,T_SER-c exch,SER.p <-> SER.c,0.0164965828541108,2.03712856201098
Net flux,T_Gly-c net,GLY.p <-> GLY.c,6.28799245057942,3.07783159071719
Exch flux,T_Gly-c exch,GLY.p <-> GLY.c,9.99999998363421e-08,0
Net flux,cSHMT,SER.c -> GLY.c + meTHF.c,1.09962988687509,1.9062285376696
Net flux,FmTHF-reductase net,meTHF.c <-> FmTHF.c,1.09962988687509,1.9062285376696
Exch flux,FmTHF-reductase exch,meTHF.c <-> FmTHF.c,7.79090436997982,3737.23634081564
Net flux,Met-synthase,FmTHF.c + Hcy.c -> Met.c,1.09962988687507,1.9062285376696
Net flux,SAM-synthase,Met.c -> SAM.c,1.09962988687508,1.9062285376696
Net flux,Methylation,SAM.c -> SAH.c + Acceptor.c,1.09962988687508,1.9062285376696
Net flux,hydrolysis,SAH.c -> Hcy.c,1.09962988687507,1.9062285376696
Net flux,G_SER.m,0*SER.m -> SER,1.0000000116861e-07,0
Net flux,G_SER.c,0*SER.c -> SER,1.11697261218069e-07,3870.01730048136
Net flux,G_Gly.m,0*GLY.m -> GLY,0.000118285427578968,4003.30152998543
Net flux,G_Gly.c,0*GLY.c -> GLY,50.4395389048205,8.63477579202197
Net flux,T_GLY-c-m,GLY.c -> GLY.m,7.38762035662683,2.5407864034228
Net flux,G_Glyc,0*Glyc.p -> Glyc,22.1676453759163,1.29126568261015
Net flux,G_Glyx,0*Glyx.p -> Glyx,19.5080152686934,2.80243857399661
Net flux,G_HPA,0*HPA.p -> HPA,10.0201912215083,1.28227333540933
Net flux,(1-G)_Glyc,0*Glyc.x -> Glyc,77.8323546240843,1.29126568261015
Net flux,(1-G)_Glyx,0*Glyx.x -> Glyx,80.4919847313075,2.80243857399661
Net flux,(1-G)_HPA,0*HPA.x -> HPA,89.9798087784916,1.28227333540933
Net flux,GlycSink,Glyc -> Sink,100.000000000001,0
Net flux,GlyxSink,Glyx -> Sink,100.000000000001,0
Net flux,HPASink,HPA -> Sink,99.9999999999998,0
Net flux,SERex,dummySER -> outSER,3.14012268101717,0.815999107824954
Net flux,G_PYR,0*PYR.c -> PYR,28.9928766737016,1.73556186922929
Net flux,(1-G)_PYR,0*PYR.x -> PYR,71.0071233262986,1.73556186922929
Net flux,PYRSink,PYR -> Sink,100,0
Net flux,G_meTHF,0*meTHF.c -> meTHF,99.9999999,0
Net flux,G_FmTHF,0*FmTHF.c -> FmTHF,80.3591681376185,3.13562709217978
Net flux,G_Met,0*Met.c -> Met,62.806511397616,4.2903607804324
Net flux,G_SAM,0*SAM.c -> SAM,65.0519854322473,3.97963534339401
Net flux,(1-G)_meTHF,0*meTHF.x -> meTHF,1.0000000116861e-07,0
Net flux,(1-G)_FmTHF,0*FmTHF.x -> FmTHF,19.6408318623816,3.13562709217978
Net flux,(1-G)_Met,0*Met.x -> Met,37.193488602384,4.2903607804324
Net flux,(1-G)_SAM,0*SAM.x -> SAM,34.9480145677527,3.97963534339401
Net flux,meTHFSink,meTHF -> Sink,99.9999999999999,0
Net flux,FmTHFSink,FmTHF -> Sink,100,0
Net flux,MetSink,Met -> Sink,100,0
Net flux,SAMsink,SAM -> Sink,100,0
Net flux,Met-protein,Met.c -> Protein,6.51983996113883e-15,0
Net flux,GLY-protein,GLY.c -> Protein,1.98082771518671e-06,5.65864839942915e-14
Net flux,SER-protein,SER.c -> Protein,1.41924903829249e-07,6.32693274780007e-13
Pool,2PG pool,,0,0
Pool,2PG.p pool,,2.04363788629773e-06,3732.17914934204
Pool,2PG.x pool,,1,Inf
Pool,3PGA pool,,0,0
Pool,3PGA.c pool,,9.99999999998398e-08,3901.09986428912
Pool,3PGA.p pool,,2.49401655954773e-06,3541.87858505233
Pool,3PGA.x pool,,1,Inf
Pool,ACA pool,,1.90042258976292e-06,3899.03316934031
Pool,ADPG pool,,0,0
Pool,ADPG.p pool,,9.9999999999999e-08,Inf
Pool,ADPG.x pool,,1,Inf
Pool,AKG pool,,1.48025161055602e-06,3958.81515394982
Pool,ALA pool,,0,0
Pool,ALA.c pool,,0.0101607455862654,0.00254131925612919
Pool,ALA.x pool,,1,Inf
Pool,ASN pool,,7566.06819373225,3725.79593970309
Pool,ASP pool,,1.00000000000002e-07,0
Pool,Acceptor.c pool,,1,Inf
Pool,CIT pool,,6.59043357337996,4.6271939871772
Pool,CO2 pool,,0.147764171382043,0.235861417698643
Pool,CO2.t pool,,1,Inf
Pool,E4P.p pool,,0,0
Pool,EC2 pool,,0,0
Pool,F6P pool,,0,0
Pool,F6P.c pool,,3.8298184972383e-06,3819.5632323879
Pool,F6P.p pool,,2.2054800396624e-06,3758.40907633868
Pool,F6P.x pool,,1,Inf
Pool,FBP pool,,0,0
Pool,FBP.c pool,,3.8297677111599e-06,3832.13581459629
Pool,FBP.p pool,,1.67529294029993e-06,3716.04292900019
Pool,FBP.x pool,,1,Inf
Pool,FmTHF pool,,2.98724005305503,1.02783305965344
Pool,FmTHF.c pool,,4.56741824755929e-07,3849.46944033845
Pool,FmTHF.x pool,,1,Inf
Pool,G6P pool,,0,0
Pool,G6P.c pool,,9.8756029676039e-06,3709.62766276858
Pool,G6P.p pool,,3.06877089960882e-06,3824.44398156302
Pool,G6P.x pool,,1,Inf
Pool,GA pool,,0,0
Pool,GA.p pool,,2.14474798147167e-06,3827.89948946058
Pool,GA.x pool,,1,Inf
Pool,GLN pool,,8.83867754906724,3611.05036753213
Pool,GLU pool,,1.48022309961608e-06,3598.37670521298
Pool,GLY pool,,0,0
Pool,GLY.c pool,,0.515400778419136,0.181975627415235
Pool,GLY.m pool,,0.182083339815397,0.0833840353351302
Pool,GLY.p pool,,0.000417636880924907,3832.60295333023
Pool,GLY.x pool,,1,Inf
Pool,Glyc pool,,6.81738215644338,1.67589980141132
Pool,Glyc.p pool,,3.28268381195896e-06,3685.32671977821
Pool,Glyc.x pool,,1,Inf
Pool,Glyx pool,,28.5352652010077,9.07663393340813
Pool,Glyx.p pool,,4.12152774055712e-06,3716.59336406765
Pool,Glyx.x pool,,1,Inf
Pool,HPA pool,,6.80050009183912e-05,3681.79665090383
Pool,HPA.p pool,,1.36270121863766e-06,3684.50064321502
Pool,HPA.x pool,,1,Inf
Pool,Hcy.c pool,,1,Inf
Pool,ICI pool,,0.0035118676076561,3658.46681984031
Pool,MAL pool,,0.710978928680756,0.15773430758312
Pool,Met pool,,3.51204622061551e-05,3905.3293156874
Pool,Met.c pool,,6.15788794226488e-07,3771.79075409668
Pool,Met.x pool,,1,Inf
Pool,OAA pool,,0.122406486907685,0.027528746581516
Pool,P5P pool,,0,0
Pool,PEP pool,,0,0
Pool,PEP.c pool,,0.00464210688762566,0.0034152301556167
Pool,PEP.x pool,,1,Inf
Pool,PRO pool,,5.39499638289543,3973.76381169713
Pool,PYR pool,,1e-07,0
Pool,PYR.c pool,,0.00387266173071341,0.00205224243646966
Pool,PYR.x pool,,1,Inf
Pool,Protein pool,,1,Inf
Pool,R5P pool,,0,0
Pool,R5P.p pool,,2.47620604214761e-06,3806.18025764996
Pool,R5P.x pool,,1,Inf
Pool,RU5P.p pool,,1.78236593172846e-06,3798.05499795533
Pool,RU5P.x pool,,1,Inf
Pool,RUBP pool,,0,0
Pool,RUBP.p pool,,1.77637776278966e-06,3707.66545241533
Pool,RUBP.x pool,,1,Inf
Pool,S6P pool,,1,Inf
Pool,S7P pool,,0,0
Pool,S7P.p pool,,1.42637608108923e-06,3889.3220451581
Pool,S7P.x pool,,1,Inf
Pool,SAH.c pool,,1,Inf
Pool,SAM pool,,4.60525964973487,1.49898374167006
Pool,SAM.c pool,,6.08230076270333e-06,3801.12352107848
Pool,SAM.x pool,,1,Inf
Pool,SBP pool,,0,0
Pool,SER pool,,0,0
Pool,SER.c pool,,1.00000000002876e-07,0
Pool,SER.m pool,,1.04489646133113,0.156628322262962
Pool,SER.p pool,,6.91607831701591e-05,3730.9585188927
Pool,SER.x pool,,1,Inf
Pool,Sink pool,,1,Inf
Pool,Starch pool,,1,Inf
Pool,THR pool,,3889.74006921514,3903.35537024441
Pool,TP pool,,0,0
Pool,TP.c pool,,4.18768098630878e-06,3523.42639841796
Pool,TP.p pool,,2.50792385497753e-06,3769.51739587403
Pool,TP.x pool,,1,Inf
Pool,UDPG pool,,0,0
Pool,UDPG.c pool,,0.507751315212074,3873.98692628824
Pool,UDPG.x pool,,1,Inf
Pool,X5P.p pool,,1.82538372397949e-06,3790.60387126988
Pool,dummy pool,,1,Inf
Pool,dummyGLY pool,,1,Inf
Pool,dummySER pool,,1,Inf
Pool,meTHF pool,,1.41464395308195,0.864518794035506
Pool,meTHF.c pool,,4.61497486146208e-07,3645.51901723521
Pool,meTHF.x pool,,1,Inf
Pool,myTHF.m pool,,1.00000000002876e-07,0
Pool,outSER pool,,1,Inf
Norm,Experiment1 Glyc205 #1 norm,,0.948623196199996,0.0124643138502158
Norm,Experiment1 Glyc205 #2 norm,,0.9641113426802,0.0218305663869913
Norm,Experiment1 Glyc205 #3 norm,,0.985510040328044,0.0205107990004462
Norm,Experiment1 Glyc205 #4 norm,,1.02167955412797,0.0337877439359879
Norm,Experiment1 Glyc205 #5 norm,,0.972802894358782,0.0327414989984199
Norm,Experiment1 Glyc205 #6 norm,,1.0104463336326,0.0271593107427449
Norm,Experiment1 Glyc205 #7 norm,,0.994524715153988,0.0342531734458184
Norm,Experiment1 Glyc205 #8 norm,,0.985743922567328,0.0305366559596089
Norm,Experiment1 Glyx160 #1 norm,,1.01738716279285,0.01108896802949
Norm,Experiment1 Glyx160 #2 norm,,1.00367403006372,0.013144182678871
Norm,Experiment1 Glyx160 #3 norm,,0.96248119136514,0.0171219499891064
Norm,Experiment1 Glyx160 #4 norm,,1.00267239630712,0.0142367889068629
Norm,Experiment1 Glyx160 #5 norm,,0.981540463236962,0.0331986211636207
Norm,Experiment1 Glyx160 #6 norm,,1.01848008055282,0.0209807766538401
Norm,Experiment1 Glyx160 #7 norm,,0.944164459386575,0.0360988156277427
Norm,Experiment1 Glyx160 #8 norm,,1.01145350157656,0.0393175152092419
Norm,Experiment1 GLY276 #1 norm,,0.984535269088457,0.0101464242567368
Norm,Experiment1 GLY276 #2 norm,,0.979041035250458,0.0334781572772325
Norm,Experiment1 GLY276 #3 norm,,0.957149939641086,0.0486620200614434
Norm,Experiment1 GLY276 #4 norm,,1.0262069635645,0.062670395071752
Norm,Experiment1 GLY276 #5 norm,,0.970434079566147,0.126827394710181
Norm,Experiment1 GLY276 #6 norm,,0.943399619003826,0.0919510770831169
Norm,Experiment1 GLY276 #7 norm,,1.03648238546727,0.07049527503388
Norm,Experiment1 GLY276 #8 norm,,0.975940369829271,0.0680563788132586
Norm,Experiment1 HPA262 #1 norm,,0.987552581618204,0.0108455435723232
Norm,Experiment1 HPA262 #2 norm,,0.911423232342109,0.0264485218518863
Norm,Experiment1 HPA262 #3 norm,,0.960204404513369,0.0129604243949839
Norm,Experiment1 HPA262 #4 norm,,0.909999635148471,0.0328623161288356
Norm,Experiment1 HPA262 #5 norm,,0.916098620325736,0.0228890526752553
Norm,Experiment1 HPA262 #6 norm,,0.957605907637566,0.0339610366022812
Norm,Experiment1 HPA262 #7 norm,,1.00835338711539,0.0260513521990436
Norm,Experiment1 HPA262 #8 norm,,1.02196805464664,0.0244464141835982
Norm,Experiment1 GA307 #1 norm,,1.02969679833487,0.0126868619085953
Norm,Experiment1 GA307 #2 norm,,0.982169176460005,0.0329397186363077
Norm,Experiment1 GA307 #3 norm,,0.931408699075822,0.0304658020603307
Norm,Experiment1 GA307 #4 norm,,1.00651331530863,0.0204446756087013
Norm,Experiment1 GA307 #5 norm,,0.986726614008078,0.058204745265771
Norm,Experiment1 GA307 #6 norm,,0.992132579032074,0.0419588245479634
Norm,Experiment1 GA307 #7 norm,,1.01517038044144,0.0434426678988087
Norm,Experiment1 GA307 #8 norm,,0.989901176055333,0.0337399966708247
Norm,Experiment1 SER306 #1 norm,,0.994397787869594,0.013967207929326
Norm,Experiment1 SER306 #2 norm,,1.00277542374078,0.0251028031997724
Norm,Experiment1 SER306 #3 norm,,0.980903517975402,0.0439182636724414
Norm,Experiment1 SER306 #4 norm,,1.03859587983786,0.0459973650628012
Norm,Experiment1 SER306 #5 norm,,1.07213614914454,0.100390368010241
Norm,Experiment1 SER306 #6 norm,,0.922891159375903,0.0579250240008348
Norm,Experiment1 SER306 #7 norm,,1.01504830612801,0.0497458586646015
Norm,Experiment1 SER306 #8 norm,,0.961820513389401,0.0621961068743219
Norm,Experiment1 meTHF #1 norm,,0.992502511158071,0.0100942793393595
Norm,Experiment1 meTHF #2 norm,,1.00134905692965,0.0101125458504626
Norm,Experiment1 meTHF #3 norm,,0.98687375103553,0.0622330877108741
Norm,Experiment1 meTHF #4 norm,,1.02907566008588,0.0502674831640855
Norm,Experiment1 meTHF #5 norm,,0.979729047597599,0.0933378452480269
Norm,Experiment1 meTHF #6 norm,,1.07924709844053,0.153515555658912
Norm,Experiment1 meTHF #7 norm,,1.01029341920421,0.0631333292522692
Norm,Experiment1 meTHF #8 norm,,0.897654701719712,0.0794581924806458
Norm,Experiment1 FmTHF #1 norm,,1.00830046330256,0.0101256825922284
Norm,Experiment1 FmTHF #2 norm,,0.958892291140416,0.0226714560909544
Norm,Experiment1 FmTHF #3 norm,,0.976330256432633,0.0311641450925946
Norm,Experiment1 FmTHF #4 norm,,0.99652927795353,0.0269714301468435
Norm,Experiment1 FmTHF #5 norm,,1.0087568599017,0.0578474450691307
Norm,Experiment1 FmTHF #6 norm,,1.00050652668251,0.0630430257523193
Norm,Experiment1 FmTHF #7 norm,,0.98295567861934,0.0492093891524643
Norm,Experiment1 FmTHF #8 norm,,1.08299990617009,0.0935240721352426
Norm,Experiment1 Met176 #1 norm,,0.965564630724868,0.0239533859995416
Norm,Experiment1 Met176 #2 norm,,0.922154177422613,0.0336402560300151
Norm,Experiment1 Met176 #3 norm,,1.0119197007139,0.0562341440496016
Norm,Experiment1 Met176 #4 norm,,0.971749833634408,0.0396120168724609
Norm,Experiment1 Met176 #5 norm,,0.977800661660887,0.0686793666281184
Norm,Experiment1 Met176 #6 norm,,1.01678792910741,0.190929263442994
Norm,Experiment1 Met176 #7 norm,,0.999380309705871,0.10240294426029
Norm,Experiment1 Met176 #8 norm,,0.988412212321328,0.13046362299987
Norm,Experiment1 SAM #1 norm,,0.996783065579134,0.0117969904945168
Norm,Experiment1 SAM #2 norm,,0.996133748957431,0.0121528785037562
Norm,Experiment1 SAM #3 norm,,1.00011760285287,0.0144441799375442
Norm,Experiment1 SAM #4 norm,,1.0275618813561,0.0235577498582827
Norm,Experiment1 SAM #5 norm,,0.963430867839315,0.0406252820178535
Norm,Experiment1 SAM #6 norm,,1.00786291317105,0.0624485452011988
Norm,Experiment1 SAM #7 norm,,1.00003426863767,0.0981801906352045
Norm,Experiment1 SAM #8 norm,,1.00003268115049,0.0859221396057459
Norm,Experiment1 CIT465 #1 norm,,0.960977913289412,0.0114793037440834
Norm,Experiment1 CIT465 #2 norm,,0.986987105875343,0.0133690322637377
Norm,Experiment1 CIT465 #3 norm,,0.983629102557137,0.0116072910084874
Norm,Experiment1 CIT465 #4 norm,,0.969924223242895,0.0162060763933376
Norm,Experiment1 CIT465 #5 norm,,1.02273009523042,0.0137586951915644
Norm,Experiment1 CIT465 #6 norm,,0.970081585719042,0.0126100788122711
Norm,Experiment1 CIT465 #7 norm,,0.982590269372398,0.0118187395132055
Norm,Experiment1 CIT465 #8 norm,,1.05069704875854,0.0200406688123155
Norm,Experiment1 MAL335 #1 norm,,0.994232015017216,0.0126643914688136
Norm,Experiment1 MAL335 #2 norm,,0.979953809647462,0.0108999703730237
Norm,Experiment1 MAL335 #3 norm,,0.97034975036758,0.0101209141386667
Norm,Experiment1 MAL335 #4 norm,,0.981311308264669,0.014444406253081
Norm,Experiment1 MAL335 #5 norm,,0.970203993857159,0.0139143112952903
Norm,Experiment1 MAL335 #6 norm,,0.952276724830698,0.0134072038422097
Norm,Experiment1 MAL335 #7 norm,,0.96668389464556,0.0209666170613367
Norm,Experiment1 MAL335 #8 norm,,1.00440831708156,0.0360009153861664
Norm,Experiment1 ASP334 #1 norm,,0.966600586925794,0.0228530181258464
Norm,Experiment1 ASP334 #2 norm,,1.00590300972867,0.031909129103305
Norm,Experiment1 ASP334 #3 norm,,0.957551654330031,0.0203778832136095
Norm,Experiment1 ASP334 #4 norm,,0.994315915249294,0.0200799148325558
Norm,Experiment1 ASP334 #5 norm,,0.959176364325322,0.0295205423165592
Norm,Experiment1 ASP334 #6 norm,,0.9899114496159,0.0322987450916534
Norm,Experiment1 ASP334 #7 norm,,0.980325513486306,0.0326659375227191
Norm,Experiment1 ASP334 #8 norm,,0.953528569812358,0.102144099924061
Norm,Experiment1 GLU348 #1 norm,,0.952223392039802,0.0214909313243315
Norm,Experiment1 GLU348 #2 norm,,0.997181431830651,0.0196458989599703
Norm,Experiment1 GLU348 #3 norm,,0.967374773678682,0.0110468377670189
Norm,Experiment1 GLU348 #4 norm,,0.987425571061694,0.0356545917421086
Norm,Experiment1 GLU348 #5 norm,,1.0124402845401,0.0237840013702402
Norm,Experiment1 GLU348 #6 norm,,0.985881152365139,0.0128969167965409
Norm,Experiment1 GLU348 #7 norm,,0.982748153797018,0.0138828764889209
Norm,Experiment1 GLU348 #8 norm,,0.946847880401454,0.0216177676565144
Norm,Experiment1 THR320 #1 norm,,0.992010009463642,0.0104191401089494
Norm,Experiment1 THR320 #2 norm,,0.926841189386934,0.0132348972012863
Norm,Experiment1 THR320 #3 norm,,1.00781343025405,0.0104553231583082
Norm,Experiment1 THR320 #4 norm,,1.02700177869864,0.0300979634410123
Norm,Experiment1 THR320 #5 norm,,1.00520068652536,0.0217822652982326
Norm,Experiment1 THR320 #6 norm,,0.996825278465543,0.011479060088234
Norm,Experiment1 THR320 #7 norm,,0.96236159570897,0.013831867013072
Norm,Experiment1 THR320 #8 norm,,0.926108158029001,0.0235760611084768
Norm,Experiment1 ALA116 #1 norm,,0.976928643383395,0.0097091902877199
Norm,Experiment1 ALA116 #2 norm,,0.999289824822639,0.0104875694537598
Norm,Experiment1 ALA116 #3 norm,,1.04019020266638,0.019610767629556
Norm,Experiment1 ALA116 #4 norm,,1.05111623647503,0.0223212570421257
Norm,Experiment1 ALA116 #5 norm,,0.965492091574587,0.10502662557203
Norm,Experiment1 ALA116 #6 norm,,1.01688047660559,0.0787647044135398
Norm,Experiment1 ALA116 #7 norm,,1.01539846389034,0.0611465988547211
Norm,Experiment1 ALA116 #8 norm,,0.929214716181447,0.0974570539603208
Norm,Experiment1 PYR #1 norm,,0.976535129660875,0.0170574623514319
Norm,Experiment1 PYR #2 norm,,0.922477856937704,0.04378523450888
Norm,Experiment1 PYR #3 norm,,0.946630034882339,0.108184354109954
Norm,Experiment1 PYR #4 norm,,1.00599872947082,0.0439645473956448
Norm,Experiment1 PYR #5 norm,,1.02167906283661,0.0619706712780828
Norm,Experiment1 PYR #6 norm,,1.05237822501576,0.0530958525234664
Norm,Experiment1 PYR #7 norm,,0.916642890968932,0.0866518196861972
Norm,Experiment1 PYR #8 norm,,0.987390833723229,0.0617857541722886
