type,id,eqn,val,std
Net flux,CO2.t,CO2.t -> CO2,46.9377494551811,1.10208524602196
Net flux,CO2_sink,dummy -> Sink,46.937749455181,1.10208524602196
Net flux,RUBICSO_CO2,RUBP.p + CO2 -> 3PGA.p + 3PGA.p + dummy,58.2131558080143,1.31756229011843
Net flux,GAPDH.p net,3PGA.p <-> TP.p,137.953216324257,2.73384646897539
Exch flux,GAPDH.p exch,3PGA.p <-> TP.p,0.957406443059128,0.430225556042394
Net flux,ALD,TP.p + E4P.p -> SBP,25.0401037099125,0.509339539351165
Net flux,SBP,SBP -> S7P.p,25.0401037099125,0.509339539351165
Net flux,FBA.p net,TP.p + TP.p <-> FBP.p,29.6625244701136,0.661924470923746
Exch flux,FBA.p exch,TP.p + TP.p <-> FBP.p,21672.1080485147,1706.38981664422
Net flux,PFK.p net,FBP.p <-> F6P.p,29.6625244701167,0.661924470923746
Exch flux,PFK.p exch,FBP.p <-> F6P.p,9.99923202016362e-08,1.00557260081278e-12
Net flux,TK1 net,TP.p + EC2 <-> X5P.p,50.0802074198249,1.01867907870233
Exch flux,TK1 exch,TP.p + EC2 <-> X5P.p,1.00000026037605e-07,0
Net flux,TK2 net,S7P.p <-> R5P.p + EC2,25.0401037099124,0.509339539351165
Exch flux,TK2 exch,S7P.p <-> R5P.p + EC2,38.0626489061715,1788.6069885468
Net flux,TK3 net,F6P.p <-> E4P.p + EC2,25.0401037099145,0.509339539351165
Exch flux,TK3 exch,F6P.p <-> E4P.p + EC2,9980.07306752903,0.509339677385708
Net flux,PPE net,X5P.p <-> RU5P.p,50.0802074198249,1.01867907870233
Exch flux,PPE exch,X5P.p <-> RU5P.p,117.419227019629,3122.43499916146
Net flux,PPI net,R5P.p <-> RU5P.p,25.0401037099125,0.509339539351165
Exch flux,PPI exch,R5P.p <-> RU5P.p,240.177718792565,3669.72165259443
Net flux,PRK,RU5P.p -> RUBP.p,75.1203111297375,1.52801861805338
Net flux,RUBISCO_O2,RUBP.p -> 3PGA.p + 2PG.p,16.9071553217232,0.600408671186128
Net flux,GLYdil net,GLY.p <-> GLY.x + dummyGLY,0.00893626380780432,0.00111793649936284
Exch flux,GLYdil exch,GLY.p <-> GLY.x + dummyGLY,0.627457878464348,0.3787797625038
Net flux,SERdil net,SER.p <-> SER.x + dummySER,0.707429763106113,0.442417973736949
Exch flux,SERdil exch,SER.p <-> SER.x + dummySER,9.99999230089088e-08,5.24297100628579e-14
Net flux,GK,GA.p -> 3PGA.p,4.99372194177467,0.832973337496089
Net flux,PGI.p net,F6P.p <-> G6P.p,4.62242076020515,0.378242394120699
Exch flux,PGI.p exch,F6P.p <-> G6P.p,2.98894717410383,3875.02659876068
Net flux,PGM.p,G6P.p -> ADPG.p,4.62242076020516,0.378242394120699
Net flux,Starch,ADPG.p -> Starch,4.62242076020513,0.378242394120699
Net flux,FBA.c net,TP.c + TP.c <-> FBP.c,1.753928127142,0.219418351583704
Exch flux,FBA.c exch,TP.c + TP.c <-> FBP.c,20.5385410511798,2936.73838968158
Net flux,PFK.c net,FBP.c <-> F6P.c,1.75392812714201,0.219418351583704
Exch flux,PFK.c exch,FBP.c <-> F6P.c,5.19266931036471,2936.73838968158
Net flux,PGI.c net,F6P.c <-> G6P.c,0.876964063571023,0.109709175791852
Exch flux,PGI.c exch,F6P.c <-> G6P.c,227.287828577428,2936.73838353389
Net flux,PGM.c net,G6P.c <-> UDPG.c,0.876964063565538,0.109709175791852
Exch flux,PGM.c exch,G6P.c <-> UDPG.c,48481.4250677445,2936.73838148466
Net flux,SPS,F6P.c + UDPG.c -> S6P,0.87696406357097,0.109709175791852
Net flux,PGAM.c net,3PGA.c <-> PEP.c,0.373972555269842,0.0467843808851866
Exch flux,PGAM.c exch,3PGA.c <-> PEP.c,1.00000759006846e-07,1.078198625074e-13
Net flux,PK.c,PEP.c -> PYR.c,0.169753933785536,0.0212364051391756
Net flux,PDH,PYR.c + dummy -> ACA + CO2,0.141278910641136,0.0176741481930364
Net flux,CS,OAA + ACA -> CIT,0.141278910641132,0.0176741481930364
Net flux,ACO net,CIT <-> ICI,0.141278910641176,0.0176741481930364
Exch flux,ACO exch,CIT <-> ICI,1124.98427102641,3549.25236301568
Net flux,IDH,ICI + dummy -> AKG + CO2,0.141278910641149,0.0176741481930364
Net flux,MDH net,MAL <-> OAA,2.1316282072803e-14,0
Exch flux,MDH exch,MAL <-> OAA,0.546743968880762,0.122973866655308
Net flux,PPC,PEP.c + CO2 -> OAA + dummy,0.204218621483824,0.0255479757107673
Net flux,T_3PGA net,3PGA.p <-> 3PGA.c,0.373972555269823,0.0467843808851866
Exch flux,T_3PGA exch,3PGA.p <-> 3PGA.c,1.0000000116861e-07,0
Net flux,T_DHAP net,TP.p <-> TP.c,3.50785625428404,0.438836703167409
Exch flux,T_DHAP exch,TP.p <-> TP.c,9.99999998363421e-08,0
Net flux,ALT,PYR.c -> ALA.c,0.0284750231441404,0.00356225693355214
Net flux,ASPT,OAA -> ASP,0.0629397108425589,0.00787382753535276
Net flux,GLUDH,AKG -> GLU,0.141278910641125,0.0176741481930364
Net flux,PCR net,GLU <-> PRO,-2.48689957516035e-14,0
Exch flux,PCR exch,GLU <-> PRO,0.110181181889345,3611.78309127044
Net flux,GS net,GLU <-> GLN,0,0
Exch flux,GS exch,GLU <-> GLN,31.6932044121523,3650.98107737946
Net flux,TS net,ASP <-> THR,0,0
Exch flux,TS exch,ASP <-> THR,1.0000000116861e-07,0
Net flux,AS net,ASP <-> ASN,1.06581410364015e-14,0
Exch flux,AS exch,ASP <-> ASN,1.0000000116861e-07,0
Net flux,G_3PGA.p,0*3PGA.p -> 3PGA,2.46866295583459e-06,5381.07641706162
Net flux,G_3PGA.c,0*3PGA.c -> 3PGA,92.9119081387673,3585.94552718133
Net flux,G_DHAP.p,0*TP.p -> TP,40.685379842242,5126.55822655726
Net flux,G_DHAP.c,0*TP.c -> TP,51.8471856996947,3546.42330215484
Net flux,G_F6P.p,0*F6P.p -> F6P,48.6686345030749,5247.42459478697
Net flux,G_F6P.c,0*F6P.c -> F6P,36.546576817712,3625.17015178727
Net flux,G_FBP.p,0*FBP.p -> FBP,2.46866127895373e-06,5319.89319937103
Net flux,G_FBP.c,0*FBP.c -> FBP,83.451231044778,3651.3208675074
Net flux,G_G6P.p,0*G6P.p -> G6P,19.0549768397257,5297.02926797361
Net flux,G_G6P.c,0*G6P.c -> G6P,58.8549499993083,3714.01330412823
Net flux,G_RU5P.p,0*RU5P.p -> P5P,2.46865369746274e-06,5254.41694320005
Net flux,G_X5P.p,0*X5P.p -> P5P,92.8477691502428,3692.38589871575
Net flux,G_R5P.p,0*R5P.p -> R5P,82.2810779884949,3753.18598317713
Net flux,G_GA.p,0*GA.p -> GA,34.4105449898427,1.86666898843293
Net flux,G_SER.p,0*SER.p -> SER,87.5380650666173,3809.06271398421
Net flux,G_GLY.p,0*GLY.p -> GLY,24.1213211792633,3838.39348159806
Net flux,G_RUBP.p,0*RUBP.p -> RUBP,92.5302752673063,3672.70830906467
Net flux,G_S7P.p,0*S7P.p -> S7P,98.4567310636212,3574.87895123763
Net flux,G_2PG.p,0*2PG.p -> 2PG,87.0427532706349,3726.3094726373
Net flux,G_ADPG.p,0*ADPG.p -> ADPG,95.0805622183377,3566.13492684278
Net flux,G_PEP.c,0*PEP.c -> PEP,89.2305410445615,3662.23677467116
Net flux,G_UDPG.c,0*UDPG.c -> UDPG,72.4268033045549,3765.68360869618
Net flux,G_ALA.c,0*ALA.c -> ALA,74.1744446051077,5.65755471578312
Net flux,(1-G)_GA,0*GA.x -> GA,65.5894550101593,1.86666898843293
Net flux,(1-G)_SER,0*SER.x -> SER,12.4619181411403,4.14080311007483
Net flux,(1-G)_GLY,0*GLY.x -> GLY,36.1168567738583,2.91271175198842
Net flux,(1-G)_R5P,0*R5P.x -> R5P,17.718922011502,3753.18598317713
Net flux,(1-G)_RUBP,0*RUBP.x -> RUBP,7.46972473269241,3672.70830906467
Net flux,(1-G)_3PGA,0*3PGA.x -> 3PGA,7.08808939257008,3717.8409124255
Net flux,(1-G)_TP,0*TP.x -> TP,7.46743445806383,3674.71189586782
Net flux,(1-G)_F6P,0*F6P.x -> F6P,14.7847886792169,3661.68942903801
Net flux,(1-G)_FBP,0*FBP.x -> FBP,16.5487664865554,3824.46080637891
Net flux,(1-G)_G6P,0*G6P.x -> G6P,22.0900731609643,3600.87130825994
Net flux,(1-G)_RU5P,0*RU5P.x -> P5P,7.1522283811049,3551.71734602717
Net flux,(1-G)_S7P,0*S7P.x -> S7P,1.54326893637677,3574.87895123763
Net flux,(1-G)_2PG,0*2PG.x -> 2PG,12.9572467293675,3726.3094726373
Net flux,(1-G)_ADPG,0*ADPG.x -> ADPG,4.91943778166132,3566.13492684278
Net flux,(1-G)_PEP,0*PEP.x -> PEP,10.7694589554367,3662.23677467116
Net flux,(1-G)_UDPG,0*UDPG.x -> UDPG,27.5731966954463,3765.68360869618
Net flux,(1-G)_ALA,0*ALA.x -> ALA,25.8255553948921,5.65755471578312
Net flux,PGASink,3PGA -> Sink,100,0
Net flux,DHAPSink,TP -> Sink,100.000000000001,0
Net flux,F6PSink,F6P -> Sink,100.000000000004,0
Net flux,FBPSink,FBP -> Sink,99.9999999999947,0
Net flux,G6PSink,G6P -> Sink,99.9999999999983,0
Net flux,P5PSink,P5P -> Sink,100.000000000001,0
Net flux,R5PSink,R5P -> Sink,99.9999999999968,0
Net flux,GASink,GA -> Sink,100.000000000002,0
Net flux,SERSink,SER -> Sink,99.9999999999996,0
Net flux,GLYSink,GLY -> Sink,100.000000000001,0
Net flux,RUBPSink,RUBP -> Sink,99.9999999999987,0
Net flux,S7PSink,S7P -> Sink,99.9999999999979,0
Net flux,2PGSink,2PG -> Sink,100.000000000002,0
Net flux,ADPGSink,ADPG -> Sink,99.999999999999,0
Net flux,PEPSink,PEP -> Sink,99.9999999999983,0
Net flux,UDPGSink,UDPG -> Sink,100.000000000001,0
Net flux,ALASink,ALA -> Sink,99.9999999999998,0
Net flux,S6Pout-LL,S6P + 0.1611*GLU + 0.07177*ASP + 0.03247*ALA.c + 0.01019*dummyGLY + 0.03484*dummySER -> Sink,0.876964063571005,0.109709175791852
Net flux,PGP.p,2PG.p -> Glyc.p,16.9071553217232,0.600408671186128
Net flux,GOX,Glyc.p -> Glyx.p,16.9071553217232,0.600408671186128
Net flux,GGT,Glyx.p -> GLY.p,16.9071553217232,0.600408671186128
Net flux,SGAT,SER.p -> HPA.p,4.99372194177466,0.832973337496089
Net flux,HPR.p,HPA.p -> GA.p,4.99372194177465,0.832973337496089
Net flux,T_GLY-m net,GLY.p <-> GLY.m,16.8930373161857,5070.63091342767
Exch flux,T_GLY-m exch,GLY.p <-> GLY.m,156494.93579907,3667.91366570629
Net flux,GDC.m,GLY.m + dummy -> myTHF.m + CO2,11.1970671530346,0.832030349952276
Net flux,T_SER-m net,SER.p <-> SER.m,-11.1970671530346,0.832030349952276
Exch flux,T_SER-m exch,SER.p <-> SER.m,63.1342205349614,3760.00043928254
Net flux,mSHMT,GLY.m + myTHF.m -> SER.m,11.1970671530346,0.832030349952276
Net flux,T_SER-c net,SER.p <-> SER.c,5.49591544815383,1.54946870131081
Exch flux,T_SER-c exch,SER.p <-> SER.c,0.0215650125986091,0.463463618017072
Net flux,T_Gly-c net,GLY.p <-> GLY.c,0.00518174170832886,5070.63087787292
Exch flux,T_Gly-c exch,GLY.p <-> GLY.c,0.000119396330495736,3665.7171671742
Net flux,cSHMT,SER.c -> GLY.c + meTHF.c,5.49591534815383,1.54946870131081
Net flux,FmTHF-reductase net,meTHF.c <-> FmTHF.c,5.49591534815383,1.54946870131081
Exch flux,FmTHF-reductase exch,meTHF.c <-> FmTHF.c,4.30388347602727,3694.66373230799
Net flux,Met-synthase,FmTHF.c + Hcy.c -> Met.c,5.49591534815381,1.54946870131081
Net flux,SAM-synthase,Met.c -> SAM.c,5.49591534815382,1.54946870131081
Net flux,Methylation,SAM.c -> SAH.c + Acceptor.c,5.49591534815382,1.54946870131081
Net flux,hydrolysis,SAH.c -> Hcy.c,5.49591534815381,1.54946870131081
Net flux,G_SER.m,0*SER.m -> SER,1.0000000116861e-07,0
Net flux,G_SER.c,0*SER.c -> SER,1.66922419637672e-05,3809.06046326927
Net flux,G_Gly.m,0*GLY.m -> GLY,0.00029450295432909,3838.39008667374
Net flux,G_Gly.c,0*GLY.c -> GLY,39.7615275439253,6.44902229338006
Net flux,T_GLY-c-m,GLY.c -> GLY.m,5.50109698986221,5070.63114186344
Net flux,G_Glyc,0*Glyc.p -> Glyc,21.2758743088409,1.23759144173511
Net flux,G_Glyx,0*Glyx.p -> Glyx,16.5335339850149,2.03472251274889
Net flux,G_HPA,0*HPA.p -> HPA,6.73180343585652,1.21101887833157
Net flux,(1-G)_Glyc,0*Glyc.x -> Glyc,78.7241256911597,1.23759144173511
Net flux,(1-G)_Glyx,0*Glyx.x -> Glyx,83.4664660149859,2.03472251274889
Net flux,(1-G)_HPA,0*HPA.x -> HPA,93.2681965641434,1.21101887833157
Net flux,GlycSink,Glyc -> Sink,100.000000000001,0
Net flux,GlyxSink,Glyx -> Sink,100.000000000001,0
Net flux,HPASink,HPA -> Sink,99.9999999999998,0
Net flux,SERex,dummySER -> outSER,0.676873523584464,0.442655103010531
Net flux,G_PYR,0*PYR.c -> PYR,31.3235564288504,1.66166289153781
Net flux,(1-G)_PYR,0*PYR.x -> PYR,68.6764435711499,1.66166289153781
Net flux,PYRSink,PYR -> Sink,100,0
Net flux,G_meTHF,0*meTHF.c -> meTHF,82.4334322951772,4.43104266481352
Net flux,G_FmTHF,0*FmTHF.c -> FmTHF,68.8806880976373,3.60738383804368
Net flux,G_Met,0*Met.c -> Met,56.7465151407109,4.37931399801438
Net flux,G_SAM,0*SAM.c -> SAM,56.955744100364,4.09666815251151
Net flux,(1-G)_meTHF,0*meTHF.x -> meTHF,17.5665677048228,4.43104266481352
Net flux,(1-G)_FmTHF,0*FmTHF.x -> FmTHF,31.1193119023628,3.60738383804368
Net flux,(1-G)_Met,0*Met.x -> Met,43.2534848592892,4.37931399801438
Net flux,(1-G)_SAM,0*SAM.x -> SAM,43.044255899636,4.09666815251151
Net flux,meTHFSink,meTHF -> Sink,99.9999999999999,0
Net flux,FmTHFSink,FmTHF -> Sink,100,0
Net flux,MetSink,Met -> Sink,100,0
Net flux,SAMsink,SAM -> Sink,100,0
Net flux,Met-protein,Met.c -> Protein,6.51983996113883e-15,0
Net flux,GLY-protein,GLY.c -> Protein,9.99999887341119e-08,0.734432473790937
Net flux,SER-protein,SER.c -> Protein,1.00000002944967e-07,3.6315437054997e-15
Pool,2PG pool,,0,0
Pool,2PG.p pool,,3.04408905157959e-06,3743.04118307018
Pool,2PG.x pool,,1,Inf
Pool,3PGA pool,,0,0
Pool,3PGA.c pool,,0.00999816667526307,0.00366280913785075
Pool,3PGA.p pool,,3.72452789459416e-06,3806.99481603656
Pool,3PGA.x pool,,1,Inf
Pool,ACA pool,,1.56714307968434e-06,3792.21291919398
Pool,ADPG pool,,0,0
Pool,ADPG.p pool,,9.9999999999999e-08,Inf
Pool,ADPG.x pool,,1,Inf
Pool,AKG pool,,3.29809478160786e-06,3679.03742058648
Pool,ALA pool,,0,0
Pool,ALA.c pool,,0.00827923270679208,0.00189551061636067
Pool,ALA.x pool,,1,Inf
Pool,ASN pool,,7566.06813412398,3889.98009445128
Pool,ASP pool,,0.00110425954300767,0.00139699328252657
Pool,Acceptor.c pool,,1,Inf
Pool,CIT pool,,3.59174448556847,1.59285445367119
Pool,CO2 pool,,0.293742464008545,0.144565624250431
Pool,CO2.t pool,,1,Inf
Pool,E4P.p pool,,0,0
Pool,EC2 pool,,0,0
Pool,F6P pool,,0,0
Pool,F6P.c pool,,3.82970852965746e-06,3899.89956198456
Pool,F6P.p pool,,3.37361940844106e-06,3714.04623081342
Pool,F6P.x pool,,1,Inf
Pool,FBP pool,,0,0
Pool,FBP.c pool,,3.82966453722668e-06,3447.0502059011
Pool,FBP.p pool,,3.18858810490642e-06,3740.58330525892
Pool,FBP.x pool,,1,Inf
Pool,FmTHF pool,,0.945436849003354,0.571651244132854
Pool,FmTHF.c pool,,6.6340379823367e-07,3882.83377670572
Pool,FmTHF.x pool,,1,Inf
Pool,G6P pool,,0,0
Pool,G6P.c pool,,9.87487109928532e-06,3810.08615953895
Pool,G6P.p pool,,3.61927579131748e-06,3671.74242493628
Pool,G6P.x pool,,1,Inf
Pool,GA pool,,0,0
Pool,GA.p pool,,1.40250261190856e-06,3857.13580467694
Pool,GA.x pool,,1,Inf
Pool,GLN pool,,0.0571090670359809,4.8938075665967
Pool,GLU pool,,3.04564157549774e-06,3695.79163485777
Pool,GLY pool,,0,0
Pool,GLY.c pool,,1.00000000002876e-07,0
Pool,GLY.m pool,,0.280766150285885,0.0904106829764687
Pool,GLY.p pool,,0.000427212185621274,3710.2167320879
Pool,GLY.x pool,,1,Inf
Pool,Glyc pool,,5.39429900382733,1.45774491325349
Pool,Glyc.p pool,,8.39114680355982e-06,3780.4807645427
Pool,Glyc.x pool,,1,Inf
Pool,Glyx pool,,18.2111121731029,5.60548862380027
Pool,Glyx.p pool,,1.13168200023298e-05,3789.46411076281
Pool,Glyx.x pool,,1,Inf
Pool,HPA pool,,0.000146542788112375,3879.77992490365
Pool,HPA.p pool,,1.22792048846465e-06,3771.00999277577
Pool,HPA.x pool,,1,Inf
Pool,Hcy.c pool,,1,Inf
Pool,ICI pool,,0.00445284872244861,3790.67085134165
Pool,MAL pool,,0.585841086802562,0.118119140038584
Pool,Met pool,,3.77339253057918e-05,3725.26269566529
Pool,Met.c pool,,5.24407004653272e-07,3809.27601837406
Pool,Met.x pool,,1,Inf
Pool,OAA pool,,0.104560392558469,0.0322810281037323
Pool,P5P pool,,0,0
Pool,PEP pool,,0,0
Pool,PEP.c pool,,0.00293595142745636,0.00301017280228674
Pool,PEP.x pool,,1,Inf
Pool,PRO pool,,1.00043775863556e-07,3861.65151921302
Pool,PYR pool,,1e-07,0
Pool,PYR.c pool,,1.07696145626656e-07,3752.66929442195
Pool,PYR.x pool,,1,Inf
Pool,Protein pool,,1,Inf
Pool,R5P pool,,0,0
Pool,R5P.p pool,,5.60644093378529e-06,3685.49986157091
Pool,R5P.x pool,,1,Inf
Pool,RU5P.p pool,,3.24069814555917e-06,3735.43169677985
Pool,RU5P.x pool,,1,Inf
Pool,RUBP pool,,0,0
Pool,RUBP.p pool,,3.25128097837742e-06,3574.879826906
Pool,RUBP.x pool,,1,Inf
Pool,S6P pool,,1,Inf
Pool,S7P pool,,0,0
Pool,S7P.p pool,,3.10306538815915e-06,3683.03909659148
Pool,S7P.x pool,,1,Inf
Pool,SAH.c pool,,1,Inf
Pool,SAM pool,,5.06186588430729,1.50825270445672
Pool,SAM.c pool,,1.53099354455316e-06,3737.96569550028
Pool,SAM.x pool,,1,Inf
Pool,SBP pool,,0,0
Pool,SER pool,,0,0
Pool,SER.c pool,,1.00000000002876e-07,0
Pool,SER.m pool,,0.88796760215117,0.0891430421531608
Pool,SER.p pool,,1.00000000002876e-07,0
Pool,SER.x pool,,1,Inf
Pool,Sink pool,,1,Inf
Pool,Starch pool,,1,Inf
Pool,THR pool,,3889.73986284853,3780.59800784603
Pool,TP pool,,0,0
Pool,TP.c pool,,4.18762336475511e-06,3692.18708102089
Pool,TP.p pool,,3.80193727766293e-06,3529.00644947703
Pool,TP.x pool,,1,Inf
Pool,UDPG pool,,0,0
Pool,UDPG.c pool,,0.170109595580878,3871.87759024699
Pool,UDPG.x pool,,1,Inf
Pool,X5P.p pool,,3.32412977434196e-06,3837.46700983827
Pool,dummy pool,,1,Inf
Pool,dummyGLY pool,,1,Inf
Pool,dummySER pool,,1,Inf
Pool,meTHF pool,,1.29462982287278,0.850955803719559
Pool,meTHF.c pool,,7.19610143152152e-07,3789.20800096653
Pool,meTHF.x pool,,1,Inf
Pool,myTHF.m pool,,1.00000000016753e-07,0
Pool,outSER pool,,1,Inf
Norm,Experiment1 Glyc205 #1 norm,,1.01479083406619,0.0132587480130643
Norm,Experiment1 Glyc205 #2 norm,,1.01056395445096,0.0235031590796413
Norm,Experiment1 Glyc205 #3 norm,,0.971141919530884,0.0210475900037569
Norm,Experiment1 Glyc205 #4 norm,,1.00451287306616,0.0319328169296804
Norm,Experiment1 Glyc205 #5 norm,,0.997501924226518,0.0341356783981103
Norm,Experiment1 Glyc205 #6 norm,,1.01487290189711,0.0284430868707634
Norm,Experiment1 Glyc205 #7 norm,,1.01498178338289,0.0377017796097616
Norm,Experiment1 Glyc205 #8 norm,,0.983629706161473,0.0287462804000368
Norm,Experiment1 Glyx160 #1 norm,,0.994642667985406,0.0112383397965833
Norm,Experiment1 Glyx160 #2 norm,,0.99200323006567,0.0133827536280581
Norm,Experiment1 Glyx160 #3 norm,,1.00459187687501,0.017151349749702
Norm,Experiment1 Glyx160 #4 norm,,0.997897223489083,0.0144913548705132
Norm,Experiment1 Glyx160 #5 norm,,1.00530624677344,0.0347607809570286
Norm,Experiment1 Glyx160 #6 norm,,1.00833108454264,0.0197168848533378
Norm,Experiment1 Glyx160 #7 norm,,0.954599827944182,0.0376398711017174
Norm,Experiment1 Glyx160 #8 norm,,1.00297021675856,0.0388011770409008
Norm,Experiment1 GLY276 #1 norm,,1.01489968579951,0.0104701310023948
Norm,Experiment1 GLY276 #2 norm,,0.999909515494381,0.023733738308398
Norm,Experiment1 GLY276 #3 norm,,1.00333564937528,0.0428468151338727
Norm,Experiment1 GLY276 #4 norm,,1.00457333745476,0.0547319678643492
Norm,Experiment1 GLY276 #5 norm,,1.00246854900262,0.109994327378765
Norm,Experiment1 GLY276 #6 norm,,0.850066865604221,0.0974163808256622
Norm,Experiment1 GLY276 #7 norm,,1.02243673313327,0.0708110640402636
Norm,Experiment1 GLY276 #8 norm,,0.989262091974453,0.0677690167808222
Norm,Experiment1 HPA262 #1 norm,,1.02161197539469,0.0112471653042037
Norm,Experiment1 HPA262 #2 norm,,0.947173053642533,0.0285239175400984
Norm,Experiment1 HPA262 #3 norm,,0.966064374247782,0.0133161199303659
Norm,Experiment1 HPA262 #4 norm,,0.959083368207442,0.0373284849642804
Norm,Experiment1 HPA262 #5 norm,,0.981411120363951,0.0241459994409804
Norm,Experiment1 HPA262 #6 norm,,0.922635362222194,0.0321252767960967
Norm,Experiment1 HPA262 #7 norm,,0.98039584118853,0.0248490274764288
Norm,Experiment1 HPA262 #8 norm,,1.00509610417175,0.023799397475091
Norm,Experiment1 GA307 #1 norm,,1.03422792313945,0.0128525902491155
Norm,Experiment1 GA307 #2 norm,,0.9580067465158,0.0312513536869018
Norm,Experiment1 GA307 #3 norm,,0.927943601656893,0.0311950255367433
Norm,Experiment1 GA307 #4 norm,,0.993582974497798,0.0197591377490473
Norm,Experiment1 GA307 #5 norm,,0.973760652149605,0.0615467251107406
Norm,Experiment1 GA307 #6 norm,,1.03238546671425,0.0404935012500524
Norm,Experiment1 GA307 #7 norm,,0.973821170400917,0.0450485342750117
Norm,Experiment1 GA307 #8 norm,,0.967508129284596,0.0350305137883119
Norm,Experiment1 SER306 #1 norm,,1.01005266077464,0.0147131340493578
Norm,Experiment1 SER306 #2 norm,,1.01521854331634,0.0167339835763956
Norm,Experiment1 SER306 #3 norm,,0.982314587499182,0.0416137510531663
Norm,Experiment1 SER306 #4 norm,,1.00535863910753,0.0438388032253264
Norm,Experiment1 SER306 #5 norm,,1.06355624282953,0.088957703142048
Norm,Experiment1 SER306 #6 norm,,0.843579845142223,0.0561428441919287
Norm,Experiment1 SER306 #7 norm,,1.00497037917483,0.0410618510171855
Norm,Experiment1 SER306 #8 norm,,1.00161186818872,0.0514920757034449
Norm,Experiment1 meTHF #1 norm,,0.986343011411363,0.00982589044852983
Norm,Experiment1 meTHF #2 norm,,1.02092068132884,0.010279502889931
Norm,Experiment1 meTHF #3 norm,,1.05398735875236,0.0630729817241964
Norm,Experiment1 meTHF #4 norm,,0.973468807681542,0.0482355828893526
Norm,Experiment1 meTHF #5 norm,,1.00052397482657,0.112374318572686
Norm,Experiment1 meTHF #6 norm,,1.00505622834201,0.131154661263225
Norm,Experiment1 meTHF #7 norm,,1.00684030165968,0.0567606296824299
Norm,Experiment1 meTHF #8 norm,,0.970178981558547,0.0792489785777749
Norm,Experiment1 FmTHF #1 norm,,1.00494436472447,0.0100891697240899
Norm,Experiment1 FmTHF #2 norm,,0.976477543903526,0.0238961204067393
Norm,Experiment1 FmTHF #3 norm,,1.02672707055043,0.0342716710830559
Norm,Experiment1 FmTHF #4 norm,,0.99989159049952,0.0263302271324726
Norm,Experiment1 FmTHF #5 norm,,0.984454367290579,0.0540879938552619
Norm,Experiment1 FmTHF #6 norm,,1.00019760870835,0.0577906600556316
Norm,Experiment1 FmTHF #7 norm,,0.984451063642684,0.0584520584692594
Norm,Experiment1 FmTHF #8 norm,,1.03781975865693,0.0868632457853566
Norm,Experiment1 Met176 #1 norm,,0.964638713602442,0.0242018034584562
Norm,Experiment1 Met176 #2 norm,,0.903705760473902,0.0317140580863014
Norm,Experiment1 Met176 #3 norm,,0.931711569533089,0.0484077187906047
Norm,Experiment1 Met176 #4 norm,,0.986564357716975,0.0372625975383326
Norm,Experiment1 Met176 #5 norm,,0.973759005428377,0.0832916589358015
Norm,Experiment1 Met176 #6 norm,,1.03091763146483,0.166222798099869
Norm,Experiment1 Met176 #7 norm,,1.00094929380999,0.104473894380403
Norm,Experiment1 Met176 #8 norm,,0.991035722631287,0.127400079207875
Norm,Experiment1 SAM #1 norm,,1.01214512578655,0.0119821338514436
Norm,Experiment1 SAM #2 norm,,0.985502662080642,0.012033440343639
Norm,Experiment1 SAM #3 norm,,0.961842505898273,0.0135420883960035
Norm,Experiment1 SAM #4 norm,,1.02708777766798,0.023063101235308
Norm,Experiment1 SAM #5 norm,,0.997737614552755,0.0418622432102303
Norm,Experiment1 SAM #6 norm,,0.994964237485659,0.0662011836703089
Norm,Experiment1 SAM #7 norm,,1.00058677898728,0.111814066480898
Norm,Experiment1 SAM #8 norm,,0.994447972272993,0.0783580402518348
Norm,Experiment1 CIT465 #1 norm,,0.980594150007558,0.0115563874253547
Norm,Experiment1 CIT465 #2 norm,,1.00661891552755,0.0138328794238458
Norm,Experiment1 CIT465 #3 norm,,0.960153638980062,0.0114741838560125
Norm,Experiment1 CIT465 #4 norm,,0.997106151660611,0.0170064170681529
Norm,Experiment1 CIT465 #5 norm,,0.961181677565865,0.0131004916535844
Norm,Experiment1 CIT465 #6 norm,,0.982717072579982,0.0128457632469088
Norm,Experiment1 CIT465 #7 norm,,1.02701406384235,0.0143977415902723
Norm,Experiment1 CIT465 #8 norm,,0.997550323404465,0.0205288448652209
Norm,Experiment1 MAL335 #1 norm,,0.966964716747763,0.0120118564874982
Norm,Experiment1 MAL335 #2 norm,,1.01818463038933,0.0111957953604535
Norm,Experiment1 MAL335 #3 norm,,0.96511498469969,0.009952042612009
Norm,Experiment1 MAL335 #4 norm,,1.08687933403994,0.0157611410370032
Norm,Experiment1 MAL335 #5 norm,,0.953203991588945,0.0138422023167703
Norm,Experiment1 MAL335 #6 norm,,0.984486004775199,0.0145799340109832
Norm,Experiment1 MAL335 #7 norm,,0.956613093916512,0.0211084710029952
Norm,Experiment1 MAL335 #8 norm,,1.03927385820829,0.0352871535413787
Norm,Experiment1 ASP334 #1 norm,,0.96821048715413,0.0223791355043392
Norm,Experiment1 ASP334 #2 norm,,0.892342198557107,0.0282978886209943
Norm,Experiment1 ASP334 #3 norm,,0.988730624015254,0.0242526317600716
Norm,Experiment1 ASP334 #4 norm,,0.987637826123988,0.0282891990584662
Norm,Experiment1 ASP334 #5 norm,,0.933612875180366,0.030419760117751
Norm,Experiment1 ASP334 #6 norm,,1.00338090134381,0.0350366847643869
Norm,Experiment1 ASP334 #7 norm,,1.02984912130288,0.035016559633704
Norm,Experiment1 ASP334 #8 norm,,0.92866342738941,0.0847264494551087
Norm,Experiment1 GLU348 #1 norm,,1.01140222414747,0.0222281695708628
Norm,Experiment1 GLU348 #2 norm,,1.00312425181792,0.0200764498430633
Norm,Experiment1 GLU348 #3 norm,,0.993596566676667,0.01130161893752
Norm,Experiment1 GLU348 #4 norm,,1.06171081840458,0.0382049104545696
Norm,Experiment1 GLU348 #5 norm,,0.955014682847808,0.023166471513235
Norm,Experiment1 GLU348 #6 norm,,1.01345380831787,0.0132986524874724
Norm,Experiment1 GLU348 #7 norm,,1.00983074543659,0.0141457640527433
Norm,Experiment1 GLU348 #8 norm,,0.96864752373372,0.890270139143655
Norm,Experiment1 THR320 #1 norm,,1.01377256310159,0.0105178177176636
Norm,Experiment1 THR320 #2 norm,,0.970604813216285,0.014336932404266
Norm,Experiment1 THR320 #3 norm,,1.00798146220634,0.0106231274710171
Norm,Experiment1 THR320 #4 norm,,0.956684399042068,0.0279931584365035
Norm,Experiment1 THR320 #5 norm,,0.950539448374799,0.0200659423947773
Norm,Experiment1 THR320 #6 norm,,0.979292992983872,0.0111993184597343
Norm,Experiment1 THR320 #7 norm,,0.977824195654476,0.0138276729663509
Norm,Experiment1 THR320 #8 norm,,0.891819446283414,0.0236499905560103
Norm,Experiment1 ALA116 #1 norm,,0.988710910119456,0.00981023369521681
Norm,Experiment1 ALA116 #2 norm,,0.995470892243032,0.00988763191834997
Norm,Experiment1 ALA116 #3 norm,,0.972914179364168,0.0176158954704296
Norm,Experiment1 ALA116 #4 norm,,1.06460723923803,0.0240045461229554
Norm,Experiment1 ALA116 #5 norm,,0.954859687598092,0.0873939385113735
Norm,Experiment1 ALA116 #6 norm,,0.999889061158222,0.0868545933457011
Norm,Experiment1 ALA116 #7 norm,,1.01397901136882,0.0575671623524845
Norm,Experiment1 ALA116 #8 norm,,0.94764926511792,0.0883628708839035
Norm,Experiment1 PYR #1 norm,,0.977490992918336,0.0167994803343885
Norm,Experiment1 PYR #2 norm,,1.03451765607296,0.0497961838308502
Norm,Experiment1 PYR #3 norm,,0.934555923303664,0.119324542993258
Norm,Experiment1 PYR #4 norm,,1.03364436293439,0.0449968695706843
Norm,Experiment1 PYR #5 norm,,1.02685836879828,0.0543873923189154
Norm,Experiment1 PYR #6 norm,,1.06653951524077,0.0591513800308599
Norm,Experiment1 PYR #7 norm,,0.960433852761455,0.0989630737298213
Norm,Experiment1 PYR #8 norm,,1.00494550969538,0.058892194860907
