type,id,eqn,val,std
Net flux,CO2.t,CO2.t -> CO2,48.3026849384272,1.10631196082041
Net flux,CO2_sink,dummy -> Sink,48.3026849384272,1.10631196082041
Net flux,RUBICSO_CO2,RUBP.p + CO2 -> 3PGA.p + 3PGA.p + dummy,58.3696035278267,1.18712676106883
Net flux,GAPDH.p net,3PGA.p <-> TP.p,138.72992055434,2.64185915078338
Exch flux,GAPDH.p exch,3PGA.p <-> TP.p,2.73923345872618e-06,0
Net flux,ALD,TP.p + E4P.p -> SBP,25.6400365661586,0.483957803621351
Net flux,SBP,SBP -> S7P.p,25.6400365661586,0.483957803621351
Net flux,FBA.p net,TP.p + TP.p <-> FBP.p,29.5641237038872,0.640583981092658
Exch flux,FBA.p exch,TP.p + TP.p <-> FBP.p,26182.6650632509,936.663824706897
Net flux,PFK.p net,FBP.p <-> F6P.p,29.5641237038908,0.640583981092658
Exch flux,PFK.p exch,FBP.p <-> F6P.p,17288.2722029107,3706.83676292172
Net flux,TK1 net,TP.p + EC2 <-> X5P.p,51.2800731323172,0.967915607242701
Exch flux,TK1 exch,TP.p + EC2 <-> X5P.p,1.0000000116861e-07,0
Net flux,TK2 net,S7P.p <-> R5P.p + EC2,25.6400365661586,0.483957803621351
Exch flux,TK2 exch,S7P.p <-> R5P.p + EC2,37.8115718582988,3936.24637628237
Net flux,TK3 net,F6P.p <-> E4P.p + EC2,25.6400365661575,0.483957803621351
Exch flux,TK3 exch,F6P.p <-> E4P.p + EC2,24526.7203119821,4047.39975618528
Net flux,PPE net,X5P.p <-> RU5P.p,51.2800731323172,0.967915607242701
Exch flux,PPE exch,X5P.p <-> RU5P.p,82.6408544847931,3465.67713523052
Net flux,PPI net,R5P.p <-> RU5P.p,25.6400365661587,0.483957803621351
Exch flux,PPI exch,R5P.p <-> RU5P.p,237.109983912357,778.266433488263
Net flux,PRK,RU5P.p -> RUBP.p,76.920109698476,1.45187341086405
Net flux,RUBISCO_O2,RUBP.p -> 3PGA.p + 2PG.p,18.5505061706493,0.584874548123373
Net flux,GLYdil net,GLY.p <-> GLY.x + dummyGLY,0.0068312828840007,0.00104895697280699
Exch flux,GLYdil exch,GLY.p <-> GLY.x + dummyGLY,1.0000000116861e-07,0
Net flux,SERdil net,SER.p <-> SER.x + dummySER,4.81055330683218,3827.9809605019
Exch flux,SERdil exch,SER.p <-> SER.x + dummySER,1.77322124225071,3827.98078304197
Net flux,GK,GA.p -> 3PGA.p,3.72608880723805,0.502315162105864
Net flux,PGI.p net,F6P.p <-> G6P.p,3.92408713773215,0.346219616879104
Exch flux,PGI.p exch,F6P.p <-> G6P.p,4.52890380776499,3882.59099659223
Net flux,PGM.p,G6P.p -> ADPG.p,3.92408713773215,0.346219616879104
Net flux,Starch,ADPG.p -> Starch,3.92408713773213,0.346219616879104
Net flux,FBA.c net,TP.c + TP.c <-> FBP.c,1.34078172404044,0.20587968087836
Exch flux,FBA.c exch,TP.c + TP.c <-> FBP.c,20.952452270267,3576.83242963841
Net flux,PFK.c net,FBP.c <-> F6P.c,1.34078172404044,0.20587968087836
Exch flux,PFK.c exch,FBP.c <-> F6P.c,5.60668618858173,3673.92732896223
Net flux,PGI.c net,F6P.c <-> G6P.c,0.670390862020241,0.10293984043918
Exch flux,PGI.c exch,F6P.c <-> G6P.c,227.505575668708,4009.23883062528
Net flux,PGM.c net,G6P.c <-> UDPG.c,0.670390862018394,0.10293984043918
Exch flux,PGM.c exch,G6P.c <-> UDPG.c,48481.4277613403,3723.59772739519
Net flux,SPS,F6P.c + UDPG.c -> S6P,0.670390862020188,0.10293984043918
Net flux,PGAM.c net,3PGA.c <-> PEP.c,0.285881479200083,0.0438976655487488
Exch flux,PGAM.c exch,3PGA.c <-> PEP.c,2.79457938994337,3769.53671483593
Net flux,PK.c,PEP.c -> PYR.c,0.129767559161713,0.0199260648965466
Net flux,PDH,PYR.c + dummy -> ACA + CO2,0.107999967871324,0.0165836082814435
Net flux,CS,OAA + ACA -> CIT,0.10799996787132,0.0165836082814435
Net flux,ACO net,CIT <-> ICI,0.107999967871365,0.0165836082814435
Exch flux,ACO exch,CIT <-> ICI,1154.9688459309,3716.75441093313
Net flux,IDH,ICI + dummy -> AKG + CO2,0.107999967871337,0.0165836082814435
Net flux,MDH net,MAL <-> OAA,2.1316282072803e-14,0
Exch flux,MDH exch,MAL <-> OAA,0.286522973268426,0.0906907576881699
Net flux,PPC,PEP.c + CO2 -> OAA + dummy,0.156113920038798,0.0239716006168045
Net flux,T_3PGA net,3PGA.p <-> 3PGA.c,0.285881479200064,0.0438976655487488
Exch flux,T_3PGA exch,3PGA.p <-> 3PGA.c,7.6142947899333,3649.17205124169
Net flux,T_DHAP net,TP.p <-> TP.c,2.68156344808092,0.411759361756719
Exch flux,T_DHAP exch,TP.p <-> TP.c,9.99999998363421e-08,0
Net flux,ALT,PYR.c -> ALA.c,0.0217675912897886,0.00334245661947873
Net flux,ASPT,OAA -> ASP,0.04811395216723,0.0073879923531028
Net flux,GLUDH,AKG -> GLU,0.107999967871314,0.0165836082814435
Net flux,PCR net,GLU <-> PRO,-2.48689957516035e-14,0
Exch flux,PCR exch,GLU <-> PRO,0.0929892932828125,3854.00731239416
Net flux,GS net,GLU <-> GLN,0,0
Exch flux,GS exch,GLU <-> GLN,0.0931901182054347,3562.88960322574
Net flux,TS net,ASP <-> THR,0,0
Exch flux,TS exch,ASP <-> THR,1.0000000116861e-07,0
Net flux,AS net,ASP <-> ASN,1.06581410364015e-14,0
Exch flux,AS exch,ASP <-> ASN,1.0000000116861e-07,0
Net flux,G_3PGA.p,0*3PGA.p -> 3PGA,2.46866294162373e-06,5407.78989091242
Net flux,G_3PGA.c,0*3PGA.c -> 3PGA,92.9119081392415,3744.65232230513
Net flux,G_DHAP.p,0*TP.p -> TP,40.685379842242,4966.54351618571
Net flux,G_DHAP.c,0*TP.c -> TP,51.8471856996947,3511.61577143146
Net flux,G_F6P.p,0*F6P.p -> F6P,48.6686345030749,5218.13343739123
Net flux,G_F6P.c,0*F6P.c -> F6P,36.546576817712,3590.25136803539
Net flux,G_FBP.p,0*FBP.p -> FBP,2.46866127895373e-06,4771.33425146835
Net flux,G_FBP.c,0*FBP.c -> FBP,83.4512310452927,3477.66310023929
Net flux,G_G6P.p,0*G6P.p -> G6P,19.0549768397257,5199.03561294943
Net flux,G_G6P.c,0*G6P.c -> G6P,58.8549499993083,3603.43682679074
Net flux,G_RU5P.p,0*RU5P.p -> P5P,2.46865368325189e-06,5043.49522808665
Net flux,G_X5P.p,0*X5P.p -> P5P,92.8477691500373,3715.92233189928
Net flux,G_R5P.p,0*R5P.p -> R5P,82.2810779884949,3774.51598146369
Net flux,G_GA.p,0*GA.p -> GA,41.4220327895703,1.56102437422037
Net flux,G_SER.p,0*SER.p -> SER,99.9856121841483,5329.53101870267
Net flux,G_GLY.p,0*GLY.p -> GLY,57.6110041344549,5366.5493187387
Net flux,G_RUBP.p,0*RUBP.p -> RUBP,92.5302752673063,3678.28539805464
Net flux,G_S7P.p,0*S7P.p -> S7P,98.4567310636212,3797.55424544591
Net flux,G_2PG.p,0*2PG.p -> 2PG,87.0427532706349,3680.07033752093
Net flux,G_ADPG.p,0*ADPG.p -> ADPG,95.0805622183377,3660.94847190566
Net flux,G_PEP.c,0*PEP.c -> PEP,89.2305410445615,3576.92936804412
Net flux,G_UDPG.c,0*UDPG.c -> UDPG,72.4268033045549,3603.64801493113
Net flux,G_ALA.c,0*ALA.c -> ALA,81.5002125639872,8.09943702583295
Net flux,(1-G)_GA,0*GA.x -> GA,58.5779672104318,1.56102437422037
Net flux,(1-G)_SER,0*SER.x -> SER,0.0143876152360534,3782.86192180274
Net flux,(1-G)_GLY,0*GLY.x -> GLY,42.3430528205841,2.10428372623815
Net flux,(1-G)_R5P,0*R5P.x -> R5P,17.718922011502,3774.51598146369
Net flux,(1-G)_RUBP,0*RUBP.x -> RUBP,7.46972473269241,3678.28539805464
Net flux,(1-G)_3PGA,0*3PGA.x -> 3PGA,7.08808939209583,3878.40210008366
Net flux,(1-G)_TP,0*TP.x -> TP,7.46743445806383,3631.25892851503
Net flux,(1-G)_F6P,0*F6P.x -> F6P,14.7847886792169,3699.81037410133
Net flux,(1-G)_FBP,0*FBP.x -> FBP,16.5487664860407,3591.52503524139
Net flux,(1-G)_G6P,0*G6P.x -> G6P,22.0900731609643,3757.98404498459
Net flux,(1-G)_RU5P,0*RU5P.x -> P5P,7.15222838131039,3589.88362725429
Net flux,(1-G)_S7P,0*S7P.x -> S7P,1.54326893637677,3797.55424544591
Net flux,(1-G)_2PG,0*2PG.x -> 2PG,12.9572467293675,3680.07033752093
Net flux,(1-G)_ADPG,0*ADPG.x -> ADPG,4.91943778166132,3660.94847190566
Net flux,(1-G)_PEP,0*PEP.x -> PEP,10.7694589554367,3576.92936804412
Net flux,(1-G)_UDPG,0*UDPG.x -> UDPG,27.5731966954463,3603.64801493113
Net flux,(1-G)_ALA,0*ALA.x -> ALA,18.4997874360126,8.09943702583295
Net flux,PGASink,3PGA -> Sink,100,0
Net flux,DHAPSink,TP -> Sink,100.000000000001,0
Net flux,F6PSink,F6P -> Sink,100.000000000004,0
Net flux,FBPSink,FBP -> Sink,99.9999999999947,0
Net flux,G6PSink,G6P -> Sink,99.9999999999983,0
Net flux,P5PSink,P5P -> Sink,100.000000000001,0
Net flux,R5PSink,R5P -> Sink,99.9999999999968,0
Net flux,GASink,GA -> Sink,100.000000000002,0
Net flux,SERSink,SER -> Sink,99.9999999999996,0
Net flux,GLYSink,GLY -> Sink,100.000000000001,0
Net flux,RUBPSink,RUBP -> Sink,99.9999999999987,0
Net flux,S7PSink,S7P -> Sink,99.9999999999979,0
Net flux,2PGSink,2PG -> Sink,100.000000000002,0
Net flux,ADPGSink,ADPG -> Sink,99.999999999999,0
Net flux,PEPSink,PEP -> Sink,99.9999999999983,0
Net flux,UDPGSink,UDPG -> Sink,100.000000000001,0
Net flux,ALASink,ALA -> Sink,99.9999999999998,0
Net flux,S6Pout-LL,S6P + 0.1611*GLU + 0.07177*ASP + 0.03247*ALA.c + 0.01019*dummyGLY + 0.03484*dummySER -> Sink,0.670390862020223,0.10293984043918
Net flux,PGP.p,2PG.p -> Glyc.p,18.5505061706493,0.584874548123373
Net flux,GOX,Glyc.p -> Glyx.p,18.5505061706493,0.584874548123373
Net flux,GGT,Glyx.p -> GLY.p,18.5505061706493,0.584874548123373
Net flux,SGAT,SER.p -> HPA.p,3.72608880723803,0.502315162105864
Net flux,HPR.p,HPA.p -> GA.p,3.72608880723803,0.502315162105864
Net flux,T_GLY-m net,GLY.p <-> GLY.m,18.537883679317,5486.41145881482
Exch flux,T_GLY-m exch,GLY.p <-> GLY.m,58357.5399156943,3627.14938311583
Net flux,GDC.m,GLY.m + dummy -> myTHF.m + CO2,10.0070325736952,0.42671047332303
Net flux,T_SER-m net,SER.p <-> SER.m,-10.0070325736951,0.42671047332303
Exch flux,T_SER-m exch,SER.p <-> SER.m,124.841433692211,3576.49936660991
Net flux,mSHMT,GLY.m + myTHF.m -> SER.m,10.0070325736952,0.42671047332303
Net flux,T_SER-c net,SER.p <-> SER.c,1.47039045962493,3827.98087845632
Exch flux,T_SER-c exch,SER.p <-> SER.c,0.0235666596592319,3827.98077866413
Net flux,T_Gly-c net,GLY.p <-> GLY.c,0.00579120845493986,5486.41142764411
Exch flux,T_Gly-c exch,GLY.p <-> GLY.c,5.91920981625194e-05,3793.42736735155
Net flux,cSHMT,SER.c -> GLY.c + meTHF.c,1.47039035962493,0.65530381819912
Net flux,FmTHF-reductase net,meTHF.c <-> FmTHF.c,1.47039035962493,0.65530381819912
Exch flux,FmTHF-reductase exch,meTHF.c <-> FmTHF.c,7.28256355608487,3620.52970775709
Net flux,Met-synthase,FmTHF.c + Hcy.c -> Met.c,1.47039035962491,0.65530381819912
Net flux,SAM-synthase,Met.c -> SAM.c,1.47039035962492,0.65530381819912
Net flux,Methylation,SAM.c -> SAH.c + Acceptor.c,1.47039035962491,0.65530381819912
Net flux,hydrolysis,SAH.c -> Hcy.c,1.47039035962491,0.65530381819912
Net flux,G_SER.m,0*SER.m -> SER,1.0000000116861e-07,0
Net flux,G_SER.c,0*SER.c -> SER,1.00615292097928e-07,3732.84880159741
Net flux,G_Gly.m,0*GLY.m -> GLY,0.00011775092613675,3794.9470121528
Net flux,G_Gly.c,0*GLY.c -> GLY,0.0458252940360566,3654.2197224994
Net flux,T_GLY-c-m,GLY.c -> GLY.m,1.47618146807996,5486.41146673574
Net flux,G_Glyc,0*Glyc.p -> Glyc,21.1978763114381,1.08370449680054
Net flux,G_Glyx,0*Glyx.p -> Glyx,12.7889273136252,1.37660757499391
Net flux,G_HPA,0*HPA.p -> HPA,8.24736165295342,1.38204020090364
Net flux,(1-G)_Glyc,0*Glyc.x -> Glyc,78.8021236885625,1.08370449680054
Net flux,(1-G)_Glyx,0*Glyx.x -> Glyx,87.2110726863756,1.37660757499391
Net flux,(1-G)_HPA,0*HPA.x -> HPA,91.7526383470465,1.38204020090364
Net flux,GlycSink,Glyc -> Sink,100.000000000001,0
Net flux,GlyxSink,Glyx -> Sink,100.000000000001,0
Net flux,HPASink,HPA -> Sink,99.9999999999998,0
Net flux,SERex,dummySER -> outSER,4.78719473992634,3827.98096065966
Net flux,G_PYR,0*PYR.c -> PYR,29.7259577630147,1.82672470965939
Net flux,(1-G)_PYR,0*PYR.x -> PYR,70.2740422369856,1.82672470965939
Net flux,PYRSink,PYR -> Sink,100,0
Net flux,G_meTHF,0*meTHF.c -> meTHF,99.9449487003311,3491.07599663472
Net flux,G_FmTHF,0*FmTHF.c -> FmTHF,82.6185013154013,2.98718106244825
Net flux,G_Met,0*Met.c -> Met,60.6999313158418,4.37339137335091
Net flux,G_SAM,0*SAM.c -> SAM,67.2338119825883,3.80820238088047
Net flux,(1-G)_meTHF,0*meTHF.x -> meTHF,0.0550512996688823,3491.07599663472
Net flux,(1-G)_FmTHF,0*FmTHF.x -> FmTHF,17.3814986845988,2.98718106244825
Net flux,(1-G)_Met,0*Met.x -> Met,39.3000686841583,4.37339137335091
Net flux,(1-G)_SAM,0*SAM.x -> SAM,32.7661880174117,3.80820238088047
Net flux,meTHFSink,meTHF -> Sink,99.9999999999999,0
Net flux,FmTHFSink,FmTHF -> Sink,100,0
Net flux,MetSink,Met -> Sink,100,0
Net flux,SAMsink,SAM -> Sink,100,0
Net flux,Met-protein,Met.c -> Protein,6.51983996113883e-15,0
Net flux,GLY-protein,GLY.c -> Protein,9.9999942548834e-08,5.29108289440655e-14
Net flux,SER-protein,SER.c -> Protein,9.99999993922529e-08,3827.98091866259
Pool,2PG pool,,0,0
Pool,2PG.p pool,,3.82111135996302e-06,3610.37868236172
Pool,2PG.x pool,,1,Inf
Pool,3PGA pool,,0,0
Pool,3PGA.c pool,,1.54046665714576e-05,3572.1942855471
Pool,3PGA.p pool,,4.10118171624348e-06,3673.07611911045
Pool,3PGA.x pool,,1,Inf
Pool,ACA pool,,2.63541315702848e-06,3679.9686698364
Pool,ADPG pool,,0,0
Pool,ADPG.p pool,,9.9999999999999e-08,Inf
Pool,ADPG.x pool,,1,Inf
Pool,AKG pool,,2.72892045748603e-06,3553.6672734485
Pool,ALA pool,,0,0
Pool,ALA.c pool,,0.0077868878315826,0.00202667800694977
Pool,ALA.x pool,,1,Inf
Pool,ASN pool,,7566.06790160156,3659.37928288225
Pool,ASP pool,,0.00101613373420721,0.00171202577670431
Pool,Acceptor.c pool,,1,Inf
Pool,CIT pool,,8.5708093780522,1002.19911851937
Pool,CO2 pool,,0.000380510820761216,3678.62994539631
Pool,CO2.t pool,,1,Inf
Pool,E4P.p pool,,0,0
Pool,EC2 pool,,0,0
Pool,F6P pool,,0,0
Pool,F6P.c pool,,3.82968113949021e-06,3716.31385471365
Pool,F6P.p pool,,4.06923968273487e-06,3609.12747305947
Pool,F6P.x pool,,1,Inf
Pool,FBP pool,,0,0
Pool,FBP.c pool,,3.82963779365789e-06,3617.99663701298
Pool,FBP.p pool,,3.95427283410752e-06,3599.52584168998
Pool,FBP.x pool,,1,Inf
Pool,FmTHF pool,,0.861662642621895,0.6585687474717
Pool,FmTHF.c pool,,2.48844221317406e-06,3601.8579293823
Pool,FmTHF.x pool,,1,Inf
Pool,G6P pool,,0,0
Pool,G6P.c pool,,9.87468876816158e-06,3757.55768539258
Pool,G6P.p pool,,3.89708948923642e-06,3756.72858843999
Pool,G6P.x pool,,1,Inf
Pool,GA pool,,0,0
Pool,GA.p pool,,4.07441460713923e-06,3418.94568174086
Pool,GA.x pool,,1,Inf
Pool,GLN pool,,8.84834673157821,3570.39665205275
Pool,GLU pool,,2.73124567853918e-06,3646.43300311093
Pool,GLY pool,,0,0
Pool,GLY.c pool,,0.139767273716672,0.148246572437363
Pool,GLY.m pool,,1.0211094961262,0.105441135130771
Pool,GLY.p pool,,0.000425551803789821,3702.52361797619
Pool,GLY.x pool,,1,Inf
Pool,Glyc pool,,3.79419201509966,0.88577039704442
Pool,Glyc.p pool,,2.29800428185537e-05,3538.81571150573
Pool,Glyc.x pool,,1,Inf
Pool,Glyx pool,,6.93557776925175,2.25150077755382
Pool,Glyx.p pool,,3.61641200946574e-05,3493.3582543639
Pool,Glyx.x pool,,1,Inf
Pool,HPA pool,,0.000178345049316716,3600.77056966124
Pool,HPA.p pool,,3.07453751940676e-06,3696.23218044175
Pool,HPA.x pool,,1,Inf
Pool,Hcy.c pool,,1,Inf
Pool,ICI pool,,0.00371733239394057,3589.68602324983
Pool,MAL pool,,0.350737401103779,0.10221191976557
Pool,Met pool,,0.0023384364451813,3363.60737345369
Pool,Met.c pool,,2.51391233239409e-06,3720.57011490093
Pool,Met.x pool,,1,Inf
Pool,OAA pool,,0.119622447778939,0.0342814032950036
Pool,P5P pool,,0,0
Pool,PEP pool,,0,0
Pool,PEP.c pool,,5.30352828770503e-06,3504.59964140792
Pool,PEP.x pool,,1,Inf
Pool,PRO pool,,5.40466636055126,3430.63561392216
Pool,PYR pool,,1.00000000002876e-07,0
Pool,PYR.c pool,,0.00525144703609562,0.0014439434436275
Pool,PYR.x pool,,1,Inf
Pool,Protein pool,,1,Inf
Pool,R5P pool,,0,0
Pool,R5P.p pool,,4.91514294950868e-05,3623.84442403427
Pool,R5P.x pool,,1,Inf
Pool,RU5P.p pool,,3.95603689717015e-06,3675.08612156347
Pool,RU5P.x pool,,1,Inf
Pool,RUBP pool,,0,0
Pool,RUBP.p pool,,3.97364051295273e-06,3564.03411729725
Pool,RUBP.x pool,,1,Inf
Pool,S6P pool,,1,Inf
Pool,S7P pool,,0,0
Pool,S7P.p pool,,4.2516643611367e-06,3486.71615488534
Pool,S7P.x pool,,1,Inf
Pool,SAH.c pool,,1,Inf
Pool,SAM pool,,2.90144585751403,1.14035935018965
Pool,SAM.c pool,,2.75912201968649e-06,3839.67904148459
Pool,SAM.x pool,,1,Inf
Pool,SBP pool,,0,0
Pool,SER pool,,0,0
Pool,SER.c pool,,9.99999999998398e-08,0
Pool,SER.m pool,,0.87937268569628,0.0903688386373379
Pool,SER.p pool,,0.000950148065015213,3752.92843416555
Pool,SER.x pool,,1,Inf
Pool,Sink pool,,1,Inf
Pool,Starch pool,,1,Inf
Pool,THR pool,,3889.74719361658,3582.18986002873
Pool,TP pool,,0,0
Pool,TP.c pool,,4.18760752678413e-06,3729.62879087885
Pool,TP.p pool,,4.27347888732152e-06,3595.24205662424
Pool,TP.x pool,,1,Inf
Pool,UDPG pool,,0,0
Pool,UDPG.c pool,,0.126247354095928,3626.71133874991
Pool,UDPG.x pool,,1,Inf
Pool,X5P.p pool,,4.07310081690439e-06,3469.4427453996
Pool,dummy pool,,1,Inf
Pool,dummyGLY pool,,1,Inf
Pool,dummySER pool,,1,Inf
Pool,meTHF pool,,0.157984174171271,3729.98206269574
Pool,meTHF.c pool,,2.48875161372165e-06,3374.89338724683
Pool,meTHF.x pool,,1,Inf
Pool,myTHF.m pool,,1.00000000002876e-07,0
Pool,outSER pool,,1,Inf
Norm,Experiment1 Glyc205 #1 norm,,0.981277033560579,0.0128839512081127
Norm,Experiment1 Glyc205 #2 norm,,0.962573852025153,0.0230144507757089
Norm,Experiment1 Glyc205 #3 norm,,1.01107478397678,0.022060595845203
Norm,Experiment1 Glyc205 #4 norm,,1.00387946161001,0.0320148047950203
Norm,Experiment1 Glyc205 #5 norm,,0.997837553578939,0.0326297169855309
Norm,Experiment1 Glyc205 #6 norm,,1.0397257622094,0.0273591217852245
Norm,Experiment1 Glyc205 #7 norm,,0.972219293446303,0.0344843734974858
Norm,Experiment1 Glyc205 #8 norm,,0.952786997398391,0.0276191802469242
Norm,Experiment1 Glyx160 #1 norm,,1.01524045137572,0.0112823500830071
Norm,Experiment1 Glyx160 #2 norm,,1.03078773183768,0.0145371700742911
Norm,Experiment1 Glyx160 #3 norm,,0.949743299976551,0.0177156712503348
Norm,Experiment1 Glyx160 #4 norm,,1.00270086319916,0.0159832726832658
Norm,Experiment1 Glyx160 #5 norm,,0.988953326567526,0.0346170604022087
Norm,Experiment1 Glyx160 #6 norm,,1.00626602246882,0.0194693748486334
Norm,Experiment1 Glyx160 #7 norm,,0.968789870300184,0.0391217198025843
Norm,Experiment1 Glyx160 #8 norm,,0.973116157279865,0.035833193451399
Norm,Experiment1 GLY276 #1 norm,,0.98909049546433,0.00998461344532883
Norm,Experiment1 GLY276 #2 norm,,0.989773658706624,0.020918828557429
Norm,Experiment1 GLY276 #3 norm,,0.995809600754088,0.0447366607652869
Norm,Experiment1 GLY276 #4 norm,,1.04946918392477,0.0645386961138557
Norm,Experiment1 GLY276 #5 norm,,1.0110868422794,0.156329274087841
Norm,Experiment1 GLY276 #6 norm,,0.98878733493556,0.0839978973290036
Norm,Experiment1 GLY276 #7 norm,,1.03543816388945,0.0662050619200679
Norm,Experiment1 GLY276 #8 norm,,1.00058635816628,0.0752979166053855
Norm,Experiment1 HPA262 #1 norm,,1.02317764992332,0.0110623822493584
Norm,Experiment1 HPA262 #2 norm,,0.962805608815509,0.0273220397709623
Norm,Experiment1 HPA262 #3 norm,,0.977908216564214,0.0131397898716723
Norm,Experiment1 HPA262 #4 norm,,0.968245730904969,0.0341356727874103
Norm,Experiment1 HPA262 #5 norm,,0.898635450941958,0.0221460585771943
Norm,Experiment1 HPA262 #6 norm,,0.928696626264016,0.0326554377790445
Norm,Experiment1 HPA262 #7 norm,,0.976576436844837,0.0248270989083675
Norm,Experiment1 HPA262 #8 norm,,1.02192813051815,0.0234604544605518
Norm,Experiment1 GA307 #1 norm,,0.996563717329956,0.0121161501578108
Norm,Experiment1 GA307 #2 norm,,0.967112906863952,0.0285527749475493
Norm,Experiment1 GA307 #3 norm,,0.925206357387147,0.029868602525728
Norm,Experiment1 GA307 #4 norm,,0.955011880372457,0.0189896930459693
Norm,Experiment1 GA307 #5 norm,,0.957931812147965,0.0554620158675014
Norm,Experiment1 GA307 #6 norm,,1.07856018772149,0.0456296069597952
Norm,Experiment1 GA307 #7 norm,,0.981179354376685,0.0442304565770213
Norm,Experiment1 GA307 #8 norm,,1.00516110797301,0.0343407239194416
Norm,Experiment1 SER306 #1 norm,,0.998541999690887,0.014393473510514
Norm,Experiment1 SER306 #2 norm,,1.03068418959869,0.0157606806851205
Norm,Experiment1 SER306 #3 norm,,0.910978960670583,0.0362679568924792
Norm,Experiment1 SER306 #4 norm,,1.09113346904681,0.0440744873622648
Norm,Experiment1 SER306 #5 norm,,0.990712927076322,0.0942363883210389
Norm,Experiment1 SER306 #6 norm,,0.814999906905695,0.052216972746942
Norm,Experiment1 SER306 #7 norm,,1.01135381982982,0.0477424136278401
Norm,Experiment1 SER306 #8 norm,,0.976734221724924,0.0496398364343956
Norm,Experiment1 meTHF #1 norm,,0.985145048515708,0.00993046330965176
Norm,Experiment1 meTHF #2 norm,,1.00661867232648,0.0100830710104484
Norm,Experiment1 meTHF #3 norm,,0.998945202864708,0.0595981953294712
Norm,Experiment1 meTHF #4 norm,,0.975793480650559,0.0452089752374153
Norm,Experiment1 meTHF #5 norm,,0.964103789576729,0.107815954223446
Norm,Experiment1 meTHF #6 norm,,0.961088832455176,0.0978609975752605
Norm,Experiment1 meTHF #7 norm,,0.995346620150887,0.0641349702851886
Norm,Experiment1 meTHF #8 norm,,1.08376322978649,0.0865627867220165
Norm,Experiment1 FmTHF #1 norm,,0.996939158021715,0.0100282573351562
Norm,Experiment1 FmTHF #2 norm,,1.03246667459026,0.02487604086367
Norm,Experiment1 FmTHF #3 norm,,0.935180482315442,0.0306712648196568
Norm,Experiment1 FmTHF #4 norm,,1.01546088329304,0.027952010429268
Norm,Experiment1 FmTHF #5 norm,,0.975171119258231,0.0591458128998592
Norm,Experiment1 FmTHF #6 norm,,0.999696865899315,0.0698401558923616
Norm,Experiment1 FmTHF #7 norm,,0.984626366837554,0.0497218147227333
Norm,Experiment1 FmTHF #8 norm,,1.0711546551316,0.0868722795963802
Norm,Experiment1 Met176 #1 norm,,0.978056124845166,0.0239984925739033
Norm,Experiment1 Met176 #2 norm,,0.872910943766822,0.0308405101150229
Norm,Experiment1 Met176 #3 norm,,0.885639293773455,0.0481667869447757
Norm,Experiment1 Met176 #4 norm,,0.969232656074588,0.038081441255622
Norm,Experiment1 Met176 #5 norm,,0.955714915989134,0.0600150263910624
Norm,Experiment1 Met176 #6 norm,,1.03796534917901,0.132392372813691
Norm,Experiment1 Met176 #7 norm,,0.994268710910893,0.115262017808766
Norm,Experiment1 Met176 #8 norm,,1.00589073868152,0.127015694997946
Norm,Experiment1 SAM #1 norm,,0.993643002954766,0.0115902145435562
Norm,Experiment1 SAM #2 norm,,1.01377898101107,0.0121998111077037
Norm,Experiment1 SAM #3 norm,,0.998571449598976,0.0137830149456518
Norm,Experiment1 SAM #4 norm,,1.00683591803685,0.023066260516922
Norm,Experiment1 SAM #5 norm,,0.982631880811908,0.0412184475312139
Norm,Experiment1 SAM #6 norm,,1.01466549733961,0.073371151745306
Norm,Experiment1 SAM #7 norm,,0.999678763559105,0.0883045197947378
Norm,Experiment1 SAM #8 norm,,1.00362611408469,0.0881241043123151
Norm,Experiment1 CIT465 #1 norm,,1.02113531920312,0.0122332865733872
Norm,Experiment1 CIT465 #2 norm,,0.988218021127544,0.0132820911490686
Norm,Experiment1 CIT465 #3 norm,,1.00782677297923,0.0118034406450497
Norm,Experiment1 CIT465 #4 norm,,0.954982639949005,0.0157000263865078
Norm,Experiment1 CIT465 #5 norm,,1.01588136476593,0.0133961170331459
Norm,Experiment1 CIT465 #6 norm,,0.965757809008345,0.0120922459641871
Norm,Experiment1 CIT465 #7 norm,,0.978296551269462,0.0113820420962363
Norm,Experiment1 CIT465 #8 norm,,1.03887927249481,1.42025191567473
Norm,Experiment1 MAL335 #1 norm,,0.996643330906378,0.0128189455625989
Norm,Experiment1 MAL335 #2 norm,,0.983069029756133,0.0112868185826474
Norm,Experiment1 MAL335 #3 norm,,1.00250686496836,0.0106137300475724
Norm,Experiment1 MAL335 #4 norm,,0.992670438751137,0.0145118951976756
Norm,Experiment1 MAL335 #5 norm,,0.995957918490186,0.0144365937815206
Norm,Experiment1 MAL335 #6 norm,,0.988241104015165,0.0141015144987677
Norm,Experiment1 MAL335 #7 norm,,0.969216135367555,0.0214285219105408
Norm,Experiment1 MAL335 #8 norm,,1.00606043237698,0.0344698046122732
Norm,Experiment1 ASP334 #1 norm,,0.937875274687125,0.0215375920848836
Norm,Experiment1 ASP334 #2 norm,,0.959764757707969,0.0304269796797135
Norm,Experiment1 ASP334 #3 norm,,0.972255160547145,0.0269503155936823
Norm,Experiment1 ASP334 #4 norm,,1.00024747121978,0.0330213897904959
Norm,Experiment1 ASP334 #5 norm,,0.976884919295572,0.0354011008458443
Norm,Experiment1 ASP334 #6 norm,,0.975120639455374,0.0334888119767213
Norm,Experiment1 ASP334 #7 norm,,0.99244110351317,0.0325730540290384
Norm,Experiment1 ASP334 #8 norm,,0.959958450156027,0.0915740356581067
Norm,Experiment1 GLU348 #1 norm,,0.959784886861137,0.0207763918043808
Norm,Experiment1 GLU348 #2 norm,,0.928705249764243,0.0181477151611164
Norm,Experiment1 GLU348 #3 norm,,0.993312544480178,0.0111385401716145
Norm,Experiment1 GLU348 #4 norm,,1.00865586292168,0.0369863822370033
Norm,Experiment1 GLU348 #5 norm,,0.957067973607585,0.0221432847026019
Norm,Experiment1 GLU348 #6 norm,,1.00551686105883,0.0131120237474584
Norm,Experiment1 GLU348 #7 norm,,0.985412571507152,0.013937813283186
Norm,Experiment1 GLU348 #8 norm,,0.949320135549992,0.0161006600318732
Norm,Experiment1 THR320 #1 norm,,0.985242269545767,0.0103065675563679
Norm,Experiment1 THR320 #2 norm,,0.993165302111946,0.0140476369243112
Norm,Experiment1 THR320 #3 norm,,0.999730624163215,0.0105127047617212
Norm,Experiment1 THR320 #4 norm,,0.975140569658239,0.0284607189508391
Norm,Experiment1 THR320 #5 norm,,0.949295046276219,0.0199661885729806
Norm,Experiment1 THR320 #6 norm,,0.966107402038374,0.0111035994278694
Norm,Experiment1 THR320 #7 norm,,0.942064050582274,0.0132101583542313
Norm,Experiment1 THR320 #8 norm,,0.89291615178793,0.0239791168155835
Norm,Experiment1 ALA116 #1 norm,,1.00530470624013,0.0100291494814724
Norm,Experiment1 ALA116 #2 norm,,0.990557190102583,0.0100672216565361
Norm,Experiment1 ALA116 #3 norm,,1.01651400571462,0.017962386568909
Norm,Experiment1 ALA116 #4 norm,,1.03828881987647,0.0217317984190124
Norm,Experiment1 ALA116 #5 norm,,1.00722193850113,0.114299783678902
Norm,Experiment1 ALA116 #6 norm,,0.960271508798856,0.0775956096628994
Norm,Experiment1 ALA116 #7 norm,,1.00353854114203,0.065517111585713
Norm,Experiment1 ALA116 #8 norm,,0.96959197311992,0.112941659086335
Norm,Experiment1 PYR #1 norm,,0.974493935111212,0.0168264106442249
Norm,Experiment1 PYR #2 norm,,0.968630289594451,0.044574739744581
Norm,Experiment1 PYR #3 norm,,0.959049482332901,0.0956244251254671
Norm,Experiment1 PYR #4 norm,,1.05817452117823,0.0444314659874215
Norm,Experiment1 PYR #5 norm,,1.02962221737567,0.0518096579792168
Norm,Experiment1 PYR #6 norm,,1.02860969668508,0.0576484710471771
Norm,Experiment1 PYR #7 norm,,0.991886524465575,0.104491216330097
Norm,Experiment1 PYR #8 norm,,0.991956842285199,0.0586334230964323
