type,id,eqn,val,std
Net flux,CO2.t,CO2.t -> CO2,47.4567624782453,1.0944805859531
Net flux,CO2_sink,dummy -> Sink,47.4567624782453,1.0944805859531
Net flux,RUBICSO_CO2,RUBP.p + CO2 -> 3PGA.p + 3PGA.p + dummy,58.0817236142391,1.18830904749685
Net flux,GAPDH.p net,3PGA.p <-> TP.p,137.871028852631,2.63498325817686
Exch flux,GAPDH.p exch,3PGA.p <-> TP.p,30526.3424779389,1.39455961270315
Net flux,ALD,TP.p + E4P.p -> SBP,25.3287724858934,0.479000764296833
Net flux,SBP,SBP -> S7P.p,25.3287724858934,0.479000764296833
Net flux,FBA.p net,TP.p + TP.p <-> FBP.p,29.0146412333816,0.640617868153494
Exch flux,FBA.p exch,TP.p + TP.p <-> FBP.p,18390.8925065195,9.06260231522051
Net flux,PFK.p net,FBP.p <-> F6P.p,29.0146412333847,0.640617868153494
Exch flux,PFK.p exch,FBP.p <-> F6P.p,9.99994256289938e-08,2.68780182217899e-16
Net flux,TK1 net,TP.p + EC2 <-> X5P.p,50.6575449717867,0.958001528593665
Exch flux,TK1 exch,TP.p + EC2 <-> X5P.p,1.00000004721323e-07,8.04685572674557e-16
Net flux,TK2 net,S7P.p <-> R5P.p + EC2,25.3287724858934,0.479000764296833
Exch flux,TK2 exch,S7P.p <-> R5P.p + EC2,38.0889029259522,21.8281654206218
Net flux,TK3 net,F6P.p <-> E4P.p + EC2,25.3287724858928,0.479000764296833
Exch flux,TK3 exch,F6P.p <-> E4P.p + EC2,5282.78846214054,19.6006680625205
Net flux,PPE net,X5P.p <-> RU5P.p,50.6575449717867,0.958001528593665
Exch flux,PPE exch,X5P.p <-> RU5P.p,79.9366449579023,20.4477973022729
Net flux,PPI net,R5P.p <-> RU5P.p,25.3287724858934,0.479000764296833
Exch flux,PPI exch,R5P.p <-> RU5P.p,243.97378417291,16.7852100091379
Net flux,PRK,RU5P.p -> RUBP.p,75.9863174576802,1.4370022928905
Net flux,RUBISCO_O2,RUBP.p -> 3PGA.p + 2PG.p,17.9045938434411,0.589453252136669
Net flux,GLYdil net,GLY.p <-> GLY.x + dummyGLY,0.00982170519456105,0.00107309402299928
Exch flux,GLYdil exch,GLY.p <-> GLY.x + dummyGLY,0.0641261816226333,23.0630014329175
Net flux,SERdil net,SER.p <-> SER.x + dummySER,3.1109667876124,2.07317566081802
Exch flux,SERdil exch,SER.p <-> SER.x + dummySER,1.17958217750375,0.281990618050434
Net flux,GK,GA.p -> 3PGA.p,4.21401505875062,0.508177780897773
Net flux,PGI.p net,F6P.p <-> G6P.p,3.6858687474912,0.343823486243639
Exch flux,PGI.p exch,F6P.p <-> G6P.p,4.43537403602203,16.1945118663606
Net flux,PGM.p,G6P.p -> ADPG.p,3.68586874749121,0.343823486243639
Net flux,Starch,ADPG.p -> Starch,3.68586874749119,0.343823486243639
Net flux,FBA.c net,TP.c + TP.c <-> FBP.c,1.927714464091,0.210617080078368
Exch flux,FBA.c exch,TP.c + TP.c <-> FBP.c,140.487273450697,16.1922314569185
Net flux,PFK.c net,FBP.c <-> F6P.c,1.92771446409097,0.210617080078368
Exch flux,PFK.c exch,FBP.c <-> F6P.c,129.917947302966,16.1922314569185
Net flux,PGI.c net,F6P.c <-> G6P.c,0.963857232045484,0.105308540039184
Exch flux,PGI.c exch,F6P.c <-> G6P.c,344.88830598348,16.1912040901412
Net flux,PGM.c net,G6P.c <-> UDPG.c,0.963857232040027,0.105308540039184
Exch flux,PGM.c exch,G6P.c <-> UDPG.c,48540.5724780582,16.1908616200621
Net flux,SPS,F6P.c + UDPG.c -> S6P,0.963857232045459,0.105308540039184
Net flux,PGAM.c net,3PGA.c <-> PEP.c,0.411027278032901,0.0449077738143096
Exch flux,PGAM.c exch,3PGA.c <-> PEP.c,0.875306302279893,16.1909238991525
Net flux,PK.c,PEP.c -> PYR.c,0.18657384440727,0.0203845740953848
Net flux,PDH,PYR.c + dummy -> ACA + CO2,0.155277400082428,0.0169652058003126
Net flux,CS,OAA + ACA -> CIT,0.155277400082424,0.0169652058003126
Net flux,ACO net,CIT <-> ICI,0.155277400082468,0.0169652058003126
Exch flux,ACO exch,CIT <-> ICI,1155.88887500736,16.1908616200621
Net flux,IDH,ICI + dummy -> AKG + CO2,0.15527740008244,0.0169652058003126
Net flux,MDH net,MAL <-> OAA,2.1316282072803e-14,0
Exch flux,MDH exch,MAL <-> OAA,3.20663222197481e-05,1.11274667322847
Net flux,PPC,PEP.c + CO2 -> OAA + dummy,0.224453433626741,0.0245231997189245
Net flux,T_3PGA net,3PGA.p <-> 3PGA.c,0.411027278032883,0.0449077738143096
Exch flux,T_3PGA exch,3PGA.p <-> 3PGA.c,1.0000000116861e-07,0
Net flux,T_DHAP net,TP.p <-> TP.c,3.85542892818199,0.421234160156736
Exch flux,T_DHAP exch,TP.p <-> TP.c,202.559389985488,16.2708748660545
Net flux,ALT,PYR.c -> ALA.c,0.0312964443245261,0.0034193682950723
Net flux,ASPT,OAA -> ASP,0.0691760335439564,0.00755799391861217
Net flux,GLUDH,AKG -> GLU,0.155277400082417,0.0169652058003126
Net flux,PCR net,GLU <-> PRO,-2.48689957516035e-14,0
Exch flux,PCR exch,GLU <-> PRO,1.0000000116861e-07,0
Net flux,GS net,GLU <-> GLN,0,0
Exch flux,GS exch,GLU <-> GLN,1.00046811724042e-07,0
Net flux,TS net,ASP <-> THR,0,0
Exch flux,TS exch,ASP <-> THR,0.076970515455649,0.0205929366902556
Net flux,AS net,ASP <-> ASN,1.06581410364015e-14,0
Exch flux,AS exch,ASP <-> ASN,1.0000000116861e-07,0
Net flux,G_3PGA.p,0*3PGA.p -> 3PGA,2.46866289899117e-06,26.6942424344783
Net flux,G_3PGA.c,0*3PGA.c -> 3PGA,92.9119081401732,19.0093868214107
Net flux,G_DHAP.p,0*TP.p -> TP,40.685379842242,28.1748092838771
Net flux,G_DHAP.c,0*TP.c -> TP,51.8471856996947,20.1141451463803
Net flux,G_F6P.p,0*F6P.p -> F6P,48.6686345030749,25.5156514425883
Net flux,G_F6P.c,0*F6P.c -> F6P,36.546576817712,16.2127267640045
Net flux,G_FBP.p,0*FBP.p -> FBP,2.46866126474288e-06,26.4798790142999
Net flux,G_FBP.c,0*FBP.c -> FBP,83.4512310441802,19.3823431280977
Net flux,G_G6P.p,0*G6P.p -> G6P,19.0549768397257,26.8680812123864
Net flux,G_G6P.c,0*G6P.c -> G6P,58.8549499993083,19.2717096337129
Net flux,G_RU5P.p,0*RU5P.p -> P5P,2.46865365483018e-06,26.521108331788
Net flux,G_X5P.p,0*X5P.p -> P5P,92.8477691502502,20.8483675177404
Net flux,G_R5P.p,0*R5P.p -> R5P,82.2810779884949,18.7612636984593
Net flux,G_GA.p,0*GA.p -> GA,41.489353286605,1.6239121452068
Net flux,G_SER.p,0*SER.p -> SER,95.348263672067,29.4554269031348
Net flux,G_GLY.p,0*GLY.p -> GLY,1.0000000116861e-07,9.91230559749716e-16
Net flux,G_RUBP.p,0*RUBP.p -> RUBP,92.5302752673064,19.8590228795536
Net flux,G_S7P.p,0*S7P.p -> S7P,98.4567310636212,20.5698442650675
Net flux,G_2PG.p,0*2PG.p -> 2PG,87.0427532706349,19.989950861609
Net flux,G_ADPG.p,0*ADPG.p -> ADPG,95.0805622183377,18.8508048638038
Net flux,G_PEP.c,0*PEP.c -> PEP,89.2305410445615,19.7114646440341
Net flux,G_UDPG.c,0*UDPG.c -> UDPG,72.4268033045549,19.2881720553777
Net flux,G_ALA.c,0*ALA.c -> ALA,74.7417183772007,7.64195286055482
Net flux,(1-G)_GA,0*GA.x -> GA,58.5106467133971,1.6239121452068
Net flux,(1-G)_SER,0*SER.x -> SER,4.65173390661027,3.03921692367195
Net flux,(1-G)_GLY,0*GLY.x -> GLY,30.6836257227838,3.36608740960826
Net flux,(1-G)_R5P,0*R5P.x -> R5P,17.718922011502,18.7612636984593
Net flux,(1-G)_RUBP,0*RUBP.x -> RUBP,7.4697247326924,19.8590228795536
Net flux,(1-G)_3PGA,0*3PGA.x -> 3PGA,7.08808939116419,18.731200202052
Net flux,(1-G)_TP,0*TP.x -> TP,7.46743445806383,19.6408494002115
Net flux,(1-G)_F6P,0*F6P.x -> F6P,14.7847886792169,19.5856694422093
Net flux,(1-G)_FBP,0*FBP.x -> FBP,16.5487664871532,18.1859867147055
Net flux,(1-G)_G6P,0*G6P.x -> G6P,22.0900731609643,19.5981238950775
Net flux,(1-G)_RU5P,0*RU5P.x -> P5P,7.15222838109756,17.297755295514
Net flux,(1-G)_S7P,0*S7P.x -> S7P,1.54326893637677,20.5698442650675
Net flux,(1-G)_2PG,0*2PG.x -> 2PG,12.9572467293675,19.989950861609
Net flux,(1-G)_ADPG,0*ADPG.x -> ADPG,4.91943778166132,18.8508048638038
Net flux,(1-G)_PEP,0*PEP.x -> PEP,10.7694589554367,19.7114646440341
Net flux,(1-G)_UDPG,0*UDPG.x -> UDPG,27.5731966954463,19.2881720553777
Net flux,(1-G)_ALA,0*ALA.x -> ALA,25.2582816227991,7.64195286055482
Net flux,PGASink,3PGA -> Sink,100,0
Net flux,DHAPSink,TP -> Sink,100.000000000001,0
Net flux,F6PSink,F6P -> Sink,100.000000000004,0
Net flux,FBPSink,FBP -> Sink,99.9999999999947,0
Net flux,G6PSink,G6P -> Sink,99.9999999999983,0
Net flux,P5PSink,P5P -> Sink,100.000000000001,0
Net flux,R5PSink,R5P -> Sink,99.9999999999968,0
Net flux,GASink,GA -> Sink,100.000000000002,0
Net flux,SERSink,SER -> Sink,99.9999999999996,0
Net flux,GLYSink,GLY -> Sink,100.000000000001,0
Net flux,RUBPSink,RUBP -> Sink,99.9999999999987,0
Net flux,S7PSink,S7P -> Sink,99.9999999999979,0
Net flux,2PGSink,2PG -> Sink,100.000000000002,0
Net flux,ADPGSink,ADPG -> Sink,99.999999999999,0
Net flux,PEPSink,PEP -> Sink,99.9999999999983,0
Net flux,UDPGSink,UDPG -> Sink,100.000000000001,0
Net flux,ALASink,ALA -> Sink,99.9999999999998,0
Net flux,S6Pout-LL,S6P + 0.1611*GLU + 0.07177*ASP + 0.03247*ALA.c + 0.01019*dummyGLY + 0.03484*dummySER -> Sink,0.963857232045495,0.105308540039184
Net flux,PGP.p,2PG.p -> Glyc.p,17.9045938434411,0.589453252136669
Net flux,GOX,Glyc.p -> Glyx.p,17.9045938434411,0.589453252136669
Net flux,GGT,Glyx.p -> GLY.p,17.9045938434411,0.589453252136669
Net flux,SGAT,SER.p -> HPA.p,4.21401505875061,0.508177780897773
Net flux,HPR.p,HPA.p -> GA.p,4.21401505875061,0.508177780897773
Net flux,T_GLY-m net,GLY.p <-> GLY.m,15.7060902475932,20.4199202461918
Exch flux,T_GLY-m exch,GLY.p <-> GLY.m,77524.7490332762,19.3869048946636
Net flux,GDC.m,GLY.m + dummy -> myTHF.m + CO2,10.5388597694552,0.490678575771656
Net flux,T_SER-m net,SER.p <-> SER.m,-10.5388597694552,0.490678575771656
Exch flux,T_SER-m exch,SER.p <-> SER.m,54.2875725781356,20.7603180096415
Net flux,mSHMT,GLY.m + myTHF.m -> SER.m,10.5388597694552,0.490678575771656
Net flux,T_SER-c net,SER.p <-> SER.c,3.21387792309215,1.77822981910749
Exch flux,T_SER-c exch,SER.p <-> SER.c,0.206110577862086,0.371781166572924
Net flux,T_Gly-c net,GLY.p <-> GLY.c,2.18868189063909,20.4095455270999
Exch flux,T_Gly-c exch,GLY.p <-> GLY.c,0.0045625122976225,20.3583419116287
Net flux,cSHMT,SER.c -> GLY.c + meTHF.c,3.18294938149432,0.849023773312418
Net flux,FmTHF-reductase net,meTHF.c <-> FmTHF.c,3.18294938149432,0.849023773312418
Exch flux,FmTHF-reductase exch,meTHF.c <-> FmTHF.c,6.00701773576549,19.9449510134622
Net flux,Met-synthase,FmTHF.c + Hcy.c -> Met.c,3.1829493814943,0.849023773312418
Net flux,SAM-synthase,Met.c -> SAM.c,3.18294938149431,0.849023773312418
Net flux,Methylation,SAM.c -> SAH.c + Acceptor.c,3.1829493814943,0.849023773312418
Net flux,hydrolysis,SAH.c -> Hcy.c,3.18294938149429,0.849023773312418
Net flux,G_SER.m,0*SER.m -> SER,-8.83137364127151e-07,18.9422233346559
Net flux,G_SER.c,0*SER.c -> SER,3.30445967833271e-06,20.0161147325329
Net flux,G_Gly.m,0*GLY.m -> GLY,1.0000000116861e-07,1.37145648617825e-15
Net flux,G_Gly.c,0*GLY.c -> GLY,69.3163740772174,3.36608740960826
Net flux,T_GLY-c-m,GLY.c -> GLY.m,5.37162929130291,20.450407016927
Net flux,G_Glyc,0*Glyc.p -> Glyc,24.5900611154869,1.35556376387022
Net flux,G_Glyx,0*Glyx.p -> Glyx,9.81488318159017,1.21144419669026
Net flux,G_HPA,0*HPA.p -> HPA,7.40305228869507,1.32062715368309
Net flux,(1-G)_Glyc,0*Glyc.x -> Glyc,75.4099388845137,1.35556376387022
Net flux,(1-G)_Glyx,0*Glyx.x -> Glyx,90.1851168184107,1.21144419669026
Net flux,(1-G)_HPA,0*HPA.x -> HPA,92.5969477113048,1.32062715368309
Net flux,GlycSink,Glyc -> Sink,100.000000000001,0
Net flux,GlyxSink,Glyx -> Sink,100.000000000001,0
Net flux,HPASink,HPA -> Sink,99.9999999999998,0
Net flux,SERex,dummySER -> outSER,3.07738291152521,2.07336654504861
Net flux,G_PYR,0*PYR.c -> PYR,31.7587901015392,1.8041939519357
Net flux,(1-G)_PYR,0*PYR.x -> PYR,68.2412098984611,1.8041939519357
Net flux,PYRSink,PYR -> Sink,100,0
Net flux,G_meTHF,0*meTHF.c -> meTHF,99.9999999,0
Net flux,G_FmTHF,0*FmTHF.c -> FmTHF,76.8317231808576,3.56463753315163
Net flux,G_Met,0*Met.c -> Met,66.621120369368,4.04347161075386
Net flux,G_SAM,0*SAM.c -> SAM,64.4717639546685,4.06457409037638
Net flux,(1-G)_meTHF,0*meTHF.x -> meTHF,1.0000000116861e-07,0
Net flux,(1-G)_FmTHF,0*FmTHF.x -> FmTHF,23.1682768191425,3.56463753315163
Net flux,(1-G)_Met,0*Met.x -> Met,33.3788796306321,4.04347161075386
Net flux,(1-G)_SAM,0*SAM.x -> SAM,35.5282360453315,4.06457409037638
Net flux,meTHFSink,meTHF -> Sink,99.9999999999999,0
Net flux,FmTHFSink,FmTHF -> Sink,100,0
Net flux,MetSink,Met -> Sink,100,0
Net flux,SAMsink,SAM -> Sink,100,0
Net flux,Met-protein,Met.c -> Protein,6.51983996113883e-15,0
Net flux,GLY-protein,GLY.c -> Protein,1.98083052893594e-06,3.6199633086791e-16
Net flux,SER-protein,SER.c -> Protein,0.0309285415978415,2.0843982214538
Pool,2PG pool,,0,0
Pool,2PG.p pool,,3.26908140600601e-06,20.1748645152302
Pool,2PG.x pool,,1,Inf
Pool,3PGA pool,,0,0
Pool,3PGA.c pool,,0.0205085383893596,0.00404423805704327
Pool,3PGA.p pool,,3.95399544361734e-06,20.3947605687768
Pool,3PGA.x pool,,1,Inf
Pool,ACA pool,,3.02032698880311e-06,20.1535495244199
Pool,ADPG pool,,0,0
Pool,ADPG.p pool,,9.9999999999999e-08,Inf
Pool,ADPG.x pool,,1,Inf
Pool,AKG pool,,2.73377954996482e-06,19.4169644874013
Pool,ALA pool,,0,0
Pool,ALA.c pool,,0.0106041057506495,0.00263373086247811
Pool,ALA.x pool,,1,Inf
Pool,ASN pool,,7549.18000380779,19.5097460102043
Pool,ASP pool,,0.0478299675435812,0.0101979419719088
Pool,Acceptor.c pool,,1,Inf
Pool,CIT pool,,4.64850547363873,1.79742743427594
Pool,CO2 pool,,6.68061920767175e-05,19.7718427843415
Pool,CO2.t pool,,1,Inf
Pool,E4P.p pool,,0,0
Pool,EC2 pool,,0,0
Pool,F6P pool,,0,0
Pool,F6P.c pool,,3.8270019129954e-06,20.1267630880126
Pool,F6P.p pool,,3.72243265343508e-06,20.8748703342701
Pool,F6P.x pool,,1,Inf
Pool,FBP pool,,0,0
Pool,FBP.c pool,,3.79499679653443e-06,20.1586145802465
Pool,FBP.p pool,,3.68178039101413e-06,19.7044502182767
Pool,FBP.x pool,,1,Inf
Pool,FmTHF pool,,3.10688714861724,1.06896424934249
Pool,FmTHF.c pool,,1.50503298984215e-06,19.3149701875542
Pool,FmTHF.x pool,,1,Inf
Pool,G6P pool,,0,0
Pool,G6P.c pool,,9.8769846982059e-06,20.0092589380969
Pool,G6P.p pool,,3.73729804832147e-06,20.1511726046259
Pool,G6P.x pool,,1,Inf
Pool,GA pool,,0,0
Pool,GA.p pool,,3.26123192118019e-06,19.7452755004698
Pool,GA.x pool,,1,Inf
Pool,GLN pool,,8.83867754985996,21.3022070399839
Pool,GLU pool,,2.7337820147918e-06,18.9353927818305
Pool,GLY pool,,0,0
Pool,GLY.c pool,,0.0661284320201388,0.0567969728651689
Pool,GLY.m pool,,0.000144843510361485,19.3135960622755
Pool,GLY.p pool,,0.000130738834081657,20.4215796536615
Pool,GLY.x pool,,1,Inf
Pool,Glyc pool,,9.68750050455697,2.16760155059253
Pool,Glyc.p pool,,1.12643081124926e-05,20.1458800912605
Pool,Glyc.x pool,,1,Inf
Pool,Glyx pool,,6.25984714781574,2.61394227848754
Pool,Glyx.p pool,,1.86353975864314e-05,20.8521231818062
Pool,Glyx.x pool,,1,Inf
Pool,HPA pool,,0.000172891860581271,21.3493357523725
Pool,HPA.p pool,,2.56200910068314e-06,20.882882006988
Pool,HPA.x pool,,1,Inf
Pool,Hcy.c pool,,1,Inf
Pool,ICI pool,,0.00371726709114635,20.2077266760052
Pool,MAL pool,,0.000194159316664909,6.73667574075468
Pool,Met pool,,0.000131206977552673,20.9449167947795
Pool,Met.c pool,,1.45874109018474e-06,20.8089636634681
Pool,Met.x pool,,1,Inf
Pool,OAA pool,,0.00532827466042255,0.00506979364279864
Pool,P5P pool,,0,0
Pool,PEP pool,,0,0
Pool,PEP.c pool,,1.00000000000002e-07,0
Pool,PEP.x pool,,1,Inf
Pool,PRO pool,,5.39499638368751,20.0552765224302
Pool,PYR pool,,1.00005190406065e-07,20.575953332136
Pool,PYR.c pool,,9.99999999998398e-08,0
Pool,PYR.x pool,,1,Inf
Pool,Protein pool,,1,Inf
Pool,R5P pool,,0,0
Pool,R5P.p pool,,1.96908022423616e-05,19.0036634383557
Pool,R5P.x pool,,1,Inf
Pool,RU5P.p pool,,3.55468377724004e-06,20.0227769985519
Pool,RU5P.x pool,,1,Inf
Pool,RUBP pool,,0,0
Pool,RUBP.p pool,,3.564820883684e-06,19.64665959209
Pool,RUBP.x pool,,1,Inf
Pool,S6P pool,,1,Inf
Pool,S7P pool,,0,0
Pool,S7P.p pool,,3.53666367832553e-06,20.2339468261415
Pool,S7P.x pool,,1,Inf
Pool,SAH.c pool,,1,Inf
Pool,SAM pool,,4.63122512364717,1.41766797869442
Pool,SAM.c pool,,2.58823362023945e-06,19.7822513158511
Pool,SAM.x pool,,1,Inf
Pool,SBP pool,,0,0
Pool,SER pool,,0,0
Pool,SER.c pool,,1.00000000002876e-07,0
Pool,SER.m pool,,1.40781470594401,0.0977840411603952
Pool,SER.p pool,,0.000228098580129705,20.9440119311897
Pool,SER.x pool,,1,Inf
Pool,Sink pool,,1,Inf
Pool,Starch pool,,1,Inf
Pool,THR pool,,0.244282712850509,0.0866432117282827
Pool,TP pool,,0,0
Pool,TP.c pool,,4.12931611098597e-06,20.5910587160931
Pool,TP.p pool,,4.10941734902672e-06,20.7816112662979
Pool,TP.x pool,,1,Inf
Pool,UDPG pool,,0,0
Pool,UDPG.c pool,,0.0968747173258852,0.0245995784173509
Pool,UDPG.x pool,,1,Inf
Pool,X5P.p pool,,3.6680877228715e-06,20.4958472543353
Pool,dummy pool,,1,Inf
Pool,dummyGLY pool,,1,Inf
Pool,dummySER pool,,1,Inf
Pool,meTHF pool,,1.38335112780062,0.6886805184957
Pool,meTHF.c pool,,1.57148412581838e-06,19.6402037094918
Pool,meTHF.x pool,,1,Inf
Pool,myTHF.m pool,,1.00000000002876e-07,0
Pool,outSER pool,,1,Inf
Norm,Experiment1 Glyc205 #1 norm,,0.986319304280283,0.0132297757886208
Norm,Experiment1 Glyc205 #2 norm,,0.995040746355357,0.0217092047677382
Norm,Experiment1 Glyc205 #3 norm,,0.959340108146769,0.0181163707144619
Norm,Experiment1 Glyc205 #4 norm,,0.933179562450923,0.0295523814254028
Norm,Experiment1 Glyc205 #5 norm,,1.01158750870332,0.0361079303784536
Norm,Experiment1 Glyc205 #6 norm,,1.02246427450716,0.0268374786663323
Norm,Experiment1 Glyc205 #7 norm,,0.969467183018487,0.0355565647663229
Norm,Experiment1 Glyc205 #8 norm,,0.96957879047497,0.0290729880864129
Norm,Experiment1 Glyx160 #1 norm,,1.00381784650843,0.0110816921181876
Norm,Experiment1 Glyx160 #2 norm,,0.988437392834432,0.0138074241375419
Norm,Experiment1 Glyx160 #3 norm,,0.951146382559945,0.0178301547929169
Norm,Experiment1 Glyx160 #4 norm,,1.03028272348612,0.0175671757973847
Norm,Experiment1 Glyx160 #5 norm,,0.988443954729502,0.0357574226398401
Norm,Experiment1 Glyx160 #6 norm,,1.00128883778244,0.0199593737908857
Norm,Experiment1 Glyx160 #7 norm,,1.01492437744823,0.0403237378874447
Norm,Experiment1 Glyx160 #8 norm,,0.98163055494612,0.0339667902438163
Norm,Experiment1 GLY276 #1 norm,,0.997162161122174,0.0100001154009661
Norm,Experiment1 GLY276 #2 norm,,0.986979127037438,0.025202295959646
Norm,Experiment1 GLY276 #3 norm,,0.961742577414392,0.0438186221966458
Norm,Experiment1 GLY276 #4 norm,,0.999843063459275,0.0610161102553697
Norm,Experiment1 GLY276 #5 norm,,1.01783987221685,0.152069740878636
Norm,Experiment1 GLY276 #6 norm,,0.924121264696381,0.0862295690218912
Norm,Experiment1 GLY276 #7 norm,,1.03320928617359,0.0660012049563507
Norm,Experiment1 GLY276 #8 norm,,0.979008544576616,0.0771995205822808
Norm,Experiment1 HPA262 #1 norm,,1.04165970271778,0.0114861357863434
Norm,Experiment1 HPA262 #2 norm,,0.947170049902055,0.0277221606692298
Norm,Experiment1 HPA262 #3 norm,,0.937242355117099,0.0128046840867711
Norm,Experiment1 HPA262 #4 norm,,1.01135638668166,0.0397228601105003
Norm,Experiment1 HPA262 #5 norm,,1.01917185499535,0.0253093652828467
Norm,Experiment1 HPA262 #6 norm,,0.96217393394322,0.0337563463411616
Norm,Experiment1 HPA262 #7 norm,,0.983656675042922,0.0247825823273553
Norm,Experiment1 HPA262 #8 norm,,0.987010664052152,0.0229484321489577
Norm,Experiment1 GA307 #1 norm,,1.00079752676292,0.0122278677356413
Norm,Experiment1 GA307 #2 norm,,0.976122013918748,0.0296991614367456
Norm,Experiment1 GA307 #3 norm,,0.989793431704107,0.0301103577053194
Norm,Experiment1 GA307 #4 norm,,0.96075343269006,0.018429183476176
Norm,Experiment1 GA307 #5 norm,,0.960225331465711,0.0532590057960476
Norm,Experiment1 GA307 #6 norm,,1.0420376179679,0.0413027795605803
Norm,Experiment1 GA307 #7 norm,,0.968954425336079,0.0421538196851119
Norm,Experiment1 GA307 #8 norm,,1.00260685737252,0.0379208114092405
Norm,Experiment1 SER306 #1 norm,,0.999825268029064,0.0146478280503167
Norm,Experiment1 SER306 #2 norm,,0.991648264652731,0.015680152147752
Norm,Experiment1 SER306 #3 norm,,0.990767080521532,0.0396084214726022
Norm,Experiment1 SER306 #4 norm,,1.01754576007359,0.0431361429264836
Norm,Experiment1 SER306 #5 norm,,1.05215966390961,0.108104390653694
Norm,Experiment1 SER306 #6 norm,,0.950479043133253,0.0593286106265172
Norm,Experiment1 SER306 #7 norm,,1.00842873270647,0.0426718169851174
Norm,Experiment1 SER306 #8 norm,,0.993124746065001,0.055517047803816
Norm,Experiment1 meTHF #1 norm,,1.0111515697317,0.0100438730216146
Norm,Experiment1 meTHF #2 norm,,1.01547797352869,0.0115018461639175
Norm,Experiment1 meTHF #3 norm,,0.964017871879052,0.0567259440379183
Norm,Experiment1 meTHF #4 norm,,1.00024784270071,0.0478038822117697
Norm,Experiment1 meTHF #5 norm,,0.98083980956798,0.0840089056338349
Norm,Experiment1 meTHF #6 norm,,1.03998171386518,0.120809642168078
Norm,Experiment1 meTHF #7 norm,,0.994292855340554,0.0634469962305533
Norm,Experiment1 meTHF #8 norm,,0.941661397871264,0.108282914699173
Norm,Experiment1 FmTHF #1 norm,,0.988729057993656,0.00980431812712437
Norm,Experiment1 FmTHF #2 norm,,1.00203287881735,0.0251898140932451
Norm,Experiment1 FmTHF #3 norm,,0.97023265193866,0.0311189296216981
Norm,Experiment1 FmTHF #4 norm,,0.986560911082063,0.0272183231103772
Norm,Experiment1 FmTHF #5 norm,,1.02052821001863,0.0638354052342368
Norm,Experiment1 FmTHF #6 norm,,1.00866458041686,0.0678785878692787
Norm,Experiment1 FmTHF #7 norm,,0.994335417842403,0.0516299856948767
Norm,Experiment1 FmTHF #8 norm,,1.05284316651397,0.0940169280784036
Norm,Experiment1 Met176 #1 norm,,0.978625894777071,0.0248552951703804
Norm,Experiment1 Met176 #2 norm,,0.888710693613127,0.0328364917205783
Norm,Experiment1 Met176 #3 norm,,0.957675263021126,0.0506001843219684
Norm,Experiment1 Met176 #4 norm,,0.967469920215362,0.0367580434677609
Norm,Experiment1 Met176 #5 norm,,0.982447003055681,0.0744190210757818
Norm,Experiment1 Met176 #6 norm,,1.00113952904213,0.119351688431855
Norm,Experiment1 Met176 #7 norm,,0.997164597200865,0.0992139765792
Norm,Experiment1 Met176 #8 norm,,0.987337625858076,0.116233493054542
Norm,Experiment1 SAM #1 norm,,0.964923004782647,0.0113615597628913
Norm,Experiment1 SAM #2 norm,,0.986815594691493,0.0119758122252396
Norm,Experiment1 SAM #3 norm,,0.990218120599812,0.0145659546182258
Norm,Experiment1 SAM #4 norm,,1.02306106420637,0.023841369402926
Norm,Experiment1 SAM #5 norm,,0.992153485070816,0.0406490199500174
Norm,Experiment1 SAM #6 norm,,0.990630474198666,0.0529596121070014
Norm,Experiment1 SAM #7 norm,,1.00081050585562,0.0980738591947289
Norm,Experiment1 SAM #8 norm,,1.00138326493578,0.0898834530530347
Norm,Experiment1 CIT465 #1 norm,,1.02760061054948,0.0121251671051916
Norm,Experiment1 CIT465 #2 norm,,0.981409091350756,0.0130394359369042
Norm,Experiment1 CIT465 #3 norm,,0.957101806337196,0.0111765279601002
Norm,Experiment1 CIT465 #4 norm,,1.00484625246522,0.0170523926885881
Norm,Experiment1 CIT465 #5 norm,,0.945127944156287,0.0128568626130651
Norm,Experiment1 CIT465 #6 norm,,0.992435102591918,0.0123448016010834
Norm,Experiment1 CIT465 #7 norm,,0.994763804333067,0.0132548123716149
Norm,Experiment1 CIT465 #8 norm,,0.998045056541206,0.017651830409615
Norm,Experiment1 MAL335 #1 norm,,1.00340115861272,0.0123970785281867
Norm,Experiment1 MAL335 #2 norm,,1.04389916719311,0.0115438851000821
Norm,Experiment1 MAL335 #3 norm,,1.02998348831262,0.0108324641546433
Norm,Experiment1 MAL335 #4 norm,,0.983886076924349,0.0140166109226749
Norm,Experiment1 MAL335 #5 norm,,0.967119921828067,0.0206103573806652
Norm,Experiment1 MAL335 #6 norm,,0.986161060968415,0.0183126733459062
Norm,Experiment1 MAL335 #7 norm,,0.983283514189239,0.0215903531727542
Norm,Experiment1 MAL335 #8 norm,,1.01422292484177,0.0379304577737614
Norm,Experiment1 ASP334 #1 norm,,0.975194538530049,0.022258351452672
Norm,Experiment1 ASP334 #2 norm,,0.949922044759783,0.0297314149570404
Norm,Experiment1 ASP334 #3 norm,,0.979877724511772,0.0218451007832596
Norm,Experiment1 ASP334 #4 norm,,0.960432997114628,0.0219093728241389
Norm,Experiment1 ASP334 #5 norm,,1.01085032897699,0.0318675963236971
Norm,Experiment1 ASP334 #6 norm,,0.961334382285904,0.0310773956435395
Norm,Experiment1 ASP334 #7 norm,,1.00832502333206,0.0334792039136026
Norm,Experiment1 ASP334 #8 norm,,0.987483701638918,0.0837571973480779
Norm,Experiment1 GLU348 #1 norm,,0.993387502450394,0.0205116360889582
Norm,Experiment1 GLU348 #2 norm,,1.04002970734642,0.02042928151317
Norm,Experiment1 GLU348 #3 norm,,1.01028391918424,0.0114501056642695
Norm,Experiment1 GLU348 #4 norm,,1.00047804564325,0.0375934958823732
Norm,Experiment1 GLU348 #5 norm,,0.987458113376389,0.0233877612918468
Norm,Experiment1 GLU348 #6 norm,,1.02503252930938,0.0131715688945685
Norm,Experiment1 GLU348 #7 norm,,0.986585828952672,0.0150171081466691
Norm,Experiment1 GLU348 #8 norm,,0.981622113951033,0.0204477778861288
Norm,Experiment1 THR320 #1 norm,,0.987988599761553,0.0104672826776063
Norm,Experiment1 THR320 #2 norm,,1.01831444693021,0.0146544241462074
Norm,Experiment1 THR320 #3 norm,,0.964378565490239,0.0101411720087534
Norm,Experiment1 THR320 #4 norm,,0.999329974173628,0.0288909063329135
Norm,Experiment1 THR320 #5 norm,,0.993417358472426,0.0218612876592987
Norm,Experiment1 THR320 #6 norm,,0.980588827069321,0.0110938532617879
Norm,Experiment1 THR320 #7 norm,,0.971530895539507,0.0161888322789252
Norm,Experiment1 THR320 #8 norm,,1.02881245635623,0.0369926920162019
Norm,Experiment1 ALA116 #1 norm,,1.04150244819667,0.0105169179455634
Norm,Experiment1 ALA116 #2 norm,,1.00945273860687,0.0101247637908797
Norm,Experiment1 ALA116 #3 norm,,1.02629774153185,0.0184938682676575
Norm,Experiment1 ALA116 #4 norm,,1.04244078038472,0.0211409252469658
Norm,Experiment1 ALA116 #5 norm,,0.911951574207062,0.0959112104381468
Norm,Experiment1 ALA116 #6 norm,,0.971997211631195,0.0787979184505127
Norm,Experiment1 ALA116 #7 norm,,1.00568941561323,0.0707059839236424
Norm,Experiment1 ALA116 #8 norm,,1.04249857779848,0.128588863495412
Norm,Experiment1 PYR #1 norm,,0.955635727162284,0.0168002540222856
Norm,Experiment1 PYR #2 norm,,0.986859772508009,0.0450921058526862
Norm,Experiment1 PYR #3 norm,,0.950309100514887,0.136978721590137
Norm,Experiment1 PYR #4 norm,,1.03164724646965,0.0462671658691624
Norm,Experiment1 PYR #5 norm,,1.05839524053956,0.0587865030197177
Norm,Experiment1 PYR #6 norm,,1.03017442930037,0.0547667605744095
Norm,Experiment1 PYR #7 norm,,1.0527417071645,0.115014308796285
Norm,Experiment1 PYR #8 norm,,1.00264577504815,0.064162697184496
