type,id,eqn,val,std
Net flux,CO2.t,CO2.t -> CO2,47.5182282520439,1.09233592140502
Net flux,CO2_sink,dummy -> Sink,47.5182282520439,1.09233592140502
Net flux,RUBICSO_CO2,RUBP.p + CO2 -> 3PGA.p + 3PGA.p + dummy,57.5576351701187,1.20186542091058
Net flux,GAPDH.p net,3PGA.p <-> TP.p,140.837390389564,2.68704869838598
Exch flux,GAPDH.p exch,3PGA.p <-> TP.p,13637.7663891721,68.9030140000745
Net flux,ALD,TP.p + E4P.p -> SBP,25.5617609846743,0.477767684625757
Net flux,SBP,SBP -> S7P.p,25.5617609846743,0.477767684625757
Net flux,FBA.p net,TP.p + TP.p <-> FBP.p,30.4997970566765,0.660902146028013
Exch flux,FBA.p exch,TP.p + TP.p <-> FBP.p,20711.8023589402,2570.4268590307
Net flux,PFK.p net,FBP.p <-> F6P.p,30.4997970566796,0.660902146028013
Exch flux,PFK.p exch,FBP.p <-> F6P.p,1.00005976833017e-07,2.63747741808298e-13
Net flux,TK1 net,TP.p + EC2 <-> X5P.p,51.1235219693486,0.955535369251514
Exch flux,TK1 exch,TP.p + EC2 <-> X5P.p,9.99999976158961e-08,0
Net flux,TK2 net,S7P.p <-> R5P.p + EC2,25.5617609846743,0.477767684625757
Exch flux,TK2 exch,S7P.p <-> R5P.p + EC2,38.1036593555773,1143.73894689079
Net flux,TK3 net,F6P.p <-> E4P.p + EC2,25.561760984674,0.477767684625757
Exch flux,TK3 exch,F6P.p <-> E4P.p + EC2,6718.28152795865,3528.45638806635
Net flux,PPE net,X5P.p <-> RU5P.p,51.1235219693486,0.955535369251514
Exch flux,PPE exch,X5P.p <-> RU5P.p,78.717645086265,3717.16092723323
Net flux,PPI net,R5P.p <-> RU5P.p,25.5617609846744,0.477767684625757
Exch flux,PPI exch,R5P.p <-> RU5P.p,241.226309904951,4100.76464519573
Net flux,PRK,RU5P.p -> RUBP.p,76.6852829540231,1.4333030538643
Net flux,RUBISCO_O2,RUBP.p -> 3PGA.p + 2PG.p,19.1276477839043,0.607949008087061
Net flux,GLYdil net,GLY.p <-> GLY.x + dummyGLY,0.00803102768828268,0.00107316621016836
Exch flux,GLYdil exch,GLY.p <-> GLY.x + dummyGLY,0.769865641672666,0.270132051600693
Net flux,SERdil net,SER.p <-> SER.x + dummySER,0.810685883206304,0.490943100162765
Exch flux,SERdil exch,SER.p <-> SER.x + dummySER,1.0000233885421e-07,4.92863107248214e-13
Net flux,GK,GA.p -> 3PGA.p,6.93056171070071,0.586633120540568
Net flux,PGI.p net,F6P.p <-> G6P.p,4.93803607200493,0.351481145657218
Exch flux,PGI.p exch,F6P.p <-> G6P.p,2.38302408965285,3474.53861592307
Net flux,PGM.p,G6P.p -> ADPG.p,4.93803607200493,0.351481145657218
Net flux,Starch,ADPG.p -> Starch,4.93803607200491,0.351481145657218
Net flux,FBA.c net,TP.c + TP.c <-> FBP.c,1.57625666109016,0.210631247719811
Exch flux,FBA.c exch,TP.c + TP.c <-> FBP.c,41.3296776871773,3124.43567663123
Net flux,PFK.c net,FBP.c <-> F6P.c,1.57625666109018,0.210631247719811
Exch flux,PFK.c exch,FBP.c <-> F6P.c,28.6831897328913,3356.81937471524
Net flux,PGI.c net,F6P.c <-> G6P.c,0.788128330545106,0.105315623859905
Exch flux,PGI.c exch,F6P.c <-> G6P.c,248.405633938003,3613.81832607194
Net flux,PGM.c net,G6P.c <-> UDPG.c,0.788128330539621,0.105315623859905
Exch flux,PGM.c exch,G6P.c <-> UDPG.c,48486.4841398601,3531.6687239596
Net flux,SPS,F6P.c + UDPG.c -> S6P,0.788128330545053,0.105315623859905
Net flux,PGAM.c net,3PGA.c <-> PEP.c,0.336089445277406,0.0449107948080326
Exch flux,PGAM.c exch,3PGA.c <-> PEP.c,1.48268454098797,3135.36360443125
Net flux,PK.c,PEP.c -> PYR.c,0.152558000943521,0.0203859453510203
Net flux,PDH,PYR.c + dummy -> ACA + CO2,0.12696747405103,0.0169663470599779
Net flux,CS,OAA + ACA -> CIT,0.126967474051026,0.0169663470599779
Net flux,ACO net,CIT <-> ICI,0.126967474051071,0.0169663470599779
Exch flux,ACO exch,CIT <-> ICI,1154.94015776861,3675.20133093782
Net flux,IDH,ICI + dummy -> AKG + CO2,0.126967474051043,0.0169663470599779
Net flux,MDH net,MAL <-> OAA,2.1316282072803e-14,0
Exch flux,MDH exch,MAL <-> OAA,0.112067006386646,0.0740347267552541
Net flux,PPC,PEP.c + CO2 -> OAA + dummy,0.183531444334085,0.0245248493287268
Net flux,T_3PGA net,3PGA.p <-> 3PGA.c,0.336089445277388,0.0449107948080326
Exch flux,T_3PGA exch,3PGA.p <-> 3PGA.c,1.0000000116861e-07,0
Net flux,T_DHAP net,TP.p <-> TP.c,3.15251332218038,0.421262495439622
Exch flux,T_DHAP exch,TP.p <-> TP.c,27.6978114233263,3692.24668113988
Net flux,ALT,PYR.c -> ALA.c,0.0255905268928569,0.00341959831246163
Net flux,ASPT,OAA -> ASP,0.0565639702832665,0.00755850233005145
Net flux,GLUDH,AKG -> GLU,0.12696747405102,0.0169663470599779
Net flux,PCR net,GLU <-> PRO,-2.48689957516035e-14,0
Exch flux,PCR exch,GLU <-> PRO,0.717366536034593,3403.85924792261
Net flux,GS net,GLU <-> GLN,0,0
Exch flux,GS exch,GLU <-> GLN,0.78500255230383,3592.73628879783
Net flux,TS net,ASP <-> THR,0,0
Exch flux,TS exch,ASP <-> THR,1.0000000116861e-07,0
Net flux,AS net,ASP <-> ASN,1.06581410364015e-14,0
Exch flux,AS exch,ASP <-> ASN,1.0000000116861e-07,0
Net flux,G_3PGA.p,0*3PGA.p -> 3PGA,2.46866295583459e-06,5166.88989184774
Net flux,G_3PGA.c,0*3PGA.c -> 3PGA,92.911908140134,3712.41707855778
Net flux,G_DHAP.p,0*TP.p -> TP,40.685379842242,5256.47598840664
Net flux,G_DHAP.c,0*TP.c -> TP,51.8471856996947,3642.59648691716
Net flux,G_F6P.p,0*F6P.p -> F6P,48.6686345030749,5469.72357874848
Net flux,G_F6P.c,0*F6P.c -> F6P,36.546576817712,3933.93268919707
Net flux,G_FBP.p,0*FBP.p -> FBP,2.46866129316459e-06,5346.04711571458
Net flux,G_FBP.c,0*FBP.c -> FBP,83.45123104724,3911.94704626302
Net flux,G_G6P.p,0*G6P.p -> G6P,19.0549768397257,5266.20415919464
Net flux,G_G6P.c,0*G6P.c -> G6P,58.8549499993083,3807.91455359911
Net flux,G_RU5P.p,0*RU5P.p -> P5P,2.46865370456817e-06,5151.90545767968
Net flux,G_X5P.p,0*X5P.p -> P5P,92.8477691500528,3742.86380463697
Net flux,G_R5P.p,0*R5P.p -> R5P,82.2810779884949,3621.54356081091
Net flux,G_GA.p,0*GA.p -> GA,34.7500722703297,1.9098352121572
Net flux,G_SER.p,0*SER.p -> SER,84.6427340006093,3480.68291782473
Net flux,G_GLY.p,0*GLY.p -> GLY,19.3762443687147,3542.63048095919
Net flux,G_RUBP.p,0*RUBP.p -> RUBP,92.5302752673063,3371.47984015216
Net flux,G_S7P.p,0*S7P.p -> S7P,98.4567310636212,3799.95102250311
Net flux,G_2PG.p,0*2PG.p -> 2PG,87.0427532706349,3537.0627970392
Net flux,G_ADPG.p,0*ADPG.p -> ADPG,95.0805622183377,3712.59744463533
Net flux,G_PEP.c,0*PEP.c -> PEP,89.2305410445615,3589.07598989085
Net flux,G_UDPG.c,0*UDPG.c -> UDPG,72.4268033045549,3612.45652228265
Net flux,G_ALA.c,0*ALA.c -> ALA,65.5668067967377,5.3611587189567
Net flux,(1-G)_GA,0*GA.x -> GA,65.2499277296724,1.9098352121572
Net flux,(1-G)_SER,0*SER.x -> SER,15.3572581017559,4.02825170131788
Net flux,(1-G)_GLY,0*GLY.x -> GLY,36.4188568855707,2.83904339754405
Net flux,(1-G)_R5P,0*R5P.x -> R5P,17.718922011502,3621.54356081091
Net flux,(1-G)_RUBP,0*RUBP.x -> RUBP,7.46972473269241,3371.47984015216
Net flux,(1-G)_3PGA,0*3PGA.x -> 3PGA,7.0880893912033,3582.22330332085
Net flux,(1-G)_TP,0*TP.x -> TP,7.46743445806383,3697.03689660691
Net flux,(1-G)_F6P,0*F6P.x -> F6P,14.7847886792169,3854.79588264842
Net flux,(1-G)_FBP,0*FBP.x -> FBP,16.5487664840934,3712.01971082191
Net flux,(1-G)_G6P,0*G6P.x -> G6P,22.0900731609643,3586.58276332472
Net flux,(1-G)_RU5P,0*RU5P.x -> P5P,7.15222838129491,3588.67075880955
Net flux,(1-G)_S7P,0*S7P.x -> S7P,1.54326893637677,3799.95102250311
Net flux,(1-G)_2PG,0*2PG.x -> 2PG,12.9572467293675,3537.0627970392
Net flux,(1-G)_ADPG,0*ADPG.x -> ADPG,4.91943778166132,3712.59744463533
Net flux,(1-G)_PEP,0*PEP.x -> PEP,10.7694589554367,3589.07598989085
Net flux,(1-G)_UDPG,0*UDPG.x -> UDPG,27.5731966954463,3612.45652228265
Net flux,(1-G)_ALA,0*ALA.x -> ALA,34.4331932032621,5.3611587189567
Net flux,PGASink,3PGA -> Sink,100,0
Net flux,DHAPSink,TP -> Sink,100.000000000001,0
Net flux,F6PSink,F6P -> Sink,100.000000000004,0
Net flux,FBPSink,FBP -> Sink,99.9999999999947,0
Net flux,G6PSink,G6P -> Sink,99.9999999999983,0
Net flux,P5PSink,P5P -> Sink,100.000000000001,0
Net flux,R5PSink,R5P -> Sink,99.9999999999968,0
Net flux,GASink,GA -> Sink,100.000000000002,0
Net flux,SERSink,SER -> Sink,99.9999999999996,0
Net flux,GLYSink,GLY -> Sink,100.000000000001,0
Net flux,RUBPSink,RUBP -> Sink,99.9999999999987,0
Net flux,S7PSink,S7P -> Sink,99.9999999999979,0
Net flux,2PGSink,2PG -> Sink,100.000000000002,0
Net flux,ADPGSink,ADPG -> Sink,99.999999999999,0
Net flux,PEPSink,PEP -> Sink,99.9999999999983,0
Net flux,UDPGSink,UDPG -> Sink,100.000000000001,0
Net flux,ALASink,ALA -> Sink,99.9999999999998,0
Net flux,S6Pout-LL,S6P + 0.1611*GLU + 0.07177*ASP + 0.03247*ALA.c + 0.01019*dummyGLY + 0.03484*dummySER -> Sink,0.788128330545089,0.105315623859905
Net flux,PGP.p,2PG.p -> Glyc.p,19.1276477839044,0.607949008087061
Net flux,GOX,Glyc.p -> Glyx.p,19.1276477839044,0.607949008087061
Net flux,GGT,Glyx.p -> GLY.p,19.1276477839044,0.607949008087061
Net flux,SGAT,SER.p -> HPA.p,6.93056171070069,0.586633120540568
Net flux,HPR.p,HPA.p -> GA.p,6.93056171070069,0.586633120540568
Net flux,T_GLY-m net,GLY.p <-> GLY.m,19.1199754931586,3561.05347166121
Exch flux,T_GLY-m exch,GLY.p <-> GLY.m,96455.4812458777,3701.2501856047
Net flux,GDC.m,GLY.m + dummy -> myTHF.m + CO2,9.96900341430729,0.488505274987566
Net flux,T_SER-m net,SER.p <-> SER.m,-9.96900341430734,0.488505274987566
Exch flux,T_SER-m exch,SER.p <-> SER.m,410.708259708577,3897.59537101569
Net flux,mSHMT,GLY.m + myTHF.m -> SER.m,9.96900341430729,0.488505274987566
Net flux,T_SER-c net,SER.p <-> SER.c,2.22775582040028,0.920189664875285
Exch flux,T_SER-c exch,SER.p <-> SER.c,1.00000000280431e-07,0.417078478570487
Net flux,T_Gly-c net,GLY.p <-> GLY.c,-0.000358736957656092,3561.05341975407
Exch flux,T_Gly-c exch,GLY.p <-> GLY.c,9.99999998363421e-08,0
Net flux,cSHMT,SER.c -> GLY.c + meTHF.c,2.2247073590476,3367.60924441187
Net flux,FmTHF-reductase net,meTHF.c <-> FmTHF.c,2.2247073590476,3367.60924441187
Exch flux,FmTHF-reductase exch,meTHF.c <-> FmTHF.c,6.57583926604188,4939.54353675283
Net flux,Met-synthase,FmTHF.c + Hcy.c -> Met.c,2.22470735904758,3367.60924441187
Net flux,SAM-synthase,Met.c -> SAM.c,2.22470735904758,3367.60924441187
Net flux,Methylation,SAM.c -> SAH.c + Acceptor.c,2.22470735904758,3367.60924441187
Net flux,hydrolysis,SAH.c -> Hcy.c,2.22470735904757,3367.60924441187
Net flux,G_SER.m,0*SER.m -> SER,-8.38946057513112e-07,0
Net flux,G_SER.c,0*SER.c -> SER,8.73658043687442e-06,3480.68058684178
Net flux,G_Gly.m,0*GLY.m -> GLY,0.000174801636465105,3542.62800889159
Net flux,G_Gly.c,0*GLY.c -> GLY,44.2047239440793,5.50809842688281
Net flux,T_GLY-c-m,GLY.c -> GLY.m,0.818031335440878,3561.05353987777
Net flux,G_Glyc,0*Glyc.p -> Glyc,20.0238582119455,1.03680507535386
Net flux,G_Glyx,0*Glyx.p -> Glyx,14.8063572817689,2.12610606900205
Net flux,G_HPA,0*HPA.p -> HPA,7.95031346686885,1.20964527577707
Net flux,(1-G)_Glyc,0*Glyc.x -> Glyc,79.9761417880551,1.03680507535386
Net flux,(1-G)_Glyx,0*Glyx.x -> Glyx,85.1936427182319,2.12610606900205
Net flux,(1-G)_HPA,0*HPA.x -> HPA,92.0496865331311,1.20964527577707
Net flux,GlycSink,Glyc -> Sink,100.000000000001,0
Net flux,GlyxSink,Glyx -> Sink,100.000000000001,0
Net flux,HPASink,HPA -> Sink,99.9999999999998,0
Net flux,SERex,dummySER -> outSER,0.78322496543026,0.491015731078201
Net flux,G_PYR,0*PYR.c -> PYR,30.9248292502529,1.73720918371995
Net flux,(1-G)_PYR,0*PYR.x -> PYR,69.0751707497474,1.73720918371995
Net flux,PYRSink,PYR -> Sink,100,0
Net flux,G_meTHF,0*meTHF.c -> meTHF,87.1116039253254,4.82594127333828
Net flux,G_FmTHF,0*FmTHF.c -> FmTHF,66.5153133753873,3.7049428343366
Net flux,G_Met,0*Met.c -> Met,52.5212824719816,4.16059882549559
Net flux,G_SAM,0*SAM.c -> SAM,67.9631204254568,4.66271007933469
Net flux,(1-G)_meTHF,0*meTHF.x -> meTHF,12.8883960746746,4.82594127333828
Net flux,(1-G)_FmTHF,0*FmTHF.x -> FmTHF,33.4846866246128,3.7049428343366
Net flux,(1-G)_Met,0*Met.x -> Met,47.4787175280184,4.16059882549559
Net flux,(1-G)_SAM,0*SAM.x -> SAM,32.0368795745432,4.66271007933469
Net flux,meTHFSink,meTHF -> Sink,99.9999999999999,0
Net flux,FmTHFSink,FmTHF -> Sink,100,0
Net flux,MetSink,Met -> Sink,100,0
Net flux,SAMsink,SAM -> Sink,100,0
Net flux,Met-protein,Met.c -> Protein,6.51983996113883e-15,0
Net flux,GLY-protein,GLY.c -> Protein,1.40631728664909,3367.60937143709
Net flux,SER-protein,SER.c -> Protein,0.0030484613526891,3367.60937013106
Pool,2PG pool,,0,0
Pool,2PG.p pool,,3.29258399629897e-06,3643.39173466315
Pool,2PG.x pool,,1,Inf
Pool,3PGA pool,,0,0
Pool,3PGA.c pool,,0.0123299109797407,0.00363582031886503
Pool,3PGA.p pool,,3.58062548075812e-06,3700.25225825682
Pool,3PGA.x pool,,1,Inf
Pool,ACA pool,,2.72168354656577e-06,3536.29028322048
Pool,ADPG pool,,0,0
Pool,ADPG.p pool,,9.9999999999999e-08,Inf
Pool,ADPG.x pool,,1,Inf
Pool,AKG pool,,2.7351749135233e-06,3568.93420376586
Pool,ALA pool,,0,0
Pool,ALA.c pool,,0.00652700675523326,0.00171715734601048
Pool,ALA.x pool,,1,Inf
Pool,ASN pool,,7566.06819373837,3639.90611387881
Pool,ASP pool,,2.19970540156585e-07,3607.06592385175
Pool,Acceptor.c pool,,1,Inf
Pool,CIT pool,,1068.99259280655,3587.82970803169
Pool,CO2 pool,,0.000196598289714601,3482.59552206465
Pool,CO2.t pool,,1,Inf
Pool,E4P.p pool,,0,0
Pool,EC2 pool,,0,0
Pool,F6P pool,,0,0
Pool,F6P.c pool,,3.8286709602386e-06,3433.02359533213
Pool,F6P.p pool,,3.2132841055682e-06,3854.665894991
Pool,F6P.x pool,,1,Inf
Pool,FBP pool,,0,0
Pool,FBP.c pool,,3.76336071463616e-06,3551.93190027344
Pool,FBP.p pool,,3.05213771061064e-06,3513.6466639598
Pool,FBP.x pool,,1,Inf
Pool,FmTHF pool,,1.38120050000411,0.705577485111199
Pool,FmTHF.c pool,,1.05131636636451e-06,3497.90284540384
Pool,FmTHF.x pool,,1,Inf
Pool,G6P pool,,0,0
Pool,G6P.c pool,,9.87457870794283e-06,3512.99708399371
Pool,G6P.p pool,,3.5730431024202e-06,3514.75722793065
Pool,G6P.x pool,,1,Inf
Pool,GA pool,,0,0
Pool,GA.p pool,,3.39239875378457e-06,3462.74705044468
Pool,GA.x pool,,1,Inf
Pool,GLN pool,,9.28175697236983,3534.45289158607
Pool,GLU pool,,2.73314502004176e-06,3438.81183699142
Pool,GLY pool,,0,0
Pool,GLY.c pool,,1e-07,0
Pool,GLY.m pool,,0.217627961270015,0.0757142801080166
Pool,GLY.p pool,,0.00042481110282505,3386.62383797712
Pool,GLY.x pool,,1,Inf
Pool,Glyc pool,,2.26293387169045,0.710874638060066
Pool,Glyc.p pool,,1.1405623643605e-05,3304.68023500851
Pool,Glyc.x pool,,1,Inf
Pool,Glyx pool,,16.8522608040056,6.12246298850166
Pool,Glyx.p pool,,1.51134153977852e-05,3687.85374741091
Pool,Glyx.x pool,,1,Inf
Pool,HPA pool,,0.000163988423181909,3444.41076851076
Pool,HPA.p pool,,2.61590957971089e-06,3530.66354098936
Pool,HPA.x pool,,1,Inf
Pool,Hcy.c pool,,1,Inf
Pool,ICI pool,,0.00371619116742869,3664.12232898749
Pool,MAL pool,,0.177246915362668,0.113507784506581
Pool,Met pool,,1.00000056455086e-07,3545.33636175266
Pool,Met.c pool,,1.02860830171398e-06,3658.15311906052
Pool,Met.x pool,,1,Inf
Pool,OAA pool,,0.184340625944113,0.0332380967421666
Pool,P5P pool,,0,0
Pool,PEP pool,,0,0
Pool,PEP.c pool,,1.00000699278321e-07,3510.11810686812
Pool,PEP.x pool,,1,Inf
Pool,PRO pool,,5.8024900468852,3558.10873249269
Pool,PYR pool,,9.99999998363421e-08,0
Pool,PYR.c pool,,0.00124390896096771,0.00181792578869385
Pool,PYR.x pool,,1,Inf
Pool,Protein pool,,1,Inf
Pool,R5P pool,,0,0
Pool,R5P.p pool,,9.62157352822698e-06,3643.73913092268
Pool,R5P.x pool,,1,Inf
Pool,RU5P.p pool,,3.05410326695645e-06,3651.66511793304
Pool,RU5P.x pool,,1,Inf
Pool,RUBP pool,,0,0
Pool,RUBP.p pool,,3.05955695947754e-06,3699.10869378388
Pool,RUBP.x pool,,1,Inf
Pool,S6P pool,,1,Inf
Pool,S7P pool,,0,0
Pool,S7P.p pool,,2.86873611494072e-06,3399.31335813025
Pool,S7P.x pool,,1,Inf
Pool,SAH.c pool,,1,Inf
Pool,SAM pool,,6.85958131664115,1.60364940922201
Pool,SAM.c pool,,2.57720705182512e-06,3351.13374927486
Pool,SAM.x pool,,1,Inf
Pool,SBP pool,,0,0
Pool,SER pool,,0,0
Pool,SER.c pool,,1.00000000002876e-07,0
Pool,SER.m pool,,1.03190179343028,0.105869535833464
Pool,SER.p pool,,0.000157368753121376,3629.80516551977
Pool,SER.x pool,,1,Inf
Pool,Sink pool,,1,Inf
Pool,Starch pool,,1,Inf
Pool,THR pool,,3889.76753561503,3618.03145534704
Pool,TP pool,,0,0
Pool,TP.c pool,,4.08263050296416e-06,3544.65993432502
Pool,TP.p pool,,3.69008612616451e-06,3431.8149368962
Pool,TP.x pool,,1,Inf
Pool,UDPG pool,,0,0
Pool,UDPG.c pool,,0.0796600382611337,0.0539746359472473
Pool,UDPG.x pool,,1,Inf
Pool,X5P.p pool,,3.13900834769505e-06,3550.72306221658
Pool,dummy pool,,1,Inf
Pool,dummyGLY pool,,1,Inf
Pool,dummySER pool,,1,Inf
Pool,meTHF pool,,2.05307292601277,0.985040692176789
Pool,meTHF.c pool,,1.05627125347636e-06,3482.20978531557
Pool,meTHF.x pool,,1,Inf
Pool,myTHF.m pool,,1.00000000002876e-07,0
Pool,outSER pool,,1,Inf
Norm,Experiment1 Glyc205 #1 norm,,1.00505754298521,0.0132486636160056
Norm,Experiment1 Glyc205 #2 norm,,0.998507386517867,0.0257076917666786
Norm,Experiment1 Glyc205 #3 norm,,0.983527383007711,0.0217766604802078
Norm,Experiment1 Glyc205 #4 norm,,1.01894499915225,0.0317182116861224
Norm,Experiment1 Glyc205 #5 norm,,1.04177639111008,0.034664041845798
Norm,Experiment1 Glyc205 #6 norm,,1.04065278390838,0.0271629060656602
Norm,Experiment1 Glyc205 #7 norm,,0.916684416841501,0.0321917748073949
Norm,Experiment1 Glyc205 #8 norm,,0.98938996893905,0.0290445580258429
Norm,Experiment1 Glyx160 #1 norm,,0.99287597231452,0.0110527426717869
Norm,Experiment1 Glyx160 #2 norm,,0.973519333851886,0.012916216225893
Norm,Experiment1 Glyx160 #3 norm,,0.996049486288819,0.0177960889250347
Norm,Experiment1 Glyx160 #4 norm,,0.978349017007105,0.0149706803961137
Norm,Experiment1 Glyx160 #5 norm,,1.01092649673644,0.0348667929401248
Norm,Experiment1 Glyx160 #6 norm,,1.01563313153675,0.0204327778980098
Norm,Experiment1 Glyx160 #7 norm,,0.986086251331649,0.0384441419009263
Norm,Experiment1 Glyx160 #8 norm,,0.997823008120553,0.0409715490345901
Norm,Experiment1 GLY276 #1 norm,,1.01354626726971,0.0103823031224416
Norm,Experiment1 GLY276 #2 norm,,0.994778793053565,0.0239587035944983
Norm,Experiment1 GLY276 #3 norm,,0.958131217404292,0.0438231178909015
Norm,Experiment1 GLY276 #4 norm,,1.00268170674782,0.0630511235421756
Norm,Experiment1 GLY276 #5 norm,,0.990487565065773,0.121428659716296
Norm,Experiment1 GLY276 #6 norm,,0.929710930255639,0.0855154660946128
Norm,Experiment1 GLY276 #7 norm,,1.03690264511666,0.0632062405290046
Norm,Experiment1 GLY276 #8 norm,,0.979659435351884,0.06504086783439
Norm,Experiment1 HPA262 #1 norm,,1.01424892453188,0.0111116437122291
Norm,Experiment1 HPA262 #2 norm,,0.967294248741018,0.0271257097296279
Norm,Experiment1 HPA262 #3 norm,,0.970765233877655,0.0128045829975049
Norm,Experiment1 HPA262 #4 norm,,0.905031790581899,0.0345086832986961
Norm,Experiment1 HPA262 #5 norm,,1.02724644504373,0.0268623928280075
Norm,Experiment1 HPA262 #6 norm,,0.963109290423508,0.0329986517530005
Norm,Experiment1 HPA262 #7 norm,,0.971833021540142,0.0245907210470176
Norm,Experiment1 HPA262 #8 norm,,0.988202850767884,0.0230674523300031
Norm,Experiment1 GA307 #1 norm,,1.00767200619025,0.0122464621916299
Norm,Experiment1 GA307 #2 norm,,0.953196810141571,0.0303427309421039
Norm,Experiment1 GA307 #3 norm,,0.98934274990161,0.0320147878023139
Norm,Experiment1 GA307 #4 norm,,0.956656629157645,0.0193801033117574
Norm,Experiment1 GA307 #5 norm,,1.02323763933071,0.0613429290802876
Norm,Experiment1 GA307 #6 norm,,1.06590701709721,0.0425767494976762
Norm,Experiment1 GA307 #7 norm,,0.969797362099051,0.0429637832779304
Norm,Experiment1 GA307 #8 norm,,0.974152797801622,0.0333090249517703
Norm,Experiment1 SER306 #1 norm,,1.00762653795722,0.0146072838782025
Norm,Experiment1 SER306 #2 norm,,0.99110267186577,0.0170892280168057
Norm,Experiment1 SER306 #3 norm,,0.969517619399668,0.0418366582425125
Norm,Experiment1 SER306 #4 norm,,1.02364582033326,0.0467426882340426
Norm,Experiment1 SER306 #5 norm,,1.03963893315671,0.0987492939172957
Norm,Experiment1 SER306 #6 norm,,1.03178121128775,0.0749798509313053
Norm,Experiment1 SER306 #7 norm,,1.00895958838813,0.0436373532092966
Norm,Experiment1 SER306 #8 norm,,0.968820944356329,0.0516726500933108
Norm,Experiment1 meTHF #1 norm,,0.991535534005284,0.00995263002642616
Norm,Experiment1 meTHF #2 norm,,1.00350448205045,0.0100874789509131
Norm,Experiment1 meTHF #3 norm,,0.987002659101595,0.0629715902232941
Norm,Experiment1 meTHF #4 norm,,0.999473791694958,0.0491974072289608
Norm,Experiment1 meTHF #5 norm,,1.00719602786957,0.0812661412730484
Norm,Experiment1 meTHF #6 norm,,1.01206622432871,0.10516625306131
Norm,Experiment1 meTHF #7 norm,,1.0275066248759,0.0580158163598137
Norm,Experiment1 meTHF #8 norm,,0.904848346821911,0.0815290312689561
Norm,Experiment1 FmTHF #1 norm,,1.00851823431805,0.010065422864243
Norm,Experiment1 FmTHF #2 norm,,1.01476115824182,0.0235527958588805
Norm,Experiment1 FmTHF #3 norm,,0.980969137348068,0.0318020812202939
Norm,Experiment1 FmTHF #4 norm,,1.00514216250457,0.0265817612575491
Norm,Experiment1 FmTHF #5 norm,,0.961033003517985,0.0604469749599186
Norm,Experiment1 FmTHF #6 norm,,1.00900411694989,0.0638831377258018
Norm,Experiment1 FmTHF #7 norm,,0.990311506123524,0.0523694394519531
Norm,Experiment1 FmTHF #8 norm,,1.09688801505164,0.11658969648383
Norm,Experiment1 Met176 #1 norm,,0.965917858900504,0.0240398692769363
Norm,Experiment1 Met176 #2 norm,,0.863330958037189,0.0295099851733348
Norm,Experiment1 Met176 #3 norm,,0.867047077184815,0.0462821692560919
Norm,Experiment1 Met176 #4 norm,,0.971757001359314,0.0385966060822672
Norm,Experiment1 Met176 #5 norm,,0.962426452229458,0.0712470577893036
Norm,Experiment1 Met176 #6 norm,,1.08602804506281,0.164424846421495
Norm,Experiment1 Met176 #7 norm,,0.996310759426272,0.114701985681192
Norm,Experiment1 Met176 #8 norm,,1.00241289824068,0.105642831177125
Norm,Experiment1 SAM #1 norm,,1.01070796798268,0.0117993333714467
Norm,Experiment1 SAM #2 norm,,0.983079528939633,0.0121409736695595
Norm,Experiment1 SAM #3 norm,,0.998845418430103,0.0144265884463666
Norm,Experiment1 SAM #4 norm,,1.02085589429187,0.0222147477678437
Norm,Experiment1 SAM #5 norm,,0.971449977891763,0.0374995925666191
Norm,Experiment1 SAM #6 norm,,1.01040754432645,0.0594367376358087
Norm,Experiment1 SAM #7 norm,,0.996532400762485,0.0943538469184178
Norm,Experiment1 SAM #8 norm,,1.00951140464607,0.0846423761613572
Norm,Experiment1 CIT465 #1 norm,,0.96742087960544,0.0115964810201689
Norm,Experiment1 CIT465 #2 norm,,0.972360842324368,0.0131335493636392
Norm,Experiment1 CIT465 #3 norm,,1.02695291446477,0.012061223295989
Norm,Experiment1 CIT465 #4 norm,,0.983525205091634,0.0169403191985566
Norm,Experiment1 CIT465 #5 norm,,0.972733437175225,0.0131223211889805
Norm,Experiment1 CIT465 #6 norm,,0.990038716508978,0.0125623440442283
Norm,Experiment1 CIT465 #7 norm,,0.989328055480637,0.011967378237035
Norm,Experiment1 CIT465 #8 norm,,0.982707497453179,0.0126645633103186
Norm,Experiment1 MAL335 #1 norm,,0.982435821331507,0.012255885207838
Norm,Experiment1 MAL335 #2 norm,,0.993333790734628,0.0109208407847283
Norm,Experiment1 MAL335 #3 norm,,1.01461685496738,0.0105765793676052
Norm,Experiment1 MAL335 #4 norm,,0.955728982616098,0.0139038093446499
Norm,Experiment1 MAL335 #5 norm,,0.946034690231481,0.0132193137102214
Norm,Experiment1 MAL335 #6 norm,,0.989471413785857,0.0134642095996353
Norm,Experiment1 MAL335 #7 norm,,0.946303135878713,0.0204136997650283
Norm,Experiment1 MAL335 #8 norm,,1.02732199475004,0.0377304818209938
Norm,Experiment1 ASP334 #1 norm,,0.974349790538163,0.0222848013048152
Norm,Experiment1 ASP334 #2 norm,,1.08437578697827,0.0353483997566418
Norm,Experiment1 ASP334 #3 norm,,0.962320353432436,0.0187764333788886
Norm,Experiment1 ASP334 #4 norm,,0.959834424552313,0.0161993428019952
Norm,Experiment1 ASP334 #5 norm,,0.929262098080636,0.0254595556413821
Norm,Experiment1 ASP334 #6 norm,,1.00262573169087,0.0315997990783508
Norm,Experiment1 ASP334 #7 norm,,0.980363041987782,0.031308755473009
Norm,Experiment1 ASP334 #8 norm,,0.992308201762838,0.0888649036697647
Norm,Experiment1 GLU348 #1 norm,,0.988632595844606,0.0215734580972246
Norm,Experiment1 GLU348 #2 norm,,1.03448655251584,0.0206018243193098
Norm,Experiment1 GLU348 #3 norm,,0.986034918300002,0.0111955423234804
Norm,Experiment1 GLU348 #4 norm,,0.965795350209071,0.0365102114671391
Norm,Experiment1 GLU348 #5 norm,,1.00046320804033,0.022285514582102
Norm,Experiment1 GLU348 #6 norm,,1.01834296090459,0.0133133202745956
Norm,Experiment1 GLU348 #7 norm,,0.96050027621246,0.0140341054374203
Norm,Experiment1 GLU348 #8 norm,,1.02019043609276,0.0172496842285087
Norm,Experiment1 THR320 #1 norm,,0.978888519462629,0.0104401565291025
Norm,Experiment1 THR320 #2 norm,,0.976699914996976,0.014104964637281
Norm,Experiment1 THR320 #3 norm,,1.01548922133994,0.010747622546088
Norm,Experiment1 THR320 #4 norm,,0.972052925682741,0.0281234144289652
Norm,Experiment1 THR320 #5 norm,,0.961187566385307,0.0205423936055032
Norm,Experiment1 THR320 #6 norm,,1.01563117578891,0.0117806800473848
Norm,Experiment1 THR320 #7 norm,,0.968252416676048,0.0139844986490118
Norm,Experiment1 THR320 #8 norm,,0.905584285049818,0.024044887492934
Norm,Experiment1 ALA116 #1 norm,,0.99729129292366,0.00990508031295946
Norm,Experiment1 ALA116 #2 norm,,0.985369340012015,0.0100060814409829
Norm,Experiment1 ALA116 #3 norm,,1.01475591318506,0.0181892978591186
Norm,Experiment1 ALA116 #4 norm,,1.06387895271243,0.0272225321395592
Norm,Experiment1 ALA116 #5 norm,,1.0303336430515,0.0997248069747313
Norm,Experiment1 ALA116 #6 norm,,0.967589030669894,0.0842274237175193
Norm,Experiment1 ALA116 #7 norm,,1.00818636478501,0.0598709714768779
Norm,Experiment1 ALA116 #8 norm,,0.989576175487447,0.100752743706593
Norm,Experiment1 PYR #1 norm,,0.990188083352283,0.0169570456843663
Norm,Experiment1 PYR #2 norm,,1.10621973658044,0.0603849455972618
Norm,Experiment1 PYR #3 norm,,0.97113042035173,0.0980793433933836
Norm,Experiment1 PYR #4 norm,,1.00533733123895,0.0446766008769343
Norm,Experiment1 PYR #5 norm,,1.01809078907607,0.0537702487569074
Norm,Experiment1 PYR #6 norm,,1.03384719057642,0.0521360862435109
Norm,Experiment1 PYR #7 norm,,0.951217098755635,0.0883480547431626
Norm,Experiment1 PYR #8 norm,,0.97666046335123,0.0627383907725838
