type,id,eqn,val,std
Net flux,CO2.t,CO2.t -> CO2,46.8594707998417,1.09705977912315
Net flux,CO2_sink,dummy -> Sink,46.8594707998416,1.09705977912315
Net flux,RUBICSO_CO2,RUBP.p + CO2 -> 3PGA.p + 3PGA.p + dummy,57.0492161024787,1.22836279949283
Net flux,GAPDH.p net,3PGA.p <-> TP.p,135.533068695672,2.68001612983579
Exch flux,GAPDH.p exch,3PGA.p <-> TP.p,1.0000000116861e-07,2.52697089971504e-14
Net flux,ALD,TP.p + E4P.p -> SBP,24.7193920941014,0.488018679612301
Net flux,SBP,SBP -> S7P.p,24.7193920941014,0.488018679612301
Net flux,FBA.p net,TP.p + TP.p <-> FBP.p,29.1166201383494,0.651313542917917
Exch flux,FBA.p exch,TP.p + TP.p <-> FBP.p,20538.1240395923,2320.67527178244
Net flux,PFK.p net,FBP.p <-> F6P.p,29.1166201383526,0.651313542917917
Exch flux,PFK.p exch,FBP.p <-> F6P.p,9.99848595029107e-08,2.70674352239107e-13
Net flux,TK1 net,TP.p + EC2 <-> X5P.p,49.4387841882028,0.976037359224603
Exch flux,TK1 exch,TP.p + EC2 <-> X5P.p,1.0000000116861e-07,0
Net flux,TK2 net,S7P.p <-> R5P.p + EC2,24.7193920941014,0.488018679612301
Exch flux,TK2 exch,S7P.p <-> R5P.p + EC2,37.9773329543938,3862.09417970555
Net flux,TK3 net,F6P.p <-> E4P.p + EC2,24.7193920941008,0.488018679612301
Exch flux,TK3 exch,F6P.p <-> E4P.p + EC2,7164.83028648962,3539.31728996346
Net flux,PPE net,X5P.p <-> RU5P.p,49.4387841882028,0.976037359224603
Exch flux,PPE exch,X5P.p <-> RU5P.p,80.5679379779449,3663.9355464341
Net flux,PPI net,R5P.p <-> RU5P.p,24.7193920941015,0.488018679612301
Exch flux,PPI exch,R5P.p <-> RU5P.p,239.92011714303,3939.82172971674
Net flux,PRK,RU5P.p -> RUBP.p,74.1581762823044,1.46405603883687
Net flux,RUBISCO_O2,RUBP.p -> 3PGA.p + 2PG.p,17.1089601798257,0.593542897497514
Net flux,GLYdil net,GLY.p <-> GLY.x + dummyGLY,0.00800335881816494,0.00104867959166319
Exch flux,GLYdil exch,GLY.p <-> GLY.x + dummyGLY,1.0000000116861e-07,7.33013433063203e-13
Net flux,SERdil net,SER.p <-> SER.x + dummySER,0.027366408146392,0.00358580559048454
Exch flux,SERdil exch,SER.p <-> SER.x + dummySER,0.940832812729347,0.537159287570898
Net flux,GK,GA.p -> 3PGA.p,4.66060784517847,0.575821472088926
Net flux,PGI.p net,F6P.p <-> G6P.p,4.39722804425286,0.350506366649436
Exch flux,PGI.p exch,F6P.p <-> G6P.p,3.21021822273022,2639.78600704036
Net flux,PGM.p,G6P.p -> ADPG.p,4.39722804425287,0.350506366649436
Net flux,Starch,ADPG.p -> Starch,4.39722804425285,0.350506366649436
Net flux,FBA.c net,TP.c + TP.c <-> FBP.c,1.57082606833138,0.205825238904822
Exch flux,FBA.c exch,TP.c + TP.c <-> FBP.c,20.8446202921594,3417.47719506293
Net flux,PFK.c net,FBP.c <-> F6P.c,1.57082606833139,0.205825238904822
Exch flux,PFK.c exch,FBP.c <-> F6P.c,5.49757369909365,600.670738647257
Net flux,PGI.c net,F6P.c <-> G6P.c,0.785413034165714,0.102912619452411
Exch flux,PGI.c exch,F6P.c <-> G6P.c,227.203358119369,3655.88415330493
Net flux,PGM.c net,G6P.c <-> UDPG.c,0.785413034165686,0.102912619452411
Exch flux,PGM.c exch,G6P.c <-> UDPG.c,48481.3794186116,3243.98388528604
Net flux,SPS,F6P.c + UDPG.c -> S6P,0.785413034165661,0.102912619452411
Net flux,PGAM.c net,3PGA.c <-> PEP.c,0.334931534289621,0.0438860573903203
Exch flux,PGAM.c exch,3PGA.c <-> PEP.c,2.84911089212885,3884.54621082057
Net flux,PK.c,PEP.c -> PYR.c,0.152032401023383,0.0199207957234383
Net flux,PDH,PYR.c + dummy -> ACA + CO2,0.126530039804225,0.0165792229553296
Net flux,CS,OAA + ACA -> CIT,0.126530039804221,0.0165792229553296
Net flux,ACO net,CIT <-> ICI,0.126530039804265,0.0165792229553296
Exch flux,ACO exch,CIT <-> ICI,1238.19916135322,4195.51248164114
Net flux,IDH,ICI + dummy -> AKG + CO2,0.126530039804237,0.0165792229553296
Net flux,MDH net,MAL <-> OAA,2.1316282072803e-14,0
Exch flux,MDH exch,MAL <-> OAA,0.352038413403889,0.080072105327157
Net flux,PPC,PEP.c + CO2 -> OAA + dummy,0.18289913326621,0.0239652617070339
Net flux,T_3PGA net,3PGA.p <-> 3PGA.c,0.334931534289602,0.0438860573903203
Exch flux,T_3PGA exch,3PGA.p <-> 3PGA.c,1.0000000116861e-07,0
Net flux,T_DHAP net,TP.p <-> TP.c,3.14165213666281,0.411650477809645
Exch flux,T_DHAP exch,TP.p <-> TP.c,9.99999998363421e-08,0
Net flux,ALT,PYR.c -> ALA.c,0.0255023612193537,0.00334157274915999
Net flux,ASPT,OAA -> ASP,0.0563690934620833,0.00738603868536874
Net flux,GLUDH,AKG -> GLU,0.126530039804214,0.0165792229553296
Net flux,PCR net,GLU <-> PRO,-2.48689957516035e-14,0
Exch flux,PCR exch,GLU <-> PRO,1.0000000116861e-07,0
Net flux,GS net,GLU <-> GLN,0,0
Exch flux,GS exch,GLU <-> GLN,1.00044225348483e-07,0
Net flux,TS net,ASP <-> THR,0,0
Exch flux,TS exch,ASP <-> THR,1.0000000116861e-07,0
Net flux,AS net,ASP <-> ASN,1.06581410364015e-14,0
Exch flux,AS exch,ASP <-> ASN,1.0000000116861e-07,0
Net flux,G_3PGA.p,0*3PGA.p -> 3PGA,2.46866296294002e-06,5473.26332692951
Net flux,G_3PGA.c,0*3PGA.c -> 3PGA,92.9119081390589,3695.1487144654
Net flux,G_DHAP.p,0*TP.p -> TP,40.685379842242,5417.69080816449
Net flux,G_DHAP.c,0*TP.c -> TP,51.8471856996947,4034.08266153833
Net flux,G_F6P.p,0*F6P.p -> F6P,48.6686345030749,4995.55556893115
Net flux,G_F6P.c,0*F6P.c -> F6P,36.546576817712,3392.26971695298
Net flux,G_FBP.p,0*FBP.p -> FBP,2.46866129316459e-06,5599.16752714366
Net flux,G_FBP.c,0*FBP.c -> FBP,83.4512310453731,3792.05786120628
Net flux,G_G6P.p,0*G6P.p -> G6P,19.0549768397257,5319.40321994584
Net flux,G_G6P.c,0*G6P.c -> G6P,58.8549499993083,3729.48318470973
Net flux,G_RU5P.p,0*RU5P.p -> P5P,2.4686537116736e-06,5343.66102698692
Net flux,G_X5P.p,0*X5P.p -> P5P,92.8477691503191,3862.00627080918
Net flux,G_R5P.p,0*R5P.p -> R5P,82.2810779884949,3917.46216966971
Net flux,G_GA.p,0*GA.p -> GA,37.0488782050146,1.64211664932735
Net flux,G_SER.p,0*SER.p -> SER,95.5419757713286,3912.78303632497
Net flux,G_GLY.p,0*GLY.p -> GLY,9.99999940631824e-08,9.63026411398771e-14
Net flux,G_RUBP.p,0*RUBP.p -> RUBP,92.5302752673063,3870.4466457513
Net flux,G_S7P.p,0*S7P.p -> S7P,98.4567310636212,3856.77575287155
Net flux,G_2PG.p,0*2PG.p -> 2PG,87.0427532706349,3910.44565112933
Net flux,G_ADPG.p,0*ADPG.p -> ADPG,95.0805622183377,3504.53710725445
Net flux,G_PEP.c,0*PEP.c -> PEP,89.2305410445615,3488.9220345635
Net flux,G_UDPG.c,0*UDPG.c -> UDPG,72.4268033045549,3758.62793176203
Net flux,G_ALA.c,0*ALA.c -> ALA,72.5280690783403,6.45831694448599
Net flux,(1-G)_GA,0*GA.x -> GA,62.9511217949875,1.64211664932735
Net flux,(1-G)_SER,0*SER.x -> SER,4.45802399981704,2.63863006168858
Net flux,(1-G)_GLY,0*GLY.x -> GLY,30.6089797343146,3.22450842551687
Net flux,(1-G)_R5P,0*R5P.x -> R5P,17.718922011502,3917.46216966971
Net flux,(1-G)_RUBP,0*RUBP.x -> RUBP,7.46972473269241,3870.4466457513
Net flux,(1-G)_3PGA,0*3PGA.x -> 3PGA,7.08808939227847,3868.55071066066
Net flux,(1-G)_TP,0*TP.x -> TP,7.46743445806383,3678.04306975919
Net flux,(1-G)_F6P,0*F6P.x -> F6P,14.7847886792169,3829.43297249893
Net flux,(1-G)_FBP,0*FBP.x -> FBP,16.5487664859603,4066.2322259228
Net flux,(1-G)_G6P,0*G6P.x -> G6P,22.0900731609643,3886.23243071606
Net flux,(1-G)_RU5P,0*RU5P.x -> P5P,7.15222838102864,3793.39786207383
Net flux,(1-G)_S7P,0*S7P.x -> S7P,1.54326893637677,3856.77575287155
Net flux,(1-G)_2PG,0*2PG.x -> 2PG,12.9572467293675,3910.44565112933
Net flux,(1-G)_ADPG,0*ADPG.x -> ADPG,4.91943778166132,3504.53710725445
Net flux,(1-G)_PEP,0*PEP.x -> PEP,10.7694589554367,3488.9220345635
Net flux,(1-G)_UDPG,0*UDPG.x -> UDPG,27.5731966954463,3758.62793176203
Net flux,(1-G)_ALA,0*ALA.x -> ALA,27.4719309216595,6.45831694448599
Net flux,PGASink,3PGA -> Sink,100,0
Net flux,DHAPSink,TP -> Sink,100.000000000001,0
Net flux,F6PSink,F6P -> Sink,100.000000000004,0
Net flux,FBPSink,FBP -> Sink,99.9999999999947,0
Net flux,G6PSink,G6P -> Sink,99.9999999999983,0
Net flux,P5PSink,P5P -> Sink,100.000000000001,0
Net flux,R5PSink,R5P -> Sink,99.9999999999968,0
Net flux,GASink,GA -> Sink,100.000000000002,0
Net flux,SERSink,SER -> Sink,99.9999999999996,0
Net flux,GLYSink,GLY -> Sink,100.000000000001,0
Net flux,RUBPSink,RUBP -> Sink,99.9999999999987,0
Net flux,S7PSink,S7P -> Sink,99.9999999999979,0
Net flux,2PGSink,2PG -> Sink,100.000000000002,0
Net flux,ADPGSink,ADPG -> Sink,99.999999999999,0
Net flux,PEPSink,PEP -> Sink,99.9999999999983,0
Net flux,UDPGSink,UDPG -> Sink,100.000000000001,0
Net flux,ALASink,ALA -> Sink,99.9999999999998,0
Net flux,S6Pout-LL,S6P + 0.1611*GLU + 0.07177*ASP + 0.03247*ALA.c + 0.01019*dummyGLY + 0.03484*dummySER -> Sink,0.785413034165696,0.102912619452411
Net flux,PGP.p,2PG.p -> Glyc.p,17.1089601798257,0.593542897497514
Net flux,GOX,Glyc.p -> Glyx.p,17.1089601798257,0.593542897497514
Net flux,GGT,Glyx.p -> GLY.p,17.1089601798257,0.593542897497514
Net flux,SGAT,SER.p -> HPA.p,4.66060784517845,0.575821472088926
Net flux,HPR.p,HPA.p -> GA.p,4.66060784517845,0.575821472088926
Net flux,T_GLY-m net,GLY.p <-> GLY.m,14.7735692757415,3904.36859696818
Exch flux,T_GLY-m exch,GLY.p <-> GLY.m,94893.4975443714,3625.68801962399
Net flux,GDC.m,GLY.m + dummy -> myTHF.m + CO2,10.119584356295,0.581394181745145
Net flux,T_SER-m net,SER.p <-> SER.m,-10.119584356295,0.581394181745145
Exch flux,T_SER-m exch,SER.p <-> SER.m,25.0348790257597,3817.12049072633
Net flux,mSHMT,GLY.m + myTHF.m -> SER.m,10.119584356295,0.581394181745145
Net flux,T_SER-c net,SER.p <-> SER.c,5.43161010297016,0.989279349396767
Exch flux,T_SER-c exch,SER.p <-> SER.c,1.00000000280431e-07,0.536498558975144
Net flux,T_Gly-c net,GLY.p <-> GLY.c,2.32738754525301,3904.36855290169
Exch flux,T_Gly-c exch,GLY.p <-> GLY.c,0.000702763430937114,3904.36827089001
Net flux,cSHMT,SER.c -> GLY.c + meTHF.c,5.43161000297016,0.989279349396624
Net flux,FmTHF-reductase net,meTHF.c <-> FmTHF.c,5.43161000297016,0.989279349396624
Exch flux,FmTHF-reductase exch,meTHF.c <-> FmTHF.c,4.32753409364666,3629.0310935543
Net flux,Met-synthase,FmTHF.c + Hcy.c -> Met.c,5.43161000297014,0.989279349396624
Net flux,SAM-synthase,Met.c -> SAM.c,5.43161000297015,0.989279349396624
Net flux,Methylation,SAM.c -> SAH.c + Acceptor.c,5.43161000297015,0.989279349396624
Net flux,hydrolysis,SAH.c -> Hcy.c,5.43161000297014,0.989279349396624
Net flux,G_SER.m,0*SER.m -> SER,1.0000000116861e-07,0
Net flux,G_SER.c,0*SER.c -> SER,1.28853955061459e-07,3912.78214663079
Net flux,G_Gly.m,0*GLY.m -> GLY,1.0000000116861e-07,2.02275792785104e-13
Net flux,G_Gly.c,0*GLY.c -> GLY,69.3910200656866,3.22450842551687
Net flux,T_GLY-c-m,GLY.c -> GLY.m,5.46559943683558,3904.36882066367
Net flux,G_Glyc,0*Glyc.p -> Glyc,22.6111316985893,1.18336904995553
Net flux,G_Glyx,0*Glyx.p -> Glyx,17.9965330858601,2.45597159035676
Net flux,G_HPA,0*HPA.p -> HPA,7.2521568036753,1.31096222739394
Net flux,(1-G)_Glyc,0*Glyc.x -> Glyc,77.3888683014113,1.18336904995553
Net flux,(1-G)_Glyx,0*Glyx.x -> Glyx,82.0034669141408,2.45597159035676
Net flux,(1-G)_HPA,0*HPA.x -> HPA,92.7478431963246,1.31096222739394
Net flux,GlycSink,Glyc -> Sink,100.000000000001,0
Net flux,GlyxSink,Glyx -> Sink,100.000000000001,0
Net flux,HPASink,HPA -> Sink,99.9999999999998,0
Net flux,SERex,dummySER -> outSER,1.00001010139295e-07,7.27616449814765e-13
Net flux,G_PYR,0*PYR.c -> PYR,31.5372121632843,1.68664421673611
Net flux,(1-G)_PYR,0*PYR.x -> PYR,68.4627878367159,1.68664421673611
Net flux,PYRSink,PYR -> Sink,100,0
Net flux,G_meTHF,0*meTHF.c -> meTHF,99.9999999,0
Net flux,G_FmTHF,0*FmTHF.c -> FmTHF,77.2297606312665,3.15871919758916
Net flux,G_Met,0*Met.c -> Met,55.7494950266271,3.84175695197228
Net flux,G_SAM,0*SAM.c -> SAM,63.4316017102918,4.15170673153143
Net flux,(1-G)_meTHF,0*meTHF.x -> meTHF,1.0000000116861e-07,0
Net flux,(1-G)_FmTHF,0*FmTHF.x -> FmTHF,22.7702393687336,3.15871919758916
Net flux,(1-G)_Met,0*Met.x -> Met,44.250504973373,3.84175695197228
Net flux,(1-G)_SAM,0*SAM.x -> SAM,36.5683982897082,4.15170673153143
Net flux,meTHFSink,meTHF -> Sink,99.9999999999999,0
Net flux,FmTHFSink,FmTHF -> Sink,100,0
Net flux,MetSink,Met -> Sink,100,0
Net flux,SAMsink,SAM -> Sink,100,0
Net flux,Met-protein,Met.c -> Protein,6.51983996113883e-15,0
Net flux,GLY-protein,GLY.c -> Protein,2.29339811138762,0.533378819140786
Net flux,SER-protein,SER.c -> Protein,1.00000003833145e-07,6.31449494619557e-15
Pool,2PG pool,,0,0
Pool,2PG.p pool,,3.41096287965828e-06,3891.54654530648
Pool,2PG.x pool,,1,Inf
Pool,3PGA pool,,0,0
Pool,3PGA.c pool,,0.0125951636145023,0.0034384589864609
Pool,3PGA.p pool,,3.84458324535812e-06,3952.40810633565
Pool,3PGA.x pool,,1,Inf
Pool,ACA pool,,1.64121719045074e-06,3702.21776279339
Pool,ADPG pool,,0,0
Pool,ADPG.p pool,,9.9999999999999e-08,Inf
Pool,ADPG.x pool,,1,Inf
Pool,AKG pool,,1.77051495030316e-06,3988.48403632169
Pool,ALA pool,,0,0
Pool,ALA.c pool,,0.00669325528320147,0.00178212524519288
Pool,ALA.x pool,,1,Inf
Pool,ASN pool,,7565.98507902997,3838.5649741864
Pool,ASP pool,,3.73481928181793e-07,3864.73036527649
Pool,Acceptor.c pool,,1,Inf
Pool,CIT pool,,4.17675779412888,2.14141407628914
Pool,CO2 pool,,0.531880373307387,0.103534348385328
Pool,CO2.t pool,,1,Inf
Pool,E4P.p pool,,0,0
Pool,EC2 pool,,0,0
Pool,F6P pool,,0,0
Pool,F6P.c pool,,3.82981700008495e-06,3812.41799402853
Pool,F6P.p pool,,3.36172597534219e-06,3799.78640964493
Pool,F6P.x pool,,1,Inf
Pool,FBP pool,,0,0
Pool,FBP.c pool,,3.82977461455952e-06,3987.95711927049
Pool,FBP.p pool,,3.13151173439715e-06,3863.86959338471
Pool,FBP.x pool,,1,Inf
Pool,FmTHF pool,,1.38885697375558,0.693664378320554
Pool,FmTHF.c pool,,1.57868924026709e-06,3837.78031574482
Pool,FmTHF.x pool,,1,Inf
Pool,G6P pool,,0,0
Pool,G6P.c pool,,9.87559222508784e-06,3977.60935656276
Pool,G6P.p pool,,3.58754638414116e-06,3971.03833666079
Pool,G6P.x pool,,1,Inf
Pool,GA pool,,0,0
Pool,GA.p pool,,3.30501605709858e-06,3927.93426154742
Pool,GA.x pool,,1,Inf
Pool,GLN pool,,8.83867754982157,3756.9250451311
Pool,GLU pool,,1.77051748566374e-06,3876.48561550936
Pool,GLY pool,,0,0
Pool,GLY.c pool,,0.0558842628340494,0.0626070726734564
Pool,GLY.m pool,,1e-07,0
Pool,GLY.p pool,,4.18636436640752e-05,3782.7905485366
Pool,GLY.x pool,,1,Inf
Pool,Glyc pool,,5.07170554646481,1.26093667830042
Pool,Glyc.p pool,,1.30763474193377e-05,3753.68164627026
Pool,Glyc.x pool,,1,Inf
Pool,Glyx pool,,23.223829935669,7.45628454595461
Pool,Glyx.p pool,,1.80256350467865e-05,3933.10325170889
Pool,Glyx.x pool,,1,Inf
Pool,HPA pool,,0.000136587871537087,4003.78668122129
Pool,HPA.p pool,,2.39201686267878e-06,3902.18640695412
Pool,HPA.x pool,,1,Inf
Pool,Hcy.c pool,,1,Inf
Pool,ICI pool,,0.00345626310754961,3957.96024248597
Pool,MAL pool,,0.401672394034622,0.0871752713515222
Pool,Met pool,,7.41703232212161e-05,3778.83430688291
Pool,Met.c pool,,1.27603691726314e-06,3797.69751438054
Pool,Met.x pool,,1,Inf
Pool,OAA pool,,0.114702221418192,0.0238883266963472
Pool,P5P pool,,0,0
Pool,PEP pool,,0,0
Pool,PEP.c pool,,6.04841207319532e-06,3986.09970772418
Pool,PEP.x pool,,1,Inf
Pool,PRO pool,,5.39499638364914,3735.5212654378
Pool,PYR pool,,1e-07,0
Pool,PYR.c pool,,0.00113891253246454,0.00136784137882937
Pool,PYR.x pool,,1,Inf
Pool,Protein pool,,1,Inf
Pool,R5P pool,,0,0
Pool,R5P.p pool,,1.10400975759551e-05,3805.75127665889
Pool,R5P.x pool,,1,Inf
Pool,RU5P.p pool,,3.20110406422242e-06,3914.00043618632
Pool,RU5P.x pool,,1,Inf
Pool,RUBP pool,,0,0
Pool,RUBP.p pool,,3.20454351213491e-06,3859.92410729991
Pool,RUBP.x pool,,1,Inf
Pool,S6P pool,,1,Inf
Pool,S7P pool,,0,0
Pool,S7P.p pool,,3.10288125837501e-06,3738.09708077909
Pool,S7P.x pool,,1,Inf
Pool,SAH.c pool,,1,Inf
Pool,SAM pool,,5.80565411481593,1.75172703820108
Pool,SAM.c pool,,3.21958820749423e-06,3787.51699960702
Pool,SAM.x pool,,1,Inf
Pool,SBP pool,,0,0
Pool,SER pool,,0,0
Pool,SER.c pool,,1.00000000002876e-07,0
Pool,SER.m pool,,1.28672975202823,0.0810345852489224
Pool,SER.p pool,,0.000283794318072045,3909.67789625607
Pool,SER.x pool,,1,Inf
Pool,Sink pool,,1,Inf
Pool,Starch pool,,1,Inf
Pool,THR pool,,3872.79097619745,4043.4343573647
Pool,TP pool,,0,0
Pool,TP.c pool,,4.18768946950024e-06,4008.98567403459
Pool,TP.p pool,,3.74784795174571e-06,3827.38755527218
Pool,TP.x pool,,1,Inf
Pool,UDPG pool,,0,0
Pool,UDPG.c pool,,1.40804761434898,3963.48729493845
Pool,UDPG.x pool,,1,Inf
Pool,X5P.p pool,,3.28396719179874e-06,3775.43520547884
Pool,dummy pool,,1,Inf
Pool,dummyGLY pool,,1,Inf
Pool,dummySER pool,,1,Inf
Pool,meTHF pool,,2.24074866308439,1.05076998763961
Pool,meTHF.c pool,,1.75137478998363e-06,3969.57010767252
Pool,meTHF.x pool,,1,Inf
Pool,myTHF.m pool,,1.00000000002876e-07,0
Pool,outSER pool,,1,Inf
Norm,Experiment1 Glyc205 #1 norm,,0.98247315945238,0.0132151047777859
Norm,Experiment1 Glyc205 #2 norm,,1.00226674060862,0.0237116844004212
Norm,Experiment1 Glyc205 #3 norm,,0.979586595839512,0.0209675458319289
Norm,Experiment1 Glyc205 #4 norm,,1.01316631559055,0.031885454295554
Norm,Experiment1 Glyc205 #5 norm,,1.00601588332366,0.0347857196789431
Norm,Experiment1 Glyc205 #6 norm,,1.02632322591111,0.0280207098937424
Norm,Experiment1 Glyc205 #7 norm,,0.99841504566193,0.0354579458421049
Norm,Experiment1 Glyc205 #8 norm,,0.96011167553787,0.0290857244410401
Norm,Experiment1 Glyx160 #1 norm,,0.991907652381384,0.0109056536674908
Norm,Experiment1 Glyx160 #2 norm,,0.97263952423364,0.013033187737829
Norm,Experiment1 Glyx160 #3 norm,,0.992843286412326,0.0170486214293324
Norm,Experiment1 Glyx160 #4 norm,,1.00000389825188,0.0143188533364933
Norm,Experiment1 Glyx160 #5 norm,,0.947617428691374,0.0350497036450054
Norm,Experiment1 Glyx160 #6 norm,,1.00904304357368,0.0206469568682631
Norm,Experiment1 Glyx160 #7 norm,,1.00695269651677,0.0401956508850547
Norm,Experiment1 Glyx160 #8 norm,,0.992733871362354,0.0393266731367809
Norm,Experiment1 GLY276 #1 norm,,1.01796400669323,0.0104167768867289
Norm,Experiment1 GLY276 #2 norm,,0.987693956195388,0.0264933738753786
Norm,Experiment1 GLY276 #3 norm,,0.99223372612612,0.0430401043447294
Norm,Experiment1 GLY276 #4 norm,,1.01576209197922,0.0570338959038902
Norm,Experiment1 GLY276 #5 norm,,0.937712993483091,0.120838817211498
Norm,Experiment1 GLY276 #6 norm,,0.85077050606145,0.0864595090221215
Norm,Experiment1 GLY276 #7 norm,,1.03390892830385,0.065754217893428
Norm,Experiment1 GLY276 #8 norm,,0.980490580453125,0.0760509882820864
Norm,Experiment1 HPA262 #1 norm,,0.99631796500178,0.0107446210067688
Norm,Experiment1 HPA262 #2 norm,,0.995222042453728,0.029154401964596
Norm,Experiment1 HPA262 #3 norm,,0.934966087593753,0.0129034868852565
Norm,Experiment1 HPA262 #4 norm,,0.954070985000876,0.0370062824959309
Norm,Experiment1 HPA262 #5 norm,,0.885742590011504,0.0216601694574441
Norm,Experiment1 HPA262 #6 norm,,0.979969260106857,0.0351537324040805
Norm,Experiment1 HPA262 #7 norm,,0.962874880842027,0.0243521191984618
Norm,Experiment1 HPA262 #8 norm,,1.02676739704439,0.0236831076586935
Norm,Experiment1 GA307 #1 norm,,0.99179587542413,0.0122323620000692
Norm,Experiment1 GA307 #2 norm,,1.00732050046614,0.0311637216023573
Norm,Experiment1 GA307 #3 norm,,0.959502603511594,0.0302117257180857
Norm,Experiment1 GA307 #4 norm,,1.00759716771224,0.0200477658219648
Norm,Experiment1 GA307 #5 norm,,1.00065912939009,0.0606541853401652
Norm,Experiment1 GA307 #6 norm,,1.02720073831116,0.0420115827985042
Norm,Experiment1 GA307 #7 norm,,1.01928961208165,0.0437742564693373
Norm,Experiment1 GA307 #8 norm,,0.985254761900562,0.0357750451354948
Norm,Experiment1 SER306 #1 norm,,0.982087372498723,0.0137809369097787
Norm,Experiment1 SER306 #2 norm,,0.987038804528982,0.0153823502727924
Norm,Experiment1 SER306 #3 norm,,0.962831316906055,0.0393822479580362
Norm,Experiment1 SER306 #4 norm,,0.983776726518602,0.044297000838417
Norm,Experiment1 SER306 #5 norm,,1.02054123947983,0.0907838387273588
Norm,Experiment1 SER306 #6 norm,,1.0162107142235,0.0745817585286666
Norm,Experiment1 SER306 #7 norm,,1.00814026356132,0.0452908364117868
Norm,Experiment1 SER306 #8 norm,,1.00345973362618,0.0502818826001488
Norm,Experiment1 meTHF #1 norm,,1.0055382347985,0.0100654176841926
Norm,Experiment1 meTHF #2 norm,,1.02680683689723,0.0102754286217085
Norm,Experiment1 meTHF #3 norm,,0.877156486546225,0.059439103441657
Norm,Experiment1 meTHF #4 norm,,0.999911618062073,0.052588519030264
Norm,Experiment1 meTHF #5 norm,,0.992309617719181,0.1010636000266
Norm,Experiment1 meTHF #6 norm,,1.01902525869685,0.137129049370588
Norm,Experiment1 meTHF #7 norm,,1.01576620746991,0.0607342393640319
Norm,Experiment1 meTHF #8 norm,,1.03238936640482,0.105100028384669
Norm,Experiment1 FmTHF #1 norm,,1.00861600558159,0.0100281227866265
Norm,Experiment1 FmTHF #2 norm,,0.967448613159821,0.0229104622152333
Norm,Experiment1 FmTHF #3 norm,,0.987504592713707,0.0337274104364787
Norm,Experiment1 FmTHF #4 norm,,1.00904427965104,0.0278489298992831
Norm,Experiment1 FmTHF #5 norm,,0.945849836485843,0.0636132892797409
Norm,Experiment1 FmTHF #6 norm,,1.00915200934107,0.0569710247301054
Norm,Experiment1 FmTHF #7 norm,,1.00196710833427,0.0537851799226853
Norm,Experiment1 FmTHF #8 norm,,1.05185658736061,0.0976908094801408
Norm,Experiment1 Met176 #1 norm,,1.00340311950635,0.0251225228315809
Norm,Experiment1 Met176 #2 norm,,0.871135940206845,0.0316246325766114
Norm,Experiment1 Met176 #3 norm,,0.894960635200512,0.0502554947336658
Norm,Experiment1 Met176 #4 norm,,0.997474451036486,0.0383177789564196
Norm,Experiment1 Met176 #5 norm,,0.993680091108239,0.0842210108834642
Norm,Experiment1 Met176 #6 norm,,0.971959226629459,0.10827457162656
Norm,Experiment1 Met176 #7 norm,,1.00590150344636,0.124333028078522
Norm,Experiment1 Met176 #8 norm,,1.00265514234313,0.0902911733274404
Norm,Experiment1 SAM #1 norm,,1.01694126718359,0.0120453398887012
Norm,Experiment1 SAM #2 norm,,1.00391116095867,0.0121495678903141
Norm,Experiment1 SAM #3 norm,,1.00287238904118,0.0145176339778101
Norm,Experiment1 SAM #4 norm,,1.01593229872183,0.0226721476413789
Norm,Experiment1 SAM #5 norm,,0.993720743266085,0.0413079316066684
Norm,Experiment1 SAM #6 norm,,0.988363144628479,0.0580812350645015
Norm,Experiment1 SAM #7 norm,,1.00014943954421,0.0820617085014492
Norm,Experiment1 SAM #8 norm,,0.997194789635583,0.0939333228538857
Norm,Experiment1 CIT465 #1 norm,,0.989748471828401,0.0116224970634079
Norm,Experiment1 CIT465 #2 norm,,1.01283170678605,0.0135415384622216
Norm,Experiment1 CIT465 #3 norm,,1.02461416653739,0.0121114614688978
Norm,Experiment1 CIT465 #4 norm,,0.963688160455195,0.0158732970802436
Norm,Experiment1 CIT465 #5 norm,,0.983899205097521,0.0133805722152367
Norm,Experiment1 CIT465 #6 norm,,0.980146499515794,0.0123632425134071
Norm,Experiment1 CIT465 #7 norm,,0.986627752691888,0.0133787128499696
Norm,Experiment1 CIT465 #8 norm,,1.01286254063426,0.0193705940329064
Norm,Experiment1 MAL335 #1 norm,,0.9760847252426,0.0121536654301977
Norm,Experiment1 MAL335 #2 norm,,0.977759538727322,0.0108940840689641
Norm,Experiment1 MAL335 #3 norm,,0.947682700651905,0.00986362516429652
Norm,Experiment1 MAL335 #4 norm,,0.984210573184254,0.0144317360804645
Norm,Experiment1 MAL335 #5 norm,,0.9358578007143,0.013477270720178
Norm,Experiment1 MAL335 #6 norm,,0.969258796072597,0.0136276640363804
Norm,Experiment1 MAL335 #7 norm,,1.00553571897375,0.0222702141589636
Norm,Experiment1 MAL335 #8 norm,,0.995828784304809,0.0348364095210558
Norm,Experiment1 ASP334 #1 norm,,0.968229382773662,0.021993103140575
Norm,Experiment1 ASP334 #2 norm,,0.986187390799976,0.0307330859328265
Norm,Experiment1 ASP334 #3 norm,,1.00669539750351,0.0203572013826072
Norm,Experiment1 ASP334 #4 norm,,0.968230432168571,0.0182373906353727
Norm,Experiment1 ASP334 #5 norm,,0.98504822872027,0.0287242829657844
Norm,Experiment1 ASP334 #6 norm,,0.954343491953129,0.0308465631335295
Norm,Experiment1 ASP334 #7 norm,,0.965721203559713,0.0312257490816903
Norm,Experiment1 ASP334 #8 norm,,0.968305305009646,0.0842827238589709
Norm,Experiment1 GLU348 #1 norm,,0.969086788406795,0.0208560053256331
Norm,Experiment1 GLU348 #2 norm,,0.967017757882749,0.0192961943644314
Norm,Experiment1 GLU348 #3 norm,,0.970114368979242,0.0111425573407358
Norm,Experiment1 GLU348 #4 norm,,0.931564409796506,0.0341525975798022
Norm,Experiment1 GLU348 #5 norm,,0.963163953963105,0.0222737043135625
Norm,Experiment1 GLU348 #6 norm,,0.938760610479389,0.0120676975283937
Norm,Experiment1 GLU348 #7 norm,,0.961139324138728,0.015066567028701
Norm,Experiment1 GLU348 #8 norm,,0.994892112749028,0.0220609272920731
Norm,Experiment1 THR320 #1 norm,,0.985793185707409,0.0103821626717335
Norm,Experiment1 THR320 #2 norm,,0.981397848197651,0.0140039737460759
Norm,Experiment1 THR320 #3 norm,,0.962970265085778,0.0100531645215323
Norm,Experiment1 THR320 #4 norm,,0.959281956348583,0.028457111666571
Norm,Experiment1 THR320 #5 norm,,0.975405375746254,0.0206491333252969
Norm,Experiment1 THR320 #6 norm,,0.986462867532114,0.0114787183976695
Norm,Experiment1 THR320 #7 norm,,0.945918530360573,0.0134825116098424
Norm,Experiment1 THR320 #8 norm,,0.868247339489833,0.024641396774482
Norm,Experiment1 ALA116 #1 norm,,1.0140093507522,0.0100392067850094
Norm,Experiment1 ALA116 #2 norm,,1.01288505160923,0.0100843825575239
Norm,Experiment1 ALA116 #3 norm,,0.996790892960138,0.0182437645341557
Norm,Experiment1 ALA116 #4 norm,,1.06857889198586,0.024546134716997
Norm,Experiment1 ALA116 #5 norm,,1.1059624514056,0.104726704476509
Norm,Experiment1 ALA116 #6 norm,,0.984247594821088,0.0814764813941226
Norm,Experiment1 ALA116 #7 norm,,1.0273426611116,0.0595346877662349
Norm,Experiment1 ALA116 #8 norm,,0.911410024815401,0.112109689002141
Norm,Experiment1 PYR #1 norm,,0.977824467586102,0.0173089156446664
Norm,Experiment1 PYR #2 norm,,0.916402328552374,0.04434806377329
Norm,Experiment1 PYR #3 norm,,0.930845524667733,0.116114596641737
Norm,Experiment1 PYR #4 norm,,1.06976041265393,0.0412853497115023
Norm,Experiment1 PYR #5 norm,,1.00264980085137,0.0532092023573684
Norm,Experiment1 PYR #6 norm,,1.01375405240421,0.0505948012994144
Norm,Experiment1 PYR #7 norm,,0.97072638474895,0.112259281833637
Norm,Experiment1 PYR #8 norm,,0.995356237406621,0.0582905962217922
