type,id,eqn,val,std
Net flux,CO2.t,CO2.t -> CO2,47.7030864064858,1.12392383324188
Net flux,CO2_sink,dummy -> Sink,47.7030864064858,1.12392383324188
Net flux,RUBICSO_CO2,RUBP.p + CO2 -> 3PGA.p + 3PGA.p + dummy,54.7886694510937,1.21536445294117
Net flux,GAPDH.p net,3PGA.p <-> TP.p,133.861140532177,2.70445837385499
Exch flux,GAPDH.p exch,3PGA.p <-> TP.p,1.40751157965132,0.478995572631876
Net flux,ALD,TP.p + E4P.p -> SBP,24.6660237403172,0.47883528709644
Net flux,SBP,SBP -> S7P.p,24.6660237403172,0.47883528709644
Net flux,FBA.p net,TP.p + TP.p <-> FBP.p,28.7756740258519,0.667027203192646
Exch flux,FBA.p exch,TP.p + TP.p <-> FBP.p,23545.5002607082,2050.54445313749
Net flux,PFK.p net,FBP.p <-> F6P.p,28.7756740258551,0.667027203192646
Exch flux,PFK.p exch,FBP.p <-> F6P.p,9.99947502577925e-08,6.07454106718897e-16
Net flux,TK1 net,TP.p + EC2 <-> X5P.p,49.3320474806343,0.957670574192881
Exch flux,TK1 exch,TP.p + EC2 <-> X5P.p,9.99999976158961e-08,7.37012424292793e-13
Net flux,TK2 net,S7P.p <-> R5P.p + EC2,24.6660237403171,0.47883528709644
Exch flux,TK2 exch,S7P.p <-> R5P.p + EC2,37.972078120793,4053.43113939915
Net flux,TK3 net,F6P.p <-> E4P.p + EC2,24.6660237403175,0.47883528709644
Exch flux,TK3 exch,F6P.p <-> E4P.p + EC2,11812.3043391748,3504.62257249846
Net flux,PPE net,X5P.p <-> RU5P.p,49.3320474806343,0.957670574192881
Exch flux,PPE exch,X5P.p <-> RU5P.p,83.3412412593349,3440.61424323772
Net flux,PPI net,R5P.p <-> RU5P.p,24.6660237403173,0.47883528709644
Exch flux,PPI exch,R5P.p <-> RU5P.p,239.243659513356,2276.45866545769
Net flux,PRK,RU5P.p -> RUBP.p,73.9980712209516,1.43650586128932
Net flux,RUBISCO_O2,RUBP.p -> 3PGA.p + 2PG.p,19.2094017698579,0.592960335748826
Net flux,GLYdil net,GLY.p <-> GLY.x + dummyGLY,0.00588910990862956,0.000953376419032925
Exch flux,GLYdil exch,GLY.p <-> GLY.x + dummyGLY,0.515098582921539,0.168275445057345
Net flux,SERdil net,SER.p <-> SER.x + dummySER,1.63285414601491,0.974006609106621
Exch flux,SERdil exch,SER.p <-> SER.x + dummySER,0.686432051412289,0.44027262487017
Net flux,GK,GA.p -> 3PGA.p,5.320852463608,0.43916084256115
Net flux,PGI.p net,F6P.p <-> G6P.p,4.10965028553868,0.34253868552112
Exch flux,PGI.p exch,F6P.p <-> G6P.p,4.0209701455742,3904.53471570585
Net flux,PGM.p,G6P.p -> ADPG.p,4.10965028553869,0.34253868552112
Net flux,Starch,ADPG.p -> Starch,4.10965028553867,0.34253868552112
Net flux,FBA.c net,TP.c + TP.c <-> FBP.c,1.15586062975855,0.187120003574943
Exch flux,FBA.c exch,TP.c + TP.c <-> FBP.c,21.1283325792036,2936.73838744602
Net flux,PFK.c net,FBP.c <-> F6P.c,1.15586062975855,0.187120003574943
Exch flux,PFK.c exch,FBP.c <-> F6P.c,5.78255489991006,2936.73838744602
Net flux,PGI.c net,F6P.c <-> G6P.c,0.577930314879296,0.0935600017874713
Exch flux,PGI.c exch,F6P.c <-> G6P.c,227.576360145718,2936.738382975
Net flux,PGM.c net,G6P.c <-> UDPG.c,0.577930314873811,0.0935600017874713
Exch flux,PGM.c exch,G6P.c <-> UDPG.c,48481.4228854801,2936.73838148466
Net flux,SPS,F6P.c + UDPG.c -> S6P,0.577930314879243,0.0935600017874713
Net flux,PGAM.c net,3PGA.c <-> PEP.c,0.246452603477604,0.039897727166046
Exch flux,PGAM.c exch,3PGA.c <-> PEP.c,9.99988476468872e-08,2.49650952833408
Net flux,PK.c,PEP.c -> PYR.c,0.111869971050886,0.0181104095468301
Net flux,PDH,PYR.c + dummy -> ACA + CO2,0.093104573726992,0.0150725163047194
Net flux,CS,OAA + ACA -> CIT,0.093104573726988,0.0150725163047194
Net flux,ACO net,CIT <-> ICI,0.0931045737270324,0.0150725163047194
Exch flux,ACO exch,CIT <-> ICI,1161.28848623656,4148.70184406808
Net flux,IDH,ICI + dummy -> AKG + CO2,0.0931045737270044,0.0150725163047194
Net flux,MDH net,MAL <-> OAA,2.1316282072803e-14,0
Exch flux,MDH exch,MAL <-> OAA,0.295337855981323,0.0695882411375301
Net flux,PPC,PEP.c + CO2 -> OAA + dummy,0.134582632425782,0.0217873176451326
Net flux,T_3PGA net,3PGA.p <-> 3PGA.c,0.246452603477586,0.039897727166046
Exch flux,T_3PGA exch,3PGA.p <-> 3PGA.c,1.0000000116861e-07,0
Net flux,T_DHAP net,TP.p <-> TP.c,2.31172125951714,0.374240007149885
Exch flux,T_DHAP exch,TP.p <-> TP.c,9.99999998363421e-08,0
Net flux,ALT,PYR.c -> ALA.c,0.0187653973240895,0.00303789326154586
Net flux,ASPT,OAA -> ASP,0.0414780586988879,0.00671480133395013
Net flux,GLUDH,AKG -> GLU,0.0931045737269813,0.0150725163047194
Net flux,PCR net,GLU <-> PRO,-2.48689957516035e-14,0
Exch flux,PCR exch,GLU <-> PRO,0.0111598035812932,3551.56775335264
Net flux,GS net,GLU <-> GLN,0,0
Exch flux,GS exch,GLU <-> GLN,0.0030461881454471,3884.86521002553
Net flux,TS net,ASP <-> THR,0,0
Exch flux,TS exch,ASP <-> THR,1.0000000116861e-07,0
Net flux,AS net,ASP <-> ASN,1.06581410364015e-14,0
Exch flux,AS exch,ASP <-> ASN,1.0000000116861e-07,0
Net flux,G_3PGA.p,0*3PGA.p -> 3PGA,2.46866294162373e-06,5459.42038273701
Net flux,G_3PGA.c,0*3PGA.c -> 3PGA,92.9119081399697,3881.86633117003
Net flux,G_DHAP.p,0*TP.p -> TP,40.685379842242,5360.40535708454
Net flux,G_DHAP.c,0*TP.c -> TP,51.8471856996947,4078.85384611129
Net flux,G_F6P.p,0*F6P.p -> F6P,48.6686345030749,5268.65726151847
Net flux,G_F6P.c,0*F6P.c -> F6P,36.546576817712,3936.274495382
Net flux,G_FBP.p,0*FBP.p -> FBP,2.46866126474288e-06,4966.37485649236
Net flux,G_FBP.c,0*FBP.c -> FBP,83.4512310495823,3788.99916435791
Net flux,G_G6P.p,0*G6P.p -> G6P,19.0549768397257,5155.1582816364
Net flux,G_G6P.c,0*G6P.c -> G6P,58.8549499993083,3873.68164815061
Net flux,G_RU5P.p,0*RU5P.p -> P5P,2.46865369035731e-06,4626.89249549135
Net flux,G_X5P.p,0*X5P.p -> P5P,92.8477691497625,3313.02467017628
Net flux,G_R5P.p,0*R5P.p -> R5P,82.2810779884949,3517.765404366
Net flux,G_GA.p,0*GA.p -> GA,39.735610834694,1.64658519599993
Net flux,G_SER.p,0*SER.p -> SER,99.9819645261636,5340.155643353
Net flux,G_GLY.p,0*GLY.p -> GLY,58.1811868026606,5112.62894420976
Net flux,G_RUBP.p,0*RUBP.p -> RUBP,92.5302752673063,3623.73581755973
Net flux,G_S7P.p,0*S7P.p -> S7P,98.4567310636212,3370.0076792432
Net flux,G_2PG.p,0*2PG.p -> 2PG,87.0427532706349,3430.43664931965
Net flux,G_ADPG.p,0*ADPG.p -> ADPG,95.0805622183377,3614.27380738753
Net flux,G_PEP.c,0*PEP.c -> PEP,89.2305410445615,3663.32725508676
Net flux,G_UDPG.c,0*UDPG.c -> UDPG,72.4268033045549,3690.13438406936
Net flux,G_ALA.c,0*ALA.c -> ALA,99.2935065979236,3606.75953421885
Net flux,(1-G)_GA,0*GA.x -> GA,60.2643891653081,1.64658519599993
Net flux,(1-G)_SER,0*SER.x -> SER,0.00758566888315215,3560.67599775354
Net flux,(1-G)_GLY,0*GLY.x -> GLY,41.81465803916,2.09151274446234
Net flux,(1-G)_R5P,0*R5P.x -> R5P,17.718922011502,3517.765404366
Net flux,(1-G)_RUBP,0*RUBP.x -> RUBP,7.46972473269241,3623.73581755973
Net flux,(1-G)_3PGA,0*3PGA.x -> 3PGA,7.08808939136765,3794.32096461283
Net flux,(1-G)_TP,0*TP.x -> TP,7.46743445806383,3494.01358708658
Net flux,(1-G)_F6P,0*F6P.x -> F6P,14.7847886792169,3604.9677394295
Net flux,(1-G)_FBP,0*FBP.x -> FBP,16.5487664817511,3435.2165564361
Net flux,(1-G)_G6P,0*G6P.x -> G6P,22.0900731609643,3531.65965018391
Net flux,(1-G)_RU5P,0*RU5P.x -> P5P,7.15222838158521,3315.03064788938
Net flux,(1-G)_S7P,0*S7P.x -> S7P,1.54326893637677,3370.0076792432
Net flux,(1-G)_2PG,0*2PG.x -> 2PG,12.9572467293675,3430.43664931965
Net flux,(1-G)_ADPG,0*ADPG.x -> ADPG,4.91943778166132,3614.27380738753
Net flux,(1-G)_PEP,0*PEP.x -> PEP,10.7694589554367,3663.32725508676
Net flux,(1-G)_UDPG,0*UDPG.x -> UDPG,27.5731966954463,3690.13438406936
Net flux,(1-G)_ALA,0*ALA.x -> ALA,0.70649340207617,3606.75953421885
Net flux,PGASink,3PGA -> Sink,100,0
Net flux,DHAPSink,TP -> Sink,100.000000000001,0
Net flux,F6PSink,F6P -> Sink,100.000000000004,0
Net flux,FBPSink,FBP -> Sink,99.9999999999947,0
Net flux,G6PSink,G6P -> Sink,99.9999999999983,0
Net flux,P5PSink,P5P -> Sink,100.000000000001,0
Net flux,R5PSink,R5P -> Sink,99.9999999999968,0
Net flux,GASink,GA -> Sink,100.000000000002,0
Net flux,SERSink,SER -> Sink,99.9999999999996,0
Net flux,GLYSink,GLY -> Sink,100.000000000001,0
Net flux,RUBPSink,RUBP -> Sink,99.9999999999987,0
Net flux,S7PSink,S7P -> Sink,99.9999999999979,0
Net flux,2PGSink,2PG -> Sink,100.000000000002,0
Net flux,ADPGSink,ADPG -> Sink,99.999999999999,0
Net flux,PEPSink,PEP -> Sink,99.9999999999983,0
Net flux,UDPGSink,UDPG -> Sink,100.000000000001,0
Net flux,ALASink,ALA -> Sink,99.9999999999998,0
Net flux,S6Pout-LL,S6P + 0.1611*GLU + 0.07177*ASP + 0.03247*ALA.c + 0.01019*dummyGLY + 0.03484*dummySER -> Sink,0.577930314879278,0.0935600017874713
Net flux,PGP.p,2PG.p -> Glyc.p,19.209401769858,0.592960335748826
Net flux,GOX,Glyc.p -> Glyx.p,19.209401769858,0.592960335748826
Net flux,GGT,Glyx.p -> GLY.p,19.209401769858,0.592960335748826
Net flux,SGAT,SER.p -> HPA.p,5.32085246360799,0.43916084256115
Net flux,HPR.p,HPA.p -> GA.p,5.32085246360799,0.43916084256115
Net flux,T_GLY-m net,GLY.p <-> GLY.m,14.0679129591736,1.45692789656813
Exch flux,T_GLY-m exch,GLY.p <-> GLY.m,132030.574732746,3516.97380902649
Net flux,GDC.m,GLY.m + dummy -> myTHF.m + CO2,7.03395652958,0.728463948319532
Net flux,T_SER-m net,SER.p <-> SER.m,-7.03395652958,0.728463948319532
Exch flux,T_SER-m exch,SER.p <-> SER.m,4.12579258637619,23.2909480952567
Net flux,mSHMT,GLY.m + myTHF.m -> SER.m,7.03395652958,0.728463948319532
Net flux,T_SER-c net,SER.p <-> SER.c,0.0802499199570885,0.462098301077559
Exch flux,T_SER-c exch,SER.p <-> SER.c,1.00000000280431e-07,2.96044968025326e-13
Net flux,T_Gly-c net,GLY.p <-> GLY.c,5.13559970078928,1.49854164251322
Exch flux,T_Gly-c exch,GLY.p <-> GLY.c,9.99999989481637e-08,2.93389469691769e-14
Net flux,cSHMT,SER.c -> GLY.c + meTHF.c,0.0802498199570892,0.462098301077559
Net flux,FmTHF-reductase net,meTHF.c <-> FmTHF.c,0.0802498199570891,0.462098301077559
Exch flux,FmTHF-reductase exch,meTHF.c <-> FmTHF.c,8.64786751972048,3256.86802036936
Net flux,Met-synthase,FmTHF.c + Hcy.c -> Met.c,0.0802498199570691,0.462098301077559
Net flux,SAM-synthase,Met.c -> SAM.c,0.0802498199570788,0.462098301077559
Net flux,Methylation,SAM.c -> SAH.c + Acceptor.c,0.0802498199570735,0.462098301077559
Net flux,hydrolysis,SAH.c -> Hcy.c,0.0802498199570656,0.462098301077559
Net flux,G_SER.m,0*SER.m -> SER,0.0104497049528263,3675.0222211216
Net flux,G_SER.c,0*SER.c -> SER,1.0000000116861e-07,0
Net flux,G_Gly.m,0*GLY.m -> GLY,0.000226405648021455,3737.31241978816
Net flux,G_Gly.c,0*GLY.c -> GLY,0.00392875253263014,3644.44010664608
Net flux,T_GLY-c-m,GLY.c -> GLY.m,9.99999838491306e-08,3.17319690999153e-13
Net flux,G_Glyc,0*Glyc.p -> Glyc,20.9380965283026,1.12117955714599
Net flux,G_Glyx,0*Glyx.p -> Glyx,18.1721536889512,2.91650427221167
Net flux,G_HPA,0*HPA.p -> HPA,8.08251433003718,1.2750456680064
Net flux,(1-G)_Glyc,0*Glyc.x -> Glyc,79.061903471698,1.12117955714599
Net flux,(1-G)_Glyx,0*Glyx.x -> Glyx,81.8278463110496,2.91650427221167
Net flux,(1-G)_HPA,0*HPA.x -> HPA,91.9174856699627,1.2750456680064
Net flux,GlycSink,Glyc -> Sink,100.000000000001,0
Net flux,GlyxSink,Glyx -> Sink,100.000000000001,0
Net flux,HPASink,HPA -> Sink,99.9999999999998,0
Net flux,SERex,dummySER -> outSER,1.61271720099965,0.974141821655114
Net flux,G_PYR,0*PYR.c -> PYR,28.7504685029895,1.95881030273345
Net flux,(1-G)_PYR,0*PYR.x -> PYR,71.2495314970107,1.95881030273345
Net flux,PYRSink,PYR -> Sink,100,0
Net flux,G_meTHF,0*meTHF.c -> meTHF,93.7307380981995,3.88116182063559
Net flux,G_FmTHF,0*FmTHF.c -> FmTHF,76.5182128892973,2.94410619591714
Net flux,G_Met,0*Met.c -> Met,59.330135040773,4.30766967644689
Net flux,G_SAM,0*SAM.c -> SAM,62.3941528259245,3.85747233707578
Net flux,(1-G)_meTHF,0*meTHF.x -> meTHF,6.26926190180053,3.88116182063559
Net flux,(1-G)_FmTHF,0*FmTHF.x -> FmTHF,23.4817871107028,2.94410619591714
Net flux,(1-G)_Met,0*Met.x -> Met,40.6698649592271,4.30766967644689
Net flux,(1-G)_SAM,0*SAM.x -> SAM,37.6058471740755,3.85747233707578
Net flux,meTHFSink,meTHF -> Sink,99.9999999999999,0
Net flux,FmTHFSink,FmTHF -> Sink,100,0
Net flux,MetSink,Met -> Sink,100,0
Net flux,SAMsink,SAM -> Sink,100,0
Net flux,Met-protein,Met.c -> Protein,6.51983996113883e-15,0
Net flux,GLY-protein,GLY.c -> Protein,5.21584942074642,1.56527720526563
Net flux,SER-protein,SER.c -> Protein,1.00000002056788e-07,5.31371183555148e-13
Pool,2PG pool,,0,0
Pool,2PG.p pool,,3.45577403925331e-06,3505.89465513267
Pool,2PG.x pool,,1,Inf
Pool,3PGA pool,,0,0
Pool,3PGA.c pool,,0.00358899523900297,0.0026879634692375
Pool,3PGA.p pool,,3.90690777652076e-06,3694.04904511779
Pool,3PGA.x pool,,1,Inf
Pool,ACA pool,,1.96638846529087e-06,3520.30891310795
Pool,ADPG pool,,0,0
Pool,ADPG.p pool,,9.9999999999999e-08,Inf
Pool,ADPG.x pool,,1,Inf
Pool,AKG pool,,2.52432795638643e-06,3723.36068921424
Pool,ALA pool,,0,0
Pool,ALA.c pool,,0.00900276438785371,0.00165323818170932
Pool,ALA.x pool,,1,Inf
Pool,ASN pool,,7566.06758319476,3570.23337179562
Pool,ASP pool,,5.19746788645071e-07,3566.05176384742
Pool,Acceptor.c pool,,1,Inf
Pool,CIT pool,,5.31735175724292,291.755451936648
Pool,CO2 pool,,0.286721660513403,0.0895524622819768
Pool,CO2.t pool,,1,Inf
Pool,E4P.p pool,,0,0
Pool,EC2 pool,,0,0
Pool,F6P pool,,0,0
Pool,F6P.c pool,,3.82971947400199e-06,3481.99859310572
Pool,F6P.p pool,,3.75185364299122e-06,3782.24690396627
Pool,F6P.x pool,,1,Inf
Pool,FBP pool,,0,0
Pool,FBP.c pool,,3.82967538715036e-06,3517.06219269687
Pool,FBP.p pool,,3.53994235812611e-06,3436.52677219735
Pool,FBP.x pool,,1,Inf
Pool,FmTHF pool,,0.0432981666365801,3792.71531557841
Pool,FmTHF.c pool,,2.73498682477665e-07,3659.37737380219
Pool,FmTHF.x pool,,1,Inf
Pool,G6P pool,,0,0
Pool,G6P.c pool,,9.87494396978122e-06,3439.69546863472
Pool,G6P.p pool,,3.76211704961854e-06,3457.52074192791
Pool,G6P.x pool,,1,Inf
Pool,GA pool,,0,0
Pool,GA.p pool,,2.87726025735387e-06,3401.31972952965
Pool,GA.x pool,,1,Inf
Pool,GLN pool,,8.82423709906606,3799.49092753908
Pool,GLU pool,,2.54335189514712e-06,3408.98284559023
Pool,GLY pool,,0,0
Pool,GLY.c pool,,235.006150169309,3491.2609521164
Pool,GLY.m pool,,0.776285796171097,0.0952385592608715
Pool,GLY.p pool,,0.000427397669446627,3545.34892231903
Pool,GLY.x pool,,1,Inf
Pool,Glyc pool,,3.41786381757315,0.898934694724547
Pool,Glyc.p pool,,1.3252588906357e-05,3528.15620128865
Pool,Glyc.x pool,,1,Inf
Pool,Glyx pool,,28.9849524276161,10.2822334420215
Pool,Glyx.p pool,,1.68973858846132e-05,3637.68171032297
Pool,Glyx.x pool,,1,Inf
Pool,HPA pool,,0.000147775531637677,3342.99372381157
Pool,HPA.p pool,,2.20496768153513e-06,3674.7720980591
Pool,HPA.x pool,,1,Inf
Pool,Hcy.c pool,,1,Inf
Pool,ICI pool,,0.00375519831610763,3644.21077860326
Pool,MAL pool,,0.452121689417028,0.11319595250627
Pool,Met pool,,0.000224769297495488,3432.28876944985
Pool,Met.c pool,,1e-07,0
Pool,Met.x pool,,1,Inf
Pool,OAA pool,,0.0836222312106446,0.0219021732030314
Pool,P5P pool,,0,0
Pool,PEP pool,,0,0
Pool,PEP.c pool,,0.00226785145002711,0.00269932810341402
Pool,PEP.x pool,,1,Inf
Pool,PRO pool,,5.30992780149605,3523.71799488049
Pool,PYR pool,,0.00053341941954346,3597.73917583982
Pool,PYR.c pool,,0.000495698117215088,0.00476908772627524
Pool,PYR.x pool,,1,Inf
Pool,Protein pool,,1,Inf
Pool,R5P pool,,0,0
Pool,R5P.p pool,,3.10152260309277e-06,3525.92210254627
Pool,R5P.x pool,,1,Inf
Pool,RU5P.p pool,,3.58136275210802e-06,3558.06749767816
Pool,RU5P.x pool,,1,Inf
Pool,RUBP pool,,0,0
Pool,RUBP.p pool,,3.59117837668667e-06,3492.63310516628
Pool,RUBP.x pool,,1,Inf
Pool,S6P pool,,1,Inf
Pool,S7P pool,,0,0
Pool,S7P.p pool,,3.61978245145791e-06,3518.64451580852
Pool,S7P.x pool,,1,Inf
Pool,SAH.c pool,,1,Inf
Pool,SAM pool,,2.63501482033722,1.14612152315644
Pool,SAM.c pool,,5.33408753247632e-06,3550.26016838245
Pool,SAM.x pool,,1,Inf
Pool,SBP pool,,0,0
Pool,SER pool,,0,0
Pool,SER.c pool,,1.00000000002876e-07,0
Pool,SER.m pool,,0.694994538895021,0.097807835295507
Pool,SER.p pool,,1.00000000002876e-07,0
Pool,SER.x pool,,1,Inf
Pool,Sink pool,,1,Inf
Pool,Starch pool,,1,Inf
Pool,THR pool,,3889.76087401412,3577.81296642596
Pool,TP pool,,0,0
Pool,TP.c pool,,4.18762984022611e-06,3456.61914896386
Pool,TP.p pool,,4.02486557485136e-06,3613.69649418538
Pool,TP.x pool,,1,Inf
Pool,UDPG pool,,0,0
Pool,UDPG.c pool,,0.194035640338103,3582.34522877165
Pool,UDPG.x pool,,1,Inf
Pool,X5P.p pool,,3.68162879735188e-06,3592.18747188955
Pool,dummy pool,,1,Inf
Pool,dummyGLY pool,,1,Inf
Pool,dummySER pool,,1,Inf
Pool,meTHF pool,,1.00000000002876e-07,0
Pool,meTHF.c pool,,2.73204762435088e-07,3491.55214916071
Pool,meTHF.x pool,,1,Inf
Pool,myTHF.m pool,,8.50145555816731e-06,3577.27223825651
Pool,outSER pool,,1,Inf
Norm,Experiment1 Glyc205 #1 norm,,1.00236112442725,0.013100997982289
Norm,Experiment1 Glyc205 #2 norm,,0.964664621136866,0.0236847958257446
Norm,Experiment1 Glyc205 #3 norm,,1.01070491534899,0.0226174585506398
Norm,Experiment1 Glyc205 #4 norm,,0.998691011988285,0.0303717346073768
Norm,Experiment1 Glyc205 #5 norm,,1.00023570238155,0.0328363942788355
Norm,Experiment1 Glyc205 #6 norm,,1.02067137606457,0.0289438310939721
Norm,Experiment1 Glyc205 #7 norm,,0.993851500368831,0.0353220152661949
Norm,Experiment1 Glyc205 #8 norm,,0.972830302761381,0.0297678491343188
Norm,Experiment1 Glyx160 #1 norm,,0.999944256218696,0.0111290408865448
Norm,Experiment1 Glyx160 #2 norm,,0.984555135613293,0.0128542807384029
Norm,Experiment1 Glyx160 #3 norm,,0.967415798488266,0.0166424130768306
Norm,Experiment1 Glyx160 #4 norm,,1.02951437908884,0.0143114213912368
Norm,Experiment1 Glyx160 #5 norm,,0.979412190075609,0.0351199851761358
Norm,Experiment1 Glyx160 #6 norm,,1.01818050831178,0.0208073544773789
Norm,Experiment1 Glyx160 #7 norm,,0.995478619728248,0.0375961339523811
Norm,Experiment1 Glyx160 #8 norm,,0.988563155029216,0.0390503165053643
Norm,Experiment1 GLY276 #1 norm,,0.996204595524719,0.0101124607638547
Norm,Experiment1 GLY276 #2 norm,,1.0058145016258,0.0208384272818753
Norm,Experiment1 GLY276 #3 norm,,0.978905571109141,0.0411040242277217
Norm,Experiment1 GLY276 #4 norm,,1.02171167879698,0.0640411187723188
Norm,Experiment1 GLY276 #5 norm,,0.949528302248806,0.1090882307558
Norm,Experiment1 GLY276 #6 norm,,0.969062434022106,0.0907858367621456
Norm,Experiment1 GLY276 #7 norm,,1.03929481616401,0.0648522114580329
Norm,Experiment1 GLY276 #8 norm,,1.00072059668757,0.0712891865333535
Norm,Experiment1 HPA262 #1 norm,,0.990058919293629,0.0108066466150019
Norm,Experiment1 HPA262 #2 norm,,0.990224898510701,0.0280490064976674
Norm,Experiment1 HPA262 #3 norm,,0.939190484521945,0.012440323065107
Norm,Experiment1 HPA262 #4 norm,,0.942661458620443,0.0352306873894232
Norm,Experiment1 HPA262 #5 norm,,0.906857698076736,0.0231581919306736
Norm,Experiment1 HPA262 #6 norm,,0.971926609161151,0.035124576618319
Norm,Experiment1 HPA262 #7 norm,,0.956793834438673,0.0234857446733252
Norm,Experiment1 HPA262 #8 norm,,1.02907094100816,0.0236070992635214
Norm,Experiment1 GA307 #1 norm,,0.974345887062097,0.0118147166302217
Norm,Experiment1 GA307 #2 norm,,0.865874330047304,0.0281276219962309
Norm,Experiment1 GA307 #3 norm,,0.957460909548107,0.0290816426899807
Norm,Experiment1 GA307 #4 norm,,0.977426606480637,0.0201163065099324
Norm,Experiment1 GA307 #5 norm,,0.958267043275147,0.0556304640398095
Norm,Experiment1 GA307 #6 norm,,1.05476758433783,0.0414634888517423
Norm,Experiment1 GA307 #7 norm,,0.962362872869607,0.0481069674237026
Norm,Experiment1 GA307 #8 norm,,0.984699920391197,0.0369113405700088
Norm,Experiment1 SER306 #1 norm,,0.960073198587306,0.0136167732240609
Norm,Experiment1 SER306 #2 norm,,0.979389940613893,0.0148038332190822
Norm,Experiment1 SER306 #3 norm,,0.904379436329009,0.0364727534457414
Norm,Experiment1 SER306 #4 norm,,0.960320425643997,0.0474250843128918
Norm,Experiment1 SER306 #5 norm,,1.03022931815852,0.113540420416141
Norm,Experiment1 SER306 #6 norm,,0.931498094771787,0.0622021572972966
Norm,Experiment1 SER306 #7 norm,,1.0044641092721,0.0776933265477155
Norm,Experiment1 SER306 #8 norm,,0.988014020476163,0.0931061024600109
Norm,Experiment1 meTHF #1 norm,,1.01261263491787,0.0102338102686841
Norm,Experiment1 meTHF #2 norm,,0.997397156177725,0.009889516268237
Norm,Experiment1 meTHF #3 norm,,0.960856631655838,0.0633101471976623
Norm,Experiment1 meTHF #4 norm,,0.987415539143273,0.0437846740004625
Norm,Experiment1 meTHF #5 norm,,1.02145568675374,0.0907123980311142
Norm,Experiment1 meTHF #6 norm,,1.00056371690285,0.118494544130992
Norm,Experiment1 meTHF #7 norm,,1.00058568797402,0.0645854279913536
Norm,Experiment1 meTHF #8 norm,,1.01664350608284,0.108144336519049
Norm,Experiment1 FmTHF #1 norm,,0.978763763768054,0.00983426596932781
Norm,Experiment1 FmTHF #2 norm,,1.01243581536324,0.0244549188439175
Norm,Experiment1 FmTHF #3 norm,,1.00595131431357,0.0329667581799624
Norm,Experiment1 FmTHF #4 norm,,0.990208341633828,0.0235616839707486
Norm,Experiment1 FmTHF #5 norm,,0.994019259735696,0.0612883164973923
Norm,Experiment1 FmTHF #6 norm,,1.00235753756783,0.0680414332662026
Norm,Experiment1 FmTHF #7 norm,,1.00425029474156,0.0548160827964773
Norm,Experiment1 FmTHF #8 norm,,1.04107265865758,0.0931536347149771
Norm,Experiment1 Met176 #1 norm,,0.984112633955845,0.0258125699735892
Norm,Experiment1 Met176 #2 norm,,0.879740741093572,0.033968730388724
Norm,Experiment1 Met176 #3 norm,,0.918552158666823,0.050438605806929
Norm,Experiment1 Met176 #4 norm,,0.951002435424926,0.0376518693506252
Norm,Experiment1 Met176 #5 norm,,1.02801359487493,0.0681808237069151
Norm,Experiment1 Met176 #6 norm,,1.02492745795982,0.159653564525881
Norm,Experiment1 Met176 #7 norm,,0.995269424601804,0.113285542630462
Norm,Experiment1 Met176 #8 norm,,0.998933374063358,0.116345500119483
Norm,Experiment1 SAM #1 norm,,1.00374846320109,0.0117178840775585
Norm,Experiment1 SAM #2 norm,,1.00249666241492,0.0122087746744836
Norm,Experiment1 SAM #3 norm,,0.972644993181157,0.0135746996874323
Norm,Experiment1 SAM #4 norm,,1.0422418141971,0.0235760192708988
Norm,Experiment1 SAM #5 norm,,0.979426366944878,0.0360696109408513
Norm,Experiment1 SAM #6 norm,,0.994346300770095,0.0665789665282661
Norm,Experiment1 SAM #7 norm,,0.999951609997035,0.0953464083952345
Norm,Experiment1 SAM #8 norm,,0.997024204312772,0.0939212447162956
Norm,Experiment1 CIT465 #1 norm,,0.929591196142814,0.0111631589139714
Norm,Experiment1 CIT465 #2 norm,,1.01626058814877,0.0137862683680919
Norm,Experiment1 CIT465 #3 norm,,0.996765162077462,0.0115040939761649
Norm,Experiment1 CIT465 #4 norm,,0.979667581036711,0.0164037541202614
Norm,Experiment1 CIT465 #5 norm,,0.991904727078409,0.013540537125615
Norm,Experiment1 CIT465 #6 norm,,0.971734115056811,0.0125243035006044
Norm,Experiment1 CIT465 #7 norm,,1.04008809430327,0.0123421773477786
Norm,Experiment1 CIT465 #8 norm,,0.990810467607612,0.881712807067751
Norm,Experiment1 MAL335 #1 norm,,0.949421904506714,0.0121511165028564
Norm,Experiment1 MAL335 #2 norm,,1.03291252977431,0.0114898103646634
Norm,Experiment1 MAL335 #3 norm,,0.976638430999318,0.0101778533176979
Norm,Experiment1 MAL335 #4 norm,,1.0026012276194,0.0144907858189679
Norm,Experiment1 MAL335 #5 norm,,0.989584667985245,0.0139389205960562
Norm,Experiment1 MAL335 #6 norm,,0.985518059715979,0.013609919744119
Norm,Experiment1 MAL335 #7 norm,,0.937010154449309,0.0201162451523572
Norm,Experiment1 MAL335 #8 norm,,1.04828419012174,0.0348407208275753
Norm,Experiment1 ASP334 #1 norm,,1.00472969729781,0.0227549466521344
Norm,Experiment1 ASP334 #2 norm,,0.96778378213794,0.0296013694544234
Norm,Experiment1 ASP334 #3 norm,,0.973777876705345,0.0213100018391653
Norm,Experiment1 ASP334 #4 norm,,0.964084378128781,0.019844160093382
Norm,Experiment1 ASP334 #5 norm,,1.01147135641639,0.030182779796274
Norm,Experiment1 ASP334 #6 norm,,0.970870321106058,0.0324289572812927
Norm,Experiment1 ASP334 #7 norm,,0.982069140634421,0.0323395070019527
Norm,Experiment1 ASP334 #8 norm,,0.995676364323587,0.100136674880752
Norm,Experiment1 GLU348 #1 norm,,1.00145016717455,0.0210970229749304
Norm,Experiment1 GLU348 #2 norm,,0.979283163485744,0.0193941995155132
Norm,Experiment1 GLU348 #3 norm,,0.985058702516177,0.0112084879194331
Norm,Experiment1 GLU348 #4 norm,,0.960346662411361,0.0335710745867594
Norm,Experiment1 GLU348 #5 norm,,0.954524058207324,0.0231651753590169
Norm,Experiment1 GLU348 #6 norm,,1.02960098952132,0.0133062103980003
Norm,Experiment1 GLU348 #7 norm,,0.981420811786705,0.013841467821598
Norm,Experiment1 GLU348 #8 norm,,0.962866476135245,0.741862032758009
Norm,Experiment1 THR320 #1 norm,,1.01640504483659,0.0104645081386489
Norm,Experiment1 THR320 #2 norm,,1.01896785412855,0.0146319543310103
Norm,Experiment1 THR320 #3 norm,,0.9832267706351,0.0103638756402947
Norm,Experiment1 THR320 #4 norm,,0.981995349316687,0.027969314581837
Norm,Experiment1 THR320 #5 norm,,0.944961198189569,0.020307014972814
Norm,Experiment1 THR320 #6 norm,,1.01326377518349,0.0116559321257999
Norm,Experiment1 THR320 #7 norm,,0.953949046649002,0.0138154606616127
Norm,Experiment1 THR320 #8 norm,,0.887658112435004,0.0238437095717415
Norm,Experiment1 ALA116 #1 norm,,1.01424084368438,0.010189113047469
Norm,Experiment1 ALA116 #2 norm,,1.00881864080524,0.0101691759625949
Norm,Experiment1 ALA116 #3 norm,,1.00635159653381,0.0176734079185554
Norm,Experiment1 ALA116 #4 norm,,1.06891920737112,0.0240605795626997
Norm,Experiment1 ALA116 #5 norm,,0.975008869341245,0.100297098208707
Norm,Experiment1 ALA116 #6 norm,,0.991830746233166,0.0743283438847476
Norm,Experiment1 ALA116 #7 norm,,1.02309776268452,0.062944513412637
Norm,Experiment1 ALA116 #8 norm,,0.869280612870386,0.119360618961992
Norm,Experiment1 PYR #1 norm,,0.991370078406771,0.0173372569148176
Norm,Experiment1 PYR #2 norm,,0.949859087334057,0.0870827220623926
Norm,Experiment1 PYR #3 norm,,0.988556999228062,0.139049835060653
Norm,Experiment1 PYR #4 norm,,1.04507452607317,0.144414067713474
Norm,Experiment1 PYR #5 norm,,1.04384698237046,0.060892354370398
Norm,Experiment1 PYR #6 norm,,1.01860855000843,0.0586616808833386
Norm,Experiment1 PYR #7 norm,,0.972161806167414,0.103985422632718
Norm,Experiment1 PYR #8 norm,,0.97438640324209,0.073152632099345
