type,id,eqn,val,std
Net flux,CO2.t,CO2.t -> CO2,47.698131194725,1.09877380956789
Net flux,CO2_sink,dummy -> Sink,47.698131194725,1.09877380956789
Net flux,RUBICSO_CO2,RUBP.p + CO2 -> 3PGA.p + 3PGA.p + dummy,57.8862826298866,1.26023774734421
Net flux,GAPDH.p net,3PGA.p <-> TP.p,138.316214562751,2.69994732641722
Exch flux,GAPDH.p exch,3PGA.p <-> TP.p,703.656778939097,1842.26816103429
Net flux,ALD,TP.p + E4P.p -> SBP,25.3387336029566,0.493770575298773
Net flux,SBP,SBP -> S7P.p,25.3387336029566,0.493770575298773
Net flux,FBA.p net,TP.p + TP.p <-> FBP.p,29.6407497610562,0.653082508621472
Exch flux,FBA.p exch,TP.p + TP.p <-> FBP.p,21546.3535783921,1502.45215717898
Net flux,PFK.p net,FBP.p <-> F6P.p,29.6407497610594,0.653082508621472
Exch flux,PFK.p exch,FBP.p <-> F6P.p,1.00006118941565e-07,9.04220195179993e-13
Net flux,TK1 net,TP.p + EC2 <-> X5P.p,50.6774672059131,0.987541150597546
Exch flux,TK1 exch,TP.p + EC2 <-> X5P.p,1.00000026037605e-07,4.27396744681172e-14
Net flux,TK2 net,S7P.p <-> R5P.p + EC2,25.3387336029566,0.493770575298773
Exch flux,TK2 exch,S7P.p <-> R5P.p + EC2,37.9897557129072,482.054379728394
Net flux,TK3 net,F6P.p <-> E4P.p + EC2,25.3387336029573,0.493770575298773
Exch flux,TK3 exch,F6P.p <-> E4P.p + EC2,8356.76723818287,2049.74085766856
Net flux,PPE net,X5P.p <-> RU5P.p,50.6774672059131,0.987541150597546
Exch flux,PPE exch,X5P.p <-> RU5P.p,104.178931716871,3036.02083314538
Net flux,PPI net,R5P.p <-> RU5P.p,25.3387336029566,0.493770575298773
Exch flux,PPI exch,R5P.p <-> RU5P.p,237.35059300184,2009.86850380821
Net flux,PRK,RU5P.p -> RUBP.p,76.0162008088699,1.48131172590642
Net flux,RUBISCO_O2,RUBP.p -> 3PGA.p + 2PG.p,18.1299181789832,0.599387298220981
Net flux,GLYdil net,GLY.p <-> GLY.x + dummyGLY,0.00768966500543655,0.00101878903108664
Exch flux,GLYdil exch,GLY.p <-> GLY.x + dummyGLY,0.76910474894639,0.171719910058907
Net flux,SERdil net,SER.p <-> SER.x + dummySER,0.113464329890881,0.265665685632018
Exch flux,SERdil exch,SER.p <-> SER.x + dummySER,9.99999443251909e-08,1.42619950472328e-13
Net flux,GK,GA.p -> 3PGA.p,4.7355349262429,0.6269370696354
Net flux,PGI.p net,F6P.p <-> G6P.p,4.30201615810323,0.351257606355332
Exch flux,PGI.p exch,F6P.p <-> G6P.p,3.37295070918169,3360.26583453585
Net flux,PGM.p,G6P.p -> ADPG.p,4.30201615810324,0.351257606355332
Net flux,Starch,ADPG.p -> Starch,4.30201615810322,0.351257606355332
Net flux,FBA.c net,TP.c + TP.c <-> FBP.c,1.50925711588208,0.199958593239357
Exch flux,FBA.c exch,TP.c + TP.c <-> FBP.c,20.1256892958841,1719.26613748517
Net flux,PFK.c net,FBP.c <-> F6P.c,1.50925711588208,0.199958593239357
Exch flux,PFK.c exch,FBP.c <-> F6P.c,4.84961314635483,2942.65327520045
Net flux,PGI.c net,F6P.c <-> G6P.c,0.754628557941061,0.0999792966196783
Exch flux,PGI.c exch,F6P.c <-> G6P.c,226.915627487566,2942.65327010512
Net flux,PGM.c net,G6P.c <-> UDPG.c,0.754628557937394,0.0999792966196783
Exch flux,PGM.c exch,G6P.c <-> UDPG.c,48481.3130320874,2942.65326840668
Net flux,SPS,F6P.c + UDPG.c -> S6P,0.754628557941007,0.0999792966196783
Net flux,PGAM.c net,3PGA.c <-> PEP.c,0.321803802248081,0.042635171235937
Exch flux,PGAM.c exch,3PGA.c <-> PEP.c,0.059978602181489,148.205243797026
Net flux,PK.c,PEP.c -> PYR.c,0.146073449960489,0.0193529924373064
Net flux,PDH,PYR.c + dummy -> ACA + CO2,0.121570660683988,0.0161066647036517
Net flux,CS,OAA + ACA -> CIT,0.121570660683984,0.0161066647036517
Net flux,ACO net,CIT <-> ICI,0.121570660684029,0.0161066647036517
Exch flux,ACO exch,CIT <-> ICI,1172.53418196884,3224.83686712621
Net flux,IDH,ICI + dummy -> AKG + CO2,0.121570660684001,0.0161066647036517
Net flux,MDH net,MAL <-> OAA,2.1316282072803e-14,0
Exch flux,MDH exch,MAL <-> OAA,0.0169931656281435,0.0653101254765912
Net flux,PPC,PEP.c + CO2 -> OAA + dummy,0.17573035228802,0.0232821787849058
Net flux,T_3PGA net,3PGA.p <-> 3PGA.c,0.321803802248063,0.042635171235937
Exch flux,T_3PGA exch,3PGA.p <-> 3PGA.c,1.0000000116861e-07,2949.5259895426
Net flux,T_DHAP net,TP.p <-> TP.c,3.0185142317642,0.399917186478713
Exch flux,T_DHAP exch,TP.p <-> TP.c,1.08144341090395,2961.41433510931
Net flux,ALT,PYR.c -> ALA.c,0.0245027892763556,0.003246327759661
Net flux,ASPT,OAA -> ASP,0.0541596916033338,0.00717551411567446
Net flux,GLUDH,AKG -> GLU,0.121570660683977,0.0161066647036517
Net flux,PCR net,GLU <-> PRO,-2.48689957516035e-14,0
Exch flux,PCR exch,GLU <-> PRO,1.0000000116861e-07,0
Net flux,GS net,GLU <-> GLN,0,0
Exch flux,GS exch,GLU <-> GLN,1.00042811368439e-07,0
Net flux,TS net,ASP <-> THR,0,0
Exch flux,TS exch,ASP <-> THR,0.0644734395959858,0.0321157132366511
Net flux,AS net,ASP <-> ASN,1.06581410364015e-14,0
Exch flux,AS exch,ASP <-> ASN,1.0000000116861e-07,0
Net flux,G_3PGA.p,0*3PGA.p -> 3PGA,2.46866294162373e-06,4941.9273616471
Net flux,G_3PGA.c,0*3PGA.c -> 3PGA,92.9119081397946,3803.77289664946
Net flux,G_DHAP.p,0*TP.p -> TP,40.685379842242,4749.7761492931
Net flux,G_DHAP.c,0*TP.c -> TP,51.8471856996947,3240.33887882048
Net flux,G_F6P.p,0*F6P.p -> F6P,48.6686345030749,4754.24858770643
Net flux,G_F6P.c,0*F6P.c -> F6P,36.546576817712,3103.81916441923
Net flux,G_FBP.p,0*FBP.p -> FBP,2.46866127895373e-06,4803.19048899013
Net flux,G_FBP.c,0*FBP.c -> FBP,83.4512310454928,3245.28592221531
Net flux,G_G6P.p,0*G6P.p -> G6P,19.0549768397257,4903.20789141828
Net flux,G_G6P.c,0*G6P.c -> G6P,58.8549499993083,3395.80338798001
Net flux,G_RU5P.p,0*RU5P.p -> P5P,2.46865369035731e-06,5056.70224859371
Net flux,G_X5P.p,0*X5P.p -> P5P,92.8477691494084,3578.88623238473
Net flux,G_R5P.p,0*R5P.p -> R5P,82.2810779884949,3553.40921937003
Net flux,G_GA.p,0*GA.p -> GA,37.9901328544558,1.58664454504069
Net flux,G_SER.p,0*SER.p -> SER,88.9040575566236,3593.05538417076
Net flux,G_GLY.p,0*GLY.p -> GLY,1.0000000116861e-07,1.19132601464069e-13
Net flux,G_RUBP.p,0*RUBP.p -> RUBP,92.5302752673063,3406.98421337452
Net flux,G_S7P.p,0*S7P.p -> S7P,98.4567310636212,3757.70284995374
Net flux,G_2PG.p,0*2PG.p -> 2PG,87.0427532706349,3589.03775484886
Net flux,G_ADPG.p,0*ADPG.p -> ADPG,95.0805622183377,3232.30893316062
Net flux,G_PEP.c,0*PEP.c -> PEP,89.2305410445615,3465.17831536354
Net flux,G_UDPG.c,0*UDPG.c -> UDPG,72.4268033045549,3340.11144576847
Net flux,G_ALA.c,0*ALA.c -> ALA,81.444953972926,7.53790732270192
Net flux,(1-G)_GA,0*GA.x -> GA,62.0098671455463,1.58664454504069
Net flux,(1-G)_SER,0*SER.x -> SER,11.0959422428082,1.72253064573412
Net flux,(1-G)_GLY,0*GLY.x -> GLY,34.6248141559546,2.76255759894883
Net flux,(1-G)_R5P,0*R5P.x -> R5P,17.718922011502,3553.40921937003
Net flux,(1-G)_RUBP,0*RUBP.x -> RUBP,7.46972473269241,3406.98421337452
Net flux,(1-G)_3PGA,0*3PGA.x -> 3PGA,7.08808939154276,3317.83000566373
Net flux,(1-G)_TP,0*TP.x -> TP,7.46743445806383,3463.28048638592
Net flux,(1-G)_F6P,0*F6P.x -> F6P,14.7847886792169,3757.54000452176
Net flux,(1-G)_FBP,0*FBP.x -> FBP,16.5487664858406,3489.01964415835
Net flux,(1-G)_G6P,0*G6P.x -> G6P,22.0900731609643,3472.79521601511
Net flux,(1-G)_RU5P,0*RU5P.x -> P5P,7.15222838193927,3457.31517322386
Net flux,(1-G)_S7P,0*S7P.x -> S7P,1.54326893637677,3757.70284995374
Net flux,(1-G)_2PG,0*2PG.x -> 2PG,12.9572467293675,3589.03775484886
Net flux,(1-G)_ADPG,0*ADPG.x -> ADPG,4.91943778166132,3232.30893316062
Net flux,(1-G)_PEP,0*PEP.x -> PEP,10.7694589554367,3465.17831536354
Net flux,(1-G)_UDPG,0*UDPG.x -> UDPG,27.5731966954463,3340.11144576847
Net flux,(1-G)_ALA,0*ALA.x -> ALA,18.5550460270738,7.53790732270192
Net flux,PGASink,3PGA -> Sink,100,0
Net flux,DHAPSink,TP -> Sink,100.000000000001,0
Net flux,F6PSink,F6P -> Sink,100.000000000004,0
Net flux,FBPSink,FBP -> Sink,99.9999999999947,0
Net flux,G6PSink,G6P -> Sink,99.9999999999983,0
Net flux,P5PSink,P5P -> Sink,100.000000000001,0
Net flux,R5PSink,R5P -> Sink,99.9999999999968,0
Net flux,GASink,GA -> Sink,100.000000000002,0
Net flux,SERSink,SER -> Sink,99.9999999999996,0
Net flux,GLYSink,GLY -> Sink,100.000000000001,0
Net flux,RUBPSink,RUBP -> Sink,99.9999999999987,0
Net flux,S7PSink,S7P -> Sink,99.9999999999979,0
Net flux,2PGSink,2PG -> Sink,100.000000000002,0
Net flux,ADPGSink,ADPG -> Sink,99.999999999999,0
Net flux,PEPSink,PEP -> Sink,99.9999999999983,0
Net flux,UDPGSink,UDPG -> Sink,100.000000000001,0
Net flux,ALASink,ALA -> Sink,99.9999999999998,0
Net flux,S6Pout-LL,S6P + 0.1611*GLU + 0.07177*ASP + 0.03247*ALA.c + 0.01019*dummyGLY + 0.03484*dummySER -> Sink,0.754628557941043,0.0999792966196783
Net flux,PGP.p,2PG.p -> Glyc.p,18.1299181789832,0.599387298220981
Net flux,GOX,Glyc.p -> Glyx.p,18.1299181789833,0.599387298220981
Net flux,GGT,Glyx.p -> GLY.p,18.1299181789832,0.599387298220981
Net flux,SGAT,SER.p -> HPA.p,4.73553492624289,0.6269370696354
Net flux,HPR.p,HPA.p -> GA.p,4.73553492624289,0.6269370696354
Net flux,T_GLY-m net,GLY.p <-> GLY.m,16.5973423894611,0.993453536795948
Exch flux,T_GLY-m exch,GLY.p <-> GLY.m,118477.34613615,3695.44935686467
Net flux,GDC.m,GLY.m + dummy -> myTHF.m + CO2,10.1207404660808,0.703736348836837
Net flux,T_SER-m net,SER.p <-> SER.m,-10.1207404660808,0.703736348836837
Exch flux,T_SER-m exch,SER.p <-> SER.m,0.858217099251356,3475.45141239849
Net flux,mSHMT,GLY.m + myTHF.m -> SER.m,10.1207404660808,0.703736348836837
Net flux,T_SER-c net,SER.p <-> SER.c,5.27174120994699,1.25440314519848
Exch flux,T_SER-c exch,SER.p <-> SER.c,1.00000000280431e-07,1.69458634110816e-13
Net flux,T_Gly-c net,GLY.p <-> GLY.c,1.52488612450553,0.771199995378212
Exch flux,T_Gly-c exch,GLY.p <-> GLY.c,9.99999998363421e-08,0
Net flux,cSHMT,SER.c -> GLY.c + meTHF.c,5.27174110994699,1.25440314519847
Net flux,FmTHF-reductase net,meTHF.c <-> FmTHF.c,5.27174110994699,1.25440314519847
Exch flux,FmTHF-reductase exch,meTHF.c <-> FmTHF.c,4.13530257595828,3404.46746265167
Net flux,Met-synthase,FmTHF.c + Hcy.c -> Met.c,5.27174110994697,1.25440314519847
Net flux,SAM-synthase,Met.c -> SAM.c,5.27174110994698,1.25440314519847
Net flux,Methylation,SAM.c -> SAH.c + Acceptor.c,5.27174110994698,1.25440314519847
Net flux,hydrolysis,SAH.c -> Hcy.c,5.27174110994697,1.25440314519847
Net flux,G_SER.m,0*SER.m -> SER,1.0000000116861e-07,0
Net flux,G_SER.c,0*SER.c -> SER,1.00567802974183e-07,3593.05497121877
Net flux,G_Gly.m,0*GLY.m -> GLY,1.0000000116861e-07,1.31309371635383e-13
Net flux,G_Gly.c,0*GLY.c -> GLY,65.3751856440467,2.76255759894883
Net flux,T_GLY-c-m,GLY.c -> GLY.m,3.6441385426893,1.88987916328673
Net flux,G_Glyc,0*Glyc.p -> Glyc,20.6636215597064,1.10405077225347
Net flux,G_Glyx,0*Glyx.p -> Glyx,12.7341861107009,1.59667390199471
Net flux,G_HPA,0*HPA.p -> HPA,8.13387655771393,1.24734898236285
Net flux,(1-G)_Glyc,0*Glyc.x -> Glyc,79.3363784402942,1.10405077225347
Net flux,(1-G)_Glyx,0*Glyx.x -> Glyx,87.2658138892999,1.59667390199471
Net flux,(1-G)_HPA,0*HPA.x -> HPA,91.866123442286,1.24734898236285
Net flux,GlycSink,Glyc -> Sink,100.000000000001,0
Net flux,GlyxSink,Glyx -> Sink,100.000000000001,0
Net flux,HPASink,HPA -> Sink,99.9999999999998,0
Net flux,SERex,dummySER -> outSER,0.0871706515933308,0.265485224990311
Net flux,G_PYR,0*PYR.c -> PYR,29.8773468291116,1.78123762050035
Net flux,(1-G)_PYR,0*PYR.x -> PYR,70.1226531708886,1.78123762050035
Net flux,PYRSink,PYR -> Sink,100,0
Net flux,G_meTHF,0*meTHF.c -> meTHF,90.2973323890289,3.45511102528832
Net flux,G_FmTHF,0*FmTHF.c -> FmTHF,72.1925228856569,2.89244972054191
Net flux,G_Met,0*Met.c -> Met,54.4832922188882,3.90312921950769
Net flux,G_SAM,0*SAM.c -> SAM,62.0342391910932,3.87516542013786
Net flux,(1-G)_meTHF,0*meTHF.x -> meTHF,9.70266761097112,3.45511102528832
Net flux,(1-G)_FmTHF,0*FmTHF.x -> FmTHF,27.8074771143432,2.89244972054191
Net flux,(1-G)_Met,0*Met.x -> Met,45.5167077811119,3.90312921950769
Net flux,(1-G)_SAM,0*SAM.x -> SAM,37.9657608089069,3.87516542013786
Net flux,meTHFSink,meTHF -> Sink,99.9999999999999,0
Net flux,FmTHFSink,FmTHF -> Sink,100,0
Net flux,MetSink,Met -> Sink,100,0
Net flux,SAMsink,SAM -> Sink,100,0
Net flux,Met-protein,Met.c -> Protein,6.51983996113883e-15,0
Net flux,GLY-protein,GLY.c -> Protein,3.15248869176325,0.624602945976661
Net flux,SER-protein,SER.c -> Protein,1.00000002056788e-07,1.41691234890087e-13
Pool,2PG pool,,0,0
Pool,2PG.p pool,,3.22604718064016e-06,3630.22477378982
Pool,2PG.x pool,,1,Inf
Pool,3PGA pool,,0,0
Pool,3PGA.c pool,,0.0144634156425014,0.0036155292282092
Pool,3PGA.p pool,,3.67610297117774e-06,3286.17389644875
Pool,3PGA.x pool,,1,Inf
Pool,ACA pool,,2.2130673369768e-06,3463.74949706296
Pool,ADPG pool,,0,0
Pool,ADPG.p pool,,9.9999999999999e-08,Inf
Pool,ADPG.x pool,,1,Inf
Pool,AKG pool,,2.44792044901401e-06,3728.4458387
Pool,ALA pool,,0,0
Pool,ALA.c pool,,0.00712227757139353,0.00184209372973532
Pool,ALA.x pool,,1,Inf
Pool,ASN pool,,7546.53370724285,3623.29321006379
Pool,ASP pool,,9.99999999999482e-08,0
Pool,Acceptor.c pool,,1,Inf
Pool,CIT pool,,4.86190906127158,3.88416211464704
Pool,CO2 pool,,0.158876773654331,0.23169269733942
Pool,CO2.t pool,,1,Inf
Pool,E4P.p pool,,0,0
Pool,EC2 pool,,0,0
Pool,F6P pool,,0,0
Pool,F6P.c pool,,3.82973003776652e-06,3410.32706273735
Pool,F6P.p pool,,3.37572164732326e-06,3400.76755661533
Pool,F6P.x pool,,1,Inf
Pool,FBP pool,,0,0
Pool,FBP.c pool,,3.79990720255123e-06,3446.12499138574
Pool,FBP.p pool,,3.17033300201442e-06,3206.31909857854
Pool,FBP.x pool,,1,Inf
Pool,FmTHF pool,,1.57320482955067,0.712324705717417
Pool,FmTHF.c pool,,1.54807278144075e-06,3442.59706971647
Pool,FmTHF.x pool,,1,Inf
Pool,G6P pool,,0,0
Pool,G6P.c pool,,9.87518098655299e-06,3466.91362803516
Pool,G6P.p pool,,3.57512954306225e-06,3336.40978776626
Pool,G6P.x pool,,1,Inf
Pool,GA pool,,0,0
Pool,GA.p pool,,2.64125055702327e-06,3581.88326151746
Pool,GA.x pool,,1,Inf
Pool,GLN pool,,8.83867754977181,3483.94416331747
Pool,GLU pool,,2.44792258563505e-06,3780.43488458171
Pool,GLY pool,,0,0
Pool,GLY.c pool,,1.00063640561784e-07,3465.4825458717
Pool,GLY.m pool,,0.169610092583222,0.066274293474436
Pool,GLY.p pool,,0.000426555451194466,3390.66099075328
Pool,GLY.x pool,,1,Inf
Pool,Glyc pool,,4.34780118556161,1.05118868058905
Pool,Glyc.p pool,,1.06205968805956e-05,3540.66882159738
Pool,Glyc.x pool,,1,Inf
Pool,Glyx pool,,10.4722310749649,3.94202126110396
Pool,Glyx.p pool,,1.41655819131618e-05,3281.74432617038
Pool,Glyx.x pool,,1,Inf
Pool,HPA pool,,0.000148395228435203,3249.94482693196
Pool,HPA.p pool,,2.05884275008696e-06,3312.08220111227
Pool,HPA.x pool,,1,Inf
Pool,Hcy.c pool,,1,Inf
Pool,ICI pool,,0.00364128226747666,3433.61115405187
Pool,MAL pool,,0.0621434362961758,0.219905480364044
Pool,Met pool,,6.86614801374099e-05,3508.76784302604
Pool,Met.c pool,,1.45956258142532e-06,3260.86220354054
Pool,Met.x pool,,1,Inf
Pool,OAA pool,,0.0658823917327318,0.0270542084984903
Pool,P5P pool,,0,0
Pool,PEP pool,,0,0
Pool,PEP.c pool,,0.00189708956439096,0.0109854296083184
Pool,PEP.x pool,,1,Inf
Pool,PRO pool,,5.39499638359942,3594.49144385103
Pool,PYR pool,,1e-07,0
Pool,PYR.c pool,,0.000591877231264938,0.194941746567626
Pool,PYR.x pool,,1,Inf
Pool,Protein pool,,1,Inf
Pool,R5P pool,,0,0
Pool,R5P.p pool,,9.34649821977216e-06,3469.35863977866
Pool,R5P.x pool,,1,Inf
Pool,RU5P.p pool,,3.22657577008061e-06,3323.50111849404
Pool,RU5P.x pool,,1,Inf
Pool,RUBP pool,,0,0
Pool,RUBP.p pool,,3.23483545237323e-06,3442.50766110608
Pool,RUBP.x pool,,1,Inf
Pool,S6P pool,,1,Inf
Pool,S7P pool,,0,0
Pool,S7P.p pool,,3.11594105206325e-06,3537.48752135169
Pool,S7P.x pool,,1,Inf
Pool,SAH.c pool,,1,Inf
Pool,SAM pool,,5.54493080556959,1.54946842754226
Pool,SAM.c pool,,3.32416185313782e-06,3523.87665344819
Pool,SAM.x pool,,1,Inf
Pool,SBP pool,,0,0
Pool,SER pool,,0,0
Pool,SER.c pool,,1.00000000002876e-07,0
Pool,SER.m pool,,1.20146487714042,0.0963714825081845
Pool,SER.p pool,,4.19734320885378e-06,3405.75433035204
Pool,SER.x pool,,1,Inf
Pool,Sink pool,,1,Inf
Pool,Starch pool,,1,Inf
Pool,THR pool,,0.174204931801461,0.0743813610826856
Pool,TP pool,,0,0
Pool,TP.c pool,,4.15718486383953e-06,3401.60091384229
Pool,TP.p pool,,3.77692025628678e-06,3313.34645393826
Pool,TP.x pool,,1,Inf
Pool,UDPG pool,,0,0
Pool,UDPG.c pool,,0.108494265696095,3496.48902136484
Pool,UDPG.x pool,,1,Inf
Pool,X5P.p pool,,3.30931019176049e-06,3432.82160676936
Pool,dummy pool,,1,Inf
Pool,dummyGLY pool,,1,Inf
Pool,dummySER pool,,1,Inf
Pool,meTHF pool,,0.805875088667039,0.887125245019936
Pool,meTHF.c pool,,1.657340348897e-06,3699.16106037132
Pool,meTHF.x pool,,1,Inf
Pool,myTHF.m pool,,1.00000000002876e-07,0
Pool,outSER pool,,1,Inf
Norm,Experiment1 Glyc205 #1 norm,,0.970006878330481,0.012692380084045
Norm,Experiment1 Glyc205 #2 norm,,0.992663738175204,0.023288882517805
Norm,Experiment1 Glyc205 #3 norm,,0.991051393063823,0.0211191102473419
Norm,Experiment1 Glyc205 #4 norm,,0.993910329377346,0.0301136969320961
Norm,Experiment1 Glyc205 #5 norm,,1.00944777595809,0.0348460823519453
Norm,Experiment1 Glyc205 #6 norm,,0.993885291119787,0.0271696966764705
Norm,Experiment1 Glyc205 #7 norm,,0.965976487889528,0.0343447661078748
Norm,Experiment1 Glyc205 #8 norm,,1.01695224948638,0.0291455368273909
Norm,Experiment1 Glyx160 #1 norm,,1.02827573123886,0.0115692728399219
Norm,Experiment1 Glyx160 #2 norm,,1.00211610694064,0.0140370991770868
Norm,Experiment1 Glyx160 #3 norm,,0.974623849311527,0.0178182435058751
Norm,Experiment1 Glyx160 #4 norm,,0.998683567397497,0.0164838598905453
Norm,Experiment1 Glyx160 #5 norm,,0.96354758135948,0.0354139083680557
Norm,Experiment1 Glyx160 #6 norm,,1.03174906338586,0.0201323290098603
Norm,Experiment1 Glyx160 #7 norm,,0.920992252878497,0.0373208331478409
Norm,Experiment1 Glyx160 #8 norm,,1.00169189903194,0.0372078751769831
Norm,Experiment1 GLY276 #1 norm,,0.988040963596953,0.0100916820618759
Norm,Experiment1 GLY276 #2 norm,,1.0096931028842,0.0261676816238018
Norm,Experiment1 GLY276 #3 norm,,0.988654542874295,0.0477843926066657
Norm,Experiment1 GLY276 #4 norm,,0.963861895139799,0.0556717514805469
Norm,Experiment1 GLY276 #5 norm,,1.00786929656974,0.180103643480528
Norm,Experiment1 GLY276 #6 norm,,0.905245399719813,0.0837256764010332
Norm,Experiment1 GLY276 #7 norm,,1.0253616426829,0.0613202393261195
Norm,Experiment1 GLY276 #8 norm,,0.963498460195239,0.0717487384055988
Norm,Experiment1 HPA262 #1 norm,,1.01276964984447,0.0107971450813118
Norm,Experiment1 HPA262 #2 norm,,0.934038576315413,0.0269444615111382
Norm,Experiment1 HPA262 #3 norm,,0.972242302521819,0.0130578682090827
Norm,Experiment1 HPA262 #4 norm,,0.936950737593488,0.0345747622137937
Norm,Experiment1 HPA262 #5 norm,,0.982289970479446,0.0254086227222493
Norm,Experiment1 HPA262 #6 norm,,0.961981626325839,0.0341094430930217
Norm,Experiment1 HPA262 #7 norm,,0.989567491730191,0.0262571787015292
Norm,Experiment1 HPA262 #8 norm,,0.974078944034157,0.0235165418182764
Norm,Experiment1 GA307 #1 norm,,0.996678892443924,0.0122144522612408
Norm,Experiment1 GA307 #2 norm,,0.974726299399294,0.0312651063501444
Norm,Experiment1 GA307 #3 norm,,0.968491379987434,0.029097650229102
Norm,Experiment1 GA307 #4 norm,,0.989022329677278,0.0199382758195563
Norm,Experiment1 GA307 #5 norm,,1.01026356562447,0.062223701047702
Norm,Experiment1 GA307 #6 norm,,1.0507370025662,0.0449711050612181
Norm,Experiment1 GA307 #7 norm,,0.984537974180592,0.0414845519195398
Norm,Experiment1 GA307 #8 norm,,1.00247740537381,0.0363886155163498
Norm,Experiment1 SER306 #1 norm,,0.984551726342934,0.0141745273410713
Norm,Experiment1 SER306 #2 norm,,1.00221899647234,0.0210579874777079
Norm,Experiment1 SER306 #3 norm,,0.999847321183246,0.0449969505286078
Norm,Experiment1 SER306 #4 norm,,1.00584386372478,0.0458302397473974
Norm,Experiment1 SER306 #5 norm,,1.08986529796529,0.106149455200147
Norm,Experiment1 SER306 #6 norm,,0.91750971084023,0.0612294171114315
Norm,Experiment1 SER306 #7 norm,,0.994430693553383,0.0484036467122358
Norm,Experiment1 SER306 #8 norm,,0.994539675944499,0.0572871319380011
Norm,Experiment1 meTHF #1 norm,,1.00415559096108,0.00994750527229751
Norm,Experiment1 meTHF #2 norm,,1.01445149760494,0.0104156587507102
Norm,Experiment1 meTHF #3 norm,,0.922147362678529,0.0604433202400303
Norm,Experiment1 meTHF #4 norm,,0.993446931016569,0.0500850740642727
Norm,Experiment1 meTHF #5 norm,,0.987127405913084,0.0901297007926195
Norm,Experiment1 meTHF #6 norm,,1.0174001382568,0.113840234884983
Norm,Experiment1 meTHF #7 norm,,0.982643119718457,0.0584253550146283
Norm,Experiment1 meTHF #8 norm,,0.992986223142214,0.0906992074681481
Norm,Experiment1 FmTHF #1 norm,,0.981777718760691,0.00967413295621621
Norm,Experiment1 FmTHF #2 norm,,1.04409113065163,0.0241154576148372
Norm,Experiment1 FmTHF #3 norm,,0.909881610401143,0.0300263607812162
Norm,Experiment1 FmTHF #4 norm,,1.01194631902728,0.0268427813570006
Norm,Experiment1 FmTHF #5 norm,,0.982901985486276,0.0630679962273419
Norm,Experiment1 FmTHF #6 norm,,1.00524293592078,0.0604972331606907
Norm,Experiment1 FmTHF #7 norm,,0.998456399728733,0.0539137432850709
Norm,Experiment1 FmTHF #8 norm,,1.06309580420804,0.102821407851072
Norm,Experiment1 Met176 #1 norm,,0.931964276312106,0.0230665335020959
Norm,Experiment1 Met176 #2 norm,,0.912668204520433,0.0328528684583139
Norm,Experiment1 Met176 #3 norm,,0.865646997504862,0.0517580989048798
Norm,Experiment1 Met176 #4 norm,,0.996678156380861,0.0384936614018473
Norm,Experiment1 Met176 #5 norm,,0.940115851284483,0.0825225571048437
Norm,Experiment1 Met176 #6 norm,,0.973763816112717,0.118400871107777
Norm,Experiment1 Met176 #7 norm,,1.00588396557479,0.129512398927849
Norm,Experiment1 Met176 #8 norm,,0.998246232408202,0.103107117258132
Norm,Experiment1 SAM #1 norm,,1.00088604272625,0.0117729301263368
Norm,Experiment1 SAM #2 norm,,0.987692293322316,0.0123367913920971
Norm,Experiment1 SAM #3 norm,,1.0067409540818,0.01422076517105
Norm,Experiment1 SAM #4 norm,,1.03067738708163,0.0226530922460767
Norm,Experiment1 SAM #5 norm,,0.975498064550747,0.0383822000163958
Norm,Experiment1 SAM #6 norm,,0.996607678356428,0.0633474260992756
Norm,Experiment1 SAM #7 norm,,1.00116892871049,0.111185268422222
Norm,Experiment1 SAM #8 norm,,0.995221299419519,0.075792361096639
Norm,Experiment1 CIT465 #1 norm,,0.967202268470515,0.0113925125176702
Norm,Experiment1 CIT465 #2 norm,,0.997945652382942,0.0279961624937344
Norm,Experiment1 CIT465 #3 norm,,0.993115319390208,0.0116455470017795
Norm,Experiment1 CIT465 #4 norm,,0.977583331894595,0.0162638526434805
Norm,Experiment1 CIT465 #5 norm,,1.01772401030477,0.0142286553326922
Norm,Experiment1 CIT465 #6 norm,,0.996033924337384,0.0125800923211307
Norm,Experiment1 CIT465 #7 norm,,0.978782709729582,0.0142687819864968
Norm,Experiment1 CIT465 #8 norm,,1.02227716360428,0.0228299617584444
Norm,Experiment1 MAL335 #1 norm,,1.00792844092819,0.0126553770322729
Norm,Experiment1 MAL335 #2 norm,,0.966576591976007,0.0107496953773036
Norm,Experiment1 MAL335 #3 norm,,0.956496156400842,0.0100560319804589
Norm,Experiment1 MAL335 #4 norm,,0.948017392926399,0.0139564816866219
Norm,Experiment1 MAL335 #5 norm,,1.00498685354823,0.0143038763140951
Norm,Experiment1 MAL335 #6 norm,,0.999840440625897,0.0138653607366413
Norm,Experiment1 MAL335 #7 norm,,0.962573445755074,0.0205712910327814
Norm,Experiment1 MAL335 #8 norm,,1.0142888249035,0.0386597635986218
Norm,Experiment1 ASP334 #1 norm,,0.97004209290765,0.0232786772838247
Norm,Experiment1 ASP334 #2 norm,,1.00777242598756,0.0332656948640538
Norm,Experiment1 ASP334 #3 norm,,0.968100711851891,0.0193720241668812
Norm,Experiment1 ASP334 #4 norm,,0.94963533808327,0.0169494025786063
Norm,Experiment1 ASP334 #5 norm,,0.938404239268078,0.0254155982442513
Norm,Experiment1 ASP334 #6 norm,,0.985007232892678,0.0314993769421829
Norm,Experiment1 ASP334 #7 norm,,0.984401586630759,0.0552279308921856
Norm,Experiment1 ASP334 #8 norm,,0.981926608067292,0.0976808761403574
Norm,Experiment1 GLU348 #1 norm,,0.941980441167407,0.0201388108314437
Norm,Experiment1 GLU348 #2 norm,,0.95247757741115,0.0302941834465401
Norm,Experiment1 GLU348 #3 norm,,0.977084077985768,0.0112450222351715
Norm,Experiment1 GLU348 #4 norm,,0.979344654463041,0.0369740664012521
Norm,Experiment1 GLU348 #5 norm,,0.958337382172397,0.0231986940979134
Norm,Experiment1 GLU348 #6 norm,,1.01410698629822,0.0133313176655789
Norm,Experiment1 GLU348 #7 norm,,0.995585242364935,0.0166032949478987
Norm,Experiment1 GLU348 #8 norm,,0.957846830918455,0.0236805982716504
Norm,Experiment1 THR320 #1 norm,,0.994501900445744,0.0105107341903176
Norm,Experiment1 THR320 #2 norm,,0.983314977287776,0.0143158295961218
Norm,Experiment1 THR320 #3 norm,,0.945609172346644,0.00996453048216585
Norm,Experiment1 THR320 #4 norm,,0.990572173136553,0.0290570481613596
Norm,Experiment1 THR320 #5 norm,,0.995142438715391,0.0204871012478673
Norm,Experiment1 THR320 #6 norm,,1.00011265938398,0.0122580838036635
Norm,Experiment1 THR320 #7 norm,,0.997553634972038,0.0174789611637156
Norm,Experiment1 THR320 #8 norm,,1.0091960225195,0.0369362205327075
Norm,Experiment1 ALA116 #1 norm,,0.997230570605409,0.00989959079454105
Norm,Experiment1 ALA116 #2 norm,,1.01375314161075,0.0101225707266265
Norm,Experiment1 ALA116 #3 norm,,1.00259738224139,0.0176898497698379
Norm,Experiment1 ALA116 #4 norm,,1.0502971538338,0.0213840465470603
Norm,Experiment1 ALA116 #5 norm,,0.899131896788871,0.12610249825483
Norm,Experiment1 ALA116 #6 norm,,0.978550736917593,0.0842283724912285
Norm,Experiment1 ALA116 #7 norm,,1.02416540128645,0.0629667089846278
Norm,Experiment1 ALA116 #8 norm,,0.939952888727151,0.10558942474096
Norm,Experiment1 PYR #1 norm,,0.990259619311957,0.0169455469222654
Norm,Experiment1 PYR #2 norm,,0.945807162306866,1.00861525748852
Norm,Experiment1 PYR #3 norm,,0.962718530974467,0.943638213295844
Norm,Experiment1 PYR #4 norm,,1.00978764548778,0.0882423245720634
Norm,Experiment1 PYR #5 norm,,0.995946543714851,0.0532375875301929
Norm,Experiment1 PYR #6 norm,,1.03703645633064,0.0544870989666557
Norm,Experiment1 PYR #7 norm,,1.02505022829662,0.0926307808092784
Norm,Experiment1 PYR #8 norm,,0.966490746821199,0.0612393136262771
