type,id,eqn,val,std
Net flux,CO2.t,CO2.t -> CO2,48.6466844886587,1.15641506391103
Net flux,CO2_sink,dummy -> Sink,48.6466844886587,1.15641506391103
Net flux,RUBICSO_CO2,RUBP.p + CO2 -> 3PGA.p + 3PGA.p + dummy,58.6669984276771,1.2452897893844
Net flux,GAPDH.p net,3PGA.p <-> TP.p,138.377701062641,2.71234314028249
Exch flux,GAPDH.p exch,3PGA.p <-> TP.p,0.064434983301652,0.897712896251331
Net flux,ALD,TP.p + E4P.p -> SBP,25.4491092538634,0.49315557805703
Net flux,SBP,SBP -> S7P.p,25.4491092538634,0.49315557805703
Net flux,FBA.p net,TP.p + TP.p <-> FBP.p,29.331604882871,0.666973862898468
Exch flux,FBA.p exch,TP.p + TP.p <-> FBP.p,19717.6241661904,241.158611920983
Net flux,PFK.p net,FBP.p <-> F6P.p,29.3316048828742,0.666973862898468
Exch flux,PFK.p exch,FBP.p <-> F6P.p,9.99951197400151e-08,1.17450119350545e-13
Net flux,TK1 net,TP.p + EC2 <-> X5P.p,50.8982185077268,0.98631115611406
Exch flux,TK1 exch,TP.p + EC2 <-> X5P.p,87.9716963769229,622.153857979056
Net flux,TK2 net,S7P.p <-> R5P.p + EC2,25.4491092538634,0.49315557805703
Exch flux,TK2 exch,S7P.p <-> R5P.p + EC2,37.8080918506057,575.279672091944
Net flux,TK3 net,F6P.p <-> E4P.p + EC2,25.4491092538647,0.49315557805703
Exch flux,TK3 exch,F6P.p <-> E4P.p + EC2,9295.62555548802,360.996462384893
Net flux,PPE net,X5P.p <-> RU5P.p,50.8982185077268,0.98631115611406
Exch flux,PPE exch,X5P.p <-> RU5P.p,174.188365771167,305.388451326188
Net flux,PPI net,R5P.p <-> RU5P.p,25.4491092538635,0.49315557805703
Exch flux,PPI exch,R5P.p <-> RU5P.p,237.164551461298,514.01203214193
Net flux,PRK,RU5P.p -> RUBP.p,76.3473277615904,1.47946673417109
Net flux,RUBISCO_O2,RUBP.p -> 3PGA.p + 2PG.p,17.6803293339133,0.589760718753959
Net flux,GLYdil net,GLY.p <-> GLY.x + dummyGLY,0.00857784910621007,0.00132615410820064
Exch flux,GLYdil exch,GLY.p <-> GLY.x + dummyGLY,0.278020394377869,0.208163268819684
Net flux,SERdil net,SER.p <-> SER.x + dummySER,4.00428634756818,362.184498371463
Exch flux,SERdil exch,SER.p <-> SER.x + dummySER,1.49620776955338,362.18099799209
Net flux,GK,GA.p -> 3PGA.p,3.72234817787252,1.05237969992413
Net flux,PGI.p net,F6P.p <-> G6P.p,3.88249562901068,0.412747185194791
Exch flux,PGI.p exch,F6P.p <-> G6P.p,4.67320572573454,712.01485500845
Net flux,PGM.p,G6P.p -> ADPG.p,3.88249562901069,0.412747185194791
Net flux,Starch,ADPG.p -> Starch,3.88249562901067,0.412747185194791
Net flux,FBA.c net,TP.c + TP.c <-> FBP.c,1.68358176765106,0.26028539905625
Exch flux,FBA.c exch,TP.c + TP.c <-> FBP.c,20.6911405869896,722.489291410187
Net flux,PFK.c net,FBP.c <-> F6P.c,1.68358176765107,0.26028539905625
Exch flux,PFK.c exch,FBP.c <-> F6P.c,5.34507969948445,560.685126833333
Net flux,PGI.c net,F6P.c <-> G6P.c,0.841790883825553,0.130142699528125
Exch flux,PGI.c exch,F6P.c <-> G6P.c,227.099263138212,703.900404111033
Net flux,PGM.c net,G6P.c <-> UDPG.c,0.841790883823705,0.130142699528125
Exch flux,PGM.c exch,G6P.c <-> UDPG.c,48481.3771187345,538.133685298677
Net flux,SPS,F6P.c + UDPG.c -> S6P,0.841790883825499,0.130142699528125
Net flux,PGAM.c net,3PGA.c <-> PEP.c,0.358973304498517,0.0554980527868734
Exch flux,PGAM.c exch,3PGA.c <-> PEP.c,2.30804216276581,695.706439826143
Net flux,PK.c,PEP.c -> PYR.c,0.1629454613823,0.0251917223478305
Net flux,PDH,PYR.c + dummy -> ACA + CO2,0.135612511384311,0.0209659888942767
Net flux,CS,OAA + ACA -> CIT,0.135612511384307,0.0209659888942767
Net flux,ACO net,CIT <-> ICI,0.135612511384352,0.0209659888942767
Exch flux,ACO exch,CIT <-> ICI,1153.20439604402,636.896156548252
Net flux,IDH,ICI + dummy -> AKG + CO2,0.135612511384324,0.0209659888942767
Net flux,MDH net,MAL <-> OAA,2.1316282072803e-14,0
Exch flux,MDH exch,MAL <-> OAA,0.000639983283910794,0.450626299821577
Net flux,PPC,PEP.c + CO2 -> OAA + dummy,0.196027843116418,0.0303063304397708
Net flux,T_3PGA net,3PGA.p <-> 3PGA.c,0.358973304498498,0.0554980527868734
Exch flux,T_3PGA exch,3PGA.p <-> 3PGA.c,6.12307967424826,613.038653430375
Net flux,T_DHAP net,TP.p <-> TP.c,3.36716353530216,0.520570798112501
Exch flux,T_DHAP exch,TP.p <-> TP.c,9.99999998363421e-08,0
Net flux,ALT,PYR.c -> ALA.c,0.0273329499977859,0.00422573345373578
Net flux,ASPT,OAA -> ASP,0.060415331732204,0.00934034154534846
Net flux,GLUDH,AKG -> GLU,0.135612511384301,0.0209659888942767
Net flux,PCR net,GLU <-> PRO,-2.48689957516035e-14,0
Exch flux,PCR exch,GLU <-> PRO,1.0000000116861e-07,0
Net flux,GS net,GLU <-> GLN,0,0
Exch flux,GS exch,GLU <-> GLN,1.00036047001595e-07,0
Net flux,TS net,ASP <-> THR,0,0
Exch flux,TS exch,ASP <-> THR,0.0402383136391862,362.571385386801
Net flux,AS net,ASP <-> ASN,1.06581410364015e-14,0
Exch flux,AS exch,ASP <-> ASN,0.0376394299668092,362.568714293871
Net flux,G_3PGA.p,0*3PGA.p -> 3PGA,2.46866296294002e-06,845.889994705297
Net flux,G_3PGA.c,0*3PGA.c -> 3PGA,92.9119081388319,611.666715303478
Net flux,G_DHAP.p,0*TP.p -> TP,40.685379842242,821.387049593757
Net flux,G_DHAP.c,0*TP.c -> TP,51.8471856996947,555.974817696099
Net flux,G_F6P.p,0*F6P.p -> F6P,48.6686345030749,918.621542851591
Net flux,G_F6P.c,0*F6P.c -> F6P,36.546576817712,650.574726848816
Net flux,G_FBP.p,0*FBP.p -> FBP,2.46866129316459e-06,880.253026239444
Net flux,G_FBP.c,0*FBP.c -> FBP,83.4512310457941,594.582552916788
Net flux,G_G6P.p,0*G6P.p -> G6P,19.0549768397257,824.507635311949
Net flux,G_G6P.c,0*G6P.c -> G6P,58.8549499993083,600.740742512969
Net flux,G_RU5P.p,0*RU5P.p -> P5P,2.4686537116736e-06,894.100220706905
Net flux,G_X5P.p,0*X5P.p -> P5P,92.8477691493735,627.80474612386
Net flux,G_R5P.p,0*R5P.p -> R5P,82.2810779884949,608.567075367001
Net flux,G_GA.p,0*GA.p -> GA,36.9559920925935,1.49444634005734
Net flux,G_SER.p,0*SER.p -> SER,99.9996163182564,634.561007522906
Net flux,G_GLY.p,0*GLY.p -> GLY,61.1909945106379,839.955074342689
Net flux,G_RUBP.p,0*RUBP.p -> RUBP,92.5302752673063,631.256947198018
Net flux,G_S7P.p,0*S7P.p -> S7P,98.4567310636212,599.392838324163
Net flux,G_2PG.p,0*2PG.p -> 2PG,87.0427532706349,614.399103345457
Net flux,G_ADPG.p,0*ADPG.p -> ADPG,95.0805622183377,588.178791254555
Net flux,G_PEP.c,0*PEP.c -> PEP,89.2305410445615,602.195623236067
Net flux,G_UDPG.c,0*UDPG.c -> UDPG,72.4268033045549,593.495533305185
Net flux,G_ALA.c,0*ALA.c -> ALA,90.7943582698084,9.89092386951775
Net flux,(1-G)_GA,0*GA.x -> GA,63.0440079074086,1.49444634005734
Net flux,(1-G)_SER,0*SER.x -> SER,1.0000000116861e-07,0
Net flux,(1-G)_GLY,0*GLY.x -> GLY,38.7793364810454,2.20922616375525
Net flux,(1-G)_R5P,0*R5P.x -> R5P,17.718922011502,608.567075367001
Net flux,(1-G)_RUBP,0*RUBP.x -> RUBP,7.46972473269241,631.256947198018
Net flux,(1-G)_3PGA,0*3PGA.x -> 3PGA,7.08808939250539,617.649532912335
Net flux,(1-G)_TP,0*TP.x -> TP,7.46743445806383,623.029275319337
Net flux,(1-G)_F6P,0*F6P.x -> F6P,14.7847886792169,644.097146241907
Net flux,(1-G)_FBP,0*FBP.x -> FBP,16.5487664855393,641.154062852621
Net flux,(1-G)_G6P,0*G6P.x -> G6P,22.0900731609643,614.154857364036
Net flux,(1-G)_RU5P,0*RU5P.x -> P5P,7.1522283819742,628.760015265012
Net flux,(1-G)_S7P,0*S7P.x -> S7P,1.54326893637677,599.392838324163
Net flux,(1-G)_2PG,0*2PG.x -> 2PG,12.9572467293675,614.399103345457
Net flux,(1-G)_ADPG,0*ADPG.x -> ADPG,4.91943778166132,588.178791254555
Net flux,(1-G)_PEP,0*PEP.x -> PEP,10.7694589554367,602.195623236067
Net flux,(1-G)_UDPG,0*UDPG.x -> UDPG,27.5731966954463,593.495533305185
Net flux,(1-G)_ALA,0*ALA.x -> ALA,9.20564173019142,9.89092386951775
Net flux,PGASink,3PGA -> Sink,100,0
Net flux,DHAPSink,TP -> Sink,100.000000000001,0
Net flux,F6PSink,F6P -> Sink,100.000000000004,0
Net flux,FBPSink,FBP -> Sink,99.9999999999947,0
Net flux,G6PSink,G6P -> Sink,99.9999999999983,0
Net flux,P5PSink,P5P -> Sink,100.000000000001,0
Net flux,R5PSink,R5P -> Sink,99.9999999999968,0
Net flux,GASink,GA -> Sink,100.000000000002,0
Net flux,SERSink,SER -> Sink,99.9999999999996,0
Net flux,GLYSink,GLY -> Sink,100.000000000001,0
Net flux,RUBPSink,RUBP -> Sink,99.9999999999987,0
Net flux,S7PSink,S7P -> Sink,99.9999999999979,0
Net flux,2PGSink,2PG -> Sink,100.000000000002,0
Net flux,ADPGSink,ADPG -> Sink,99.999999999999,0
Net flux,PEPSink,PEP -> Sink,99.9999999999983,0
Net flux,UDPGSink,UDPG -> Sink,100.000000000001,0
Net flux,ALASink,ALA -> Sink,99.9999999999998,0
Net flux,S6Pout-LL,S6P + 0.1611*GLU + 0.07177*ASP + 0.03247*ALA.c + 0.01019*dummyGLY + 0.03484*dummySER -> Sink,0.841790883825535,0.130142699528125
Net flux,PGP.p,2PG.p -> Glyc.p,17.6803293339133,0.589760718753959
Net flux,GOX,Glyc.p -> Glyx.p,17.6803293339133,0.589760718753959
Net flux,GGT,Glyx.p -> GLY.p,17.6803293339133,0.589760718753959
Net flux,SGAT,SER.p -> HPA.p,3.72234817787251,1.05237969992413
Net flux,HPR.p,HPA.p -> GA.p,3.72234817787251,1.05237969992413
Net flux,T_GLY-m net,GLY.p <-> GLY.m,17.6661858675216,845.546350797977
Exch flux,T_GLY-m exch,GLY.p <-> GLY.m,76108.9327359264,612.318156733968
Net flux,GDC.m,GLY.m + dummy -> myTHF.m + CO2,9.94511675936639,0.568950098131901
Net flux,T_SER-m net,SER.p <-> SER.m,-9.94511675936637,0.568950098131901
Exch flux,T_SER-m exch,SER.p <-> SER.m,67.9422145044769,632.736002959982
Net flux,mSHMT,GLY.m + myTHF.m -> SER.m,9.94511675936639,0.568950098131901
Net flux,T_SER-c net,SER.p <-> SER.c,2.21848223392567,362.177132450802
Exch flux,T_SER-c exch,SER.p <-> SER.c,0.0406259456718931,362.180588575383
Net flux,T_Gly-c net,GLY.p <-> GLY.c,0.00556561727283178,845.546145118235
Exch flux,T_Gly-c exch,GLY.p <-> GLY.c,4.02433204444996e-05,621.522223785392
Net flux,cSHMT,SER.c -> GLY.c + meTHF.c,2.21848213392568,362.177132450802
Net flux,FmTHF-reductase net,meTHF.c <-> FmTHF.c,2.21848213392568,362.177132450802
Exch flux,FmTHF-reductase exch,meTHF.c <-> FmTHF.c,6.58897036832223,721.649346072486
Net flux,Met-synthase,FmTHF.c + Hcy.c -> Met.c,2.21848213392566,362.177132450802
Net flux,SAM-synthase,Met.c -> SAM.c,2.21848213392567,362.177132450802
Net flux,Methylation,SAM.c -> SAH.c + Acceptor.c,2.21848213392566,362.177132450802
Net flux,hydrolysis,SAH.c -> Hcy.c,2.21848213392565,362.177132450802
Net flux,G_SER.m,0*SER.m -> SER,0.000383481071771996,634.561007522906
Net flux,G_SER.c,0*SER.c -> SER,1.00671417868625e-07,0
Net flux,G_Gly.m,0*GLY.m -> GLY,0.000131402354469401,599.134684153426
Net flux,G_Gly.c,0*GLY.c -> GLY,0.0295376059634513,610.376474128405
Net flux,T_GLY-c-m,GLY.c -> GLY.m,2.22404765119855,845.546758317082
Net flux,G_Glyc,0*Glyc.p -> Glyc,22.6143457554903,1.26940734594865
Net flux,G_Glyx,0*Glyx.p -> Glyx,13.1480748082465,1.9453075493782
Net flux,G_HPA,0*HPA.p -> HPA,10.1950690315399,1.30180500856882
Net flux,(1-G)_Glyc,0*Glyc.x -> Glyc,77.3856542445103,1.26940734594865
Net flux,(1-G)_Glyx,0*Glyx.x -> Glyx,86.8519251917543,1.9453075493782
Net flux,(1-G)_HPA,0*HPA.x -> HPA,89.80493096846,1.30180500856882
Net flux,GlycSink,Glyc -> Sink,100.000000000001,0
Net flux,GlyxSink,Glyx -> Sink,100.000000000001,0
Net flux,HPASink,HPA -> Sink,99.9999999999998,0
Net flux,SERex,dummySER -> outSER,3.97495565439454,362.184505609226
Net flux,G_PYR,0*PYR.c -> PYR,30.5204916645096,1.91055943136249
Net flux,(1-G)_PYR,0*PYR.x -> PYR,69.4795083354906,1.91055943136249
Net flux,PYRSink,PYR -> Sink,100,0
Net flux,G_meTHF,0*meTHF.c -> meTHF,99.9999999,0
Net flux,G_FmTHF,0*FmTHF.c -> FmTHF,82.2473972272803,3.01284429525446
Net flux,G_Met,0*Met.c -> Met,65.8510798328623,4.30526043940991
Net flux,G_SAM,0*SAM.c -> SAM,76.2321577491041,4.04938994757172
Net flux,(1-G)_meTHF,0*meTHF.x -> meTHF,1.0000000116861e-07,0
Net flux,(1-G)_FmTHF,0*FmTHF.x -> FmTHF,17.7526027727198,3.01284429525446
Net flux,(1-G)_Met,0*Met.x -> Met,34.1489201671377,4.30526043940991
Net flux,(1-G)_SAM,0*SAM.x -> SAM,23.7678422508959,4.04938994757172
Net flux,meTHFSink,meTHF -> Sink,99.9999999999999,0
Net flux,FmTHFSink,FmTHF -> Sink,100,0
Net flux,MetSink,Met -> Sink,100,0
Net flux,SAMsink,SAM -> Sink,100,0
Net flux,Met-protein,Met.c -> Protein,6.51983996113883e-15,0
Net flux,GLY-protein,GLY.c -> Protein,9.99999949513608e-08,362.185303400173
Net flux,SER-protein,SER.c -> Protein,1.00000000280431e-07,1.38836415882953e-13
Pool,2PG pool,,0,0
Pool,2PG.p pool,,3.84125074663925e-06,589.980389041051
Pool,2PG.x pool,,1,Inf
Pool,3PGA pool,,0,0
Pool,3PGA.c pool,,1.91908396025744e-05,615.808379356098
Pool,3PGA.p pool,,4.16919977187336e-06,606.389121481118
Pool,3PGA.x pool,,1,Inf
Pool,ACA pool,,2.95988668317357e-06,609.93062938611
Pool,ADPG pool,,0,0
Pool,ADPG.p pool,,9.9999999999999e-08,Inf
Pool,ADPG.x pool,,1,Inf
Pool,AKG pool,,2.86016399186606e-06,611.87511089213
Pool,ALA pool,,0,0
Pool,ALA.c pool,,0.0107541089430648,0.00333588219532173
Pool,ALA.x pool,,1,Inf
Pool,ASN pool,,7566.64611403618,608.782641018652
Pool,ASP pool,,0.00361749405581462,0.00455850842063047
Pool,Acceptor.c pool,,1,Inf
Pool,CIT pool,,5.45097184262159,4.04162131463569
Pool,CO2 pool,,0.000530924627182863,651.773647802021
Pool,CO2.t pool,,1,Inf
Pool,E4P.p pool,,0,0
Pool,EC2 pool,,0,0
Pool,F6P pool,,0,0
Pool,F6P.c pool,,3.82983373077598e-06,631.696726920362
Pool,F6P.p pool,,4.18551164734178e-06,600.271226795505
Pool,F6P.x pool,,1,Inf
Pool,FBP pool,,0,0
Pool,FBP.c pool,,3.82979509034706e-06,635.714319613459
Pool,FBP.p pool,,4.06651942637246e-06,621.967538001633
Pool,FBP.x pool,,1,Inf
Pool,FmTHF pool,,0.712158777769604,0.560951839191341
Pool,FmTHF.c pool,,2.657115802511e-06,576.169668594908
Pool,FmTHF.x pool,,1,Inf
Pool,G6P pool,,0,0
Pool,G6P.c pool,,9.87570377761698e-06,593.826697296744
Pool,G6P.p pool,,3.95480944602375e-06,632.67401133118
Pool,G6P.x pool,,1,Inf
Pool,GA pool,,0,0
Pool,GA.p pool,,4.22943388713887e-06,612.473937150942
Pool,GA.x pool,,1,Inf
Pool,GLN pool,,8.83867754990415,649.975604197205
Pool,GLU pool,,2.86016041777823e-06,613.368024310743
Pool,GLY pool,,0,0
Pool,GLY.c pool,,0.227938618045061,37.0217674406391
Pool,GLY.m pool,,1.17248879342566,0.131402429471392
Pool,GLY.p pool,,0.000425928543255489,626.156793494648
Pool,GLY.x pool,,1,Inf
Pool,Glyc pool,,7.03451691543605,1.61632543022229
Pool,Glyc.p pool,,2.36999257364223e-05,620.000062463432
Pool,Glyc.x pool,,1,Inf
Pool,Glyx pool,,14.0098226414356,5.38168566175143
Pool,Glyx.p pool,,3.83458918847547e-05,658.335430130559
Pool,Glyx.x pool,,1,Inf
Pool,HPA pool,,0.000173048472624583,581.301701017854
Pool,HPA.p pool,,3.10632378996951e-06,618.913938458596
Pool,HPA.x pool,,1,Inf
Pool,Hcy.c pool,,1,Inf
Pool,ICI pool,,0.00384776787821964,627.241784576233
Pool,MAL pool,,0.00315627519740778,2.21827267026825
Pool,Met pool,,0.00180049067642218,580.776149812242
Pool,Met.c pool,,2.56760652018535e-06,608.320394825072
Pool,Met.x pool,,1,Inf
Pool,OAA pool,,0.0693808509540421,0.0266749578355173
Pool,P5P pool,,0,0
Pool,PEP pool,,0,0
Pool,PEP.c pool,,6.55326449147219e-06,609.783466569607
Pool,PEP.x pool,,1,Inf
Pool,PRO pool,,5.3949963820695,610.842996934116
Pool,PYR pool,,1.00000000000118e-07,572.224976790433
Pool,PYR.c pool,,0.00822950138063416,0.00246113189026184
Pool,PYR.x pool,,1,Inf
Pool,Protein pool,,1,Inf
Pool,R5P pool,,0,0
Pool,R5P.p pool,,6.6431845207773e-05,580.980123662327
Pool,R5P.x pool,,1,Inf
Pool,RU5P.p pool,,4.05172615464117e-06,628.186978361131
Pool,RU5P.x pool,,1,Inf
Pool,RUBP pool,,0,0
Pool,RUBP.p pool,,4.07486231630871e-06,642.846123406203
Pool,RUBP.x pool,,1,Inf
Pool,S6P pool,,1,Inf
Pool,S7P pool,,0,0
Pool,S7P.p pool,,4.40639365126901e-06,656.057993234177
Pool,S7P.x pool,,1,Inf
Pool,SAH.c pool,,1,Inf
Pool,SAM pool,,6.17496519641058,1.45655563624727
Pool,SAM.c pool,,2.71254548164631e-06,623.110983800272
Pool,SAM.x pool,,1,Inf
Pool,SBP pool,,0,0
Pool,SER pool,,0,0
Pool,SER.c pool,,1e-07,0
Pool,SER.m pool,,0.530861067974997,0.0742850363335366
Pool,SER.p pool,,1.00000000002876e-07,0
Pool,SER.x pool,,1,Inf
Pool,Sink pool,,1,Inf
Pool,Starch pool,,1,Inf
Pool,THR pool,,3659.79142396943,589.054309465984
Pool,TP pool,,0,0
Pool,TP.c pool,,4.18770241801551e-06,603.014417807761
Pool,TP.p pool,,4.33856106607617e-06,616.743697818119
Pool,TP.x pool,,1,Inf
Pool,UDPG pool,,0,0
Pool,UDPG.c pool,,1.53261976281101,653.715633212177
Pool,UDPG.x pool,,1,Inf
Pool,X5P.p pool,,4.17253077127355e-06,619.537249930917
Pool,dummy pool,,1,Inf
Pool,dummyGLY pool,,1,Inf
Pool,dummySER pool,,1,Inf
Pool,meTHF pool,,0.974613926045628,0.788948966748646
Pool,meTHF.c pool,,2.6739716011673e-06,645.98419662749
Pool,meTHF.x pool,,1,Inf
Pool,myTHF.m pool,,0.0244998389095568,601.355176049061
Pool,outSER pool,,1,Inf
Norm,Experiment1 Glyc205 #1 norm,,1.00408453046905,0.0134402575349459
Norm,Experiment1 Glyc205 #2 norm,,0.978817509319224,0.0226913058060028
Norm,Experiment1 Glyc205 #3 norm,,0.97627677559912,0.0195807916797804
Norm,Experiment1 Glyc205 #4 norm,,0.995154828874341,0.0311675179607249
Norm,Experiment1 Glyc205 #5 norm,,1.01352428793354,0.0358219081035405
Norm,Experiment1 Glyc205 #6 norm,,1.00865087579574,0.0277278106665074
Norm,Experiment1 Glyc205 #7 norm,,0.95895531201599,0.0356506256324387
Norm,Experiment1 Glyc205 #8 norm,,0.994216914825642,0.0295120336726494
Norm,Experiment1 Glyx160 #1 norm,,0.974486787120717,0.0107593720097965
Norm,Experiment1 Glyx160 #2 norm,,0.999892844505471,0.0135415023601989
Norm,Experiment1 Glyx160 #3 norm,,0.94229709840259,0.0168933643999158
Norm,Experiment1 Glyx160 #4 norm,,1.02567964139464,0.0160033314640088
Norm,Experiment1 Glyx160 #5 norm,,0.991852008794308,0.0346659146930711
Norm,Experiment1 Glyx160 #6 norm,,1.02114400140053,0.0200111349425662
Norm,Experiment1 Glyx160 #7 norm,,0.953772119658131,0.0379436942144319
Norm,Experiment1 Glyx160 #8 norm,,1.01449372916493,0.0390840712554602
Norm,Experiment1 GLY276 #1 norm,,1.01477955399295,0.0105492841128745
Norm,Experiment1 GLY276 #2 norm,,1.02032083922574,0.0219337303972547
Norm,Experiment1 GLY276 #3 norm,,1.01814938077233,0.0422932626084933
Norm,Experiment1 GLY276 #4 norm,,1.01930561046454,0.0657733783919275
Norm,Experiment1 GLY276 #5 norm,,0.988128228880966,0.110894614478636
Norm,Experiment1 GLY276 #6 norm,,0.940463728592162,0.0794259927999983
Norm,Experiment1 GLY276 #7 norm,,1.04632973750165,0.066072322402927
Norm,Experiment1 GLY276 #8 norm,,0.990492838756987,0.081302688965094
Norm,Experiment1 HPA262 #1 norm,,0.968265905448711,0.0106302784910314
Norm,Experiment1 HPA262 #2 norm,,0.910134516600287,0.0260687325699245
Norm,Experiment1 HPA262 #3 norm,,0.97157022385148,0.0130834604471994
Norm,Experiment1 HPA262 #4 norm,,0.960816792228593,0.0363205182774873
Norm,Experiment1 HPA262 #5 norm,,0.95217905819286,0.0238007596781772
Norm,Experiment1 HPA262 #6 norm,,0.949365588077858,0.0327175718278252
Norm,Experiment1 HPA262 #7 norm,,0.972251523110688,0.0250006460742707
Norm,Experiment1 HPA262 #8 norm,,1.02290682435601,0.0235276358686413
Norm,Experiment1 GA307 #1 norm,,1.01959970752328,0.0122689491401871
Norm,Experiment1 GA307 #2 norm,,0.979119913483394,0.0295897493895908
Norm,Experiment1 GA307 #3 norm,,0.951212764600965,0.0294282201991993
Norm,Experiment1 GA307 #4 norm,,1.00728729476004,0.0201863378951406
Norm,Experiment1 GA307 #5 norm,,0.954403578005384,0.0534597551913195
Norm,Experiment1 GA307 #6 norm,,1.04195849300045,0.0434356272212678
Norm,Experiment1 GA307 #7 norm,,1.00665397355401,0.0442619458003225
Norm,Experiment1 GA307 #8 norm,,0.958955981292214,0.0332827218557025
Norm,Experiment1 SER306 #1 norm,,0.981985700504967,0.0138374829956687
Norm,Experiment1 SER306 #2 norm,,0.991074132119333,0.0154460025066893
Norm,Experiment1 SER306 #3 norm,,0.98470656809261,0.0406541236013206
Norm,Experiment1 SER306 #4 norm,,0.988775591811806,0.0419746820326718
Norm,Experiment1 SER306 #5 norm,,0.978386252784412,0.0914877311857654
Norm,Experiment1 SER306 #6 norm,,0.839453785218278,0.0545995953448517
Norm,Experiment1 SER306 #7 norm,,1.02939008967854,0.0468960208852556
Norm,Experiment1 SER306 #8 norm,,0.975805890579242,0.0536737958350728
Norm,Experiment1 meTHF #1 norm,,1.00644717664376,0.0100505907698076
Norm,Experiment1 meTHF #2 norm,,1.02010281962038,0.0101353744184422
Norm,Experiment1 meTHF #3 norm,,0.915304218475324,0.0671934984158001
Norm,Experiment1 meTHF #4 norm,,0.991051063182619,0.0506170801207568
Norm,Experiment1 meTHF #5 norm,,0.982855284410502,0.0930184415900479
Norm,Experiment1 meTHF #6 norm,,0.934350492722923,0.120376160538922
Norm,Experiment1 meTHF #7 norm,,1.02846392122064,0.0573704007001405
Norm,Experiment1 meTHF #8 norm,,0.976550458547249,0.085996033204581
Norm,Experiment1 FmTHF #1 norm,,1.00247869060037,0.010041666537353
Norm,Experiment1 FmTHF #2 norm,,1.02111660886671,0.0245049426649801
Norm,Experiment1 FmTHF #3 norm,,0.963316825363022,0.0320862170205146
Norm,Experiment1 FmTHF #4 norm,,1.01294660093831,0.0272535220785656
Norm,Experiment1 FmTHF #5 norm,,0.964570819900811,0.0547878210955766
Norm,Experiment1 FmTHF #6 norm,,0.991118057502787,0.0751337684383479
Norm,Experiment1 FmTHF #7 norm,,0.994711677318769,0.0534142353165879
Norm,Experiment1 FmTHF #8 norm,,1.07216991252801,0.0965676983040713
Norm,Experiment1 Met176 #1 norm,,0.923685084948353,0.0225834895844054
Norm,Experiment1 Met176 #2 norm,,0.909580243574427,0.0338755119826233
Norm,Experiment1 Met176 #3 norm,,1.00770536231177,0.0540134745841489
Norm,Experiment1 Met176 #4 norm,,1.01729950336612,0.0419540290052119
Norm,Experiment1 Met176 #5 norm,,0.948831798425761,0.066188563265847
Norm,Experiment1 Met176 #6 norm,,0.995126015273251,0.127382255143509
Norm,Experiment1 Met176 #7 norm,,0.999031789851871,0.123646410915122
Norm,Experiment1 Met176 #8 norm,,0.993045794989521,0.120666094429277
Norm,Experiment1 SAM #1 norm,,1.0007838180838,0.0118748264163007
Norm,Experiment1 SAM #2 norm,,0.979693453679861,0.0118770897713849
Norm,Experiment1 SAM #3 norm,,0.981217046976016,0.0136553308407333
Norm,Experiment1 SAM #4 norm,,1.04218338236889,0.0229941398789841
Norm,Experiment1 SAM #5 norm,,0.9665413113118,0.03637392529808
Norm,Experiment1 SAM #6 norm,,1.01915280935516,0.0735838182215642
Norm,Experiment1 SAM #7 norm,,1.00391640898894,0.107051534926567
Norm,Experiment1 SAM #8 norm,,1.00331275350058,0.0709972251811678
Norm,Experiment1 CIT465 #1 norm,,0.994425809900563,0.0118305627207718
Norm,Experiment1 CIT465 #2 norm,,0.948030029749525,0.0125768975662193
Norm,Experiment1 CIT465 #3 norm,,0.987734662099614,0.0116411758271845
Norm,Experiment1 CIT465 #4 norm,,0.976725039876933,0.0169478877911899
Norm,Experiment1 CIT465 #5 norm,,1.00043706398856,0.0135420803968236
Norm,Experiment1 CIT465 #6 norm,,1.02961470051739,0.013058405503904
Norm,Experiment1 CIT465 #7 norm,,0.971966037713735,0.0134637479246659
Norm,Experiment1 CIT465 #8 norm,,1.02391676580716,0.0210462675916057
Norm,Experiment1 MAL335 #1 norm,,1.00166521255325,0.0127257482900453
Norm,Experiment1 MAL335 #2 norm,,1.00526387509751,0.0112488438620474
Norm,Experiment1 MAL335 #3 norm,,0.972929166804698,0.0101651706719278
Norm,Experiment1 MAL335 #4 norm,,0.980326518539562,0.0144802657322031
Norm,Experiment1 MAL335 #5 norm,,0.93542502900754,0.0132097337749896
Norm,Experiment1 MAL335 #6 norm,,0.986508264961828,0.0176461044867651
Norm,Experiment1 MAL335 #7 norm,,0.95576893085716,0.0271366871423085
Norm,Experiment1 MAL335 #8 norm,,0.979296664854254,0.0394291655781534
Norm,Experiment1 ASP334 #1 norm,,0.982083728635297,0.0226212530371966
Norm,Experiment1 ASP334 #2 norm,,1.03767571368321,0.0322832598769914
Norm,Experiment1 ASP334 #3 norm,,0.94687463788787,0.0220827106761635
Norm,Experiment1 ASP334 #4 norm,,1.04940882094459,0.0304165928431505
Norm,Experiment1 ASP334 #5 norm,,0.915164971452963,0.0339454139489153
Norm,Experiment1 ASP334 #6 norm,,0.965864728880204,0.0336885079835849
Norm,Experiment1 ASP334 #7 norm,,0.950188084499598,0.0286142682996513
Norm,Experiment1 ASP334 #8 norm,,0.975003815231095,0.0822738480965383
Norm,Experiment1 GLU348 #1 norm,,0.945981730678586,0.0215550529585212
Norm,Experiment1 GLU348 #2 norm,,0.969112966094805,0.0198448347855917
Norm,Experiment1 GLU348 #3 norm,,1.06726144672203,0.011865697180688
Norm,Experiment1 GLU348 #4 norm,,1.03789325335418,0.0387673355677186
Norm,Experiment1 GLU348 #5 norm,,0.937444117998433,0.0215508559381423
Norm,Experiment1 GLU348 #6 norm,,1.0192389939457,0.0129858978989115
Norm,Experiment1 GLU348 #7 norm,,0.988223969552728,0.0158643685732438
Norm,Experiment1 GLU348 #8 norm,,0.977555988283125,0.0225716866616069
Norm,Experiment1 THR320 #1 norm,,1.00028875027874,0.0103352465457593
Norm,Experiment1 THR320 #2 norm,,1.06760976344164,0.0160706088037474
Norm,Experiment1 THR320 #3 norm,,0.976997905685722,0.0105830202555275
Norm,Experiment1 THR320 #4 norm,,1.02021666882683,0.0277849128151995
Norm,Experiment1 THR320 #5 norm,,0.978265360051008,0.0202959285581406
Norm,Experiment1 THR320 #6 norm,,0.988541850935202,0.0113786730834571
Norm,Experiment1 THR320 #7 norm,,1.00462137133493,0.0139542131965374
Norm,Experiment1 THR320 #8 norm,,0.870223906154966,0.024342383713147
Norm,Experiment1 ALA116 #1 norm,,1.00877220353196,0.0101099344736525
Norm,Experiment1 ALA116 #2 norm,,1.02102351175576,0.0103760982544683
Norm,Experiment1 ALA116 #3 norm,,1.046671533837,0.0189249705275387
Norm,Experiment1 ALA116 #4 norm,,1.032849317984,0.022758179129868
Norm,Experiment1 ALA116 #5 norm,,0.963591535941504,0.132062897373861
Norm,Experiment1 ALA116 #6 norm,,0.985675239789808,0.0905391693532468
Norm,Experiment1 ALA116 #7 norm,,1.02373698759582,0.0645993816787011
Norm,Experiment1 ALA116 #8 norm,,0.872848823106057,0.114895936433995
Norm,Experiment1 PYR #1 norm,,0.948641800366457,0.0163207845264383
Norm,Experiment1 PYR #2 norm,,1.00562307773597,0.0432764980353404
Norm,Experiment1 PYR #3 norm,,0.939715917891512,0.110200643663148
Norm,Experiment1 PYR #4 norm,,1.03093480365685,0.043777455851732
Norm,Experiment1 PYR #5 norm,,0.983312140410162,0.0537178589737878
Norm,Experiment1 PYR #6 norm,,1.03488780501365,0.0556564586102217
Norm,Experiment1 PYR #7 norm,,0.961718379632972,0.0936381324852015
Norm,Experiment1 PYR #8 norm,,1.00393622073349,0.0607414399887131
