type,id,eqn,val,std
Net flux,CO2.t,CO2.t -> CO2,46.2802774340152,1.09371603605454
Net flux,CO2_sink,dummy -> Sink,46.2802774340152,1.09371603605454
Net flux,RUBICSO_CO2,RUBP.p + CO2 -> 3PGA.p + 3PGA.p + dummy,56.1360625637087,1.20021426672686
Net flux,GAPDH.p net,3PGA.p <-> TP.p,135.204583271139,2.66610784620925
Exch flux,GAPDH.p exch,3PGA.p <-> TP.p,0.603225323999879,0.302281523452986
Net flux,ALD,TP.p + E4P.p -> SBP,24.5640007287672,0.480203535944373
Net flux,SBP,SBP -> S7P.p,24.5640007287672,0.480203535944373
Net flux,FBA.p net,TP.p + TP.p <-> FBP.p,28.9597742200312,0.65150303021111
Exch flux,FBA.p exch,TP.p + TP.p <-> FBP.p,21236.608294462,1674.95652148629
Net flux,PFK.p net,FBP.p <-> F6P.p,28.9597742200344,0.65150303021111
Exch flux,PFK.p exch,FBP.p <-> F6P.p,1.00004541536691e-07,8.55909736676891e-13
Net flux,TK1 net,TP.p + EC2 <-> X5P.p,49.1280014575344,0.960407071888746
Exch flux,TK1 exch,TP.p + EC2 <-> X5P.p,1.0000000116861e-07,0
Net flux,TK2 net,S7P.p <-> R5P.p + EC2,24.5640007287672,0.480203535944373
Exch flux,TK2 exch,S7P.p <-> R5P.p + EC2,38.129101677626,4575.63723587428
Net flux,TK3 net,F6P.p <-> E4P.p + EC2,24.5640007287693,0.480203535944373
Exch flux,TK3 exch,F6P.p <-> E4P.p + EC2,8371.0144866777,5120.63289386213
Net flux,PPE net,X5P.p <-> RU5P.p,49.1280014575344,0.960407071888746
Exch flux,PPE exch,X5P.p <-> RU5P.p,82.3951286044895,4791.45744229904
Net flux,PPI net,R5P.p <-> RU5P.p,24.5640007287673,0.480203535944373
Exch flux,PPI exch,R5P.p <-> RU5P.p,241.269657427817,5829.67159893697
Net flux,PRK,RU5P.p -> RUBP.p,73.6920021863018,1.44061060783312
Net flux,RUBISCO_O2,RUBP.p -> 3PGA.p + 2PG.p,17.5559396225931,0.596720059029079
Net flux,GLYdil net,GLY.p <-> GLY.x + dummyGLY,0.0091532506625569,0.00108783492843099
Exch flux,GLYdil exch,GLY.p <-> GLY.x + dummyGLY,1.0000000116861e-07,0
Net flux,SERdil net,SER.p <-> SER.x + dummySER,2.01167071238987,0.526833163974194
Exch flux,SERdil exch,SER.p <-> SER.x + dummySER,1.063264424166,1.34921186921804
Net flux,GK,GA.p -> 3PGA.p,5.75957173138652,0.591077164275991
Net flux,PGI.p net,F6P.p <-> G6P.p,4.39577349126806,0.346682396086912
Exch flux,PGI.p exch,F6P.p <-> G6P.p,2.7898392661047,2225.5024725534
Net flux,PGM.p,G6P.p -> ADPG.p,4.39577349126807,0.346682396086912
Net flux,Starch,ADPG.p -> Starch,4.39577349126805,0.346682396086912
Net flux,FBA.c net,TP.c + TP.c <-> FBP.c,1.79651632238529,0.21351028917777
Exch flux,FBA.c exch,TP.c + TP.c <-> FBP.c,20.5404229492993,5079.73402700694
Net flux,PFK.c net,FBP.c <-> F6P.c,1.79651632238531,0.21351028917777
Exch flux,PFK.c exch,FBP.c <-> F6P.c,5.19415767607484,4907.81421793935
Net flux,PGI.c net,F6P.c <-> G6P.c,0.898258161192672,0.106755144588885
Exch flux,PGI.c exch,F6P.c <-> G6P.c,227.171701693573,5111.51740362477
Net flux,PGM.c net,G6P.c <-> UDPG.c,0.898258161192643,0.106755144588885
Exch flux,PGM.c exch,G6P.c <-> UDPG.c,48481.4002321533,4178.42274673189
Net flux,SPS,F6P.c + UDPG.c -> S6P,0.898258161192619,0.106755144588885
Net flux,PGAM.c net,3PGA.c <-> PEP.c,0.383053210258635,0.0455246640157625
Exch flux,PGAM.c exch,3PGA.c <-> PEP.c,1.69988324291506,4178.42274697989
Net flux,PK.c,PEP.c -> PYR.c,0.17387583226165,0.0206645934181561
Net flux,PDH,PYR.c + dummy -> ACA + CO2,0.144709389767927,0.017198253818637
Net flux,CS,OAA + ACA -> CIT,0.144709389767923,0.017198253818637
Net flux,ACO net,CIT <-> ICI,0.144709389767968,0.017198253818637
Exch flux,ACO exch,CIT <-> ICI,1262.62870789937,4178.42274673189
Net flux,IDH,ICI + dummy -> AKG + CO2,0.14470938976794,0.017198253818637
Net flux,MDH net,MAL <-> OAA,2.1316282072803e-14,0
Exch flux,MDH exch,MAL <-> OAA,0.36097999843313,0.0773818293344258
Net flux,PPC,PEP.c + CO2 -> OAA + dummy,0.209177377996503,0.0248600705746025
Net flux,T_3PGA net,3PGA.p <-> 3PGA.c,0.383053210258616,0.0455246640157625
Exch flux,T_3PGA exch,3PGA.p <-> 3PGA.c,1.0000000116861e-07,0
Net flux,T_DHAP net,TP.p <-> TP.c,3.59303264477064,0.42702057835554
Exch flux,T_DHAP exch,TP.p <-> TP.c,9.99999998363421e-08,0
Net flux,ALT,PYR.c -> ALA.c,0.0291664424939182,0.0034663395458904
Net flux,ASPT,OAA -> ASP,0.0644679882287871,0.00766181674880588
Net flux,GLUDH,AKG -> GLU,0.144709389767917,0.017198253818637
Net flux,PCR net,GLU <-> PRO,-2.48689957516035e-14,0
Exch flux,PCR exch,GLU <-> PRO,1.0000000116861e-07,0
Net flux,GS net,GLU <-> GLN,0,0
Exch flux,GS exch,GLU <-> GLN,1.00042932160704e-07,0
Net flux,TS net,ASP <-> THR,0,0
Exch flux,TS exch,ASP <-> THR,1.0000000116861e-07,0
Net flux,AS net,ASP <-> ASN,1.06581410364015e-14,0
Exch flux,AS exch,ASP <-> ASN,1.0000000116861e-07,0
Net flux,G_3PGA.p,0*3PGA.p -> 3PGA,2.46866294162373e-06,7172.23795843694
Net flux,G_3PGA.c,0*3PGA.c -> 3PGA,92.9119081389844,4898.1774290661
Net flux,G_DHAP.p,0*TP.p -> TP,40.685379842242,6853.05541847014
Net flux,G_DHAP.c,0*TP.c -> TP,51.8471856996947,4740.25151501338
Net flux,G_F6P.p,0*F6P.p -> F6P,48.6686345030749,6636.21199254632
Net flux,G_F6P.c,0*F6P.c -> F6P,36.546576817712,4841.08356977566
Net flux,G_FBP.p,0*FBP.p -> FBP,2.46866126474288e-06,6977.26022981042
Net flux,G_FBP.c,0*FBP.c -> FBP,83.451231051391,4985.67525145006
Net flux,G_G6P.p,0*G6P.p -> G6P,19.0549768397257,6948.21716598432
Net flux,G_G6P.c,0*G6P.c -> G6P,58.8549499993083,4537.83851433798
Net flux,G_RU5P.p,0*RU5P.p -> P5P,2.46865368325189e-06,6856.26160893672
Net flux,G_X5P.p,0*X5P.p -> P5P,92.8477691501077,4961.62398443145
Net flux,G_R5P.p,0*R5P.p -> R5P,82.2810779884949,4871.31092365164
Net flux,G_GA.p,0*GA.p -> GA,39.7651298843144,1.69152021424473
Net flux,G_SER.p,0*SER.p -> SER,96.7363580177885,2.75875616068118
Net flux,G_GLY.p,0*GLY.p -> GLY,9.70712311724344,5054.11900368574
Net flux,G_RUBP.p,0*RUBP.p -> RUBP,92.5302752673063,5144.93399296833
Net flux,G_S7P.p,0*S7P.p -> S7P,98.4567310636212,5010.88418858152
Net flux,G_2PG.p,0*2PG.p -> 2PG,87.0427532706349,4820.61879622681
Net flux,G_ADPG.p,0*ADPG.p -> ADPG,95.0805622183377,4800.49374082249
Net flux,G_PEP.c,0*PEP.c -> PEP,89.2305410445615,4991.8109280241
Net flux,G_UDPG.c,0*UDPG.c -> UDPG,72.4268033045549,5069.22611118944
Net flux,G_ALA.c,0*ALA.c -> ALA,75.4903392970524,6.93014218911677
Net flux,(1-G)_GA,0*GA.x -> GA,60.2348701156877,1.69152021424473
Net flux,(1-G)_SER,0*SER.x -> SER,3.26364178221113,2.75875616068118
Net flux,(1-G)_GLY,0*GLY.x -> GLY,31.8079516203236,3.26830631828244
Net flux,(1-G)_R5P,0*R5P.x -> R5P,17.718922011502,4871.31092365164
Net flux,(1-G)_RUBP,0*RUBP.x -> RUBP,7.46972473269241,5144.93399296833
Net flux,(1-G)_3PGA,0*3PGA.x -> 3PGA,7.08808939235301,4919.45825074235
Net flux,(1-G)_TP,0*TP.x -> TP,7.46743445806383,5039.36742952512
Net flux,(1-G)_F6P,0*F6P.x -> F6P,14.7847886792169,4893.51588962405
Net flux,(1-G)_FBP,0*FBP.x -> FBP,16.5487664799425,4873.33135103696
Net flux,(1-G)_G6P,0*G6P.x -> G6P,22.0900731609643,4973.20141253848
Net flux,(1-G)_RU5P,0*RU5P.x -> P5P,7.15222838124006,4976.33127704812
Net flux,(1-G)_S7P,0*S7P.x -> S7P,1.54326893637677,5010.88418858152
Net flux,(1-G)_2PG,0*2PG.x -> 2PG,12.9572467293675,4820.61879622681
Net flux,(1-G)_ADPG,0*ADPG.x -> ADPG,4.91943778166132,4800.49374082249
Net flux,(1-G)_PEP,0*PEP.x -> PEP,10.7694589554367,4991.8109280241
Net flux,(1-G)_UDPG,0*UDPG.x -> UDPG,27.5731966954463,5069.22611118944
Net flux,(1-G)_ALA,0*ALA.x -> ALA,24.5096607029474,6.93014218911677
Net flux,PGASink,3PGA -> Sink,100,0
Net flux,DHAPSink,TP -> Sink,100.000000000001,0
Net flux,F6PSink,F6P -> Sink,100.000000000004,0
Net flux,FBPSink,FBP -> Sink,99.9999999999947,0
Net flux,G6PSink,G6P -> Sink,99.9999999999983,0
Net flux,P5PSink,P5P -> Sink,100.000000000001,0
Net flux,R5PSink,R5P -> Sink,99.9999999999968,0
Net flux,GASink,GA -> Sink,100.000000000002,0
Net flux,SERSink,SER -> Sink,99.9999999999996,0
Net flux,GLYSink,GLY -> Sink,100.000000000001,0
Net flux,RUBPSink,RUBP -> Sink,99.9999999999987,0
Net flux,S7PSink,S7P -> Sink,99.9999999999979,0
Net flux,2PGSink,2PG -> Sink,100.000000000002,0
Net flux,ADPGSink,ADPG -> Sink,99.999999999999,0
Net flux,PEPSink,PEP -> Sink,99.9999999999983,0
Net flux,UDPGSink,UDPG -> Sink,100.000000000001,0
Net flux,ALASink,ALA -> Sink,99.9999999999998,0
Net flux,S6Pout-LL,S6P + 0.1611*GLU + 0.07177*ASP + 0.03247*ALA.c + 0.01019*dummyGLY + 0.03484*dummySER -> Sink,0.898258161192654,0.106755144588885
Net flux,PGP.p,2PG.p -> Glyc.p,17.5559396225931,0.596720059029079
Net flux,GOX,Glyc.p -> Glyx.p,17.5559396225931,0.596720059029079
Net flux,GGT,Glyx.p -> GLY.p,17.5559396225931,0.596720059029079
Net flux,SGAT,SER.p -> HPA.p,5.75957173138651,0.591077164275991
Net flux,HPR.p,HPA.p -> GA.p,5.7595717313865,0.591077164275991
Net flux,T_GLY-m net,GLY.p <-> GLY.m,17.3246854325407,4925.42971408396
Exch flux,T_GLY-m exch,GLY.p <-> GLY.m,92627.7027342267,5083.36567253558
Net flux,GDC.m,GLY.m + dummy -> myTHF.m + CO2,9.77554372815423,0.4736111894277
Net flux,T_SER-m net,SER.p <-> SER.m,-9.77554372815424,0.4736111894277
Exch flux,T_SER-m exch,SER.p <-> SER.m,14.380531075516,78.6653468549803
Net flux,mSHMT,GLY.m + myTHF.m -> SER.m,9.77554372815423,0.4736111894277
Net flux,T_SER-c net,SER.p <-> SER.c,2.00430128437784,0.860761894788073
Exch flux,T_SER-c exch,SER.p <-> SER.c,1.00000000280431e-07,1.38939567161934
Net flux,T_Gly-c net,GLY.p <-> GLY.c,0.222100939381732,4925.42967894976
Exch flux,T_Gly-c exch,GLY.p <-> GLY.c,0.0018673649956753,4925.42966326203
Net flux,cSHMT,SER.c -> GLY.c + meTHF.c,2.00430118437785,0.860761894788073
Net flux,FmTHF-reductase net,meTHF.c <-> FmTHF.c,2.00430118437785,0.860761894788073
Exch flux,FmTHF-reductase exch,meTHF.c <-> FmTHF.c,6.87936048571061,5013.43269632479
Net flux,Met-synthase,FmTHF.c + Hcy.c -> Met.c,2.00430118437783,0.860761894788073
Net flux,SAM-synthase,Met.c -> SAM.c,2.00430118437784,0.860761894788073
Net flux,Methylation,SAM.c -> SAH.c + Acceptor.c,2.00430118437784,0.860761894788073
Net flux,hydrolysis,SAH.c -> Hcy.c,2.00430118437783,0.860761894788073
Net flux,G_SER.m,0*SER.m -> SER,1.0000000116861e-07,0
Net flux,G_SER.c,0*SER.c -> SER,1.0000000116861e-07,0
Net flux,G_Gly.m,0*GLY.m -> GLY,0.000171046603121283,5054.10969818477
Net flux,G_Gly.c,0*GLY.c -> GLY,58.4847542158311,11.2826257369919
Net flux,T_GLY-c-m,GLY.c -> GLY.m,2.22640202375965,4925.42977183193
Net flux,G_Glyc,0*Glyc.p -> Glyc,22.5867716098182,1.2628303848474
Net flux,G_Glyx,0*Glyx.p -> Glyx,22.0454228225034,4.11119457087679
Net flux,G_HPA,0*HPA.p -> HPA,8.95176678896806,1.29066984600158
Net flux,(1-G)_Glyc,0*Glyc.x -> Glyc,77.4132283901824,1.2628303848474
Net flux,(1-G)_Glyx,0*Glyx.x -> Glyx,77.9545771774975,4.11119457087679
Net flux,(1-G)_HPA,0*HPA.x -> HPA,91.0482332110318,1.29066984600158
Net flux,GlycSink,Glyc -> Sink,100.000000000001,0
Net flux,GlyxSink,Glyx -> Sink,100.000000000001,0
Net flux,HPASink,HPA -> Sink,99.9999999999998,0
Net flux,SERex,dummySER -> outSER,1.98037251823819,0.527656994163766
Net flux,G_PYR,0*PYR.c -> PYR,31.6330469567223,1.61965377208257
Net flux,(1-G)_PYR,0*PYR.x -> PYR,68.3669530432779,1.61965377208257
Net flux,PYRSink,PYR -> Sink,100,0
Net flux,G_meTHF,0*meTHF.c -> meTHF,99.9999999,0
Net flux,G_FmTHF,0*FmTHF.c -> FmTHF,80.6353804022315,3.33859927009559
Net flux,G_Met,0*Met.c -> Met,68.9033757332109,4.32947345240128
Net flux,G_SAM,0*SAM.c -> SAM,64.0617239987717,3.59585227883545
Net flux,(1-G)_meTHF,0*meTHF.x -> meTHF,1.0000000116861e-07,0
Net flux,(1-G)_FmTHF,0*FmTHF.x -> FmTHF,19.3646195977686,3.33859927009559
Net flux,(1-G)_Met,0*Met.x -> Met,31.0966242667891,4.32947345240128
Net flux,(1-G)_SAM,0*SAM.x -> SAM,35.9382760012283,3.59585227883545
Net flux,meTHFSink,meTHF -> Sink,99.9999999999999,0
Net flux,FmTHFSink,FmTHF -> Sink,100,0
Net flux,MetSink,Met -> Sink,100,0
Net flux,SAMsink,SAM -> Sink,100,0
Net flux,Met-protein,Met.c -> Protein,6.51983996113883e-15,0
Net flux,GLY-protein,GLY.c -> Protein,9.99999638651161e-08,2.23182812210101e-15
Net flux,SER-protein,SER.c -> Protein,9.99999958395392e-08,6.15305538137942e-16
Pool,2PG pool,,0,0
Pool,2PG.p pool,,2.9895967568478e-06,5181.96402221429
Pool,2PG.x pool,,1,Inf
Pool,3PGA pool,,0,0
Pool,3PGA.c pool,,0.0136848627651402,0.00366861000298904
Pool,3PGA.p pool,,3.36199868664445e-06,5164.91793258028
Pool,3PGA.x pool,,1,Inf
Pool,ACA pool,,2.64628579196497e-06,5060.57245748952
Pool,ADPG pool,,0,0
Pool,ADPG.p pool,,9.9999999999999e-08,Inf
Pool,ADPG.x pool,,1,Inf
Pool,AKG pool,,1.60686310303413e-06,5031.03243468416
Pool,ALA pool,,0,0
Pool,ALA.c pool,,0.00890767619334616,0.00223807313654322
Pool,ALA.x pool,,1,Inf
Pool,ASN pool,,7566.0681937386,5208.62557476936
Pool,ASP pool,,1.29016847122154e-07,4899.79410834176
Pool,Acceptor.c pool,,1,Inf
Pool,CIT pool,,3.68259810614263,1.46840787612559
Pool,CO2 pool,,3.41308714114524e-05,4716.66907323036
Pool,CO2.t pool,,1,Inf
Pool,E4P.p pool,,0,0
Pool,EC2 pool,,0,0
Pool,F6P pool,,0,0
Pool,F6P.c pool,,3.82981060444299e-06,5452.51423354376
Pool,F6P.p pool,,2.99980419705272e-06,5408.53661103559
Pool,F6P.x pool,,1,Inf
Pool,FBP pool,,0,0
Pool,FBP.c pool,,3.82976620636063e-06,4799.59325275217
Pool,FBP.p pool,,2.68953424148196e-06,5015.31110894358
Pool,FBP.x pool,,1,Inf
Pool,FmTHF pool,,1.16629946385865,0.63976505892039
Pool,FmTHF.c pool,,5.85366643832026e-07,4905.32008884178
Pool,FmTHF.x pool,,1,Inf
Pool,G6P pool,,0,0
Pool,G6P.c pool,,9.87555011000616e-06,5146.70849945037
Pool,G6P.p pool,,3.47586540608075e-06,5048.07008618852
Pool,G6P.x pool,,1,Inf
Pool,GA pool,,0,0
Pool,GA.p pool,,2.48902649886004e-06,5056.54210608563
Pool,GA.x pool,,1,Inf
Pool,GLN pool,,8.83867754946346,5360.95136748512
Pool,GLU pool,,1.60686795599809e-06,5026.9714381336
Pool,GLY pool,,0,0
Pool,GLY.c pool,,9.99999999994061e-08,0
Pool,GLY.m pool,,0.253265151881476,0.0564164815736247
Pool,GLY.p pool,,0.000424455185052093,5011.8218651217
Pool,GLY.x pool,,1,Inf
Pool,Glyc pool,,6.27609455138722,1.51118314908239
Pool,Glyc.p pool,,7.28098830202718e-06,5301.8661788706
Pool,Glyc.x pool,,1,Inf
Pool,Glyx pool,,42.9867166499427,16.0273091796296
Pool,Glyx.p pool,,8.62608842425482e-06,5366.74732697734
Pool,Glyx.x pool,,1,Inf
Pool,HPA pool,,0.000148471319389845,4867.49512381548
Pool,HPA.p pool,,2.00573993737771e-06,5072.30624109104
Pool,HPA.x pool,,1,Inf
Pool,Hcy.c pool,,1,Inf
Pool,ICI pool,,0.00349441759677125,4771.83945634138
Pool,MAL pool,,0.498441250173526,0.103151744050072
Pool,Met pool,,4.61489373287942e-05,5160.52683082276
Pool,Met.c pool,,5.67651027203798e-07,5166.70767675715
Pool,Met.x pool,,1,Inf
Pool,OAA pool,,0.129381755062205,0.0236011212648993
Pool,P5P pool,,0,0
Pool,PEP pool,,0,0
Pool,PEP.c pool,,1.00000000000002e-07,0
Pool,PEP.x pool,,1,Inf
Pool,PRO pool,,5.39499638329133,5207.81871780382
Pool,PYR pool,,0.000148758274195637,5107.02710882152
Pool,PYR.c pool,,0.00239064734079367,0.00159112286086539
Pool,PYR.x pool,,1,Inf
Pool,Protein pool,,1,Inf
Pool,R5P pool,,0,0
Pool,R5P.p pool,,3.39127444105421e-06,5177.720494956
Pool,R5P.x pool,,1,Inf
Pool,RU5P.p pool,,2.78651151883507e-06,5114.10630774182
Pool,RU5P.x pool,,1,Inf
Pool,RUBP pool,,0,0
Pool,RUBP.p pool,,2.77737003386148e-06,5233.03894286133
Pool,RUBP.x pool,,1,Inf
Pool,S6P pool,,1,Inf
Pool,S7P pool,,0,0
Pool,S7P.p pool,,2.48247548936787e-06,5075.01122854405
Pool,S7P.x pool,,1,Inf
Pool,SAH.c pool,,1,Inf
Pool,SAM pool,,4.03831495350421,1.25733223665963
Pool,SAM.c pool,,2.48766668638881e-06,5219.81110439607
Pool,SAM.x pool,,1,Inf
Pool,SBP pool,,0,0
Pool,SER pool,,0,0
Pool,SER.c pool,,1.00000000002876e-07,0
Pool,SER.m pool,,1.16756413472076,0.0922134016027371
Pool,SER.p pool,,6.89022078459942e-06,5208.16639284366
Pool,SER.x pool,,1,Inf
Pool,Sink pool,,1,Inf
Pool,Starch pool,,1,Inf
Pool,THR pool,,3889.75994268189,5139.27863108477
Pool,TP pool,,0,0
Pool,TP.c pool,,4.18768444756393e-06,5079.66827320383
Pool,TP.p pool,,3.45301858304355e-06,5026.67941822932
Pool,TP.x pool,,1,Inf
Pool,UDPG pool,,0,0
Pool,UDPG.c pool,,0.744625947649278,5046.91653988958
Pool,UDPG.x pool,,1,Inf
Pool,X5P.p pool,,2.85142404352623e-06,4778.77709722138
Pool,dummy pool,,1,Inf
Pool,dummyGLY pool,,1,Inf
Pool,dummySER pool,,1,Inf
Pool,meTHF pool,,3.70348482859445,1.4509841194434
Pool,meTHF.c pool,,5.92787738106748e-07,5017.39695504821
Pool,meTHF.x pool,,1,Inf
Pool,myTHF.m pool,,1.00000000002876e-07,0
Pool,outSER pool,,1,Inf
Norm,Experiment1 Glyc205 #1 norm,,0.974081417469361,0.0127625384505885
Norm,Experiment1 Glyc205 #2 norm,,1.00199953431068,0.0241489580983753
Norm,Experiment1 Glyc205 #3 norm,,0.969980808307242,0.0203539245057692
Norm,Experiment1 Glyc205 #4 norm,,1.00998246648214,0.0322747810838004
Norm,Experiment1 Glyc205 #5 norm,,0.984241394130273,0.0344745016542934
Norm,Experiment1 Glyc205 #6 norm,,1.02677236015617,0.0272926560017384
Norm,Experiment1 Glyc205 #7 norm,,0.969495670232444,0.0355251156988214
Norm,Experiment1 Glyc205 #8 norm,,0.998406933689159,0.0309421031409947
Norm,Experiment1 Glyx160 #1 norm,,0.990801843831204,0.0108009771833039
Norm,Experiment1 Glyx160 #2 norm,,0.969890370501063,0.0129165730357462
Norm,Experiment1 Glyx160 #3 norm,,0.947329148073175,0.0163150575759519
Norm,Experiment1 Glyx160 #4 norm,,0.99917421516448,0.0138785963139241
Norm,Experiment1 Glyx160 #5 norm,,0.93333400074361,0.0322932226454547
Norm,Experiment1 Glyx160 #6 norm,,1.03628195085218,0.0214219200557888
Norm,Experiment1 Glyx160 #7 norm,,0.965824640025553,0.037932327029711
Norm,Experiment1 Glyx160 #8 norm,,0.996980805344524,0.0391597600630345
Norm,Experiment1 GLY276 #1 norm,,0.978878096731073,0.0101469054975166
Norm,Experiment1 GLY276 #2 norm,,0.984364133580181,0.0237423556424012
Norm,Experiment1 GLY276 #3 norm,,1.00476241304618,0.0442272534120327
Norm,Experiment1 GLY276 #4 norm,,1.00193980075121,0.0632096569081369
Norm,Experiment1 GLY276 #5 norm,,1.01588975626209,0.143458387169575
Norm,Experiment1 GLY276 #6 norm,,0.880474794742532,0.0875162828345173
Norm,Experiment1 GLY276 #7 norm,,1.02753794597156,0.0756183291885085
Norm,Experiment1 GLY276 #8 norm,,0.98734562562947,0.0744493190348438
Norm,Experiment1 HPA262 #1 norm,,0.991248313593619,0.0107146452897573
Norm,Experiment1 HPA262 #2 norm,,0.951982357011802,0.0286394874361132
Norm,Experiment1 HPA262 #3 norm,,0.967227656366346,0.0132307502341372
Norm,Experiment1 HPA262 #4 norm,,0.95515056942157,0.0357046092672149
Norm,Experiment1 HPA262 #5 norm,,0.984126753416593,0.0240072810607728
Norm,Experiment1 HPA262 #6 norm,,0.959910935042088,0.0347820890307385
Norm,Experiment1 HPA262 #7 norm,,0.975045598317089,0.024095821520611
Norm,Experiment1 HPA262 #8 norm,,1.01970269165573,0.0238213157064668
Norm,Experiment1 GA307 #1 norm,,0.995594567246799,0.0120375014262116
Norm,Experiment1 GA307 #2 norm,,0.980114636411816,0.0320696488258227
Norm,Experiment1 GA307 #3 norm,,0.956993311392764,0.0298995978002584
Norm,Experiment1 GA307 #4 norm,,1.00352358820342,0.0203925961545885
Norm,Experiment1 GA307 #5 norm,,0.995237311739993,0.05983801971709
Norm,Experiment1 GA307 #6 norm,,1.04403327557372,0.0429587852017233
Norm,Experiment1 GA307 #7 norm,,0.99459883776437,0.0475208705727557
Norm,Experiment1 GA307 #8 norm,,1.00218487210078,0.0350947637055722
Norm,Experiment1 SER306 #1 norm,,0.966561909757122,0.013584520368677
Norm,Experiment1 SER306 #2 norm,,0.998985203301388,0.0164763744356822
Norm,Experiment1 SER306 #3 norm,,0.981481572571799,0.0419601714146739
Norm,Experiment1 SER306 #4 norm,,0.985225080963806,0.0535021996040555
Norm,Experiment1 SER306 #5 norm,,1.04313283679592,0.102830350162872
Norm,Experiment1 SER306 #6 norm,,0.918495968471889,0.0636464261617131
Norm,Experiment1 SER306 #7 norm,,0.989366546091625,0.0409429064342248
Norm,Experiment1 SER306 #8 norm,,1.01418539894087,0.0532858685121804
Norm,Experiment1 meTHF #1 norm,,1.00699895856745,0.010082897083298
Norm,Experiment1 meTHF #2 norm,,1.01003769087503,0.0100013239391771
Norm,Experiment1 meTHF #3 norm,,0.879371850758768,0.0558269744608617
Norm,Experiment1 meTHF #4 norm,,1.03661684002363,0.0545781670855804
Norm,Experiment1 meTHF #5 norm,,0.973355114662586,0.108846422615974
Norm,Experiment1 meTHF #6 norm,,0.999064038876432,0.129920859163808
Norm,Experiment1 meTHF #7 norm,,1.02048471856832,0.0590650291656643
Norm,Experiment1 meTHF #8 norm,,0.970933845188026,0.095705228719996
Norm,Experiment1 FmTHF #1 norm,,0.9897390683857,0.00990965402875561
Norm,Experiment1 FmTHF #2 norm,,0.971337233339289,0.0233171864280097
Norm,Experiment1 FmTHF #3 norm,,1.01275726770525,0.0327681391386076
Norm,Experiment1 FmTHF #4 norm,,1.00569993068487,0.0269929362692541
Norm,Experiment1 FmTHF #5 norm,,0.953799452445502,0.0609418311915551
Norm,Experiment1 FmTHF #6 norm,,1.00054466154911,0.0614749444542316
Norm,Experiment1 FmTHF #7 norm,,0.999466462695193,0.0558601510514907
Norm,Experiment1 FmTHF #8 norm,,1.05763252188142,0.110221379455694
Norm,Experiment1 Met176 #1 norm,,0.967455820924995,0.0254389072743003
Norm,Experiment1 Met176 #2 norm,,0.882653504908169,0.0317840237651473
Norm,Experiment1 Met176 #3 norm,,0.954910349711413,0.0533356225686221
Norm,Experiment1 Met176 #4 norm,,0.963085018854987,0.0364273303391391
Norm,Experiment1 Met176 #5 norm,,1.02894597231075,0.0745790508838482
Norm,Experiment1 Met176 #6 norm,,1.00027102948134,0.111649044470224
Norm,Experiment1 Met176 #7 norm,,1.00316277964636,0.118110850335703
Norm,Experiment1 Met176 #8 norm,,0.978158263430465,0.131172575444717
Norm,Experiment1 SAM #1 norm,,1.01464699049954,0.0117298204620472
Norm,Experiment1 SAM #2 norm,,0.995439641857944,0.0119500707864953
Norm,Experiment1 SAM #3 norm,,1.00410774373208,0.0145624444239344
Norm,Experiment1 SAM #4 norm,,1.00078396923556,0.0227418328735994
Norm,Experiment1 SAM #5 norm,,0.978473402065903,0.0393852013878904
Norm,Experiment1 SAM #6 norm,,1.02167446061211,0.0556382293041422
Norm,Experiment1 SAM #7 norm,,1.00027087009638,0.0831300990605173
Norm,Experiment1 SAM #8 norm,,1.00242653677666,0.0808781101301692
Norm,Experiment1 CIT465 #1 norm,,0.968212940463144,0.011572602932301
Norm,Experiment1 CIT465 #2 norm,,0.988118031785276,0.0130732493135069
Norm,Experiment1 CIT465 #3 norm,,1.00802031310228,0.0118013530299854
Norm,Experiment1 CIT465 #4 norm,,0.962836872154621,0.01570423380164
Norm,Experiment1 CIT465 #5 norm,,1.00551494405441,0.0136534564842712
Norm,Experiment1 CIT465 #6 norm,,1.0141770197318,0.0129548632094544
Norm,Experiment1 CIT465 #7 norm,,1.04348932379133,0.0140575077869792
Norm,Experiment1 CIT465 #8 norm,,0.991666021310366,0.0186908609646189
Norm,Experiment1 MAL335 #1 norm,,0.96727613659946,0.0122129281418635
Norm,Experiment1 MAL335 #2 norm,,0.993717335907316,0.0110162928333182
Norm,Experiment1 MAL335 #3 norm,,0.996141110086452,0.0104128937756018
Norm,Experiment1 MAL335 #4 norm,,0.997478134625303,0.0145269798955785
Norm,Experiment1 MAL335 #5 norm,,0.997395876478279,0.0142693490467935
Norm,Experiment1 MAL335 #6 norm,,0.975361670984717,0.0139930167978629
Norm,Experiment1 MAL335 #7 norm,,0.982288826145648,0.0210122780907185
Norm,Experiment1 MAL335 #8 norm,,1.00622094339789,0.0362366919324313
Norm,Experiment1 ASP334 #1 norm,,0.933237931459515,0.021161502915529
Norm,Experiment1 ASP334 #2 norm,,0.970106554822899,0.0304976408596916
Norm,Experiment1 ASP334 #3 norm,,0.972846440289896,0.0201157773399157
Norm,Experiment1 ASP334 #4 norm,,0.978080698295743,0.0188596660912482
Norm,Experiment1 ASP334 #5 norm,,1.02518090687093,0.0306912202317001
Norm,Experiment1 ASP334 #6 norm,,0.987540105752101,0.0312617476559058
Norm,Experiment1 ASP334 #7 norm,,1.01484974216015,0.0315327081807708
Norm,Experiment1 ASP334 #8 norm,,0.97209017343083,0.0736012144542796
Norm,Experiment1 GLU348 #1 norm,,0.940577304321018,0.0206141579693902
Norm,Experiment1 GLU348 #2 norm,,0.964603840255993,0.0193347801364798
Norm,Experiment1 GLU348 #3 norm,,0.988844056926608,0.0113082628470525
Norm,Experiment1 GLU348 #4 norm,,0.955785864024555,0.0349576633304732
Norm,Experiment1 GLU348 #5 norm,,0.952454770639325,0.0223183762751371
Norm,Experiment1 GLU348 #6 norm,,0.971286582220794,0.0126756762039791
Norm,Experiment1 GLU348 #7 norm,,0.935518997928887,0.0144327340025171
Norm,Experiment1 GLU348 #8 norm,,0.945831052439889,0.0205795017707972
Norm,Experiment1 THR320 #1 norm,,1.00362334957563,0.0104514934205665
Norm,Experiment1 THR320 #2 norm,,0.950948958411895,0.0139488871639273
Norm,Experiment1 THR320 #3 norm,,0.999738807948976,0.0105868680929467
Norm,Experiment1 THR320 #4 norm,,0.971434186200033,0.029147718652822
Norm,Experiment1 THR320 #5 norm,,1.00014421726704,0.020696892285752
Norm,Experiment1 THR320 #6 norm,,0.983381912633302,0.0111314735354576
Norm,Experiment1 THR320 #7 norm,,0.918844504890359,0.0131323351785657
Norm,Experiment1 THR320 #8 norm,,0.859228189263853,0.0232821267443311
Norm,Experiment1 ALA116 #1 norm,,0.991695753353292,0.0098387980785822
Norm,Experiment1 ALA116 #2 norm,,1.0041051988527,0.0100886566026256
Norm,Experiment1 ALA116 #3 norm,,1.00571420119179,0.0178651986819769
Norm,Experiment1 ALA116 #4 norm,,1.00715310075381,0.0215462169764786
Norm,Experiment1 ALA116 #5 norm,,1.06879536449549,0.139613743017008
Norm,Experiment1 ALA116 #6 norm,,0.995277845447249,0.083695567285242
Norm,Experiment1 ALA116 #7 norm,,1.01786788036957,0.0657303419917209
Norm,Experiment1 ALA116 #8 norm,,0.971396488921986,0.0964947433277777
Norm,Experiment1 PYR #1 norm,,0.953309081169644,0.0166412354798438
Norm,Experiment1 PYR #2 norm,,0.969096615349795,0.0469945886612227
Norm,Experiment1 PYR #3 norm,,1.00972698191158,0.110808048215293
Norm,Experiment1 PYR #4 norm,,1.06071342272839,0.0457237862036696
Norm,Experiment1 PYR #5 norm,,1.02141975772519,0.0510137277267328
Norm,Experiment1 PYR #6 norm,,1.01670237338851,0.0508942028191584
Norm,Experiment1 PYR #7 norm,,0.975292175358626,0.0827356386792359
Norm,Experiment1 PYR #8 norm,,0.978608912637056,0.057608045029282
