type,id,eqn,val,std
Net flux,CO2.t,CO2.t -> CO2,47.580166783385,1.09025175069272
Net flux,CO2_sink,dummy -> Sink,47.5801667833849,1.09025175069272
Net flux,RUBICSO_CO2,RUBP.p + CO2 -> 3PGA.p + 3PGA.p + dummy,59.3469987614678,1.23179545184705
Net flux,GAPDH.p net,3PGA.p <-> TP.p,142.675000471858,2.67955580811399
Exch flux,GAPDH.p exch,3PGA.p <-> TP.p,1.45543727629293,0.504253909287153
Net flux,ALD,TP.p + E4P.p -> SBP,26.1873227271283,0.488028530469667
Net flux,SBP,SBP -> S7P.p,26.1873227271283,0.488028530469667
Net flux,FBA.p net,TP.p + TP.p <-> FBP.p,30.5267524587871,0.651376799283053
Exch flux,FBA.p exch,TP.p + TP.p <-> FBP.p,17196.3672923464,24.9315140788754
Net flux,PFK.p net,FBP.p <-> F6P.p,30.5267524587902,0.651376799283053
Exch flux,PFK.p exch,FBP.p <-> F6P.p,9.9998018754377e-08,5.12511574897361e-15
Net flux,TK1 net,TP.p + EC2 <-> X5P.p,52.3746454542566,0.976057060939335
Exch flux,TK1 exch,TP.p + EC2 <-> X5P.p,1.00000026037605e-07,0
Net flux,TK2 net,S7P.p <-> R5P.p + EC2,26.1873227271283,0.488028530469667
Exch flux,TK2 exch,S7P.p <-> R5P.p + EC2,38.005178484655,42.7898871286907
Net flux,TK3 net,F6P.p <-> E4P.p + EC2,26.1873227271285,0.488028530469667
Exch flux,TK3 exch,F6P.p <-> E4P.p + EC2,3671.83089017331,39.9805038324027
Net flux,PPE net,X5P.p <-> RU5P.p,52.3746454542566,0.976057060939335
Exch flux,PPE exch,X5P.p <-> RU5P.p,103.686490262214,41.7022412910035
Net flux,PPI net,R5P.p <-> RU5P.p,26.1873227271284,0.488028530469667
Exch flux,PPI exch,R5P.p <-> RU5P.p,237.683724431014,41.3852491694079
Net flux,PRK,RU5P.p -> RUBP.p,78.561968181385,1.464085591409
Net flux,RUBISCO_O2,RUBP.p -> 3PGA.p + 2PG.p,19.2149694199172,0.597678402507622
Net flux,GLYdil net,GLY.p <-> GLY.x + dummyGLY,0.00779414598245154,0.0010616373872103
Exch flux,GLYdil exch,GLY.p <-> GLY.x + dummyGLY,1.0000000116861e-07,0
Net flux,SERdil net,SER.p <-> SER.x + dummySER,2.41645881975158,3.71641468451296
Exch flux,SERdil exch,SER.p <-> SER.x + dummySER,0.816787227251808,0.225879772602157
Net flux,GK,GA.p -> 3PGA.p,5.09220974222866,0.63925195700455
Net flux,PGI.p net,F6P.p <-> G6P.p,4.33942973166153,0.356140153487002
Exch flux,PGI.p exch,F6P.p <-> G6P.p,2.161278250161,41.3682894881367
Net flux,PGM.p,G6P.p -> ADPG.p,4.33942973166154,0.356140153487002
Net flux,Starch,ADPG.p -> Starch,4.33942973166151,0.356140153487002
Net flux,FBA.c net,TP.c + TP.c <-> FBP.c,1.52976368644523,0.208368476390648
Exch flux,FBA.c exch,TP.c + TP.c <-> FBP.c,20.7626588205814,42.1652919083446
Net flux,PFK.c net,FBP.c <-> F6P.c,1.52976368644524,0.208368476390648
Exch flux,PFK.c exch,FBP.c <-> F6P.c,5.41679643570843,32.5127002183219
Net flux,PGI.c net,F6P.c <-> G6P.c,0.764881843222639,0.104184238195324
Exch flux,PGI.c exch,F6P.c <-> G6P.c,227.399987951028,32.5121994399026
Net flux,PGM.c net,G6P.c <-> UDPG.c,0.764881843220792,0.104184238195324
Exch flux,PGM.c exch,G6P.c <-> UDPG.c,48481.4250860362,32.5120325120488
Net flux,SPS,F6P.c + UDPG.c -> S6P,0.764881843222586,0.104184238195324
Net flux,PGAM.c net,3PGA.c <-> PEP.c,0.326176213224056,0.0444283265360255
Exch flux,PGAM.c exch,3PGA.c <-> PEP.c,0.0134905206671327,32.512062868122
Net flux,PK.c,PEP.c -> PYR.c,0.148058178392524,0.0201669429874763
Net flux,PDH,PYR.c + dummy -> ACA + CO2,0.123222464943142,0.0167840807732673
Net flux,CS,OAA + ACA -> CIT,0.123222464943138,0.0167840807732673
Net flux,ACO net,CIT <-> ICI,0.123222464943183,0.0167840807732673
Exch flux,ACO exch,CIT <-> ICI,1183.46048822655,32.5120325120488
Net flux,IDH,ICI + dummy -> AKG + CO2,0.123222464943155,0.0167840807732673
Net flux,MDH net,MAL <-> OAA,2.1316282072803e-14,0
Exch flux,MDH exch,MAL <-> OAA,6.15769864964477e-05,0.460735000815025
Net flux,PPC,PEP.c + CO2 -> OAA + dummy,0.178118034831278,0.0242613835485511
Net flux,T_3PGA net,3PGA.p <-> 3PGA.c,0.326176213224038,0.0444283265360255
Exch flux,T_3PGA exch,3PGA.p <-> 3PGA.c,1.0000000116861e-07,0
Net flux,T_DHAP net,TP.p <-> TP.c,3.05952737289051,0.416736952781296
Exch flux,T_DHAP exch,TP.p <-> TP.c,9.99999998363421e-08,0
Net flux,ALT,PYR.c -> ALA.c,0.0248357134494637,0.00338286221420273
Net flux,ASPT,OAA -> ASP,0.0548955698881197,0.00747730277527711
Net flux,GLUDH,AKG -> GLU,0.123222464943132,0.0167840807732673
Net flux,PCR net,GLU <-> PRO,-2.48689957516035e-14,0
Exch flux,PCR exch,GLU <-> PRO,1.0000000116861e-07,0
Net flux,GS net,GLU <-> GLN,0,0
Exch flux,GS exch,GLU <-> GLN,1.00040367101428e-07,0
Net flux,TS net,ASP <-> THR,0,0
Exch flux,TS exch,ASP <-> THR,0.0250066107885942,0.0171755275274456
Net flux,AS net,ASP <-> ASN,1.06581410364015e-14,0
Exch flux,AS exch,ASP <-> ASN,1.0000000116861e-07,0
Net flux,G_3PGA.p,0*3PGA.p -> 3PGA,2.46866292741288e-06,54.1561585339467
Net flux,G_3PGA.c,0*3PGA.c -> 3PGA,92.9119081393596,35.6235872103252
Net flux,G_DHAP.p,0*TP.p -> TP,40.685379842242,57.687059622566
Net flux,G_DHAP.c,0*TP.c -> TP,51.8471856996947,38.6271644131298
Net flux,G_F6P.p,0*F6P.p -> F6P,48.6686345030749,55.4784091822787
Net flux,G_F6P.c,0*F6P.c -> F6P,36.546576817712,34.1956902148518
Net flux,G_FBP.p,0*FBP.p -> FBP,2.46866126474288e-06,55.9677985361801
Net flux,G_FBP.c,0*FBP.c -> FBP,83.451231044291,37.9286217081102
Net flux,G_G6P.p,0*G6P.p -> G6P,19.0549768397257,54.2034086197376
Net flux,G_G6P.c,0*G6P.c -> G6P,58.8549499993083,34.997434770072
Net flux,G_RU5P.p,0*RU5P.p -> P5P,2.46865369035731e-06,62.3526856387863
Net flux,G_X5P.p,0*X5P.p -> P5P,92.8477691494015,44.906846464813
Net flux,G_R5P.p,0*R5P.p -> R5P,82.2810779884949,40.0014697452384
Net flux,G_GA.p,0*GA.p -> GA,37.3531038740896,1.6534111003611
Net flux,G_SER.p,0*SER.p -> SER,93.8183670771002,42.0928214358203
Net flux,G_GLY.p,0*GLY.p -> GLY,27.0423872267632,43.1459998842583
Net flux,G_RUBP.p,0*RUBP.p -> RUBP,92.5302752673063,43.3817618795025
Net flux,G_S7P.p,0*S7P.p -> S7P,98.4567310636212,41.3447277766111
Net flux,G_2PG.p,0*2PG.p -> 2PG,87.0427532706349,41.9789538834183
Net flux,G_ADPG.p,0*ADPG.p -> ADPG,95.0805622183377,41.3106152709434
Net flux,G_PEP.c,0*PEP.c -> PEP,89.2305410445615,41.8290991958076
Net flux,G_UDPG.c,0*UDPG.c -> UDPG,72.4268033045549,42.1285946797955
Net flux,G_ALA.c,0*ALA.c -> ALA,78.4095664811193,7.04250765591958
Net flux,(1-G)_GA,0*GA.x -> GA,62.6468961259125,1.6534111003611
Net flux,(1-G)_SER,0*SER.x -> SER,6.18160897386717,2.72041886267181
Net flux,(1-G)_GLY,0*GLY.x -> GLY,34.0672559181532,2.89179290199667
Net flux,(1-G)_R5P,0*R5P.x -> R5P,17.718922011502,40.0014697452384
Net flux,(1-G)_RUBP,0*RUBP.x -> RUBP,7.46972473269241,43.3817618795025
Net flux,(1-G)_3PGA,0*3PGA.x -> 3PGA,7.08808939197775,40.7813852249371
Net flux,(1-G)_TP,0*TP.x -> TP,7.46743445806383,42.8431540456764
Net flux,(1-G)_F6P,0*F6P.x -> F6P,14.7847886792169,43.683349782476
Net flux,(1-G)_FBP,0*FBP.x -> FBP,16.5487664870424,41.1500427823729
Net flux,(1-G)_G6P,0*G6P.x -> G6P,22.0900731609643,41.381193697977
Net flux,(1-G)_RU5P,0*RU5P.x -> P5P,7.15222838194627,42.9372210929874
Net flux,(1-G)_S7P,0*S7P.x -> S7P,1.54326893637677,41.3447277766111
Net flux,(1-G)_2PG,0*2PG.x -> 2PG,12.9572467293675,41.9789538834183
Net flux,(1-G)_ADPG,0*ADPG.x -> ADPG,4.91943778166132,41.3106152709434
Net flux,(1-G)_PEP,0*PEP.x -> PEP,10.7694589554367,41.8290991958076
Net flux,(1-G)_UDPG,0*UDPG.x -> UDPG,27.5731966954463,42.1285946797955
Net flux,(1-G)_ALA,0*ALA.x -> ALA,21.5904335188805,7.04250765591958
Net flux,PGASink,3PGA -> Sink,100,0
Net flux,DHAPSink,TP -> Sink,100.000000000001,0
Net flux,F6PSink,F6P -> Sink,100.000000000004,0
Net flux,FBPSink,FBP -> Sink,99.9999999999947,0
Net flux,G6PSink,G6P -> Sink,99.9999999999983,0
Net flux,P5PSink,P5P -> Sink,100.000000000001,0
Net flux,R5PSink,R5P -> Sink,99.9999999999968,0
Net flux,GASink,GA -> Sink,100.000000000002,0
Net flux,SERSink,SER -> Sink,99.9999999999996,0
Net flux,GLYSink,GLY -> Sink,100.000000000001,0
Net flux,RUBPSink,RUBP -> Sink,99.9999999999987,0
Net flux,S7PSink,S7P -> Sink,99.9999999999979,0
Net flux,2PGSink,2PG -> Sink,100.000000000002,0
Net flux,ADPGSink,ADPG -> Sink,99.999999999999,0
Net flux,PEPSink,PEP -> Sink,99.9999999999983,0
Net flux,UDPGSink,UDPG -> Sink,100.000000000001,0
Net flux,ALASink,ALA -> Sink,99.9999999999998,0
Net flux,S6Pout-LL,S6P + 0.1611*GLU + 0.07177*ASP + 0.03247*ALA.c + 0.01019*dummyGLY + 0.03484*dummySER -> Sink,0.764881843222621,0.104184238195324
Net flux,PGP.p,2PG.p -> Glyc.p,19.2149694199172,0.597678402507622
Net flux,GOX,Glyc.p -> Glyx.p,19.2149694199172,0.597678402507622
Net flux,GGT,Glyx.p -> GLY.p,19.2149694199172,0.597678402507622
Net flux,SGAT,SER.p -> HPA.p,5.09220974222865,0.63925195700455
Net flux,HPR.p,HPA.p -> GA.p,5.09220974222864,0.63925195700455
Net flux,T_GLY-m net,GLY.p <-> GLY.m,19.207275665598,42.5451542385755
Exch flux,T_GLY-m exch,GLY.p <-> GLY.m,83409.7543298422,43.790947187032
Net flux,GDC.m,GLY.m + dummy -> myTHF.m + CO2,11.6985050830278,0.589249311531607
Net flux,T_SER-m net,SER.p <-> SER.m,-11.6985050830276,0.589249311531607
Exch flux,T_SER-m exch,SER.p <-> SER.m,2558.33831031919,42.3170070464321
Net flux,mSHMT,GLY.m + myTHF.m -> SER.m,11.6985050830278,0.589249311531607
Net flux,T_SER-c net,SER.p <-> SER.c,4.18983652104754,3.95833652555024
Exch flux,T_SER-c exch,SER.p <-> SER.c,1.00000000280431e-07,0
Net flux,T_Gly-c net,GLY.p <-> GLY.c,-0.000100391668833133,42.5409548638707
Exch flux,T_Gly-c exch,GLY.p <-> GLY.c,9.99999998363421e-08,0
Net flux,cSHMT,SER.c -> GLY.c + meTHF.c,4.18983642104754,1.11491672483345
Net flux,FmTHF-reductase net,meTHF.c <-> FmTHF.c,4.18983642104754,1.11491672483345
Exch flux,FmTHF-reductase exch,meTHF.c <-> FmTHF.c,4.87066746939574,43.9392564889373
Net flux,Met-synthase,FmTHF.c + Hcy.c -> Met.c,4.18983642104752,1.11491672483345
Net flux,SAM-synthase,Met.c -> SAM.c,4.18983642104753,1.11491672483345
Net flux,Methylation,SAM.c -> SAH.c + Acceptor.c,4.18983642104753,1.11491672483345
Net flux,hydrolysis,SAH.c -> Hcy.c,4.18983642104752,1.11491672483345
Net flux,G_SER.m,0*SER.m -> SER,1.0000000116861e-07,0
Net flux,G_SER.c,0*SER.c -> SER,2.38490322530538e-05,42.0048204095318
Net flux,G_Gly.m,0*GLY.m -> GLY,0.00015165729741895,42.9211306230258
Net flux,G_Gly.c,0*GLY.c -> GLY,38.8902051977874,6.01906950001882
Net flux,T_GLY-c-m,GLY.c -> GLY.m,4.18973450045196,42.5555622690554
Net flux,G_Glyc,0*Glyc.p -> Glyc,25.1326701567284,1.43522097786423
Net flux,G_Glyx,0*Glyx.p -> Glyx,14.1804387404917,2.09470695906869
Net flux,G_HPA,0*HPA.p -> HPA,8.97501000276127,1.23174588447438
Net flux,(1-G)_Glyc,0*Glyc.x -> Glyc,74.8673298432722,1.43522097786423
Net flux,(1-G)_Glyx,0*Glyx.x -> Glyx,85.8195612595092,2.09470695906869
Net flux,(1-G)_HPA,0*HPA.x -> HPA,91.0249899972386,1.23174588447438
Net flux,GlycSink,Glyc -> Sink,100.000000000001,0
Net flux,GlyxSink,Glyx -> Sink,100.000000000001,0
Net flux,HPASink,HPA -> Sink,99.9999999999998,0
Net flux,SERex,dummySER -> outSER,2.38980788412261,3.71662590338961
Net flux,G_PYR,0*PYR.c -> PYR,30.0124905171225,1.7070713856195
Net flux,(1-G)_PYR,0*PYR.x -> PYR,69.9875094828777,1.7070713856195
Net flux,PYRSink,PYR -> Sink,100,0
Net flux,G_meTHF,0*meTHF.c -> meTHF,91.023927574675,4.19682167379059
Net flux,G_FmTHF,0*FmTHF.c -> FmTHF,77.0392279755476,3.0636704959601
Net flux,G_Met,0*Met.c -> Met,56.919679618223,4.33277714614297
Net flux,G_SAM,0*SAM.c -> SAM,62.7955554381943,3.44600280400197
Net flux,(1-G)_meTHF,0*meTHF.x -> meTHF,8.97607242532502,4.19682167379059
Net flux,(1-G)_FmTHF,0*FmTHF.x -> FmTHF,22.9607720244525,3.0636704959601
Net flux,(1-G)_Met,0*Met.x -> Met,43.080320381777,4.33277714614297
Net flux,(1-G)_SAM,0*SAM.x -> SAM,37.2044445618058,3.44600280400197
Net flux,meTHFSink,meTHF -> Sink,99.9999999999999,0
Net flux,FmTHFSink,FmTHF -> Sink,100,0
Net flux,MetSink,Met -> Sink,100,0
Net flux,SAMsink,SAM -> Sink,100,0
Net flux,Met-protein,Met.c -> Protein,6.51983996113883e-15,0
Net flux,GLY-protein,GLY.c -> Protein,1.52892677629524e-06,6.48403975430061e-16
Net flux,SER-protein,SER.c -> Protein,1.00000000280431e-07,3.70973154565085
Pool,2PG pool,,0,0
Pool,2PG.p pool,,2.58393860872278e-06,40.3367598285469
Pool,2PG.x pool,,1,Inf
Pool,3PGA pool,,0,0
Pool,3PGA.c pool,,0.00911714622289346,0.00359369387049322
Pool,3PGA.p pool,,2.97158691166292e-06,40.9925864800269
Pool,3PGA.x pool,,1,Inf
Pool,ACA pool,,3.8639933561218e-06,41.9145454343739
Pool,ADPG pool,,0,0
Pool,ADPG.p pool,,9.9999999999999e-08,Inf
Pool,ADPG.x pool,,1,Inf
Pool,AKG pool,,2.28014387357729e-06,42.4931120329192
Pool,ALA pool,,0,0
Pool,ALA.c pool,,0.00777021863649055,0.00195287253423904
Pool,ALA.x pool,,1,Inf
Pool,ASN pool,,7565.5333781897,42.9231687524031
Pool,ASP pool,,9.99999999999482e-08,0
Pool,Acceptor.c pool,,1,Inf
Pool,CIT pool,,4.58723078798263,3.3097130351824
Pool,CO2 pool,,0.314035441338275,0.135576892976131
Pool,CO2.t pool,,1,Inf
Pool,E4P.p pool,,0,0
Pool,EC2 pool,,0,0
Pool,F6P pool,,0,0
Pool,F6P.c pool,,3.82970851142516e-06,40.2055119455389
Pool,F6P.p pool,,2.62222097719523e-06,42.9220103090147
Pool,F6P.x pool,,1,Inf
Pool,FBP pool,,0,0
Pool,FBP.c pool,,3.82966451834351e-06,42.9915989422516
Pool,FBP.p pool,,2.19211987338131e-06,40.1953110712963
Pool,FBP.x pool,,1,Inf
Pool,FmTHF pool,,1.09856098540963,0.663194499186532
Pool,FmTHF.c pool,,9.66822542871948e-07,39.6198890931042
Pool,FmTHF.x pool,,1,Inf
Pool,G6P pool,,0,0
Pool,G6P.c pool,,9.87487100096698e-06,41.538359953254
Pool,G6P.p pool,,3.21683352451897e-06,41.3701192271802
Pool,G6P.x pool,,1,Inf
Pool,GA pool,,0,0
Pool,GA.p pool,,1.73317931613004e-06,41.5062363610123
Pool,GA.x pool,,1,Inf
Pool,GLN pool,,8.83867754956493,41.3754851329577
Pool,GLU pool,,2.28023723627957e-06,42.2776631769813
Pool,GLY pool,,0,0
Pool,GLY.c pool,,1.00000000002876e-07,0
Pool,GLY.m pool,,0.251804000019411,0.0901425745659848
Pool,GLY.p pool,,0.000420646202843814,39.6590260812843
Pool,GLY.x pool,,1,Inf
Pool,Glyc pool,,11.4327899017323,2.50512875829567
Pool,Glyc.p pool,,5.33041168238395e-06,40.8322266165952
Pool,Glyc.x pool,,1,Inf
Pool,Glyx pool,,17.7662968896001,6.73777158897507
Pool,Glyx.p pool,,5.01258440049584e-06,42.0843101266381
Pool,Glyx.x pool,,1,Inf
Pool,HPA pool,,0.00012577185212451,41.6283026458754
Pool,HPA.p pool,,1.42704215361432e-06,42.6287858592094
Pool,HPA.x pool,,1,Inf
Pool,Hcy.c pool,,1,Inf
Pool,ICI pool,,0.00383549268384029,43.510847989582
Pool,MAL pool,,0.000133278331392057,0.99710374228382
Pool,Met pool,,3.50478394592795e-05,40.4032798738592
Pool,Met.c pool,,9.83773571372545e-07,39.1574714688723
Pool,Met.x pool,,1,Inf
Pool,OAA pool,,0.134549711477999,0.039741293016788
Pool,P5P pool,,0,0
Pool,PEP pool,,0,0
Pool,PEP.c pool,,1.00045502977494e-07,40.1735586616251
Pool,PEP.x pool,,1,Inf
Pool,PRO pool,,5.39499638339271,42.1373311185073
Pool,PYR pool,,5.01497561370954e-05,41.885181964448
Pool,PYR.c pool,,0.00147757251642825,0.0014807437453169
Pool,PYR.x pool,,1,Inf
Pool,Protein pool,,1,Inf
Pool,R5P pool,,0,0
Pool,R5P.p pool,,3.92729495826862e-06,43.7867093694059
Pool,R5P.x pool,,1,Inf
Pool,RU5P.p pool,,2.29608445080551e-06,40.9945367645018
Pool,RU5P.x pool,,1,Inf
Pool,RUBP pool,,0,0
Pool,RUBP.p pool,,2.29986872633158e-06,40.6351949422821
Pool,RUBP.x pool,,1,Inf
Pool,S6P pool,,1,Inf
Pool,S7P pool,,0,0
Pool,S7P.p pool,,1.96902107723297e-06,40.9465727638657
Pool,S7P.x pool,,1,Inf
Pool,SAH.c pool,,1,Inf
Pool,SAM pool,,4.84622882653153,1.45274673910259
Pool,SAM.c pool,,3.58313625858968e-06,39.1092023335409
Pool,SAM.x pool,,1,Inf
Pool,SBP pool,,0,0
Pool,SER pool,,0,0
Pool,SER.c pool,,9.99999999994061e-08,0
Pool,SER.m pool,,1.3648733135191,0.103866598550392
Pool,SER.p pool,,0.000168151001956467,41.8147886511328
Pool,SER.x pool,,1,Inf
Pool,Sink pool,,1,Inf
Pool,Starch pool,,1,Inf
Pool,THR pool,,0.0620730772178963,0.0410863576307297
Pool,TP pool,,0,0
Pool,TP.c pool,,4.18762335101922e-06,43.9815489785092
Pool,TP.p pool,,3.01578602765456e-06,40.9396935830525
Pool,TP.x pool,,1,Inf
Pool,UDPG pool,,0,0
Pool,UDPG.c pool,,0.170081533669183,41.8716688912302
Pool,UDPG.x pool,,1,Inf
Pool,X5P.p pool,,2.33876825249836e-06,41.1104150938123
Pool,dummy pool,,1,Inf
Pool,dummyGLY pool,,1,Inf
Pool,dummySER pool,,1,Inf
Pool,meTHF pool,,0.990094363195574,0.917053164336724
Pool,meTHF.c pool,,9.93334951684062e-07,39.893194768613
Pool,meTHF.x pool,,1,Inf
Pool,myTHF.m pool,,1.00000000002876e-07,0
Pool,outSER pool,,1,Inf
Norm,Experiment1 Glyc205 #1 norm,,0.948329137541343,0.012678984849696
Norm,Experiment1 Glyc205 #2 norm,,1.04255723053412,0.0237973604749037
Norm,Experiment1 Glyc205 #3 norm,,0.982370722870118,0.0176472104031419
Norm,Experiment1 Glyc205 #4 norm,,0.961254454228611,0.0295819195475836
Norm,Experiment1 Glyc205 #5 norm,,1.0076956066975,0.035872336701993
Norm,Experiment1 Glyc205 #6 norm,,0.982423153048713,0.0273604727738023
Norm,Experiment1 Glyc205 #7 norm,,0.993278662242269,0.0351099921230227
Norm,Experiment1 Glyc205 #8 norm,,1.00930020099237,0.0324835406622548
Norm,Experiment1 Glyx160 #1 norm,,0.977367178543703,0.0107712459739702
Norm,Experiment1 Glyx160 #2 norm,,1.00875875127297,0.0132076375862557
Norm,Experiment1 Glyx160 #3 norm,,0.936744094970463,0.0162850857706324
Norm,Experiment1 Glyx160 #4 norm,,1.00303672689866,0.0151801574741685
Norm,Experiment1 Glyx160 #5 norm,,0.919500752855008,0.0336772264477451
Norm,Experiment1 Glyx160 #6 norm,,1.04272291887181,0.0209412275902136
Norm,Experiment1 Glyx160 #7 norm,,0.961361300763793,0.0375521704019027
Norm,Experiment1 Glyx160 #8 norm,,1.0073119721441,0.0405055531349843
Norm,Experiment1 GLY276 #1 norm,,1.00567027892509,0.0103246295348143
Norm,Experiment1 GLY276 #2 norm,,1.00756145957615,0.0242510845039353
Norm,Experiment1 GLY276 #3 norm,,0.974326120406133,0.0403584398653705
Norm,Experiment1 GLY276 #4 norm,,1.01789130753067,0.0584561024225786
Norm,Experiment1 GLY276 #5 norm,,1.03470975040271,0.142031857796378
Norm,Experiment1 GLY276 #6 norm,,0.937664301308357,0.0897296381736375
Norm,Experiment1 GLY276 #7 norm,,1.01929567547402,0.0624560414992226
Norm,Experiment1 GLY276 #8 norm,,0.978689215802964,0.080090385788958
Norm,Experiment1 HPA262 #1 norm,,0.995069690072584,0.0108527059169921
Norm,Experiment1 HPA262 #2 norm,,0.946914223127862,0.0269976539752808
Norm,Experiment1 HPA262 #3 norm,,0.962921402239992,0.0129972187037261
Norm,Experiment1 HPA262 #4 norm,,0.949827108559634,0.0351122951250963
Norm,Experiment1 HPA262 #5 norm,,0.933199925926307,0.0233255187588152
Norm,Experiment1 HPA262 #6 norm,,0.970158632089549,0.0342395251611623
Norm,Experiment1 HPA262 #7 norm,,0.962040627321033,0.0245446486156847
Norm,Experiment1 HPA262 #8 norm,,1.03104654532198,0.023580044419816
Norm,Experiment1 GA307 #1 norm,,0.998879653185492,0.0124348096875961
Norm,Experiment1 GA307 #2 norm,,0.932588413812873,0.0284344461417379
Norm,Experiment1 GA307 #3 norm,,0.946104090265572,0.0299342535517998
Norm,Experiment1 GA307 #4 norm,,0.989388472186641,0.0207572436326377
Norm,Experiment1 GA307 #5 norm,,0.918449584045481,0.0510701174162113
Norm,Experiment1 GA307 #6 norm,,1.05799202042439,0.0430107821484755
Norm,Experiment1 GA307 #7 norm,,0.9637477498748,0.0453755806806194
Norm,Experiment1 GA307 #8 norm,,1.0004880705822,0.0363484002086447
Norm,Experiment1 SER306 #1 norm,,1.02161005806117,0.0145829176225854
Norm,Experiment1 SER306 #2 norm,,0.989717505064317,0.0161216831977985
Norm,Experiment1 SER306 #3 norm,,0.983007464457001,0.0383765287449957
Norm,Experiment1 SER306 #4 norm,,1.00797182616503,0.0436014925128808
Norm,Experiment1 SER306 #5 norm,,0.978553884116056,0.0899086361262471
Norm,Experiment1 SER306 #6 norm,,0.83044663211425,0.0618886728139718
Norm,Experiment1 SER306 #7 norm,,1.00650663918037,0.0481702862849068
Norm,Experiment1 SER306 #8 norm,,0.993950383242699,0.0522653843554687
Norm,Experiment1 meTHF #1 norm,,0.984920194031956,0.00984148795022489
Norm,Experiment1 meTHF #2 norm,,1.00873107797344,0.0101054871092116
Norm,Experiment1 meTHF #3 norm,,0.890137169591055,0.0553148845359519
Norm,Experiment1 meTHF #4 norm,,1.03075196365419,0.052721012481928
Norm,Experiment1 meTHF #5 norm,,0.978618941182436,0.0860926516250901
Norm,Experiment1 meTHF #6 norm,,1.00875146939331,0.113667072057029
Norm,Experiment1 meTHF #7 norm,,1.00256616234387,0.0666333077909014
Norm,Experiment1 meTHF #8 norm,,0.954888512943225,0.0942275265801801
Norm,Experiment1 FmTHF #1 norm,,0.984591178017822,0.00998893921134826
Norm,Experiment1 FmTHF #2 norm,,0.981497869384569,0.0242966546117995
Norm,Experiment1 FmTHF #3 norm,,0.972803364487553,0.0312436912489972
Norm,Experiment1 FmTHF #4 norm,,1.00616792555891,0.0278093845515688
Norm,Experiment1 FmTHF #5 norm,,0.982994103707628,0.0607285206409635
Norm,Experiment1 FmTHF #6 norm,,1.00316713954558,0.0661519099251556
Norm,Experiment1 FmTHF #7 norm,,0.991822047063862,0.0497357700660251
Norm,Experiment1 FmTHF #8 norm,,1.07821939872009,0.095923562825468
Norm,Experiment1 Met176 #1 norm,,0.967282605818693,0.0246960222332913
Norm,Experiment1 Met176 #2 norm,,0.862319224171649,0.0298647395588381
Norm,Experiment1 Met176 #3 norm,,0.870506469654523,0.049631311357627
Norm,Experiment1 Met176 #4 norm,,0.973021795382478,0.0412349812796303
Norm,Experiment1 Met176 #5 norm,,1.01528581201887,0.0792281445572722
Norm,Experiment1 Met176 #6 norm,,1.02539393048484,0.126462660311614
Norm,Experiment1 Met176 #7 norm,,0.993861238820509,0.128148653343722
Norm,Experiment1 Met176 #8 norm,,0.998394862969142,0.126278151729772
Norm,Experiment1 SAM #1 norm,,0.987519822358849,0.0116022453164515
Norm,Experiment1 SAM #2 norm,,0.992069487729748,0.0120034200982657
Norm,Experiment1 SAM #3 norm,,1.01949097863353,0.0141411117433417
Norm,Experiment1 SAM #4 norm,,1.01005089736784,0.0225743118682011
Norm,Experiment1 SAM #5 norm,,0.967741723139255,0.0373961832651084
Norm,Experiment1 SAM #6 norm,,1.02593098379839,0.0640113703633207
Norm,Experiment1 SAM #7 norm,,1.00026943364991,0.0853388625552959
Norm,Experiment1 SAM #8 norm,,1.00169039763873,0.0684735220179418
Norm,Experiment1 CIT465 #1 norm,,0.992792693133336,0.0117002822620681
Norm,Experiment1 CIT465 #2 norm,,1.01698775078991,0.0139888135562377
Norm,Experiment1 CIT465 #3 norm,,0.981324521780798,0.011472351005351
Norm,Experiment1 CIT465 #4 norm,,1.00126591231778,0.0175277733012104
Norm,Experiment1 CIT465 #5 norm,,1.00252270857022,0.0137088897196924
Norm,Experiment1 CIT465 #6 norm,,0.979381214372725,0.0127258526242505
Norm,Experiment1 CIT465 #7 norm,,0.986097442372094,0.0145609132904038
Norm,Experiment1 CIT465 #8 norm,,1.03432269728516,0.0229264896109352
Norm,Experiment1 MAL335 #1 norm,,0.991291603283581,0.0126368061526794
Norm,Experiment1 MAL335 #2 norm,,1.00376347208615,0.0109937625026213
Norm,Experiment1 MAL335 #3 norm,,0.989238948560945,0.0102748731213948
Norm,Experiment1 MAL335 #4 norm,,0.981216829887435,0.0141318765733181
Norm,Experiment1 MAL335 #5 norm,,0.972999133854071,0.0140803679897664
Norm,Experiment1 MAL335 #6 norm,,0.934747088314004,0.0155867098340703
Norm,Experiment1 MAL335 #7 norm,,0.997390135820241,0.0288026249986635
Norm,Experiment1 MAL335 #8 norm,,0.985989977639422,0.0377144365893647
Norm,Experiment1 ASP334 #1 norm,,1.00261212332531,0.0227060350194341
Norm,Experiment1 ASP334 #2 norm,,0.920440655071911,0.0291448781573385
Norm,Experiment1 ASP334 #3 norm,,0.994490837998619,0.0210280278319147
Norm,Experiment1 ASP334 #4 norm,,1.00907689679445,0.0164626013233353
Norm,Experiment1 ASP334 #5 norm,,0.999133536524321,0.0262220190911883
Norm,Experiment1 ASP334 #6 norm,,0.959665388072699,0.0311591735812758
Norm,Experiment1 ASP334 #7 norm,,0.991007204768755,0.0320714356522604
Norm,Experiment1 ASP334 #8 norm,,1.00202012338443,0.0912339471348581
Norm,Experiment1 GLU348 #1 norm,,1.03244873979449,0.0230205899733353
Norm,Experiment1 GLU348 #2 norm,,1.02386377055827,0.0204791527946462
Norm,Experiment1 GLU348 #3 norm,,0.926225429969203,0.0106115966493744
Norm,Experiment1 GLU348 #4 norm,,1.02619842362692,0.0375273074088178
Norm,Experiment1 GLU348 #5 norm,,1.00887615763822,0.0236368942532555
Norm,Experiment1 GLU348 #6 norm,,1.01109236481246,0.0130405388100565
Norm,Experiment1 GLU348 #7 norm,,1.03721151902837,0.0171217180172501
Norm,Experiment1 GLU348 #8 norm,,0.972779292334291,0.0242033487685428
Norm,Experiment1 THR320 #1 norm,,0.984283829216177,0.0102822534279759
Norm,Experiment1 THR320 #2 norm,,1.04061552612827,0.014907264356332
Norm,Experiment1 THR320 #3 norm,,0.982371662172767,0.0102671988375576
Norm,Experiment1 THR320 #4 norm,,1.03392910523885,0.0295079190176854
Norm,Experiment1 THR320 #5 norm,,0.989459689853939,0.0208104802652826
Norm,Experiment1 THR320 #6 norm,,0.995748256099764,0.0114195013453054
Norm,Experiment1 THR320 #7 norm,,1.01108085152358,0.0162505360627015
Norm,Experiment1 THR320 #8 norm,,0.988006043962222,0.0344523778671447
Norm,Experiment1 ALA116 #1 norm,,1.00389331134666,0.0101420208214785
Norm,Experiment1 ALA116 #2 norm,,1.03387245636952,0.0104632717796854
Norm,Experiment1 ALA116 #3 norm,,1.00353405798233,0.0178907946126502
Norm,Experiment1 ALA116 #4 norm,,1.0741925185099,0.0243440834307027
Norm,Experiment1 ALA116 #5 norm,,0.987588994448602,0.09861700148164
Norm,Experiment1 ALA116 #6 norm,,0.991521238854983,0.0830341156562933
Norm,Experiment1 ALA116 #7 norm,,1.0325287508712,0.0648703258287582
Norm,Experiment1 ALA116 #8 norm,,0.893949626517031,0.104578341732292
Norm,Experiment1 PYR #1 norm,,1.00367244941564,0.0173537839317394
Norm,Experiment1 PYR #2 norm,,0.935408191581109,0.0473045024323418
Norm,Experiment1 PYR #3 norm,,0.91518464759491,0.114843201450614
Norm,Experiment1 PYR #4 norm,,1.0468623269258,0.0435585944536455
Norm,Experiment1 PYR #5 norm,,1.07380034892685,0.0549458960239215
Norm,Experiment1 PYR #6 norm,,1.06248686843572,0.0567664462490544
Norm,Experiment1 PYR #7 norm,,0.951881138397337,0.0931000014435332
Norm,Experiment1 PYR #8 norm,,0.944118041990982,0.061810557110141
