type,id,eqn,val,std
Net flux,CO2.t,CO2.t -> CO2,47.760358429621,1.10419292868678
Net flux,CO2_sink,dummy -> Sink,47.760358429621,1.10419292868678
Net flux,RUBICSO_CO2,RUBP.p + CO2 -> 3PGA.p + 3PGA.p + dummy,58.4205792741297,1.22243777754336
Net flux,GAPDH.p net,3PGA.p <-> TP.p,139.68369485005,2.66381968718284
Exch flux,GAPDH.p exch,3PGA.p <-> TP.p,22.2133728688814,7.42643900738847
Net flux,ALD,TP.p + E4P.p -> SBP,25.694036746985,0.490349928035676
Net flux,SBP,SBP -> S7P.p,25.694036746985,0.490349928035676
Net flux,FBA.p net,TP.p + TP.p <-> FBP.p,29.5716902082022,0.645514048187775
Exch flux,FBA.p exch,TP.p + TP.p <-> FBP.p,21044.0057449218,1299.87192569674
Net flux,PFK.p net,FBP.p <-> F6P.p,29.5716902082054,0.645514048187775
Exch flux,PFK.p exch,FBP.p <-> F6P.p,9.99927607381323e-08,1.38821394448889e-12
Net flux,TK1 net,TP.p + EC2 <-> X5P.p,51.38807349397,0.980699856071352
Exch flux,TK1 exch,TP.p + EC2 <-> X5P.p,9.99997986639301e-08,0
Net flux,TK2 net,S7P.p <-> R5P.p + EC2,25.694036746985,0.490349928035676
Exch flux,TK2 exch,S7P.p <-> R5P.p + EC2,39.2849611471827,5121.22137258282
Net flux,TK3 net,F6P.p <-> E4P.p + EC2,25.6940367469842,0.490349928035676
Exch flux,TK3 exch,F6P.p <-> E4P.p + EC2,7377.32798855094,5088.62363831094
Net flux,PPE net,X5P.p <-> RU5P.p,51.38807349397,0.980699856071352
Exch flux,PPE exch,X5P.p <-> RU5P.p,179.575717336873,5185.79726311721
Net flux,PPI net,R5P.p <-> RU5P.p,25.6940367469851,0.490349928035676
Exch flux,PPI exch,R5P.p <-> RU5P.p,244.814044135045,2406.28301038086
Net flux,PRK,RU5P.p -> RUBP.p,77.0821102409552,1.47104978412087
Net flux,RUBISCO_O2,RUBP.p -> 3PGA.p + 2PG.p,18.6615309668254,0.596542676268143
Net flux,GLYdil net,GLY.p <-> GLY.x + dummyGLY,0.00880977518088599,0.00108780041243186
Exch flux,GLYdil exch,GLY.p <-> GLY.x + dummyGLY,0.0505768946717779,5325.76847237882
Net flux,SERdil net,SER.p <-> SER.x + dummySER,0.0301238302671081,0.00371957349284608
Exch flux,SERdil exch,SER.p <-> SER.x + dummySER,1.04000360161797,0.698722683393639
Net flux,GK,GA.p -> 3PGA.p,4.54968448394844,0.591474996304096
Net flux,PGI.p net,F6P.p <-> G6P.p,3.87765346122136,0.357055735271258
Exch flux,PGI.p exch,F6P.p <-> G6P.p,0.00598335763469748,5261.81983155147
Net flux,PGM.p,G6P.p -> ADPG.p,3.87765346122137,0.357055735271258
Net flux,Starch,ADPG.p -> Starch,3.87765346122135,0.357055735271258
Net flux,FBA.c net,TP.c + TP.c <-> FBP.c,1.72910209634211,0.213503515843686
Exch flux,FBA.c exch,TP.c + TP.c <-> FBP.c,20.5217933143082,5213.68631788262
Net flux,PFK.c net,FBP.c <-> F6P.c,1.72910209634212,0.213503515843686
Exch flux,PFK.c exch,FBP.c <-> F6P.c,5.1663432107779,5192.53971102876
Net flux,PGI.c net,F6P.c <-> G6P.c,0.86455104817108,0.106751757921843
Exch flux,PGI.c exch,F6P.c <-> G6P.c,227.229166686055,3020.17765126612
Net flux,PGM.c net,G6P.c <-> UDPG.c,0.864551048165595,0.106751757921843
Exch flux,PGM.c exch,G6P.c <-> UDPG.c,48481.4069741771,3304.61678234138
Net flux,SPS,F6P.c + UDPG.c -> S6P,0.864551048171027,0.106751757921843
Net flux,PGAM.c net,3PGA.c <-> PEP.c,0.368679148982022,0.0455232196904192
Exch flux,PGAM.c exch,3PGA.c <-> PEP.c,2.03905383283369,2655.48363783072
Net flux,PK.c,PEP.c -> PYR.c,0.167351146394288,0.0206639377700046
Net flux,PDH,PYR.c + dummy -> ACA + CO2,0.139279173860319,0.0171977081973596
Net flux,CS,OAA + ACA -> CIT,0.139279173860315,0.0171977081973596
Net flux,ACO net,CIT <-> ICI,0.139279173860359,0.0171977081973596
Exch flux,ACO exch,CIT <-> ICI,1385.35440750771,4195.51248164114
Net flux,IDH,ICI + dummy -> AKG + CO2,0.139279173860331,0.0171977081973596
Net flux,MDH net,MAL <-> OAA,2.1316282072803e-14,0
Exch flux,MDH exch,MAL <-> OAA,0.215703761415959,0.0713435821094994
Net flux,PPC,PEP.c + CO2 -> OAA + dummy,0.20132800258748,0.0248592818628101
Net flux,T_3PGA net,3PGA.p <-> 3PGA.c,0.368679148982,0.0455232196904192
Exch flux,T_3PGA exch,3PGA.p <-> 3PGA.c,0.0176106275870431,5909.0484693215
Net flux,T_DHAP net,TP.p <-> TP.c,3.45820419268427,0.427007031687371
Exch flux,T_DHAP exch,TP.p <-> TP.c,9.99999998363421e-08,0
Net flux,ALT,PYR.c -> ALA.c,0.0280719725341652,0.00346622958257304
Net flux,ASPT,OAA -> ASP,0.0620488287272589,0.00766157366573619
Net flux,GLUDH,AKG -> GLU,0.139279173860308,0.0171977081973596
Net flux,PCR net,GLU <-> PRO,-2.48689957516035e-14,0
Exch flux,PCR exch,GLU <-> PRO,0.0613796114855134,4255.52190906942
Net flux,GS net,GLU <-> GLN,0,0
Exch flux,GS exch,GLU <-> GLN,0.52194495794545,5767.18115889056
Net flux,TS net,ASP <-> THR,0,0
Exch flux,TS exch,ASP <-> THR,1.0000000116861e-07,0
Net flux,AS net,ASP <-> ASN,1.06581410364015e-14,0
Exch flux,AS exch,ASP <-> ASN,1.0000000116861e-07,0
Net flux,G_3PGA.p,0*3PGA.p -> 3PGA,2.46866294162373e-06,7662.0483847672
Net flux,G_3PGA.c,0*3PGA.c -> 3PGA,92.9119081387609,5575.33599943049
Net flux,G_DHAP.p,0*TP.p -> TP,40.685379842242,7925.05697697655
Net flux,G_DHAP.c,0*TP.c -> TP,51.8471856996947,5777.14432533331
Net flux,G_F6P.p,0*F6P.p -> F6P,48.6686345030749,7836.33263671843
Net flux,G_F6P.c,0*F6P.c -> F6P,36.546576817712,5443.4737061895
Net flux,G_FBP.p,0*FBP.p -> FBP,2.46866129316459e-06,7749.67610025494
Net flux,G_FBP.c,0*FBP.c -> FBP,83.4512310458912,5681.98099147341
Net flux,G_G6P.p,0*G6P.p -> G6P,19.0549768397257,7576.85300127497
Net flux,G_G6P.c,0*G6P.c -> G6P,58.8549499993083,5113.83947039272
Net flux,G_RU5P.p,0*RU5P.p -> P5P,2.46865369746274e-06,7508.79330559428
Net flux,G_X5P.p,0*X5P.p -> P5P,92.8477691494564,5386.84326064379
Net flux,G_R5P.p,0*R5P.p -> R5P,82.2810779884949,5333.05040104454
Net flux,G_GA.p,0*GA.p -> GA,40.8963020469304,1.71407710778515
Net flux,G_SER.p,0*SER.p -> SER,96.7757791584623,7509.98254554993
Net flux,G_GLY.p,0*GLY.p -> GLY,16.7289922276968,4978.84297549286
Net flux,G_RUBP.p,0*RUBP.p -> RUBP,92.5302752673063,4951.4518607735
Net flux,G_S7P.p,0*S7P.p -> S7P,98.4567310636212,4974.71664410407
Net flux,G_2PG.p,0*2PG.p -> 2PG,87.0427532706349,5157.59784277551
Net flux,G_ADPG.p,0*ADPG.p -> ADPG,95.0805622183377,5161.60535820153
Net flux,G_PEP.c,0*PEP.c -> PEP,89.2305410445615,5302.57432857047
Net flux,G_UDPG.c,0*UDPG.c -> UDPG,72.4268033045549,5156.9457359981
Net flux,G_ALA.c,0*ALA.c -> ALA,74.213534904084,7.33603776805988
Net flux,(1-G)_GA,0*GA.x -> GA,59.1036979530717,1.71407710778515
Net flux,(1-G)_SER,0*SER.x -> SER,3.22422099757061,3.01837172525974
Net flux,(1-G)_GLY,0*GLY.x -> GLY,33.5604202859481,3.08540557563025
Net flux,(1-G)_R5P,0*R5P.x -> R5P,17.718922011502,5333.05040104454
Net flux,(1-G)_RUBP,0*RUBP.x -> RUBP,7.46972473269241,4951.4518607735
Net flux,(1-G)_3PGA,0*3PGA.x -> 3PGA,7.08808939257644,5288.96621310091
Net flux,(1-G)_TP,0*TP.x -> TP,7.46743445806383,5514.07458626964
Net flux,(1-G)_F6P,0*F6P.x -> F6P,14.7847886792169,5300.43971482807
Net flux,(1-G)_FBP,0*FBP.x -> FBP,16.5487664854422,5207.60168770354
Net flux,(1-G)_G6P,0*G6P.x -> G6P,22.0900731609643,5560.45590869069
Net flux,(1-G)_RU5P,0*RU5P.x -> P5P,7.15222838189133,5351.90022120053
Net flux,(1-G)_S7P,0*S7P.x -> S7P,1.54326893637677,4974.71664410407
Net flux,(1-G)_2PG,0*2PG.x -> 2PG,12.9572467293675,5157.59784277551
Net flux,(1-G)_ADPG,0*ADPG.x -> ADPG,4.91943778166132,5161.60535820153
Net flux,(1-G)_PEP,0*PEP.x -> PEP,10.7694589554367,5302.57432857047
Net flux,(1-G)_UDPG,0*UDPG.x -> UDPG,27.5731966954463,5156.9457359981
Net flux,(1-G)_ALA,0*ALA.x -> ALA,25.7864650959158,7.33603776805988
Net flux,PGASink,3PGA -> Sink,100,0
Net flux,DHAPSink,TP -> Sink,100.000000000001,0
Net flux,F6PSink,F6P -> Sink,100.000000000004,0
Net flux,FBPSink,FBP -> Sink,99.9999999999947,0
Net flux,G6PSink,G6P -> Sink,99.9999999999983,0
Net flux,P5PSink,P5P -> Sink,100.000000000001,0
Net flux,R5PSink,R5P -> Sink,99.9999999999968,0
Net flux,GASink,GA -> Sink,100.000000000002,0
Net flux,SERSink,SER -> Sink,99.9999999999996,0
Net flux,GLYSink,GLY -> Sink,100.000000000001,0
Net flux,RUBPSink,RUBP -> Sink,99.9999999999987,0
Net flux,S7PSink,S7P -> Sink,99.9999999999979,0
Net flux,2PGSink,2PG -> Sink,100.000000000002,0
Net flux,ADPGSink,ADPG -> Sink,99.999999999999,0
Net flux,PEPSink,PEP -> Sink,99.9999999999983,0
Net flux,UDPGSink,UDPG -> Sink,100.000000000001,0
Net flux,ALASink,ALA -> Sink,99.9999999999998,0
Net flux,S6Pout-LL,S6P + 0.1611*GLU + 0.07177*ASP + 0.03247*ALA.c + 0.01019*dummyGLY + 0.03484*dummySER -> Sink,0.864551048171062,0.106751757921843
Net flux,PGP.p,2PG.p -> Glyc.p,18.6615309668255,0.596542676268143
Net flux,GOX,Glyc.p -> Glyx.p,18.6615309668255,0.596542676268143
Net flux,GGT,Glyx.p -> GLY.p,18.6615309668255,0.596542676268143
Net flux,SGAT,SER.p -> HPA.p,4.54968448394843,0.591474996304096
Net flux,HPR.p,HPA.p -> GA.p,4.54968448394843,0.591474996304096
Net flux,T_GLY-m net,GLY.p <-> GLY.m,21.165980898717,1.05846202822053
Exch flux,T_GLY-m exch,GLY.p <-> GLY.m,286478.095712479,5069.91368010875
Net flux,GDC.m,GLY.m + dummy -> myTHF.m + CO2,10.5829904993756,0.529231014036916
Net flux,T_SER-m net,SER.p <-> SER.m,-10.582990499377,0.529231014036916
Exch flux,T_SER-m exch,SER.p <-> SER.m,28217.0716192717,5183.40744481423
Net flux,mSHMT,GLY.m + myTHF.m -> SER.m,10.5829904993756,0.529231014036916
Net flux,T_SER-c net,SER.p <-> SER.c,6.00318218516006,0.986338768939998
Exch flux,T_SER-c exch,SER.p <-> SER.c,1.00000000280431e-07,0.69688148329256
Net flux,T_Gly-c net,GLY.p <-> GLY.c,-2.51325970710666,0.935222354551216
Exch flux,T_Gly-c exch,GLY.p <-> GLY.c,9.99999998363421e-08,0
Net flux,cSHMT,SER.c -> GLY.c + meTHF.c,6.00318208516006,0.986338768939753
Net flux,FmTHF-reductase net,meTHF.c <-> FmTHF.c,6.00318208516006,0.986338768939753
Exch flux,FmTHF-reductase exch,meTHF.c <-> FmTHF.c,3.55607981401462,5092.38012268017
Net flux,Met-synthase,FmTHF.c + Hcy.c -> Met.c,6.00318208516004,0.986338768939753
Net flux,SAM-synthase,Met.c -> SAM.c,6.00318208516005,0.986338768939753
Net flux,Methylation,SAM.c -> SAH.c + Acceptor.c,6.00318208516005,0.986338768939753
Net flux,hydrolysis,SAH.c -> Hcy.c,6.00318208516004,0.986338768939753
Net flux,G_SER.m,0*SER.m -> SER,-2.57287315008625e-07,5088.15838395105
Net flux,G_SER.c,0*SER.c -> SER,1.01254020279384e-07,5223.29782115958
Net flux,G_Gly.m,0*GLY.m -> GLY,0.00104935892603919,4978.84181722678
Net flux,G_Gly.c,0*GLY.c -> GLY,49.7095381274304,5.24943615989853
Net flux,T_GLY-c-m,GLY.c -> GLY.m,1.00000039360282e-07,4.83891627906197e-13
Net flux,G_Glyc,0*Glyc.p -> Glyc,23.1400044217068,1.40460549846129
Net flux,G_Glyx,0*Glyx.p -> Glyx,17.2286126928438,2.68924994693656
Net flux,G_HPA,0*HPA.p -> HPA,8.12111685299877,1.32278912860893
Net flux,(1-G)_Glyc,0*Glyc.x -> Glyc,76.8599955782938,1.40460549846129
Net flux,(1-G)_Glyx,0*Glyx.x -> Glyx,82.771387307157,2.68924994693656
Net flux,(1-G)_HPA,0*HPA.x -> HPA,91.8788831470011,1.32278912860893
Net flux,GlycSink,Glyc -> Sink,100.000000000001,0
Net flux,GlyxSink,Glyx -> Sink,100.000000000001,0
Net flux,HPASink,HPA -> Sink,99.9999999999998,0
Net flux,SERex,dummySER -> outSER,9.99986546901255e-08,1.31160289879979e-12
Net flux,G_PYR,0*PYR.c -> PYR,29.4838970843788,1.8059867486788
Net flux,(1-G)_PYR,0*PYR.x -> PYR,70.5161029156214,1.8059867486788
Net flux,PYRSink,PYR -> Sink,100,0
Net flux,G_meTHF,0*meTHF.c -> meTHF,99.9999999,0
Net flux,G_FmTHF,0*FmTHF.c -> FmTHF,78.1515535524164,3.22411253912461
Net flux,G_Met,0*Met.c -> Met,47.8292473619613,4.51320066881964
Net flux,G_SAM,0*SAM.c -> SAM,61.9088713645596,3.72647678072916
Net flux,(1-G)_meTHF,0*meTHF.x -> meTHF,1.0000000116861e-07,0
Net flux,(1-G)_FmTHF,0*FmTHF.x -> FmTHF,21.8484464475836,3.22411253912461
Net flux,(1-G)_Met,0*Met.x -> Met,52.1707526380387,4.51320066881964
Net flux,(1-G)_SAM,0*SAM.x -> SAM,38.0911286354404,3.72647678072916
Net flux,meTHFSink,meTHF -> Sink,99.9999999999999,0
Net flux,FmTHFSink,FmTHF -> Sink,100,0
Net flux,MetSink,Met -> Sink,100,0
Net flux,SAMsink,SAM -> Sink,100,0
Net flux,Met-protein,Met.c -> Protein,6.51983996113883e-15,0
Net flux,GLY-protein,GLY.c -> Protein,3.4899222780534,0.451305384624607
Net flux,SER-protein,SER.c -> Protein,1.0000000116861e-07,3.57602558227168e-14
Pool,2PG pool,,0,0
Pool,2PG.p pool,,1.67943531128605e-07,5174.27827073587
Pool,2PG.x pool,,1,Inf
Pool,3PGA pool,,0,0
Pool,3PGA.c pool,,0.0149133725585557,0.00415763403788117
Pool,3PGA.p pool,,9.15359465869458e-07,4978.91651558119
Pool,3PGA.x pool,,1,Inf
Pool,ACA pool,,2.07491836241795e-07,4970.19597324749
Pool,ADPG pool,,0,0
Pool,ADPG.p pool,,9.9999999999999e-08,Inf
Pool,ADPG.x pool,,1,Inf
Pool,AKG pool,,1.03926197766367e-06,4916.50004053211
Pool,ALA pool,,0,0
Pool,ALA.c pool,,0.00829021306774021,0.00221534693874107
Pool,ALA.x pool,,1,Inf
Pool,ASN pool,,7565.94064663647,4776.57444138296
Pool,ASP pool,,1e-07,0
Pool,Acceptor.c pool,,1,Inf
Pool,CIT pool,,7.26961378221116,8.28273457515055
Pool,CO2 pool,,6.77500352066957e-07,4960.18066221908
Pool,CO2.t pool,,1,Inf
Pool,E4P.p pool,,0,0
Pool,EC2 pool,,0,0
Pool,F6P pool,,0,0
Pool,F6P.c pool,,3.82977131663591e-06,4966.56582428029
Pool,F6P.p pool,,1.21399841559771e-06,5108.04778989028
Pool,F6P.x pool,,1,Inf
Pool,FBP pool,,0,0
Pool,FBP.c pool,,3.82972637226446e-06,4962.93912937329
Pool,FBP.p pool,,6.96056120279239e-07,5236.19031913498
Pool,FBP.x pool,,1,Inf
Pool,FmTHF pool,,0.77705224856106,0.655377646777681
Pool,FmTHF.c pool,,1e-07,0
Pool,FmTHF.x pool,,1,Inf
Pool,G6P pool,,0,0
Pool,G6P.c pool,,9.87528872784412e-06,5261.44063362083
Pool,G6P.p pool,,2.68456971532427e-06,5069.19561967837
Pool,G6P.x pool,,1,Inf
Pool,GA pool,,0,0
Pool,GA.p pool,,1e-07,0
Pool,GA.x pool,,1,Inf
Pool,GLN pool,,3198.93517547222,5423.18612412118
Pool,GLU pool,,2.13153182466815e-06,5289.14508029982
Pool,GLY pool,,0,0
Pool,GLY.c pool,,1e-07,0
Pool,GLY.m pool,,0.238239729231105,0.0669535880989908
Pool,GLY.p pool,,0.000412978733193834,5044.95347887962
Pool,GLY.x pool,,1,Inf
Pool,Glyc pool,,9.27795025745192,2.22392215046555
Pool,Glyc.p pool,,1.69747419812738e-07,4998.68723247624
Pool,Glyc.x pool,,1,Inf
Pool,Glyx pool,,28.2378563485108,10.0608442256234
Pool,Glyx.p pool,,2.83581935658297e-07,5040.07059299927
Pool,Glyx.x pool,,1,Inf
Pool,HPA pool,,4.4876670409186e-05,5040.87959098455
Pool,HPA.p pool,,1e-07,0
Pool,HPA.x pool,,1,Inf
Pool,Hcy.c pool,,1,Inf
Pool,ICI pool,,0.00308422965567406,5021.71790138869
Pool,MAL pool,,0.296967034730005,0.0955966139601962
Pool,Met pool,,9.65793933632757e-07,5036.14656025559
Pool,Met.c pool,,1e-07,0
Pool,Met.x pool,,1,Inf
Pool,OAA pool,,0.167736440788505,0.0289188844370151
Pool,P5P pool,,0,0
Pool,PEP pool,,0,0
Pool,PEP.c pool,,1.07289702403134e-07,4795.72386215427
Pool,PEP.x pool,,1,Inf
Pool,PRO pool,,185.258931646226,5069.2658950509
Pool,PYR pool,,1e-07,0
Pool,PYR.c pool,,0.00141584673371567,0.00190991928096614
Pool,PYR.x pool,,1,Inf
Pool,Protein pool,,1,Inf
Pool,R5P pool,,0,0
Pool,R5P.p pool,,6.98362182013441e-07,5319.72380574553
Pool,R5P.x pool,,1,Inf
Pool,RU5P.p pool,,6.45565581387179e-07,5162.71548620723
Pool,RU5P.x pool,,1,Inf
Pool,RUBP pool,,0,0
Pool,RUBP.p pool,,6.05020548815342e-07,5036.64381448878
Pool,RUBP.x pool,,1,Inf
Pool,S6P pool,,1,Inf
Pool,S7P pool,,0,0
Pool,S7P.p pool,,3.52201382510314e-07,4909.77414361586
Pool,S7P.x pool,,1,Inf
Pool,SAH.c pool,,1,Inf
Pool,SAM pool,,2.2998494110554,345.337032959423
Pool,SAM.c pool,,0.130266176734382,20.7612596603761
Pool,SAM.x pool,,1,Inf
Pool,SBP pool,,0,0
Pool,SER pool,,0,0
Pool,SER.c pool,,1.00000000002876e-07,0
Pool,SER.m pool,,1.64610561874054,0.117930491447988
Pool,SER.p pool,,6.8841878431893e-05,5439.58825344068
Pool,SER.x pool,,1,Inf
Pool,Sink pool,,1,Inf
Pool,Starch pool,,1,Inf
Pool,THR pool,,3830.42712217475,5126.41900609012
Pool,TP pool,,0,0
Pool,TP.c pool,,4.18765993462158e-06,4916.66754832778
Pool,TP.p pool,,1.25094930680803e-06,4969.29813129173
Pool,TP.x pool,,1,Inf
Pool,UDPG pool,,0,0
Pool,UDPG.c pool,,0.338753119391283,5178.90391661403
Pool,UDPG.x pool,,1,Inf
Pool,X5P.p pool,,6.48178879988673e-07,4893.97694788764
Pool,dummy pool,,1,Inf
Pool,dummyGLY pool,,1,Inf
Pool,dummySER pool,,1,Inf
Pool,meTHF pool,,1.33953730130982,0.905786943201115
Pool,meTHF.c pool,,1e-07,0
Pool,meTHF.x pool,,1,Inf
Pool,myTHF.m pool,,1.00000000002876e-07,0
Pool,outSER pool,,1,Inf
Norm,Experiment1 Glyc205 #1 norm,,0.97984491964177,0.0126568811834302
Norm,Experiment1 Glyc205 #2 norm,,0.965600735515809,0.0215260465080693
Norm,Experiment1 Glyc205 #3 norm,,0.968209851612561,0.0188519274495863
Norm,Experiment1 Glyc205 #4 norm,,0.972355850037594,0.030805848704216
Norm,Experiment1 Glyc205 #5 norm,,1.01996505257511,0.0354832750902531
Norm,Experiment1 Glyc205 #6 norm,,1.02269510617978,0.0273817914333186
Norm,Experiment1 Glyc205 #7 norm,,1.00952374328452,0.0359680955126851
Norm,Experiment1 Glyc205 #8 norm,,0.966334520081869,0.0297319952132527
Norm,Experiment1 Glyx160 #1 norm,,0.998599893210505,0.0110966998200898
Norm,Experiment1 Glyx160 #2 norm,,0.99465409819034,0.0134865472708379
Norm,Experiment1 Glyx160 #3 norm,,0.959905639957067,0.0165436592758014
Norm,Experiment1 Glyx160 #4 norm,,0.978807206280268,0.0142205646739492
Norm,Experiment1 Glyx160 #5 norm,,0.976676456733284,0.0329352097730962
Norm,Experiment1 Glyx160 #6 norm,,1.01689515433078,0.0213284870601771
Norm,Experiment1 Glyx160 #7 norm,,0.986161803663495,0.0405506053203679
Norm,Experiment1 Glyx160 #8 norm,,0.986599059393074,0.0370514234634032
Norm,Experiment1 GLY276 #1 norm,,0.995621067540156,0.0101482402986349
Norm,Experiment1 GLY276 #2 norm,,0.974883327151021,0.0229197035233985
Norm,Experiment1 GLY276 #3 norm,,0.945899396592603,0.0431026245439496
Norm,Experiment1 GLY276 #4 norm,,1.00995837600937,0.0682729844043544
Norm,Experiment1 GLY276 #5 norm,,0.998952187782701,0.202731440735507
Norm,Experiment1 GLY276 #6 norm,,0.927823513531176,0.0816231890079878
Norm,Experiment1 GLY276 #7 norm,,1.0344714065008,0.0697695110349589
Norm,Experiment1 GLY276 #8 norm,,0.973254898864973,0.0697963125573031
Norm,Experiment1 HPA262 #1 norm,,0.992096035475074,0.0109151330050095
Norm,Experiment1 HPA262 #2 norm,,0.942302091683892,0.027217203059792
Norm,Experiment1 HPA262 #3 norm,,1.00844991006871,0.0141706462081525
Norm,Experiment1 HPA262 #4 norm,,0.959408431590871,0.0352781584286481
Norm,Experiment1 HPA262 #5 norm,,0.964114242508571,0.0235792080057711
Norm,Experiment1 HPA262 #6 norm,,0.997087420996493,0.034344685729168
Norm,Experiment1 HPA262 #7 norm,,0.955729119111204,0.0239858530061309
Norm,Experiment1 HPA262 #8 norm,,0.995360562686109,0.0230868326773666
Norm,Experiment1 GA307 #1 norm,,0.972961429610238,0.0118812564112456
Norm,Experiment1 GA307 #2 norm,,0.941115666598314,0.0281867002315603
Norm,Experiment1 GA307 #3 norm,,0.992255858737518,0.0321314446809693
Norm,Experiment1 GA307 #4 norm,,0.986593749317813,0.0190216078255479
Norm,Experiment1 GA307 #5 norm,,0.94657972830314,0.0517503628567678
Norm,Experiment1 GA307 #6 norm,,1.04062725907496,0.0406302840070975
Norm,Experiment1 GA307 #7 norm,,0.988448696757648,0.0440497254652494
Norm,Experiment1 GA307 #8 norm,,1.00278107650646,0.0341610665139665
Norm,Experiment1 SER306 #1 norm,,0.99422030490682,0.0139615868349938
Norm,Experiment1 SER306 #2 norm,,1.00523822562679,0.0162435389318467
Norm,Experiment1 SER306 #3 norm,,1.02611340494154,0.0418707310736547
Norm,Experiment1 SER306 #4 norm,,1.00671823776646,0.0455547397848159
Norm,Experiment1 SER306 #5 norm,,1.0109654398729,0.102570059743547
Norm,Experiment1 SER306 #6 norm,,1.06854161178507,0.0841355246864998
Norm,Experiment1 SER306 #7 norm,,1.00991170872121,0.0488621464829485
Norm,Experiment1 SER306 #8 norm,,0.960568046530049,0.0524624630951865
Norm,Experiment1 meTHF #1 norm,,1.0020335035074,0.0100605839629569
Norm,Experiment1 meTHF #2 norm,,1.00624365824612,0.0100981228863627
Norm,Experiment1 meTHF #3 norm,,0.952330492876808,0.061988014282743
Norm,Experiment1 meTHF #4 norm,,0.997456029660709,0.0493204422474591
Norm,Experiment1 meTHF #5 norm,,1.01266153358202,0.0922145007962108
Norm,Experiment1 meTHF #6 norm,,1.01750147353031,0.123101262831057
Norm,Experiment1 meTHF #7 norm,,0.999299278239163,0.0625026162041324
Norm,Experiment1 meTHF #8 norm,,1.03224762434351,0.0907533756611593
Norm,Experiment1 FmTHF #1 norm,,0.991682514995545,0.00997190977807762
Norm,Experiment1 FmTHF #2 norm,,1.03154447939592,0.0247897602616893
Norm,Experiment1 FmTHF #3 norm,,0.94946087125613,0.0312215987133278
Norm,Experiment1 FmTHF #4 norm,,1.00890120896402,0.0261924643149652
Norm,Experiment1 FmTHF #5 norm,,0.972034479055565,0.0573463460832211
Norm,Experiment1 FmTHF #6 norm,,1.01355779729115,0.0644124448353918
Norm,Experiment1 FmTHF #7 norm,,0.991778510931756,0.0524792894750067
Norm,Experiment1 FmTHF #8 norm,,1.08878384575723,0.0937518161513319
Norm,Experiment1 Met176 #1 norm,,0.947320286475519,0.0244314931833691
Norm,Experiment1 Met176 #2 norm,,0.850906938348422,0.0315946649779615
Norm,Experiment1 Met176 #3 norm,,0.944818133156022,0.0507757279241159
Norm,Experiment1 Met176 #4 norm,,0.950091816948595,0.0371406023863262
Norm,Experiment1 Met176 #5 norm,,1.02479861580871,0.0890510108572869
Norm,Experiment1 Met176 #6 norm,,1.06321111608865,0.134998086579069
Norm,Experiment1 Met176 #7 norm,,1.02634089967456,0.1334249376431
Norm,Experiment1 Met176 #8 norm,,0.996953008439578,0.107486334472756
Norm,Experiment1 SAM #1 norm,,0.992814203216381,0.0117219680890526
Norm,Experiment1 SAM #2 norm,,0.991188735415542,0.0120299143629839
Norm,Experiment1 SAM #3 norm,,0.995638123647161,0.0143436848858122
Norm,Experiment1 SAM #4 norm,,1.01404419376733,0.0243951179389376
Norm,Experiment1 SAM #5 norm,,0.98714530375066,0.0436039690274673
Norm,Experiment1 SAM #6 norm,,1.0072833981662,0.0655675216582566
Norm,Experiment1 SAM #7 norm,,0.985163077037923,0.101192115551237
Norm,Experiment1 SAM #8 norm,,0.99351241424715,0.0708528800366647
Norm,Experiment1 CIT465 #1 norm,,0.989240416191063,0.0116854512433781
Norm,Experiment1 CIT465 #2 norm,,0.986617375975583,0.0135662192837188
Norm,Experiment1 CIT465 #3 norm,,1.08479677527891,0.0126609920549138
Norm,Experiment1 CIT465 #4 norm,,0.968817410933462,0.0161071959410307
Norm,Experiment1 CIT465 #5 norm,,0.970584919829278,0.0132696669249798
Norm,Experiment1 CIT465 #6 norm,,0.981615005933508,0.0121913783830899
Norm,Experiment1 CIT465 #7 norm,,1.01656629757308,0.0119494332399004
Norm,Experiment1 CIT465 #8 norm,,1.02408992419959,0.0245987612790553
Norm,Experiment1 MAL335 #1 norm,,0.974037685812073,0.0123072950943328
Norm,Experiment1 MAL335 #2 norm,,1.04797102985062,0.0117215444865982
Norm,Experiment1 MAL335 #3 norm,,0.981197442952774,0.0101895857599826
Norm,Experiment1 MAL335 #4 norm,,0.962239640681729,0.0141520906312555
Norm,Experiment1 MAL335 #5 norm,,1.02624983240566,0.0147772382029503
Norm,Experiment1 MAL335 #6 norm,,0.968786225757818,0.0131115109848697
Norm,Experiment1 MAL335 #7 norm,,1.03201274884391,0.0219108152280889
Norm,Experiment1 MAL335 #8 norm,,0.976967075016685,0.0339211641588799
Norm,Experiment1 ASP334 #1 norm,,0.971703086029062,0.0222415819311707
Norm,Experiment1 ASP334 #2 norm,,0.928376342840581,0.0301561909458148
Norm,Experiment1 ASP334 #3 norm,,0.963142488764981,0.0197273344626421
Norm,Experiment1 ASP334 #4 norm,,0.993819656636784,0.0175220358760708
Norm,Experiment1 ASP334 #5 norm,,0.958777437111939,0.0261711049493912
Norm,Experiment1 ASP334 #6 norm,,0.954155032755548,0.0305709912153664
Norm,Experiment1 ASP334 #7 norm,,1.01926050750475,0.0315330077263015
Norm,Experiment1 ASP334 #8 norm,,0.998506616926391,0.0760283842255952
Norm,Experiment1 GLU348 #1 norm,,0.9843455373193,0.0219943732698377
Norm,Experiment1 GLU348 #2 norm,,0.977790943537653,0.0195419199358129
Norm,Experiment1 GLU348 #3 norm,,0.993824247828533,0.0113416702394192
Norm,Experiment1 GLU348 #4 norm,,1.02222826558168,0.0383664622531978
Norm,Experiment1 GLU348 #5 norm,,0.986319546166627,0.0238074522172175
Norm,Experiment1 GLU348 #6 norm,,1.02098998506518,0.0136042314920516
Norm,Experiment1 GLU348 #7 norm,,0.921667869993315,0.0135336123942827
Norm,Experiment1 GLU348 #8 norm,,0.985576720413975,0.0174292848679972
Norm,Experiment1 THR320 #1 norm,,0.975343456158894,0.0100236216381532
Norm,Experiment1 THR320 #2 norm,,1.02737490535605,0.0146738594400989
Norm,Experiment1 THR320 #3 norm,,1.01893893712135,0.0106125187348981
Norm,Experiment1 THR320 #4 norm,,0.999098698594342,0.0288327225049943
Norm,Experiment1 THR320 #5 norm,,0.991262148578639,0.0210108691634253
Norm,Experiment1 THR320 #6 norm,,0.998746275468057,0.0113063034682726
Norm,Experiment1 THR320 #7 norm,,0.963158460638169,0.0137094128759039
Norm,Experiment1 THR320 #8 norm,,0.953233912411394,0.0251200866332771
Norm,Experiment1 ALA116 #1 norm,,1.02362419549873,0.0103030908467096
Norm,Experiment1 ALA116 #2 norm,,0.994590706352857,0.0099178252596637
Norm,Experiment1 ALA116 #3 norm,,0.976322916878106,0.0180589760321934
Norm,Experiment1 ALA116 #4 norm,,1.0327311936937,0.0255064076945285
Norm,Experiment1 ALA116 #5 norm,,0.940551659161162,0.10510276927589
Norm,Experiment1 ALA116 #6 norm,,1.02747131521247,0.0835656918232755
Norm,Experiment1 ALA116 #7 norm,,1.02680482003083,0.0647956504141069
Norm,Experiment1 ALA116 #8 norm,,0.950861904451181,0.112123963000242
Norm,Experiment1 PYR #1 norm,,0.988365297065278,0.0170545261432505
Norm,Experiment1 PYR #2 norm,,0.981677790125782,0.0582668174832678
Norm,Experiment1 PYR #3 norm,,0.968503281276626,0.122476462073934
Norm,Experiment1 PYR #4 norm,,1.03151999034506,0.041822774534642
Norm,Experiment1 PYR #5 norm,,1.01420817479635,0.0538990560681201
Norm,Experiment1 PYR #6 norm,,1.00352111524116,0.0552103119865445
Norm,Experiment1 PYR #7 norm,,1.04248843561276,0.10872728064168
Norm,Experiment1 PYR #8 norm,,0.951021865006693,0.0629407395744793
