type,id,eqn,val,std
Net flux,CO2.t,CO2.t -> CO2,47.9998624424607,1.10177552382433
Net flux,CO2_sink,dummy -> Sink,47.9998624424606,1.10177552382433
Net flux,RUBICSO_CO2,RUBP.p + CO2 -> 3PGA.p + 3PGA.p + dummy,59.4436265686447,1.21620194701026
Net flux,GAPDH.p net,3PGA.p <-> TP.p,140.187728635044,2.66921485958145
Exch flux,GAPDH.p exch,3PGA.p <-> TP.p,0.0542348455467376,0.509394384612987
Net flux,ALD,TP.p + E4P.p -> SBP,25.8107307557463,0.48490866597132
Net flux,SBP,SBP -> S7P.p,25.8107307557463,0.48490866597132
Net flux,FBA.p net,TP.p + TP.p <-> FBP.p,30.3839899920058,0.643782376631795
Exch flux,FBA.p exch,TP.p + TP.p <-> FBP.p,21067.3663317141,1316.92341740008
Net flux,PFK.p net,FBP.p <-> F6P.p,30.383989992009,0.643782376631795
Exch flux,PFK.p exch,FBP.p <-> F6P.p,9.99933575940304e-08,9.20025840734268e-13
Net flux,TK1 net,TP.p + EC2 <-> X5P.p,51.6214615114925,0.96981733194264
Exch flux,TK1 exch,TP.p + EC2 <-> X5P.p,1.0000000116861e-07,0
Net flux,TK2 net,S7P.p <-> R5P.p + EC2,25.8107307557462,0.48490866597132
Exch flux,TK2 exch,S7P.p <-> R5P.p + EC2,38.1702607641825,2564.70203904005
Net flux,TK3 net,F6P.p <-> E4P.p + EC2,25.8107307557475,0.48490866597132
Exch flux,TK3 exch,F6P.p <-> E4P.p + EC2,8547.92220915478,2683.6992762986
Net flux,PPE net,X5P.p <-> RU5P.p,51.6214615114924,0.96981733194264
Exch flux,PPE exch,X5P.p <-> RU5P.p,94.1347089752037,2538.1994299648
Net flux,PPI net,R5P.p <-> RU5P.p,25.8107307557463,0.48490866597132
Exch flux,PPI exch,R5P.p <-> RU5P.p,238.414288703944,2752.7856542952
Net flux,PRK,RU5P.p -> RUBP.p,77.4321922672389,1.45472599791396
Net flux,RUBISCO_O2,RUBP.p -> 3PGA.p + 2PG.p,17.9885656985941,0.589216567745091
Net flux,GLYdil net,GLY.p <-> GLY.x + dummyGLY,0.00506329988770204,0.00110128639725193
Exch flux,GLYdil exch,GLY.p <-> GLY.x + dummyGLY,1.0000000116861e-07,0
Net flux,SERdil net,SER.p <-> SER.x + dummySER,3.02381447656164,7.14317202432288
Exch flux,SERdil exch,SER.p <-> SER.x + dummySER,1.37213047806453,0.59501143991514
Net flux,GK,GA.p -> 3PGA.p,3.5238031852365,0.756984014002136
Net flux,PGI.p net,F6P.p <-> G6P.p,4.57325923626444,0.344422181942494
Exch flux,PGI.p exch,F6P.p <-> G6P.p,0.308657645941274,2086.37545516415
Net flux,PGM.p,G6P.p -> ADPG.p,4.57325923626444,0.344422181942494
Net flux,Starch,ADPG.p -> Starch,4.57325923626442,0.344422181942494
Net flux,FBA.c net,TP.c + TP.c <-> FBP.c,0.993778191892499,0.216150421217587
Exch flux,FBA.c exch,TP.c + TP.c <-> FBP.c,21.291548552872,1402.85592612773
Net flux,PFK.c net,FBP.c <-> F6P.c,0.993778191892507,0.216150421217587
Exch flux,PFK.c exch,FBP.c <-> F6P.c,5.94564903461641,2392.20930030735
Net flux,PGI.c net,F6P.c <-> G6P.c,0.496889095946273,0.108075210608793
Exch flux,PGI.c exch,F6P.c <-> G6P.c,227.672247570899,2948.60404141634
Net flux,PGM.c net,G6P.c <-> UDPG.c,0.496889095942606,0.108075210608793
Exch flux,PGM.c exch,G6P.c <-> UDPG.c,48481.4259918002,2948.6040394357
Net flux,SPS,F6P.c + UDPG.c -> S6P,0.496889095946219,0.108075210608793
Net flux,PGAM.c net,3PGA.c <-> PEP.c,0.211893386075912,0.0460875928284156
Exch flux,PGAM.c exch,3PGA.c <-> PEP.c,3.9241583823112,2948.60403979588
Net flux,PK.c,PEP.c -> PYR.c,0.0961828223020471,0.0209201185349588
Net flux,PDH,PYR.c + dummy -> ACA + CO2,0.0800488333568006,0.0174109164637917
Net flux,CS,OAA + ACA -> CIT,0.0800488333567966,0.0174109164637917
Net flux,ACO net,CIT <-> ICI,0.080048833356841,0.0174109164637917
Exch flux,ACO exch,CIT <-> ICI,1266.69710265776,2948.6040394357
Net flux,IDH,ICI + dummy -> AKG + CO2,0.080048833356813,0.0174109164637917
Net flux,MDH net,MAL <-> OAA,2.1316282072803e-14,0
Exch flux,MDH exch,MAL <-> OAA,0.021751639124858,0.0438223835958649
Net flux,PPC,PEP.c + CO2 -> OAA + dummy,0.115710563772928,0.0251674743525531
Net flux,T_3PGA net,3PGA.p <-> 3PGA.c,0.211893386075893,0.0460875928284156
Exch flux,T_3PGA exch,3PGA.p <-> 3PGA.c,10.4710773323924,2246.52320013377
Net flux,T_DHAP net,TP.p <-> TP.c,1.98755638378504,0.432300842435174
Exch flux,T_DHAP exch,TP.p <-> TP.c,9.99999998363421e-08,0
Net flux,ALT,PYR.c -> ALA.c,0.0161339889453285,0.00350920209545606
Net flux,ASPT,OAA -> ASP,0.0356617304162252,0.00775655788724833
Net flux,GLUDH,AKG -> GLU,0.0800488333567899,0.0174109164637917
Net flux,PCR net,GLU <-> PRO,-2.48689957516035e-14,0
Exch flux,PCR exch,GLU <-> PRO,1.0000000116861e-07,0
Net flux,GS net,GLU <-> GLN,0,0
Exch flux,GS exch,GLU <-> GLN,1.00040743689078e-07,0
Net flux,TS net,ASP <-> THR,0,0
Exch flux,TS exch,ASP <-> THR,0.0181304823835617,0.0124705352594914
Net flux,AS net,ASP <-> ASN,1.06581410364015e-14,0
Exch flux,AS exch,ASP <-> ASN,1.0000000116861e-07,0
Net flux,G_3PGA.p,0*3PGA.p -> 3PGA,2.46866291320202e-06,3624.2534372177
Net flux,G_3PGA.c,0*3PGA.c -> 3PGA,92.9119081387139,2539.75445649171
Net flux,G_DHAP.p,0*TP.p -> TP,40.685379842242,3493.75654950279
Net flux,G_DHAP.c,0*TP.c -> TP,51.8471856996947,2451.22223087555
Net flux,G_F6P.p,0*F6P.p -> F6P,48.6686345030749,3640.97244300779
Net flux,G_F6P.c,0*F6P.c -> F6P,36.546576817712,2681.32031150041
Net flux,G_FBP.p,0*FBP.p -> FBP,2.46866123632117e-06,3166.66875245554
Net flux,G_FBP.c,0*FBP.c -> FBP,83.451231045823,2119.852817728
Net flux,G_G6P.p,0*G6P.p -> G6P,19.0549768397257,3246.44547683291
Net flux,G_G6P.c,0*G6P.c -> G6P,58.8549499993083,2139.67971547587
Net flux,G_RU5P.p,0*RU5P.p -> P5P,2.46865365483018e-06,3419.64219249729
Net flux,G_X5P.p,0*X5P.p -> P5P,92.8477691494665,2251.91236984559
Net flux,G_R5P.p,0*R5P.p -> R5P,82.2810779884949,2677.04637471236
Net flux,G_GA.p,0*GA.p -> GA,40.7385978734031,1.54780783251495
Net flux,G_SER.p,0*SER.p -> SER,99.9847282032796,3718.98060210137
Net flux,G_GLY.p,0*GLY.p -> GLY,25.9355806786216,2545.72343255275
Net flux,G_RUBP.p,0*RUBP.p -> RUBP,92.5302752673063,2634.57413444954
Net flux,G_S7P.p,0*S7P.p -> S7P,98.4567310636212,2429.55832599043
Net flux,G_2PG.p,0*2PG.p -> 2PG,87.0427532706349,2486.49117470247
Net flux,G_ADPG.p,0*ADPG.p -> ADPG,95.0805622183377,2586.45880717748
Net flux,G_PEP.c,0*PEP.c -> PEP,89.2305410445615,2459.05351324762
Net flux,G_UDPG.c,0*UDPG.c -> UDPG,72.4268033045549,2632.89502814939
Net flux,G_ALA.c,0*ALA.c -> ALA,76.4512609416072,6.60605913723397
Net flux,(1-G)_GA,0*GA.x -> GA,59.2614021265989,1.54780783251495
Net flux,(1-G)_SER,0*SER.x -> SER,0.0152715920781183,2743.43409149197
Net flux,(1-G)_GLY,0*GLY.x -> GLY,32.0905271081101,3.05335773464523
Net flux,(1-G)_R5P,0*R5P.x -> R5P,17.718922011502,2677.04637471236
Net flux,(1-G)_RUBP,0*RUBP.x -> RUBP,7.46972473269241,2634.57413444954
Net flux,(1-G)_3PGA,0*3PGA.x -> 3PGA,7.08808939262352,2567.60770777408
Net flux,(1-G)_TP,0*TP.x -> TP,7.46743445806383,2559.71338146545
Net flux,(1-G)_F6P,0*F6P.x -> F6P,14.7847886792169,2532.29952416009
Net flux,(1-G)_FBP,0*FBP.x -> FBP,16.5487664855104,2392.01409304405
Net flux,(1-G)_G6P,0*G6P.x -> G6P,22.0900731609643,2450.85152069043
Net flux,(1-G)_RU5P,0*RU5P.x -> P5P,7.15222838188127,2637.27105875832
Net flux,(1-G)_S7P,0*S7P.x -> S7P,1.54326893637677,2429.55832599043
Net flux,(1-G)_2PG,0*2PG.x -> 2PG,12.9572467293675,2486.49117470247
Net flux,(1-G)_ADPG,0*ADPG.x -> ADPG,4.91943778166132,2586.45880717748
Net flux,(1-G)_PEP,0*PEP.x -> PEP,10.7694589554367,2459.05351324762
Net flux,(1-G)_UDPG,0*UDPG.x -> UDPG,27.5731966954463,2632.89502814939
Net flux,(1-G)_ALA,0*ALA.x -> ALA,23.5487390583926,6.60605913723397
Net flux,PGASink,3PGA -> Sink,100,0
Net flux,DHAPSink,TP -> Sink,100.000000000001,0
Net flux,F6PSink,F6P -> Sink,100.000000000004,0
Net flux,FBPSink,FBP -> Sink,99.9999999999947,0
Net flux,G6PSink,G6P -> Sink,99.9999999999983,0
Net flux,P5PSink,P5P -> Sink,100.000000000001,0
Net flux,R5PSink,R5P -> Sink,99.9999999999968,0
Net flux,GASink,GA -> Sink,100.000000000002,0
Net flux,SERSink,SER -> Sink,99.9999999999996,0
Net flux,GLYSink,GLY -> Sink,100.000000000001,0
Net flux,RUBPSink,RUBP -> Sink,99.9999999999987,0
Net flux,S7PSink,S7P -> Sink,99.9999999999979,0
Net flux,2PGSink,2PG -> Sink,100.000000000002,0
Net flux,ADPGSink,ADPG -> Sink,99.999999999999,0
Net flux,PEPSink,PEP -> Sink,99.9999999999983,0
Net flux,UDPGSink,UDPG -> Sink,100.000000000001,0
Net flux,ALASink,ALA -> Sink,99.9999999999998,0
Net flux,S6Pout-LL,S6P + 0.1611*GLU + 0.07177*ASP + 0.03247*ALA.c + 0.01019*dummyGLY + 0.03484*dummySER -> Sink,0.496889095946255,0.108075210608793
Net flux,PGP.p,2PG.p -> Glyc.p,17.9885656985941,0.589216567745091
Net flux,GOX,Glyc.p -> Glyx.p,17.9885656985942,0.589216567745091
Net flux,GGT,Glyx.p -> GLY.p,17.9885656985941,0.589216567745091
Net flux,SGAT,SER.p -> HPA.p,3.52380318523649,0.756984014002136
Net flux,HPR.p,HPA.p -> GA.p,3.52380318523648,0.756984014002136
Net flux,T_GLY-m net,GLY.p <-> GLY.m,17.9836376672902,2668.28943051911
Exch flux,T_GLY-m exch,GLY.p <-> GLY.m,89884.1523397919,2484.31956193069
Net flux,GDC.m,GLY.m + dummy -> myTHF.m + CO2,11.3993770232431,0.522806726086753
Net flux,T_SER-m net,SER.p <-> SER.m,-11.3993770232431,0.522806726086753
Exch flux,T_SER-m exch,SER.p <-> SER.m,1.00000017599911e-07,10.2329227430011
Net flux,mSHMT,GLY.m + myTHF.m -> SER.m,11.3993770232431,0.522806726086753
Net flux,T_SER-c net,SER.p <-> SER.c,4.85175936144494,7.22314274180395
Exch flux,T_SER-c exch,SER.p <-> SER.c,1.00000000280431e-07,1.07495014527049e-13
Net flux,T_Gly-c net,GLY.p <-> GLY.c,-0.000135268586800574,2668.28936545457
Exch flux,T_Gly-c exch,GLY.p <-> GLY.c,9.99999998363421e-08,0
Net flux,cSHMT,SER.c -> GLY.c + meTHF.c,4.85175926144494,7.22314274180395
Net flux,FmTHF-reductase net,meTHF.c <-> FmTHF.c,4.85175926144494,7.22314274180395
Exch flux,FmTHF-reductase exch,meTHF.c <-> FmTHF.c,4.45386885196457,2532.76589575943
Net flux,Met-synthase,FmTHF.c + Hcy.c -> Met.c,4.85175926144492,7.22314274180395
Net flux,SAM-synthase,Met.c -> SAM.c,4.85175926144493,7.22314274180395
Net flux,Methylation,SAM.c -> SAH.c + Acceptor.c,4.85175926144492,7.22314274180395
Net flux,hydrolysis,SAH.c -> Hcy.c,4.85175926144492,7.22314274180395
Net flux,G_SER.m,0*SER.m -> SER,1.0000000116861e-07,0
Net flux,G_SER.c,0*SER.c -> SER,1.04641863174493e-07,2503.77598898982
Net flux,G_Gly.m,0*GLY.m -> GLY,0.000153568189698916,2545.7196668689
Net flux,G_Gly.c,0*GLY.c -> GLY,41.9737386450799,6.25813026192501
Net flux,T_GLY-c-m,GLY.c -> GLY.m,4.81511637919294,2668.28953161146
Net flux,G_Glyc,0*Glyc.p -> Glyc,22.3637200996515,1.21531581651206
Net flux,G_Glyx,0*Glyx.p -> Glyx,13.6008241720107,2.08576542741309
Net flux,G_HPA,0*HPA.p -> HPA,8.53046948897538,1.30864380171792
Net flux,(1-G)_Glyc,0*Glyc.x -> Glyc,77.6362799003491,1.21531581651206
Net flux,(1-G)_Glyx,0*Glyx.x -> Glyx,86.3991758279902,2.08576542741309
Net flux,(1-G)_HPA,0*HPA.x -> HPA,91.4695305110245,1.30864380171792
Net flux,GlycSink,Glyc -> Sink,100.000000000001,0
Net flux,GlyxSink,Glyx -> Sink,100.000000000001,0
Net flux,HPASink,HPA -> Sink,99.9999999999998,0
Net flux,SERex,dummySER -> outSER,3.00650126743291,7.14336022850747
Net flux,G_PYR,0*PYR.c -> PYR,26.7200950981619,1.93933098041018
Net flux,(1-G)_PYR,0*PYR.x -> PYR,73.2799049018383,1.93933098041018
Net flux,PYRSink,PYR -> Sink,100,0
Net flux,G_meTHF,0*meTHF.c -> meTHF,98.264419067935,4.11718633239797
Net flux,G_FmTHF,0*FmTHF.c -> FmTHF,78.8763614288983,3.03535127649737
Net flux,G_Met,0*Met.c -> Met,70.919393878047,4.47967340935473
Net flux,G_SAM,0*SAM.c -> SAM,68.0628647249809,4.10338881187692
Net flux,(1-G)_meTHF,0*meTHF.x -> meTHF,1.73558093206498,4.11718633239797
Net flux,(1-G)_FmTHF,0*FmTHF.x -> FmTHF,21.1236385711018,3.03535127649737
Net flux,(1-G)_Met,0*Met.x -> Met,29.0806061219531,4.47967340935473
Net flux,(1-G)_SAM,0*SAM.x -> SAM,31.9371352750191,4.10338881187692
Net flux,meTHFSink,meTHF -> Sink,99.9999999999999,0
Net flux,FmTHFSink,FmTHF -> Sink,100,0
Net flux,MetSink,Met -> Sink,100,0
Net flux,SAMsink,SAM -> Sink,100,0
Net flux,Met-protein,Met.c -> Protein,6.51983996113883e-15,0
Net flux,GLY-protein,GLY.c -> Protein,0.0365076136652274,7.11149932240601
Net flux,SER-protein,SER.c -> Protein,9.99999993922529e-08,5.11934578915557e-14
Pool,2PG pool,,0,0
Pool,2PG.p pool,,2.33310958457691e-06,2636.38759333107
Pool,2PG.x pool,,1,Inf
Pool,3PGA pool,,0,0
Pool,3PGA.c pool,,3.25030008966968e-06,2520.64467508598
Pool,3PGA.p pool,,2.43559108650745e-06,2650.88202636293
Pool,3PGA.x pool,,1,Inf
Pool,ACA pool,,1.28221282405858e-06,2685.81027683415
Pool,ADPG pool,,0,0
Pool,ADPG.p pool,,9.9999999999999e-08,Inf
Pool,ADPG.x pool,,1,Inf
Pool,AKG pool,,1.24335940198949e-06,2526.74184011086
Pool,ALA pool,,0,0
Pool,ALA.c pool,,0.00479592119242089,0.00145010900210094
Pool,ALA.x pool,,1,Inf
Pool,ASN pool,,7564.60726900087,2516.1361719369
Pool,ASP pool,,1e-07,0
Pool,Acceptor.c pool,,1,Inf
Pool,CIT pool,,1.8997271111272,0.712345164052131
Pool,CO2 pool,,0.402138522839565,0.142518060583152
Pool,CO2.t pool,,1,Inf
Pool,E4P.p pool,,0,0
Pool,EC2 pool,,0,0
Pool,F6P pool,,0,0
Pool,F6P.c pool,,3.82969285268154e-06,2448.87326568064
Pool,F6P.p pool,,1.98496215314037e-06,2541.78879996016
Pool,F6P.x pool,,1,Inf
Pool,FBP pool,,0,0
Pool,FBP.c pool,,3.82964909889443e-06,2441.21938896783
Pool,FBP.p pool,,1.66693375360523e-06,2540.29172307532
Pool,FBP.x pool,,1,Inf
Pool,FmTHF pool,,0.152062546708778,2474.82764922114
Pool,FmTHF.c pool,,9.66168626862666e-07,2518.41810511659
Pool,FmTHF.x pool,,1,Inf
Pool,G6P pool,,0,0
Pool,G6P.c pool,,9.87476695775994e-06,2481.96897424235
Pool,G6P.p pool,,3.00656920134077e-06,2694.05356519178
Pool,G6P.x pool,,1,Inf
Pool,GA pool,,0,0
Pool,GA.p pool,,1.38510680682697e-06,2482.33415581075
Pool,GA.x pool,,1,Inf
Pool,GLN pool,,8.83867754956554,2508.16714224419
Pool,GLU pool,,1.24336050185402e-06,2645.03292262774
Pool,GLY pool,,0,0
Pool,GLY.c pool,,1.00000000002876e-07,0
Pool,GLY.m pool,,0.232990465355689,0.0918244682273251
Pool,GLY.p pool,,0.000423785751613294,2589.01248298894
Pool,GLY.x pool,,1,Inf
Pool,Glyc pool,,6.32771778843868,1.60357469194498
Pool,Glyc.p pool,,4.13461805091518e-06,2598.42545471362
Pool,Glyc.x pool,,1,Inf
Pool,Glyx pool,,18.6103773478359,7.25395960983781
Pool,Glyx.p pool,,7.39542297723366e-06,2575.51416388333
Pool,Glyx.x pool,,1,Inf
Pool,HPA pool,,0.000130341630787716,2457.01486464982
Pool,HPA.p pool,,1.16482842378768e-06,2501.94279207083
Pool,HPA.x pool,,1,Inf
Pool,Hcy.c pool,,1,Inf
Pool,ICI pool,,0.00338185176981939,2399.34171602365
Pool,MAL pool,,0.0599270995090146,0.11119251837852
Pool,Met pool,,2.17714009095973e-05,2482.97178208375
Pool,Met.c pool,,9.22671798579331e-07,2560.25999399188
Pool,Met.x pool,,1,Inf
Pool,OAA pool,,0.0779020563257702,0.0303483623675763
Pool,P5P pool,,0,0
Pool,PEP pool,,0,0
Pool,PEP.c pool,,1.9152670665288e-06,2493.55141803803
Pool,PEP.x pool,,1,Inf
Pool,PRO pool,,5.39499638339331,2515.17339846792
Pool,PYR pool,,1.00000000058387e-07,0
Pool,PYR.c pool,,0.00425542916564485,0.00135945180432319
Pool,PYR.x pool,,1,Inf
Pool,Protein pool,,1,Inf
Pool,R5P pool,,0,0
Pool,R5P.p pool,,2.26777904806834e-06,2526.0260984769
Pool,R5P.x pool,,1,Inf
Pool,RU5P.p pool,,1.77695747467705e-06,2457.84446815466
Pool,RU5P.x pool,,1,Inf
Pool,RUBP pool,,0,0
Pool,RUBP.p pool,,1.77824060954936e-06,2726.28321873964
Pool,RUBP.x pool,,1,Inf
Pool,S6P pool,,1,Inf
Pool,S7P pool,,0,0
Pool,S7P.p pool,,1.45031510811975e-06,2516.42922211494
Pool,S7P.x pool,,1,Inf
Pool,SAH.c pool,,1,Inf
Pool,SAM pool,,5.7928712175384,1.72788545789995
Pool,SAM.c pool,,3.78415439180573e-06,2493.72568045215
Pool,SAM.x pool,,1,Inf
Pool,SBP pool,,0,0
Pool,SER pool,,0,0
Pool,SER.c pool,,1.00000000002876e-07,0
Pool,SER.m pool,,1.2896304556148,0.129972366857053
Pool,SER.p pool,,1.00000000000002e-07,0
Pool,SER.x pool,,1,Inf
Pool,Sink pool,,1,Inf
Pool,Starch pool,,1,Inf
Pool,THR pool,,0.0602482998985031,0.0370879172955828
Pool,TP pool,,0,0
Pool,TP.c pool,,4.18761424274907e-06,2492.53782718302
Pool,TP.p pool,,2.50890239681385e-06,2596.64452032782
Pool,TP.x pool,,1,Inf
Pool,UDPG pool,,0,0
Pool,UDPG.c pool,,0.140245049238074,2420.09087936113
Pool,UDPG.x pool,,1,Inf
Pool,X5P.p pool,,1.80703527438043e-06,2612.48965139377
Pool,dummy pool,,1,Inf
Pool,dummyGLY pool,,1,Inf
Pool,dummySER pool,,1,Inf
Pool,meTHF pool,,0.348078091302046,0.831365482568933
Pool,meTHF.c pool,,1.01428623500967e-06,2516.58666396685
Pool,meTHF.x pool,,1,Inf
Pool,myTHF.m pool,,1.00000000002876e-07,0
Pool,outSER pool,,1,Inf
Norm,Experiment1 Glyc205 #1 norm,,0.993834971830962,0.0130270543556017
Norm,Experiment1 Glyc205 #2 norm,,0.975394406137649,0.0218491052560633
Norm,Experiment1 Glyc205 #3 norm,,0.976047818644198,0.0204154082953288
Norm,Experiment1 Glyc205 #4 norm,,1.02263714272931,0.0335087116699542
Norm,Experiment1 Glyc205 #5 norm,,0.977738677565781,0.0354339639860319
Norm,Experiment1 Glyc205 #6 norm,,1.05478437832208,0.0282393371471331
Norm,Experiment1 Glyc205 #7 norm,,0.974376367600493,0.0343332868942153
Norm,Experiment1 Glyc205 #8 norm,,0.959647224049382,0.0284649546088017
Norm,Experiment1 Glyx160 #1 norm,,0.995730324677915,0.0110713144236932
Norm,Experiment1 Glyx160 #2 norm,,0.99538098952002,0.0130314875577224
Norm,Experiment1 Glyx160 #3 norm,,0.984061756228927,0.017245135437444
Norm,Experiment1 Glyx160 #4 norm,,0.979356736215202,0.0147326039169896
Norm,Experiment1 Glyx160 #5 norm,,1.01052445837946,0.034875288036491
Norm,Experiment1 Glyx160 #6 norm,,1.02433546141255,0.0206971851599095
Norm,Experiment1 Glyx160 #7 norm,,0.944629231077184,0.036083728899861
Norm,Experiment1 Glyx160 #8 norm,,1.01117137250499,0.0392995374768639
Norm,Experiment1 GLY276 #1 norm,,0.979107996149708,0.0102254111302982
Norm,Experiment1 GLY276 #2 norm,,0.986426088151473,0.0240438339258136
Norm,Experiment1 GLY276 #3 norm,,1.02782292999033,0.046882264049584
Norm,Experiment1 GLY276 #4 norm,,0.988384245195313,0.0522528549472208
Norm,Experiment1 GLY276 #5 norm,,0.974529484298866,0.206371827507117
Norm,Experiment1 GLY276 #6 norm,,0.853829956482215,0.0855355631480351
Norm,Experiment1 GLY276 #7 norm,,1.03037781439883,0.0681555790725273
Norm,Experiment1 GLY276 #8 norm,,0.99235477699154,0.0709002513720268
Norm,Experiment1 HPA262 #1 norm,,1.01461111288641,0.0110270587411145
Norm,Experiment1 HPA262 #2 norm,,0.937061960522082,0.025970320911544
Norm,Experiment1 HPA262 #3 norm,,0.983210811102958,0.0133250618522168
Norm,Experiment1 HPA262 #4 norm,,0.934070366328854,0.0361263691712544
Norm,Experiment1 HPA262 #5 norm,,0.929378865089316,0.0223418284532712
Norm,Experiment1 HPA262 #6 norm,,0.965801395307086,0.0333214314505619
Norm,Experiment1 HPA262 #7 norm,,0.981271399861723,0.0243612220413668
Norm,Experiment1 HPA262 #8 norm,,1.02127028189499,0.023753591151402
Norm,Experiment1 GA307 #1 norm,,0.976073071422808,0.0118672086256466
Norm,Experiment1 GA307 #2 norm,,0.957810977245402,0.029997952708333
Norm,Experiment1 GA307 #3 norm,,0.990589934874356,0.0298196863635694
Norm,Experiment1 GA307 #4 norm,,0.972953708364135,0.0191312901265176
Norm,Experiment1 GA307 #5 norm,,0.961338837303476,0.0592797777792735
Norm,Experiment1 GA307 #6 norm,,1.06656559926049,0.0431995672091465
Norm,Experiment1 GA307 #7 norm,,0.967190411172125,0.0422041405149921
Norm,Experiment1 GA307 #8 norm,,1.00835441449387,0.0354427750594326
Norm,Experiment1 SER306 #1 norm,,0.995455350486717,0.0142232324421228
Norm,Experiment1 SER306 #2 norm,,1.02731266358142,0.0163531265488715
Norm,Experiment1 SER306 #3 norm,,0.963596922795783,0.0418783363011972
Norm,Experiment1 SER306 #4 norm,,0.963536958781197,0.04538842251548
Norm,Experiment1 SER306 #5 norm,,0.99193480487878,0.0943088264525726
Norm,Experiment1 SER306 #6 norm,,1.01165514592845,0.0684465214800902
Norm,Experiment1 SER306 #7 norm,,1.032935334856,0.04765601222934
Norm,Experiment1 SER306 #8 norm,,0.949192356403649,0.0493497404102703
Norm,Experiment1 meTHF #1 norm,,0.996311125563176,0.00993899950286338
Norm,Experiment1 meTHF #2 norm,,1.0095302912187,0.0101312341992792
Norm,Experiment1 meTHF #3 norm,,0.926877970618548,0.0620831834937789
Norm,Experiment1 meTHF #4 norm,,0.985030990109371,0.0510595009912254
Norm,Experiment1 meTHF #5 norm,,0.999127111395532,0.102444851736823
Norm,Experiment1 meTHF #6 norm,,0.997965301507286,0.119076328038059
Norm,Experiment1 meTHF #7 norm,,0.978906746823846,0.060519202126567
Norm,Experiment1 meTHF #8 norm,,1.05583175707629,0.0990105263981028
Norm,Experiment1 FmTHF #1 norm,,0.993805910358002,0.00984209627009203
Norm,Experiment1 FmTHF #2 norm,,0.998809433360638,0.0246832377345064
Norm,Experiment1 FmTHF #3 norm,,0.960596821187373,0.0308503937961188
Norm,Experiment1 FmTHF #4 norm,,1.02130404500839,0.0246334121437624
Norm,Experiment1 FmTHF #5 norm,,0.953660616490846,0.0586200552650707
Norm,Experiment1 FmTHF #6 norm,,1.00583072938946,0.0741370848841202
Norm,Experiment1 FmTHF #7 norm,,0.998776354378082,0.0551742478461334
Norm,Experiment1 FmTHF #8 norm,,1.03391175253994,0.0966629300178903
Norm,Experiment1 Met176 #1 norm,,0.970541599866996,0.0238203397875218
Norm,Experiment1 Met176 #2 norm,,0.903990491753211,0.0330134615293266
Norm,Experiment1 Met176 #3 norm,,0.862691007139164,0.0477827414934229
Norm,Experiment1 Met176 #4 norm,,0.989841853846646,0.0393689132896711
Norm,Experiment1 Met176 #5 norm,,0.958343042745739,0.0749084821060211
Norm,Experiment1 Met176 #6 norm,,0.982056255638095,0.118802158813432
Norm,Experiment1 Met176 #7 norm,,0.985461749894919,0.101712970738457
Norm,Experiment1 Met176 #8 norm,,0.973170308455565,0.147351413287487
Norm,Experiment1 SAM #1 norm,,0.984333838333139,0.0114861782016553
Norm,Experiment1 SAM #2 norm,,0.983326639091961,0.0117953406120257
Norm,Experiment1 SAM #3 norm,,0.991738819848511,0.013754398783115
Norm,Experiment1 SAM #4 norm,,1.04999192863811,0.0235908462371521
Norm,Experiment1 SAM #5 norm,,0.966906368230291,0.040294983190452
Norm,Experiment1 SAM #6 norm,,1.00235966062496,0.0619945907319954
Norm,Experiment1 SAM #7 norm,,1.00261882713277,0.0919009157045317
Norm,Experiment1 SAM #8 norm,,0.989287090118053,0.0813006547359484
Norm,Experiment1 CIT465 #1 norm,,0.959015899017204,0.0116886885638996
Norm,Experiment1 CIT465 #2 norm,,0.946015912195047,0.0129539996670971
Norm,Experiment1 CIT465 #3 norm,,0.963491402550758,0.0114109878551114
Norm,Experiment1 CIT465 #4 norm,,0.950429617072831,0.0164225721620952
Norm,Experiment1 CIT465 #5 norm,,1.04447741327359,0.0143778773426298
Norm,Experiment1 CIT465 #6 norm,,0.987524122493027,0.0128132301588587
Norm,Experiment1 CIT465 #7 norm,,0.996431221786596,0.0131045867559001
Norm,Experiment1 CIT465 #8 norm,,0.972638406613856,0.0174213763231062
Norm,Experiment1 MAL335 #1 norm,,0.995829356915255,0.0123703101531747
Norm,Experiment1 MAL335 #2 norm,,1.00720528542733,0.0111730288825129
Norm,Experiment1 MAL335 #3 norm,,0.954366365119305,0.010031948790729
Norm,Experiment1 MAL335 #4 norm,,0.946941445757845,0.0138639818438856
Norm,Experiment1 MAL335 #5 norm,,0.996210947383544,0.0142742550587883
Norm,Experiment1 MAL335 #6 norm,,0.972907120949028,0.0134517903077133
Norm,Experiment1 MAL335 #7 norm,,0.931447893215106,0.0196082800741464
Norm,Experiment1 MAL335 #8 norm,,0.983967323654953,0.0339416127454304
Norm,Experiment1 ASP334 #1 norm,,0.979878806034388,0.0227078633816295
Norm,Experiment1 ASP334 #2 norm,,0.993762232695,0.0299438238275942
Norm,Experiment1 ASP334 #3 norm,,0.949726144337237,0.0199582351304175
Norm,Experiment1 ASP334 #4 norm,,0.931568255438236,0.015774027796458
Norm,Experiment1 ASP334 #5 norm,,0.90059288865713,0.0255025156298966
Norm,Experiment1 ASP334 #6 norm,,1.0122551541658,0.0356156584058551
Norm,Experiment1 ASP334 #7 norm,,1.0024523558459,0.0328931083080047
Norm,Experiment1 ASP334 #8 norm,,0.950629745842954,0.119343437662084
Norm,Experiment1 GLU348 #1 norm,,0.997509498587326,0.0209076066549828
Norm,Experiment1 GLU348 #2 norm,,0.930196019566417,0.0181270462689706
Norm,Experiment1 GLU348 #3 norm,,0.998935565598007,0.0110894651067247
Norm,Experiment1 GLU348 #4 norm,,0.962229593601689,0.0349361449183105
Norm,Experiment1 GLU348 #5 norm,,0.922547840655921,0.0218530835145412
Norm,Experiment1 GLU348 #6 norm,,0.941731176575279,0.0124045744440807
Norm,Experiment1 GLU348 #7 norm,,1.03225302483308,0.0155369969757126
Norm,Experiment1 GLU348 #8 norm,,0.982410486630151,0.0207445592814402
Norm,Experiment1 THR320 #1 norm,,0.971255963803397,0.0101824740322575
Norm,Experiment1 THR320 #2 norm,,0.972233622831473,0.014146717161574
Norm,Experiment1 THR320 #3 norm,,0.982350886546134,0.0104717234269348
Norm,Experiment1 THR320 #4 norm,,1.00663129975548,0.0283494091036777
Norm,Experiment1 THR320 #5 norm,,0.977128960829925,0.0199901927044188
Norm,Experiment1 THR320 #6 norm,,0.998391186077392,0.0115930520481764
Norm,Experiment1 THR320 #7 norm,,1.03784470685137,0.0171279658665672
Norm,Experiment1 THR320 #8 norm,,0.977647604181756,0.0343703185983402
Norm,Experiment1 ALA116 #1 norm,,0.991295410255631,0.00993703617575242
Norm,Experiment1 ALA116 #2 norm,,0.996393597194447,0.00996745713776069
Norm,Experiment1 ALA116 #3 norm,,0.997397733950307,0.0180352177852946
Norm,Experiment1 ALA116 #4 norm,,1.07270253147297,0.023042572743444
Norm,Experiment1 ALA116 #5 norm,,0.949686237760985,0.112381660940497
Norm,Experiment1 ALA116 #6 norm,,0.968919976795775,0.0842585302142482
Norm,Experiment1 ALA116 #7 norm,,1.01246311907371,0.0603755940254375
Norm,Experiment1 ALA116 #8 norm,,0.958067555381301,0.0933675184911903
Norm,Experiment1 PYR #1 norm,,0.958349352675091,0.0165376632291676
Norm,Experiment1 PYR #2 norm,,0.871410049987012,0.0383382807028753
Norm,Experiment1 PYR #3 norm,,0.865003974477843,0.105485198010442
Norm,Experiment1 PYR #4 norm,,1.04248784726145,0.0435616532247754
Norm,Experiment1 PYR #5 norm,,1.06964412074569,0.0572327797570732
Norm,Experiment1 PYR #6 norm,,1.00811856911984,0.0555040383639679
Norm,Experiment1 PYR #7 norm,,0.978604494730789,0.0863764961105711
Norm,Experiment1 PYR #8 norm,,0.997708903759634,0.0641444884751702
