type,id,eqn,val,std
Net flux,CO2.t,CO2.t -> CO2,49.5062445444575,1.10223636235956
Net flux,CO2_sink,dummy -> Sink,49.5062445444575,1.10223636235956
Net flux,RUBICSO_CO2,RUBP.p + CO2 -> 3PGA.p + 3PGA.p + dummy,59.6271451597454,1.21912764763834
Net flux,GAPDH.p net,3PGA.p <-> TP.p,140.772030063737,2.66314970311494
Exch flux,GAPDH.p exch,3PGA.p <-> TP.p,25140.7850318968,11.6747288992404
Net flux,ALD,TP.p + E4P.p -> SBP,25.8658960939902,0.488347161774173
Net flux,SBP,SBP -> S7P.p,25.8658960939902,0.488347161774173
Net flux,FBA.p net,TP.p + TP.p <-> FBP.p,29.6870013464977,0.645017480972657
Exch flux,FBA.p exch,TP.p + TP.p <-> FBP.p,18803.93780431,18.1106119928018
Net flux,PFK.p net,FBP.p <-> F6P.p,29.6870013465009,0.645017480972657
Exch flux,PFK.p exch,FBP.p <-> F6P.p,9.99929312683889e-08,1.42414965145338e-14
Net flux,TK1 net,TP.p + EC2 <-> X5P.p,51.7317921879804,0.976694323548345
Exch flux,TK1 exch,TP.p + EC2 <-> X5P.p,1.0000000116861e-07,0
Net flux,TK2 net,S7P.p <-> R5P.p + EC2,25.8658960939902,0.488347161774173
Exch flux,TK2 exch,S7P.p <-> R5P.p + EC2,37.9125725578048,37.0172263828879
Net flux,TK3 net,F6P.p <-> E4P.p + EC2,25.8658960939892,0.488347161774173
Exch flux,TK3 exch,F6P.p <-> E4P.p + EC2,5628.89331159505,22.0347874453419
Net flux,PPE net,X5P.p <-> RU5P.p,51.7317921879803,0.976694323548345
Exch flux,PPE exch,X5P.p <-> RU5P.p,78.5622851583674,28.9060406140657
Net flux,PPI net,R5P.p <-> RU5P.p,25.8658960939903,0.488347161774173
Exch flux,PPI exch,R5P.p <-> RU5P.p,240.123480493276,40.7295284387045
Net flux,PRK,RU5P.p -> RUBP.p,77.5976882819707,1.46504148532252
Net flux,RUBISCO_O2,RUBP.p -> 3PGA.p + 2PG.p,17.9705431222253,0.588808289093904
Net flux,GLYdil net,GLY.p <-> GLY.x + dummyGLY,0.0096813638286406,0.00106510221290906
Exch flux,GLYdil exch,GLY.p <-> GLY.x + dummyGLY,0.145025149051321,0.244237584045526
Net flux,SERdil net,SER.p <-> SER.x + dummySER,3.93837531125646,1.41230097054517
Exch flux,SERdil exch,SER.p <-> SER.x + dummySER,1.01946752581129,0.177638373666522
Net flux,GK,GA.p -> 3PGA.p,3.95235077227713,0.569392011576938
Net flux,PGI.p net,F6P.p <-> G6P.p,3.82110525251004,0.348026309264826
Exch flux,PGI.p exch,F6P.p <-> G6P.p,4.43194377430742,42.4519989190238
Net flux,PGM.p,G6P.p -> ADPG.p,3.82110525251005,0.348026309264826
Net flux,Starch,ADPG.p -> Starch,3.82110525251003,0.348026309264826
Net flux,FBA.c net,TP.c + TP.c <-> FBP.c,1.90016954438398,0.209048520688545
Exch flux,FBA.c exch,TP.c + TP.c <-> FBP.c,42.956685455134,36.8924668545755
Net flux,PFK.c net,FBP.c <-> F6P.c,1.90016954438399,0.209048520688545
Exch flux,PFK.c exch,FBP.c <-> F6P.c,30.4467787380531,38.2359165216902
Net flux,PGI.c net,F6P.c <-> G6P.c,0.950084772192014,0.104524260344272
Exch flux,PGI.c exch,F6P.c <-> G6P.c,246.343144386901,39.8934586177167
Net flux,PGM.c net,G6P.c <-> UDPG.c,0.950084772186528,0.104524260344272
Exch flux,PGM.c exch,G6P.c <-> UDPG.c,48488.8114622533,34.2489881471293
Net flux,SPS,F6P.c + UDPG.c -> S6P,0.950084772191961,0.104524260344272
Net flux,PGAM.c net,3PGA.c <-> PEP.c,0.405154150253378,0.0445733255812111
Exch flux,PGAM.c exch,3PGA.c <-> PEP.c,1.00000609792872e-07,1.18478346653719e-15
Net flux,PK.c,PEP.c -> PYR.c,0.18390790935306,0.0202327610748511
Net flux,PDH,PYR.c + dummy -> ACA + CO2,0.153058656800072,0.0168388583414689
Net flux,CS,OAA + ACA -> CIT,0.153058656800068,0.0168388583414689
Net flux,ACO net,CIT <-> ICI,0.153058656800113,0.0168388583414689
Exch flux,ACO exch,CIT <-> ICI,1155.24429940307,42.0818049645771
Net flux,IDH,ICI + dummy -> AKG + CO2,0.153058656800085,0.0168388583414689
Net flux,MDH net,MAL <-> OAA,2.1316282072803e-14,0
Exch flux,MDH exch,MAL <-> OAA,6.65830685377955e-05,0.379232647307688
Net flux,PPC,PEP.c + CO2 -> OAA + dummy,0.221246240900064,0.0243405645063692
Net flux,T_3PGA net,3PGA.p <-> 3PGA.c,0.40515415025336,0.0445733255812111
Exch flux,T_3PGA exch,3PGA.p <-> 3PGA.c,1.0000000116861e-07,0
Net flux,T_DHAP net,TP.p <-> TP.c,3.80033908876801,0.41809704137709
Exch flux,T_DHAP exch,TP.p <-> TP.c,24.326842963368,32.2724990795956
Net flux,ALT,PYR.c -> ALA.c,0.0308492525531261,0.00339390273337882
Net flux,ASPT,OAA -> ASP,0.0681875841002035,0.00750170616490779
Net flux,GLUDH,AKG -> GLU,0.153058656800062,0.0168388583414689
Net flux,PCR net,GLU <-> PRO,-2.48689957516035e-14,0
Exch flux,PCR exch,GLU <-> PRO,1.0000000116861e-07,0
Net flux,GS net,GLU <-> GLN,0,0
Exch flux,GS exch,GLU <-> GLN,1.00046854356606e-07,0
Net flux,TS net,ASP <-> THR,0,0
Exch flux,TS exch,ASP <-> THR,0.0458060840241643,0.040165857229074
Net flux,AS net,ASP <-> ASN,1.06581410364015e-14,0
Exch flux,AS exch,ASP <-> ASN,0.0306768963208981,0.0348852556462755
Net flux,G_3PGA.p,0*3PGA.p -> 3PGA,2.46866294872916e-06,58.0399959493341
Net flux,G_3PGA.c,0*3PGA.c -> 3PGA,92.9119081393074,41.3316222667419
Net flux,G_DHAP.p,0*TP.p -> TP,40.685379842242,60.5879622139303
Net flux,G_DHAP.c,0*TP.c -> TP,51.8471856996947,40.3783448988069
Net flux,G_F6P.p,0*F6P.p -> F6P,48.6686345030749,55.6708856445743
Net flux,G_F6P.c,0*F6P.c -> F6P,36.546576817712,40.0351312396387
Net flux,G_FBP.p,0*FBP.p -> FBP,2.46866127895373e-06,57.0140673597232
Net flux,G_FBP.c,0*FBP.c -> FBP,83.4512310478227,36.0305406218808
Net flux,G_G6P.p,0*G6P.p -> G6P,19.0549768397257,54.584444261633
Net flux,G_G6P.c,0*G6P.c -> G6P,58.8549499993083,37.2748832123981
Net flux,G_RU5P.p,0*RU5P.p -> P5P,2.46865370456817e-06,57.9734821628197
Net flux,G_X5P.p,0*X5P.p -> P5P,92.8477691490139,40.4290856366383
Net flux,G_R5P.p,0*R5P.p -> R5P,82.2810779884949,41.7667616639204
Net flux,G_GA.p,0*GA.p -> GA,40.5861082748957,1.5089530032648
Net flux,G_SER.p,0*SER.p -> SER,99.9745918577017,55.7828730748841
Net flux,G_GLY.p,0*GLY.p -> GLY,26.2041275552676,39.665090826767
Net flux,G_RUBP.p,0*RUBP.p -> RUBP,92.5302752673063,41.6589814281728
Net flux,G_S7P.p,0*S7P.p -> S7P,98.4567310636212,40.3080279930771
Net flux,G_2PG.p,0*2PG.p -> 2PG,87.0427532706349,40.3608230049896
Net flux,G_ADPG.p,0*ADPG.p -> ADPG,95.0805622183377,39.4821599933452
Net flux,G_PEP.c,0*PEP.c -> PEP,89.2305410445615,39.8626089300707
Net flux,G_UDPG.c,0*UDPG.c -> UDPG,72.4268033045549,41.0807060126145
Net flux,G_ALA.c,0*ALA.c -> ALA,71.1710264587938,4.25311380008054
Net flux,(1-G)_GA,0*GA.x -> GA,59.4138917251064,1.5089530032648
Net flux,(1-G)_SER,0*SER.x -> SER,0.0254079316266882,39.4094277695582
Net flux,(1-G)_GLY,0*GLY.x -> GLY,34.9861650146466,3.92339465591786
Net flux,(1-G)_R5P,0*R5P.x -> R5P,17.718922011502,41.7667616639204
Net flux,(1-G)_RUBP,0*RUBP.x -> RUBP,7.46972473269241,41.6589814281728
Net flux,(1-G)_3PGA,0*3PGA.x -> 3PGA,7.08808939202993,41.855067423777
Net flux,(1-G)_TP,0*TP.x -> TP,7.46743445806383,41.9333440589722
Net flux,(1-G)_F6P,0*F6P.x -> F6P,14.7847886792169,40.8457582309343
Net flux,(1-G)_FBP,0*FBP.x -> FBP,16.5487664835107,43.0811127166944
Net flux,(1-G)_G6P,0*G6P.x -> G6P,22.0900731609643,39.5554238933509
Net flux,(1-G)_RU5P,0*RU5P.x -> P5P,7.15222838233382,40.6310667122257
Net flux,(1-G)_S7P,0*S7P.x -> S7P,1.54326893637677,40.3080279930771
Net flux,(1-G)_2PG,0*2PG.x -> 2PG,12.9572467293675,40.3608230049896
Net flux,(1-G)_ADPG,0*ADPG.x -> ADPG,4.91943778166132,39.4821599933452
Net flux,(1-G)_PEP,0*PEP.x -> PEP,10.7694589554367,39.8626089300707
Net flux,(1-G)_UDPG,0*UDPG.x -> UDPG,27.5731966954463,41.0807060126145
Net flux,(1-G)_ALA,0*ALA.x -> ALA,28.8289735412059,4.25311380008054
Net flux,PGASink,3PGA -> Sink,100,0
Net flux,DHAPSink,TP -> Sink,100.000000000001,0
Net flux,F6PSink,F6P -> Sink,100.000000000004,0
Net flux,FBPSink,FBP -> Sink,99.9999999999947,0
Net flux,G6PSink,G6P -> Sink,99.9999999999983,0
Net flux,P5PSink,P5P -> Sink,100.000000000001,0
Net flux,R5PSink,R5P -> Sink,99.9999999999968,0
Net flux,GASink,GA -> Sink,100.000000000002,0
Net flux,SERSink,SER -> Sink,99.9999999999996,0
Net flux,GLYSink,GLY -> Sink,100.000000000001,0
Net flux,RUBPSink,RUBP -> Sink,99.9999999999987,0
Net flux,S7PSink,S7P -> Sink,99.9999999999979,0
Net flux,2PGSink,2PG -> Sink,100.000000000002,0
Net flux,ADPGSink,ADPG -> Sink,99.999999999999,0
Net flux,PEPSink,PEP -> Sink,99.9999999999983,0
Net flux,UDPGSink,UDPG -> Sink,100.000000000001,0
Net flux,ALASink,ALA -> Sink,99.9999999999998,0
Net flux,S6Pout-LL,S6P + 0.1611*GLU + 0.07177*ASP + 0.03247*ALA.c + 0.01019*dummyGLY + 0.03484*dummySER -> Sink,0.950084772191996,0.104524260344272
Net flux,PGP.p,2PG.p -> Glyc.p,17.9705431222253,0.588808289093904
Net flux,GOX,Glyc.p -> Glyx.p,17.9705431222253,0.588808289093904
Net flux,GGT,Glyx.p -> GLY.p,17.9705431222253,0.588808289093904
Net flux,SGAT,SER.p -> HPA.p,3.95235077227711,0.569392011576938
Net flux,HPR.p,HPA.p -> GA.p,3.95235077227711,0.569392011576938
Net flux,T_GLY-m net,GLY.p <-> GLY.m,16.5638674596848,41.5407613631877
Exch flux,T_GLY-m exch,GLY.p <-> GLY.m,88471.6880570887,39.1886695695857
Net flux,GDC.m,GLY.m + dummy -> myTHF.m + CO2,10.036029542588,0.542983092324108
Net flux,T_SER-m net,SER.p <-> SER.m,-10.036029542588,0.542983092324108
Exch flux,T_SER-m exch,SER.p <-> SER.m,9.99999856254874e-08,11.2743479619186
Net flux,mSHMT,GLY.m + myTHF.m -> SER.m,10.036029542588,0.542983092324108
Net flux,T_SER-c net,SER.p <-> SER.c,2.14530345905444,0.945416718860465
Exch flux,T_SER-c exch,SER.p <-> SER.c,1.00000000280431e-07,0
Net flux,T_Gly-c net,GLY.p <-> GLY.c,1.39699429869398,41.5379500271924
Exch flux,T_Gly-c exch,GLY.p <-> GLY.c,0.000398218869150035,41.5133725148266
Net flux,cSHMT,SER.c -> GLY.c + meTHF.c,2.11119742677937,0.959954519291499
Net flux,FmTHF-reductase net,meTHF.c <-> FmTHF.c,2.11119742677937,0.959954519291499
Exch flux,FmTHF-reductase exch,meTHF.c <-> FmTHF.c,6.78380974427393,38.6974374346518
Net flux,Met-synthase,FmTHF.c + Hcy.c -> Met.c,2.11119742677935,0.959954519291499
Net flux,SAM-synthase,Met.c -> SAM.c,2.11119742677936,0.959954519291499
Net flux,Methylation,SAM.c -> SAH.c + Acceptor.c,2.11119742677936,0.959954519291499
Net flux,hydrolysis,SAH.c -> Hcy.c,2.11119742677935,0.959954519291499
Net flux,G_SER.m,0*SER.m -> SER,1.0000000116861e-07,0
Net flux,G_SER.c,0*SER.c -> SER,1.1067118776964e-07,39.1762016010761
Net flux,G_Gly.m,0*GLY.m -> GLY,0.000168333048076619,39.430816126372
Net flux,G_Gly.c,0*GLY.c -> GLY,38.8095390970389,5.46918471977879
Net flux,T_GLY-c-m,GLY.c -> GLY.m,3.50819162547337,41.5345774792777
Net flux,G_Glyc,0*Glyc.p -> Glyc,21.6562201048149,1.17477081588119
Net flux,G_Glyx,0*Glyx.p -> Glyx,14.6000183530582,1.91371602828628
Net flux,G_HPA,0*HPA.p -> HPA,7.28357018080742,1.32406644080644
Net flux,(1-G)_Glyc,0*Glyc.x -> Glyc,78.3437798951857,1.17477081588119
Net flux,(1-G)_Glyx,0*Glyx.x -> Glyx,85.3999816469426,1.91371602828628
Net flux,(1-G)_HPA,0*HPA.x -> HPA,92.7164298191925,1.32406644080644
Net flux,GlycSink,Glyc -> Sink,100.000000000001,0
Net flux,GlyxSink,Glyx -> Sink,100.000000000001,0
Net flux,HPASink,HPA -> Sink,99.9999999999998,0
Net flux,SERex,dummySER -> outSER,3.9052713118242,1.41284781479766
Net flux,G_PYR,0*PYR.c -> PYR,32.341894127123,1.86472781784935
Net flux,(1-G)_PYR,0*PYR.x -> PYR,67.6581058728772,1.86472781784935
Net flux,PYRSink,PYR -> Sink,100,0
Net flux,G_meTHF,0*meTHF.c -> meTHF,99.984663798584,38.6693223038137
Net flux,G_FmTHF,0*FmTHF.c -> FmTHF,75.3319385821541,2.97943803442581
Net flux,G_Met,0*Met.c -> Met,67.9267176892031,4.24524329368042
Net flux,G_SAM,0*SAM.c -> SAM,63.141635619712,3.85866327990483
Net flux,(1-G)_meTHF,0*meTHF.x -> meTHF,0.0153362014160194,38.6693223038137
Net flux,(1-G)_FmTHF,0*FmTHF.x -> FmTHF,24.668061417846,2.97943803442581
Net flux,(1-G)_Met,0*Met.x -> Met,32.0732823107969,4.24524329368042
Net flux,(1-G)_SAM,0*SAM.x -> SAM,36.858364380288,3.85866327990483
Net flux,meTHFSink,meTHF -> Sink,99.9999999999999,0
Net flux,FmTHFSink,FmTHF -> Sink,100,0
Net flux,MetSink,Met -> Sink,100,0
Net flux,SAMsink,SAM -> Sink,100,0
Net flux,Met-protein,Met.c -> Protein,6.51983996113883e-15,0
Net flux,GLY-protein,GLY.c -> Protein,1.00000010938572e-07,8.48899734123152e-15
Net flux,SER-protein,SER.c -> Protein,0.0341060322750737,1.37487499938296
Pool,2PG pool,,0,0
Pool,2PG.p pool,,3.55168058162812e-06,38.0729387473884
Pool,2PG.x pool,,1,Inf
Pool,3PGA pool,,0,0
Pool,3PGA.c pool,,0.0187575348639213,0.00489647581250856
Pool,3PGA.p pool,,4.02580084332011e-06,41.2982882513985
Pool,3PGA.x pool,,1,Inf
Pool,ACA pool,,2.96872194871551e-06,35.2794569328627
Pool,ADPG pool,,0,0
Pool,ADPG.p pool,,9.9999999999999e-08,Inf
Pool,ADPG.x pool,,1,Inf
Pool,AKG pool,,2.74084423012992e-06,36.2020154827617
Pool,ALA pool,,0,0
Pool,ALA.c pool,,0.00589999278025001,0.00130714101622965
Pool,ALA.x pool,,1,Inf
Pool,ASN pool,,7541.26523307519,40.0240990133529
Pool,ASP pool,,0.00578914711072166,0.00472778446205507
Pool,Acceptor.c pool,,1,Inf
Pool,CIT pool,,4.10435431113896,1.91340791853763
Pool,CO2 pool,,0.00015141190630497,41.1002866477824
Pool,CO2.t pool,,1,Inf
Pool,E4P.p pool,,0,0
Pool,EC2 pool,,0,0
Pool,F6P pool,,0,0
Pool,F6P.c pool,,3.83031109094524e-06,38.8118461243047
Pool,F6P.p pool,,3.86034795120042e-06,37.1877165946375
Pool,F6P.x pool,,1,Inf
Pool,FBP pool,,0,0
Pool,FBP.c pool,,3.82061105688447e-06,38.7752755342846
Pool,FBP.p pool,,3.79815441920359e-06,38.4583532217855
Pool,FBP.x pool,,1,Inf
Pool,FmTHF pool,,2.74588548933692,1.00977478230261
Pool,FmTHF.c pool,,1.79724621831001e-06,39.4868022801334
Pool,FmTHF.x pool,,1,Inf
Pool,G6P pool,,0,0
Pool,G6P.c pool,,9.88047595902261e-06,37.2829563873033
Pool,G6P.p pool,,3.79279262081074e-06,38.9741427932795
Pool,G6P.x pool,,1,Inf
Pool,GA pool,,0,0
Pool,GA.p pool,,3.30301094065988e-06,40.5098031157262
Pool,GA.x pool,,1,Inf
Pool,GLN pool,,8.83867754989293,39.0237936188228
Pool,GLU pool,,2.74084471242982e-06,38.4858535943862
Pool,GLY pool,,0,0
Pool,GLY.c pool,,0.405795965286364,0.148724424042949
Pool,GLY.m pool,,0.292749434779296,0.0860130424106008
Pool,GLY.p pool,,0.000426074523187795,40.2742122294186
Pool,GLY.x pool,,1,Inf
Pool,Glyc pool,,5.02163926707996,1.18904664947066
Pool,Glyc.p pool,,1.56449093628067e-05,39.2973056198764
Pool,Glyc.x pool,,1,Inf
Pool,Glyx pool,,15.5679475075916,5.30312164875087
Pool,Glyx.p pool,,2.49475238838544e-05,39.0592167009121
Pool,Glyx.x pool,,1,Inf
Pool,HPA pool,,0.000165373918806507,38.7283736238878
Pool,HPA.p pool,,2.534647130029e-06,39.1985257608514
Pool,HPA.x pool,,1,Inf
Pool,Hcy.c pool,,1,Inf
Pool,ICI pool,,0.00372996922255434,38.699610722535
Pool,MAL pool,,0.000277174909674341,1.57838112996519
Pool,Met pool,,0.000187602290544541,38.8808882915683
Pool,Met.c pool,,1.82703498790038e-06,38.0869727823684
Pool,Met.x pool,,1,Inf
Pool,OAA pool,,0.0651172381865686,0.0232231753573626
Pool,P5P pool,,0,0
Pool,PEP pool,,0,0
Pool,PEP.c pool,,0.00374983006719132,0.00393437293103874
Pool,PEP.x pool,,1,Inf
Pool,PRO pool,,5.39499638372044,37.6965998475372
Pool,PYR pool,,0.000817446965869147,38.7084524091766
Pool,PYR.c pool,,0.000470740129935602,0.0308226965717015
Pool,PYR.x pool,,1,Inf
Pool,Protein pool,,1,Inf
Pool,R5P pool,,0,0
Pool,R5P.p pool,,2.78042741550412e-05,36.2889977909754
Pool,R5P.x pool,,1,Inf
Pool,RU5P.p pool,,3.7393295651134e-06,38.3408078860338
Pool,RU5P.x pool,,1,Inf
Pool,RUBP pool,,0,0
Pool,RUBP.p pool,,3.7561211381477e-06,37.2280403067516
Pool,RUBP.x pool,,1,Inf
Pool,S6P pool,,1,Inf
Pool,S7P pool,,0,0
Pool,S7P.p pool,,3.85870361814098e-06,37.8106341865123
Pool,S7P.x pool,,1,Inf
Pool,SAH.c pool,,1,Inf
Pool,SAM pool,,4.36745886962114,1.45408114815119
Pool,SAM.c pool,,2.64894688553922e-06,39.7794507833716
Pool,SAM.x pool,,1,Inf
Pool,SBP pool,,0,0
Pool,SER pool,,0,0
Pool,SER.c pool,,1.00000000002876e-07,0
Pool,SER.m pool,,1.05578841605369,0.12392317229844
Pool,SER.p pool,,1.00000000002876e-07,0
Pool,SER.x pool,,1,Inf
Pool,Sink pool,,1,Inf
Pool,Starch pool,,1,Inf
Pool,THR pool,,2613.71811339538,40.0347094505441
Pool,TP pool,,0,0
Pool,TP.c pool,,4.17025190463073e-06,42.8932623019413
Pool,TP.p pool,,4.18074023290199e-06,39.3124649604906
Pool,TP.x pool,,1,Inf
Pool,UDPG pool,,0,0
Pool,UDPG.c pool,,0.0425114448115871,0.0506555738042145
Pool,UDPG.x pool,,1,Inf
Pool,X5P.p pool,,3.85259385579773e-06,38.0171779054227
Pool,dummy pool,,1,Inf
Pool,dummyGLY pool,,1,Inf
Pool,dummySER pool,,1,Inf
Pool,meTHF pool,,1.04742622784528,0.780383842049572
Pool,meTHF.c pool,,1.82293327113704e-06,38.8476013657949
Pool,meTHF.x pool,,1,Inf
Pool,myTHF.m pool,,1.41263126161967e-05,39.034279359496
Pool,outSER pool,,1,Inf
Norm,Experiment1 Glyc205 #1 norm,,0.991687150853058,0.0132644685557412
Norm,Experiment1 Glyc205 #2 norm,,0.965440045019407,0.0222183666887243
Norm,Experiment1 Glyc205 #3 norm,,1.01883140001787,0.0216539007816677
Norm,Experiment1 Glyc205 #4 norm,,0.998486891593047,0.0317373872408717
Norm,Experiment1 Glyc205 #5 norm,,1.00261603603167,0.0341388835438038
Norm,Experiment1 Glyc205 #6 norm,,1.02307148909938,0.0279660416421466
Norm,Experiment1 Glyc205 #7 norm,,0.953924537900176,0.0349494276902825
Norm,Experiment1 Glyc205 #8 norm,,0.973211987667988,0.0302546020097886
Norm,Experiment1 Glyx160 #1 norm,,1.00057997098515,0.0111178619042627
Norm,Experiment1 Glyx160 #2 norm,,1.00017664667554,0.0132764183729261
Norm,Experiment1 Glyx160 #3 norm,,0.966668949453377,0.0172008173591854
Norm,Experiment1 Glyx160 #4 norm,,1.00426461515238,0.0153149153375744
Norm,Experiment1 Glyx160 #5 norm,,0.966455730485047,0.0344114243303503
Norm,Experiment1 Glyx160 #6 norm,,1.02725890301526,0.0201191927228077
Norm,Experiment1 Glyx160 #7 norm,,0.950848788781372,0.0377410274942586
Norm,Experiment1 Glyx160 #8 norm,,1.0054323218009,0.0379719974160591
Norm,Experiment1 GLY276 #1 norm,,0.974109822294237,0.00993875954522255
Norm,Experiment1 GLY276 #2 norm,,1.01094042631264,0.0236870018691655
Norm,Experiment1 GLY276 #3 norm,,0.973524331139818,0.0447640426200051
Norm,Experiment1 GLY276 #4 norm,,0.980584795797573,0.0642657839868602
Norm,Experiment1 GLY276 #5 norm,,0.978462307551289,0.11857095835927
Norm,Experiment1 GLY276 #6 norm,,0.97341226826464,0.0811358933452143
Norm,Experiment1 GLY276 #7 norm,,1.01330588935859,0.0646887868554972
Norm,Experiment1 GLY276 #8 norm,,0.993348518747058,0.0796820815425877
Norm,Experiment1 HPA262 #1 norm,,0.983133510808364,0.0107525535714228
Norm,Experiment1 HPA262 #2 norm,,0.969831641228388,0.0296927575127747
Norm,Experiment1 HPA262 #3 norm,,0.929914392583725,0.0124574488705327
Norm,Experiment1 HPA262 #4 norm,,0.956342756937904,0.0350400999765972
Norm,Experiment1 HPA262 #5 norm,,0.924779072683557,0.0233326874871863
Norm,Experiment1 HPA262 #6 norm,,0.999435050336038,0.0351575952218999
Norm,Experiment1 HPA262 #7 norm,,0.987518689654494,0.0259818275725097
Norm,Experiment1 HPA262 #8 norm,,1.00877970760009,0.0235632478230489
Norm,Experiment1 GA307 #1 norm,,1.00079752676292,0.0122278703406131
Norm,Experiment1 GA307 #2 norm,,0.967112012548107,0.0296183477398221
Norm,Experiment1 GA307 #3 norm,,0.981982866615693,0.0301837729783306
Norm,Experiment1 GA307 #4 norm,,0.959982126760972,0.0196832840682341
Norm,Experiment1 GA307 #5 norm,,0.962882271674143,0.0546590944746927
Norm,Experiment1 GA307 #6 norm,,1.04754128979929,0.0421461302548308
Norm,Experiment1 GA307 #7 norm,,0.968212921002177,0.0419895502336894
Norm,Experiment1 GA307 #8 norm,,0.99745976518242,0.0338271886865874
Norm,Experiment1 SER306 #1 norm,,1.00493495869203,0.0145085627399323
Norm,Experiment1 SER306 #2 norm,,1.0038776586828,0.0168021584967326
Norm,Experiment1 SER306 #3 norm,,0.947449859258288,0.0423879738639389
Norm,Experiment1 SER306 #4 norm,,1.02636883302536,0.0520255804252555
Norm,Experiment1 SER306 #5 norm,,1.00086566459662,0.0882822393651803
Norm,Experiment1 SER306 #6 norm,,0.970880900705385,0.0687412670967361
Norm,Experiment1 SER306 #7 norm,,1.0197721638936,0.0544056912373036
Norm,Experiment1 SER306 #8 norm,,0.98645320306565,0.0565283015455097
Norm,Experiment1 meTHF #1 norm,,1.0111515697317,0.0100438744652397
Norm,Experiment1 meTHF #2 norm,,1.01106667073649,0.0102920662110199
Norm,Experiment1 meTHF #3 norm,,0.958284335149116,0.0578006378441894
Norm,Experiment1 meTHF #4 norm,,1.00415875695616,0.0496828715531836
Norm,Experiment1 meTHF #5 norm,,0.991165886328128,0.0847445687484253
Norm,Experiment1 meTHF #6 norm,,1.03864732047084,0.120050487214512
Norm,Experiment1 meTHF #7 norm,,0.985579643205718,0.0610774448880855
Norm,Experiment1 meTHF #8 norm,,0.927918589229987,0.105079891492626
Norm,Experiment1 FmTHF #1 norm,,0.988729057993656,0.00980431946989848
Norm,Experiment1 FmTHF #2 norm,,0.999697145762983,0.0251326548767526
Norm,Experiment1 FmTHF #3 norm,,0.965343384019963,0.0308045938740948
Norm,Experiment1 FmTHF #4 norm,,0.984235601747757,0.0275420978503341
Norm,Experiment1 FmTHF #5 norm,,1.02628834213178,0.0645032849890732
Norm,Experiment1 FmTHF #6 norm,,1.00919547839912,0.0679663136430672
Norm,Experiment1 FmTHF #7 norm,,0.995893874260951,0.0517025464199363
Norm,Experiment1 FmTHF #8 norm,,1.053338828593,0.0940343307610899
Norm,Experiment1 Met176 #1 norm,,0.996746455485832,0.0250786392380957
Norm,Experiment1 Met176 #2 norm,,0.876932845768636,0.0321540657285852
Norm,Experiment1 Met176 #3 norm,,0.882340429422554,0.04573591359529
Norm,Experiment1 Met176 #4 norm,,0.982893880892701,0.0371309357809997
Norm,Experiment1 Met176 #5 norm,,0.972672299135182,0.0693810915208947
Norm,Experiment1 Met176 #6 norm,,0.990809041706222,0.165172668937039
Norm,Experiment1 Met176 #7 norm,,0.978787560911788,0.128036606661669
Norm,Experiment1 Met176 #8 norm,,0.996486208510388,0.107453769013735
Norm,Experiment1 SAM #1 norm,,0.964923004782647,0.0113615618524986
Norm,Experiment1 SAM #2 norm,,0.985300097050171,0.0119585616622399
Norm,Experiment1 SAM #3 norm,,0.986484097696944,0.0144495764911169
Norm,Experiment1 SAM #4 norm,,1.01918306115195,0.0241555406963684
Norm,Experiment1 SAM #5 norm,,0.994759957629743,0.0410952060422359
Norm,Experiment1 SAM #6 norm,,0.993125648871885,0.0530608354386466
Norm,Experiment1 SAM #7 norm,,1.00128437025808,0.0980686404295156
Norm,Experiment1 SAM #8 norm,,1.00171622682462,0.089908278451476
Norm,Experiment1 CIT465 #1 norm,,1.02760061054948,0.0121251696450764
Norm,Experiment1 CIT465 #2 norm,,0.981282157293898,0.0130373881611341
Norm,Experiment1 CIT465 #3 norm,,0.956753036873678,0.0111729245865624
Norm,Experiment1 CIT465 #4 norm,,1.00411493163118,0.0170392147595833
Norm,Experiment1 CIT465 #5 norm,,0.944221661333524,0.0128436128416107
Norm,Experiment1 CIT465 #6 norm,,0.991570978128156,0.0123386122105217
Norm,Experiment1 CIT465 #7 norm,,0.994825320513188,0.0138163775648757
Norm,Experiment1 CIT465 #8 norm,,1.00017183250661,0.0200268206413727
Norm,Experiment1 MAL335 #1 norm,,1.00340115861272,0.0123970812428057
Norm,Experiment1 MAL335 #2 norm,,1.04328771006418,0.0115370499854246
Norm,Experiment1 MAL335 #3 norm,,1.02800072874111,0.0108115690890537
Norm,Experiment1 MAL335 #4 norm,,0.978616638693257,0.0139398584684493
Norm,Experiment1 MAL335 #5 norm,,0.955958489174582,0.0139992363484188
Norm,Experiment1 MAL335 #6 norm,,0.968690902342939,0.0173964787160357
Norm,Experiment1 MAL335 #7 norm,,0.96683901376843,0.0270368414762535
Norm,Experiment1 MAL335 #8 norm,,1.02185934391323,0.0396813534405068
Norm,Experiment1 ASP334 #1 norm,,0.975194538530049,0.0222583671646235
Norm,Experiment1 ASP334 #2 norm,,0.948210977384391,0.02967018037455
Norm,Experiment1 ASP334 #3 norm,,0.975211097302287,0.0203650326918784
Norm,Experiment1 ASP334 #4 norm,,0.951382903621789,0.0194863053452605
Norm,Experiment1 ASP334 #5 norm,,1.00213866450784,0.0324579589286325
Norm,Experiment1 ASP334 #6 norm,,0.961132598167718,0.0320442113174888
Norm,Experiment1 ASP334 #7 norm,,1.00880376838771,0.0317503603269203
Norm,Experiment1 ASP334 #8 norm,,0.974887399803349,0.0847353745279055
Norm,Experiment1 GLU348 #1 norm,,0.993387502450394,0.0205116483846221
Norm,Experiment1 GLU348 #2 norm,,1.03990279586563,0.020426439517534
Norm,Experiment1 GLU348 #3 norm,,1.00992488231141,0.0114464425941131
Norm,Experiment1 GLU348 #4 norm,,0.999886770554972,0.0375658935664091
Norm,Experiment1 GLU348 #5 norm,,0.986371211246978,0.0233645611470177
Norm,Experiment1 GLU348 #6 norm,,1.02417816742067,0.0131646972674892
Norm,Experiment1 GLU348 #7 norm,,0.986759184139932,0.0155077644079212
Norm,Experiment1 GLU348 #8 norm,,0.98352481779005,0.0224741537783019
Norm,Experiment1 THR320 #1 norm,,0.987988599761553,0.0104672843116085
Norm,Experiment1 THR320 #2 norm,,1.01830331696171,0.0146542692682069
Norm,Experiment1 THR320 #3 norm,,0.964306262158749,0.0101403001535749
Norm,Experiment1 THR320 #4 norm,,0.998868320654461,0.02887755474938
Norm,Experiment1 THR320 #5 norm,,0.991044646345833,0.0218066834525699
Norm,Experiment1 THR320 #6 norm,,0.971769416974974,0.0109457442699707
Norm,Experiment1 THR320 #7 norm,,0.940310024790588,0.0130898004217193
Norm,Experiment1 THR320 #8 norm,,0.938433475874695,0.0256126451903871
Norm,Experiment1 ALA116 #1 norm,,0.991349902057058,0.0101664345404051
Norm,Experiment1 ALA116 #2 norm,,0.993546682638957,0.0100715352914723
Norm,Experiment1 ALA116 #3 norm,,0.985299578437616,0.0180287133314294
Norm,Experiment1 ALA116 #4 norm,,1.07134513650721,0.024603132775545
Norm,Experiment1 ALA116 #5 norm,,0.938642098865918,0.0951295118447681
Norm,Experiment1 ALA116 #6 norm,,1.00205697499011,0.0764812503900223
Norm,Experiment1 ALA116 #7 norm,,1.05160114275435,0.0685534709812293
Norm,Experiment1 ALA116 #8 norm,,0.942492888046268,0.082619486377286
Norm,Experiment1 PYR #1 norm,,1.02039405417892,0.0179678677820365
Norm,Experiment1 PYR #2 norm,,1.01483718125931,0.0508075794468545
Norm,Experiment1 PYR #3 norm,,0.936994042614528,0.684367061259104
Norm,Experiment1 PYR #4 norm,,0.994147327536647,0.0446979133848102
Norm,Experiment1 PYR #5 norm,,1.06786159374146,0.0613363058171546
Norm,Experiment1 PYR #6 norm,,1.01728467164953,0.061799010096772
Norm,Experiment1 PYR #7 norm,,0.977076981114934,0.0931859922141551
Norm,Experiment1 PYR #8 norm,,0.974732273294567,0.061278922845338
