type,id,eqn,val,std
Net flux,CO2.t,CO2.t -> CO2,50.5220535097319,1.10960783914898
Net flux,CO2_sink,dummy -> Sink,50.5220535097319,1.10960783914898
Net flux,RUBICSO_CO2,RUBP.p + CO2 -> 3PGA.p + 3PGA.p + dummy,60.8937609507956,1.21415090098708
Net flux,GAPDH.p net,3PGA.p <-> TP.p,142.59456993189,2.65473417747885
Exch flux,GAPDH.p exch,3PGA.p <-> TP.p,2.73922840676732e-06,0
Net flux,ALD,TP.p + E4P.p -> SBP,26.3886980635241,0.489982141578942
Net flux,SBP,SBP -> S7P.p,26.3886980635241,0.489982141578942
Net flux,FBA.p net,TP.p + TP.p <-> FBP.p,30.6873803747949,0.641749756751661
Exch flux,FBA.p exch,TP.p + TP.p <-> FBP.p,28371.6201874746,179.15052442112
Net flux,PFK.p net,FBP.p <-> F6P.p,30.6873803747985,0.641749756751661
Exch flux,PFK.p exch,FBP.p <-> F6P.p,22357.756453358,312.449774953066
Net flux,TK1 net,TP.p + EC2 <-> X5P.p,52.7773961270481,0.979964283157884
Exch flux,TK1 exch,TP.p + EC2 <-> X5P.p,1.0000000116861e-07,0
Net flux,TK2 net,S7P.p <-> R5P.p + EC2,26.388698063524,0.489982141578942
Exch flux,TK2 exch,S7P.p <-> R5P.p + EC2,37.8038099936703,255.501460091619
Net flux,TK3 net,F6P.p <-> E4P.p + EC2,26.3886980635252,0.489982141578942
Exch flux,TK3 exch,F6P.p <-> E4P.p + EC2,28286.0227597404,255.501929917268
Net flux,PPE net,X5P.p <-> RU5P.p,52.777396127048,0.979964283157884
Exch flux,PPE exch,X5P.p <-> RU5P.p,91.1831977244794,255.501460091619
Net flux,PPI net,R5P.p <-> RU5P.p,26.3886980635241,0.489982141578942
Exch flux,PPI exch,R5P.p <-> RU5P.p,236.639361732459,255.501929917268
Net flux,PRK,RU5P.p -> RUBP.p,79.1660941905723,1.46994642473683
Net flux,RUBISCO_O2,RUBP.p -> 3PGA.p + 2PG.p,18.2723332397766,0.585314649878926
Net flux,GLYdil net,GLY.p <-> GLY.x + dummyGLY,0.00523183894144807,0.000952668000606246
Exch flux,GLYdil exch,GLY.p <-> GLY.x + dummyGLY,1.0000000116861e-07,0
Net flux,SERdil net,SER.p <-> SER.x + dummySER,5.11639757408816,313.474062348691
Exch flux,SERdil exch,SER.p <-> SER.x + dummySER,1.39427621367859,313.469212871354
Net flux,GK,GA.p -> 3PGA.p,2.75366134578982,0.580848360328625
Net flux,PGI.p net,F6P.p <-> G6P.p,4.29868231127215,0.347542316719811
Exch flux,PGI.p exch,F6P.p <-> G6P.p,4.1110727233255,296.171886773188
Net flux,PGM.p,G6P.p -> ADPG.p,4.29868231127216,0.347542316719811
Net flux,Starch,ADPG.p -> Starch,4.29868231127213,0.347542316719811
Net flux,FBA.c net,TP.c + TP.c <-> FBP.c,1.0268574958609,0.186980961852497
Exch flux,FBA.c exch,TP.c + TP.c <-> FBP.c,21.4679097975992,272.363550902635
Net flux,PFK.c net,FBP.c <-> F6P.c,1.02685749586091,0.186980961852497
Exch flux,PFK.c exch,FBP.c <-> F6P.c,6.11975084138665,310.058276785254
Net flux,PGI.c net,F6P.c <-> G6P.c,0.513428747930476,0.0934904809262486
Exch flux,PGI.c exch,F6P.c <-> G6P.c,226.648226382964,273.176104605404
Net flux,PGM.c net,G6P.c <-> UDPG.c,0.513428747930448,0.0934904809262486
Exch flux,PGM.c exch,G6P.c <-> UDPG.c,48481.1441418344,272.926830324323
Net flux,SPS,F6P.c + UDPG.c -> S6P,0.513428747930423,0.0934904809262486
Net flux,PGAM.c net,3PGA.c <-> PEP.c,0.218946555267661,0.0398680806850172
Exch flux,PGAM.c exch,3PGA.c <-> PEP.c,2.89587810549215,260.763734784339
Net flux,PK.c,PEP.c -> PYR.c,0.0993844027370083,0.0180969523925084
Net flux,PDH,PYR.c + dummy -> ACA + CO2,0.0827133712918617,0.0150613164785441
Net flux,CS,OAA + ACA -> CIT,0.0827133712918577,0.0150613164785441
Net flux,ACO net,CIT <-> ICI,0.0827133712919021,0.0150613164785441
Exch flux,ACO exch,CIT <-> ICI,1155.17686919729,336.917360358719
Net flux,IDH,ICI + dummy -> AKG + CO2,0.0827133712918742,0.0150613164785441
Net flux,MDH net,MAL <-> OAA,2.1316282072803e-14,0
Exch flux,MDH exch,MAL <-> OAA,0.000285577542129545,0.577624057105408
Net flux,PPC,PEP.c + CO2 -> OAA + dummy,0.119562152530626,0.0217711282937247
Net flux,T_3PGA net,3PGA.p <-> 3PGA.c,0.218946555267642,0.0398680806850172
Exch flux,T_3PGA exch,3PGA.p <-> 3PGA.c,7.79158612961571,359.17834754521
Net flux,T_DHAP net,TP.p <-> TP.c,2.05371499172186,0.373961923704994
Exch flux,T_DHAP exch,TP.p <-> TP.c,0.35539689625556,0.255716264724931
Net flux,ALT,PYR.c -> ALA.c,0.0166710314453422,0.00303563591548437
Net flux,ASPT,OAA -> ASP,0.0368487812388618,0.00670981181578867
Net flux,GLUDH,AKG -> GLU,0.0827133712918511,0.0150613164785441
Net flux,PCR net,GLU <-> PRO,-2.48689957516035e-14,0
Exch flux,PCR exch,GLU <-> PRO,0.00249305866856275,299.47692371496
Net flux,GS net,GLU <-> GLN,0,0
Exch flux,GS exch,GLU <-> GLN,0.00203243979611045,305.857565590352
Net flux,TS net,ASP <-> THR,0,0
Exch flux,TS exch,ASP <-> THR,0.00577200774990416,180.634104198223
Net flux,AS net,ASP <-> ASN,1.06581410364015e-14,0
Exch flux,AS exch,ASP <-> ASN,0.00523347404539365,180.633959588648
Net flux,G_3PGA.p,0*3PGA.p -> 3PGA,2.46866294872916e-06,436.827671014932
Net flux,G_3PGA.c,0*3PGA.c -> 3PGA,92.9119081390772,300.938036366508
Net flux,G_DHAP.p,0*TP.p -> TP,40.685379842242,406.793214746485
Net flux,G_DHAP.c,0*TP.c -> TP,51.8471856996947,284.443944891305
Net flux,G_F6P.p,0*F6P.p -> F6P,48.6686345030749,449.690396387519
Net flux,G_F6P.c,0*F6P.c -> F6P,36.546576817712,325.650673379057
Net flux,G_FBP.p,0*FBP.p -> FBP,2.46866127895373e-06,420.860888086594
Net flux,G_FBP.c,0*FBP.c -> FBP,83.4512310463538,305.569662147127
Net flux,G_G6P.p,0*G6P.p -> G6P,19.0549768397257,446.337795611555
Net flux,G_G6P.c,0*G6P.c -> G6P,58.8549499993083,323.468944135888
Net flux,G_RU5P.p,0*RU5P.p -> P5P,2.46865369035731e-06,441.417940247217
Net flux,G_X5P.p,0*X5P.p -> P5P,92.8477691487993,319.996220217059
Net flux,G_R5P.p,0*R5P.p -> R5P,82.2810779884949,330.863680343057
Net flux,G_GA.p,0*GA.p -> GA,37.4259851060892,1.50438842876338
Net flux,G_SER.p,0*SER.p -> SER,99.9983016565483,431.656369629267
Net flux,G_GLY.p,0*GLY.p -> GLY,57.0639088123873,411.533780030256
Net flux,G_RUBP.p,0*RUBP.p -> RUBP,92.5302752673063,317.184728477173
Net flux,G_S7P.p,0*S7P.p -> S7P,98.4567310636212,317.792756208319
Net flux,G_2PG.p,0*2PG.p -> 2PG,87.0427532706349,290.853702552153
Net flux,G_ADPG.p,0*ADPG.p -> ADPG,95.0805622183377,298.730426714703
Net flux,G_PEP.c,0*PEP.c -> PEP,89.2305410445615,290.623454920112
Net flux,G_UDPG.c,0*UDPG.c -> UDPG,72.4268033045549,302.961501577639
Net flux,G_ALA.c,0*ALA.c -> ALA,75.9470924655728,7.44282785083329
Net flux,(1-G)_GA,0*GA.x -> GA,62.5740148939129,1.50438842876338
Net flux,(1-G)_SER,0*SER.x -> SER,0.00163888766275377,303.646850827794
Net flux,(1-G)_GLY,0*GLY.x -> GLY,42.9163473698104,2.098402596489
Net flux,(1-G)_R5P,0*R5P.x -> R5P,17.718922011502,330.863680343057
Net flux,(1-G)_RUBP,0*RUBP.x -> RUBP,7.46972473269241,317.184728477173
Net flux,(1-G)_3PGA,0*3PGA.x -> 3PGA,7.08808939226011,324.155526522396
Net flux,(1-G)_TP,0*TP.x -> TP,7.46743445806383,304.362360422026
Net flux,(1-G)_F6P,0*F6P.x -> F6P,14.7847886792169,295.978346889426
Net flux,(1-G)_FBP,0*FBP.x -> FBP,16.5487664849796,304.555525926895
Net flux,(1-G)_G6P,0*G6P.x -> G6P,22.0900731609643,310.877577274472
Net flux,(1-G)_RU5P,0*RU5P.x -> P5P,7.15222838254846,312.790492366107
Net flux,(1-G)_S7P,0*S7P.x -> S7P,1.54326893637677,317.792756208319
Net flux,(1-G)_2PG,0*2PG.x -> 2PG,12.9572467293675,290.853702552153
Net flux,(1-G)_ADPG,0*ADPG.x -> ADPG,4.91943778166132,298.730426714703
Net flux,(1-G)_PEP,0*PEP.x -> PEP,10.7694589554367,290.623454920112
Net flux,(1-G)_UDPG,0*UDPG.x -> UDPG,27.5731966954463,302.961501577639
Net flux,(1-G)_ALA,0*ALA.x -> ALA,24.052907534427,7.44282785083329
Net flux,PGASink,3PGA -> Sink,100,0
Net flux,DHAPSink,TP -> Sink,100.000000000001,0
Net flux,F6PSink,F6P -> Sink,100.000000000004,0
Net flux,FBPSink,FBP -> Sink,99.9999999999947,0
Net flux,G6PSink,G6P -> Sink,99.9999999999983,0
Net flux,P5PSink,P5P -> Sink,100.000000000001,0
Net flux,R5PSink,R5P -> Sink,99.9999999999968,0
Net flux,GASink,GA -> Sink,100.000000000002,0
Net flux,SERSink,SER -> Sink,99.9999999999996,0
Net flux,GLYSink,GLY -> Sink,100.000000000001,0
Net flux,RUBPSink,RUBP -> Sink,99.9999999999987,0
Net flux,S7PSink,S7P -> Sink,99.9999999999979,0
Net flux,2PGSink,2PG -> Sink,100.000000000002,0
Net flux,ADPGSink,ADPG -> Sink,99.999999999999,0
Net flux,PEPSink,PEP -> Sink,99.9999999999983,0
Net flux,UDPGSink,UDPG -> Sink,100.000000000001,0
Net flux,ALASink,ALA -> Sink,99.9999999999998,0
Net flux,S6Pout-LL,S6P + 0.1611*GLU + 0.07177*ASP + 0.03247*ALA.c + 0.01019*dummyGLY + 0.03484*dummySER -> Sink,0.513428747930458,0.0934904809262486
Net flux,PGP.p,2PG.p -> Glyc.p,18.2723332397767,0.585314649878926
Net flux,GOX,Glyc.p -> Glyx.p,18.2723332397767,0.585314649878926
Net flux,GGT,Glyx.p -> GLY.p,18.2723332397767,0.585314649878926
Net flux,SGAT,SER.p -> HPA.p,2.75366134578981,0.580848360328625
Net flux,HPR.p,HPA.p -> GA.p,2.7536613457898,0.580848360328625
Net flux,T_GLY-m net,GLY.p <-> GLY.m,18.2386120722585,425.668094461524
Exch flux,T_GLY-m exch,GLY.p <-> GLY.m,50527.4337204291,307.718560788924
Net flux,GDC.m,GLY.m + dummy -> myTHF.m + CO2,10.3258428510111,0.511137653163687
Net flux,T_SER-m net,SER.p <-> SER.m,-10.3258428510111,0.511137653163687
Exch flux,T_SER-m exch,SER.p <-> SER.m,144.290571998907,310.01774348266
Net flux,mSHMT,GLY.m + myTHF.m -> SER.m,10.3258428510111,0.511137653163687
Net flux,T_SER-c net,SER.p <-> SER.c,2.45578393113312,313.471967412356
Exch flux,T_SER-c exch,SER.p <-> SER.c,0.00645644251179434,313.469160645815
Net flux,T_Gly-c net,GLY.p <-> GLY.c,0.028489328584119,425.667691903236
Exch flux,T_Gly-c exch,GLY.p <-> GLY.c,3.4744733408143e-05,300.446634571534
Net flux,cSHMT,SER.c -> GLY.c + meTHF.c,2.3845844011869,195.442568998015
Net flux,FmTHF-reductase net,meTHF.c <-> FmTHF.c,2.3845844011869,195.442568998015
Exch flux,FmTHF-reductase exch,meTHF.c <-> FmTHF.c,6.37235726591175,355.547771330805
Net flux,Met-synthase,FmTHF.c + Hcy.c -> Met.c,2.38458440118688,195.442568998015
Net flux,SAM-synthase,Met.c -> SAM.c,2.38458440118688,195.442568998015
Net flux,Methylation,SAM.c -> SAH.c + Acceptor.c,2.38458440118688,195.442568998015
Net flux,hydrolysis,SAH.c -> Hcy.c,2.38458440118687,195.442568998015
Net flux,G_SER.m,0*SER.m -> SER,5.9355788568638e-05,306.231264722774
Net flux,G_SER.c,0*SER.c -> SER,1.0000000116861e-07,0
Net flux,G_Gly.m,0*GLY.m -> GLY,0.000111112573680572,302.518485662063
Net flux,G_Gly.c,0*GLY.c -> GLY,0.0196327052297747,301.603984442152
Net flux,T_GLY-c-m,GLY.c -> GLY.m,2.41307362977116,425.6685774241
Net flux,G_Glyc,0*Glyc.p -> Glyc,24.7898970195189,1.37481856534716
Net flux,G_Glyx,0*Glyx.p -> Glyx,18.7409204764147,2.87835693173352
Net flux,G_HPA,0*HPA.p -> HPA,8.93187987005457,1.25404701611412
Net flux,(1-G)_Glyc,0*Glyc.x -> Glyc,75.2101029804817,1.37481856534716
Net flux,(1-G)_Glyx,0*Glyx.x -> Glyx,81.2590795235861,2.87835693173352
Net flux,(1-G)_HPA,0*HPA.x -> HPA,91.0681201299453,1.25404701611412
Net flux,GlycSink,Glyc -> Sink,100.000000000001,0
Net flux,GlyxSink,Glyx -> Sink,100.000000000001,0
Net flux,HPASink,HPA -> Sink,99.9999999999998,0
Net flux,SERex,dummySER -> outSER,5.09850807045741,313.474064790498
Net flux,G_PYR,0*PYR.c -> PYR,32.0627561295945,1.87077784578483
Net flux,(1-G)_PYR,0*PYR.x -> PYR,67.9372438704057,1.87077784578483
Net flux,PYRSink,PYR -> Sink,100,0
Net flux,G_meTHF,0*meTHF.c -> meTHF,99.9999999,0
Net flux,G_FmTHF,0*FmTHF.c -> FmTHF,82.9189559644739,3.25612758769316
Net flux,G_Met,0*Met.c -> Met,68.8152873692032,4.08978234732643
Net flux,G_SAM,0*SAM.c -> SAM,63.9677839874666,3.61522086484481
Net flux,(1-G)_meTHF,0*meTHF.x -> meTHF,1.0000000116861e-07,0
Net flux,(1-G)_FmTHF,0*FmTHF.x -> FmTHF,17.0810440355262,3.25612758769316
Net flux,(1-G)_Met,0*Met.x -> Met,31.1847126307969,4.08978234732643
Net flux,(1-G)_SAM,0*SAM.x -> SAM,36.0322160125334,3.61522086484481
Net flux,meTHFSink,meTHF -> Sink,99.9999999999999,0
Net flux,FmTHFSink,FmTHF -> Sink,100,0
Net flux,MetSink,Met -> Sink,100,0
Net flux,SAMsink,SAM -> Sink,100,0
Net flux,Met-protein,Met.c -> Protein,6.51983996113883e-15,0
Net flux,GLY-protein,GLY.c -> Protein,9.99998892581289e-08,195.46839725307
Net flux,SER-protein,SER.c -> Protein,0.0711995299462327,369.392858122464
Pool,2PG pool,,0,0
Pool,2PG.p pool,,3.81260428394704e-06,309.009904961412
Pool,2PG.x pool,,1,Inf
Pool,3PGA pool,,0,0
Pool,3PGA.c pool,,1.47515161636774e-05,304.519985176178
Pool,3PGA.p pool,,4.07879349884274e-06,293.096749329712
Pool,3PGA.x pool,,1,Inf
Pool,ACA pool,,2.66336825794677e-06,311.552492058921
Pool,ADPG pool,,0,0
Pool,ADPG.p pool,,9.9999999999999e-08,Inf
Pool,ADPG.x pool,,1,Inf
Pool,AKG pool,,2.69527703965401e-06,297.217935319783
Pool,ALA pool,,0,0
Pool,ALA.c pool,,0.00495101955329067,0.00143382447972158
Pool,ALA.x pool,,1,Inf
Pool,ASN pool,,7566.04063073713,293.335232455687
Pool,ASP pool,,4.52596589998948e-06,310.920428226322
Pool,Acceptor.c pool,,1,Inf
Pool,CIT pool,,2.70860505564547,1.58654896007938
Pool,CO2 pool,,0.000274102449401928,295.626427114172
Pool,CO2.t pool,,1,Inf
Pool,E4P.p pool,,0,0
Pool,EC2 pool,,0,0
Pool,F6P pool,,0,0
Pool,F6P.c pool,,3.8298531768584e-06,301.081695208007
Pool,F6P.p pool,,4.02627241508562e-06,312.435116233951
Pool,F6P.x pool,,1,Inf
Pool,FBP pool,,0,0
Pool,FBP.c pool,,3.82985174681899e-06,294.763482586413
Pool,FBP.p pool,,3.91368617901291e-06,301.718253457096
Pool,FBP.x pool,,1,Inf
Pool,FmTHF pool,,2.49995769500034,0.922637040515202
Pool,FmTHF.c pool,,2.54619214322385e-06,306.199095105294
Pool,FmTHF.x pool,,1,Inf
Pool,G6P pool,,0,0
Pool,G6P.c pool,,9.87583170994392e-06,296.80949213754
Pool,G6P.p pool,,3.87431016171263e-06,306.73592278123
Pool,G6P.x pool,,1,Inf
Pool,GA pool,,0,0
Pool,GA.p pool,,4.3032423335309e-06,285.837515183514
Pool,GA.x pool,,1,Inf
Pool,GLN pool,,8.8382376219656,310.336413739911
Pool,GLU pool,,2.69588431111537e-06,294.996025299919
Pool,GLY pool,,0,0
Pool,GLY.c pool,,0.315556983513362,25.2902560530427
Pool,GLY.m pool,,1.11023200317673,0.122892504079661
Pool,GLY.p pool,,0.0004253701955349,300.705370320021
Pool,GLY.x pool,,1,Inf
Pool,Glyc pool,,9.79669845918788,2.0374135420023
Pool,Glyc.p pool,,2.26995100254742e-05,305.516172173261
Pool,Glyc.x pool,,1,Inf
Pool,Glyx pool,,29.26644945251,9.52720851146354
Pool,Glyx.p pool,,3.49868722102652e-05,286.010172068372
Pool,Glyx.x pool,,1,Inf
Pool,HPA pool,,0.00017816707377865,295.554447616092
Pool,HPA.p pool,,3.19688748863928e-06,291.532289484429
Pool,HPA.x pool,,1,Inf
Pool,Hcy.c pool,,1,Inf
Pool,ICI pool,,0.00374966486583785,282.641803321186
Pool,MAL pool,,0.000843321303566467,1.70456116387736
Pool,Met pool,,0.00380465832752879,305.594241718132
Pool,Met.c pool,,2.57755239716417e-06,291.543205679235
Pool,Met.x pool,,1,Inf
Pool,OAA pool,,0.1138362059369,0.0321511298772666
Pool,P5P pool,,0,0
Pool,PEP pool,,0,0
Pool,PEP.c pool,,5.1613121988156e-06,293.678414913951
Pool,PEP.x pool,,1,Inf
Pool,PRO pool,,5.39433891949241,291.953351723839
Pool,PYR pool,,0.647238292063779,1.30019694694216
Pool,PYR.c pool,,0.00410293938128788,0.00121745260777178
Pool,PYR.x pool,,1,Inf
Pool,Protein pool,,1,Inf
Pool,R5P pool,,0,0
Pool,R5P.p pool,,4.38942411623309e-05,303.087215705185
Pool,R5P.x pool,,1,Inf
Pool,RU5P.p pool,,3.91854971530622e-06,302.234535351531
Pool,RU5P.x pool,,1,Inf
Pool,RUBP pool,,0,0
Pool,RUBP.p pool,,3.93779662475471e-06,308.360423872908
Pool,RUBP.x pool,,1,Inf
Pool,S6P pool,,1,Inf
Pool,S7P pool,,0,0
Pool,S7P.p pool,,4.1949913136774e-06,311.077752773844
Pool,S7P.x pool,,1,Inf
Pool,SAH.c pool,,1,Inf
Pool,SAM pool,,3.44317880749542,1.25613897664511
Pool,SAM.c pool,,2.74202394918766e-06,311.171272472005
Pool,SAM.x pool,,1,Inf
Pool,SBP pool,,0,0
Pool,SER pool,,0,0
Pool,SER.c pool,,1.00000000002876e-07,0
Pool,SER.m pool,,0.760272701422168,0.0891277397691641
Pool,SER.p pool,,0.00166730282294005,292.646448702967
Pool,SER.x pool,,1,Inf
Pool,Sink pool,,1,Inf
Pool,Starch pool,,1,Inf
Pool,THR pool,,3884.11603572502,278.141626194777
Pool,TP pool,,0,0
Pool,TP.c pool,,4.18775148022745e-06,291.481522549835
Pool,TP.p pool,,4.24965463168817e-06,299.052166505023
Pool,TP.x pool,,1,Inf
Pool,UDPG pool,,0,0
Pool,UDPG.c pool,,19.732582482891,294.90393192711
Pool,UDPG.x pool,,1,Inf
Pool,X5P.p pool,,4.03427372689201e-06,299.014518376816
Pool,dummy pool,,1,Inf
Pool,dummyGLY pool,,1,Inf
Pool,dummySER pool,,1,Inf
Pool,meTHF pool,,0.492782437140771,0.764103885612011
Pool,meTHF.c pool,,2.54764668259294e-06,291.659654497926
Pool,meTHF.x pool,,1,Inf
Pool,myTHF.m pool,,1.00000000002876e-07,0
Pool,outSER pool,,1,Inf
Norm,Experiment1 Glyc205 #1 norm,,0.977801318705535,0.0127430973092491
Norm,Experiment1 Glyc205 #2 norm,,0.998624435102013,0.0221899793441291
Norm,Experiment1 Glyc205 #3 norm,,0.999841736437217,0.0186366431506207
Norm,Experiment1 Glyc205 #4 norm,,0.968149134949569,0.0295791523341423
Norm,Experiment1 Glyc205 #5 norm,,1.0118966243533,0.0365430973546754
Norm,Experiment1 Glyc205 #6 norm,,1.02950134002549,0.0268773172193867
Norm,Experiment1 Glyc205 #7 norm,,0.969101459455783,0.0352958296656768
Norm,Experiment1 Glyc205 #8 norm,,0.987402719320787,0.0307093929530683
Norm,Experiment1 Glyx160 #1 norm,,0.991411204179776,0.0111261079988776
Norm,Experiment1 Glyx160 #2 norm,,0.964438225666105,0.012640217468241
Norm,Experiment1 Glyx160 #3 norm,,0.948804679614451,0.0166792616848471
Norm,Experiment1 Glyx160 #4 norm,,1.00586804721984,0.014074598402336
Norm,Experiment1 Glyx160 #5 norm,,0.967040120634492,0.0334044924218708
Norm,Experiment1 Glyx160 #6 norm,,1.02739644603953,0.020869367740528
Norm,Experiment1 Glyx160 #7 norm,,0.971927969313993,0.0401656162771423
Norm,Experiment1 Glyx160 #8 norm,,0.998269121688619,0.0393502277028552
Norm,Experiment1 GLY276 #1 norm,,0.997328535628346,0.0102064063848984
Norm,Experiment1 GLY276 #2 norm,,0.999913557680951,0.0207569104869514
Norm,Experiment1 GLY276 #3 norm,,1.02490770817765,0.0443227416559731
Norm,Experiment1 GLY276 #4 norm,,1.02195261918322,0.0621966368157536
Norm,Experiment1 GLY276 #5 norm,,0.999612873219566,0.103185658668147
Norm,Experiment1 GLY276 #6 norm,,0.994638429862432,0.0945894494661851
Norm,Experiment1 GLY276 #7 norm,,1.01858812517033,0.0663353886273919
Norm,Experiment1 GLY276 #8 norm,,1.00427788730319,0.0686275952774562
Norm,Experiment1 HPA262 #1 norm,,0.986317020315918,0.0107375333649132
Norm,Experiment1 HPA262 #2 norm,,0.939103027056769,0.0283905446506899
Norm,Experiment1 HPA262 #3 norm,,0.930254840085747,0.0124370660149276
Norm,Experiment1 HPA262 #4 norm,,0.874701065176999,0.0362359127122564
Norm,Experiment1 HPA262 #5 norm,,0.913204553152424,0.0231218657071854
Norm,Experiment1 HPA262 #6 norm,,0.969297226125945,0.0332787091912325
Norm,Experiment1 HPA262 #7 norm,,0.995193340804344,0.0240699644710909
Norm,Experiment1 HPA262 #8 norm,,1.02785570796156,0.0228893780774312
Norm,Experiment1 GA307 #1 norm,,1.00179191357687,0.0121524134670686
Norm,Experiment1 GA307 #2 norm,,1.00372088539631,0.0310821747389059
Norm,Experiment1 GA307 #3 norm,,0.943720817586124,0.0289686819354517
Norm,Experiment1 GA307 #4 norm,,1.01582684766657,0.0205264127656043
Norm,Experiment1 GA307 #5 norm,,0.960859813448683,0.0547189329607781
Norm,Experiment1 GA307 #6 norm,,1.04308422171313,0.0426876030720809
Norm,Experiment1 GA307 #7 norm,,0.989596477253083,0.0420822849260297
Norm,Experiment1 GA307 #8 norm,,0.991268288749469,0.036514452265944
Norm,Experiment1 SER306 #1 norm,,0.995832282286748,0.0142794943423813
Norm,Experiment1 SER306 #2 norm,,0.991615363516966,0.0151615520461812
Norm,Experiment1 SER306 #3 norm,,0.959391957660365,0.037866450467147
Norm,Experiment1 SER306 #4 norm,,1.0174096425307,0.0459729029400543
Norm,Experiment1 SER306 #5 norm,,0.904571180434295,0.101896258383726
Norm,Experiment1 SER306 #6 norm,,0.920134034788981,0.0659923951649901
Norm,Experiment1 SER306 #7 norm,,0.997946891823993,0.0417129941450849
Norm,Experiment1 SER306 #8 norm,,1.01187687467601,0.0528374243785176
Norm,Experiment1 meTHF #1 norm,,1.01386720024016,0.0102180764379608
Norm,Experiment1 meTHF #2 norm,,1.00842736797759,0.0102018444181453
Norm,Experiment1 meTHF #3 norm,,1.02491636339475,0.0650206818522198
Norm,Experiment1 meTHF #4 norm,,1.01720817204421,0.0529213764438784
Norm,Experiment1 meTHF #5 norm,,0.964062698138828,0.0757228303804829
Norm,Experiment1 meTHF #6 norm,,1.0040913565573,0.10168884899955
Norm,Experiment1 meTHF #7 norm,,1.00237302435699,0.0576817883957568
Norm,Experiment1 meTHF #8 norm,,0.944056322515732,0.083417983294378
Norm,Experiment1 FmTHF #1 norm,,0.995901512003016,0.0100095569054609
Norm,Experiment1 FmTHF #2 norm,,0.988619660800571,0.0232804494454068
Norm,Experiment1 FmTHF #3 norm,,0.950738560175228,0.029546507839661
Norm,Experiment1 FmTHF #4 norm,,0.992663355464624,0.0256816102075104
Norm,Experiment1 FmTHF #5 norm,,1.00222482071555,0.0662514922076902
Norm,Experiment1 FmTHF #6 norm,,0.999893040891906,0.0596496559075283
Norm,Experiment1 FmTHF #7 norm,,0.997942609239,0.0577891209558998
Norm,Experiment1 FmTHF #8 norm,,1.06168817797193,0.0957969464808077
Norm,Experiment1 Met176 #1 norm,,0.975337596431022,0.0240235554275819
Norm,Experiment1 Met176 #2 norm,,0.893000694002698,0.0323359449290477
Norm,Experiment1 Met176 #3 norm,,0.859591511514933,0.0477822689320941
Norm,Experiment1 Met176 #4 norm,,0.943309780691808,0.0366252010096438
Norm,Experiment1 Met176 #5 norm,,0.998674908502928,0.0758100285135476
Norm,Experiment1 Met176 #6 norm,,0.999110514486619,0.125285753994345
Norm,Experiment1 Met176 #7 norm,,0.992637204112101,0.103292594405795
Norm,Experiment1 Met176 #8 norm,,0.990854566222807,0.114434107923013
Norm,Experiment1 SAM #1 norm,,0.9810819684918,0.0114402461207218
Norm,Experiment1 SAM #2 norm,,0.99876852400854,0.0121541329586843
Norm,Experiment1 SAM #3 norm,,0.983430842466106,0.0139733362989799
Norm,Experiment1 SAM #4 norm,,1.03414935033814,0.0234470151851114
Norm,Experiment1 SAM #5 norm,,0.970413925505773,0.0411649207642378
Norm,Experiment1 SAM #6 norm,,1.00446740653271,0.0606149114634966
Norm,Experiment1 SAM #7 norm,,0.99995331594759,0.104204385851874
Norm,Experiment1 SAM #8 norm,,0.999509108200659,0.0757472670329673
Norm,Experiment1 CIT465 #1 norm,,0.969378961651928,0.0113806519075269
Norm,Experiment1 CIT465 #2 norm,,0.981027783386963,0.0135185500203166
Norm,Experiment1 CIT465 #3 norm,,0.99763210294139,0.0117185823267534
Norm,Experiment1 CIT465 #4 norm,,1.03963045119768,0.0174145636545847
Norm,Experiment1 CIT465 #5 norm,,0.963489826954315,0.0131249910175696
Norm,Experiment1 CIT465 #6 norm,,0.952799977793363,0.0123697270969748
Norm,Experiment1 CIT465 #7 norm,,0.988602839108995,0.0140500520608628
Norm,Experiment1 CIT465 #8 norm,,0.994584224056483,0.0210136635464652
Norm,Experiment1 MAL335 #1 norm,,0.998879534188994,0.0125330958581201
Norm,Experiment1 MAL335 #2 norm,,0.983789905317916,0.0109915150959108
Norm,Experiment1 MAL335 #3 norm,,0.994875663330732,0.0104695983483332
Norm,Experiment1 MAL335 #4 norm,,1.00425687160506,0.0145052894906646
Norm,Experiment1 MAL335 #5 norm,,0.980323270148145,0.0139410361774704
Norm,Experiment1 MAL335 #6 norm,,1.00237483225567,0.01349424819458
Norm,Experiment1 MAL335 #7 norm,,0.945062964041172,0.0276526661770002
Norm,Experiment1 MAL335 #8 norm,,0.987168746998501,0.0390715257845893
Norm,Experiment1 ASP334 #1 norm,,0.954136402829489,0.0214953664005298
Norm,Experiment1 ASP334 #2 norm,,1.01191775270037,0.0308921751308128
Norm,Experiment1 ASP334 #3 norm,,0.993204592726558,0.0197583674490272
Norm,Experiment1 ASP334 #4 norm,,0.912446952292972,0.0164109431379968
Norm,Experiment1 ASP334 #5 norm,,0.954514348133916,0.025421165740666
Norm,Experiment1 ASP334 #6 norm,,0.9891949160923,0.0294317511586223
Norm,Experiment1 ASP334 #7 norm,,0.982603415367039,0.0304174972400925
Norm,Experiment1 ASP334 #8 norm,,0.975577256752755,0.0800225304108169
Norm,Experiment1 GLU348 #1 norm,,1.00755941312709,0.0218179876982377
Norm,Experiment1 GLU348 #2 norm,,0.955874300578599,0.0188020768635909
Norm,Experiment1 GLU348 #3 norm,,0.959108142951021,0.0110480148792935
Norm,Experiment1 GLU348 #4 norm,,0.968104274520811,0.0348892736864601
Norm,Experiment1 GLU348 #5 norm,,1.02051089430423,0.0249503985916452
Norm,Experiment1 GLU348 #6 norm,,0.99647203272946,0.0130179438775004
Norm,Experiment1 GLU348 #7 norm,,1.01394960436078,0.0163983385567748
Norm,Experiment1 GLU348 #8 norm,,0.984721776885282,0.0226577184933999
Norm,Experiment1 THR320 #1 norm,,0.996762806018007,0.01057747911361
Norm,Experiment1 THR320 #2 norm,,1.02110399043547,0.014974375197731
Norm,Experiment1 THR320 #3 norm,,0.995031215076224,0.0103796962616534
Norm,Experiment1 THR320 #4 norm,,0.938015341791498,0.0287197005631263
Norm,Experiment1 THR320 #5 norm,,0.976261582328133,0.0197606739351276
Norm,Experiment1 THR320 #6 norm,,0.987858299410907,0.0112397769086506
Norm,Experiment1 THR320 #7 norm,,0.970501378902173,0.0140150339904092
Norm,Experiment1 THR320 #8 norm,,0.927806280026751,0.0259865471488117
Norm,Experiment1 ALA116 #1 norm,,0.985528956344596,0.00980162785911366
Norm,Experiment1 ALA116 #2 norm,,1.00351362291057,0.0101693844511902
Norm,Experiment1 ALA116 #3 norm,,1.00728554223609,0.0186873403128108
Norm,Experiment1 ALA116 #4 norm,,1.03622437255101,0.0221433910238479
Norm,Experiment1 ALA116 #5 norm,,1.00608256161897,0.120252415903051
Norm,Experiment1 ALA116 #6 norm,,0.96047575155403,0.0677093465552655
Norm,Experiment1 ALA116 #7 norm,,1.02281825370848,0.0678788770419209
Norm,Experiment1 ALA116 #8 norm,,0.955268816129631,0.121198983635787
Norm,Experiment1 PYR #1 norm,,0.967022170978478,0.016449185655179
Norm,Experiment1 PYR #2 norm,,1.07754350020183,0.080570552322172
Norm,Experiment1 PYR #3 norm,,1.02352183815903,0.108171917298189
Norm,Experiment1 PYR #4 norm,,1.03112466219003,0.0503040203561249
Norm,Experiment1 PYR #5 norm,,1.01954920746038,0.0498115395538982
Norm,Experiment1 PYR #6 norm,,1.02356247715391,0.0541035727900311
Norm,Experiment1 PYR #7 norm,,0.975454391258628,0.123646711762693
Norm,Experiment1 PYR #8 norm,,0.979879358247318,0.0655282719125194
