type,id,eqn,val,std
Net flux,CO2.t,CO2.t -> CO2,48.1123407778817,1.16151366446611
Net flux,CO2_sink,dummy -> Sink,48.1123407778817,1.16151366446611
Net flux,RUBICSO_CO2,RUBP.p + CO2 -> 3PGA.p + 3PGA.p + dummy,58.9152279078007,1.25363930327948
Net flux,GAPDH.p net,3PGA.p <-> TP.p,141.065975380202,2.71614301997614
Exch flux,GAPDH.p exch,3PGA.p <-> TP.p,1.0000000116861e-07,0.971408740234594
Net flux,ALD,TP.p + E4P.p -> SBP,25.6402806412061,0.490584837152468
Net flux,SBP,SBP -> S7P.p,25.6402806412061,0.490584837152468
Net flux,FBA.p net,TP.p + TP.p <-> FBP.p,30.3538513672938,0.678310094833572
Exch flux,FBA.p exch,TP.p + TP.p <-> FBP.p,20770.8681976334,1223.80955927174
Net flux,PFK.p net,FBP.p <-> F6P.p,30.353851367297,0.678310094833572
Exch flux,PFK.p exch,FBP.p <-> F6P.p,9.99962281866829e-08,8.35657831999248e-13
Net flux,TK1 net,TP.p + EC2 <-> X5P.p,51.2805612824122,0.981169674304935
Exch flux,TK1 exch,TP.p + EC2 <-> X5P.p,1.0000000116861e-07,0
Net flux,TK2 net,S7P.p <-> R5P.p + EC2,25.640280641206,0.490584837152468
Exch flux,TK2 exch,S7P.p <-> R5P.p + EC2,38.9687855469554,3462.07182711626
Net flux,TK3 net,F6P.p <-> E4P.p + EC2,25.6402806412052,0.490584837152468
Exch flux,TK3 exch,F6P.p <-> E4P.p + EC2,6986.05935782337,3672.93776938375
Net flux,PPE net,X5P.p <-> RU5P.p,51.2805612824121,0.981169674304935
Exch flux,PPE exch,X5P.p <-> RU5P.p,98.8219745301669,3723.70607533495
Net flux,PPI net,R5P.p <-> RU5P.p,25.6402806412061,0.490584837152468
Exch flux,PPI exch,R5P.p <-> RU5P.p,241.646247601613,2047.06099129866
Net flux,PRK,RU5P.p -> RUBP.p,76.9208419236184,1.47175451145745
Net flux,RUBISCO_O2,RUBP.p -> 3PGA.p + 2PG.p,18.0056140158176,0.599685758672731
Net flux,GLYdil net,GLY.p <-> GLY.x + dummyGLY,0.0087568547642789,0.00132615442532869
Exch flux,GLYdil exch,GLY.p <-> GLY.x + dummyGLY,1.0000000116861e-07,0
Net flux,SERdil net,SER.p <-> SER.x + dummySER,1.67436621467885,1.09793411118498
Exch flux,SERdil exch,SER.p <-> SER.x + dummySER,0.914476635979845,1.11903583463049
Net flux,GK,GA.p -> 3PGA.p,5.59637003805427,1.11596958206324
Net flux,PGI.p net,F6P.p <-> G6P.p,4.71357072609202,0.431227084250126
Exch flux,PGI.p exch,F6P.p <-> G6P.p,2.89069057305298,2963.793325297
Net flux,PGM.p,G6P.p -> ADPG.p,4.71357072609203,0.431227084250126
Net flux,Starch,ADPG.p -> Starch,4.71357072609201,0.431227084250126
Net flux,FBA.c net,TP.c + TP.c <-> FBP.c,1.71871536099571,0.260285461218084
Exch flux,FBA.c exch,TP.c + TP.c <-> FBP.c,20.4131278819141,2090.28521889408
Net flux,PFK.c net,FBP.c <-> F6P.c,1.71871536099572,0.260285461218084
Exch flux,PFK.c exch,FBP.c <-> F6P.c,5.1256904574109,3702.08023836401
Net flux,PGI.c net,F6P.c <-> G6P.c,0.85935768049788,0.130142730609042
Exch flux,PGI.c exch,F6P.c <-> G6P.c,228.101076798228,5379.7033525814
Net flux,PGM.c net,G6P.c <-> UDPG.c,0.859357680492394,0.130142730609042
Exch flux,PGM.c exch,G6P.c <-> UDPG.c,48481.6307150799,2372.64217709652
Net flux,SPS,F6P.c + UDPG.c -> S6P,0.859357680497826,0.130142730609042
Net flux,PGAM.c net,3PGA.c <-> PEP.c,0.366464489271761,0.0554980660685999
Exch flux,PGAM.c exch,3PGA.c <-> PEP.c,3.98625682193881,2960.6146967601
Net flux,PK.c,PEP.c -> PYR.c,0.166345866213681,0.0251917283683715
Net flux,PDH,PYR.c + dummy -> ACA + CO2,0.138442522328165,0.0209659939030011
Net flux,CS,OAA + ACA -> CIT,0.138442522328161,0.0209659939030011
Net flux,ACO net,CIT <-> ICI,0.138442522328205,0.0209659939030011
Exch flux,ACO exch,CIT <-> ICI,1227.56150767829,2960.61469623993
Net flux,IDH,ICI + dummy -> AKG + CO2,0.138442522328177,0.0209659939030011
Net flux,MDH net,MAL <-> OAA,2.1316282072803e-14,0
Exch flux,MDH exch,MAL <-> OAA,0.39906250826828,0.112580684391223
Net flux,PPC,PEP.c + CO2 -> OAA + dummy,0.200118623057597,0.0303063376910505
Net flux,T_3PGA net,3PGA.p <-> 3PGA.c,0.366464489271742,0.0554980660685999
Exch flux,T_3PGA exch,3PGA.p <-> 3PGA.c,10.5839236178894,3025.25960857426
Net flux,T_DHAP net,TP.p <-> TP.c,3.43743072199147,0.520570922436169
Exch flux,T_DHAP exch,TP.p <-> TP.c,9.99999998363421e-08,0
Net flux,ALT,PYR.c -> ALA.c,0.0279033438857692,0.00422573446495265
Net flux,ASPT,OAA -> ASP,0.0616761007293032,0.00934034378377074
Net flux,GLUDH,AKG -> GLU,0.138442522328154,0.0209659939030011
Net flux,PCR net,GLU <-> PRO,-2.48689957516035e-14,0
Exch flux,PCR exch,GLU <-> PRO,1.0000000116861e-07,0
Net flux,GS net,GLU <-> GLN,0,0
Exch flux,GS exch,GLU <-> GLN,1.00040907113907e-07,0
Net flux,TS net,ASP <-> THR,0,0
Exch flux,TS exch,ASP <-> THR,1.0000000116861e-07,0
Net flux,AS net,ASP <-> ASN,1.06581410364015e-14,0
Exch flux,AS exch,ASP <-> ASN,1.0000000116861e-07,0
Net flux,G_3PGA.p,0*3PGA.p -> 3PGA,2.46866292741288e-06,5229.67251253151
Net flux,G_3PGA.c,0*3PGA.c -> 3PGA,92.9119081392633,3701.4882005019
Net flux,G_DHAP.p,0*TP.p -> TP,40.685379842242,5258.03483004801
Net flux,G_DHAP.c,0*TP.c -> TP,51.8471856996947,3896.28873296239
Net flux,G_F6P.p,0*F6P.p -> F6P,48.6686345030749,5391.11657648254
Net flux,G_F6P.c,0*F6P.c -> F6P,36.546576817712,3766.04403017113
Net flux,G_FBP.p,0*FBP.p -> FBP,2.46866125053202e-06,4884.31670175594
Net flux,G_FBP.c,0*FBP.c -> FBP,83.4512310494604,3660.26838621783
Net flux,G_G6P.p,0*G6P.p -> G6P,19.0549768397257,5296.6158028286
Net flux,G_G6P.c,0*G6P.c -> G6P,58.8549499993083,3510.20645718569
Net flux,G_RU5P.p,0*RU5P.p -> P5P,2.46865366904103e-06,5065.72540236627
Net flux,G_X5P.p,0*X5P.p -> P5P,92.8477691504125,3792.97568907887
Net flux,G_R5P.p,0*R5P.p -> R5P,82.2810779884949,3568.65103626121
Net flux,G_GA.p,0*GA.p -> GA,38.5282475125909,1.65400281137685
Net flux,G_SER.p,0*SER.p -> SER,95.7632838700364,3339.76356394538
Net flux,G_GLY.p,0*GLY.p -> GLY,1.0000000116861e-07,2.0689937615599e-12
Net flux,G_RUBP.p,0*RUBP.p -> RUBP,92.5302752673064,3558.53854632546
Net flux,G_S7P.p,0*S7P.p -> S7P,98.4567310636212,3732.28382958555
Net flux,G_2PG.p,0*2PG.p -> 2PG,87.0427532706349,3647.06310065008
Net flux,G_ADPG.p,0*ADPG.p -> ADPG,95.0805622183377,3602.36417035905
Net flux,G_PEP.c,0*PEP.c -> PEP,89.2305410445615,3668.65315362206
Net flux,G_UDPG.c,0*UDPG.c -> UDPG,72.4268033045549,3694.0838663969
Net flux,G_ALA.c,0*ALA.c -> ALA,71.6783869860421,6.14964139347542
Net flux,(1-G)_GA,0*GA.x -> GA,61.4717524874112,1.65400281137685
Net flux,(1-G)_SER,0*SER.x -> SER,4.23671338783237,2.72450549149172
Net flux,(1-G)_GLY,0*GLY.x -> GLY,28.119375754826,3.68370886210923
Net flux,(1-G)_R5P,0*R5P.x -> R5P,17.718922011502,3568.65103626121
Net flux,(1-G)_RUBP,0*RUBP.x -> RUBP,7.4697247326924,3558.53854632546
Net flux,(1-G)_3PGA,0*3PGA.x -> 3PGA,7.08808939207412,3675.41890597741
Net flux,(1-G)_TP,0*TP.x -> TP,7.46743445806383,3347.83149024291
Net flux,(1-G)_F6P,0*F6P.x -> F6P,14.7847886792169,3665.91095697936
Net flux,(1-G)_FBP,0*FBP.x -> FBP,16.548766481873,3440.09210295311
Net flux,(1-G)_G6P,0*G6P.x -> G6P,22.0900731609643,3737.59877072945
Net flux,(1-G)_RU5P,0*RU5P.x -> P5P,7.1522283809352,3497.88621428248
Net flux,(1-G)_S7P,0*S7P.x -> S7P,1.54326893637677,3732.28382958555
Net flux,(1-G)_2PG,0*2PG.x -> 2PG,12.9572467293675,3647.06310065008
Net flux,(1-G)_ADPG,0*ADPG.x -> ADPG,4.91943778166132,3602.36417035905
Net flux,(1-G)_PEP,0*PEP.x -> PEP,10.7694589554367,3668.65315362206
Net flux,(1-G)_UDPG,0*UDPG.x -> UDPG,27.5731966954463,3694.0838663969
Net flux,(1-G)_ALA,0*ALA.x -> ALA,28.3216130139577,6.14964139347542
Net flux,PGASink,3PGA -> Sink,100,0
Net flux,DHAPSink,TP -> Sink,100.000000000001,0
Net flux,F6PSink,F6P -> Sink,100.000000000004,0
Net flux,FBPSink,FBP -> Sink,99.9999999999947,0
Net flux,G6PSink,G6P -> Sink,99.9999999999983,0
Net flux,P5PSink,P5P -> Sink,100.000000000001,0
Net flux,R5PSink,R5P -> Sink,99.9999999999968,0
Net flux,GASink,GA -> Sink,100.000000000002,0
Net flux,SERSink,SER -> Sink,99.9999999999996,0
Net flux,GLYSink,GLY -> Sink,100.000000000001,0
Net flux,RUBPSink,RUBP -> Sink,99.9999999999987,0
Net flux,S7PSink,S7P -> Sink,99.9999999999979,0
Net flux,2PGSink,2PG -> Sink,100.000000000002,0
Net flux,ADPGSink,ADPG -> Sink,99.999999999999,0
Net flux,PEPSink,PEP -> Sink,99.9999999999983,0
Net flux,UDPGSink,UDPG -> Sink,100.000000000001,0
Net flux,ALASink,ALA -> Sink,99.9999999999998,0
Net flux,S6Pout-LL,S6P + 0.1611*GLU + 0.07177*ASP + 0.03247*ALA.c + 0.01019*dummyGLY + 0.03484*dummySER -> Sink,0.859357680497862,0.130142730609042
Net flux,PGP.p,2PG.p -> Glyc.p,18.0056140158176,0.599685758672731
Net flux,GOX,Glyc.p -> Glyx.p,18.0056140158176,0.599685758672731
Net flux,GGT,Glyx.p -> GLY.p,18.0056140158176,0.599685758672731
Net flux,SGAT,SER.p -> HPA.p,5.59637003805425,1.11596958206324
Net flux,HPR.p,HPA.p -> GA.p,5.59637003805425,1.11596958206324
Net flux,T_GLY-m net,GLY.p <-> GLY.m,17.2130539112695,3576.37106939181
Exch flux,T_GLY-m exch,GLY.p <-> GLY.m,106399.730961378,3455.82168950452
Net flux,GDC.m,GLY.m + dummy -> myTHF.m + CO2,10.7261207083202,0.578871801714582
Net flux,T_SER-m net,SER.p <-> SER.m,-10.7261207083211,0.578871801714582
Exch flux,T_SER-m exch,SER.p <-> SER.m,32186.259982739,3724.14256821816
Net flux,mSHMT,GLY.m + myTHF.m -> SER.m,10.7261207083202,0.578871801714582
Net flux,T_SER-c net,SER.p <-> SER.c,3.4553844555871,1.06865704543912
Exch flux,T_SER-c exch,SER.p <-> SER.c,1.00000000280431e-07,1.57697259890633e-13
Net flux,T_Gly-c net,GLY.p <-> GLY.c,0.78380324977892,3576.37102798179
Exch flux,T_Gly-c exch,GLY.p <-> GLY.c,0.00012074596540268,3576.36892379827
Net flux,cSHMT,SER.c -> GLY.c + meTHF.c,3.45538435558711,1.06865704546388
Net flux,FmTHF-reductase net,meTHF.c <-> FmTHF.c,3.45538435558711,1.06865704546388
Exch flux,FmTHF-reductase exch,meTHF.c <-> FmTHF.c,8.55983427180563,3650.51297060609
Net flux,Met-synthase,FmTHF.c + Hcy.c -> Met.c,3.45538435558709,1.06865704546388
Net flux,SAM-synthase,Met.c -> SAM.c,3.4553843555871,1.06865704546388
Net flux,Methylation,SAM.c -> SAH.c + Acceptor.c,3.45538435558709,1.06865704546388
Net flux,hydrolysis,SAH.c -> Hcy.c,3.45538435558708,1.06865704546388
Net flux,G_SER.m,0*SER.m -> SER,1.0000000116861e-07,0
Net flux,G_SER.c,0*SER.c -> SER,2.64213084832932e-06,3339.76245264548
Net flux,G_Gly.m,0*GLY.m -> GLY,0.000150353911703149,66.7430139579174
Net flux,G_Gly.c,0*GLY.c -> GLY,71.8804737912635,69.0329993875496
Net flux,T_GLY-c-m,GLY.c -> GLY.m,4.23918750536605,3576.37124113681
Net flux,G_Glyc,0*Glyc.p -> Glyc,20.6387286236512,1.01886438340606
Net flux,G_Glyx,0*Glyx.p -> Glyx,16.4075542750715,2.14770371097388
Net flux,G_HPA,0*HPA.p -> HPA,8.72994787964284,1.2447605347214
Net flux,(1-G)_Glyc,0*Glyc.x -> Glyc,79.3612713763494,1.01886438340606
Net flux,(1-G)_Glyx,0*Glyx.x -> Glyx,83.5924457249294,2.14770371097388
Net flux,(1-G)_HPA,0*HPA.x -> HPA,91.2700521203571,1.2447605347214
Net flux,GlycSink,Glyc -> Sink,100.000000000001,0
Net flux,GlyxSink,Glyx -> Sink,100.000000000001,0
Net flux,HPASink,HPA -> Sink,99.9999999999998,0
Net flux,SERex,dummySER -> outSER,1.64442343798831,1.10031927277476
Net flux,G_PYR,0*PYR.c -> PYR,30.0737915282982,1.70714640222578
Net flux,(1-G)_PYR,0*PYR.x -> PYR,69.926208471702,1.70714640222578
Net flux,PYRSink,PYR -> Sink,100,0
Net flux,G_meTHF,0*meTHF.c -> meTHF,96.9763161640761,3.98716799542728
Net flux,G_FmTHF,0*FmTHF.c -> FmTHF,78.5621825465998,3.016640803579
Net flux,G_Met,0*Met.c -> Met,58.5991739020282,4.35579995013406
Net flux,G_SAM,0*SAM.c -> SAM,70.6125224031305,4.09218818885343
Net flux,(1-G)_meTHF,0*meTHF.x -> meTHF,3.02368383592387,3.98716799542728
Net flux,(1-G)_FmTHF,0*FmTHF.x -> FmTHF,21.4378174534003,3.016640803579
Net flux,(1-G)_Met,0*Met.x -> Met,41.4008260979718,4.35579995013406
Net flux,(1-G)_SAM,0*SAM.x -> SAM,29.3874775968696,4.09218818885343
Net flux,meTHFSink,meTHF -> Sink,99.9999999999999,0
Net flux,FmTHFSink,FmTHF -> Sink,100,0
Net flux,MetSink,Met -> Sink,100,0
Net flux,SAMsink,SAM -> Sink,100,0
Net flux,Met-protein,Met.c -> Protein,6.51983996113883e-15,0
Net flux,GLY-protein,GLY.c -> Protein,1.00000015379464e-07,1.20321775302768e-12
Net flux,SER-protein,SER.c -> Protein,9.99999993922529e-08,8.75419154025039e-13
Pool,2PG pool,,0,0
Pool,2PG.p pool,,3.8411222022067e-06,3392.03327770374
Pool,2PG.x pool,,1,Inf
Pool,3PGA pool,,0,0
Pool,3PGA.c pool,,3.66732302811666e-06,3569.04294298493
Pool,3PGA.p pool,,7.9095149343339e-06,3722.9901397332
Pool,3PGA.x pool,,1,Inf
Pool,ACA pool,,2.44767460574298e-06,3454.58499220642
Pool,ADPG pool,,0,0
Pool,ADPG.p pool,,9.9999999999999e-08,Inf
Pool,ADPG.x pool,,1,Inf
Pool,AKG pool,,1.91138025687536e-06,3485.38639699615
Pool,ALA pool,,0,0
Pool,ALA.c pool,,0.00810325693047436,0.00263951353741347
Pool,ALA.x pool,,1,Inf
Pool,ASN pool,,7544.8415076238,3415.61831517055
Pool,ASP pool,,0.000122007524782828,3562.50100110901
Pool,Acceptor.c pool,,1,Inf
Pool,CIT pool,,12.1314185710697,1269.66199155514
Pool,CO2 pool,,0.790977715306761,0.108749155577549
Pool,CO2.t pool,,1,Inf
Pool,E4P.p pool,,0,0
Pool,EC2 pool,,0,0
Pool,F6P pool,,0,0
Pool,F6P.c pool,,3.7654991295117e-06,3682.09910008381
Pool,F6P.p pool,,3.38226798312393e-06,3657.06080360437
Pool,F6P.x pool,,1,Inf
Pool,FBP pool,,0,0
Pool,FBP.c pool,,3.72912680222311e-06,3744.39355767589
Pool,FBP.p pool,,2.34115885438659e-06,3382.28635897316
Pool,FBP.x pool,,1,Inf
Pool,FmTHF pool,,0.199329290623376,3683.85298470226
Pool,FmTHF.c pool,,2.75678570822532e-07,3617.38025664771
Pool,FmTHF.x pool,,1,Inf
Pool,G6P pool,,0,0
Pool,G6P.c pool,,9.42765094079955e-06,3638.96722110443
Pool,G6P.p pool,,3.62823649954799e-06,3542.68461496499
Pool,G6P.x pool,,1,Inf
Pool,GA pool,,0,0
Pool,GA.p pool,,8.08367884893552e-07,3461.54949516241
Pool,GA.x pool,,1,Inf
Pool,GLN pool,,8.83867754891873,3600.0145141765
Pool,GLU pool,,1.91137914911998e-06,3671.20096412562
Pool,GLY pool,,0,0
Pool,GLY.c pool,,1e-07,0
Pool,GLY.m pool,,0.0318867209047074,3574.78485929994
Pool,GLY.p pool,,0.000433051211393905,3596.90075473088
Pool,GLY.x pool,,1,Inf
Pool,Glyc pool,,1.71503938257817,0.545135253549317
Pool,Glyc.p pool,,2.27876734654796e-05,3763.78181606896
Pool,Glyc.x pool,,1,Inf
Pool,Glyx pool,,21.8266493296503,6.94042857918848
Pool,Glyx.p pool,,4.06049567629947e-06,3506.02555128939
Pool,Glyx.x pool,,1,Inf
Pool,HPA pool,,1.00000000000002e-07,0
Pool,HPA.p pool,,6.86205522354741e-07,3581.56173991964
Pool,HPA.x pool,,1,Inf
Pool,Hcy.c pool,,1,Inf
Pool,ICI pool,,0.00350171854062512,3785.97951452757
Pool,MAL pool,,0.654939691571736,0.191771804673703
Pool,Met pool,,5.07168295451515e-07,3729.43611300812
Pool,Met.c pool,,1.95829486494385e-07,3820.91364643271
Pool,Met.x pool,,1,Inf
Pool,OAA pool,,0.107583129974655,0.0316989699727366
Pool,P5P pool,,0,0
Pool,PEP pool,,0,0
Pool,PEP.c pool,,1.70573611561295e-06,3549.71051915091
Pool,PEP.x pool,,1,Inf
Pool,PRO pool,,5.39499638274703,3824.5213666886
Pool,PYR pool,,1.64060029008502e-07,3478.81148078164
Pool,PYR.c pool,,0.00403703068714205,0.00141822046448141
Pool,PYR.x pool,,1,Inf
Pool,Protein pool,,1,Inf
Pool,R5P pool,,0,0
Pool,R5P.p pool,,1.00000000000002e-07,0
Pool,R5P.x pool,,1,Inf
Pool,RU5P.p pool,,2.49693286177898e-06,3438.22101192999
Pool,RU5P.x pool,,1,Inf
Pool,RUBP pool,,0,0
Pool,RUBP.p pool,,2.42985466278531e-06,3636.38556155642
Pool,RUBP.x pool,,1,Inf
Pool,S6P pool,,1,Inf
Pool,S7P pool,,0,0
Pool,S7P.p pool,,2.25340183223075e-06,3460.49195414759
Pool,S7P.x pool,,1,Inf
Pool,SAH.c pool,,1,Inf
Pool,SAM pool,,7.27122289637248,1.84923036758406
Pool,SAM.c pool,,1.86325361286661e-05,3446.2750511954
Pool,SAM.x pool,,1,Inf
Pool,SBP pool,,0,0
Pool,SER pool,,0,0
Pool,SER.c pool,,9.99999999959367e-08,0
Pool,SER.m pool,,1.35205490680909,0.0885993700720329
Pool,SER.p pool,,0.000174286918107873,3584.69524632626
Pool,SER.x pool,,1,Inf
Pool,Sink pool,,1,Inf
Pool,Starch pool,,1,Inf
Pool,THR pool,,2114.61862413776,3701.75259228545
Pool,TP pool,,0,0
Pool,TP.c pool,,4.11969944227777e-06,3736.25746166463
Pool,TP.p pool,,3.15796410168871e-06,3619.76136914529
Pool,TP.x pool,,1,Inf
Pool,UDPG pool,,0,0
Pool,UDPG.c pool,,1.00000000030631e-07,0
Pool,UDPG.x pool,,1,Inf
Pool,X5P.p pool,,2.60948384401115e-06,3595.08190952413
Pool,dummy pool,,1,Inf
Pool,dummyGLY pool,,1,Inf
Pool,dummySER pool,,1,Inf
Pool,meTHF pool,,2.05306491739181,0.96899579832645
Pool,meTHF.c pool,,3.33438918280324e-07,3632.3154509769
Pool,meTHF.x pool,,1,Inf
Pool,myTHF.m pool,,1.00000000002876e-07,0
Pool,outSER pool,,1,Inf
Norm,Experiment1 Glyc205 #1 norm,,1.01017392502294,0.0134681814936452
Norm,Experiment1 Glyc205 #2 norm,,1.01585677653068,0.026688844824687
Norm,Experiment1 Glyc205 #3 norm,,1.0044126199349,0.0230380001483833
Norm,Experiment1 Glyc205 #4 norm,,0.950851339131872,0.0297094748940935
Norm,Experiment1 Glyc205 #5 norm,,1.00893329789148,0.0347595268321003
Norm,Experiment1 Glyc205 #6 norm,,1.02084608029898,0.0274625314823161
Norm,Experiment1 Glyc205 #7 norm,,0.970971742805257,0.0332346178087124
Norm,Experiment1 Glyc205 #8 norm,,0.999952039825715,0.0291043098145448
Norm,Experiment1 Glyx160 #1 norm,,0.991743563354842,0.0109707897211134
Norm,Experiment1 Glyx160 #2 norm,,1.00374746036505,0.0135366194685873
Norm,Experiment1 Glyx160 #3 norm,,0.96438092170882,0.0163824544680792
Norm,Experiment1 Glyx160 #4 norm,,0.969380244652868,0.0136519053077803
Norm,Experiment1 Glyx160 #5 norm,,0.971878505088802,0.0319885453418092
Norm,Experiment1 Glyx160 #6 norm,,1.05273863214415,0.0217218240039087
Norm,Experiment1 Glyx160 #7 norm,,0.951708816864501,0.036945481357309
Norm,Experiment1 Glyx160 #8 norm,,0.993905202401114,0.0384014491583418
Norm,Experiment1 GLY276 #1 norm,,0.982161599742014,0.00991342440313509
Norm,Experiment1 GLY276 #2 norm,,0.992225754100969,0.0242467304184291
Norm,Experiment1 GLY276 #3 norm,,0.997508553760684,0.042621417329809
Norm,Experiment1 GLY276 #4 norm,,0.999128912679523,0.0636630513349035
Norm,Experiment1 GLY276 #5 norm,,0.966826938650903,0.126836808512071
Norm,Experiment1 GLY276 #6 norm,,0.865783358077237,0.087597608882036
Norm,Experiment1 GLY276 #7 norm,,1.02988188779661,0.0645530113283955
Norm,Experiment1 GLY276 #8 norm,,0.995371562939337,0.0695747584017482
Norm,Experiment1 HPA262 #1 norm,,1.02078485350881,0.0111224755645918
Norm,Experiment1 HPA262 #2 norm,,0.934847523957579,0.0261377161331424
Norm,Experiment1 HPA262 #3 norm,,1.03234910943513,0.0140847407681559
Norm,Experiment1 HPA262 #4 norm,,0.892776737146535,0.0315752785386925
Norm,Experiment1 HPA262 #5 norm,,0.893910927948313,0.0231106686732914
Norm,Experiment1 HPA262 #6 norm,,1.01159595437857,0.0341165033830689
Norm,Experiment1 HPA262 #7 norm,,0.963951651215772,0.0236777804379029
Norm,Experiment1 HPA262 #8 norm,,1.01328229477034,0.0236532938792691
Norm,Experiment1 GA307 #1 norm,,1.0231830408471,0.0125964409734656
Norm,Experiment1 GA307 #2 norm,,0.959130523269669,0.030396133227929
Norm,Experiment1 GA307 #3 norm,,0.964701593664986,0.0303882320180812
Norm,Experiment1 GA307 #4 norm,,0.994782759238391,0.0193810936907476
Norm,Experiment1 GA307 #5 norm,,1.00456883957964,0.0705181616436975
Norm,Experiment1 GA307 #6 norm,,1.06462371651111,0.043418029010775
Norm,Experiment1 GA307 #7 norm,,0.988187849317385,0.0446277571828721
Norm,Experiment1 GA307 #8 norm,,0.984629455644976,0.0343053152197261
Norm,Experiment1 SER306 #1 norm,,0.985846739349989,0.0140996967694741
Norm,Experiment1 SER306 #2 norm,,1.04442221231473,0.0159591421837914
Norm,Experiment1 SER306 #3 norm,,0.917376153418316,0.043188111000732
Norm,Experiment1 SER306 #4 norm,,1.01779694409916,0.0439229228382929
Norm,Experiment1 SER306 #5 norm,,1.01929278485238,0.100513965760862
Norm,Experiment1 SER306 #6 norm,,1.06468812306894,0.0764001429585596
Norm,Experiment1 SER306 #7 norm,,1.00700872915332,0.0438833909630819
Norm,Experiment1 SER306 #8 norm,,0.978580333605499,0.0504357798333275
Norm,Experiment1 meTHF #1 norm,,0.99846727341533,0.0100019814430559
Norm,Experiment1 meTHF #2 norm,,1.02408537733411,0.0102386825073173
Norm,Experiment1 meTHF #3 norm,,0.931277007921489,0.0569901714477964
Norm,Experiment1 meTHF #4 norm,,1.00991992078042,0.0494905597094533
Norm,Experiment1 meTHF #5 norm,,0.990873180327467,0.0781315633337037
Norm,Experiment1 meTHF #6 norm,,1.01630099944607,0.127290189593228
Norm,Experiment1 meTHF #7 norm,,1.02498967707123,0.0555227098966884
Norm,Experiment1 meTHF #8 norm,,0.87264239335169,0.0818408517959299
Norm,Experiment1 FmTHF #1 norm,,0.994153294327768,0.0100237153524629
Norm,Experiment1 FmTHF #2 norm,,1.00916602818946,0.0241882889105738
Norm,Experiment1 FmTHF #3 norm,,0.990595975105373,0.0326305055314721
Norm,Experiment1 FmTHF #4 norm,,0.999858126695686,0.0235946710551455
Norm,Experiment1 FmTHF #5 norm,,0.974407566533945,0.0585424915602136
Norm,Experiment1 FmTHF #6 norm,,1.00259538988128,0.0620788046671668
Norm,Experiment1 FmTHF #7 norm,,0.995833113692215,0.0518770976654883
Norm,Experiment1 FmTHF #8 norm,,1.08842688415253,0.108058517294512
Norm,Experiment1 Met176 #1 norm,,0.952158291004322,0.0250338778564785
Norm,Experiment1 Met176 #2 norm,,0.900009958346701,0.032913078435634
Norm,Experiment1 Met176 #3 norm,,0.87384748186388,0.0479823511289118
Norm,Experiment1 Met176 #4 norm,,0.951252596071857,0.035458022003732
Norm,Experiment1 Met176 #5 norm,,0.94986749066289,0.072647080910696
Norm,Experiment1 Met176 #6 norm,,1.03409614427259,0.123775041817447
Norm,Experiment1 Met176 #7 norm,,1.00160914080459,0.129566063625244
Norm,Experiment1 Met176 #8 norm,,0.996747592049089,0.122467202979653
Norm,Experiment1 SAM #1 norm,,0.999367905485923,0.0115481699037884
Norm,Experiment1 SAM #2 norm,,0.997783088629912,0.0120291833864414
Norm,Experiment1 SAM #3 norm,,1.0051323965929,0.0140124093260291
Norm,Experiment1 SAM #4 norm,,1.02551191570941,0.0215560382392762
Norm,Experiment1 SAM #5 norm,,0.971752611842266,0.0393553424124661
Norm,Experiment1 SAM #6 norm,,1.00442088798231,0.0650012721928772
Norm,Experiment1 SAM #7 norm,,0.997708865008487,0.0916799974527693
Norm,Experiment1 SAM #8 norm,,1.00261701012364,0.0747303696425572
Norm,Experiment1 CIT465 #1 norm,,0.975619794976934,0.0116630122578896
Norm,Experiment1 CIT465 #2 norm,,0.981351129195207,0.0133236456832262
Norm,Experiment1 CIT465 #3 norm,,1.01695972736448,0.0118042445408352
Norm,Experiment1 CIT465 #4 norm,,0.963594254088049,0.0161031668838838
Norm,Experiment1 CIT465 #5 norm,,0.981774126304596,0.0133637853737218
Norm,Experiment1 CIT465 #6 norm,,0.993008969802228,0.0128552968545141
Norm,Experiment1 CIT465 #7 norm,,1.01448741470914,0.01234205538038
Norm,Experiment1 CIT465 #8 norm,,1.03744055549443,1.15233310661897
Norm,Experiment1 MAL335 #1 norm,,1.00076368001646,0.01257516785747
Norm,Experiment1 MAL335 #2 norm,,1.00668631568699,0.0111751558754389
Norm,Experiment1 MAL335 #3 norm,,1.00630791821951,0.0105822486291381
Norm,Experiment1 MAL335 #4 norm,,0.980444297243694,0.0144463533015386
Norm,Experiment1 MAL335 #5 norm,,0.988296176948289,0.014229432643954
Norm,Experiment1 MAL335 #6 norm,,0.912702739324127,0.0128564331032048
Norm,Experiment1 MAL335 #7 norm,,0.966618723460148,0.0206355694069211
Norm,Experiment1 MAL335 #8 norm,,1.04321948878153,0.0365375296191642
Norm,Experiment1 ASP334 #1 norm,,0.987082699599009,0.0233151628133461
Norm,Experiment1 ASP334 #2 norm,,0.930234730638551,0.0295815609543798
Norm,Experiment1 ASP334 #3 norm,,0.949733699433585,0.0197438990143353
Norm,Experiment1 ASP334 #4 norm,,1.04203958506417,0.0213712000324809
Norm,Experiment1 ASP334 #5 norm,,0.931517566760905,0.028052773220143
Norm,Experiment1 ASP334 #6 norm,,0.965694799411878,0.0308957186822551
Norm,Experiment1 ASP334 #7 norm,,0.978833294608414,0.0310268568056236
Norm,Experiment1 ASP334 #8 norm,,0.95110942708657,0.0763516437329204
Norm,Experiment1 GLU348 #1 norm,,0.961656476812286,0.0206567153109334
Norm,Experiment1 GLU348 #2 norm,,0.949844330904375,0.0192348279371146
Norm,Experiment1 GLU348 #3 norm,,0.995578464641397,0.0114031949224145
Norm,Experiment1 GLU348 #4 norm,,0.978806046109332,0.0345522734331805
Norm,Experiment1 GLU348 #5 norm,,0.968228504818266,0.0222632772415611
Norm,Experiment1 GLU348 #6 norm,,1.01238915207796,0.0132110775446043
Norm,Experiment1 GLU348 #7 norm,,1.03342728066931,0.0149739690483613
Norm,Experiment1 GLU348 #8 norm,,0.90405326918253,1.00416604547966
Norm,Experiment1 THR320 #1 norm,,1.00385883449675,0.0104345683160916
Norm,Experiment1 THR320 #2 norm,,0.986770679882435,0.014240718637168
Norm,Experiment1 THR320 #3 norm,,0.986589340974894,0.0103235309703551
Norm,Experiment1 THR320 #4 norm,,0.978484940899158,0.0287991534221229
Norm,Experiment1 THR320 #5 norm,,0.985614793342472,0.0207868344238778
Norm,Experiment1 THR320 #6 norm,,0.954069689084263,0.0109219979658288
Norm,Experiment1 THR320 #7 norm,,0.944187919129437,0.0136380644660195
Norm,Experiment1 THR320 #8 norm,,0.879221470112747,0.0247118473045066
Norm,Experiment1 ALA116 #1 norm,,1.00766654951743,0.00994707619658789
Norm,Experiment1 ALA116 #2 norm,,1.02751830026502,0.010355578215285
Norm,Experiment1 ALA116 #3 norm,,0.989400505326188,0.0180681419063248
Norm,Experiment1 ALA116 #4 norm,,1.05521300713027,0.0225162569757736
Norm,Experiment1 ALA116 #5 norm,,0.965784662341439,0.101296641658781
Norm,Experiment1 ALA116 #6 norm,,1.0178433174802,0.0785421487511208
Norm,Experiment1 ALA116 #7 norm,,1.01599713245568,0.0603344001933223
Norm,Experiment1 ALA116 #8 norm,,0.958416437844482,0.0978899163893386
Norm,Experiment1 PYR #1 norm,,0.971499175356287,0.0171143775805261
Norm,Experiment1 PYR #2 norm,,0.934889875444323,0.0429235439093572
Norm,Experiment1 PYR #3 norm,,0.941805609262578,0.0995249320122141
Norm,Experiment1 PYR #4 norm,,1.03105356936629,0.0447893879837753
Norm,Experiment1 PYR #5 norm,,1.03191612862297,0.0526089461181425
Norm,Experiment1 PYR #6 norm,,1.03242726344073,0.0546083395425306
Norm,Experiment1 PYR #7 norm,,0.923113658935032,0.0922287679246164
Norm,Experiment1 PYR #8 norm,,0.97837773219601,0.0672959497224861
