type,id,eqn,val,std
Net flux,CO2.t,CO2.t -> CO2,49.26185108419,1.10878734223821
Net flux,CO2_sink,dummy -> Sink,49.26185108419,1.10878734223821
Net flux,RUBICSO_CO2,RUBP.p + CO2 -> 3PGA.p + 3PGA.p + dummy,59.1596270338024,1.21194192609655
Net flux,GAPDH.p net,3PGA.p <-> TP.p,141.566720074264,2.67610486398671
Exch flux,GAPDH.p exch,3PGA.p <-> TP.p,1524.7724993277,1419.79474124555
Net flux,ALD,TP.p + E4P.p -> SBP,25.827589986283,0.48070645030789
Net flux,SBP,SBP -> S7P.p,25.827589986283,0.48070645030789
Net flux,FBA.p net,TP.p + TP.p <-> FBP.p,30.5467610114174,0.654044261521245
Exch flux,FBA.p exch,TP.p + TP.p <-> FBP.p,18148.2450306278,1744.21094739027
Net flux,PFK.p net,FBP.p <-> F6P.p,30.5467610114206,0.654044261521245
Exch flux,PFK.p exch,FBP.p <-> F6P.p,1.00003731517972e-07,8.04678217208443e-15
Net flux,TK1 net,TP.p + EC2 <-> X5P.p,51.655179972566,0.96141290061578
Exch flux,TK1 exch,TP.p + EC2 <-> X5P.p,1.0000000116861e-07,0
Net flux,TK2 net,S7P.p <-> R5P.p + EC2,25.827589986283,0.48070645030789
Exch flux,TK2 exch,S7P.p <-> R5P.p + EC2,38.1796169915908,3874.9918295972
Net flux,TK3 net,F6P.p <-> E4P.p + EC2,25.8275899862829,0.48070645030789
Exch flux,TK3 exch,F6P.p <-> E4P.p + EC2,4646.79688651599,3831.15583433183
Net flux,PPE net,X5P.p <-> RU5P.p,51.655179972566,0.96141290061578
Exch flux,PPE exch,X5P.p <-> RU5P.p,92.1298958206808,3676.0993131979
Net flux,PPI net,R5P.p <-> RU5P.p,25.8275899862831,0.48070645030789
Exch flux,PPI exch,R5P.p <-> RU5P.p,244.37878376962,3692.47476739491
Net flux,PRK,RU5P.p -> RUBP.p,77.4827699588492,1.44211935092367
Net flux,RUBISCO_O2,RUBP.p -> 3PGA.p + 2PG.p,18.3231429250467,0.600175894273757
Net flux,GLYdil net,GLY.p <-> GLY.x + dummyGLY,0.00761811556584036,0.00106186246581029
Exch flux,GLYdil exch,GLY.p <-> GLY.x + dummyGLY,0.376839875040694,0.165755437626942
Net flux,SERdil net,SER.p <-> SER.x + dummySER,2.19587199593904,3989.85480963143
Exch flux,SERdil exch,SER.p <-> SER.x + dummySER,0.919678099149159,3989.8544866482
Net flux,GK,GA.p -> 3PGA.p,5.24313262056131,0.492140003455298
Net flux,PGI.p net,F6P.p <-> G6P.p,4.71917102513793,0.341036799615001
Exch flux,PGI.p exch,F6P.p <-> G6P.p,3.09368330063906,3974.05990978745
Net flux,PGM.p,G6P.p -> ADPG.p,4.71917102513794,0.341036799615001
Net flux,Starch,ADPG.p -> Starch,4.71917102513791,0.341036799615001
Net flux,FBA.c net,TP.c + TP.c <-> FBP.c,1.49521404628832,0.208412652625983
Exch flux,FBA.c exch,TP.c + TP.c <-> FBP.c,90.7191659113161,3912.49092204711
Net flux,PFK.c net,FBP.c <-> F6P.c,1.49521404628834,0.208412652625983
Exch flux,PFK.c exch,FBP.c <-> F6P.c,79.5545732623229,3803.58894250855
Net flux,PGI.c net,F6P.c <-> G6P.c,0.747607023144155,0.104206326312992
Exch flux,PGI.c exch,F6P.c <-> G6P.c,295.80477067484,4014.62613875575
Net flux,PGM.c net,G6P.c <-> UDPG.c,0.747607023142336,0.104206326312992
Exch flux,PGM.c exch,G6P.c <-> UDPG.c,48510.6491849646,3280.08711852464
Net flux,SPS,F6P.c + UDPG.c -> S6P,0.747607023144131,0.104206326312992
Net flux,PGAM.c net,3PGA.c <-> PEP.c,0.318809538949421,0.0444377458054771
Exch flux,PGAM.c exch,3PGA.c <-> PEP.c,2.94521100193738,3445.08298531209
Net flux,PK.c,PEP.c -> PYR.c,0.14471429147003,0.0201712186054706
Net flux,PDH,PYR.c + dummy -> ACA + CO2,0.120439491428402,0.0167876391627546
Net flux,CS,OAA + ACA -> CIT,0.120439491428398,0.0167876391627546
Net flux,ACO net,CIT <-> ICI,0.120439491428442,0.0167876391627546
Exch flux,ACO exch,CIT <-> ICI,1156.15795073729,3377.94360545612
Net flux,IDH,ICI + dummy -> AKG + CO2,0.120439491428414,0.0167876391627546
Net flux,MDH net,MAL <-> OAA,2.1316282072803e-14,0
Exch flux,MDH exch,MAL <-> OAA,0.192187774083919,0.0619229670296278
Net flux,PPC,PEP.c + CO2 -> OAA + dummy,0.174095247479136,0.0242665272075824
Net flux,T_3PGA net,3PGA.p <-> 3PGA.c,0.318809538949402,0.0444377458054771
Exch flux,T_3PGA exch,3PGA.p <-> 3PGA.c,8.00500871769897,3935.11373988082
Net flux,T_DHAP net,TP.p <-> TP.c,2.99042809257669,0.416825305251967
Exch flux,T_DHAP exch,TP.p <-> TP.c,117.962116311304,3998.93617661012
Net flux,ALT,PYR.c -> ALA.c,0.0242748000414832,0.00338357941543793
Net flux,ASPT,OAA -> ASP,0.0536557560509461,0.00747888804731291
Net flux,GLUDH,AKG -> GLU,0.120439491428391,0.0167876391627546
Net flux,PCR net,GLU <-> PRO,-2.48689957516035e-14,0
Exch flux,PCR exch,GLU <-> PRO,0.316495296908716,3766.4537812475
Net flux,GS net,GLU <-> GLN,0,0
Exch flux,GS exch,GLU <-> GLN,0.66624753345085,3911.55932539244
Net flux,TS net,ASP <-> THR,0,0
Exch flux,TS exch,ASP <-> THR,1.0000000116861e-07,0
Net flux,AS net,ASP <-> ASN,1.06581410364015e-14,0
Exch flux,AS exch,ASP <-> ASN,1.0000000116861e-07,0
Net flux,G_3PGA.p,0*3PGA.p -> 3PGA,2.46866295583459e-06,5496.66310336625
Net flux,G_3PGA.c,0*3PGA.c -> 3PGA,92.9119081391927,3851.78045340088
Net flux,G_DHAP.p,0*TP.p -> TP,40.685379842242,5459.56723135427
Net flux,G_DHAP.c,0*TP.c -> TP,51.8471856996947,3828.82719990983
Net flux,G_F6P.p,0*F6P.p -> F6P,48.6686345030749,5262.09336974887
Net flux,G_F6P.c,0*F6P.c -> F6P,36.546576817712,3884.74005014619
Net flux,G_FBP.p,0*FBP.p -> FBP,2.46866129316459e-06,5224.92809176001
Net flux,G_FBP.c,0*FBP.c -> FBP,83.45123105,3775.03554732347
Net flux,G_G6P.p,0*G6P.p -> G6P,19.0549768397257,5382.58770374465
Net flux,G_G6P.c,0*G6P.c -> G6P,58.8549499993083,3843.85959981443
Net flux,G_RU5P.p,0*RU5P.p -> P5P,2.46865370456817e-06,5254.32714113114
Net flux,G_X5P.p,0*X5P.p -> P5P,92.8477691495095,3699.00157591985
Net flux,G_R5P.p,0*R5P.p -> R5P,82.2810779884949,3941.31616327921
Net flux,G_GA.p,0*GA.p -> GA,40.2952319775473,1.65023767215302
Net flux,G_SER.p,0*SER.p -> SER,95.4787701403679,3673.81861285741
Net flux,G_GLY.p,0*GLY.p -> GLY,1.0000000116861e-07,1.2694360754628e-12
Net flux,G_RUBP.p,0*RUBP.p -> RUBP,92.5302752673063,3775.44115754442
Net flux,G_S7P.p,0*S7P.p -> S7P,98.4567310636212,3946.0188485585
Net flux,G_2PG.p,0*2PG.p -> 2PG,87.0427532706349,3554.74838552574
Net flux,G_ADPG.p,0*ADPG.p -> ADPG,95.0805622183377,3949.19826298161
Net flux,G_PEP.c,0*PEP.c -> PEP,89.2305410445615,3897.21528631007
Net flux,G_UDPG.c,0*UDPG.c -> UDPG,72.4268033045549,3958.61078642997
Net flux,G_ALA.c,0*ALA.c -> ALA,77.068289597552,6.78481435002361
Net flux,(1-G)_GA,0*GA.x -> GA,59.7047680224548,1.65023767215302
Net flux,(1-G)_SER,0*SER.x -> SER,4.52122959975958,2.92223078499112
Net flux,(1-G)_GLY,0*GLY.x -> GLY,28.6375000194137,3.56203631086338
Net flux,(1-G)_R5P,0*R5P.x -> R5P,17.718922011502,3941.31616327921
Net flux,(1-G)_RUBP,0*RUBP.x -> RUBP,7.46972473269241,3775.44115754442
Net flux,(1-G)_3PGA,0*3PGA.x -> 3PGA,7.08808939214467,3901.17144264628
Net flux,(1-G)_TP,0*TP.x -> TP,7.46743445806383,3808.66479013554
Net flux,(1-G)_F6P,0*F6P.x -> F6P,14.7847886792169,3621.30799579336
Net flux,(1-G)_FBP,0*FBP.x -> FBP,16.5487664813334,3749.84850676118
Net flux,(1-G)_G6P,0*G6P.x -> G6P,22.0900731609643,3857.57508984462
Net flux,(1-G)_RU5P,0*RU5P.x -> P5P,7.15222838183816,3791.24844846313
Net flux,(1-G)_S7P,0*S7P.x -> S7P,1.54326893637677,3946.0188485585
Net flux,(1-G)_2PG,0*2PG.x -> 2PG,12.9572467293675,3554.74838552574
Net flux,(1-G)_ADPG,0*ADPG.x -> ADPG,4.91943778166132,3949.19826298161
Net flux,(1-G)_PEP,0*PEP.x -> PEP,10.7694589554367,3897.21528631007
Net flux,(1-G)_UDPG,0*UDPG.x -> UDPG,27.5731966954463,3958.61078642997
Net flux,(1-G)_ALA,0*ALA.x -> ALA,22.9317104024478,6.78481435002361
Net flux,PGASink,3PGA -> Sink,100,0
Net flux,DHAPSink,TP -> Sink,100.000000000001,0
Net flux,F6PSink,F6P -> Sink,100.000000000004,0
Net flux,FBPSink,FBP -> Sink,99.9999999999947,0
Net flux,G6PSink,G6P -> Sink,99.9999999999983,0
Net flux,P5PSink,P5P -> Sink,100.000000000001,0
Net flux,R5PSink,R5P -> Sink,99.9999999999968,0
Net flux,GASink,GA -> Sink,100.000000000002,0
Net flux,SERSink,SER -> Sink,99.9999999999996,0
Net flux,GLYSink,GLY -> Sink,100.000000000001,0
Net flux,RUBPSink,RUBP -> Sink,99.9999999999987,0
Net flux,S7PSink,S7P -> Sink,99.9999999999979,0
Net flux,2PGSink,2PG -> Sink,100.000000000002,0
Net flux,ADPGSink,ADPG -> Sink,99.999999999999,0
Net flux,PEPSink,PEP -> Sink,99.9999999999983,0
Net flux,UDPGSink,UDPG -> Sink,100.000000000001,0
Net flux,ALASink,ALA -> Sink,99.9999999999998,0
Net flux,S6Pout-LL,S6P + 0.1611*GLU + 0.07177*ASP + 0.03247*ALA.c + 0.01019*dummyGLY + 0.03484*dummySER -> Sink,0.747607023144166,0.104206326312992
Net flux,PGP.p,2PG.p -> Glyc.p,18.3231429250467,0.600175894273757
Net flux,GOX,Glyc.p -> Glyx.p,18.3231429250467,0.600175894273757
Net flux,GGT,Glyx.p -> GLY.p,18.3231429250467,0.600175894273757
Net flux,SGAT,SER.p -> HPA.p,5.2431326205613,0.492140003455298
Net flux,HPR.p,HPA.p -> GA.p,5.24313262056129,0.492140003455298
Net flux,T_GLY-m net,GLY.p <-> GLY.m,17.0354593500524,3666.88511228589
Exch flux,T_GLY-m exch,GLY.p <-> GLY.m,103639.405380075,3676.30288307538
Net flux,GDC.m,GLY.m + dummy -> myTHF.m + CO2,9.83099221423502,0.598834417033258
Net flux,T_SER-m net,SER.p <-> SER.m,-9.83099221423502,0.598834417033258
Exch flux,T_SER-m exch,SER.p <-> SER.m,1.00000008718126e-07,10.3944836343764
Net flux,mSHMT,GLY.m + myTHF.m -> SER.m,9.83099221423502,0.598834417033258
Net flux,T_SER-c net,SER.p <-> SER.c,2.39198759773467,3989.85468484504
Exch flux,T_SER-c exch,SER.p <-> SER.c,0.0160435597559303,3989.85447829558
Net flux,T_Gly-c net,GLY.p <-> GLY.c,1.28006545941216,3666.88504061053
Exch flux,T_Gly-c exch,GLY.p <-> GLY.c,0.000267143217943744,3666.88432026093
Net flux,cSHMT,SER.c -> GLY.c + meTHF.c,2.37430459148394,3.68321869335495
Net flux,FmTHF-reductase net,meTHF.c <-> FmTHF.c,2.37430459148394,3.68321869335495
Exch flux,FmTHF-reductase exch,meTHF.c <-> FmTHF.c,6.67371385821008,3760.42057171298
Net flux,Met-synthase,FmTHF.c + Hcy.c -> Met.c,2.37430459148392,3.68321869335495
Net flux,SAM-synthase,Met.c -> SAM.c,2.37430459148393,3.68321869335495
Net flux,Methylation,SAM.c -> SAH.c + Acceptor.c,2.37430459148392,3.68321869335495
Net flux,hydrolysis,SAH.c -> Hcy.c,2.37430459148392,3.68321869335495
Net flux,G_SER.m,0*SER.m -> SER,1.0000000116861e-07,0
Net flux,G_SER.c,0*SER.c -> SER,1.59872115546023e-07,3673.81745065786
Net flux,G_Gly.m,0*GLY.m -> GLY,1.0000000116861e-07,1.62298166762672e-13
Net flux,G_Gly.c,0*GLY.c -> GLY,71.3624997805875,3.56203631086338
Net flux,T_GLY-c-m,GLY.c -> GLY.m,2.62652507840133,3666.88525983543
Net flux,G_Glyc,0*Glyc.p -> Glyc,21.8961135119256,1.23085765759113
Net flux,G_Glyx,0*Glyx.p -> Glyx,10.8993466259883,1.19834361436095
Net flux,G_HPA,0*HPA.p -> HPA,9.46991753849492,1.28937496909424
Net flux,(1-G)_Glyc,0*Glyc.x -> Glyc,78.103886488075,1.23085765759113
Net flux,(1-G)_Glyx,0*Glyx.x -> Glyx,89.1006533740126,1.19834361436095
Net flux,(1-G)_HPA,0*HPA.x -> HPA,90.530082461505,1.28937496909424
Net flux,GlycSink,Glyc -> Sink,100.000000000001,0
Net flux,GlyxSink,Glyx -> Sink,100.000000000001,0
Net flux,HPASink,HPA -> Sink,99.9999999999998,0
Net flux,SERex,dummySER -> outSER,2.16982297042433,3989.85480975863
Net flux,G_PYR,0*PYR.c -> PYR,31.4210010311314,1.81497335376119
Net flux,(1-G)_PYR,0*PYR.x -> PYR,68.5789989688688,1.81497335376119
Net flux,PYRSink,PYR -> Sink,100,0
Net flux,G_meTHF,0*meTHF.c -> meTHF,99.9852671777026,3545.38813572854
Net flux,G_FmTHF,0*FmTHF.c -> FmTHF,78.5257829557552,3.08893608026097
Net flux,G_Met,0*Met.c -> Met,60.741391606165,4.17357588861885
Net flux,G_SAM,0*SAM.c -> SAM,59.8684865949139,4.18042030191859
Net flux,(1-G)_meTHF,0*meTHF.x -> meTHF,0.0147328222973471,3545.38813572854
Net flux,(1-G)_FmTHF,0*FmTHF.x -> FmTHF,21.4742170442449,3.08893608026097
Net flux,(1-G)_Met,0*Met.x -> Met,39.258608393835,4.17357588861885
Net flux,(1-G)_SAM,0*SAM.x -> SAM,40.1315134050861,4.18042030191859
Net flux,meTHFSink,meTHF -> Sink,99.9999999999999,0
Net flux,FmTHFSink,FmTHF -> Sink,100,0
Net flux,MetSink,Met -> Sink,100,0
Net flux,SAMsink,SAM -> Sink,100,0
Net flux,Met-protein,Met.c -> Protein,6.51983996113883e-15,0
Net flux,GLY-protein,GLY.c -> Protein,1.0278449724948,3.88525104815009
Net flux,SER-protein,SER.c -> Protein,0.0176830062507349,3989.85644785271
Pool,2PG pool,,0,0
Pool,2PG.p pool,,3.46544953595841e-06,3792.88575262935
Pool,2PG.x pool,,1,Inf
Pool,3PGA pool,,0,0
Pool,3PGA.c pool,,1.16639349736452e-05,3712.92114491319
Pool,3PGA.p pool,,3.7768505844214e-06,3646.33727407918
Pool,3PGA.x pool,,1,Inf
Pool,ACA pool,,2.54060626859844e-06,3792.47717821902
Pool,ADPG pool,,0,0
Pool,ADPG.p pool,,9.9999999999999e-08,Inf
Pool,ADPG.x pool,,1,Inf
Pool,AKG pool,,2.71404655390393e-06,3703.69764147703
Pool,ALA pool,,0,0
Pool,ALA.c pool,,0.00722033327216729,0.00179113195479919
Pool,ALA.x pool,,1,Inf
Pool,ASN pool,,7557.89802763548,3822.89691882469
Pool,ASP pool,,4.82427418617932e-07,3836.99226072368
Pool,Acceptor.c pool,,1,Inf
Pool,CIT pool,,8.60603406457778,903.83488667733
Pool,CO2 pool,,0.000123774212557232,3619.27537250564
Pool,CO2.t pool,,1,Inf
Pool,E4P.p pool,,0,0
Pool,EC2 pool,,0,0
Pool,F6P pool,,0,0
Pool,F6P.c pool,,3.82752780571005e-06,3519.47482159978
Pool,F6P.p pool,,3.52836820862788e-06,3663.44164416603
Pool,F6P.x pool,,1,Inf
Pool,FBP pool,,0,0
Pool,FBP.c pool,,3.76436137916555e-06,3743.51796696568
Pool,FBP.p pool,,3.44253400431505e-06,3713.93156756174
Pool,FBP.x pool,,1,Inf
Pool,FmTHF pool,,0.74183914725564,0.60652794460181
Pool,FmTHF.c pool,,1.64152357652478e-06,3682.75464854461
Pool,FmTHF.x pool,,1,Inf
Pool,G6P pool,,0,0
Pool,G6P.c pool,,9.8810730649967e-06,3672.49385688653
Pool,G6P.p pool,,3.68531829680498e-06,3678.48235516338
Pool,G6P.x pool,,1,Inf
Pool,GA pool,,0,0
Pool,GA.p pool,,3.34330556352781e-06,3658.1766832656
Pool,GA.x pool,,1,Inf
Pool,GLN pool,,12.4683768650741,3767.05864110923
Pool,GLU pool,,2.72543893106468e-06,3973.96151555048
Pool,GLY pool,,0,0
Pool,GLY.c pool,,0.057476037999207,0.110684623356334
Pool,GLY.m pool,,0.00186639345007082,3938.29293904102
Pool,GLY.p pool,,0.000386486352090792,3741.64039182016
Pool,GLY.x pool,,1,Inf
Pool,Glyc pool,,5.01401284725187,1.42353637872672
Pool,Glyc.p pool,,1.4181891283756e-05,3702.5135537019
Pool,Glyc.x pool,,1,Inf
Pool,Glyx pool,,5.71025769521482,2.45499163322235
Pool,Glyx.p pool,,2.11015098623045e-05,3476.15940994405
Pool,Glyx.x pool,,1,Inf
Pool,HPA pool,,0.000154139567500137,3651.9334897842
Pool,HPA.p pool,,2.52047433000106e-06,3471.52494261038
Pool,HPA.x pool,,1,Inf
Pool,Hcy.c pool,,1,Inf
Pool,ICI pool,,0.00371258997652539,3681.96736235379
Pool,MAL pool,,0.304761574740356,0.0967722889811724
Pool,Met pool,,0.000153975949041993,3767.93487688231
Pool,Met.c pool,,1.50063283085841e-06,3765.28096390889
Pool,Met.x pool,,1,Inf
Pool,OAA pool,,0.142139736718884,0.026447899561821
Pool,P5P pool,,0,0
Pool,PEP pool,,0,0
Pool,PEP.c pool,,4.54729334006864e-06,3538.74950044416
Pool,PEP.x pool,,1,Inf
Pool,PRO pool,,7.54523490966129,3484.85781514592
Pool,PYR pool,,1e-07,0
Pool,PYR.c pool,,0.005521793205441,0.00147711431690235
Pool,PYR.x pool,,1,Inf
Pool,Protein pool,,1,Inf
Pool,R5P pool,,0,0
Pool,R5P.p pool,,1.48567492752571e-05,3793.50359799318
Pool,R5P.x pool,,1,Inf
Pool,RU5P.p pool,,3.37386185113156e-06,3633.33705680874
Pool,RU5P.x pool,,1,Inf
Pool,RUBP pool,,0,0
Pool,RUBP.p pool,,3.38202536883931e-06,3587.08466231047
Pool,RUBP.x pool,,1,Inf
Pool,S6P pool,,1,Inf
Pool,S7P pool,,0,0
Pool,S7P.p pool,,3.29999435027879e-06,3767.71620270722
Pool,S7P.x pool,,1,Inf
Pool,SAH.c pool,,1,Inf
Pool,SAM pool,,5.75663454011551,1.80008635631709
Pool,SAM.c pool,,2.59217436647478e-06,3572.76912790659
Pool,SAM.x pool,,1,Inf
Pool,SBP pool,,0,0
Pool,SER pool,,0,0
Pool,SER.c pool,,9.99999999994061e-08,0
Pool,SER.m pool,,1.14828447671637,0.0989411037031722
Pool,SER.p pool,,1.00000000000002e-07,0
Pool,SER.x pool,,1,Inf
Pool,Sink pool,,1,Inf
Pool,Starch pool,,1,Inf
Pool,THR pool,,2004.69688677229,3543.46016021212
Pool,TP pool,,0,0
Pool,TP.c pool,,4.07627595309037e-06,3732.24271260661
Pool,TP.p pool,,3.9566425387592e-06,3712.7689876753
Pool,TP.x pool,,1,Inf
Pool,UDPG pool,,0,0
Pool,UDPG.c pool,,0.18444116675146,0.0362634088558748
Pool,UDPG.x pool,,1,Inf
Pool,X5P.p pool,,3.48171029055612e-06,3589.030625948
Pool,dummy pool,,1,Inf
Pool,dummyGLY pool,,1,Inf
Pool,dummySER pool,,1,Inf
Pool,meTHF pool,,1.7477215987835,0.823575445384686
Pool,meTHF.c pool,,1.69060141761649e-06,3729.76282800753
Pool,meTHF.x pool,,1,Inf
Pool,myTHF.m pool,,1.00000000002876e-07,0
Pool,outSER pool,,1,Inf
Norm,Experiment1 Glyc205 #1 norm,,0.965464180456757,0.0128546124945982
Norm,Experiment1 Glyc205 #2 norm,,0.987623698187528,0.0223643178719319
Norm,Experiment1 Glyc205 #3 norm,,0.984339206838826,0.0205625381316956
Norm,Experiment1 Glyc205 #4 norm,,0.989022930008999,0.0324688094241658
Norm,Experiment1 Glyc205 #5 norm,,1.00676574088368,0.0343049128243161
Norm,Experiment1 Glyc205 #6 norm,,1.01230591827445,0.0280747863259632
Norm,Experiment1 Glyc205 #7 norm,,0.987270843402464,0.0372814390874456
Norm,Experiment1 Glyc205 #8 norm,,0.986721078042382,0.0295055667290751
Norm,Experiment1 Glyx160 #1 norm,,1.00197078444763,0.0109463149702119
Norm,Experiment1 Glyx160 #2 norm,,0.974836903167328,0.013626554312098
Norm,Experiment1 Glyx160 #3 norm,,0.98805648294309,0.0191428414725816
Norm,Experiment1 Glyx160 #4 norm,,1.00910929044127,0.0181034140273664
Norm,Experiment1 Glyx160 #5 norm,,0.957332013998706,0.0337698640168417
Norm,Experiment1 Glyx160 #6 norm,,1.01465324832434,0.0202099442786232
Norm,Experiment1 Glyx160 #7 norm,,0.964994510907507,0.0376867794958986
Norm,Experiment1 Glyx160 #8 norm,,0.979602744017098,0.0344371922734552
Norm,Experiment1 GLY276 #1 norm,,1.01247606555393,0.0102224234435151
Norm,Experiment1 GLY276 #2 norm,,1.0030304386837,0.0263519251066671
Norm,Experiment1 GLY276 #3 norm,,0.941579642737098,0.0410732148870109
Norm,Experiment1 GLY276 #4 norm,,0.994463158998898,0.0674845585490494
Norm,Experiment1 GLY276 #5 norm,,1.00944276326668,0.113494666479111
Norm,Experiment1 GLY276 #6 norm,,0.848479801487585,0.0995952289525054
Norm,Experiment1 GLY276 #7 norm,,1.03463459478873,0.0628583568282853
Norm,Experiment1 GLY276 #8 norm,,0.979358811929269,0.0718659604901166
Norm,Experiment1 HPA262 #1 norm,,0.995591197806271,0.0108184872494574
Norm,Experiment1 HPA262 #2 norm,,0.925156331964085,0.0263879434918343
Norm,Experiment1 HPA262 #3 norm,,0.975788190148627,0.0132624140175011
Norm,Experiment1 HPA262 #4 norm,,0.947942684707617,0.0367868467500172
Norm,Experiment1 HPA262 #5 norm,,0.948323304306972,0.0238389807568968
Norm,Experiment1 HPA262 #6 norm,,0.96023571321848,0.0319490245741186
Norm,Experiment1 HPA262 #7 norm,,0.973750087447081,0.0251132308894114
Norm,Experiment1 HPA262 #8 norm,,0.990592078107826,0.0230403255415125
Norm,Experiment1 GA307 #1 norm,,0.982725590189669,0.0119509433537259
Norm,Experiment1 GA307 #2 norm,,0.945295407279534,0.0297747283153681
Norm,Experiment1 GA307 #3 norm,,0.966253030428243,0.0297317171660837
Norm,Experiment1 GA307 #4 norm,,1.01962175262949,0.0209556903262118
Norm,Experiment1 GA307 #5 norm,,0.952993266690876,0.0507293446474384
Norm,Experiment1 GA307 #6 norm,,1.04887932605668,0.0437778184779754
Norm,Experiment1 GA307 #7 norm,,0.983171011139479,0.0411790719553491
Norm,Experiment1 GA307 #8 norm,,1.02674604332265,0.0369663554591818
Norm,Experiment1 SER306 #1 norm,,0.984080892224403,0.0139322691022967
Norm,Experiment1 SER306 #2 norm,,1.01510019706993,0.0159758923345857
Norm,Experiment1 SER306 #3 norm,,0.956163969043322,0.0369615486660718
Norm,Experiment1 SER306 #4 norm,,1.00928992807553,0.0486298266483585
Norm,Experiment1 SER306 #5 norm,,1.00209819939475,0.0938592200324926
Norm,Experiment1 SER306 #6 norm,,1.05433621249406,0.0740131080179314
Norm,Experiment1 SER306 #7 norm,,0.999435834154056,0.047970207331269
Norm,Experiment1 SER306 #8 norm,,0.979790424409685,0.0499159715884918
Norm,Experiment1 meTHF #1 norm,,1.00119110999707,0.0102055768758023
Norm,Experiment1 meTHF #2 norm,,1.01147843577124,0.0111657566136834
Norm,Experiment1 meTHF #3 norm,,0.970606207488199,0.0656648001407187
Norm,Experiment1 meTHF #4 norm,,0.976758160389846,0.0463063927897475
Norm,Experiment1 meTHF #5 norm,,1.01442484042231,0.111887057927624
Norm,Experiment1 meTHF #6 norm,,1.00607588406224,0.120448794657078
Norm,Experiment1 meTHF #7 norm,,0.974873702917592,0.0592310018668766
Norm,Experiment1 meTHF #8 norm,,1.05253177179487,0.0968722858896749
Norm,Experiment1 FmTHF #1 norm,,0.983957748603988,0.00984878336355006
Norm,Experiment1 FmTHF #2 norm,,0.994439854962338,0.0235327159439201
Norm,Experiment1 FmTHF #3 norm,,0.982920015607632,0.0341236861168698
Norm,Experiment1 FmTHF #4 norm,,1.00943683366817,0.0272593448608923
Norm,Experiment1 FmTHF #5 norm,,0.98187381283164,0.0668111159680007
Norm,Experiment1 FmTHF #6 norm,,1.00035309133827,0.0593287526262876
Norm,Experiment1 FmTHF #7 norm,,1.00031428051138,0.0486432893413505
Norm,Experiment1 FmTHF #8 norm,,1.00563884433218,0.102959723844019
Norm,Experiment1 Met176 #1 norm,,0.955838475928289,0.0242357008199688
Norm,Experiment1 Met176 #2 norm,,0.903481493279108,0.0306878296320662
Norm,Experiment1 Met176 #3 norm,,1.0224439099444,0.0629224623896221
Norm,Experiment1 Met176 #4 norm,,0.94722585783295,0.0373169179850227
Norm,Experiment1 Met176 #5 norm,,0.99208525688883,0.072715554018045
Norm,Experiment1 Met176 #6 norm,,1.05387201121024,0.155722673074042
Norm,Experiment1 Met176 #7 norm,,0.999760222711397,0.112964603763594
Norm,Experiment1 Met176 #8 norm,,0.997877330631935,0.108375044251525
Norm,Experiment1 SAM #1 norm,,0.99227672010344,0.0118358225933747
Norm,Experiment1 SAM #2 norm,,0.983342871309714,0.0119479993158607
Norm,Experiment1 SAM #3 norm,,0.990018638733263,0.0143446732522792
Norm,Experiment1 SAM #4 norm,,1.03140281237494,0.0231830113724594
Norm,Experiment1 SAM #5 norm,,0.963666831984768,0.0383830029793189
Norm,Experiment1 SAM #6 norm,,1.02338325304202,0.0622597578242541
Norm,Experiment1 SAM #7 norm,,0.995828571392799,0.0980073173653463
Norm,Experiment1 SAM #8 norm,,0.999858963849956,0.0855982953728644
Norm,Experiment1 CIT465 #1 norm,,0.995033789836437,0.0116669705726463
Norm,Experiment1 CIT465 #2 norm,,0.950046330669867,0.012469474631743
Norm,Experiment1 CIT465 #3 norm,,1.00008100209688,0.0116394245838706
Norm,Experiment1 CIT465 #4 norm,,0.972077030876673,0.0162070064992392
Norm,Experiment1 CIT465 #5 norm,,0.967861654606878,0.0129881741432965
Norm,Experiment1 CIT465 #6 norm,,0.982531666188819,0.0124649140734037
Norm,Experiment1 CIT465 #7 norm,,1.02060157862446,0.0120512344753527
Norm,Experiment1 CIT465 #8 norm,,1.02185584525981,1.3702282588429
Norm,Experiment1 MAL335 #1 norm,,0.980522278121875,0.0122139836473955
Norm,Experiment1 MAL335 #2 norm,,1.00429938164344,0.0111390478232786
Norm,Experiment1 MAL335 #3 norm,,0.97239091850225,0.0102017301622592
Norm,Experiment1 MAL335 #4 norm,,0.962736779824176,0.0140452261337246
Norm,Experiment1 MAL335 #5 norm,,0.97327247422069,0.0142067978611505
Norm,Experiment1 MAL335 #6 norm,,0.974012949051989,0.0133078914715903
Norm,Experiment1 MAL335 #7 norm,,0.964644787110741,0.0202008812207456
Norm,Experiment1 MAL335 #8 norm,,1.00702975390345,0.0347695091950367
Norm,Experiment1 ASP334 #1 norm,,0.981774953616011,0.0223217396461211
Norm,Experiment1 ASP334 #2 norm,,1.0026971300166,0.0302740325576364
Norm,Experiment1 ASP334 #3 norm,,0.976013097317231,0.0194145910011406
Norm,Experiment1 ASP334 #4 norm,,1.00650295960601,0.0178409652097985
Norm,Experiment1 ASP334 #5 norm,,1.0118029642142,0.0282646729605205
Norm,Experiment1 ASP334 #6 norm,,0.935496966093346,0.0294261433103211
Norm,Experiment1 ASP334 #7 norm,,1.02469626842237,0.0323903327980386
Norm,Experiment1 ASP334 #8 norm,,0.983170473350473,0.0804481194898979
Norm,Experiment1 GLU348 #1 norm,,0.985527315841142,0.0216247712252642
Norm,Experiment1 GLU348 #2 norm,,1.00525235122232,0.0200031955766924
Norm,Experiment1 GLU348 #3 norm,,0.999255240496062,0.0113271417915305
Norm,Experiment1 GLU348 #4 norm,,0.993336456478984,0.0370065244844948
Norm,Experiment1 GLU348 #5 norm,,0.984630509860815,0.0231451314849553
Norm,Experiment1 GLU348 #6 norm,,0.956451825580978,0.0123653712533584
Norm,Experiment1 GLU348 #7 norm,,0.967183950336317,0.0137477768763187
Norm,Experiment1 GLU348 #8 norm,,1.00266672325261,0.0174990807997115
Norm,Experiment1 THR320 #1 norm,,1.02797400063635,0.0104916628609363
Norm,Experiment1 THR320 #2 norm,,1.00309155894302,0.0146768038181931
Norm,Experiment1 THR320 #3 norm,,0.969458219535162,0.0102898097137672
Norm,Experiment1 THR320 #4 norm,,1.02802325217377,0.0307286356591419
Norm,Experiment1 THR320 #5 norm,,1.00283993501963,0.0201627355400284
Norm,Experiment1 THR320 #6 norm,,0.950717532945484,0.0111163727684287
Norm,Experiment1 THR320 #7 norm,,0.982112552508568,0.0139504016982593
Norm,Experiment1 THR320 #8 norm,,0.877859468558581,0.0246059804835724
Norm,Experiment1 ALA116 #1 norm,,0.984395166055464,0.00973556300659664
Norm,Experiment1 ALA116 #2 norm,,1.01922474984567,0.0101863323297042
Norm,Experiment1 ALA116 #3 norm,,0.999120147952842,0.0176575563658871
Norm,Experiment1 ALA116 #4 norm,,1.02199784017895,0.0213041305242775
Norm,Experiment1 ALA116 #5 norm,,0.972467567477392,0.102121261543378
Norm,Experiment1 ALA116 #6 norm,,0.974224060387882,0.0724567948081603
Norm,Experiment1 ALA116 #7 norm,,1.00546203100324,0.0622316719708055
Norm,Experiment1 ALA116 #8 norm,,0.971424449900087,0.111689349340073
Norm,Experiment1 PYR #1 norm,,0.992193204775754,0.0172110372394901
Norm,Experiment1 PYR #2 norm,,0.971751163760808,0.0406942754983342
Norm,Experiment1 PYR #3 norm,,0.920253154090313,0.0799742271879723
Norm,Experiment1 PYR #4 norm,,1.06084627966467,0.0436534180065201
Norm,Experiment1 PYR #5 norm,,0.999323580051004,0.0513854195265488
Norm,Experiment1 PYR #6 norm,,1.01580701014743,0.0537292415414628
Norm,Experiment1 PYR #7 norm,,0.991166793428539,0.109098054174065
Norm,Experiment1 PYR #8 norm,,0.987481420118754,0.0587057644708859
