type,id,eqn,val,std
Net flux,CO2.t,CO2.t -> CO2,47.0904976199355,1.13976779948755
Net flux,CO2_sink,dummy -> Sink,47.0904976199354,1.13976779948755
Net flux,RUBICSO_CO2,RUBP.p + CO2 -> 3PGA.p + 3PGA.p + dummy,56.8675043114314,1.21796906946073
Net flux,GAPDH.p net,3PGA.p <-> TP.p,135.585523592611,2.68625355020788
Exch flux,GAPDH.p exch,3PGA.p <-> TP.p,0.0467843450759631,0.864691872651116
Net flux,ALD,TP.p + E4P.p -> SBP,24.6988107472313,0.483020932680438
Net flux,SBP,SBP -> S7P.p,24.6988107472313,0.483020932680438
Net flux,FBA.p net,TP.p + TP.p <-> FBP.p,29.0942209106433,0.662377450174026
Exch flux,FBA.p exch,TP.p + TP.p <-> FBP.p,20617.5010565921,2143.23351363328
Net flux,PFK.p net,FBP.p <-> F6P.p,29.0942209106465,0.662377450174026
Exch flux,PFK.p exch,FBP.p <-> F6P.p,9.99970382054016e-08,9.16717492928213e-13
Net flux,TK1 net,TP.p + EC2 <-> X5P.p,49.3976214944625,0.966041865360876
Exch flux,TK1 exch,TP.p + EC2 <-> X5P.p,9.99999976158961e-08,0
Net flux,TK2 net,S7P.p <-> R5P.p + EC2,24.6988107472312,0.483020932680438
Exch flux,TK2 exch,S7P.p <-> R5P.p + EC2,37.8665726554532,2383.60707521643
Net flux,TK3 net,F6P.p <-> E4P.p + EC2,24.6988107472307,0.483020932680438
Exch flux,TK3 exch,F6P.p <-> E4P.p + EC2,7259.43691326647,5371.24014840085
Net flux,PPE net,X5P.p <-> RU5P.p,49.3976214944624,0.966041865360876
Exch flux,PPE exch,X5P.p <-> RU5P.p,94.3525041559988,4841.01164063886
Net flux,PPI net,R5P.p <-> RU5P.p,24.6988107472313,0.483020932680438
Exch flux,PPI exch,R5P.p <-> RU5P.p,238.2760923644,5352.12902539734
Net flux,PRK,RU5P.p -> RUBP.p,74.0964322416939,1.44906279804131
Net flux,RUBISCO_O2,RUBP.p -> 3PGA.p + 2PG.p,17.2289279302624,0.594395033123571
Net flux,GLYdil net,GLY.p <-> GLY.x + dummyGLY,0.00840840467672166,0.001326154226331
Exch flux,GLYdil exch,GLY.p <-> GLY.x + dummyGLY,1.0000000116861e-07,0
Net flux,SERdil net,SER.p <-> SER.x + dummySER,2.54375510387167,1.54826453518182
Exch flux,SERdil exch,SER.p <-> SER.x + dummySER,1.21957032233735,1.00964262660079
Net flux,GK,GA.p -> 3PGA.p,4.97346928583842,1.02443581384842
Net flux,PGI.p net,F6P.p <-> G6P.p,4.39541016341422,0.39867483592195
Exch flux,PGI.p exch,F6P.p <-> G6P.p,4.08629860452446,4144.86059390924
Net flux,PGM.p,G6P.p -> ADPG.p,4.39541016341422,0.39867483592195
Net flux,Starch,ADPG.p -> Starch,4.3954101634142,0.39867483592195
Net flux,FBA.c net,TP.c + TP.c <-> FBP.c,1.65032476481066,0.260285422427846
Exch flux,FBA.c exch,TP.c + TP.c <-> FBP.c,20.6517376047976,4144.86058290849
Net flux,PFK.c net,FBP.c <-> F6P.c,1.65032476481067,0.260285422427846
Exch flux,PFK.c exch,FBP.c <-> F6P.c,5.30591167815793,4144.86058290849
Net flux,PGI.c net,F6P.c <-> G6P.c,0.825162382405352,0.130142711213923
Exch flux,PGI.c exch,F6P.c <-> G6P.c,227.30537840195,4144.86057677905
Net flux,PGM.c net,G6P.c <-> UDPG.c,0.825162382403505,0.130142711213923
Exch flux,PGM.c exch,G6P.c <-> UDPG.c,48481.416932899,4144.8605747359
Net flux,SPS,F6P.c + UDPG.c -> S6P,0.825162382405299,0.130142711213923
Net flux,PGAM.c net,3PGA.c <-> PEP.c,0.35188224635321,0.0554980575998664
Exch flux,PGAM.c exch,3PGA.c <-> PEP.c,1.69544243251182,4144.86057510745
Net flux,PK.c,PEP.c -> PYR.c,0.159726682362283,0.0251917245728334
Net flux,PDH,PYR.c + dummy -> ACA + CO2,0.13293365980549,0.0209659907202417
Net flux,CS,OAA + ACA -> CIT,0.132933659805486,0.0209659907202417
Net flux,ACO net,CIT <-> ICI,0.132933659805531,0.0209659907202417
Exch flux,ACO exch,CIT <-> ICI,1160.72290023604,4144.8605747359
Net flux,IDH,ICI + dummy -> AKG + CO2,0.132933659805503,0.0209659907202417
Net flux,MDH net,MAL <-> OAA,2.1316282072803e-14,0
Exch flux,MDH exch,MAL <-> OAA,0.127151499071836,0.0755286922421586
Net flux,PPC,PEP.c + CO2 -> OAA + dummy,0.192155563990901,0.0303063331295301
Net flux,T_3PGA net,3PGA.p <-> 3PGA.c,0.351882246353188,0.0554980575998664
Exch flux,T_3PGA exch,3PGA.p <-> 3PGA.c,3.39092134026705,5345.71834117352
Net flux,T_DHAP net,TP.p <-> TP.c,3.30064952962136,0.520570844855692
Exch flux,T_DHAP exch,TP.p <-> TP.c,9.99999998363421e-08,0
Net flux,ALT,PYR.c -> ALA.c,0.0267930225567039,0.00422573382347315
Net flux,ASPT,OAA -> ASP,0.0592219041852811,0.00934034237434616
Net flux,GLUDH,AKG -> GLU,0.13293365980548,0.0209659907202417
Net flux,PCR net,GLU <-> PRO,-2.48689957516035e-14,0
Exch flux,PCR exch,GLU <-> PRO,1.0000000116861e-07,0
Net flux,GS net,GLU <-> GLN,0,0
Exch flux,GS exch,GLU <-> GLN,1.00065875585642e-07,0
Net flux,TS net,ASP <-> THR,0,0
Exch flux,TS exch,ASP <-> THR,1.0000000116861e-07,0
Net flux,AS net,ASP <-> ASN,1.06581410364015e-14,0
Exch flux,AS exch,ASP <-> ASN,1.0000000116861e-07,0
Net flux,G_3PGA.p,0*3PGA.p -> 3PGA,2.1022374170343e-06,7008.50217555039
Net flux,G_3PGA.c,0*3PGA.c -> 3PGA,92.9119084884225,4493.09150102523
Net flux,G_DHAP.p,0*TP.p -> TP,40.6853798422514,7679.93505422257
Net flux,G_DHAP.c,0*TP.c -> TP,51.8471856998322,5222.36505937777
Net flux,G_F6P.p,0*F6P.p -> F6P,48.6686345032614,7169.50316718261
Net flux,G_F6P.c,0*F6P.c -> F6P,36.5465768177337,5007.32209227614
Net flux,G_FBP.p,0*FBP.p -> FBP,2.10223446117652e-06,7482.76743177833
Net flux,G_FBP.c,0*FBP.c -> FBP,83.4512313372622,5107.22055218218
Net flux,G_G6P.p,0*G6P.p -> G6P,19.0549768395407,7313.20070831693
Net flux,G_G6P.c,0*G6P.c -> G6P,58.8549499996569,5186.29063602102
Net flux,G_RU5P.p,0*RU5P.p -> P5P,2.10222547991634e-06,6860.90032407442
Net flux,G_X5P.p,0*X5P.p -> P5P,92.8477694984219,5077.92532962847
Net flux,G_R5P.p,0*R5P.p -> R5P,82.2810779887508,5261.14060133473
Net flux,G_GA.p,0*GA.p -> GA,39.9735918865134,1.66247816821338
Net flux,G_SER.p,0*SER.p -> SER,97.1173065469895,5381.53023805366
Net flux,G_GLY.p,0*GLY.p -> GLY,15.5009821655968,5216.71474814864
Net flux,G_RUBP.p,0*RUBP.p -> RUBP,92.5302752674636,5113.15502655
Net flux,G_S7P.p,0*S7P.p -> S7P,98.4567310636579,5260.45999295799
Net flux,G_2PG.p,0*2PG.p -> 2PG,87.0427532708633,5159.31505720963
Net flux,G_ADPG.p,0*ADPG.p -> ADPG,95.0805622184478,5105.36136710643
Net flux,G_PEP.c,0*PEP.c -> PEP,89.2305410447667,5021.6265919186
Net flux,G_UDPG.c,0*UDPG.c -> UDPG,72.4268033047895,5130.94373412569
Net flux,G_ALA.c,0*ALA.c -> ALA,84.4972188890586,9.56602080732216
Net flux,(1-G)_GA,0*GA.x -> GA,60.0264081134887,1.66247816821338
Net flux,(1-G)_SER,0*SER.x -> SER,2.88269323468769,2.83382321287431
Net flux,(1-G)_GLY,0*GLY.x -> GLY,28.2104641236405,3.26259319709385
Net flux,(1-G)_R5P,0*R5P.x -> R5P,17.7189220112461,5261.14060133473
Net flux,(1-G)_RUBP,0*RUBP.x -> RUBP,7.46972473253513,5113.15502655
Net flux,(1-G)_3PGA,0*3PGA.x -> 3PGA,7.08808940934039,5099.93353933817
Net flux,(1-G)_TP,0*TP.x -> TP,7.46743445791693,5322.77716023788
Net flux,(1-G)_F6P,0*F6P.x -> F6P,14.7847886790088,5105.70535012198
Net flux,(1-G)_FBP,0*FBP.x -> FBP,16.548766560498,5366.34271113152
Net flux,(1-G)_G6P,0*G6P.x -> G6P,22.0900731608007,5039.15925784773
Net flux,(1-G)_RU5P,0*RU5P.x -> P5P,7.15222839935401,4865.84376582973
Net flux,(1-G)_S7P,0*S7P.x -> S7P,1.54326893634012,5260.45999295799
Net flux,(1-G)_2PG,0*2PG.x -> 2PG,12.9572467291391,5159.31505720963
Net flux,(1-G)_ADPG,0*ADPG.x -> ADPG,4.91943778155118,5105.36136710643
Net flux,(1-G)_PEP,0*PEP.x -> PEP,10.7694589552315,5021.6265919186
Net flux,(1-G)_UDPG,0*UDPG.x -> UDPG,27.5731966952117,5130.94373412569
Net flux,(1-G)_ALA,0*ALA.x -> ALA,15.5027811109412,9.56602080732216
Net flux,PGASink,3PGA -> Sink,100,0
Net flux,DHAPSink,TP -> Sink,100.000000000001,0
Net flux,F6PSink,F6P -> Sink,100.000000000004,0
Net flux,FBPSink,FBP -> Sink,99.9999999999947,0
Net flux,G6PSink,G6P -> Sink,99.9999999999983,0
Net flux,P5PSink,P5P -> Sink,100.000000000001,0
Net flux,R5PSink,R5P -> Sink,99.9999999999968,0
Net flux,GASink,GA -> Sink,100.000000000002,0
Net flux,SERSink,SER -> Sink,99.9999999999996,0
Net flux,GLYSink,GLY -> Sink,100.000000000001,0
Net flux,RUBPSink,RUBP -> Sink,99.9999999999987,0
Net flux,S7PSink,S7P -> Sink,99.9999999999979,0
Net flux,2PGSink,2PG -> Sink,100.000000000002,0
Net flux,ADPGSink,ADPG -> Sink,99.999999999999,0
Net flux,PEPSink,PEP -> Sink,99.9999999999983,0
Net flux,UDPGSink,UDPG -> Sink,100.000000000001,0
Net flux,ALASink,ALA -> Sink,99.9999999999998,0
Net flux,S6Pout-LL,S6P + 0.1611*GLU + 0.07177*ASP + 0.03247*ALA.c + 0.01019*dummyGLY + 0.03484*dummySER -> Sink,0.825162382405335,0.130142711213923
Net flux,PGP.p,2PG.p -> Glyc.p,17.2289279302625,0.594395033123571
Net flux,GOX,Glyc.p -> Glyx.p,17.2289279302625,0.594395033123571
Net flux,GGT,Glyx.p -> GLY.p,17.2289279302625,0.594395033123571
Net flux,SGAT,SER.p -> HPA.p,4.97346928583841,1.02443581384842
Net flux,HPR.p,HPA.p -> GA.p,4.97346928583841,1.02443581384842
Net flux,T_GLY-m net,GLY.p <-> GLY.m,17.2165242180636,7359.69859938282
Exch flux,T_GLY-m exch,GLY.p <-> GLY.m,71831.1751517323,4870.34523652472
Net flux,GDC.m,GLY.m + dummy -> myTHF.m + CO2,9.70329493587564,0.445164753152149
Net flux,T_SER-m net,SER.p <-> SER.m,-9.70329493587564,0.445164753152149
Exch flux,T_SER-m exch,SER.p <-> SER.m,1.00000003389056e-07,4.27600381356125e-16
Net flux,mSHMT,GLY.m + myTHF.m -> SER.m,9.70329493587564,0.445164753152149
Net flux,T_SER-c net,SER.p <-> SER.c,2.18607054616553,0.959750254231989
Exch flux,T_SER-c exch,SER.p <-> SER.c,1.00000000280431e-07,8.90534092414811e-17
Net flux,T_Gly-c net,GLY.p <-> GLY.c,0.00399530750485777,7359.6985753806
Exch flux,T_Gly-c exch,GLY.p <-> GLY.c,9.73167643456563e-05,5458.63595098296
Net flux,cSHMT,SER.c -> GLY.c + meTHF.c,2.18607044616554,0.959750254231989
Net flux,FmTHF-reductase net,meTHF.c <-> FmTHF.c,2.18607044616554,0.959750254231989
Exch flux,FmTHF-reductase exch,meTHF.c <-> FmTHF.c,6.7336553187657,5260.90964811554
Net flux,Met-synthase,FmTHF.c + Hcy.c -> Met.c,2.18607044616552,0.959750254231989
Net flux,SAM-synthase,Met.c -> SAM.c,2.18607044616553,0.959750254231989
Net flux,Methylation,SAM.c -> SAH.c + Acceptor.c,2.18607044616552,0.959750254231989
Net flux,hydrolysis,SAH.c -> Hcy.c,2.18607044616552,0.959750254231989
Net flux,G_SER.m,0*SER.m -> SER,1.0000000116861e-07,0
Net flux,G_SER.c,0*SER.c -> SER,1.18322425635142e-07,5381.52949192447
Net flux,G_Gly.m,0*GLY.m -> GLY,0.000134198295086208,5216.71408942981
Net flux,G_Gly.c,0*GLY.c -> GLY,56.2884195124689,4.85096408433613
Net flux,T_GLY-c-m,GLY.c -> GLY.m,2.19006565367043,7359.69861394176
Net flux,G_Glyc,0*Glyc.p -> Glyc,22.5738969972777,1.27584528456167
Net flux,G_Glyx,0*Glyx.p -> Glyx,8.39497271775634,1.18148050278036
Net flux,G_HPA,0*HPA.p -> HPA,10.1437400785322,1.33058760292368
Net flux,(1-G)_Glyc,0*Glyc.x -> Glyc,77.4261030027229,1.27584528456167
Net flux,(1-G)_Glyx,0*Glyx.x -> Glyx,91.6050272822445,1.18148050278036
Net flux,(1-G)_HPA,0*HPA.x -> HPA,89.8562599214677,1.33058760292368
Net flux,GlycSink,Glyc -> Sink,100.000000000001,0
Net flux,GlyxSink,Glyx -> Sink,100.000000000001,0
Net flux,HPASink,HPA -> Sink,99.9999999999998,0
Net flux,SERex,dummySER -> outSER,2.51500380099724,1.54995497383369
Net flux,G_PYR,0*PYR.c -> PYR,30.6734868131459,1.77673718349673
Net flux,(1-G)_PYR,0*PYR.x -> PYR,69.3265131868543,1.77673718349673
Net flux,PYRSink,PYR -> Sink,100,0
Net flux,G_meTHF,0*meTHF.c -> meTHF,99.9742749432536,5177.35030493741
Net flux,G_FmTHF,0*FmTHF.c -> FmTHF,87.2644318995347,3.54728947996782
Net flux,G_Met,0*Met.c -> Met,59.1239296939091,4.62497073423125
Net flux,G_SAM,0*SAM.c -> SAM,74.3574666090585,4.32599635603248
Net flux,(1-G)_meTHF,0*meTHF.x -> meTHF,0.0257250567463529,5177.35030493741
Net flux,(1-G)_FmTHF,0*FmTHF.x -> FmTHF,12.7355681004654,3.54728947996782
Net flux,(1-G)_Met,0*Met.x -> Met,40.876070306091,4.62497073423125
Net flux,(1-G)_SAM,0*SAM.x -> SAM,25.6425333909415,4.32599635603248
Net flux,meTHFSink,meTHF -> Sink,99.9999999999999,0
Net flux,FmTHFSink,FmTHF -> Sink,100,0
Net flux,MetSink,Met -> Sink,100,0
Net flux,SAMsink,SAM -> Sink,100,0
Net flux,Met-protein,Met.c -> Protein,6.51983996113883e-15,0
Net flux,GLY-protein,GLY.c -> Protein,1.0000000116861e-07,1.30267818471083
Net flux,SER-protein,SER.c -> Protein,9.99999976158961e-08,1.22319968874445e-15
Pool,2PG pool,,0,0
Pool,2PG.p pool,,3.15599111699662e-06,5265.95047873196
Pool,2PG.x pool,,1,Inf
Pool,3PGA pool,,0,0
Pool,3PGA.c pool,,2.9825253804782e-05,5175.77279509754
Pool,3PGA.p pool,,3.61844191577912e-06,5397.67586063227
Pool,3PGA.x pool,,1,Inf
Pool,ACA pool,,1.6724576197327e-06,5198.17794949587
Pool,ADPG pool,,0,0
Pool,ADPG.p pool,,9.9999999999999e-08,Inf
Pool,ADPG.x pool,,1,Inf
Pool,AKG pool,,1.70353927293719e-06,5181.44348300691
Pool,ALA pool,,0,0
Pool,ALA.c pool,,0.0111746272035877,0.00337546137303567
Pool,ALA.x pool,,1,Inf
Pool,ASN pool,,7566.0478026279,5333.24135283659
Pool,ASP pool,,4.49417323156686e-06,5220.13155747987
Pool,Acceptor.c pool,,1,Inf
Pool,CIT pool,,3.93815538763906,1.89158467205154
Pool,CO2 pool,,0.591852340035112,0.0912268668415973
Pool,CO2.t pool,,1,Inf
Pool,E4P.p pool,,0,0
Pool,EC2 pool,,0,0
Pool,F6P pool,,0,0
Pool,F6P.c pool,,3.28302320456253e-06,5172.51609818057
Pool,F6P.p pool,,3.59174175827679e-06,4739.877309581
Pool,F6P.x pool,,1,Inf
Pool,FBP pool,,0,0
Pool,FBP.c pool,,3.28296694643932e-06,5120.34316508904
Pool,FBP.p pool,,3.39783626283548e-06,5222.05776445252
Pool,FBP.x pool,,1,Inf
Pool,FmTHF pool,,1.8517045647803,0.698291463667321
Pool,FmTHF.c pool,,1.45261056373133e-06,5517.78799994168
Pool,FmTHF.x pool,,1,Inf
Pool,G6P pool,,0,0
Pool,G6P.c pool,,9.85056556452114e-06,5137.26990036166
Pool,G6P.p pool,,3.37274794970267e-06,4914.65092556422
Pool,G6P.x pool,,1,Inf
Pool,GA pool,,0,0
Pool,GA.p pool,,3.49396213088616e-06,4964.77047863894
Pool,GA.x pool,,1,Inf
Pool,GLN pool,,8.83867754967455,5352.17683580793
Pool,GLU pool,,1.7035455843541e-06,5286.79029565597
Pool,GLY pool,,0,0
Pool,GLY.c pool,,1.00018821610522e-07,5001.08854217844
Pool,GLY.m pool,,0.00501912734397488,5390.24110887261
Pool,GLY.p pool,,0.000406170459047646,5014.75680373704
Pool,GLY.x pool,,1,Inf
Pool,Glyc pool,,6.78994349043523,1.69655609646672
Pool,Glyc.p pool,,1.8220350552331e-05,5181.94355725886
Pool,Glyc.x pool,,1,Inf
Pool,Glyx pool,,4.03834526025986,2.17858695322164
Pool,Glyx.p pool,,2.88932016962958e-05,5286.97509779422
Pool,Glyx.x pool,,1,Inf
Pool,HPA pool,,0.00017272026651846,5080.56975906745
Pool,HPA.p pool,,2.27857886648339e-06,5339.36893351059
Pool,HPA.x pool,,1,Inf
Pool,Hcy.c pool,,1,Inf
Pool,ICI pool,,0.00388336697621982,5135.45559125659
Pool,MAL pool,,0.196648475539399,0.113314382636684
Pool,Met pool,,0.000517831184225259,5368.227070637
Pool,Met.c pool,,1.3552151743575e-06,5126.88152249574
Pool,Met.x pool,,1,Inf
Pool,OAA pool,,0.187464398979266,0.0467674537482784
Pool,P5P pool,,0,0
Pool,PEP pool,,0,0
Pool,PEP.c pool,,9.08024513172378e-06,5096.99060546254
Pool,PEP.x pool,,1,Inf
Pool,PRO pool,,5.39499638358536,5235.07877205612
Pool,PYR pool,,0.490481979329013,1.11144338598529
Pool,PYR.c pool,,0.00498988929072381,0.00159690421693214
Pool,PYR.x pool,,1,Inf
Pool,Protein pool,,1,Inf
Pool,R5P pool,,0,0
Pool,R5P.p pool,,4.66255608316907e-05,5190.00926763039
Pool,R5P.x pool,,1,Inf
Pool,RU5P.p pool,,3.41004639233544e-06,5210.34710282774
Pool,RU5P.x pool,,1,Inf
Pool,RUBP pool,,0,0
Pool,RUBP.p pool,,3.42696912965961e-06,5217.60481788701
Pool,RUBP.x pool,,1,Inf
Pool,S6P pool,,1,Inf
Pool,S7P pool,,0,0
Pool,S7P.p pool,,3.74374942097348e-06,5262.33676743176
Pool,S7P.x pool,,1,Inf
Pool,SAH.c pool,,1,Inf
Pool,SAM pool,,4.16960083444689,1.16726824504315
Pool,SAM.c pool,,1.59027285289234e-06,5157.71895933253
Pool,SAM.x pool,,1,Inf
Pool,SBP pool,,0,0
Pool,SER pool,,0,0
Pool,SER.c pool,,1.00000000016753e-07,0
Pool,SER.m pool,,1.2814250322512,0.0816911087191767
Pool,SER.p pool,,0.000186780279730326,5299.91333450683
Pool,SER.x pool,,1,Inf
Pool,Sink pool,,1,Inf
Pool,Starch pool,,1,Inf
Pool,THR pool,,3867.8686220583,4990.36812063383
Pool,TP pool,,0,0
Pool,TP.c pool,,3.73186471111164e-06,5290.48665164355
Pool,TP.p pool,,3.81355286393084e-06,5271.58762048306
Pool,TP.x pool,,1,Inf
Pool,UDPG pool,,0,0
Pool,UDPG.c pool,,0.318025857314165,4620.30461551748
Pool,UDPG.x pool,,1,Inf
Pool,X5P.p pool,,3.55705627668058e-06,5149.49124482621
Pool,dummy pool,,1,Inf
Pool,dummyGLY pool,,1,Inf
Pool,dummySER pool,,1,Inf
Pool,meTHF pool,,1.65842716886181,0.898867680474372
Pool,meTHF.c pool,,1.47933320972563e-06,4890.91807154613
Pool,meTHF.x pool,,1,Inf
Pool,myTHF.m pool,,1.00000000058387e-07,0
Pool,outSER pool,,1,Inf
Norm,Experiment1 Glyc205 #1 norm,,0.975025887636157,0.0124087889625567
Norm,Experiment1 Glyc205 #2 norm,,0.975721643491303,0.0214723371399467
Norm,Experiment1 Glyc205 #3 norm,,0.959009153917946,0.0189598846853372
Norm,Experiment1 Glyc205 #4 norm,,0.996195204939891,0.0311407810910329
Norm,Experiment1 Glyc205 #5 norm,,1.03678823280885,0.034461710423019
Norm,Experiment1 Glyc205 #6 norm,,1.02044172695929,0.0270605927069641
Norm,Experiment1 Glyc205 #7 norm,,0.996635994822132,0.0366924401260782
Norm,Experiment1 Glyc205 #8 norm,,0.96891210154353,0.0290802133672737
Norm,Experiment1 Glyx160 #1 norm,,1.01861478113391,0.0113173960112202
Norm,Experiment1 Glyx160 #2 norm,,0.98756743701138,0.014400823653727
Norm,Experiment1 Glyx160 #3 norm,,0.971048695940509,0.0194097627148795
Norm,Experiment1 Glyx160 #4 norm,,1.01499712115545,0.0173289466736477
Norm,Experiment1 Glyx160 #5 norm,,0.990072461370754,0.0320595028972001
Norm,Experiment1 Glyx160 #6 norm,,1.00897815027698,0.0200291655010567
Norm,Experiment1 Glyx160 #7 norm,,0.966664453136492,0.0376354016786875
Norm,Experiment1 Glyx160 #8 norm,,0.974863160537441,0.0332832682118467
Norm,Experiment1 GLY276 #1 norm,,0.976940455611188,0.0099757197748314
Norm,Experiment1 GLY276 #2 norm,,0.998855428244483,0.0240358795848305
Norm,Experiment1 GLY276 #3 norm,,0.963199194671665,0.0427537713619529
Norm,Experiment1 GLY276 #4 norm,,1.00488087392949,0.0552182474733495
Norm,Experiment1 GLY276 #5 norm,,0.970107929009998,0.145249406539771
Norm,Experiment1 GLY276 #6 norm,,0.927197141910863,0.0941556385463821
Norm,Experiment1 GLY276 #7 norm,,1.03112411028452,0.0678388052439585
Norm,Experiment1 GLY276 #8 norm,,0.979374414972096,0.0741300321129694
Norm,Experiment1 HPA262 #1 norm,,1.0140957082778,0.0113298716207492
Norm,Experiment1 HPA262 #2 norm,,0.993320447174237,0.0267509711460549
Norm,Experiment1 HPA262 #3 norm,,0.963565638697887,0.0127057461806695
Norm,Experiment1 HPA262 #4 norm,,0.891031155313497,0.0344289293860913
Norm,Experiment1 HPA262 #5 norm,,0.914468877065609,0.0224676887243201
Norm,Experiment1 HPA262 #6 norm,,0.956314714593994,0.0334353189892461
Norm,Experiment1 HPA262 #7 norm,,1.02319963196232,0.0267286662003795
Norm,Experiment1 HPA262 #8 norm,,1.02178299949239,0.0237056833413982
Norm,Experiment1 GA307 #1 norm,,0.99699555888867,0.012111599486257
Norm,Experiment1 GA307 #2 norm,,0.963145681581456,0.0299348478854068
Norm,Experiment1 GA307 #3 norm,,0.936047029306026,0.026797214077119
Norm,Experiment1 GA307 #4 norm,,1.00162611255276,0.0194259559165218
Norm,Experiment1 GA307 #5 norm,,1.00178965880516,0.0544580487515429
Norm,Experiment1 GA307 #6 norm,,1.06486082751874,0.0391753513677654
Norm,Experiment1 GA307 #7 norm,,0.93844020794483,0.0438191615932406
Norm,Experiment1 GA307 #8 norm,,0.993520419515614,0.0323042919451911
Norm,Experiment1 SER306 #1 norm,,0.965873586098555,0.013632031170406
Norm,Experiment1 SER306 #2 norm,,1.0339642379829,0.015583124917366
Norm,Experiment1 SER306 #3 norm,,0.985748121980896,0.0392845510130976
Norm,Experiment1 SER306 #4 norm,,0.970442426110873,0.0439729948741566
Norm,Experiment1 SER306 #5 norm,,1.00749104914291,0.0937740191563773
Norm,Experiment1 SER306 #6 norm,,0.91185334025896,0.0597868900166537
Norm,Experiment1 SER306 #7 norm,,0.991312277330984,0.0415556411899014
Norm,Experiment1 SER306 #8 norm,,0.995914126965262,0.0481594024902327
Norm,Experiment1 meTHF #1 norm,,1.01292483217794,0.0100471988381539
Norm,Experiment1 meTHF #2 norm,,1.02332336475912,0.0101830459299498
Norm,Experiment1 meTHF #3 norm,,1.05965671321601,0.0667959703745835
Norm,Experiment1 meTHF #4 norm,,1.00208763995633,0.0508696358855455
Norm,Experiment1 meTHF #5 norm,,0.960842600434224,0.0733186253808068
Norm,Experiment1 meTHF #6 norm,,1.02010577728826,0.116049409263229
Norm,Experiment1 meTHF #7 norm,,0.964320880903629,0.0598699980603367
Norm,Experiment1 meTHF #8 norm,,0.915611606628024,0.0885991997132886
Norm,Experiment1 FmTHF #1 norm,,0.99100518151217,0.00987635658408019
Norm,Experiment1 FmTHF #2 norm,,0.980519786453244,0.022704394586424
Norm,Experiment1 FmTHF #3 norm,,1.00888493211115,0.0338364365680487
Norm,Experiment1 FmTHF #4 norm,,0.99611781204124,0.0270816049929542
Norm,Experiment1 FmTHF #5 norm,,0.965671368304749,0.0619760691582119
Norm,Experiment1 FmTHF #6 norm,,1.00004135187472,0.06466342831159
Norm,Experiment1 FmTHF #7 norm,,1.00226340861927,0.0528034574492134
Norm,Experiment1 FmTHF #8 norm,,1.10909870708663,0.100068705331295
Norm,Experiment1 Met176 #1 norm,,0.988128539189692,0.0251393562834749
Norm,Experiment1 Met176 #2 norm,,0.913679148219524,0.0321699174515538
Norm,Experiment1 Met176 #3 norm,,0.870097086585573,0.0533957017313699
Norm,Experiment1 Met176 #4 norm,,1.01301108437367,0.0415463253253062
Norm,Experiment1 Met176 #5 norm,,0.912599418724048,0.0764210616617898
Norm,Experiment1 Met176 #6 norm,,0.992980243239358,0.119146493538433
Norm,Experiment1 Met176 #7 norm,,1.01170770399636,0.106351142188497
Norm,Experiment1 Met176 #8 norm,,1.00078209968705,0.159320685020846
Norm,Experiment1 SAM #1 norm,,1.00718906454877,0.0116820376429441
Norm,Experiment1 SAM #2 norm,,0.962163033310598,0.0119187467554373
Norm,Experiment1 SAM #3 norm,,0.981044509895253,0.0141898031194232
Norm,Experiment1 SAM #4 norm,,1.01425103102929,0.023280111383667
Norm,Experiment1 SAM #5 norm,,0.997227485029254,0.0371836120057841
Norm,Experiment1 SAM #6 norm,,1.00908454671074,0.0661978316630546
Norm,Experiment1 SAM #7 norm,,1.01446305941281,0.0886401543599763
Norm,Experiment1 SAM #8 norm,,0.98301992854807,0.0932049404220387
Norm,Experiment1 CIT465 #1 norm,,0.964053067235453,0.0114184031550308
Norm,Experiment1 CIT465 #2 norm,,0.993772900669029,0.0134304800598039
Norm,Experiment1 CIT465 #3 norm,,0.95508647193682,0.0110059589543351
Norm,Experiment1 CIT465 #4 norm,,0.961045024972639,0.015906042205118
Norm,Experiment1 CIT465 #5 norm,,0.990576107448459,0.0136354113034522
Norm,Experiment1 CIT465 #6 norm,,0.995453357877419,0.0127720840260567
Norm,Experiment1 CIT465 #7 norm,,1.01475070054221,0.0141202502308574
Norm,Experiment1 CIT465 #8 norm,,0.985690913466783,0.0189730013219141
Norm,Experiment1 MAL335 #1 norm,,0.983555943716802,0.0122722419061981
Norm,Experiment1 MAL335 #2 norm,,1.00223026194949,0.0110272947249104
Norm,Experiment1 MAL335 #3 norm,,0.980384817705573,0.0103372038962641
Norm,Experiment1 MAL335 #4 norm,,0.969497333704135,0.0137447659983122
Norm,Experiment1 MAL335 #5 norm,,0.947509139965417,0.0135229550315451
Norm,Experiment1 MAL335 #6 norm,,0.96408345988613,0.0131928409208958
Norm,Experiment1 MAL335 #7 norm,,0.957552436673176,0.0207292357072377
Norm,Experiment1 MAL335 #8 norm,,1.01484462337054,0.0381572438930965
Norm,Experiment1 ASP334 #1 norm,,0.977431260132701,0.0226553433983791
Norm,Experiment1 ASP334 #2 norm,,0.928054831947883,0.0282125453238323
Norm,Experiment1 ASP334 #3 norm,,0.945915401885913,0.0193392971151917
Norm,Experiment1 ASP334 #4 norm,,1.03616583220765,0.0175807743253504
Norm,Experiment1 ASP334 #5 norm,,0.916015248863524,0.025176855794958
Norm,Experiment1 ASP334 #6 norm,,1.00699429478149,0.0307638530473504
Norm,Experiment1 ASP334 #7 norm,,0.988793513318556,0.0313718686218944
Norm,Experiment1 ASP334 #8 norm,,0.961894171145844,0.0852885219877622
Norm,Experiment1 GLU348 #1 norm,,0.985549354930274,0.0215273725034817
Norm,Experiment1 GLU348 #2 norm,,1.00393426385785,0.0202941778772603
Norm,Experiment1 GLU348 #3 norm,,1.01139278384694,0.0115085405264831
Norm,Experiment1 GLU348 #4 norm,,1.01666210179959,0.0351437195659878
Norm,Experiment1 GLU348 #5 norm,,0.964940572572642,0.0225624010144701
Norm,Experiment1 GLU348 #6 norm,,0.969700237025311,0.0124745060755067
Norm,Experiment1 GLU348 #7 norm,,0.971229868248153,0.0152758966452911
Norm,Experiment1 GLU348 #8 norm,,0.981101618828123,0.0221309976239399
Norm,Experiment1 THR320 #1 norm,,0.999752870548779,0.0104912842909147
Norm,Experiment1 THR320 #2 norm,,0.999065714519136,0.0144072677936809
Norm,Experiment1 THR320 #3 norm,,1.00057211192863,0.0106169514615565
Norm,Experiment1 THR320 #4 norm,,0.944293766833009,0.0262609569253111
Norm,Experiment1 THR320 #5 norm,,0.976891981164403,0.0200837682642785
Norm,Experiment1 THR320 #6 norm,,0.939602848925662,0.0105955374903378
Norm,Experiment1 THR320 #7 norm,,0.968757122619734,0.0138670696338071
Norm,Experiment1 THR320 #8 norm,,0.85797778972551,0.0244614551479191
Norm,Experiment1 ALA116 #1 norm,,1.01267055455674,0.0101814604514043
Norm,Experiment1 ALA116 #2 norm,,0.994978363354721,0.0100493984968769
Norm,Experiment1 ALA116 #3 norm,,0.996935329549135,0.0175726021516908
Norm,Experiment1 ALA116 #4 norm,,1.03682198138858,0.0212999142261942
Norm,Experiment1 ALA116 #5 norm,,1.02908055961964,0.134009206468996
Norm,Experiment1 ALA116 #6 norm,,1.00667781600536,0.0791512144869499
Norm,Experiment1 ALA116 #7 norm,,1.0113727850011,0.0624619750766998
Norm,Experiment1 ALA116 #8 norm,,0.982945324499941,0.113172027577538
Norm,Experiment1 PYR #1 norm,,0.999085952383394,0.0172806876665852
Norm,Experiment1 PYR #2 norm,,1.02313545548612,0.0686135124793145
Norm,Experiment1 PYR #3 norm,,0.975522759154996,0.12368245123459
Norm,Experiment1 PYR #4 norm,,1.02332552498132,0.0437744008973137
Norm,Experiment1 PYR #5 norm,,0.998652845925327,0.0522473231653386
Norm,Experiment1 PYR #6 norm,,1.031922361939,0.0555753466601676
Norm,Experiment1 PYR #7 norm,,0.990001539506451,0.0945352804885065
Norm,Experiment1 PYR #8 norm,,1.00681195165001,0.0617787443982498
