type,id,eqn,val,std
Net flux,CO2.t,CO2.t -> CO2,48.3052595480695,1.09825834055308
Net flux,CO2_sink,dummy -> Sink,48.3052595480694,1.09825834055308
Net flux,RUBICSO_CO2,RUBP.p + CO2 -> 3PGA.p + 3PGA.p + dummy,58.6821684558317,1.20430897143365
Net flux,GAPDH.p net,3PGA.p <-> TP.p,139.219403280607,2.66118034458173
Exch flux,GAPDH.p exch,3PGA.p <-> TP.p,0.696546609358741,0.333401441122974
Net flux,ALD,TP.p + E4P.p -> SBP,25.3622204691695,0.482386497274637
Net flux,SBP,SBP -> S7P.p,25.3622204691695,0.482386497274637
Net flux,FBA.p net,TP.p + TP.p <-> FBP.p,29.8919709258043,0.648101253407466
Exch flux,FBA.p exch,TP.p + TP.p <-> FBP.p,21924.9168112099,2579.39163802475
Net flux,PFK.p net,FBP.p <-> F6P.p,29.8919709258075,0.648101253407466
Exch flux,PFK.p exch,FBP.p <-> F6P.p,9.99776830212795e-08,1.68684479415682e-12
Net flux,TK1 net,TP.p + EC2 <-> X5P.p,50.724440938339,0.964772994549274
Exch flux,TK1 exch,TP.p + EC2 <-> X5P.p,1.0000000116861e-07,0
Net flux,TK2 net,S7P.p <-> R5P.p + EC2,25.3622204691695,0.482386497274637
Exch flux,TK2 exch,S7P.p <-> R5P.p + EC2,37.9169323535765,4386.0667236897
Net flux,TK3 net,F6P.p <-> E4P.p + EC2,25.362220469171,0.482386497274637
Exch flux,TK3 exch,F6P.p <-> E4P.p + EC2,10054.3649304951,3638.35323730097
Net flux,PPE net,X5P.p <-> RU5P.p,50.724440938339,0.964772994549274
Exch flux,PPE exch,X5P.p <-> RU5P.p,99.4312129110446,3542.43517574506
Net flux,PPI net,R5P.p <-> RU5P.p,25.3622204691696,0.482386497274637
Exch flux,PPI exch,R5P.p <-> RU5P.p,238.447721470952,3738.16806313711
Net flux,PRK,RU5P.p -> RUBP.p,76.0866614075087,1.44715949182391
Net flux,RUBISCO_O2,RUBP.p -> 3PGA.p + 2PG.p,17.404492951677,0.593055478316254
Net flux,GLYdil net,GLY.p <-> GLY.x + dummyGLY,0.00853106805474368,0.00108478084611022
Exch flux,GLYdil exch,GLY.p <-> GLY.x + dummyGLY,1.0000000116861e-07,0
Net flux,SERdil net,SER.p <-> SER.x + dummySER,2.28625071255878,0.494441164986076
Exch flux,SERdil exch,SER.p <-> SER.x + dummySER,1.08566285710608,4.2744547289811
Net flux,GK,GA.p -> 3PGA.p,4.80758898755734,0.57442101558568
Net flux,PGI.p net,F6P.p <-> G6P.p,4.52975045663947,0.344358614573875
Exch flux,PGI.p exch,F6P.p <-> G6P.p,4.07465642488414,3662.89216064909
Net flux,PGM.p,G6P.p -> ADPG.p,4.52975045663947,0.344358614573875
Net flux,Starch,ADPG.p -> Starch,4.52975045663945,0.344358614573875
Net flux,FBA.c net,TP.c + TP.c <-> FBP.c,1.67440001074284,0.212910862487484
Exch flux,FBA.c exch,TP.c + TP.c <-> FBP.c,20.6129577184659,4153.17525369461
Net flux,PFK.c net,FBP.c <-> F6P.c,1.67440001074285,0.212910862487484
Exch flux,PFK.c exch,FBP.c <-> F6P.c,5.26694283731428,4153.17525369461
Net flux,PGI.c net,F6P.c <-> G6P.c,0.837200005371443,0.106455431243742
Exch flux,PGI.c exch,F6P.c <-> G6P.c,227.301656269046,4153.17524960157
Net flux,PGM.c net,G6P.c <-> UDPG.c,0.837200005371415,0.106455431243742
Exch flux,PGM.c exch,G6P.c <-> UDPG.c,48481.4188163509,4153.17524823722
Net flux,SPS,F6P.c + UDPG.c -> S6P,0.83720000537139,0.106455431243742
Net flux,PGAM.c net,3PGA.c <-> PEP.c,0.357015570290326,0.0453968542752694
Exch flux,PGAM.c exch,3PGA.c <-> PEP.c,1.08381992082858,4153.17524848533
Net flux,PK.c,PEP.c -> PYR.c,0.162056805039732,0.0206065779232172
Net flux,PDH,PYR.c + dummy -> ACA + CO2,0.134872920865023,0.0171499700355064
Net flux,CS,OAA + ACA -> CIT,0.134872920865019,0.0171499700355064
Net flux,ACO net,CIT <-> ICI,0.134872920865064,0.0171499700355064
Exch flux,ACO exch,CIT <-> ICI,1142.49239625281,4153.17524823722
Net flux,IDH,ICI + dummy -> AKG + CO2,0.134872920865036,0.0171499700355064
Net flux,MDH net,MAL <-> OAA,2.1316282072803e-14,0
Exch flux,MDH exch,MAL <-> OAA,0.0969115585939306,0.0683722441013085
Net flux,PPC,PEP.c + CO2 -> OAA + dummy,0.194958765250568,0.0247902763283385
Net flux,T_3PGA net,3PGA.p <-> 3PGA.c,0.357015570290308,0.0453968542752694
Exch flux,T_3PGA exch,3PGA.p <-> 3PGA.c,1.19208644797774,3695.8243925227
Net flux,T_DHAP net,TP.p <-> TP.c,3.34880002148572,0.425821724974968
Exch flux,T_DHAP exch,TP.p <-> TP.c,9.99999998363421e-08,0
Net flux,ALT,PYR.c -> ALA.c,0.0271838841743925,0.00345660785697222
Net flux,ASPT,OAA -> ASP,0.0600858443854146,0.00764030632209521
Net flux,GLUDH,AKG -> GLU,0.134872920865013,0.0171499700355064
Net flux,PCR net,GLU <-> PRO,-2.48689957516035e-14,0
Exch flux,PCR exch,GLU <-> PRO,0.0131818269241322,3013.34583022967
Net flux,GS net,GLU <-> GLN,0,0
Exch flux,GS exch,GLU <-> GLN,0.00363108154449066,3424.71626786319
Net flux,TS net,ASP <-> THR,0,0
Exch flux,TS exch,ASP <-> THR,1.0000000116861e-07,0
Net flux,AS net,ASP <-> ASN,1.06581410364015e-14,0
Exch flux,AS exch,ASP <-> ASN,1.0000000116861e-07,0
Net flux,G_3PGA.p,0*3PGA.p -> 3PGA,2.46866294162373e-06,4883.90286442279
Net flux,G_3PGA.c,0*3PGA.c -> 3PGA,92.9119081401152,3566.94160033961
Net flux,G_DHAP.p,0*TP.p -> TP,40.685379842242,4935.82650889284
Net flux,G_DHAP.c,0*TP.c -> TP,51.8471856996947,3518.19378373152
Net flux,G_F6P.p,0*F6P.p -> F6P,48.6686345030749,5112.74398838746
Net flux,G_F6P.c,0*F6P.c -> F6P,36.546576817712,3595.92434829162
Net flux,G_FBP.p,0*FBP.p -> FBP,2.46866126474288e-06,5322.30923540172
Net flux,G_FBP.c,0*FBP.c -> FBP,83.4512310502667,3815.49998181067
Net flux,G_G6P.p,0*G6P.p -> G6P,19.0549768397257,5127.63532054299
Net flux,G_G6P.c,0*G6P.c -> G6P,58.8549499993083,3512.69863382076
Net flux,G_RU5P.p,0*RU5P.p -> P5P,2.46865369035731e-06,5271.33162676119
Net flux,G_X5P.p,0*X5P.p -> P5P,92.8477691498416,3603.41804896669
Net flux,G_R5P.p,0*R5P.p -> R5P,82.2810779884949,3585.0249897344
Net flux,G_GA.p,0*GA.p -> GA,38.8904266044735,1.69534458034799
Net flux,G_SER.p,0*SER.p -> SER,96.2342451359019,3797.56676542754
Net flux,G_GLY.p,0*GLY.p -> GLY,12.8191326070366,3666.23176208334
Net flux,G_RUBP.p,0*RUBP.p -> RUBP,92.5302752673063,3544.12122332147
Net flux,G_S7P.p,0*S7P.p -> S7P,98.4567310636212,3547.02527934175
Net flux,G_2PG.p,0*2PG.p -> 2PG,87.0427532706349,3743.81387032596
Net flux,G_ADPG.p,0*ADPG.p -> ADPG,95.0805622183377,3641.37916559578
Net flux,G_PEP.c,0*PEP.c -> PEP,89.2305410445615,3720.29999718437
Net flux,G_UDPG.c,0*UDPG.c -> UDPG,72.4268033045549,3609.52738425959
Net flux,G_ALA.c,0*ALA.c -> ALA,79.1683440461251,7.52950030539924
Net flux,(1-G)_GA,0*GA.x -> GA,61.1095733955286,1.69534458034799
Net flux,(1-G)_SER,0*SER.x -> SER,3.7657545801302,2.76581039049646
Net flux,(1-G)_GLY,0*GLY.x -> GLY,25.1693702822247,3.28231714914975
Net flux,(1-G)_R5P,0*R5P.x -> R5P,17.718922011502,3585.0249897344
Net flux,(1-G)_RUBP,0*RUBP.x -> RUBP,7.46972473269241,3544.12122332147
Net flux,(1-G)_3PGA,0*3PGA.x -> 3PGA,7.08808939122212,3727.83946052664
Net flux,(1-G)_TP,0*TP.x -> TP,7.46743445806383,3509.83633987865
Net flux,(1-G)_F6P,0*F6P.x -> F6P,14.7847886792169,3625.988570411
Net flux,(1-G)_FBP,0*FBP.x -> FBP,16.5487664810667,3655.80505404436
Net flux,(1-G)_G6P,0*G6P.x -> G6P,22.0900731609643,3660.31116524716
Net flux,(1-G)_RU5P,0*RU5P.x -> P5P,7.15222838150613,3673.1382270381
Net flux,(1-G)_S7P,0*S7P.x -> S7P,1.54326893637677,3547.02527934175
Net flux,(1-G)_2PG,0*2PG.x -> 2PG,12.9572467293675,3743.81387032596
Net flux,(1-G)_ADPG,0*ADPG.x -> ADPG,4.91943778166132,3641.37916559578
Net flux,(1-G)_PEP,0*PEP.x -> PEP,10.7694589554367,3720.29999718437
Net flux,(1-G)_UDPG,0*UDPG.x -> UDPG,27.5731966954463,3609.52738425959
Net flux,(1-G)_ALA,0*ALA.x -> ALA,20.8316559538747,7.52950030539924
Net flux,PGASink,3PGA -> Sink,100,0
Net flux,DHAPSink,TP -> Sink,100.000000000001,0
Net flux,F6PSink,F6P -> Sink,100.000000000004,0
Net flux,FBPSink,FBP -> Sink,99.9999999999947,0
Net flux,G6PSink,G6P -> Sink,99.9999999999983,0
Net flux,P5PSink,P5P -> Sink,100.000000000001,0
Net flux,R5PSink,R5P -> Sink,99.9999999999968,0
Net flux,GASink,GA -> Sink,100.000000000002,0
Net flux,SERSink,SER -> Sink,99.9999999999996,0
Net flux,GLYSink,GLY -> Sink,100.000000000001,0
Net flux,RUBPSink,RUBP -> Sink,99.9999999999987,0
Net flux,S7PSink,S7P -> Sink,99.9999999999979,0
Net flux,2PGSink,2PG -> Sink,100.000000000002,0
Net flux,ADPGSink,ADPG -> Sink,99.999999999999,0
Net flux,PEPSink,PEP -> Sink,99.9999999999983,0
Net flux,UDPGSink,UDPG -> Sink,100.000000000001,0
Net flux,ALASink,ALA -> Sink,99.9999999999998,0
Net flux,S6Pout-LL,S6P + 0.1611*GLU + 0.07177*ASP + 0.03247*ALA.c + 0.01019*dummyGLY + 0.03484*dummySER -> Sink,0.837200005371425,0.106455431243742
Net flux,PGP.p,2PG.p -> Glyc.p,17.404492951677,0.593055478316254
Net flux,GOX,Glyc.p -> Glyx.p,17.404492951677,0.593055478316254
Net flux,GGT,Glyx.p -> GLY.p,17.404492951677,0.593055478316254
Net flux,SGAT,SER.p -> HPA.p,4.80758898755733,0.57442101558568
Net flux,HPR.p,HPA.p -> GA.p,4.80758898755732,0.57442101558568
Net flux,T_GLY-m net,GLY.p <-> GLY.m,17.3960565729503,3760.02540427771
Exch flux,T_GLY-m exch,GLY.p <-> GLY.m,105945.431957822,3776.54259922373
Net flux,GDC.m,GLY.m + dummy -> myTHF.m + CO2,10.3021218312826,0.489469420918793
Net flux,T_SER-m net,SER.p <-> SER.m,-10.3021218312826,0.489469420918793
Exch flux,T_SER-m exch,SER.p <-> SER.m,22.295480514255,346.923216143338
Net flux,mSHMT,GLY.m + myTHF.m -> SER.m,10.3021218312826,0.489469420918793
Net flux,T_SER-c net,SER.p <-> SER.c,3.20828213116648,0.867682330228009
Exch flux,T_SER-c exch,SER.p <-> SER.c,1.00000000280431e-07,4.29057773468769
Net flux,T_Gly-c net,GLY.p <-> GLY.c,-9.4689337604148e-05,3760.02535749385
Exch flux,T_Gly-c exch,GLY.p <-> GLY.c,9.99999998363421e-08,0
Net flux,cSHMT,SER.c -> GLY.c + meTHF.c,3.20828187894304,0.867682330228009
Net flux,FmTHF-reductase net,meTHF.c <-> FmTHF.c,3.20828187894304,0.867682330228009
Exch flux,FmTHF-reductase exch,meTHF.c <-> FmTHF.c,5.73498369616793,3739.31371875939
Net flux,Met-synthase,FmTHF.c + Hcy.c -> Met.c,3.20828187894302,0.867682330228009
Net flux,SAM-synthase,Met.c -> SAM.c,3.20828187894303,0.867682330228009
Net flux,Methylation,SAM.c -> SAH.c + Acceptor.c,3.20828187894302,0.867682330228009
Net flux,hydrolysis,SAH.c -> Hcy.c,3.20828187894302,0.867682330228009
Net flux,G_SER.m,0*SER.m -> SER,1.0000000116861e-07,0
Net flux,G_SER.c,0*SER.c -> SER,1.83967518552208e-07,3797.56575823606
Net flux,G_Gly.m,0*GLY.m -> GLY,0.0001821956909005,3666.22981639671
Net flux,G_Gly.c,0*GLY.c -> GLY,62.011314915049,5.76827713150481
Net flux,T_GLY-c-m,GLY.c -> GLY.m,3.2081870896054,3760.02545759633
Net flux,G_Glyc,0*Glyc.p -> Glyc,20.0588262367746,1.15935934647841
Net flux,G_Glyx,0*Glyx.p -> Glyx,10.8195721612617,1.34375353930106
Net flux,G_HPA,0*HPA.p -> HPA,7.64454734662481,1.33964506323741
Net flux,(1-G)_Glyc,0*Glyc.x -> Glyc,79.941173763226,1.15935934647841
Net flux,(1-G)_Glyx,0*Glyx.x -> Glyx,89.1804278387392,1.34375353930106
Net flux,(1-G)_HPA,0*HPA.x -> HPA,92.3554526533751,1.33964506323741
Net flux,GlycSink,Glyc -> Sink,100.000000000001,0
Net flux,GlyxSink,Glyx -> Sink,100.000000000001,0
Net flux,HPASink,HPA -> Sink,99.9999999999998,0
Net flux,SERex,dummySER -> outSER,2.2570799803092,0.495177145960634
Net flux,G_PYR,0*PYR.c -> PYR,33.7465464309306,1.90376111585986
Net flux,(1-G)_PYR,0*PYR.x -> PYR,66.2534535690696,1.90376111585986
Net flux,PYRSink,PYR -> Sink,100,0
Net flux,G_meTHF,0*meTHF.c -> meTHF,99.9999999,0
Net flux,G_FmTHF,0*FmTHF.c -> FmTHF,77.4012561031567,3.23421398984146
Net flux,G_Met,0*Met.c -> Met,61.0455836898197,4.30001249872321
Net flux,G_SAM,0*SAM.c -> SAM,69.3436821726819,4.16130361875524
Net flux,(1-G)_meTHF,0*meTHF.x -> meTHF,1.0000000116861e-07,0
Net flux,(1-G)_FmTHF,0*FmTHF.x -> FmTHF,22.5987438968434,3.23421398984146
Net flux,(1-G)_Met,0*Met.x -> Met,38.9544163101804,4.30001249872321
Net flux,(1-G)_SAM,0*SAM.x -> SAM,30.6563178273181,4.16130361875524
Net flux,meTHFSink,meTHF -> Sink,99.9999999999999,0
Net flux,FmTHFSink,FmTHF -> Sink,100,0
Net flux,MetSink,Met -> Sink,100,0
Net flux,SAMsink,SAM -> Sink,100,0
Net flux,Met-protein,Met.c -> Protein,6.51983996113883e-15,0
Net flux,GLY-protein,GLY.c -> Protein,1.00000062452921e-07,3.29937697735909e-15
Net flux,SER-protein,SER.c -> Protein,2.52223443020227e-07,8.834831456198e-16
Pool,2PG pool,,0,0
Pool,2PG.p pool,,3.71806012363281e-06,3889.93400391571
Pool,2PG.x pool,,1,Inf
Pool,3PGA pool,,0,0
Pool,3PGA.c pool,,4.61761352253408e-05,3768.14575329458
Pool,3PGA.p pool,,4.14124705671795e-06,3702.64723053495
Pool,3PGA.x pool,,1,Inf
Pool,ACA pool,,2.85639799986511e-06,3793.56571103882
Pool,ADPG pool,,0,0
Pool,ADPG.p pool,,9.9999999999999e-08,Inf
Pool,ADPG.x pool,,1,Inf
Pool,AKG pool,,2.94534377258631e-06,3630.82322902729
Pool,ALA pool,,0,0
Pool,ALA.c pool,,0.00790503009790932,0.00204768562064564
Pool,ALA.x pool,,1,Inf
Pool,ASN pool,,7566.06819374021,3769.86861927153
Pool,ASP pool,,1.66242509846396e-06,3766.12649164563
Pool,Acceptor.c pool,,1,Inf
Pool,CIT pool,,3.48851971509181,1.43069103851836
Pool,CO2 pool,,0.251448688323928,0.167333808260855
Pool,CO2.t pool,,1,Inf
Pool,E4P.p pool,,0,0
Pool,EC2 pool,,0,0
Pool,F6P pool,,0,0
Pool,F6P.c pool,,3.82973309933665e-06,3439.8623714877
Pool,F6P.p pool,,4.22074644161162e-06,3636.59327772236
Pool,F6P.x pool,,1,Inf
Pool,FBP pool,,0,0
Pool,FBP.c pool,,3.8296888949353e-06,3879.80337384326
Pool,FBP.p pool,,3.97653442177161e-06,3846.42670254927
Pool,FBP.x pool,,1,Inf
Pool,FmTHF pool,,2.35597088315449,0.863366714895079
Pool,FmTHF.c pool,,1.42716180650466e-06,3809.36176887565
Pool,FmTHF.x pool,,1,Inf
Pool,G6P pool,,0,0
Pool,G6P.c pool,,9.87503464613526e-06,3836.06312903797
Pool,G6P.p pool,,3.9733763026476e-06,3711.72757009706
Pool,G6P.x pool,,1,Inf
Pool,GA pool,,0,0
Pool,GA.p pool,,3.14329716614171e-06,3755.88361216052
Pool,GA.x pool,,1,Inf
Pool,GLN pool,,8.84405741394096,3630.47772530849
Pool,GLU pool,,2.92217810797271e-06,3833.73420476867
Pool,GLY pool,,0,0
Pool,GLY.c pool,,1.00000000002876e-07,0
Pool,GLY.m pool,,0.197341232345434,0.0803658470580463
Pool,GLY.p pool,,0.00042627864239101,3633.35144688555
Pool,GLY.x pool,,1,Inf
Pool,Glyc pool,,4.6231547211838,1.29270750001418
Pool,Glyc.p pool,,1.93959698300828e-05,3679.13301619983
Pool,Glyc.x pool,,1,Inf
Pool,Glyx pool,,6.42501826772408,2.68397443952596
Pool,Glyx.p pool,,2.6675697890076e-05,3746.79997965807
Pool,Glyx.x pool,,1,Inf
Pool,HPA pool,,0.000160262856561509,3690.08386051298
Pool,HPA.p pool,,2.43054494702434e-06,3897.43715546525
Pool,HPA.x pool,,1,Inf
Pool,Hcy.c pool,,1,Inf
Pool,ICI pool,,0.00377064909052796,3740.11666233653
Pool,MAL pool,,0.182741810389099,0.12579053839522
Pool,Met pool,,0.000135216872323138,3893.52980908461
Pool,Met.c pool,,1.46988641485131e-06,3755.22516935429
Pool,Met.x pool,,1,Inf
Pool,OAA pool,,0.197437699518293,0.0323979243906014
Pool,P5P pool,,0,0
Pool,PEP pool,,0,0
Pool,PEP.c pool,,1.49703204091628e-05,3654.53734431506
Pool,PEP.x pool,,1,Inf
Pool,PRO pool,,5.46627280052704,3653.65800257729
Pool,PYR pool,,9.99999998363421e-08,0
Pool,PYR.c pool,,0.00836852506710477,0.00200767158774563
Pool,PYR.x pool,,1,Inf
Pool,Protein pool,,1,Inf
Pool,R5P pool,,0,0
Pool,R5P.p pool,,4.96625481169941e-05,3858.01344903909
Pool,R5P.x pool,,1,Inf
Pool,RU5P.p pool,,3.98881623381376e-06,3675.52876227914
Pool,RU5P.x pool,,1,Inf
Pool,RUBP pool,,0,0
Pool,RUBP.p pool,,3.99531393352269e-06,3850.38805752662
Pool,RUBP.x pool,,1,Inf
Pool,S6P pool,,1,Inf
Pool,S7P pool,,0,0
Pool,S7P.p pool,,4.26115716478394e-06,3789.30397038521
Pool,S7P.x pool,,1,Inf
Pool,SAH.c pool,,1,Inf
Pool,SAM pool,,4.32974143520631,1.27896403715755
Pool,SAM.c pool,,3.6027962456926e-06,3791.31919175381
Pool,SAM.x pool,,1,Inf
Pool,SBP pool,,0,0
Pool,SER pool,,0,0
Pool,SER.c pool,,1.00000000000273e-07,0
Pool,SER.m pool,,1.25042635594102,0.0949705595125311
Pool,SER.p pool,,0.000243547379410072,3829.20100604445
Pool,SER.x pool,,1,Inf
Pool,Sink pool,,1,Inf
Pool,Starch pool,,1,Inf
Pool,THR pool,,3761.66004196143,3643.70463705016
Pool,TP pool,,0,0
Pool,TP.c pool,,4.18763795480421e-06,3639.9286123526
Pool,TP.p pool,,4.28692218953245e-06,3719.68767290294
Pool,TP.x pool,,1,Inf
Pool,UDPG pool,,0,0
Pool,UDPG.c pool,,0.228046821133943,3876.14039075136
Pool,UDPG.x pool,,1,Inf
Pool,X5P.p pool,,4.10934356129439e-06,3684.96130053336
Pool,dummy pool,,1,Inf
Pool,dummyGLY pool,,1,Inf
Pool,dummySER pool,,1,Inf
Pool,meTHF pool,,0.859046361741477,0.756430673292455
Pool,meTHF.c pool,,1.45720178981267e-06,3656.30714535458
Pool,meTHF.x pool,,1,Inf
Pool,myTHF.m pool,,1.00000000002876e-07,0
Pool,outSER pool,,1,Inf
Norm,Experiment1 Glyc205 #1 norm,,0.996179933754485,0.0127579457845185
Norm,Experiment1 Glyc205 #2 norm,,0.978683555138424,0.024919357701969
Norm,Experiment1 Glyc205 #3 norm,,0.99312015126757,0.0220767059059443
Norm,Experiment1 Glyc205 #4 norm,,0.97529777263678,0.0319540219645823
Norm,Experiment1 Glyc205 #5 norm,,0.999136337367504,0.033553057373021
Norm,Experiment1 Glyc205 #6 norm,,1.030383146113,0.0275645106232977
Norm,Experiment1 Glyc205 #7 norm,,0.987118271503061,0.0338402082990003
Norm,Experiment1 Glyc205 #8 norm,,0.964999487229846,0.0300207751397154
Norm,Experiment1 Glyx160 #1 norm,,1.00999981419133,0.0113295012904271
Norm,Experiment1 Glyx160 #2 norm,,0.988517413093568,0.0141063846908887
Norm,Experiment1 Glyx160 #3 norm,,0.956408328890712,0.0186792515044554
Norm,Experiment1 Glyx160 #4 norm,,1.01583067187016,0.0173824474047786
Norm,Experiment1 Glyx160 #5 norm,,0.957497332122245,0.0338111498876055
Norm,Experiment1 Glyx160 #6 norm,,1.02421710443492,0.0212443177574189
Norm,Experiment1 Glyx160 #7 norm,,0.983866987773519,0.0392172196179525
Norm,Experiment1 Glyx160 #8 norm,,0.959456380305586,0.0347420921903476
Norm,Experiment1 GLY276 #1 norm,,0.991527289080637,0.0104118808440737
Norm,Experiment1 GLY276 #2 norm,,0.989735096250225,0.0244078178497393
Norm,Experiment1 GLY276 #3 norm,,1.08101959012149,0.0476147428826676
Norm,Experiment1 GLY276 #4 norm,,0.965098785384482,0.0601922373593304
Norm,Experiment1 GLY276 #5 norm,,0.970687562629903,0.118238321853127
Norm,Experiment1 GLY276 #6 norm,,0.880994176731308,0.0949719174019327
Norm,Experiment1 GLY276 #7 norm,,1.06050033395149,0.0663581624791466
Norm,Experiment1 GLY276 #8 norm,,0.938389787946306,0.0733595943306194
Norm,Experiment1 HPA262 #1 norm,,0.980291005728916,0.0106918933281649
Norm,Experiment1 HPA262 #2 norm,,0.938051471808761,0.0266022187689802
Norm,Experiment1 HPA262 #3 norm,,0.975692885367892,0.0133118519252589
Norm,Experiment1 HPA262 #4 norm,,0.920135210914031,0.0343077181396149
Norm,Experiment1 HPA262 #5 norm,,0.989879718110862,0.0257558930039815
Norm,Experiment1 HPA262 #6 norm,,0.952777051117446,0.0323004269654115
Norm,Experiment1 HPA262 #7 norm,,0.983921164944458,0.024712869201448
Norm,Experiment1 HPA262 #8 norm,,1.01294620077925,0.0230479785314862
Norm,Experiment1 GA307 #1 norm,,0.9905673310793,0.0122873616415449
Norm,Experiment1 GA307 #2 norm,,0.973353395252565,0.0312434161877425
Norm,Experiment1 GA307 #3 norm,,0.918581308112958,0.0281384698768552
Norm,Experiment1 GA307 #4 norm,,0.985431692205197,0.0195359940849324
Norm,Experiment1 GA307 #5 norm,,0.987553561876778,0.0580973529147447
Norm,Experiment1 GA307 #6 norm,,1.04825079502666,0.0421132809271584
Norm,Experiment1 GA307 #7 norm,,0.98563000853327,0.0465941354998696
Norm,Experiment1 GA307 #8 norm,,0.980619233855475,0.0356493298197815
Norm,Experiment1 SER306 #1 norm,,1.0217233039311,0.014671978003907
Norm,Experiment1 SER306 #2 norm,,0.987996290010035,0.016491204148172
Norm,Experiment1 SER306 #3 norm,,1.05256516498831,0.0452745939887703
Norm,Experiment1 SER306 #4 norm,,1.01465255390668,0.0417678927098177
Norm,Experiment1 SER306 #5 norm,,1.03896054164559,0.138230032751892
Norm,Experiment1 SER306 #6 norm,,0.950039597313227,0.0631184930513633
Norm,Experiment1 SER306 #7 norm,,1.01206091630239,0.0458935382356037
Norm,Experiment1 SER306 #8 norm,,0.998471774032641,0.0521153887420561
Norm,Experiment1 meTHF #1 norm,,1.00811241143305,0.0100755695465566
Norm,Experiment1 meTHF #2 norm,,1.00868425266604,0.00999031101294196
Norm,Experiment1 meTHF #3 norm,,1.01659234765301,0.0614661533144979
Norm,Experiment1 meTHF #4 norm,,1.02632382468668,0.0514037362127513
Norm,Experiment1 meTHF #5 norm,,0.952052660368384,0.0797652769147484
Norm,Experiment1 meTHF #6 norm,,1.04156517773677,0.127969533411531
Norm,Experiment1 meTHF #7 norm,,0.974743693617081,0.0569029325374339
Norm,Experiment1 meTHF #8 norm,,0.933602393471038,0.0865258729749761
Norm,Experiment1 FmTHF #1 norm,,1.00947299916151,0.00984577142158553
Norm,Experiment1 FmTHF #2 norm,,1.00282418932077,0.0238986472047776
Norm,Experiment1 FmTHF #3 norm,,0.944524833890674,0.0299041421807601
Norm,Experiment1 FmTHF #4 norm,,0.988764456452564,0.0269979739613499
Norm,Experiment1 FmTHF #5 norm,,1.02387410154629,0.0584816238974451
Norm,Experiment1 FmTHF #6 norm,,1.0080697381003,0.0711726383873384
Norm,Experiment1 FmTHF #7 norm,,0.991885707620445,0.0537196178450731
Norm,Experiment1 FmTHF #8 norm,,1.06939831157616,0.0899997908391032
Norm,Experiment1 Met176 #1 norm,,0.930363391545035,0.0235078232932202
Norm,Experiment1 Met176 #2 norm,,0.864532820302422,0.0305089044908678
Norm,Experiment1 Met176 #3 norm,,0.952418513628712,0.049420887232674
Norm,Experiment1 Met176 #4 norm,,0.988999677762893,0.0399274284548066
Norm,Experiment1 Met176 #5 norm,,0.961600367427889,0.0716606888727747
Norm,Experiment1 Met176 #6 norm,,1.03129838132373,0.150161631813957
Norm,Experiment1 Met176 #7 norm,,0.999268547660143,0.11468599026804
Norm,Experiment1 Met176 #8 norm,,0.994884182159757,0.117981725308454
Norm,Experiment1 SAM #1 norm,,1.00579823018193,0.012006990791903
Norm,Experiment1 SAM #2 norm,,1.00477038071115,0.012144984199191
Norm,Experiment1 SAM #3 norm,,0.99469090847542,0.0144870409392344
Norm,Experiment1 SAM #4 norm,,1.03995994187668,0.0231823624134704
Norm,Experiment1 SAM #5 norm,,0.979900701335174,0.0378616511897856
Norm,Experiment1 SAM #6 norm,,0.982009258821065,0.0672022247327333
Norm,Experiment1 SAM #7 norm,,1.01030628528104,0.121277879381691
Norm,Experiment1 SAM #8 norm,,0.978507483277503,0.0791123498172183
Norm,Experiment1 CIT465 #1 norm,,1.00103092093127,0.0120550843952716
Norm,Experiment1 CIT465 #2 norm,,1.01385922505151,0.0136617304925726
Norm,Experiment1 CIT465 #3 norm,,0.987604708924388,0.0112646279994053
Norm,Experiment1 CIT465 #4 norm,,1.00407342069888,0.0167666679353802
Norm,Experiment1 CIT465 #5 norm,,0.992068025291052,0.0136491894443185
Norm,Experiment1 CIT465 #6 norm,,1.04453631656506,0.0134485448819589
Norm,Experiment1 CIT465 #7 norm,,1.04126406812455,0.0139117118101013
Norm,Experiment1 CIT465 #8 norm,,0.990965420183901,0.0190446399304398
Norm,Experiment1 MAL335 #1 norm,,0.986912854047136,0.0126254717067934
Norm,Experiment1 MAL335 #2 norm,,1.00035392071304,0.0111897194906076
Norm,Experiment1 MAL335 #3 norm,,0.971423082381452,0.010129245014479
Norm,Experiment1 MAL335 #4 norm,,1.01062603886397,0.0148200737314759
Norm,Experiment1 MAL335 #5 norm,,0.988781151228219,0.0141518958087258
Norm,Experiment1 MAL335 #6 norm,,0.964939709913111,0.013085475401281
Norm,Experiment1 MAL335 #7 norm,,0.966802466098545,0.0198899020660401
Norm,Experiment1 MAL335 #8 norm,,0.994063886224302,0.0364507610245123
Norm,Experiment1 ASP334 #1 norm,,0.993414060446923,0.0229052288328636
Norm,Experiment1 ASP334 #2 norm,,0.968222453145672,0.0288943156598352
Norm,Experiment1 ASP334 #3 norm,,0.985013369696185,0.0197541942354881
Norm,Experiment1 ASP334 #4 norm,,1.00790154217279,0.0169447415322872
Norm,Experiment1 ASP334 #5 norm,,0.921014454296538,0.0253443016966244
Norm,Experiment1 ASP334 #6 norm,,0.944997396237061,0.0294215380183285
Norm,Experiment1 ASP334 #7 norm,,0.963082457830514,0.0298775414572405
Norm,Experiment1 ASP334 #8 norm,,0.972719372355773,0.0798671477369021
Norm,Experiment1 GLU348 #1 norm,,0.970423011379585,0.0204605944820195
Norm,Experiment1 GLU348 #2 norm,,0.977742865758476,0.0197737026011341
Norm,Experiment1 GLU348 #3 norm,,1.00132423569621,0.0112296114409337
Norm,Experiment1 GLU348 #4 norm,,1.03295584639815,0.0379047491008454
Norm,Experiment1 GLU348 #5 norm,,1.0163105539608,0.0236510385934667
Norm,Experiment1 GLU348 #6 norm,,0.992082968681142,0.0130376484305029
Norm,Experiment1 GLU348 #7 norm,,1.00106358187481,0.0151990097412541
Norm,Experiment1 GLU348 #8 norm,,1.00267698838705,0.0209963119610534
Norm,Experiment1 THR320 #1 norm,,1.00295860195217,0.0106007953297179
Norm,Experiment1 THR320 #2 norm,,1.02878015892183,0.0148406876882382
Norm,Experiment1 THR320 #3 norm,,0.963977299542761,0.0102162815630244
Norm,Experiment1 THR320 #4 norm,,0.954642567659844,0.0267941735602835
Norm,Experiment1 THR320 #5 norm,,0.960730467815568,0.0199021208559287
Norm,Experiment1 THR320 #6 norm,,0.969010493084297,0.0111299423033623
Norm,Experiment1 THR320 #7 norm,,0.976481962337725,0.0141513061947374
Norm,Experiment1 THR320 #8 norm,,0.919708006786473,0.0250935437442455
Norm,Experiment1 ALA116 #1 norm,,0.995507260336379,0.00996292988809721
Norm,Experiment1 ALA116 #2 norm,,0.978642511677838,0.0097947388875874
Norm,Experiment1 ALA116 #3 norm,,0.979970213694,0.0177013743567625
Norm,Experiment1 ALA116 #4 norm,,1.04068526495902,0.0214891712545834
Norm,Experiment1 ALA116 #5 norm,,0.961798137881916,0.08942277049493
Norm,Experiment1 ALA116 #6 norm,,0.982224820988043,0.0822637833368153
Norm,Experiment1 ALA116 #7 norm,,1.0208920993041,0.0674907248090119
Norm,Experiment1 ALA116 #8 norm,,0.999410527883562,0.114293134893219
Norm,Experiment1 PYR #1 norm,,0.982437908220632,0.0175192856931731
Norm,Experiment1 PYR #2 norm,,1.03520520051866,0.050631391848189
Norm,Experiment1 PYR #3 norm,,0.950750235084464,0.108443546672868
Norm,Experiment1 PYR #4 norm,,1.05236244031665,0.0457397887031597
Norm,Experiment1 PYR #5 norm,,0.991919717588765,0.0532962187790208
Norm,Experiment1 PYR #6 norm,,1.01355086125723,0.0548795755945853
Norm,Experiment1 PYR #7 norm,,0.972843441913728,0.1006376262067
Norm,Experiment1 PYR #8 norm,,0.9938050296597,0.0583582667338411
