type,id,eqn,val,std
Net flux,CO2.t,CO2.t -> CO2,49.503045200471,1.1066195470841
Net flux,CO2_sink,dummy -> Sink,49.503045200471,1.1066195470841
Net flux,RUBICSO_CO2,RUBP.p + CO2 -> 3PGA.p + 3PGA.p + dummy,58.6652012231751,1.15700887185213
Net flux,GAPDH.p net,3PGA.p <-> TP.p,139.752688735633,2.63683022914773
Exch flux,GAPDH.p exch,3PGA.p <-> TP.p,1.0000000116861e-07,0
Net flux,ALD,TP.p + E4P.p -> SBP,25.5444308604552,0.47591389776998
Net flux,SBP,SBP -> S7P.p,25.5444308604552,0.47591389776998
Net flux,FBA.p net,TP.p + TP.p <-> FBP.p,29.9836920838898,0.649610312242765
Exch flux,FBA.p exch,TP.p + TP.p <-> FBP.p,21471.3324535563,1255.3655067892
Net flux,PFK.p net,FBP.p <-> F6P.p,29.9836920838929,0.649610312242765
Exch flux,PFK.p exch,FBP.p <-> F6P.p,1.00004015735067e-07,2.24757794038375e-16
Net flux,TK1 net,TP.p + EC2 <-> X5P.p,51.0888617209105,0.95182779553996
Exch flux,TK1 exch,TP.p + EC2 <-> X5P.p,1.0000000116861e-07,0
Net flux,TK2 net,S7P.p <-> R5P.p + EC2,25.5444308604552,0.47591389776998
Exch flux,TK2 exch,S7P.p <-> R5P.p + EC2,37.8349451061153,3516.53425898624
Net flux,TK3 net,F6P.p <-> E4P.p + EC2,25.5444308604565,0.47591389776998
Exch flux,TK3 exch,F6P.p <-> E4P.p + EC2,9741.50970962656,3737.15340763526
Net flux,PPE net,X5P.p <-> RU5P.p,51.0888617209104,0.95182779553996
Exch flux,PPE exch,X5P.p <-> RU5P.p,98.1100445095945,3653.68549938524
Net flux,PPI net,R5P.p <-> RU5P.p,25.5444308604553,0.47591389776998
Exch flux,PPI exch,R5P.p <-> RU5P.p,237.877366601966,2942.34956410051
Net flux,PRK,RU5P.p -> RUBP.p,76.6332925813658,1.42774169330994
Net flux,RUBISCO_O2,RUBP.p -> 3PGA.p + 2PG.p,17.9680913581907,0.584404979899393
Net flux,GLYdil net,GLY.p <-> GLY.x + dummyGLY,0.00802975053557731,0.00102342736719933
Exch flux,GLYdil exch,GLY.p <-> GLY.x + dummyGLY,0.0676061232887335,4119.84036522073
Net flux,SERdil net,SER.p <-> SER.x + dummySER,4.0780648828417,0.82815580785133
Exch flux,SERdil exch,SER.p <-> SER.x + dummySER,1.74115277722014,0.177058694993544
Net flux,GK,GA.p -> 3PGA.p,4.79023092897114,0.541606181165638
Net flux,PGI.p net,F6P.p <-> G6P.p,4.43926122343941,0.358804308919191
Exch flux,PGI.p exch,F6P.p <-> G6P.p,3.90365167150555,2930.85904143146
Net flux,PGM.p,G6P.p -> ADPG.p,4.43926122343941,0.358804308919191
Net flux,Starch,ADPG.p -> Starch,4.43926122343939,0.358804308919191
Net flux,FBA.c net,TP.c + TP.c <-> FBP.c,1.57600599323997,0.200868963136719
Exch flux,FBA.c exch,TP.c + TP.c <-> FBP.c,20.736913963124,2930.85902635189
Net flux,PFK.c net,FBP.c <-> F6P.c,1.57600599323998,0.200868963136719
Exch flux,PFK.c exch,FBP.c <-> F6P.c,5.3911185691618,2930.85902635189
Net flux,PGI.c net,F6P.c <-> G6P.c,0.788002996620008,0.10043448156836
Exch flux,PGI.c exch,F6P.c <-> G6P.c,227.331855003385,2930.85902118937
Net flux,PGM.c net,G6P.c <-> UDPG.c,0.788002996618161,0.10043448156836
Exch flux,PGM.c exch,G6P.c <-> UDPG.c,48481.4133518879,2930.85901946852
Net flux,SPS,F6P.c + UDPG.c -> S6P,0.788002996619955,0.10043448156836
Net flux,PGAM.c net,3PGA.c <-> PEP.c,0.33603599787902,0.042829280321976
Exch flux,PGAM.c exch,3PGA.c <-> PEP.c,2.42826236826297,2930.85901978146
Net flux,PK.c,PEP.c -> PYR.c,0.152533740055709,0.019441102594376
Net flux,PDH,PYR.c + dummy -> ACA + CO2,0.126947282755469,0.0161799949838841
Net flux,CS,OAA + ACA -> CIT,0.126947282755465,0.0161799949838841
Net flux,ACO net,CIT <-> ICI,0.126947282755509,0.0161799949838841
Exch flux,ACO exch,CIT <-> ICI,1157.03959109258,2930.85901946852
Net flux,IDH,ICI + dummy -> AKG + CO2,0.126947282755481,0.0161799949838841
Net flux,MDH net,MAL <-> OAA,2.1316282072803e-14,0
Exch flux,MDH exch,MAL <-> OAA,0.360035545304456,0.083785016995517
Net flux,PPC,PEP.c + CO2 -> OAA + dummy,0.18350225782283,0.0233881777275999
Net flux,T_3PGA net,3PGA.p <-> 3PGA.c,0.336035997879002,0.042829280321976
Exch flux,T_3PGA exch,3PGA.p <-> 3PGA.c,6.45067241060047,4128.73268279446
Net flux,T_DHAP net,TP.p <-> TP.c,3.15201198647999,0.401737926273439
Exch flux,T_DHAP exch,TP.p <-> TP.c,9.99999998363421e-08,0
Net flux,ALT,PYR.c -> ALA.c,0.0255864573002651,0.00326110761652899
Net flux,ASPT,OAA -> ASP,0.0565549750674588,0.00720818274371584
Net flux,GLUDH,AKG -> GLU,0.126947282755458,0.0161799949838841
Net flux,PCR net,GLU <-> PRO,-2.48689957516035e-14,0
Exch flux,PCR exch,GLU <-> PRO,1.0000000116861e-07,0
Net flux,GS net,GLU <-> GLN,0,0
Exch flux,GS exch,GLU <-> GLN,1.00042868211858e-07,0
Net flux,TS net,ASP <-> THR,0,0
Exch flux,TS exch,ASP <-> THR,1.0000000116861e-07,0
Net flux,AS net,ASP <-> ASN,1.06581410364015e-14,0
Exch flux,AS exch,ASP <-> ASN,1.0000000116861e-07,0
Net flux,G_3PGA.p,0*3PGA.p -> 3PGA,2.46866294162373e-06,4695.34933309395
Net flux,G_3PGA.c,0*3PGA.c -> 3PGA,92.911908139524,3150.80607423173
Net flux,G_DHAP.p,0*TP.p -> TP,40.685379842242,5072.68996218031
Net flux,G_DHAP.c,0*TP.c -> TP,51.8471856996947,3678.39303484931
Net flux,G_F6P.p,0*F6P.p -> F6P,48.6686345030749,4558.1070688592
Net flux,G_F6P.c,0*F6P.c -> F6P,36.546576817712,3107.37533949039
Net flux,G_FBP.p,0*FBP.p -> FBP,2.46866125053202e-06,4985.99124470253
Net flux,G_FBP.c,0*FBP.c -> FBP,83.4512310472262,3536.27548711428
Net flux,G_G6P.p,0*G6P.p -> G6P,19.0549768397257,5207.265289906
Net flux,G_G6P.c,0*G6P.c -> G6P,58.8549499993083,3645.96787950516
Net flux,G_RU5P.p,0*RU5P.p -> P5P,2.46865366904103e-06,4827.56145028092
Net flux,G_X5P.p,0*X5P.p -> P5P,92.847769150063,3557.10375806332
Net flux,G_R5P.p,0*R5P.p -> R5P,82.2810779884949,3654.46340644876
Net flux,G_GA.p,0*GA.p -> GA,42.2486244688199,2.36898440174956
Net flux,G_SER.p,0*SER.p -> SER,99.9658163599435,3377.87901296729
Net flux,G_GLY.p,0*GLY.p -> GLY,59.3825792756924,5227.81477288045
Net flux,G_RUBP.p,0*RUBP.p -> RUBP,92.5302752673063,3428.2607665249
Net flux,G_S7P.p,0*S7P.p -> S7P,98.4567310636212,3356.51663667164
Net flux,G_2PG.p,0*2PG.p -> 2PG,87.0427532706349,3630.88887928591
Net flux,G_ADPG.p,0*ADPG.p -> ADPG,95.0805622183377,3775.21603374998
Net flux,G_PEP.c,0*PEP.c -> PEP,89.2305410445615,3776.1854120454
Net flux,G_UDPG.c,0*UDPG.c -> UDPG,72.4268033045549,3520.41234864095
Net flux,G_ALA.c,0*ALA.c -> ALA,77.957301329418,6.67073846426821
Net flux,(1-G)_GA,0*GA.x -> GA,57.7513755311822,2.36898440174956
Net flux,(1-G)_SER,0*SER.x -> SER,0.0341834390552727,3377.87901296729
Net flux,(1-G)_GLY,0*GLY.x -> GLY,40.6151398519642,2.07739312703172
Net flux,(1-G)_R5P,0*R5P.x -> R5P,17.718922011502,3654.46340644876
Net flux,(1-G)_RUBP,0*RUBP.x -> RUBP,7.46972473269241,3428.2607665249
Net flux,(1-G)_3PGA,0*3PGA.x -> 3PGA,7.0880893918134,3435.28962860905
Net flux,(1-G)_TP,0*TP.x -> TP,7.46743445806383,3555.3016977233
Net flux,(1-G)_F6P,0*F6P.x -> F6P,14.7847886792169,3389.85281834437
Net flux,(1-G)_FBP,0*FBP.x -> FBP,16.5487664841072,3592.65325694861
Net flux,(1-G)_G6P,0*G6P.x -> G6P,22.0900731609643,3563.6277955311
Net flux,(1-G)_RU5P,0*RU5P.x -> P5P,7.1522283812847,3459.99943774594
Net flux,(1-G)_S7P,0*S7P.x -> S7P,1.54326893637677,3356.51663667164
Net flux,(1-G)_2PG,0*2PG.x -> 2PG,12.9572467293675,3630.88887928591
Net flux,(1-G)_ADPG,0*ADPG.x -> ADPG,4.91943778166132,3775.21603374998
Net flux,(1-G)_PEP,0*PEP.x -> PEP,10.7694589554367,3776.1854120454
Net flux,(1-G)_UDPG,0*UDPG.x -> UDPG,27.5731966954463,3520.41234864095
Net flux,(1-G)_ALA,0*ALA.x -> ALA,22.0426986705818,6.67073846426821
Net flux,PGASink,3PGA -> Sink,100,0
Net flux,DHAPSink,TP -> Sink,100.000000000001,0
Net flux,F6PSink,F6P -> Sink,100.000000000004,0
Net flux,FBPSink,FBP -> Sink,99.9999999999947,0
Net flux,G6PSink,G6P -> Sink,99.9999999999983,0
Net flux,P5PSink,P5P -> Sink,100.000000000001,0
Net flux,R5PSink,R5P -> Sink,99.9999999999968,0
Net flux,GASink,GA -> Sink,100.000000000002,0
Net flux,SERSink,SER -> Sink,99.9999999999996,0
Net flux,GLYSink,GLY -> Sink,100.000000000001,0
Net flux,RUBPSink,RUBP -> Sink,99.9999999999987,0
Net flux,S7PSink,S7P -> Sink,99.9999999999979,0
Net flux,2PGSink,2PG -> Sink,100.000000000002,0
Net flux,ADPGSink,ADPG -> Sink,99.999999999999,0
Net flux,PEPSink,PEP -> Sink,99.9999999999983,0
Net flux,UDPGSink,UDPG -> Sink,100.000000000001,0
Net flux,ALASink,ALA -> Sink,99.9999999999998,0
Net flux,S6Pout-LL,S6P + 0.1611*GLU + 0.07177*ASP + 0.03247*ALA.c + 0.01019*dummyGLY + 0.03484*dummySER -> Sink,0.788002996619991,0.10043448156836
Net flux,PGP.p,2PG.p -> Glyc.p,17.9680913581907,0.584404979899393
Net flux,GOX,Glyc.p -> Glyx.p,17.9680913581907,0.584404979899393
Net flux,GGT,Glyx.p -> GLY.p,17.9680913581907,0.584404979899393
Net flux,SGAT,SER.p -> HPA.p,4.79023092897113,0.541606181165638
Net flux,HPR.p,HPA.p -> GA.p,4.79023092897112,0.541606181165638
Net flux,T_GLY-m net,GLY.p <-> GLY.m,17.9276070440246,4666.7661165081
Exch flux,T_GLY-m exch,GLY.p <-> GLY.m,85645.2805086787,3682.43771655883
Net flux,GDC.m,GLY.m + dummy -> myTHF.m + CO2,9.09176371501606,0.301908313200416
Net flux,T_SER-m net,SER.p <-> SER.m,-9.09176371501607,0.301908313200416
Exch flux,T_SER-m exch,SER.p <-> SER.m,13.8289377393902,54.7216327732855
Net flux,mSHMT,GLY.m + myTHF.m -> SER.m,9.09176371501606,0.301908313200416
Net flux,T_SER-c net,SER.p <-> SER.c,0.223467903203222,0.474242750750208
Exch flux,T_SER-c exch,SER.p <-> SER.c,1.00000000280431e-07,0
Net flux,T_Gly-c net,GLY.p <-> GLY.c,0.032454563609599,4666.766079903
Exch flux,T_Gly-c exch,GLY.p <-> GLY.c,9.50523556353389e-06,3327.71411898683
Net flux,cSHMT,SER.c -> GLY.c + meTHF.c,0.22346780320323,3471.53266020983
Net flux,FmTHF-reductase net,meTHF.c <-> FmTHF.c,0.223467803203231,3471.53266020983
Exch flux,FmTHF-reductase exch,meTHF.c <-> FmTHF.c,8.53816131029534,5136.65262329188
Net flux,Met-synthase,FmTHF.c + Hcy.c -> Met.c,0.22346780320321,3471.53266020983
Net flux,SAM-synthase,Met.c -> SAM.c,0.22346780320322,3471.53266020983
Net flux,Methylation,SAM.c -> SAH.c + Acceptor.c,0.223467803203215,3471.53266020983
Net flux,hydrolysis,SAH.c -> Hcy.c,0.223467803203207,3471.53266020983
Net flux,G_SER.m,0*SER.m -> SER,1.0000000116861e-07,0
Net flux,G_SER.c,0*SER.c -> SER,1.01000832586351e-07,0
Net flux,G_Gly.m,0*GLY.m -> GLY,0.00014408668813104,3633.63296123254
Net flux,G_Gly.c,0*GLY.c -> GLY,0.00213678565643249,3715.1159039295
Net flux,T_GLY-c-m,GLY.c -> GLY.m,0.255920385986648,4666.76608306475
Net flux,G_Glyc,0*Glyc.p -> Glyc,20.3706333768654,1.1665451234228
Net flux,G_Glyx,0*Glyx.p -> Glyx,16.5422023017693,1.92455099729461
Net flux,G_HPA,0*HPA.p -> HPA,8.96405261366568,1.39025361844778
Net flux,(1-G)_Glyc,0*Glyc.x -> Glyc,79.6293666231352,1.1665451234228
Net flux,(1-G)_Glyx,0*Glyx.x -> Glyx,83.4577976982316,1.92455099729461
Net flux,(1-G)_HPA,0*HPA.x -> HPA,91.0359473863342,1.39025361844778
Net flux,GlycSink,Glyc -> Sink,100.000000000001,0
Net flux,GlyxSink,Glyx -> Sink,100.000000000001,0
Net flux,HPASink,HPA -> Sink,99.9999999999998,0
Net flux,SERex,dummySER -> outSER,4.0506083321027,0.828672299897269
Net flux,G_PYR,0*PYR.c -> PYR,30.3596358623792,2.09716463202739
Net flux,(1-G)_PYR,0*PYR.x -> PYR,69.640364137621,2.09716463202739
Net flux,PYRSink,PYR -> Sink,100,0
Net flux,G_meTHF,0*meTHF.c -> meTHF,99.9999999,0
Net flux,G_FmTHF,0*FmTHF.c -> FmTHF,81.6299369534835,2.75686942129547
Net flux,G_Met,0*Met.c -> Met,62.7067493842749,4.26065662461048
Net flux,G_SAM,0*SAM.c -> SAM,69.7193102937583,4.01226680845639
Net flux,(1-G)_meTHF,0*meTHF.x -> meTHF,1.0000000116861e-07,0
Net flux,(1-G)_FmTHF,0*FmTHF.x -> FmTHF,18.3700630465166,2.75686942129547
Net flux,(1-G)_Met,0*Met.x -> Met,37.2932506157252,4.26065662461048
Net flux,(1-G)_SAM,0*SAM.x -> SAM,30.2806897062417,4.01226680845639
Net flux,meTHFSink,meTHF -> Sink,99.9999999999999,0
Net flux,FmTHFSink,FmTHF -> Sink,100,0
Net flux,MetSink,Met -> Sink,100,0
Net flux,SAMsink,SAM -> Sink,100,0
Net flux,Met-protein,Met.c -> Protein,6.51983996113883e-15,0
Net flux,GLY-protein,GLY.c -> Protein,1.98082621416518e-06,3471.53266446037
Net flux,SER-protein,SER.c -> Protein,9.99999940631824e-08,3471.53269260326
Pool,2PG pool,,0,0
Pool,2PG.p pool,,3.71698972351841e-06,3643.7514779776
Pool,2PG.x pool,,1,Inf
Pool,3PGA pool,,0,0
Pool,3PGA.c pool,,1.66455234727405e-05,3447.26910170146
Pool,3PGA.p pool,,4.05230141596583e-06,3437.47543604869
Pool,3PGA.x pool,,1,Inf
Pool,ACA pool,,2.64794561263781e-06,3705.11882512691
Pool,ADPG pool,,0,0
Pool,ADPG.p pool,,9.9999999999999e-08,Inf
Pool,ADPG.x pool,,1,Inf
Pool,AKG pool,,2.52786683551832e-06,3670.62715365995
Pool,ALA pool,,0,0
Pool,ALA.c pool,,0.00724543390790936,0.0018393980404415
Pool,ALA.x pool,,1,Inf
Pool,ASN pool,,7566.06819373943,3439.58193781925
Pool,ASP pool,,0.00222813113371347,0.00213460225064919
Pool,Acceptor.c pool,,1,Inf
Pool,CIT pool,,3.08561406315554,1.07904964900524
Pool,CO2 pool,,0.000249910107871557,3459.72950373006
Pool,CO2.t pool,,1,Inf
Pool,E4P.p pool,,0,0
Pool,EC2 pool,,0,0
Pool,F6P pool,,0,0
Pool,F6P.c pool,,3.82980302597695e-06,3703.84516225328
Pool,F6P.p pool,,3.96412626886806e-06,3546.44530559787
Pool,F6P.x pool,,1,Inf
Pool,FBP pool,,0,0
Pool,FBP.c pool,,3.82975843789163e-06,3685.30417448175
Pool,FBP.p pool,,3.85086288691814e-06,3661.07712327132
Pool,FBP.x pool,,1,Inf
Pool,FmTHF pool,,0.00143495258058726,3571.02646991621
Pool,FmTHF.c pool,,1.4804884733062e-06,3543.63479642004
Pool,FmTHF.x pool,,1,Inf
Pool,G6P pool,,0,0
Pool,G6P.c pool,,9.87549961334508e-06,3646.53831915701
Pool,G6P.p pool,,3.85148736915033e-06,3433.89370639
Pool,G6P.x pool,,1,Inf
Pool,GA pool,,0,0
Pool,GA.p pool,,4.03203399529869e-06,3915.89180091884
Pool,GA.x pool,,1,Inf
Pool,GLN pool,,8.83867754972338,3653.08700240864
Pool,GLU pool,,2.52788254344454e-06,3342.82577463774
Pool,GLY pool,,0,0
Pool,GLY.c pool,,44.2227748762643,3533.4271262328
Pool,GLY.m pool,,1.13962506244345,0.112884283911582
Pool,GLY.p pool,,0.000425507103667199,3586.83140304688
Pool,GLY.x pool,,1,Inf
Pool,Glyc pool,,4.37442782065632,1.10779587386466
Pool,Glyc.p pool,,1.95586506562628e-05,3581.81016713127
Pool,Glyc.x pool,,1,Inf
Pool,Glyx pool,,15.1605514527051,4.56838256121983
Pool,Glyx.p pool,,2.74850646199647e-05,3548.17726065547
Pool,Glyx.x pool,,1,Inf
Pool,HPA pool,,0.000174206707969207,3644.91358655665
Pool,HPA.p pool,,3.01899123594162e-06,3532.55635080177
Pool,HPA.x pool,,1,Inf
Pool,Hcy.c pool,,1,Inf
Pool,ICI pool,,0.00416703487037,3670.36031570582
Pool,MAL pool,,0.541078453186427,0.13474447919514
Pool,Met pool,,0.00065234956848456,3270.10464393279
Pool,Met.c pool,,1.74834072976553e-06,3491.66202862728
Pool,Met.x pool,,1,Inf
Pool,OAA pool,,0.108847846467659,0.0377671877219807
Pool,P5P pool,,0,0
Pool,PEP pool,,0,0
Pool,PEP.c pool,,6.03692598605863e-06,3563.04487324866
Pool,PEP.x pool,,1,Inf
Pool,PRO pool,,5.39499638355103,3339.57780260237
Pool,PYR pool,,1.00004597192095e-07,3599.53366705418
Pool,PYR.c pool,,0.00835643732991772,0.0021752001302841
Pool,PYR.x pool,,1,Inf
Pool,Protein pool,,1,Inf
Pool,R5P pool,,0,0
Pool,R5P.p pool,,3.76960192878491e-05,3606.50031119165
Pool,R5P.x pool,,1,Inf
Pool,RU5P.p pool,,3.86338786778784e-06,3655.80726166062
Pool,RU5P.x pool,,1,Inf
Pool,RUBP pool,,0,0
Pool,RUBP.p pool,,3.87909512404734e-06,3439.92675297999
Pool,RUBP.x pool,,1,Inf
Pool,S6P pool,,1,Inf
Pool,S7P pool,,0,0
Pool,S7P.p pool,,4.10395094106809e-06,3585.16525972924
Pool,S7P.x pool,,1,Inf
Pool,SAH.c pool,,1,Inf
Pool,SAM pool,,3.1280164670565,1.20351596782494
Pool,SAM.c pool,,2.72380278546287e-06,3398.88560061324
Pool,SAM.x pool,,1,Inf
Pool,SBP pool,,0,0
Pool,SER pool,,0,0
Pool,SER.c pool,,1.00000000002876e-07,0
Pool,SER.m pool,,0.642075797337626,0.0787544216481877
Pool,SER.p pool,,1.00000000002876e-07,0
Pool,SER.x pool,,1,Inf
Pool,Sink pool,,1,Inf
Pool,Starch pool,,1,Inf
Pool,THR pool,,3889.78146946942,3429.30191459838
Pool,TP pool,,0,0
Pool,TP.c pool,,4.18767936795909e-06,3602.54233224993
Pool,TP.p pool,,4.21238411918024e-06,3565.2036085032
Pool,TP.x pool,,1,Inf
Pool,UDPG pool,,0,0
Pool,UDPG.c pool,,0.687611816445876,3673.70655656626
Pool,UDPG.x pool,,1,Inf
Pool,X5P.p pool,,3.97690256524949e-06,3538.03613130261
Pool,dummy pool,,1,Inf
Pool,dummyGLY pool,,1,Inf
Pool,dummySER pool,,1,Inf
Pool,meTHF pool,,0.702523750319025,0.853494496500907
Pool,meTHF.c pool,,1.48207169817935e-06,3471.72534469355
Pool,meTHF.x pool,,1,Inf
Pool,myTHF.m pool,,2.1124657295866e-05,3672.21439972072
Pool,outSER pool,,1,Inf
Norm,Experiment1 Glyc205 #1 norm,,1.01584923578357,0.0132370854562547
Norm,Experiment1 Glyc205 #2 norm,,1.02566595878416,0.0243915339770955
Norm,Experiment1 Glyc205 #3 norm,,0.983197363705325,0.0211122044676313
Norm,Experiment1 Glyc205 #4 norm,,0.971183800727364,0.0300599458052875
Norm,Experiment1 Glyc205 #5 norm,,1.04423197265024,0.0363617569995364
Norm,Experiment1 Glyc205 #6 norm,,1.01815517968499,0.0269906194835618
Norm,Experiment1 Glyc205 #7 norm,,0.997136647179646,0.0344835550436845
Norm,Experiment1 Glyc205 #8 norm,,0.959550575357626,0.0291168731367697
Norm,Experiment1 Glyx160 #1 norm,,0.975428379009335,0.0109014232385804
Norm,Experiment1 Glyx160 #2 norm,,0.99627543656217,0.0133161990424453
Norm,Experiment1 Glyx160 #3 norm,,1.0077993387368,0.0178746302714691
Norm,Experiment1 Glyx160 #4 norm,,1.01036553074687,0.0154344999143102
Norm,Experiment1 Glyx160 #5 norm,,0.941291669763657,0.0349250540369998
Norm,Experiment1 Glyx160 #6 norm,,1.02795357669706,0.0199165231579854
Norm,Experiment1 Glyx160 #7 norm,,0.99825648008317,0.0396046827049339
Norm,Experiment1 Glyx160 #8 norm,,0.993264659882321,0.0377453370785822
Norm,Experiment1 GLY276 #1 norm,,0.996750412827327,0.0100620566478661
Norm,Experiment1 GLY276 #2 norm,,1.00916077281204,0.0206505271216149
Norm,Experiment1 GLY276 #3 norm,,1.04382570933456,0.0417555289824339
Norm,Experiment1 GLY276 #4 norm,,1.04970401201261,0.0691547506508263
Norm,Experiment1 GLY276 #5 norm,,1.00656384451349,0.132285882534363
Norm,Experiment1 GLY276 #6 norm,,0.861068467158049,0.0920968082667036
Norm,Experiment1 GLY276 #7 norm,,1.03006175817861,0.0605616594339873
Norm,Experiment1 GLY276 #8 norm,,1.00926851803399,0.065620054598856
Norm,Experiment1 HPA262 #1 norm,,1.04337418047226,0.0114611835995935
Norm,Experiment1 HPA262 #2 norm,,0.929203295802238,0.0279262474719725
Norm,Experiment1 HPA262 #3 norm,,0.954015347590998,0.012689817537191
Norm,Experiment1 HPA262 #4 norm,,0.978777793843714,0.0346970957925764
Norm,Experiment1 HPA262 #5 norm,,0.901939801041243,0.0217632624994208
Norm,Experiment1 HPA262 #6 norm,,0.964583838621897,0.0345174291986049
Norm,Experiment1 HPA262 #7 norm,,0.983579936412743,0.0242534298994394
Norm,Experiment1 HPA262 #8 norm,,1.01533957990001,0.0234730883537844
Norm,Experiment1 GA307 #1 norm,,0.997359673562915,0.0121809498944693
Norm,Experiment1 GA307 #2 norm,,0.951671582469203,0.0296419575416182
Norm,Experiment1 GA307 #3 norm,,0.896239665712409,0.0278299568289808
Norm,Experiment1 GA307 #4 norm,,1.01932549869043,0.020363238385918
Norm,Experiment1 GA307 #5 norm,,0.93931621180088,0.0526844214223764
Norm,Experiment1 GA307 #6 norm,,1.04031530194277,0.0422656552233975
Norm,Experiment1 GA307 #7 norm,,0.991805473737195,0.0408878470284967
Norm,Experiment1 GA307 #8 norm,,0.9659461501948,0.0355036720122094
Norm,Experiment1 SER306 #1 norm,,0.965234889422387,0.0133232378296142
Norm,Experiment1 SER306 #2 norm,,0.969671056054369,0.0145895032292727
Norm,Experiment1 SER306 #3 norm,,0.891547059590158,0.0368477517156691
Norm,Experiment1 SER306 #4 norm,,1.04831556250469,0.0550294463185828
Norm,Experiment1 SER306 #5 norm,,0.923276203352781,0.0961321782381226
Norm,Experiment1 SER306 #6 norm,,0.899018867664422,0.0674604109595173
Norm,Experiment1 SER306 #7 norm,,1.00598545752298,0.0465805902806171
Norm,Experiment1 SER306 #8 norm,,0.981497579740282,0.0477612719019795
Norm,Experiment1 meTHF #1 norm,,1.0050057620534,0.0100408193527595
Norm,Experiment1 meTHF #2 norm,,1.00452745312905,0.0100327977923498
Norm,Experiment1 meTHF #3 norm,,0.97946868555027,0.0653311565544481
Norm,Experiment1 meTHF #4 norm,,0.989265311268771,0.0508047328689465
Norm,Experiment1 meTHF #5 norm,,0.981287089980173,0.0939152288035563
Norm,Experiment1 meTHF #6 norm,,0.944728110182304,0.0974346124488323
Norm,Experiment1 meTHF #7 norm,,1.02061849580255,0.05799535658334
Norm,Experiment1 meTHF #8 norm,,1.12828950254386,0.092992622333843
Norm,Experiment1 FmTHF #1 norm,,1.01322618011998,0.0102333678278951
Norm,Experiment1 FmTHF #2 norm,,0.995982956337662,0.0236528642995204
Norm,Experiment1 FmTHF #3 norm,,0.928457092308694,0.0288975069064903
Norm,Experiment1 FmTHF #4 norm,,1.0083465574314,0.0243483457568062
Norm,Experiment1 FmTHF #5 norm,,0.998973538034713,0.0631345941104249
Norm,Experiment1 FmTHF #6 norm,,0.999440669593255,0.0616013537997831
Norm,Experiment1 FmTHF #7 norm,,0.995064238670739,0.0503725461096724
Norm,Experiment1 FmTHF #8 norm,,1.03124490572577,0.0907809024414221
Norm,Experiment1 Met176 #1 norm,,0.97005224197121,0.0237692631209392
Norm,Experiment1 Met176 #2 norm,,0.905710120912923,0.032547800690585
Norm,Experiment1 Met176 #3 norm,,0.96381192228468,0.0545291139043071
Norm,Experiment1 Met176 #4 norm,,0.935360403860577,0.0358161898538825
Norm,Experiment1 Met176 #5 norm,,0.991355577707185,0.0758700043349451
Norm,Experiment1 Met176 #6 norm,,0.998593746367622,0.143549416423502
Norm,Experiment1 Met176 #7 norm,,1.00037369095591,0.11088841310327
Norm,Experiment1 Met176 #8 norm,,1.00256240576277,0.103461017906475
Norm,Experiment1 SAM #1 norm,,0.999429443423136,0.0115794169566811
Norm,Experiment1 SAM #2 norm,,0.997218755252612,0.0119466027262436
Norm,Experiment1 SAM #3 norm,,0.993921013851945,0.0135790085209748
Norm,Experiment1 SAM #4 norm,,1.00883179992301,0.0230243803332288
Norm,Experiment1 SAM #5 norm,,0.998468664909924,0.0404811582363878
Norm,Experiment1 SAM #6 norm,,0.99688852179901,0.0597582686272655
Norm,Experiment1 SAM #7 norm,,1.00214096552854,0.10718553549071
Norm,Experiment1 SAM #8 norm,,0.995947404700423,0.0868708213319677
Norm,Experiment1 CIT465 #1 norm,,1.01076612441031,0.0121204194514533
Norm,Experiment1 CIT465 #2 norm,,0.988050243573075,0.0131568919209766
Norm,Experiment1 CIT465 #3 norm,,1.00312830048667,0.0113978908033658
Norm,Experiment1 CIT465 #4 norm,,1.00463059524134,0.0168609396920592
Norm,Experiment1 CIT465 #5 norm,,1.02460625764578,0.014184092767271
Norm,Experiment1 CIT465 #6 norm,,0.983332955451863,0.0128915686625416
Norm,Experiment1 CIT465 #7 norm,,1.02408581635756,0.0137190276420748
Norm,Experiment1 CIT465 #8 norm,,1.00539541480862,0.017947961383823
Norm,Experiment1 MAL335 #1 norm,,0.991290332666882,0.012199709471554
Norm,Experiment1 MAL335 #2 norm,,0.978463875488626,0.010990572742283
Norm,Experiment1 MAL335 #3 norm,,0.939094521246594,0.00997737533533422
Norm,Experiment1 MAL335 #4 norm,,1.01671024158151,0.0153182720592048
Norm,Experiment1 MAL335 #5 norm,,0.966285818426001,0.0137513332567343
Norm,Experiment1 MAL335 #6 norm,,0.933955554483172,0.0137904027836167
Norm,Experiment1 MAL335 #7 norm,,0.980210860895403,0.0214355632490917
Norm,Experiment1 MAL335 #8 norm,,0.986998141996401,0.03507746079669
Norm,Experiment1 ASP334 #1 norm,,1.0049547642778,0.0231704703506629
Norm,Experiment1 ASP334 #2 norm,,0.979036117695267,0.0291246169368884
Norm,Experiment1 ASP334 #3 norm,,1.02290289955001,0.022587045876769
Norm,Experiment1 ASP334 #4 norm,,1.00559280965274,0.0247972688199995
Norm,Experiment1 ASP334 #5 norm,,0.894374446270589,0.0292774895595182
Norm,Experiment1 ASP334 #6 norm,,0.995877691590301,0.0318294813101469
Norm,Experiment1 ASP334 #7 norm,,0.972885426480089,0.0303006240274269
Norm,Experiment1 ASP334 #8 norm,,0.95846905501642,0.0700371618689002
Norm,Experiment1 GLU348 #1 norm,,0.940585316202787,0.0203667677504136
Norm,Experiment1 GLU348 #2 norm,,0.949071002957983,0.0192689656748119
Norm,Experiment1 GLU348 #3 norm,,1.01502908982712,0.0116516471758603
Norm,Experiment1 GLU348 #4 norm,,0.977082949842493,0.0356764931309245
Norm,Experiment1 GLU348 #5 norm,,1.01331144278083,0.0233001627959401
Norm,Experiment1 GLU348 #6 norm,,1.00104557957843,0.0128424192910991
Norm,Experiment1 GLU348 #7 norm,,1.0094128662213,0.0152470460918146
Norm,Experiment1 GLU348 #8 norm,,0.944744888515804,0.0203892383970005
Norm,Experiment1 THR320 #1 norm,,0.966924308579876,0.0101202432912003
Norm,Experiment1 THR320 #2 norm,,1.00378583917063,0.0141626976890572
Norm,Experiment1 THR320 #3 norm,,1.0243132432118,0.0110134140395917
Norm,Experiment1 THR320 #4 norm,,0.999775263060569,0.0295035584438747
Norm,Experiment1 THR320 #5 norm,,0.983000920353505,0.0209678544185311
Norm,Experiment1 THR320 #6 norm,,1.01981700740377,0.0117521808629746
Norm,Experiment1 THR320 #7 norm,,0.963859656196909,0.013852054225716
Norm,Experiment1 THR320 #8 norm,,0.936036232115037,0.0254921858330923
Norm,Experiment1 ALA116 #1 norm,,0.969370022906974,0.00969289718776815
Norm,Experiment1 ALA116 #2 norm,,0.98649322307206,0.00991159943524157
Norm,Experiment1 ALA116 #3 norm,,1.03815030480275,0.0188661935708886
Norm,Experiment1 ALA116 #4 norm,,1.05368069733014,0.0221975359388825
Norm,Experiment1 ALA116 #5 norm,,0.915319172299484,0.0944424499882044
Norm,Experiment1 ALA116 #6 norm,,1.00303646044034,0.0778422796632549
Norm,Experiment1 ALA116 #7 norm,,1.01506986028188,0.0585607427818251
Norm,Experiment1 ALA116 #8 norm,,0.995423411559027,0.10299343705166
Norm,Experiment1 PYR #1 norm,,0.97202919754985,0.0162851362957168
Norm,Experiment1 PYR #2 norm,,0.973362127562985,0.0478476050607291
Norm,Experiment1 PYR #3 norm,,1.04449275048363,0.121551311049242
Norm,Experiment1 PYR #4 norm,,1.05130323024277,0.0458363764160419
Norm,Experiment1 PYR #5 norm,,0.981647999210864,0.0559677002754317
Norm,Experiment1 PYR #6 norm,,1.03704602070021,0.0586853316741175
Norm,Experiment1 PYR #7 norm,,0.963667815364258,0.112091344563273
Norm,Experiment1 PYR #8 norm,,0.976454273955236,0.0578257610411892
