type,id,eqn,val,std
Net flux,CO2.t,CO2.t -> CO2,48.4871582387081,1.10810549172383
Net flux,CO2_sink,dummy -> Sink,48.4871582387081,1.10810549172383
Net flux,RUBICSO_CO2,RUBP.p + CO2 -> 3PGA.p + 3PGA.p + dummy,57.5702415671711,1.1598055556662
Net flux,GAPDH.p net,3PGA.p <-> TP.p,137.963811080611,2.6612248123783
Exch flux,GAPDH.p exch,3PGA.p <-> TP.p,1.66539203880028,0.633605251368588
Net flux,ALD,TP.p + E4P.p -> SBP,25.1962410383411,0.47599100271058
Net flux,SBP,SBP -> S7P.p,25.1962410383411,0.47599100271058
Net flux,FBA.p net,TP.p + TP.p <-> FBP.p,29.5474168627807,0.654280583098794
Exch flux,FBA.p exch,TP.p + TP.p <-> FBP.p,22544.1801267038,240.278037239482
Net flux,PFK.p net,FBP.p <-> F6P.p,29.5474168627838,0.654280583098794
Exch flux,PFK.p exch,FBP.p <-> F6P.p,9.99915954480457e-08,2.66764154668826e-16
Net flux,TK1 net,TP.p + EC2 <-> X5P.p,50.3924820766821,0.951982005421161
Exch flux,TK1 exch,TP.p + EC2 <-> X5P.p,1.00000026037605e-07,0
Net flux,TK2 net,S7P.p <-> R5P.p + EC2,25.196241038341,0.47599100271058
Exch flux,TK2 exch,S7P.p <-> R5P.p + EC2,38.1896970480314,454.738220729928
Net flux,TK3 net,F6P.p <-> E4P.p + EC2,25.1962410383403,0.47599100271058
Exch flux,TK3 exch,F6P.p <-> E4P.p + EC2,5829.77839379278,469.186202787296
Net flux,PPE net,X5P.p <-> RU5P.p,50.3924820766821,0.951982005421161
Exch flux,PPE exch,X5P.p <-> RU5P.p,126.216317816635,424.572842419917
Net flux,PPI net,R5P.p <-> RU5P.p,25.1962410383411,0.47599100271058
Exch flux,PPI exch,R5P.p <-> RU5P.p,241.148095974098,433.497104027336
Net flux,PRK,RU5P.p -> RUBP.p,75.5887231150232,1.42797300813174
Net flux,RUBISCO_O2,RUBP.p -> 3PGA.p + 2PG.p,18.0184815478521,0.591352222330231
Net flux,GLYdil net,GLY.p <-> GLY.x + dummyGLY,0.00835644767646926,0.00107705001649031
Exch flux,GLYdil exch,GLY.p <-> GLY.x + dummyGLY,0.340105891447855,0.147629807923136
Net flux,SERdil net,SER.p <-> SER.x + dummySER,3.84574354658276,0.619097482941267
Exch flux,SERdil exch,SER.p <-> SER.x + dummySER,0.961508792146901,0.312753381930381
Net flux,GK,GA.p -> 3PGA.p,5.1545543029448,0.506062272725926
Net flux,PGI.p net,F6P.p <-> G6P.p,4.35117582444103,0.349608393115282
Exch flux,PGI.p exch,F6P.p <-> G6P.p,1.18223285342662,0.354550795900603
Net flux,PGM.p,G6P.p -> ADPG.p,4.35117582444104,0.349608393115282
Net flux,Starch,ADPG.p -> Starch,4.35117582444102,0.349608393115282
Net flux,FBA.c net,TP.c + TP.c <-> FBP.c,1.64012712001205,0.211393526298561
Exch flux,FBA.c exch,TP.c + TP.c <-> FBP.c,20.6952869235374,519.146949068743
Net flux,PFK.c net,FBP.c <-> F6P.c,1.64012712001206,0.211393526298561
Exch flux,PFK.c exch,FBP.c <-> F6P.c,5.34884717442148,519.146949068743
Net flux,PGI.c net,F6P.c <-> G6P.c,0.820063560006048,0.10569676314928
Exch flux,PGI.c exch,F6P.c <-> G6P.c,227.296023343899,519.146916789425
Net flux,PGM.c net,G6P.c <-> UDPG.c,0.820063560000563,0.10569676314928
Exch flux,PGM.c exch,G6P.c <-> UDPG.c,48481.4143332144,519.146906029652
Net flux,SPS,F6P.c + UDPG.c -> S6P,0.820063560005995,0.10569676314928
Net flux,PGAM.c net,3PGA.c <-> PEP.c,0.349707904528526,0.0450733276775174
Exch flux,PGAM.c exch,3PGA.c <-> PEP.c,1.0000089756268e-07,1.06011971502498e-16
Net flux,PK.c,PEP.c -> PYR.c,0.158739703310324,0.0204597224426229
Net flux,PDH,PYR.c + dummy -> ACA + CO2,0.13211223951676,0.0170277485433062
Net flux,CS,OAA + ACA -> CIT,0.132112239516756,0.0170277485433062
Net flux,ACO net,CIT <-> ICI,0.1321122395168,0.0170277485433062
Exch flux,ACO exch,CIT <-> ICI,1209.04850374498,406.672385062744
Net flux,IDH,ICI + dummy -> AKG + CO2,0.132112239516772,0.0170277485433062
Net flux,MDH net,MAL <-> OAA,2.1316282072803e-14,0
Exch flux,MDH exch,MAL <-> OAA,0.309838107370531,0.0725828307661394
Net flux,PPC,PEP.c + CO2 -> OAA + dummy,0.190968201218175,0.0246136052345859
Net flux,T_3PGA net,3PGA.p <-> 3PGA.c,0.349707904528508,0.0450733276775174
Exch flux,T_3PGA exch,3PGA.p <-> 3PGA.c,1.0000000116861e-07,0
Net flux,T_DHAP net,TP.p <-> TP.c,3.28025424002414,0.422787052597122
Exch flux,T_DHAP exch,TP.p <-> TP.c,9.99999998363421e-08,0
Net flux,ALT,PYR.c -> ALA.c,0.0266274637934185,0.00343197389943251
Net flux,ASPT,OAA -> ASP,0.0588559617015132,0.00758585669120249
Net flux,GLUDH,AKG -> GLU,0.132112239516749,0.0170277485433062
Net flux,PCR net,GLU <-> PRO,-2.48689957516035e-14,0
Exch flux,PCR exch,GLU <-> PRO,1.0000000116861e-07,0
Net flux,GS net,GLU <-> GLN,0,0
Exch flux,GS exch,GLU <-> GLN,1.00044381667885e-07,0
Net flux,TS net,ASP <-> THR,0,0
Exch flux,TS exch,ASP <-> THR,1.0000000116861e-07,0
Net flux,AS net,ASP <-> ASN,1.06581410364015e-14,0
Exch flux,AS exch,ASP <-> ASN,1.0000000116861e-07,0
Net flux,G_3PGA.p,0*3PGA.p -> 3PGA,2.46866297715087e-06,586.90833504055
Net flux,G_3PGA.c,0*3PGA.c -> 3PGA,92.9119081390914,407.119662874618
Net flux,G_DHAP.p,0*TP.p -> TP,40.685379842242,632.640211030712
Net flux,G_DHAP.c,0*TP.c -> TP,51.8471856996947,483.850097496504
Net flux,G_F6P.p,0*F6P.p -> F6P,48.6686345030749,615.208021319132
Net flux,G_F6P.c,0*F6P.c -> F6P,36.546576817712,386.019942034662
Net flux,G_FBP.p,0*FBP.p -> FBP,2.46866130737544e-06,564.145272910677
Net flux,G_FBP.c,0*FBP.c -> FBP,83.451231049022,383.783422132294
Net flux,G_G6P.p,0*G6P.p -> G6P,19.0549768397257,582.008165652124
Net flux,G_G6P.c,0*G6P.c -> G6P,58.8549499993083,425.016713267662
Net flux,G_RU5P.p,0*RU5P.p -> P5P,2.4686537116736e-06,554.485456438939
Net flux,G_X5P.p,0*X5P.p -> P5P,92.8477691503892,415.104844584257
Net flux,G_R5P.p,0*R5P.p -> R5P,82.2810779884949,414.114081014341
Net flux,G_GA.p,0*GA.p -> GA,38.4557044877564,1.75125823098153
Net flux,G_SER.p,0*SER.p -> SER,95.9116132374923,670.199945539198
Net flux,G_GLY.p,0*GLY.p -> GLY,10.9235498777598,423.061285119268
Net flux,G_RUBP.p,0*RUBP.p -> RUBP,92.5302752673063,444.993988801999
Net flux,G_S7P.p,0*S7P.p -> S7P,98.4567310636212,445.680417736235
Net flux,G_2PG.p,0*2PG.p -> 2PG,87.0427532706349,419.171718139916
Net flux,G_ADPG.p,0*ADPG.p -> ADPG,95.0805622183377,435.541092774005
Net flux,G_PEP.c,0*PEP.c -> PEP,89.2305410445615,420.760439903834
Net flux,G_UDPG.c,0*UDPG.c -> UDPG,72.4268033045549,435.380656443087
Net flux,G_ALA.c,0*ALA.c -> ALA,80.8079831867514,9.26873494926564
Net flux,(1-G)_GA,0*GA.x -> GA,61.5442955122457,1.75125823098153
Net flux,(1-G)_SER,0*SER.x -> SER,4.08838629928738,3.45809552568371
Net flux,(1-G)_GLY,0*GLY.x -> GLY,41.6326457034468,2.33099938736872
Net flux,(1-G)_R5P,0*R5P.x -> R5P,17.718922011502,414.114081014341
Net flux,(1-G)_RUBP,0*RUBP.x -> RUBP,7.46972473269241,444.993988801999
Net flux,(1-G)_3PGA,0*3PGA.x -> 3PGA,7.08808939224594,422.573729306486
Net flux,(1-G)_TP,0*TP.x -> TP,7.46743445806383,408.247900512784
Net flux,(1-G)_F6P,0*F6P.x -> F6P,14.7847886792169,475.990257821128
Net flux,(1-G)_FBP,0*FBP.x -> FBP,16.5487664823113,413.049481094579
Net flux,(1-G)_G6P,0*G6P.x -> G6P,22.0900731609643,413.902604028986
Net flux,(1-G)_RU5P,0*RU5P.x -> P5P,7.15222838095853,385.713971529159
Net flux,(1-G)_S7P,0*S7P.x -> S7P,1.54326893637677,445.680417736235
Net flux,(1-G)_2PG,0*2PG.x -> 2PG,12.9572467293675,419.171718139916
Net flux,(1-G)_ADPG,0*ADPG.x -> ADPG,4.91943778166132,435.541092774005
Net flux,(1-G)_PEP,0*PEP.x -> PEP,10.7694589554367,420.760439903834
Net flux,(1-G)_UDPG,0*UDPG.x -> UDPG,27.5731966954463,435.380656443087
Net flux,(1-G)_ALA,0*ALA.x -> ALA,19.1920168132484,9.26873494926564
Net flux,PGASink,3PGA -> Sink,100,0
Net flux,DHAPSink,TP -> Sink,100.000000000001,0
Net flux,F6PSink,F6P -> Sink,100.000000000004,0
Net flux,FBPSink,FBP -> Sink,99.9999999999947,0
Net flux,G6PSink,G6P -> Sink,99.9999999999983,0
Net flux,P5PSink,P5P -> Sink,100.000000000001,0
Net flux,R5PSink,R5P -> Sink,99.9999999999968,0
Net flux,GASink,GA -> Sink,100.000000000002,0
Net flux,SERSink,SER -> Sink,99.9999999999996,0
Net flux,GLYSink,GLY -> Sink,100.000000000001,0
Net flux,RUBPSink,RUBP -> Sink,99.9999999999987,0
Net flux,S7PSink,S7P -> Sink,99.9999999999979,0
Net flux,2PGSink,2PG -> Sink,100.000000000002,0
Net flux,ADPGSink,ADPG -> Sink,99.999999999999,0
Net flux,PEPSink,PEP -> Sink,99.9999999999983,0
Net flux,UDPGSink,UDPG -> Sink,100.000000000001,0
Net flux,ALASink,ALA -> Sink,99.9999999999998,0
Net flux,S6Pout-LL,S6P + 0.1611*GLU + 0.07177*ASP + 0.03247*ALA.c + 0.01019*dummyGLY + 0.03484*dummySER -> Sink,0.82006356000603,0.10569676314928
Net flux,PGP.p,2PG.p -> Glyc.p,18.0184815478522,0.591352222330231
Net flux,GOX,Glyc.p -> Glyx.p,18.0184815478522,0.591352222330231
Net flux,GGT,Glyx.p -> GLY.p,18.0184815478522,0.591352222330231
Net flux,SGAT,SER.p -> HPA.p,5.15455430294479,0.506062272725926
Net flux,HPR.p,HPA.p -> GA.p,5.15455430294478,0.506062272725926
Net flux,T_GLY-m net,GLY.p <-> GLY.m,8.18157382290519,441.508111543228
Exch flux,T_GLY-m exch,GLY.p <-> GLY.m,102432.849222898,472.004750200064
Net flux,GDC.m,GLY.m + dummy -> myTHF.m + CO2,9.00982705064774,0.464822007262873
Net flux,T_SER-m net,SER.p <-> SER.m,-9.00982705064757,0.464822007262873
Exch flux,T_SER-m exch,SER.p <-> SER.m,1751.98411746683,434.602625405565
Net flux,mSHMT,GLY.m + myTHF.m -> SER.m,9.00982705064774,0.464822007262873
Net flux,T_SER-c net,SER.p <-> SER.c,0.00952920112017841,0.734470904955045
Exch flux,T_SER-c exch,SER.p <-> SER.c,1.41463236285125,247.243306211591
Net flux,T_Gly-c net,GLY.p <-> GLY.c,9.82855127726573,441.507737263942
Exch flux,T_Gly-c exch,GLY.p <-> GLY.c,0.0371447985315081,441.489788074515
Net flux,cSHMT,SER.c -> GLY.c + meTHF.c,0.00952910112018079,0.734470904955018
Net flux,FmTHF-reductase net,meTHF.c <-> FmTHF.c,0.00952910112018124,0.734470904955018
Exch flux,FmTHF-reductase exch,meTHF.c <-> FmTHF.c,10.0677603931018,439.135413360345
Net flux,Met-synthase,FmTHF.c + Hcy.c -> Met.c,0.0095291011201607,0.734470904955018
Net flux,SAM-synthase,Met.c -> SAM.c,0.00952910112017036,0.734470904955018
Net flux,Methylation,SAM.c -> SAH.c + Acceptor.c,0.00952910112016503,0.734470904955018
Net flux,hydrolysis,SAH.c -> Hcy.c,0.00952910112015715,0.734470904955018
Net flux,G_SER.m,0*SER.m -> SER,1.00118114687575e-07,452.26751589862
Net flux,G_SER.c,0*SER.c -> SER,3.63101818834366e-07,460.623792539513
Net flux,G_Gly.m,0*GLY.m -> GLY,0.000228003204821192,423.008542865304
Net flux,G_Gly.c,0*GLY.c -> GLY,47.4435764155899,6.95138065959403
Net flux,T_GLY-c-m,GLY.c -> GLY.m,9.83808027838555,441.506695346623
Net flux,G_Glyc,0*Glyc.p -> Glyc,22.343074532842,1.12702949505163
Net flux,G_Glyx,0*Glyx.p -> Glyx,16.549829972611,3.06410040302983
Net flux,G_HPA,0*HPA.p -> HPA,8.46170987449779,1.30312327335652
Net flux,(1-G)_Glyc,0*Glyc.x -> Glyc,77.6569254671586,1.12702949505163
Net flux,(1-G)_Glyx,0*Glyx.x -> Glyx,83.4501700273899,3.06410040302983
Net flux,(1-G)_HPA,0*HPA.x -> HPA,91.5382901255021,1.30312327335652
Net flux,GlycSink,Glyc -> Sink,100.000000000001,0
Net flux,GlyxSink,Glyx -> Sink,100.000000000001,0
Net flux,HPASink,HPA -> Sink,99.9999999999998,0
Net flux,SERex,dummySER -> outSER,3.81716990302821,0.619882543740899
Net flux,G_PYR,0*PYR.c -> PYR,30.7985934010432,1.7268257215843
Net flux,(1-G)_PYR,0*PYR.x -> PYR,69.201406598957,1.7268257215843
Net flux,PYRSink,PYR -> Sink,100,0
Net flux,G_meTHF,0*meTHF.c -> meTHF,99.9999999,0
Net flux,G_FmTHF,0*FmTHF.c -> FmTHF,78.4614613441014,3.56966240777541
Net flux,G_Met,0*Met.c -> Met,61.5007285586998,4.15109895025336
Net flux,G_SAM,0*SAM.c -> SAM,68.0648592826035,4.57814124869766
Net flux,(1-G)_meTHF,0*meTHF.x -> meTHF,1.0000000116861e-07,0
Net flux,(1-G)_FmTHF,0*FmTHF.x -> FmTHF,21.5385386558987,3.56966240777541
Net flux,(1-G)_Met,0*Met.x -> Met,38.4992714413002,4.15109895025336
Net flux,(1-G)_SAM,0*SAM.x -> SAM,31.9351407173965,4.57814124869766
Net flux,meTHFSink,meTHF -> Sink,99.9999999999999,0
Net flux,FmTHFSink,FmTHF -> Sink,100,0
Net flux,MetSink,Met -> Sink,100,0
Net flux,SAMsink,SAM -> Sink,100,0
Net flux,Met-protein,Met.c -> Protein,6.51983996113883e-15,0
Net flux,GLY-protein,GLY.c -> Protein,1.00000395519828e-07,3.3462894407203e-16
Net flux,SER-protein,SER.c -> Protein,1.0000000116861e-07,3.72886490456087e-17
Pool,2PG pool,,0,0
Pool,2PG.p pool,,2.47344207197846e-06,451.75835106349
Pool,2PG.x pool,,1,Inf
Pool,3PGA pool,,0,0
Pool,3PGA.c pool,,0.00555890254561043,0.00393146817620927
Pool,3PGA.p pool,,2.79851814985302e-06,458.024225060809
Pool,3PGA.x pool,,1,Inf
Pool,ACA pool,,1.66828322410271e-06,434.903981903606
Pool,ADPG pool,,0,0
Pool,ADPG.p pool,,9.9999999999999e-08,Inf
Pool,ADPG.x pool,,1,Inf
Pool,AKG pool,,2.0579332539032e-06,469.856392706681
Pool,ALA pool,,0,0
Pool,ALA.c pool,,0.00902546459206968,0.00261141967101268
Pool,ALA.x pool,,1,Inf
Pool,ASN pool,,7565.91323663902,428.951561012031
Pool,ASP pool,,1e-07,0
Pool,Acceptor.c pool,,1,Inf
Pool,CIT pool,,6.3606020144555,4.82465324947021
Pool,CO2 pool,,0.316708114116826,0.170540461835436
Pool,CO2.t pool,,1,Inf
Pool,E4P.p pool,,0,0
Pool,EC2 pool,,0,0
Pool,F6P pool,,0,0
Pool,F6P.c pool,,3.82978800544215e-06,428.195523865033
Pool,F6P.p pool,,2.18779441703233e-06,433.970199074077
Pool,F6P.x pool,,1,Inf
Pool,FBP pool,,0,0
Pool,FBP.c pool,,3.82974408920165e-06,449.121189112072
Pool,FBP.p pool,,2.00256596591207e-06,444.745180128409
Pool,FBP.x pool,,1,Inf
Pool,FmTHF pool,,1.32670967195885,0.747595326939939
Pool,FmTHF.c pool,,1.32210877002246e-06,417.533845999266
Pool,FmTHF.x pool,,1,Inf
Pool,G6P pool,,0,0
Pool,G6P.c pool,,9.87539935215019e-06,426.565414384948
Pool,G6P.p pool,,3.02097080043851e-06,463.224262742553
Pool,G6P.x pool,,1,Inf
Pool,GA pool,,0,0
Pool,GA.p pool,,1.0644620997259e-06,476.042526505786
Pool,GA.x pool,,1,Inf
Pool,GLN pool,,8.83867754986746,447.219076086352
Pool,GLU pool,,2.05793645140147e-06,470.519644826363
Pool,GLY pool,,0,0
Pool,GLY.c pool,,0.567970078205872,0.130401361359352
Pool,GLY.m pool,,0.0914383516054316,0.133359040339731
Pool,GLY.p pool,,0.000424441423285979,457.382292486035
Pool,GLY.x pool,,1,Inf
Pool,Glyc pool,,3.84233741110605,1.03357701025479
Pool,Glyc.p pool,,4.84511908278182e-06,430.27825464163
Pool,Glyc.x pool,,1,Inf
Pool,Glyx pool,,30.7468276309198,12.6078360380806
Pool,Glyx.p pool,,7.62875456506556e-06,418.651030966614
Pool,Glyx.x pool,,1,Inf
Pool,HPA pool,,0.000111353916275449,460.745398311228
Pool,HPA.p pool,,9.24364034492233e-07,450.96605533045
Pool,HPA.x pool,,1,Inf
Pool,Hcy.c pool,,1,Inf
Pool,ICI pool,,0.00357369185111491,443.727717547551
Pool,MAL pool,,0.527030788368652,0.129945060377196
Pool,Met pool,,4.34604317617331e-05,455.711613633846
Pool,Met.c pool,,5.27070174505638e-07,468.611673211883
Pool,Met.x pool,,1,Inf
Pool,OAA pool,,0.121547206422644,0.0242978346115917
Pool,P5P pool,,0,0
Pool,PEP pool,,0,0
Pool,PEP.c pool,,0.00182660027484247,0.00569393154133422
Pool,PEP.x pool,,1,Inf
Pool,PRO pool,,5.39499638090773,467.97569183629
Pool,PYR pool,,1e-07,0
Pool,PYR.c pool,,0.0035602367827235,0.00286101139510322
Pool,PYR.x pool,,1,Inf
Pool,Protein pool,,1,Inf
Pool,R5P pool,,0,0
Pool,R5P.p pool,,3.23634060104265e-06,440.029708471496
Pool,R5P.x pool,,1,Inf
Pool,RU5P.p pool,,2.09418770989136e-06,449.928116446114
Pool,RU5P.x pool,,1,Inf
Pool,RUBP pool,,0,0
Pool,RUBP.p pool,,2.10385126765698e-06,455.258694152068
Pool,RUBP.x pool,,1,Inf
Pool,S6P pool,,1,Inf
Pool,S7P pool,,0,0
Pool,S7P.p pool,,1.76160262770911e-06,440.773774451247
Pool,S7P.x pool,,1,Inf
Pool,SAH.c pool,,1,Inf
Pool,SAM pool,,2.76434171617024,183.092947490399
Pool,SAM.c pool,,0.000245843273795053,0.0310433619060499
Pool,SAM.x pool,,1,Inf
Pool,SBP pool,,0,0
Pool,SER pool,,0,0
Pool,SER.c pool,,1.00000000002876e-07,0
Pool,SER.m pool,,1.03062606371832,0.110110767694998
Pool,SER.p pool,,1.00000012166525e-07,447.050566821458
Pool,SER.x pool,,1,Inf
Pool,Sink pool,,1,Inf
Pool,Starch pool,,1,Inf
Pool,THR pool,,3859.44972472369,438.393878450528
Pool,TP pool,,0,0
Pool,TP.c pool,,4.1876709245367e-06,434.646634906343
Pool,TP.p pool,,2.83808044792564e-06,436.937946462059
Pool,TP.x pool,,1,Inf
Pool,UDPG pool,,0,0
Pool,UDPG.c pool,,0.551354563065779,468.793099120484
Pool,UDPG.x pool,,1,Inf
Pool,X5P.p pool,,2.13617652244642e-06,443.741007215445
Pool,dummy pool,,1,Inf
Pool,dummyGLY pool,,1,Inf
Pool,dummySER pool,,1,Inf
Pool,meTHF pool,,0.896141542819504,0.878939930278326
Pool,meTHF.c pool,,1.47639297408029e-06,423.174531034705
Pool,meTHF.x pool,,1,Inf
Pool,myTHF.m pool,,4.86438176871795e-06,457.68396361739
Pool,outSER pool,,1,Inf
Norm,Experiment1 Glyc205 #1 norm,,0.999934395195413,0.0130399051835519
Norm,Experiment1 Glyc205 #2 norm,,0.992436167024191,0.0250421568262132
Norm,Experiment1 Glyc205 #3 norm,,0.991524680788785,0.0224034708466746
Norm,Experiment1 Glyc205 #4 norm,,0.979713093040845,0.0321596752788131
Norm,Experiment1 Glyc205 #5 norm,,1.01533048719438,0.0360095936437433
Norm,Experiment1 Glyc205 #6 norm,,1.01058631621517,0.0278916660236872
Norm,Experiment1 Glyc205 #7 norm,,0.975745788374452,0.0361935089887354
Norm,Experiment1 Glyc205 #8 norm,,0.976613266370542,0.0299805216154594
Norm,Experiment1 Glyx160 #1 norm,,1.00498764852537,0.0109162698304864
Norm,Experiment1 Glyx160 #2 norm,,0.982608258010507,0.012781445397025
Norm,Experiment1 Glyx160 #3 norm,,0.969745514551235,0.0170279756722542
Norm,Experiment1 Glyx160 #4 norm,,1.00300239032806,0.0143271612977847
Norm,Experiment1 Glyx160 #5 norm,,0.966539794644562,0.0342695614568294
Norm,Experiment1 Glyx160 #6 norm,,1.02848491365284,0.0214761750930865
Norm,Experiment1 Glyx160 #7 norm,,0.932306202799379,0.0380834821407329
Norm,Experiment1 Glyx160 #8 norm,,1.01492915066875,0.040217775050438
Norm,Experiment1 GLY276 #1 norm,,0.972847027643318,0.00983881032584087
Norm,Experiment1 GLY276 #2 norm,,0.975675083072697,0.025551676194738
Norm,Experiment1 GLY276 #3 norm,,1.0216642780463,0.0477699032119888
Norm,Experiment1 GLY276 #4 norm,,1.01110431903359,0.0617046546143747
Norm,Experiment1 GLY276 #5 norm,,0.938256525531719,0.155337480206562
Norm,Experiment1 GLY276 #6 norm,,1.02913385164692,0.0928382591921385
Norm,Experiment1 GLY276 #7 norm,,1.01410564127728,0.062518854993739
Norm,Experiment1 GLY276 #8 norm,,0.988615853478894,0.0702832551387265
Norm,Experiment1 HPA262 #1 norm,,1.00592867471162,0.0109701389255511
Norm,Experiment1 HPA262 #2 norm,,0.993152706696291,0.0287235996828057
Norm,Experiment1 HPA262 #3 norm,,0.93893041471797,0.0126415977947245
Norm,Experiment1 HPA262 #4 norm,,0.965130153187619,0.0368346780128134
Norm,Experiment1 HPA262 #5 norm,,0.967157043589667,0.0237439175087517
Norm,Experiment1 HPA262 #6 norm,,0.991872324127854,0.0339149142851373
Norm,Experiment1 HPA262 #7 norm,,1.03373661284533,0.025991154954473
Norm,Experiment1 HPA262 #8 norm,,1.02301937559442,0.0240668610815287
Norm,Experiment1 GA307 #1 norm,,1.04463956888749,0.0129389196662088
Norm,Experiment1 GA307 #2 norm,,0.963436526432705,0.029421470126841
Norm,Experiment1 GA307 #3 norm,,0.913400601831841,0.0285812351400206
Norm,Experiment1 GA307 #4 norm,,0.992067627952839,0.0202379761547821
Norm,Experiment1 GA307 #5 norm,,0.938496918847304,0.0533620442262299
Norm,Experiment1 GA307 #6 norm,,1.04457628913803,0.0436259228929071
Norm,Experiment1 GA307 #7 norm,,1.00077516662531,0.0431000639744595
Norm,Experiment1 GA307 #8 norm,,0.978105505415685,0.0332253397896587
Norm,Experiment1 SER306 #1 norm,,0.969627111122635,0.0137533944302468
Norm,Experiment1 SER306 #2 norm,,0.987894344234655,0.0228321478125933
Norm,Experiment1 SER306 #3 norm,,0.998350321283239,0.0440624214447494
Norm,Experiment1 SER306 #4 norm,,1.02023007006905,0.0469764662664708
Norm,Experiment1 SER306 #5 norm,,1.0647282575851,0.0984517813605556
Norm,Experiment1 SER306 #6 norm,,0.890609271101287,0.066157649496161
Norm,Experiment1 SER306 #7 norm,,1.0413648960738,0.0473845649019823
Norm,Experiment1 SER306 #8 norm,,0.961122347109935,0.0514184487832039
Norm,Experiment1 meTHF #1 norm,,1.00333327435682,0.0101236199193845
Norm,Experiment1 meTHF #2 norm,,1.01258862934782,0.0104546093971749
Norm,Experiment1 meTHF #3 norm,,0.961067205723285,0.0719890309993682
Norm,Experiment1 meTHF #4 norm,,0.978686100672147,0.0493171381794646
Norm,Experiment1 meTHF #5 norm,,1.0093482818887,0.0757685741759311
Norm,Experiment1 meTHF #6 norm,,1.06718358057596,0.147078442608526
Norm,Experiment1 meTHF #7 norm,,0.998309432703849,0.0661088407442127
Norm,Experiment1 meTHF #8 norm,,0.953415582688128,0.111942852488619
Norm,Experiment1 FmTHF #1 norm,,0.984505887496172,0.00995240462088647
Norm,Experiment1 FmTHF #2 norm,,0.998523650190782,0.0234470260669839
Norm,Experiment1 FmTHF #3 norm,,0.98488673271253,0.0332510516909676
Norm,Experiment1 FmTHF #4 norm,,1.00914498423919,0.0274612307422842
Norm,Experiment1 FmTHF #5 norm,,0.943892809005238,0.0633136062385891
Norm,Experiment1 FmTHF #6 norm,,1.00483867552861,0.0636100765196935
Norm,Experiment1 FmTHF #7 norm,,0.977245958064592,0.052124029009492
Norm,Experiment1 FmTHF #8 norm,,1.08568039241519,0.0845953619956183
Norm,Experiment1 Met176 #1 norm,,0.938289655913306,0.0235772337810831
Norm,Experiment1 Met176 #2 norm,,0.911408003019007,0.0332266166272109
Norm,Experiment1 Met176 #3 norm,,0.942097334003942,0.0509733475509853
Norm,Experiment1 Met176 #4 norm,,1.01628392448837,0.0384378254670409
Norm,Experiment1 Met176 #5 norm,,0.942993512207002,0.0728397972321124
Norm,Experiment1 Met176 #6 norm,,1.00317103812189,0.135078194958527
Norm,Experiment1 Met176 #7 norm,,0.999843046510674,0.0977973382031663
Norm,Experiment1 Met176 #8 norm,,0.995696134372789,0.104688971033854
Norm,Experiment1 SAM #1 norm,,1.00342895025143,0.0118677357178645
Norm,Experiment1 SAM #2 norm,,0.984992889100549,0.011808165606063
Norm,Experiment1 SAM #3 norm,,1.01388315151032,0.0143198016983407
Norm,Experiment1 SAM #4 norm,,1.02294504562615,0.0255979082526925
Norm,Experiment1 SAM #5 norm,,0.978868278577853,0.0405787468287329
Norm,Experiment1 SAM #6 norm,,0.996946315743683,0.0623808824632821
Norm,Experiment1 SAM #7 norm,,0.99841833619164,0.094359537259643
Norm,Experiment1 SAM #8 norm,,0.997976881750435,0.0925116384519805
Norm,Experiment1 CIT465 #1 norm,,1.02541552579836,0.0122382329894578
Norm,Experiment1 CIT465 #2 norm,,0.957796663235582,0.0127764785810329
Norm,Experiment1 CIT465 #3 norm,,1.01378703395015,0.0115305434599078
Norm,Experiment1 CIT465 #4 norm,,0.943819016133608,0.0158898573924591
Norm,Experiment1 CIT465 #5 norm,,0.981177677454545,0.0133874607827651
Norm,Experiment1 CIT465 #6 norm,,0.975031626827792,0.0125370584257099
Norm,Experiment1 CIT465 #7 norm,,0.989903920993257,0.0120920975304268
Norm,Experiment1 CIT465 #8 norm,,0.981884345007363,0.0191559149812012
Norm,Experiment1 MAL335 #1 norm,,0.97046723809131,0.0123906167026409
Norm,Experiment1 MAL335 #2 norm,,0.973502237342874,0.0109998165923854
Norm,Experiment1 MAL335 #3 norm,,0.985985627402634,0.0105504698438529
Norm,Experiment1 MAL335 #4 norm,,0.988314702501213,0.0146546504373971
Norm,Experiment1 MAL335 #5 norm,,0.919514009423858,0.0129928768008055
Norm,Experiment1 MAL335 #6 norm,,0.99560824441215,0.0140437116560526
Norm,Experiment1 MAL335 #7 norm,,0.989929331094534,0.0215189499296789
Norm,Experiment1 MAL335 #8 norm,,1.02008449911092,0.0365031107274587
Norm,Experiment1 ASP334 #1 norm,,1.03490852792854,0.024328748123194
Norm,Experiment1 ASP334 #2 norm,,0.958585201403579,0.0312532328393065
Norm,Experiment1 ASP334 #3 norm,,0.970361376774992,0.0199981600307441
Norm,Experiment1 ASP334 #4 norm,,0.966205295064263,0.018316979089178
Norm,Experiment1 ASP334 #5 norm,,0.960086760012211,0.0275821441111186
Norm,Experiment1 ASP334 #6 norm,,0.99956304119945,0.0314540207562465
Norm,Experiment1 ASP334 #7 norm,,1.02773754820096,0.0330841498925726
Norm,Experiment1 ASP334 #8 norm,,0.989953749569111,0.0918936331354328
Norm,Experiment1 GLU348 #1 norm,,0.971673819149471,0.0205321831238324
Norm,Experiment1 GLU348 #2 norm,,1.02459530069095,0.0200176668758114
Norm,Experiment1 GLU348 #3 norm,,0.986081610329839,0.0112669875652638
Norm,Experiment1 GLU348 #4 norm,,0.939438559673468,0.0343462666626251
Norm,Experiment1 GLU348 #5 norm,,0.983100219946291,0.0238632706342687
Norm,Experiment1 GLU348 #6 norm,,0.98100128320981,0.012984116343324
Norm,Experiment1 GLU348 #7 norm,,1.0096726013859,0.014434444410125
Norm,Experiment1 GLU348 #8 norm,,0.976368637587773,0.0216081041584564
Norm,Experiment1 THR320 #1 norm,,1.01551584740696,0.0106049390522093
Norm,Experiment1 THR320 #2 norm,,0.95159735257326,0.0136661109509181
Norm,Experiment1 THR320 #3 norm,,1.00845263260343,0.0106474345748692
Norm,Experiment1 THR320 #4 norm,,0.970621421070088,0.028256567393534
Norm,Experiment1 THR320 #5 norm,,0.977170415299988,0.0191661022712058
Norm,Experiment1 THR320 #6 norm,,0.964698517003128,0.0109456056271252
Norm,Experiment1 THR320 #7 norm,,0.990316192204477,0.0139797241660229
Norm,Experiment1 THR320 #8 norm,,0.889243981475929,0.0239840079355757
Norm,Experiment1 ALA116 #1 norm,,1.02335026456353,0.0102488845858277
Norm,Experiment1 ALA116 #2 norm,,0.976843351150519,0.00976522371103423
Norm,Experiment1 ALA116 #3 norm,,1.01786265905916,0.0183915410132652
Norm,Experiment1 ALA116 #4 norm,,1.08676097802744,0.0260252717741328
Norm,Experiment1 ALA116 #5 norm,,0.955885921051748,0.0872985440724309
Norm,Experiment1 ALA116 #6 norm,,0.97231541566131,0.0741385335200547
Norm,Experiment1 ALA116 #7 norm,,1.01562272708145,0.0581568843348902
Norm,Experiment1 ALA116 #8 norm,,0.920336698653706,0.124388834473974
Norm,Experiment1 PYR #1 norm,,0.954769722073743,0.0165574999842215
Norm,Experiment1 PYR #2 norm,,1.05168119760761,0.055532002197901
Norm,Experiment1 PYR #3 norm,,0.947352803029431,0.11047752603922
Norm,Experiment1 PYR #4 norm,,1.05672926368522,0.0476367067566675
Norm,Experiment1 PYR #5 norm,,1.03128825063287,0.0538123042112966
Norm,Experiment1 PYR #6 norm,,1.02283276841783,0.0529067193246993
Norm,Experiment1 PYR #7 norm,,0.953624977157423,0.121136753097506
Norm,Experiment1 PYR #8 norm,,0.978461566461012,0.0562012939314918
