type,id,eqn,val,std
Net flux,CO2.t,CO2.t -> CO2,46.0784307007667,1.10075834118692
Net flux,CO2_sink,dummy -> Sink,46.0784307007666,1.10075834118692
Net flux,RUBICSO_CO2,RUBP.p + CO2 -> 3PGA.p + 3PGA.p + dummy,57.017527043062,1.20848572182835
Net flux,GAPDH.p net,3PGA.p <-> TP.p,136.883675615105,2.68418461662411
Exch flux,GAPDH.p exch,3PGA.p <-> TP.p,0.957190835855044,0.386977091213964
Net flux,ALD,TP.p + E4P.p -> SBP,25.1291733382426,0.484780527632669
Net flux,SBP,SBP -> S7P.p,25.1291733382426,0.484780527632669
Net flux,FBA.p net,TP.p + TP.p <-> FBP.p,29.4190600480943,0.654459102045946
Exch flux,FBA.p exch,TP.p + TP.p <-> FBP.p,21180.3129387679,2103.22916225107
Net flux,PFK.p net,FBP.p <-> F6P.p,29.4190600480974,0.654459102045946
Exch flux,PFK.p exch,FBP.p <-> F6P.p,1.00001201985833e-07,1.02422518247118e-12
Net flux,TK1 net,TP.p + EC2 <-> X5P.p,50.2583466764852,0.969561055265338
Exch flux,TK1 exch,TP.p + EC2 <-> X5P.p,1.00000026037605e-07,0
Net flux,TK2 net,S7P.p <-> R5P.p + EC2,25.1291733382426,0.484780527632669
Exch flux,TK2 exch,S7P.p <-> R5P.p + EC2,37.7995192110806,1952.0196439479
Net flux,TK3 net,F6P.p <-> E4P.p + EC2,25.1291733382423,0.484780527632669
Exch flux,TK3 exch,F6P.p <-> E4P.p + EC2,7906.50065690479,3469.15866629758
Net flux,PPE net,X5P.p <-> RU5P.p,50.2583466764852,0.969561055265338
Exch flux,PPE exch,X5P.p <-> RU5P.p,114.935138767403,3727.02504705869
Net flux,PPI net,R5P.p <-> RU5P.p,25.1291733382427,0.484780527632669
Exch flux,PPI exch,R5P.p <-> RU5P.p,235.855746253827,3195.51390328047
Net flux,PRK,RU5P.p -> RUBP.p,75.387520014728,1.45434158289802
Net flux,RUBISCO_O2,RUBP.p -> 3PGA.p + 2PG.p,18.369992971666,0.591671058414603
Net flux,GLYdil net,GLY.p <-> GLY.x + dummyGLY,0.00677134544692848,0.00108118480918702
Exch flux,GLYdil exch,GLY.p <-> GLY.x + dummyGLY,0.0455053692943821,1817.75968499741
Net flux,SERdil net,SER.p <-> SER.x + dummySER,2.72148205857335,7.43728703282384
Exch flux,SERdil exch,SER.p <-> SER.x + dummySER,0.880646910676369,0.60975837453433
Net flux,GK,GA.p -> 3PGA.p,4.76200172241628,0.546982819781055
Net flux,PGI.p net,F6P.p <-> G6P.p,4.28988670985449,0.347116425385786
Exch flux,PGI.p exch,F6P.p <-> G6P.p,4.19126360898996,4071.91116874583
Net flux,PGM.p,G6P.p -> ADPG.p,4.2898867098545,0.347116425385786
Net flux,Starch,ADPG.p -> Starch,4.28988670985447,0.347116425385786
Net flux,FBA.c net,TP.c + TP.c <-> FBP.c,1.3290177520903,0.212205064791571
Exch flux,FBA.c exch,TP.c + TP.c <-> FBP.c,21.0116496804136,3046.65911379958
Net flux,PFK.c net,FBP.c <-> F6P.c,1.32901775209031,0.212205064791571
Exch flux,PFK.c exch,FBP.c <-> F6P.c,5.66515901725506,4000.04547397735
Net flux,PGI.c net,F6P.c <-> G6P.c,0.664508876045176,0.106102532395786
Exch flux,PGI.c exch,F6P.c <-> G6P.c,227.479566282221,3202.81223694542
Net flux,PGM.c net,G6P.c <-> UDPG.c,0.664508876041509,0.106102532395786
Exch flux,PGM.c exch,G6P.c <-> UDPG.c,48481.4186146217,3420.08259389421
Net flux,SPS,F6P.c + UDPG.c -> S6P,0.664508876045122,0.106102532395786
Net flux,PGAM.c net,3PGA.c <-> PEP.c,0.283373165101051,0.0452463639678808
Exch flux,PGAM.c exch,3PGA.c <-> PEP.c,2.08174397370724,3927.0749001109
Net flux,PK.c,PEP.c -> PYR.c,0.128628983136344,0.0205382672566789
Net flux,PDH,PYR.c + dummy -> ACA + CO2,0.107052379930979,0.0170931179997793
Net flux,CS,OAA + ACA -> CIT,0.107052379930975,0.0170931179997793
Net flux,ACO net,CIT <-> ICI,0.107052379931019,0.0170931179997793
Exch flux,ACO exch,CIT <-> ICI,1158.22483444325,3558.55813298888
Net flux,IDH,ICI + dummy -> AKG + CO2,0.107052379930991,0.0170931179997793
Net flux,MDH net,MAL <-> OAA,2.1316282072803e-14,0
Exch flux,MDH exch,MAL <-> OAA,0.259497070909937,0.0853849405556499
Net flux,PPC,PEP.c + CO2 -> OAA + dummy,0.154744181964225,0.0247080967749913
Net flux,T_3PGA net,3PGA.p <-> 3PGA.c,0.283373165101029,0.0452463639678808
Exch flux,T_3PGA exch,3PGA.p <-> 3PGA.c,4.79997194807862,3585.70309730826
Net flux,T_DHAP net,TP.p <-> TP.c,2.65803550418065,0.424410129583143
Exch flux,T_DHAP exch,TP.p <-> TP.c,9.99999998363421e-08,0
Net flux,ALT,PYR.c -> ALA.c,0.0215766032052198,0.00344514923287535
Net flux,ASPT,OAA -> ASP,0.0476918020337986,0.00761497875474122
Net flux,GLUDH,AKG -> GLU,0.107052379930968,0.0170931179997793
Net flux,PCR net,GLU <-> PRO,-2.48689957516035e-14,0
Exch flux,PCR exch,GLU <-> PRO,1.0000000116861e-07,0
Net flux,GS net,GLU <-> GLN,0,0
Exch flux,GS exch,GLU <-> GLN,1.00044061923654e-07,0
Net flux,TS net,ASP <-> THR,0,0
Exch flux,TS exch,ASP <-> THR,1.0000000116861e-07,0
Net flux,AS net,ASP <-> ASN,1.06581410364015e-14,0
Exch flux,AS exch,ASP <-> ASN,1.0000000116861e-07,0
Net flux,G_3PGA.p,0*3PGA.p -> 3PGA,2.46866294162373e-06,5409.33575341016
Net flux,G_3PGA.c,0*3PGA.c -> 3PGA,92.9119081388886,3674.40743280338
Net flux,G_DHAP.p,0*TP.p -> TP,40.685379842242,4867.04567050905
Net flux,G_DHAP.c,0*TP.c -> TP,51.8471856996947,3439.17864714543
Net flux,G_F6P.p,0*F6P.p -> F6P,48.6686345030749,4959.63451761174
Net flux,G_F6P.c,0*F6P.c -> F6P,36.546576817712,3538.18065481606
Net flux,G_FBP.p,0*FBP.p -> FBP,2.46866126474288e-06,5205.24372712139
Net flux,G_FBP.c,0*FBP.c -> FBP,83.4512310509956,3879.73826538014
Net flux,G_G6P.p,0*G6P.p -> G6P,19.0549768397257,4872.50242029826
Net flux,G_G6P.c,0*G6P.c -> G6P,58.8549499993083,3450.63346392432
Net flux,G_RU5P.p,0*RU5P.p -> P5P,2.46865367614646e-06,4857.35059555327
Net flux,G_X5P.p,0*X5P.p -> P5P,92.8477691503245,3359.94548814697
Net flux,G_R5P.p,0*R5P.p -> R5P,82.2810779884949,3735.18586627489
Net flux,G_GA.p,0*GA.p -> GA,38.0792313462174,1.6243385933304
Net flux,G_SER.p,0*SER.p -> SER,94.1409861662457,4951.80868452195
Net flux,G_GLY.p,0*GLY.p -> GLY,1.00000008274037e-07,3.77057028865092e-13
Net flux,G_RUBP.p,0*RUBP.p -> RUBP,92.5302752673063,3602.6509453811
Net flux,G_S7P.p,0*S7P.p -> S7P,98.4567310636212,3393.29508439213
Net flux,G_2PG.p,0*2PG.p -> 2PG,87.0427532706349,3331.72039720028
Net flux,G_ADPG.p,0*ADPG.p -> ADPG,95.0805622183377,3548.80409042556
Net flux,G_PEP.c,0*PEP.c -> PEP,89.2305410445615,3587.22597282367
Net flux,G_UDPG.c,0*UDPG.c -> UDPG,72.4268033045549,3457.30793718809
Net flux,G_ALA.c,0*ALA.c -> ALA,78.6447030536246,8.08381530667619
Net flux,(1-G)_GA,0*GA.x -> GA,61.9207686537847,1.6243385933304
Net flux,(1-G)_SER,0*SER.x -> SER,5.85901360565587,2.589887439447
Net flux,(1-G)_GLY,0*GLY.x -> GLY,33.4833598525653,2.85014029708572
Net flux,(1-G)_R5P,0*R5P.x -> R5P,17.718922011502,3735.18586627489
Net flux,(1-G)_RUBP,0*RUBP.x -> RUBP,7.46972473269241,3602.6509453811
Net flux,(1-G)_3PGA,0*3PGA.x -> 3PGA,7.08808939244878,4008.80845250603
Net flux,(1-G)_TP,0*TP.x -> TP,7.46743445806383,3478.24845521013
Net flux,(1-G)_F6P,0*F6P.x -> F6P,14.7847886792169,3530.38304288363
Net flux,(1-G)_FBP,0*FBP.x -> FBP,16.5487664803378,3498.85198549259
Net flux,(1-G)_G6P,0*G6P.x -> G6P,22.0900731609643,3556.42729635011
Net flux,(1-G)_RU5P,0*RU5P.x -> P5P,7.15222838102326,3583.41348316334
Net flux,(1-G)_S7P,0*S7P.x -> S7P,1.54326893637677,3393.29508439213
Net flux,(1-G)_2PG,0*2PG.x -> 2PG,12.9572467293675,3331.72039720028
Net flux,(1-G)_ADPG,0*ADPG.x -> ADPG,4.91943778166132,3548.80409042556
Net flux,(1-G)_PEP,0*PEP.x -> PEP,10.7694589554367,3587.22597282367
Net flux,(1-G)_UDPG,0*UDPG.x -> UDPG,27.5731966954463,3457.30793718809
Net flux,(1-G)_ALA,0*ALA.x -> ALA,21.3552969463752,8.08381530667619
Net flux,PGASink,3PGA -> Sink,100,0
Net flux,DHAPSink,TP -> Sink,100.000000000001,0
Net flux,F6PSink,F6P -> Sink,100.000000000004,0
Net flux,FBPSink,FBP -> Sink,99.9999999999947,0
Net flux,G6PSink,G6P -> Sink,99.9999999999983,0
Net flux,P5PSink,P5P -> Sink,100.000000000001,0
Net flux,R5PSink,R5P -> Sink,99.9999999999968,0
Net flux,GASink,GA -> Sink,100.000000000002,0
Net flux,SERSink,SER -> Sink,99.9999999999996,0
Net flux,GLYSink,GLY -> Sink,100.000000000001,0
Net flux,RUBPSink,RUBP -> Sink,99.9999999999987,0
Net flux,S7PSink,S7P -> Sink,99.9999999999979,0
Net flux,2PGSink,2PG -> Sink,100.000000000002,0
Net flux,ADPGSink,ADPG -> Sink,99.999999999999,0
Net flux,PEPSink,PEP -> Sink,99.9999999999983,0
Net flux,UDPGSink,UDPG -> Sink,100.000000000001,0
Net flux,ALASink,ALA -> Sink,99.9999999999998,0
Net flux,S6Pout-LL,S6P + 0.1611*GLU + 0.07177*ASP + 0.03247*ALA.c + 0.01019*dummyGLY + 0.03484*dummySER -> Sink,0.664508876045158,0.106102532395786
Net flux,PGP.p,2PG.p -> Glyc.p,18.369992971666,0.591671058414603
Net flux,GOX,Glyc.p -> Glyx.p,18.369992971666,0.591671058414603
Net flux,GGT,Glyx.p -> GLY.p,18.369992971666,0.591671058414603
Net flux,SGAT,SER.p -> HPA.p,4.76200172241626,0.546982819781055
Net flux,HPR.p,HPA.p -> GA.p,4.76200172241626,0.546982819781055
Net flux,T_GLY-m net,GLY.p <-> GLY.m,13.5028658690862,3320.38985992633
Exch flux,T_GLY-m exch,GLY.p <-> GLY.m,95629.4685411677,3569.57163589309
Net flux,GDC.m,GLY.m + dummy -> myTHF.m + CO2,10.8797357643981,0.584205085312422
Net flux,T_SER-m net,SER.p <-> SER.m,-10.8797357643981,0.584205085312422
Exch flux,T_SER-m exch,SER.p <-> SER.m,196.167313839982,3406.06065266518
Net flux,mSHMT,GLY.m + myTHF.m -> SER.m,10.8797357643981,0.584205085312422
Net flux,T_SER-c net,SER.p <-> SER.c,3.39625198340847,7.33037097117127
Exch flux,T_SER-c exch,SER.p <-> SER.c,0.0906432986420698,0.676943252516759
Net flux,T_Gly-c net,GLY.p <-> GLY.c,4.86035575711899,3320.38980448426
Exch flux,T_Gly-c exch,GLY.p <-> GLY.c,0.0405408379408954,3320.38876539408
Net flux,cSHMT,SER.c -> GLY.c + meTHF.c,3.39625188340848,1.07692626671296
Net flux,FmTHF-reductase net,meTHF.c <-> FmTHF.c,3.39625188340848,1.07692626671296
Exch flux,FmTHF-reductase exch,meTHF.c <-> FmTHF.c,5.66611176439158,3608.56893641227
Net flux,Met-synthase,FmTHF.c + Hcy.c -> Met.c,3.39625188340846,1.07692626671296
Net flux,SAM-synthase,Met.c -> SAM.c,3.39625188340847,1.07692626671296
Net flux,Methylation,SAM.c -> SAH.c + Acceptor.c,3.39625188340846,1.07692626671296
Net flux,hydrolysis,SAH.c -> Hcy.c,3.39625188340845,1.07692626671296
Net flux,G_SER.m,0*SER.m -> SER,1.10456092272671e-07,3660.21687727278
Net flux,G_SER.c,0*SER.c -> SER,1.17641960173387e-07,3539.97824256912
Net flux,G_Gly.m,0*GLY.m -> GLY,1.0000000116861e-07,1.38800905515712e-13
Net flux,G_Gly.c,0*GLY.c -> GLY,66.5166399474359,2.85014029708572
Net flux,T_GLY-c-m,GLY.c -> GLY.m,8.25660565969616,3320.38982686078
Net flux,G_Glyc,0*Glyc.p -> Glyc,22.0557373010308,1.21118900125712
Net flux,G_Glyx,0*Glyx.p -> Glyx,10.1980286991926,1.17924137823218
Net flux,G_HPA,0*HPA.p -> HPA,7.0393693071128,1.30963446119516
Net flux,(1-G)_Glyc,0*Glyc.x -> Glyc,77.9442626989698,1.21118900125712
Net flux,(1-G)_Glyx,0*Glyx.x -> Glyx,89.8019713008083,1.17924137823218
Net flux,(1-G)_HPA,0*HPA.x -> HPA,92.9606306928871,1.30963446119516
Net flux,GlycSink,Glyc -> Sink,100.000000000001,0
Net flux,GlyxSink,Glyx -> Sink,100.000000000001,0
Net flux,HPASink,HPA -> Sink,99.9999999999998,0
Net flux,SERex,dummySER -> outSER,2.69832843891619,7.43728387491488
Net flux,G_PYR,0*PYR.c -> PYR,29.1389409879074,1.78138592952879
Net flux,(1-G)_PYR,0*PYR.x -> PYR,70.8610590120928,1.78138592952879
Net flux,PYRSink,PYR -> Sink,100,0
Net flux,G_meTHF,0*meTHF.c -> meTHF,99.9999999,0
Net flux,G_FmTHF,0*FmTHF.c -> FmTHF,72.1400043581844,3.1285450777012
Net flux,G_Met,0*Met.c -> Met,69.9501637332283,4.3052872296519
Net flux,G_SAM,0*SAM.c -> SAM,67.4511964773401,3.88465190298655
Net flux,(1-G)_meTHF,0*meTHF.x -> meTHF,1.0000000116861e-07,0
Net flux,(1-G)_FmTHF,0*FmTHF.x -> FmTHF,27.8599956418157,3.1285450777012
Net flux,(1-G)_Met,0*Met.x -> Met,30.0498362667717,4.3052872296519
Net flux,(1-G)_SAM,0*SAM.x -> SAM,32.5488035226599,3.88465190298655
Net flux,meTHFSink,meTHF -> Sink,99.9999999999999,0
Net flux,FmTHFSink,FmTHF -> Sink,100,0
Net flux,MetSink,Met -> Sink,100,0
Net flux,SAMsink,SAM -> Sink,100,0
Net flux,Met-protein,Met.c -> Protein,6.51983996113883e-15,0
Net flux,GLY-protein,GLY.c -> Protein,1.98083133540194e-06,1.23320349629837e-13
Net flux,SER-protein,SER.c -> Protein,9.99999993922529e-08,7.60148175095063
Pool,2PG pool,,0,0
Pool,2PG.p pool,,3.86116408728454e-06,3310.26556329997
Pool,2PG.x pool,,1,Inf
Pool,3PGA pool,,0,0
Pool,3PGA.c pool,,2.26752563300907e-05,3428.06596656524
Pool,3PGA.p pool,,4.12715648827192e-06,3330.70074318504
Pool,3PGA.x pool,,1,Inf
Pool,ACA pool,,2.26245613126208e-06,3285.81293998383
Pool,ADPG pool,,0,0
Pool,ADPG.p pool,,9.9999999999999e-08,Inf
Pool,ADPG.x pool,,1,Inf
Pool,AKG pool,,2.61263293802821e-06,3615.50965460284
Pool,ALA pool,,0,0
Pool,ALA.c pool,,0.00698853878460727,0.00197441629892115
Pool,ALA.x pool,,1,Inf
Pool,ASN pool,,7566.06819373987,3440.66388937239
Pool,ASP pool,,1.16185877887943e-06,3639.98023598941
Pool,Acceptor.c pool,,1,Inf
Pool,CIT pool,,5.51792471608225,4.10737876260367
Pool,CO2 pool,,0.134609180162996,0.169172159393368
Pool,CO2.t pool,,1,Inf
Pool,E4P.p pool,,0,0
Pool,EC2 pool,,0,0
Pool,F6P pool,,0,0
Pool,F6P.c pool,,3.82973526995824e-06,3583.85951504867
Pool,F6P.p pool,,4.10588169379604e-06,3410.77101622945
Pool,F6P.x pool,,1,Inf
Pool,FBP pool,,0,0
Pool,FBP.c pool,,3.82969331405246e-06,3506.08684497215
Pool,FBP.p pool,,3.9806339448906e-06,3368.80019359547
Pool,FBP.x pool,,1,Inf
Pool,FmTHF pool,,1.32611817105056,0.809773441032522
Pool,FmTHF.c pool,,2.30691823135708e-06,3390.84329395145
Pool,FmTHF.x pool,,1,Inf
Pool,G6P pool,,0,0
Pool,G6P.c pool,,9.87504932315321e-06,3558.32214154824
Pool,G6P.p pool,,3.921935235051e-06,3666.95426939555
Pool,G6P.x pool,,1,Inf
Pool,GA pool,,0,0
Pool,GA.p pool,,3.92551736597242e-06,3491.69651886332
Pool,GA.x pool,,1,Inf
Pool,GLN pool,,8.83867754991515,3459.98968480055
Pool,GLU pool,,2.61263567938436e-06,3617.74404626742
Pool,GLY pool,,0,0
Pool,GLY.c pool,,0.217793525242096,0.123472742490359
Pool,GLY.m pool,,0.129369536052277,0.0808773525145571
Pool,GLY.p pool,,0.000426425895522052,3302.59538684962
Pool,GLY.x pool,,1,Inf
Pool,Glyc pool,,5.70731171457209,1.36770489656874
Pool,Glyc.p pool,,2.43700705914705e-05,3409.78976865583
Pool,Glyc.x pool,,1,Inf
Pool,Glyx pool,,5.62820145753845,2.20583375604764
Pool,Glyx.p pool,,5.2168999854146e-05,3432.74321806178
Pool,Glyx.x pool,,1,Inf
Pool,HPA pool,,0.00016946311332566,3422.12268208536
Pool,HPA.p pool,,2.92381911144587e-06,3664.54896090292
Pool,HPA.x pool,,1,Inf
Pool,Hcy.c pool,,1,Inf
Pool,ICI pool,,0.00375690356301505,3579.0983207513
Pool,MAL pool,,0.423462957586359,0.137371682750796
Pool,Met pool,,0.000333509756073048,3390.86799977454
Pool,Met.c pool,,2.07617414311028e-06,3652.05197989457
Pool,Met.x pool,,1,Inf
Pool,OAA pool,,0.139634840332906,0.0308556608763942
Pool,P5P pool,,0,0
Pool,PEP pool,,0,0
Pool,PEP.c pool,,7.90904666980862e-06,3557.84290821378
Pool,PEP.x pool,,1,Inf
Pool,PRO pool,,5.39499638374264,3382.32200189992
Pool,PYR pool,,1e-07,3592.13334922567
Pool,PYR.c pool,,0.00527648622287059,0.00146695489864209
Pool,PYR.x pool,,1,Inf
Pool,Protein pool,,1,Inf
Pool,R5P pool,,0,0
Pool,R5P.p pool,,5.10792522425141e-05,3551.68910802597
Pool,R5P.x pool,,1,Inf
Pool,RU5P.p pool,,3.96822528817515e-06,3474.45670944502
Pool,RU5P.x pool,,1,Inf
Pool,RUBP pool,,0,0
Pool,RUBP.p pool,,3.99407207737677e-06,3468.52699723725
Pool,RUBP.x pool,,1,Inf
Pool,S6P pool,,1,Inf
Pool,S7P pool,,0,0
Pool,S7P.p pool,,4.25847838471963e-06,3624.48116933976
Pool,S7P.x pool,,1,Inf
Pool,SAH.c pool,,1,Inf
Pool,SAM pool,,4.33846382805372,1.27867709289066
Pool,SAM.c pool,,2.86788436755578e-06,3534.80751530328
Pool,SAM.x pool,,1,Inf
Pool,SBP pool,,0,0
Pool,SER pool,,0,0
Pool,SER.c pool,,1.00000000002876e-07,0
Pool,SER.m pool,,1.31512767510322,0.110697730091388
Pool,SER.p pool,,1.00000000002876e-07,0
Pool,SER.x pool,,1,Inf
Pool,Sink pool,,1,Inf
Pool,Starch pool,,1,Inf
Pool,THR pool,,3889.77940397807,3555.65952009257
Pool,TP pool,,0,0
Pool,TP.c pool,,4.1876414799944e-06,3587.58065753383
Pool,TP.p pool,,4.28893522206334e-06,3516.55701659894
Pool,TP.x pool,,1,Inf
Pool,UDPG pool,,0,0
Pool,UDPG.c pool,,0.209657981635588,3419.0111530045
Pool,UDPG.x pool,,1,Inf
Pool,X5P.p pool,,4.08371728021164e-06,3242.18335104609
Pool,dummy pool,,1,Inf
Pool,dummyGLY pool,,1,Inf
Pool,dummySER pool,,1,Inf
Pool,meTHF pool,,2.05621225292125,0.982282499563048
Pool,meTHF.c pool,,2.38753035110691e-06,3589.77954183873
Pool,meTHF.x pool,,1,Inf
Pool,myTHF.m pool,,5.00857878436787e-05,3549.40180767563
Pool,outSER pool,,1,Inf
Norm,Experiment1 Glyc205 #1 norm,,0.970206346095368,0.0129014291324591
Norm,Experiment1 Glyc205 #2 norm,,0.960533405337583,0.0222096743173695
Norm,Experiment1 Glyc205 #3 norm,,0.980079572450353,0.0204166498040972
Norm,Experiment1 Glyc205 #4 norm,,0.986817963516313,0.030558075650071
Norm,Experiment1 Glyc205 #5 norm,,1.01767078892017,0.0339391432550965
Norm,Experiment1 Glyc205 #6 norm,,1.02732513134948,0.0284609868907733
Norm,Experiment1 Glyc205 #7 norm,,0.955873148665815,0.0314404532801844
Norm,Experiment1 Glyc205 #8 norm,,0.982810509248797,0.0312084193691525
Norm,Experiment1 Glyx160 #1 norm,,0.9959783730649,0.0108879286560379
Norm,Experiment1 Glyx160 #2 norm,,1.00185079077982,0.0144982837636488
Norm,Experiment1 Glyx160 #3 norm,,0.99134525319506,0.0195856695959298
Norm,Experiment1 Glyx160 #4 norm,,1.01592789453919,0.0167535845341663
Norm,Experiment1 Glyx160 #5 norm,,0.981789572752959,0.0341572665249244
Norm,Experiment1 Glyx160 #6 norm,,1.03469994380751,0.0204102867550908
Norm,Experiment1 Glyx160 #7 norm,,0.942244457314043,0.0362443084554553
Norm,Experiment1 Glyx160 #8 norm,,0.955396149378844,0.0325630004133401
Norm,Experiment1 GLY276 #1 norm,,1.00635932038031,0.00998824803089494
Norm,Experiment1 GLY276 #2 norm,,0.99016505682979,0.0222871774678705
Norm,Experiment1 GLY276 #3 norm,,0.998739092493742,0.0471303640168229
Norm,Experiment1 GLY276 #4 norm,,0.986816625578539,0.0600155208137304
Norm,Experiment1 GLY276 #5 norm,,1.0240245825316,0.130500032809953
Norm,Experiment1 GLY276 #6 norm,,0.876079694794398,0.0801904583614932
Norm,Experiment1 GLY276 #7 norm,,1.02651529888841,0.0610094719498228
Norm,Experiment1 GLY276 #8 norm,,0.983042953121415,0.0625132741496352
Norm,Experiment1 HPA262 #1 norm,,0.984657517321733,0.0106932447357558
Norm,Experiment1 HPA262 #2 norm,,0.93882629745296,0.027650259205958
Norm,Experiment1 HPA262 #3 norm,,0.972512654808246,0.0131984127865918
Norm,Experiment1 HPA262 #4 norm,,0.897960946614535,0.0315721937569798
Norm,Experiment1 HPA262 #5 norm,,0.925169438492062,0.0233706851265019
Norm,Experiment1 HPA262 #6 norm,,0.940314833806744,0.0328988642187289
Norm,Experiment1 HPA262 #7 norm,,0.948232770276272,0.0247436709073511
Norm,Experiment1 HPA262 #8 norm,,1.03607331682445,0.023998595608897
Norm,Experiment1 GA307 #1 norm,,0.997335971601555,0.0121960794790866
Norm,Experiment1 GA307 #2 norm,,0.915161952823129,0.0281861296787469
Norm,Experiment1 GA307 #3 norm,,0.987249138921696,0.03123129077213
Norm,Experiment1 GA307 #4 norm,,1.01446697979386,0.0211291925714486
Norm,Experiment1 GA307 #5 norm,,1.03505512083134,0.0589155518994044
Norm,Experiment1 GA307 #6 norm,,1.02746745943272,0.0399253062767252
Norm,Experiment1 GA307 #7 norm,,1.01171613779652,0.0454957818640511
Norm,Experiment1 GA307 #8 norm,,1.0002335864564,0.0358972131033163
Norm,Experiment1 SER306 #1 norm,,0.996617515391205,0.0143494854405386
Norm,Experiment1 SER306 #2 norm,,1.03851684787847,0.0202451281772178
Norm,Experiment1 SER306 #3 norm,,0.967460697887103,0.0430667645423322
Norm,Experiment1 SER306 #4 norm,,0.979079244063593,0.0474404621251179
Norm,Experiment1 SER306 #5 norm,,1.03400774811504,0.0937667727502265
Norm,Experiment1 SER306 #6 norm,,1.16496087133787,0.081384131938744
Norm,Experiment1 SER306 #7 norm,,1.01040073124134,0.0454951130914641
Norm,Experiment1 SER306 #8 norm,,0.965012813547918,0.110474377924454
Norm,Experiment1 meTHF #1 norm,,1.00188574820018,0.0100186051467781
Norm,Experiment1 meTHF #2 norm,,1.01438855089413,0.0101788120196524
Norm,Experiment1 meTHF #3 norm,,1.07642085991405,0.0764983974820312
Norm,Experiment1 meTHF #4 norm,,1.02957009579598,0.0508833128552048
Norm,Experiment1 meTHF #5 norm,,0.942427566109528,0.0825452074359846
Norm,Experiment1 meTHF #6 norm,,1.00517382284447,0.0919287940518123
Norm,Experiment1 meTHF #7 norm,,0.981123163838769,0.063766609525684
Norm,Experiment1 meTHF #8 norm,,0.968657976926011,0.118660984098643
Norm,Experiment1 FmTHF #1 norm,,0.997113217103562,0.0100099586512462
Norm,Experiment1 FmTHF #2 norm,,1.01400650726366,0.024365664596985
Norm,Experiment1 FmTHF #3 norm,,0.945504870297279,0.0322851586256542
Norm,Experiment1 FmTHF #4 norm,,1.00390078799041,0.0269176217448046
Norm,Experiment1 FmTHF #5 norm,,0.99884337759795,0.0618055105188801
Norm,Experiment1 FmTHF #6 norm,,1.01274565044823,0.0618255233084395
Norm,Experiment1 FmTHF #7 norm,,0.99753610598726,0.0511154903804464
Norm,Experiment1 FmTHF #8 norm,,1.07744503049419,0.11230368311663
Norm,Experiment1 Met176 #1 norm,,0.929245472938563,0.0234475100358512
Norm,Experiment1 Met176 #2 norm,,0.90399387846815,0.0338584401621777
Norm,Experiment1 Met176 #3 norm,,0.97909048643083,0.0517040616562748
Norm,Experiment1 Met176 #4 norm,,1.00342394059208,0.0399815959369357
Norm,Experiment1 Met176 #5 norm,,0.95980559883081,0.0749884273002449
Norm,Experiment1 Met176 #6 norm,,1.00303264388844,0.118218002807067
Norm,Experiment1 Met176 #7 norm,,1.00627997202654,0.125772144857449
Norm,Experiment1 Met176 #8 norm,,0.972051057012758,0.107879822280671
Norm,Experiment1 SAM #1 norm,,0.992501964690721,0.0116953928183841
Norm,Experiment1 SAM #2 norm,,0.992522508763882,0.0122896758807415
Norm,Experiment1 SAM #3 norm,,1.01043567165008,0.0146806772222998
Norm,Experiment1 SAM #4 norm,,1.01815138503395,0.0236095419258613
Norm,Experiment1 SAM #5 norm,,0.968740366957668,0.0366193431420419
Norm,Experiment1 SAM #6 norm,,1.01447813275285,0.0627428251112448
Norm,Experiment1 SAM #7 norm,,0.999575489922161,0.0955774835354683
Norm,Experiment1 SAM #8 norm,,1.00321687192114,0.0787254495638117
Norm,Experiment1 CIT465 #1 norm,,0.968338725225951,0.0113859808574336
Norm,Experiment1 CIT465 #2 norm,,0.962492748423364,0.0130152130735967
Norm,Experiment1 CIT465 #3 norm,,1.02479074284563,0.0118530632318098
Norm,Experiment1 CIT465 #4 norm,,1.02156128521298,0.0176528145471216
Norm,Experiment1 CIT465 #5 norm,,0.986739906459513,0.0131243932963255
Norm,Experiment1 CIT465 #6 norm,,0.97910444663439,0.0126348271550504
Norm,Experiment1 CIT465 #7 norm,,0.998444879996944,0.0118831063269488
Norm,Experiment1 CIT465 #8 norm,,1.00723267449018,0.0185328538645347
Norm,Experiment1 MAL335 #1 norm,,0.973209149986312,0.0123729937114199
Norm,Experiment1 MAL335 #2 norm,,0.98836781066842,0.011088179161682
Norm,Experiment1 MAL335 #3 norm,,1.00359810659739,0.0105978183357336
Norm,Experiment1 MAL335 #4 norm,,0.989137031598839,0.0144795240061469
Norm,Experiment1 MAL335 #5 norm,,0.989419107157001,0.0141301797372923
Norm,Experiment1 MAL335 #6 norm,,0.936714873973777,0.0129484800805394
Norm,Experiment1 MAL335 #7 norm,,0.967806156110179,0.0205176158842591
Norm,Experiment1 MAL335 #8 norm,,0.989639548273479,0.0351919604601048
Norm,Experiment1 ASP334 #1 norm,,1.00889898104918,0.0230421737094743
Norm,Experiment1 ASP334 #2 norm,,0.968423895218846,0.0311154957607915
Norm,Experiment1 ASP334 #3 norm,,0.974934548680415,0.0198237278797978
Norm,Experiment1 ASP334 #4 norm,,0.963857588527056,0.0177673701986474
Norm,Experiment1 ASP334 #5 norm,,0.948720742343832,0.0264429376083974
Norm,Experiment1 ASP334 #6 norm,,0.974075177861719,0.0311080344687266
Norm,Experiment1 ASP334 #7 norm,,0.977466864239628,0.0308308962558307
Norm,Experiment1 ASP334 #8 norm,,0.964379630703743,0.0888461269061335
Norm,Experiment1 GLU348 #1 norm,,0.956093331880673,0.0212799538042975
Norm,Experiment1 GLU348 #2 norm,,1.01764104249057,0.0204480306519592
Norm,Experiment1 GLU348 #3 norm,,0.933894220957133,0.0105296734383254
Norm,Experiment1 GLU348 #4 norm,,0.95607818181377,0.0348461055563604
Norm,Experiment1 GLU348 #5 norm,,0.961714919960876,0.0227869534813064
Norm,Experiment1 GLU348 #6 norm,,0.997506129886318,0.0127020572991562
Norm,Experiment1 GLU348 #7 norm,,1.00855210350627,0.0144799855048772
Norm,Experiment1 GLU348 #8 norm,,0.959876124358167,0.0204908174556622
Norm,Experiment1 THR320 #1 norm,,0.968792146628985,0.0100362497579922
Norm,Experiment1 THR320 #2 norm,,0.95876602041033,0.0140575665731752
Norm,Experiment1 THR320 #3 norm,,1.00042763971428,0.0107206574008934
Norm,Experiment1 THR320 #4 norm,,0.977759006882537,0.029070028648419
Norm,Experiment1 THR320 #5 norm,,0.985896329599089,0.0206772730682989
Norm,Experiment1 THR320 #6 norm,,1.05035156943026,0.0118828302179098
Norm,Experiment1 THR320 #7 norm,,0.956777748058389,0.0136186214256522
Norm,Experiment1 THR320 #8 norm,,0.889938783211675,0.0250510610719122
Norm,Experiment1 ALA116 #1 norm,,1.01616995297666,0.010185234355606
Norm,Experiment1 ALA116 #2 norm,,0.991061218109655,0.00992968508902945
Norm,Experiment1 ALA116 #3 norm,,0.984910137753752,0.0177218196993072
Norm,Experiment1 ALA116 #4 norm,,1.05705333519783,0.0222808242714565
Norm,Experiment1 ALA116 #5 norm,,1.05751106233,0.104510353195916
Norm,Experiment1 ALA116 #6 norm,,0.991403657133212,0.0791477425519585
Norm,Experiment1 ALA116 #7 norm,,1.02800143918583,0.0577921437240293
Norm,Experiment1 ALA116 #8 norm,,0.846505788238596,0.103003424615132
Norm,Experiment1 PYR #1 norm,,0.976041256678231,0.017016436232133
Norm,Experiment1 PYR #2 norm,,0.974118695755427,0.0453005947070508
Norm,Experiment1 PYR #3 norm,,1.01757645739495,0.103866454501632
Norm,Experiment1 PYR #4 norm,,1.07988082067926,0.0470389602456763
Norm,Experiment1 PYR #5 norm,,1.02235387031095,0.0546144674616885
Norm,Experiment1 PYR #6 norm,,1.03687192382734,0.0506338364095564
Norm,Experiment1 PYR #7 norm,,0.995700822648862,0.0889559227457553
Norm,Experiment1 PYR #8 norm,,0.98149646697874,0.0600911466994995
