type,id,eqn,val,std
Net flux,CO2.t,CO2.t -> CO2,48.2613566905991,1.10026037395472
Net flux,CO2_sink,dummy -> Sink,48.2613566905991,1.10026037395472
Net flux,RUBICSO_CO2,RUBP.p + CO2 -> 3PGA.p + 3PGA.p + dummy,59.3982635984818,1.22955356238745
Net flux,GAPDH.p net,3PGA.p <-> TP.p,141.063789872307,2.68319189156418
Exch flux,GAPDH.p exch,3PGA.p <-> TP.p,1.0000000116861e-07,1.42282540405972e-15
Net flux,ALD,TP.p + E4P.p -> SBP,25.6261794648142,0.490028691294876
Net flux,SBP,SBP -> S7P.p,25.6261794648142,0.490028691294876
Net flux,FBA.p net,TP.p + TP.p <-> FBP.p,30.2514212844362,0.649634179319995
Exch flux,FBA.p exch,TP.p + TP.p <-> FBP.p,20596.315178784,1818.94269941227
Net flux,PFK.p net,FBP.p <-> F6P.p,30.2514212844394,0.649634179319995
Exch flux,PFK.p exch,FBP.p <-> F6P.p,9.99932865397568e-08,2.75862059799026e-13
Net flux,TK1 net,TP.p + EC2 <-> X5P.p,51.2523589296283,0.980057382589753
Exch flux,TK1 exch,TP.p + EC2 <-> X5P.p,1.0000000116861e-07,0
Net flux,TK2 net,S7P.p <-> R5P.p + EC2,25.6261794648141,0.490028691294876
Exch flux,TK2 exch,S7P.p <-> R5P.p + EC2,38.2179580640513,3929.53733604951
Net flux,TK3 net,F6P.p <-> E4P.p + EC2,25.6261794648135,0.490028691294876
Exch flux,TK3 exch,F6P.p <-> E4P.p + EC2,7508.45552395548,3896.14975578208
Net flux,PPE net,X5P.p <-> RU5P.p,51.2523589296283,0.980057382589753
Exch flux,PPE exch,X5P.p <-> RU5P.p,80.8745662847645,2392.85161730962
Net flux,PPI net,R5P.p <-> RU5P.p,25.6261794648142,0.490028691294876
Exch flux,PPI exch,R5P.p <-> RU5P.p,240.375622481601,2997.99986454478
Net flux,PRK,RU5P.p -> RUBP.p,76.8785383944426,1.47008607397919
Net flux,RUBISCO_O2,RUBP.p -> 3PGA.p + 2PG.p,17.4802747959607,0.588807382279144
Net flux,GLYdil net,GLY.p <-> GLY.x + dummyGLY,0.00938093669565632,0.00108862195498937
Exch flux,GLYdil exch,GLY.p <-> GLY.x + dummyGLY,1.0000000116861e-07,0
Net flux,SERdil net,SER.p <-> SER.x + dummySER,1.23665265210399,0.479710646670461
Exch flux,SERdil exch,SER.p <-> SER.x + dummySER,0.739240980874868,0.165830789023658
Net flux,GK,GA.p -> 3PGA.p,5.17956949316924,0.609566612252142
Net flux,PGI.p net,F6P.p <-> G6P.p,4.62524181962612,0.345950189409218
Exch flux,PGI.p exch,F6P.p <-> G6P.p,3.45774452616392,3892.50236946136
Net flux,PGM.p,G6P.p -> ADPG.p,4.62524181962612,0.345950189409218
Net flux,Starch,ADPG.p -> Starch,4.6252418196261,0.345950189409218
Net flux,FBA.c net,TP.c + TP.c <-> FBP.c,1.841204454493,0.213664760220351
Exch flux,FBA.c exch,TP.c + TP.c <-> FBP.c,72.9176792420836,3887.12638135461
Net flux,PFK.c net,FBP.c <-> F6P.c,1.841204454493,0.213664760220351
Exch flux,PFK.c exch,FBP.c <-> F6P.c,60.4604500964044,3702.2510625771
Net flux,PGI.c net,F6P.c <-> G6P.c,0.920602227246547,0.106832380110176
Exch flux,PGI.c exch,F6P.c <-> G6P.c,277.835601766477,3894.00235169887
Net flux,PGM.c net,G6P.c <-> UDPG.c,0.920602227241034,0.106832380110176
Exch flux,PGM.c exch,G6P.c <-> UDPG.c,48500.0398390322,2954.59105887824
Net flux,SPS,F6P.c + UDPG.c -> S6P,0.920602227246466,0.106832380110176
Net flux,PGAM.c net,3PGA.c <-> PEP.c,0.392581613786473,0.04555760023165
Exch flux,PGAM.c exch,3PGA.c <-> PEP.c,1.00001911862435e-07,1.43608294178225e-13
Net flux,PK.c,PEP.c -> PYR.c,0.178200973127935,0.0206795438239442
Net flux,PDH,PYR.c + dummy -> ACA + CO2,0.148309018809373,0.0172106964763483
Net flux,CS,OAA + ACA -> CIT,0.148309018809369,0.0172106964763483
Net flux,ACO net,CIT <-> ICI,0.148309018809414,0.0172106964763483
Exch flux,ACO exch,CIT <-> ICI,1155.64054146738,4156.9051366224
Net flux,IDH,ICI + dummy -> AKG + CO2,0.148309018809386,0.0172106964763483
Net flux,MDH net,MAL <-> OAA,2.1316282072803e-14,0
Exch flux,MDH exch,MAL <-> OAA,0.230581398275106,0.0827239627056947
Net flux,PPC,PEP.c + CO2 -> OAA + dummy,0.214380640658738,0.0248780563586869
Net flux,T_3PGA net,3PGA.p <-> 3PGA.c,0.392581613786454,0.04555760023165
Exch flux,T_3PGA exch,3PGA.p <-> 3PGA.c,1.0000000116861e-07,0
Net flux,T_DHAP net,TP.p <-> TP.c,3.68240890898603,0.427329520440702
Exch flux,T_DHAP exch,TP.p <-> TP.c,87.9741106767703,2964.35733233779
Net flux,ALT,PYR.c -> ALA.c,0.029891954318644,0.00346884739247622
Net flux,ASPT,OAA -> ASP,0.0660716218494624,0.00766735994590881
Net flux,GLUDH,AKG -> GLU,0.148309018809363,0.0172106964763483
Net flux,PCR net,GLU <-> PRO,-2.48689957516035e-14,0
Exch flux,PCR exch,GLU <-> PRO,1.0000000116861e-07,0
Net flux,GS net,GLU <-> GLN,0,0
Exch flux,GS exch,GLU <-> GLN,1.00042221617969e-07,0
Net flux,TS net,ASP <-> THR,0,0
Exch flux,TS exch,ASP <-> THR,1.0000000116861e-07,0
Net flux,AS net,ASP <-> ASN,1.06581410364015e-14,0
Exch flux,AS exch,ASP <-> ASN,1.0000000116861e-07,0
Net flux,G_3PGA.p,0*3PGA.p -> 3PGA,2.46866296294002e-06,5071.03225796208
Net flux,G_3PGA.c,0*3PGA.c -> 3PGA,92.9119081391197,3534.14712057693
Net flux,G_DHAP.p,0*TP.p -> TP,40.685379842242,5097.61124843421
Net flux,G_DHAP.c,0*TP.c -> TP,51.8471856996947,3791.22984232993
Net flux,G_F6P.p,0*F6P.p -> F6P,48.6686345030749,5037.69387775488
Net flux,G_F6P.c,0*F6P.c -> F6P,36.546576817712,3490.91366353586
Net flux,G_FBP.p,0*FBP.p -> FBP,2.46866129316459e-06,4924.05666656949
Net flux,G_FBP.c,0*FBP.c -> FBP,83.451231046972,3415.21371633667
Net flux,G_G6P.p,0*G6P.p -> G6P,19.0549768397257,5290.19476122696
Net flux,G_G6P.c,0*G6P.c -> G6P,58.8549499993083,3726.41580310262
Net flux,G_RU5P.p,0*RU5P.p -> P5P,2.4686537116736e-06,5339.21490805408
Net flux,G_X5P.p,0*X5P.p -> P5P,92.8477691495693,3495.31974469162
Net flux,G_R5P.p,0*R5P.p -> R5P,82.2810779884949,3914.53662600349
Net flux,G_GA.p,0*GA.p -> GA,37.8880542630745,1.48972282847175
Net flux,G_SER.p,0*SER.p -> SER,94.8364838845145,3612.58421561598
Net flux,G_GLY.p,0*GLY.p -> GLY,16.5473123401063,3884.28351526655
Net flux,G_RUBP.p,0*RUBP.p -> RUBP,92.5302752673063,3993.22248987102
Net flux,G_S7P.p,0*S7P.p -> S7P,98.4567310636212,3723.5518039951
Net flux,G_2PG.p,0*2PG.p -> 2PG,87.0427532706349,3997.58559949271
Net flux,G_ADPG.p,0*ADPG.p -> ADPG,95.0805622183377,4004.21269375323
Net flux,G_PEP.c,0*PEP.c -> PEP,89.2305410445615,3724.75729445012
Net flux,G_UDPG.c,0*UDPG.c -> UDPG,72.4268033045549,3429.05519331073
Net flux,G_ALA.c,0*ALA.c -> ALA,78.2466231634991,6.63338466890957
Net flux,(1-G)_GA,0*GA.x -> GA,62.1119457369276,1.48972282847175
Net flux,(1-G)_SER,0*SER.x -> SER,5.16351586900743,2.32886126113276
Net flux,(1-G)_GLY,0*GLY.x -> GLY,35.7270047352044,2.77119998009467
Net flux,(1-G)_R5P,0*R5P.x -> R5P,17.718922011502,3914.53662600349
Net flux,(1-G)_RUBP,0*RUBP.x -> RUBP,7.46972473269241,3993.22248987102
Net flux,(1-G)_3PGA,0*3PGA.x -> 3PGA,7.08808939221761,3830.55667749919
Net flux,(1-G)_TP,0*TP.x -> TP,7.46743445806383,3595.88569432918
Net flux,(1-G)_F6P,0*F6P.x -> F6P,14.7847886792169,3729.9532520858
Net flux,(1-G)_FBP,0*FBP.x -> FBP,16.5487664843614,3620.9522787338
Net flux,(1-G)_G6P,0*G6P.x -> G6P,22.0900731609643,3766.10615057721
Net flux,(1-G)_RU5P,0*RU5P.x -> P5P,7.15222838177837,3931.07992187291
Net flux,(1-G)_S7P,0*S7P.x -> S7P,1.54326893637677,3723.5518039951
Net flux,(1-G)_2PG,0*2PG.x -> 2PG,12.9572467293675,3997.58559949271
Net flux,(1-G)_ADPG,0*ADPG.x -> ADPG,4.91943778166132,4004.21269375323
Net flux,(1-G)_PEP,0*PEP.x -> PEP,10.7694589554367,3724.75729445012
Net flux,(1-G)_UDPG,0*UDPG.x -> UDPG,27.5731966954463,3429.05519331073
Net flux,(1-G)_ALA,0*ALA.x -> ALA,21.7533768365006,6.63338466890957
Net flux,PGASink,3PGA -> Sink,100,0
Net flux,DHAPSink,TP -> Sink,100.000000000001,0
Net flux,F6PSink,F6P -> Sink,100.000000000004,0
Net flux,FBPSink,FBP -> Sink,99.9999999999947,0
Net flux,G6PSink,G6P -> Sink,99.9999999999983,0
Net flux,P5PSink,P5P -> Sink,100.000000000001,0
Net flux,R5PSink,R5P -> Sink,99.9999999999968,0
Net flux,GASink,GA -> Sink,100.000000000002,0
Net flux,SERSink,SER -> Sink,99.9999999999996,0
Net flux,GLYSink,GLY -> Sink,100.000000000001,0
Net flux,RUBPSink,RUBP -> Sink,99.9999999999987,0
Net flux,S7PSink,S7P -> Sink,99.9999999999979,0
Net flux,2PGSink,2PG -> Sink,100.000000000002,0
Net flux,ADPGSink,ADPG -> Sink,99.999999999999,0
Net flux,PEPSink,PEP -> Sink,99.9999999999983,0
Net flux,UDPGSink,UDPG -> Sink,100.000000000001,0
Net flux,ALASink,ALA -> Sink,99.9999999999998,0
Net flux,S6Pout-LL,S6P + 0.1611*GLU + 0.07177*ASP + 0.03247*ALA.c + 0.01019*dummyGLY + 0.03484*dummySER -> Sink,0.920602227246501,0.106832380110176
Net flux,PGP.p,2PG.p -> Glyc.p,17.4802747959607,0.588807382279144
Net flux,GOX,Glyc.p -> Glyx.p,17.4802747959607,0.588807382279144
Net flux,GGT,Glyx.p -> GLY.p,17.4802747959607,0.588807382279144
Net flux,SGAT,SER.p -> HPA.p,5.17956949316922,0.609566612252142
Net flux,HPR.p,HPA.p -> GA.p,5.17956949316922,0.609566612252142
Net flux,T_GLY-m net,GLY.p <-> GLY.m,17.4710198120738,5199.78554330905
Exch flux,T_GLY-m exch,GLY.p <-> GLY.m,106215.103050401,3717.76657763902
Net flux,GDC.m,GLY.m + dummy -> myTHF.m + CO2,11.0546695109229,0.6043451991027
Net flux,T_SER-m net,SER.p <-> SER.m,-11.0546695109228,0.6043451991027
Exch flux,T_SER-m exch,SER.p <-> SER.m,1665.77993082213,3754.58882161154
Net flux,mSHMT,GLY.m + myTHF.m -> SER.m,11.0546695109229,0.6043451991027
Net flux,T_SER-c net,SER.p <-> SER.c,4.63844736564966,1.10475337658208
Exch flux,T_SER-c exch,SER.p <-> SER.c,1.00000000280431e-07,5.74497766077341e-13
Net flux,T_Gly-c net,GLY.p <-> GLY.c,-0.000125952820709152,5199.78550996285
Exch flux,T_Gly-c exch,GLY.p <-> GLY.c,9.99999998363421e-08,3676.43949587905
Net flux,cSHMT,SER.c -> GLY.c + meTHF.c,4.63844714340907,1.10475337656731
Net flux,FmTHF-reductase net,meTHF.c <-> FmTHF.c,4.63844714340907,1.10475337656731
Exch flux,FmTHF-reductase exch,meTHF.c <-> FmTHF.c,4.01044381239841,3816.19337550704
Net flux,Met-synthase,FmTHF.c + Hcy.c -> Met.c,4.63844714340905,1.10475337656731
Net flux,SAM-synthase,Met.c -> SAM.c,4.63844714340906,1.10475337656731
Net flux,Methylation,SAM.c -> SAH.c + Acceptor.c,4.63844714340905,1.10475337656731
Net flux,hydrolysis,SAH.c -> Hcy.c,4.63844714340905,1.10475337656731
Net flux,G_SER.m,0*SER.m -> SER,1.0000000116861e-07,0
Net flux,G_SER.c,0*SER.c -> SER,1.46477642459786e-07,3612.58346496283
Net flux,G_Gly.m,0*GLY.m -> GLY,0.000199612255197934,3884.28208943254
Net flux,G_Gly.c,0*GLY.c -> GLY,47.7254833124353,4.93807516553784
Net flux,T_GLY-c-m,GLY.c -> GLY.m,4.63831920976005,5199.78562732118
Net flux,G_Glyc,0*Glyc.p -> Glyc,22.3649856826729,1.21788948781553
Net flux,G_Glyx,0*Glyx.p -> Glyx,12.5966949818375,1.1523674924077
Net flux,G_HPA,0*HPA.p -> HPA,9.73232686762415,1.20396608213453
Net flux,(1-G)_Glyc,0*Glyc.x -> Glyc,77.6350143173277,1.21788948781553
Net flux,(1-G)_Glyx,0*Glyx.x -> Glyx,87.4033050181634,1.1523674924077
Net flux,(1-G)_HPA,0*HPA.x -> HPA,90.2676731323757,1.20396608213453
Net flux,GlycSink,Glyc -> Sink,100.000000000001,0
Net flux,GlyxSink,Glyx -> Sink,100.000000000001,0
Net flux,HPASink,HPA -> Sink,99.9999999999998,0
Net flux,SERex,dummySER -> outSER,1.20457591905526,0.480256273863217
Net flux,G_PYR,0*PYR.c -> PYR,28.5588380313109,1.68319715225096
Net flux,(1-G)_PYR,0*PYR.x -> PYR,71.4411619686893,1.68319715225096
Net flux,PYRSink,PYR -> Sink,100,0
Net flux,G_meTHF,0*meTHF.c -> meTHF,99.9999999,3946.79384914419
Net flux,G_FmTHF,0*FmTHF.c -> FmTHF,81.8979951036074,3.15051363140057
Net flux,G_Met,0*Met.c -> Met,50.7488006793858,4.11467447270071
Net flux,G_SAM,0*SAM.c -> SAM,62.7680267446564,3.92358586315624
Net flux,(1-G)_meTHF,0*meTHF.x -> meTHF,1.0000000116861e-07,3946.79384914419
Net flux,(1-G)_FmTHF,0*FmTHF.x -> FmTHF,18.1020048963927,3.15051363140057
Net flux,(1-G)_Met,0*Met.x -> Met,49.2511993206143,4.11467447270071
Net flux,(1-G)_SAM,0*SAM.x -> SAM,37.2319732553436,3.92358586315624
Net flux,meTHFSink,meTHF -> Sink,99.9999999999999,0
Net flux,FmTHFSink,FmTHF -> Sink,100,0
Net flux,MetSink,Met -> Sink,100,0
Net flux,SAMsink,SAM -> Sink,100,0
Net flux,Met-protein,Met.c -> Protein,6.51983996113883e-15,0
Net flux,GLY-protein,GLY.c -> Protein,1.98082833779978e-06,1.19722234608433e-13
Net flux,SER-protein,SER.c -> Protein,2.22240593039658e-07,5.85825116784556e-13
Pool,2PG pool,,0,0
Pool,2PG.p pool,,3.05868447525292e-06,3879.76806064715
Pool,2PG.x pool,,1,Inf
Pool,3PGA pool,,0,0
Pool,3PGA.c pool,,0.00859227788417755,0.00392976619416955
Pool,3PGA.p pool,,3.66176895075196e-06,3968.47656909151
Pool,3PGA.x pool,,1,Inf
Pool,ACA pool,,2.43668297365521e-06,3702.29043952886
Pool,ADPG pool,,0,0
Pool,ADPG.p pool,,9.9999999999999e-08,Inf
Pool,ADPG.x pool,,1,Inf
Pool,AKG pool,,2.72631364990086e-06,3711.7559281668
Pool,ALA pool,,0,0
Pool,ALA.c pool,,0.00915992101018233,0.00212640578893429
Pool,ALA.x pool,,1,Inf
Pool,ASN pool,,7566.06819373929,3752.0798883267
Pool,ASP pool,,1.42545532972914e-07,3843.06559471484
Pool,Acceptor.c pool,,1,Inf
Pool,CIT pool,,7.43141760246006,5.88042829578667
Pool,CO2 pool,,0.000232703524184859,4037.9329067637
Pool,CO2.t pool,,1,Inf
Pool,E4P.p pool,,0,0
Pool,EC2 pool,,0,0
Pool,F6P pool,,0,0
Pool,F6P.c pool,,3.83028409689619e-06,3463.57170235468
Pool,F6P.p pool,,3.7365356953596e-06,3822.22805366841
Pool,F6P.x pool,,1,Inf
Pool,FBP pool,,0,0
Pool,FBP.c pool,,3.80718418645638e-06,3721.29981234726
Pool,FBP.p pool,,3.32641703135985e-06,3962.74615209879
Pool,FBP.x pool,,1,Inf
Pool,FmTHF pool,,1.89644248682743,0.704231716560831
Pool,FmTHF.c pool,,1.36943514710063e-06,3817.44861891761
Pool,FmTHF.x pool,,1,Inf
Pool,G6P pool,,0,0
Pool,G6P.c pool,,9.87572681336125e-06,3767.43287508429
Pool,G6P.p pool,,3.79537096872254e-06,3914.23321809617
Pool,G6P.x pool,,1,Inf
Pool,GA pool,,0,0
Pool,GA.p pool,,3.1793101343289e-06,3762.17318579966
Pool,GA.x pool,,1,Inf
Pool,GLN pool,,8.8386775498064,3802.81793949893
Pool,GLU pool,,2.72631731874649e-06,3771.66609200492
Pool,GLY pool,,0,0
Pool,GLY.c pool,,1e-07,0
Pool,GLY.m pool,,9.99999999994061e-08,0
Pool,GLY.p pool,,0.000337786501408255,3717.63668204619
Pool,GLY.x pool,,1,Inf
Pool,Glyc pool,,5.58732926720777,1.53295258242349
Pool,Glyc.p pool,,8.35565955682188e-06,3738.44560961296
Pool,Glyc.x pool,,1,Inf
Pool,Glyx pool,,4.86304346813717,1.66638157312994
Pool,Glyx.p pool,,1.03875220867059e-05,3633.26729893086
Pool,Glyx.x pool,,1,Inf
Pool,HPA pool,,0.000158589622328959,3822.47131252116
Pool,HPA.p pool,,2.45900769202822e-06,3952.43373182434
Pool,HPA.x pool,,1,Inf
Pool,Hcy.c pool,,1,Inf
Pool,ICI pool,,0.00376978845928905,3725.95086606367
Pool,MAL pool,,0.317319265898204,0.10811800907445
Pool,Met pool,,7.05803318034155e-05,3846.56627719467
Pool,Met.c pool,,1.33084480441736e-06,3765.8431065091
Pool,Met.x pool,,1,Inf
Pool,OAA pool,,0.181329316398671,0.0314443763301318
Pool,P5P pool,,0,0
Pool,PEP pool,,0,0
Pool,PEP.c pool,,0.00295050350968767,0.961595183169903
Pool,PEP.x pool,,1,Inf
Pool,PRO pool,,5.39499638363399,3793.94368613485
Pool,PYR pool,,1e-07,0
Pool,PYR.c pool,,0.00138632355707597,0.439011417398116
Pool,PYR.x pool,,1,Inf
Pool,Protein pool,,1,Inf
Pool,R5P pool,,0,0
Pool,R5P.p pool,,5.81366569900152e-06,3885.66554902835
Pool,R5P.x pool,,1,Inf
Pool,RU5P.p pool,,3.36916549406911e-06,3803.58702315069
Pool,RU5P.x pool,,1,Inf
Pool,RUBP pool,,0,0
Pool,RUBP.p pool,,3.35745531779812e-06,3722.21196843469
Pool,RUBP.x pool,,1,Inf
Pool,S6P pool,,1,Inf
Pool,S7P pool,,0,0
Pool,S7P.p pool,,3.26987395391464e-06,3884.53603715797
Pool,S7P.x pool,,1,Inf
Pool,SAH.c pool,,1,Inf
Pool,SAM pool,,6.66474106046517,1.86535928211882
Pool,SAM.c pool,,2.59563491880342e-06,3960.80356887289
Pool,SAM.x pool,,1,Inf
Pool,SBP pool,,0,0
Pool,SER pool,,0,0
Pool,SER.c pool,,1.00000000002876e-07,0
Pool,SER.m pool,,1.32841804857134,0.082279191998708
Pool,SER.p pool,,0.000191955511992687,3755.53545259545
Pool,SER.x pool,,1,Inf
Pool,Sink pool,,1,Inf
Pool,Starch pool,,1,Inf
Pool,THR pool,,3889.7648635744,3923.02301828242
Pool,TP pool,,0,0
Pool,TP.c pool,,4.15002904371311e-06,3750.38604061679
Pool,TP.p pool,,3.88880938605033e-06,3709.44137367808
Pool,TP.x pool,,1,Inf
Pool,UDPG pool,,0,0
Pool,UDPG.c pool,,0.142416725310083,0.0353174329873999
Pool,UDPG.x pool,,1,Inf
Pool,X5P.p pool,,3.47008114908303e-06,3796.26820815897
Pool,dummy pool,,1,Inf
Pool,dummyGLY pool,,1,Inf
Pool,dummySER pool,,1,Inf
Pool,meTHF pool,,2.8849215543072,1.13331556936548
Pool,meTHF.c pool,,1.3563639256984e-06,3661.46733780159
Pool,meTHF.x pool,,1,Inf
Pool,myTHF.m pool,,3.72609286937977e-06,3795.23614242011
Pool,outSER pool,,1,Inf
Norm,Experiment1 Glyc205 #1 norm,,0.97994054976793,0.0129717401213007
Norm,Experiment1 Glyc205 #2 norm,,0.967795762334525,0.0224529468267979
Norm,Experiment1 Glyc205 #3 norm,,1.00230475272678,0.0211512757319787
Norm,Experiment1 Glyc205 #4 norm,,0.949166929203051,0.0328033906788318
Norm,Experiment1 Glyc205 #5 norm,,1.05192837184853,0.035937268264806
Norm,Experiment1 Glyc205 #6 norm,,1.01222420408481,0.0270587754773852
Norm,Experiment1 Glyc205 #7 norm,,0.991011154094406,0.0347542008189821
Norm,Experiment1 Glyc205 #8 norm,,0.980835919735305,0.0306901849900647
Norm,Experiment1 Glyx160 #1 norm,,0.990566509382013,0.0110057971654314
Norm,Experiment1 Glyx160 #2 norm,,1.0043579948207,0.0143704805391734
Norm,Experiment1 Glyx160 #3 norm,,0.966735213331956,0.018510305263856
Norm,Experiment1 Glyx160 #4 norm,,1.01920415266754,0.0173052406686461
Norm,Experiment1 Glyx160 #5 norm,,0.939411299119568,0.032747541434031
Norm,Experiment1 Glyx160 #6 norm,,1.03547647947851,0.0203595703556344
Norm,Experiment1 Glyx160 #7 norm,,0.947337149551711,0.0347373479260972
Norm,Experiment1 Glyx160 #8 norm,,0.967056496510914,0.0340737031823669
Norm,Experiment1 GLY276 #1 norm,,1.02500630710776,0.010392763694509
Norm,Experiment1 GLY276 #2 norm,,1.02708207000705,0.0243959890572517
Norm,Experiment1 GLY276 #3 norm,,0.974796284427051,0.0418450506469516
Norm,Experiment1 GLY276 #4 norm,,0.963123424833133,0.0548910834650727
Norm,Experiment1 GLY276 #5 norm,,1.02440261100411,0.161038037997966
Norm,Experiment1 GLY276 #6 norm,,0.8716205472816,0.078905907290417
Norm,Experiment1 GLY276 #7 norm,,1.01344564806523,0.06567850582667
Norm,Experiment1 GLY276 #8 norm,,0.995888665708997,0.0731566859254996
Norm,Experiment1 HPA262 #1 norm,,0.99763449600899,0.0107978890653472
Norm,Experiment1 HPA262 #2 norm,,1.00752739124193,0.0289941268984719
Norm,Experiment1 HPA262 #3 norm,,0.932132454770021,0.0127790347391842
Norm,Experiment1 HPA262 #4 norm,,0.946239741699711,0.0362070280210475
Norm,Experiment1 HPA262 #5 norm,,0.948779720335612,0.0226885660707298
Norm,Experiment1 HPA262 #6 norm,,0.976757915005011,0.0335338204776552
Norm,Experiment1 HPA262 #7 norm,,1.02300450021778,0.025710767893677
Norm,Experiment1 HPA262 #8 norm,,1.00000898670993,0.023034937203364
Norm,Experiment1 GA307 #1 norm,,1.00061552796965,0.0121347078749252
Norm,Experiment1 GA307 #2 norm,,1.0363778814513,0.0310223465672886
Norm,Experiment1 GA307 #3 norm,,0.969549607303555,0.028542402370513
Norm,Experiment1 GA307 #4 norm,,0.974344173332475,0.0185629470528147
Norm,Experiment1 GA307 #5 norm,,0.974987509115996,0.054719254834155
Norm,Experiment1 GA307 #6 norm,,1.04218969433001,0.0402152621784012
Norm,Experiment1 GA307 #7 norm,,0.971719292736827,0.041711629305037
Norm,Experiment1 GA307 #8 norm,,0.980286467294639,0.0351404579137353
Norm,Experiment1 SER306 #1 norm,,0.995840222047538,0.0140655835231964
Norm,Experiment1 SER306 #2 norm,,0.980156369130128,0.0149115132791907
Norm,Experiment1 SER306 #3 norm,,1.00410936330715,0.041985274465993
Norm,Experiment1 SER306 #4 norm,,1.02440963885997,0.0443098375037008
Norm,Experiment1 SER306 #5 norm,,0.994617279114083,0.0912561308896657
Norm,Experiment1 SER306 #6 norm,,0.856369049285307,0.04956423030659
Norm,Experiment1 SER306 #7 norm,,1.02422154440747,0.0442513394145583
Norm,Experiment1 SER306 #8 norm,,0.989937113408796,0.0493192204975837
Norm,Experiment1 meTHF #1 norm,,0.98754899360004,0.00996532026829119
Norm,Experiment1 meTHF #2 norm,,1.0000798805742,0.00994691511991496
Norm,Experiment1 meTHF #3 norm,,0.89455224233564,0.0613589553865261
Norm,Experiment1 meTHF #4 norm,,1.05500746093818,0.0535191059846608
Norm,Experiment1 meTHF #5 norm,,0.97062904668382,0.0887452356294137
Norm,Experiment1 meTHF #6 norm,,1.00344019582088,0.118552941703192
Norm,Experiment1 meTHF #7 norm,,1.02707248225903,0.0581765040739591
Norm,Experiment1 meTHF #8 norm,,0.858957369896845,0.0789631066061538
Norm,Experiment1 FmTHF #1 norm,,1.00271046982087,0.0100434684779561
Norm,Experiment1 FmTHF #2 norm,,1.0437684667658,0.0251029909096547
Norm,Experiment1 FmTHF #3 norm,,1.00128288885617,0.0301941548221477
Norm,Experiment1 FmTHF #4 norm,,1.00069850526324,0.0267010095517611
Norm,Experiment1 FmTHF #5 norm,,0.967742415609952,0.056625066685968
Norm,Experiment1 FmTHF #6 norm,,1.00043067744136,0.066707245543608
Norm,Experiment1 FmTHF #7 norm,,0.987183766267276,0.0533529570333506
Norm,Experiment1 FmTHF #8 norm,,1.08903053526553,0.104205434141499
Norm,Experiment1 Met176 #1 norm,,0.975036809313364,0.0249254837684081
Norm,Experiment1 Met176 #2 norm,,0.932056548961005,0.0342631678568207
Norm,Experiment1 Met176 #3 norm,,0.873587666468113,0.0515078592830988
Norm,Experiment1 Met176 #4 norm,,0.904667062083403,0.0363231582172997
Norm,Experiment1 Met176 #5 norm,,0.971589645005366,0.0733805130265654
Norm,Experiment1 Met176 #6 norm,,1.04415683141537,0.144846116494346
Norm,Experiment1 Met176 #7 norm,,1.02927159641884,0.11287050920403
Norm,Experiment1 Met176 #8 norm,,1.00783523171647,0.124989556016253
Norm,Experiment1 SAM #1 norm,,1.02463883499897,0.0121812418652811
Norm,Experiment1 SAM #2 norm,,1.00803780147522,0.0123522600103149
Norm,Experiment1 SAM #3 norm,,0.97417611244269,0.0141315617894014
Norm,Experiment1 SAM #4 norm,,1.04622822289477,0.0230647605431493
Norm,Experiment1 SAM #5 norm,,0.943413624443888,0.0371621065603823
Norm,Experiment1 SAM #6 norm,,1.03110404398048,0.0617623183275902
Norm,Experiment1 SAM #7 norm,,1.0004819863081,0.0895633574772716
Norm,Experiment1 SAM #8 norm,,1.00668336912996,0.08371366638364
Norm,Experiment1 CIT465 #1 norm,,0.994307990380283,0.0119181614741015
Norm,Experiment1 CIT465 #2 norm,,0.966594695202993,0.0132213472793857
Norm,Experiment1 CIT465 #3 norm,,1.01195828878369,0.0119599207205159
Norm,Experiment1 CIT465 #4 norm,,0.973779297077925,0.0165661280935194
Norm,Experiment1 CIT465 #5 norm,,0.962221534681091,0.0131297255026212
Norm,Experiment1 CIT465 #6 norm,,0.975200366993617,0.0125648158050097
Norm,Experiment1 CIT465 #7 norm,,0.990826099948507,0.0116334800449731
Norm,Experiment1 CIT465 #8 norm,,1.02167608255086,0.019868707362404
Norm,Experiment1 MAL335 #1 norm,,0.993772375783903,0.0126501353973604
Norm,Experiment1 MAL335 #2 norm,,1.03019007518322,0.0113362044724822
Norm,Experiment1 MAL335 #3 norm,,0.935294511043777,0.00980246256050896
Norm,Experiment1 MAL335 #4 norm,,1.02491876661148,0.0152431056056755
Norm,Experiment1 MAL335 #5 norm,,0.982096592868537,0.0142316391243726
Norm,Experiment1 MAL335 #6 norm,,1.00022612829639,0.0136189643728802
Norm,Experiment1 MAL335 #7 norm,,0.958856320854536,0.0202786103496632
Norm,Experiment1 MAL335 #8 norm,,1.01265686657926,0.0355232316671906
Norm,Experiment1 ASP334 #1 norm,,0.988556801026632,0.0226362420398581
Norm,Experiment1 ASP334 #2 norm,,0.903210791178564,0.0291580941329658
Norm,Experiment1 ASP334 #3 norm,,0.95713613341647,0.0196477823958001
Norm,Experiment1 ASP334 #4 norm,,0.973087578677324,0.0170967693992286
Norm,Experiment1 ASP334 #5 norm,,1.01223712928168,0.0292563057629426
Norm,Experiment1 ASP334 #6 norm,,0.921682942498828,0.0293701014134316
Norm,Experiment1 ASP334 #7 norm,,1.01373005578211,0.0326699397000846
Norm,Experiment1 ASP334 #8 norm,,0.980991372507228,0.091452830943747
Norm,Experiment1 GLU348 #1 norm,,0.969860611792613,0.0216691091831643
Norm,Experiment1 GLU348 #2 norm,,0.982754700308879,0.0204354494921161
Norm,Experiment1 GLU348 #3 norm,,1.02576888226762,0.0115742428079826
Norm,Experiment1 GLU348 #4 norm,,0.979340974483918,0.0350265755586036
Norm,Experiment1 GLU348 #5 norm,,0.996103711882406,0.0227283146385162
Norm,Experiment1 GLU348 #6 norm,,0.99589195624002,0.0129439612444978
Norm,Experiment1 GLU348 #7 norm,,0.985631584763492,0.0140575633738914
Norm,Experiment1 GLU348 #8 norm,,0.945568940812396,0.0210361572241771
Norm,Experiment1 THR320 #1 norm,,0.967649242231144,0.0100545608039827
Norm,Experiment1 THR320 #2 norm,,1.01145117382471,0.0146199505208583
Norm,Experiment1 THR320 #3 norm,,1.00138550325004,0.0107214586151167
Norm,Experiment1 THR320 #4 norm,,1.03493578090004,0.0297982913352209
Norm,Experiment1 THR320 #5 norm,,0.985444932123383,0.0201716769147848
Norm,Experiment1 THR320 #6 norm,,0.960631193615628,0.0112520564708883
Norm,Experiment1 THR320 #7 norm,,0.927749846832876,0.013436803850611
Norm,Experiment1 THR320 #8 norm,,0.856882149688049,0.0245881302262619
Norm,Experiment1 ALA116 #1 norm,,1.00221594554489,0.0100129468323763
Norm,Experiment1 ALA116 #2 norm,,1.00993954496984,0.010078083053593
Norm,Experiment1 ALA116 #3 norm,,1.01014718515261,0.01788318853389
Norm,Experiment1 ALA116 #4 norm,,1.01748624049477,0.0284234705829546
Norm,Experiment1 ALA116 #5 norm,,1.09525292732681,0.123231789681764
Norm,Experiment1 ALA116 #6 norm,,1.0159110871253,0.0743384807087621
Norm,Experiment1 ALA116 #7 norm,,1.03563992086902,0.0647716134565012
Norm,Experiment1 ALA116 #8 norm,,0.92488280838128,0.102003025812233
Norm,Experiment1 PYR #1 norm,,1.01123084333285,0.0173822529152359
Norm,Experiment1 PYR #2 norm,,1.02738218469749,0.0659065761778447
Norm,Experiment1 PYR #3 norm,,0.926132683442149,0.106144239331464
Norm,Experiment1 PYR #4 norm,,1.02333104636845,0.0469297224852811
Norm,Experiment1 PYR #5 norm,,1.01367241154697,0.052610174898777
Norm,Experiment1 PYR #6 norm,,1.05598671882269,0.0582244484799388
Norm,Experiment1 PYR #7 norm,,1.01254368175068,0.130000503005497
Norm,Experiment1 PYR #8 norm,,0.979760829778474,0.0559091611942126
