type,id,eqn,val,std
Net flux,CO2.t,CO2.t -> CO2,48.5340047689648,1.09969931761457
Net flux,CO2_sink,dummy -> Sink,48.5340047689648,1.09969931761457
Net flux,RUBICSO_CO2,RUBP.p + CO2 -> 3PGA.p + 3PGA.p + dummy,59.112969220922,1.22758728983735
Net flux,GAPDH.p net,3PGA.p <-> TP.p,142.304499256763,2.69724156094002
Exch flux,GAPDH.p exch,3PGA.p <-> TP.p,3.34483675747398,1.2839555027895
Net flux,ALD,TP.p + E4P.p -> SBP,25.6848200150896,0.484577180105728
Net flux,SBP,SBP -> S7P.p,25.6848200150896,0.484577180105728
Net flux,FBA.p net,TP.p + TP.p <-> FBP.p,31.1649974012689,0.660124401272921
Exch flux,FBA.p exch,TP.p + TP.p <-> FBP.p,26448.1259533075,1853.17074300305
Net flux,PFK.p net,FBP.p <-> F6P.p,31.1649974012721,0.660124401272921
Exch flux,PFK.p exch,FBP.p <-> F6P.p,9.99953897462547e-08,1.17283158808016e-12
Net flux,TK1 net,TP.p + EC2 <-> X5P.p,51.3696400301791,0.969154360211456
Exch flux,TK1 exch,TP.p + EC2 <-> X5P.p,1.00000004721323e-07,0
Net flux,TK2 net,S7P.p <-> R5P.p + EC2,25.6848200150896,0.484577180105728
Exch flux,TK2 exch,S7P.p <-> R5P.p + EC2,37.8539327556233,3405.35494409588
Net flux,TK3 net,F6P.p <-> E4P.p + EC2,25.6848200150889,0.484577180105728
Exch flux,TK3 exch,F6P.p <-> E4P.p + EC2,6523.00095140695,4082.47011113331
Net flux,PPE net,X5P.p <-> RU5P.p,51.3696400301791,0.969154360211456
Exch flux,PPE exch,X5P.p <-> RU5P.p,86.008185788875,4102.0304436207
Net flux,PPI net,R5P.p <-> RU5P.p,25.6848200150897,0.484577180105728
Exch flux,PPI exch,R5P.p <-> RU5P.p,235.258089808032,3211.31595118706
Net flux,PRK,RU5P.p -> RUBP.p,77.0544600452688,1.45373154031718
Net flux,RUBISCO_O2,RUBP.p -> 3PGA.p + 2PG.p,17.9414908243468,0.603872302820954
Net flux,GLYdil net,GLY.p <-> GLY.x + dummyGLY,0.00743881313180594,0.0010356779621008
Exch flux,GLYdil exch,GLY.p <-> GLY.x + dummyGLY,0.686742502779879,0.314751606062114
Net flux,SERdil net,SER.p <-> SER.x + dummySER,0.971921578164157,0.493665621179503
Exch flux,SERdil exch,SER.p <-> SER.x + dummySER,0.0871543000714681,0.420635427152584
Net flux,GK,GA.p -> 3PGA.p,6.44837592501027,0.610117382829622
Net flux,PGI.p net,F6P.p <-> G6P.p,5.4801773861825,0.351232871380568
Exch flux,PGI.p exch,F6P.p <-> G6P.p,0.0185835884830361,3403.55844095296
Net flux,PGM.p,G6P.p -> ADPG.p,5.4801773861825,0.351232871380568
Net flux,Starch,ADPG.p -> Starch,5.48017738618248,0.351232871380568
Net flux,FBA.c net,TP.c + TP.c <-> FBP.c,1.46002220447554,0.203273397605164
Exch flux,FBA.c exch,TP.c + TP.c <-> FBP.c,20.8264719565419,3049.54328804917
Net flux,PFK.c net,FBP.c <-> F6P.c,1.46002220447555,0.203273397605164
Exch flux,PFK.c exch,FBP.c <-> F6P.c,5.47954576510493,2942.65327542757
Net flux,PGI.c net,F6P.c <-> G6P.c,0.730011102237796,0.101636698802582
Exch flux,PGI.c exch,F6P.c <-> G6P.c,227.431476351957,2942.6532701619
Net flux,PGM.c net,G6P.c <-> UDPG.c,0.73001110223413,0.101636698802582
Exch flux,PGM.c exch,G6P.c <-> UDPG.c,48481.4243889829,2942.65326840668
Net flux,SPS,F6P.c + UDPG.c -> S6P,0.730011102237743,0.101636698802582
Net flux,PGAM.c net,3PGA.c <-> PEP.c,0.311305934438036,0.0433419537508318
Exch flux,PGAM.c exch,3PGA.c <-> PEP.c,2.14400126560274,2942.65326872587
Net flux,PK.c,PEP.c -> PYR.c,0.141308249060252,0.0196738157104141
Net flux,PDH,PYR.c + dummy -> ACA + CO2,0.117604788570548,0.0163736721731121
Net flux,CS,OAA + ACA -> CIT,0.117604788570544,0.0163736721731121
Net flux,ACO net,CIT <-> ICI,0.117604788570588,0.0163736721731121
Exch flux,ACO exch,CIT <-> ICI,1481.8827001714,2942.65326840668
Net flux,IDH,ICI + dummy -> AKG + CO2,0.11760478857056,0.0163736721731121
Net flux,MDH net,MAL <-> OAA,2.1316282072803e-14,0
Exch flux,MDH exch,MAL <-> OAA,0.390512739932277,0.0792147333373093
Net flux,PPC,PEP.c + CO2 -> OAA + dummy,0.169997685377758,0.0236681379986098
Net flux,T_3PGA net,3PGA.p <-> 3PGA.c,0.311305934438018,0.0433419537508318
Exch flux,T_3PGA exch,3PGA.p <-> 3PGA.c,1.0000000116861e-07,0
Net flux,T_DHAP net,TP.p <-> TP.c,2.92004440895114,0.406546795210329
Exch flux,T_DHAP exch,TP.p <-> TP.c,9.99999998363421e-08,0
Net flux,ALT,PYR.c -> ALA.c,0.0237034604896718,0.00330014361194497
Net flux,ASPT,OAA -> ASP,0.0523928968075349,0.00729446586767836
Net flux,GLUDH,AKG -> GLU,0.117604788570537,0.0163736721731121
Net flux,PCR net,GLU <-> PRO,-2.48689957516035e-14,0
Exch flux,PCR exch,GLU <-> PRO,1.0000000116861e-07,0
Net flux,GS net,GLU <-> GLN,0,0
Exch flux,GS exch,GLU <-> GLN,1.0004353612203e-07,0
Net flux,TS net,ASP <-> THR,0,0
Exch flux,TS exch,ASP <-> THR,1.0000000116861e-07,0
Net flux,AS net,ASP <-> ASN,1.06581410364015e-14,0
Exch flux,AS exch,ASP <-> ASN,1.0000000116861e-07,0
Net flux,G_3PGA.p,0*3PGA.p -> 3PGA,2.46866294162373e-06,4704.48920793164
Net flux,G_3PGA.c,0*3PGA.c -> 3PGA,92.9119081400055,3254.28677696847
Net flux,G_DHAP.p,0*TP.p -> TP,40.685379842242,4662.93727546513
Net flux,G_DHAP.c,0*TP.c -> TP,51.8471856996947,3208.10307775831
Net flux,G_F6P.p,0*F6P.p -> F6P,48.6686345030749,4839.54633424097
Net flux,G_F6P.c,0*F6P.c -> F6P,36.546576817712,3551.03078396458
Net flux,G_FBP.p,0*FBP.p -> FBP,2.46866126474288e-06,4838.18654073111
Net flux,G_FBP.c,0*FBP.c -> FBP,83.4512310442959,3208.05986606709
Net flux,G_G6P.p,0*G6P.p -> G6P,19.0549768397257,4630.57367180044
Net flux,G_G6P.c,0*G6P.c -> G6P,58.8549499993083,3419.61538244684
Net flux,G_RU5P.p,0*RU5P.p -> P5P,2.46865369035731e-06,4823.10076070414
Net flux,G_X5P.p,0*X5P.p -> P5P,92.8477691503808,3578.18202556066
Net flux,G_R5P.p,0*R5P.p -> R5P,82.2810779884949,3570.66189991312
Net flux,G_GA.p,0*GA.p -> GA,36.0466346366462,1.8469923110902
Net flux,G_SER.p,0*SER.p -> SER,85.1216990814537,4942.95274364788
Net flux,G_GLY.p,0*GLY.p -> GLY,13.4876726719985,3618.09614724203
Net flux,G_RUBP.p,0*RUBP.p -> RUBP,92.5302752673063,3434.38099798447
Net flux,G_S7P.p,0*S7P.p -> S7P,98.4567310636212,3472.99279660457
Net flux,G_2PG.p,0*2PG.p -> 2PG,87.0427532706349,3337.24695210444
Net flux,G_ADPG.p,0*ADPG.p -> ADPG,95.0805622183377,3493.78450014485
Net flux,G_PEP.c,0*PEP.c -> PEP,89.2305410445615,3538.13037787213
Net flux,G_UDPG.c,0*UDPG.c -> UDPG,72.4268033045549,3738.60203260992
Net flux,G_ALA.c,0*ALA.c -> ALA,84.7521608351929,9.87662034769578
Net flux,(1-G)_GA,0*GA.x -> GA,63.9533653633559,1.8469923110902
Net flux,(1-G)_SER,0*SER.x -> SER,14.8782847205653,3.88972597651866
Net flux,(1-G)_GLY,0*GLY.x -> GLY,37.2803644397582,3.04801238307295
Net flux,(1-G)_R5P,0*R5P.x -> R5P,17.718922011502,3570.66189991312
Net flux,(1-G)_RUBP,0*RUBP.x -> RUBP,7.46972473269241,3434.38099798447
Net flux,(1-G)_3PGA,0*3PGA.x -> 3PGA,7.08808939133184,3449.74899754922
Net flux,(1-G)_TP,0*TP.x -> TP,7.46743445806383,3532.00719655993
Net flux,(1-G)_F6P,0*F6P.x -> F6P,14.7847886792169,3361.90145598521
Net flux,(1-G)_FBP,0*FBP.x -> FBP,16.5487664870375,3609.73241149021
Net flux,(1-G)_G6P,0*G6P.x -> G6P,22.0900731609643,3193.79419906359
Net flux,(1-G)_RU5P,0*RU5P.x -> P5P,7.15222838096694,3353.75432079581
Net flux,(1-G)_S7P,0*S7P.x -> S7P,1.54326893637677,3472.99279660457
Net flux,(1-G)_2PG,0*2PG.x -> 2PG,12.9572467293675,3337.24695210444
Net flux,(1-G)_ADPG,0*ADPG.x -> ADPG,4.91943778166132,3493.78450014485
Net flux,(1-G)_PEP,0*PEP.x -> PEP,10.7694589554367,3538.13037787213
Net flux,(1-G)_UDPG,0*UDPG.x -> UDPG,27.5731966954463,3738.60203260992
Net flux,(1-G)_ALA,0*ALA.x -> ALA,15.2478391648069,9.87662034769578
Net flux,PGASink,3PGA -> Sink,100,0
Net flux,DHAPSink,TP -> Sink,100.000000000001,0
Net flux,F6PSink,F6P -> Sink,100.000000000004,0
Net flux,FBPSink,FBP -> Sink,99.9999999999947,0
Net flux,G6PSink,G6P -> Sink,99.9999999999983,0
Net flux,P5PSink,P5P -> Sink,100.000000000001,0
Net flux,R5PSink,R5P -> Sink,99.9999999999968,0
Net flux,GASink,GA -> Sink,100.000000000002,0
Net flux,SERSink,SER -> Sink,99.9999999999996,0
Net flux,GLYSink,GLY -> Sink,100.000000000001,0
Net flux,RUBPSink,RUBP -> Sink,99.9999999999987,0
Net flux,S7PSink,S7P -> Sink,99.9999999999979,0
Net flux,2PGSink,2PG -> Sink,100.000000000002,0
Net flux,ADPGSink,ADPG -> Sink,99.999999999999,0
Net flux,PEPSink,PEP -> Sink,99.9999999999983,0
Net flux,UDPGSink,UDPG -> Sink,100.000000000001,0
Net flux,ALASink,ALA -> Sink,99.9999999999998,0
Net flux,S6Pout-LL,S6P + 0.1611*GLU + 0.07177*ASP + 0.03247*ALA.c + 0.01019*dummyGLY + 0.03484*dummySER -> Sink,0.730011102237778,0.101636698802582
Net flux,PGP.p,2PG.p -> Glyc.p,17.9414908243468,0.603872302820954
Net flux,GOX,Glyc.p -> Glyx.p,17.9414908243468,0.603872302820954
Net flux,GGT,Glyx.p -> GLY.p,17.9414908243468,0.603872302820954
Net flux,SGAT,SER.p -> HPA.p,6.44837592501026,0.610117382829622
Net flux,HPR.p,HPA.p -> GA.p,6.44837592501025,0.610117382829622
Net flux,T_GLY-m net,GLY.p <-> GLY.m,17.9505910606531,3433.6326931712
Exch flux,T_GLY-m exch,GLY.p <-> GLY.m,148169.338398444,3482.28700300135
Net flux,GDC.m,GLY.m + dummy -> myTHF.m + CO2,10.5137525601943,0.564940945901751
Net flux,T_SER-m net,SER.p <-> SER.m,-10.5137525601943,0.564940945901751
Exch flux,T_SER-m exch,SER.p <-> SER.m,0.0764460035333419,3568.10050599045
Net flux,mSHMT,GLY.m + myTHF.m -> SER.m,10.5137525601943,0.564940945901751
Net flux,T_SER-c net,SER.p <-> SER.c,3.09345505701989,1.09436566264214
Exch flux,T_SER-c exch,SER.p <-> SER.c,1.00000000280431e-07,0
Net flux,T_Gly-c net,GLY.p <-> GLY.c,-0.0165390494480224,3433.63264001852
Exch flux,T_Gly-c exch,GLY.p <-> GLY.c,9.99999998363421e-08,0
Net flux,cSHMT,SER.c -> GLY.c + meTHF.c,3.09345320917365,2860.17130579449
Net flux,FmTHF-reductase net,meTHF.c <-> FmTHF.c,3.09345320917365,2860.17130579449
Exch flux,FmTHF-reductase exch,meTHF.c <-> FmTHF.c,6.41962221091623,4447.27124859342
Net flux,Met-synthase,FmTHF.c + Hcy.c -> Met.c,3.09345320917363,2860.17130579449
Net flux,SAM-synthase,Met.c -> SAM.c,3.09345320917364,2860.17130579449
Net flux,Methylation,SAM.c -> SAH.c + Acceptor.c,3.09345320917363,2860.17130579449
Net flux,hydrolysis,SAH.c -> Hcy.c,3.09345320917362,2860.17130579449
Net flux,G_SER.m,0*SER.m -> SER,1.00923923440632e-07,3434.34735418141
Net flux,G_SER.c,0*SER.c -> SER,1.60970566334129e-05,3585.89055874163
Net flux,G_Gly.m,0*GLY.m -> GLY,1.00001109615278e-07,3618.09394831502
Net flux,G_Gly.c,0*GLY.c -> GLY,49.2319627882434,5.54230121805403
Net flux,T_GLY-c-m,GLY.c -> GLY.m,3.07691405972565,3433.63280524898
Net flux,G_Glyc,0*Glyc.p -> Glyc,20.8972776490295,1.05445860575708
Net flux,G_Glyx,0*Glyx.p -> Glyx,14.8896714365465,1.96042325079178
Net flux,G_HPA,0*HPA.p -> HPA,7.54095199684525,1.25554652082973
Net flux,(1-G)_Glyc,0*Glyc.x -> Glyc,79.1027223509711,1.05445860575708
Net flux,(1-G)_Glyx,0*Glyx.x -> Glyx,85.1103285634543,1.96042325079178
Net flux,(1-G)_HPA,0*HPA.x -> HPA,92.4590480031546,1.25554652082973
Net flux,GlycSink,Glyc -> Sink,100.000000000001,0
Net flux,GlyxSink,Glyx -> Sink,100.000000000001,0
Net flux,HPASink,HPA -> Sink,99.9999999999998,0
Net flux,SERex,dummySER -> outSER,0.946485650946435,0.493624255986
Net flux,G_PYR,0*PYR.c -> PYR,30.972234474385,1.70514219362598
Net flux,(1-G)_PYR,0*PYR.x -> PYR,69.0277655256152,1.70514219362598
Net flux,PYRSink,PYR -> Sink,100,0
Net flux,G_meTHF,0*meTHF.c -> meTHF,89.2396602944171,4.77686461418301
Net flux,G_FmTHF,0*FmTHF.c -> FmTHF,67.952784558821,3.51620392522982
Net flux,G_Met,0*Met.c -> Met,52.528273831707,4.11721989244757
Net flux,G_SAM,0*SAM.c -> SAM,61.9307872826372,3.91703682786937
Net flux,(1-G)_meTHF,0*meTHF.x -> meTHF,10.7603397055828,4.77686461418301
Net flux,(1-G)_FmTHF,0*FmTHF.x -> FmTHF,32.0472154411791,3.51620392522982
Net flux,(1-G)_Met,0*Met.x -> Met,47.471726168293,4.11721989244757
Net flux,(1-G)_SAM,0*SAM.x -> SAM,38.0692127173628,3.91703682786937
Net flux,meTHFSink,meTHF -> Sink,99.9999999999999,0
Net flux,FmTHFSink,FmTHF -> Sink,100,0
Net flux,MetSink,Met -> Sink,100,0
Net flux,SAMsink,SAM -> Sink,100,0
Net flux,Met-protein,Met.c -> Protein,6.51983996113883e-15,0
Net flux,GLY-protein,GLY.c -> Protein,1.00000008274037e-07,2860.17150771599
Net flux,SER-protein,SER.c -> Protein,1.84784624579493e-06,2860.1715025284
Pool,2PG pool,,0,0
Pool,2PG.p pool,,1.70004734299704e-06,3493.27110964208
Pool,2PG.x pool,,1,Inf
Pool,3PGA pool,,0,0
Pool,3PGA.c pool,,0.00752634662719185,0.00273866136148389
Pool,3PGA.p pool,,2.04090567189871e-06,3478.53754058853
Pool,3PGA.x pool,,1,Inf
Pool,ACA pool,,3.299658709492e-07,3492.05267816333
Pool,ADPG pool,,0,0
Pool,ADPG.p pool,,9.9999999999999e-08,Inf
Pool,ADPG.x pool,,1,Inf
Pool,AKG pool,,6.51835926802529e-07,3522.74435769635
Pool,ALA pool,,0,0
Pool,ALA.c pool,,0.00984186252347026,0.00267496387473883
Pool,ALA.x pool,,1,Inf
Pool,ASN pool,,7566.06819365936,3569.35429500134
Pool,ASP pool,,1.00000000000002e-07,0
Pool,Acceptor.c pool,,1,Inf
Pool,CIT pool,,7.57232429572478,472.46398629168
Pool,CO2 pool,,0.412796368895335,0.157043346369498
Pool,CO2.t pool,,1,Inf
Pool,E4P.p pool,,0,0
Pool,EC2 pool,,0,0
Pool,F6P pool,,0,0
Pool,F6P.c pool,,3.82970818856195e-06,3527.025768935
Pool,F6P.p pool,,1.67296899233349e-06,3392.00370613457
Pool,F6P.x pool,,1,Inf
Pool,FBP pool,,0,0
Pool,FBP.c pool,,3.8296641076407e-06,3471.55163928619
Pool,FBP.p pool,,1.20342498926094e-06,3659.48713915053
Pool,FBP.x pool,,1,Inf
Pool,FmTHF pool,,0.596992111822519,0.601149960694663
Pool,FmTHF.c pool,,1.48494334620481e-07,3400.06553436534
Pool,FmTHF.x pool,,1,Inf
Pool,G6P pool,,0,0
Pool,G6P.c pool,,9.87486891456149e-06,3381.10480779706
Pool,G6P.p pool,,3.36670486631522e-06,3615.08458713125
Pool,G6P.x pool,,1,Inf
Pool,GA pool,,0,0
Pool,GA.p pool,,2.04766566172086e-07,3397.52058275138
Pool,GA.x pool,,1,Inf
Pool,GLN pool,,8.83867754950118,3409.90598251967
Pool,GLU pool,,6.51836669192681e-07,3260.0442884231
Pool,GLY pool,,0,0
Pool,GLY.c pool,,1.0415077016854e-07,3665.05788376231
Pool,GLY.m pool,,0.106995074629602,0.0856741012960839
Pool,GLY.p pool,,0.000451312471222128,3349.63659229033
Pool,GLY.x pool,,1,Inf
Pool,Glyc pool,,2.58842075139194,0.795391318757384
Pool,Glyc.p pool,,2.07397828509037e-06,3645.30646035318
Pool,Glyc.x pool,,1,Inf
Pool,Glyx pool,,14.6974171683201,5.13767953584503
Pool,Glyx.p pool,,5.59518525599815e-06,3245.41640781855
Pool,Glyx.x pool,,1,Inf
Pool,HPA pool,,1.94601512656958e-05,3461.09435554527
Pool,HPA.p pool,,1.76014340748209e-07,3668.3560300471
Pool,HPA.x pool,,1,Inf
Pool,Hcy.c pool,,1,Inf
Pool,ICI pool,,0.00293720828994389,3454.26759657446
Pool,MAL pool,,0.462200605270464,0.0940769087523322
Pool,Met pool,,3.48157034401842e-06,3526.97807422308
Pool,Met.c pool,,1.46845265149046e-07,3436.36824152284
Pool,Met.x pool,,1,Inf
Pool,OAA pool,,0.0868521818692128,0.0190304586074447
Pool,P5P pool,,0,0
Pool,PEP pool,,0,0
Pool,PEP.c pool,,1.00000000000016e-07,0
Pool,PEP.x pool,,1,Inf
Pool,PRO pool,,5.39499638332903,3400.8631657346
Pool,PYR pool,,1.00000000058387e-07,0
Pool,PYR.c pool,,0.00181109617570782,0.00131333963998932
Pool,PYR.x pool,,1,Inf
Pool,Protein pool,,1,Inf
Pool,R5P pool,,0,0
Pool,R5P.p pool,,1.37562354249917e-06,3502.86798818436
Pool,R5P.x pool,,1,Inf
Pool,RU5P.p pool,,1.28532132602488e-06,3462.71706395074
Pool,RU5P.x pool,,1,Inf
Pool,RUBP pool,,0,0
Pool,RUBP.p pool,,1.28623699583592e-06,3576.47018995487
Pool,RUBP.x pool,,1,Inf
Pool,S6P pool,,1,Inf
Pool,S7P pool,,0,0
Pool,S7P.p pool,,9.5214775737299e-07,3480.56229712898
Pool,S7P.x pool,,1,Inf
Pool,SAH.c pool,,1,Inf
Pool,SAM pool,,2.35000084962843,218.679156863375
Pool,SAM.c pool,,0.0729808566134142,67.7937875337163
Pool,SAM.x pool,,1,Inf
Pool,SBP pool,,0,0
Pool,SER pool,,0,0
Pool,SER.c pool,,1.00000000002876e-07,0
Pool,SER.m pool,,1.03253247394146,0.0723215918533173
Pool,SER.p pool,,1.00000000002876e-07,0
Pool,SER.x pool,,1,Inf
Pool,Sink pool,,1,Inf
Pool,Starch pool,,1,Inf
Pool,THR pool,,3889.6455647585,3456.34638901716
Pool,TP pool,,0,0
Pool,TP.c pool,,4.18762308976331e-06,3584.18958659443
Pool,TP.p pool,,2.03648807922935e-06,3413.64547771937
Pool,TP.x pool,,1,Inf
Pool,UDPG pool,,0,0
Pool,UDPG.c pool,,0.169462985927242,3431.34671674125
Pool,UDPG.x pool,,1,Inf
Pool,X5P.p pool,,1.29309606139972e-06,3442.96934324928
Pool,dummy pool,,1,Inf
Pool,dummyGLY pool,,1,Inf
Pool,dummySER pool,,1,Inf
Pool,meTHF pool,,2.00309909843799,0.97139535508284
Pool,meTHF.c pool,,1.53467090643348e-07,3271.99800031707
Pool,meTHF.x pool,,1,Inf
Pool,myTHF.m pool,,1.00000000002876e-07,0
Pool,outSER pool,,1,Inf
Norm,Experiment1 Glyc205 #1 norm,,0.998611368022562,0.0131329355851498
Norm,Experiment1 Glyc205 #2 norm,,1.01689292526574,0.0250910830367082
Norm,Experiment1 Glyc205 #3 norm,,0.983368873855849,0.0235472038456589
Norm,Experiment1 Glyc205 #4 norm,,0.996600198239878,0.0316685925798252
Norm,Experiment1 Glyc205 #5 norm,,1.00172955048794,0.0351734623382453
Norm,Experiment1 Glyc205 #6 norm,,1.04198221708526,0.0273292605823405
Norm,Experiment1 Glyc205 #7 norm,,0.991821944450819,0.0343388996023495
Norm,Experiment1 Glyc205 #8 norm,,0.950926889402788,0.028103169820542
Norm,Experiment1 Glyx160 #1 norm,,0.993632629825922,0.0106895521399577
Norm,Experiment1 Glyx160 #2 norm,,0.989226439492296,0.0131098982323242
Norm,Experiment1 Glyx160 #3 norm,,0.965947945458889,0.0168830674756852
Norm,Experiment1 Glyx160 #4 norm,,0.990967507528353,0.0150091345718607
Norm,Experiment1 Glyx160 #5 norm,,0.957945278550849,0.0338124153901172
Norm,Experiment1 Glyx160 #6 norm,,1.03324349026715,0.0203180390520951
Norm,Experiment1 Glyx160 #7 norm,,0.970998483426843,0.0371217998590354
Norm,Experiment1 Glyx160 #8 norm,,0.990275856792035,0.0393622716093632
Norm,Experiment1 GLY276 #1 norm,,0.98243147094981,0.0101135717574068
Norm,Experiment1 GLY276 #2 norm,,1.01958111802134,0.0252616364820339
Norm,Experiment1 GLY276 #3 norm,,0.943607302826766,0.0406082617966553
Norm,Experiment1 GLY276 #4 norm,,1.01227521549024,0.0618254852920471
Norm,Experiment1 GLY276 #5 norm,,0.985434049742277,0.158530538038021
Norm,Experiment1 GLY276 #6 norm,,0.954653768219966,0.0898221312429926
Norm,Experiment1 GLY276 #7 norm,,1.03446822719601,0.0713445385206363
Norm,Experiment1 GLY276 #8 norm,,0.982418624588586,0.0672275205401145
Norm,Experiment1 HPA262 #1 norm,,1.01531726599619,0.011098680416651
Norm,Experiment1 HPA262 #2 norm,,0.937427957037799,0.0281748596214876
Norm,Experiment1 HPA262 #3 norm,,0.94564302207471,0.0129368359232331
Norm,Experiment1 HPA262 #4 norm,,0.913991793792855,0.0336514570977265
Norm,Experiment1 HPA262 #5 norm,,0.867360339674579,0.0225070305978661
Norm,Experiment1 HPA262 #6 norm,,0.985242148128341,0.0348311796732516
Norm,Experiment1 HPA262 #7 norm,,0.997264290778227,0.0257244453991515
Norm,Experiment1 HPA262 #8 norm,,1.02211578203482,0.0242612559699869
Norm,Experiment1 GA307 #1 norm,,0.999394010552032,0.0120885863618578
Norm,Experiment1 GA307 #2 norm,,0.957391917611092,0.0304893904580272
Norm,Experiment1 GA307 #3 norm,,0.918768053637847,0.0287641913020198
Norm,Experiment1 GA307 #4 norm,,1.00926419978023,0.0208973598990678
Norm,Experiment1 GA307 #5 norm,,0.967991637498351,0.0576725461276427
Norm,Experiment1 GA307 #6 norm,,1.04332583792603,0.039730154808004
Norm,Experiment1 GA307 #7 norm,,0.968930568016333,0.0406618167843728
Norm,Experiment1 GA307 #8 norm,,0.998116836394908,0.0366505829310668
Norm,Experiment1 SER306 #1 norm,,1.01272412467459,0.0144163001275025
Norm,Experiment1 SER306 #2 norm,,1.0146540948765,0.0193739514367079
Norm,Experiment1 SER306 #3 norm,,0.957164482079098,0.0389070370292356
Norm,Experiment1 SER306 #4 norm,,1.03450222272961,0.0434242671333109
Norm,Experiment1 SER306 #5 norm,,1.07238233789122,0.119555681707237
Norm,Experiment1 SER306 #6 norm,,0.967125329033484,0.0668966874007555
Norm,Experiment1 SER306 #7 norm,,1.0158489623316,0.0419473128251182
Norm,Experiment1 SER306 #8 norm,,0.981930014373838,0.0475766420399624
Norm,Experiment1 meTHF #1 norm,,1.00400073836473,0.0102629941369716
Norm,Experiment1 meTHF #2 norm,,1.00735369272931,0.0101662301649528
Norm,Experiment1 meTHF #3 norm,,0.90662798373398,0.0588157526468045
Norm,Experiment1 meTHF #4 norm,,1.01098715132337,0.0513895925453936
Norm,Experiment1 meTHF #5 norm,,0.991158057082932,0.0961103787472141
Norm,Experiment1 meTHF #6 norm,,0.991590904524736,0.112156792294356
Norm,Experiment1 meTHF #7 norm,,1.00643858399082,0.0594397334130099
Norm,Experiment1 meTHF #8 norm,,0.988830731408826,0.0900686006025493
Norm,Experiment1 FmTHF #1 norm,,1.00919308638971,0.0101090230511699
Norm,Experiment1 FmTHF #2 norm,,0.996296095845684,0.024270927671876
Norm,Experiment1 FmTHF #3 norm,,0.976964098653602,0.0326630542232654
Norm,Experiment1 FmTHF #4 norm,,1.00516688287638,0.0270889882367589
Norm,Experiment1 FmTHF #5 norm,,0.993015625132823,0.0638441966302678
Norm,Experiment1 FmTHF #6 norm,,1.0073502732695,0.0693628872946524
Norm,Experiment1 FmTHF #7 norm,,1.00089878640247,0.0512897224734985
Norm,Experiment1 FmTHF #8 norm,,1.0466664737576,0.0942939258541731
Norm,Experiment1 Met176 #1 norm,,0.937994384236312,0.0236058959452874
Norm,Experiment1 Met176 #2 norm,,0.919781970276534,0.0325276077759344
Norm,Experiment1 Met176 #3 norm,,0.906443929246451,0.0528048111907748
Norm,Experiment1 Met176 #4 norm,,0.950935044388481,0.0355242627990685
Norm,Experiment1 Met176 #5 norm,,1.00714067353721,0.072201967283527
Norm,Experiment1 Met176 #6 norm,,0.982813033763134,0.133126890372839
Norm,Experiment1 Met176 #7 norm,,1.01169360938381,0.0898959501277561
Norm,Experiment1 Met176 #8 norm,,0.997570072840773,0.168211403411392
Norm,Experiment1 SAM #1 norm,,0.993859243747876,0.0117181883264778
Norm,Experiment1 SAM #2 norm,,1.01501183928198,0.0123822472660403
Norm,Experiment1 SAM #3 norm,,0.983931783117116,0.0143502791746526
Norm,Experiment1 SAM #4 norm,,1.04693568183868,0.0282326548189192
Norm,Experiment1 SAM #5 norm,,0.958670063594113,0.0407482428233418
Norm,Experiment1 SAM #6 norm,,1.00507991325929,0.0618278718892531
Norm,Experiment1 SAM #7 norm,,1.00588652897096,0.0998420473585919
Norm,Experiment1 SAM #8 norm,,0.990121256071364,0.0753783918650681
Norm,Experiment1 CIT465 #1 norm,,1.00156312727428,0.0123172168163064
Norm,Experiment1 CIT465 #2 norm,,0.988106502974223,0.0136634116419707
Norm,Experiment1 CIT465 #3 norm,,0.957172370258704,0.0111611044864967
Norm,Experiment1 CIT465 #4 norm,,0.954013499555934,0.0160176481680797
Norm,Experiment1 CIT465 #5 norm,,0.986417551749203,0.0135982340421419
Norm,Experiment1 CIT465 #6 norm,,0.972986509775816,0.0128410575757437
Norm,Experiment1 CIT465 #7 norm,,0.963905610479211,0.0120071403928262
Norm,Experiment1 CIT465 #8 norm,,1.00724348257244,0.907905742126928
Norm,Experiment1 MAL335 #1 norm,,1.02193358996878,0.012560846965055
Norm,Experiment1 MAL335 #2 norm,,1.00859589599587,0.0109959896766821
Norm,Experiment1 MAL335 #3 norm,,1.00435446418423,0.0105162689982851
Norm,Experiment1 MAL335 #4 norm,,1.00085013475107,0.0144669449366374
Norm,Experiment1 MAL335 #5 norm,,0.966789146081545,0.0138059304988515
Norm,Experiment1 MAL335 #6 norm,,0.98269717172664,0.0138262903110589
Norm,Experiment1 MAL335 #7 norm,,0.995751132689673,0.0221299839723036
Norm,Experiment1 MAL335 #8 norm,,0.986893689574932,0.0337835709106808
Norm,Experiment1 ASP334 #1 norm,,1.01546656086379,0.0242269611002074
Norm,Experiment1 ASP334 #2 norm,,0.956352202710989,0.0306927649653288
Norm,Experiment1 ASP334 #3 norm,,0.964162552421301,0.0204197118790856
Norm,Experiment1 ASP334 #4 norm,,0.989127062824683,0.018961305256734
Norm,Experiment1 ASP334 #5 norm,,0.990696034616509,0.0306114694499658
Norm,Experiment1 ASP334 #6 norm,,0.979310624045721,0.0304473052345079
Norm,Experiment1 ASP334 #7 norm,,1.02319443616994,0.0315649953202779
Norm,Experiment1 ASP334 #8 norm,,0.93377116395831,0.0699836893058791
Norm,Experiment1 GLU348 #1 norm,,0.974760834861256,0.0213122860117278
Norm,Experiment1 GLU348 #2 norm,,1.01089106343446,0.0197005764333634
Norm,Experiment1 GLU348 #3 norm,,1.0061055393381,0.0115442589064574
Norm,Experiment1 GLU348 #4 norm,,1.00182671347672,0.0352303161441055
Norm,Experiment1 GLU348 #5 norm,,0.920133946644585,0.0228312523405709
Norm,Experiment1 GLU348 #6 norm,,0.99592705420754,0.0129398281014479
Norm,Experiment1 GLU348 #7 norm,,1.02330266202794,0.0145886313509366
Norm,Experiment1 GLU348 #8 norm,,0.97624612329898,0.879976414908175
Norm,Experiment1 THR320 #1 norm,,0.981490892838464,0.0101306025118502
Norm,Experiment1 THR320 #2 norm,,0.97703031256969,0.0138363789106702
Norm,Experiment1 THR320 #3 norm,,0.987373605272665,0.0103965918351895
Norm,Experiment1 THR320 #4 norm,,0.962830050749619,0.0267228979051318
Norm,Experiment1 THR320 #5 norm,,1.02790931540838,0.0217452833524286
Norm,Experiment1 THR320 #6 norm,,1.00981674186853,0.0114624678945128
Norm,Experiment1 THR320 #7 norm,,0.978247051517637,0.0140217897493046
Norm,Experiment1 THR320 #8 norm,,0.890944310574718,0.0249322517353222
Norm,Experiment1 ALA116 #1 norm,,0.981778762009067,0.0099873059944413
Norm,Experiment1 ALA116 #2 norm,,0.998752009869991,0.0101834915751379
Norm,Experiment1 ALA116 #3 norm,,1.00353150903835,0.018030815339105
Norm,Experiment1 ALA116 #4 norm,,1.02195086099458,0.0235214285811018
Norm,Experiment1 ALA116 #5 norm,,0.918995707036252,0.0861458681402185
Norm,Experiment1 ALA116 #6 norm,,1.0407206991178,0.0749722484966611
Norm,Experiment1 ALA116 #7 norm,,1.01538195987902,0.066679309345609
Norm,Experiment1 ALA116 #8 norm,,0.978365636133525,0.107441226570131
Norm,Experiment1 PYR #1 norm,,0.978516704536391,0.016983936995104
Norm,Experiment1 PYR #2 norm,,0.939583286716844,0.0405460077887606
Norm,Experiment1 PYR #3 norm,,0.955263328699516,0.125910049499335
Norm,Experiment1 PYR #4 norm,,1.01931852550874,0.0433527788111702
Norm,Experiment1 PYR #5 norm,,1.04308487003404,0.056986256369835
Norm,Experiment1 PYR #6 norm,,1.02322411117032,0.0575114746071511
Norm,Experiment1 PYR #7 norm,,1.0183392754851,0.110075376402013
Norm,Experiment1 PYR #8 norm,,0.962239183072608,0.0587842575893427
