type,id,eqn,val,std
Net flux,CO2.t,CO2.t -> CO2,47.5245156115166,1.10005075656788
Net flux,CO2_sink,dummy -> Sink,47.5245156115165,1.10005075656788
Net flux,RUBICSO_CO2,RUBP.p + CO2 -> 3PGA.p + 3PGA.p + dummy,56.0177159486369,1.15040515934885
Net flux,GAPDH.p net,3PGA.p <-> TP.p,134.119838451365,2.63689595751197
Exch flux,GAPDH.p exch,3PGA.p <-> TP.p,2.08401021767838,0.682265013060065
Net flux,ALD,TP.p + E4P.p -> SBP,24.2943375907289,0.472953473868049
Net flux,SBP,SBP -> S7P.p,24.2943375907289,0.472953473868049
Net flux,FBA.p net,TP.p + TP.p <-> FBP.p,29.0801371297966,0.648928918535636
Exch flux,FBA.p exch,TP.p + TP.p <-> FBP.p,21646.6109377187,151.28635447084
Net flux,PFK.p net,FBP.p <-> F6P.p,29.0801371297998,0.648928918535636
Exch flux,PFK.p exch,FBP.p <-> F6P.p,9.99829552483789e-08,1.46539793066392e-13
Net flux,TK1 net,TP.p + EC2 <-> X5P.p,48.5886751814578,0.945906947736098
Exch flux,TK1 exch,TP.p + EC2 <-> X5P.p,1545.01549977316,451.37720250128
Net flux,TK2 net,S7P.p <-> R5P.p + EC2,24.2943375907289,0.472953473868049
Exch flux,TK2 exch,S7P.p <-> R5P.p + EC2,37.8787045073653,198.493200870489
Net flux,TK3 net,F6P.p <-> E4P.p + EC2,24.294337590728,0.472953473868049
Exch flux,TK3 exch,F6P.p <-> E4P.p + EC2,6865.06498232857,254.005835027948
Net flux,PPE net,X5P.p <-> RU5P.p,48.5886751814578,0.945906947736098
Exch flux,PPE exch,X5P.p <-> RU5P.p,1692.76831958854,451.751206677033
Net flux,PPI net,R5P.p <-> RU5P.p,24.294337590729,0.472953473868049
Exch flux,PPI exch,R5P.p <-> RU5P.p,240.564664677836,410.121045332885
Net flux,PRK,RU5P.p -> RUBP.p,72.8830127721868,1.41886042160415
Net flux,RUBISCO_O2,RUBP.p -> 3PGA.p + 2PG.p,16.86529682355,0.581680244706213
Net flux,GLYdil net,GLY.p <-> GLY.x + dummyGLY,0.00783751474138938,0.00107367228693391
Exch flux,GLYdil exch,GLY.p <-> GLY.x + dummyGLY,1.0000000116861e-07,0
Net flux,SERdil net,SER.p <-> SER.x + dummySER,2.8597619448152,612.603942448612
Exch flux,SERdil exch,SER.p <-> SER.x + dummySER,1.58684027700258,612.603697426196
Net flux,GK,GA.p -> 3PGA.p,5.54710087738269,0.510011771463714
Net flux,PGI.p net,F6P.p <-> G6P.p,4.78579953907205,0.349883884964377
Exch flux,PGI.p exch,F6P.p <-> G6P.p,3.01180915267704,366.357544509094
Net flux,PGM.p,G6P.p -> ADPG.p,4.78579953907206,0.349883884964377
Net flux,Starch,ADPG.p -> Starch,4.78579953907203,0.349883884964377
Net flux,FBA.c net,TP.c + TP.c <-> FBP.c,1.53827570979048,0.210730576433027
Exch flux,FBA.c exch,TP.c + TP.c <-> FBP.c,20.7546813990596,366.357438040196
Net flux,PFK.c net,FBP.c <-> F6P.c,1.53827570979049,0.210730576433027
Exch flux,PFK.c exch,FBP.c <-> F6P.c,5.40893469255065,366.357438040196
Net flux,PGI.c net,F6P.c <-> G6P.c,0.769137854895263,0.105365288216514
Exch flux,PGI.c exch,F6P.c <-> G6P.c,227.394719683018,366.357392585224
Net flux,PGM.c net,G6P.c <-> UDPG.c,0.769137854891596,0.105365288216514
Exch flux,PGM.c exch,G6P.c <-> UDPG.c,48481.424851883,366.357377433566
Net flux,SPS,F6P.c + UDPG.c -> S6P,0.769137854895209,0.105365288216514
Net flux,PGAM.c net,3PGA.c <-> PEP.c,0.327991146841026,0.0449319735072909
Exch flux,PGAM.c exch,3PGA.c <-> PEP.c,1.52271992838517,366.357380188911
Net flux,PK.c,PEP.c -> PYR.c,0.148882014572258,0.020395558840189
Net flux,PDH,PYR.c + dummy -> ACA + CO2,0.123908108423353,0.0169743479317291
Net flux,CS,OAA + ACA -> CIT,0.123908108423349,0.0169743479317291
Net flux,ACO net,CIT <-> ICI,0.123908108423393,0.0169743479317291
Exch flux,ACO exch,CIT <-> ICI,1164.79431056379,366.357377433566
Net flux,IDH,ICI + dummy -> AKG + CO2,0.123908108423365,0.0169743479317291
Net flux,MDH net,MAL <-> OAA,2.1316282072803e-14,0
Exch flux,MDH exch,MAL <-> OAA,0.101278517761806,0.0832532973440741
Net flux,PPC,PEP.c + CO2 -> OAA + dummy,0.179109132269196,0.0245364146672818
Net flux,T_3PGA net,3PGA.p <-> 3PGA.c,0.327991146841008,0.0449319735072909
Exch flux,T_3PGA exch,3PGA.p <-> 3PGA.c,3.52546580078213,447.929613247701
Net flux,T_DHAP net,TP.p <-> TP.c,3.076551419581,0.421461152866055
Exch flux,T_DHAP exch,TP.p <-> TP.c,9.99999998363421e-08,0
Net flux,ALT,PYR.c -> ALA.c,0.0249739061484189,0.00342121090839262
Net flux,ASPT,OAA -> ASP,0.0552010238458276,0.00756206673537343
Net flux,GLUDH,AKG -> GLU,0.123908108423342,0.0169743479317291
Net flux,PCR net,GLU <-> PRO,-2.48689957516035e-14,0
Exch flux,PCR exch,GLU <-> PRO,1.0000000116861e-07,0
Net flux,GS net,GLU <-> GLN,0,0
Exch flux,GS exch,GLU <-> GLN,1.00043322959209e-07,0
Net flux,TS net,ASP <-> THR,0,0
Exch flux,TS exch,ASP <-> THR,0.0112922418483805,0.0241354057162921
Net flux,AS net,ASP <-> ASN,1.06581410364015e-14,0
Exch flux,AS exch,ASP <-> ASN,0.00810473193094907,0.0238541837725905
Net flux,G_3PGA.p,0*3PGA.p -> 3PGA,2.46866292741288e-06,553.79526691943
Net flux,G_3PGA.c,0*3PGA.c -> 3PGA,92.9119081394913,373.036385212613
Net flux,G_DHAP.p,0*TP.p -> TP,40.685379842242,680.923856229838
Net flux,G_DHAP.c,0*TP.c -> TP,51.8471856996947,512.042923736588
Net flux,G_F6P.p,0*F6P.p -> F6P,48.6686345030749,609.777118237945
Net flux,G_F6P.c,0*F6P.c -> F6P,36.546576817712,471.969115164514
Net flux,G_FBP.p,0*FBP.p -> FBP,2.46866125053202e-06,588.439208755056
Net flux,G_FBP.c,0*FBP.c -> FBP,83.4512310447597,386.554119575837
Net flux,G_G6P.p,0*G6P.p -> G6P,19.0549768397257,620.343245058392
Net flux,G_G6P.c,0*G6P.c -> G6P,58.8549499993083,455.569032615615
Net flux,G_RU5P.p,0*RU5P.p -> P5P,2.46865366904103e-06,664.053031391982
Net flux,G_X5P.p,0*X5P.p -> P5P,92.8477691502634,508.670807223164
Net flux,G_R5P.p,0*R5P.p -> R5P,82.2810779884949,424.435109430653
Net flux,G_GA.p,0*GA.p -> GA,43.528794143204,1.56370517784009
Net flux,G_SER.p,0*SER.p -> SER,99.9995982490202,458.04723702352
Net flux,G_GLY.p,0*GLY.p -> GLY,55.6726677345352,604.89348573981
Net flux,G_RUBP.p,0*RUBP.p -> RUBP,92.5302752673064,447.898336174096
Net flux,G_S7P.p,0*S7P.p -> S7P,98.4567310636212,432.56579162883
Net flux,G_2PG.p,0*2PG.p -> 2PG,87.0427532706349,448.692131356547
Net flux,G_ADPG.p,0*ADPG.p -> ADPG,95.0805622183377,459.311823724948
Net flux,G_PEP.c,0*PEP.c -> PEP,89.2305410445615,456.698916354289
Net flux,G_UDPG.c,0*UDPG.c -> UDPG,72.4268033045549,440.900227203661
Net flux,G_ALA.c,0*ALA.c -> ALA,73.6775505715731,6.39421141594533
Net flux,(1-G)_GA,0*GA.x -> GA,56.4712058567981,1.56370517784009
Net flux,(1-G)_SER,0*SER.x -> SER,1.0000000116861e-07,0
Net flux,(1-G)_GLY,0*GLY.x -> GLY,44.3228673845004,2.18023962946275
Net flux,(1-G)_R5P,0*R5P.x -> R5P,17.718922011502,424.435109430653
Net flux,(1-G)_RUBP,0*RUBP.x -> RUBP,7.4697247326924,447.898336174096
Net flux,(1-G)_3PGA,0*3PGA.x -> 3PGA,7.08808939184609,407.430273752723
Net flux,(1-G)_TP,0*TP.x -> TP,7.46743445806383,448.577436254614
Net flux,(1-G)_F6P,0*F6P.x -> F6P,14.7847886792169,416.691953335365
Net flux,(1-G)_FBP,0*FBP.x -> FBP,16.5487664865737,424.15538443461
Net flux,(1-G)_G6P,0*G6P.x -> G6P,22.0900731609643,446.566849160149
Net flux,(1-G)_RU5P,0*RU5P.x -> P5P,7.15222838108434,419.931199690537
Net flux,(1-G)_S7P,0*S7P.x -> S7P,1.54326893637677,432.56579162883
Net flux,(1-G)_2PG,0*2PG.x -> 2PG,12.9572467293675,448.692131356547
Net flux,(1-G)_ADPG,0*ADPG.x -> ADPG,4.91943778166132,459.311823724948
Net flux,(1-G)_PEP,0*PEP.x -> PEP,10.7694589554367,456.698916354289
Net flux,(1-G)_UDPG,0*UDPG.x -> UDPG,27.5731966954463,440.900227203661
Net flux,(1-G)_ALA,0*ALA.x -> ALA,26.3224494284267,6.39421141594533
Net flux,PGASink,3PGA -> Sink,100,0
Net flux,DHAPSink,TP -> Sink,100.000000000001,0
Net flux,F6PSink,F6P -> Sink,100.000000000004,0
Net flux,FBPSink,FBP -> Sink,99.9999999999947,0
Net flux,G6PSink,G6P -> Sink,99.9999999999983,0
Net flux,P5PSink,P5P -> Sink,100.000000000001,0
Net flux,R5PSink,R5P -> Sink,99.9999999999968,0
Net flux,GASink,GA -> Sink,100.000000000002,0
Net flux,SERSink,SER -> Sink,99.9999999999996,0
Net flux,GLYSink,GLY -> Sink,100.000000000001,0
Net flux,RUBPSink,RUBP -> Sink,99.9999999999987,0
Net flux,S7PSink,S7P -> Sink,99.9999999999979,0
Net flux,2PGSink,2PG -> Sink,100.000000000002,0
Net flux,ADPGSink,ADPG -> Sink,99.999999999999,0
Net flux,PEPSink,PEP -> Sink,99.9999999999983,0
Net flux,UDPGSink,UDPG -> Sink,100.000000000001,0
Net flux,ALASink,ALA -> Sink,99.9999999999998,0
Net flux,S6Pout-LL,S6P + 0.1611*GLU + 0.07177*ASP + 0.03247*ALA.c + 0.01019*dummyGLY + 0.03484*dummySER -> Sink,0.769137854895245,0.105365288216514
Net flux,PGP.p,2PG.p -> Glyc.p,16.86529682355,0.581680244706213
Net flux,GOX,Glyc.p -> Glyx.p,16.86529682355,0.581680244706213
Net flux,GGT,Glyx.p -> GLY.p,16.86529682355,0.581680244706213
Net flux,SGAT,SER.p -> HPA.p,5.54710087738267,0.510011771463714
Net flux,HPR.p,HPA.p -> GA.p,5.54710087738267,0.510011771463714
Net flux,T_GLY-m net,GLY.p <-> GLY.m,16.8489864050789,0.582630504929494
Exch flux,T_GLY-m exch,GLY.p <-> GLY.m,80682.7875803383,426.222683693322
Net flux,GDC.m,GLY.m + dummy -> myTHF.m + CO2,8.42449325254258,0.291315252464877
Net flux,T_SER-m net,SER.p <-> SER.m,-8.42449325254256,0.291315252464877
Exch flux,T_SER-m exch,SER.p <-> SER.m,515.688419922764,464.480452957895
Net flux,mSHMT,GLY.m + myTHF.m -> SER.m,8.42449325254258,0.291315252464877
Net flux,T_SER-c net,SER.p <-> SER.c,0.017630430344691,612.603674002055
Exch flux,T_SER-c exch,SER.p <-> SER.c,5.10920041740803e-06,461.46603917397
Net flux,T_Gly-c net,GLY.p <-> GLY.c,0.00847290372333731,0.143797329943469
Exch flux,T_Gly-c exch,GLY.p <-> GLY.c,9.99999998363421e-08,1.14033925011597e-14
Net flux,cSHMT,SER.c -> GLY.c + meTHF.c,0.00904786373298827,13.9931702832544
Net flux,FmTHF-reductase net,meTHF.c <-> FmTHF.c,0.00904786373298805,13.9931702832544
Exch flux,FmTHF-reductase exch,meTHF.c <-> FmTHF.c,8.75256435706736,453.528252037563
Net flux,Met-synthase,FmTHF.c + Hcy.c -> Met.c,0.00904786373296818,13.9931702832544
Net flux,SAM-synthase,Met.c -> SAM.c,0.00904786373297783,13.9931702832544
Net flux,Methylation,SAM.c -> SAH.c + Acceptor.c,0.00904786373297251,13.9931702832544
Net flux,hydrolysis,SAH.c -> Hcy.c,0.00904786373296462,13.9931702832544
Net flux,G_SER.m,0*SER.m -> SER,0.000401550979351128,458.04723702352
Net flux,G_SER.c,0*SER.c -> SER,1.0000000116861e-07,0
Net flux,G_Gly.m,0*GLY.m -> GLY,0.00014338920807333,429.805957881045
Net flux,G_Gly.c,0*GLY.c -> GLY,0.00432149175763641,434.338607432749
Net flux,T_GLY-c-m,GLY.c -> GLY.m,9.99999314466038e-08,1.40321711943443e-13
Net flux,G_Glyc,0*Glyc.p -> Glyc,23.3730399108162,1.1932935665472
Net flux,G_Glyx,0*Glyx.p -> Glyx,15.917100006327,2.2125609814304
Net flux,G_HPA,0*HPA.p -> HPA,8.241196115571,1.34412462483764
Net flux,(1-G)_Glyc,0*Glyc.x -> Glyc,76.6269600891844,1.1932935665472
Net flux,(1-G)_Glyx,0*Glyx.x -> Glyx,84.0828999936739,2.2125609814304
Net flux,(1-G)_HPA,0*HPA.x -> HPA,91.7588038844289,1.34412462483764
Net flux,GlycSink,Glyc -> Sink,100.000000000001,0
Net flux,GlyxSink,Glyx -> Sink,100.000000000001,0
Net flux,HPASink,HPA -> Sink,99.9999999999998,0
Net flux,SERex,dummySER -> outSER,2.83296271609421,612.603943162432
Net flux,G_PYR,0*PYR.c -> PYR,26.8316753923939,1.75534271125776
Net flux,(1-G)_PYR,0*PYR.x -> PYR,73.1683246076063,1.75534271125776
Net flux,PYRSink,PYR -> Sink,100,0
Net flux,G_meTHF,0*meTHF.c -> meTHF,95.3433674641899,3.78113026540675
Net flux,G_FmTHF,0*FmTHF.c -> FmTHF,82.9909695143422,2.81169365677429
Net flux,G_Met,0*Met.c -> Met,68.0448706074714,3.93274573184466
Net flux,G_SAM,0*SAM.c -> SAM,66.3661128472496,4.14461977924826
Net flux,(1-G)_meTHF,0*meTHF.x -> meTHF,4.6566325358101,3.78113026540675
Net flux,(1-G)_FmTHF,0*FmTHF.x -> FmTHF,17.0090304856579,2.81169365677429
Net flux,(1-G)_Met,0*Met.x -> Met,31.9551293925287,3.93274573184466
Net flux,(1-G)_SAM,0*SAM.x -> SAM,33.6338871527505,4.14461977924826
Net flux,meTHFSink,meTHF -> Sink,99.9999999999999,0
Net flux,FmTHFSink,FmTHF -> Sink,100,0
Net flux,MetSink,Met -> Sink,100,0
Net flux,SAMsink,SAM -> Sink,100,0
Net flux,Met-protein,Met.c -> Protein,6.51983996113883e-15,0
Net flux,GLY-protein,GLY.c -> Protein,0.0175206674564263,13.9930587352416
Net flux,SER-protein,SER.c -> Protein,0.00858256661170476,612.763470065014
Pool,2PG pool,,0,0
Pool,2PG.p pool,,3.41930729376068e-06,401.789396482981
Pool,2PG.x pool,,1,Inf
Pool,3PGA pool,,0,0
Pool,3PGA.c pool,,2.10263418216672e-05,410.058946755769
Pool,3PGA.p pool,,3.81899917983483e-06,425.001654887004
Pool,3PGA.x pool,,1,Inf
Pool,ACA pool,,2.39267639166275e-06,424.863765015276
Pool,ADPG pool,,0,0
Pool,ADPG.p pool,,9.9999999999999e-08,Inf
Pool,ADPG.x pool,,1,Inf
Pool,AKG pool,,2.55066458114754e-06,424.926727102164
Pool,ALA pool,,0,0
Pool,ALA.c pool,,0.00711380911991897,0.00177579273825598
Pool,ALA.x pool,,1,Inf
Pool,ASN pool,,7563.53713385215,431.869006666426
Pool,ASP pool,,2.17022306013745e-06,428.397042656907
Pool,Acceptor.c pool,,1,Inf
Pool,CIT pool,,3.25712497576609,1.45167241629728
Pool,CO2 pool,,9.72201255826248e-05,432.166240163073
Pool,CO2.t pool,,1,Inf
Pool,E4P.p pool,,0,0
Pool,EC2 pool,,0,0
Pool,F6P pool,,0,0
Pool,F6P.c pool,,3.82970996547468e-06,395.047290571446
Pool,F6P.p pool,,3.51638563001465e-06,430.453865936729
Pool,F6P.x pool,,1,Inf
Pool,FBP pool,,0,0
Pool,FBP.c pool,,3.82966592987872e-06,441.669192769917
Pool,FBP.p pool,,3.4244030521334e-06,411.678123710094
Pool,FBP.x pool,,1,Inf
Pool,FmTHF pool,,0.361930886457331,0.634815575195261
Pool,FmTHF.c pool,,1e-07,0
Pool,FmTHF.x pool,,1,Inf
Pool,G6P pool,,0,0
Pool,G6P.c pool,,9.87488072195804e-06,389.492512095328
Pool,G6P.p pool,,3.66735289043222e-06,420.879231837815
Pool,G6P.x pool,,1,Inf
Pool,GA pool,,0,0
Pool,GA.p pool,,4.14502407741124e-06,428.45888140921
Pool,GA.x pool,,1,Inf
Pool,GLN pool,,8.83867754991225,422.045662899618
Pool,GLU pool,,2.55066035060035e-06,412.663710495331
Pool,GLY pool,,0,0
Pool,GLY.c pool,,0.681470400648949,406.499118489086
Pool,GLY.m pool,,0.831983711093507,0.0864910414494938
Pool,GLY.p pool,,0.000424618038832458,419.428191320509
Pool,GLY.x pool,,1,Inf
Pool,Glyc pool,,5.43007573010363,1.25339430824475
Pool,Glyc.p pool,,1.30074632819643e-05,430.660094255568
Pool,Glyc.x pool,,1,Inf
Pool,Glyx pool,,20.750126262948,6.9661675246013
Pool,Glyx.p pool,,1.69425866983085e-05,414.325035662393
Pool,Glyx.x pool,,1,Inf
Pool,HPA pool,,0.000170556560761956,443.249599161208
Pool,HPA.p pool,,3.06862889965733e-06,386.128254735266
Pool,HPA.x pool,,1,Inf
Pool,Hcy.c pool,,1,Inf
Pool,ICI pool,,0.00369144527403375,416.203100250428
Pool,MAL pool,,0.284880747426579,0.190421210831796
Pool,Met pool,,0.000254055605086427,423.622301950755
Pool,Met.c pool,,1e-07,0
Pool,Met.x pool,,1,Inf
Pool,OAA pool,,0.102348003797851,0.0264732475209561
Pool,P5P pool,,0,0
Pool,PEP pool,,0,0
Pool,PEP.c pool,,9.69607453620474e-06,445.818372477576
Pool,PEP.x pool,,1,Inf
Pool,PRO pool,,5.39499638373975,416.978858643439
Pool,PYR pool,,1.00000757250687e-07,409.695561652693
Pool,PYR.c pool,,0.00472675835085827,0.00146774417451588
Pool,PYR.x pool,,1,Inf
Pool,Protein pool,,1,Inf
Pool,R5P pool,,0,0
Pool,R5P.p pool,,1.55612515423364e-05,409.005391357889
Pool,R5P.x pool,,1,Inf
Pool,RU5P.p pool,,3.45551189078404e-06,400.845541728629
Pool,RU5P.x pool,,1,Inf
Pool,RUBP pool,,0,0
Pool,RUBP.p pool,,3.47456648749919e-06,414.356194605065
Pool,RUBP.x pool,,1,Inf
Pool,S6P pool,,1,Inf
Pool,S7P pool,,0,0
Pool,S7P.p pool,,3.44917517540614e-06,422.344246078406
Pool,S7P.x pool,,1,Inf
Pool,SAH.c pool,,1,Inf
Pool,SAM pool,,1.97518467199533,201.199182499562
Pool,SAM.c pool,,0.000181310287318287,0.270859737149997
Pool,SAM.x pool,,1,Inf
Pool,SBP pool,,0,0
Pool,SER pool,,0,0
Pool,SER.c pool,,1.00000000002876e-07,0
Pool,SER.m pool,,0.746388645768751,0.0718469437310465
Pool,SER.p pool,,0.000243982754307773,436.726127029292
Pool,SER.x pool,,1,Inf
Pool,Sink pool,,1,Inf
Pool,Starch pool,,1,Inf
Pool,THR pool,,3495.0561647304,407.775706727162
Pool,TP pool,,0,0
Pool,TP.c pool,,4.18762415317908e-06,416.482254681756
Pool,TP.p pool,,3.94664298702809e-06,432.291319722527
Pool,TP.x pool,,1,Inf
Pool,UDPG pool,,0,0
Pool,UDPG.c pool,,0.172995457238632,416.716068764519
Pool,UDPG.x pool,,1,Inf
Pool,X5P.p pool,,3.54550624272745e-06,406.194445346816
Pool,dummy pool,,1,Inf
Pool,dummyGLY pool,,1,Inf
Pool,dummySER pool,,1,Inf
Pool,meTHF pool,,1.42502942772007,1.0952274367542
Pool,meTHF.c pool,,1e-07,0
Pool,meTHF.x pool,,1,Inf
Pool,myTHF.m pool,,9.99999999889978e-08,0
Pool,outSER pool,,1,Inf
Norm,Experiment1 Glyc205 #1 norm,,0.969493382800843,0.012942676823116
Norm,Experiment1 Glyc205 #2 norm,,0.972325340326555,0.0227918067549398
Norm,Experiment1 Glyc205 #3 norm,,0.948102796275721,0.0196734516351055
Norm,Experiment1 Glyc205 #4 norm,,0.997443652138951,0.0316004854910447
Norm,Experiment1 Glyc205 #5 norm,,1.01368436127308,0.0331329948886052
Norm,Experiment1 Glyc205 #6 norm,,1.01113803169056,0.0270077711910058
Norm,Experiment1 Glyc205 #7 norm,,0.971653186395114,0.033926322106533
Norm,Experiment1 Glyc205 #8 norm,,0.974373865235842,0.0292906019580294
Norm,Experiment1 Glyx160 #1 norm,,0.97160141114442,0.010811012686487
Norm,Experiment1 Glyx160 #2 norm,,0.962009179337173,0.0127575374562792
Norm,Experiment1 Glyx160 #3 norm,,0.984485979991768,0.0173146516968991
Norm,Experiment1 Glyx160 #4 norm,,1.0003155129545,0.0147115616233361
Norm,Experiment1 Glyx160 #5 norm,,0.963217018259578,0.033067758455999
Norm,Experiment1 Glyx160 #6 norm,,1.01621308629661,0.0205857585735125
Norm,Experiment1 Glyx160 #7 norm,,0.977731052869797,0.037673236575831
Norm,Experiment1 Glyx160 #8 norm,,1.00236474416264,0.040214256674806
Norm,Experiment1 GLY276 #1 norm,,1.00959366329917,0.0103593097221491
Norm,Experiment1 GLY276 #2 norm,,0.997983719889793,0.0210323421036394
Norm,Experiment1 GLY276 #3 norm,,1.0301579826203,0.0432023687858812
Norm,Experiment1 GLY276 #4 norm,,1.04822110732242,0.0655772675318624
Norm,Experiment1 GLY276 #5 norm,,0.953517668473749,0.118812845678775
Norm,Experiment1 GLY276 #6 norm,,0.955308839026146,0.109353932264817
Norm,Experiment1 GLY276 #7 norm,,1.02174732876581,0.0632035838580001
Norm,Experiment1 GLY276 #8 norm,,1.00280246705576,0.084686046894838
Norm,Experiment1 HPA262 #1 norm,,0.975267159424759,0.0105734236895354
Norm,Experiment1 HPA262 #2 norm,,0.947445977237026,0.0282190479837178
Norm,Experiment1 HPA262 #3 norm,,0.964036852474395,0.0129183749812816
Norm,Experiment1 HPA262 #4 norm,,0.876473418690908,0.0345915024493038
Norm,Experiment1 HPA262 #5 norm,,0.933063228698493,0.0228969246673071
Norm,Experiment1 HPA262 #6 norm,,0.946907572635078,0.0351183094936751
Norm,Experiment1 HPA262 #7 norm,,0.978659804433496,0.0245631075309973
Norm,Experiment1 HPA262 #8 norm,,0.998495977011679,0.0226774107387541
Norm,Experiment1 GA307 #1 norm,,0.996201137018569,0.0122837089604431
Norm,Experiment1 GA307 #2 norm,,0.927594669299535,0.027765986146799
Norm,Experiment1 GA307 #3 norm,,0.978621531906762,0.0305123824083873
Norm,Experiment1 GA307 #4 norm,,0.983294266612366,0.0191645872935923
Norm,Experiment1 GA307 #5 norm,,1.04349903708377,0.0573798474962586
Norm,Experiment1 GA307 #6 norm,,1.02757277181411,0.0413129902619501
Norm,Experiment1 GA307 #7 norm,,0.952992655913634,0.0426947961233911
Norm,Experiment1 GA307 #8 norm,,0.96487469153751,0.0341405146911011
Norm,Experiment1 SER306 #1 norm,,1.00318123615151,0.0142161667099646
Norm,Experiment1 SER306 #2 norm,,0.943374535690547,0.0143764017408365
Norm,Experiment1 SER306 #3 norm,,0.883112215955116,0.0354937252535836
Norm,Experiment1 SER306 #4 norm,,1.02334836664809,0.0446006938628363
Norm,Experiment1 SER306 #5 norm,,0.973728579981943,0.0803400248628164
Norm,Experiment1 SER306 #6 norm,,0.839283192627275,0.0533800805748768
Norm,Experiment1 SER306 #7 norm,,1.01562487638038,0.0427882860268493
Norm,Experiment1 SER306 #8 norm,,0.987092986275333,0.0464843618112923
Norm,Experiment1 meTHF #1 norm,,1.00261909638952,0.00982567998533822
Norm,Experiment1 meTHF #2 norm,,1.01086780472343,0.00995878942423502
Norm,Experiment1 meTHF #3 norm,,0.941192625912383,0.0600931039295594
Norm,Experiment1 meTHF #4 norm,,0.996172208650594,0.0543958209589487
Norm,Experiment1 meTHF #5 norm,,0.991873999546043,0.111053634158173
Norm,Experiment1 meTHF #6 norm,,0.993244239972518,0.109335647988236
Norm,Experiment1 meTHF #7 norm,,1.01106748489203,0.0606523952775018
Norm,Experiment1 meTHF #8 norm,,0.974922749352819,0.0873605200670628
Norm,Experiment1 FmTHF #1 norm,,1.00209417463369,0.00995388079060918
Norm,Experiment1 FmTHF #2 norm,,1.00144395790277,0.0238689760014669
Norm,Experiment1 FmTHF #3 norm,,1.03154017140586,0.0323957010854185
Norm,Experiment1 FmTHF #4 norm,,0.987453302961135,0.027757090787161
Norm,Experiment1 FmTHF #5 norm,,0.988282630411301,0.0556055109589153
Norm,Experiment1 FmTHF #6 norm,,0.994870584951399,0.0603640340127053
Norm,Experiment1 FmTHF #7 norm,,0.98929561864138,0.0540082982903023
Norm,Experiment1 FmTHF #8 norm,,1.07381889337732,0.0802249891485164
Norm,Experiment1 Met176 #1 norm,,0.967454168121235,0.0238921472760697
Norm,Experiment1 Met176 #2 norm,,0.881894215903203,0.0311721481618466
Norm,Experiment1 Met176 #3 norm,,0.882476730420279,0.050402032039736
Norm,Experiment1 Met176 #4 norm,,0.902200137979057,0.0336174044891585
Norm,Experiment1 Met176 #5 norm,,1.04583442750556,0.0702918639505537
Norm,Experiment1 Met176 #6 norm,,1.0074640829231,0.138889560898419
Norm,Experiment1 Met176 #7 norm,,1.00115470571015,0.096673099664098
Norm,Experiment1 Met176 #8 norm,,0.991984682577449,0.102265814213028
Norm,Experiment1 SAM #1 norm,,1.00751212868374,0.0119070366768818
Norm,Experiment1 SAM #2 norm,,0.992611293918328,0.0119854501460631
Norm,Experiment1 SAM #3 norm,,1.01309939087111,0.0140019588943687
Norm,Experiment1 SAM #4 norm,,1.03525593640807,0.0290974897808649
Norm,Experiment1 SAM #5 norm,,0.952406792789,0.0404375718997902
Norm,Experiment1 SAM #6 norm,,1.03281713233051,0.0734029259757526
Norm,Experiment1 SAM #7 norm,,1.00004772943865,0.0920751715272883
Norm,Experiment1 SAM #8 norm,,1.00253425605214,0.0872835682181889
Norm,Experiment1 CIT465 #1 norm,,1.0026746351035,0.0118272791470278
Norm,Experiment1 CIT465 #2 norm,,0.983981894210638,0.0133406069026116
Norm,Experiment1 CIT465 #3 norm,,0.986525455256716,0.0115779357245077
Norm,Experiment1 CIT465 #4 norm,,0.984736092659667,0.0164047282205301
Norm,Experiment1 CIT465 #5 norm,,1.00141996625156,0.013815680629816
Norm,Experiment1 CIT465 #6 norm,,0.986648097147926,0.0126264697760513
Norm,Experiment1 CIT465 #7 norm,,0.971959709058822,0.013765012154122
Norm,Experiment1 CIT465 #8 norm,,1.02259523381789,0.0205708791044017
Norm,Experiment1 MAL335 #1 norm,,1.04799499355307,0.0132498043189917
Norm,Experiment1 MAL335 #2 norm,,0.997203409891342,0.0111194594018225
Norm,Experiment1 MAL335 #3 norm,,1.01392423975165,0.0106134611812728
Norm,Experiment1 MAL335 #4 norm,,0.990895084209886,0.0141937585750678
Norm,Experiment1 MAL335 #5 norm,,0.953554682639198,0.0140296114548523
Norm,Experiment1 MAL335 #6 norm,,0.961443954912003,0.0134721560435786
Norm,Experiment1 MAL335 #7 norm,,0.971462900357271,0.0204891464421108
Norm,Experiment1 MAL335 #8 norm,,0.972627177305926,0.0365065150889059
Norm,Experiment1 ASP334 #1 norm,,0.986711644969983,0.0229909061371846
Norm,Experiment1 ASP334 #2 norm,,0.897105218637379,0.0282346660165915
Norm,Experiment1 ASP334 #3 norm,,0.979723217702105,0.0209309604258938
Norm,Experiment1 ASP334 #4 norm,,0.998436996644446,0.0290154456520229
Norm,Experiment1 ASP334 #5 norm,,0.940861648099,0.0317466925175538
Norm,Experiment1 ASP334 #6 norm,,0.977176993377921,0.0336130594761271
Norm,Experiment1 ASP334 #7 norm,,1.01464076233765,0.0322921855809556
Norm,Experiment1 ASP334 #8 norm,,0.964470443114934,0.0916372007596278
Norm,Experiment1 GLU348 #1 norm,,0.993896159645764,0.0219474234874544
Norm,Experiment1 GLU348 #2 norm,,0.970937107910092,0.0191388809852783
Norm,Experiment1 GLU348 #3 norm,,0.993615554401291,0.0111211838703145
Norm,Experiment1 GLU348 #4 norm,,0.960090464188669,0.0337215480477703
Norm,Experiment1 GLU348 #5 norm,,1.00905690911218,0.0237583560015409
Norm,Experiment1 GLU348 #6 norm,,0.975480381435474,0.01265252871271
Norm,Experiment1 GLU348 #7 norm,,0.96651797844888,0.0154019577777378
Norm,Experiment1 GLU348 #8 norm,,0.981083237976625,0.0230798449327225
Norm,Experiment1 THR320 #1 norm,,1.02854671246682,0.0108186303215619
Norm,Experiment1 THR320 #2 norm,,1.02561573952205,0.0150562029772598
Norm,Experiment1 THR320 #3 norm,,0.985056768621793,0.0104114520167841
Norm,Experiment1 THR320 #4 norm,,1.0174033091715,0.0280323284174193
Norm,Experiment1 THR320 #5 norm,,0.982957391862979,0.0205465349371783
Norm,Experiment1 THR320 #6 norm,,0.986099436231405,0.0113060752762041
Norm,Experiment1 THR320 #7 norm,,0.941340631272059,0.0134529348915311
Norm,Experiment1 THR320 #8 norm,,0.886634571024657,0.024899304234034
Norm,Experiment1 ALA116 #1 norm,,0.99787201466688,0.0100211276150317
Norm,Experiment1 ALA116 #2 norm,,1.00580724965985,0.010236760939182
Norm,Experiment1 ALA116 #3 norm,,1.03277350791218,0.0190225231095085
Norm,Experiment1 ALA116 #4 norm,,1.05312584710605,0.0223728511243702
Norm,Experiment1 ALA116 #5 norm,,0.96451943586917,0.0803100538718761
Norm,Experiment1 ALA116 #6 norm,,0.98141069862953,0.0724979277514653
Norm,Experiment1 ALA116 #7 norm,,1.02311408135934,0.0686222207035274
Norm,Experiment1 ALA116 #8 norm,,0.96902524187473,0.101956542780179
Norm,Experiment1 PYR #1 norm,,0.990136215581874,0.0170366810774404
Norm,Experiment1 PYR #2 norm,,0.945108917468301,0.0452746733259149
Norm,Experiment1 PYR #3 norm,,0.964386242675233,0.110367472290849
Norm,Experiment1 PYR #4 norm,,1.03388756661241,0.0426782060080865
Norm,Experiment1 PYR #5 norm,,1.01631364138827,0.0503448090748798
Norm,Experiment1 PYR #6 norm,,1.04603083864511,0.0576030041948345
Norm,Experiment1 PYR #7 norm,,0.968079988110847,0.105246464564201
Norm,Experiment1 PYR #8 norm,,1.00207497786566,0.058931766998782
