type,id,eqn,val,std
Net flux,CO2.t,CO2.t -> CO2,48.0242201851098,1.13754300864885
Net flux,CO2_sink,dummy -> Sink,48.0242201851098,1.13754300864885
Net flux,RUBICSO_CO2,RUBP.p + CO2 -> 3PGA.p + 3PGA.p + dummy,57.8754197310749,1.19832584580756
Net flux,GAPDH.p net,3PGA.p <-> TP.p,138.700828972183,2.68114785115577
Exch flux,GAPDH.p exch,3PGA.p <-> TP.p,0.000639741984151954,0.845723865311054
Net flux,ALD,TP.p + E4P.p -> SBP,25.3887414481835,0.481447423230814
Net flux,SBP,SBP -> S7P.p,25.3887414481835,0.481447423230814
Net flux,FBA.p net,TP.p + TP.p <-> FBP.p,29.8134805721602,0.66269805803376
Exch flux,FBA.p exch,TP.p + TP.p <-> FBP.p,21984.2538154792,2258.65144191594
Net flux,PFK.p net,FBP.p <-> F6P.p,29.8134805721633,0.66269805803376
Exch flux,PFK.p exch,FBP.p <-> F6P.p,1.00003134662074e-07,9.8862021444536e-13
Net flux,TK1 net,TP.p + EC2 <-> X5P.p,50.777482896367,0.962894846461627
Exch flux,TK1 exch,TP.p + EC2 <-> X5P.p,1.0000000116861e-07,0
Net flux,TK2 net,S7P.p <-> R5P.p + EC2,25.3887414481835,0.481447423230814
Exch flux,TK2 exch,S7P.p <-> R5P.p + EC2,37.8002191401923,5198.90765700132
Net flux,TK3 net,F6P.p <-> E4P.p + EC2,25.3887414481851,0.481447423230814
Exch flux,TK3 exch,F6P.p <-> E4P.p + EC2,11252.3053450978,5320.81753558796
Net flux,PPE net,X5P.p <-> RU5P.p,50.7774828963669,0.962894846461627
Exch flux,PPE exch,X5P.p <-> RU5P.p,85.6438100149935,5111.13248091651
Net flux,PPI net,R5P.p <-> RU5P.p,25.3887414481836,0.481447423230814
Exch flux,PPI exch,R5P.p <-> RU5P.p,236.550216129059,5303.32137691601
Net flux,PRK,RU5P.p -> RUBP.p,76.1662243445506,1.44434226969244
Net flux,RUBISCO_O2,RUBP.p -> 3PGA.p + 2PG.p,18.2908046134757,0.590693656446119
Net flux,GLYdil net,GLY.p <-> GLY.x + dummyGLY,0.00740722177372533,0.00132615415080696
Exch flux,GLYdil exch,GLY.p <-> GLY.x + dummyGLY,1.0000000116861e-07,0
Net flux,SERdil net,SER.p <-> SER.x + dummySER,3.5279619446855,0.968322325850357
Exch flux,SERdil exch,SER.p <-> SER.x + dummySER,1.5439562226225,1.46176575999517
Net flux,GK,GA.p -> 3PGA.p,4.96916876831199,1.01270178950309
Net flux,PGI.p net,F6P.p <-> G6P.p,4.4247391239794,0.4005352694525
Exch flux,PGI.p exch,F6P.p <-> G6P.p,4.14999917995043,3084.77963119055
Net flux,PGM.p,G6P.p -> ADPG.p,4.4247391239794,0.4005352694525
Net flux,Starch,ADPG.p -> Starch,4.42473912397938,0.4005352694525
Net flux,FBA.c net,TP.c + TP.c <-> FBP.c,1.45382174165207,0.260285407416705
Exch flux,FBA.c exch,TP.c + TP.c <-> FBP.c,20.839087909373,3317.06545920927
Net flux,PFK.c net,FBP.c <-> F6P.c,1.45382174165208,0.260285407416705
Exch flux,PFK.c exch,FBP.c <-> F6P.c,5.49334902479591,4161.54016968208
Net flux,PGI.c net,F6P.c <-> G6P.c,0.72691087082606,0.130142703708352
Exch flux,PGI.c exch,F6P.c <-> G6P.c,227.437999462248,4161.5401635772
Net flux,PGM.c net,G6P.c <-> UDPG.c,0.726910870820575,0.130142703708352
Exch flux,PGM.c exch,G6P.c <-> UDPG.c,48481.4251049577,4161.54016154224
Net flux,SPS,F6P.c + UDPG.c -> S6P,0.726910870826007,0.130142703708352
Net flux,PGAM.c net,3PGA.c <-> PEP.c,0.309983871755589,0.0554980546893674
Exch flux,PGAM.c exch,3PGA.c <-> PEP.c,2.64414056024799,4161.5401619123
Net flux,PK.c,PEP.c -> PYR.c,0.140708137265313,0.0251917231213265
Net flux,PDH,PYR.c + dummy -> ACA + CO2,0.117105341290158,0.0209659896261699
Net flux,CS,OAA + ACA -> CIT,0.117105341290154,0.0209659896261699
Net flux,ACO net,CIT <-> ICI,0.117105341290198,0.0209659896261699
Exch flux,ACO exch,CIT <-> ICI,1157.26924851315,4161.54016154224
Net flux,IDH,ICI + dummy -> AKG + CO2,0.11710534129017,0.0209659896261699
Net flux,MDH net,MAL <-> OAA,2.1316282072803e-14,0
Exch flux,MDH exch,MAL <-> OAA,0.21375892858817,0.0758309858820846
Net flux,PPC,PEP.c + CO2 -> OAA + dummy,0.169275734489339,0.0303063314191183
Net flux,T_3PGA net,3PGA.p <-> 3PGA.c,0.30998387175557,0.0554980546893674
Exch flux,T_3PGA exch,3PGA.p <-> 3PGA.c,7.11408108689661,5070.25649067436
Net flux,T_DHAP net,TP.p <-> TP.c,2.90764348330419,0.520570814833409
Exch flux,T_DHAP exch,TP.p <-> TP.c,9.99999998363421e-08,0
Net flux,ALT,PYR.c -> ALA.c,0.023602795975749,0.00422573358826272
Net flux,ASPT,OAA -> ASP,0.0521703931992785,0.00934034184880324
Net flux,GLUDH,AKG -> GLU,0.117105341290147,0.0209659896261699
Net flux,PCR net,GLU <-> PRO,-2.48689957516035e-14,0
Exch flux,PCR exch,GLU <-> PRO,1.0000000116861e-07,0
Net flux,GS net,GLU <-> GLN,0,0
Exch flux,GS exch,GLU <-> GLN,1.00045618012246e-07,0
Net flux,TS net,ASP <-> THR,0,0
Exch flux,TS exch,ASP <-> THR,1.0000000116861e-07,0
Net flux,AS net,ASP <-> ASN,1.06581410364015e-14,0
Exch flux,AS exch,ASP <-> ASN,1.0000000116861e-07,0
Net flux,G_3PGA.p,0*3PGA.p -> 3PGA,2.46866296294002e-06,7485.04793902238
Net flux,G_3PGA.c,0*3PGA.c -> 3PGA,92.9119081392842,5006.46072025508
Net flux,G_DHAP.p,0*TP.p -> TP,40.685379842242,7370.75663855448
Net flux,G_DHAP.c,0*TP.c -> TP,51.8471856996947,5413.86958381797
Net flux,G_F6P.p,0*F6P.p -> F6P,48.6686345030749,6621.72031571554
Net flux,G_F6P.c,0*F6P.c -> F6P,36.546576817712,4668.09518687789
Net flux,G_FBP.p,0*FBP.p -> FBP,2.46866129316459e-06,7072.61794003505
Net flux,G_FBP.c,0*FBP.c -> FBP,83.4512310477041,4780.97816698266
Net flux,G_G6P.p,0*G6P.p -> G6P,19.0549768397257,7211.90257699991
Net flux,G_G6P.c,0*G6P.c -> G6P,58.8549499993083,5221.31314328706
Net flux,G_RU5P.p,0*RU5P.p -> P5P,2.46865369746274e-06,7253.48802963311
Net flux,G_X5P.p,0*X5P.p -> P5P,92.8477691497912,5221.17403288064
Net flux,G_R5P.p,0*R5P.p -> R5P,82.2810779884949,4477.24326585316
Net flux,G_GA.p,0*GA.p -> GA,39.3369842706797,1.51968031461584
Net flux,G_SER.p,0*SER.p -> SER,99.9874361486092,4946.36099565556
Net flux,G_GLY.p,0*GLY.p -> GLY,52.9564140066583,7632.79608833007
Net flux,G_RUBP.p,0*RUBP.p -> RUBP,92.5302752673063,4806.58103855858
Net flux,G_S7P.p,0*S7P.p -> S7P,98.4567310636212,4920.7677052138
Net flux,G_2PG.p,0*2PG.p -> 2PG,87.0427532706349,5178.12117702838
Net flux,G_ADPG.p,0*ADPG.p -> ADPG,95.0805622183377,5270.84736659289
Net flux,G_PEP.c,0*PEP.c -> PEP,89.2305410445615,4947.35171909543
Net flux,G_UDPG.c,0*UDPG.c -> UDPG,72.4268033045549,4861.57981288787
Net flux,G_ALA.c,0*ALA.c -> ALA,88.6761241953851,9.32183344054432
Net flux,(1-G)_GA,0*GA.x -> GA,60.6630157293224,1.51968031461584
Net flux,(1-G)_SER,0*SER.x -> SER,0.0125636513903657,4946.36099565556
Net flux,(1-G)_GLY,0*GLY.x -> GLY,46.9757377721354,1.94862324447707
Net flux,(1-G)_R5P,0*R5P.x -> R5P,17.718922011502,4477.24326585316
Net flux,(1-G)_RUBP,0*RUBP.x -> RUBP,7.46972473269241,4806.58103855858
Net flux,(1-G)_3PGA,0*3PGA.x -> 3PGA,7.08808939205315,5208.87630765626
Net flux,(1-G)_TP,0*TP.x -> TP,7.46743445806383,5069.278754128
Net flux,(1-G)_F6P,0*F6P.x -> F6P,14.7847886792169,4656.8180586491
Net flux,(1-G)_FBP,0*FBP.x -> FBP,16.5487664836293,5149.55805228885
Net flux,(1-G)_G6P,0*G6P.x -> G6P,22.0900731609643,4998.9037919016
Net flux,(1-G)_RU5P,0*RU5P.x -> P5P,7.1522283815565,5048.05045319342
Net flux,(1-G)_S7P,0*S7P.x -> S7P,1.54326893637677,4920.7677052138
Net flux,(1-G)_2PG,0*2PG.x -> 2PG,12.9572467293675,5178.12117702838
Net flux,(1-G)_ADPG,0*ADPG.x -> ADPG,4.91943778166132,5270.84736659289
Net flux,(1-G)_PEP,0*PEP.x -> PEP,10.7694589554367,4947.35171909543
Net flux,(1-G)_UDPG,0*UDPG.x -> UDPG,27.5731966954463,4861.57981288787
Net flux,(1-G)_ALA,0*ALA.x -> ALA,11.3238758046147,9.32183344054432
Net flux,PGASink,3PGA -> Sink,100,0
Net flux,DHAPSink,TP -> Sink,100.000000000001,0
Net flux,F6PSink,F6P -> Sink,100.000000000004,0
Net flux,FBPSink,FBP -> Sink,99.9999999999947,0
Net flux,G6PSink,G6P -> Sink,99.9999999999983,0
Net flux,P5PSink,P5P -> Sink,100.000000000001,0
Net flux,R5PSink,R5P -> Sink,99.9999999999968,0
Net flux,GASink,GA -> Sink,100.000000000002,0
Net flux,SERSink,SER -> Sink,99.9999999999996,0
Net flux,GLYSink,GLY -> Sink,100.000000000001,0
Net flux,RUBPSink,RUBP -> Sink,99.9999999999987,0
Net flux,S7PSink,S7P -> Sink,99.9999999999979,0
Net flux,2PGSink,2PG -> Sink,100.000000000002,0
Net flux,ADPGSink,ADPG -> Sink,99.999999999999,0
Net flux,PEPSink,PEP -> Sink,99.9999999999983,0
Net flux,UDPGSink,UDPG -> Sink,100.000000000001,0
Net flux,ALASink,ALA -> Sink,99.9999999999998,0
Net flux,S6Pout-LL,S6P + 0.1611*GLU + 0.07177*ASP + 0.03247*ALA.c + 0.01019*dummyGLY + 0.03484*dummySER -> Sink,0.726910870826043,0.130142703708352
Net flux,PGP.p,2PG.p -> Glyc.p,18.2908046134758,0.590693656446119
Net flux,GOX,Glyc.p -> Glyx.p,18.2908046134758,0.590693656446119
Net flux,GGT,Glyx.p -> GLY.p,18.2908046134758,0.590693656446119
Net flux,SGAT,SER.p -> HPA.p,4.96916876831197,1.01270178950309
Net flux,HPR.p,HPA.p -> GA.p,4.96916876831197,1.01270178950309
Net flux,T_GLY-m net,GLY.p <-> GLY.m,18.2755807210488,7229.88537613482
Exch flux,T_GLY-m exch,GLY.p <-> GLY.m,71735.151163628,5247.08751913862
Net flux,GDC.m,GLY.m + dummy -> myTHF.m + CO2,9.78626459787425,0.382919361436855
Net flux,T_SER-m net,SER.p <-> SER.m,-9.78626459787425,0.382919361436855
Exch flux,T_SER-m exch,SER.p <-> SER.m,9.99999927309148e-08,10.9340195286735
Net flux,mSHMT,GLY.m + myTHF.m -> SER.m,9.78626459787425,0.382919361436855
Net flux,T_SER-c net,SER.p <-> SER.c,1.28913388487676,0.545491475810438
Exch flux,T_SER-c exch,SER.p <-> SER.c,0.004836336075285,0.980279293548487
Net flux,T_Gly-c net,GLY.p <-> GLY.c,0.00781667064509328,7229.88535200438
Exch flux,T_Gly-c exch,GLY.p <-> GLY.c,5.97685514702739e-05,4890.40399107956
Net flux,cSHMT,SER.c -> GLY.c + meTHF.c,1.28913378487677,0.545491475776127
Net flux,FmTHF-reductase net,meTHF.c <-> FmTHF.c,1.28913378487677,0.545491475776127
Exch flux,FmTHF-reductase exch,meTHF.c <-> FmTHF.c,7.47610914942373,5154.51084941744
Net flux,Met-synthase,FmTHF.c + Hcy.c -> Met.c,1.28913378487675,0.545491475776127
Net flux,SAM-synthase,Met.c -> SAM.c,1.28913378487676,0.545491475776127
Net flux,Methylation,SAM.c -> SAH.c + Acceptor.c,1.28913378487675,0.545491475776127
Net flux,hydrolysis,SAH.c -> Hcy.c,1.28913378487674,0.545491475776127
Net flux,G_SER.m,0*SER.m -> SER,1.0000000116861e-07,0
Net flux,G_SER.c,0*SER.c -> SER,1.0000000116861e-07,0
Net flux,G_Gly.m,0*GLY.m -> GLY,0.000133179851417253,5262.80577296146
Net flux,G_Gly.c,0*GLY.c -> GLY,0.0677150413561272,5351.24730473664
Net flux,T_GLY-c-m,GLY.c -> GLY.m,1.2969484746916,7229.8853725827
Net flux,G_Glyc,0*Glyc.p -> Glyc,21.702360176079,1.22068583128627
Net flux,G_Glyx,0*Glyx.p -> Glyx,15.6151279875623,2.20713156158807
Net flux,G_HPA,0*HPA.p -> HPA,6.34030674487575,1.48494638812489
Net flux,(1-G)_Glyc,0*Glyc.x -> Glyc,78.2976398239216,1.22068583128627
Net flux,(1-G)_Glyx,0*Glyx.x -> Glyx,84.3848720124385,2.20713156158807
Net flux,(1-G)_HPA,0*HPA.x -> HPA,93.6596932551242,1.48494638812489
Net flux,GlycSink,Glyc -> Sink,100.000000000001,0
Net flux,GlyxSink,Glyx -> Sink,100.000000000001,0
Net flux,HPASink,HPA -> Sink,99.9999999999998,0
Net flux,SERex,dummySER -> outSER,3.50263403946954,0.971029153020371
Net flux,G_PYR,0*PYR.c -> PYR,32.6858180718542,2.09305253076441
Net flux,(1-G)_PYR,0*PYR.x -> PYR,67.3141819281461,2.09305253076441
Net flux,PYRSink,PYR -> Sink,100,0
Net flux,G_meTHF,0*meTHF.c -> meTHF,99.9999999,0
Net flux,G_FmTHF,0*FmTHF.c -> FmTHF,78.7237550004941,2.6897314542666
Net flux,G_Met,0*Met.c -> Met,66.2819113256932,4.64242288472723
Net flux,G_SAM,0*SAM.c -> SAM,67.9797474749612,4.47125410472236
Net flux,(1-G)_meTHF,0*meTHF.x -> meTHF,1.0000000116861e-07,0
Net flux,(1-G)_FmTHF,0*FmTHF.x -> FmTHF,21.276244999506,2.6897314542666
Net flux,(1-G)_Met,0*Met.x -> Met,33.7180886743069,4.64242288472723
Net flux,(1-G)_SAM,0*SAM.x -> SAM,32.0202525250388,4.47125410472236
Net flux,meTHFSink,meTHF -> Sink,99.9999999999999,0
Net flux,FmTHFSink,FmTHF -> Sink,100,0
Net flux,MetSink,Met -> Sink,100,0
Net flux,SAMsink,SAM -> Sink,100,0
Net flux,Met-protein,Met.c -> Protein,6.51983996113883e-15,0
Net flux,GLY-protein,GLY.c -> Protein,1.98083029623319e-06,2.2352909903569e-13
Net flux,SER-protein,SER.c -> Protein,9.99999993922529e-08,1.1485889188607e-12
Pool,2PG pool,,0,0
Pool,2PG.p pool,,3.87222295363606e-06,4923.11166200816
Pool,2PG.x pool,,1,Inf
Pool,3PGA pool,,0,0
Pool,3PGA.c pool,,1.70986530804962e-05,5348.92421130132
Pool,3PGA.p pool,,4.1610932357148e-06,5483.63733994372
Pool,3PGA.x pool,,1,Inf
Pool,ACA pool,,2.51396196497519e-06,4893.60660196878
Pool,ADPG pool,,0,0
Pool,ADPG.p pool,,9.9999999999999e-08,Inf
Pool,ADPG.x pool,,1,Inf
Pool,AKG pool,,2.47254138365343e-06,5225.28669856007
Pool,ALA pool,,0,0
Pool,ALA.c pool,,0.0086967936457593,0.00273850926947649
Pool,ALA.x pool,,1,Inf
Pool,ASN pool,,7566.06819374043,5245.96121150855
Pool,ASP pool,,1.20584418974649e-06,5202.67359187833
Pool,Acceptor.c pool,,1,Inf
Pool,CIT pool,,4.24103946353637,2.53482900188285
Pool,CO2 pool,,0.000754577338342908,5269.00297774438
Pool,CO2.t pool,,1,Inf
Pool,E4P.p pool,,0,0
Pool,EC2 pool,,0,0
Pool,F6P pool,,0,0
Pool,F6P.c pool,,3.829708013546e-06,5306.78655361743
Pool,F6P.p pool,,4.18250641197799e-06,5285.42767185936
Pool,F6P.x pool,,1,Inf
Pool,FBP pool,,0,0
Pool,FBP.c pool,,3.82966402924355e-06,5124.41844265912
Pool,FBP.p pool,,4.06065516265459e-06,5302.9907523884
Pool,FBP.x pool,,1,Inf
Pool,FmTHF pool,,0.209815302032714,5233.9557531378
Pool,FmTHF.c pool,,2.50335965424375e-06,5234.02566517677
Pool,FmTHF.x pool,,1,Inf
Pool,G6P pool,,0,0
Pool,G6P.c pool,,9.87486748938093e-06,5505.07846056937
Pool,G6P.p pool,,3.94531494322999e-06,5223.41054824573
Pool,G6P.x pool,,1,Inf
Pool,GA pool,,0,0
Pool,GA.p pool,,3.94372033198064e-06,5274.66085271531
Pool,GA.x pool,,1,Inf
Pool,GLN pool,,8.83867754992638,5205.24520260538
Pool,GLU pool,,2.4725402695777e-06,5066.04362142181
Pool,GLY pool,,0,0
Pool,GLY.c pool,,0.266709725936058,0.162015978971589
Pool,GLY.m pool,,0.791069630952136,0.0808590926420862
Pool,GLY.p pool,,0.000426199787544004,5299.51784285113
Pool,GLY.x pool,,1,Inf
Pool,Glyc pool,,5.11592106025299,1.23777467067747
Pool,Glyc.p pool,,2.48579731676477e-05,5110.61104228037
Pool,Glyc.x pool,,1,Inf
Pool,Glyx pool,,21.5061374403145,7.1934704788403
Pool,Glyx.p pool,,3.96106199500009e-05,5106.82495283932
Pool,Glyx.x pool,,1,Inf
Pool,HPA pool,,0.000177309003748431,5318.09328290409
Pool,HPA.p pool,,2.99326595948263e-06,5227.79043336144
Pool,HPA.x pool,,1,Inf
Pool,Hcy.c pool,,1,Inf
Pool,ICI pool,,0.00390719505497123,5452.04005285502
Pool,MAL pool,,0.406099059814646,0.150867785597747
Pool,Met pool,,1e-07,0
Pool,Met.c pool,,2.51517743902421e-06,5088.69727374835
Pool,Met.x pool,,1,Inf
Pool,OAA pool,,0.142394069845043,0.0384402441925959
Pool,P5P pool,,0,0
Pool,PEP pool,,0,0
Pool,PEP.c pool,,5.72106595508658e-06,4969.8922604092
Pool,PEP.x pool,,1,Inf
Pool,PRO pool,,5.39499638375387,5012.33056846926
Pool,PYR pool,,7.04563768498644e-05,5038.42151221229
Pool,PYR.c pool,,0.00881513448650127,0.00271357868679517
Pool,PYR.x pool,,1,Inf
Pool,Protein pool,,1,Inf
Pool,R5P pool,,0,0
Pool,R5P.p pool,,6.63349173323045e-05,5037.30795170702
Pool,R5P.x pool,,1,Inf
Pool,RU5P.p pool,,4.05311311960661e-06,5217.58147756982
Pool,RU5P.x pool,,1,Inf
Pool,RUBP pool,,0,0
Pool,RUBP.p pool,,4.07032771300157e-06,5191.48163972246
Pool,RUBP.x pool,,1,Inf
Pool,S6P pool,,1,Inf
Pool,S7P pool,,0,0
Pool,S7P.p pool,,4.40356965714137e-06,5438.58474551541
Pool,S7P.x pool,,1,Inf
Pool,SAH.c pool,,1,Inf
Pool,SAM pool,,9.88199057371255,2.58365483526179
Pool,SAM.c pool,,2.75881921249674e-06,5383.34208364048
Pool,SAM.x pool,,1,Inf
Pool,SBP pool,,0,0
Pool,SER pool,,0,0
Pool,SER.c pool,,1.00000000002876e-07,0
Pool,SER.m pool,,0.731840464072847,0.116016254060817
Pool,SER.p pool,,1.00000000002876e-07,0
Pool,SER.x pool,,1,Inf
Pool,Sink pool,,1,Inf
Pool,Starch pool,,1,Inf
Pool,THR pool,,3889.78250366624,5247.1243808735
Pool,TP pool,,0,0
Pool,TP.c pool,,4.18762307576407e-06,5006.25961961899
Pool,TP.p pool,,4.33525446700755e-06,5206.63723863707
Pool,TP.x pool,,1,Inf
Pool,UDPG pool,,0,0
Pool,UDPG.c pool,,0.169038781717235,5138.91033518285
Pool,UDPG.x pool,,1,Inf
Pool,X5P.p pool,,4.17412698338154e-06,5028.12786636559
Pool,dummy pool,,1,Inf
Pool,dummyGLY pool,,1,Inf
Pool,dummySER pool,,1,Inf
Pool,meTHF pool,,0.897619282798655,0.810405002462121
Pool,meTHF.c pool,,2.50714324398514e-06,5235.74779283441
Pool,meTHF.x pool,,1,Inf
Pool,myTHF.m pool,,5.77325159442753e-05,5197.72931902165
Pool,outSER pool,,1,Inf
Norm,Experiment1 Glyc205 #1 norm,,0.958670600456293,0.0122832820656958
Norm,Experiment1 Glyc205 #2 norm,,1.01148135396278,0.0240793020835348
Norm,Experiment1 Glyc205 #3 norm,,0.970810498084666,0.0203648072832617
Norm,Experiment1 Glyc205 #4 norm,,0.978582973885638,0.0311378562103646
Norm,Experiment1 Glyc205 #5 norm,,0.989714787401384,0.0343492184977741
Norm,Experiment1 Glyc205 #6 norm,,1.02537393804182,0.0273764726035818
Norm,Experiment1 Glyc205 #7 norm,,1.00102256401749,0.0364974506161965
Norm,Experiment1 Glyc205 #8 norm,,0.969355208547493,0.0284010408762539
Norm,Experiment1 Glyx160 #1 norm,,1.01009914895601,0.0112771651596755
Norm,Experiment1 Glyx160 #2 norm,,1.00826171399356,0.0134266735129875
Norm,Experiment1 Glyx160 #3 norm,,0.982790567894919,0.0170538089543871
Norm,Experiment1 Glyx160 #4 norm,,0.971257476184013,0.0141445559838752
Norm,Experiment1 Glyx160 #5 norm,,0.974573172544713,0.034008875465772
Norm,Experiment1 Glyx160 #6 norm,,1.02276754772248,0.0211901820418294
Norm,Experiment1 Glyx160 #7 norm,,1.01599705028411,0.0437257903732644
Norm,Experiment1 Glyx160 #8 norm,,0.97325532163557,0.038022897772696
Norm,Experiment1 GLY276 #1 norm,,1.00008062240204,0.0100237021950583
Norm,Experiment1 GLY276 #2 norm,,1.04730204850383,0.0218616136105678
Norm,Experiment1 GLY276 #3 norm,,0.99289931666984,0.0413648414089911
Norm,Experiment1 GLY276 #4 norm,,1.0053677483153,0.0649479553300433
Norm,Experiment1 GLY276 #5 norm,,0.947473909499128,0.13447896502917
Norm,Experiment1 GLY276 #6 norm,,0.973488653825901,0.0899634451931319
Norm,Experiment1 GLY276 #7 norm,,1.00231974022873,0.0661273355941338
Norm,Experiment1 GLY276 #8 norm,,1.00026713375435,0.0614883699062809
Norm,Experiment1 HPA262 #1 norm,,0.986058269375265,0.0107224909682281
Norm,Experiment1 HPA262 #2 norm,,0.938432400258986,0.0275940897174326
Norm,Experiment1 HPA262 #3 norm,,0.981460209396128,0.0127832993412005
Norm,Experiment1 HPA262 #4 norm,,0.93377655409259,0.0336035869461917
Norm,Experiment1 HPA262 #5 norm,,0.945120301128565,0.0239039691612746
Norm,Experiment1 HPA262 #6 norm,,1.00355428801383,0.0358062613637445
Norm,Experiment1 HPA262 #7 norm,,0.983645973852817,0.0259508045182625
Norm,Experiment1 HPA262 #8 norm,,1.0262691443811,0.0240122935544948
Norm,Experiment1 GA307 #1 norm,,0.981544447910456,0.0118787320788543
Norm,Experiment1 GA307 #2 norm,,0.973258355413556,0.0307964014252178
Norm,Experiment1 GA307 #3 norm,,0.937017751821756,0.0292032455884275
Norm,Experiment1 GA307 #4 norm,,0.940241919608142,0.0186258055670197
Norm,Experiment1 GA307 #5 norm,,1.02539390250008,0.0565206796364575
Norm,Experiment1 GA307 #6 norm,,1.0700626622164,0.0445670451155198
Norm,Experiment1 GA307 #7 norm,,0.962152710817971,0.0444357050322422
Norm,Experiment1 GA307 #8 norm,,1.01045320566781,0.0353265379577967
Norm,Experiment1 SER306 #1 norm,,0.995185923981234,0.0142198059606318
Norm,Experiment1 SER306 #2 norm,,0.998002793211768,0.0153385259311168
Norm,Experiment1 SER306 #3 norm,,0.987410359400576,0.040082618344487
Norm,Experiment1 SER306 #4 norm,,0.985652859929293,0.0412817275208904
Norm,Experiment1 SER306 #5 norm,,0.925161806447373,0.0836417881786644
Norm,Experiment1 SER306 #6 norm,,0.869726688874193,0.0581025603246148
Norm,Experiment1 SER306 #7 norm,,1.01323986852822,0.04551854830769
Norm,Experiment1 SER306 #8 norm,,0.979315153859392,0.0485555331723685
Norm,Experiment1 meTHF #1 norm,,1.00980075094209,0.0101691114086577
Norm,Experiment1 meTHF #2 norm,,1.0075699757417,0.0101776209514385
Norm,Experiment1 meTHF #3 norm,,0.962603018334582,0.0610348933816038
Norm,Experiment1 meTHF #4 norm,,1.00121739480916,0.0517182235926348
Norm,Experiment1 meTHF #5 norm,,0.980119143495128,0.095898077520074
Norm,Experiment1 meTHF #6 norm,,0.951020165197219,0.108150547950769
Norm,Experiment1 meTHF #7 norm,,1.03877085920148,0.0617755381940092
Norm,Experiment1 meTHF #8 norm,,1.00161996370537,0.0952650265211208
Norm,Experiment1 FmTHF #1 norm,,1.00263500442882,0.0102004319562157
Norm,Experiment1 FmTHF #2 norm,,0.989840024986909,0.0240282816839029
Norm,Experiment1 FmTHF #3 norm,,0.925384619496461,0.0300406859383868
Norm,Experiment1 FmTHF #4 norm,,1.01032120306629,0.0241861143397725
Norm,Experiment1 FmTHF #5 norm,,1.01509532316103,0.0607516646148289
Norm,Experiment1 FmTHF #6 norm,,0.999751829869801,0.06157282037695
Norm,Experiment1 FmTHF #7 norm,,0.997247773165097,0.0544929235806037
Norm,Experiment1 FmTHF #8 norm,,1.09831256136336,0.08827378207352
Norm,Experiment1 Met176 #1 norm,,0.991784341372313,0.0245934328729618
Norm,Experiment1 Met176 #2 norm,,0.892161684286016,0.0322629716243561
Norm,Experiment1 Met176 #3 norm,,0.901856631616944,0.0470159637950263
Norm,Experiment1 Met176 #4 norm,,0.958374741732735,0.0364474633394704
Norm,Experiment1 Met176 #5 norm,,0.984406357233665,0.0715513815096113
Norm,Experiment1 Met176 #6 norm,,0.978346416720687,0.13336795236468
Norm,Experiment1 Met176 #7 norm,,0.997492682766489,0.127241028472174
Norm,Experiment1 Met176 #8 norm,,0.979433191989409,0.144699962948114
Norm,Experiment1 SAM #1 norm,,0.985106104300868,0.0114742316279334
Norm,Experiment1 SAM #2 norm,,0.996129017134311,0.0124764991270073
Norm,Experiment1 SAM #3 norm,,0.999149295871554,0.0140143564928383
Norm,Experiment1 SAM #4 norm,,1.013550822614,0.0216463877048367
Norm,Experiment1 SAM #5 norm,,0.998782040897369,0.0391981926206466
Norm,Experiment1 SAM #6 norm,,0.996861424203325,0.0652040776870276
Norm,Experiment1 SAM #7 norm,,0.999690771126105,0.0863775797741601
Norm,Experiment1 SAM #8 norm,,0.998476487700756,0.0813527915967644
Norm,Experiment1 CIT465 #1 norm,,0.997966984757032,0.0119535552788404
Norm,Experiment1 CIT465 #2 norm,,0.958902676556574,0.0129059208598013
Norm,Experiment1 CIT465 #3 norm,,0.990940125011696,0.0114846455815024
Norm,Experiment1 CIT465 #4 norm,,1.00029155654234,0.0170833642249524
Norm,Experiment1 CIT465 #5 norm,,0.940867771399192,0.012813358557411
Norm,Experiment1 CIT465 #6 norm,,0.995041704373962,0.0127508042407269
Norm,Experiment1 CIT465 #7 norm,,1.04146996339764,0.0141172241562196
Norm,Experiment1 CIT465 #8 norm,,1.0038826717658,0.0194281736720815
Norm,Experiment1 MAL335 #1 norm,,0.952723355013711,0.0119670542858278
Norm,Experiment1 MAL335 #2 norm,,1.01981503340183,0.011204117273442
Norm,Experiment1 MAL335 #3 norm,,0.972025026267649,0.00995664567422233
Norm,Experiment1 MAL335 #4 norm,,0.995043966930053,0.014757039126573
Norm,Experiment1 MAL335 #5 norm,,0.941111332198054,0.0136992107645523
Norm,Experiment1 MAL335 #6 norm,,0.983178301969321,0.0133692908725898
Norm,Experiment1 MAL335 #7 norm,,0.967272512961814,0.0201278432899428
Norm,Experiment1 MAL335 #8 norm,,0.997720274665153,0.0344641694884304
Norm,Experiment1 ASP334 #1 norm,,0.978589595702659,0.02212036171718
Norm,Experiment1 ASP334 #2 norm,,0.889911213197063,0.0313107794586916
Norm,Experiment1 ASP334 #3 norm,,0.962892217648582,0.0197745453179567
Norm,Experiment1 ASP334 #4 norm,,0.983082021829789,0.017320689489202
Norm,Experiment1 ASP334 #5 norm,,0.9852244435654,0.0273453737625399
Norm,Experiment1 ASP334 #6 norm,,0.926102183018362,0.0289566303666266
Norm,Experiment1 ASP334 #7 norm,,1.00733304041633,0.0292670248161148
Norm,Experiment1 ASP334 #8 norm,,0.968897478012273,0.0791528964299158
Norm,Experiment1 GLU348 #1 norm,,0.985728630029755,0.0210708874028444
Norm,Experiment1 GLU348 #2 norm,,0.999821085079779,0.0201055850331484
Norm,Experiment1 GLU348 #3 norm,,0.989088482150625,0.0111775815428298
Norm,Experiment1 GLU348 #4 norm,,1.06943359408296,0.0367059489316219
Norm,Experiment1 GLU348 #5 norm,,0.960148584126607,0.0227451104375167
Norm,Experiment1 GLU348 #6 norm,,0.975743531479029,0.0127311045082403
Norm,Experiment1 GLU348 #7 norm,,0.965416510878467,0.0150429417006664
Norm,Experiment1 GLU348 #8 norm,,0.994897387436031,0.0225263655877323
Norm,Experiment1 THR320 #1 norm,,1.00209032402649,0.0104030868572058
Norm,Experiment1 THR320 #2 norm,,1.0109552104913,0.0146173110232544
Norm,Experiment1 THR320 #3 norm,,0.971126617641323,0.010287931483803
Norm,Experiment1 THR320 #4 norm,,0.980379789123991,0.0288778130702845
Norm,Experiment1 THR320 #5 norm,,1.06273704264774,0.0224342644689394
Norm,Experiment1 THR320 #6 norm,,0.996118750190173,0.0116183409273396
Norm,Experiment1 THR320 #7 norm,,0.979569056027415,0.0143724420966152
Norm,Experiment1 THR320 #8 norm,,0.885756064567281,0.0238204760104662
Norm,Experiment1 ALA116 #1 norm,,0.998121754239589,0.00976602387314126
Norm,Experiment1 ALA116 #2 norm,,1.0204349899129,0.0103400292788727
Norm,Experiment1 ALA116 #3 norm,,1.04994074954502,0.0184153863953164
Norm,Experiment1 ALA116 #4 norm,,1.05505012824351,0.0225063484331095
Norm,Experiment1 ALA116 #5 norm,,1.01817597871145,0.104712355099051
Norm,Experiment1 ALA116 #6 norm,,0.963162699613822,0.0806113224958428
Norm,Experiment1 ALA116 #7 norm,,1.01607729349262,0.0694061350326888
Norm,Experiment1 ALA116 #8 norm,,0.991412779743316,0.111425880867587
Norm,Experiment1 PYR #1 norm,,0.990715281155381,0.0179247344290045
Norm,Experiment1 PYR #2 norm,,0.987323137816494,0.0445967880924238
Norm,Experiment1 PYR #3 norm,,0.972097055620998,0.0934190311803996
Norm,Experiment1 PYR #4 norm,,1.00900631646057,0.043001004809198
Norm,Experiment1 PYR #5 norm,,1.09105325661982,0.0570495433795014
Norm,Experiment1 PYR #6 norm,,1.01529367484544,0.0484371391475556
Norm,Experiment1 PYR #7 norm,,0.976571497768603,0.09692003070748
Norm,Experiment1 PYR #8 norm,,1.0079403168156,0.0701247986610373
