type,id,eqn,val,std
Net flux,CO2.t,CO2.t -> CO2,46.5739822371487,1.08876932473305
Net flux,CO2_sink,dummy -> Sink,46.5739822371486,1.08876932473305
Net flux,RUBICSO_CO2,RUBP.p + CO2 -> 3PGA.p + 3PGA.p + dummy,57.192900820433,1.20059760498184
Net flux,GAPDH.p net,3PGA.p <-> TP.p,135.224509336391,2.65575816668692
Exch flux,GAPDH.p exch,3PGA.p <-> TP.p,209.291947816621,88.2062212970639
Net flux,ALD,TP.p + E4P.p -> SBP,24.8082466203276,0.481617023837383
Net flux,SBP,SBP -> S7P.p,24.8082466203276,0.481617023837383
Net flux,FBA.p net,TP.p + TP.p <-> FBP.p,28.9968629902687,0.644249314710624
Exch flux,FBA.p exch,TP.p + TP.p <-> FBP.p,20631.9682790041,1169.98447945817
Net flux,PFK.p net,FBP.p <-> F6P.p,28.9968629902718,0.644249314710624
Exch flux,PFK.p exch,FBP.p <-> F6P.p,9.99817615365828e-08,8.87961541347745e-13
Net flux,TK1 net,TP.p + EC2 <-> X5P.p,49.6164932406552,0.963234047674766
Exch flux,TK1 exch,TP.p + EC2 <-> X5P.p,1.0000000116861e-07,0
Net flux,TK2 net,S7P.p <-> R5P.p + EC2,24.8082466203276,0.481617023837383
Exch flux,TK2 exch,S7P.p <-> R5P.p + EC2,37.8465666898879,3544.57036584704
Net flux,TK3 net,F6P.p <-> E4P.p + EC2,24.8082466203268,0.481617023837383
Exch flux,TK3 exch,F6P.p <-> E4P.p + EC2,7571.53745501936,3586.26618557838
Net flux,PPE net,X5P.p <-> RU5P.p,49.6164932406552,0.963234047674766
Exch flux,PPE exch,X5P.p <-> RU5P.p,71.7535116902599,1539.22477302926
Net flux,PPI net,R5P.p <-> RU5P.p,24.8082466203277,0.481617023837383
Exch flux,PPI exch,R5P.p <-> RU5P.p,237.289636645045,3527.7340092432
Net flux,PRK,RU5P.p -> RUBP.p,74.4247398609829,1.44485107151215
Net flux,RUBISCO_O2,RUBP.p -> 3PGA.p + 2PG.p,17.23183904055,0.590199309959054
Net flux,GLYdil net,GLY.p <-> GLY.x + dummyGLY,0.00714839580316351,0.00105113834131094
Exch flux,GLYdil exch,GLY.p <-> GLY.x + dummyGLY,1.0000000116861e-07,0
Net flux,SERdil net,SER.p <-> SER.x + dummySER,2.75062895380094,17.7368492983152
Exch flux,SERdil exch,SER.p <-> SER.x + dummySER,1.27253862626183,0.172771187892896
Net flux,GK,GA.p -> 3PGA.p,3.90602095196117,0.519667398111408
Net flux,PGI.p net,F6P.p <-> G6P.p,4.18861636994435,0.339400257816518
Exch flux,PGI.p exch,F6P.p <-> G6P.p,4.21741022734375,3298.81006395445
Net flux,PGM.p,G6P.p -> ADPG.p,4.18861636994434,0.339400257816518
Net flux,Starch,ADPG.p -> Starch,4.18861636994432,0.339400257816518
Net flux,FBA.c net,TP.c + TP.c <-> FBP.c,1.40302174743194,0.206307819570102
Exch flux,FBA.c exch,TP.c + TP.c <-> FBP.c,21.0095181733159,4153.17525336136
Net flux,PFK.c net,FBP.c <-> F6P.c,1.40302174743193,0.206307819570102
Exch flux,PFK.c exch,FBP.c <-> F6P.c,5.68622688035134,4153.17525336136
Net flux,PGI.c net,F6P.c <-> G6P.c,0.701510873715989,0.103153909785051
Exch flux,PGI.c exch,F6P.c <-> G6P.c,227.482856461946,4153.17524951825
Net flux,PGM.c net,G6P.c <-> UDPG.c,0.701510873710504,0.103153909785051
Exch flux,PGM.c exch,G6P.c <-> UDPG.c,48481.4302980656,4153.17524823722
Net flux,SPS,F6P.c + UDPG.c -> S6P,0.701510873715939,0.103153909785051
Net flux,PGAM.c net,3PGA.c <-> PEP.c,0.29915229698795,0.043988953315283
Exch flux,PGAM.c exch,3PGA.c <-> PEP.c,2.41179248985928,4153.17524847018
Net flux,PK.c,PEP.c -> PYR.c,0.135791459825075,0.0199675023258987
Net flux,PDH,PYR.c + dummy -> ACA + CO2,0.113013401755715,0.01661809486067
Net flux,CS,OAA + ACA -> CIT,0.113013401755737,0.01661809486067
Net flux,ACO net,CIT <-> ICI,0.113013401755779,0.01661809486067
Exch flux,ACO exch,CIT <-> ICI,1170.81270114316,4153.17524823722
Net flux,IDH,ICI + dummy -> AKG + CO2,0.113013401755719,0.01661809486067
Net flux,MDH net,MAL <-> OAA,0,0
Exch flux,MDH exch,MAL <-> OAA,0.258397470177677,0.0746192543686884
Net flux,PPC,PEP.c + CO2 -> OAA + dummy,0.163360837162006,0.0240214509775596
Net flux,T_3PGA net,3PGA.p <-> 3PGA.c,0.299152296987927,0.043988953315283
Exch flux,T_3PGA exch,3PGA.p <-> 3PGA.c,5.92944038476733,4140.33472024934
Net flux,T_DHAP net,TP.p <-> TP.c,2.80604349486396,0.412615639140203
Exch flux,T_DHAP exch,TP.p <-> TP.c,1.19179019377656,12.6747819158362
Net flux,ALT,PYR.c -> ALA.c,0.0227780580695749,0.0033494074505081
Net flux,ASPT,OAA -> ASP,0.0503474354066529,0.00740335610516821
Net flux,GLUDH,AKG -> GLU,0.113013401755703,0.01661809486067
Net flux,PCR net,GLU <-> PRO,3.5527136788005e-14,0
Exch flux,PCR exch,GLU <-> PRO,1.0000000116861e-07,0
Net flux,GS net,GLU <-> GLN,-2.8421709430404e-14,0
Exch flux,GS exch,GLU <-> GLN,1.00063950014828e-07,0
Net flux,TS net,ASP <-> THR,-6.3948846218409e-14,0
Exch flux,TS exch,ASP <-> THR,1.0000000116861e-07,0
Net flux,AS net,ASP <-> ASN,-3.5527136788005e-15,0
Exch flux,AS exch,ASP <-> ASN,4.97717415726129e-07,0
Net flux,G_3PGA.p,0*3PGA.p -> 3PGA,2.10223740992888e-06,5286.97142909701
Net flux,G_3PGA.c,0*3PGA.c -> 3PGA,92.9119084888441,3812.80693229926
Net flux,G_DHAP.p,0*TP.p -> TP,40.6853798422514,4857.4217806872
Net flux,G_DHAP.c,0*TP.c -> TP,51.8471856998322,3271.23706978237
Net flux,G_F6P.p,0*F6P.p -> F6P,48.6686345032614,5363.71725014126
Net flux,G_F6P.c,0*F6P.c -> F6P,36.5465768177337,3996.0324822206
Net flux,G_FBP.p,0*FBP.p -> FBP,2.10223447538738e-06,4974.16188949912
Net flux,G_FBP.c,0*FBP.c -> FBP,83.451231335703,3608.51935869349
Net flux,G_G6P.p,0*G6P.p -> G6P,19.0549768395406,5382.22045945457
Net flux,G_G6P.c,0*G6P.c -> G6P,58.8549499996569,3913.82153184501
Net flux,G_RU5P.p,0*RU5P.p -> P5P,2.10222550123262e-06,5282.95839645729
Net flux,G_X5P.p,0*X5P.p -> P5P,92.8477694994555,3533.60484604782
Net flux,G_R5P.p,0*R5P.p -> R5P,82.2810779887508,3806.5715314353
Net flux,G_GA.p,0*GA.p -> GA,41.3816453355963,1.60805510861651
Net flux,G_SER.p,0*SER.p -> SER,99.9193477926091,4649.15699934086
Net flux,G_GLY.p,0*GLY.p -> GLY,21.3688473177594,3580.06344933803
Net flux,G_RUBP.p,0*RUBP.p -> RUBP,92.5302752674636,4049.95066648037
Net flux,G_S7P.p,0*S7P.p -> S7P,98.4567310636579,3699.15383707457
Net flux,G_2PG.p,0*2PG.p -> 2PG,87.0427532708633,3382.39289691074
Net flux,G_ADPG.p,0*ADPG.p -> ADPG,95.0805622184504,3396.98543144275
Net flux,G_PEP.c,0*PEP.c -> PEP,89.2305410447668,3589.2546526708
Net flux,G_UDPG.c,0*UDPG.c -> UDPG,72.4268033047895,3275.52088813655
Net flux,G_ALA.c,0*ALA.c -> ALA,64.8497102533907,5.58219652439292
Net flux,(1-G)_GA,0*GA.x -> GA,58.6183546644057,1.60805510861651
Net flux,(1-G)_SER,0*SER.x -> SER,0.0806520064673784,3404.70964036101
Net flux,(1-G)_GLY,0*GLY.x -> GLY,31.736931484493,3.03067396054207
Net flux,(1-G)_R5P,0*R5P.x -> R5P,17.7189220112461,3806.5715314353
Net flux,(1-G)_RUBP,0*RUBP.x -> RUBP,7.46972473253513,4049.95066648037
Net flux,(1-G)_3PGA,0*3PGA.x -> 3PGA,7.08808940891887,3688.9008107896
Net flux,(1-G)_TP,0*TP.x -> TP,7.46743445791693,3623.36226765976
Net flux,(1-G)_F6P,0*F6P.x -> F6P,14.7847886790088,3672.68040891076
Net flux,(1-G)_FBP,0*FBP.x -> FBP,16.5487665620572,3368.97276691858
Net flux,(1-G)_G6P,0*G6P.x -> G6P,22.0900731608007,3806.0634806841
Net flux,(1-G)_RU5P,0*RU5P.x -> P5P,7.1522283983205,3667.02438561353
Net flux,(1-G)_S7P,0*S7P.x -> S7P,1.54326893634008,3699.15383707457
Net flux,(1-G)_2PG,0*2PG.x -> 2PG,12.9572467291391,3382.39289691074
Net flux,(1-G)_ADPG,0*ADPG.x -> ADPG,4.9194377815486,3396.98543144275
Net flux,(1-G)_PEP,0*PEP.x -> PEP,10.7694589552315,3589.2546526708
Net flux,(1-G)_UDPG,0*UDPG.x -> UDPG,27.5731966952117,3275.52088813655
Net flux,(1-G)_ALA,0*ALA.x -> ALA,35.1502897466091,5.58219652439292
Net flux,PGASink,3PGA -> Sink,100,0
Net flux,DHAPSink,TP -> Sink,100.000000000001,0
Net flux,F6PSink,F6P -> Sink,100.000000000004,0
Net flux,FBPSink,FBP -> Sink,99.9999999999947,0
Net flux,G6PSink,G6P -> Sink,99.9999999999982,0
Net flux,P5PSink,P5P -> Sink,100.000000000001,0
Net flux,R5PSink,R5P -> Sink,99.9999999999969,0
Net flux,GASink,GA -> Sink,100.000000000002,0
Net flux,SERSink,SER -> Sink,99.9999999999996,0
Net flux,GLYSink,GLY -> Sink,100.000000000001,0
Net flux,RUBPSink,RUBP -> Sink,99.9999999999987,0
Net flux,S7PSink,S7P -> Sink,99.9999999999979,0
Net flux,2PGSink,2PG -> Sink,100.000000000002,0
Net flux,ADPGSink,ADPG -> Sink,99.999999999999,0
Net flux,PEPSink,PEP -> Sink,99.9999999999983,0
Net flux,UDPGSink,UDPG -> Sink,100.000000000001,0
Net flux,ALASink,ALA -> Sink,99.9999999999997,0
Net flux,S6Pout-LL,S6P + 0.1611*GLU + 0.07177*ASP + 0.03247*ALA.c + 0.01019*dummyGLY + 0.03484*dummySER -> Sink,0.701510873715943,0.103153909785051
Net flux,PGP.p,2PG.p -> Glyc.p,17.23183904055,0.590199309959054
Net flux,GOX,Glyc.p -> Glyx.p,17.23183904055,0.590199309959054
Net flux,GGT,Glyx.p -> GLY.p,17.23183904055,0.590199309959054
Net flux,SGAT,SER.p -> HPA.p,3.90602095196119,0.519667398111408
Net flux,HPR.p,HPA.p -> GA.p,3.90602095196117,0.519667398111408
Net flux,T_GLY-m net,GLY.p <-> GLY.m,17.2248011084303,3324.8346646836
Exch flux,T_GLY-m exch,GLY.p <-> GLY.m,104199.41355899,3325.46922527592
Net flux,GDC.m,GLY.m + dummy -> myTHF.m + CO2,10.5562526169354,0.494989797546612
Net flux,T_SER-m net,SER.p <-> SER.m,-10.5562526169354,0.494989797546612
Exch flux,T_SER-m exch,SER.p <-> SER.m,50.2093920721733,3297.11882267143
Net flux,mSHMT,GLY.m + myTHF.m -> SER.m,10.5562526169354,0.494989797546612
Net flux,T_SER-c net,SER.p <-> SER.c,3.89960271117329,17.748813561325
Exch flux,T_SER-c exch,SER.p <-> SER.c,1.00000000280431e-07,0
Net flux,T_Gly-c net,GLY.p <-> GLY.c,-0.000110463692317264,3324.83461228436
Exch flux,T_Gly-c exch,GLY.p <-> GLY.c,9.99999998363421e-08,0
Net flux,cSHMT,SER.c -> GLY.c + meTHF.c,3.88781468912391,3435.38267880898
Net flux,FmTHF-reductase net,meTHF.c <-> FmTHF.c,3.88781468912391,3435.38267880898
Exch flux,FmTHF-reductase exch,meTHF.c <-> FmTHF.c,4.91242043677018,4748.77099303825
Net flux,Met-synthase,FmTHF.c + Hcy.c -> Met.c,3.8878146891239,3435.38267880898
Net flux,SAM-synthase,Met.c -> SAM.c,3.88781468912389,3435.38267880898
Net flux,Methylation,SAM.c -> SAH.c + Acceptor.c,3.8878146891239,3435.38267880898
Net flux,hydrolysis,SAH.c -> Hcy.c,3.8878146891239,3435.38267880898
Net flux,G_SER.m,0*SER.m -> SER,1.0000000116861e-07,0
Net flux,G_SER.c,0*SER.c -> SER,1.00923141843623e-07,3377.47731048249
Net flux,G_Gly.m,0*GLY.m -> GLY,0.000183515426634528,3580.06060019507
Net flux,G_Gly.c,0*GLY.c -> GLY,46.8940376823223,6.32206945387045
Net flux,T_GLY-c-m,GLY.c -> GLY.m,3.88770412543164,3324.83472757845
Net flux,G_Glyc,0*Glyc.p -> Glyc,21.2592018602233,1.10355588862946
Net flux,G_Glyx,0*Glyx.p -> Glyx,18.2390806004522,1.98562633945982
Net flux,G_HPA,0*HPA.p -> HPA,11.1305607901584,1.30652147001044
Net flux,(1-G)_Glyc,0*Glyc.x -> Glyc,78.7407981397773,1.10355588862946
Net flux,(1-G)_Glyx,0*Glyx.x -> Glyx,81.7609193995487,1.98562633945982
Net flux,(1-G)_HPA,0*HPA.x -> HPA,88.8694392098415,1.30652147001044
Net flux,GlycSink,Glyc -> Sink,100.000000000001,0
Net flux,GlyxSink,Glyx -> Sink,100.000000000001,0
Net flux,HPASink,HPA -> Sink,99.9999999999998,0
Net flux,SERex,dummySER -> outSER,2.7261860659167,17.7368444333058
Net flux,G_PYR,0*PYR.c -> PYR,32.5400563100266,1.96143417217818
Net flux,(1-G)_PYR,0*PYR.x -> PYR,67.4599436899736,1.96143417217818
Net flux,PYRSink,PYR -> Sink,100,0
Net flux,G_meTHF,0*meTHF.c -> meTHF,97.4121902532845,4.3278828003794
Net flux,G_FmTHF,0*FmTHF.c -> FmTHF,86.3196190420856,3.16987515005412
Net flux,G_Met,0*Met.c -> Met,66.6761438061391,4.44488680528688
Net flux,G_SAM,0*SAM.c -> SAM,70.7749333267739,4.26644621357999
Net flux,(1-G)_meTHF,0*meTHF.x -> meTHF,2.58780974671544,4.3278828003794
Net flux,(1-G)_FmTHF,0*FmTHF.x -> FmTHF,13.6803809579145,3.16987515005412
Net flux,(1-G)_Met,0*Met.x -> Met,33.3238561938609,4.44488680528688
Net flux,(1-G)_SAM,0*SAM.x -> SAM,29.2250666732261,4.26644621357999
Net flux,meTHFSink,meTHF -> Sink,99.9999999999999,0
Net flux,FmTHFSink,FmTHF -> Sink,100,0
Net flux,MetSink,Met -> Sink,100,0
Net flux,SAMsink,SAM -> Sink,99.9999999999999,0
Net flux,Met-protein,Met.c -> Protein,-1.22918616120154e-14,0
Net flux,GLY-protein,GLY.c -> Protein,9.9999959424224e-08,3435.38279039606
Net flux,SER-protein,SER.c -> Protein,0.0117880220493705,3435.4285278355
Pool,2PG pool,,0,0
Pool,2PG.p pool,,3.22652060036009e-06,3635.93490816781
Pool,2PG.x pool,,1,Inf
Pool,3PGA pool,,0,0
Pool,3PGA.c pool,,1.74528656800687e-05,3619.98146582352
Pool,3PGA.p pool,,3.56025150285313e-06,3673.2200675153
Pool,3PGA.x pool,,1,Inf
Pool,ACA pool,,1.62006008724476e-06,3425.27437062832
Pool,ADPG pool,,0,0
Pool,ADPG.p pool,,9.9999999999999e-08,Inf
Pool,ADPG.x pool,,1,Inf
Pool,AKG pool,,1.57231716272393e-06,3456.1966405541
Pool,ALA pool,,0,0
Pool,ALA.c pool,,0.00504109127233431,0.00144507182942977
Pool,ALA.x pool,,1,Inf
Pool,ASN pool,,7566.06819370115,3499.18784916997
Pool,ASP pool,,6.40409086426515e-07,3798.33724458521
Pool,Acceptor.c pool,,1,Inf
Pool,CIT pool,,5.47456509207014,4.1008277825846
Pool,CO2 pool,,0.318082318979202,0.1273797087075
Pool,CO2.t pool,,1,Inf
Pool,E4P.p pool,,0,0
Pool,EC2 pool,,0,0
Pool,F6P pool,,0,0
Pool,F6P.c pool,,3.2829957288832e-06,3678.52218962753
Pool,F6P.p pool,,3.52792637350225e-06,3545.18658291267
Pool,F6P.x pool,,1,Inf
Pool,FBP pool,,0,0
Pool,FBP.c pool,,3.2825704124981e-06,3572.00228581236
Pool,FBP.p pool,,3.31107127280205e-06,3474.73355201972
Pool,FBP.x pool,,1,Inf
Pool,FmTHF pool,,1.13660944307224,0.624358040503104
Pool,FmTHF.c pool,,1.58584054728827e-06,3772.3430981055
Pool,FmTHF.x pool,,1,Inf
Pool,G6P pool,,0,0
Pool,G6P.c pool,,9.8503189184407e-06,3394.37047455993
Pool,G6P.p pool,,3.34786832070299e-06,3530.02469558051
Pool,G6P.x pool,,1,Inf
Pool,GA pool,,0,0
Pool,GA.p pool,,3.43922601562257e-06,3305.55206497927
Pool,GA.x pool,,1,Inf
Pool,GLN pool,,8.83867754958149,3696.83084847087
Pool,GLU pool,,1.57232123055737e-06,3562.54752792511
Pool,GLY pool,,0,0
Pool,GLY.c pool,,1e-07,0
Pool,GLY.m pool,,0.212700516967737,0.0752748872568285
Pool,GLY.p pool,,0.000426626795606597,3558.11054730181
Pool,GLY.x pool,,1,Inf
Pool,Glyc pool,,3.60808770512728,0.976565960343082
Pool,Glyc.p pool,,2.03844888319737e-05,3527.1428307099
Pool,Glyc.x pool,,1,Inf
Pool,Glyx pool,,17.3790090195428,4.74572899286677
Pool,Glyx.p pool,,2.89410701588216e-05,3380.50887167242
Pool,Glyx.x pool,,1,Inf
Pool,HPA pool,,0.000149135150083513,3486.257265429
Pool,HPA.p pool,,2.13717664955483e-06,3494.66590446593
Pool,HPA.x pool,,1,Inf
Pool,Hcy.c pool,,1,Inf
Pool,ICI pool,,0.00376227424443556,3446.9223456107
Pool,MAL pool,,0.337964672793276,0.0939397729103329
Pool,Met pool,,0.000224068098821157,3396.03183664362
Pool,Met.c pool,,1.58663528822817e-06,3519.08011639597
Pool,Met.x pool,,1,Inf
Pool,OAA pool,,0.134439473108006,0.0276337867398231
Pool,P5P pool,,0,0
Pool,PEP pool,,0,0
Pool,PEP.c pool,,5.85618530244679e-06,3655.0653365769
Pool,PEP.x pool,,1,Inf
Pool,PRO pool,,5.39499638349241,3307.1306496466
Pool,PYR pool,,1e-07,0
Pool,PYR.c pool,,0.00803477890776178,0.00201959301189659
Pool,PYR.x pool,,1,Inf
Pool,Protein pool,,1,Inf
Pool,R5P pool,,0,0
Pool,R5P.p pool,,1.95634988170426e-05,3385.5046997098
Pool,R5P.x pool,,1,Inf
Pool,RU5P.p pool,,3.33024219419256e-06,3463.03859519306
Pool,RU5P.x pool,,1,Inf
Pool,RUBP pool,,0,0
Pool,RUBP.p pool,,3.34747136770836e-06,3433.90750553548
Pool,RUBP.x pool,,1,Inf
Pool,S6P pool,,1,Inf
Pool,S7P pool,,0,0
Pool,S7P.p pool,,3.60669563147771e-06,3592.85650143186
Pool,S7P.x pool,,1,Inf
Pool,SAH.c pool,,1,Inf
Pool,SAM pool,,6.17085541583248,1.73487629906876
Pool,SAM.c pool,,1.84014391928247e-06,3539.58796948784
Pool,SAM.x pool,,1,Inf
Pool,SBP pool,,0,0
Pool,SER pool,,0,0
Pool,SER.c pool,,1.00000000002876e-07,0
Pool,SER.m pool,,1.35630060403015,0.103572361095036
Pool,SER.p pool,,1e-07,0
Pool,SER.x pool,,1,Inf
Pool,Sink pool,,1,Inf
Pool,Starch pool,,1,Inf
Pool,THR pool,,3889.7793350103,3554.89625194733
Pool,TP pool,,0,0
Pool,TP.c pool,,3.73145413532786e-06,3525.76753166429
Pool,TP.p pool,,3.75986809627882e-06,3344.54866296726
Pool,TP.x pool,,1,Inf
Pool,UDPG pool,,0,0
Pool,UDPG.c pool,,0.183202651283553,1.18886601167341
Pool,UDPG.x pool,,1,Inf
Pool,X5P.p pool,,3.46838578132292e-06,3467.7460914682
Pool,dummy pool,,1,Inf
Pool,dummyGLY pool,,1,Inf
Pool,dummySER pool,,1,Inf
Pool,meTHF pool,,0.142523886465434,3555.86105922109
Pool,meTHF.c pool,,1.59512961384189e-06,3488.41349030304
Pool,meTHF.x pool,,1,Inf
Pool,myTHF.m pool,,1.00000000002876e-07,0
Pool,outSER pool,,1,Inf
Norm,Experiment1 Glyc205 #1 norm,,0.975674213015722,0.0130063720791407
Norm,Experiment1 Glyc205 #2 norm,,0.99434020941081,0.0248835986298612
Norm,Experiment1 Glyc205 #3 norm,,1.00082937429947,0.0225022603454899
Norm,Experiment1 Glyc205 #4 norm,,0.978342561311095,0.0310236039839942
Norm,Experiment1 Glyc205 #5 norm,,0.996153608262077,0.0325532701651159
Norm,Experiment1 Glyc205 #6 norm,,1.03439611241825,0.0273567771640539
Norm,Experiment1 Glyc205 #7 norm,,0.979669993568983,0.0341996833672795
Norm,Experiment1 Glyc205 #8 norm,,0.971452220074052,0.0299349765889673
Norm,Experiment1 Glyx160 #1 norm,,0.96565779127991,0.0104875781597591
Norm,Experiment1 Glyx160 #2 norm,,0.99400308762317,0.0131306046126982
Norm,Experiment1 Glyx160 #3 norm,,0.949864103259876,0.016627546867346
Norm,Experiment1 Glyx160 #4 norm,,0.989137055272109,0.014396611912588
Norm,Experiment1 Glyx160 #5 norm,,0.957710838105723,0.0350022423247355
Norm,Experiment1 Glyx160 #6 norm,,1.02140504563257,0.0202977625861331
Norm,Experiment1 Glyx160 #7 norm,,0.987078889746838,0.0385444782108685
Norm,Experiment1 Glyx160 #8 norm,,0.992315505183528,0.0384249525834397
Norm,Experiment1 GLY276 #1 norm,,0.983444849204073,0.0100365592937112
Norm,Experiment1 GLY276 #2 norm,,1.01013233236923,0.0247540382281594
Norm,Experiment1 GLY276 #3 norm,,1.01809973806356,0.0450060242833524
Norm,Experiment1 GLY276 #4 norm,,1.00644049600865,0.0721512979672792
Norm,Experiment1 GLY276 #5 norm,,0.988985725277549,0.15797917568277
Norm,Experiment1 GLY276 #6 norm,,0.936215385987787,0.0838666091538682
Norm,Experiment1 GLY276 #7 norm,,1.02201857909856,0.0613283533208453
Norm,Experiment1 GLY276 #8 norm,,0.979743089354351,0.0771237310934158
Norm,Experiment1 HPA262 #1 norm,,0.984977035128408,0.0107033293321312
Norm,Experiment1 HPA262 #2 norm,,0.944405322983822,0.0271932450174315
Norm,Experiment1 HPA262 #3 norm,,0.980844909619483,0.0133863319602344
Norm,Experiment1 HPA262 #4 norm,,0.896815269097489,0.0314259929188625
Norm,Experiment1 HPA262 #5 norm,,0.94349958624172,0.0234052879390874
Norm,Experiment1 HPA262 #6 norm,,0.91028132356279,0.0323336835274948
Norm,Experiment1 HPA262 #7 norm,,1.00549933422,0.0256056331780954
Norm,Experiment1 HPA262 #8 norm,,1.02459609842504,0.023898283356187
Norm,Experiment1 GA307 #1 norm,,0.997224336191932,0.0121235033016531
Norm,Experiment1 GA307 #2 norm,,0.930888610344041,0.0301293561722039
Norm,Experiment1 GA307 #3 norm,,0.952781342159834,0.0290521286390064
Norm,Experiment1 GA307 #4 norm,,1.01529853650794,0.0198005177268641
Norm,Experiment1 GA307 #5 norm,,0.986962550554352,0.063076361267994
Norm,Experiment1 GA307 #6 norm,,1.00377560332021,0.0412908122335268
Norm,Experiment1 GA307 #7 norm,,0.994442078409408,0.0447183541236298
Norm,Experiment1 GA307 #8 norm,,1.00035335537006,0.0365094074695009
Norm,Experiment1 SER306 #1 norm,,0.962373771903734,0.0136133813546752
Norm,Experiment1 SER306 #2 norm,,0.990868586710421,0.0162040286223009
Norm,Experiment1 SER306 #3 norm,,0.948494878609277,0.0399577819318238
Norm,Experiment1 SER306 #4 norm,,1.00473003988915,0.0434735459462404
Norm,Experiment1 SER306 #5 norm,,1.030183148467,0.095426754340453
Norm,Experiment1 SER306 #6 norm,,1.03076349561034,0.0783928748072671
Norm,Experiment1 SER306 #7 norm,,1.00479682301596,0.0889498130389455
Norm,Experiment1 SER306 #8 norm,,0.949826831765321,0.0506122705344229
Norm,Experiment1 meTHF #1 norm,,0.991321406419595,0.00994518632878865
Norm,Experiment1 meTHF #2 norm,,1.00848475123285,0.0106083405067022
Norm,Experiment1 meTHF #3 norm,,0.975159766559064,0.0604581305489744
Norm,Experiment1 meTHF #4 norm,,0.968629606159193,0.0401321840068692
Norm,Experiment1 meTHF #5 norm,,0.991262607294331,0.0978940763104492
Norm,Experiment1 meTHF #6 norm,,0.988378443509418,0.143516340053246
Norm,Experiment1 meTHF #7 norm,,0.965643424284927,0.0657307118544204
Norm,Experiment1 meTHF #8 norm,,1.06142782110134,0.0950087266946154
Norm,Experiment1 FmTHF #1 norm,,0.998258040823535,0.0101197837861663
Norm,Experiment1 FmTHF #2 norm,,1.02193208285049,0.0237437634407717
Norm,Experiment1 FmTHF #3 norm,,0.961631681633451,0.0306675190795798
Norm,Experiment1 FmTHF #4 norm,,1.01694706897616,0.0269678928650219
Norm,Experiment1 FmTHF #5 norm,,0.949208238126905,0.0613764511313133
Norm,Experiment1 FmTHF #6 norm,,0.999963727026456,0.0575083250397813
Norm,Experiment1 FmTHF #7 norm,,0.976719020585642,0.0515786018650116
Norm,Experiment1 FmTHF #8 norm,,1.06894043899063,0.0887976622884195
Norm,Experiment1 Met176 #1 norm,,0.958287458498014,0.0236157574581562
Norm,Experiment1 Met176 #2 norm,,0.872183033007545,0.0309083847954895
Norm,Experiment1 Met176 #3 norm,,0.904500759772532,0.0504380897983374
Norm,Experiment1 Met176 #4 norm,,1.02242331287435,0.0395927316147848
Norm,Experiment1 Met176 #5 norm,,0.965856610493537,0.0761468040314625
Norm,Experiment1 Met176 #6 norm,,1.09347757091476,0.152549782634025
Norm,Experiment1 Met176 #7 norm,,1.00192076062105,0.137455875044482
Norm,Experiment1 Met176 #8 norm,,1.00906908961912,0.106817189470655
Norm,Experiment1 SAM #1 norm,,1.0044537668741,0.0118530709670855
Norm,Experiment1 SAM #2 norm,,1.00610890497081,0.0124830736010667
Norm,Experiment1 SAM #3 norm,,1.01841198481737,0.0142153352305616
Norm,Experiment1 SAM #4 norm,,1.01737066544053,0.0217240496539061
Norm,Experiment1 SAM #5 norm,,0.963585911518319,0.0377999653031571
Norm,Experiment1 SAM #6 norm,,1.01616342484001,0.0609249156612704
Norm,Experiment1 SAM #7 norm,,0.999242202703586,0.0886067178777453
Norm,Experiment1 SAM #8 norm,,1.00517713548212,0.0858109831154598
Norm,Experiment1 CIT465 #1 norm,,0.969599068538468,0.0115767040212808
Norm,Experiment1 CIT465 #2 norm,,0.993267121181536,0.0133371839398036
Norm,Experiment1 CIT465 #3 norm,,0.949710853699256,0.0110900628024763
Norm,Experiment1 CIT465 #4 norm,,0.984017246192762,0.0172496606016296
Norm,Experiment1 CIT465 #5 norm,,0.990752956839677,0.0134436028232367
Norm,Experiment1 CIT465 #6 norm,,1.03985433477257,0.0131506538854581
Norm,Experiment1 CIT465 #7 norm,,0.985757986107654,0.0117785448607881
Norm,Experiment1 CIT465 #8 norm,,1.01208538740494,0.0191861962031814
Norm,Experiment1 MAL335 #1 norm,,1.00772577395329,0.0127239808274538
Norm,Experiment1 MAL335 #2 norm,,0.970070032741742,0.0111117107697089
Norm,Experiment1 MAL335 #3 norm,,0.99072930344315,0.010536560590086
Norm,Experiment1 MAL335 #4 norm,,0.942255478090297,0.0138392476317719
Norm,Experiment1 MAL335 #5 norm,,1.01102420907785,0.0143090277288723
Norm,Experiment1 MAL335 #6 norm,,1.01628649596848,0.0139232953456001
Norm,Experiment1 MAL335 #7 norm,,0.970773998974058,0.0201843870669283
Norm,Experiment1 MAL335 #8 norm,,1.02522591918609,0.0366451084173594
Norm,Experiment1 ASP334 #1 norm,,1.00588841936446,0.0229874324965156
Norm,Experiment1 ASP334 #2 norm,,0.935411268711382,0.0270327802815715
Norm,Experiment1 ASP334 #3 norm,,0.977727941501625,0.0204187018298558
Norm,Experiment1 ASP334 #4 norm,,1.00828168202496,0.0179873686070912
Norm,Experiment1 ASP334 #5 norm,,0.954802606015698,0.025965574053984
Norm,Experiment1 ASP334 #6 norm,,0.974193505929195,0.030186268357031
Norm,Experiment1 ASP334 #7 norm,,0.971527921571168,0.0307583138880291
Norm,Experiment1 ASP334 #8 norm,,0.9677926956615,0.0762847117174627
Norm,Experiment1 GLU348 #1 norm,,1.01792152673738,0.0217805284466178
Norm,Experiment1 GLU348 #2 norm,,0.970772021398379,0.0194947217431621
Norm,Experiment1 GLU348 #3 norm,,0.978078385282831,0.011137549839817
Norm,Experiment1 GLU348 #4 norm,,1.00730502034796,0.0362643382660795
Norm,Experiment1 GLU348 #5 norm,,0.951577737331351,0.0223832029293522
Norm,Experiment1 GLU348 #6 norm,,1.00488386873151,0.0130719758735683
Norm,Experiment1 GLU348 #7 norm,,1.00062846002932,0.0139518630845072
Norm,Experiment1 GLU348 #8 norm,,0.991553594177953,0.0218096027886301
Norm,Experiment1 THR320 #1 norm,,1.02059679112671,0.0106934088356904
Norm,Experiment1 THR320 #2 norm,,0.987047724149664,0.0145160307111476
Norm,Experiment1 THR320 #3 norm,,1.00839423127939,0.0104994119440314
Norm,Experiment1 THR320 #4 norm,,0.967695461140842,0.0286147293354028
Norm,Experiment1 THR320 #5 norm,,1.04410562427464,0.0224161157236541
Norm,Experiment1 THR320 #6 norm,,0.965655276753341,0.0108144799845678
Norm,Experiment1 THR320 #7 norm,,0.965620365868365,0.0137552548990903
Norm,Experiment1 THR320 #8 norm,,0.962957807237367,0.0260827810239472
Norm,Experiment1 ALA116 #1 norm,,0.972045129671107,0.00972296466459983
Norm,Experiment1 ALA116 #2 norm,,0.992618205158369,0.00989943485253907
Norm,Experiment1 ALA116 #3 norm,,1.01892704845145,0.0180745962421652
Norm,Experiment1 ALA116 #4 norm,,1.07778524088252,0.0223064379250148
Norm,Experiment1 ALA116 #5 norm,,0.995554710641701,0.101201058734897
Norm,Experiment1 ALA116 #6 norm,,0.967378146778348,0.075574969462421
Norm,Experiment1 ALA116 #7 norm,,1.00680713236004,0.0628452795243975
Norm,Experiment1 ALA116 #8 norm,,0.967633730274439,0.111719161663727
Norm,Experiment1 PYR #1 norm,,0.959427222308677,0.0162384274799608
Norm,Experiment1 PYR #2 norm,,0.971240743552124,0.0412429942729552
Norm,Experiment1 PYR #3 norm,,0.91552079988203,0.104821427240118
Norm,Experiment1 PYR #4 norm,,1.04312842761224,0.045561214564585
Norm,Experiment1 PYR #5 norm,,1.00540719486558,0.0565761665386946
Norm,Experiment1 PYR #6 norm,,1.0474876492625,0.0582071009583542
Norm,Experiment1 PYR #7 norm,,0.982902314792916,0.0888013083349809
Norm,Experiment1 PYR #8 norm,,1.00075967624727,0.0563302526402631
