type,id,eqn,val,std
Net flux,CO2.t,CO2.t -> CO2,48.5896173294276,1.10234043146513
Net flux,CO2_sink,dummy -> Sink,48.5896173294276,1.10234043146513
Net flux,RUBICSO_CO2,RUBP.p + CO2 -> 3PGA.p + 3PGA.p + dummy,58.3678762430559,1.16216986856314
Net flux,GAPDH.p net,3PGA.p <-> TP.p,138.03155114304,2.65381051060075
Exch flux,GAPDH.p exch,3PGA.p <-> TP.p,2.73908094783337e-06,3.61691587619988e-13
Net flux,ALD,TP.p + E4P.p -> SBP,25.5854649656644,0.478236081071077
Net flux,SBP,SBP -> S7P.p,25.5854649656644,0.478236081071077
Net flux,FBA.p net,TP.p + TP.p <-> FBP.p,29.4433928122053,0.645186045701263
Exch flux,FBA.p exch,TP.p + TP.p <-> FBP.p,20328.7660575973,1497.95638800285
Net flux,PFK.p net,FBP.p <-> F6P.p,29.4433928122084,0.645186045701263
Exch flux,PFK.p exch,FBP.p <-> F6P.p,9.99978340132657e-08,3.33521438400245e-13
Net flux,TK1 net,TP.p + EC2 <-> X5P.p,51.1709299313288,0.956472162142154
Exch flux,TK1 exch,TP.p + EC2 <-> X5P.p,2912.33900585906,558.811506005785
Net flux,TK2 net,S7P.p <-> R5P.p + EC2,25.5854649656644,0.478236081071077
Exch flux,TK2 exch,S7P.p <-> R5P.p + EC2,37.8071769820149,2482.87283277753
Net flux,TK3 net,F6P.p <-> E4P.p + EC2,25.585464965664,0.478236081071077
Exch flux,TK3 exch,F6P.p <-> E4P.p + EC2,8164.78599945166,2851.86372515673
Net flux,PPE net,X5P.p <-> RU5P.p,51.1709299313293,0.956472162142154
Exch flux,PPE exch,X5P.p <-> RU5P.p,3051.82329389102,2382.60426204574
Net flux,PPI net,R5P.p <-> RU5P.p,25.5854649656645,0.478236081071077
Exch flux,PPI exch,R5P.p <-> RU5P.p,236.833036426452,2056.04723789552
Net flux,PRK,RU5P.p -> RUBP.p,76.7563948969934,1.43470824321323
Net flux,RUBISCO_O2,RUBP.p -> 3PGA.p + 2PG.p,18.3885186539374,0.585857220659493
Net flux,GLYdil net,GLY.p <-> GLY.x + dummyGLY,0.00608437415861118,0.000981440362992147
Exch flux,GLYdil exch,GLY.p <-> GLY.x + dummyGLY,1.0000000116861e-07,0
Net flux,SERdil net,SER.p <-> SER.x + dummySER,5.49560925809459,0.557561732232208
Exch flux,SERdil exch,SER.p <-> SER.x + dummySER,1.34895983413188,0.183013643810807
Net flux,GK,GA.p -> 3PGA.p,3.16190419496343,0.50171836666321
Net flux,PGI.p net,F6P.p <-> G6P.p,3.8579278465429,0.336470492255776
Exch flux,PGI.p exch,F6P.p <-> G6P.p,4.5393241940777,2519.57151671568
Net flux,PGM.p,G6P.p -> ADPG.p,3.8579278465429,0.336470492255776
Net flux,Starch,ADPG.p -> Starch,3.85792784654288,0.336470492255776
Net flux,FBA.c net,TP.c + TP.c <-> FBP.c,1.19418531081466,0.192628138263291
Exch flux,FBA.c exch,TP.c + TP.c <-> FBP.c,21.9308068043509,2325.05288383712
Net flux,PFK.c net,FBP.c <-> F6P.c,1.19418531081466,0.192628138263291
Exch flux,PFK.c exch,FBP.c <-> F6P.c,6.50108685383224,61.6172681664971
Net flux,PGI.c net,F6P.c <-> G6P.c,0.597092655407351,0.0963140691316457
Exch flux,PGI.c exch,F6P.c <-> G6P.c,228.279659380045,2372.26123554201
Net flux,PGM.c net,G6P.c <-> UDPG.c,0.597092655400047,0.0963140691316457
Exch flux,PGM.c exch,G6P.c <-> UDPG.c,48481.5779989746,2565.64919332834
Net flux,SPS,F6P.c + UDPG.c -> S6P,0.597092655407298,0.0963140691316457
Net flux,PGAM.c net,3PGA.c <-> PEP.c,0.25462419197201,0.0410721716537803
Exch flux,PGAM.c exch,3PGA.c <-> PEP.c,2.77505604008645,2679.44271520537
Net flux,PK.c,PEP.c -> PYR.c,0.115579225307477,0.0186435143491163
Net flux,PDH,PYR.c + dummy -> ACA + CO2,0.0961916267862812,0.0155161965350579
Net flux,CS,OAA + ACA -> CIT,0.0961916267862772,0.0155161965350579
Net flux,ACO net,CIT <-> ICI,0.0961916267863216,0.0155161965350579
Exch flux,ACO exch,CIT <-> ICI,1160.02216468029,2224.73677272337
Net flux,IDH,ICI + dummy -> AKG + CO2,0.0961916267862937,0.0155161965350579
Net flux,MDH net,MAL <-> OAA,2.1316282072803e-14,0
Exch flux,MDH exch,MAL <-> OAA,0.0384985757126657,0.0700453535279756
Net flux,PPC,PEP.c + CO2 -> OAA + dummy,0.139044966664961,0.0224286572755054
Net flux,T_3PGA net,3PGA.p <-> 3PGA.c,0.254624191971992,0.0410721716537803
Exch flux,T_3PGA exch,3PGA.p <-> 3PGA.c,7.42039290270765,2629.42494843791
Net flux,T_DHAP net,TP.p <-> TP.c,2.38837062162936,0.385256276526583
Exch flux,T_DHAP exch,TP.p <-> TP.c,1.71670658887362,1.10744125308828
Net flux,ALT,PYR.c -> ALA.c,0.0193875985211076,0.00312731782469058
Net flux,ASPT,OAA -> ASP,0.04285333987855,0.00691246074224906
Net flux,GLUDH,AKG -> GLU,0.0961916267862706,0.0155161965350579
Net flux,PCR net,GLU <-> PRO,-2.48689957516035e-14,0
Exch flux,PCR exch,GLU <-> PRO,1.0000000116861e-07,0
Net flux,GS net,GLU <-> GLN,0,0
Exch flux,GS exch,GLU <-> GLN,1.00042981898696e-07,0
Net flux,TS net,ASP <-> THR,0,0
Exch flux,TS exch,ASP <-> THR,0.0120395095199157,0.0176771973570779
Net flux,AS net,ASP <-> ASN,1.06581410364015e-14,0
Exch flux,AS exch,ASP <-> ASN,0.0108695476432423,0.0203093752675632
Net flux,G_3PGA.p,0*3PGA.p -> 3PGA,2.46866295583459e-06,3713.46559081326
Net flux,G_3PGA.c,0*3PGA.c -> 3PGA,92.9119081399796,2551.58277979865
Net flux,G_DHAP.p,0*TP.p -> TP,40.685379842242,3592.45224478196
Net flux,G_DHAP.c,0*TP.c -> TP,51.8471856996947,2687.62934586538
Net flux,G_F6P.p,0*F6P.p -> F6P,48.6686345030749,3625.51900813033
Net flux,G_F6P.c,0*F6P.c -> F6P,36.546576817712,2543.30337434311
Net flux,G_FBP.p,0*FBP.p -> FBP,2.46866129316459e-06,3620.5060071414
Net flux,G_FBP.c,0*FBP.c -> FBP,83.451231047623,2561.64712796061
Net flux,G_G6P.p,0*G6P.p -> G6P,19.0549768397257,3627.58217670127
Net flux,G_G6P.c,0*G6P.c -> G6P,58.8549499993083,2670.90143514391
Net flux,G_RU5P.p,0*RU5P.p -> P5P,2.46865371877902e-06,3846.79327253594
Net flux,G_X5P.p,0*X5P.p -> P5P,92.8477691497465,2639.69113826188
Net flux,G_R5P.p,0*R5P.p -> R5P,82.2810779884949,2608.01755413321
Net flux,G_GA.p,0*GA.p -> GA,37.2704442772837,1.59341016665411
Net flux,G_SER.p,0*SER.p -> SER,99.999926456979,4373.59830868048
Net flux,G_GLY.p,0*GLY.p -> GLY,57.6495257896375,3586.32026652141
Net flux,G_RUBP.p,0*RUBP.p -> RUBP,92.5302752673063,2442.13617047348
Net flux,G_S7P.p,0*S7P.p -> S7P,98.4567310636212,2443.98465555371
Net flux,G_2PG.p,0*2PG.p -> 2PG,87.0427532706349,2515.59883771356
Net flux,G_ADPG.p,0*ADPG.p -> ADPG,95.0805622183377,2450.14786562441
Net flux,G_PEP.c,0*PEP.c -> PEP,89.2305410445615,2583.54993883995
Net flux,G_UDPG.c,0*UDPG.c -> UDPG,72.4268033045549,2608.19807065001
Net flux,G_ALA.c,0*ALA.c -> ALA,67.0861945321034,5.5279707183925
Net flux,(1-G)_GA,0*GA.x -> GA,62.7295557227183,1.59341016665411
Net flux,(1-G)_SER,0*SER.x -> SER,2.75401681157916e-05,2587.98083444307
Net flux,(1-G)_GLY,0*GLY.x -> GLY,42.3265902531142,2.22747181358583
Net flux,(1-G)_R5P,0*R5P.x -> R5P,17.718922011502,2608.01755413321
Net flux,(1-G)_RUBP,0*RUBP.x -> RUBP,7.46972473269241,2442.13617047348
Net flux,(1-G)_3PGA,0*3PGA.x -> 3PGA,7.08808939135779,2556.27680598603
Net flux,(1-G)_TP,0*TP.x -> TP,7.46743445806383,2483.37273218425
Net flux,(1-G)_F6P,0*F6P.x -> F6P,14.7847886792169,2440.98638487259
Net flux,(1-G)_FBP,0*FBP.x -> FBP,16.5487664837104,2624.97060477973
Net flux,(1-G)_G6P,0*G6P.x -> G6P,22.0900731609643,2481.66018526498
Net flux,(1-G)_RU5P,0*RU5P.x -> P5P,7.15222838160117,2624.32950878962
Net flux,(1-G)_S7P,0*S7P.x -> S7P,1.54326893637677,2443.98465555371
Net flux,(1-G)_2PG,0*2PG.x -> 2PG,12.9572467293675,2515.59883771356
Net flux,(1-G)_ADPG,0*ADPG.x -> ADPG,4.91943778166132,2450.14786562441
Net flux,(1-G)_PEP,0*PEP.x -> PEP,10.7694589554367,2583.54993883995
Net flux,(1-G)_UDPG,0*UDPG.x -> UDPG,27.5731966954463,2608.19807065001
Net flux,(1-G)_ALA,0*ALA.x -> ALA,32.9138054678964,5.5279707183925
Net flux,PGASink,3PGA -> Sink,100,0
Net flux,DHAPSink,TP -> Sink,100.000000000001,0
Net flux,F6PSink,F6P -> Sink,100.000000000004,0
Net flux,FBPSink,FBP -> Sink,99.9999999999947,0
Net flux,G6PSink,G6P -> Sink,99.9999999999983,0
Net flux,P5PSink,P5P -> Sink,100.000000000001,0
Net flux,R5PSink,R5P -> Sink,99.9999999999968,0
Net flux,GASink,GA -> Sink,100.000000000002,0
Net flux,SERSink,SER -> Sink,99.9999999999996,0
Net flux,GLYSink,GLY -> Sink,100.000000000001,0
Net flux,RUBPSink,RUBP -> Sink,99.9999999999987,0
Net flux,S7PSink,S7P -> Sink,99.9999999999979,0
Net flux,2PGSink,2PG -> Sink,100.000000000002,0
Net flux,ADPGSink,ADPG -> Sink,99.999999999999,0
Net flux,PEPSink,PEP -> Sink,99.9999999999983,0
Net flux,UDPGSink,UDPG -> Sink,100.000000000001,0
Net flux,ALASink,ALA -> Sink,99.9999999999998,0
Net flux,S6Pout-LL,S6P + 0.1611*GLU + 0.07177*ASP + 0.03247*ALA.c + 0.01019*dummyGLY + 0.03484*dummySER -> Sink,0.597092655407334,0.0963140691316457
Net flux,PGP.p,2PG.p -> Glyc.p,18.3885186539375,0.585857220659493
Net flux,GOX,Glyc.p -> Glyx.p,18.3885186539375,0.585857220659493
Net flux,GGT,Glyx.p -> GLY.p,18.3885186539375,0.585857220659493
Net flux,SGAT,SER.p -> HPA.p,3.16190419496342,0.50171836666321
Net flux,HPR.p,HPA.p -> GA.p,3.16190419496341,0.50171836666321
Net flux,T_GLY-m net,GLY.p <-> GLY.m,18.358970407251,3554.85820725556
Exch flux,T_GLY-m exch,GLY.p <-> GLY.m,69576.5707149891,2646.7843048304
Net flux,GDC.m,GLY.m + dummy -> myTHF.m + CO2,9.7249206267208,0.396862421523188
Net flux,T_SER-m net,SER.p <-> SER.m,-9.7249206267208,0.396862421523188
Exch flux,T_SER-m exch,SER.p <-> SER.m,177.899931029225,2496.39037541837
Net flux,mSHMT,GLY.m + myTHF.m -> SER.m,9.7249206267208,0.396862421523188
Net flux,T_SER-c net,SER.p <-> SER.c,1.06740717366278,0.548394083483422
Exch flux,T_SER-c exch,SER.p <-> SER.c,1.00000000280431e-07,8.90378896922033e-14
Net flux,T_Gly-c net,GLY.p <-> GLY.c,0.0234638725170675,3554.85815896819
Exch flux,T_Gly-c exch,GLY.p <-> GLY.c,0.00146073946801328,2588.85897400981
Net flux,cSHMT,SER.c -> GLY.c + meTHF.c,1.06740707366278,0.548394083491758
Net flux,FmTHF-reductase net,meTHF.c <-> FmTHF.c,1.06740707366278,0.548394083491758
Exch flux,FmTHF-reductase exch,meTHF.c <-> FmTHF.c,7.700222094542,2506.36521435452
Net flux,Met-synthase,FmTHF.c + Hcy.c -> Met.c,1.06740707366276,0.548394083491758
Net flux,SAM-synthase,Met.c -> SAM.c,1.06740707366277,0.548394083491758
Net flux,Methylation,SAM.c -> SAH.c + Acceptor.c,1.06740707366277,0.548394083491758
Net flux,hydrolysis,SAH.c -> Hcy.c,1.06740707366276,0.548394083491758
Net flux,G_SER.m,0*SER.m -> SER,3.0124657467212e-05,2583.22555031023
Net flux,G_SER.c,0*SER.c -> SER,1.58781950503339e-05,2439.50812276419
Net flux,G_Gly.m,0*GLY.m -> GLY,0.000128927108889343,2589.51280709412
Net flux,G_Gly.c,0*GLY.c -> GLY,0.0237550301406877,2532.93014308798
Net flux,T_GLY-c-m,GLY.c -> GLY.m,1.09087084617984,3554.85820126809
Net flux,G_Glyc,0*Glyc.p -> Glyc,19.3423376909512,1.170603748323
Net flux,G_Glyx,0*Glyx.p -> Glyx,16.7064421450386,2.05903166611874
Net flux,G_HPA,0*HPA.p -> HPA,7.89566477874246,1.35487073264536
Net flux,(1-G)_Glyc,0*Glyc.x -> Glyc,80.6576623090494,1.170603748323
Net flux,(1-G)_Glyx,0*Glyx.x -> Glyx,83.2935578549622,2.05903166611874
Net flux,(1-G)_HPA,0*HPA.x -> HPA,92.1043352212574,1.35487073264536
Net flux,GlycSink,Glyc -> Sink,100.000000000001,0
Net flux,GlyxSink,Glyx -> Sink,100.000000000001,0
Net flux,HPASink,HPA -> Sink,99.9999999999998,0
Net flux,SERex,dummySER -> outSER,5.47480463570199,0.558490495818052
Net flux,G_PYR,0*PYR.c -> PYR,35.5569592882999,2.03744197922107
Net flux,(1-G)_PYR,0*PYR.x -> PYR,64.4430407117003,2.03744197922107
Net flux,PYRSink,PYR -> Sink,100,0
Net flux,G_meTHF,0*meTHF.c -> meTHF,99.9971026263859,2516.37165154894
Net flux,G_FmTHF,0*FmTHF.c -> FmTHF,79.5248591470751,2.89696638918169
Net flux,G_Met,0*Met.c -> Met,62.9907458703097,3.89650309310487
Net flux,G_SAM,0*SAM.c -> SAM,64.7007694131639,3.49504882310866
Net flux,(1-G)_meTHF,0*meTHF.x -> meTHF,0.00289737361411824,2516.37165154894
Net flux,(1-G)_FmTHF,0*FmTHF.x -> FmTHF,20.4751408529249,2.89696638918169
Net flux,(1-G)_Met,0*Met.x -> Met,37.0092541296903,3.89650309310487
Net flux,(1-G)_SAM,0*SAM.x -> SAM,35.2992305868362,3.49504882310866
Net flux,meTHFSink,meTHF -> Sink,99.9999999999999,0
Net flux,FmTHFSink,FmTHF -> Sink,100,0
Net flux,MetSink,Met -> Sink,100,0
Net flux,SAMsink,SAM -> Sink,100,0
Net flux,Met-protein,Met.c -> Protein,6.51983996113883e-15,0
Net flux,GLY-protein,GLY.c -> Protein,1.00000038472103e-07,1.39273788027778e-13
Net flux,SER-protein,SER.c -> Protein,9.99999993922529e-08,1.4794273234643e-14
Pool,2PG pool,,0,0
Pool,2PG.p pool,,3.80718627608848e-06,2633.03677600113
Pool,2PG.x pool,,1,Inf
Pool,3PGA pool,,0,0
Pool,3PGA.c pool,,1.53729971141195e-05,2688.77092957856
Pool,3PGA.p pool,,4.07183323476617e-06,2539.0475084858
Pool,3PGA.x pool,,1,Inf
Pool,ACA pool,,2.6289243857067e-06,2494.32542220819
Pool,ADPG pool,,0,0
Pool,ADPG.p pool,,9.9999999999999e-08,Inf
Pool,ADPG.x pool,,1,Inf
Pool,AKG pool,,2.56580528661804e-06,2641.88881174059
Pool,ALA pool,,0,0
Pool,ALA.c pool,,0.00426010280562789,0.00125938384761185
Pool,ALA.x pool,,1,Inf
Pool,ASN pool,,7566.00233549396,2504.16657441302
Pool,ASP pool,,1.5465192055701e-06,2668.90222559034
Pool,Acceptor.c pool,,1,Inf
Pool,CIT pool,,2.68036715329976,1.27265007045086
Pool,CO2 pool,,0.000385120909236177,2605.99391485534
Pool,CO2.t pool,,1,Inf
Pool,E4P.p pool,,0,0
Pool,EC2 pool,,0,0
Pool,F6P pool,,0,0
Pool,F6P.c pool,,3.82982710045599e-06,2628.35620808022
Pool,F6P.p pool,,4.01384872590584e-06,2736.72525837163
Pool,F6P.x pool,,1,Inf
Pool,FBP pool,,0,0
Pool,FBP.c pool,,3.82996342583924e-06,2685.34710274339
Pool,FBP.p pool,,3.90184739138176e-06,2729.71919687197
Pool,FBP.x pool,,1,Inf
Pool,FmTHF pool,,0.0107228839145218,2517.93404154427
Pool,FmTHF.c pool,,1.09799552293708e-06,2647.38231203292
Pool,FmTHF.x pool,,1,Inf
Pool,G6P pool,,0,0
Pool,G6P.c pool,,9.87562834740696e-06,2574.64829601947
Pool,G6P.p pool,,3.87330307779227e-06,2718.7255662207
Pool,G6P.x pool,,1,Inf
Pool,GA pool,,0,0
Pool,GA.p pool,,3.97900221006005e-06,2560.71197922273
Pool,GA.x pool,,1,Inf
Pool,GLN pool,,8.83867754987776,2665.57652919644
Pool,GLU pool,,2.56580429815896e-06,2551.85619151324
Pool,GLY pool,,0,0
Pool,GLY.c pool,,0.169836770774042,0.195248161582894
Pool,GLY.m pool,,0.936296816872187,0.0980986474859491
Pool,GLY.p pool,,0.00042573075777848,2583.407859499
Pool,GLY.x pool,,1,Inf
Pool,Glyc pool,,4.43172745078563,1.17334394777752
Pool,Glyc.p pool,,2.24908621668857e-05,2606.73572495251
Pool,Glyc.x pool,,1,Inf
Pool,Glyx pool,,19.2401124124857,5.75630356122798
Pool,Glyx.p pool,,3.53639968653163e-05,2691.6764420907
Pool,Glyx.x pool,,1,Inf
Pool,HPA pool,,0.00017782874093761,2559.45498835943
Pool,HPA.p pool,,3.01042991134772e-06,2538.7278495933
Pool,HPA.x pool,,1,Inf
Pool,Hcy.c pool,,1,Inf
Pool,ICI pool,,0.00368693945574813,2632.07681452766
Pool,MAL pool,,0.146312215024798,0.232017516777934
Pool,Met pool,,0.000942414260292291,2508.02212670468
Pool,Met.c pool,,1.09294927301556e-06,2576.55329509187
Pool,Met.x pool,,1,Inf
Pool,OAA pool,,0.0804385273880079,0.0253541416227887
Pool,P5P pool,,0,0
Pool,PEP pool,,0,0
Pool,PEP.c pool,,5.3934973091561e-06,2571.95591172004
Pool,PEP.x pool,,1,Inf
Pool,PRO pool,,5.39499638370528,2581.9740638813
Pool,PYR pool,,0.00418139178122106,2529.88670091317
Pool,PYR.c pool,,0.00803285862057656,0.00193775344107258
Pool,PYR.x pool,,1,Inf
Pool,Protein pool,,1,Inf
Pool,R5P pool,,0,0
Pool,R5P.p pool,,4.19133426479558e-05,2571.81046256403
Pool,R5P.x pool,,1,Inf
Pool,RU5P.p pool,,3.90057883152336e-06,2542.80334297834
Pool,RU5P.x pool,,1,Inf
Pool,RUBP pool,,0,0
Pool,RUBP.p pool,,3.9227505933819e-06,2658.95333966935
Pool,RUBP.x pool,,1,Inf
Pool,S6P pool,,1,Inf
Pool,S7P pool,,0,0
Pool,S7P.p pool,,4.16280002236491e-06,2623.33028838414
Pool,S7P.x pool,,1,Inf
Pool,SAH.c pool,,1,Inf
Pool,SAM pool,,2.86073454862192,1.11378768709144
Pool,SAM.c pool,,2.58458280334027e-06,2620.39245264634
Pool,SAM.x pool,,1,Inf
Pool,SBP pool,,0,0
Pool,SER pool,,0,0
Pool,SER.c pool,,1.00000000002876e-07,0
Pool,SER.m pool,,0.865566545386948,0.08940219970211
Pool,SER.p pool,,0.000760224894739791,2601.04453514324
Pool,SER.x pool,,1,Inf
Pool,Sink pool,,1,Inf
Pool,Starch pool,,1,Inf
Pool,THR pool,,3791.90176774829,2687.52954271442
Pool,TP pool,,0,0
Pool,TP.c pool,,4.18781786389036e-06,2594.39546082308
Pool,TP.p pool,,4.24269354305845e-06,2535.16035451985
Pool,TP.x pool,,1,Inf
Pool,UDPG pool,,0,0
Pool,UDPG.c pool,,0.585179394062492,0.373162470497326
Pool,UDPG.x pool,,1,Inf
Pool,X5P.p pool,,4.01478511335136e-06,2620.79658646381
Pool,dummy pool,,1,Inf
Pool,dummyGLY pool,,1,Inf
Pool,dummySER pool,,1,Inf
Pool,meTHF pool,,1.25841585777169,0.94692494963651
Pool,meTHF.c pool,,1.09975471640368e-06,2714.52517751337
Pool,meTHF.x pool,,1,Inf
Pool,myTHF.m pool,,1.00000000002876e-07,0
Pool,outSER pool,,1,Inf
Norm,Experiment1 Glyc205 #1 norm,,0.985297993937822,0.0127696059981296
Norm,Experiment1 Glyc205 #2 norm,,0.974008262293426,0.023916654021032
Norm,Experiment1 Glyc205 #3 norm,,0.990778387845683,0.0214632561661641
Norm,Experiment1 Glyc205 #4 norm,,0.992404254331853,0.0311580105465257
Norm,Experiment1 Glyc205 #5 norm,,1.01000888457186,0.0338327962818233
Norm,Experiment1 Glyc205 #6 norm,,1.01916135198518,0.028261566100937
Norm,Experiment1 Glyc205 #7 norm,,0.962851609628448,0.0344497483407917
Norm,Experiment1 Glyc205 #8 norm,,0.971767042295723,0.0290863241567376
Norm,Experiment1 Glyx160 #1 norm,,0.988616990628348,0.0109722208000648
Norm,Experiment1 Glyx160 #2 norm,,0.984597267478906,0.0133618176098209
Norm,Experiment1 Glyx160 #3 norm,,0.972828102289638,0.0168493683012078
Norm,Experiment1 Glyx160 #4 norm,,1.01140118257145,0.0149403610434556
Norm,Experiment1 Glyx160 #5 norm,,0.982278013841019,0.0355069470844445
Norm,Experiment1 Glyx160 #6 norm,,1.00946259378252,0.0199803391551304
Norm,Experiment1 Glyx160 #7 norm,,0.964873190806677,0.0376954435766401
Norm,Experiment1 Glyx160 #8 norm,,0.996202485752039,0.038130892057423
Norm,Experiment1 GLY276 #1 norm,,1.02546345727521,0.0104326308912914
Norm,Experiment1 GLY276 #2 norm,,1.00499524684949,0.0205860314494965
Norm,Experiment1 GLY276 #3 norm,,0.992078842646896,0.039299408055758
Norm,Experiment1 GLY276 #4 norm,,1.0169382834944,0.060179417191719
Norm,Experiment1 GLY276 #5 norm,,0.998165083277986,0.123131636874827
Norm,Experiment1 GLY276 #6 norm,,0.890830599569167,0.0933571325110878
Norm,Experiment1 GLY276 #7 norm,,1.02613342942338,0.0789177248116114
Norm,Experiment1 GLY276 #8 norm,,1.00882371971606,0.0719177653191856
Norm,Experiment1 HPA262 #1 norm,,1.00043697418159,0.0107077336750026
Norm,Experiment1 HPA262 #2 norm,,0.99267535662301,0.0286999652638383
Norm,Experiment1 HPA262 #3 norm,,0.960670240200499,0.0129587725922987
Norm,Experiment1 HPA262 #4 norm,,0.935013164822955,0.0323033541632343
Norm,Experiment1 HPA262 #5 norm,,0.867867661398078,0.0218836443947883
Norm,Experiment1 HPA262 #6 norm,,1.00606237498351,0.0353856551189351
Norm,Experiment1 HPA262 #7 norm,,0.956009448450064,0.0245325148792107
Norm,Experiment1 HPA262 #8 norm,,1.04233370415584,0.0241284249108764
Norm,Experiment1 GA307 #1 norm,,1.02519345233852,0.012686963288998
Norm,Experiment1 GA307 #2 norm,,1.00481351768892,0.0308018558296636
Norm,Experiment1 GA307 #3 norm,,0.946661740687443,0.0289261720352277
Norm,Experiment1 GA307 #4 norm,,0.951785191894929,0.0184862273551669
Norm,Experiment1 GA307 #5 norm,,1.01804161826549,0.0600353884912849
Norm,Experiment1 GA307 #6 norm,,1.0373773680399,0.0414879441114197
Norm,Experiment1 GA307 #7 norm,,1.00638906399943,0.0444484943933989
Norm,Experiment1 GA307 #8 norm,,0.99389021789584,0.0378127320248106
Norm,Experiment1 SER306 #1 norm,,0.974225665974282,0.0140599853994622
Norm,Experiment1 SER306 #2 norm,,1.01588113025674,0.0151207502834332
Norm,Experiment1 SER306 #3 norm,,0.953561334086183,0.040352104450945
Norm,Experiment1 SER306 #4 norm,,1.01817200268428,0.0455801837590076
Norm,Experiment1 SER306 #5 norm,,0.883777691315472,0.0824541141340975
Norm,Experiment1 SER306 #6 norm,,0.90030528065282,0.0731474443435181
Norm,Experiment1 SER306 #7 norm,,1.00654291950608,0.043967645212384
Norm,Experiment1 SER306 #8 norm,,1.01587096070619,0.0552282943510235
Norm,Experiment1 meTHF #1 norm,,0.993721068596031,0.00992936137544308
Norm,Experiment1 meTHF #2 norm,,1.01393474050297,0.0101272100269636
Norm,Experiment1 meTHF #3 norm,,1.01878675760493,0.06545944452046
Norm,Experiment1 meTHF #4 norm,,0.967880201826478,0.0516315241353554
Norm,Experiment1 meTHF #5 norm,,1.00647017081901,0.0937216725894017
Norm,Experiment1 meTHF #6 norm,,0.990810911151642,0.116274095756027
Norm,Experiment1 meTHF #7 norm,,1.00835170515004,0.0570180684185128
Norm,Experiment1 meTHF #8 norm,,0.985177856689698,0.0830070607479488
Norm,Experiment1 FmTHF #1 norm,,0.974980930569348,0.0097563843107099
Norm,Experiment1 FmTHF #2 norm,,0.978800180226054,0.0225742171795806
Norm,Experiment1 FmTHF #3 norm,,0.998542854506241,0.0306646130599593
Norm,Experiment1 FmTHF #4 norm,,1.01549617688809,0.0245626717309814
Norm,Experiment1 FmTHF #5 norm,,0.955699615883745,0.0608384778326222
Norm,Experiment1 FmTHF #6 norm,,0.99968300885983,0.0649427138547877
Norm,Experiment1 FmTHF #7 norm,,0.983295885646159,0.0535996073356665
Norm,Experiment1 FmTHF #8 norm,,1.08065424473328,0.102074053240124
Norm,Experiment1 Met176 #1 norm,,0.996250609295162,0.0255818688848837
Norm,Experiment1 Met176 #2 norm,,0.857131819590257,0.0298958277347052
Norm,Experiment1 Met176 #3 norm,,0.945938787071504,0.0578261180272792
Norm,Experiment1 Met176 #4 norm,,0.911550430518718,0.0349399690812512
Norm,Experiment1 Met176 #5 norm,,0.979628683938338,0.0738741288427178
Norm,Experiment1 Met176 #6 norm,,1.02222746456999,0.130115140074626
Norm,Experiment1 Met176 #7 norm,,1.0011320325202,0.0941532236122515
Norm,Experiment1 Met176 #8 norm,,1.00166234635352,0.107222739289895
Norm,Experiment1 SAM #1 norm,,1.00762714640455,0.0118434480779091
Norm,Experiment1 SAM #2 norm,,0.975767377360023,0.0119533396987704
Norm,Experiment1 SAM #3 norm,,0.998762878499115,0.0140457230664499
Norm,Experiment1 SAM #4 norm,,1.01744093687579,0.0233620811736514
Norm,Experiment1 SAM #5 norm,,0.982138671546522,0.0366916838827251
Norm,Experiment1 SAM #6 norm,,1.01290829649095,0.0608702338608353
Norm,Experiment1 SAM #7 norm,,1.00065648533962,0.0888517555722517
Norm,Experiment1 SAM #8 norm,,0.997467180716615,0.0779432432181964
Norm,Experiment1 CIT465 #1 norm,,1.03147114929524,0.0124476619289469
Norm,Experiment1 CIT465 #2 norm,,0.974516386139973,0.0131641573222161
Norm,Experiment1 CIT465 #3 norm,,0.999441483185083,0.0115559177480944
Norm,Experiment1 CIT465 #4 norm,,0.968425297018615,0.0163731280310788
Norm,Experiment1 CIT465 #5 norm,,0.96569696644113,0.0131508834870504
Norm,Experiment1 CIT465 #6 norm,,0.983108556650794,0.0127527278816785
Norm,Experiment1 CIT465 #7 norm,,1.05070281453868,0.0145584012278774
Norm,Experiment1 CIT465 #8 norm,,1.00771903804818,0.0194828116878014
Norm,Experiment1 MAL335 #1 norm,,1.00644587556867,0.0126157377063241
Norm,Experiment1 MAL335 #2 norm,,0.975335405367999,0.0108623848783375
Norm,Experiment1 MAL335 #3 norm,,0.954927880807449,0.0100206265517383
Norm,Experiment1 MAL335 #4 norm,,0.967881308613478,0.0140353574096585
Norm,Experiment1 MAL335 #5 norm,,0.988309463876523,0.0142782174125078
Norm,Experiment1 MAL335 #6 norm,,0.969258255011011,0.0134606978789794
Norm,Experiment1 MAL335 #7 norm,,0.961500967292258,0.0201002983432309
Norm,Experiment1 MAL335 #8 norm,,0.98174139113506,0.0378830712598876
Norm,Experiment1 ASP334 #1 norm,,0.967874772319968,0.0223888374336041
Norm,Experiment1 ASP334 #2 norm,,0.952587612154441,0.0301942516409493
Norm,Experiment1 ASP334 #3 norm,,0.986612220914451,0.0208054746136385
Norm,Experiment1 ASP334 #4 norm,,0.983283550784847,0.0181258360975547
Norm,Experiment1 ASP334 #5 norm,,0.959099396833709,0.030577922982477
Norm,Experiment1 ASP334 #6 norm,,1.01600721893247,0.0327097467119664
Norm,Experiment1 ASP334 #7 norm,,0.966054865338464,0.0312236846211376
Norm,Experiment1 ASP334 #8 norm,,0.964363283331269,0.0893403141676976
Norm,Experiment1 GLU348 #1 norm,,1.01020503621084,0.0212660264908811
Norm,Experiment1 GLU348 #2 norm,,0.95484405136343,0.0192505910452664
Norm,Experiment1 GLU348 #3 norm,,1.01518923203407,0.0115783721794038
Norm,Experiment1 GLU348 #4 norm,,0.941632022788165,0.0326571734109616
Norm,Experiment1 GLU348 #5 norm,,0.946979404492895,0.0220207207860671
Norm,Experiment1 GLU348 #6 norm,,0.966614593657939,0.0125942555370924
Norm,Experiment1 GLU348 #7 norm,,1.00360921282669,0.0157693952430303
Norm,Experiment1 GLU348 #8 norm,,0.942383122033516,0.0210636560190447
Norm,Experiment1 THR320 #1 norm,,1.02303512824674,0.0105675558930758
Norm,Experiment1 THR320 #2 norm,,1.01251315868809,0.0146090150887372
Norm,Experiment1 THR320 #3 norm,,1.00745990211607,0.0106661882945128
Norm,Experiment1 THR320 #4 norm,,0.969804711051208,0.028476326700188
Norm,Experiment1 THR320 #5 norm,,0.959609265047342,0.020181607686031
Norm,Experiment1 THR320 #6 norm,,0.971383780889592,0.0113351546585294
Norm,Experiment1 THR320 #7 norm,,0.939947722183389,0.013354585912478
Norm,Experiment1 THR320 #8 norm,,0.910175839643258,0.0248988459895577
Norm,Experiment1 ALA116 #1 norm,,1.00040061887256,0.0100678583199963
Norm,Experiment1 ALA116 #2 norm,,0.994150383445451,0.0101419923930918
Norm,Experiment1 ALA116 #3 norm,,0.989491477247749,0.017474437279749
Norm,Experiment1 ALA116 #4 norm,,1.04870444478071,0.0222388525461895
Norm,Experiment1 ALA116 #5 norm,,1.012351420274,0.12679900769947
Norm,Experiment1 ALA116 #6 norm,,0.983724723917196,0.0806155870497247
Norm,Experiment1 ALA116 #7 norm,,1.02780426594416,0.0695643738675262
Norm,Experiment1 ALA116 #8 norm,,0.953473055726192,0.107185140466586
Norm,Experiment1 PYR #1 norm,,0.983452981124789,0.016728432357451
Norm,Experiment1 PYR #2 norm,,1.0360921441188,0.0466158999595043
Norm,Experiment1 PYR #3 norm,,1.02493170322707,0.118007519073595
Norm,Experiment1 PYR #4 norm,,1.05448675727856,0.0455536176408555
Norm,Experiment1 PYR #5 norm,,1.01385057652251,0.051397692403983
Norm,Experiment1 PYR #6 norm,,1.04437128717952,0.0545779729365962
Norm,Experiment1 PYR #7 norm,,0.970897560437984,0.103817406290901
Norm,Experiment1 PYR #8 norm,,1.01043111372335,0.057269926652029
