type,id,eqn,val,std
Net flux,CO2.t,CO2.t -> CO2,46.8868673169583,1.11295423603407
Net flux,CO2_sink,dummy -> Sink,46.8868673169583,1.11295423603407
Net flux,RUBICSO_CO2,RUBP.p + CO2 -> 3PGA.p + 3PGA.p + dummy,57.1368445279463,1.24916825451957
Net flux,GAPDH.p net,3PGA.p <-> TP.p,135.536331156633,2.69052886229004
Exch flux,GAPDH.p exch,3PGA.p <-> TP.p,0.0389541310246244,0.386470122182887
Net flux,ALD,TP.p + E4P.p -> SBP,24.7379870515692,0.493750450216499
Net flux,SBP,SBP -> S7P.p,24.7379870515692,0.493750450216499
Net flux,FBA.p net,TP.p + TP.p <-> FBP.p,29.1029143025189,0.654672744382879
Exch flux,FBA.p exch,TP.p + TP.p <-> FBP.p,21502.0676233354,1464.31310800407
Net flux,PFK.p net,FBP.p <-> F6P.p,29.1029143025221,0.654672744382879
Exch flux,PFK.p exch,FBP.p <-> F6P.p,1.00003589409425e-07,7.17415090021448e-13
Net flux,TK1 net,TP.p + EC2 <-> X5P.p,49.4759741031384,0.987500900432999
Exch flux,TK1 exch,TP.p + EC2 <-> X5P.p,1.0000000116861e-07,0
Net flux,TK2 net,S7P.p <-> R5P.p + EC2,24.7379870515692,0.493750450216499
Exch flux,TK2 exch,S7P.p <-> R5P.p + EC2,38.002368742358,3493.6722815895
Net flux,TK3 net,F6P.p <-> E4P.p + EC2,24.7379870515688,0.493750450216499
Exch flux,TK3 exch,F6P.p <-> E4P.p + EC2,7710.37639422266,4194.33304516027
Net flux,PPE net,X5P.p <-> RU5P.p,49.4759741031383,0.987500900432999
Exch flux,PPE exch,X5P.p <-> RU5P.p,76.0489133864951,3753.72729748818
Net flux,PPI net,R5P.p <-> RU5P.p,24.7379870515693,0.493750450216499
Exch flux,PPI exch,R5P.p <-> RU5P.p,239.99438106878,1864.87020720937
Net flux,PRK,RU5P.p -> RUBP.p,74.2139611547077,1.48125135065796
Net flux,RUBISCO_O2,RUBP.p -> 3PGA.p + 2PG.p,17.0771166267614,0.595127088169019
Net flux,GLYdil net,GLY.p <-> GLY.x + dummyGLY,0.00793938920856618,0.00113136416970752
Exch flux,GLYdil exch,GLY.p <-> GLY.x + dummyGLY,1.0000000116861e-07,0
Net flux,SERdil net,SER.p <-> SER.x + dummySER,0.0271476734744098,0.00386853335888386
Exch flux,SERdil exch,SER.p <-> SER.x + dummySER,0.900004876821676,0.442062494167377
Net flux,GK,GA.p -> 3PGA.p,4.51777995230073,0.762560185059441
Net flux,PGI.p net,F6P.p <-> G6P.p,4.36492725095262,0.368556312441814
Exch flux,PGI.p exch,F6P.p <-> G6P.p,3.2772474455083,3526.2037470276
Net flux,PGM.p,G6P.p -> ADPG.p,4.36492725095263,0.368556312441814
Net flux,Starch,ADPG.p -> Starch,4.36492725095261,0.368556312441814
Net flux,FBA.c net,TP.c + TP.c <-> FBP.c,1.55827069844237,0.222053811673269
Exch flux,FBA.c exch,TP.c + TP.c <-> FBP.c,20.8426944258391,2099.09266053199
Net flux,PFK.c net,FBP.c <-> F6P.c,1.55827069844238,0.222053811673269
Exch flux,PFK.c exch,FBP.c <-> F6P.c,5.49668865334537,4311.5023827134
Net flux,PGI.c net,F6P.c <-> G6P.c,0.779135349221207,0.111026905836635
Exch flux,PGI.c exch,F6P.c <-> G6P.c,226.89261467507,3478.78307075428
Net flux,PGM.c net,G6P.c <-> UDPG.c,0.779135349221178,0.111026905836635
Exch flux,PGM.c exch,G6P.c <-> UDPG.c,48481.2984738382,3762.99540901754
Net flux,SPS,F6P.c + UDPG.c -> S6P,0.779135349221153,0.111026905836635
Net flux,PGAM.c net,3PGA.c <-> PEP.c,0.332254478320732,0.0473463137702485
Exch flux,PGAM.c exch,3PGA.c <-> PEP.c,3.47825947967553,675.858817452516
Net flux,PK.c,PEP.c -> PYR.c,0.150817229548842,0.0214914781680557
Net flux,PDH,PYR.c + dummy -> ACA + CO2,0.125518704759275,0.0178864345484435
Net flux,CS,OAA + ACA -> CIT,0.125518704759271,0.0178864345484435
Net flux,ACO net,CIT <-> ICI,0.125518704759315,0.0178864345484435
Exch flux,ACO exch,CIT <-> ICI,1231.53099446687,3793.27735337606
Net flux,IDH,ICI + dummy -> AKG + CO2,0.125518704759287,0.0178864345484435
Net flux,MDH net,MAL <-> OAA,2.1316282072803e-14,0
Exch flux,MDH exch,MAL <-> OAA,0.345267849205925,0.0856431584495671
Net flux,PPC,PEP.c + CO2 -> OAA + dummy,0.181437248772773,0.0258548355750211
Net flux,T_3PGA net,3PGA.p <-> 3PGA.c,0.332254478320714,0.0473463137702485
Exch flux,T_3PGA exch,3PGA.p <-> 3PGA.c,1.0000000116861e-07,0
Net flux,T_DHAP net,TP.p <-> TP.c,3.11654139688478,0.444107623346539
Exch flux,T_DHAP exch,TP.p <-> TP.c,9.99999998363421e-08,0
Net flux,ALT,PYR.c -> ALA.c,0.0252985247891939,0.0036050436384439
Net flux,ASPT,OAA -> ASP,0.0559185440135959,0.0079684010412614
Net flux,GLUDH,AKG -> GLU,0.125518704759264,0.0178864345484435
Net flux,PCR net,GLU <-> PRO,-2.48689957516035e-14,0
Exch flux,PCR exch,GLU <-> PRO,1.0000000116861e-07,0
Net flux,GS net,GLU <-> GLN,0,0
Exch flux,GS exch,GLU <-> GLN,1.00044218243056e-07,0
Net flux,TS net,ASP <-> THR,0,0
Exch flux,TS exch,ASP <-> THR,1.0000000116861e-07,0
Net flux,AS net,ASP <-> ASN,1.06581410364015e-14,0
Exch flux,AS exch,ASP <-> ASN,1.0000000116861e-07,0
Net flux,G_3PGA.p,0*3PGA.p -> 3PGA,2.46866295583459e-06,4917.58152753792
Net flux,G_3PGA.c,0*3PGA.c -> 3PGA,92.9119081389009,3337.5800172373
Net flux,G_DHAP.p,0*TP.p -> TP,40.685379842242,4950.18022999796
Net flux,G_DHAP.c,0*TP.c -> TP,51.8471856996947,3247.90102282836
Net flux,G_F6P.p,0*F6P.p -> F6P,48.6686345030749,4898.14640754181
Net flux,G_F6P.c,0*F6P.c -> F6P,36.546576817712,3415.12246059352
Net flux,G_FBP.p,0*FBP.p -> FBP,2.46866129316459e-06,5054.93358080323
Net flux,G_FBP.c,0*FBP.c -> FBP,83.4512310455364,3634.84985150498
Net flux,G_G6P.p,0*G6P.p -> G6P,19.0549768397257,5060.42001388636
Net flux,G_G6P.c,0*G6P.c -> G6P,58.8549499993083,3362.99311326836
Net flux,G_RU5P.p,0*RU5P.p -> P5P,2.46865370456817e-06,5298.27455758683
Net flux,G_X5P.p,0*X5P.p -> P5P,92.8477691502728,3736.93204895615
Net flux,G_R5P.p,0*R5P.p -> R5P,82.2810779884949,3744.77883416124
Net flux,G_GA.p,0*GA.p -> GA,36.9267625451308,1.67003057380771
Net flux,G_SER.p,0*SER.p -> SER,95.1794673725725,3529.88020541533
Net flux,G_GLY.p,0*GLY.p -> GLY,1.00000008274037e-07,2.751779341954e-14
Net flux,G_RUBP.p,0*RUBP.p -> RUBP,92.5302752673063,3712.31522840758
Net flux,G_S7P.p,0*S7P.p -> S7P,98.4567310636212,3348.31053786716
Net flux,G_2PG.p,0*2PG.p -> 2PG,87.0427532706349,3584.16161570726
Net flux,G_ADPG.p,0*ADPG.p -> ADPG,95.0805622183377,3729.65765953498
Net flux,G_PEP.c,0*PEP.c -> PEP,89.2305410445615,3522.22860080904
Net flux,G_UDPG.c,0*UDPG.c -> UDPG,72.4268033045549,3687.21136035533
Net flux,G_ALA.c,0*ALA.c -> ALA,72.1900168335342,6.33499320227344
Net flux,(1-G)_GA,0*GA.x -> GA,63.0732374548713,1.67003057380771
Net flux,(1-G)_SER,0*SER.x -> SER,4.82053242255776,2.58963118548678
Net flux,(1-G)_GLY,0*GLY.x -> GLY,30.7895757710376,3.20971241135384
Net flux,(1-G)_R5P,0*R5P.x -> R5P,17.718922011502,3744.77883416124
Net flux,(1-G)_RUBP,0*RUBP.x -> RUBP,7.46972473269241,3712.31522840758
Net flux,(1-G)_3PGA,0*3PGA.x -> 3PGA,7.08808939243649,3814.49751548737
Net flux,(1-G)_TP,0*TP.x -> TP,7.46743445806383,3628.87520776393
Net flux,(1-G)_F6P,0*F6P.x -> F6P,14.7847886792169,3443.99814302449
Net flux,(1-G)_FBP,0*FBP.x -> FBP,16.5487664857969,3469.24197469944
Net flux,(1-G)_G6P,0*G6P.x -> G6P,22.0900731609643,3729.34298393756
Net flux,(1-G)_RU5P,0*RU5P.x -> P5P,7.15222838107496,3562.21490627837
Net flux,(1-G)_S7P,0*S7P.x -> S7P,1.54326893637677,3348.31053786716
Net flux,(1-G)_2PG,0*2PG.x -> 2PG,12.9572467293675,3584.16161570726
Net flux,(1-G)_ADPG,0*ADPG.x -> ADPG,4.91943778166132,3729.65765953498
Net flux,(1-G)_PEP,0*PEP.x -> PEP,10.7694589554367,3522.22860080904
Net flux,(1-G)_UDPG,0*UDPG.x -> UDPG,27.5731966954463,3687.21136035533
Net flux,(1-G)_ALA,0*ALA.x -> ALA,27.8099831664656,6.33499320227344
Net flux,PGASink,3PGA -> Sink,100,0
Net flux,DHAPSink,TP -> Sink,100.000000000001,0
Net flux,F6PSink,F6P -> Sink,100.000000000004,0
Net flux,FBPSink,FBP -> Sink,99.9999999999947,0
Net flux,G6PSink,G6P -> Sink,99.9999999999983,0
Net flux,P5PSink,P5P -> Sink,100.000000000001,0
Net flux,R5PSink,R5P -> Sink,99.9999999999968,0
Net flux,GASink,GA -> Sink,100.000000000002,0
Net flux,SERSink,SER -> Sink,99.9999999999996,0
Net flux,GLYSink,GLY -> Sink,100.000000000001,0
Net flux,RUBPSink,RUBP -> Sink,99.9999999999987,0
Net flux,S7PSink,S7P -> Sink,99.9999999999979,0
Net flux,2PGSink,2PG -> Sink,100.000000000002,0
Net flux,ADPGSink,ADPG -> Sink,99.999999999999,0
Net flux,PEPSink,PEP -> Sink,99.9999999999983,0
Net flux,UDPGSink,UDPG -> Sink,100.000000000001,0
Net flux,ALASink,ALA -> Sink,99.9999999999998,0
Net flux,S6Pout-LL,S6P + 0.1611*GLU + 0.07177*ASP + 0.03247*ALA.c + 0.01019*dummyGLY + 0.03484*dummySER -> Sink,0.779135349221189,0.111026905836635
Net flux,PGP.p,2PG.p -> Glyc.p,17.0771166267614,0.595127088169019
Net flux,GOX,Glyc.p -> Glyx.p,17.0771166267615,0.595127088169019
Net flux,GGT,Glyx.p -> GLY.p,17.0771166267615,0.595127088169019
Net flux,SGAT,SER.p -> HPA.p,4.51777995230071,0.762560185059441
Net flux,HPR.p,HPA.p -> GA.p,4.51777995230071,0.762560185059441
Net flux,T_GLY-m net,GLY.p <-> GLY.m,14.4845099512604,3640.77808790583
Exch flux,T_GLY-m exch,GLY.p <-> GLY.m,100505.074845819,3596.98945140583
Net flux,GDC.m,GLY.m + dummy -> myTHF.m + CO2,10.1803770502421,0.620652246297822
Net flux,T_SER-m net,SER.p <-> SER.m,-10.1803770502421,0.620652246297822
Exch flux,T_SER-m exch,SER.p <-> SER.m,1.00000005165413e-07,12.2267463633595
Net flux,mSHMT,GLY.m + myTHF.m -> SER.m,10.1803770502421,0.620652246297822
Net flux,T_SER-c net,SER.p <-> SER.c,5.63544942446698,1.16312813219846
Exch flux,T_SER-c exch,SER.p <-> SER.c,1.00000000280431e-07,9.68427778015916e-13
Net flux,T_Gly-c net,GLY.p <-> GLY.c,2.58466728629087,3640.77803862666
Exch flux,T_Gly-c exch,GLY.p <-> GLY.c,0.000926325722598431,3640.77758501956
Net flux,cSHMT,SER.c -> GLY.c + meTHF.c,5.63544932446698,1.16312813222316
Net flux,FmTHF-reductase net,meTHF.c <-> FmTHF.c,5.63544932446698,1.16312813222316
Exch flux,FmTHF-reductase exch,meTHF.c <-> FmTHF.c,4.15716105369219,3376.53207510038
Net flux,Met-synthase,FmTHF.c + Hcy.c -> Met.c,5.63544932446696,1.16312813222316
Net flux,SAM-synthase,Met.c -> SAM.c,5.63544932446697,1.16312813222316
Net flux,Methylation,SAM.c -> SAH.c + Acceptor.c,5.63544932446697,1.16312813222316
Net flux,hydrolysis,SAH.c -> Hcy.c,5.63544932446696,1.16312813222316
Net flux,G_SER.m,0*SER.m -> SER,1.0000000116861e-07,0
Net flux,G_SER.c,0*SER.c -> SER,1.0486938606391e-07,3529.87925549719
Net flux,G_Gly.m,0*GLY.m -> GLY,1.0000000116861e-07,6.55055095002845e-14
Net flux,G_Gly.c,0*GLY.c -> GLY,69.2104240289636,3.20971241135384
Net flux,T_GLY-c-m,GLY.c -> GLY.m,5.87624414922225,3640.77842066274
Net flux,G_Glyc,0*Glyc.p -> Glyc,21.5755353169382,1.09368338088302
Net flux,G_Glyx,0*Glyx.p -> Glyx,18.054584728648,2.4611261969668
Net flux,G_HPA,0*HPA.p -> HPA,7.23489797671869,1.30019476345969
Net flux,(1-G)_Glyc,0*Glyc.x -> Glyc,78.4244646830624,1.09368338088302
Net flux,(1-G)_Glyx,0*Glyx.x -> Glyx,81.9454152713528,2.4611261969668
Net flux,(1-G)_HPA,0*HPA.x -> HPA,92.7651020232812,1.30019476345969
Net flux,GlycSink,Glyc -> Sink,100.000000000001,0
Net flux,GlyxSink,Glyx -> Sink,100.000000000001,0
Net flux,HPASink,HPA -> Sink,99.9999999999998,0
Net flux,SERex,dummySER -> outSER,9.99989673289292e-08,1.8431602265417e-12
Net flux,G_PYR,0*PYR.c -> PYR,31.5767486703784,1.68782631075401
Net flux,(1-G)_PYR,0*PYR.x -> PYR,68.4232513296218,1.68782631075401
Net flux,PYRSink,PYR -> Sink,100,0
Net flux,G_meTHF,0*meTHF.c -> meTHF,99.9999999,0
Net flux,G_FmTHF,0*FmTHF.c -> FmTHF,77.084952864077,3.35424482234991
Net flux,G_Met,0*Met.c -> Met,55.5609604660929,3.83340068986726
Net flux,G_SAM,0*SAM.c -> SAM,63.2542143532083,4.15137114997343
Net flux,(1-G)_meTHF,0*meTHF.x -> meTHF,1.0000000116861e-07,0
Net flux,(1-G)_FmTHF,0*FmTHF.x -> FmTHF,22.9150471359231,3.35424482234991
Net flux,(1-G)_Met,0*Met.x -> Met,44.4390395339071,3.83340068986726
Net flux,(1-G)_SAM,0*SAM.x -> SAM,36.7457856467917,4.15137114997343
Net flux,meTHFSink,meTHF -> Sink,99.9999999999999,0
Net flux,FmTHFSink,FmTHF -> Sink,100,0
Net flux,MetSink,Met -> Sink,100,0
Net flux,SAMsink,SAM -> Sink,100,0
Net flux,Met-protein,Met.c -> Protein,6.51983996113883e-15,0
Net flux,GLY-protein,GLY.c -> Protein,2.34387246153563,0.697136901643846
Net flux,SER-protein,SER.c -> Protein,9.99999993922529e-08,2.0166944012294e-12
Pool,2PG pool,,0,0
Pool,2PG.p pool,,3.35890082924722e-06,3706.55867181972
Pool,2PG.x pool,,1,Inf
Pool,3PGA pool,,0,0
Pool,3PGA.c pool,,0.0124697451138374,0.00350877033382399
Pool,3PGA.p pool,,3.64399629199176e-06,3569.58272382297
Pool,3PGA.x pool,,1,Inf
Pool,ACA pool,,1.58979335021039e-06,3782.60603113418
Pool,ADPG pool,,0,0
Pool,ADPG.p pool,,9.9999999999999e-08,Inf
Pool,ADPG.x pool,,1,Inf
Pool,AKG pool,,1.70791497657596e-06,3720.66860096771
Pool,ALA pool,,0,0
Pool,ALA.c pool,,0.0065143930154153,0.00180038992167105
Pool,ALA.x pool,,1,Inf
Pool,ASN pool,,7566.06819373685,3925.56507788307
Pool,ASP pool,,1.00000000000002e-07,0
Pool,Acceptor.c pool,,1,Inf
Pool,CIT pool,,4.16114460643774,2.15488134758573
Pool,CO2 pool,,0.480925338405243,0.101339391437951
Pool,CO2.t pool,,1,Inf
Pool,E4P.p pool,,0,0
Pool,EC2 pool,,0,0
Pool,F6P pool,,0,0
Pool,F6P.c pool,,3.82984520356258e-06,3489.71329876984
Pool,F6P.p pool,,3.38618773066165e-06,3575.03602396413
Pool,F6P.x pool,,1,Inf
Pool,FBP pool,,0,0
Pool,FBP.c pool,,3.82981087493174e-06,3675.09296745365
Pool,FBP.p pool,,3.18409654331675e-06,3719.60036582942
Pool,FBP.x pool,,1,Inf
Pool,FmTHF pool,,1.41039252737918,0.714561667084385
Pool,FmTHF.c pool,,1.83246183674443e-06,3669.45302635798
Pool,FmTHF.x pool,,1,Inf
Pool,G6P pool,,0,0
Pool,G6P.c pool,,9.875779231139e-06,3763.69246058328
Pool,G6P.p pool,,3.59925554700442e-06,3704.01433357162
Pool,G6P.x pool,,1,Inf
Pool,GA pool,,0,0
Pool,GA.p pool,,3.37358114257817e-06,3545.02444069986
Pool,GA.x pool,,1,Inf
Pool,GLN pool,,8.83867754980977,3600.40048758123
Pool,GLU pool,,1.70792395217458e-06,3659.32175573262
Pool,GLY pool,,0,0
Pool,GLY.c pool,,0.0717802926167455,0.0767877062377195
Pool,GLY.m pool,,1e-07,0
Pool,GLY.p pool,,1.00000000000002e-07,0
Pool,GLY.x pool,,1,Inf
Pool,Glyc pool,,3.60907921067078,0.927829754007613
Pool,Glyc.p pool,,1.22798607549932e-05,3650.75399663221
Pool,Glyc.x pool,,1,Inf
Pool,Glyx pool,,23.7827670920447,7.74936598226428
Pool,Glyx.p pool,,1.75819691235713e-05,3817.58311231223
Pool,Glyx.x pool,,1,Inf
Pool,HPA pool,,0.00014135680141719,3706.4431469023
Pool,HPA.p pool,,2.44866705992013e-06,3730.11535721852
Pool,HPA.x pool,,1,Inf
Pool,Hcy.c pool,,1,Inf
Pool,ICI pool,,0.00360321182763393,3632.6978351404
Pool,MAL pool,,0.395147533173069,0.0918316084866962
Pool,Met pool,,8.69376865190731e-05,3677.03180282965
Pool,Met.c pool,,1.4938158860713e-06,3723.12994687188
Pool,Met.x pool,,1,Inf
Pool,OAA pool,,0.115752035693306,0.0251645263262266
Pool,P5P pool,,0,0
Pool,PEP pool,,0,0
Pool,PEP.c pool,,9.51594102397582e-06,3731.57232744658
Pool,PEP.x pool,,1,Inf
Pool,PRO pool,,5.39499638363735,3782.88597136621
Pool,PYR pool,,9.99999998363421e-08,0
Pool,PYR.c pool,,0.00139368727506613,0.0013528547212414
Pool,PYR.x pool,,1,Inf
Pool,Protein pool,,1,Inf
Pool,R5P pool,,0,0
Pool,R5P.p pool,,1.19892886892713e-05,3807.01942136757
Pool,R5P.x pool,,1,Inf
Pool,RU5P.p pool,,3.25041888084517e-06,3655.75309957739
Pool,RU5P.x pool,,1,Inf
Pool,RUBP pool,,0,0
Pool,RUBP.p pool,,3.25442477892609e-06,3718.51325654989
Pool,RUBP.x pool,,1,Inf
Pool,S6P pool,,1,Inf
Pool,S7P pool,,0,0
Pool,S7P.p pool,,3.16471674876056e-06,3593.28735892741
Pool,S7P.x pool,,1,Inf
Pool,SAH.c pool,,1,Inf
Pool,SAM pool,,5.80536622454395,1.76044574580468
Pool,SAM.c pool,,3.11697942016631e-06,3579.98483340684
Pool,SAM.x pool,,1,Inf
Pool,SBP pool,,0,0
Pool,SER pool,,0,0
Pool,SER.c pool,,1.00000000002876e-07,0
Pool,SER.m pool,,1.22499203103533,0.103273840176021
Pool,SER.p pool,,8.74533201440021e-05,3668.54647068292
Pool,SER.x pool,,1,Inf
Pool,Sink pool,,1,Inf
Pool,Starch pool,,1,Inf
Pool,THR pool,,3889.77028130169,3540.01984227625
Pool,TP pool,,0,0
Pool,TP.c pool,,4.18771721869493e-06,3721.55846601862
Pool,TP.p pool,,3.7836458575586e-06,3471.5404531818
Pool,TP.x pool,,1,Inf
Pool,UDPG pool,,0,0
Pool,UDPG.c pool,,6.50497094198187,3620.13861271402
Pool,UDPG.x pool,,1,Inf
Pool,X5P.p pool,,3.33654506731916e-06,3482.88477528685
Pool,dummy pool,,1,Inf
Pool,dummyGLY pool,,1,Inf
Pool,dummySER pool,,1,Inf
Pool,meTHF pool,,2.29582803729411,1.11692338612108
Pool,meTHF.c pool,,2.03875100698786e-06,3746.5772314747
Pool,meTHF.x pool,,1,Inf
Pool,myTHF.m pool,,8.88134309086383e-06,3659.02440793844
Pool,outSER pool,,1,Inf
Norm,Experiment1 Glyc205 #1 norm,,0.996690605073267,0.013295993617134
Norm,Experiment1 Glyc205 #2 norm,,0.984886917222179,0.0235783320463025
Norm,Experiment1 Glyc205 #3 norm,,0.998874648960833,0.0225254744110277
Norm,Experiment1 Glyc205 #4 norm,,1.0029285814855,0.0321494770331347
Norm,Experiment1 Glyc205 #5 norm,,0.984189648735323,0.0342263554034654
Norm,Experiment1 Glyc205 #6 norm,,1.02241810328833,0.0271736977046394
Norm,Experiment1 Glyc205 #7 norm,,1.00057561730041,0.0346703634572796
Norm,Experiment1 Glyc205 #8 norm,,0.975522812170565,0.0288827198772794
Norm,Experiment1 Glyx160 #1 norm,,0.991907652381384,0.0109056536674911
Norm,Experiment1 Glyx160 #2 norm,,0.972820744655711,0.0130376473769742
Norm,Experiment1 Glyx160 #3 norm,,0.992935245397882,0.0170682562754189
Norm,Experiment1 Glyx160 #4 norm,,0.999798531037735,0.0143870736659061
Norm,Experiment1 Glyx160 #5 norm,,0.947004147833014,0.0350874066033333
Norm,Experiment1 Glyx160 #6 norm,,1.00823789651247,0.0207994628842049
Norm,Experiment1 Glyx160 #7 norm,,1.00658821874652,0.0401530457742347
Norm,Experiment1 Glyx160 #8 norm,,0.993068688534507,0.0392803330172701
Norm,Experiment1 GLY276 #1 norm,,1.01796400669323,0.0104167768867292
Norm,Experiment1 GLY276 #2 norm,,0.984403533363726,0.0262585290990025
Norm,Experiment1 GLY276 #3 norm,,0.990340336596146,0.0425372242553097
Norm,Experiment1 GLY276 #4 norm,,1.01545542521121,0.0573137620521616
Norm,Experiment1 GLY276 #5 norm,,0.939681837624662,0.121072584256639
Norm,Experiment1 GLY276 #6 norm,,0.855586543005238,0.087159399458739
Norm,Experiment1 GLY276 #7 norm,,1.03430466118735,0.0658113994196043
Norm,Experiment1 GLY276 #8 norm,,0.978327509478612,0.076091899696826
Norm,Experiment1 HPA262 #1 norm,,0.99631796500178,0.010744621006769
Norm,Experiment1 HPA262 #2 norm,,0.995334775634447,0.0291598021370311
Norm,Experiment1 HPA262 #3 norm,,0.935040177696167,0.0129709888202996
Norm,Experiment1 HPA262 #4 norm,,0.954032258479571,0.0369738428369725
Norm,Experiment1 HPA262 #5 norm,,0.885652472809055,0.0216458059333352
Norm,Experiment1 HPA262 #6 norm,,0.979931054409797,0.0351479080049687
Norm,Experiment1 HPA262 #7 norm,,0.962950357550544,0.0243482741032928
Norm,Experiment1 HPA262 #8 norm,,1.02688165617373,0.023649927528199
Norm,Experiment1 GA307 #1 norm,,0.99179587542413,0.0122323620000696
Norm,Experiment1 GA307 #2 norm,,1.00786049156471,0.0311817161960171
Norm,Experiment1 GA307 #3 norm,,0.959849245874439,0.0302961078620688
Norm,Experiment1 GA307 #4 norm,,1.00739370202935,0.0204661506329679
Norm,Experiment1 GA307 #5 norm,,1.00012256499161,0.0614585657530902
Norm,Experiment1 GA307 #6 norm,,1.02722114458869,0.0420979161275787
Norm,Experiment1 GA307 #7 norm,,1.01933582999777,0.0438594478909889
Norm,Experiment1 GA307 #8 norm,,0.984863131325767,0.0358137737112366
Norm,Experiment1 SER306 #1 norm,,0.982087372498723,0.0137809369097793
Norm,Experiment1 SER306 #2 norm,,0.988415320003271,0.0156741382640799
Norm,Experiment1 SER306 #3 norm,,0.963118859521436,0.0406623839294979
Norm,Experiment1 SER306 #4 norm,,0.982284949434817,0.0483704177627524
Norm,Experiment1 SER306 #5 norm,,1.02160711859096,0.0913357265563355
Norm,Experiment1 SER306 #6 norm,,1.01735898388178,0.072538198801396
Norm,Experiment1 SER306 #7 norm,,1.00884255932303,0.0510781625373159
Norm,Experiment1 SER306 #8 norm,,1.00166606608703,0.0502407973332172
Norm,Experiment1 meTHF #1 norm,,1.0055382347985,0.0100654176841929
Norm,Experiment1 meTHF #2 norm,,1.0270584288716,0.0102878183974715
Norm,Experiment1 meTHF #3 norm,,0.87771212215718,0.0596793619204519
Norm,Experiment1 meTHF #4 norm,,0.999856825537037,0.0525442651499422
Norm,Experiment1 meTHF #5 norm,,0.991365782873162,0.101024452797672
Norm,Experiment1 meTHF #6 norm,,1.0192230254734,0.137242655361476
Norm,Experiment1 meTHF #7 norm,,1.01431745143943,0.0612429700626921
Norm,Experiment1 meTHF #8 norm,,1.02805546583142,0.104597016909643
Norm,Experiment1 FmTHF #1 norm,,1.00861600558159,0.0100281227866268
Norm,Experiment1 FmTHF #2 norm,,0.967790653476345,0.0229233714777537
Norm,Experiment1 FmTHF #3 norm,,0.98826675144251,0.0338047130269238
Norm,Experiment1 FmTHF #4 norm,,1.0093427365742,0.0279667593980791
Norm,Experiment1 FmTHF #5 norm,,0.944840828171205,0.0638902844155447
Norm,Experiment1 FmTHF #6 norm,,1.00929899601689,0.0569711494315539
Norm,Experiment1 FmTHF #7 norm,,1.00181780959387,0.0537946251524677
Norm,Experiment1 FmTHF #8 norm,,1.05104098179026,0.0978161780344668
Norm,Experiment1 Met176 #1 norm,,1.00340311950635,0.0251225228315846
Norm,Experiment1 Met176 #2 norm,,0.871921589550197,0.0316663243516864
Norm,Experiment1 Met176 #3 norm,,0.895925006939913,0.0503515110498968
Norm,Experiment1 Met176 #4 norm,,0.997668416663049,0.0385593976148981
Norm,Experiment1 Met176 #5 norm,,0.992839190458421,0.0844034838030592
Norm,Experiment1 Met176 #6 norm,,0.970964523769207,0.108294353785232
Norm,Experiment1 Met176 #7 norm,,1.00586463823819,0.124331821791135
Norm,Experiment1 Met176 #8 norm,,1.00259159712974,0.0902948624949893
Norm,Experiment1 SAM #1 norm,,1.01694126718359,0.0120453398887017
Norm,Experiment1 SAM #2 norm,,1.00402207945741,0.0121528306292645
Norm,Experiment1 SAM #3 norm,,1.0032272130464,0.0146095840593102
Norm,Experiment1 SAM #4 norm,,1.0164395086118,0.0230587234683498
Norm,Experiment1 SAM #5 norm,,0.993533314256803,0.041284474815627
Norm,Experiment1 SAM #6 norm,,0.987568734183188,0.0580730031021643
Norm,Experiment1 SAM #7 norm,,1.00013822392726,0.0820609941208079
Norm,Experiment1 SAM #8 norm,,0.996851884677291,0.0939262795037202
Norm,Experiment1 CIT465 #1 norm,,0.989748471828401,0.0116224970634083
Norm,Experiment1 CIT465 #2 norm,,1.0128305325332,0.0135415220121017
Norm,Experiment1 CIT465 #3 norm,,1.02460793671085,0.0121114270653566
Norm,Experiment1 CIT465 #4 norm,,0.963672439129843,0.0158732517522694
Norm,Experiment1 CIT465 #5 norm,,0.983874480408443,0.0133822382460769
Norm,Experiment1 CIT465 #6 norm,,0.980110467140672,0.0123719937627952
Norm,Experiment1 CIT465 #7 norm,,0.986566500294311,0.0133759869367815
Norm,Experiment1 CIT465 #8 norm,,1.01274674196107,0.0193691765039937
Norm,Experiment1 MAL335 #1 norm,,0.9760847252426,0.0121536654301981
Norm,Experiment1 MAL335 #2 norm,,0.977762518177011,0.0108941213600718
Norm,Experiment1 MAL335 #3 norm,,0.947691028664956,0.00986187199383465
Norm,Experiment1 MAL335 #4 norm,,0.984216798128197,0.0144325888030409
Norm,Experiment1 MAL335 #5 norm,,0.935811798921465,0.0134873914870812
Norm,Experiment1 MAL335 #6 norm,,0.969052333818282,0.0136141246162208
Norm,Experiment1 MAL335 #7 norm,,1.00507661462826,0.0222439834922978
Norm,Experiment1 MAL335 #8 norm,,0.995354186141566,0.0347834740155516
Norm,Experiment1 ASP334 #1 norm,,0.968229382773662,0.0219931031405775
Norm,Experiment1 ASP334 #2 norm,,0.986639360051748,0.0307496519235339
Norm,Experiment1 ASP334 #3 norm,,1.00710686167229,0.0203670581474331
Norm,Experiment1 ASP334 #4 norm,,0.968071445672275,0.0181779882804823
Norm,Experiment1 ASP334 #5 norm,,0.9839437295419,0.0286036958346408
Norm,Experiment1 ASP334 #6 norm,,0.953022992862444,0.030760250553169
Norm,Experiment1 ASP334 #7 norm,,0.965274551482334,0.0313089806175214
Norm,Experiment1 ASP334 #8 norm,,0.968846784253793,0.0843499599051701
Norm,Experiment1 GLU348 #1 norm,,0.969086788406795,0.0208560053256352
Norm,Experiment1 GLU348 #2 norm,,0.967016673868555,0.0192961719129567
Norm,Experiment1 GLU348 #3 norm,,0.970108571545654,0.0111425278682609
Norm,Experiment1 GLU348 #4 norm,,0.931546990380462,0.0341521418311079
Norm,Experiment1 GLU348 #5 norm,,0.963139418267389,0.0222742908232886
Norm,Experiment1 GLU348 #6 norm,,0.938725870698917,0.0120759012830169
Norm,Experiment1 GLU348 #7 norm,,0.961079724779114,0.0150640464289929
Norm,Experiment1 GLU348 #8 norm,,0.994777748837376,0.0220592547555408
Norm,Experiment1 THR320 #1 norm,,0.985793185707409,0.0103821626717338
Norm,Experiment1 THR320 #2 norm,,0.981397848197651,0.0140039737460766
Norm,Experiment1 THR320 #3 norm,,0.962970265085778,0.0100531645215326
Norm,Experiment1 THR320 #4 norm,,0.959281956348583,0.0284571116665763
Norm,Experiment1 THR320 #5 norm,,0.975405375746252,0.0206491333252989
Norm,Experiment1 THR320 #6 norm,,0.986462867532106,0.0114787183976698
Norm,Experiment1 THR320 #7 norm,,0.945918530360553,0.0134825116098427
Norm,Experiment1 THR320 #8 norm,,0.868247339489796,0.0246413967744846
Norm,Experiment1 ALA116 #1 norm,,1.0140093507522,0.0100392067850096
Norm,Experiment1 ALA116 #2 norm,,1.0127819576064,0.0100865643632151
Norm,Experiment1 ALA116 #3 norm,,0.996349397715788,0.0182418465096889
Norm,Experiment1 ALA116 #4 norm,,1.06793565895449,0.024230646696699
Norm,Experiment1 ALA116 #5 norm,,1.10720286505346,0.104614403234983
Norm,Experiment1 ALA116 #6 norm,,0.985964938017241,0.0816796174110496
Norm,Experiment1 ALA116 #7 norm,,1.02755655300445,0.0591505134059223
Norm,Experiment1 ALA116 #8 norm,,0.913037589785993,0.112286894409181
Norm,Experiment1 PYR #1 norm,,0.977824467586102,0.0173089156446676
Norm,Experiment1 PYR #2 norm,,0.913440915889053,0.0426335254184863
Norm,Experiment1 PYR #3 norm,,0.928045470678641,0.115516536203903
Norm,Experiment1 PYR #4 norm,,1.06747538885618,0.041163555385583
Norm,Experiment1 PYR #5 norm,,1.00277303306212,0.0532852734305978
Norm,Experiment1 PYR #6 norm,,1.01393078391572,0.0506287781527359
Norm,Experiment1 PYR #7 norm,,0.971411577627513,0.112290778287975
Norm,Experiment1 PYR #8 norm,,0.99505212607944,0.0582558044186735
