type,id,eqn,val,std
Net flux,CO2.t,CO2.t -> CO2,48.0878096672818,1.10267275072175
Net flux,CO2_sink,dummy -> Sink,48.0878096672817,1.10267275072175
Net flux,RUBICSO_CO2,RUBP.p + CO2 -> 3PGA.p + 3PGA.p + dummy,59.388706997185,1.23749008360992
Net flux,GAPDH.p net,3PGA.p <-> TP.p,141.82226502109,2.68262197274165
Exch flux,GAPDH.p exch,3PGA.p <-> TP.p,219.132908819037,145.698069290686
Net flux,ALD,TP.p + E4P.p -> SBP,26.0287928717203,0.493403903005029
Net flux,SBP,SBP -> S7P.p,26.0287928717203,0.493403903005029
Net flux,FBA.p net,TP.p + TP.p <-> FBP.p,30.1622306166464,0.64923576177476
Exch flux,FBA.p exch,TP.p + TP.p <-> FBP.p,19208.6443283039,2339.08360934381
Net flux,PFK.p net,FBP.p <-> F6P.p,30.1622306166496,0.64923576177476
Exch flux,PFK.p exch,FBP.p <-> F6P.p,1.00003632041989e-07,4.78555027476455e-16
Net flux,TK1 net,TP.p + EC2 <-> X5P.p,52.0575857434405,0.986807806010059
Exch flux,TK1 exch,TP.p + EC2 <-> X5P.p,5282.01841470467,5143.46202438433
Net flux,TK2 net,S7P.p <-> R5P.p + EC2,26.0287928717203,0.493403903005029
Exch flux,TK2 exch,S7P.p <-> R5P.p + EC2,38.4894230246459,5120.62363440792
Net flux,TK3 net,F6P.p <-> E4P.p + EC2,26.0287928717207,0.493403903005029
Exch flux,TK3 exch,F6P.p <-> E4P.p + EC2,9709.28450318921,5639.84200677634
Net flux,PPE net,X5P.p <-> RU5P.p,52.0575857434405,0.986807806010059
Exch flux,PPE exch,X5P.p <-> RU5P.p,5276.27751167487,4824.03945596604
Net flux,PPI net,R5P.p <-> RU5P.p,26.0287928717204,0.493403903005029
Exch flux,PPI exch,R5P.p <-> RU5P.p,249.633130996689,5158.86315296039
Net flux,PRK,RU5P.p -> RUBP.p,78.086378615161,1.48021170902881
Net flux,RUBISCO_O2,RUBP.p -> 3PGA.p + 2PG.p,18.6976716179759,0.59789547530179
Net flux,GLYdil net,GLY.p <-> GLY.x + dummyGLY,0.00869060562730084,0.00108329462743703
Exch flux,GLYdil exch,GLY.p <-> GLY.x + dummyGLY,1.0000000116861e-07,0
Net flux,SERdil net,SER.p <-> SER.x + dummySER,1.53026558743137,1.23940737077401
Exch flux,SERdil exch,SER.p <-> SER.x + dummySER,0.983106893832108,0.24582704798974
Net flux,GK,GA.p -> 3PGA.p,4.71087144639725,0.625370995952919
Net flux,PGI.p net,F6P.p <-> G6P.p,4.13343774493,0.357362068160484
Exch flux,PGI.p exch,F6P.p <-> G6P.p,9.99972051829445e-08,1.29845266579043e-13
Net flux,PGM.p,G6P.p -> ADPG.p,4.13343774493,0.357362068160484
Net flux,Starch,ADPG.p -> Starch,4.13343774492998,0.357362068160484
Net flux,FBA.c net,TP.c + TP.c <-> FBP.c,1.7057125863139,0.212619161985138
Exch flux,FBA.c exch,TP.c + TP.c <-> FBP.c,23.9533955606777,4757.30247783227
Net flux,PFK.c net,FBP.c <-> F6P.c,1.70571258631391,0.212619161985138
Exch flux,PFK.c exch,FBP.c <-> F6P.c,9.45989481886004,5022.73201783662
Net flux,PGI.c net,F6P.c <-> G6P.c,0.852856293156975,0.106309580992569
Exch flux,PGI.c exch,F6P.c <-> G6P.c,231.590922538063,4169.95582399319
Net flux,PGM.c net,G6P.c <-> UDPG.c,0.852856293153309,0.106309580992569
Exch flux,PGM.c exch,G6P.c <-> UDPG.c,48481.7489884902,4169.95582263806
Net flux,SPS,F6P.c + UDPG.c -> S6P,0.852856293156922,0.106309580992569
Net flux,PGAM.c net,3PGA.c <-> PEP.c,0.363692037654158,0.0453346576190186
Exch flux,PGAM.c exch,3PGA.c <-> PEP.c,2.79328926701838,4169.95582288449
Net flux,PK.c,PEP.c -> PYR.c,0.165087392666613,0.020578345600153
Net flux,PDH,PYR.c + dummy -> ACA + CO2,0.137395148827596,0.0171264734553218
Net flux,CS,OAA + ACA -> CIT,0.137395148827592,0.0171264734553218
Net flux,ACO net,CIT <-> ICI,0.137395148827636,0.0171264734553218
Exch flux,ACO exch,CIT <-> ICI,1291.69706555813,4169.95582263806
Net flux,IDH,ICI + dummy -> AKG + CO2,0.137395148827608,0.0171264734553218
Net flux,MDH net,MAL <-> OAA,2.1316282072803e-14,0
Exch flux,MDH exch,MAL <-> OAA,0.450196658870063,0.0865751454565088
Net flux,PPC,PEP.c + CO2 -> OAA + dummy,0.198604644987291,0.0247563121011063
Net flux,T_3PGA net,3PGA.p <-> 3PGA.c,0.36369203765414,0.0453346576190186
Exch flux,T_3PGA exch,3PGA.p <-> 3PGA.c,1.0000000116861e-07,0
Net flux,T_DHAP net,TP.p <-> TP.c,3.41142517262785,0.425238323970275
Exch flux,T_DHAP exch,TP.p <-> TP.c,9.99999998363421e-08,0
Net flux,ALT,PYR.c -> ALA.c,0.0276922438388152,0.00345187209049418
Net flux,ASPT,OAA -> ASP,0.0612094961597929,0.00762983861834863
Net flux,GLUDH,AKG -> GLU,0.137395148827585,0.0171264734553218
Net flux,PCR net,GLU <-> PRO,-2.48689957516035e-14,0
Exch flux,PCR exch,GLU <-> PRO,1.0000000116861e-07,0
Net flux,GS net,GLU <-> GLN,0,0
Exch flux,GS exch,GLU <-> GLN,1.00044040607372e-07,0
Net flux,TS net,ASP <-> THR,0,0
Exch flux,TS exch,ASP <-> THR,1.0000000116861e-07,0
Net flux,AS net,ASP <-> ASN,1.06581410364015e-14,0
Exch flux,AS exch,ASP <-> ASN,1.0000000116861e-07,0
Net flux,G_3PGA.p,0*3PGA.p -> 3PGA,2.46866294162373e-06,7272.82562797849
Net flux,G_3PGA.c,0*3PGA.c -> 3PGA,92.9119081390207,5564.01126816737
Net flux,G_DHAP.p,0*TP.p -> TP,40.685379842242,7680.74638644172
Net flux,G_DHAP.c,0*TP.c -> TP,51.8471856996947,5630.70421908308
Net flux,G_F6P.p,0*F6P.p -> F6P,48.6686345030749,6687.33740982625
Net flux,G_F6P.c,0*F6P.c -> F6P,36.546576817712,4520.54738170928
Net flux,G_FBP.p,0*FBP.p -> FBP,2.46866129316459e-06,6891.40033265183
Net flux,G_FBP.c,0*FBP.c -> FBP,83.4512310452091,5064.25474216641
Net flux,G_G6P.p,0*G6P.p -> G6P,19.0549768397257,7112.18022055565
Net flux,G_G6P.c,0*G6P.c -> G6P,58.8549499993083,5026.9073051366
Net flux,G_RU5P.p,0*RU5P.p -> P5P,2.46865369035731e-06,7219.17847812652
Net flux,G_X5P.p,0*X5P.p -> P5P,92.8477691499184,5106.55652111006
Net flux,G_R5P.p,0*R5P.p -> R5P,82.2810779884949,5038.8827562538
Net flux,G_GA.p,0*GA.p -> GA,40.1044244219746,1.70989675773812
Net flux,G_SER.p,0*SER.p -> SER,95.9622378112459,4881.34491605086
Net flux,G_GLY.p,0*GLY.p -> GLY,16.4250787297985,5224.05651184087
Net flux,G_RUBP.p,0*RUBP.p -> RUBP,92.5302752673063,4912.65303587397
Net flux,G_S7P.p,0*S7P.p -> S7P,98.4567310636212,4850.28302517614
Net flux,G_2PG.p,0*2PG.p -> 2PG,87.0427532706349,5053.82964849822
Net flux,G_ADPG.p,0*ADPG.p -> ADPG,95.0805622183377,4998.91309963321
Net flux,G_PEP.c,0*PEP.c -> PEP,89.2305410445615,4895.17913140042
Net flux,G_UDPG.c,0*UDPG.c -> UDPG,72.4268033045549,4769.28344724768
Net flux,G_ALA.c,0*ALA.c -> ALA,80.7918679274524,8.27001582413086
Net flux,(1-G)_GA,0*GA.x -> GA,59.8955755780275,1.70989675773812
Net flux,(1-G)_SER,0*SER.x -> SER,4.03774787576402,3.00022516896721
Net flux,(1-G)_GLY,0*GLY.x -> GLY,27.2479623709871,3.22851910225019
Net flux,(1-G)_R5P,0*R5P.x -> R5P,17.718922011502,5038.8827562538
Net flux,(1-G)_RUBP,0*RUBP.x -> RUBP,7.46972473269241,4912.65303587397
Net flux,(1-G)_3PGA,0*3PGA.x -> 3PGA,7.08808939231668,4764.75258386801
Net flux,(1-G)_TP,0*TP.x -> TP,7.46743445806383,5248.22104494484
Net flux,(1-G)_F6P,0*F6P.x -> F6P,14.7847886792169,4918.90587043417
Net flux,(1-G)_FBP,0*FBP.x -> FBP,16.5487664861243,4725.91205271897
Net flux,(1-G)_G6P,0*G6P.x -> G6P,22.0900731609643,5043.07680222272
Net flux,(1-G)_RU5P,0*RU5P.x -> P5P,7.15222838142927,5039.7813864039
Net flux,(1-G)_S7P,0*S7P.x -> S7P,1.54326893637677,4850.28302517614
Net flux,(1-G)_2PG,0*2PG.x -> 2PG,12.9572467293675,5053.82964849822
Net flux,(1-G)_ADPG,0*ADPG.x -> ADPG,4.91943778166132,4998.91309963321
Net flux,(1-G)_PEP,0*PEP.x -> PEP,10.7694589554367,4895.17913140042
Net flux,(1-G)_UDPG,0*UDPG.x -> UDPG,27.5731966954463,4769.28344724768
Net flux,(1-G)_ALA,0*ALA.x -> ALA,19.2081320725474,8.27001582413086
Net flux,PGASink,3PGA -> Sink,100,0
Net flux,DHAPSink,TP -> Sink,100.000000000001,0
Net flux,F6PSink,F6P -> Sink,100.000000000004,0
Net flux,FBPSink,FBP -> Sink,99.9999999999947,0
Net flux,G6PSink,G6P -> Sink,99.9999999999983,0
Net flux,P5PSink,P5P -> Sink,100.000000000001,0
Net flux,R5PSink,R5P -> Sink,99.9999999999968,0
Net flux,GASink,GA -> Sink,100.000000000002,0
Net flux,SERSink,SER -> Sink,99.9999999999996,0
Net flux,GLYSink,GLY -> Sink,100.000000000001,0
Net flux,RUBPSink,RUBP -> Sink,99.9999999999987,0
Net flux,S7PSink,S7P -> Sink,99.9999999999979,0
Net flux,2PGSink,2PG -> Sink,100.000000000002,0
Net flux,ADPGSink,ADPG -> Sink,99.999999999999,0
Net flux,PEPSink,PEP -> Sink,99.9999999999983,0
Net flux,UDPGSink,UDPG -> Sink,100.000000000001,0
Net flux,ALASink,ALA -> Sink,99.9999999999998,0
Net flux,S6Pout-LL,S6P + 0.1611*GLU + 0.07177*ASP + 0.03247*ALA.c + 0.01019*dummyGLY + 0.03484*dummySER -> Sink,0.852856293156957,0.106309580992569
Net flux,PGP.p,2PG.p -> Glyc.p,18.6976716179759,0.59789547530179
Net flux,GOX,Glyc.p -> Glyx.p,18.6976716179759,0.59789547530179
Net flux,GGT,Glyx.p -> GLY.p,18.6976716179759,0.59789547530179
Net flux,SGAT,SER.p -> HPA.p,4.71087144639723,0.625370995952919
Net flux,HPR.p,HPA.p -> GA.p,4.71087144639723,0.625370995952919
Net flux,T_GLY-m net,GLY.p <-> GLY.m,18.7917797586415,5148.23422057181
Exch flux,T_GLY-m exch,GLY.p <-> GLY.m,148746.888575271,5072.17742766349
Net flux,GDC.m,GLY.m + dummy -> myTHF.m + CO2,11.2247116772356,0.596257298094752
Net flux,T_SER-m net,SER.p <-> SER.m,-11.224711677236,0.596257298094752
Exch flux,T_SER-m exch,SER.p <-> SER.m,9154.94596647501,5038.65949107798
Net flux,mSHMT,GLY.m + myTHF.m -> SER.m,11.2247116772356,0.596257298094752
Net flux,T_SER-c net,SER.p <-> SER.c,4.98357464340696,1.71970077085027
Exch flux,T_SER-c exch,SER.p <-> SER.c,1.00000000280431e-07,0
Net flux,T_Gly-c net,GLY.p <-> GLY.c,-0.102798746305714,5148.23418584343
Exch flux,T_Gly-c exch,GLY.p <-> GLY.c,9.99999998363421e-08,0
Net flux,cSHMT,SER.c -> GLY.c + meTHF.c,3.76044244212252,5106.77021785829
Net flux,FmTHF-reductase net,meTHF.c <-> FmTHF.c,3.76044244212252,5106.77021785829
Exch flux,FmTHF-reductase exch,meTHF.c <-> FmTHF.c,7.49034319252323,7196.44123204811
Net flux,Met-synthase,FmTHF.c + Hcy.c -> Met.c,3.7604424421225,5106.77021785829
Net flux,SAM-synthase,Met.c -> SAM.c,3.76044244212251,5106.77021785829
Net flux,Methylation,SAM.c -> SAH.c + Acceptor.c,3.7604424421225,5106.77021785829
Net flux,hydrolysis,SAH.c -> Hcy.c,3.76044244212249,5106.77021785829
Net flux,G_SER.m,0*SER.m -> SER,1.0000000116861e-07,0
Net flux,G_SER.c,0*SER.c -> SER,1.42129896865129e-05,4881.34399403289
Net flux,G_Gly.m,0*GLY.m -> GLY,0.000421129904982109,5224.05515380202
Net flux,G_Gly.c,0*GLY.c -> GLY,56.3265377693106,5.80313733122298
Net flux,T_GLY-c-m,GLY.c -> GLY.m,3.65764359581684,5148.2343018091
Net flux,G_Glyc,0*Glyc.p -> Glyc,26.6656985611743,1.5332573121757
Net flux,G_Glyx,0*Glyx.p -> Glyx,11.0694416505868,1.1823591669651
Net flux,G_HPA,0*HPA.p -> HPA,9.29156422830902,1.29314062182743
Net flux,(1-G)_Glyc,0*Glyc.x -> Glyc,73.3343014388263,1.5332573121757
Net flux,(1-G)_Glyx,0*Glyx.x -> Glyx,88.9305583494141,1.1823591669651
Net flux,(1-G)_HPA,0*HPA.x -> HPA,90.7084357716909,1.29314062182743
Net flux,GlycSink,Glyc -> Sink,100.000000000001,0
Net flux,GlyxSink,Glyx -> Sink,100.000000000001,0
Net flux,HPASink,HPA -> Sink,99.9999999999998,0
Net flux,SERex,dummySER -> outSER,1.50054933992042,1.23932305624
Net flux,G_PYR,0*PYR.c -> PYR,31.8136300947025,1.8460226229789
Net flux,(1-G)_PYR,0*PYR.x -> PYR,68.1863699052977,1.8460226229789
Net flux,PYRSink,PYR -> Sink,100,0
Net flux,G_meTHF,0*meTHF.c -> meTHF,95.8647858932316,4.55740413095
Net flux,G_FmTHF,0*FmTHF.c -> FmTHF,78.9495491533277,3.40065945172686
Net flux,G_Met,0*Met.c -> Met,61.7541292616151,4.33231745916758
Net flux,G_SAM,0*SAM.c -> SAM,59.9896320514299,3.79705877418029
Net flux,(1-G)_meTHF,0*meTHF.x -> meTHF,4.13521410676844,4.55740413095
Net flux,(1-G)_FmTHF,0*FmTHF.x -> FmTHF,21.0504508466724,3.40065945172686
Net flux,(1-G)_Met,0*Met.x -> Met,38.2458707383849,4.33231745916758
Net flux,(1-G)_SAM,0*SAM.x -> SAM,40.0103679485701,3.79705877418029
Net flux,meTHFSink,meTHF -> Sink,99.9999999999999,0
Net flux,FmTHFSink,FmTHF -> Sink,100,0
Net flux,MetSink,Met -> Sink,100,0
Net flux,SAMsink,SAM -> Sink,100,0
Net flux,Met-protein,Met.c -> Protein,6.51983996113883e-15,0
Net flux,GLY-protein,GLY.c -> Protein,9.9999993175004e-08,5106.77033474978
Net flux,SER-protein,SER.c -> Protein,1.22313220128445,5106.77050739554
Pool,2PG pool,,0,0
Pool,2PG.p pool,,1.8320605226555e-06,5009.26042174353
Pool,2PG.x pool,,1,Inf
Pool,3PGA pool,,0,0
Pool,3PGA.c pool,,0.00702372136416079,0.00335814781322529
Pool,3PGA.p pool,,1.90295479538459e-06,4940.77683882131
Pool,3PGA.x pool,,1,Inf
Pool,ACA pool,,1.16094727704938e-06,5029.37013251989
Pool,ADPG pool,,0,0
Pool,ADPG.p pool,,9.9999999999999e-08,Inf
Pool,ADPG.x pool,,1,Inf
Pool,AKG pool,,1.44746892683019e-06,5020.90436016276
Pool,ALA pool,,0,0
Pool,ALA.c pool,,0.00902382896741845,0.00230956643666559
Pool,ALA.x pool,,1,Inf
Pool,ASN pool,,7566.06819370405,4934.07941023389
Pool,ASP pool,,1.00000000000002e-07,0
Pool,Acceptor.c pool,,1,Inf
Pool,CIT pool,,7.40687490744204,6.09551359788373
Pool,CO2 pool,,0.530313617418918,0.143364657207504
Pool,CO2.t pool,,1,Inf
Pool,E4P.p pool,,0,0
Pool,EC2 pool,,0,0
Pool,F6P pool,,0,0
Pool,F6P.c pool,,3.82955892554681e-06,4938.29008544014
Pool,F6P.p pool,,1.23196434476818e-06,4805.46922773505
Pool,F6P.x pool,,1,Inf
Pool,FBP pool,,0,0
Pool,FBP.c pool,,3.8349887212439e-06,5005.715987052
Pool,FBP.p pool,,1.13094297248713e-06,4941.04911991151
Pool,FBP.x pool,,1,Inf
Pool,FmTHF pool,,1.11542737795932,0.691750214863666
Pool,FmTHF.c pool,,4.9744309676671e-07,4999.24427957475
Pool,FmTHF.x pool,,1,Inf
Pool,G6P pool,,0,0
Pool,G6P.c pool,,9.87389760381024e-06,4944.5950514386
Pool,G6P.p pool,,2.53049083206212e-06,5119.76966148107
Pool,G6P.x pool,,1,Inf
Pool,GA pool,,0,0
Pool,GA.p pool,,1.39822890731609e-06,5153.07097058857
Pool,GA.x pool,,1,Inf
Pool,GLN pool,,8.83867754962232,5187.11245800177
Pool,GLU pool,,1.44747091624891e-06,4921.18494126196
Pool,GLY pool,,0,0
Pool,GLY.c pool,,1.0033342100556e-07,5063.43454232579
Pool,GLY.m pool,,0.064053269320746,0.0984643655393566
Pool,GLY.p pool,,0.000446387544564807,4869.42729560551
Pool,GLY.x pool,,1,Inf
Pool,Glyc pool,,14.9383134725826,3.00709054150463
Pool,Glyc.p pool,,2.36205995698401e-06,4779.06085473981
Pool,Glyc.x pool,,1,Inf
Pool,Glyx pool,,5.83913853296364,2.25052645502918
Pool,Glyx.p pool,,0.0475879953509627,0.10634109870427
Pool,Glyx.x pool,,1,Inf
Pool,HPA pool,,2.62682873688233e-05,4926.86390634392
Pool,HPA.p pool,,6.77215484099335e-07,4938.48479861152
Pool,HPA.x pool,,1,Inf
Pool,Hcy.c pool,,1,Inf
Pool,ICI pool,,0.0033473147601913,5108.05351698671
Pool,MAL pool,,0.62717292244741,0.132197494304457
Pool,Met pool,,5.12487686186861e-06,5153.80999864851
Pool,Met.c pool,,3.13138518830995e-07,4793.90353833441
Pool,Met.x pool,,1,Inf
Pool,OAA pool,,0.103117352623525,0.0221793865311246
Pool,P5P pool,,0,0
Pool,PEP pool,,0,0
Pool,PEP.c pool,,1.00000000000002e-07,0
Pool,PEP.x pool,,1,Inf
Pool,PRO pool,,5.39499638345007,5018.28330419504
Pool,PYR pool,,1e-07,0
Pool,PYR.c pool,,0.00473211465020002,0.00208069157654267
Pool,PYR.x pool,,1,Inf
Pool,Protein pool,,1,Inf
Pool,R5P pool,,0,0
Pool,R5P.p pool,,8.51563401609449e-07,5037.45862956765
Pool,R5P.x pool,,1,Inf
Pool,RU5P.p pool,,1.26958423670662e-06,5182.68937376214
Pool,RU5P.x pool,,1,Inf
Pool,RUBP pool,,0,0
Pool,RUBP.p pool,,1.2462207046489e-06,4978.40884465087
Pool,RUBP.x pool,,1,Inf
Pool,S6P pool,,1,Inf
Pool,S7P pool,,0,0
Pool,S7P.p pool,,8.97632954545342e-07,5167.93696507196
Pool,S7P.x pool,,1,Inf
Pool,SAH.c pool,,1,Inf
Pool,SAM pool,,4.31272544859972,1.49895350088478
Pool,SAM.c pool,,1.34286020126679e-05,5189.57072273597
Pool,SAM.x pool,,1,Inf
Pool,SBP pool,,0,0
Pool,SER pool,,0,0
Pool,SER.c pool,,1.00000000002876e-07,0
Pool,SER.m pool,,1.4112288087244,0.0964999190230345
Pool,SER.p pool,,0.00020331960650121,5296.74013638085
Pool,SER.x pool,,1,Inf
Pool,Sink pool,,1,Inf
Pool,Starch pool,,1,Inf
Pool,THR pool,,3889.6601541962,4995.71095622492
Pool,TP pool,,0,0
Pool,TP.c pool,,4.19271211996109e-06,4798.7711305349
Pool,TP.p pool,,1.95443675238894e-06,4974.2706730611
Pool,TP.x pool,,1,Inf
Pool,UDPG pool,,0,0
Pool,UDPG.c pool,,0.0326349057320034,4940.38954314814
Pool,UDPG.x pool,,1,Inf
Pool,X5P.p pool,,1.28112632448004e-06,5068.26989773763
Pool,dummy pool,,1,Inf
Pool,dummyGLY pool,,1,Inf
Pool,dummySER pool,,1,Inf
Pool,meTHF pool,,1.2868732625537,0.918825562807708
Pool,meTHF.c pool,,6.11978820084093e-07,4891.75641985823
Pool,meTHF.x pool,,1,Inf
Pool,myTHF.m pool,,1.00000000002876e-07,0
Pool,outSER pool,,1,Inf
Norm,Experiment1 Glyc205 #1 norm,,0.976773042757354,0.0127776122018669
Norm,Experiment1 Glyc205 #2 norm,,0.960177244294366,0.0214750320813734
Norm,Experiment1 Glyc205 #3 norm,,0.943872867866694,0.0164299100613175
Norm,Experiment1 Glyc205 #4 norm,,0.991981427367033,0.0319286059411129
Norm,Experiment1 Glyc205 #5 norm,,0.973994633171583,0.0319218964851981
Norm,Experiment1 Glyc205 #6 norm,,1.02245567432296,0.0285998881118595
Norm,Experiment1 Glyc205 #7 norm,,0.998566928738075,0.0345654468999235
Norm,Experiment1 Glyc205 #8 norm,,0.997673621405469,0.0311033664501996
Norm,Experiment1 Glyx160 #1 norm,,0.996262481863602,0.0108307847610389
Norm,Experiment1 Glyx160 #2 norm,,1.00882463289268,0.0138052296318102
Norm,Experiment1 Glyx160 #3 norm,,0.973936268224867,0.0179870901602485
Norm,Experiment1 Glyx160 #4 norm,,1.0064375143229,0.0175651834121882
Norm,Experiment1 Glyx160 #5 norm,,0.921289942865619,0.0305259464365417
Norm,Experiment1 Glyx160 #6 norm,,1.02437538683115,0.0201409976546831
Norm,Experiment1 Glyx160 #7 norm,,0.969622178593316,0.036534121806787
Norm,Experiment1 Glyx160 #8 norm,,0.967813634682625,0.0348302907617843
Norm,Experiment1 GLY276 #1 norm,,1.0042136791002,0.0100895567535765
Norm,Experiment1 GLY276 #2 norm,,0.994275535362557,0.0288223353393261
Norm,Experiment1 GLY276 #3 norm,,0.923521234717876,0.0446647806636782
Norm,Experiment1 GLY276 #4 norm,,1.01854481816311,0.0604625476464009
Norm,Experiment1 GLY276 #5 norm,,0.973996559157361,0.123839692468653
Norm,Experiment1 GLY276 #6 norm,,0.817723541538527,0.0776275388507262
Norm,Experiment1 GLY276 #7 norm,,1.05802683781022,0.0656400353499518
Norm,Experiment1 GLY276 #8 norm,,0.986440297519337,0.0737437678533843
Norm,Experiment1 HPA262 #1 norm,,0.977928047029721,0.0106587831380324
Norm,Experiment1 HPA262 #2 norm,,0.938498123197829,0.0272262260104707
Norm,Experiment1 HPA262 #3 norm,,0.959680871950093,0.0127957097869815
Norm,Experiment1 HPA262 #4 norm,,0.907231015253128,0.0333767237472756
Norm,Experiment1 HPA262 #5 norm,,0.965834058856232,0.0238612058519549
Norm,Experiment1 HPA262 #6 norm,,0.968481435863631,0.0348701575399849
Norm,Experiment1 HPA262 #7 norm,,0.978493064588695,0.026159478112549
Norm,Experiment1 HPA262 #8 norm,,1.00973881142555,0.0234201310299162
Norm,Experiment1 GA307 #1 norm,,1.01805811903981,0.0122936824410551
Norm,Experiment1 GA307 #2 norm,,0.966232381650611,0.0302655972181096
Norm,Experiment1 GA307 #3 norm,,0.992029089577781,0.0305945900981018
Norm,Experiment1 GA307 #4 norm,,0.99371992904832,0.0199628399169586
Norm,Experiment1 GA307 #5 norm,,0.951445767407069,0.0532391006862089
Norm,Experiment1 GA307 #6 norm,,1.02886805490286,0.0417454326126568
Norm,Experiment1 GA307 #7 norm,,0.993272962294619,0.041558849839736
Norm,Experiment1 GA307 #8 norm,,0.985149069989493,0.0354945039936141
Norm,Experiment1 SER306 #1 norm,,0.965898947155661,0.0141225365045075
Norm,Experiment1 SER306 #2 norm,,1.01506120093339,0.0232889241841496
Norm,Experiment1 SER306 #3 norm,,0.932180359296015,0.046429103966112
Norm,Experiment1 SER306 #4 norm,,0.951098170972301,0.0491442092122334
Norm,Experiment1 SER306 #5 norm,,0.997776957767109,0.101128686453295
Norm,Experiment1 SER306 #6 norm,,0.996317451584914,0.0701054745225763
Norm,Experiment1 SER306 #7 norm,,1.01012221857191,0.0449232353416298
Norm,Experiment1 SER306 #8 norm,,0.967992432729401,0.0539616219008413
Norm,Experiment1 meTHF #1 norm,,0.997819916015708,0.00996357010762111
Norm,Experiment1 meTHF #2 norm,,1.00924063640533,0.00995286470540075
Norm,Experiment1 meTHF #3 norm,,1.01654743077906,0.0609753928585469
Norm,Experiment1 meTHF #4 norm,,1.0184325616497,0.0540739103864274
Norm,Experiment1 meTHF #5 norm,,0.952113194949242,0.0853450656782791
Norm,Experiment1 meTHF #6 norm,,0.992690768261824,0.10651007270166
Norm,Experiment1 meTHF #7 norm,,0.97865207348494,0.0649394137719741
Norm,Experiment1 meTHF #8 norm,,1.03385235961671,0.121018386232341
Norm,Experiment1 FmTHF #1 norm,,0.99882187034793,0.00996389535532885
Norm,Experiment1 FmTHF #2 norm,,1.02754086436752,0.0243988392795351
Norm,Experiment1 FmTHF #3 norm,,1.02345216870179,0.0349840425869298
Norm,Experiment1 FmTHF #4 norm,,1.00478278942514,0.0267700584086406
Norm,Experiment1 FmTHF #5 norm,,0.955931019163869,0.0577665605529191
Norm,Experiment1 FmTHF #6 norm,,0.999781002135525,0.0691452787708797
Norm,Experiment1 FmTHF #7 norm,,0.968508238716114,0.0544930543775139
Norm,Experiment1 FmTHF #8 norm,,1.07063311737688,0.0914569444962961
Norm,Experiment1 Met176 #1 norm,,0.969910584933612,0.0238709892701035
Norm,Experiment1 Met176 #2 norm,,0.885683255017386,0.0323301547241588
Norm,Experiment1 Met176 #3 norm,,0.956394580130122,0.0515281847457804
Norm,Experiment1 Met176 #4 norm,,0.951914813559917,0.0356618534418869
Norm,Experiment1 Met176 #5 norm,,1.01999294429608,0.0786080060492581
Norm,Experiment1 Met176 #6 norm,,1.0250760221795,0.122328658643259
Norm,Experiment1 Met176 #7 norm,,0.999874118987543,0.115041037142853
Norm,Experiment1 Met176 #8 norm,,1.00085823564935,0.128114884309895
Norm,Experiment1 SAM #1 norm,,0.989347809619203,0.0115154452173865
Norm,Experiment1 SAM #2 norm,,0.983040988188157,0.0120073671004024
Norm,Experiment1 SAM #3 norm,,1.01322340441763,0.0144542818836134
Norm,Experiment1 SAM #4 norm,,1.0175299052804,0.0229644886669595
Norm,Experiment1 SAM #5 norm,,0.983538162423396,0.0391982250173896
Norm,Experiment1 SAM #6 norm,,0.99538876344592,0.0583330868608767
Norm,Experiment1 SAM #7 norm,,0.998027947438869,0.0756721537759838
Norm,Experiment1 SAM #8 norm,,0.996578103530618,0.0901935515696377
Norm,Experiment1 CIT465 #1 norm,,0.973022277636567,0.0117209121458096
Norm,Experiment1 CIT465 #2 norm,,1.02367756095201,0.0137188038785869
Norm,Experiment1 CIT465 #3 norm,,1.03344992460973,0.0136671136351277
Norm,Experiment1 CIT465 #4 norm,,0.973619453503665,0.0162435825845072
Norm,Experiment1 CIT465 #5 norm,,0.988642304099034,0.0133959858647986
Norm,Experiment1 CIT465 #6 norm,,1.00743564253098,0.0130951222602432
Norm,Experiment1 CIT465 #7 norm,,0.960748632113245,0.011359976792
Norm,Experiment1 CIT465 #8 norm,,1.04635252733309,0.0199940796816613
Norm,Experiment1 MAL335 #1 norm,,0.996783516045601,0.0127365080742311
Norm,Experiment1 MAL335 #2 norm,,0.991226107056035,0.011143065522744
Norm,Experiment1 MAL335 #3 norm,,0.945343474194977,0.00995480859303283
Norm,Experiment1 MAL335 #4 norm,,0.999436906901323,0.0145578556608474
Norm,Experiment1 MAL335 #5 norm,,0.99325632644902,0.0142291646831156
Norm,Experiment1 MAL335 #6 norm,,0.990445310567066,0.0135431568045261
Norm,Experiment1 MAL335 #7 norm,,0.948864336896634,0.0205336046623519
Norm,Experiment1 MAL335 #8 norm,,1.0118522982343,0.0363563722935257
Norm,Experiment1 ASP334 #1 norm,,0.980600122019878,0.0236322332305377
Norm,Experiment1 ASP334 #2 norm,,0.982079829995658,0.0319754914681593
Norm,Experiment1 ASP334 #3 norm,,0.974804708157504,0.0203090171796762
Norm,Experiment1 ASP334 #4 norm,,0.990049656724371,0.0195233338374748
Norm,Experiment1 ASP334 #5 norm,,0.998566122992568,0.0300323712218178
Norm,Experiment1 ASP334 #6 norm,,0.970197795404803,0.0318768753591919
Norm,Experiment1 ASP334 #7 norm,,0.997117503791397,0.0305565653424655
Norm,Experiment1 ASP334 #8 norm,,0.919636249344975,0.0826630047389815
Norm,Experiment1 GLU348 #1 norm,,0.928365727163356,0.0199237822390936
Norm,Experiment1 GLU348 #2 norm,,0.981801486352666,0.0200036693019056
Norm,Experiment1 GLU348 #3 norm,,1.00811429682261,0.0128606033622263
Norm,Experiment1 GLU348 #4 norm,,0.908951855790762,0.0328235000028084
Norm,Experiment1 GLU348 #5 norm,,0.992671107848117,0.0233127884227743
Norm,Experiment1 GLU348 #6 norm,,0.968879268074504,0.0126145737336161
Norm,Experiment1 GLU348 #7 norm,,1.00477909201955,0.0139390227539637
Norm,Experiment1 GLU348 #8 norm,,0.989199059733291,0.0218663510137436
Norm,Experiment1 THR320 #1 norm,,1.01874623051044,0.0106150720600393
Norm,Experiment1 THR320 #2 norm,,0.96580681955451,0.0138585753608312
Norm,Experiment1 THR320 #3 norm,,1.03295370863155,0.0106745193762426
Norm,Experiment1 THR320 #4 norm,,0.958092466769153,0.0289023408418456
Norm,Experiment1 THR320 #5 norm,,0.985119082042218,0.020895286861311
Norm,Experiment1 THR320 #6 norm,,1.01520435042541,0.0118539824703373
Norm,Experiment1 THR320 #7 norm,,0.967126879469276,0.0142005434694575
Norm,Experiment1 THR320 #8 norm,,0.932324282508049,0.0250242287582754
Norm,Experiment1 ALA116 #1 norm,,1.01130308870392,0.0101202259977298
Norm,Experiment1 ALA116 #2 norm,,0.992237453119103,0.00992231149428902
Norm,Experiment1 ALA116 #3 norm,,0.977966463635557,0.0175571348530252
Norm,Experiment1 ALA116 #4 norm,,1.02591130708712,0.021070762791234
Norm,Experiment1 ALA116 #5 norm,,0.957952673074504,0.0984381363044627
Norm,Experiment1 ALA116 #6 norm,,0.973127097473761,0.0743590264428132
Norm,Experiment1 ALA116 #7 norm,,1.00716583240604,0.0678990750795656
Norm,Experiment1 ALA116 #8 norm,,1.00806637457706,0.119256303815804
Norm,Experiment1 PYR #1 norm,,0.998788480993011,0.0171600943100945
Norm,Experiment1 PYR #2 norm,,0.961859108059672,0.0460057729112478
Norm,Experiment1 PYR #3 norm,,0.918780465397544,0.10247749854736
Norm,Experiment1 PYR #4 norm,,1.01661240571966,0.0452232215278192
Norm,Experiment1 PYR #5 norm,,1.07487465640974,0.0584448669431807
Norm,Experiment1 PYR #6 norm,,1.01648472955747,0.0569320047416306
Norm,Experiment1 PYR #7 norm,,0.956988387193529,0.0990921740520779
Norm,Experiment1 PYR #8 norm,,0.989198247568568,0.0631906418324231
