type,id,eqn,val,std
Net flux,CO2.t,CO2.t -> CO2,47.4875047432399,1.09469738947377
Net flux,CO2_sink,dummy -> Sink,47.4875047432399,1.09469738947377
Net flux,RUBICSO_CO2,RUBP.p + CO2 -> 3PGA.p + 3PGA.p + dummy,58.416583066089,1.1928325873168
Net flux,GAPDH.p net,3PGA.p <-> TP.p,139.629356912969,2.67118048612069
Exch flux,GAPDH.p exch,3PGA.p <-> TP.p,287.788552213478,339.554486161708
Net flux,ALD,TP.p + E4P.p -> SBP,25.4962167293257,0.480245602446429
Net flux,SBP,SBP -> S7P.p,25.4962167293257,0.480245602446429
Net flux,FBA.p net,TP.p + TP.p <-> FBP.p,29.7153767117779,0.652255951678703
Exch flux,FBA.p exch,TP.p + TP.p <-> FBP.p,21041.210206461,2811.28716920222
Net flux,PFK.p net,FBP.p <-> F6P.p,29.7153767117811,0.652255951678703
Exch flux,PFK.p exch,FBP.p <-> F6P.p,9.99999230089088e-08,6.69939581626073e-13
Net flux,TK1 net,TP.p + EC2 <-> X5P.p,50.9924334586513,0.960491204892859
Exch flux,TK1 exch,TP.p + EC2 <-> X5P.p,1.0000000116861e-07,0
Net flux,TK2 net,S7P.p <-> R5P.p + EC2,25.4962167293256,0.480245602446429
Exch flux,TK2 exch,S7P.p <-> R5P.p + EC2,37.8738506848204,4940.46927105911
Net flux,TK3 net,F6P.p <-> E4P.p + EC2,25.4962167293252,0.480245602446429
Exch flux,TK3 exch,F6P.p <-> E4P.p + EC2,7981.02753067669,4096.00002815379
Net flux,PPE net,X5P.p <-> RU5P.p,50.9924334586512,0.960491204892859
Exch flux,PPE exch,X5P.p <-> RU5P.p,78.7886079070029,4096
Net flux,PPI net,R5P.p <-> RU5P.p,25.4962167293257,0.480245602446429
Exch flux,PPI exch,R5P.p <-> RU5P.p,237.434755804719,4096.00002815379
Net flux,PRK,RU5P.p -> RUBP.p,76.488650187977,1.44073680650064
Net flux,RUBISCO_O2,RUBP.p -> 3PGA.p + 2PG.p,18.072067121888,0.591953290860969
Net flux,GLYdil net,GLY.p <-> GLY.x + dummyGLY,0.00945110603540655,0.00104930741907096
Exch flux,GLYdil exch,GLY.p <-> GLY.x + dummyGLY,0.00134853283070413,5777.76644393287
Net flux,SERdil net,SER.p <-> SER.x + dummySER,2.09353628009467,4897.90215256771
Exch flux,SERdil exch,SER.p <-> SER.x + dummySER,0.98434003285444,4897.90173999469
Net flux,GK,GA.p -> 3PGA.p,5.11964178036858,0.509106232120632
Net flux,PGI.p net,F6P.p <-> G6P.p,4.21915998245708,0.341534067032162
Exch flux,PGI.p exch,F6P.p <-> G6P.p,4.23075836249797,5736.69693124165
Net flux,PGM.p,G6P.p -> ADPG.p,4.21915998245708,0.341534067032162
Net flux,Starch,ADPG.p -> Starch,4.21915998245706,0.341534067032162
Net flux,FBA.c net,TP.c + TP.c <-> FBP.c,1.85497665071672,0.205948463824294
Exch flux,FBA.c exch,TP.c + TP.c <-> FBP.c,105.773134701738,5078.49384129452
Net flux,PFK.c net,FBP.c <-> F6P.c,1.85497665071674,0.205948463824294
Exch flux,PFK.c exch,FBP.c <-> F6P.c,93.2296241016394,5179.86685602612
Net flux,PGI.c net,F6P.c <-> G6P.c,0.927488325358354,0.102974231912147
Exch flux,PGI.c exch,F6P.c <-> G6P.c,308.390050989346,4536.8391630904
Net flux,PGM.c net,G6P.c <-> UDPG.c,0.927488325352897,0.102974231912147
Exch flux,PGM.c exch,G6P.c <-> UDPG.c,48507.7291807679,4941.67136024557
Net flux,SPS,F6P.c + UDPG.c -> S6P,0.927488325358329,0.102974231912147
Net flux,PGAM.c net,3PGA.c <-> PEP.c,0.395518121466279,0.0439123308340756
Exch flux,PGAM.c exch,3PGA.c <-> PEP.c,2.49528786357786,4739.75595643986
Net flux,PK.c,PEP.c -> PYR.c,0.179533915139622,0.0199327217420168
Net flux,PDH,PYR.c + dummy -> ACA + CO2,0.149418369214987,0.0165891484389789
Net flux,CS,OAA + ACA -> CIT,0.149418369214983,0.0165891484389789
Net flux,ACO net,CIT <-> ICI,0.149418369215027,0.0165891484389789
Exch flux,ACO exch,CIT <-> ICI,1162.26725330637,4631.45604440555
Net flux,IDH,ICI + dummy -> AKG + CO2,0.149418369214999,0.0165891484389789
Net flux,MDH net,MAL <-> OAA,2.1316282072803e-14,0
Exch flux,MDH exch,MAL <-> OAA,0.162848573337186,0.108437938313897
Net flux,PPC,PEP.c + CO2 -> OAA + dummy,0.215984206325493,0.0239796091117625
Net flux,T_3PGA net,3PGA.p <-> 3PGA.c,0.39551812146626,0.0439123308340756
Exch flux,T_3PGA exch,3PGA.p <-> 3PGA.c,6.79638901495246,4838.74767228266
Net flux,T_DHAP net,TP.p <-> TP.c,3.70995330143347,0.411896927648588
Exch flux,T_DHAP exch,TP.p <-> TP.c,146.964686652761,4637.89101986033
Net flux,ALT,PYR.c -> ALA.c,0.0301155459243188,0.00334357323083156
Net flux,ASPT,OAA -> ASP,0.0665658371109454,0.00739046042376965
Net flux,GLUDH,AKG -> GLU,0.149418369214976,0.0165891484389789
Net flux,PCR net,GLU <-> PRO,-2.48689957516035e-14,0
Exch flux,PCR exch,GLU <-> PRO,0.0383351358554371,4876.65593139673
Net flux,GS net,GLU <-> GLN,0,0
Exch flux,GS exch,GLU <-> GLN,0.0371984810519237,4859.42043109966
Net flux,TS net,ASP <-> THR,0,0
Exch flux,TS exch,ASP <-> THR,0.0102123296513597,2727.97911804024
Net flux,AS net,ASP <-> ASN,1.06581410364015e-14,0
Exch flux,AS exch,ASP <-> ASN,0.00694503163110127,2727.97716335339
Net flux,G_3PGA.p,0*3PGA.p -> 3PGA,2.46866294872916e-06,7090.33838102118
Net flux,G_3PGA.c,0*3PGA.c -> 3PGA,92.9119081389673,4890.25114279849
Net flux,G_DHAP.p,0*TP.p -> TP,40.685379842242,6973.75823949599
Net flux,G_DHAP.c,0*TP.c -> TP,51.8471856996947,4695.93376584814
Net flux,G_F6P.p,0*F6P.p -> F6P,48.6686345030749,6854.06018023541
Net flux,G_F6P.c,0*F6P.c -> F6P,36.546576817712,4863.10245915578
Net flux,G_FBP.p,0*FBP.p -> FBP,2.46866127895373e-06,6695.13714297638
Net flux,G_FBP.c,0*FBP.c -> FBP,83.4512310489803,4547.80356924342
Net flux,G_G6P.p,0*G6P.p -> G6P,19.0549768397257,6803.18714825646
Net flux,G_G6P.c,0*G6P.c -> G6P,58.8549499993083,4834.09398069898
Net flux,G_RU5P.p,0*RU5P.p -> P5P,2.46865369035731e-06,7082.34643320584
Net flux,G_X5P.p,0*X5P.p -> P5P,92.8477691499752,5078.60382451957
Net flux,G_R5P.p,0*R5P.p -> R5P,82.2810779884949,4821.049091398
Net flux,G_GA.p,0*GA.p -> GA,39.0057190638495,1.66494715430718
Net flux,G_SER.p,0*SER.p -> SER,95.0005806858645,4986.44747541066
Net flux,G_GLY.p,0*GLY.p -> GLY,1.0000000116861e-07,6.62099281407891e-13
Net flux,G_RUBP.p,0*RUBP.p -> RUBP,92.5302752673063,4956.08003280492
Net flux,G_S7P.p,0*S7P.p -> S7P,98.4567310636212,5179.90363686743
Net flux,G_2PG.p,0*2PG.p -> 2PG,87.0427532706349,4862.29084005929
Net flux,G_ADPG.p,0*ADPG.p -> ADPG,95.0805622183377,4979.79853931645
Net flux,G_PEP.c,0*PEP.c -> PEP,89.2305410445615,4930.95984268786
Net flux,G_UDPG.c,0*UDPG.c -> UDPG,72.4268033045549,5048.59523721124
Net flux,G_ALA.c,0*ALA.c -> ALA,79.9109288205234,7.65659107965966
Net flux,(1-G)_GA,0*GA.x -> GA,60.9942809361526,1.66494715430718
Net flux,(1-G)_SER,0*SER.x -> SER,4.99941890146882,2.68162888932215
Net flux,(1-G)_GLY,0*GLY.x -> GLY,33.3367523594968,3.04234392731464
Net flux,(1-G)_R5P,0*R5P.x -> R5P,17.718922011502,4821.049091398
Net flux,(1-G)_RUBP,0*RUBP.x -> RUBP,7.46972473269241,4956.08003280492
Net flux,(1-G)_3PGA,0*3PGA.x -> 3PGA,7.08808939237001,5031.80825291081
Net flux,(1-G)_TP,0*TP.x -> TP,7.46743445806383,4956.16199367352
Net flux,(1-G)_F6P,0*F6P.x -> F6P,14.7847886792169,4830.75000109905
Net flux,(1-G)_FBP,0*FBP.x -> FBP,16.5487664823531,4834.38330008676
Net flux,(1-G)_G6P,0*G6P.x -> G6P,22.0900731609643,4816.20423050579
Net flux,(1-G)_RU5P,0*RU5P.x -> P5P,7.15222838137256,5120.06566896202
Net flux,(1-G)_S7P,0*S7P.x -> S7P,1.54326893637677,5179.90363686743
Net flux,(1-G)_2PG,0*2PG.x -> 2PG,12.9572467293675,4862.29084005929
Net flux,(1-G)_ADPG,0*ADPG.x -> ADPG,4.91943778166132,4979.79853931645
Net flux,(1-G)_PEP,0*PEP.x -> PEP,10.7694589554367,4930.95984268786
Net flux,(1-G)_UDPG,0*UDPG.x -> UDPG,27.5731966954463,5048.59523721124
Net flux,(1-G)_ALA,0*ALA.x -> ALA,20.0890711794764,7.65659107965966
Net flux,PGASink,3PGA -> Sink,100,0
Net flux,DHAPSink,TP -> Sink,100.000000000001,0
Net flux,F6PSink,F6P -> Sink,100.000000000004,0
Net flux,FBPSink,FBP -> Sink,99.9999999999947,0
Net flux,G6PSink,G6P -> Sink,99.9999999999983,0
Net flux,P5PSink,P5P -> Sink,100.000000000001,0
Net flux,R5PSink,R5P -> Sink,99.9999999999968,0
Net flux,GASink,GA -> Sink,100.000000000002,0
Net flux,SERSink,SER -> Sink,99.9999999999996,0
Net flux,GLYSink,GLY -> Sink,100.000000000001,0
Net flux,RUBPSink,RUBP -> Sink,99.9999999999987,0
Net flux,S7PSink,S7P -> Sink,99.9999999999979,0
Net flux,2PGSink,2PG -> Sink,100.000000000002,0
Net flux,ADPGSink,ADPG -> Sink,99.999999999999,0
Net flux,PEPSink,PEP -> Sink,99.9999999999983,0
Net flux,UDPGSink,UDPG -> Sink,100.000000000001,0
Net flux,ALASink,ALA -> Sink,99.9999999999998,0
Net flux,S6Pout-LL,S6P + 0.1611*GLU + 0.07177*ASP + 0.03247*ALA.c + 0.01019*dummyGLY + 0.03484*dummySER -> Sink,0.927488325358365,0.102974231912147
Net flux,PGP.p,2PG.p -> Glyc.p,18.072067121888,0.591953290860969
Net flux,GOX,Glyc.p -> Glyx.p,18.072067121888,0.591953290860969
Net flux,GGT,Glyx.p -> GLY.p,18.072067121888,0.591953290860969
Net flux,SGAT,SER.p -> HPA.p,5.11964178036857,0.509106232120632
Net flux,HPR.p,HPA.p -> GA.p,5.11964178036856,0.509106232120632
Net flux,T_GLY-m net,GLY.p <-> GLY.m,15.2001826755441,4936.89399054751
Exch flux,T_GLY-m exch,GLY.p <-> GLY.m,86058.8447576395,4908.30602536649
Net flux,GDC.m,GLY.m + dummy -> myTHF.m + CO2,10.846225790745,0.513983000524958
Net flux,T_SER-m net,SER.p <-> SER.m,-10.846225790745,0.513983000524958
Exch flux,T_SER-m exch,SER.p <-> SER.m,9.99999980599853e-08,4.6158642291943e-14
Net flux,mSHMT,GLY.m + myTHF.m -> SER.m,10.846225790745,0.513983000524958
Net flux,T_SER-c net,SER.p <-> SER.c,3.63304773028174,4897.90225953865
Exch flux,T_SER-c exch,SER.p <-> SER.c,0.00407148398072366,4897.90173513269
Net flux,T_Gly-c net,GLY.p <-> GLY.c,2.86243334028977,4936.89394048699
Exch flux,T_Gly-c exch,GLY.p <-> GLY.c,0.00160970369036484,4936.89367889833
Net flux,cSHMT,SER.c -> GLY.c + meTHF.c,3.62983754646935,0.918034828199127
Net flux,FmTHF-reductase net,meTHF.c <-> FmTHF.c,3.62983754646935,0.918034828199127
Exch flux,FmTHF-reductase exch,meTHF.c <-> FmTHF.c,5.26014276442123,4783.64151689907
Net flux,Met-synthase,FmTHF.c + Hcy.c -> Met.c,3.62983754646933,0.918034828199127
Net flux,SAM-synthase,Met.c -> SAM.c,3.62983754646934,0.918034828199127
Net flux,Methylation,SAM.c -> SAH.c + Acceptor.c,3.62983754646933,0.918034828199127
Net flux,hydrolysis,SAH.c -> Hcy.c,3.62983754646932,0.918034828199127
Net flux,G_SER.m,0*SER.m -> SER,1.0000000116861e-07,0
Net flux,G_SER.c,0*SER.c -> SER,3.12666287527463e-07,4986.44675558526
Net flux,G_Gly.m,0*GLY.m -> GLY,1.0000000116861e-07,0
Net flux,G_Gly.c,0*GLY.c -> GLY,66.6632474405044,3.04234392731464
Net flux,T_GLY-c-m,GLY.c -> GLY.m,6.49226890592719,4936.89418434003
Net flux,G_Glyc,0*Glyc.p -> Glyc,22.0695465029576,1.18661515864254
Net flux,G_Glyx,0*Glyx.p -> Glyx,16.116070557961,2.11169058811529
Net flux,G_HPA,0*HPA.p -> HPA,8.54315967538367,1.2710137549897
Net flux,(1-G)_Glyc,0*Glyc.x -> Glyc,77.930453497043,1.18661515864254
Net flux,(1-G)_Glyx,0*Glyx.x -> Glyx,83.8839294420399,2.11169058811529
Net flux,(1-G)_HPA,0*HPA.x -> HPA,91.4568403246162,1.2710137549897
Net flux,GlycSink,Glyc -> Sink,100.000000000001,0
Net flux,GlyxSink,Glyx -> Sink,100.000000000001,0
Net flux,HPASink,HPA -> Sink,99.9999999999998,0
Net flux,SERex,dummySER -> outSER,2.06121961331141,4897.90215256121
Net flux,G_PYR,0*PYR.c -> PYR,33.1926169756491,1.97073999991613
Net flux,(1-G)_PYR,0*PYR.x -> PYR,66.8073830243511,1.97073999991613
Net flux,PYRSink,PYR -> Sink,100,0
Net flux,G_meTHF,0*meTHF.c -> meTHF,91.4578017587805,4.15743079595412
Net flux,G_FmTHF,0*FmTHF.c -> FmTHF,77.0174200269082,2.89530754392538
Net flux,G_Met,0*Met.c -> Met,66.1080805254545,3.99322228792797
Net flux,G_SAM,0*SAM.c -> SAM,66.7294431791062,4.049552498903
Net flux,(1-G)_meTHF,0*meTHF.x -> meTHF,8.5421982412195,4.15743079595412
Net flux,(1-G)_FmTHF,0*FmTHF.x -> FmTHF,22.9825799730919,2.89530754392538
Net flux,(1-G)_Met,0*Met.x -> Met,33.8919194745456,3.99322228792797
Net flux,(1-G)_SAM,0*SAM.x -> SAM,33.2705568208938,4.049552498903
Net flux,meTHFSink,meTHF -> Sink,99.9999999999999,0
Net flux,FmTHFSink,FmTHF -> Sink,100,0
Net flux,MetSink,Met -> Sink,100,0
Net flux,SAMsink,SAM -> Sink,100,0
Net flux,Met-protein,Met.c -> Protein,6.51983996113883e-15,0
Net flux,GLY-protein,GLY.c -> Protein,1.98083196067955e-06,8.09977019317593e-14
Net flux,SER-protein,SER.c -> Protein,0.00321018381239568,4897.90218349215
Pool,2PG pool,,0,0
Pool,2PG.p pool,,3.76168859163073e-06,5035.47725049455
Pool,2PG.x pool,,1,Inf
Pool,3PGA pool,,0,0
Pool,3PGA.c pool,,1.70166026508762e-05,4700.55083625697
Pool,3PGA.p pool,,4.07956024861861e-06,4882.82857994727
Pool,3PGA.x pool,,1,Inf
Pool,ACA pool,,2.50419751593689e-06,4963.7183767836
Pool,ADPG pool,,0,0
Pool,ADPG.p pool,,9.9999999999999e-08,Inf
Pool,ADPG.x pool,,1,Inf
Pool,AKG pool,,2.62184493322915e-06,4966.0098869985
Pool,ALA pool,,0,0
Pool,ALA.c pool,,0.0086442026996741,0.00221352728420701
Pool,ALA.x pool,,1,Inf
Pool,ASN pool,,7564.93717552421,4922.76158544762
Pool,ASP pool,,7.82135153013115e-07,4771.25082952658
Pool,Acceptor.c pool,,1,Inf
Pool,CIT pool,,2.3400777627136,0.639510719810803
Pool,CO2 pool,,0.00106024404980858,4861.28188121858
Pool,CO2.t pool,,1,Inf
Pool,E4P.p pool,,0,0
Pool,EC2 pool,,0,0
Pool,F6P pool,,0,0
Pool,F6P.c pool,,3.83254358607946e-06,5076.46386084585
Pool,F6P.p pool,,4.07157301837208e-06,4996.41847139024
Pool,F6P.x pool,,1,Inf
Pool,FBP pool,,0,0
Pool,FBP.c pool,,3.83411000092039e-06,5073.38980769677
Pool,FBP.p pool,,3.9071958493745e-06,4897.21533182133
Pool,FBP.x pool,,1,Inf
Pool,FmTHF pool,,1.00000251065938e-07,4691.5671922854
Pool,FmTHF.c pool,,2.18348718454076e-06,5004.89995705769
Pool,FmTHF.x pool,,1,Inf
Pool,G6P pool,,0,0
Pool,G6P.c pool,,9.8923049362142e-06,4862.48093435049
Pool,G6P.p pool,,3.91235446494565e-06,4926.4672888039
Pool,G6P.x pool,,1,Inf
Pool,GA pool,,0,0
Pool,GA.p pool,,3.84559286437518e-06,5008.50490331381
Pool,GA.x pool,,1,Inf
Pool,GLN pool,,8.64067965031211,5026.73764537093
Pool,GLU pool,,2.6497295679621e-06,5038.17826854554
Pool,GLY pool,,0,0
Pool,GLY.c pool,,0.0468368530101178,0.0438408586225352
Pool,GLY.m pool,,0.138495473329009,0.088413435747034
Pool,GLY.p pool,,0.000425466062175823,4664.04071974331
Pool,GLY.x pool,,1,Inf
Pool,Glyc pool,,5.86824339279484,1.45864118967738
Pool,Glyc.p pool,,2.08461781059975e-05,4884.22844185215
Pool,Glyc.x pool,,1,Inf
Pool,Glyx pool,,19.7484367004536,6.34589652787286
Pool,Glyx.p pool,,3.27615297601472e-05,4742.30112006339
Pool,Glyx.x pool,,1,Inf
Pool,HPA pool,,0.000164379710189509,4822.66113048764
Pool,HPA.p pool,,2.85340799039193e-06,4848.35760356037
Pool,HPA.x pool,,1,Inf
Pool,Hcy.c pool,,1,Inf
Pool,ICI pool,,0.00378509160054593,4844.90093531738
Pool,MAL pool,,0.426005341874325,0.226158751940635
Pool,Met pool,,0.000268645732007456,4731.09251712436
Pool,Met.c pool,,1.93090776181229e-06,4975.94853893979
Pool,Met.x pool,,1,Inf
Pool,OAA pool,,0.135438166233159,0.0288430566573632
Pool,P5P pool,,0,0
Pool,PEP pool,,0,0
Pool,PEP.c pool,,5.86409643480715e-06,4841.85425207647
Pool,PEP.x pool,,1,Inf
Pool,PRO pool,,5.19265927011782,5003.09731659439
Pool,PYR pool,,1e-07,4695.6266700275
Pool,PYR.c pool,,0.00953186113452131,0.00234563097073645
Pool,PYR.x pool,,1,Inf
Pool,Protein pool,,1,Inf
Pool,R5P pool,,0,0
Pool,R5P.p pool,,4.41773808652387e-05,5046.64596819728
Pool,R5P.x pool,,1,Inf
Pool,RU5P.p pool,,3.91762447940171e-06,4623.29310721347
Pool,RU5P.x pool,,1,Inf
Pool,RUBP pool,,0,0
Pool,RUBP.p pool,,3.92705604593405e-06,5105.66767689099
Pool,RUBP.x pool,,1,Inf
Pool,S6P pool,,1,Inf
Pool,S7P pool,,0,0
Pool,S7P.p pool,,4.1696730548403e-06,4921.39996039804
Pool,S7P.x pool,,1,Inf
Pool,SAH.c pool,,1,Inf
Pool,SAM pool,,5.20024562844166,1.51789805008366
Pool,SAM.c pool,,2.63580580582182e-06,4902.73311565242
Pool,SAM.x pool,,1,Inf
Pool,SBP pool,,0,0
Pool,SER pool,,0,0
Pool,SER.c pool,,1.00002488762635e-07,5194.3648375419
Pool,SER.m pool,,1.19698345249494,0.0871048236986925
Pool,SER.p pool,,0.0001925379560808,4940.28024679999
Pool,SER.x pool,,1,Inf
Pool,Sink pool,,1,Inf
Pool,Starch pool,,1,Inf
Pool,THR pool,,3663.09786605751,4745.03359178987
Pool,TP pool,,0,0
Pool,TP.c pool,,4.18977448635554e-06,5113.74452545761
Pool,TP.p pool,,4.24577152666478e-06,4845.38970955816
Pool,TP.x pool,,1,Inf
Pool,UDPG pool,,0,0
Pool,UDPG.c pool,,0.0488406950217905,0.0422020209744305
Pool,UDPG.x pool,,1,Inf
Pool,X5P.p pool,,4.03247266025396e-06,4804.91251440954
Pool,dummy pool,,1,Inf
Pool,dummyGLY pool,,1,Inf
Pool,dummySER pool,,1,Inf
Pool,meTHF pool,,1.74076817559047,1.00637316807141
Pool,meTHF.c pool,,2.21774807248888e-06,4921.35697417353
Pool,meTHF.x pool,,1,Inf
Pool,myTHF.m pool,,1.00000000002876e-07,0
Pool,outSER pool,,1,Inf
Norm,Experiment1 Glyc205 #1 norm,,0.988992876149207,0.0126163826078188
Norm,Experiment1 Glyc205 #2 norm,,0.994486798604023,0.0232419513153052
Norm,Experiment1 Glyc205 #3 norm,,0.982663151283928,0.0205766924357373
Norm,Experiment1 Glyc205 #4 norm,,1.00477897237013,0.0329055412006146
Norm,Experiment1 Glyc205 #5 norm,,1.00578553784797,0.0338638751515648
Norm,Experiment1 Glyc205 #6 norm,,1.01629495179224,0.025848886695567
Norm,Experiment1 Glyc205 #7 norm,,0.994371717500759,0.0337653774892704
Norm,Experiment1 Glyc205 #8 norm,,0.972248425382966,0.0297515050700126
Norm,Experiment1 Glyx160 #1 norm,,1.01270246279387,0.0112693043368722
Norm,Experiment1 Glyx160 #2 norm,,0.983907217598325,0.0132338701716729
Norm,Experiment1 Glyx160 #3 norm,,0.954771105837409,0.0170707118158748
Norm,Experiment1 Glyx160 #4 norm,,1.00920557995977,0.0149028837542496
Norm,Experiment1 Glyx160 #5 norm,,0.959863454455401,0.0337042113957998
Norm,Experiment1 Glyx160 #6 norm,,1.00705833800881,0.0200086362728211
Norm,Experiment1 Glyx160 #7 norm,,0.972226228252035,0.0394125425564393
Norm,Experiment1 Glyx160 #8 norm,,1.00691380940201,0.0391820529510934
Norm,Experiment1 GLY276 #1 norm,,1.01974559918259,0.01043739604862
Norm,Experiment1 GLY276 #2 norm,,1.00193507712465,0.0269890236163393
Norm,Experiment1 GLY276 #3 norm,,0.974923199326409,0.0408379833865047
Norm,Experiment1 GLY276 #4 norm,,1.01420906097866,0.0575191434507345
Norm,Experiment1 GLY276 #5 norm,,0.984184072482593,0.118713060859211
Norm,Experiment1 GLY276 #6 norm,,0.918317334147786,0.0985522168082787
Norm,Experiment1 GLY276 #7 norm,,1.03993684573039,0.0704725494131441
Norm,Experiment1 GLY276 #8 norm,,0.983487274215237,0.0620905518164818
Norm,Experiment1 HPA262 #1 norm,,0.988639599118115,0.0109645389399914
Norm,Experiment1 HPA262 #2 norm,,0.939677095913896,0.0278613469032201
Norm,Experiment1 HPA262 #3 norm,,0.934606858737648,0.0127678525097035
Norm,Experiment1 HPA262 #4 norm,,1.04189026867827,0.0377863095075254
Norm,Experiment1 HPA262 #5 norm,,0.962409144771259,0.0241510109265163
Norm,Experiment1 HPA262 #6 norm,,0.943588648601746,0.0331956050957272
Norm,Experiment1 HPA262 #7 norm,,0.984538716082938,0.0249570629569055
Norm,Experiment1 HPA262 #8 norm,,1.02018283624159,0.0237835285591103
Norm,Experiment1 GA307 #1 norm,,0.957131395549586,0.0118332612942291
Norm,Experiment1 GA307 #2 norm,,0.98387709854731,0.0301473015586543
Norm,Experiment1 GA307 #3 norm,,0.947243603307125,0.0304037503843171
Norm,Experiment1 GA307 #4 norm,,1.00192662545206,0.0199178960374543
Norm,Experiment1 GA307 #5 norm,,0.994164330311852,0.0540978304583719
Norm,Experiment1 GA307 #6 norm,,1.03871826836911,0.0415646728767499
Norm,Experiment1 GA307 #7 norm,,0.961153797280711,0.0429916397858044
Norm,Experiment1 GA307 #8 norm,,0.992472067388648,0.0385698300380497
Norm,Experiment1 SER306 #1 norm,,0.979948367505807,0.0136666780287259
Norm,Experiment1 SER306 #2 norm,,0.993710193273147,0.0168381391608566
Norm,Experiment1 SER306 #3 norm,,0.963517929747133,0.0427448696105664
Norm,Experiment1 SER306 #4 norm,,1.02175742731701,0.0438994040429267
Norm,Experiment1 SER306 #5 norm,,1.03242039572218,0.0991226321593853
Norm,Experiment1 SER306 #6 norm,,0.980437484751231,0.0678356644182691
Norm,Experiment1 SER306 #7 norm,,1.01073228558478,0.0467089698100029
Norm,Experiment1 SER306 #8 norm,,0.978220284382654,0.0489387455130859
Norm,Experiment1 meTHF #1 norm,,0.997610887028655,0.00994290547452472
Norm,Experiment1 meTHF #2 norm,,1.01323718385913,0.0101128957823145
Norm,Experiment1 meTHF #3 norm,,0.960939958719471,0.0621618074344501
Norm,Experiment1 meTHF #4 norm,,1.00513170550045,0.0521349478069127
Norm,Experiment1 meTHF #5 norm,,0.997168361117768,0.0929196273406456
Norm,Experiment1 meTHF #6 norm,,1.052412081664,0.157264834831517
Norm,Experiment1 meTHF #7 norm,,0.973685000539614,0.0585846035961487
Norm,Experiment1 meTHF #8 norm,,1.00777242227195,0.104750318306908
Norm,Experiment1 FmTHF #1 norm,,1.00645423116606,0.00991898590619048
Norm,Experiment1 FmTHF #2 norm,,1.00765127548957,0.0254468448043394
Norm,Experiment1 FmTHF #3 norm,,1.03866689335339,0.0338648261219495
Norm,Experiment1 FmTHF #4 norm,,1.01527467038295,0.023887614117417
Norm,Experiment1 FmTHF #5 norm,,0.970311503184494,0.0564244998092554
Norm,Experiment1 FmTHF #6 norm,,1.00144690692851,0.0578309002377533
Norm,Experiment1 FmTHF #7 norm,,0.999218535003941,0.05574856449335
Norm,Experiment1 FmTHF #8 norm,,1.03943532517024,0.081871783061164
Norm,Experiment1 Met176 #1 norm,,0.965393522512214,0.0240010371157927
Norm,Experiment1 Met176 #2 norm,,0.930510563193985,0.0341633968814981
Norm,Experiment1 Met176 #3 norm,,0.882184120312712,0.0532454928596225
Norm,Experiment1 Met176 #4 norm,,0.964165187440089,0.0377885102118421
Norm,Experiment1 Met176 #5 norm,,1.00518044226857,0.0859673919908517
Norm,Experiment1 Met176 #6 norm,,0.978845341528846,0.147603336284602
Norm,Experiment1 Met176 #7 norm,,1.01208591225688,0.106436021902561
Norm,Experiment1 Met176 #8 norm,,0.961273958717069,0.0951961382601374
Norm,Experiment1 SAM #1 norm,,0.99378371715893,0.0117592851547257
Norm,Experiment1 SAM #2 norm,,0.974752074368267,0.0114771186544766
Norm,Experiment1 SAM #3 norm,,1.00806176689559,0.0145075325085603
Norm,Experiment1 SAM #4 norm,,1.00590817912689,0.0220695166456363
Norm,Experiment1 SAM #5 norm,,0.98211084362908,0.0399420774564031
Norm,Experiment1 SAM #6 norm,,1.01218319352851,0.0611343676296374
Norm,Experiment1 SAM #7 norm,,1.00135884048607,0.0912137134156656
Norm,Experiment1 SAM #8 norm,,1.00090624536308,0.0877435998283945
Norm,Experiment1 CIT465 #1 norm,,1.00318246113317,0.0122125448623305
Norm,Experiment1 CIT465 #2 norm,,0.920359804060706,0.0124362198020743
Norm,Experiment1 CIT465 #3 norm,,0.980184971248213,0.0112471920374987
Norm,Experiment1 CIT465 #4 norm,,0.96431560331046,0.0165896771930214
Norm,Experiment1 CIT465 #5 norm,,0.968499962441812,0.0131166434035279
Norm,Experiment1 CIT465 #6 norm,,1.01458738271688,0.0133368901412168
Norm,Experiment1 CIT465 #7 norm,,1.00701243054546,0.0135777248646166
Norm,Experiment1 CIT465 #8 norm,,1.00714493191049,0.0193363382518085
Norm,Experiment1 MAL335 #1 norm,,0.962129404866726,0.0125665029342836
Norm,Experiment1 MAL335 #2 norm,,0.979336021482841,0.0107961806332276
Norm,Experiment1 MAL335 #3 norm,,0.979909036195374,0.01018966399099
Norm,Experiment1 MAL335 #4 norm,,0.976730673920118,0.014601242682314
Norm,Experiment1 MAL335 #5 norm,,0.981331435710789,0.014170889874399
Norm,Experiment1 MAL335 #6 norm,,0.987091973050674,0.0133367631368728
Norm,Experiment1 MAL335 #7 norm,,0.934870995974289,0.0201027857921233
Norm,Experiment1 MAL335 #8 norm,,1.00220820566705,0.0368357751044515
Norm,Experiment1 ASP334 #1 norm,,0.971994502844551,0.0215232429467382
Norm,Experiment1 ASP334 #2 norm,,0.951592019575091,0.0299920137421888
Norm,Experiment1 ASP334 #3 norm,,0.936661398700633,0.0197446689220321
Norm,Experiment1 ASP334 #4 norm,,1.00813384573707,0.0195334952446908
Norm,Experiment1 ASP334 #5 norm,,1.03437771436515,0.0297428340406497
Norm,Experiment1 ASP334 #6 norm,,0.953108253450039,0.0321106491424389
Norm,Experiment1 ASP334 #7 norm,,0.983975712355776,0.0299789949036272
Norm,Experiment1 ASP334 #8 norm,,0.981040124866355,0.0791966737543185
Norm,Experiment1 GLU348 #1 norm,,1.01342799062917,0.0216794987401785
Norm,Experiment1 GLU348 #2 norm,,0.945412531661149,0.0218108424846671
Norm,Experiment1 GLU348 #3 norm,,0.977368272557445,0.0110492806698682
Norm,Experiment1 GLU348 #4 norm,,0.951180458450952,0.0351858327787007
Norm,Experiment1 GLU348 #5 norm,,0.983904025377488,0.022432814151085
Norm,Experiment1 GLU348 #6 norm,,1.0064430964446,0.0127406842379123
Norm,Experiment1 GLU348 #7 norm,,0.999571146155858,0.0146047548043993
Norm,Experiment1 GLU348 #8 norm,,0.956870357838455,0.0187243775405324
Norm,Experiment1 THR320 #1 norm,,0.974428692430676,0.0102747809222097
Norm,Experiment1 THR320 #2 norm,,0.980058774630176,0.0140433237168867
Norm,Experiment1 THR320 #3 norm,,0.989712997793595,0.0102865536891365
Norm,Experiment1 THR320 #4 norm,,0.97722950028593,0.0281713820567124
Norm,Experiment1 THR320 #5 norm,,1.00256986511559,0.0210339226008039
Norm,Experiment1 THR320 #6 norm,,0.982530010679975,0.01125450178821
Norm,Experiment1 THR320 #7 norm,,0.96063807656888,0.0133489837051919
Norm,Experiment1 THR320 #8 norm,,0.939297401341715,0.0261564551822775
Norm,Experiment1 ALA116 #1 norm,,0.991385850790519,0.00982274243456096
Norm,Experiment1 ALA116 #2 norm,,0.990672665171862,0.0101366689651404
Norm,Experiment1 ALA116 #3 norm,,1.00718471208812,0.0182261389930777
Norm,Experiment1 ALA116 #4 norm,,1.03056750297334,0.0211279128476903
Norm,Experiment1 ALA116 #5 norm,,0.983522006468597,0.0942310389568528
Norm,Experiment1 ALA116 #6 norm,,0.976255100992759,0.0859447072455402
Norm,Experiment1 ALA116 #7 norm,,1.00436214131402,0.0577238960284681
Norm,Experiment1 ALA116 #8 norm,,1.00173138419607,0.13786707416455
Norm,Experiment1 PYR #1 norm,,0.990698035413907,0.0169346112598059
Norm,Experiment1 PYR #2 norm,,1.03788243298686,0.0519848605465843
Norm,Experiment1 PYR #3 norm,,0.975853415490953,0.111015785347939
Norm,Experiment1 PYR #4 norm,,1.05549876616363,0.0457491463879747
Norm,Experiment1 PYR #5 norm,,1.03415646915057,0.0490350681896904
Norm,Experiment1 PYR #6 norm,,1.0422244180045,0.0558527962349552
Norm,Experiment1 PYR #7 norm,,0.94838710274074,0.126048550048053
Norm,Experiment1 PYR #8 norm,,0.976288926433309,0.0562818702510588
